timestamp,controller,theta,irrigation_mm,runoff_mm,drainage_mm,mass_balance_error_mm,decision_latency_ms,reward,seed
2025-01-01 00:00:00,DDPG,0.26980166666666666,0.0,0.0,0.0,0.0,0.0,2.0,110
2025-01-01 01:00:00,DDPG,0.26960333333333336,0.0,0.0,0.0,0.0,0.0,2.0,110
2025-01-01 02:00:00,DDPG,0.269405,0.0,0.0,0.0,0.0,0.0,2.0,110
2025-01-01 03:00:00,DDPG,0.26920666666666665,0.0,0.0,0.0,0.0,0.0,2.0,110
2025-01-01 04:00:00,DDPG,0.26903666666666665,0.0,0.0,0.0,0.0,0.0,2.0,110
2025-01-01 05:00:00,DDPG,0.26883833333333335,0.0,0.0,0.0,0.0,0.0,2.0,110
2025-01-01 06:00:00,DDPG,0.268945,0.0,0.0,0.0,0.0,0.0,2.0,110
2025-01-01 07:00:00,DDPG,0.26905166666666663,0.0,0.0,0.0,0.0,0.0,2.0,110
2025-01-01 08:00:00,DDPG,0.26859833333333333,0.0,0.0,0.0,0.0,0.0,2.0,110
2025-01-01 09:00:00,DDPG,0.2678333333333333,0.0,0.0,0.0,0.0,0.0,2.0,110
2025-01-01 10:00:00,DDPG,0.2668983333333333,0.0,0.0,0.0,0.0,0.0,2.0,110
2025-01-01 11:00:00,DDPG,0.2658216666666667,0.0,0.0,0.0,0.0,0.0,2.0,110
2025-01-01 12:00:00,DDPG,0.2646883333333333,0.0,0.0,0.0,0.0,0.0,2.0,110
2025-01-01 13:00:00,DDPG,0.2636116666666667,0.0,0.0,0.0,0.0,0.0,2.0,110
2025-01-01 14:00:00,DDPG,0.2626483333333333,0.0,0.0,0.0,0.0,0.0,2.0,110
2025-01-01 15:00:00,DDPG,0.26191166666666665,0.0,0.0,0.0,0.0,0.0,2.0,110
2025-01-01 16:00:00,DDPG,0.26128833333333334,0.0,0.0,0.0,0.0,0.0,2.0,110
2025-01-01 17:00:00,DDPG,0.26092,0.0,0.0,0.0,0.0,0.0,2.0,110
2025-01-01 18:00:00,DDPG,0.260665,0.0,0.0,0.0,0.0,0.0,2.0,110
2025-01-01 19:00:00,DDPG,0.2604383333333333,0.0,0.0,0.0,0.0,0.0,2.0,110
2025-01-01 20:00:00,DDPG,0.2602683333333333,0.0,0.0,0.0,0.0,0.0,2.0,110
2025-01-01 21:00:00,DDPG,0.26007,0.0,0.0,0.0,0.0,0.0,2.0,110
2025-01-01 22:00:00,DDPG,0.25984333333333337,0.0,0.0,0.0,0.0,0.0,2.0,110
2025-01-01 23:00:00,DDPG,0.25961666666666666,0.0,0.0,0.0,0.0,0.0,2.0,110
2025-01-02 00:00:00,DDPG,0.25944666666666666,0.0,0.0,0.0,0.0,0.0,2.0,110
2025-01-02 01:00:00,DDPG,0.25927666666666666,0.0,0.0,0.0,0.0,0.0,2.0,110
2025-01-02 02:00:00,DDPG,0.25907833333333335,0.0,0.0,0.0,0.0,0.0,2.0,110
2025-01-02 03:00:00,DDPG,0.25888,0.0,0.0,0.0,0.0,0.0,2.0,110
2025-01-02 04:00:00,DDPG,0.2586816666666667,0.0,0.0,0.0,0.0,0.0,2.0,110
2025-01-02 05:00:00,DDPG,0.25851166666666664,0.0,0.0,0.0,0.0,0.0,2.0,110
2025-01-02 06:00:00,DDPG,0.25834166666666664,0.0,0.0,0.0,0.0,0.0,2.0,110
2025-01-02 07:00:00,DDPG,0.258115,0.0,0.0,0.0,0.0,0.0,2.0,110
2025-01-02 08:00:00,DDPG,0.25780333333333333,0.0,0.0,0.0,0.0,0.0,2.0,110
2025-01-02 09:00:00,DDPG,0.25734999999999997,0.0,0.0,0.0,0.0,0.0,2.0,110
2025-01-02 10:00:00,DDPG,0.256755,0.0,0.0,0.0,0.0,0.0,2.0,110
2025-01-02 11:00:00,DDPG,0.255735,0.0,0.0,0.0,0.0,0.0,2.0,110
2025-01-02 12:00:00,DDPG,0.2545733333333333,0.0,0.0,0.0,0.0,0.0,2.0,110
2025-01-02 13:00:00,DDPG,0.253525,0.0,0.0,0.0,0.0,0.0,2.0,110
2025-01-02 14:00:00,DDPG,0.25278833333333334,0.0,0.0,0.0,0.0,0.0,2.0,110
2025-01-02 15:00:00,DDPG,0.25216500000000003,0.0,0.0,0.0,0.0,0.0,2.0,110
2025-01-02 16:00:00,DDPG,0.25171166666666667,0.0,0.0,0.0,0.0,0.0,2.0,110
2025-01-02 17:00:00,DDPG,0.25137166666666666,0.0,0.0,0.0,0.0,0.0,2.0,110
2025-01-02 18:00:00,DDPG,0.25117333333333336,0.0,0.0,0.0,0.0,0.0,2.0,110
2025-01-02 19:00:00,DDPG,0.25100333333333336,0.0,0.0,0.0,0.0,0.0,2.0,110
2025-01-02 20:00:00,DDPG,0.25083333333333335,0.0,0.0,0.0,0.0,0.0,2.0,110
2025-01-02 21:00:00,DDPG,0.25066333333333335,0.0,0.0,0.0,0.0,0.0,2.0,110
2025-01-02 22:00:00,DDPG,0.25052166666666664,0.0,0.0,0.0,0.0,0.0,2.0,110
2025-01-02 23:00:00,DDPG,0.25038,0.0,0.0,0.0,0.0,0.0,2.0,110
2025-01-03 00:00:00,DDPG,0.25021,0.0,0.0,0.0,0.0,0.0,2.0,110
2025-01-03 01:00:00,DDPG,0.24995499999999998,0.0,0.0,0.0,0.0,0.0,2.0,110
2025-01-03 02:00:00,DDPG,0.24975666666666665,0.0,0.0,0.0,0.0,0.0,2.0,110
2025-01-03 03:00:00,DDPG,0.24958666666666662,0.0,0.0,0.0,0.0,0.0,2.0,110
2025-01-03 04:00:00,DDPG,0.24974999999999994,0.0,0.0,0.0,0.0,0.0,2.0,110
2025-01-03 05:00:00,DDPG,0.24960833333333327,0.0,0.0,0.0,0.0,0.0,2.0,110
2025-01-03 06:00:00,DDPG,0.2494666666666666,0.0,0.0,0.0,0.0,0.0,2.0,110
2025-01-03 07:00:00,DDPG,0.24923999999999993,0.0,0.0,0.0,0.0,0.0,2.0,110
2025-01-03 08:00:00,DDPG,0.24881499999999993,0.0,0.0,0.0,0.0,0.0,2.0,110
2025-01-03 09:00:00,DDPG,0.24819166666666662,0.0,0.0,0.0,0.0,0.0,2.0,110
2025-01-03 10:00:00,DDPG,0.24739833333333328,0.0,0.0,0.0,0.0,0.0,2.0,110
2025-01-03 11:00:00,DDPG,0.2468249999999999,0.0,0.0,0.0,0.0,0.0,2.0,110
2025-01-03 12:00:00,DDPG,0.24627999999999992,0.0,0.0,0.0,0.0,0.0,2.0,110
2025-01-03 13:00:00,DDPG,0.24542999999999993,0.0,0.0,0.0,0.0,0.0,2.0,110
2025-01-03 14:00:00,DDPG,0.24469333333333323,0.0,0.0,0.0,0.0,0.0,2.0,110
2025-01-03 15:00:00,DDPG,0.24409833333333325,0.0,0.0,0.0,0.0,0.0,2.0,110
2025-01-03 16:00:00,DDPG,0.2435883333333332,0.0,0.0,0.0,0.0,0.0,2.0,110
2025-01-03 17:00:00,DDPG,0.24358166666666653,0.0,0.0,0.0,0.0,0.0,2.0,110
2025-01-03 18:00:00,DDPG,0.2433833333333332,0.0,0.0,0.0,0.0,0.0,2.0,110
2025-01-03 19:00:00,DDPG,0.2432133333333332,0.0,0.0,0.0,0.0,0.0,2.0,110
2025-01-03 20:00:00,DDPG,0.24307166666666652,0.0,0.0,0.0,0.0,0.0,2.0,110
2025-01-03 21:00:00,DDPG,0.24292999999999984,0.0,0.0,0.0,0.0,0.0,2.0,110
2025-01-03 22:00:00,DDPG,0.24278833333333313,0.0,0.0,0.0,0.0,0.0,2.0,110
2025-01-03 23:00:00,DDPG,0.24264666666666646,0.0,0.0,0.0,0.0,0.0,2.0,110
2025-01-04 00:00:00,DDPG,0.24250499999999978,0.0,0.0,0.0,0.0,0.0,2.0,110
2025-01-04 01:00:00,DDPG,0.24233499999999977,0.0,0.0,0.0,0.0,0.0,2.0,110
2025-01-04 02:00:00,DDPG,0.2421933333333331,0.0,0.0,0.0,0.0,0.0,2.0,110
2025-01-04 03:00:00,DDPG,0.24205166666666642,0.0,0.0,0.0,0.0,0.0,2.0,110
2025-01-04 04:00:00,DDPG,0.24190999999999974,0.0,0.0,0.0,0.0,0.0,2.0,110
2025-01-04 05:00:00,DDPG,0.24173999999999973,0.0,0.0,0.0,0.0,0.0,2.0,110
2025-01-04 06:00:00,DDPG,0.24156999999999973,0.0,0.0,0.0,0.0,0.0,2.0,110
2025-01-04 07:00:00,DDPG,0.24134333333333308,0.0,0.0,0.0,0.0,0.0,2.0,110
2025-01-04 08:00:00,DDPG,0.2409466666666664,0.0,0.0,0.0,0.0,0.0,2.0,110
2025-01-04 09:00:00,DDPG,0.24029499999999976,0.0,0.0,0.0,0.0,0.0,2.0,110
2025-01-04 10:00:00,DDPG,0.2394733333333331,0.0,0.0,0.0,0.0,0.0,2.0,110
2025-01-04 11:00:00,DDPG,0.23848166666666643,0.0,0.0,0.0,0.0,0.0,2.0,110
2025-01-04 12:00:00,DDPG,0.23740499999999978,0.0,0.0,0.0,0.0,0.0,2.0,110
2025-01-04 13:00:00,DDPG,0.23632833333333314,0.0,0.0,0.0,0.0,0.0,2.0,110
2025-01-04 14:00:00,DDPG,0.23542166666666645,0.0,0.0,0.0,0.0,0.0,2.0,110
2025-01-04 15:00:00,DDPG,0.2347133333333331,0.0,0.0,0.0,0.0,0.0,2.0,110
2025-01-04 16:00:00,DDPG,0.2341183333333331,0.0,0.0,0.0,0.0,0.0,2.0,110
2025-01-04 17:00:00,DDPG,0.23372166666666644,0.0,0.0,0.0,0.0,0.0,2.0,110
2025-01-04 18:00:00,DDPG,0.23343833333333314,0.0,0.0,0.0,0.0,0.0,2.0,110
2025-01-04 19:00:00,DDPG,0.2331549999999998,0.0,0.0,0.0,0.0,0.0,2.0,110
2025-01-04 20:00:00,DDPG,0.2332899999999998,0.0,0.0,0.0,0.0,0.0,2.0,110
2025-01-04 21:00:00,DDPG,0.23339666666666645,0.0,0.0,0.0,0.0,0.0,2.0,110
2025-01-04 22:00:00,DDPG,0.2331699999999998,0.0,0.0,0.0,0.0,0.0,2.0,110
2025-01-04 23:00:00,DDPG,0.23297166666666647,0.0,0.0,0.0,0.0,0.0,2.0,110
2025-01-05 00:00:00,DDPG,0.2327733333333331,0.0,0.0,0.0,0.0,0.0,2.0,110
2025-01-05 01:00:00,DDPG,0.23257499999999978,0.0,0.0,0.0,0.0,0.0,2.0,110
2025-01-05 02:00:00,DDPG,0.2323199999999998,0.0,0.0,0.0,0.0,0.0,2.0,110
2025-01-05 03:00:00,DDPG,0.23209333333333315,0.0,0.0,0.0,0.0,0.0,2.0,110
2025-01-05 04:00:00,DDPG,0.23186666666666647,0.0,0.0,0.0,0.0,0.0,2.0,110
2025-01-05 05:00:00,DDPG,0.2316116666666665,0.0,0.0,0.0,0.0,0.0,2.0,110
2025-01-05 06:00:00,DDPG,0.23171833333333317,0.0,0.0,0.0,0.0,0.0,2.0,110
2025-01-05 07:00:00,DDPG,0.23143499999999984,0.0,0.0,0.0,0.0,0.0,2.0,110
2025-01-05 08:00:00,DDPG,0.2310666666666665,0.0,0.0,0.0,0.0,0.0,2.0,110
2025-01-05 09:00:00,DDPG,0.2304716666666665,0.0,0.0,0.0,0.0,0.0,2.0,110
2025-01-05 10:00:00,DDPG,0.22973499999999983,0.0,0.0,0.0,0.0,0.0,2.0,110
2025-01-05 11:00:00,DDPG,0.2287999999999998,0.0,0.0,0.0,0.0,0.0,2.0,110
2025-01-05 12:00:00,DDPG,0.22772333333333317,0.0,0.0,0.0,0.0,0.0,2.0,110
2025-01-05 13:00:00,DDPG,0.22695833333333315,0.0,0.0,0.0,0.0,0.0,2.0,110
2025-01-05 14:00:00,DDPG,0.22605166666666648,0.0,0.0,0.0,0.0,0.0,2.0,110
2025-01-05 15:00:00,DDPG,0.22522999999999982,0.0,0.0,0.0,0.0,0.0,2.0,110
2025-01-05 16:00:00,DDPG,0.22466333333333316,0.0,0.0,0.0,0.0,0.0,2.0,110
2025-01-05 17:00:00,DDPG,0.22423833333333315,0.0,0.0,0.0,0.0,0.0,2.0,110
2025-01-05 18:00:00,DDPG,0.22392666666666647,0.0,0.0,0.0,0.0,0.0,2.0,110
2025-01-05 19:00:00,DDPG,0.2236716666666665,0.0,0.0,0.0,0.0,0.0,2.0,110
2025-01-05 20:00:00,DDPG,0.2234449999999998,0.0,0.0,0.0,0.0,0.0,2.0,110
2025-01-05 21:00:00,DDPG,0.22321833333333316,0.0,0.0,0.0,0.0,0.0,2.0,110
2025-01-05 22:00:00,DDPG,0.2229916666666665,0.0,0.0,0.0,0.0,0.0,2.0,110
2025-01-05 23:00:00,DDPG,0.22279333333333318,0.0,0.0,0.0,0.0,0.0,2.0,110
2025-01-06 00:00:00,DDPG,0.22256666666666652,0.0,0.0,0.0,0.0,0.0,2.0,110
2025-01-06 01:00:00,DDPG,0.22233999999999984,0.0,0.0,0.0,0.0,0.0,2.0,110
2025-01-06 02:00:00,DDPG,0.22208499999999987,0.0,0.0,0.0,0.0,0.0,2.0,110
2025-01-06 03:00:00,DDPG,0.2218299999999999,0.0,0.0,0.0,0.0,0.0,2.0,110
2025-01-06 04:00:00,DDPG,0.22157499999999988,0.0,0.0,0.0,0.0,0.0,2.0,110
2025-01-06 05:00:00,DDPG,0.22134833333333323,0.0,0.0,0.0,0.0,0.0,2.0,110
2025-01-06 06:00:00,DDPG,0.22112166666666658,0.0,0.0,0.0,0.0,0.0,2.0,110
2025-01-06 07:00:00,DDPG,0.2208099999999999,0.0,0.0,0.0,0.0,0.0,2.0,110
2025-01-06 08:00:00,DDPG,0.22032833333333324,0.0,0.0,0.0,0.0,0.0,2.0,110
2025-01-06 09:00:00,DDPG,0.21956333333333325,0.0,0.0,0.0,0.0,0.0,-0.08733333333335036,110
2025-01-06 10:00:00,DDPG,0.2185778527777777,0.0,0.0,0.0,0.0,0.0,-0.28442944444446194,110
2025-01-06 11:00:00,DDPG,0.21743978698287028,0.0,0.0,0.0,0.0,0.0,-0.512042603425944,110
2025-01-06 12:00:00,DDPG,0.21626601354752556,0.0,0.0,0.0,0.0,0.0,-0.7467972904948885,110
2025-01-06 13:00:00,DDPG,0.21511266935935316,0.0,0.0,0.0,0.0,0.0,-0.9774661281293673,110
2025-01-06 14:00:00,DDPG,0.21403210910831816,0.0,0.0,0.0,0.0,0.0,-1.1935781783363684,110
2025-01-06 15:00:00,DDPG,0.2131509053210656,0.0,0.0,0.0,0.0,0.0,-1.3698189357868817,110
2025-01-06 16:00:00,DDPG,0.21256300046438614,0.0,0.0,0.0,0.0,0.0,-1.4873999071227715,110
2025-01-06 17:00:00,DDPG,0.2121831536758524,0.0,0.0,0.0,0.0,0.0,-1.5633692648295225,110
2025-01-06 18:00:00,DDPG,0.21195662933031892,0.0,0.0,0.0,0.0,0.0,-1.6086741339362165,110
2025-01-06 19:00:00,DDPG,0.21178108554721636,0.0,0.0,0.0,0.0,0.0,-1.6437828905567278,110
2025-01-06 20:00:00,DDPG,0.21168105902775897,0.0,0.0,0.0,0.0,0.0,-1.6637881944482071,110
2025-01-06 21:00:00,DDPG,0.21158119445599974,0.0,0.0,0.0,0.0,0.0,-1.6837611088000526,110
2025-01-06 22:00:00,DDPG,0.21178922457833085,0.0,0.0,0.0,0.0,0.0,-1.6421550843338295,110
2025-01-06 23:00:00,DDPG,0.21166417495716042,0.0,0.0,0.0,0.0,0.0,-1.6671650085679168,110
2025-01-07 00:00:00,DDPG,0.21153937841260426,0.0,0.0,0.0,0.0,0.0,-1.692124317479149,110
2025-01-07 01:00:00,DDPG,0.21141483443248352,0.0,0.0,0.0,0.0,0.0,-1.7170331135032968,110
2025-01-07 02:00:00,DDPG,0.21129054250565588,0.0,0.0,0.0,0.0,0.0,-1.7418914988688252,110
2025-01-07 03:00:00,DDPG,0.21116650212201346,0.0,0.0,0.0,0.0,0.0,-1.766699575597308,110
2025-01-07 04:00:00,DDPG,0.21104271277248082,0.0,0.0,0.0,0.0,0.0,-1.791457445503836,110
2025-01-07 05:00:00,DDPG,0.21091917394901272,0.0,0.0,0.0,0.0,0.0,-1.8161652101974566,110
2025-01-07 06:00:00,DDPG,0.2107958851445921,0.0,0.0,0.0,0.0,0.0,-1.8408229710815793,110
2025-01-07 07:00:00,DDPG,0.21059902227840963,0.0,0.0,0.0,0.0,0.0,-1.8801955443180751,110
2025-01-07 08:00:00,DDPG,0.21020657146746374,0.0,0.0,0.0,0.0,0.0,-1.9586857065072518,110
2025-01-07 09:00:00,DDPG,0.20964607695689758,0.0,0.0,0.0,0.0,0.0,-2.0707846086204853,110
2025-01-07 10:00:00,DDPG,0.20889766070555746,0.0,0.0,0.0,0.0,0.0,-2.220467858888508,110
2025-01-07 11:00:00,DDPG,0.2080632771788954,0.0,0.0,0.0,0.0,0.0,-2.387344564220922,110
2025-01-07 12:00:00,DDPG,0.20719371048019242,0.0,0.0,0.0,0.0,0.0,-2.5612579039615166,110
2025-01-07 13:00:00,DDPG,0.20629086690761222,0.0,0.0,0.0,0.0,0.0,-2.741826618477555,110
2025-01-07 14:00:00,DDPG,0.20544784416273396,0.0,0.0,0.0,0.0,0.0,-2.9104311674532095,110
2025-01-07 15:00:00,DDPG,0.2048418784372412,0.0,0.0,0.0,0.0,0.0,-3.0316243125517612,110
2025-01-07 16:00:00,DDPG,0.20446451408323255,0.0,0.0,0.0,0.0,0.0,-3.107097183353491,110
2025-01-07 17:00:00,DDPG,0.20453168644339972,0.0,0.0,0.0,0.0,0.0,-3.0936627113200554,110
2025-01-07 18:00:00,DDPG,0.20435510764920206,0.0,0.0,0.0,0.0,0.0,-3.1289784701595877,110
2025-01-07 19:00:00,DDPG,0.20422310238776828,0.0,0.0,0.0,0.0,0.0,-3.155379522446344,110
2025-01-07 20:00:00,DDPG,0.20413531260295,0.0,0.0,0.0,0.0,0.0,-3.172937479409999,110
2025-01-07 21:00:00,DDPG,0.2040476649539738,0.0,0.0,0.0,0.0,0.0,-3.190467009205239,110
2025-01-07 22:00:00,DDPG,0.20396015921071498,0.0,0.0,0.0,0.0,0.0,-3.207968157857005,110
2025-01-07 23:00:00,DDPG,0.2038727951434214,0.0,0.0,0.0,0.0,0.0,-3.2254409713157184,110
2025-01-08 00:00:00,DDPG,0.203785572522713,0.0,0.0,0.0,0.0,0.0,-3.242885495457398,110
2025-01-08 01:00:00,DDPG,0.203676720768798,0.0,0.0,0.0,0.0,0.0,-3.2646558462404,110
2025-01-08 02:00:00,DDPG,0.20356808931009926,0.0,0.0,0.0,0.0,0.0,-3.286382137980148,110
2025-01-08 03:00:00,DDPG,0.20343799537891757,0.0,0.0,0.0,0.0,0.0,-3.312400924216485,110
2025-01-08 04:00:00,DDPG,0.2033082173901402,0.0,0.0,0.0,0.0,0.0,-3.338356521971958,110
2025-01-08 05:00:00,DDPG,0.20320033171208873,0.0,0.0,0.0,0.0,0.0,-3.3599336575822534,110
2025-01-08 06:00:00,DDPG,0.20307113090650222,0.0,0.0,0.0,0.0,0.0,-3.3857738186995556,110
2025-01-08 07:00:00,DDPG,0.20289928153023354,0.0,0.0,0.0,0.0,0.0,-3.4201436939532925,110
2025-01-08 08:00:00,DDPG,0.20257810732094284,0.0,0.0,0.0,0.0,0.0,-3.484378535811433,110
2025-01-08 09:00:00,DDPG,0.20202478533437482,0.0,0.0,0.0,0.0,0.0,-3.595042933125036,110
2025-01-08 10:00:00,DDPG,0.20130882519334461,0.0,0.0,0.0,0.0,0.0,-3.7382349613310772,110
2025-01-08 11:00:00,DDPG,0.20047811088069045,0.0,0.0,0.0,0.0,0.0,-3.9043778238619096,110
2025-01-08 12:00:00,DDPG,0.19957911976310103,0.0,0.0,0.0,0.0,0.0,-4.0841760473797954,110
2025-01-08 13:00:00,DDPG,0.19871620698817657,0.0,0.0,0.0,0.0,0.0,-4.256758602364686,110
2025-01-08 14:00:00,DDPG,0.1979077499341109,0.0,0.0,0.0,0.0,0.0,-4.4184500131778215,110
2025-01-08 15:00:00,DDPG,0.1972484480421605,0.0,0.0,0.0,0.0,0.0,-4.550310391567902,110
2025-01-08 16:00:00,DDPG,0.19680858749014896,0.0,0.0,0.0,0.0,0.0,-4.638282501970209,110
2025-01-08 17:00:00,DDPG,0.19652439249467304,0.0,0.0,0.0,0.0,0.0,-4.695121501065391,110
2025-01-08 18:00:00,DDPG,0.1963360794774327,0.0,0.0,0.0,0.0,0.0,-4.73278410451346,110
2025-01-08 19:00:00,DDPG,0.19616728375933634,0.0,0.0,0.0,0.0,0.0,-4.766543248132732,110
2025-01-08 20:00:00,DDPG,0.19601778969763944,0.0,0.0,0.0,0.0,0.0,-4.796442060472112,110
2025-01-08 21:00:00,DDPG,0.1958501534637409,0.0,0.0,0.0,0.0,0.0,-4.829969307251819,110
2025-01-08 22:00:00,DDPG,0.1956645695092448,0.0,0.0,0.0,0.0,0.0,-4.8670860981510415,110
2025-01-08 23:00:00,DDPG,0.19547973672789787,0.0,0.0,0.0,0.0,0.0,-4.904052654420426,110
2025-01-09 00:00:00,DDPG,0.19529565207923733,0.0,0.0,0.0,0.0,0.0,-4.940869584152535,110
2025-01-09 01:00:00,DDPG,0.19513064648952014,0.0,0.0,0.0,0.0,0.0,-4.973870702095972,110
2025-01-09 02:00:00,DDPG,0.1949479748251578,0.0,0.0,0.0,0.0,0.0,-5.01040503496844,110
2025-01-09 03:00:00,DDPG,0.1948024290019144,0.0,0.0,0.0,0.0,0.0,-5.039514199617118,110
2025-01-09 04:00:00,DDPG,0.19465735446990823,0.0,0.0,0.0,0.0,0.0,-5.068529106018355,110
2025-01-09 05:00:00,DDPG,0.19453082529891016,0.0,0.0,0.0,0.0,0.0,-5.093834940217967,110
2025-01-09 06:00:00,DDPG,0.1944046546272299,0.0,0.0,0.0,0.0,0.0,-5.119069074554022,110
2025-01-09 07:00:00,DDPG,0.19422492150135778,0.0,0.0,0.0,0.0,0.0,-5.155015699728444,110
2025-01-09 08:00:00,DDPG,0.19392061192245558,0.0,0.0,0.0,0.0,0.0,-5.215877615508885,110
2025-01-09 09:00:00,DDPG,0.19347617715895454,0.0,0.0,0.0,0.0,0.0,-5.304764568209092,110
2025-01-09 10:00:00,DDPG,0.19296584965087446,0.0,0.0,0.0,0.0,0.0,-5.406830069825109,110
2025-01-09 11:00:00,DDPG,0.1924093395982536,0.0,0.0,0.0,0.0,0.0,-5.518132080349281,110
2025-01-09 12:00:00,DDPG,0.1917913749355362,0.0,0.0,0.0,0.0,0.0,-5.641725012892762,110
2025-01-09 13:00:00,DDPG,0.19133465490945498,0.0,0.0,0.0,0.0,0.0,-5.7330690181090045,110
2025-01-09 14:00:00,DDPG,0.19094984895541695,0.0,0.0,0.0,0.0,0.0,-5.810030208916611,110
2025-01-09 15:00:00,DDPG,0.19066807499474753,0.0,0.0,0.0,0.0,0.0,-5.866385001050495,110
2025-01-09 16:00:00,DDPG,0.1904211616822794,0.0,0.0,0.0,0.0,0.0,-5.915767663544119,110
2025-01-09 17:00:00,DDPG,0.19022483032553691,0.0,0.0,0.0,0.0,0.0,-5.955033934892617,110
2025-01-09 18:00:00,DDPG,0.19006201553612403,0.0,0.0,0.0,0.0,0.0,-5.987596892775193,110
2025-01-09 19:00:00,DDPG,0.189932290914388,0.0,0.0,0.0,0.0,0.0,-6.013541817122398,110
2025-01-09 20:00:00,DDPG,0.18981914942346392,0.0,0.0,0.0,0.0,0.0,-6.036170115307215,110
2025-01-09 21:00:00,DDPG,0.18970632850009744,0.0,0.0,0.0,0.0,0.0,-6.058734299980511,110
2025-01-09 22:00:00,DDPG,0.18959382723601384,0.0,0.0,0.0,0.0,0.0,-6.081234552797232,110
2025-01-09 23:00:00,DDPG,0.1894816447255118,0.0,0.0,0.0,0.0,0.0,-6.103671054897642,110
2025-01-10 00:00:00,DDPG,0.18935379939973396,0.0,0.0,0.0,0.0,0.0,-6.129240120053208,110
2025-01-10 01:00:00,DDPG,0.1892263680492967,0.0,0.0,0.0,0.0,0.0,-6.154726390140658,110
2025-01-10 02:00:00,DDPG,0.18908347199425998,0.0,0.0,0.0,0.0,0.0,-6.183305601148003,110
2025-01-10 03:00:00,DDPG,0.18894109648913804,0.0,0.0,0.0,0.0,0.0,-6.211780702172392,110
2025-01-10 04:00:00,DDPG,0.18883076338241883,0.0,0.0,0.0,0.0,0.0,-6.233847323516233,110
2025-01-10 05:00:00,DDPG,0.18872074288616866,0.0,0.0,0.0,0.0,0.0,-6.255851422766268,110
2025-01-10 06:00:00,DDPG,0.18857968875136905,0.0,0.0,0.0,0.0,0.0,-6.28406224972619,110
2025-01-10 07:00:00,DDPG,0.18877126750425097,0.0,0.0,0.0,0.0,0.0,-6.245746499149806,110
2025-01-10 08:00:00,DDPG,0.18856725678714525,0.0,0.0,0.0,0.0,0.0,-6.286548642570949,110
2025-01-10 09:00:00,DDPG,0.18833309844236618,0.0,0.0,0.0,0.0,0.0,-6.333380311526765,110
2025-01-10 10:00:00,DDPG,0.18796072173930412,5.960464477539062e-07,0.0,0.0,0.0,0.0,-6.407855664060106,110
2025-01-10 11:00:00,DDPG,0.1875305007173347,1.4901161193847656e-07,0.0,0.0,0.0,0.0,-6.493899862493523,110
2025-01-10 12:00:00,DDPG,0.1871507282850885,1.4901161193847656e-07,0.0,0.0,0.0,0.0,-6.569854344472416,110
2025-01-10 13:00:00,DDPG,0.1866845755896985,1.4901161193847656e-07,0.0,0.0,0.0,0.0,-6.663084883550416,110
2025-01-10 14:00:00,DDPG,0.1862242720007483,1.4901161193847656e-07,0.0,0.0,0.0,0.0,-6.755145601340459,110
2025-01-10 15:00:00,DDPG,0.18585771834244494,4.470348358154297e-07,0.0,0.0,0.0,0.0,-6.828456338961594,110
2025-01-10 16:00:00,DDPG,0.1855384163595691,7.450580596923828e-07,0.0,0.0,0.0,0.0,-6.892316738516993,110
2025-01-10 17:00:00,DDPG,0.18529387870219202,1.4901161193847656e-07,0.0,0.0,0.0,0.0,-6.941224267012176,110
2025-01-10 18:00:00,DDPG,0.18506530882107308,0.0,0.0,0.0,0.0,0.0,-6.986938237275499,110
2025-01-10 19:00:00,DDPG,0.18488079850560982,0.0,0.0,0.0,0.0,0.0,-7.023840298878037,110
2025-01-10 20:00:00,DDPG,0.18465490381052588,0.0,0.0,0.0,0.0,0.0,-7.069019237894825,110
2025-01-10 21:00:00,DDPG,0.18443047205251484,0.0,0.0,0.0,0.0,0.0,-7.113905589497033,110
2025-01-10 22:00:00,DDPG,0.1842074937573176,0.0,0.0,0.0,0.0,0.0,-7.158501248536481,110
2025-01-10 23:00:00,DDPG,0.18399980540236244,0.0,0.0,0.0,0.0,0.0,-7.200038919527513,110
2025-01-11 00:00:00,DDPG,0.1838484253164043,0.0,0.0,0.0,0.0,0.0,-7.2303149367191395,110
2025-01-11 01:00:00,DDPG,0.18368401867915318,0.0,0.0,0.0,0.0,0.0,-7.263196264169363,110
2025-01-11 02:00:00,DDPG,0.1835204105884259,0.0,0.0,0.0,0.0,0.0,-7.295917882314823,110
2025-01-11 03:00:00,DDPG,0.1833575971655678,0.0,0.0,0.0,0.0,0.0,-7.328480566886441,110
2025-01-11 04:00:00,DDPG,0.18322257831989763,0.0,0.0,0.0,0.0,0.0,-7.355484336020474,110
2025-01-11 05:00:00,DDPG,0.183088105979079,0.0,0.0,0.0,0.0,0.0,-7.382378804184198,110
2025-01-11 06:00:00,DDPG,0.1829675707358695,0.0,0.0,0.0,0.0,0.0,-7.406485852826101,110
2025-01-11 07:00:00,DDPG,0.18282078655187886,0.0,0.0,0.0,0.0,0.0,-7.435842689624227,110
2025-01-11 08:00:00,DDPG,0.18259494828250997,0.0,0.0,0.0,0.0,0.0,-7.481010343498006,110
2025-01-11 09:00:00,DDPG,0.18231789122210865,0.0,0.0,0.0,0.0,0.0,-7.536421755578271,110
2025-01-11 10:00:00,DDPG,0.18192545968584017,0.0,0.0,0.0,0.0,0.0,-7.614908062831965,110
2025-01-11 11:00:00,DDPG,0.181537793389655,0.0,0.0,0.0,0.0,0.0,-7.6924413220689996,110
2025-01-11 12:00:00,DDPG,0.1811420691725991,0.0,0.0,0.0,0.0,0.0,-7.771586165480182,110
2025-01-11 13:00:00,DDPG,0.180877361584632,0.0,0.0,0.0,0.0,0.0,-7.824527683073601,110
2025-01-11 14:00:00,DDPG,0.1813525109369158,0.0,0.0,0.0,0.0,0.0,-7.729497812616842,110
2025-01-11 15:00:00,DDPG,0.182818704025275,0.0,0.0,0.0,0.0,0.0,-7.4362591949449985,110
2025-01-11 16:00:00,DDPG,0.18361337617940723,0.0,0.0,0.0,0.0,0.0,-7.2773247641185534,110
2025-01-11 17:00:00,DDPG,0.18546922679963346,0.0,0.0,0.0,0.0,0.0,-6.906154640073309,110
2025-01-11 18:00:00,DDPG,0.1863216132625873,0.0,0.0,0.0,0.0,0.0,-6.735677347482538,110
2025-01-11 19:00:00,DDPG,0.18720076232440366,0.0,0.0,0.0,0.0,0.0,-6.5598475351192675,110
2025-01-11 20:00:00,DDPG,0.18709536016448453,0.0,0.0,0.0,0.0,0.0,-6.580927967103095,110
2025-01-11 21:00:00,DDPG,0.18696022706674248,0.0,0.0,0.0,0.0,0.0,-6.6079545866515055,110
2025-01-11 22:00:00,DDPG,0.1868255862395708,0.0,0.0,0.0,0.0,0.0,-6.63488275208584,110
2025-01-11 23:00:00,DDPG,0.18669143588969805,0.0,0.0,0.0,0.0,0.0,-6.661712822060389,110
2025-01-12 00:00:00,DDPG,0.18655777423038558,0.0,0.0,0.0,0.0,0.0,-6.688445153922885,110
2025-01-12 01:00:00,DDPG,0.1867567185290225,0.0,0.0,0.0,0.0,0.0,-6.648656294195499,110
2025-01-12 02:00:00,DDPG,0.18760389371592884,0.0,0.0,0.0,0.0,0.0,-6.479221256814233,110
2025-01-12 03:00:00,DDPG,0.1887796239873961,0.0,0.0,0.0,0.0,0.0,-6.244075202520783,110
2025-01-12 04:00:00,DDPG,0.18961861122363757,0.0,0.0,0.0,0.0,0.0,-6.076277755272486,110
2025-01-12 05:00:00,DDPG,0.1897902343051927,0.0,0.0,0.0,0.0,0.0,-6.041953138961459,110
2025-01-12 06:00:00,DDPG,0.19062513097586214,0.0,0.0,0.0,0.0,0.0,-5.8749738048275715,110
2025-01-12 07:00:00,DDPG,0.19044425241651722,0.0,0.0,0.0,0.0,0.0,-5.911149516696557,110
2025-01-12 08:00:00,DDPG,0.1902150683194903,0.0,0.0,0.0,0.0,0.0,-5.956986336101938,110
2025-01-12 09:00:00,DDPG,0.1898895182591122,1.4901161193847656e-07,0.0,0.0,0.0,0.0,-6.02209635115779,110
2025-01-12 10:00:00,DDPG,0.18945358280956617,0.0,0.0,0.0,0.0,0.0,-6.109283439576881,110
2025-01-12 11:00:00,DDPG,0.18899047289706344,0.0,0.0,0.0,0.0,0.0,-6.2019054205873125,110
2025-01-12 12:00:00,DDPG,0.18842232600627765,0.0,0.0,0.0,0.0,0.0,-6.315534798744471,110
2025-01-12 13:00:00,DDPG,0.18795576919048712,0.0,0.0,0.0,0.0,0.0,-6.408846161902577,110
2025-01-12 14:00:00,DDPG,0.18751024075689404,0.0,0.0,0.0,0.0,0.0,-6.497951848621192,110
2025-01-12 15:00:00,DDPG,0.18749126843619693,0.0,0.0,0.0,0.0,0.0,-6.5017463127606145,110
2025-01-12 16:00:00,DDPG,0.18723329280338594,0.0,0.0,0.0,0.0,0.0,-6.553341439322812,110
2025-01-12 17:00:00,DDPG,0.18702230414416676,0.0,0.0,0.0,0.0,0.0,-6.595539171166648,110
2025-01-12 18:00:00,DDPG,0.18684248152403793,0.0,0.0,0.0,0.0,0.0,-6.631503695192414,110
2025-01-12 19:00:00,DDPG,0.1866933571940597,0.0,0.0,0.0,0.0,0.0,-6.661328561188062,110
2025-01-12 20:00:00,DDPG,0.18654483646255993,0.0,0.0,0.0,0.0,0.0,-6.691032707488015,110
2025-01-12 21:00:00,DDPG,0.18641170884401773,0.0,0.0,0.0,0.0,0.0,-6.717658231196456,110
2025-01-12 22:00:00,DDPG,0.18627906619037168,0.0,0.0,0.0,0.0,0.0,-6.744186761925663,110
2025-01-12 23:00:00,DDPG,0.1861469067349639,0.0,0.0,0.0,0.0,0.0,-6.7706186530072205,110
2025-01-13 00:00:00,DDPG,0.1863473477651913,0.0,0.0,0.0,0.0,0.0,-6.73053044696174,110
2025-01-13 01:00:00,DDPG,0.1865619055597294,0.0,0.0,0.0,0.0,0.0,-6.68761888805412,110
2025-01-13 02:00:00,DDPG,0.18644351462744077,0.0,0.0,0.0,0.0,0.0,-6.711297074511846,110
2025-01-13 03:00:00,DDPG,0.18631075610986939,0.0,0.0,0.0,0.0,0.0,-6.737848778026123,110
2025-01-13 04:00:00,DDPG,0.18619317842341837,0.0,0.0,0.0,0.0,0.0,-6.761364315316326,110
2025-01-13 05:00:00,DDPG,0.18606133184487594,0.0,0.0,0.0,0.0,0.0,-6.78773363102481,110
2025-01-13 06:00:00,DDPG,0.1859153693112181,0.0,0.0,0.0,0.0,0.0,-6.816926137756379,110
2025-01-13 07:00:00,DDPG,0.18572638605841385,0.0,0.0,0.0,0.0,0.0,-6.854722788317229,110
2025-01-13 08:00:00,DDPG,0.1858699765825668,0.0,0.0,0.0,0.0,0.0,-6.826004683486641,110
2025-01-13 09:00:00,DDPG,0.18560863818175097,0.0,0.0,0.0,0.0,0.0,-6.878272363649806,110
2025-01-13 10:00:00,DDPG,0.18516183455504184,0.0,0.0,0.0,0.0,0.0,-6.967633088991631,110
2025-01-13 11:00:00,DDPG,0.18476333376341803,0.0,0.0,0.0,0.0,0.0,-7.047333247316395,110
2025-01-13 12:00:00,DDPG,0.1843693493140993,0.0,0.0,0.0,0.0,0.0,-7.126130137180143,110
2025-01-13 13:00:00,DDPG,0.18423915395778478,0.0,0.0,0.0,0.0,0.0,-7.152169208443043,110
2025-01-13 14:00:00,DDPG,0.18380953409740972,0.0,0.0,0.0,0.0,0.0,-7.238093180518057,110
2025-01-13 15:00:00,DDPG,0.18350846824616138,0.0,0.0,0.0,0.0,0.0,-7.298306350767724,110
2025-01-13 16:00:00,DDPG,0.1832643351203679,0.0,0.0,0.0,0.0,0.0,-7.347132975926417,110
2025-01-13 17:00:00,DDPG,0.18308930135699644,0.0,0.0,0.0,0.0,0.0,-7.382139728600713,110
2025-01-13 18:00:00,DDPG,0.18363299985443407,0.0,0.0,0.0,0.0,0.0,-7.273400029113187,110
2025-01-13 19:00:00,DDPG,0.19055076640234772,0.0,0.0,0.0,0.0,0.0,-5.889846719530456,110
2025-01-13 20:00:00,DDPG,0.19211490501727535,0.0,0.0,0.0,0.0,0.0,-5.57701899654493,110
2025-01-13 21:00:00,DDPG,0.19267767358128102,0.0,0.0,0.0,0.0,0.0,-5.464465283743797,110
2025-01-13 22:00:00,DDPG,0.1948834757283563,0.0,0.0,0.0,0.0,0.0,-5.0233048543287415,110
2025-01-13 23:00:00,DDPG,0.19542108365823704,0.0,0.0,0.0,0.0,0.0,-4.915783268352591,110
2025-01-14 00:00:00,DDPG,0.19560625983178817,0.0,0.0,0.0,0.0,0.0,-4.878748033642366,110
2025-01-14 01:00:00,DDPG,0.19579083638725348,0.0,0.0,0.0,0.0,0.0,-4.841832722549305,110
2025-01-14 02:00:00,DDPG,0.19667720149888443,0.0,0.0,0.0,0.0,0.0,-4.664559700223114,110
2025-01-14 03:00:00,DDPG,0.19855898543810144,0.0,0.0,0.0,0.0,0.0,-4.288202912379713,110
2025-01-14 04:00:00,DDPG,0.1998115407315191,0.0,0.0,0.0,0.0,0.0,-4.037691853696179,110
2025-01-14 05:00:00,DDPG,0.20569858880384817,0.0,0.0,0.0,0.0,0.0,-2.860282239230366,110
2025-01-14 06:00:00,DDPG,0.20822351127865787,0.0,0.0,0.0,0.0,0.0,-2.355297744268425,110
2025-01-14 07:00:00,DDPG,0.2093881002189239,0.0,0.0,0.0,0.0,0.0,-2.1223799562152204,110
2025-01-14 08:00:00,DDPG,0.20952804986265944,0.0,0.0,0.0,0.0,0.0,-2.094390027468113,110
2025-01-14 09:00:00,DDPG,0.20959485751366774,0.0,0.0,0.0,0.0,0.0,-2.081028497266452,110
2025-01-14 10:00:00,DDPG,0.20923303159304904,0.0,0.0,0.0,0.0,0.0,-2.1533936813901917,110
2025-01-14 11:00:00,DDPG,0.20865762500043086,0.0,0.0,0.0,0.0,0.0,-2.2684749999138276,110
2025-01-14 12:00:00,DDPG,0.20763670300339956,0.0,0.0,0.0,0.0,0.0,-2.4726593993200874,110
2025-01-14 13:00:00,DDPG,0.20665687905234176,0.0,0.0,0.0,0.0,0.0,-2.6686241895316485,110
2025-01-14 14:00:00,DDPG,0.2061597835766267,0.0,0.0,0.0,0.0,0.0,-2.7680432846746594,110
2025-01-14 15:00:00,DDPG,0.20578426280016124,0.0,0.0,0.0,0.0,0.0,-2.843147439967753,110
2025-01-14 16:00:00,DDPG,0.20561788230125824,0.0,0.0,0.0,0.0,0.0,-2.8764235397483517,110
2025-01-14 17:00:00,DDPG,0.20537025030148834,0.0,0.0,0.0,0.0,0.0,-2.925949939702333,110
2025-01-14 18:00:00,DDPG,0.2052581914615925,0.0,0.0,0.0,0.0,0.0,-2.948361707681501,110
2025-01-14 19:00:00,DDPG,0.20552402080053198,0.0,0.0,0.0,0.0,0.0,-2.8951958398936046,110
2025-01-14 20:00:00,DDPG,0.20647826325988392,0.0,0.0,0.0,0.0,0.0,-2.7043473480232176,110
2025-01-14 21:00:00,DDPG,0.20640968251163977,0.0,0.0,0.0,0.0,0.0,-2.7180634976720466,110
2025-01-14 22:00:00,DDPG,0.2063640175305589,0.0,0.0,0.0,0.0,0.0,-2.7271964938882176,110
2025-01-14 23:00:00,DDPG,0.2062955755092718,0.0,0.0,0.0,0.0,0.0,-2.74088489814564,110
2025-01-15 00:00:00,DDPG,0.20622721659615342,0.0,0.0,0.0,0.0,0.0,-2.7545566807693156,110
2025-01-15 01:00:00,DDPG,0.2061816993255756,0.0,0.0,0.0,0.0,0.0,-2.7636601348848817,110
2025-01-15 02:00:00,DDPG,0.2061589591139438,0.0,0.0,0.0,0.0,0.0,-2.76820817721124,110
2025-01-15 03:00:00,DDPG,0.20611349709942298,0.0,0.0,0.0,0.0,0.0,-2.777300580115405,110
2025-01-15 04:00:00,DDPG,0.20606807188748535,0.0,0.0,0.0,0.0,0.0,-2.7863856225029293,110
2025-01-15 05:00:00,DDPG,0.20599998922876483,0.0,0.0,0.0,0.0,0.0,-2.800002154247033,110
2025-01-15 06:00:00,DDPG,0.20626491781327277,0.0,0.0,0.0,0.0,0.0,-2.7470164373454455,110
2025-01-15 07:00:00,DDPG,0.20648370706690464,0.0,0.0,0.0,0.0,0.0,-2.7032585866190733,110
2025-01-15 08:00:00,DDPG,0.2078679290611511,0.0,0.0,0.0,0.0,0.0,-2.4264141877697822,110
2025-01-15 09:00:00,DDPG,0.20784789758708935,0.0,0.0,0.0,0.0,0.0,-2.4304204825821296,110
2025-01-15 10:00:00,DDPG,0.208438647380064,0.0,0.0,0.0,0.0,0.0,-2.3122705239871975,110
2025-01-15 11:00:00,DDPG,0.2093511354633348,0.0,0.0,0.0,0.0,0.0,-2.129772907333038,110
2025-01-15 12:00:00,DDPG,0.20999671148363924,0.0,0.0,0.0,0.0,0.0,-2.000657703272152,110
2025-01-15 13:00:00,DDPG,0.20919532683739347,0.0,0.0,0.0,0.0,0.0,-2.1609346325213057,110
2025-01-15 14:00:00,DDPG,0.21037793211463687,0.0,0.0,0.0,0.0,0.0,-1.9244135770726256,110
2025-01-15 15:00:00,DDPG,0.21083137624294937,0.0,0.0,0.0,0.0,0.0,-1.8337247514101263,110
2025-01-15 16:00:00,DDPG,0.21173695716991256,0.0,0.0,0.0,0.0,0.0,-1.6526085660174883,110
2025-01-15 17:00:00,DDPG,0.21312132674949733,0.0,0.0,0.0,0.0,0.0,-1.3757346501005352,110
2025-01-15 18:00:00,DDPG,0.2139915573977424,0.0,0.0,0.0,0.0,0.0,-1.2016885204515217,110
2025-01-15 19:00:00,DDPG,0.21388795201909844,0.0,0.0,0.0,0.0,0.0,-1.222409596180313,110
2025-01-15 20:00:00,DDPG,0.21447623093450385,0.0,0.0,0.0,0.0,0.0,-1.1047538130992294,110
2025-01-15 21:00:00,DDPG,0.21473086693979762,0.0,0.0,0.0,0.0,0.0,-1.053826612040476,110
2025-01-15 22:00:00,DDPG,0.21462606458379985,0.0,0.0,0.0,0.0,0.0,-1.0747870832400306,110
2025-01-15 23:00:00,DDPG,0.2145475900768052,0.0,0.0,0.0,0.0,0.0,-1.090481984638958,110
2025-01-16 00:00:00,DDPG,0.2144430844547761,0.0,0.0,0.0,0.0,0.0,-1.1113831090447777,110
2025-01-16 01:00:00,DDPG,0.21436483213793817,0.0,0.0,0.0,0.0,0.0,-1.1270335724123672,110
2025-01-16 02:00:00,DDPG,0.21428667484177064,0.0,0.0,0.0,0.0,0.0,-1.142665031645873,110
2025-01-16 03:00:00,DDPG,0.21420861245089132,0.0,0.0,0.0,0.0,0.0,-1.1582775098217368,110
2025-01-16 04:00:00,DDPG,0.2141306448500581,0.0,0.0,0.0,0.0,0.0,-1.1738710299883826,110
2025-01-16 05:00:00,DDPG,0.2140268142822056,0.0,0.0,0.0,0.0,0.0,-1.1946371435588796,110
2025-01-16 06:00:00,DDPG,0.21392315182098678,0.0,0.0,0.0,0.0,0.0,-1.2153696358026433,110
2025-01-16 07:00:00,DDPG,0.2137679098808501,0.0,0.0,0.0,0.0,0.0,-1.2464180238299818,110
2025-01-16 08:00:00,DDPG,0.21345818003285738,0.0,0.0,0.0,0.0,0.0,-1.3083639934285243,110
2025-01-16 09:00:00,DDPG,0.21294447095640093,0.0,0.0,0.0,0.0,0.0,-1.4111058087198147,110
2025-01-16 10:00:00,DDPG,0.212103712665769,0.0,0.0,0.0,0.0,0.0,-1.579257466846201,110
2025-01-16 11:00:00,DDPG,0.2112239100696706,0.0,0.0,0.0,0.0,0.0,-1.7552179860658823,110
2025-01-16 12:00:00,DDPG,0.21028222802431326,0.0,0.0,0.0,0.0,0.0,-1.943554395137348,110
2025-01-16 13:00:00,DDPG,0.20940382984453043,0.0,0.0,0.0,0.0,0.0,-2.1192340310939137,110
2025-01-16 14:00:00,DDPG,0.20851418677376354,0.0,0.0,0.0,0.0,0.0,-2.2971626452472913,110
2025-01-16 15:00:00,DDPG,0.20785102599032754,0.0,0.0,0.0,0.0,0.0,-2.4297948019344933,110
2025-01-16 16:00:00,DDPG,0.20816240666586247,0.0,0.0,0.0,0.0,0.0,-2.3675186668275057,110
2025-01-16 17:00:00,DDPG,0.20885109971650162,0.0,0.0,0.0,0.0,0.0,-2.229780056699676,110
2025-01-16 18:00:00,DDPG,0.2093009516627725,0.0,0.0,0.0,0.0,0.0,-2.139809667445503,110
2025-01-16 19:00:00,DDPG,0.20913293229972796,0.0,0.0,0.0,0.0,0.0,-2.1734135400544083,110
2025-01-16 20:00:00,DDPG,0.209321847559381,0.0,0.0,0.0,0.0,0.0,-2.1356304881238017,110
2025-01-16 21:00:00,DDPG,0.2092258026633325,0.0,0.0,0.0,0.0,0.0,-2.1548394673335025,110
2025-01-16 22:00:00,DDPG,0.2090819685711501,0.0,0.0,0.0,0.0,0.0,-2.1836062857699794,110
2025-01-16 23:00:00,DDPG,0.20893848379033444,0.0,0.0,0.0,0.0,0.0,-2.2123032419331112,110
2025-01-17 00:00:00,DDPG,0.20948452098583814,0.0,0.0,0.0,0.0,0.0,-2.103095802832372,110
2025-01-17 01:00:00,DDPG,0.2096725823872535,0.0,0.0,0.0,0.0,0.0,-2.0654835225492993,110
2025-01-17 02:00:00,DDPG,0.20952766325859873,0.0,0.0,0.0,0.0,0.0,-2.0944673482802543,110
2025-01-17 03:00:00,DDPG,0.20973984933692458,0.0,0.0,0.0,0.0,0.0,-2.0520301326150845,110
2025-01-17 04:00:00,DDPG,0.20959476684567777,0.0,0.0,0.0,0.0,0.0,-2.0810466308644475,110
2025-01-17 05:00:00,DDPG,0.2097825605071478,0.0,0.0,0.0,0.0,0.0,-2.04348789857044,110
2025-01-17 06:00:00,DDPG,0.2099698980982971,0.0,0.0,0.0,0.0,0.0,-2.006020380340578,110
2025-01-17 07:00:00,DDPG,0.2104402177933439,0.0,0.0,0.0,0.0,0.0,-1.9119564413312196,110
2025-01-17 08:00:00,DDPG,0.2100977232258483,0.0,0.0,0.0,0.0,0.0,-1.9804553548303403,110
2025-01-17 09:00:00,DDPG,0.20963554311627808,0.0,0.0,0.0,0.0,0.0,-2.0728913767443844,110
2025-01-17 10:00:00,DDPG,0.20895967362762694,0.0,0.0,0.0,0.0,0.0,-2.208065274474613,110
2025-01-17 11:00:00,DDPG,0.2083869225123871,0.0,0.0,0.0,0.0,0.0,-2.3226154975225786,110
2025-01-17 12:00:00,DDPG,0.20770157125527744,0.0,0.0,0.0,0.0,0.0,-2.459685748944512,110
2025-01-17 13:00:00,DDPG,0.20686077693127194,0.0,0.0,0.0,0.0,0.0,-2.6278446137456113,110
2025-01-17 14:00:00,DDPG,0.20617032463996365,0.0,0.0,0.0,0.0,0.0,-2.7659350720072693,110
2025-01-17 15:00:00,DDPG,0.205510992019785,0.0,0.0,0.0,0.0,0.0,-2.8978015960429984,110
2025-01-17 16:00:00,DDPG,0.20503914858761685,0.0,0.0,0.0,0.0,0.0,-2.9921702824766303,110
2025-01-17 17:00:00,DDPG,0.20477181558019128,0.0,0.0,0.0,0.0,0.0,-3.0456368839617447,110
2025-01-17 18:00:00,DDPG,0.2049044087281968,0.0,0.0,0.0,0.0,0.0,-3.0191182543606416,110
2025-01-17 19:00:00,DDPG,0.2047266230237436,0.0,0.0,0.0,0.0,0.0,-3.054675395251283,110
2025-01-17 20:00:00,DDPG,0.20454941300633336,0.0,0.0,0.0,0.0,0.0,-3.0901173987333275,110
2025-01-17 21:00:00,DDPG,0.20437277681183666,0.0,0.0,0.0,0.0,0.0,-3.1254446376326683,110
2025-01-17 22:00:00,DDPG,0.2042187206108698,0.0,0.0,0.0,0.0,0.0,-3.156255877826042,110
2025-01-17 23:00:00,DDPG,0.20404315522984412,0.0,0.0,0.0,0.0,0.0,-3.1913689540311765,110
2025-01-18 00:00:00,DDPG,0.2038900329566929,0.0,0.0,0.0,0.0,0.0,-3.2219934086614224,110
2025-01-18 01:00:00,DDPG,0.20406973341887114,0.0,0.0,0.0,0.0,0.0,-3.186053316225773,110
2025-01-18 02:00:00,DDPG,0.2039384212091396,0.0,0.0,0.0,0.0,0.0,-3.21231575817208,110
2025-01-18 03:00:00,DDPG,0.20482723630907346,0.0,0.0,0.0,0.0,0.0,-3.034552738185309,110
2025-01-18 04:00:00,DDPG,0.20504893515622574,0.0,0.0,0.0,0.0,0.0,-2.990212968754852,110
2025-01-18 05:00:00,DDPG,0.204937526596981,0.0,0.0,0.0,0.0,0.0,-3.0124946806038,110
2025-01-18 06:00:00,DDPG,0.20480410688953118,0.0,0.0,0.0,0.0,0.0,-3.039178622093763,110
2025-01-18 07:00:00,DDPG,0.20462664597198413,0.0,0.0,0.0,0.0,0.0,-3.0746708056031746,110
2025-01-18 08:00:00,DDPG,0.20429498419286854,0.0,0.0,0.0,0.0,0.0,-3.1410031614262923,110
2025-01-18 09:00:00,DDPG,0.20381150028600822,0.0,0.0,0.0,0.0,0.0,-3.237699942798356,110
2025-01-18 10:00:00,DDPG,0.20315807492539242,0.0,0.0,0.0,0.0,0.0,-3.3683850149215155,110
2025-01-18 11:00:00,DDPG,0.20238348583362242,0.0,0.0,0.0,-7.105427357601002e-15,0.0,-3.5233028332755154,110
2025-01-18 12:00:00,DDPG,0.20151416941395495,0.0,0.0,0.0,0.0,0.0,-3.6971661172090107,110
2025-01-18 13:00:00,DDPG,0.20065927950725193,0.0,0.0,0.0,0.0,0.0,-3.868144098549614,110
2025-01-18 14:00:00,DDPG,0.1999621113273664,0.0,0.0,0.0,0.0,0.0,-4.007577734526718,110
2025-01-18 15:00:00,DDPG,0.1994969878623902,0.0,0.0,0.0,0.0,0.0,-4.1006024275219595,110
2025-01-18 16:00:00,DDPG,0.19915640144590852,0.0,0.0,0.0,0.0,0.0,-4.168719710818297,110
2025-01-18 17:00:00,DDPG,0.19893753842042317,0.0,0.0,0.0,0.0,0.0,-4.212492315915367,110
2025-01-18 18:00:00,DDPG,0.1987790740102999,0.0,0.0,0.0,0.0,0.0,-4.24418519794002,110
2025-01-18 19:00:00,DDPG,0.1986606105448463,0.0,0.0,0.0,0.0,0.0,-4.267877891030741,110
2025-01-18 20:00:00,DDPG,0.19856213073779125,0.0,0.0,0.0,0.0,0.0,-4.287573852441751,110
2025-01-18 21:00:00,DDPG,0.19844419413457093,0.0,0.0,0.0,0.0,0.0,-4.311161173085814,110
2025-01-18 22:00:00,DDPG,0.19832654394881555,0.0,0.0,0.0,0.0,0.0,-4.33469121023689,110
2025-01-18 23:00:00,DDPG,0.19820917948493985,0.0,0.0,0.0,0.0,0.0,-4.3581641030120295,110
2025-01-19 00:00:00,DDPG,0.19809210004904787,0.0,0.0,0.0,0.0,0.0,-4.381579990190426,110
2025-01-19 01:00:00,DDPG,0.19799477079894862,0.0,0.0,0.0,0.0,0.0,-4.401045840210277,110
2025-01-19 02:00:00,DDPG,0.19787821206986544,0.0,0.0,0.0,0.0,0.0,-4.424357586026911,110
2025-01-19 03:00:00,DDPG,0.1977425571356675,0.0,0.0,0.0,0.0,0.0,-4.451488572866502,110
2025-01-19 04:00:00,DDPG,0.19760728655711646,0.0,0.0,0.0,0.0,0.0,-4.478542688576709,110
2025-01-19 05:00:00,DDPG,0.19747239924520463,0.0,0.0,0.0,0.0,0.0,-4.505520150959075,110
2025-01-19 06:00:00,DDPG,0.19731867909526776,0.0,0.0,0.0,0.0,0.0,-4.536264180946448,110
2025-01-19 07:00:00,DDPG,0.19716545670581642,0.0,0.0,0.0,0.0,0.0,-4.566908658836716,110
2025-01-19 08:00:00,DDPG,0.19686000422429303,0.0,0.0,0.0,0.0,0.0,-4.627999155141394,110
2025-01-19 09:00:00,DDPG,0.19638582561011866,0.0,0.0,0.0,0.0,0.0,-4.722834877976267,110
2025-01-19 10:00:00,DDPG,0.1958413443714094,0.0,0.0,0.0,0.0,0.0,-4.83173112571812,110
2025-01-19 11:00:00,DDPG,0.1951919253261478,0.0,0.0,0.0,0.0,0.0,-4.9616149347704415,110
2025-01-19 12:00:00,DDPG,0.19447853850492788,0.0,0.0,0.0,0.0,0.0,-5.104292299014423,110
2025-01-19 13:00:00,DDPG,0.19377641300424298,0.0,0.0,0.0,0.0,0.0,-5.244717399151405,110
2025-01-19 14:00:00,DDPG,0.19310309008041582,0.0,0.0,0.0,0.0,0.0,-5.379381983916836,110
2025-01-19 15:00:00,DDPG,0.19254480243746946,0.0,0.0,0.0,0.0,0.0,-5.491039512506108,110
2025-01-19 16:00:00,DDPG,0.19209706904038942,0.0,0.0,0.0,0.0,0.0,-5.580586191922116,110
2025-01-19 17:00:00,DDPG,0.19182444040279453,0.0,0.0,0.0,0.0,0.0,-5.635111919441094,110
2025-01-19 18:00:00,DDPG,0.1916720799413272,0.0,0.0,0.0,0.0,0.0,-5.665584011734559,110
2025-01-19 19:00:00,DDPG,0.19153714177770767,0.0,0.0,0.0,0.0,0.0,-5.692571644458466,110
2025-01-19 20:00:00,DDPG,0.19145307851458612,0.0,0.0,0.0,0.0,0.0,-5.709384297082776,110
2025-01-19 21:00:00,DDPG,0.1913691853794971,0.0,0.0,0.0,0.0,0.0,-5.7261629241005805,110
2025-01-19 22:00:00,DDPG,0.19126871735786116,0.0,0.0,0.0,0.0,0.0,-5.746256528427768,110
2025-01-19 23:00:00,DDPG,0.1911517893253472,0.0,0.0,0.0,0.0,0.0,-5.769642134930558,110
2025-01-20 00:00:00,DDPG,0.1910351925889254,0.0,0.0,0.0,0.0,0.0,-5.7929614822149205,110
2025-01-20 01:00:00,DDPG,0.19091892620992346,0.0,0.0,0.0,0.0,0.0,-5.816214758015309,110
2025-01-20 02:00:00,DDPG,0.19080298925232866,0.0,0.0,0.0,0.0,0.0,-5.839402149534267,110
2025-01-20 03:00:00,DDPG,0.1906873807827804,0.0,0.0,0.0,0.0,0.0,-5.862523843443918,110
2025-01-20 04:00:00,DDPG,0.1905720998705625,0.0,0.0,0.0,0.0,0.0,-5.885580025887499,110
2025-01-20 05:00:00,DDPG,0.1904571455875959,0.0,0.0,0.0,0.0,0.0,-5.908570882480818,110
2025-01-20 06:00:00,DDPG,0.1903261414971218,0.0,0.0,0.0,0.0,0.0,-5.9347717005756415,110
2025-01-20 07:00:00,DDPG,0.19016291663868104,0.0,0.0,0.0,0.0,0.0,-5.967416672263792,110
2025-01-20 08:00:00,DDPG,0.18987030110317066,0.0,0.0,0.0,0.0,0.0,-6.025939779365869,110
2025-01-20 09:00:00,DDPG,0.18941843769066807,0.0,0.0,0.0,0.0,0.0,-6.116312461866386,110
2025-01-20 10:00:00,DDPG,0.18882809965953878,0.0,0.0,0.0,0.0,0.0,-6.234380068092243,110
2025-01-20 11:00:00,DDPG,0.18818373810090308,0.0,0.0,0.0,0.0,0.0,-6.363252379819384,110
2025-01-20 12:00:00,DDPG,0.18747279326292915,0.0,0.0,0.0,0.0,0.0,-6.50544134741417,110
2025-01-20 13:00:00,DDPG,0.18683575577745934,0.0,0.0,0.0,0.0,0.0,-6.632848844508132,110
2025-01-20 14:00:00,DDPG,0.18628409648260166,0.0,0.0,0.0,0.0,0.0,-6.743180703479668,110
2025-01-20 15:00:00,DDPG,0.18578475820243634,0.0,0.0,0.0,0.0,0.0,-6.843048359512732,110
2025-01-20 16:00:00,DDPG,0.18546610345082418,0.0,0.0,0.0,0.0,0.0,-6.906779309835166,110
2025-01-20 17:00:00,DDPG,0.18523641820942838,0.0,0.0,0.0,0.0,0.0,-6.9527163581143245,110
2025-01-20 18:00:00,DDPG,0.18509379461191403,0.0,0.0,0.0,0.0,0.0,-6.981241077617195,110
2025-01-20 19:00:00,DDPG,0.1849801575626945,0.0,0.0,0.0,0.0,0.0,-7.003968487461098,110
2025-01-20 20:00:00,DDPG,0.18489520575147084,0.0,0.0,0.0,0.0,0.0,-7.020958849705833,110
2025-01-20 21:00:00,DDPG,0.18481046025178868,0.0,0.0,0.0,0.0,0.0,-7.037907949642264,110
2025-01-20 22:00:00,DDPG,0.18472592056260576,0.0,0.0,0.0,0.0,0.0,-7.054815887478849,110
2025-01-20 23:00:00,DDPG,0.18462753045434505,0.0,0.0,0.0,0.0,0.0,-7.074493909130991,110
2025-01-21 00:00:00,DDPG,0.18452941911805773,0.0,0.0,0.0,0.0,0.0,-7.094116176388454,110
2025-01-21 01:00:00,DDPG,0.18444556195734246,0.0,0.0,0.0,0.0,0.0,-7.110887608531508,110
2025-01-21 02:00:00,DDPG,0.1843479661984633,0.0,0.0,0.0,0.0,0.0,-7.1304067603073396,110
2025-01-21 03:00:00,DDPG,0.1842645497091242,0.0,0.0,0.0,0.0,0.0,-7.147090058175159,110
2025-01-21 04:00:00,DDPG,0.18418133580268775,0.0,0.0,0.0,0.0,0.0,-7.163732839462451,110
2025-01-21 05:00:00,DDPG,0.18409832398716694,0.0,0.0,0.0,0.0,0.0,-7.180335202566612,110
2025-01-21 06:00:00,DDPG,0.18401551377176953,0.0,0.0,0.0,0.0,0.0,-7.196897245646095,110
2025-01-21 07:00:00,DDPG,0.18387783193031237,0.0,0.0,0.0,0.0,0.0,-7.224433613937524,110
2025-01-21 08:00:00,DDPG,0.18364472018202999,0.0,0.0,0.0,0.0,0.0,-7.271055963594003,110
2025-01-21 09:00:00,DDPG,0.18327703145432636,0.0,0.0,0.0,0.0,0.0,-7.3445937091347275,110
2025-01-21 10:00:00,DDPG,0.18279213756742047,0.0,0.0,0.0,0.0,0.0,-7.441572486515907,110
2025-01-21 11:00:00,DDPG,0.1822213982207113,0.0,0.0,0.0,0.0,0.0,-7.555720355857742,110
2025-01-21 12:00:00,DDPG,0.1816475504619234,0.0,0.0,0.0,0.0,0.0,-7.67048990761532,110
2025-01-21 13:00:00,DDPG,0.1811095421040707,0.0,0.0,0.0,0.0,0.0,-7.778091579185858,110
2025-01-21 14:00:00,DDPG,0.18060586380333812,0.0,0.0,0.0,0.0,0.0,-7.8788272393323755,110
2025-01-21 15:00:00,DDPG,0.18022183308371054,0.0,0.0,0.0,0.0,0.0,-7.955633383257894,110
2025-01-21 16:00:00,DDPG,0.17994048220905026,0.0,0.0,0.0,0.0,0.0,-8.011903558189948,110
2025-01-21 17:00:00,DDPG,0.17972234441009863,0.0,0.0,0.0,0.0,0.0,-8.055531117980275,110
2025-01-21 18:00:00,DDPG,0.179590009209987,0.0,0.0,0.0,0.0,0.0,-8.081998158002602,110
2025-01-21 19:00:00,DDPG,0.17947024012508941,0.0,0.0,0.0,0.0,0.0,-8.105951974982117,110
2025-01-21 20:00:00,DDPG,0.17937481268087485,0.0,0.0,0.0,0.0,0.0,-8.12503746382503,110
2025-01-21 21:00:00,DDPG,0.17927969423981296,0.0,0.0,0.0,0.0,0.0,-8.144061152037407,110
2025-01-21 22:00:00,DDPG,0.17918488380132214,0.0,0.0,0.0,0.0,0.0,-8.163023239735573,110
2025-01-21 23:00:00,DDPG,0.17909038036806074,0.0,0.0,0.0,0.0,0.0,-8.181923926387851,110
2025-01-22 00:00:00,DDPG,0.17900795762368454,0.0,0.0,0.0,0.0,0.0,-8.198408475263092,110
2025-01-22 01:00:00,DDPG,0.17893750972659847,0.0,0.0,0.0,0.0,0.0,-8.212498054680307,110
2025-01-22 02:00:00,DDPG,0.17886723291726245,0.0,0.0,0.0,0.0,0.0,-8.22655341654751,110
2025-01-22 03:00:00,DDPG,0.17879712678017765,0.0,0.0,0.0,0.0,0.0,-8.240574643964472,110
2025-01-22 04:00:00,DDPG,0.17872719090085437,0.0,0.0,0.0,0.0,0.0,-8.254561819829126,110
2025-01-22 05:00:00,DDPG,0.17865742486580943,0.0,0.0,0.0,0.0,0.0,-8.268515026838113,110
2025-01-22 06:00:00,DDPG,0.1785878282625639,0.0,0.0,0.0,0.0,0.0,-8.282434347487222,110
2025-01-22 07:00:00,DDPG,0.17848368688817884,0.0,0.0,0.0,0.0,0.0,-8.303262622364233,110
2025-01-22 08:00:00,DDPG,0.17833380844050534,0.0,0.0,0.0,0.0,0.0,-8.333238311898933,110
2025-01-22 09:00:00,DDPG,0.1781388448538552,0.0,0.0,0.0,0.0,0.0,-8.37223102922896,110
2025-01-22 10:00:00,DDPG,0.17776299028330725,0.0,0.0,0.0,0.0,0.0,-8.447401943338551,110
2025-01-22 11:00:00,DDPG,0.17727978204766207,0.0,0.0,0.0,0.0,0.0,-8.544043590467588,110
2025-01-22 12:00:00,DDPG,0.17684915120248113,0.0,0.0,0.0,0.0,0.0,-8.630169759503776,110
2025-01-22 13:00:00,DDPG,0.17643618568636676,0.0,0.0,0.0,0.0,0.0,-8.712762862726647,110
2025-01-22 14:00:00,DDPG,0.17613657558192125,0.0,0.0,0.0,0.0,0.0,-8.77268488361575,110
2025-01-22 15:00:00,DDPG,0.17579804469819352,0.0,0.0,0.0,0.0,0.0,-8.840391060361297,110
2025-01-22 16:00:00,DDPG,0.17558920338397005,0.0,0.0,0.0,0.0,0.0,-8.88215932320599,110
2025-01-22 17:00:00,DDPG,0.17548562803693968,0.0,0.0,0.0,0.0,0.0,-8.902874392612064,110
2025-01-22 18:00:00,DDPG,0.1760887819878976,0.0,0.0,0.0,0.0,0.0,-8.78224360242048,110
2025-01-22 19:00:00,DDPG,0.1770558884669123,0.0,0.0,0.0,0.0,0.0,-8.588822306617539,110
2025-01-22 20:00:00,DDPG,0.17701208369510874,0.0,0.0,0.0,0.0,0.0,-8.597583260978253,110
2025-01-22 21:00:00,DDPG,0.17731221187919324,0.0,0.0,0.0,0.0,0.0,-8.537557624161352,110
2025-01-22 22:00:00,DDPG,0.17726799210757932,0.0,0.0,0.0,0.0,0.0,-8.546401578484137,110
2025-01-22 23:00:00,DDPG,0.17722384392988133,0.0,0.0,0.0,0.0,0.0,-8.555231214023735,110
2025-01-23 00:00:00,DDPG,0.17717976723018533,0.0,0.0,0.0,0.0,0.0,-8.564046553962934,110
2025-01-23 01:00:00,DDPG,0.17713576189276503,0.0,0.0,0.0,0.0,0.0,-8.572847621446995,110
2025-01-23 02:00:00,DDPG,0.1771028113247524,0.0,0.0,0.0,0.0,0.0,-8.579437735049522,110
2025-01-23 03:00:00,DDPG,0.17706990076814375,0.0,0.0,0.0,0.0,0.0,-8.58601984637125,110
2025-01-23 04:00:00,DDPG,0.17703703017435388,0.0,0.0,0.0,0.0,0.0,-8.592593965129225,110
2025-01-23 05:00:00,DDPG,0.17700419949485643,0.0,0.0,0.0,0.0,0.0,-8.599160101028714,110
2025-01-23 06:00:00,DDPG,0.17697140868118413,0.0,0.0,0.0,0.0,0.0,-8.605718263763173,110
2025-01-23 07:00:00,DDPG,0.1769168236874246,0.0,0.0,0.0,0.0,0.0,-8.616635262515082,110
2025-01-23 08:00:00,DDPG,0.17680787463916595,0.0,0.0,0.0,0.0,0.0,-8.638425072166811,110
2025-01-23 09:00:00,DDPG,0.17660170931753616,0.0,0.0,0.0,0.0,0.0,-8.679658136492769,110
2025-01-23 10:00:00,DDPG,0.1762894559200708,0.0,0.0,0.0,0.0,0.0,-8.742108815985839,110
2025-01-23 11:00:00,DDPG,0.17592766293145648,0.0,0.0,0.0,0.0,0.0,-8.814467413708705,110
2025-01-23 12:00:00,DDPG,0.17561282702443165,0.0,0.0,0.0,0.0,0.0,-8.87743459511367,110
2025-01-23 13:00:00,DDPG,0.1751774089650163,0.0,0.0,0.0,0.0,0.0,-8.964518206996742,110
2025-01-23 14:00:00,DDPG,0.17486149242871718,0.0,0.0,0.0,0.0,0.0,-9.027701514256565,110
2025-01-23 15:00:00,DDPG,0.17454953989276636,0.0,0.0,0.0,0.0,0.0,-9.090092021446727,110
2025-01-23 16:00:00,DDPG,0.17433093208514983,0.0,0.0,0.0,0.0,0.0,-9.133813582970035,110
2025-01-23 17:00:00,DDPG,0.17421275327216482,0.0,0.0,0.0,0.0,0.0,-9.157449345567038,110
2025-01-23 18:00:00,DDPG,0.174153950871361,0.0,0.0,0.0,0.0,0.0,-9.169209825727798,110
2025-01-23 19:00:00,DDPG,0.17412462107387433,0.0,0.0,0.0,0.0,0.0,-9.175075785225134,110
2025-01-23 20:00:00,DDPG,0.17609289831971323,0.0,0.0,0.0,0.0,0.0,-8.781420336057355,110
2025-01-23 21:00:00,DDPG,0.17872464265746785,0.0,0.0,0.0,0.0,0.0,-8.255071468506431,110
2025-01-23 22:00:00,DDPG,0.18403040524833245,0.0,0.0,0.0,0.0,0.0,-7.1939189503335115,110
2025-01-23 23:00:00,DDPG,0.1879842254705309,0.0,0.0,0.0,0.0,0.0,-6.403154905893821,110
2025-01-24 00:00:00,DDPG,0.19161717474832463,0.0,0.0,0.0,0.0,0.0,-5.676565050335075,110
2025-01-24 01:00:00,DDPG,0.19224961163860774,0.0,0.0,0.0,0.0,0.0,-5.550077672278453,110
2025-01-24 02:00:00,DDPG,0.19221540957204314,0.0,0.0,0.0,0.0,0.0,-5.556918085591373,110
2025-01-24 03:00:00,DDPG,0.1921641480032771,0.0,0.0,0.0,0.0,0.0,-5.567170399344579,110
2025-01-24 04:00:00,DDPG,0.1921129486807017,0.0,0.0,0.0,0.0,0.0,-5.577410263859662,110
2025-01-24 05:00:00,DDPG,0.19206181152873228,0.0,0.0,0.0,0.0,0.0,-5.587637694253544,110
2025-01-24 06:00:00,DDPG,0.19201073647187597,0.0,0.0,0.0,0.0,0.0,-5.597852705624806,110
2025-01-24 07:00:00,DDPG,0.19192571474330195,0.0,0.0,0.0,0.0,0.0,-5.614857051339611,110
2025-01-24 08:00:00,DDPG,0.192437223449118,0.0,0.0,0.0,0.0,0.0,-5.512555310176398,110
2025-01-24 09:00:00,DDPG,0.19285963473846193,0.0,0.0,0.0,0.0,0.0,-5.428073052307614,110
2025-01-24 10:00:00,DDPG,0.19247797989579085,0.0,0.0,0.0,0.0,0.0,-5.50440402084183,110
2025-01-24 11:00:00,DDPG,0.19206533666251746,0.0,0.0,0.0,0.0,0.0,-5.586932667496508,110
2025-01-24 12:00:00,DDPG,0.19160562262613423,0.0,0.0,0.0,0.0,0.0,-5.678875474773154,110
2025-01-24 13:00:00,DDPG,0.19115093260743432,0.0,0.0,0.0,0.0,0.0,-5.769813478513136,110
2025-01-24 14:00:00,DDPG,0.19065124271148692,0.0,0.0,0.0,0.0,0.0,-5.869751457702615,110
2025-01-24 15:00:00,DDPG,0.19065279614350505,0.0,0.0,0.0,0.0,0.0,-5.869440771298989,110
2025-01-24 16:00:00,DDPG,0.1913999041669195,0.0,0.0,0.0,0.0,0.0,-5.720019166616103,110
2025-01-24 17:00:00,DDPG,0.19159810130263297,0.0,0.0,0.0,0.0,0.0,-5.680379739473407,110
2025-01-24 18:00:00,DDPG,0.19184657339920302,0.0,0.0,0.0,0.0,0.0,-5.630685320159396,110
2025-01-24 19:00:00,DDPG,0.19181269760168937,0.0,0.0,0.0,0.0,0.0,-5.637460479662126,110
2025-01-24 20:00:00,DDPG,0.1917788492274404,0.0,0.0,0.0,0.0,0.0,-5.64423015451192,110
2025-01-24 21:00:00,DDPG,0.19174502825425627,0.0,0.0,0.0,0.0,0.0,-5.650994349148747,110
2025-01-24 22:00:00,DDPG,0.19172813145710574,0.0,0.0,0.0,0.0,0.0,-5.654373708578852,110
2025-01-24 23:00:00,DDPG,0.19171124149913502,0.0,0.0,0.0,0.0,0.0,-5.657751700172997,110
2025-01-25 00:00:00,DDPG,0.1916943583775758,0.0,0.0,0.0,0.0,0.0,-5.661128324484838,110
2025-01-25 01:00:00,DDPG,0.1916774820896611,0.0,0.0,0.0,0.0,0.0,-5.664503582067781,110
2025-01-25 02:00:00,DDPG,0.1916606126326248,0.0,0.0,0.0,0.0,0.0,-5.667877473475041,110
2025-01-25 03:00:00,DDPG,0.19164375000370207,0.0,0.0,0.0,0.0,0.0,-5.671249999259587,110
2025-01-25 04:00:00,DDPG,0.19162689420012916,0.0,0.0,0.0,0.0,0.0,-5.674621159974169,110
2025-01-25 05:00:00,DDPG,0.19161004521914338,0.0,0.0,0.0,0.0,0.0,-5.677990956171325,110
2025-01-25 06:00:00,DDPG,0.19159320305798325,0.0,0.0,0.0,0.0,0.0,-5.681359388403351,110
2025-01-25 07:00:00,DDPG,0.19154269702569857,0.0,0.0,0.0,0.0,0.0,-5.6914605948602865,110
2025-01-25 08:00:00,DDPG,0.19137454801392786,0.0,0.0,0.0,0.0,0.0,-5.725090397214427,110
2025-01-25 09:00:00,DDPG,0.19140400964030257,0.0,0.0,0.0,0.0,0.0,-5.719198071939485,110
2025-01-25 10:00:00,DDPG,0.19131500081259317,0.0,0.0,0.0,0.0,0.0,-5.736999837481366,110
2025-01-25 11:00:00,DDPG,0.1910751737379183,0.0,0.0,0.0,0.0,0.0,-5.784965252416341,110
2025-01-25 12:00:00,DDPG,0.19063752010625834,0.0,0.0,0.0,0.0,0.0,-5.872495978748332,110
2025-01-25 13:00:00,DDPG,0.18984799114419387,0.0,0.0,0.0,0.0,0.0,-6.030401771161227,110
2025-01-25 14:00:00,DDPG,0.19097694414778657,0.0,0.0,0.0,0.0,0.0,-5.804611170442686,110
2025-01-25 15:00:00,DDPG,0.19113793839742058,0.0,0.0,0.0,0.0,0.0,-5.772412320515885,110
2025-01-25 16:00:00,DDPG,0.1911019799301039,0.0,0.0,0.0,0.0,0.0,-5.779604013979222,110
2025-01-25 17:00:00,DDPG,0.1912005131549444,0.0,0.0,0.0,0.0,0.0,-5.759897369011119,110
2025-01-25 18:00:00,DDPG,0.19144978989419434,0.0,0.0,0.0,0.0,0.0,-5.710042021161133,110
2025-01-25 19:00:00,DDPG,0.19139945800646568,0.0,0.0,0.0,0.0,0.0,-5.720108398706864,110
2025-01-25 20:00:00,DDPG,0.19138270108298686,0.0,0.0,0.0,0.0,0.0,-5.723459783402629,110
2025-01-25 21:00:00,DDPG,0.19136595094207232,0.0,0.0,0.0,0.0,0.0,-5.726809811585537,110
2025-01-25 22:00:00,DDPG,0.19133246421988112,0.0,0.0,0.0,0.0,0.0,-5.7335071560237765,110
2025-01-25 23:00:00,DDPG,0.19129900460598884,0.0,0.0,0.0,0.0,0.0,-5.740199078802233,110
2025-01-26 00:00:00,DDPG,0.19126557207845066,0.0,0.0,0.0,0.0,0.0,-5.746885584309869,110
2025-01-26 01:00:00,DDPG,0.19124886934689508,0.0,0.0,0.0,0.0,0.0,-5.750226130620984,110
2025-01-26 02:00:00,DDPG,0.19123217337596896,0.0,0.0,0.0,0.0,0.0,-5.753565324806209,110
2025-01-26 03:00:00,DDPG,0.19121548416293582,0.0,0.0,0.0,0.0,0.0,-5.756903167412836,110
2025-01-26 04:00:00,DDPG,0.19119880170506037,0.0,0.0,0.0,0.0,0.0,-5.760239658987926,110
2025-01-26 05:00:00,DDPG,0.19116545029415627,0.0,0.0,0.0,0.0,0.0,-5.766909941168747,110
2025-01-26 06:00:00,DDPG,0.19113212588201337,0.0,0.0,0.0,0.0,0.0,-5.773574823597327,110
2025-01-26 07:00:00,DDPG,0.19106553101153773,0.0,0.0,0.0,0.0,0.0,-5.786893797692455,110
2025-01-26 08:00:00,DDPG,0.19086606986091026,0.0,0.0,0.0,0.0,0.0,-5.826786027817948,110
2025-01-26 09:00:00,DDPG,0.19048562621053847,0.0,0.0,0.0,0.0,0.0,-5.902874757892307,110
2025-01-26 10:00:00,DDPG,0.18994485391758342,0.0,0.0,0.0,0.0,0.0,-6.0110292164833155,110
2025-01-26 11:00:00,DDPG,0.1899704387235987,0.0,0.0,0.0,0.0,0.0,-6.005912255280261,110
2025-01-26 12:00:00,DDPG,0.18968386165815163,0.0,0.0,0.0,0.0,0.0,-6.0632276683696755,110
2025-01-26 13:00:00,DDPG,0.1894178898569696,0.0,0.0,0.0,0.0,0.0,-6.1164220286060775,110
2025-01-26 14:00:00,DDPG,0.18964648958448513,0.0,0.0,0.0,0.0,0.0,-6.070702083102974,110
2025-01-26 15:00:00,DDPG,0.19299758896989339,0.0,0.0,0.0,0.0,0.0,-5.400482206021323,110
2025-01-26 16:00:00,DDPG,0.19313799653011474,0.0,0.0,0.0,0.0,0.0,-5.3724006939770526,110
2025-01-26 17:00:00,DDPG,0.19333056555722358,0.0,0.0,0.0,0.0,0.0,-5.333886888555284,110
2025-01-26 18:00:00,DDPG,0.19422290561229888,0.0,0.0,0.0,0.0,0.0,-5.1554188775402245,110
2025-01-26 19:00:00,DDPG,0.19509477404639736,0.0,0.0,0.0,0.0,0.0,-4.981045190720529,110
2025-01-26 20:00:00,DDPG,0.19496700551993257,0.0,0.0,0.0,0.0,0.0,-5.006598896013487,110
2025-01-26 21:00:00,DDPG,0.19480319714268138,0.0,0.0,0.0,0.0,0.0,-5.039360571463725,110
2025-01-26 22:00:00,DDPG,0.19463998549594735,0.0,0.0,0.0,0.0,0.0,-5.07200290081053,110
2025-01-26 23:00:00,DDPG,0.1944773684059264,0.0,0.0,0.0,0.0,0.0,-5.104526318814723,110
2025-01-27 00:00:00,DDPG,0.19431534370673337,0.0,0.0,0.0,0.0,0.0,-5.136931258653327,110
2025-01-27 01:00:00,DDPG,0.1941359720774442,0.0,0.0,0.0,0.0,0.0,-5.172805584511159,110
2025-01-27 02:00:00,DDPG,0.19395732647617836,0.0,0.0,0.0,0.0,0.0,-5.208534704764328,110
2025-01-27 03:00:00,DDPG,0.1937971962154437,0.0,0.0,0.0,0.0,0.0,-5.240560756911261,110
2025-01-27 04:00:00,DDPG,0.19361992184980978,0.0,0.0,0.0,0.0,0.0,-5.276015630038044,110
2025-01-27 05:00:00,DDPG,0.1934433650232748,0.0,0.0,0.0,0.0,0.0,-5.3113269953450395,110
2025-01-27 06:00:00,DDPG,0.19326752283151397,0.0,0.0,0.0,0.0,0.0,-5.346495433697207,110
2025-01-27 07:00:00,DDPG,0.19303985324709097,0.0,0.0,0.0,0.0,0.0,-5.392029350581806,110
2025-01-27 08:00:00,DDPG,0.19269143637284053,2.980232238769531e-07,0.0,0.0,0.0,0.0,-5.461712731392359,110
2025-01-27 09:00:00,DDPG,0.19220760058502437,1.4901161193847656e-07,0.0,0.0,0.0,0.0,-5.558479885975358,110
2025-01-27 10:00:00,DDPG,0.1915925755479283,0.0,0.0,0.0,0.0,0.0,-5.681484891904456,110
2025-01-27 11:00:00,DDPG,0.19093600703392172,0.0,0.0,0.0,0.0,0.0,-5.812798593215657,110
2025-01-27 12:00:00,DDPG,0.19027323358670586,0.0,0.0,0.0,0.0,0.0,-5.945353282658827,110
2025-01-27 13:00:00,DDPG,0.18965379289868176,0.0,0.0,0.0,0.0,0.0,-6.0692414202636495,110
2025-01-27 14:00:00,DDPG,0.18912413152210653,0.0,0.0,0.0,0.0,0.0,-6.175173695578696,110
2025-01-27 15:00:00,DDPG,0.1886490527821952,0.0,0.0,0.0,0.0,0.0,-6.270189443560959,110
2025-01-27 16:00:00,DDPG,0.18827360484088246,0.0,0.0,0.0,0.0,0.0,-6.345279031823509,110
2025-01-27 17:00:00,DDPG,0.18797926259412998,0.0,0.0,0.0,0.0,0.0,-6.404147481174006,110
2025-01-27 18:00:00,DDPG,0.18779479189010131,0.0,0.0,0.0,0.0,0.0,-6.441041621979737,110
2025-01-27 19:00:00,DDPG,0.18762651507859063,0.0,0.0,0.0,0.0,0.0,-6.474696984281874,110
2025-01-27 20:00:00,DDPG,0.187474217279463,0.0,0.0,0.0,0.0,0.0,-6.505156544107399,110
2025-01-27 21:00:00,DDPG,0.18730736778824253,0.0,0.0,0.0,0.0,0.0,-6.538526442351493,110
2025-01-27 22:00:00,DDPG,0.18712616057327108,0.0,0.0,0.0,0.0,0.0,-6.574767885345784,110
2025-01-27 23:00:00,DDPG,0.18693080625215935,0.0,0.0,0.0,0.0,0.0,-6.61383874956813,110
2025-01-28 00:00:00,DDPG,0.1867215316833971,0.0,0.0,0.0,0.0,0.0,-6.6556936633205765,110
2025-01-28 01:00:00,DDPG,0.18652830648096783,0.0,0.0,0.0,0.0,0.0,-6.6943387038064355,110
2025-01-28 02:00:00,DDPG,0.1863360980111513,0.0,0.0,0.0,0.0,0.0,-6.732780397769739,110
2025-01-28 03:00:00,DDPG,0.18615960839224,0.0,0.0,0.0,0.0,0.0,-6.768078321552,110
2025-01-28 04:00:00,DDPG,0.18596933997665224,0.0,0.0,0.0,0.0,0.0,-6.806132004669552,110
2025-01-28 05:00:00,DDPG,0.1857946317539085,0.0,0.0,0.0,0.0,0.0,-6.841073649218298,110
2025-01-28 06:00:00,DDPG,0.18563526041728992,0.0,0.0,0.0,0.0,0.0,-6.8729479165420155,110
2025-01-28 07:00:00,DDPG,0.18546217486669164,0.0,0.0,0.0,0.0,0.0,-6.907565026661672,110
2025-01-28 08:00:00,DDPG,0.1852181613301089,0.0,0.0,0.0,0.0,0.0,-6.956367733978219,110
2025-01-28 09:00:00,DDPG,0.18483327713842987,0.0,0.0,0.0,0.0,0.0,-7.033344572314027,110
2025-01-28 10:00:00,DDPG,0.18435390489590578,0.0,0.0,0.0,0.0,0.0,-7.129219020818844,110
2025-01-28 11:00:00,DDPG,0.1837976988166387,0.0,0.0,0.0,0.0,0.0,-7.240460236672259,110
2025-01-28 12:00:00,DDPG,0.18322313793675585,0.0,0.0,0.0,0.0,0.0,-7.35537241264883,110
2025-01-28 13:00:00,DDPG,0.18265834459183103,0.0,0.0,0.0,0.0,0.0,-7.468331081633794,110
2025-01-28 14:00:00,DDPG,0.18207671502624317,0.0,0.0,0.0,0.0,0.0,-7.5846569947513665,110
2025-01-28 15:00:00,DDPG,0.18158334459988715,0.0,0.0,0.0,0.0,0.0,-7.683331080022571,110
2025-01-28 16:00:00,DDPG,0.1811870488235981,0.0,0.0,0.0,0.0,0.0,-7.762590235280381,110
2025-01-28 17:00:00,DDPG,0.18090933557931177,0.0,0.0,0.0,0.0,0.0,-7.818132884137647,110
2025-01-28 18:00:00,DDPG,0.1807341826776957,0.0,0.0,0.0,0.0,0.0,-7.8531634644608594,110
2025-01-28 19:00:00,DDPG,0.18058490236183258,0.0,0.0,0.0,0.0,0.0,-7.883019527633483,110
2025-01-28 20:00:00,DDPG,0.1804363471217894,0.0,0.0,0.0,0.0,0.0,-7.912730575642119,110
2025-01-28 21:00:00,DDPG,0.18028851343576927,0.0,0.0,0.0,0.0,0.0,-7.942297312846147,110
2025-01-28 22:00:00,DDPG,0.18015365743547193,0.0,0.0,0.0,0.0,0.0,-7.969268512905614,110
2025-01-28 23:00:00,DDPG,0.18001940186546161,0.0,0.0,0.0,0.0,0.0,-7.996119626907678,110
2025-01-29 00:00:00,DDPG,0.17988574405239396,0.0,0.0,0.0,0.0,0.0,-8.022851189521207,110
2025-01-29 01:00:00,DDPG,0.17976477794551524,0.0,0.0,0.0,0.0,0.0,-8.047044410896953,110
2025-01-29 02:00:00,DDPG,0.1796443014633548,0.0,0.0,0.0,0.0,0.0,-8.071139707329039,110
2025-01-29 03:00:00,DDPG,0.17953631150802402,0.0,0.0,0.0,0.0,0.0,-8.092737698395197,110
2025-01-29 04:00:00,DDPG,0.17941675977096772,0.0,0.0,0.0,0.0,0.0,-8.116648045806457,110
2025-01-29 05:00:00,DDPG,0.1792857851500827,0.0,0.0,0.0,0.0,0.0,-8.14284296998346,110
2025-01-29 06:00:00,DDPG,0.17914353990792514,0.0,0.0,0.0,0.0,0.0,-8.171292018414972,110
2025-01-29 07:00:00,DDPG,0.17899018937650488,0.0,0.0,0.0,0.0,0.0,-8.201962124699024,110
2025-01-29 08:00:00,DDPG,0.17876724101534747,0.0,0.0,0.0,0.0,0.0,-8.246551796930508,110
2025-01-29 09:00:00,DDPG,0.17848778781691269,0.0,0.0,0.0,0.0,0.0,-8.302442436617463,110
2025-01-29 10:00:00,DDPG,0.178095741594099,0.0,0.0,0.0,0.0,0.0,-8.380851681180202,110
2025-01-29 11:00:00,DDPG,0.17769771858818256,0.0,0.0,0.0,0.0,0.0,-8.460456282363488,110
2025-01-29 12:00:00,DDPG,0.17731654522284995,0.0,0.0,0.0,0.0,0.0,-8.536690955430009,110
2025-01-29 13:00:00,DDPG,0.17697378761969657,0.0,0.0,0.0,0.0,0.0,-8.605242476060686,110
2025-01-29 14:00:00,DDPG,0.17663533080837324,0.0,0.0,0.0,0.0,0.0,-8.672933838325353,110
2025-01-29 15:00:00,DDPG,0.1763981495292701,0.0,0.0,0.0,0.0,0.0,-8.720370094145979,110
2025-01-29 16:00:00,DDPG,0.17620582015412828,0.0,0.0,0.0,0.0,0.0,-8.758835969174344,110
2025-01-29 17:00:00,DDPG,0.17603610627122535,0.0,0.0,0.0,0.0,0.0,-8.792778745754932,110
2025-01-29 18:00:00,DDPG,0.17589910675965534,0.0,0.0,0.0,0.0,0.0,-8.820178648068932,110
2025-01-29 19:00:00,DDPG,0.17578379407003497,0.0,0.0,0.0,0.0,0.0,-8.843241185993007,110
2025-01-29 20:00:00,DDPG,0.17568986739163697,0.0,0.0,0.0,0.0,0.0,-8.862026521672606,110
2025-01-29 21:00:00,DDPG,0.1755962828747103,0.0,0.0,0.0,0.0,0.0,-8.880743425057942,110
2025-01-29 22:00:00,DDPG,0.17550303927280958,0.0,0.0,0.0,0.0,0.0,-8.899392145438084,110
2025-01-29 23:00:00,DDPG,0.17541013534403005,0.0,0.0,0.0,0.0,0.0,-8.91797293119399,110
2025-01-30 00:00:00,DDPG,0.1753175698509911,0.0,0.0,0.0,0.0,0.0,-8.936486029801783,110
2025-01-30 01:00:00,DDPG,0.1752253415608196,0.0,0.0,0.0,0.0,0.0,-8.954931687836082,110
2025-01-30 02:00:00,DDPG,0.17513344924513377,0.0,0.0,0.0,0.0,0.0,-8.973310150973246,110
2025-01-30 03:00:00,DDPG,0.17504189168002648,0.0,0.0,0.0,0.0,0.0,-8.991621663994703,110
2025-01-30 04:00:00,DDPG,0.17495066764604925,0.0,0.0,0.0,0.0,0.0,-9.00986647079015,110
2025-01-30 05:00:00,DDPG,0.1748597759281958,0.0,0.0,0.0,0.0,0.0,-9.028044814360841,110
2025-01-30 06:00:00,DDPG,0.17476921531588593,0.0,0.0,0.0,0.0,0.0,-9.046156936822813,110
2025-01-30 07:00:00,DDPG,0.17465893333340807,0.0,0.0,0.0,0.0,0.0,-9.068213333318386,110
2025-01-30 08:00:00,DDPG,0.1744892563873758,0.0,0.0,0.0,0.0,0.0,-9.102148722524838,110
2025-01-30 09:00:00,DDPG,0.17420179916359066,0.0,0.0,0.0,0.0,0.0,-9.159640167281868,110
2025-01-30 10:00:00,DDPG,0.17385894034210647,0.0,0.0,0.0,0.0,0.0,-9.228211931578706,110
2025-01-30 11:00:00,DDPG,0.17344368116615216,0.0,0.0,0.0,0.0,0.0,-9.311263766769567,110
2025-01-30 12:00:00,DDPG,0.17305462769537103,0.0,0.0,0.0,0.0,0.0,-9.389074460925794,110
2025-01-30 13:00:00,DDPG,0.17270002556462793,0.0,0.0,0.0,0.0,0.0,-9.459994887074414,110
2025-01-30 14:00:00,DDPG,0.1724060061858861,0.0,0.0,0.0,0.0,0.0,-9.518798762822778,110
2025-01-30 15:00:00,DDPG,0.17217927874233846,0.0,0.0,0.0,0.0,0.0,-9.564144251532309,110
2025-01-30 16:00:00,DDPG,0.17199973220013856,0.0,0.0,0.0,0.0,0.0,-9.600053559972288,110
2025-01-30 17:00:00,DDPG,0.1718572577439853,0.0,0.0,0.0,0.0,0.0,-9.62854845120294,110
2025-01-30 18:00:00,DDPG,0.1717599409059347,0.0,0.0,0.0,0.0,0.0,-9.648011818813062,110
2025-01-30 19:00:00,DDPG,0.17168948014490595,0.0,0.0,0.0,0.0,0.0,-9.662103971018809,110
2025-01-30 20:00:00,DDPG,0.17163680569312548,0.0,0.0,0.0,0.0,0.0,-9.672638861374905,110
2025-01-30 21:00:00,DDPG,0.1715755014103283,0.0,0.0,0.0,0.0,0.0,-9.684899717934343,110
2025-01-30 22:00:00,DDPG,0.17152310376404606,0.0,0.0,0.0,0.0,0.0,-9.695379247190788,110
2025-01-30 23:00:00,DDPG,0.17147954510166644,0.0,0.0,0.0,0.0,0.0,-9.704090979666713,110
2025-01-31 00:00:00,DDPG,0.1714360745937226,0.0,0.0,0.0,0.0,0.0,-9.712785081255483,110
2025-01-31 01:00:00,DDPG,0.17139269206180674,0.0,0.0,0.0,0.0,0.0,-9.721461587638652,110
2025-01-31 02:00:00,DDPG,0.17134939732787213,0.0,0.0,0.0,0.0,0.0,-9.730120534425573,110
2025-01-31 03:00:00,DDPG,0.1712975487915044,0.0,0.0,0.0,0.0,0.0,-9.740490241699117,110
2025-01-31 04:00:00,DDPG,0.17124582617301076,0.0,0.0,0.0,0.0,0.0,-9.750834765397848,110
2025-01-31 05:00:00,DDPG,0.17118562966552056,0.0,0.0,0.0,0.0,0.0,-9.762874066895888,110
2025-01-31 06:00:00,DDPG,0.1711341788506186,0.0,0.0,0.0,0.0,0.0,-9.77316422987628,110
2025-01-31 07:00:00,DDPG,0.1710571900562342,0.0,0.0,0.0,0.0,0.0,-9.788561988753159,110
2025-01-31 08:00:00,DDPG,0.17092934283089278,0.0,0.0,0.0,0.0,0.0,-9.814131433821444,110
2025-01-31 09:00:00,DDPG,0.17075991481749983,0.0,0.0,0.0,0.0,0.0,-9.848017036500034,110
2025-01-31 10:00:00,DDPG,0.17054144142822994,0.0,0.0,0.0,0.0,0.0,-9.891711714354013,110
2025-01-31 11:00:00,DDPG,0.17023380888874526,0.0,0.0,0.0,0.0,0.0,-9.953238222250949,110
2025-01-31 12:00:00,DDPG,0.1699062138876894,0.0,0.0,0.0,0.0,0.0,-10.01875722246212,110
2025-01-31 13:00:00,DDPG,0.16964838102209645,0.0,0.0,0.0,0.0,0.0,-10.07032379558071,110
2025-01-31 14:00:00,DDPG,0.16939388770600072,0.0,0.0,0.0,0.0,0.0,-10.121222458799856,110
2025-01-31 15:00:00,DDPG,0.17059298760784125,0.0,0.0,0.0,0.0,0.0,-9.88140247843175,110
2025-01-31 16:00:00,DDPG,0.17082467881088886,0.0,0.0,0.0,0.0,0.0,-9.835064237822227,110
2025-01-31 17:00:00,DDPG,0.17074038844427336,0.0,0.0,0.0,0.0,0.0,-9.851922311145328,110
2025-01-31 18:00:00,DDPG,0.1706816240103479,0.0,0.0,0.0,0.0,0.0,-9.863675197930421,110
2025-01-31 19:00:00,DDPG,0.17063976834270791,0.0,0.0,0.0,0.0,0.0,-9.872046331458417,110
2025-01-31 20:00:00,DDPG,0.17060635157491497,0.0,0.0,0.0,0.0,0.0,-9.878729685017007,110
2025-01-31 21:00:00,DDPG,0.170581329576574,0.0,0.0,0.0,0.0,0.0,-9.883734084685203,110
2025-01-31 22:00:00,DDPG,0.17055633796208813,0.0,0.0,0.0,0.0,0.0,-9.888732407582374,110
2025-01-31 23:00:00,DDPG,0.1705396971170712,0.0,0.0,0.0,0.0,0.0,-9.89206057658576,110
2025-02-01 00:00:00,DDPG,0.17052306974321454,0.0,0.0,0.0,0.0,0.0,-9.895386051357091,110
2025-02-01 01:00:00,DDPG,0.17050645582961288,0.0,0.0,0.0,0.0,0.0,-9.898708834077425,110
2025-02-01 02:00:00,DDPG,0.17048985536536984,0.0,0.0,0.0,0.0,0.0,-9.902028926926032,110
2025-02-01 03:00:00,DDPG,0.1704649748267119,0.0,0.0,0.0,0.0,0.0,-9.907005034657617,110
2025-02-01 04:00:00,DDPG,0.17044840794232838,0.0,0.0,0.0,0.0,0.0,-9.910318411534325,110
2025-02-01 05:00:00,DDPG,0.1704235777326841,0.0,0.0,0.0,0.0,0.0,-9.91528445346318,110
2025-02-01 06:00:00,DDPG,0.17039051098778357,0.0,0.0,0.0,0.0,0.0,-9.921897802443286,110
2025-02-01 07:00:00,DDPG,0.17034099117538468,0.0,0.0,0.0,0.0,0.0,-9.931801764923065,110
2025-02-01 08:00:00,DDPG,0.17023395881705705,0.0,0.0,0.0,0.0,0.0,-9.95320823658859,110
2025-02-01 09:00:00,DDPG,0.17003740035997705,0.0,0.0,0.0,0.0,0.0,-9.99251992800459,110
2025-02-01 10:00:00,DDPG,0.16974542681187454,0.0,0.0,0.0,0.0,0.0,-10.050914637625091,110
2025-02-01 11:00:00,DDPG,0.16941774675263938,0.0,0.0,0.0,0.0,0.0,-10.116450649472124,110
2025-02-01 12:00:00,DDPG,0.16914266200697697,0.0,0.0,0.0,0.0,0.0,-10.171467598604606,110
2025-02-01 13:00:00,DDPG,0.1688714742952115,0.0,0.0,0.0,0.0,0.0,-10.225705140957702,110
2025-02-01 14:00:00,DDPG,0.16868815140205798,0.0,0.0,0.0,0.0,0.0,-10.262369719588404,110
2025-02-01 15:00:00,DDPG,0.16850660935986658,0.0,0.0,0.0,0.0,0.0,-10.298678128026683,110
2025-02-01 16:00:00,DDPG,0.1683118493280318,0.0,0.0,0.0,0.0,0.0,-10.337630134393638,110
2025-02-01 17:00:00,DDPG,0.16818584636479844,0.0,0.0,0.0,0.0,0.0,-10.362830727040311,110
2025-02-01 18:00:00,DDPG,0.16813431980009816,0.0,0.0,0.0,0.0,0.0,-10.373136039980368,110
2025-02-01 19:00:00,DDPG,0.16809761939097892,0.0,0.0,0.0,0.0,0.0,-10.380476121804216,110
2025-02-01 20:00:00,DDPG,0.16808296893718622,0.0,0.0,0.0,0.0,0.0,-10.383406212562758,110
2025-02-01 21:00:00,DDPG,0.16806833034328467,0.0,0.0,0.0,0.0,0.0,-10.386333931343067,110
2025-02-01 22:00:00,DDPG,0.16804639022786783,0.0,0.0,0.0,0.0,0.0,-10.390721954426436,110
2025-02-01 23:00:00,DDPG,0.16802447675401969,0.0,0.0,0.0,0.0,0.0,-10.395104649196064,110
2025-02-02 00:00:00,DDPG,0.1680098855109331,0.0,0.0,0.0,0.0,0.0,-10.39802289781338,110
2025-02-02 01:00:00,DDPG,0.1679953060798052,0.0,0.0,0.0,0.0,0.0,-10.40093878403896,110
2025-02-02 02:00:00,DDPG,0.16798073845107392,0.0,0.0,0.0,0.0,0.0,-10.403852309785217,110
2025-02-02 03:00:00,DDPG,0.16796618261518495,0.0,0.0,0.0,0.0,0.0,-10.406763476963011,110
2025-02-02 04:00:00,DDPG,0.1679516385625917,0.0,0.0,0.0,0.0,0.0,-10.409672287481659,110
2025-02-02 05:00:00,DDPG,0.1679371062837553,0.0,0.0,0.0,0.0,0.0,-10.41257874324894,110
2025-02-02 06:00:00,DDPG,0.16792258576914465,0.0,0.0,0.0,0.0,0.0,-10.41548284617107,110
2025-02-02 07:00:00,DDPG,0.16788631386937378,0.0,0.0,0.0,0.0,0.0,-10.422737226125244,110
2025-02-02 08:00:00,DDPG,0.16777771839230973,0.0,0.0,0.0,0.0,0.0,-10.444456321538054,110
2025-02-02 09:00:00,DDPG,0.16757623758386353,0.0,0.0,0.0,0.0,0.0,-10.484752483227295,110
2025-02-02 10:00:00,DDPG,0.16729878411914684,0.0,0.0,0.0,0.0,0.0,-10.540243176170632,110
2025-02-02 11:00:00,DDPG,0.16696269345626055,0.0,0.0,0.0,0.0,0.0,-10.60746130874789,110
2025-02-02 12:00:00,DDPG,0.16662626670271138,0.0,0.0,0.0,0.0,0.0,-10.674746659457723,110
2025-02-02 13:00:00,DDPG,0.16628978273372794,0.0,0.0,0.0,0.0,0.0,-10.742043453254412,110
2025-02-02 14:00:00,DDPG,0.1659996694602796,0.0,0.0,0.0,0.0,0.0,-10.800066107944078,110
2025-02-02 15:00:00,DDPG,0.16576653141957268,0.0,0.0,0.0,0.0,0.0,-10.846693716085465,110
2025-02-02 16:00:00,DDPG,0.16561975251992855,0.0,0.0,0.0,0.0,0.0,-10.87604949601429,110
2025-02-02 17:00:00,DDPG,0.1655312405889823,0.0,0.0,0.0,0.0,0.0,-10.893751882203539,110
2025-02-02 18:00:00,DDPG,0.16582604567136144,0.0,0.0,0.0,0.0,0.0,-10.834790865727712,110
2025-02-02 19:00:00,DDPG,0.16580042254979827,0.0,0.0,0.0,0.0,0.0,-10.839915490040347,110
2025-02-02 20:00:00,DDPG,0.16579402714067099,0.0,0.0,0.0,0.0,0.0,-10.841194571865802,110
2025-02-02 21:00:00,DDPG,0.16578763432016166,0.0,0.0,0.0,0.0,0.0,-10.842473135967667,110
2025-02-02 22:00:00,DDPG,0.16578124408722256,0.0,0.0,0.0,0.0,0.0,-10.843751182555488,110
2025-02-02 23:00:00,DDPG,0.1657748564408063,0.0,0.0,0.0,0.0,0.0,-10.845028711838738,110
2025-02-03 00:00:00,DDPG,0.16576847137986597,0.0,0.0,0.0,0.0,0.0,-10.846305724026806,110
2025-02-03 01:00:00,DDPG,0.1657620889033551,0.0,0.0,0.0,0.0,0.0,-10.847582219328983,110
2025-02-03 02:00:00,DDPG,0.16575570901022754,0.0,0.0,0.0,0.0,0.0,-10.848858197954492,110
2025-02-03 03:00:00,DDPG,0.16574933169943767,0.0,0.0,0.0,0.0,0.0,-10.850133660112466,110
2025-02-03 04:00:00,DDPG,0.1657429569699403,0.0,0.0,0.0,0.0,0.0,-10.851408606011942,110
2025-02-03 05:00:00,DDPG,0.1657302126714408,0.0,0.0,0.0,0.0,0.0,-10.853957465711838,110
2025-02-03 06:00:00,DDPG,0.1657174786897544,0.0,0.0,0.0,0.0,0.0,-10.856504262049121,110
2025-02-03 07:00:00,DDPG,0.1656856695066918,0.0,0.0,0.0,0.0,0.0,-10.86286609866164,110
2025-02-03 08:00:00,DDPG,0.1655904350846869,0.0,0.0,0.0,0.0,0.0,-10.88191298306262,110
2025-02-03 09:00:00,DDPG,0.16542636431546234,0.0,0.0,0.0,0.0,0.0,-10.914727136907532,110
2025-02-03 10:00:00,DDPG,0.1651953361451189,0.0,0.0,0.0,0.0,0.0,-10.960932770976223,110
2025-02-03 11:00:00,DDPG,0.16492471444424867,0.0,0.0,0.0,0.0,0.0,-11.015057111150266,110
2025-02-03 12:00:00,DDPG,0.16497395745943752,0.0,0.0,0.0,0.0,0.0,-11.005208508112496,110
2025-02-03 13:00:00,DDPG,0.1653620720583345,0.0,0.0,0.0,0.0,0.0,-10.9275855883331,110
2025-02-03 14:00:00,DDPG,0.16543493640219184,0.0,0.0,0.0,0.0,0.0,-10.913012719561632,110
2025-02-03 15:00:00,DDPG,0.1655448859142719,0.0,0.0,0.0,0.0,0.0,-10.891022817145618,110
2025-02-03 16:00:00,DDPG,0.16604094528949156,0.0,0.0,0.0,0.0,0.0,-10.791810942101687,110
2025-02-03 17:00:00,DDPG,0.16593706107237866,0.0,0.0,0.0,0.0,0.0,-10.812587785524268,110
2025-02-03 18:00:00,DDPG,0.16588545535081095,0.0,0.0,0.0,0.0,0.0,-10.82290892983781,110
2025-02-03 19:00:00,DDPG,0.16585330621498195,0.0,0.0,0.0,0.0,0.0,-10.82933875700361,110
2025-02-03 20:00:00,DDPG,0.16582763895730054,0.0,0.0,0.0,0.0,0.0,-10.834472208539891,110
2025-02-03 21:00:00,DDPG,0.1658020132561316,0.0,0.0,0.0,0.0,0.0,-10.839597348773683,110
2025-02-03 22:00:00,DDPG,0.1657764290441931,0.0,0.0,0.0,0.0,0.0,-10.844714191161382,110
2025-02-03 23:00:00,DDPG,0.16575088625431203,0.0,0.0,0.0,0.0,0.0,-10.849822749137594,110
2025-02-04 00:00:00,DDPG,0.1657253848194241,0.0,0.0,0.0,0.0,0.0,-10.854923036115183,110
2025-02-04 01:00:00,DDPG,0.16568719459914835,0.0,0.0,0.0,0.0,0.0,-10.86256108017033,110
2025-02-04 02:00:00,DDPG,0.16565544670531673,0.0,0.0,0.0,0.0,0.0,-10.868910658936654,110
2025-02-04 03:00:00,DDPG,0.16562376306317503,0.0,0.0,0.0,0.0,0.0,-10.875247387364995,110
2025-02-04 04:00:00,DDPG,0.16558581963859303,0.0,0.0,0.0,0.0,0.0,-10.882836072281393,110
2025-02-04 05:00:00,DDPG,0.16587404870517258,0.0,0.0,0.0,0.0,0.0,-10.825190258965483,110
2025-02-04 06:00:00,DDPG,0.16582907223384125,0.0,0.0,0.0,0.0,0.0,-10.834185553231752,110
2025-02-04 07:00:00,DDPG,0.16577140918498942,0.0,0.0,0.0,0.0,0.0,-10.845718163002116,110
2025-02-04 08:00:00,DDPG,0.16566288686940697,0.0,0.0,0.0,0.0,0.0,-10.867422626118605,110
2025-02-04 09:00:00,DDPG,0.1655043933713237,0.0,0.0,0.0,0.0,0.0,-10.899121325735262,110
2025-02-04 10:00:00,DDPG,0.1653098501497359,0.0,0.0,0.0,0.0,0.0,-10.93802997005282,110
2025-02-04 11:00:00,DDPG,0.16506817322951509,0.0,0.0,0.0,0.0,0.0,-10.986365354096982,110
2025-02-04 12:00:00,DDPG,0.164818113307111,0.0,0.0,0.0,0.0,0.0,-11.036377338577802,110
2025-02-04 13:00:00,DDPG,0.16656624203877354,0.0,0.0,0.0,0.0,0.0,-10.686751592245292,110
2025-02-04 14:00:00,DDPG,0.16837836935147646,0.0,0.0,0.0,0.0,0.0,-10.324326129704708,110
2025-02-04 15:00:00,DDPG,0.17475105500012064,0.0,0.0,0.0,0.0,0.0,-9.049788999975872,110
2025-02-04 16:00:00,DDPG,0.18015917103261964,0.0,0.0,0.0,0.0,0.0,-7.968165793476073,110
2025-02-04 17:00:00,DDPG,0.17995164721289517,0.0,0.0,0.0,0.0,0.0,-8.009670557420968,110
2025-02-04 18:00:00,DDPG,0.17981829106935204,0.0,0.0,0.0,0.0,0.0,-8.036341786129592,110
2025-02-04 19:00:00,DDPG,0.17972173660303223,0.0,0.0,0.0,0.0,0.0,-8.055652679393555,110
2025-02-04 20:00:00,DDPG,0.17961346456254976,0.0,0.0,0.0,0.0,0.0,-8.077307087490048,110
2025-02-04 21:00:00,DDPG,0.17949360053932037,0.0,0.0,0.0,0.0,0.0,-8.101279892135926,110
2025-02-04 22:00:00,DDPG,0.17937422167999456,0.0,0.0,0.0,0.0,0.0,-8.125155664001088,110
2025-02-04 23:00:00,DDPG,0.17926721558673173,0.0,0.0,0.0,0.0,0.0,-8.146556882653655,110
2025-02-05 00:00:00,DDPG,0.1791487530474521,0.0,0.0,0.0,0.0,0.0,-8.170249390509582,110
2025-02-05 01:00:00,DDPG,0.17901897169459796,0.0,0.0,0.0,0.0,0.0,-8.196205661080407,110
2025-02-05 02:00:00,DDPG,0.17887802240350992,0.0,0.0,0.0,0.0,0.0,-8.224395519298017,110
2025-02-05 03:00:00,DDPG,0.17873775772326428,0.0,0.0,0.0,0.0,0.0,-8.252448455347144,110
2025-02-05 04:00:00,DDPG,0.17859817432860842,0.0,0.0,0.0,0.0,0.0,-8.280365134278316,110
2025-02-05 05:00:00,DDPG,0.17844769345892694,0.0,0.0,0.0,0.0,0.0,-8.310461308214611,110
2025-02-05 06:00:00,DDPG,0.1782980044052502,0.0,0.0,0.0,0.0,0.0,-8.340399118949959,110
2025-02-05 07:00:00,DDPG,0.17812619509278974,0.0,0.0,0.0,0.0,0.0,-8.374760981442053,110
2025-02-05 08:00:00,DDPG,0.1778757385144839,1.4901161193847656e-07,0.0,0.0,0.0,0.0,-8.424852300083453,110
2025-02-05 09:00:00,DDPG,0.17751468132991535,0.0,0.0,0.0,0.0,0.0,-8.497063735507046,110
2025-02-05 10:00:00,DDPG,0.17709147932660285,0.0,0.0,0.0,0.0,0.0,-8.58170413467943,110
2025-02-05 11:00:00,DDPG,0.17659802738172545,0.0,0.0,0.0,0.0,0.0,-8.680394523654911,110
2025-02-05 12:00:00,DDPG,0.17609203157510642,0.0,0.0,0.0,0.0,0.0,-8.781593684978716,110
2025-02-05 13:00:00,DDPG,0.17568015021952796,0.0,0.0,0.0,0.0,0.0,-8.863969956094408,110
2025-02-05 14:00:00,DDPG,0.17526437635883085,0.0,0.0,0.0,0.0,0.0,-8.94712472823383,110
2025-02-05 15:00:00,DDPG,0.17490646436041407,0.0,0.0,0.0,0.0,0.0,-9.018707127917185,110
2025-02-05 16:00:00,DDPG,0.17459394753379648,0.0,0.0,0.0,0.0,0.0,-9.081210493240704,110
2025-02-05 17:00:00,DDPG,0.17435503490061105,0.0,0.0,0.0,0.0,0.0,-9.12899301987779,110
2025-02-05 18:00:00,DDPG,0.17421702303617426,0.0,0.0,0.0,0.0,0.0,-9.15659539276515,110
2025-02-05 19:00:00,DDPG,0.1741091996240846,0.0,0.0,0.0,0.0,0.0,-9.178160075183078,110
2025-02-05 20:00:00,DDPG,0.17402137325402545,0.0,0.0,0.0,0.0,0.0,-9.19572534919491,110
2025-02-05 21:00:00,DDPG,0.17394358975967908,0.0,0.0,0.0,0.0,0.0,-9.211282048064184,110
2025-02-05 22:00:00,DDPG,0.17386605813569533,0.0,0.0,0.0,0.0,0.0,-9.226788372860934,110
2025-02-05 23:00:00,DDPG,0.17377911749534386,0.0,0.0,0.0,0.0,0.0,-9.244176500931228,110
2025-02-06 00:00:00,DDPG,0.1737021184482161,0.0,0.0,0.0,0.0,0.0,-9.259576310356781,110
2025-02-06 01:00:00,DDPG,0.17362536873133616,0.0,0.0,0.0,0.0,0.0,-9.274926253732769,110
2025-02-06 02:00:00,DDPG,0.17354886753734897,0.0,0.0,0.0,0.0,0.0,-9.290226492530207,110
2025-02-06 03:00:00,DDPG,0.17347261406151376,0.0,0.0,0.0,0.0,0.0,-9.305477187697248,110
2025-02-06 04:00:00,DDPG,0.17339660750169553,0.0,0.0,0.0,0.0,0.0,-9.320678499660895,110
2025-02-06 05:00:00,DDPG,0.17333031711377406,0.0,0.0,0.0,0.0,0.0,-9.333936577245188,110
2025-02-06 06:00:00,DDPG,0.17326421454861837,0.0,0.0,0.0,0.0,0.0,-9.347157090276326,110
2025-02-06 07:00:00,DDPG,0.1731700498706835,0.0,0.0,0.0,0.0,0.0,-9.365990025863303,110
2025-02-06 08:00:00,DDPG,0.17299186115382084,0.0,0.0,0.0,0.0,0.0,-9.401627769235832,110
2025-02-06 09:00:00,DDPG,0.17272198049789625,0.0,0.0,0.0,0.0,0.0,-9.455603900420751,110
2025-02-06 10:00:00,DDPG,0.17238169178996346,0.0,0.0,0.0,0.0,0.0,-9.523661642007308,110
2025-02-06 11:00:00,DDPG,0.171974025260932,0.0,0.0,0.0,0.0,0.0,-9.605194947813601,110
2025-02-06 12:00:00,DDPG,0.17152931284493694,0.0,0.0,0.0,0.0,0.0,-9.694137431012612,110
2025-02-06 13:00:00,DDPG,0.17110231480684568,0.0,0.0,0.0,0.0,0.0,-9.779537038630865,110
2025-02-06 14:00:00,DDPG,0.1707435754551293,0.0,0.0,0.0,0.0,0.0,-9.85128490897414,110
2025-02-06 15:00:00,DDPG,0.17046650055440724,0.0,0.0,0.0,0.0,0.0,-9.906699889118553,110
2025-02-06 16:00:00,DDPG,0.17022626282170908,0.0,0.0,0.0,0.0,0.0,-9.954747435658184,110
2025-02-06 17:00:00,DDPG,0.17007890004972234,0.0,0.0,0.0,0.0,0.0,-9.984219990055532,110
2025-02-06 18:00:00,DDPG,0.16999762831142584,0.0,0.0,0.0,0.0,0.0,-10.000474337714833,110
2025-02-06 19:00:00,DDPG,0.1699328740864174,0.0,0.0,0.0,0.0,0.0,-10.013425182716517,110
2025-02-06 20:00:00,DDPG,0.16987639760983922,0.0,0.0,0.0,0.0,0.0,-10.024720478032156,110
2025-02-06 21:00:00,DDPG,0.16982008114994465,0.0,0.0,0.0,0.0,0.0,-10.03598377001107,110
2025-02-06 22:00:00,DDPG,0.16976392425335315,0.0,0.0,0.0,0.0,0.0,-10.04721514932937,110
2025-02-06 23:00:00,DDPG,0.169715926151595,0.0,0.0,0.0,0.0,0.0,-10.056814769680999,110
2025-02-07 00:00:00,DDPG,0.16966006436083217,0.0,0.0,0.0,0.0,0.0,-10.067987127833566,110
2025-02-07 01:00:00,DDPG,0.16960436084514316,0.0,0.0,0.0,0.0,0.0,-10.079127830971368,110
2025-02-07 02:00:00,DDPG,0.16954881515608192,0.0,0.0,0.0,0.0,0.0,-10.090236968783618,110
2025-02-07 03:00:00,DDPG,0.16950133946213145,0.0,0.0,0.0,0.0,0.0,-10.099732107573711,110
2025-02-07 04:00:00,DDPG,0.16945397906629486,0.0,0.0,0.0,0.0,0.0,-10.109204186741028,110
2025-02-07 05:00:00,DDPG,0.16940673368856243,0.0,0.0,0.0,0.0,0.0,-10.118653262287513,110
2025-02-07 06:00:00,DDPG,0.16935960304960448,0.0,0.0,0.0,0.0,0.0,-10.128079390079103,110
2025-02-07 07:00:00,DDPG,0.16929691481115816,0.0,0.0,0.0,0.0,0.0,-10.140617037768369,110
2025-02-07 08:00:00,DDPG,0.16917975497123328,0.0,0.0,0.0,0.0,0.0,-10.164049005753345,110
2025-02-07 09:00:00,DDPG,0.16900120058566775,0.0,0.0,0.0,0.0,0.0,-10.199759882866449,110
2025-02-07 10:00:00,DDPG,0.16875508979712955,0.0,0.0,0.0,0.0,0.0,-10.24898204057409,110
2025-02-07 11:00:00,DDPG,0.16841347923296757,0.0,0.0,0.0,0.0,0.0,-10.317304153406488,110
2025-02-07 12:00:00,DDPG,0.16805573163644133,0.0,0.0,0.0,0.0,0.0,-10.388853672711734,110
2025-02-07 13:00:00,DDPG,0.16771224283697664,0.0,0.0,0.0,0.0,0.0,-10.457551432604673,110
2025-02-07 14:00:00,DDPG,0.16742547319104464,0.0,0.0,0.0,0.0,0.0,-10.514905361791072,110
2025-02-07 15:00:00,DDPG,0.16718566548855837,0.0,0.0,0.0,0.0,0.0,-10.562866902288325,110
2025-02-07 16:00:00,DDPG,0.16700480681841687,0.0,0.0,0.0,0.0,0.0,-10.599038636316626,110
2025-02-07 17:00:00,DDPG,0.16688091465445412,0.0,0.0,0.0,0.0,0.0,-10.623817069109176,110
2025-02-07 18:00:00,DDPG,0.1668125871427575,0.0,0.0,0.0,0.0,0.0,-10.637482571448498,110
2025-02-07 19:00:00,DDPG,0.1667581463843905,0.0,0.0,0.0,0.0,0.0,-10.648370723121904,110
2025-02-07 20:00:00,DDPG,0.16671066496963471,0.0,0.0,0.0,0.0,0.0,-10.657867006073058,110
2025-02-07 21:00:00,DDPG,0.16666331808555407,0.0,0.0,0.0,0.0,0.0,-10.667336382889186,110
2025-02-07 22:00:00,DDPG,0.16660936067461038,0.0,0.0,0.0,0.0,0.0,-10.678127865077924,110
2025-02-07 23:00:00,DDPG,0.16656230081936563,0.0,0.0,0.0,0.0,0.0,-10.687539836126875,110
2025-02-08 00:00:00,DDPG,0.16651537430037744,0.0,0.0,0.0,0.0,0.0,-10.696925139924513,110
2025-02-08 01:00:00,DDPG,0.1664685807398597,0.0,0.0,0.0,0.0,0.0,-10.70628385202806,110
2025-02-08 02:00:00,DDPG,0.16642191976109677,0.0,0.0,0.0,0.0,0.0,-10.715616047780646,110
2025-02-08 03:00:00,DDPG,0.16638203795596265,0.0,0.0,0.0,0.0,0.0,-10.72359240880747,110
2025-02-08 04:00:00,DDPG,0.16634225300664104,0.0,0.0,0.0,0.0,0.0,-10.731549398671792,110
2025-02-08 05:00:00,DDPG,0.16629594995645555,0.0,0.0,0.0,0.0,0.0,-10.74081000870889,110
2025-02-08 06:00:00,DDPG,0.1662497780982456,0.0,0.0,0.0,0.0,0.0,-10.750044380350882,110
2025-02-08 07:00:00,DDPG,0.16617742789576057,0.0,0.0,0.0,0.0,0.0,-10.764514420847886,110
2025-02-08 08:00:00,DDPG,0.166079207797822,0.0,0.0,0.0,0.0,0.0,-10.784158440435599,110
2025-02-08 09:00:00,DDPG,0.1662929640457712,0.0,0.0,0.0,0.0,0.0,-10.74140719084576,110
2025-02-08 10:00:00,DDPG,0.16612149999557524,0.0,0.0,0.0,0.0,0.0,-10.775700000884953,110
2025-02-08 11:00:00,DDPG,0.16591268818610874,0.0,0.0,0.0,0.0,0.0,-10.817462362778251,110
2025-02-08 12:00:00,DDPG,0.1660553241716067,0.0,0.0,0.0,0.0,0.0,-10.788935165678659,110
2025-02-08 13:00:00,DDPG,0.16580837799506248,0.0,0.0,0.0,0.0,0.0,-10.838324400987503,110
2025-02-08 14:00:00,DDPG,0.16593917128387048,0.0,0.0,0.0,0.0,0.0,-10.812165743225904,110
2025-02-08 15:00:00,DDPG,0.16578433361997003,0.0,0.0,0.0,0.0,0.0,-10.843133276005995,110
2025-02-08 16:00:00,DDPG,0.16699988110212466,0.0,0.0,0.0,0.0,0.0,-10.600023779575068,110
2025-02-08 17:00:00,DDPG,0.16690354844254596,0.0,0.0,0.0,0.0,0.0,-10.61929031149081,110
2025-02-08 18:00:00,DDPG,0.1668282874054327,0.0,0.0,0.0,0.0,0.0,-10.634342518913458,110
2025-02-08 19:00:00,DDPG,0.16676698435845577,0.0,0.0,0.0,0.0,0.0,-10.646603128308845,110
2025-02-08 20:00:00,DDPG,0.16671269126624744,0.0,0.0,0.0,0.0,0.0,-10.657461746750513,110
2025-02-08 21:00:00,DDPG,0.16665857398024245,0.0,0.0,0.0,0.0,0.0,-10.66828520395151,110
2025-02-08 22:00:00,DDPG,0.16660463193116357,0.0,0.0,0.0,0.0,0.0,-10.679073613767287,110
2025-02-08 23:00:00,DDPG,0.16655758547402527,0.0,0.0,0.0,0.0,0.0,-10.688482905194945,110
2025-02-09 00:00:00,DDPG,0.16650397043534748,0.0,0.0,0.0,0.0,0.0,-10.699205912930504,110
2025-02-09 01:00:00,DDPG,0.16645720918578066,0.0,0.0,0.0,0.0,0.0,-10.708558162843868,110
2025-02-09 02:00:00,DDPG,0.16640391917508388,0.0,0.0,0.0,0.0,0.0,-10.719216164983225,110
2025-02-09 03:00:00,DDPG,0.16635080172251693,0.0,0.0,0.0,0.0,0.0,-10.729839655496615,110
2025-02-09 04:00:00,DDPG,0.16629785626932023,0.0,0.0,0.0,0.0,0.0,-10.740428746135954,110
2025-02-09 05:00:00,DDPG,0.16623848550719628,0.0,0.0,0.0,0.0,0.0,-10.752302898560744,110
2025-02-09 06:00:00,DDPG,0.16617933102427718,0.0,0.0,0.0,0.0,0.0,-10.764133795144565,110
2025-02-09 07:00:00,DDPG,0.16610729447900244,0.0,0.0,0.0,0.0,0.0,-10.778541104199512,110
2025-02-09 08:00:00,DDPG,0.16598994133351255,0.0,0.0,0.0,0.0,0.0,-10.80201173329749,110
2025-02-09 09:00:00,DDPG,0.16582813835573296,0.0,0.0,0.0,0.0,0.0,-10.834372328853409,110
2025-02-09 10:00:00,DDPG,0.1656295329054122,0.0,0.0,0.0,0.0,0.0,-10.874093418917557,110
2025-02-09 11:00:00,DDPG,0.16540811452258555,0.0,0.0,0.0,0.0,0.0,-10.918377095482889,110
2025-02-09 12:00:00,DDPG,0.16513993995791865,0.0,0.0,0.0,0.0,0.0,-10.972012008416272,110
2025-02-09 13:00:00,DDPG,0.16488256097863405,0.0,0.0,0.0,0.0,0.0,-11.023487804273191,110
2025-02-09 14:00:00,DDPG,0.16468979637929174,0.0,0.0,0.0,0.0,0.0,-11.062040724141653,110
2025-02-09 15:00:00,DDPG,0.16451142028040033,0.0,0.0,0.0,0.0,0.0,-11.097715943919933,110
2025-02-09 16:00:00,DDPG,0.16472458179876534,0.0,0.0,0.0,0.0,0.0,-11.055083640246933,110
2025-02-09 17:00:00,DDPG,0.1646411425019057,0.0,0.0,0.0,0.0,0.0,-11.07177149961886,110
2025-02-09 18:00:00,DDPG,0.1645759545579091,0.0,0.0,0.0,0.0,0.0,-11.08480908841818,110
2025-02-09 19:00:00,DDPG,0.16452875622886445,0.0,0.0,0.0,0.0,0.0,-11.09424875422711,110
2025-02-09 20:00:00,DDPG,0.16448759141954933,0.0,0.0,0.0,0.0,0.0,-11.102481716090134,110
2025-02-09 21:00:00,DDPG,0.1644406792187622,0.0,0.0,0.0,0.0,0.0,-11.111864156247558,110
2025-02-09 22:00:00,DDPG,0.1643939189241491,0.0,0.0,0.0,0.0,0.0,-11.121216215170183,110
2025-02-09 23:00:00,DDPG,0.16434731004382327,0.0,0.0,0.0,0.0,0.0,-11.130537991235345,110
2025-02-10 00:00:00,DDPG,0.16430085208749087,0.0,0.0,0.0,0.0,0.0,-11.139829582501825,110
2025-02-10 01:00:00,DDPG,0.16425454456644567,0.0,0.0,0.0,0.0,0.0,-11.149091086710866,110
2025-02-10 02:00:00,DDPG,0.16420838699356385,0.0,0.0,0.0,0.0,0.0,-11.15832260128723,110
2025-02-10 03:00:00,DDPG,0.1641681298970821,0.0,0.0,0.0,0.0,0.0,-11.16637402058358,110
2025-02-10 04:00:00,DDPG,0.1641279868623737,0.0,0.0,0.0,0.0,0.0,-11.174402627525259,110
2025-02-10 05:00:00,DDPG,0.1640822390953908,0.0,0.0,0.0,0.0,0.0,-11.18355218092184,110
2025-02-10 06:00:00,DDPG,0.1640366394640343,0.0,0.0,0.0,0.0,0.0,-11.192672107193141,110
2025-02-10 07:00:00,DDPG,0.1639798244947751,0.0,0.0,0.0,0.0,0.0,-11.20403510104498,110
2025-02-10 08:00:00,DDPG,0.16387797148774175,0.0,0.0,0.0,0.0,0.0,-11.224405702451651,110
2025-02-10 09:00:00,DDPG,0.1637431569075751,0.0,0.0,0.0,0.0,0.0,-11.25136861848498,110
2025-02-10 10:00:00,DDPG,0.16357071301018722,0.0,0.0,0.0,0.0,0.0,-11.285857397962557,110
2025-02-10 11:00:00,DDPG,0.16337846124254288,0.0,0.0,0.0,0.0,0.0,-11.324307751491425,110
2025-02-10 12:00:00,DDPG,0.16317810285869624,0.0,0.0,0.0,0.0,0.0,-11.36437942826075,110
2025-02-10 13:00:00,DDPG,0.1633528376672041,0.0,0.0,0.0,0.0,0.0,-11.329432466559181,110
2025-02-10 14:00:00,DDPG,0.16320691022698394,0.0,0.0,0.0,0.0,0.0,-11.358617954603211,110
2025-02-10 15:00:00,DDPG,0.16309999714419407,0.0,0.0,0.0,0.0,0.0,-11.380000571161187,110
2025-02-10 16:00:00,DDPG,0.16300985668765425,0.0,0.0,0.0,0.0,0.0,-11.398028662469152,110
2025-02-10 17:00:00,DDPG,0.16293613416642422,0.0,0.0,0.0,0.0,0.0,-11.412773166715157,110
2025-02-10 18:00:00,DDPG,0.16288377362336964,0.0,0.0,0.0,0.0,0.0,-11.423245275326071,110
2025-02-10 19:00:00,DDPG,0.16284726959810342,0.0,0.0,0.0,0.0,0.0,-11.430546080379317,110
2025-02-10 20:00:00,DDPG,0.16281606908622231,0.0,0.0,0.0,0.0,0.0,-11.436786182755537,110
2025-02-10 21:00:00,DDPG,0.1627849443470129,0.0,0.0,0.0,0.0,0.0,-11.44301113059742,110
2025-02-10 22:00:00,DDPG,0.1627538951964559,0.0,0.0,0.0,0.0,0.0,-11.449220960708823,110
2025-02-10 23:00:00,DDPG,0.1630554452605026,0.0,0.0,0.0,0.0,0.0,-11.388910947899477,110
2025-02-11 00:00:00,DDPG,0.163034307872938,0.0,0.0,0.0,0.0,0.0,-11.393138425412403,110
2025-02-11 01:00:00,DDPG,0.1630132047078104,0.0,0.0,0.0,0.0,0.0,-11.397359058437923,110
2025-02-11 02:00:00,DDPG,0.16299213570971202,0.0,0.0,0.0,0.0,0.0,-11.401572858057596,110
2025-02-11 03:00:00,DDPG,0.1629605833801313,0.0,0.0,0.0,0.0,0.0,-11.407883323973738,110
2025-02-11 04:00:00,DDPG,0.16291861577680516,0.0,0.0,0.0,0.0,0.0,-11.416276844638967,110
2025-02-11 05:00:00,DDPG,0.1628820130321042,0.0,0.0,0.0,0.0,0.0,-11.42359739357916,110
2025-02-11 06:00:00,DDPG,0.16285072814331197,0.0,0.0,0.0,0.0,0.0,-11.429854371337605,110
2025-02-11 07:00:00,DDPG,0.1628039147765042,0.0,0.0,0.0,0.0,0.0,-11.439217044699163,110
2025-02-11 08:00:00,DDPG,0.16272099418557065,0.0,0.0,0.0,0.0,0.0,-11.45580116288587,110
2025-02-11 09:00:00,DDPG,0.1625871208658082,0.0,0.0,0.0,0.0,0.0,-11.48257582683836,110
2025-02-11 10:00:00,DDPG,0.16241899289424347,0.0,0.0,0.0,0.0,0.0,-11.516201421151306,110
2025-02-11 11:00:00,DDPG,0.16224305716157503,0.0,0.0,0.0,0.0,0.0,-11.551388567684995,110
2025-02-11 12:00:00,DDPG,0.16205970280551238,0.0,0.0,0.0,0.0,0.0,-11.588059438897524,110
2025-02-11 13:00:00,DDPG,0.16186933178265395,0.0,0.0,0.0,0.0,0.0,-11.626133643469212,110
2025-02-11 14:00:00,DDPG,0.16168677015571123,0.0,0.0,0.0,0.0,0.0,-11.662645968857754,110
2025-02-11 15:00:00,DDPG,0.16153539865655153,0.0,0.0,0.0,0.0,0.0,-11.692920268689694,110
2025-02-11 16:00:00,DDPG,0.16142800958810602,0.0,0.0,0.0,0.0,0.0,-11.714398082378796,110
2025-02-11 17:00:00,DDPG,0.16136787649003526,0.0,0.0,0.0,0.0,0.0,-11.726424701992949,110
2025-02-11 18:00:00,DDPG,0.16133566750664682,0.0,0.0,0.0,0.0,0.0,-11.732866498670635,110
2025-02-11 19:00:00,DDPG,0.1613081380284164,0.0,0.0,0.0,0.0,0.0,-11.73837239431672,110
2025-02-11 20:00:00,DDPG,0.16128525251097794,0.0,0.0,0.0,0.0,0.0,-11.74294949780441,110
2025-02-11 21:00:00,DDPG,0.16127154899007176,0.0,0.0,0.0,0.0,0.0,-11.745690201985648,110
2025-02-11 22:00:00,DDPG,0.16125786210915524,0.0,0.0,0.0,0.0,0.0,-11.748427578168952,110
2025-02-11 23:00:00,DDPG,0.16123963509431186,0.0,0.0,0.0,0.0,0.0,-11.75207298113763,110
2025-02-12 00:00:00,DDPG,0.16122143758987345,0.0,0.0,0.0,0.0,0.0,-11.75571248202531,110
2025-02-12 01:00:00,DDPG,0.1612078115585143,0.0,0.0,0.0,0.0,0.0,-11.75843768829714,110
2025-02-12 02:00:00,DDPG,0.16119420207305038,0.0,0.0,0.0,0.0,0.0,-11.761159585389924,110
2025-02-12 03:00:00,DDPG,0.16118060911339024,0.0,0.0,0.0,0.0,0.0,-11.763878177321951,110
2025-02-12 04:00:00,DDPG,0.16117155814410797,0.0,0.0,0.0,0.0,0.0,-11.765688371178406,110
2025-02-12 05:00:00,DDPG,0.16115799268064726,0.0,0.0,0.0,0.0,0.0,-11.768401463870548,110
2025-02-12 06:00:00,DDPG,0.1611399273591643,0.0,0.0,0.0,0.0,0.0,-11.77201452816714,110
2025-02-12 07:00:00,DDPG,0.16111287324986348,0.0,0.0,0.0,0.0,0.0,-11.777425350027304,110
2025-02-12 08:00:00,DDPG,0.1610364060982156,0.0,0.0,0.0,0.0,0.0,-11.792718780356882,110
2025-02-12 09:00:00,DDPG,0.1609113268291025,0.0,0.0,0.0,0.0,0.0,-11.8177346341795,110
2025-02-12 10:00:00,DDPG,0.16074350023073106,0.0,0.0,0.0,0.0,0.0,-11.85129995385379,110
2025-02-12 11:00:00,DDPG,0.16053476936910543,0.0,0.0,0.0,0.0,0.0,-11.893046126178913,110
2025-02-12 12:00:00,DDPG,0.16030450941003785,0.0,0.0,0.0,0.0,0.0,-11.93909811799243,110
2025-02-12 13:00:00,DDPG,0.16007928227578988,0.0,0.0,0.0,0.0,0.0,-11.984143544842023,110
2025-02-12 14:00:00,DDPG,0.1598752968011608,0.0,0.0,0.0,0.0,0.0,-12.02494063976784,110
2025-02-12 15:00:00,DDPG,0.15970741675554107,0.0,0.0,0.0,0.0,0.0,-12.058516648891787,110
2025-02-12 16:00:00,DDPG,0.15958168259565977,0.0,0.0,0.0,0.0,0.0,-12.083663480868045,110
2025-02-12 17:00:00,DDPG,0.1595118731938914,0.0,0.0,0.0,0.0,0.0,-12.09762536122172,110
2025-02-12 18:00:00,DDPG,0.15948877293042052,0.0,0.0,0.0,0.0,0.0,-12.102245413915897,110
2025-02-12 19:00:00,DDPG,0.15947725084900502,0.0,0.0,0.0,0.0,0.0,-12.104549830198996,110
2025-02-12 20:00:00,DDPG,0.15946957878879392,0.0,0.0,0.0,0.0,0.0,-12.106084242241216,110
2025-02-12 21:00:00,DDPG,0.15946191293929823,0.0,0.0,0.0,0.0,0.0,-12.107617412140353,110
2025-02-12 22:00:00,DDPG,0.15945425329549023,0.0,0.0,0.0,0.0,0.0,-12.109149340901954,110
2025-02-12 23:00:00,DDPG,0.15944659985234627,0.0,0.0,0.0,0.0,0.0,-12.110680029530746,110
2025-02-13 00:00:00,DDPG,0.1594427762285965,0.0,0.0,0.0,0.0,0.0,-12.111444754280697,110
2025-02-13 01:00:00,DDPG,0.15943895415250398,0.0,0.0,0.0,0.0,0.0,-12.112209169499206,110
2025-02-13 02:00:00,DDPG,0.15943513362344225,0.0,0.0,0.0,0.0,0.0,-12.11297327531155,110
2025-02-13 03:00:00,DDPG,0.15943131464078514,0.0,0.0,0.0,0.0,0.0,-12.113737071842973,110
2025-02-13 04:00:00,DDPG,0.15942749720390673,0.0,0.0,0.0,0.0,0.0,-12.114500559218655,110
2025-02-13 05:00:00,DDPG,0.15942368131218135,0.0,0.0,0.0,0.0,0.0,-12.11526373756373,110
2025-02-13 06:00:00,DDPG,0.15941605261778577,0.0,0.0,0.0,0.0,0.0,-12.116789476442847,110
2025-02-13 07:00:00,DDPG,0.1593969963208212,0.0,0.0,0.0,0.0,0.0,-12.120600735835762,110
2025-02-13 08:00:00,DDPG,0.1593361395827435,0.0,0.0,0.0,0.0,0.0,-12.132772083451298,110
2025-02-13 09:00:00,DDPG,0.15923410891444637,0.0,0.0,0.0,0.0,0.0,-12.153178217110728,110
2025-02-13 10:00:00,DDPG,0.15909581714046575,0.0,0.0,0.0,0.0,0.0,-12.18083657190685,110
2025-02-13 11:00:00,DDPG,0.15891541676717982,0.0,0.0,0.0,0.0,0.0,-12.216916646564036,110
2025-02-13 12:00:00,DDPG,0.15872415985034105,0.0,0.0,0.0,0.0,0.0,-12.25516802993179,110
2025-02-13 13:00:00,DDPG,0.15854053705730053,0.0,0.0,0.0,0.0,0.0,-12.291892588539893,110
2025-02-13 14:00:00,DDPG,0.15838152039113843,0.0,0.0,0.0,0.0,0.0,-12.323695921772316,110
2025-02-13 15:00:00,DDPG,0.15824581958480569,0.0,0.0,0.0,0.0,0.0,-12.350836083038864,110
2025-02-13 16:00:00,DDPG,0.15814569177556162,0.0,0.0,0.0,0.0,0.0,-12.370861644887675,110
2025-02-13 17:00:00,DDPG,0.15808634459262538,0.0,0.0,0.0,0.0,0.0,-12.382731081474924,110
2025-02-13 18:00:00,DDPG,0.1580601602387064,0.0,0.0,0.0,0.0,0.0,-12.387967952258721,110
2025-02-13 19:00:00,DDPG,0.15804384800965188,0.0,0.0,0.0,0.0,0.0,-12.391230398069625,110
2025-02-13 20:00:00,DDPG,0.15803082463668386,0.0,0.0,0.0,0.0,0.0,-12.39383507266323,110
2025-02-13 21:00:00,DDPG,0.15801782234917686,0.0,0.0,0.0,0.0,0.0,-12.396435530164629,110
2025-02-13 22:00:00,DDPG,0.15800484111299248,0.0,0.0,0.0,0.0,0.0,-12.399031777401504,110
2025-02-13 23:00:00,DDPG,0.15799188089404764,0.0,0.0,0.0,0.0,0.0,-12.401623821190471,110
2025-02-14 00:00:00,DDPG,0.15798217646724771,0.0,0.0,0.0,0.0,0.0,-12.403564706550457,110
2025-02-14 01:00:00,DDPG,0.15797248382439463,0.0,0.0,0.0,0.0,0.0,-12.405503235121074,110
2025-02-14 02:00:00,DDPG,0.1579628029511793,0.0,0.0,0.0,0.0,0.0,-12.407439409764143,110
2025-02-14 03:00:00,DDPG,0.15795313383331,0.0,0.0,0.0,0.0,0.0,-12.409373233338,110
2025-02-14 04:00:00,DDPG,0.1579434764565124,0.0,0.0,0.0,0.0,0.0,-12.411304708697518,110
2025-02-14 05:00:00,DDPG,0.15793383080652948,0.0,0.0,0.0,0.0,0.0,-12.413233838694104,110
2025-02-14 06:00:00,DDPG,0.15792419686912157,0.0,0.0,0.0,0.0,0.0,-12.415160626175686,110
2025-02-14 07:00:00,DDPG,0.15790495239101085,0.0,0.0,0.0,0.0,0.0,-12.41900952179783,110
2025-02-14 08:00:00,DDPG,0.1578505587900346,0.0,0.0,0.0,0.0,0.0,-12.429888241993082,110
2025-02-14 09:00:00,DDPG,0.15775840818328493,0.0,0.0,0.0,0.0,0.0,-12.448318363343013,110
2025-02-14 10:00:00,DDPG,0.15762965555224326,0.0,0.0,0.0,0.0,0.0,-12.474068889551349,110
2025-02-14 11:00:00,DDPG,0.1574752458565431,0.0,0.0,0.0,0.0,0.0,-12.50495082869138,110
2025-02-14 12:00:00,DDPG,0.15730883264521295,0.0,0.0,0.0,0.0,0.0,-12.53823347095741,110
2025-02-14 13:00:00,DDPG,0.15714020743489837,0.0,0.0,0.0,0.0,0.0,-12.571958513020325,110
2025-02-14 14:00:00,DDPG,0.15698703298492592,0.0,0.0,0.0,0.0,0.0,-12.602593403014817,110
2025-02-14 15:00:00,DDPG,0.15686259725462295,0.0,0.0,0.0,0.0,0.0,-12.62748054907541,110
2025-02-14 16:00:00,DDPG,0.1567737102806583,0.0,0.0,0.0,0.0,0.0,-12.645257943868337,110
2025-02-14 17:00:00,DDPG,0.15672161722302372,0.0,0.0,0.0,0.0,0.0,-12.655676555395257,110
2025-02-14 18:00:00,DDPG,0.15670257264089182,0.0,0.0,0.0,0.0,0.0,-12.659485471821636,110
2025-02-14 19:00:00,DDPG,0.15669443380268502,0.0,0.0,0.0,0.0,0.0,-12.661113239462995,110
2025-02-14 20:00:00,DDPG,0.15669172415090776,0.0,0.0,0.0,0.0,0.0,-12.661655169818447,110
2025-02-14 21:00:00,DDPG,0.1566890155958943,0.0,0.0,0.0,0.0,0.0,-12.662196880821142,110
2025-02-14 22:00:00,DDPG,0.1566890155958943,0.0,0.0,0.0,0.0,0.0,-12.662196880821142,110
2025-02-14 23:00:00,DDPG,0.1566890155958943,0.0,0.0,0.0,0.0,0.0,-12.662196880821142,110
2025-02-15 00:00:00,DDPG,0.1566890155958943,0.0,0.0,0.0,0.0,0.0,-12.662196880821142,110
2025-02-15 01:00:00,DDPG,0.1566890155958943,0.0,0.0,0.0,0.0,0.0,-12.662196880821142,110
2025-02-15 02:00:00,DDPG,0.1566890155958943,0.0,0.0,0.0,0.0,0.0,-12.662196880821142,110
2025-02-15 03:00:00,DDPG,0.1566890155958943,0.0,0.0,0.0,0.0,0.0,-12.662196880821142,110
2025-02-15 04:00:00,DDPG,0.1566890155958943,0.0,0.0,0.0,0.0,0.0,-12.662196880821142,110
2025-02-15 05:00:00,DDPG,0.1566890155958943,0.0,0.0,0.0,0.0,0.0,-12.662196880821142,110
2025-02-15 06:00:00,DDPG,0.1566890155958943,0.0,0.0,0.0,0.0,0.0,-12.662196880821142,110
2025-02-15 07:00:00,DDPG,0.15701097941191364,0.0,0.0,0.0,0.0,0.0,-12.597804117617272,110
2025-02-15 08:00:00,DDPG,0.15729674957699205,0.0,0.0,0.0,0.0,0.0,-12.540650084601591,110
2025-02-15 09:00:00,DDPG,0.15722291342055822,0.0,0.0,0.0,0.0,0.0,-12.555417315888356,110
2025-02-15 10:00:00,DDPG,0.15711181813318484,0.0,0.0,0.0,0.0,0.0,-12.577636373363033,110
2025-02-15 11:00:00,DDPG,0.156982281445759,0.0,0.0,0.0,0.0,0.0,-12.603543710848204,110
2025-02-15 12:00:00,DDPG,0.1568268425611927,0.0,0.0,0.0,0.0,0.0,-12.63463148776146,110
2025-02-15 13:00:00,DDPG,0.15669420676286094,0.0,0.0,0.0,0.0,0.0,-12.661158647427811,110
2025-02-15 14:00:00,DDPG,0.1565749861281319,0.0,0.0,0.0,0.0,0.0,-12.685002774373622,110
2025-02-15 15:00:00,DDPG,0.15647385657958968,0.0,0.0,0.0,0.0,0.0,-12.705228684082066,110
2025-02-15 16:00:00,DDPG,0.15640310657554132,0.0,0.0,0.0,0.0,0.0,-12.719378684891735,110
2025-02-15 17:00:00,DDPG,0.15636163883771875,0.0,0.0,0.0,0.0,0.0,-12.72767223245625,110
2025-02-15 18:00:00,DDPG,0.15634103924529186,0.0,0.0,0.0,0.0,0.0,-12.73179215094163,110
2025-02-15 19:00:00,DDPG,0.15632820618967638,0.0,0.0,0.0,0.0,0.0,-12.734358762064723,110
2025-02-15 20:00:00,DDPG,0.15664805783587982,0.0,0.0,0.0,0.0,0.0,-12.670388432824037,110
2025-02-15 21:00:00,DDPG,0.156970087964463,0.0,0.0,0.0,0.0,0.0,-12.605982407107403,110
2025-02-15 22:00:00,DDPG,0.15729159671093323,0.0,0.0,0.0,0.0,0.0,-12.541680657813354,110
2025-02-15 23:00:00,DDPG,0.15761567120064138,0.0,0.0,0.0,0.0,0.0,-12.476865759871725,110
2025-02-16 00:00:00,DDPG,0.15793935217132632,0.0,0.0,0.0,0.0,0.0,-12.412129565734736,110
2025-02-16 01:00:00,DDPG,0.15792971152940402,0.0,0.0,0.0,0.0,0.0,-12.414057694119196,110
2025-02-16 02:00:00,DDPG,0.15825301116540402,0.0,0.0,0.0,0.0,0.0,-12.349397766919196,110
2025-02-16 03:00:00,DDPG,0.15857244279812036,0.0,0.0,0.0,0.0,0.0,-12.28551144037593,110
2025-02-16 04:00:00,DDPG,0.16554723027168533,0.0,0.0,0.0,0.0,0.0,-10.890553945662933,110
2025-02-16 05:00:00,DDPG,0.16984837602584862,0.0,0.0,0.0,0.0,0.0,-10.030324794830275,110
2025-02-16 06:00:00,DDPG,0.17014903421069566,0.0,0.0,0.0,0.0,0.0,-9.970193157860868,110
2025-02-16 07:00:00,DDPG,0.1704326246514221,0.0,0.0,0.0,0.0,0.0,-9.913475069715583,110
2025-02-16 08:00:00,DDPG,0.173612045113997,0.0,0.0,0.0,0.0,0.0,-9.2775909772006,110
2025-02-16 09:00:00,DDPG,0.17539434273052804,0.0,0.0,0.0,0.0,0.0,-8.921131453894393,110
2025-02-16 10:00:00,DDPG,0.1763814890215104,0.0,0.0,0.0,0.0,0.0,-8.72370219569792,110
2025-02-16 11:00:00,DDPG,0.1772997598962438,0.0,0.0,0.0,0.0,0.0,-8.54004802075124,110
2025-02-16 12:00:00,DDPG,0.17716333064467435,0.0,0.0,0.0,0.0,0.0,-8.56733387106513,110
2025-02-16 13:00:00,DDPG,0.1766465806164578,0.0,0.0,0.0,0.0,0.0,-8.670683876708441,110
2025-02-16 14:00:00,DDPG,0.17654309629536596,0.0,0.0,0.0,0.0,0.0,-8.691380740926807,110
2025-02-16 15:00:00,DDPG,0.1761455818294187,0.0,0.0,0.0,0.0,0.0,-8.770883634116261,110
2025-02-16 16:00:00,DDPG,0.17584926523535194,0.0,0.0,0.0,0.0,0.0,-8.830146952929613,110
2025-02-16 17:00:00,DDPG,0.17569232326785159,0.0,0.0,0.0,0.0,0.0,-8.861535346429683,110
2025-02-16 18:00:00,DDPG,0.17560912907822235,0.0,0.0,0.0,0.0,0.0,-8.878174184355531,110
2025-02-16 19:00:00,DDPG,0.17554693547903238,0.0,0.0,0.0,0.0,0.0,-8.890612904193523,110
2025-02-16 20:00:00,DDPG,0.1755055737739711,0.0,0.0,0.0,0.0,0.0,-8.89888524520578,110
2025-02-16 21:00:00,DDPG,0.1754642790354799,0.0,0.0,0.0,0.0,0.0,-8.90714419290402,110
2025-02-16 22:00:00,DDPG,0.17543335812522254,0.0,0.0,0.0,0.0,0.0,-8.913328374955492,110
2025-02-16 23:00:00,DDPG,0.17540247476178478,0.0,0.0,0.0,0.0,0.0,-8.919505047643044,110
2025-02-17 00:00:00,DDPG,0.17536134694550376,0.0,0.0,0.0,0.0,0.0,-8.927730610899248,110
2025-02-17 01:00:00,DDPG,0.1753305510242128,0.0,0.0,0.0,0.0,0.0,-8.933889795157441,110
2025-02-17 02:00:00,DDPG,0.17563272106939767,0.0,0.0,0.0,0.0,0.0,-8.873455786120466,110
2025-02-17 03:00:00,DDPG,0.17560159562238484,0.0,0.0,0.0,0.0,0.0,-8.879680875523032,110
2025-02-17 04:00:00,DDPG,0.17590343654198623,0.0,0.0,0.0,0.0,0.0,-8.819312691602754,110
2025-02-17 05:00:00,DDPG,0.17587198236904242,0.0,0.0,0.0,0.0,0.0,-8.825603526191516,110
2025-02-17 06:00:00,DDPG,0.17618410187537858,0.0,0.0,0.0,0.0,0.0,-8.763179624924284,110
2025-02-17 07:00:00,DDPG,0.17646376897078955,0.0,0.0,0.0,0.0,0.0,-8.70724620584209,110
2025-02-17 08:00:00,DDPG,0.1763030960877526,0.0,0.0,0.0,0.0,0.0,-8.73938078244948,110
2025-02-17 09:00:00,DDPG,0.17602628731463865,0.0,0.0,0.0,0.0,0.0,-8.79474253707227,110
2025-02-17 10:00:00,DDPG,0.17564704712805393,0.0,0.0,0.0,0.0,0.0,-8.870590574389215,110
2025-02-17 11:00:00,DDPG,0.17517990448393578,0.0,0.0,0.0,0.0,0.0,-8.964019103212845,110
2025-02-17 12:00:00,DDPG,0.1746805030450044,0.0,0.0,0.0,0.0,0.0,-9.063899390999119,110
2025-02-17 13:00:00,DDPG,0.17419100640127846,0.0,0.0,0.0,0.0,0.0,-9.161798719744308,110
2025-02-17 14:00:00,DDPG,0.17374059290114038,0.0,0.0,0.0,0.0,0.0,-9.251881419771923,110
2025-02-17 15:00:00,DDPG,0.17337543997223237,0.0,0.0,0.0,0.0,0.0,-9.324912005553527,110
2025-02-17 16:00:00,DDPG,0.17378909208808013,0.0,0.0,0.0,0.0,0.0,-9.242181582383974,110
2025-02-17 17:00:00,DDPG,0.1736350293964621,0.0,0.0,0.0,0.0,0.0,-9.272994120707578,110
2025-02-17 18:00:00,DDPG,0.17390045236872767,0.0,0.0,0.0,0.0,0.0,-9.219909526254465,110
2025-02-17 19:00:00,DDPG,0.17420435896227995,0.0,0.0,0.0,0.0,0.0,-9.15912820754401,110
2025-02-17 20:00:00,DDPG,0.17417496795496862,0.0,0.0,0.0,0.0,0.0,-9.165006409006276,110
2025-02-17 21:00:00,DDPG,0.17414561263673758,0.0,0.0,0.0,0.0,0.0,-9.170877472652483,110
2025-02-17 22:00:00,DDPG,0.17411629296425013,0.0,0.0,0.0,0.0,0.0,-9.176741407149974,110
2025-02-17 23:00:00,DDPG,0.1740870088942221,0.0,0.0,0.0,0.0,0.0,-9.18259822115558,110
2025-02-18 00:00:00,DDPG,0.174057760383422,0.0,0.0,0.0,0.0,0.0,-9.188447923315602,110
2025-02-18 01:00:00,DDPG,0.1740382850535878,0.0,0.0,0.0,0.0,0.0,-9.192342989282443,110
2025-02-18 02:00:00,DDPG,0.1740188254894968,0.0,0.0,0.0,0.0,0.0,-9.196234902100642,110
2025-02-18 03:00:00,DDPG,0.17399938167838624,0.0,0.0,0.0,0.0,0.0,-9.200123664322751,110
2025-02-18 04:00:00,DDPG,0.17397995360750373,0.0,0.0,0.0,0.0,0.0,-9.204009278499253,110
2025-02-18 05:00:00,DDPG,0.17396054126410718,0.0,0.0,0.0,0.0,0.0,-9.207891747178564,110
2025-02-18 06:00:00,DDPG,0.17393144632114363,0.0,0.0,0.0,0.0,0.0,-9.213710735771274,110
2025-02-18 07:00:00,DDPG,0.17388301363216035,0.0,0.0,0.0,0.0,0.0,-9.22339727356793,110
2025-02-18 08:00:00,DDPG,0.17375734348900065,0.0,0.0,0.0,0.0,0.0,-9.248531302199869,110
2025-02-18 09:00:00,DDPG,0.173497709663728,0.0,0.0,0.0,0.0,0.0,-9.300458067254402,110
2025-02-18 10:00:00,DDPG,0.17314580348804978,0.0,0.0,0.0,0.0,0.0,-9.370839302390044,110
2025-02-18 11:00:00,DDPG,0.17306098457513563,0.0,0.0,0.0,0.0,0.0,-9.387803084972873,110
2025-02-18 12:00:00,DDPG,0.17261294258910445,0.0,0.0,0.0,0.0,0.0,-9.477411482179111,110
2025-02-18 13:00:00,DDPG,0.17250975034000854,0.0,0.0,0.0,0.0,0.0,-9.498049931998292,110
2025-02-18 14:00:00,DDPG,0.1724455052408368,0.0,0.0,0.0,0.0,0.0,-9.510898951832642,110
2025-02-18 15:00:00,DDPG,0.17245613836103607,0.0,0.0,0.0,0.0,0.0,-9.508772327792785,110
2025-02-18 16:00:00,DDPG,0.1722289036276208,0.0,0.0,0.0,0.0,0.0,-9.55421927447584,110
2025-02-18 17:00:00,DDPG,0.17209394242702453,0.0,0.0,0.0,0.0,0.0,-9.581211514595095,110
2025-02-18 18:00:00,DDPG,0.17204028570970176,0.0,0.0,0.0,0.0,0.0,-9.59194285805965,110
2025-02-18 19:00:00,DDPG,0.17201352250562568,0.0,0.0,0.0,0.0,0.0,-9.597295498874864,110
2025-02-18 20:00:00,DDPG,0.171986791799726,0.0,0.0,0.0,0.0,0.0,-9.602641640054799,110
2025-02-18 21:00:00,DDPG,0.17196009355254063,0.0,0.0,0.0,0.0,0.0,-9.607981289491875,110
2025-02-18 22:00:00,DDPG,0.1719423163339505,0.0,0.0,0.0,0.0,0.0,-9.611536733209903,110
2025-02-18 23:00:00,DDPG,0.17192455350644203,0.0,0.0,0.0,0.0,0.0,-9.615089298711593,110
2025-02-19 00:00:00,DDPG,0.1719068050583654,0.0,0.0,0.0,0.0,0.0,-9.618638988326921,110
2025-02-19 01:00:00,DDPG,0.17188907097808007,0.0,0.0,0.0,0.0,0.0,-9.622185804383987,110
2025-02-19 02:00:00,DDPG,0.17219541996332097,0.0,0.0,0.0,0.0,0.0,-9.560916007335807,110
2025-02-19 03:00:00,DDPG,0.17216846838193695,0.0,0.0,0.0,0.0,0.0,-9.566306323612611,110
2025-02-19 04:00:00,DDPG,0.17213257657598524,0.0,0.0,0.0,0.0,0.0,-9.573484684802953,110
2025-02-19 05:00:00,DDPG,0.1727531019170418,0.0,0.0,0.0,0.0,0.0,-9.44937961659164,110
2025-02-19 06:00:00,DDPG,0.17272547315042824,0.0,0.0,0.0,0.0,0.0,-9.454905369914352,110
2025-02-19 07:00:00,DDPG,0.17267948112143333,0.0,0.0,0.0,0.0,0.0,-9.464103775713333,110
2025-02-19 08:00:00,DDPG,0.17254178427176747,0.0,0.0,0.0,0.0,0.0,-9.491643145646506,110
2025-02-19 09:00:00,DDPG,0.172295434772226,0.0,0.0,0.0,0.0,0.0,-9.540913045554799,110
2025-02-19 10:00:00,DDPG,0.17195250975168178,0.0,0.0,0.0,0.0,0.0,-9.609498049663646,110
2025-02-19 11:00:00,DDPG,0.1715437749272576,0.0,0.0,0.0,0.0,0.0,-9.691245014548484,110
2025-02-19 12:00:00,DDPG,0.17110776995849167,0.0,0.0,0.0,0.0,0.0,-9.778446008301668,110
2025-02-19 13:00:00,DDPG,0.1706805888998079,0.0,0.0,0.0,0.0,0.0,-9.863882220038423,110
2025-02-19 14:00:00,DDPG,0.17029553603029243,0.0,0.0,0.0,0.0,0.0,-9.940892793941513,110
2025-02-19 15:00:00,DDPG,0.1699833713570646,0.0,0.0,0.0,0.0,0.0,-10.00332572858708,110
2025-02-19 16:00:00,DDPG,0.16976498165580525,0.0,0.0,0.0,0.0,0.0,-10.04700366883895,110
2025-02-19 17:00:00,DDPG,0.16996815447301847,0.0,0.0,0.0,0.0,0.0,-10.006369105396306,110
2025-02-19 18:00:00,DDPG,0.16991157803534493,0.0,0.0,0.0,0.0,0.0,-10.017684392931015,110
2025-02-19 19:00:00,DDPG,0.1698793402423353,0.0,0.0,0.0,0.0,0.0,-10.024131951532938,110
2025-02-19 20:00:00,DDPG,0.16985520104346963,0.0,0.0,0.0,0.0,0.0,-10.028959791306075,110
2025-02-19 21:00:00,DDPG,0.16983109115648828,0.0,0.0,0.0,0.0,0.0,-10.033781768702344,110
2025-02-19 22:00:00,DDPG,0.16981503741602827,0.0,0.0,0.0,0.0,0.0,-10.036992516794346,110
2025-02-19 23:00:00,DDPG,0.16979097629916595,0.0,0.0,0.0,0.0,0.0,-10.04180474016681,110
2025-02-20 00:00:00,DDPG,0.16977495503263806,0.0,0.0,0.0,0.0,0.0,-10.045008993472388,110
2025-02-20 01:00:00,DDPG,0.16975894673570688,0.0,0.0,0.0,0.0,0.0,-10.048210652858625,110
2025-02-20 02:00:00,DDPG,0.1697349537289564,0.0,0.0,0.0,0.0,0.0,-10.053009254208723,110
2025-02-20 03:00:00,DDPG,0.1697109898565712,0.0,0.0,0.0,0.0,0.0,-10.057802028685758,110
2025-02-20 04:00:00,DDPG,0.16968705508317394,0.0,0.0,0.0,0.0,0.0,-10.062588983365211,110
2025-02-20 05:00:00,DDPG,0.1696631493734301,0.0,0.0,0.0,0.0,0.0,-10.067370125313978,110
2025-02-20 06:00:00,DDPG,0.16963927269204807,0.0,0.0,0.0,0.0,0.0,-10.072145461590388,110
2025-02-20 07:00:00,DDPG,0.16992410112503406,0.0,0.0,0.0,0.0,0.0,-10.015179774993188,110
2025-02-20 08:00:00,DDPG,0.17013444289201302,0.0,0.0,0.0,0.0,0.0,-9.973111421597396,110
2025-02-20 09:00:00,DDPG,0.16993885116106203,0.0,0.0,0.0,0.0,0.0,-10.012229767787595,110
2025-02-20 10:00:00,DDPG,0.170009611438087,0.0,0.0,0.0,0.0,0.0,-9.998077712382603,110
2025-02-20 11:00:00,DDPG,0.16970184455739643,0.0,0.0,0.0,0.0,0.0,-10.059631088520716,110
2025-02-20 12:00:00,DDPG,0.17003873532805444,0.0,0.0,0.0,0.0,0.0,-9.992252934389112,110
2025-02-20 13:00:00,DDPG,0.17002574349414418,0.0,0.0,0.0,0.0,0.0,-9.994851301171165,110
2025-02-20 14:00:00,DDPG,0.1696772001966628,0.0,0.0,0.0,0.0,0.0,-10.064559960667442,110
2025-02-20 15:00:00,DDPG,0.1693984398605434,0.0,0.0,0.0,0.0,0.0,-10.12031202789132,110
2025-02-20 16:00:00,DDPG,0.16919429437439196,0.0,0.0,0.0,0.0,0.0,-10.16114112512161,110
2025-02-20 17:00:00,DDPG,0.16907775758711888,0.0,0.0,0.0,0.0,0.0,-10.184448482576226,110
2025-02-20 18:00:00,DDPG,0.1690159819911225,0.0,0.0,0.0,0.0,0.0,-10.1968036017755,110
2025-02-20 19:00:00,DDPG,0.1689774972656643,0.0,0.0,0.0,0.0,0.0,-10.20450054686714,110
2025-02-20 20:00:00,DDPG,0.1689544531618417,0.0,0.0,0.0,0.0,0.0,-10.209109367631658,110
2025-02-20 21:00:00,DDPG,0.16893143704014518,0.0,0.0,0.0,0.0,0.0,-10.213712591970964,110
2025-02-20 22:00:00,DDPG,0.1689161115911127,0.0,0.0,0.0,0.0,0.0,-10.216777681777462,110
2025-02-20 23:00:00,DDPG,0.16889314202703778,0.0,0.0,0.0,0.0,0.0,-10.221371594592444,110
2025-02-21 00:00:00,DDPG,0.16953605749743353,0.0,0.0,0.0,0.0,0.0,-10.092788500513294,110
2025-02-21 01:00:00,DDPG,0.17017819228475808,0.0,0.0,0.0,0.0,0.0,-9.964361543048383,110
2025-02-21 02:00:00,DDPG,0.1701536901941266,0.0,0.0,0.0,0.0,0.0,-9.96926196117468,110
2025-02-21 03:00:00,DDPG,0.17012106041000277,0.0,0.0,0.0,0.0,0.0,-9.975787917999446,110
2025-02-21 04:00:00,DDPG,0.17075407075664056,0.0,0.0,0.0,0.0,0.0,-9.849185848671887,110
2025-02-21 05:00:00,DDPG,0.17238443718176472,0.0,0.0,0.0,0.0,0.0,-9.523112563647057,110
2025-02-21 06:00:00,DDPG,0.17367937031521646,0.0,0.0,0.0,0.0,0.0,-9.264125936956708,110
2025-02-21 07:00:00,DDPG,0.1742770565437678,0.0,0.0,0.0,0.0,0.0,-9.144588691246442,110
2025-02-21 08:00:00,DDPG,0.17479227917665685,0.0,0.0,0.0,0.0,0.0,-9.04154416466863,110
2025-02-21 09:00:00,DDPG,0.18281722883162335,0.0,0.0,0.0,0.0,0.0,-7.436554233675331,110
2025-02-21 10:00:00,DDPG,0.1827346015396964,0.0,0.0,0.0,0.0,0.0,-7.453079692060722,110
2025-02-21 11:00:00,DDPG,0.18213836415450907,0.0,0.0,0.0,0.0,0.0,-7.5723271690981875,110
2025-02-21 12:00:00,DDPG,0.18148794487995354,0.0,0.0,0.0,0.0,0.0,-7.702411024009292,110
2025-02-21 13:00:00,DDPG,0.1808634339731678,0.0,0.0,0.0,0.0,0.0,-7.827313205366444,110
2025-02-21 14:00:00,DDPG,0.1806537949993332,0.0,0.0,0.0,0.0,0.0,-7.869241000133359,110
2025-02-21 15:00:00,DDPG,0.18056068642370746,0.0,0.0,0.0,0.0,0.0,-7.887862715258509,110
2025-02-21 16:00:00,DDPG,0.1802514413825152,0.0,0.0,0.0,0.0,0.0,-7.949711723496961,110
2025-02-21 17:00:00,DDPG,0.18005552728594273,0.0,0.0,0.0,0.0,0.0,-7.988894542811453,110
2025-02-21 18:00:00,DDPG,0.17997036995863255,0.0,0.0,0.0,0.0,0.0,-8.005926008273489,110
2025-02-21 19:00:00,DDPG,0.17992184650250906,0.0,0.0,0.0,0.0,0.0,-8.015630699498189,110
2025-02-21 20:00:00,DDPG,0.179885512831756,0.0,0.0,0.0,0.0,0.0,-8.0228974336488,110
2025-02-21 21:00:00,DDPG,0.1798492232804603,0.0,0.0,0.0,0.0,0.0,-8.030155343907941,110
2025-02-21 22:00:00,DDPG,0.17981297779504832,0.0,0.0,0.0,0.0,0.0,-8.037404440990336,110
2025-02-21 23:00:00,DDPG,0.17977677632201144,0.0,0.0,0.0,0.0,0.0,-8.04464473559771,110
2025-02-22 00:00:00,DDPG,0.17974061880790615,0.0,0.0,0.0,0.0,0.0,-8.051876238418771,110
2025-02-22 01:00:00,DDPG,0.1797045051993537,0.0,0.0,0.0,0.0,0.0,-8.059098960129262,110
2025-02-22 02:00:00,DDPG,0.1796684354430402,0.0,0.0,0.0,0.0,0.0,-8.06631291139196,110
2025-02-22 03:00:00,DDPG,0.1796324094857165,0.0,0.0,0.0,0.0,0.0,-8.073518102856703,110
2025-02-22 04:00:00,DDPG,0.1799050978633446,0.0,0.0,0.0,0.0,0.0,-8.01898042733108,110
2025-02-22 05:00:00,DDPG,0.18152064833981985,0.0,0.0,0.0,0.0,0.0,-7.69587033203603,110
2025-02-22 06:00:00,DDPG,0.18180240855996807,0.0,0.0,0.0,0.0,0.0,-7.639518288006386,110
2025-02-22 07:00:00,DDPG,0.18237707951349263,0.0,0.0,0.0,0.0,0.0,-7.524584097301474,110
2025-02-22 08:00:00,DDPG,0.18220671440462402,0.0,0.0,0.0,0.0,0.0,-7.558657119075196,110
2025-02-22 09:00:00,DDPG,0.18190688523004764,0.0,0.0,0.0,0.0,0.0,-7.618622953990473,110
2025-02-22 10:00:00,DDPG,0.1814677857142627,0.0,0.0,0.0,0.0,0.0,-7.7064428571474615,110
2025-02-22 11:00:00,DDPG,0.18099651816154194,0.0,0.0,0.0,0.0,0.0,-7.800696367691611,110
2025-02-22 12:00:00,DDPG,0.1805072159819919,0.0,0.0,0.0,0.0,0.0,-7.89855680360162,110
2025-02-22 13:00:00,DDPG,0.1800503341045473,0.0,0.0,0.0,0.0,0.0,-7.989933179090542,110
2025-02-22 14:00:00,DDPG,0.17966111072947888,0.0,0.0,0.0,0.0,0.0,-8.067777854104225,110
2025-02-22 15:00:00,DDPG,0.17928893441151614,0.0,0.0,0.0,0.0,0.0,-8.142213117696773,110
2025-02-22 16:00:00,DDPG,0.18136627795834356,0.0,0.0,0.0,0.0,0.0,-7.726744408331287,110
2025-02-22 17:00:00,DDPG,0.18189032175251316,0.0,0.0,0.0,0.0,0.0,-7.6219356494973685,110
2025-02-22 18:00:00,DDPG,0.18214539763778087,0.0,0.0,0.0,0.0,0.0,-7.570920472443827,110
2025-02-22 19:00:00,DDPG,0.18210636394064927,0.0,0.0,0.0,0.0,0.0,-7.578727211870145,110
2025-02-22 20:00:00,DDPG,0.1820803730746021,0.0,0.0,0.0,0.0,0.0,-7.583925385079581,110
2025-02-22 21:00:00,DDPG,0.18205440324877978,0.0,0.0,0.0,0.0,0.0,-7.589119350244044,110
2025-02-22 22:00:00,DDPG,0.18201548004483484,0.0,0.0,0.0,0.0,0.0,-7.596903991033033,110
2025-02-22 23:00:00,DDPG,0.18198956275146522,0.0,0.0,0.0,0.0,0.0,-7.602087449706957,110
2025-02-23 00:00:00,DDPG,0.18196366643876166,0.0,0.0,0.0,0.0,0.0,-7.607266712247668,110
2025-02-23 01:00:00,DDPG,0.1819377910897398,0.0,0.0,0.0,0.0,0.0,-7.612441782052043,110
2025-02-23 02:00:00,DDPG,0.18191193668742905,0.0,0.0,0.0,0.0,0.0,-7.6176126625141904,110
2025-02-23 03:00:00,DDPG,0.1855354007643086,0.0,0.0,0.0,0.0,0.0,-6.892919847138279,110
2025-02-23 04:00:00,DDPG,0.18583969750337245,0.0,0.0,0.0,0.0,0.0,-6.832060499325509,110
2025-02-23 05:00:00,DDPG,0.18746082072783263,0.0,0.0,0.0,0.0,0.0,-6.507835854433475,110
2025-02-23 06:00:00,DDPG,0.18773296352601931,0.0,0.0,0.0,0.0,0.0,-6.453407294796136,110
2025-02-23 07:00:00,DDPG,0.18764132632888472,0.0,0.0,0.0,0.0,0.0,-6.471734734223055,110
2025-02-23 08:00:00,DDPG,0.1873975539298024,0.0,0.0,0.0,0.0,0.0,-6.520489214039522,110
2025-02-23 09:00:00,DDPG,0.18697371498526466,0.0,0.0,0.0,0.0,0.0,-6.605257002947068,110
2025-02-23 10:00:00,DDPG,0.18643495513833652,0.0,0.0,0.0,0.0,0.0,-6.713008972332695,110
2025-02-23 11:00:00,DDPG,0.18583030838282652,0.0,0.0,0.0,0.0,0.0,-6.833938323434696,110
2025-02-23 12:00:00,DDPG,0.18519218765257997,0.0,0.0,0.0,0.0,0.0,-6.961562469484006,110
2025-02-23 13:00:00,DDPG,0.18457967600557912,0.0,0.0,0.0,0.0,0.0,-7.084064798884176,110
2025-02-23 14:00:00,DDPG,0.18431948818015095,0.0,0.0,0.0,0.0,0.0,-7.13610236396981,110
2025-02-23 15:00:00,DDPG,0.18386107787374464,0.0,0.0,0.0,0.0,0.0,-7.2277844252510715,110
2025-02-23 16:00:00,DDPG,0.18350473033993048,0.0,0.0,0.0,0.0,0.0,-7.299053932013905,110
2025-02-23 17:00:00,DDPG,0.1832877473243957,0.0,0.0,0.0,0.0,0.0,-7.342450535120859,110
2025-02-23 18:00:00,DDPG,0.1831934320403099,0.0,0.0,0.0,0.0,0.0,-7.361313591938018,110
2025-02-23 19:00:00,DDPG,0.18313969029319702,0.0,0.0,0.0,0.0,0.0,-7.372061941360597,110
2025-02-23 20:00:00,DDPG,0.18309944924069815,0.0,0.0,0.0,0.0,0.0,-7.38011015186037,110
2025-02-23 21:00:00,DDPG,0.1830458596562132,0.0,0.0,0.0,0.0,0.0,-7.39082806875736,110
2025-02-23 22:00:00,DDPG,0.1846563250897857,0.0,0.0,0.0,0.0,0.0,-7.068734982042862,110
2025-02-23 23:00:00,DDPG,0.1862641831031324,0.0,0.0,0.0,0.0,0.0,-6.7471633793735215,110
2025-02-24 00:00:00,DDPG,0.18620546966382254,0.0,0.0,0.0,0.0,0.0,-6.758906067235493,110
2025-02-24 01:00:00,DDPG,0.1871301728799791,0.0,0.0,0.0,0.0,0.0,-6.5739654240041805,110
2025-02-24 02:00:00,DDPG,0.18738768721264262,0.0,0.0,0.0,0.0,0.0,-6.522462557471476,110
2025-02-24 03:00:00,DDPG,0.18765994841747297,0.0,0.0,0.0,0.0,0.0,-6.468010316505406,110
2025-02-24 04:00:00,DDPG,0.18793176881844784,0.0,0.0,0.0,0.0,0.0,-6.4136462363104325,110
2025-02-24 05:00:00,DDPG,0.18787035547845607,0.0,0.0,0.0,0.0,0.0,-6.425928904308787,110
2025-02-24 06:00:00,DDPG,0.1878090415695862,0.0,0.0,0.0,0.0,0.0,-6.438191686082762,110
2025-02-24 07:00:00,DDPG,0.1883666937295835,0.0,0.0,0.0,0.0,0.0,-6.326661254083298,110
2025-02-24 08:00:00,DDPG,0.18882797057130798,0.0,0.0,0.0,0.0,0.0,-6.234405885738404,110
2025-02-24 09:00:00,DDPG,0.18846650065479892,0.0,0.0,0.0,0.0,0.0,-6.306699869040216,110
2025-02-24 10:00:00,DDPG,0.18792155856218926,0.0,0.0,0.0,0.0,0.0,-6.4156882875621495,110
2025-02-24 11:00:00,DDPG,0.18732293967345756,0.0,0.0,0.0,0.0,0.0,-6.535412065308488,110
2025-02-24 12:00:00,DDPG,0.18667334279485526,0.0,0.0,0.0,0.0,0.0,-6.665331441028949,110
2025-02-24 13:00:00,DDPG,0.1860498959673427,0.0,0.0,0.0,0.0,0.0,-6.7900208065314605,110
2025-02-24 14:00:00,DDPG,0.18551000585868893,0.0,0.0,0.0,0.0,0.0,-6.897998828262214,110
2025-02-24 15:00:00,DDPG,0.18503569363757644,0.0,0.0,0.0,0.0,0.0,-6.9928612724847135,110
2025-02-24 16:00:00,DDPG,0.18466698467120005,0.0,0.0,0.0,0.0,0.0,-7.066603065759992,110
2025-02-24 17:00:00,DDPG,0.18444247467523417,0.0,0.0,0.0,0.0,0.0,-7.1115050649531675,110
2025-02-24 18:00:00,DDPG,0.18434488766365437,0.0,0.0,0.0,0.0,0.0,-7.131022467269126,110
2025-02-24 19:00:00,DDPG,0.18428928165505606,0.0,0.0,0.0,0.0,0.0,-7.142143668988787,110
2025-02-24 20:00:00,DDPG,0.18421988668027797,0.0,0.0,0.0,0.0,0.0,-7.156022663944405,110
2025-02-24 21:00:00,DDPG,0.18415063214771074,0.0,0.0,0.0,0.0,0.0,-7.1698735704578525,110
2025-02-24 22:00:00,DDPG,0.1840815177731261,0.0,0.0,0.0,0.0,0.0,-7.183696445374782,110
2025-02-24 23:00:00,DDPG,0.18401254327287095,0.0,0.0,0.0,0.0,0.0,-7.19749134542581,110
2025-02-25 00:00:00,DDPG,0.18395747534566723,0.0,0.0,0.0,0.0,0.0,-7.208504930866555,110
2025-02-25 01:00:00,DDPG,0.18424916983989037,0.0,0.0,0.0,0.0,0.0,-7.150166032021925,110
2025-02-25 02:00:00,DDPG,0.18452651245380036,0.0,0.0,0.0,0.0,0.0,-7.0946975092399285,110
2025-02-25 03:00:00,DDPG,0.18445663736907245,0.0,0.0,0.0,0.0,0.0,-7.1086725261855115,110
2025-02-25 04:00:00,DDPG,0.18441479716655285,0.0,0.0,0.0,0.0,0.0,-7.117040566689431,110
2025-02-25 05:00:00,DDPG,0.18437300776999346,0.0,0.0,0.0,0.0,0.0,-7.125398446001308,110
2025-02-25 06:00:00,DDPG,0.18433126911770134,0.0,0.0,0.0,0.0,0.0,-7.1337461764597325,110
2025-02-25 07:00:00,DDPG,0.18456638607742343,0.0,0.0,0.0,0.0,0.0,-7.086722784515315,110
2025-02-25 08:00:00,DDPG,0.1843425275771125,0.0,0.0,0.0,0.0,0.0,-7.1314944845775,110
2025-02-25 09:00:00,DDPG,0.18396721281144832,0.0,0.0,0.0,0.0,0.0,-7.206557437710337,110
2025-02-25 10:00:00,DDPG,0.18344476472868176,0.0,0.0,0.0,0.0,0.0,-7.311047054263646,110
2025-02-25 11:00:00,DDPG,0.18284912939494238,0.0,0.0,0.0,0.0,0.0,-7.4301741210115235,110
2025-02-25 12:00:00,DDPG,0.18222421381431003,0.0,0.0,0.0,0.0,0.0,-7.555157237137994,110
2025-02-25 13:00:00,DDPG,0.1816503159111409,0.0,0.0,0.0,0.0,0.0,-7.669936817771822,110
2025-02-25 14:00:00,DDPG,0.181150693067115,0.0,0.0,0.0,0.0,0.0,-7.7698613865769985,110
2025-02-25 15:00:00,DDPG,0.18072200019585805,0.0,0.0,0.0,0.0,0.0,-7.855599960828391,110
2025-02-25 16:00:00,DDPG,0.18038625262228902,0.0,0.0,0.0,0.0,0.0,-7.922749475542195,110
2025-02-25 17:00:00,DDPG,0.18018946546244943,0.0,0.0,0.0,0.0,0.0,-7.962106907510114,110
2025-02-25 18:00:00,DDPG,0.18010392864363914,0.0,0.0,0.0,0.0,0.0,-7.979214271272173,110
2025-02-25 19:00:00,DDPG,0.1800551889496447,0.0,0.0,0.0,0.0,0.0,-7.98896221007106,110
2025-02-25 20:00:00,DDPG,0.180018693363063,0.0,0.0,0.0,0.0,0.0,-7.9962613273873995,110
2025-02-25 21:00:00,DDPG,0.1799822420925507,0.0,0.0,0.0,0.0,0.0,-8.003551581489859,110
2025-02-25 22:00:00,DDPG,0.18026649306567072,0.0,0.0,0.0,0.0,0.0,-7.946701386865858,110
2025-02-25 23:00:00,DDPG,0.18055028382292945,0.0,0.0,0.0,0.0,0.0,-7.88994323541411,110
2025-02-26 00:00:00,DDPG,0.1805008214586447,0.0,0.0,0.0,0.0,0.0,-7.899835708271059,110
2025-02-26 01:00:00,DDPG,0.1804390936056927,0.0,0.0,0.0,0.0,0.0,-7.912181278861457,110
2025-02-26 02:00:00,DDPG,0.18038981126366443,0.0,0.0,0.0,0.0,0.0,-7.9220377472671135,110
2025-02-26 03:00:00,DDPG,0.1803406087120947,0.0,0.0,0.0,0.0,0.0,-7.93187825758106,110
2025-02-26 04:00:00,DDPG,0.18029148582179894,0.0,0.0,0.0,0.0,0.0,-7.941702835640214,110
2025-02-26 05:00:00,DDPG,0.18024244246380172,0.0,0.0,0.0,0.0,0.0,-7.951511507239655,110
2025-02-26 06:00:00,DDPG,0.18018123752072024,0.0,0.0,0.0,0.0,0.0,-7.963752495855953,110
2025-02-26 07:00:00,DDPG,0.18009572401441154,0.0,0.0,0.0,0.0,0.0,-7.980855197117691,110
2025-02-26 08:00:00,DDPG,0.1799129999757526,0.0,0.0,0.0,0.0,0.0,-8.01740000484948,110
2025-02-26 09:00:00,DDPG,0.1796466318331114,0.0,0.0,0.0,0.0,0.0,-8.070673633377723,110
2025-02-26 10:00:00,DDPG,0.17934663615384777,0.0,0.0,0.0,0.0,0.0,-8.130672769230445,110
2025-02-26 11:00:00,DDPG,0.17900216254375617,0.0,0.0,0.0,0.0,0.0,-8.199567491248766,110
2025-02-26 12:00:00,DDPG,0.17862651548604655,0.0,0.0,0.0,0.0,0.0,-8.27469690279069,110
2025-02-26 13:00:00,DDPG,0.17824414702919722,0.0,0.0,0.0,0.0,0.0,-8.351170594160557,110
2025-02-26 14:00:00,DDPG,0.17791261454144974,0.0,0.0,0.0,0.0,0.0,-8.417477091710051,110
2025-02-26 15:00:00,DDPG,0.177618867502704,0.0,0.0,0.0,0.0,0.0,-8.4762264994592,110
2025-02-26 16:00:00,DDPG,0.1774511815214376,0.0,0.0,0.0,0.0,0.0,-8.50976369571248,110
2025-02-26 17:00:00,DDPG,0.1773289584037112,0.0,0.0,0.0,0.0,0.0,-8.534208319257758,110
2025-02-26 18:00:00,DDPG,0.17725152635490068,0.0,0.0,0.0,0.0,0.0,-8.549694729019864,110
2025-02-26 19:00:00,DDPG,0.17720740483604036,0.0,0.0,0.0,0.0,0.0,-8.558519032791928,110
2025-02-26 20:00:00,DDPG,0.1771633547520201,0.0,0.0,0.0,0.0,0.0,-8.567329049595978,110
2025-02-26 21:00:00,DDPG,0.1771193759871835,0.0,0.0,0.0,0.0,0.0,-8.576124802563301,110
2025-02-26 22:00:00,DDPG,0.1770754684260614,0.0,0.0,0.0,0.0,0.0,-8.584906314787721,110
2025-02-26 23:00:00,DDPG,0.1770316319533716,0.0,0.0,0.0,0.0,0.0,-8.59367360932568,110
2025-02-27 00:00:00,DDPG,0.1769878664540185,0.0,0.0,0.0,0.0,0.0,-8.602426709196298,110
2025-02-27 01:00:00,DDPG,0.17694417181309297,0.0,0.0,0.0,0.0,0.0,-8.611165637381408,110
2025-02-27 02:00:00,DDPG,0.17690054791587176,0.0,0.0,0.0,0.0,0.0,-8.619890416825648,110
2025-02-27 03:00:00,DDPG,0.17685699464781748,0.0,0.0,0.0,0.0,0.0,-8.628601070436503,110
2025-02-27 04:00:00,DDPG,0.176824382582888,0.0,0.0,0.0,0.0,0.0,-8.635123483422403,110
2025-02-27 05:00:00,DDPG,0.17679181011832307,0.0,0.0,0.0,0.0,0.0,-8.641637976335387,110
2025-02-27 06:00:00,DDPG,0.17674843290194103,0.0,0.0,0.0,0.0,0.0,-8.650313419611793,110
2025-02-27 07:00:00,DDPG,0.1766834724220363,0.0,0.0,0.0,0.0,0.0,-8.66330551559274,110
2025-02-27 08:00:00,DDPG,0.176510665172065,0.0,0.0,0.0,0.0,0.0,-8.697866965586998,110
2025-02-27 09:00:00,DDPG,0.1762102109667816,0.0,0.0,0.0,0.0,0.0,-8.75795780664368,110
2025-02-27 10:00:00,DDPG,0.17581768185492194,0.0,0.0,0.0,0.0,0.0,-8.836463629015611,110
2025-02-27 11:00:00,DDPG,0.17534743122113586,0.0,0.0,0.0,0.0,0.0,-8.930513755772829,110
2025-02-27 12:00:00,DDPG,0.17485496684312524,0.0,0.0,0.0,0.0,0.0,-9.029006631374953,110
2025-02-27 13:00:00,DDPG,0.17436201000073656,0.0,0.0,0.0,0.0,0.0,-9.127597999852687,110
2025-02-27 14:00:00,DDPG,0.17391827339000887,0.0,0.0,0.0,0.0,0.0,-9.216345321998226,110
2025-02-27 15:00:00,DDPG,0.17356006877185848,0.0,0.0,0.0,0.0,0.0,-9.287986245628305,110
2025-02-27 16:00:00,DDPG,0.1733121270957356,0.0,0.0,0.0,0.0,0.0,-9.33757458085288,110
2025-02-27 17:00:00,DDPG,0.17316115332025844,0.0,0.0,0.0,0.0,0.0,-9.367769335948312,110
2025-02-27 18:00:00,DDPG,0.1730955300525177,0.0,0.0,0.0,0.0,0.0,-9.380893989496458,110
2025-02-27 19:00:00,DDPG,0.17305813728957556,0.0,0.0,0.0,0.0,0.0,-9.388372542084888,110
2025-02-27 20:00:00,DDPG,0.1730301381228668,0.0,0.0,0.0,0.0,0.0,-9.39397237542664,110
2025-02-27 21:00:00,DDPG,0.17300217295514617,0.0,0.0,0.0,0.0,0.0,-9.399565408970767,110
2025-02-27 22:00:00,DDPG,0.17297424174512918,0.0,0.0,0.0,0.0,0.0,-9.405151650974164,110
2025-02-27 23:00:00,DDPG,0.17294634445158152,0.0,0.0,0.0,0.0,0.0,-9.410731109683695,110
2025-02-28 00:00:00,DDPG,0.1729184810333189,0.0,0.0,0.0,0.0,0.0,-9.416303793336223,110
2025-02-28 01:00:00,DDPG,0.1728999279772443,0.0,0.0,0.0,0.0,0.0,-9.420014404551141,110
2025-02-28 02:00:00,DDPG,0.17288138994031035,0.0,0.0,0.0,0.0,0.0,-9.42372201193793,110
2025-02-28 03:00:00,DDPG,0.17286286691035865,0.0,0.0,0.0,0.0,0.0,-9.427426617928269,110
2025-02-28 04:00:00,DDPG,0.17284435887524074,0.0,0.0,0.0,0.0,0.0,-9.431128224951852,110
2025-02-28 05:00:00,DDPG,0.17281661929660652,0.0,0.0,0.0,0.0,0.0,-9.436676140678696,110
2025-02-28 06:00:00,DDPG,0.1727981487000331,0.0,0.0,0.0,0.0,0.0,-9.44037025999338,110
2025-02-28 07:00:00,DDPG,0.17274278176747587,0.0,0.0,0.0,0.0,0.0,-9.451443646504826,110
2025-02-28 08:00:00,DDPG,0.17258628976912346,0.0,0.0,0.0,0.0,0.0,-9.482742046175307,110
2025-02-28 09:00:00,DDPG,0.1723211697487383,0.0,0.0,0.0,0.0,0.0,-9.535766050252342,110
2025-02-28 10:00:00,DDPG,0.17197784889974577,0.0,0.0,0.0,0.0,0.0,-9.604430220050848,110
2025-02-28 11:00:00,DDPG,0.1715775380805004,0.0,0.0,0.0,0.0,0.0,-9.684492383899917,110
2025-02-28 12:00:00,DDPG,0.1711321160444101,0.0,0.0,0.0,0.0,0.0,-9.773576791117982,110
2025-02-28 13:00:00,DDPG,0.17070444226732084,0.0,0.0,0.0,0.0,0.0,-9.859111546535832,110
2025-02-28 14:00:00,DDPG,0.17031894527081975,0.0,0.0,0.0,0.0,0.0,-9.936210945836049,110
2025-02-28 15:00:00,DDPG,0.16999819620618753,0.0,0.0,0.0,0.0,0.0,-10.000360758762493,110
2025-02-28 16:00:00,DDPG,0.16975536096654098,0.0,0.0,0.0,0.0,0.0,-10.048927806691804,110
2025-02-28 17:00:00,DDPG,0.1696114290509276,0.0,0.0,0.0,0.0,0.0,-10.077714189814479,110
2025-02-28 18:00:00,DDPG,0.1695399874165278,0.0,0.0,0.0,0.0,0.0,-10.092002516694443,110
2025-02-28 19:00:00,DDPG,0.16949253316137336,0.0,0.0,0.0,0.0,0.0,-10.101493367725329,110
2025-02-28 20:00:00,DDPG,0.1694688636568203,0.0,0.0,0.0,0.0,0.0,-10.106227268635942,110
2025-02-28 21:00:00,DDPG,0.16944522289380842,0.0,0.0,0.0,0.0,0.0,-10.110955421238316,110
2025-02-28 22:00:00,DDPG,0.16941374015198035,0.0,0.0,0.0,0.0,0.0,-10.11725196960393,110
2025-02-28 23:00:00,DDPG,0.16938230838221047,0.0,0.0,0.0,0.0,0.0,-10.123538323557908,110
2025-03-01 00:00:00,DDPG,0.16935877272203206,0.0,0.0,0.0,0.0,0.0,-10.128245455593587,110
2025-03-01 01:00:00,DDPG,0.16933526564086962,0.0,0.0,0.0,0.0,0.0,-10.132946871826077,110
2025-03-01 02:00:00,DDPG,0.16931178710401998,0.0,0.0,0.0,0.0,0.0,-10.137642579196005,110
2025-03-01 03:00:00,DDPG,0.16928052040108965,0.0,0.0,0.0,0.0,0.0,-10.14389591978207,110
2025-03-01 04:00:00,DDPG,0.16924930432044027,0.0,0.0,0.0,0.0,0.0,-10.150139135911946,110
2025-03-01 05:00:00,DDPG,0.16921813878011197,0.0,0.0,0.0,0.0,0.0,-10.156372243977607,110
2025-03-01 06:00:00,DDPG,0.16918702369827748,0.0,0.0,0.0,0.0,0.0,-10.162595260344503,110
2025-03-01 07:00:00,DDPG,0.1691326604644657,0.0,0.0,0.0,0.0,0.0,-10.17346790710686,110
2025-03-01 08:00:00,DDPG,0.16898552119470325,0.0,0.0,0.0,0.0,0.0,-10.202895761059349,110
2025-03-01 09:00:00,DDPG,0.16874729810733163,0.0,0.0,0.0,0.0,0.0,-10.250540378533673,110
2025-03-01 10:00:00,DDPG,0.16842859403950697,0.0,0.0,0.0,0.0,0.0,-10.314281192098607,110
2025-03-01 11:00:00,DDPG,0.16804817520540571,0.0,0.0,0.0,0.0,0.0,-10.390364958918857,110
2025-03-01 12:00:00,DDPG,0.1676463884478568,0.0,0.0,0.0,0.0,0.0,-10.470722310428643,110
2025-03-01 13:00:00,DDPG,0.16726068881463935,0.0,0.0,0.0,0.0,0.0,-10.547862237072131,110
2025-03-01 14:00:00,DDPG,0.16691136535053355,0.0,0.0,0.0,0.0,0.0,-10.61772692989329,110
2025-03-01 15:00:00,DDPG,0.1666238721395745,0.0,0.0,0.0,0.0,0.0,-10.6752255720851,110
2025-03-01 16:00:00,DDPG,0.16640855341471905,0.0,0.0,0.0,0.0,0.0,-10.71828931705619,110
2025-03-01 17:00:00,DDPG,0.1662757227607129,1.4901161193847656e-07,0.0,0.0,0.0,0.0,-10.744855450837655,110
2025-03-01 18:00:00,DDPG,0.16621643262779887,0.0,0.0,0.0,0.0,0.0,-10.756713475930344,110
2025-03-01 19:00:00,DDPG,0.16617704986284562,0.0,0.0,0.0,0.0,0.0,-10.764590027430875,110
2025-03-01 20:00:00,DDPG,0.1661574063022979,0.0,0.0,0.0,0.0,0.0,-10.768518739540422,110
2025-03-01 21:00:00,DDPG,0.1661377865946451,0.0,0.0,0.0,0.0,0.0,-10.77244268107098,110
2025-03-01 22:00:00,DDPG,0.16611819071092304,0.0,0.0,0.0,0.0,0.0,-10.776361857815392,110
2025-03-01 23:00:00,DDPG,0.16609861862220263,0.0,0.0,0.0,0.0,0.0,-10.780276275559475,110
2025-03-02 00:00:00,DDPG,0.1660725541920524,0.0,0.0,0.0,0.0,0.0,-10.785489161589517,110
2025-03-02 01:00:00,DDPG,0.1660530375191049,0.0,0.0,0.0,0.0,0.0,-10.789392496179017,110
2025-03-02 02:00:00,DDPG,0.16603354454497457,0.0,0.0,0.0,0.0,0.0,-10.793291091005086,110
2025-03-02 03:00:00,DDPG,0.16600758547285413,0.0,0.0,0.0,0.0,0.0,-10.798482905429175,110
2025-03-02 04:00:00,DDPG,0.1659816684297076,0.0,0.0,0.0,0.0,0.0,-10.80366631405848,110
2025-03-02 05:00:00,DDPG,0.16595579334748808,0.0,0.0,0.0,0.0,0.0,-10.808841330502384,110
2025-03-02 06:00:00,DDPG,0.1659299601582588,0.0,0.0,0.0,0.0,0.0,-10.814007968348239,110
2025-03-02 07:00:00,DDPG,0.16587837743012732,0.0,0.0,0.0,0.0,0.0,-10.824324513974537,110
2025-03-02 08:00:00,DDPG,0.16574983966231766,4.470348358154297e-07,0.0,0.0,0.0,0.0,-10.850032076477166,110
2025-03-02 09:00:00,DDPG,0.16553946680397097,0.0,0.0,0.0,0.0,0.0,-10.892106643676154,110
2025-03-02 10:00:00,DDPG,0.16525013673157324,0.0,0.0,0.0,0.0,0.0,-10.949972653685352,110
2025-03-02 11:00:00,DDPG,0.16492298498883162,0.0,0.0,0.0,0.0,0.0,-11.015403002233676,110
2025-03-02 12:00:00,DDPG,0.16456660989493166,0.0,0.0,0.0,0.0,0.0,-11.086678021013668,110
2025-03-02 13:00:00,DDPG,0.16423643340397986,0.0,0.0,0.0,0.0,0.0,-11.152713319204027,110
2025-03-02 14:00:00,DDPG,0.1639310280111945,0.0,0.0,0.0,0.0,0.0,-11.2137943977611,110
2025-03-02 15:00:00,DDPG,0.163682923036138,0.0,0.0,0.0,0.0,0.0,-11.263415392772401,110
2025-03-02 16:00:00,DDPG,0.16350015876851182,1.4901161193847656e-07,0.0,0.0,0.0,0.0,-11.29996824927787,110
2025-03-02 17:00:00,DDPG,0.1633908801445924,2.5331974029541016e-06,0.0,0.0,0.0,0.0,-11.321824020255349,110
2025-03-02 18:00:00,DDPG,0.16334209957610446,1.4901161193847656e-07,0.0,0.0,0.0,0.0,-11.331580110111084,110
2025-03-02 19:00:00,DDPG,0.16331509770791475,0.0,0.0,0.0,0.0,0.0,-11.336980459907167,110
2025-03-02 20:00:00,DDPG,0.16330431881929408,0.0,0.0,0.0,0.0,0.0,-11.339136236141185,110
2025-03-02 21:00:00,DDPG,0.16329354865644036,0.0,0.0,0.0,0.0,0.0,-11.341290268711928,110
2025-03-02 22:00:00,DDPG,0.1632827872122899,0.0,0.0,0.0,0.0,0.0,-11.343442557542021,110
2025-03-02 23:00:00,DDPG,0.16327203447978472,0.0,0.0,0.0,0.0,0.0,-11.345593104043056,110
2025-03-03 00:00:00,DDPG,0.16326129045187251,0.0,0.0,0.0,0.0,0.0,-11.347741909625498,110
2025-03-03 01:00:00,DDPG,0.1632505551215067,0.0,0.0,0.0,0.0,0.0,-11.349888975698658,110
2025-03-03 02:00:00,DDPG,0.1632451918015766,0.0,0.0,0.0,0.0,0.0,-11.350961639684682,110
2025-03-03 03:00:00,DDPG,0.16323983065251405,0.0,0.0,0.0,0.0,0.0,-11.352033869497191,110
2025-03-03 04:00:00,DDPG,0.1632344716734404,0.0,0.0,0.0,0.0,0.0,-11.353105665311919,110
2025-03-03 05:00:00,DDPG,0.16322911486347735,0.0,0.0,0.0,0.0,0.0,-11.35417702730453,110
2025-03-03 06:00:00,DDPG,0.1632237602217469,0.0,0.0,0.0,0.0,0.0,-11.355247955650622,110
2025-03-03 07:00:00,DDPG,0.16319699784986955,0.0,0.0,0.0,0.0,0.0,-11.360600430026091,110
2025-03-03 08:00:00,DDPG,0.16310618993609305,0.0,0.0,0.0,0.0,0.0,-11.37876201278139,110
2025-03-03 09:00:00,DDPG,0.16294704334401194,0.0,0.0,0.0,0.0,0.0,-11.410591331197612,110
2025-03-03 10:00:00,DDPG,0.1627321840770887,0.0,0.0,0.0,0.0,0.0,-11.453563184582261,110
2025-03-03 11:00:00,DDPG,0.16247450892314763,0.0,0.0,0.0,0.0,0.0,-11.505098215370474,110
2025-03-03 12:00:00,DDPG,0.1622018517995417,0.0,0.0,0.0,0.0,0.0,-11.559629640091662,110
2025-03-03 13:00:00,DDPG,0.16193515418163743,0.0,0.0,0.0,0.0,0.0,-11.612969163672515,110
2025-03-03 14:00:00,DDPG,0.16169360939462807,0.0,0.0,0.0,0.0,0.0,-11.661278121074387,110
2025-03-03 15:00:00,DDPG,0.1614948180349194,0.0,0.0,0.0,0.0,0.0,-11.701036393016118,110
2025-03-03 16:00:00,DDPG,0.16135058543719552,0.0,0.0,0.0,0.0,0.0,-11.729882912560896,110
2025-03-03 17:00:00,DDPG,0.16126788831472452,0.0,0.0,0.0,0.0,0.0,-11.746422337055096,110
2025-03-03 18:00:00,DDPG,0.16123596263116616,0.0,0.0,0.0,0.0,0.0,-11.752807473766769,110
2025-03-03 19:00:00,DDPG,0.16122231896225686,0.0,0.0,0.0,0.0,0.0,-11.755536207548628,110
2025-03-03 20:00:00,DDPG,0.16121777659505787,0.0,0.0,0.0,0.0,0.0,-11.756444680988427,110
2025-03-03 21:00:00,DDPG,0.16121323606643603,0.0,0.0,0.0,0.0,0.0,-11.757352786712794,110
2025-03-03 22:00:00,DDPG,0.16120869737564725,0.0,0.0,0.0,0.0,0.0,-11.75826052487055,110
2025-03-03 23:00:00,DDPG,0.16120869737564725,0.0,0.0,0.0,0.0,0.0,-11.75826052487055,110
2025-03-04 00:00:00,DDPG,0.16120869737564725,0.0,0.0,0.0,0.0,0.0,-11.75826052487055,110
2025-03-04 01:00:00,DDPG,0.16120869737564725,0.0,0.0,0.0,0.0,0.0,-11.75826052487055,110
2025-03-04 02:00:00,DDPG,0.16120869737564725,0.0,0.0,0.0,0.0,0.0,-11.75826052487055,110
2025-03-04 03:00:00,DDPG,0.16120869737564725,0.0,0.0,0.0,0.0,0.0,-11.75826052487055,110
2025-03-04 04:00:00,DDPG,0.16120869737564725,0.0,0.0,0.0,0.0,0.0,-11.75826052487055,110
2025-03-04 05:00:00,DDPG,0.16120869737564725,0.0,0.0,0.0,0.0,0.0,-11.75826052487055,110
2025-03-04 06:00:00,DDPG,0.16120869737564725,0.0,0.0,0.0,0.0,0.0,-11.75826052487055,110
2025-03-04 07:00:00,DDPG,0.16119054996084858,0.0,0.0,0.0,0.0,0.0,-11.761890007830283,110
2025-03-04 08:00:00,DDPG,0.16114072536935622,0.0,0.0,0.0,0.0,0.0,-11.771854926128755,110
2025-03-04 09:00:00,DDPG,0.1610009357915074,0.0,0.0,0.0,0.0,0.0,-11.79981284169852,110
2025-03-04 10:00:00,DDPG,0.16079610884415121,0.0,0.0,0.0,0.0,0.0,-11.840778231169757,110
2025-03-04 11:00:00,DDPG,0.1605513970436838,0.0,0.0,0.0,0.0,0.0,-11.889720591263242,110
2025-03-04 12:00:00,DDPG,0.16034639847254936,0.0,0.0,0.0,0.0,0.0,-11.930720305490128,110
2025-03-04 13:00:00,DDPG,0.16013281924693745,0.0,0.0,0.0,0.0,0.0,-11.97343615061251,110
2025-03-04 14:00:00,DDPG,0.15990724338989254,0.0,0.0,0.0,0.0,0.0,-12.018551322021493,110
2025-03-04 15:00:00,DDPG,0.1597227799534426,0.0,0.0,0.0,0.0,0.0,-12.055444009311477,110
2025-03-04 16:00:00,DDPG,0.1595929113926359,0.0,0.0,0.0,0.0,0.0,-12.081417721472821,110
2025-03-04 17:00:00,DDPG,0.15951913733597348,0.0,0.0,0.0,0.0,0.0,-12.096172532805305,110
2025-03-04 18:00:00,DDPG,0.1594998724151745,0.0,0.0,0.0,0.0,0.0,-12.100025516965102,110
2025-03-04 19:00:00,DDPG,0.15949218204226698,0.0,0.0,0.0,0.0,0.0,-12.101563591546604,110
2025-03-04 20:00:00,DDPG,0.15949218204226698,0.0,0.0,0.0,0.0,0.0,-12.101563591546604,110
2025-03-04 21:00:00,DDPG,0.15949218204226698,0.0,0.0,0.0,0.0,0.0,-12.101563591546604,110
2025-03-04 22:00:00,DDPG,0.15949218204226698,0.0,0.0,0.0,0.0,0.0,-12.101563591546604,110
2025-03-04 23:00:00,DDPG,0.15949218204226698,0.0,0.0,0.0,0.0,0.0,-12.101563591546604,110
2025-03-05 00:00:00,DDPG,0.15949218204226698,0.0,0.0,0.0,0.0,0.0,-12.101563591546604,110
2025-03-05 01:00:00,DDPG,0.15949218204226698,0.0,0.0,0.0,0.0,0.0,-12.101563591546604,110
2025-03-05 02:00:00,DDPG,0.15949218204226698,0.0,0.0,0.0,0.0,0.0,-12.101563591546604,110
2025-03-05 03:00:00,DDPG,0.15949218204226698,0.0,0.0,0.0,0.0,0.0,-12.101563591546604,110
2025-03-05 04:00:00,DDPG,0.15949218204226698,0.0,0.0,0.0,0.0,0.0,-12.101563591546604,110
2025-03-05 05:00:00,DDPG,0.15949218204226698,0.0,0.0,0.0,0.0,0.0,-12.101563591546604,110
2025-03-05 06:00:00,DDPG,0.15949218204226698,0.0,0.0,0.0,0.0,0.0,-12.101563591546604,110
2025-03-05 07:00:00,DDPG,0.15947681374753186,0.0,0.0,0.0,0.0,0.0,-12.104637250493628,110
2025-03-05 08:00:00,DDPG,0.15942311180296254,0.0,0.0,0.0,0.0,0.0,-12.115377639407493,110
2025-03-05 09:00:00,DDPG,0.15932775888590875,0.0,0.0,0.0,0.0,0.0,-12.13444822281825,110
2025-03-05 10:00:00,DDPG,0.15917673802775595,0.0,0.0,0.0,0.0,0.0,-12.16465239444881,110
2025-03-05 11:00:00,DDPG,0.15897244635975707,0.0,0.0,0.0,0.0,0.0,-12.205510728048585,110
2025-03-05 12:00:00,DDPG,0.15875817579549908,0.0,0.0,0.0,0.0,0.0,-12.248364840900184,110
2025-03-05 13:00:00,DDPG,0.15854547724046553,0.0,0.0,0.0,0.0,0.0,-12.290904551906895,110
2025-03-05 14:00:00,DDPG,0.15835177975634832,0.0,0.0,0.0,0.0,0.0,-12.329644048730337,110
2025-03-05 15:00:00,DDPG,0.15819289708907872,0.0,0.0,0.0,0.0,0.0,-12.361420582184257,110
2025-03-05 16:00:00,DDPG,0.15807683104698345,0.0,0.0,0.0,0.0,0.0,-12.384633790603312,110
2025-03-05 17:00:00,DDPG,0.1580147163701221,0.0,0.0,0.0,0.0,0.0,-12.397056725975581,110
2025-03-05 18:00:00,DDPG,0.15799200800707341,0.0,0.0,0.0,0.0,0.0,-12.401598398585318,110
2025-03-05 19:00:00,DDPG,0.15797906856553814,0.0,0.0,0.0,0.0,0.0,-12.404186286892372,110
2025-03-05 20:00:00,DDPG,0.15797906856553814,0.0,0.0,0.0,0.0,0.0,-12.404186286892372,110
2025-03-05 21:00:00,DDPG,0.1583124018988715,0.0,0.0,0.0,0.0,0.0,-12.3375196202257,110
2025-03-05 22:00:00,DDPG,0.15864573523220482,0.0,0.0,0.0,0.0,0.0,-12.270852953559036,110
2025-03-05 23:00:00,DDPG,0.15897906856553817,0.0,0.0,0.0,0.0,0.0,-12.204186286892366,110
2025-03-06 00:00:00,DDPG,0.15897906856553817,0.0,0.0,0.0,0.0,0.0,-12.204186286892366,110
2025-03-06 01:00:00,DDPG,0.1593124018988715,0.0,0.0,0.0,0.0,0.0,-12.137519620225701,110
2025-03-06 02:00:00,DDPG,0.1593124018988715,0.0,0.0,0.0,0.0,0.0,-12.137519620225701,110
2025-03-06 03:00:00,DDPG,0.15997502941873787,0.0,0.0,0.0,0.0,0.0,-12.004994116252426,110
2025-03-06 04:00:00,DDPG,0.15997099190683028,0.0,0.0,0.0,0.0,0.0,-12.005801618633944,110
2025-03-06 05:00:00,DDPG,0.1599669560291537,0.0,0.0,0.0,0.0,0.0,-12.00660879416926,110
2025-03-06 06:00:00,DDPG,0.15996292178504667,0.0,0.0,0.0,0.0,0.0,-12.007415642990665,110
2025-03-06 07:00:00,DDPG,0.15993872611785442,0.0,0.0,0.0,0.0,0.0,-12.012254776429115,110
2025-03-06 08:00:00,DDPG,0.15986631539899576,0.0,0.0,0.0,0.0,0.0,-12.026736920200849,110
2025-03-06 09:00:00,DDPG,0.15973452961473775,0.0,0.0,0.0,0.0,0.0,-12.053094077052451,110
2025-03-06 10:00:00,DDPG,0.1595493417775431,0.0,0.0,0.0,0.0,0.0,-12.09013164449138,110
2025-03-06 11:00:00,DDPG,0.15932515961105126,0.0,0.0,0.0,0.0,0.0,-12.134968077789749,110
2025-03-06 12:00:00,DDPG,0.1590949169797022,0.0,0.0,0.0,0.0,0.0,-12.181016604059558,110
2025-03-06 13:00:00,DDPG,0.15887772170040124,0.0,0.0,0.0,0.0,0.0,-12.224455659919753,110
2025-03-06 14:00:00,DDPG,0.15868727343249503,0.0,0.0,0.0,0.0,0.0,-12.262545313500993,110
2025-03-06 15:00:00,DDPG,0.15853958978414262,0.0,0.0,0.0,0.0,0.0,-12.292082043171476,110
2025-03-06 16:00:00,DDPG,0.1584393517568371,1.4901161193847656e-07,0.0,0.0,0.0,0.0,-12.312129651612814,110
2025-03-06 17:00:00,DDPG,0.15837786751661273,7.450580596923828e-07,0.0,0.0,0.0,0.0,-12.324426510088498,110
2025-03-06 18:00:00,DDPG,0.15835073918370177,0.0,0.0,0.0,0.0,0.0,-12.329852170710227,110
2025-03-06 19:00:00,DDPG,0.15867001259010277,0.0,0.0,0.0,0.0,0.0,-12.265997481979445,110
2025-03-06 20:00:00,DDPG,0.15865948471767194,0.0,0.0,0.0,0.0,0.0,-12.268103056465613,110
2025-03-06 21:00:00,DDPG,0.15864896962908623,0.0,0.0,0.0,0.0,0.0,-12.270206074182754,110
2025-03-06 22:00:00,DDPG,0.15863846730882233,0.0,0.0,0.0,0.0,0.0,-12.272306538235533,110
2025-03-06 23:00:00,DDPG,0.15896453775592154,0.0,0.0,0.0,0.0,0.0,-12.207092448815693,110
2025-03-07 00:00:00,DDPG,0.15995647122535722,0.0,0.0,0.0,0.0,0.0,-12.008705754928556,110
2025-03-07 01:00:00,DDPG,0.16061023836744073,0.0,0.0,0.0,0.0,0.0,-11.877952326511853,110
2025-03-07 02:00:00,DDPG,0.16093471261892106,0.0,0.0,0.0,0.0,0.0,-11.813057476215787,110
2025-03-07 03:00:00,DDPG,0.16092586070870574,0.0,0.0,0.0,0.0,0.0,-11.814827858258854,110
2025-03-07 04:00:00,DDPG,0.16257723644927374,0.0,0.0,0.0,0.0,0.0,-11.484552710145252,110
2025-03-07 05:00:00,DDPG,0.16290011836897353,0.0,0.0,0.0,0.0,0.0,-11.419976326205294,110
2025-03-07 06:00:00,DDPG,0.16355031108238266,0.0,0.0,0.0,0.0,0.0,-11.289937783523468,110
2025-03-07 07:00:00,DDPG,0.16451497461261114,0.0,0.0,0.0,0.0,0.0,-11.097005077477773,110
2025-03-07 08:00:00,DDPG,0.1647581575048441,0.0,0.0,0.0,0.0,0.0,-11.04836849903118,110
2025-03-07 09:00:00,DDPG,0.164578951306571,0.0,0.0,0.0,0.0,0.0,-11.084209738685802,110
2025-03-07 10:00:00,DDPG,0.16466481172576117,0.0,0.0,0.0,0.0,0.0,-11.067037654847766,110
2025-03-07 11:00:00,DDPG,0.16438583114078778,0.0,0.0,0.0,0.0,0.0,-11.122833771842444,110
2025-03-07 12:00:00,DDPG,0.16476004927862392,0.0,0.0,0.0,0.0,0.0,-11.047990144275216,110
2025-03-07 13:00:00,DDPG,0.16788100076367882,0.0,0.0,0.0,0.0,0.0,-10.423799847264236,110
2025-03-07 14:00:00,DDPG,0.16896546272204133,0.0,0.0,0.0,0.0,0.0,-10.206907455591734,110
2025-03-07 15:00:00,DDPG,0.17808116483809164,0.0,0.0,0.0,0.0,0.0,-8.383767032381673,110
2025-03-07 16:00:00,DDPG,0.18694608345189573,0.0,0.0,0.0,0.0,0.0,-6.610783309620855,110
2025-03-07 17:00:00,DDPG,0.18815546438801975,0.0,0.0,0.0,0.0,0.0,-6.368907122396051,110
2025-03-07 18:00:00,DDPG,0.190057943974506,0.0,0.0,0.0,0.0,0.0,-5.988411205098798,110
2025-03-07 19:00:00,DDPG,0.19069164309922507,0.0,0.0,0.0,0.0,0.0,-5.861671380154987,110
2025-03-07 20:00:00,DDPG,0.19165789272147804,0.0,0.0,0.0,0.0,0.0,-5.668421455704392,110
2025-03-07 21:00:00,DDPG,0.19227316528031627,0.0,0.0,0.0,0.0,0.0,-5.545366943936747,110
2025-03-07 22:00:00,DDPG,0.19322061929390444,0.0,0.0,0.0,0.0,0.0,-5.355876141219112,110
2025-03-07 23:00:00,DDPG,0.2001596371133333,0.0,0.0,0.0,0.0,0.0,-3.9680725773333423,110
2025-03-08 00:00:00,DDPG,0.2030950861254099,0.0,0.0,0.0,0.0,0.0,-3.3809827749180172,110
2025-03-08 01:00:00,DDPG,0.20338516788108618,0.0,0.0,0.0,0.0,0.0,-3.3229664237827636,110
2025-03-08 02:00:00,DDPG,0.20365327160580202,0.0,0.0,0.0,0.0,0.0,-3.2693456788395974,110
2025-03-08 03:00:00,DDPG,0.20392104977599496,0.0,0.0,0.0,0.0,0.0,-3.2157900448010093,110
2025-03-08 04:00:00,DDPG,0.20483212998111955,0.0,0.0,0.0,0.0,0.0,-3.0335740037760903,110
2025-03-08 05:00:00,DDPG,0.20640732240559456,0.0,0.0,0.0,0.0,0.0,-2.7185355188810876,110
2025-03-08 06:00:00,DDPG,0.20866932779981634,0.0,0.0,0.0,0.0,0.0,-2.2661344400367325,110
2025-03-08 07:00:00,DDPG,0.21213414457963917,0.0,0.0,0.0,0.0,0.0,-1.5731710840721669,110
2025-03-08 08:00:00,DDPG,0.21960304228110797,0.0,0.0,0.0,0.0,0.0,-0.07939154377840651,110
2025-03-08 09:00:00,DDPG,0.2195966846471711,0.0,0.0,0.0,0.0,0.0,-0.08066307056577848,110
2025-03-08 10:00:00,DDPG,0.21880792222116985,0.0,0.0,0.0,0.0,0.0,-0.23841555576603035,110
2025-03-08 11:00:00,DDPG,0.21800024827700232,0.0,0.0,0.0,0.0,0.0,-0.39995034459953693,110
2025-03-08 12:00:00,DDPG,0.21879276103473297,0.0,0.0,0.0,0.0,0.0,-0.24144779305340647,110
2025-03-08 13:00:00,DDPG,0.22074442770139968,0.0,0.0,0.0,0.0,0.0,2.0,110
2025-03-08 14:00:00,DDPG,0.221872761034733,0.0,0.0,0.0,0.0,0.0,2.0,110
2025-03-08 15:00:00,DDPG,0.22519942770139964,0.0,0.0,0.0,0.0,0.0,2.0,110
2025-03-08 16:00:00,DDPG,0.2305544277013996,0.0,0.0,0.0,0.0,0.0,2.0,110
2025-03-08 17:00:00,DDPG,0.23432776103473296,0.0,0.0,0.0,0.0,0.0,2.0,110
2025-03-08 18:00:00,DDPG,0.2361294277013996,0.0,0.0,0.0,0.0,0.0,2.0,110
2025-03-08 19:00:00,DDPG,0.23965442770139958,0.0,0.0,0.0,0.0,0.0,2.0,110
2025-03-08 20:00:00,DDPG,0.23945609436806625,0.0,0.0,0.0,0.0,0.0,2.0,110
2025-03-08 21:00:00,DDPG,0.23925776103473292,0.0,0.0,0.0,0.0,0.0,2.0,110
2025-03-08 22:00:00,DDPG,0.2393927610347329,0.0,0.0,0.0,0.0,0.0,2.0,110
2025-03-08 23:00:00,DDPG,0.2395560943680662,0.0,0.0,0.0,0.0,0.0,2.0,110
2025-03-09 00:00:00,DDPG,0.24071942770139956,0.0,0.0,0.0,0.0,0.0,2.0,110
2025-03-09 01:00:00,DDPG,0.24154942770139953,0.0,0.0,0.0,0.0,0.0,2.0,110
2025-03-09 02:00:00,DDPG,0.24340776103473283,0.0,0.0,0.0,0.0,0.0,2.0,110
2025-03-09 03:00:00,DDPG,0.24493276103473283,0.0,0.0,0.0,0.0,0.0,2.0,110
2025-03-09 04:00:00,DDPG,0.2538194277013995,0.0,0.0,0.0,0.0,0.0,2.0,110
2025-03-09 05:00:00,DDPG,0.2547060943680661,0.0,0.0,0.0,0.0,0.0,2.0,110
2025-03-09 06:00:00,DDPG,0.25723109436806607,0.0,0.0,0.0,0.0,0.0,2.0,110
2025-03-09 07:00:00,DDPG,0.2580044277013994,0.0,0.0,0.0,0.0,0.0,2.0,110
2025-03-09 08:00:00,DDPG,0.2588560943680661,0.0,0.0,0.0,0.0,0.0,2.0,110
2025-03-09 09:00:00,DDPG,0.2585660943680661,0.0,0.0,0.0,0.0,0.0,2.0,110
2025-03-09 10:00:00,DDPG,0.2581844277013995,0.0,0.0,0.0,0.0,0.0,2.0,110
2025-03-09 11:00:00,DDPG,0.2587460943680661,0.0,0.0,0.0,0.0,0.0,2.0,110
2025-03-09 12:00:00,DDPG,0.25755609436806615,0.0,0.0,0.0,0.0,0.0,2.0,110
2025-03-09 13:00:00,DDPG,0.2560827610347328,0.0,0.0,0.0,0.0,0.0,2.0,110
2025-03-09 14:00:00,DDPG,0.25525442770139944,0.0,0.0,0.0,0.0,0.0,2.0,110
2025-03-09 15:00:00,DDPG,0.25459609436806613,0.0,0.0,0.0,0.0,0.0,2.0,110
2025-03-09 16:00:00,DDPG,0.25388776103473276,0.0,0.0,0.0,0.0,0.0,2.0,110
2025-03-09 17:00:00,DDPG,0.2537960943680661,0.0,0.0,0.0,0.0,0.0,2.0,110
2025-03-09 18:00:00,DDPG,0.2605694277013994,0.0,0.0,0.0,0.0,0.0,2.0,110
2025-03-09 19:00:00,DDPG,0.26112276103473275,0.0,0.0,0.0,0.0,0.0,2.0,110
2025-03-09 20:00:00,DDPG,0.2610094277013994,0.0,0.0,0.0,0.0,0.0,2.0,110
2025-03-09 21:00:00,DDPG,0.26089609436806604,0.0,0.0,0.0,0.0,0.0,2.0,110
2025-03-09 22:00:00,DDPG,0.26108776103473263,0.0,0.0,0.0,0.0,0.0,2.0,110
2025-03-09 23:00:00,DDPG,0.26130776103473263,0.0,0.0,0.0,0.0,0.0,2.0,110
2025-03-10 00:00:00,DDPG,0.2615277610347326,0.0,0.0,0.0,0.0,0.0,2.0,110
2025-03-10 01:00:00,DDPG,0.2617194277013992,0.0,0.0,0.0,0.0,0.0,2.0,110
2025-03-10 02:00:00,DDPG,0.26160609436806587,0.0,0.0,0.0,0.0,0.0,2.0,110
2025-03-10 03:00:00,DDPG,0.2614927610347325,0.0,0.0,0.0,0.0,0.0,2.0,110
2025-03-10 04:00:00,DDPG,0.26137942770139916,0.0,0.0,0.0,0.0,0.0,2.0,110
2025-03-10 05:00:00,DDPG,0.2612660943680658,0.0,0.0,0.0,0.0,0.0,2.0,110
2025-03-10 06:00:00,DDPG,0.2610960943680658,0.0,0.0,0.0,0.0,0.0,2.0,110
2025-03-10 07:00:00,DDPG,0.26086942770139915,0.0,0.0,0.0,0.0,0.0,2.0,110
2025-03-10 08:00:00,DDPG,0.2603877610347325,0.0,0.0,0.0,0.0,0.0,2.0,110
2025-03-10 09:00:00,DDPG,0.2596794277013991,0.0,0.0,0.0,0.0,0.0,2.0,110
2025-03-10 10:00:00,DDPG,0.25868776103473246,0.0,0.0,0.0,0.0,0.0,2.0,110
2025-03-10 11:00:00,DDPG,0.25744109436806584,0.0,0.0,0.0,0.0,0.0,2.0,110
2025-03-10 12:00:00,DDPG,0.25610942770139916,0.0,0.0,0.0,0.0,0.0,2.0,110
2025-03-10 13:00:00,DDPG,0.2548344277013992,0.0,0.0,0.0,0.0,0.0,2.0,110
2025-03-10 14:00:00,DDPG,0.2542044277013991,0.0,0.0,0.0,0.0,0.0,2.0,110
2025-03-10 15:00:00,DDPG,0.2545810943680658,0.0,0.0,0.0,0.0,0.0,2.0,110
2025-03-10 16:00:00,DDPG,0.2542694277013991,0.0,0.0,0.0,0.0,0.0,2.0,110
2025-03-10 17:00:00,DDPG,0.2539294277013991,0.0,0.0,0.0,0.0,0.0,2.0,110
2025-03-10 18:00:00,DDPG,0.2540644277013991,0.0,0.0,0.0,0.0,0.0,2.0,110
2025-03-10 19:00:00,DDPG,0.2539227610347324,0.0,0.0,0.0,0.0,0.0,2.0,110
2025-03-10 20:00:00,DDPG,0.25447609436806573,0.0,0.0,0.0,0.0,0.0,2.0,110
2025-03-10 21:00:00,DDPG,0.2546960943680657,0.0,0.0,0.0,0.0,0.0,2.0,110
2025-03-10 22:00:00,DDPG,0.254554427701399,0.0,0.0,0.0,0.0,0.0,2.0,110
2025-03-10 23:00:00,DDPG,0.25444109436806567,0.0,0.0,0.0,0.0,0.0,2.0,110
2025-03-11 00:00:00,DDPG,0.25435609436806567,0.0,0.0,0.0,0.0,0.0,2.0,110
2025-03-11 01:00:00,DDPG,0.2542710943680657,0.0,0.0,0.0,0.0,0.0,2.0,110
2025-03-11 02:00:00,DDPG,0.2541860943680657,0.0,0.0,0.0,0.0,0.0,2.0,110
2025-03-11 03:00:00,DDPG,0.25446276103473237,0.0,0.0,0.0,0.0,0.0,2.0,110
2025-03-11 04:00:00,DDPG,0.2543777610347324,0.0,0.0,0.0,0.0,0.0,2.0,110
2025-03-11 05:00:00,DDPG,0.2542927610347324,0.0,0.0,0.0,0.0,0.0,2.0,110
2025-03-11 06:00:00,DDPG,0.25415109436806577,0.0,0.0,0.0,0.0,0.0,2.0,110
2025-03-11 07:00:00,DDPG,0.2539527610347324,0.0,0.0,0.0,0.0,0.0,2.0,110
2025-03-11 08:00:00,DDPG,0.2534427610347324,0.0,0.0,0.0,0.0,0.0,2.0,110
2025-03-11 09:00:00,DDPG,0.2525927610347324,0.0,0.0,0.0,0.0,0.0,2.0,110
2025-03-11 10:00:00,DDPG,0.25145942770139906,0.0,0.0,0.0,0.0,0.0,2.0,110
2025-03-11 11:00:00,DDPG,0.2500427610347324,0.0,0.0,0.0,0.0,0.0,2.0,110
2025-03-11 12:00:00,DDPG,0.24865442770139906,0.0,0.0,0.0,0.0,0.0,2.0,110
2025-03-11 13:00:00,DDPG,0.24774109436806574,0.0,0.0,0.0,0.0,0.0,2.0,110
2025-03-11 14:00:00,DDPG,0.2471894277013991,0.0,0.0,0.0,0.0,0.0,2.0,110
2025-03-11 15:00:00,DDPG,0.24614109436806578,0.0,0.0,0.0,0.0,0.0,2.0,110
2025-03-11 16:00:00,DDPG,0.24568109436806576,0.0,0.0,0.0,0.0,0.0,2.0,110
2025-03-11 17:00:00,DDPG,0.2451994277013991,0.0,0.0,0.0,0.0,0.0,2.0,110
2025-03-11 18:00:00,DDPG,0.24500109436806577,0.0,0.0,0.0,0.0,0.0,2.0,110
2025-03-11 19:00:00,DDPG,0.2449160943680658,0.0,0.0,0.0,0.0,0.0,2.0,110
2025-03-11 20:00:00,DDPG,0.24485942770139915,0.0,0.0,0.0,0.0,0.0,2.0,110
2025-03-11 21:00:00,DDPG,0.24477442770139915,0.0,0.0,0.0,0.0,0.0,2.0,110
2025-03-11 22:00:00,DDPG,0.2447177610347325,0.0,0.0,0.0,0.0,0.0,2.0,110
2025-03-11 23:00:00,DDPG,0.24463276103473253,0.0,0.0,0.0,0.0,0.0,2.0,110
2025-03-12 00:00:00,DDPG,0.24454776103473255,0.0,0.0,0.0,0.0,0.0,2.0,110
2025-03-12 01:00:00,DDPG,0.24546276103473255,0.0,0.0,0.0,0.0,0.0,2.0,110
2025-03-12 02:00:00,DDPG,0.24537776103473258,0.0,0.0,0.0,0.0,0.0,2.0,110
2025-03-12 03:00:00,DDPG,0.2452927610347326,0.0,0.0,0.0,0.0,0.0,2.0,110
2025-03-12 04:00:00,DDPG,0.24520776103473263,0.0,0.0,0.0,0.0,0.0,2.0,110
2025-03-12 05:00:00,DDPG,0.24512276103473266,0.0,0.0,0.0,0.0,0.0,2.0,110
2025-03-12 06:00:00,DDPG,0.2450094277013993,0.0,0.0,0.0,0.0,0.0,2.0,110
2025-03-12 07:00:00,DDPG,0.24481109436806595,0.0,0.0,0.0,0.0,0.0,2.0,110
2025-03-12 08:00:00,DDPG,0.2442727610347326,0.0,0.0,0.0,0.0,0.0,2.0,110
2025-03-12 09:00:00,DDPG,0.24336609436806592,0.0,0.0,0.0,0.0,0.0,2.0,110
2025-03-12 10:00:00,DDPG,0.24217609436806592,0.0,0.0,0.0,0.0,0.0,2.0,110
2025-03-12 11:00:00,DDPG,0.24075942770139927,0.0,0.0,0.0,0.0,0.0,2.0,110
2025-03-12 12:00:00,DDPG,0.23922942770139927,0.0,0.0,0.0,0.0,0.0,2.0,110
2025-03-12 13:00:00,DDPG,0.2377277610347326,0.0,0.0,0.0,0.0,0.0,2.0,110
2025-03-12 14:00:00,DDPG,0.23633942770139924,0.0,0.0,0.0,0.0,0.0,2.0,110
2025-03-12 15:00:00,DDPG,0.23517776103473256,0.0,0.0,0.0,0.0,0.0,2.0,110
2025-03-12 16:00:00,DDPG,0.23429942770139925,0.0,0.0,0.0,0.0,0.0,2.0,110
2025-03-12 17:00:00,DDPG,0.2337610943680659,0.0,0.0,0.0,0.0,0.0,2.0,110
2025-03-12 18:00:00,DDPG,0.23353442770139926,0.0,0.0,0.0,0.0,0.0,2.0,110
2025-03-12 19:00:00,DDPG,0.23339276103473258,0.0,0.0,0.0,0.0,0.0,2.0,110
2025-03-12 20:00:00,DDPG,0.23333609436806593,0.0,0.0,0.0,0.0,0.0,2.0,110
2025-03-12 21:00:00,DDPG,0.23327942770139928,0.0,0.0,0.0,0.0,0.0,2.0,110
2025-03-12 22:00:00,DDPG,0.2332227610347326,0.0,0.0,0.0,0.0,0.0,2.0,110
2025-03-12 23:00:00,DDPG,0.23316609436806596,0.0,0.0,0.0,0.0,0.0,2.0,110
2025-03-13 00:00:00,DDPG,0.2331094277013993,0.0,0.0,0.0,0.0,0.0,2.0,110
2025-03-13 01:00:00,DDPG,0.23305276103473266,0.0,0.0,0.0,0.0,0.0,2.0,110
2025-03-13 02:00:00,DDPG,0.23296776103473268,0.0,0.0,0.0,0.0,0.0,2.0,110
2025-03-13 03:00:00,DDPG,0.2328827610347327,0.0,0.0,0.0,0.0,0.0,2.0,110
2025-03-13 04:00:00,DDPG,0.2327977610347327,0.0,0.0,0.0,0.0,0.0,2.0,110
2025-03-13 05:00:00,DDPG,0.23271276103473273,0.0,0.0,0.0,0.0,0.0,2.0,110
2025-03-13 06:00:00,DDPG,0.23257109436806606,0.0,0.0,0.0,0.0,0.0,2.0,110
2025-03-13 07:00:00,DDPG,0.2323444277013994,0.0,0.0,0.0,0.0,0.0,2.0,110
2025-03-13 08:00:00,DDPG,0.2317494277013994,0.0,0.0,0.0,0.0,0.0,2.0,110
2025-03-13 09:00:00,DDPG,0.23078609436806607,0.0,0.0,0.0,0.0,0.0,2.0,110
2025-03-13 10:00:00,DDPG,0.22951109436806608,0.0,0.0,0.0,0.0,0.0,2.0,110
2025-03-13 11:00:00,DDPG,0.2280094277013994,0.0,0.0,0.0,0.0,0.0,2.0,110
2025-03-13 12:00:00,DDPG,0.2263660943680661,0.0,0.0,0.0,0.0,0.0,2.0,110
2025-03-13 13:00:00,DDPG,0.2250560943680661,0.0,0.0,0.0,0.0,0.0,2.0,110
2025-03-13 14:00:00,DDPG,0.2238877610347327,0.0,0.0,0.0,0.0,0.0,2.0,110
2025-03-13 15:00:00,DDPG,0.2236694277013994,0.0,0.0,0.0,0.0,0.0,2.0,110
2025-03-13 16:00:00,DDPG,0.2235427630215542,5.960464477539062e-07,0.0,0.0,0.0,0.0,1.999999988079071,110
2025-03-13 17:00:00,DDPG,0.22333776351825957,1.4901161193847656e-07,0.0,0.0,0.0,0.0,1.9999999940395354,110
2025-03-13 18:00:00,DDPG,0.2231110968515929,0.0,0.0,0.0,0.0,0.0,1.999999998509884,110
2025-03-13 19:00:00,DDPG,0.2229694301849262,0.0,0.0,0.0,0.0,0.0,2.0,110
2025-03-13 20:00:00,DDPG,0.22288443018492624,0.0,0.0,0.0,0.0,0.0,2.0,110
2025-03-13 21:00:00,DDPG,0.22279943018492626,0.0,0.0,0.0,0.0,0.0,2.0,110
2025-03-13 22:00:00,DDPG,0.2227144301849263,0.0,0.0,0.0,0.0,0.0,2.0,110
2025-03-13 23:00:00,DDPG,0.22265776351825964,0.0,0.0,0.0,0.0,0.0,2.0,110
2025-03-14 00:00:00,DDPG,0.22257276351825964,0.0,0.0,0.0,0.0,0.0,2.0,110
2025-03-14 01:00:00,DDPG,0.22248776351825966,0.0,0.0,0.0,0.0,0.0,2.0,110
2025-03-14 02:00:00,DDPG,0.2226794301849263,0.0,0.0,0.0,0.0,0.0,2.0,110
2025-03-14 03:00:00,DDPG,0.22292776351825963,0.0,0.0,0.0,0.0,0.0,2.0,110
2025-03-14 04:00:00,DDPG,0.22284276351825966,0.0,0.0,0.0,0.0,0.0,2.0,110
2025-03-14 05:00:00,DDPG,0.22275776351825968,0.0,0.0,0.0,0.0,0.0,2.0,110
2025-03-14 06:00:00,DDPG,0.222616096851593,0.0,0.0,0.0,0.0,0.0,2.0,110
2025-03-14 07:00:00,DDPG,0.22236109685159303,0.0,0.0,0.0,0.0,0.0,2.0,110
2025-03-14 08:00:00,DDPG,0.22182276351825966,0.0,0.0,0.0,0.0,0.0,2.0,110
2025-03-14 09:00:00,DDPG,0.22088776351825964,0.0,0.0,0.0,0.0,0.0,2.0,110
2025-03-14 10:00:00,DDPG,0.21966943018492632,0.0,0.0,0.0,0.0,0.0,-0.0661139630147356,110
2025-03-14 11:00:00,DDPG,0.21817485502786396,0.0,0.0,0.0,0.0,0.0,-0.3650289944272078,110
2025-03-14 12:00:00,DDPG,0.21662955831389905,0.0,0.0,0.0,0.0,0.0,-0.6740883372201911,110
2025-03-14 13:00:00,DDPG,0.21511928832545066,0.0,0.0,0.0,0.0,0.0,-0.9761423349098686,110
2025-03-14 14:00:00,DDPG,0.21377504015930385,0.0,0.0,0.0,0.0,0.0,-1.2449919681392307,110
2025-03-14 15:00:00,DDPG,0.21263923706313337,0.0,0.0,0.0,0.0,0.0,-1.4721525873733263,110
2025-03-14 16:00:00,DDPG,0.21180255582521867,0.0,0.0,0.0,0.0,0.0,-1.639488834956265,110
2025-03-14 17:00:00,DDPG,0.21132726474113422,0.0,0.0,0.0,0.0,0.0,-1.7345470517731556,110
2025-03-14 18:00:00,DDPG,0.21112868121721057,0.0,0.0,0.0,0.0,0.0,-1.774263756557887,110
2025-03-14 19:00:00,DDPG,0.21100496840998526,0.0,0.0,0.0,0.0,0.0,-1.7990063180029492,110
2025-03-14 20:00:00,DDPG,0.21093089094834455,0.0,0.0,0.0,0.0,0.0,-1.8138218103310901,110
2025-03-14 21:00:00,DDPG,0.21085690343790728,0.0,0.0,0.0,0.0,0.0,-1.8286193124185446,110
2025-03-14 22:00:00,DDPG,0.21075837321329352,0.0,0.0,0.0,0.0,0.0,-1.848325357341296,110
2025-03-14 23:00:00,DDPG,0.21068459518867738,0.0,0.0,0.0,0.0,0.0,-1.8630809622645241,110
2025-03-15 00:00:00,DDPG,0.21061090675166255,0.0,0.0,0.0,0.0,0.0,-1.87781864966749,110
2025-03-15 01:00:00,DDPG,0.2105373077934641,0.0,0.0,0.0,0.0,0.0,-1.8925384413071789,110
2025-03-15 02:00:00,DDPG,0.21046379820542918,0.0,0.0,0.0,0.0,0.0,-1.907240358914164,110
2025-03-15 03:00:00,DDPG,0.2103903778790369,0.0,0.0,0.0,0.0,0.0,-1.9219244241926225,110
2025-03-15 04:00:00,DDPG,0.21031704670589804,0.0,0.0,0.0,0.0,0.0,-1.9365906588203918,110
2025-03-15 05:00:00,DDPG,0.21024380457775516,0.0,0.0,0.0,0.0,0.0,-1.9512390844489689,110
2025-03-15 06:00:00,DDPG,0.21012188259230016,0.0,0.0,0.0,0.0,0.0,-1.9756234815399676,110
2025-03-15 07:00:00,DDPG,0.20992720221057273,0.0,0.0,0.0,0.0,0.0,-2.0145595578854536,110
2025-03-15 08:00:00,DDPG,0.2094178313339338,3.129243850708008e-06,0.0,0.0,0.0,0.0,-2.116433795798118,110
2025-03-15 09:00:00,DDPG,0.20862417887254484,0.0,0.0,0.0,0.0,0.0,-2.275164256783472,110
2025-03-15 10:00:00,DDPG,0.20753265249448935,0.0,0.0,0.0,0.0,0.0,-2.4934695011021297,110
2025-03-15 11:00:00,DDPG,0.20620529201193794,0.0,0.0,0.0,0.0,0.0,-2.758941597612413,110
2025-03-15 12:00:00,DDPG,0.20474930730458105,0.0,0.0,0.0,0.0,0.0,-3.0501385390837914,110
2025-03-15 13:00:00,DDPG,0.20330887910049622,0.0,0.0,0.0,0.0,0.0,-3.338224179900756,110
2025-03-15 14:00:00,DDPG,0.20203581229721534,0.0,0.0,0.0,0.0,0.0,-3.592837540556931,110
2025-03-15 15:00:00,DDPG,0.20106695503015767,0.0,0.0,0.0,0.0,0.0,-3.786608993968466,110
2025-03-15 16:00:00,DDPG,0.20036417645855217,0.0,0.0,0.0,0.0,0.0,-3.927164708289565,110
2025-03-15 17:00:00,DDPG,0.19993608982335526,2.682209014892578e-06,0.0,0.0,0.0,0.0,-4.01278208897313,110
2025-03-15 18:00:00,DDPG,0.19979460473082045,1.4901161193847656e-07,0.0,0.0,0.0,0.0,-4.041079080658001,110
2025-03-15 19:00:00,DDPG,0.19973413985364732,0.0,0.0,0.0,0.0,0.0,-4.053172030760652,110
2025-03-15 20:00:00,DDPG,0.19965361791293187,0.0,0.0,0.0,0.0,0.0,-4.069276417413626,110
2025-03-15 21:00:00,DDPG,0.1995531284481081,0.0,0.0,0.0,0.0,0.0,-4.08937431037838,110
2025-03-15 22:00:00,DDPG,0.19945284235482025,0.0,0.0,0.0,0.0,0.0,-4.109431529035951,110
2025-03-15 23:00:00,DDPG,0.19935275922148313,0.0,0.0,0.0,0.0,0.0,-4.129448155703375,110
2025-03-16 00:00:00,DDPG,0.19927285475417214,0.0,0.0,0.0,0.0,0.0,-4.145429049165572,110
2025-03-16 01:00:00,DDPG,0.19919307965599872,0.0,0.0,0.0,0.0,0.0,-4.161384068800256,110
2025-03-16 02:00:00,DDPG,0.19913334520213072,0.0,0.0,0.0,0.0,0.0,-4.173330959573857,110
2025-03-16 03:00:00,DDPG,0.19907368328295671,0.0,0.0,0.0,0.0,0.0,-4.185263343408657,110
2025-03-16 04:00:00,DDPG,0.19901409381039883,0.0,0.0,0.0,0.0,0.0,-4.197181237920233,110
2025-03-16 05:00:00,DDPG,0.19895457669648622,0.0,0.0,0.0,0.0,0.0,-4.209084660702755,110
2025-03-16 06:00:00,DDPG,0.1988555019579338,0.0,0.0,0.0,0.0,0.0,-4.228899608413239,110
2025-03-16 07:00:00,DDPG,0.19869730318968906,0.0,0.0,0.0,0.0,0.0,-4.260539362062188,110
2025-03-16 08:00:00,DDPG,0.19832279773896835,0.0,0.0,0.0,0.0,0.0,-4.3354404522063295,110
2025-03-16 09:00:00,DDPG,0.19835493420000017,0.0,0.0,0.0,0.0,0.0,-4.329013159999967,110
2025-03-16 10:00:00,DDPG,0.19778173836164142,0.0,0.0,0.0,0.0,0.0,-4.443652327671716,110
2025-03-16 11:00:00,DDPG,0.19671802585287632,0.0,0.0,0.0,0.0,0.0,-4.6563948294247375,110
2025-03-16 12:00:00,DDPG,0.1955456258707589,0.0,0.0,0.0,0.0,0.0,-4.890874825848218,110
2025-03-16 13:00:00,DDPG,0.1944026475453356,0.0,0.0,0.0,0.0,0.0,-5.119470490932882,110
2025-03-16 14:00:00,DDPG,0.1934141600345049,0.0,0.0,0.0,0.0,0.0,-5.31716799309902,110
2025-03-16 15:00:00,DDPG,0.19258825732337229,0.0,0.0,0.0,0.0,0.0,-5.482348535325543,110
2025-03-16 16:00:00,DDPG,0.19198492367795783,0.0,0.0,0.0,0.0,0.0,-5.603015264408434,110
2025-03-16 17:00:00,DDPG,0.1916620475082211,2.384185791015625e-06,0.0,0.0,0.0,0.0,-5.667590546039494,110
2025-03-16 18:00:00,DDPG,0.19151027961066164,2.980232238769531e-07,0.0,0.0,0.0,0.0,-5.697944101709531,110
2025-03-16 19:00:00,DDPG,0.19140946893160715,0.0,0.0,0.0,0.0,0.0,-5.718106216658802,110
2025-03-16 20:00:00,DDPG,0.1913256640540075,0.0,0.0,0.0,0.0,0.0,-5.7348671891985,110
2025-03-16 21:00:00,DDPG,0.19122530172701918,0.0,0.0,0.0,0.0,0.0,-5.754939654596164,110
2025-03-16 22:00:00,DDPG,0.19112518313711072,0.0,0.0,0.0,0.0,0.0,-5.774963372577857,110
2025-03-16 23:00:00,DDPG,0.19102530769234916,0.0,0.0,0.0,0.0,0.0,-5.794938461530169,110
2025-03-17 00:00:00,DDPG,0.19092567480223915,0.0,0.0,0.0,0.0,0.0,-5.81486503955217,110
2025-03-17 01:00:00,DDPG,0.19114210810781973,1.4901161193847656e-07,0.0,0.0,0.0,0.0,-5.771578381416286,110
2025-03-17 02:00:00,DDPG,0.1910421915595579,0.0,0.0,0.0,0.0,0.0,-5.791561689578536,110
2025-03-17 03:00:00,DDPG,0.19094251766577042,0.0,0.0,0.0,0.0,0.0,-5.811496466845917,110
2025-03-17 04:00:00,DDPG,0.19084308583715354,0.0,0.0,0.0,0.0,0.0,-5.831382832569293,110
2025-03-17 05:00:00,DDPG,0.19076042721105452,0.0,0.0,0.0,0.0,0.0,-5.847914557789097,110
2025-03-17 06:00:00,DDPG,0.19064493933395654,0.0,0.0,0.0,0.0,0.0,-5.8710121332086915,110
2025-03-17 07:00:00,DDPG,0.19048042410331908,0.0,0.0,0.0,0.0,0.0,-5.903915179336183,110
2025-03-17 08:00:00,DDPG,0.19007081059776212,2.9802322387695312e-06,0.0,0.0,0.0,0.0,-5.98583794005222,110
2025-03-17 09:00:00,DDPG,0.18948692164333758,0.0,0.0,0.0,0.0,0.0,-6.1026157011348054,110
2025-03-17 10:00:00,DDPG,0.18875171276893069,0.0,0.0,0.0,0.0,0.0,-6.249657446213863,110
2025-03-17 11:00:00,DDPG,0.18798313713234688,0.0,0.0,0.0,0.0,0.0,-6.403372573530625,110
2025-03-17 12:00:00,DDPG,0.18709143777014467,0.0,0.0,0.0,0.0,0.0,-6.581712445971066,110
2025-03-17 13:00:00,DDPG,0.18625069851402137,0.0,0.0,0.0,0.0,0.0,-6.749860297195726,110
2025-03-17 14:00:00,DDPG,0.18557574503216506,0.0,0.0,0.0,0.0,0.0,-6.884850993566989,110
2025-03-17 15:00:00,DDPG,0.1849421579539732,0.0,0.0,0.0,0.0,0.0,-7.01156840920536,110
2025-03-17 16:00:00,DDPG,0.1844330007952153,0.0,0.0,0.0,0.0,0.0,-7.113399840956941,110
2025-03-17 17:00:00,DDPG,0.18412639198254938,2.682209014892578e-06,0.0,0.0,0.0,0.0,-7.174721657134306,110
2025-03-17 18:00:00,DDPG,0.18394682314625327,2.980232238769531e-07,0.0,0.0,0.0,0.0,-7.210635397571437,110
2025-03-17 19:00:00,DDPG,0.18379567895748306,0.0,0.0,0.0,0.0,0.0,-7.240864211483622,110
2025-03-17 20:00:00,DDPG,0.18364520772022,0.0,0.0,0.0,0.0,0.0,-7.270958455956,110
2025-03-17 21:00:00,DDPG,0.18350902473659053,0.0,0.0,0.0,0.0,0.0,-7.298195052681894,110
2025-03-17 22:00:00,DDPG,0.18337339346449447,1.4901161193847656e-07,0.0,0.0,0.0,0.0,-7.325321310081339,110
2025-03-17 23:00:00,DDPG,0.1832518194546269,1.4901161193847656e-07,0.0,0.0,0.0,0.0,-7.349636110564736,110
2025-03-18 00:00:00,DDPG,0.18313068832150955,1.4901161193847656e-07,0.0,0.0,0.0,0.0,-7.373862337188205,110
2025-03-18 01:00:00,DDPG,0.1830099984518057,1.4901161193847656e-07,0.0,0.0,0.0,0.0,-7.398000311128975,110
2025-03-18 02:00:00,DDPG,0.18288974823805582,1.4901161193847656e-07,0.0,0.0,0.0,0.0,-7.422050353878953,110
2025-03-18 03:00:00,DDPG,0.18275662356131095,1.4901161193847656e-07,0.0,0.0,0.0,0.0,-7.448675289227927,110
2025-03-18 04:00:00,DDPG,0.18294262829534533,1.4901161193847656e-07,0.0,0.0,0.0,0.0,-7.411474342421052,110
2025-03-18 05:00:00,DDPG,0.18278262124362507,0.0,0.0,0.0,0.0,0.0,-7.443475752765103,110
2025-03-18 06:00:00,DDPG,0.1826101222127955,0.0,0.0,0.0,0.0,0.0,-7.477975557440903,110
2025-03-18 07:00:00,DDPG,0.18241213317245428,2.980232238769531e-07,0.0,0.0,0.0,0.0,-7.517573371469609,110
2025-03-18 08:00:00,DDPG,0.18208415472848485,4.470348358154297e-07,0.0,0.0,0.0,0.0,-7.583169060263494,110
2025-03-18 09:00:00,DDPG,0.18161664275958408,0.0,0.0,0.0,0.0,0.0,-7.676671452553531,110
2025-03-18 10:00:00,DDPG,0.18102797098248896,0.0,0.0,0.0,0.0,0.0,-7.794405803502208,110
2025-03-18 11:00:00,DDPG,0.18040002395070048,0.0,0.0,0.0,0.0,0.0,-7.919995209859904,110
2025-03-18 12:00:00,DDPG,0.17971095674115128,0.0,0.0,0.0,0.0,0.0,-8.057808651769744,110
2025-03-18 13:00:00,DDPG,0.1790495342517947,0.0,0.0,0.0,0.0,0.0,-8.19009314964106,110
2025-03-18 14:00:00,DDPG,0.17846162701098456,0.0,0.0,0.0,0.0,0.0,-8.30767459780309,110
2025-03-18 15:00:00,DDPG,0.17797777935179784,0.0,0.0,0.0,0.0,0.0,-8.404444129640432,110
2025-03-18 16:00:00,DDPG,0.1776154014759754,2.980232238769531e-07,0.0,0.0,0.0,0.0,-8.476919710765383,110
2025-03-18 17:00:00,DDPG,0.17736950766939732,4.470348358154297e-06,0.0,0.0,0.0,0.0,-8.52609855254727,110
2025-03-18 18:00:00,DDPG,0.1772144147803855,2.980232238769531e-07,0.0,0.0,0.0,0.0,-8.557117088626384,110
2025-03-18 19:00:00,DDPG,0.1770822309743164,1.4901161193847656e-07,0.0,0.0,0.0,0.0,-8.583553808116951,110
2025-03-18 20:00:00,DDPG,0.17696165105947223,1.4901161193847656e-07,0.0,0.0,0.0,0.0,-8.60766978959567,110
2025-03-18 21:00:00,DDPG,0.17684160801234414,1.4901161193847656e-07,0.0,0.0,0.0,0.0,-8.63167839902129,110
2025-03-18 22:00:00,DDPG,0.17671123498200558,1.4901161193847656e-07,0.0,0.0,0.0,0.0,-8.657753005089,110
2025-03-18 23:00:00,DDPG,0.17658149519210006,1.4901161193847656e-07,0.0,0.0,0.0,0.0,-8.683700963070104,110
2025-03-19 00:00:00,DDPG,0.1764416258959702,0.0,0.0,0.0,0.0,0.0,-8.711674822296075,110
2025-03-19 01:00:00,DDPG,0.17631319563591116,1.4901161193847656e-07,0.0,0.0,0.0,0.0,-8.737360875798,110
2025-03-19 02:00:00,DDPG,0.1761853891799724,1.4901161193847656e-07,0.0,0.0,0.0,0.0,-8.762922165495638,110
2025-03-19 03:00:00,DDPG,0.1760476046500457,1.4901161193847656e-07,0.0,0.0,0.0,0.0,-8.790479071480975,110
2025-03-19 04:00:00,DDPG,0.17592108820746688,1.4901161193847656e-07,0.0,0.0,0.0,0.0,-8.81578235999674,110
2025-03-19 05:00:00,DDPG,0.17580567814256082,1.4901161193847656e-07,0.0,0.0,0.0,0.0,-8.838864372977953,110
2025-03-19 06:00:00,DDPG,0.17568033677158976,1.4901161193847656e-07,0.0,0.0,0.0,0.0,-8.863932647172165,110
2025-03-19 07:00:00,DDPG,0.17553481683878025,5.960464477539062e-07,0.0,0.0,0.0,0.0,-8.893036642674764,110
2025-03-19 08:00:00,DDPG,0.17528677220243016,2.384185791015625e-06,0.0,0.0,0.0,0.0,-8.942645601237219,110
2025-03-19 09:00:00,DDPG,0.1749592482958082,0.0,0.0,0.0,0.0,0.0,-9.008150364680219,110
2025-03-19 10:00:00,DDPG,0.1745450436276611,0.0,0.0,0.0,0.0,0.0,-9.09099127446778,110
2025-03-19 11:00:00,DDPG,0.17405823359571249,0.0,0.0,0.0,0.0,0.0,-9.188353280857504,110
2025-03-19 12:00:00,DDPG,0.1735616029164867,0.0,0.0,0.0,0.0,0.0,-9.28767941670266,110
2025-03-19 13:00:00,DDPG,0.17309429779197638,0.0,0.0,0.0,0.0,0.0,-9.381140441604725,110
2025-03-19 14:00:00,DDPG,0.17269234703754938,0.0,0.0,0.0,0.0,0.0,-9.461530592490124,110
2025-03-19 15:00:00,DDPG,0.17238005711879453,0.0,0.0,0.0,0.0,0.0,-9.523988576241093,110
2025-03-19 16:00:00,DDPG,0.1721173578769001,0.0,0.0,0.0,0.0,0.0,-9.57652842461998,110
2025-03-19 17:00:00,DDPG,0.1719293637823301,1.043081283569336e-06,0.0,0.0,0.0,0.0,-9.614127264395607,110
2025-03-19 18:00:00,DDPG,0.17182285022396587,1.4901161193847656e-07,0.0,0.0,0.0,0.0,-9.63542996563764,110
2025-03-19 19:00:00,DDPG,0.17174335269815,0.0,0.0,0.0,0.0,0.0,-9.651329461860117,110
2025-03-19 20:00:00,DDPG,0.17166414477046388,0.0,0.0,0.0,0.0,0.0,-9.667171045907224,110
2025-03-19 21:00:00,DDPG,0.17191734443356196,0.0,0.0,0.0,0.0,0.0,-9.616531113287607,110
2025-03-19 22:00:00,DDPG,0.17216962172645875,0.0,0.0,0.0,0.0,0.0,-9.56607565470825,110
2025-03-19 23:00:00,DDPG,0.17242098000921716,0.0,0.0,0.0,0.0,0.0,-9.515803998156569,110
2025-03-20 00:00:00,DDPG,0.17266221304514456,1.4901161193847656e-07,0.0,0.0,0.0,0.0,-9.46755739395132,110
2025-03-20 01:00:00,DDPG,0.17257048503996186,0.0,0.0,0.0,0.0,0.0,-9.485902993497744,110
2025-03-20 02:00:00,DDPG,0.17281111293647913,1.4901161193847656e-07,0.0,0.0,0.0,0.0,-9.437777415684407,110
2025-03-20 03:00:00,DDPG,0.17272801531078197,0.0,0.0,0.0,0.0,0.0,-9.454396939333723,110
2025-03-20 04:00:00,DDPG,0.17264522039786412,0.0,0.0,0.0,0.0,0.0,-9.470955920427176,110
2025-03-20 05:00:00,DDPG,0.17255356117244416,0.0,0.0,0.0,0.0,0.0,-9.489287765511168,110
2025-03-20 06:00:00,DDPG,0.1724531441262716,0.0,0.0,0.0,0.0,0.0,-9.509371174745679,110
2025-03-20 07:00:00,DDPG,0.1723622623524272,0.0,0.0,0.0,0.0,0.0,-9.527547529514562,110
2025-03-20 08:00:00,DDPG,0.17219933779123175,1.4901161193847656e-07,0.0,0.0,0.0,0.0,-9.560132444733883,110
2025-03-20 09:00:00,DDPG,0.17195673123379038,1.4901161193847656e-07,0.0,0.0,0.0,0.0,-9.60865375473204,110
2025-03-20 10:00:00,DDPG,0.17201037732838864,0.0,0.0,0.0,0.0,0.0,-9.597924535812389,110
2025-03-20 11:00:00,DDPG,0.1723282494612266,0.0,0.0,0.0,0.0,0.0,-9.53435010775468,110
2025-03-20 12:00:00,DDPG,0.17230385352330294,0.0,0.0,0.0,0.0,0.0,-9.539229295339414,110
2025-03-20 13:00:00,DDPG,0.17190663251293556,0.0,0.0,0.0,0.0,0.0,-9.618673497412889,110
2025-03-20 14:00:00,DDPG,0.17155195370082135,0.0,0.0,0.0,0.0,0.0,-9.68960925983573,110
2025-03-20 15:00:00,DDPG,0.17126408215653058,2.980232238769531e-07,0.0,0.0,0.0,0.0,-9.747183574654349,110
2025-03-20 16:00:00,DDPG,0.1710747473054026,5.066394805908203e-06,0.0,0.0,0.0,0.0,-9.785050637267146,110
2025-03-20 17:00:00,DDPG,0.171260778574744,1.7881393432617188e-06,0.0,0.0,0.0,0.0,-9.747844335715147,110
2025-03-20 18:00:00,DDPG,0.17114030181726853,2.980232238769531e-07,0.0,0.0,0.0,0.0,-9.771939654427689,110
2025-03-20 19:00:00,DDPG,0.1717187026776237,1.4901161193847656e-07,0.0,0.0,0.0,0.0,-9.656259467455492,110
2025-03-20 20:00:00,DDPG,0.17165716635337044,0.0,0.0,0.0,0.0,0.0,-9.668566730816028,110
2025-03-20 21:00:00,DDPG,0.17157827239022602,0.0,0.0,0.0,0.0,0.0,-9.684345521954796,110
2025-03-20 22:00:00,DDPG,0.17150839988915292,0.0,0.0,0.0,0.0,0.0,-9.698320022169415,110
2025-03-20 23:00:00,DDPG,0.17143004786098529,0.0,0.0,0.0,0.0,0.0,-9.713990427802944,110
2025-03-21 00:00:00,DDPG,0.17135198125806314,0.0,0.0,0.0,0.0,0.0,-9.729603748387373,110
2025-03-21 01:00:00,DDPG,0.17160631808824212,0.0,0.0,0.0,0.0,0.0,-9.678736382351577,110
2025-03-21 02:00:00,DDPG,0.17185972840568256,0.0,0.0,0.0,0.0,0.0,-9.628054318863487,110
2025-03-21 03:00:00,DDPG,0.17212119849148005,0.0,0.0,0.0,0.0,0.0,-9.575760301703989,110
2025-03-21 04:00:00,DDPG,0.17269562905577293,1.4901161193847656e-07,0.0,0.0,0.0,0.0,-9.460874191825647,110
2025-03-21 05:00:00,DDPG,0.17262213844740185,0.0,0.0,0.0,0.0,0.0,-9.475572312009747,110
2025-03-21 06:00:00,DDPG,0.1725305726489243,0.0,0.0,0.0,0.0,0.0,-9.49388547021514,110
2025-03-21 07:00:00,DDPG,0.17340675800483607,2.980232238769531e-07,0.0,0.0,0.0,0.0,-9.318648404993251,110
2025-03-21 08:00:00,DDPG,0.1732362289706962,1.7881393432617188e-06,0.0,0.0,0.0,0.0,-9.352754238643314,110
2025-03-21 09:00:00,DDPG,0.17301991123593127,1.4901161193847656e-07,0.0,0.0,0.0,0.0,-9.39601777069514,110
2025-03-21 10:00:00,DDPG,0.17275901939966676,1.4901161193847656e-07,0.0,0.0,0.0,0.0,-9.448196121556766,110
2025-03-21 11:00:00,DDPG,0.17251029632179032,1.4901161193847656e-07,0.0,0.0,0.0,0.0,-9.497940737132051,110
2025-03-21 12:00:00,DDPG,0.17227340274245345,1.4901161193847656e-07,0.0,0.0,0.0,0.0,-9.545319452999426,110
2025-03-21 13:00:00,DDPG,0.17403760397295534,0.0,0.0,0.0,0.0,0.0,-9.19247920689905,110
2025-03-21 14:00:00,DDPG,0.17653132869643207,0.0,0.0,0.0,0.0,0.0,-8.693734260713587,110
2025-03-21 15:00:00,DDPG,0.17692277755287691,0.0,0.0,0.0,0.0,0.0,-8.615444489424618,110
2025-03-21 16:00:00,DDPG,0.17709062735582967,0.0,0.0,0.0,0.0,0.0,-8.581874528834065,110
2025-03-21 17:00:00,DDPG,0.17727965841982243,0.0,0.0,0.0,0.0,0.0,-8.544068316035514,110
2025-03-21 18:00:00,DDPG,0.17716924075478982,0.0,0.0,0.0,0.0,0.0,-8.566151849042036,110
2025-03-21 19:00:00,DDPG,0.1770702670920402,0.0,0.0,0.0,0.0,0.0,-8.585946581591958,110
2025-03-21 20:00:00,DDPG,0.17699356800194613,0.0,0.0,0.0,0.0,0.0,-8.601286399610775,110
2025-03-21 21:00:00,DDPG,0.17690616025793982,0.0,0.0,0.0,0.0,0.0,-8.618767948412037,110
2025-03-21 22:00:00,DDPG,0.17681903554853315,0.0,0.0,0.0,0.0,0.0,-8.636192890293371,110
2025-03-21 23:00:00,DDPG,0.17673219295723314,0.0,0.0,0.0,0.0,0.0,-8.653561408553372,110
2025-03-22 00:00:00,DDPG,0.17697788553876845,0.0,0.0,0.0,0.0,0.0,-8.60442289224631,110
2025-03-22 01:00:00,DDPG,0.17722278254432544,0.0,0.0,0.0,0.0,0.0,-8.555443491134913,110
2025-03-22 02:00:00,DDPG,0.17714565132711654,0.0,0.0,0.0,0.0,0.0,-8.570869734576691,110
2025-03-22 03:00:00,DDPG,0.17706873864835637,0.0,0.0,0.0,0.0,0.0,-8.586252270328727,110
2025-03-22 04:00:00,DDPG,0.17697013110042306,0.0,0.0,0.0,0.0,0.0,-8.605973779915388,110
2025-03-22 05:00:00,DDPG,0.17688279924733596,0.0,0.0,0.0,0.0,0.0,-8.623440150532808,110
2025-03-22 06:00:00,DDPG,0.17677398791704915,0.0,0.0,0.0,0.0,0.0,-8.64520241659017,110
2025-03-22 07:00:00,DDPG,0.17665477992322798,0.0,0.0,0.0,0.0,0.0,-8.669044015354405,110
2025-03-22 08:00:00,DDPG,0.17649294782452662,1.4901161193847656e-07,0.0,0.0,7.105427357601002e-15,0.0,-8.701410438074909,110
2025-03-22 09:00:00,DDPG,0.17625703492427625,1.4901161193847656e-07,0.0,0.0,0.0,0.0,-8.748593016634867,110
2025-03-22 10:00:00,DDPG,0.1759700830426038,0.0,0.0,0.0,0.0,0.0,-8.805983392969354,110
2025-03-22 11:00:00,DDPG,0.17593078464394468,0.0,0.0,0.0,0.0,0.0,-8.813843071211064,110
2025-03-22 12:00:00,DDPG,0.17555293606770436,0.0,0.0,0.0,0.0,0.0,-8.889412786459127,110
2025-03-22 13:00:00,DDPG,0.17547763614834988,0.0,0.0,0.0,0.0,0.0,-8.904472770330024,110
2025-03-22 14:00:00,DDPG,0.1754244194863504,0.0,0.0,0.0,0.0,0.0,-8.91511610272992,110
2025-03-22 15:00:00,DDPG,0.1756897803993302,0.0,0.0,0.0,0.0,0.0,-8.86204392013396,110
2025-03-22 16:00:00,DDPG,0.1753882318012321,1.4901161193847656e-07,0.0,0.0,0.0,0.0,-8.922353642733816,110
2025-03-22 17:00:00,DDPG,0.17519298568770283,4.470348358154297e-07,0.0,0.0,0.0,0.0,-8.961402869910014,110
2025-03-22 18:00:00,DDPG,0.1750808169180933,0.0,0.0,0.0,0.0,0.0,-8.983836620851688,110
2025-03-22 19:00:00,DDPG,0.17533185681251726,0.0,0.0,0.0,0.0,0.0,-8.933628637496549,110
2025-03-22 20:00:00,DDPG,0.17524982984760054,0.0,0.0,0.0,0.0,0.0,-8.950034030479891,110
2025-03-22 21:00:00,DDPG,0.1751680684938083,0.0,0.0,0.0,0.0,0.0,-8.966386301238337,110
2025-03-22 22:00:00,DDPG,0.17508657189106644,0.0,0.0,0.0,0.0,0.0,-8.982685621786713,110
2025-03-22 23:00:00,DDPG,0.17500533918208586,0.0,0.0,0.0,0.0,0.0,-8.998932163582829,110
2025-03-23 00:00:00,DDPG,0.17492436951235338,0.0,0.0,0.0,0.0,0.0,-9.015126097529325,110
2025-03-23 01:00:00,DDPG,0.17484366203012291,0.0,0.0,0.0,0.0,0.0,-9.031267593975418,110
2025-03-23 02:00:00,DDPG,0.1747732716543709,0.0,0.0,0.0,0.0,0.0,-9.04534566912582,110
2025-03-23 03:00:00,DDPG,0.17469305344139482,0.0,0.0,0.0,0.0,0.0,-9.061389311721035,110
2025-03-23 04:00:00,DDPG,0.17461309498263222,0.0,0.0,0.0,0.0,0.0,-9.077381003473556,110
2025-03-23 05:00:00,DDPG,0.1745433578801814,0.0,0.0,0.0,0.0,0.0,-9.091328423963718,110
2025-03-23 06:00:00,DDPG,0.17447381836618758,0.0,0.0,0.0,0.0,0.0,-9.105236326762483,110
2025-03-23 07:00:00,DDPG,0.17437475767280064,0.0,0.0,0.0,0.0,0.0,-9.125048465439873,110
2025-03-23 08:00:00,DDPG,0.17416757420251533,5.960464477539062e-07,0.0,0.0,0.0,0.0,-9.166485171417863,110
2025-03-23 09:00:00,DDPG,0.1738545465747494,0.0,0.0,0.0,0.0,0.0,-9.229090691010581,110
2025-03-23 10:00:00,DDPG,0.17346833010639634,0.0,0.0,0.0,0.0,0.0,-9.306333978720732,110
2025-03-23 11:00:00,DDPG,0.1730218730646104,0.0,0.0,0.0,0.0,0.0,-9.39562538707792,110
2025-03-23 12:00:00,DDPG,0.17253731745058382,0.0,0.0,0.0,0.0,0.0,-9.492536509883237,110
2025-03-23 13:00:00,DDPG,0.17205383833098914,0.0,0.0,0.0,0.0,0.0,-9.589232333802173,110
2025-03-23 14:00:00,DDPG,0.17160751065048102,0.0,0.0,0.0,0.0,0.0,-9.678497869903795,110
2025-03-23 15:00:00,DDPG,0.1712314370722548,0.0,0.0,0.0,0.0,0.0,-9.75371258554904,110
2025-03-23 16:00:00,DDPG,0.17093925254717782,1.4901161193847656e-07,0.0,0.0,0.0,0.0,-9.81214949354467,110
2025-03-23 17:00:00,DDPG,0.17074433825236882,6.109476089477539e-06,0.0,0.0,0.0,0.0,-9.851132470225643,110
2025-03-23 18:00:00,DDPG,0.17064358102658578,2.980232238769531e-07,0.0,0.0,0.0,0.0,-9.871283855777605,110
2025-03-23 19:00:00,DDPG,0.17056837990488488,1.4901161193847656e-07,0.0,0.0,0.0,0.0,-9.886324022003256,110
2025-03-23 20:00:00,DDPG,0.17049345223523138,0.0,0.0,0.0,0.0,0.0,-9.901309554443841,110
2025-03-23 21:00:00,DDPG,0.17041879751637445,0.0,0.0,0.0,0.0,0.0,-9.91624049672511,110
2025-03-23 22:00:00,DDPG,0.17035267950536906,0.0,0.0,0.0,0.0,0.0,-9.92946409892619,110
2025-03-23 23:00:00,DDPG,0.17028677559078023,0.0,0.0,0.0,0.0,0.0,-9.942644881843954,110
2025-03-24 00:00:00,DDPG,0.17022929639327303,0.0,0.0,0.0,0.0,0.0,-9.954140721345395,110
2025-03-24 01:00:00,DDPG,0.17018016810203224,0.0,0.0,0.0,0.0,0.0,-9.963966379593552,110
2025-03-24 02:00:00,DDPG,0.17013115912235585,0.0,0.0,0.0,0.0,0.0,-9.97376817552883,110
2025-03-24 03:00:00,DDPG,0.17009041749079873,0.0,0.0,0.0,0.0,0.0,-9.981916501840255,110
2025-03-24 04:00:00,DDPG,0.17038241704270227,0.0,0.0,0.0,0.0,0.0,-9.923516591459547,110
2025-03-24 05:00:00,DDPG,0.17033291688702715,0.0,0.0,0.0,0.0,0.0,-9.93341662259457,110
2025-03-24 06:00:00,DDPG,0.17028353694601578,0.0,0.0,0.0,0.0,0.0,-9.943292610796844,110
2025-03-24 07:00:00,DDPG,0.17020964691856957,0.0,0.0,0.0,0.0,0.0,-9.958070616286086,110
2025-03-24 08:00:00,DDPG,0.17003786639721186,4.470348358154297e-07,0.0,0.0,0.0,0.0,-9.992426729498327,110
2025-03-24 09:00:00,DDPG,0.16975399662325136,0.0,0.0,0.0,0.0,0.0,-10.049200679820077,110
2025-03-24 10:00:00,DDPG,0.16937820035415665,0.0,0.0,0.0,0.0,0.0,-10.12435992916867,110
2025-03-24 11:00:00,DDPG,0.1689546482607015,0.0,0.0,0.0,0.0,0.0,-10.2090703478597,110
2025-03-24 12:00:00,DDPG,0.16860173076213322,0.0,0.0,0.0,0.0,0.0,-10.279653847573355,110
2025-03-24 13:00:00,DDPG,0.1682177378914006,0.0,0.0,0.0,0.0,0.0,-10.356452421719881,110
2025-03-24 14:00:00,DDPG,0.16783429788435303,0.0,0.0,0.0,0.0,0.0,-10.433140423129394,110
2025-03-24 15:00:00,DDPG,0.16750945888717375,0.0,0.0,0.0,0.0,0.0,-10.49810822256525,110
2025-03-24 16:00:00,DDPG,0.16726849587140571,1.4901161193847656e-07,0.0,0.0,0.0,0.0,-10.54630082869909,110
2025-03-24 17:00:00,DDPG,0.16711473978025207,4.76837158203125e-06,0.0,0.0,0.0,0.0,-10.5770521378269,110
2025-03-24 18:00:00,DDPG,0.16703161203276218,2.980232238769531e-07,0.0,0.0,0.0,0.0,-10.593677641131281,110
2025-03-24 19:00:00,DDPG,0.16696956830321427,0.0,0.0,0.0,0.0,0.0,-10.60608634233738,110
2025-03-24 20:00:00,DDPG,0.16691461922489909,0.0,0.0,0.0,0.0,0.0,-10.617076155020182,110
2025-03-24 21:00:00,DDPG,0.16685984807693277,0.0,0.0,0.0,0.0,0.0,-10.628030384613446,110
2025-03-24 22:00:00,DDPG,0.1667984300589382,0.0,0.0,0.0,0.0,0.0,-10.640313988212357,110
2025-03-24 23:00:00,DDPG,0.16673723577800922,0.0,0.0,0.0,0.0,0.0,-10.652552844398155,110
2025-03-25 00:00:00,DDPG,0.1666830390145376,0.0,0.0,0.0,0.0,0.0,-10.663392197092481,110
2025-03-25 01:00:00,DDPG,0.1666357704039964,0.0,0.0,0.0,0.0,0.0,-10.672845919200718,110
2025-03-25 02:00:00,DDPG,0.16658863572118507,0.0,0.0,0.0,0.0,0.0,-10.682272855762987,110
2025-03-25 03:00:00,DDPG,0.16654834903443363,0.0,0.0,0.0,0.0,0.0,-10.690330193113272,110
2025-03-25 04:00:00,DDPG,0.16650146204550276,0.0,0.0,0.0,0.0,0.0,-10.699707590899449,110
2025-03-25 05:00:00,DDPG,0.16646138706624938,0.0,0.0,0.0,0.0,0.0,-10.707722586750123,110
2025-03-25 06:00:00,DDPG,0.16676073108448833,0.0,0.0,0.0,0.0,0.0,-10.647853783102335,110
2025-03-25 07:00:00,DDPG,0.16669289052479364,1.4901161193847656e-07,0.0,0.0,0.0,0.0,-10.661421898021507,110
2025-03-25 08:00:00,DDPG,0.1665982984662679,2.980232238769531e-07,0.0,0.0,0.0,0.0,-10.680340311216769,110
2025-03-25 09:00:00,DDPG,0.1664236216262677,1.4901161193847656e-07,0.0,0.0,0.0,0.0,-10.715275677726694,110
2025-03-25 10:00:00,DDPG,0.16609123880764085,0.0,0.0,0.0,0.0,0.0,-10.781752239961948,110
2025-03-25 11:00:00,DDPG,0.16572650406133435,0.0,0.0,0.0,0.0,0.0,-10.85469918773313,110
2025-03-25 12:00:00,DDPG,0.16533184369750942,0.0,0.0,0.0,0.0,0.0,-10.933631260498117,110
2025-03-25 13:00:00,DDPG,0.16493467593696443,0.0,0.0,0.0,0.0,0.0,-11.013064812607116,110
2025-03-25 14:00:00,DDPG,0.1646142915793643,0.0,0.0,0.0,0.0,0.0,-11.07714168412714,110
2025-03-25 15:00:00,DDPG,0.16437176393101152,0.0,0.0,0.0,0.0,0.0,-11.125647213797695,110
2025-03-25 16:00:00,DDPG,0.16418561782097865,7.450580596923828e-07,0.0,0.0,0.0,0.0,-11.162876450705431,110
2025-03-25 17:00:00,DDPG,0.16406504400936736,1.1920928955078125e-06,0.0,0.0,0.0,0.0,-11.186991214517805,110
2025-03-25 18:00:00,DDPG,0.16401950005733704,0.0,0.0,0.0,0.0,0.0,-11.196100000453521,110
2025-03-25 19:00:00,DDPG,0.16398545270005493,0.0,0.0,0.0,0.0,0.0,-11.202909459989014,110
2025-03-25 20:00:00,DDPG,0.16395148802921194,0.0,0.0,0.0,0.0,0.0,-11.209702394157611,110
2025-03-25 21:00:00,DDPG,0.16391760584399814,0.0,0.0,0.0,0.0,0.0,-11.216478831200371,110
2025-03-25 22:00:00,DDPG,0.16388380594409127,0.0,0.0,0.0,0.0,0.0,-11.223238811181746,110
2025-03-25 23:00:00,DDPG,0.16385008812965562,0.0,0.0,0.0,0.0,0.0,-11.229982374068875,110
2025-03-26 00:00:00,DDPG,0.16381645220134075,0.0,0.0,0.0,0.0,0.0,-11.23670955973185,110
2025-03-26 01:00:00,DDPG,0.16379408270730048,0.0,0.0,0.0,0.0,0.0,-11.241183458539904,110
2025-03-26 02:00:00,DDPG,0.1637717494305363,0.0,0.0,0.0,0.0,0.0,-11.245650113892742,110
2025-03-26 03:00:00,DDPG,0.16375502659194208,0.0,0.0,0.0,0.0,0.0,-11.248994681611585,110
2025-03-26 04:00:00,DDPG,0.16373832405965183,0.0,0.0,0.0,0.0,0.0,-11.252335188069635,110
2025-03-26 05:00:00,DDPG,0.16371608105879334,0.0,0.0,0.0,0.0,0.0,-11.256783788241332,110
2025-03-26 06:00:00,DDPG,0.16369387407041244,0.0,0.0,0.0,0.0,0.0,-11.261225185917512,110
2025-03-26 07:00:00,DDPG,0.16363844697958424,1.4901161193847656e-07,0.0,0.0,0.0,0.0,-11.272310607063385,110
2025-03-26 08:00:00,DDPG,0.16351148839016597,2.682209014892578e-06,0.0,0.0,0.0,0.0,-11.29770237412087,110
2025-03-26 09:00:00,DDPG,0.16329819989486408,0.0,0.0,0.0,0.0,0.0,-11.340360047849273,110
2025-03-26 10:00:00,DDPG,0.1630183044494579,0.0,0.0,0.0,0.0,0.0,-11.396339110108421,110
2025-03-26 11:00:00,DDPG,0.16268633768599672,0.0,0.0,0.0,0.0,0.0,-11.462732462800657,110
2025-03-26 12:00:00,DDPG,0.1623371613439726,0.0,0.0,0.0,0.0,0.0,-11.532567731205479,110
2025-03-26 13:00:00,DDPG,0.16200258927800154,0.0,0.0,0.0,0.0,0.0,-11.599482144399692,110
2025-03-26 14:00:00,DDPG,0.16170138144231075,0.0,0.0,0.0,0.0,0.0,-11.65972371153785,110
2025-03-26 15:00:00,DDPG,0.16145983149682303,0.0,0.0,0.0,0.0,0.0,-11.708033700635395,110
2025-03-26 16:00:00,DDPG,0.16129284587019413,1.4901161193847656e-07,0.0,0.0,0.0,0.0,-11.741430828941407,110
2025-03-26 17:00:00,DDPG,0.16120142759410208,0.0,0.0,0.0,0.0,0.0,-11.7597144826697,110
2025-03-26 18:00:00,DDPG,0.16117422412708782,0.0,0.0,0.0,0.0,0.0,-11.765155174582437,110
2025-03-26 19:00:00,DDPG,0.16116065542636207,0.0,0.0,0.0,0.0,0.0,-11.767868914727586,110
2025-03-26 20:00:00,DDPG,0.16115162061006452,0.0,0.0,0.0,0.0,0.0,-11.769675877987096,110
2025-03-26 21:00:00,DDPG,0.1611380793564666,0.0,0.0,0.0,0.0,0.0,-11.772384128706681,110
2025-03-26 22:00:00,DDPG,0.16112455454581945,0.0,0.0,0.0,0.0,0.0,-11.775089090836111,110
2025-03-26 23:00:00,DDPG,0.16111554895404426,0.0,0.0,0.0,0.0,0.0,-11.776890209191148,110
2025-03-27 00:00:00,DDPG,0.16110655065251003,0.0,0.0,0.0,0.0,0.0,-11.778689869497994,110
2025-03-27 01:00:00,DDPG,0.16109755963531516,0.0,0.0,0.0,0.0,0.0,-11.780488072936969,110
2025-03-27 02:00:00,DDPG,0.16108857589656278,0.0,0.0,0.0,0.0,0.0,-11.782284820687444,110
2025-03-27 03:00:00,DDPG,0.1610795994303608,0.0,0.0,0.0,0.0,0.0,-11.784080113927843,110
2025-03-27 04:00:00,DDPG,0.16106614563105248,0.0,0.0,0.0,0.0,0.0,-11.786770873789504,110
2025-03-27 05:00:00,DDPG,0.1610571873226845,0.0,0.0,0.0,0.0,0.0,-11.788562535463099,110
2025-03-27 06:00:00,DDPG,0.16103928520987634,0.0,0.0,0.0,0.0,0.0,-11.792142958024732,110
2025-03-27 07:00:00,DDPG,0.16099460288348366,1.4901161193847656e-07,0.0,0.0,0.0,0.0,-11.8010794262835,110
2025-03-27 08:00:00,DDPG,0.16088781292616544,4.470348358154297e-06,0.0,0.0,0.0,0.0,-11.822437502683762,110
2025-03-27 09:00:00,DDPG,0.160711534050218,0.0,0.0,0.0,0.0,0.0,-11.85769323465988,110
2025-03-27 10:00:00,DDPG,0.16047741052026324,0.0,0.0,0.0,0.0,0.0,-11.904517895947354,110
2025-03-27 11:00:00,DDPG,0.16020599569535737,0.0,0.0,0.0,0.0,0.0,-11.958800860928525,110
2025-03-27 12:00:00,DDPG,0.15992508781383755,0.0,0.0,0.0,0.0,0.0,-12.01498243723249,110
2025-03-27 13:00:00,DDPG,0.15965592888479085,0.0,0.0,0.0,0.0,0.0,-12.06881422304183,110
2025-03-27 14:00:00,DDPG,0.159417519402564,0.0,0.0,0.0,0.0,0.0,-12.116496119487202,110
2025-03-27 15:00:00,DDPG,0.1592231148948968,0.0,0.0,0.0,0.0,0.0,-12.15537702102064,110
2025-03-27 16:00:00,DDPG,0.1590887214244674,1.4901161193847656e-07,0.0,0.0,0.0,0.0,-12.182255718086754,110
2025-03-27 17:00:00,DDPG,0.15901515689961238,3.2782554626464844e-06,0.0,0.0,0.0,0.0,-12.196968684152518,110
2025-03-27 18:00:00,DDPG,0.15899326294714192,0.0,0.0,0.0,0.0,0.0,-12.201347443354173,110
2025-03-27 19:00:00,DDPG,0.15897870242617987,0.0,0.0,0.0,0.0,0.0,-12.204259514764026,110
2025-03-27 20:00:00,DDPG,0.15896779971609093,0.0,0.0,0.0,0.0,0.0,-12.206440056781814,110
2025-03-27 21:00:00,DDPG,0.15895691024500708,0.0,0.0,0.0,0.0,0.0,-12.208617950998585,110
2025-03-27 22:00:00,DDPG,0.15893878316474935,0.0,0.0,0.0,0.0,0.0,-12.21224336705013,110
2025-03-27 23:00:00,DDPG,0.15892431084914926,0.0,0.0,0.0,0.0,0.0,-12.215137830170148,110
2025-03-28 00:00:00,DDPG,0.15891347418597532,0.0,0.0,0.0,0.0,0.0,-12.217305162804937,110
2025-03-28 01:00:00,DDPG,0.15890265068160664,0.0,0.0,0.0,0.0,0.0,-12.219469863678672,110
2025-03-28 02:00:00,DDPG,0.15889544377391202,0.0,0.0,0.0,0.0,0.0,-12.220911245217597,110
2025-03-28 03:00:00,DDPG,0.15888824270038074,0.0,0.0,0.0,0.0,0.0,-12.222351459923853,110
2025-03-28 04:00:00,DDPG,0.15888104745628995,0.0,0.0,0.0,0.0,0.0,-12.223790508742011,110
2025-03-28 05:00:00,DDPG,0.15887385803692058,0.0,0.0,0.0,0.0,0.0,-12.225228392615882,110
2025-03-28 06:00:00,DDPG,0.15886308263787574,0.0,0.0,0.0,0.0,0.0,-12.227383472424853,110
2025-03-28 07:00:00,DDPG,0.1588343831321912,0.0,0.0,0.0,0.0,0.0,-12.23312337356176,110
2025-03-28 08:00:00,DDPG,0.15874856488597633,4.470348358154297e-07,0.0,0.0,0.0,0.0,-12.250287031745431,110
2025-03-28 09:00:00,DDPG,0.15860692145448907,0.0,0.0,0.0,0.0,0.0,-12.278615713572535,110
2025-03-28 10:00:00,DDPG,0.1584187987426981,0.0,0.0,0.0,0.0,0.0,-12.31624025146038,110
2025-03-28 11:00:00,DDPG,0.1582007117657444,0.0,0.0,0.0,0.0,0.0,-12.359857646851118,110
2025-03-28 12:00:00,DDPG,0.1579716776014297,0.0,0.0,0.0,0.0,0.0,-12.405664479714062,110
2025-03-28 13:00:00,DDPG,0.15775226666554273,0.0,0.0,0.0,0.0,0.0,-12.449546666891454,110
2025-03-28 14:00:00,DDPG,0.15755772168779317,0.0,0.0,0.0,0.0,0.0,-12.488455662441368,110
2025-03-28 15:00:00,DDPG,0.15739864964084055,0.0,0.0,0.0,0.0,0.0,-12.52027007183189,110
2025-03-28 16:00:00,DDPG,0.15728784605455273,0.0,0.0,0.0,0.0,0.0,-12.542430789089455,110
2025-03-28 17:00:00,DDPG,0.1572288492055397,0.0,0.0,0.0,0.0,0.0,-12.55423015889206,110
2025-03-28 18:00:00,DDPG,0.15721421939167135,0.0,0.0,0.0,0.0,0.0,-12.55715612166573,110
2025-03-28 19:00:00,DDPG,0.15721129935048903,0.0,0.0,0.0,0.0,0.0,-12.557740129902195,110
2025-03-28 20:00:00,DDPG,0.1572054616319672,0.0,0.0,0.0,0.0,0.0,-12.558907673606562,110
2025-03-28 21:00:00,DDPG,0.15719671214284267,0.0,0.0,0.0,0.0,0.0,-12.560657571431467,110
2025-03-28 22:00:00,DDPG,0.1571879732780978,0.0,0.0,0.0,0.0,0.0,-12.562405344380439,110
2025-03-28 23:00:00,DDPG,0.15717924502483152,0.0,0.0,0.0,0.0,0.0,-12.564150995033696,110
2025-03-29 00:00:00,DDPG,0.1571705273701585,0.0,0.0,0.0,0.0,0.0,-12.565894525968302,110
2025-03-29 01:00:00,DDPG,0.15716182030120904,0.0,0.0,0.0,0.0,0.0,-12.567635939758192,110
2025-03-29 02:00:00,DDPG,0.157153123805129,0.0,0.0,0.0,0.0,0.0,-12.569375238974201,110
2025-03-29 03:00:00,DDPG,0.1571444378690799,0.0,0.0,0.0,0.0,0.0,-12.571112426184023,110
2025-03-29 04:00:00,DDPG,0.1571386542765192,0.0,0.0,0.0,0.0,0.0,-12.572269144696158,110
2025-03-29 05:00:00,DDPG,0.15712998591061203,0.0,0.0,0.0,0.0,0.0,-12.574002817877595,110
2025-03-29 06:00:00,DDPG,0.1571184421238996,0.0,0.0,0.0,0.0,0.0,-12.576311575220078,110
2025-03-29 07:00:00,DDPG,0.15708963037135934,2.980232238769531e-07,0.0,0.0,0.0,0.0,-12.582073931688596,110
2025-03-29 08:00:00,DDPG,0.15701790038929303,3.129243850708008e-06,0.0,0.0,0.0,0.0,-12.596419981746038,110
2025-03-29 09:00:00,DDPG,0.15690427724013303,0.0,0.0,0.0,0.0,0.0,-12.619144583265832,110
2025-03-29 10:00:00,DDPG,0.15675616405457687,0.0,0.0,0.0,0.0,0.0,-12.648767189084625,110
2025-03-29 11:00:00,DDPG,0.15658935114684838,0.0,0.0,0.0,0.0,0.0,-12.682129770630324,110
2025-03-29 12:00:00,DDPG,0.15641332133763972,0.0,0.0,0.0,0.0,0.0,-12.717335732472057,110
2025-03-29 13:00:00,DDPG,0.15624199403904848,0.0,0.0,0.0,0.0,0.0,-12.751601192190304,110
2025-03-29 14:00:00,DDPG,0.15609040275524302,0.0,0.0,0.0,0.0,0.0,-12.781919448951395,110
2025-03-29 15:00:00,DDPG,0.15596714460424407,0.0,0.0,0.0,0.0,0.0,-12.806571079151185,110
2025-03-29 16:00:00,DDPG,0.15587777951005194,0.0,0.0,0.0,0.0,0.0,-12.824444097989613,110
2025-03-29 17:00:00,DDPG,0.15582544174439789,7.450580596923828e-07,0.0,0.0,0.0,0.0,-12.834911666021585,110
2025-03-29 18:00:00,DDPG,0.15580186257543246,0.0,0.0,0.0,0.0,0.0,-12.839627492364087,110
2025-03-29 19:00:00,DDPG,0.15578777233774926,0.0,0.0,0.0,0.0,0.0,-12.842445532450148,110
2025-03-29 20:00:00,DDPG,0.15577137364945898,0.0,0.0,0.0,0.0,0.0,-12.845725270108204,110
2025-03-29 21:00:00,DDPG,0.15575502142411884,0.0,0.0,0.0,0.0,0.0,-12.848995715176232,110
2025-03-29 22:00:00,DDPG,0.15574104494351743,0.0,0.0,0.0,0.0,0.0,-12.851791011296514,110
2025-03-29 23:00:00,DDPG,0.1557294261620841,0.0,0.0,0.0,0.0,0.0,-12.85411476758318,110
2025-03-30 00:00:00,DDPG,0.1557201499482979,0.0,0.0,0.0,0.0,0.0,-12.855970010340423,110
2025-03-30 01:00:00,DDPG,0.1557108887531435,0.0,0.0,0.0,0.0,0.0,-12.857822249371297,110
2025-03-30 02:00:00,DDPG,0.15569933100209546,0.0,0.0,0.0,0.0,0.0,-12.860133799580908,110
2025-03-30 03:00:00,DDPG,0.15569010351380635,0.0,0.0,0.0,0.0,0.0,-12.86197929723873,110
2025-03-30 04:00:00,DDPG,0.1556808909652602,0.0,0.0,0.0,0.0,0.0,-12.86382180694796,110
2025-03-30 05:00:00,DDPG,0.15567169333226882,0.0,0.0,0.0,0.0,0.0,-12.865661333546235,110
2025-03-30 06:00:00,DDPG,0.15565791921989044,0.0,0.0,0.0,0.0,0.0,-12.868416156021912,110
2025-03-30 07:00:00,DDPG,0.155635018612981,1.4901161193847656e-07,0.0,0.0,0.0,0.0,-12.872996280384031,110
2025-03-30 08:00:00,DDPG,0.15558484109846818,2.980232238769531e-07,0.0,0.0,0.0,0.0,-12.883031784776712,110
2025-03-30 09:00:00,DDPG,0.1555102435780815,0.0,0.0,0.0,0.0,0.0,-12.897951287363934,110
2025-03-30 10:00:00,DDPG,0.15540764809050867,0.0,0.0,0.0,0.0,0.0,-12.918470381898267,110
2025-03-30 11:00:00,DDPG,0.15528945235367325,0.0,0.0,0.0,0.0,0.0,-12.94210952926535,110
2025-03-30 12:00:00,DDPG,0.15516527616270367,0.0,0.0,0.0,0.0,0.0,-12.966944767459266,110
2025-03-30 13:00:00,DDPG,0.15503983374160943,0.0,0.0,0.0,0.0,0.0,-12.992033251678114,110
2025-03-30 14:00:00,DDPG,0.15492559751013296,0.0,0.0,0.0,0.0,0.0,-13.014880497973408,110
2025-03-30 15:00:00,DDPG,0.15483189388130925,0.0,0.0,0.0,0.0,0.0,-13.033621223738152,110
2025-03-30 16:00:00,DDPG,0.15476539781789503,0.0,0.0,0.0,0.0,0.0,-13.046920436420994,110
2025-03-30 17:00:00,DDPG,0.15472682472941604,1.1920928955078125e-06,0.0,0.0,0.0,0.0,-13.05463507795865,110
2025-03-30 18:00:00,DDPG,0.15504172512470246,1.4901161193847656e-07,0.0,0.0,0.0,0.0,-12.991654986980436,110
2025-03-30 19:00:00,DDPG,0.1550294809351139,0.0,0.0,0.0,0.0,0.0,-12.994103814467337,110
2025-03-30 20:00:00,DDPG,0.1550193022236976,0.0,0.0,0.0,0.0,0.0,-12.996139555260477,110
2025-03-30 21:00:00,DDPG,0.1550091441120544,0.0,0.0,0.0,0.0,0.0,-12.998171177589118,110
2025-03-30 22:00:00,DDPG,0.15566432401881178,0.0,0.0,0.0,0.0,0.0,-12.867135196237644,110
2025-03-30 23:00:00,DDPG,0.15565286050591656,0.0,0.0,0.0,0.0,0.0,-12.869427898816689,110
2025-03-31 00:00:00,DDPG,0.15597407892314666,0.0,0.0,0.0,0.0,0.0,-12.80518421537067,110
2025-03-31 01:00:00,DDPG,0.15596440660489014,0.0,0.0,0.0,0.0,0.0,-12.807118679021972,110
2025-03-31 02:00:00,DDPG,0.15595716411115562,0.0,0.0,0.0,0.0,0.0,-12.808567177768875,110
2025-03-31 03:00:00,DDPG,0.1559499304118778,0.0,0.0,0.0,0.0,0.0,-12.810013917624442,110
2025-03-31 04:00:00,DDPG,0.15594270549637765,0.0,0.0,0.0,0.0,0.0,-12.811458900724471,110
2025-03-31 05:00:00,DDPG,0.15593548935398918,0.0,0.0,0.0,0.0,0.0,-12.812902129202165,110
2025-03-31 06:00:00,DDPG,0.15592107459412952,0.0,0.0,0.0,0.0,0.0,-12.815785081174097,110
2025-03-31 07:00:00,DDPG,0.1558995049652509,0.0,0.0,0.0,0.0,0.0,-12.82009900694982,110
2025-03-31 08:00:00,DDPG,0.15584935917304626,0.0,0.0,0.0,0.0,0.0,-12.830128165390747,110
2025-03-31 09:00:00,DDPG,0.15576886084918865,0.0,0.0,0.0,0.0,0.0,-12.84622783016227,110
2025-03-31 10:00:00,DDPG,0.15599845688141908,0.0,0.0,0.0,0.0,0.0,-12.800308623716184,110
2025-03-31 11:00:00,DDPG,0.15588677132710313,0.0,0.0,0.0,0.0,0.0,-12.822645734579375,110
2025-03-31 12:00:00,DDPG,0.15576763428834034,0.0,0.0,0.0,0.0,0.0,-12.846473142331932,110
2025-03-31 13:00:00,DDPG,0.1559873734150035,0.0,0.0,0.0,0.0,0.0,-12.802525316999303,110
2025-03-31 14:00:00,DDPG,0.1558855880669484,0.0,0.0,0.0,0.0,0.0,-12.822882386610319,110
2025-03-31 15:00:00,DDPG,0.15613082001377776,0.0,0.0,0.0,0.0,0.0,-12.773835997244449,110
2025-03-31 16:00:00,DDPG,0.15605885586456844,0.0,0.0,0.0,0.0,0.0,-12.788228827086312,110
2025-03-31 17:00:00,DDPG,0.15634820484842096,0.0,0.0,0.0,0.0,0.0,-12.730359030315807,110
2025-03-31 18:00:00,DDPG,0.1563250792450446,0.0,0.0,0.0,0.0,0.0,-12.73498415099108,110
2025-03-31 19:00:00,DDPG,0.15630459803606064,0.0,0.0,0.0,0.0,0.0,-12.739080392787871,110
2025-03-31 20:00:00,DDPG,0.1562867350082918,0.0,0.0,0.0,0.0,0.0,-12.742652998341642,110
2025-03-31 21:00:00,DDPG,0.15660667058426708,0.0,0.0,0.0,0.0,0.0,-12.678665883146584,110
2025-03-31 22:00:00,DDPG,0.1579239348620529,0.0,0.0,0.0,0.0,0.0,-12.415213027589422,110
2025-03-31 23:00:00,DDPG,0.15824055705737175,0.0,0.0,0.0,0.0,0.0,-12.35188858852565,110
2025-04-01 00:00:00,DDPG,0.15856000885388205,0.0,0.0,0.0,0.0,0.0,-12.28799822922359,110
2025-04-01 01:00:00,DDPG,0.15854614979192816,0.0,0.0,0.0,0.0,0.0,-12.290770041614369,110
2025-04-01 02:00:00,DDPG,0.15853231316845548,0.0,0.0,0.0,0.0,0.0,-12.293537366308904,110
2025-04-01 03:00:00,DDPG,0.15852195250246523,0.0,0.0,0.0,0.0,0.0,-12.295609499506954,110
2025-04-01 04:00:00,DDPG,0.15851160441728365,0.0,0.0,0.0,0.0,0.0,-12.29767911654327,110
2025-04-01 05:00:00,DDPG,0.1584978237244176,0.0,0.0,0.0,0.0,0.0,-12.300435255116483,110
2025-04-01 06:00:00,DDPG,0.1584840653431495,0.0,0.0,0.0,0.0,0.0,-12.303186931370103,110
2025-04-01 07:00:00,DDPG,0.15878170920564946,0.0,0.0,0.0,0.0,0.0,-12.243658158870108,110
2025-04-01 08:00:00,DDPG,0.15870706467740145,0.0,0.0,0.0,0.0,0.0,-12.25858706451971,110
2025-04-01 09:00:00,DDPG,0.15858371459447157,0.0,0.0,0.0,0.0,0.0,-12.283257081105686,110
2025-04-01 10:00:00,DDPG,0.1584238940036888,0.0,0.0,0.0,0.0,0.0,-12.315221199262238,110
2025-04-01 11:00:00,DDPG,0.1582363620776543,0.0,0.0,0.0,0.0,0.0,-12.352727584469141,110
2025-04-01 12:00:00,DDPG,0.15804633743829127,0.0,0.0,0.0,0.0,0.0,-12.390732512341746,110
2025-04-01 13:00:00,DDPG,0.16050052952354293,0.0,0.0,0.0,0.0,0.0,-11.899894095291414,110
2025-04-01 14:00:00,DDPG,0.16492777116463558,0.0,0.0,0.0,0.0,0.0,-11.014445767072884,110
2025-04-01 15:00:00,DDPG,0.1693882296998395,0.0,0.0,0.0,0.0,0.0,-10.122354060032102,110
2025-04-01 16:00:00,DDPG,0.17555498529162464,0.0,0.0,0.0,0.0,0.0,-8.889002941675074,110
2025-04-01 17:00:00,DDPG,0.1794233952380643,0.0,0.0,0.0,0.0,0.0,-8.11532095238714,110
2025-04-01 18:00:00,DDPG,0.17932811948205535,0.0,0.0,0.0,0.0,0.0,-8.13437610358893,110
2025-04-01 19:00:00,DDPG,0.17926876495453214,0.0,0.0,0.0,0.0,0.0,-8.146247009093571,110
2025-04-01 20:00:00,DDPG,0.1795302074777378,0.0,0.0,0.0,0.0,0.0,-8.093958504452441,110
2025-04-01 21:00:00,DDPG,0.18112111030719663,0.0,0.0,0.0,0.0,0.0,-7.775777938560674,110
2025-04-01 22:00:00,DDPG,0.18538269059982887,0.0,0.0,0.0,0.0,0.0,-6.9234618800342265,110
2025-04-01 23:00:00,DDPG,0.1856437415037737,0.0,0.0,0.0,0.0,0.0,-6.871251699245262,110
2025-04-02 00:00:00,DDPG,0.18557160536025413,0.0,0.0,0.0,0.0,0.0,-6.885678927949174,110
2025-04-02 01:00:00,DDPG,0.18584680688808358,0.0,0.0,0.0,0.0,0.0,-6.830638622383283,110
2025-04-02 02:00:00,DDPG,0.1857742597789053,0.0,0.0,0.0,0.0,0.0,-6.845148044218941,110
2025-04-02 03:00:00,DDPG,0.18636717695157498,0.0,0.0,0.0,0.0,0.0,-6.7265646096850045,110
2025-04-02 04:00:00,DDPG,0.19095079893472855,0.0,0.0,0.0,0.0,0.0,-5.80984021305429,110
2025-04-02 05:00:00,DDPG,0.19452716834958286,0.0,0.0,0.0,0.0,0.0,-5.094566330083428,110
2025-04-02 06:00:00,DDPG,0.19441903094073387,0.0,0.0,0.0,0.0,0.0,-5.1161938118532255,110
2025-04-02 07:00:00,DDPG,0.19422126049345012,0.0,0.0,0.0,0.0,0.0,-5.155747901309976,110
2025-04-02 08:00:00,DDPG,0.1938632788608841,0.0,0.0,0.0,0.0,0.0,-5.227344227823183,110
2025-04-02 09:00:00,DDPG,0.19327739077895656,0.0,0.0,0.0,0.0,0.0,-5.344521844208688,110
2025-04-02 10:00:00,DDPG,0.1925241580965895,0.0,0.0,0.0,0.0,0.0,-5.495168380682102,110
2025-04-02 11:00:00,DDPG,0.19164633797588132,0.0,0.0,0.0,0.0,0.0,-5.670732404823736,110
2025-04-02 12:00:00,DDPG,0.1907529248683511,0.0,0.0,0.0,0.0,0.0,-5.84941502632978,110
2025-04-02 13:00:00,DDPG,0.18986218236765715,0.0,0.0,0.0,0.0,0.0,-6.027563526468571,110
2025-04-02 14:00:00,DDPG,0.18907158241736527,0.0,0.0,0.0,0.0,0.0,-6.185683516526947,110
2025-04-02 15:00:00,DDPG,0.18842318020439136,0.0,0.0,0.0,0.0,0.0,-6.315363959121729,110
2025-04-02 16:00:00,DDPG,0.18830158785422238,5.960464477539062e-07,0.0,0.0,0.0,0.0,-6.339682441076453,110
2025-04-02 17:00:00,DDPG,0.18802254230398469,2.682209014892578e-06,0.0,0.0,0.0,0.0,-6.395491586886779,110
2025-04-02 18:00:00,DDPG,0.18886459540255324,4.470348358154297e-07,0.0,0.0,0.0,0.0,-6.2270809463114425,110
2025-04-02 19:00:00,DDPG,0.19073227343606453,4.470348358154297e-07,0.0,0.0,0.0,0.0,-5.853545317257444,110
2025-04-02 20:00:00,DDPG,0.19064983907315822,0.0,0.0,0.0,0.0,0.0,-5.870032189838706,110
2025-04-02 21:00:00,DDPG,0.1905511180354091,0.0,0.0,0.0,0.0,0.0,-5.8897763929181775,110
2025-04-02 22:00:00,DDPG,0.19043622320097545,0.0,0.0,0.0,0.0,0.0,-5.912755359804911,110
2025-04-02 23:00:00,DDPG,0.19030528735427882,1.4901161193847656e-07,0.0,0.0,0.0,0.0,-5.938942532124469,110
2025-04-03 00:00:00,DDPG,0.19017477549032386,1.4901161193847656e-07,0.0,0.0,0.0,0.0,-5.965044903425346,110
2025-04-03 01:00:00,DDPG,0.19006094695976794,0.0,0.0,0.0,0.0,0.0,-5.987810609536528,110
2025-04-03 02:00:00,DDPG,0.18996365608857993,0.0,0.0,0.0,0.0,0.0,-6.007268782284015,110
2025-04-03 03:00:00,DDPG,0.191878729641734,0.0,0.0,0.0,0.0,0.0,-5.624254071653201,110
2025-04-03 04:00:00,DDPG,0.19414048153977437,0.0,0.0,0.0,0.0,0.0,-5.1719036920451265,110
2025-04-03 05:00:00,DDPG,0.19673136520458298,0.0,0.0,0.0,0.0,0.0,-4.653726959083404,110
2025-04-03 06:00:00,DDPG,0.20060816046051472,0.0,0.0,0.0,0.0,0.0,-3.878367907897057,110
2025-04-03 07:00:00,DDPG,0.2120479688283609,0.0,0.0,0.0,0.0,0.0,-1.5904062343278182,110
2025-04-03 08:00:00,DDPG,0.2118510620782866,2.980232238769531e-07,0.0,0.0,0.0,0.0,-1.6297875903031436,110
2025-04-03 09:00:00,DDPG,0.21211331032579622,0.0,0.0,0.0,0.0,0.0,-1.577337937820988,110
2025-04-03 10:00:00,DDPG,0.21110766625385474,0.0,0.0,0.0,0.0,0.0,-1.778466749229052,110
2025-04-03 11:00:00,DDPG,0.2099451656505969,0.0,0.0,0.0,0.0,0.0,-2.0109668698806207,110
2025-04-03 12:00:00,DDPG,0.2086834626402367,0.0,0.0,0.0,0.0,0.0,-2.2633074719526576,110
2025-04-03 13:00:00,DDPG,0.20789407168826332,0.0,0.0,0.0,0.0,0.0,-2.4211856623473356,110
2025-04-03 14:00:00,DDPG,0.2076600184268994,0.0,0.0,0.0,0.0,0.0,-2.4679963146201187,110
2025-04-03 15:00:00,DDPG,0.20705441177935277,0.0,0.0,0.0,0.0,0.0,-2.5891176441294466,110
2025-04-03 16:00:00,DDPG,0.2071136333024228,1.4901161193847656e-07,0.0,0.0,0.0,0.0,-2.5772733424956726,110
2025-04-03 17:00:00,DDPG,0.20733594638386788,1.341104507446289e-06,0.0,0.0,0.0,0.0,-2.532810748558399,110
2025-04-03 18:00:00,DDPG,0.20779131781727905,0.0,0.0,0.0,0.0,0.0,-2.4417364499552345,110
2025-04-03 19:00:00,DDPG,0.20765096747400852,0.0,0.0,0.0,0.0,0.0,-2.4698065051982967,110
2025-04-03 20:00:00,DDPG,0.20746428815075935,0.0,0.0,0.0,0.0,0.0,-2.5071423698481308,110
2025-04-03 21:00:00,DDPG,0.20730147266766552,0.0,0.0,0.0,0.0,0.0,-2.539705466466896,110
2025-04-03 22:00:00,DDPG,0.20713911849510716,0.0,0.0,0.0,0.0,0.0,-2.572176300978568,110
2025-04-03 23:00:00,DDPG,0.2069540965875992,0.0,0.0,0.0,0.0,0.0,-2.6091806824801616,110
2025-04-04 00:00:00,DDPG,0.20712511553615656,0.0,0.0,0.0,0.0,0.0,-2.574976892768688,110
2025-04-04 01:00:00,DDPG,0.20696326104213744,0.0,0.0,0.0,0.0,0.0,-2.6073477915725114,110
2025-04-04 02:00:00,DDPG,0.20748996931293986,0.0,0.0,0.0,0.0,0.0,-2.5020061374120273,110
2025-04-04 03:00:00,DDPG,0.2076594699554421,0.0,0.0,0.0,0.0,0.0,-2.4681060089115805,110
2025-04-04 04:00:00,DDPG,0.20754277817100847,0.0,0.0,0.0,0.0,0.0,-2.4914443657983067,110
2025-04-04 05:00:00,DDPG,0.20742632254851953,0.0,0.0,0.0,0.0,0.0,-2.5147354902960934,110
2025-04-04 06:00:00,DDPG,0.20728685862233026,0.0,0.0,0.0,0.0,0.0,-2.542628275533948,110
2025-04-04 07:00:00,DDPG,0.20703179570417846,0.0,0.0,0.0,0.0,0.0,-2.593640859164309,110
2025-04-04 08:00:00,DDPG,0.2068543062217968,0.0,0.0,0.0,0.0,0.0,-2.629138755640642,110
2025-04-04 09:00:00,DDPG,0.2064700708397598,0.0,0.0,0.0,0.0,0.0,-2.705985832048041,110
2025-04-04 10:00:00,DDPG,0.20560150736922445,0.0,0.0,0.0,0.0,0.0,-2.879698526155111,110
2025-04-04 11:00:00,DDPG,0.20484810665462239,0.0,0.0,0.0,0.0,0.0,-3.030378669075523,110
2025-04-04 12:00:00,DDPG,0.2040200020605902,0.0,0.0,0.0,0.0,0.0,-3.1959995878819587,110
2025-04-04 13:00:00,DDPG,0.20292674011412587,0.0,0.0,0.0,0.0,0.0,-3.4146519771748265,110
2025-04-04 14:00:00,DDPG,0.20191987189147856,0.0,0.0,0.0,0.0,0.0,-3.6160256217042885,110
2025-04-04 15:00:00,DDPG,0.20105824925556523,0.0,0.0,0.0,0.0,0.0,-3.7883501488869538,110
2025-04-04 16:00:00,DDPG,0.200417589794668,0.0,0.0,0.0,0.0,0.0,-3.9164820410663994,110
2025-04-04 17:00:00,DDPG,0.20000945134256753,1.1920928955078125e-06,0.0,0.0,0.0,0.0,-3.9981097553283513,110
2025-04-04 18:00:00,DDPG,0.19980703262944727,1.4901161193847656e-07,0.0,0.0,0.0,0.0,-4.038593486031476,110
2025-04-04 19:00:00,DDPG,0.19966591270366385,0.0,0.0,0.0,0.0,0.0,-4.066817460757346,110
2025-04-04 20:00:00,DDPG,0.1995452954870978,0.0,0.0,0.0,0.0,0.0,-4.090940902580442,110
2025-04-04 21:00:00,DDPG,0.1994249711980577,0.0,0.0,0.0,0.0,0.0,-4.115005760388462,110
2025-04-04 22:00:00,DDPG,0.19930493912514813,0.0,0.0,0.0,0.0,0.0,-4.139012174970374,110
2025-04-04 23:00:00,DDPG,0.1992051553197758,0.0,0.0,0.0,0.0,0.0,-4.158968936044838,110
2025-04-05 00:00:00,DDPG,0.1994582834810041,0.0,0.0,0.0,0.0,0.0,-4.1083433037991774,110
2025-04-05 01:00:00,DDPG,0.20004379546647932,0.0,0.0,0.0,0.0,0.0,-3.9912409067041352,110
2025-04-05 02:00:00,DDPG,0.19996277217858122,0.0,0.0,0.0,0.0,0.0,-4.007445564283757,110
2025-04-05 03:00:00,DDPG,0.19988188007124447,0.0,0.0,0.0,0.0,0.0,-4.023623985751107,110
2025-04-05 04:00:00,DDPG,0.19980111893208152,0.0,0.0,0.0,0.0,0.0,-4.039776213583695,110
2025-04-05 05:00:00,DDPG,0.19970033095329037,0.0,0.0,0.0,0.0,0.0,-4.059933809341926,110
2025-04-05 06:00:00,DDPG,0.19957963014954666,0.0,0.0,0.0,0.0,0.0,-4.084073970090668,110
2025-04-05 07:00:00,DDPG,0.19935888274864275,0.0,0.0,0.0,0.0,0.0,-4.1282234502714505,110
2025-04-05 08:00:00,DDPG,0.19893933224527927,0.0,0.0,0.0,0.0,0.0,-4.212133550944147,110
2025-04-05 09:00:00,DDPG,0.19826583381580853,0.0,0.0,0.0,0.0,0.0,-4.346833236838293,110
2025-04-05 10:00:00,DDPG,0.1974062422992794,0.0,0.0,0.0,0.0,0.0,-4.518751540144122,110
2025-04-05 11:00:00,DDPG,0.19642764201181567,0.0,0.0,0.0,0.0,0.0,-4.714471597636866,110
2025-04-05 12:00:00,DDPG,0.19537528212621452,0.0,0.0,0.0,0.0,0.0,-4.924943574757096,110
2025-04-05 13:00:00,DDPG,0.1943835081025987,0.0,0.0,0.0,0.0,0.0,-5.1232983794802625,110
2025-04-05 14:00:00,DDPG,0.1934673056853379,0.0,0.0,0.0,0.0,0.0,-5.3065388629324195,110
2025-04-05 15:00:00,DDPG,0.1927283614886872,0.0,0.0,0.0,0.0,0.0,-5.454327702262562,110
2025-04-05 16:00:00,DDPG,0.19217492747321466,0.0,0.0,0.0,0.0,0.0,-5.565014505357069,110
2025-04-05 17:00:00,DDPG,0.1918505831834178,2.980232238769531e-07,0.0,0.0,0.0,0.0,-5.629883369276905,110
2025-04-05 18:00:00,DDPG,0.19171506750439704,1.4901161193847656e-07,0.0,0.0,0.0,0.0,-5.656986502100824,110
2025-04-05 19:00:00,DDPG,0.1916306441534953,0.0,0.0,0.0,0.0,0.0,-5.673871170791059,110
2025-04-05 20:00:00,DDPG,0.19154639165937512,0.0,0.0,0.0,0.0,0.0,-5.690721668124976,110
2025-04-05 21:00:00,DDPG,0.19146230967625497,0.0,0.0,0.0,0.0,0.0,-5.7075380647490075,110
2025-04-05 22:00:00,DDPG,0.19137839785905303,0.0,0.0,0.0,0.0,0.0,-5.724320428189395,110
2025-04-05 23:00:00,DDPG,0.1912946558633859,0.0,0.0,0.0,0.0,0.0,-5.74106882732282,110
2025-04-06 00:00:00,DDPG,0.19121108334556713,0.0,0.0,0.0,0.0,0.0,-5.757783330886573,110
2025-04-06 01:00:00,DDPG,0.19114436063919812,0.0,0.0,0.0,0.0,0.0,-5.771127872160376,110
2025-04-06 02:00:00,DDPG,0.191077745960068,0.0,0.0,0.0,0.0,0.0,-5.784450807986402,110
2025-04-06 03:00:00,DDPG,0.19099461242657736,0.0,0.0,0.0,0.0,0.0,-5.801077514684527,110
2025-04-06 04:00:00,DDPG,0.19092824019693433,0.0,0.0,0.0,0.0,0.0,-5.814351960613134,110
2025-04-06 05:00:00,DDPG,0.19086197542709168,0.0,0.0,0.0,0.0,0.0,-5.827604914581663,110
2025-04-06 06:00:00,DDPG,0.19112861159386052,0.0,0.0,0.0,0.0,0.0,-5.774277681227896,110
2025-04-06 07:00:00,DDPG,0.19162610689613935,0.0,0.0,0.0,0.0,0.0,-5.6747786207721305,110
2025-04-06 08:00:00,DDPG,0.19120489082994094,1.4901161193847656e-07,0.0,0.0,0.0,0.0,-5.759021836992045,110
2025-04-06 09:00:00,DDPG,0.19062115487651676,0.0,0.0,0.0,0.0,0.0,-5.875769026186764,110
2025-04-06 10:00:00,DDPG,0.18988126955555165,0.0,0.0,0.0,0.0,0.0,-6.02374608888967,110
2025-04-06 11:00:00,DDPG,0.18900957894955173,0.0,0.0,0.0,0.0,0.0,-6.198084210089654,110
2025-04-06 12:00:00,DDPG,0.18810957223521563,0.0,0.0,0.0,0.0,0.0,-6.378085552956875,110
2025-04-06 13:00:00,DDPG,0.18724575526455076,0.0,0.0,0.0,0.0,0.0,-6.5508489470898486,110
2025-04-06 14:00:00,DDPG,0.18646182079660162,0.0,0.0,0.0,0.0,0.0,-6.707635840679677,110
2025-04-06 15:00:00,DDPG,0.18582721148702266,0.0,0.0,0.0,0.0,0.0,-6.834557702595468,110
2025-04-06 16:00:00,DDPG,0.18536316379538123,0.0,0.0,0.0,0.0,0.0,-6.927367240923754,110
2025-04-06 17:00:00,DDPG,0.18509120422619293,0.0,0.0,0.0,0.0,0.0,-6.981759154761413,110
2025-04-06 18:00:00,DDPG,0.18497757556488909,0.0,0.0,0.0,0.0,0.0,-7.004484887022183,110
2025-04-06 19:00:00,DDPG,0.1848926300242315,0.0,0.0,0.0,0.0,0.0,-7.021473995153698,110
2025-04-06 20:00:00,DDPG,0.1847796448602024,1.4901161193847656e-07,0.0,0.0,0.0,0.0,-7.044071030939753,110
2025-04-06 21:00:00,DDPG,0.18466702555289494,1.4901161193847656e-07,0.0,0.0,0.0,0.0,-7.066594890911128,110
2025-04-06 22:00:00,DDPG,0.1845688023138284,0.0,0.0,0.0,0.0,0.0,-7.086239538724435,110
2025-04-06 23:00:00,DDPG,0.18447085737393923,0.0,0.0,0.0,0.0,0.0,-7.105828525212154,110
2025-04-07 00:00:00,DDPG,0.18438714243460252,0.0,0.0,0.0,0.0,0.0,-7.122571513079496,110
2025-04-07 01:00:00,DDPG,0.18430363080297563,0.0,0.0,0.0,0.0,0.0,-7.139273839404876,110
2025-04-07 02:00:00,DDPG,0.1842342067882553,0.0,0.0,0.0,0.0,0.0,-7.153158642348938,110
2025-04-07 03:00:00,DDPG,0.1841649232745172,0.0,0.0,0.0,0.0,0.0,-7.167015345096562,110
2025-04-07 04:00:00,DDPG,0.18408195131799338,0.0,0.0,0.0,0.0,0.0,-7.183609736401326,110
2025-04-07 05:00:00,DDPG,0.1839991808647925,0.0,0.0,0.0,0.0,0.0,-7.2001638270415,110
2025-04-07 06:00:00,DDPG,0.1858826130788529,2.980232238769531e-07,0.0,0.0,0.0,0.0,-6.823477390189884,110
2025-04-07 07:00:00,DDPG,0.18673332631162895,0.0,0.0,0.0,0.0,0.0,-6.653334740654444,110
2025-04-07 08:00:00,DDPG,0.1867516048575812,3.5762786865234375e-06,0.0,0.0,0.0,0.0,-6.649679100009337,110
2025-04-07 09:00:00,DDPG,0.18663462108431056,0.0,0.0,0.0,0.0,0.0,-6.673075818900676,110
2025-04-07 10:00:00,DDPG,0.18604148912389792,0.0,0.0,0.0,0.0,0.0,-6.791702175220415,110
2025-04-07 11:00:00,DDPG,0.18534125447806218,0.0,0.0,0.0,0.0,0.0,-6.931749104387563,110
2025-04-07 12:00:00,DDPG,0.18459740521714296,0.0,0.0,0.0,0.0,0.0,-7.080518956571407,110
2025-04-07 13:00:00,DDPG,0.183939230770274,0.0,0.0,0.0,0.0,0.0,-7.212153845945203,110
2025-04-07 14:00:00,DDPG,0.19226140434168612,0.0,0.0,0.0,0.0,0.0,-5.547719131662776,110
2025-04-07 15:00:00,DDPG,0.19502324314265007,0.0,0.0,0.0,0.0,0.0,-4.995351371469986,110
2025-04-07 16:00:00,DDPG,0.19498942192686475,5.364418029785156e-06,0.0,0.0,0.0,0.0,-5.002115721915411,110
2025-04-07 17:00:00,DDPG,0.19466165072838354,2.682209014892578e-06,0.0,0.0,0.0,0.0,-5.067669907967473,110
2025-04-07 18:00:00,DDPG,0.19448087836958702,2.980232238769531e-07,0.0,0.0,0.0,0.0,-5.103824352904685,110
2025-04-07 19:00:00,DDPG,0.19433684554424915,1.4901161193847656e-07,0.0,0.0,0.0,0.0,-5.1326308941304015,110
2025-04-07 20:00:00,DDPG,0.19419327911091713,1.4901161193847656e-07,0.0,0.0,0.0,0.0,-5.16134417930669,110
2025-04-07 21:00:00,DDPG,0.19408595257593347,0.0,0.0,0.0,0.0,0.0,-5.182809486303422,110
2025-04-07 22:00:00,DDPG,0.19396104237696832,0.0,0.0,0.0,0.0,0.0,-5.207791524606336,110
2025-04-07 23:00:00,DDPG,0.19383648609023357,0.0,0.0,0.0,0.0,0.0,-5.232702781953286,110
2025-04-08 00:00:00,DDPG,0.19371228271297794,0.0,0.0,0.0,0.0,0.0,-5.257543457404412,110
2025-04-08 01:00:00,DDPG,0.19360612431210356,0.0,0.0,0.0,0.0,0.0,-5.278775137579289,110
2025-04-08 02:00:00,DDPG,0.1935178738224243,0.0,0.0,0.0,0.0,0.0,-5.29642523551514,110
2025-04-08 03:00:00,DDPG,0.19342980193492654,0.0,0.0,0.0,0.0,0.0,-5.3140396130146925,110
2025-04-08 04:00:00,DDPG,0.1933419082881535,0.0,0.0,0.0,0.0,0.0,-5.331618342369299,110
2025-04-08 05:00:00,DDPG,0.19325419252137985,0.0,0.0,0.0,0.0,0.0,-5.349161495724031,110
2025-04-08 06:00:00,DDPG,0.19313163897590263,0.0,0.0,0.0,0.0,0.0,-5.373672204819474,110
2025-04-08 07:00:00,DDPG,0.19393514860162278,1.4901161193847656e-07,0.0,0.0,0.0,0.0,-5.212970282655676,110
2025-04-08 08:00:00,DDPG,0.193543918040922,4.470348358154297e-07,0.0,0.0,0.0,0.0,-5.291216399266181,110
2025-04-08 09:00:00,DDPG,0.1966373138125276,1.4901161193847656e-07,0.0,0.0,0.0,0.0,-4.672537241964827,110
2025-04-08 10:00:00,DDPG,0.19624819385880796,0.0,0.0,0.0,0.0,0.0,-4.750361229728526,110
2025-04-08 11:00:00,DDPG,0.19994626591690665,0.0,0.0,0.0,0.0,0.0,-4.010746816618671,110
2025-04-08 12:00:00,DDPG,0.21984126591690664,0.0,0.0,0.0,0.0,0.0,-0.03174681661867185,110
2025-04-08 13:00:00,DDPG,0.22943126591690666,0.0,0.0,0.0,0.0,0.0,2.0,110
2025-04-08 14:00:00,DDPG,0.22824126591690666,0.0,0.0,0.0,0.0,0.0,2.0,110
2025-04-08 15:00:00,DDPG,0.22705126591690666,0.0,0.0,0.0,0.0,0.0,2.0,110
2025-04-08 16:00:00,DDPG,0.22781793258357336,0.0,0.0,0.0,0.0,0.0,2.0,110
2025-04-08 17:00:00,DDPG,0.22814459925024,0.0,0.0,0.0,0.0,0.0,2.0,110
2025-04-08 18:00:00,DDPG,0.22794626591690667,0.0,0.0,0.0,0.0,0.0,2.0,110
2025-04-08 19:00:00,DDPG,0.22819459925024002,0.0,0.0,0.0,0.0,0.0,2.0,110
2025-04-08 20:00:00,DDPG,0.23008126591690664,0.0,0.0,0.0,0.0,0.0,2.0,110
2025-04-08 21:00:00,DDPG,0.2309679325835733,0.0,0.0,0.0,0.0,0.0,2.0,110
2025-04-08 22:00:00,DDPG,0.23118793258357323,0.0,0.0,0.0,0.0,0.0,2.0,110
2025-04-08 23:00:00,DDPG,0.2314079325835732,0.0,0.0,0.0,0.0,0.0,2.0,110
2025-04-09 00:00:00,DDPG,0.23129459925023985,0.0,0.0,0.0,0.0,0.0,2.0,110
2025-04-09 01:00:00,DDPG,0.2311812659169065,0.0,0.0,0.0,0.0,0.0,2.0,110
2025-04-09 02:00:00,DDPG,0.23106793258357314,0.0,0.0,0.0,0.0,0.0,2.0,110
2025-04-09 03:00:00,DDPG,0.23095459925023978,0.0,0.0,0.0,0.0,0.0,2.0,110
2025-04-09 04:00:00,DDPG,0.2315362659169065,0.0,0.0,0.0,0.0,0.0,2.0,110
2025-04-09 05:00:00,DDPG,0.23278459925023987,0.0,0.0,0.0,0.0,0.0,2.0,110
2025-04-09 06:00:00,DDPG,0.2349762659169065,0.0,0.0,0.0,0.0,0.0,2.0,110
2025-04-09 07:00:00,DDPG,0.2358062659169065,0.0,0.0,0.0,0.0,0.0,2.0,110
2025-04-09 08:00:00,DDPG,0.24040959925023983,0.0,0.0,0.0,0.0,0.0,2.0,110
2025-04-09 09:00:00,DDPG,0.24814793258357318,0.0,0.0,0.0,0.0,0.0,2.0,110
2025-04-09 10:00:00,DDPG,0.24755293258357317,0.0,0.0,0.0,0.0,0.0,2.0,110
2025-04-09 11:00:00,DDPG,0.24658293258357314,0.0,0.0,0.0,0.0,0.0,2.0,110
2025-04-09 12:00:00,DDPG,0.2453579325835731,0.0,0.0,0.0,0.0,0.0,2.0,110
2025-04-09 13:00:00,DDPG,0.24540959925023978,0.0,0.0,0.0,0.0,0.0,2.0,110
2025-04-09 14:00:00,DDPG,0.24833293258357314,0.0,0.0,0.0,0.0,0.0,2.0,110
2025-04-09 15:00:00,DDPG,0.24970293258357315,0.0,0.0,0.0,0.0,0.0,2.0,110
2025-04-09 16:00:00,DDPG,0.2502995992502398,0.0,0.0,0.0,0.0,0.0,2.0,110
2025-04-09 17:00:00,DDPG,0.24981793258357318,0.0,0.0,0.0,0.0,0.0,2.0,110
2025-04-09 18:00:00,DDPG,0.2496762659169065,0.0,0.0,0.0,0.0,0.0,2.0,110
2025-04-09 19:00:00,DDPG,0.24964793258357318,0.0,0.0,0.0,0.0,0.0,2.0,110
2025-04-09 20:00:00,DDPG,0.24961959925023985,0.0,0.0,0.0,0.0,0.0,2.0,110
2025-04-09 21:00:00,DDPG,0.24961959925023985,0.0,0.0,0.0,0.0,0.0,2.0,110
2025-04-09 22:00:00,DDPG,0.24961959925023985,0.0,0.0,0.0,0.0,0.0,2.0,110
2025-04-09 23:00:00,DDPG,0.24959126591690653,0.0,0.0,0.0,0.0,0.0,2.0,110
2025-04-10 00:00:00,DDPG,0.2495629325835732,0.0,0.0,0.0,0.0,0.0,2.0,110
2025-04-10 01:00:00,DDPG,0.24953459925023988,0.0,0.0,0.0,0.0,0.0,2.0,110
2025-04-10 02:00:00,DDPG,0.24953459925023988,0.0,0.0,0.0,0.0,0.0,2.0,110
2025-04-10 03:00:00,DDPG,0.24953459925023988,0.0,0.0,0.0,0.0,0.0,2.0,110
2025-04-10 04:00:00,DDPG,0.24953459925023988,0.0,0.0,0.0,0.0,0.0,2.0,110
2025-04-10 05:00:00,DDPG,0.24953459925023988,0.0,0.0,0.0,0.0,0.0,2.0,110
2025-04-10 06:00:00,DDPG,0.24950626591690656,0.0,0.0,0.0,0.0,0.0,2.0,110
2025-04-10 07:00:00,DDPG,0.24927959925023987,0.0,0.0,0.0,0.0,0.0,2.0,110
2025-04-10 08:00:00,DDPG,0.24859959925023992,0.0,0.0,0.0,0.0,0.0,2.0,110
2025-04-10 09:00:00,DDPG,0.24743793258357324,0.0,0.0,0.0,0.0,0.0,2.0,110
2025-04-10 10:00:00,DDPG,0.24585126591690656,0.0,0.0,0.0,0.0,0.0,2.0,110
2025-04-10 11:00:00,DDPG,0.24400959925023993,0.0,0.0,0.0,0.0,0.0,2.0,110
2025-04-10 12:00:00,DDPG,0.24208293258357325,0.0,0.0,0.0,0.0,0.0,2.0,110
2025-04-10 13:00:00,DDPG,0.2401845992502399,0.0,0.0,0.0,0.0,0.0,2.0,110
2025-04-10 14:00:00,DDPG,0.23890293258357323,0.0,0.0,0.0,0.0,0.0,2.0,110
2025-04-10 15:00:00,DDPG,0.23754293258357323,0.0,0.0,0.0,0.0,0.0,2.0,110
2025-04-10 16:00:00,DDPG,0.23657959925023989,0.0,0.0,0.0,0.0,0.0,2.0,110
2025-04-10 17:00:00,DDPG,0.2360979350671001,7.450580596923828e-07,0.0,0.0,0.0,0.0,1.9999999850988388,110
2025-04-10 18:00:00,DDPG,0.23595626840043343,0.0,0.0,0.0,0.0,0.0,1.9999999925494194,110
2025-04-10 19:00:00,DDPG,0.23587126840043343,0.0,0.0,0.0,0.0,0.0,2.0,110
2025-04-10 20:00:00,DDPG,0.23581460173376678,0.0,0.0,0.0,0.0,0.0,2.0,110
2025-04-10 21:00:00,DDPG,0.23578626840043346,0.0,0.0,0.0,0.0,0.0,2.0,110
2025-04-10 22:00:00,DDPG,0.23578626840043346,0.0,0.0,0.0,0.0,0.0,2.0,110
2025-04-10 23:00:00,DDPG,0.23575793506710013,0.0,0.0,0.0,0.0,0.0,2.0,110
2025-04-11 00:00:00,DDPG,0.23570126840043348,0.0,0.0,0.0,0.0,0.0,2.0,110
2025-04-11 01:00:00,DDPG,0.23567293506710016,0.0,0.0,0.0,0.0,0.0,2.0,110
2025-04-11 02:00:00,DDPG,0.23567293506710016,0.0,0.0,0.0,0.0,0.0,2.0,110
2025-04-11 03:00:00,DDPG,0.23564460173376683,0.0,0.0,0.0,0.0,0.0,2.0,110
2025-04-11 04:00:00,DDPG,0.2356162684004335,0.0,0.0,0.0,0.0,0.0,2.0,110
2025-04-11 05:00:00,DDPG,0.23558793506710018,0.0,0.0,0.0,0.0,0.0,2.0,110
2025-04-11 06:00:00,DDPG,0.23553126840043354,0.0,0.0,0.0,0.0,0.0,2.0,110
2025-04-11 07:00:00,DDPG,0.23524793606051095,2.980232238769531e-07,0.0,0.0,0.0,0.0,1.9999999940395354,110
2025-04-11 08:00:00,DDPG,0.23453960322388298,1.4901161193847656e-07,0.0,0.0,0.0,0.0,1.9999999970197677,110
2025-04-11 09:00:00,DDPG,0.23334960322388298,0.0,0.0,0.0,0.0,0.0,1.999999998509884,110
2025-04-11 10:00:00,DDPG,0.23179126989054966,0.0,0.0,0.0,0.0,0.0,2.0,110
2025-04-11 11:00:00,DDPG,0.22997793655721632,0.0,0.0,0.0,0.0,0.0,2.0,110
2025-04-11 12:00:00,DDPG,0.22805126989054963,0.0,0.0,0.0,0.0,0.0,2.0,110
2025-04-11 13:00:00,DDPG,0.2261529365572163,0.0,0.0,0.0,0.0,0.0,2.0,110
2025-04-11 14:00:00,DDPG,0.22445293655721626,0.0,0.0,0.0,0.0,0.0,2.0,110
2025-04-11 15:00:00,DDPG,0.22306460322388294,0.0,0.0,0.0,0.0,0.0,2.0,110
2025-04-11 16:00:00,DDPG,0.22207293655721627,0.0,0.0,0.0,0.0,0.0,2.0,110
2025-04-11 17:00:00,DDPG,0.2218679435110915,2.086162567138672e-06,0.0,0.0,0.0,0.0,1.9999999582767487,110
2025-04-11 18:00:00,DDPG,0.22172627684442478,0.0,0.0,0.0,0.0,0.0,1.9999999791383742,110
2025-04-11 19:00:00,DDPG,0.22200294351109146,0.0,0.0,0.0,0.0,0.0,2.0,110
2025-04-11 20:00:00,DDPG,0.22200294351109146,0.0,0.0,0.0,0.0,0.0,2.0,110
2025-04-11 21:00:00,DDPG,0.22200294351109146,0.0,0.0,0.0,0.0,0.0,2.0,110
2025-04-11 22:00:00,DDPG,0.22200294351109146,0.0,0.0,0.0,0.0,0.0,2.0,110
2025-04-11 23:00:00,DDPG,0.22200294351109146,0.0,0.0,0.0,0.0,0.0,2.0,110
2025-04-12 00:00:00,DDPG,0.22200294351109146,0.0,0.0,0.0,0.0,0.0,2.0,110
2025-04-12 01:00:00,DDPG,0.22200294351109146,0.0,0.0,0.0,0.0,0.0,2.0,110
2025-04-12 02:00:00,DDPG,0.22197461017775813,0.0,0.0,0.0,0.0,0.0,2.0,110
2025-04-12 03:00:00,DDPG,0.22197461017775813,0.0,0.0,0.0,0.0,0.0,2.0,110
2025-04-12 04:00:00,DDPG,0.22197461017775813,0.0,0.0,0.0,0.0,0.0,2.0,110
2025-04-12 05:00:00,DDPG,0.22197461017775813,0.0,0.0,0.0,0.0,0.0,2.0,110
2025-04-12 06:00:00,DDPG,0.22197461017775813,0.0,0.0,0.0,0.0,0.0,2.0,110
2025-04-12 07:00:00,DDPG,0.2217196111711689,2.980232238769531e-07,0.0,0.0,0.0,0.0,1.9999999940395354,110
2025-04-12 08:00:00,DDPG,0.22101128131477316,1.043081283569336e-06,0.0,0.0,0.0,0.0,1.9999999821186065,110
2025-04-12 09:00:00,DDPG,0.21982128131477316,0.0,0.0,0.0,0.0,0.0,-0.03574374747618103,110
2025-04-12 10:00:00,DDPG,0.21821040461015376,0.0,0.0,0.0,0.0,0.0,-0.3579190779692487,110
2025-04-12 11:00:00,DDPG,0.2163606033994165,0.0,0.0,0.0,0.0,0.0,-0.7278793201166978,110
2025-04-12 12:00:00,DDPG,0.21450724654733277,0.0,0.0,0.0,0.0,0.0,-1.098550690533445,110
2025-04-12 13:00:00,DDPG,0.21270565130447514,0.0,0.0,0.0,0.0,0.0,-1.4588697391049732,110
2025-04-12 14:00:00,DDPG,0.21113203805507236,0.0,0.0,0.0,0.0,0.0,-1.773592388985529,110
2025-04-12 15:00:00,DDPG,0.2098700981266498,0.0,0.0,0.0,0.0,0.0,-2.0259803746700387,110
2025-04-12 16:00:00,DDPG,0.2089977052682329,0.0,0.0,0.0,0.0,0.0,-2.2004589463534234,110
2025-04-12 17:00:00,DDPG,0.20854398531346027,1.4901161193847656e-07,0.0,0.0,0.0,0.0,-2.291202940288178,110
2025-04-12 18:00:00,DDPG,0.20847289618843678,0.0,0.0,0.0,0.0,0.0,-2.3054207638027595,110
2025-04-12 19:00:00,DDPG,0.20847289618843678,0.0,0.0,0.0,0.0,0.0,-2.305420762312643,110
2025-04-12 20:00:00,DDPG,0.20844922858759862,0.0,0.0,0.0,0.0,0.0,-2.3101542824802754,110
2025-04-12 21:00:00,DDPG,0.20842557056650365,0.0,0.0,0.0,0.0,0.0,-2.314885886699269,110
2025-04-12 22:00:00,DDPG,0.20840192212127437,0.0,0.0,0.0,0.0,0.0,-2.319615575745127,110
2025-04-12 23:00:00,DDPG,0.20840192212127437,0.0,0.0,0.0,0.0,0.0,-2.319615575745127,110
2025-04-13 00:00:00,DDPG,0.20840192212127437,0.0,0.0,0.0,0.0,0.0,-2.319615575745127,110
2025-04-13 01:00:00,DDPG,0.20840192212127437,0.0,0.0,0.0,0.0,0.0,-2.319615575745127,110
2025-04-13 02:00:00,DDPG,0.20840192212127437,0.0,0.0,0.0,0.0,0.0,-2.319615575745127,110
2025-04-13 03:00:00,DDPG,0.20840192212127437,0.0,0.0,0.0,0.0,0.0,-2.319615575745127,110
2025-04-13 04:00:00,DDPG,0.20840192212127437,0.0,0.0,0.0,0.0,0.0,-2.319615575745127,110
2025-04-13 05:00:00,DDPG,0.20835464437479523,0.0,0.0,0.0,0.0,0.0,-2.3290711250409544,110
2025-04-13 06:00:00,DDPG,0.20826016542675985,0.0,0.0,0.0,0.0,0.0,-2.3479669146480306,110
2025-04-13 07:00:00,DDPG,0.2080007699649189,2.980232238769531e-07,0.0,0.0,0.0,0.0,-2.3998460129766848,110
2025-04-13 08:00:00,DDPG,0.20739038140105193,1.4901161193847656e-07,0.0,0.0,0.0,0.0,-2.5219237227698468,110
2025-04-13 09:00:00,DDPG,0.20643797435732497,0.0,0.0,0.0,0.0,0.0,-2.7124051300251226,110
2025-04-13 10:00:00,DDPG,0.20522724543123091,0.0,0.0,0.0,0.0,0.0,-2.954550913753817,110
2025-04-13 11:00:00,DDPG,0.20388601232790105,0.0,0.0,0.0,0.0,0.0,-3.222797534419791,110
2025-04-13 12:00:00,DDPG,0.20249010800854972,0.0,0.0,0.0,0.0,0.0,-3.5019783982900563,110
2025-04-13 13:00:00,DDPG,0.2011091182621343,0.0,0.0,0.0,0.0,0.0,-3.778176347573142,110
2025-04-13 14:00:00,DDPG,0.1999092708667423,0.0,0.0,0.0,0.0,0.0,-4.018145826651542,110
2025-04-13 15:00:00,DDPG,0.19893960503275987,0.0,0.0,0.0,0.0,0.0,-4.212078993448026,110
2025-04-13 16:00:00,DDPG,0.19826610284921378,0.0,0.0,0.0,0.0,0.0,-4.346779430157244,110
2025-04-13 17:00:00,DDPG,0.19787537873277344,4.470348358154297e-07,0.0,0.0,0.0,0.0,-4.424924262386009,110
2025-04-13 18:00:00,DDPG,0.19772035369687682,0.0,0.0,0.0,0.0,0.0,-4.455929265094984,110
2025-04-13 19:00:00,DDPG,0.19762377679058551,0.0,0.0,0.0,0.0,0.0,-4.475244641882897,110
2025-04-13 20:00:00,DDPG,0.19754667162816267,0.0,0.0,0.0,0.0,0.0,-4.490665674367467,110
2025-04-13 21:00:00,DDPG,0.19745044622129615,0.0,0.0,0.0,0.0,0.0,-4.50991075574077,110
2025-04-13 22:00:00,DDPG,0.19733520942333013,0.0,0.0,0.0,0.0,0.0,-4.532958115333974,110
2025-04-13 23:00:00,DDPG,0.1972010929966307,0.0,0.0,0.0,0.0,0.0,-4.559781400673862,110
2025-04-14 00:00:00,DDPG,0.19710556697508988,0.0,0.0,0.0,0.0,0.0,-4.578886604982024,110
2025-04-14 01:00:00,DDPG,0.19702930081903497,0.0,0.0,0.0,0.0,0.0,-4.594139836193007,110
2025-04-14 02:00:00,DDPG,0.19693412247213932,0.0,0.0,0.0,0.0,0.0,-4.613175505572137,110
2025-04-14 03:00:00,DDPG,0.19683913674808856,0.0,0.0,0.0,0.0,0.0,-4.632172650382288,110
2025-04-14 04:00:00,DDPG,0.19705790836836704,0.0,0.0,0.0,0.0,0.0,-4.588418326326593,110
2025-04-14 05:00:00,DDPG,0.19762799008125817,1.4901161193847656e-07,0.0,0.0,0.0,0.0,-4.474401986728599,110
2025-04-14 06:00:00,DDPG,0.19786425883149056,0.0,0.0,0.0,0.0,0.0,-4.427148235192005,110
2025-04-14 07:00:00,DDPG,0.20599287236479488,0.0,0.0,0.0,0.0,0.0,-2.801425527041024,110
2025-04-14 08:00:00,DDPG,0.20660070712399903,0.0,0.0,0.0,0.0,0.0,-2.6798585752001944,110
2025-04-14 09:00:00,DDPG,0.2061044301535255,0.0,0.0,0.0,0.0,0.0,-2.779113969294899,110
2025-04-14 10:00:00,DDPG,0.20935026266088486,0.0,0.0,0.0,0.0,0.0,-2.129947467823029,110
2025-04-14 11:00:00,DDPG,0.2098861408956878,1.4901161193847656e-07,0.0,0.0,0.0,0.0,-2.022771823842672,110
2025-04-14 12:00:00,DDPG,0.21975947422902115,0.0,0.0,0.0,0.0,0.0,-0.04810515568588736,110
2025-04-14 13:00:00,DDPG,0.22122114089568778,0.0,0.0,0.0,0.0,0.0,2.0,110
2025-04-14 14:00:00,DDPG,0.22662614089568778,0.0,0.0,0.0,0.0,0.0,2.0,110
2025-04-14 15:00:00,DDPG,0.23242114089568777,0.0,0.0,0.0,0.0,0.0,2.0,110
2025-04-14 16:00:00,DDPG,0.23613780756235447,0.0,0.0,0.0,0.0,0.0,2.0,110
2025-04-14 17:00:00,DDPG,0.24091114089568783,0.0,0.0,0.0,0.0,0.0,2.0,110
2025-04-14 18:00:00,DDPG,0.24571280756235447,0.0,0.0,0.0,0.0,0.0,2.0,110
2025-04-14 19:00:00,DDPG,0.24690447422902115,0.0,0.0,0.0,0.0,0.0,2.0,110
2025-04-14 20:00:00,DDPG,0.24676280756235447,0.0,0.0,0.0,0.0,0.0,2.0,110
2025-04-14 21:00:00,DDPG,0.2466211408956878,0.0,0.0,0.0,0.0,0.0,2.0,110
2025-04-14 22:00:00,DDPG,0.2464511408956878,0.0,0.0,0.0,0.0,0.0,2.0,110
2025-04-14 23:00:00,DDPG,0.24664280756235443,0.0,0.0,0.0,0.0,0.0,2.0,110
2025-04-15 00:00:00,DDPG,0.24683447422902105,0.0,0.0,0.0,0.0,0.0,2.0,110
2025-04-15 01:00:00,DDPG,0.24669280756235437,0.0,0.0,0.0,0.0,0.0,2.0,110
2025-04-15 02:00:00,DDPG,0.2465511408956877,0.0,0.0,0.0,0.0,0.0,2.0,110
2025-04-15 03:00:00,DDPG,0.246409474229021,0.0,0.0,0.0,0.0,0.0,2.0,110
2025-04-15 04:00:00,DDPG,0.24926780756235437,0.0,0.0,0.0,0.0,0.0,2.0,110
2025-04-15 05:00:00,DDPG,0.254459474229021,0.0,0.0,0.0,0.0,0.0,2.0,110
2025-04-15 06:00:00,DDPG,0.25795614089568764,0.0,0.0,0.0,0.0,0.0,2.0,110
2025-04-15 07:00:00,DDPG,0.27270114089568764,0.0,0.0,0.0,0.0,0.0,2.0,110
2025-04-15 08:00:00,DDPG,0.27207780756235433,0.0,0.0,0.0,0.0,0.0,2.0,110
2025-04-15 09:00:00,DDPG,0.2711711408956876,0.0,0.0,0.0,0.0,0.0,2.0,110
2025-04-15 10:00:00,DDPG,0.2700378075623543,0.0,0.0,0.0,0.0,0.0,2.0,110
2025-04-15 11:00:00,DDPG,0.2687061408956876,0.0,0.0,0.0,0.0,0.0,2.0,110
2025-04-15 12:00:00,DDPG,0.2675661408956876,0.0,0.0,0.0,0.0,0.0,2.0,110
2025-04-15 13:00:00,DDPG,0.26648280756235426,0.0,0.0,0.0,0.0,0.0,2.0,110
2025-04-15 14:00:00,DDPG,0.2652928075623543,0.0,0.0,0.0,0.0,0.0,2.0,110
2025-04-15 15:00:00,DDPG,0.2647478075623543,0.0,0.0,0.0,0.0,0.0,2.0,110
2025-04-15 16:00:00,DDPG,0.26481947422902097,0.0,0.0,0.0,0.0,0.0,2.0,110
2025-04-15 17:00:00,DDPG,0.26472780805905965,1.4901161193847656e-07,0.0,0.0,0.0,0.0,1.9999999970197677,110
2025-04-15 18:00:00,DDPG,0.2651111418890984,1.4901161193847656e-07,0.0,0.0,0.0,0.0,1.999999998509884,110
2025-04-15 19:00:00,DDPG,0.2652744752224317,0.0,0.0,0.0,0.0,0.0,1.999999998509884,110
2025-04-15 20:00:00,DDPG,0.26546614188909834,0.0,0.0,0.0,0.0,0.0,2.0,110
2025-04-15 21:00:00,DDPG,0.2657144752224317,0.0,0.0,0.0,0.0,0.0,2.0,110
2025-04-15 22:00:00,DDPG,0.26593447522243163,0.0,0.0,0.0,0.0,0.0,2.0,110
2025-04-15 23:00:00,DDPG,0.2658211418890983,0.0,0.0,0.0,0.0,0.0,2.0,110
2025-04-16 00:00:00,DDPG,0.2657078085557649,0.0,0.0,0.0,0.0,0.0,2.0,110
2025-04-16 01:00:00,DDPG,0.2662328085557649,0.0,0.0,0.0,0.0,0.0,2.0,110
2025-04-16 02:00:00,DDPG,0.2661478085557649,0.0,0.0,0.0,0.0,0.0,2.0,110
2025-04-16 03:00:00,DDPG,0.266062808555765,0.0,0.0,0.0,0.0,0.0,2.0,110
2025-04-16 04:00:00,DDPG,0.2659494752224316,0.0,0.0,0.0,0.0,0.0,2.0,110
2025-04-16 05:00:00,DDPG,0.26583614188909827,0.0,0.0,0.0,0.0,0.0,2.0,110
2025-04-16 06:00:00,DDPG,0.26602780855576486,0.0,0.0,0.0,0.0,0.0,2.0,110
2025-04-16 07:00:00,DDPG,0.2660494752224315,0.0,0.0,0.0,0.0,0.0,2.0,110
2025-04-16 08:00:00,DDPG,0.26536947522243154,0.0,0.0,0.0,0.0,0.0,2.0,110
2025-04-16 09:00:00,DDPG,0.2643211418890982,0.0,0.0,0.0,0.0,0.0,2.0,110
2025-04-16 10:00:00,DDPG,0.26287614188909825,0.0,0.0,0.0,0.0,0.0,2.0,110
2025-04-16 11:00:00,DDPG,0.2612611418890982,0.0,0.0,0.0,0.0,0.0,2.0,110
2025-04-16 12:00:00,DDPG,0.25961780855576494,0.0,0.0,0.0,0.0,0.0,2.0,110
2025-04-16 13:00:00,DDPG,0.25915114188909827,0.0,0.0,0.0,0.0,0.0,2.0,110
2025-04-16 14:00:00,DDPG,0.25891114188909825,0.0,0.0,0.0,0.0,0.0,2.0,110
2025-04-16 15:00:00,DDPG,0.2585928085557649,0.0,0.0,0.0,0.0,0.0,2.0,110
2025-04-16 16:00:00,DDPG,0.2583594752224316,0.0,0.0,0.0,0.0,0.0,2.0,110
2025-04-16 17:00:00,DDPG,0.25804780855576487,0.0,0.0,0.0,0.0,0.0,2.0,110
2025-04-16 18:00:00,DDPG,0.25790614188909816,0.0,0.0,0.0,0.0,0.0,2.0,110
2025-04-16 19:00:00,DDPG,0.2578211418890982,0.0,0.0,0.0,0.0,0.0,2.0,110
2025-04-16 20:00:00,DDPG,0.2577361418890982,0.0,0.0,0.0,0.0,0.0,2.0,110
2025-04-16 21:00:00,DDPG,0.25762280855576486,0.0,0.0,0.0,0.0,0.0,2.0,110
2025-04-16 22:00:00,DDPG,0.2575378085557649,0.0,0.0,0.0,0.0,0.0,2.0,110
2025-04-16 23:00:00,DDPG,0.2574528085557649,0.0,0.0,0.0,0.0,0.0,2.0,110
2025-04-17 00:00:00,DDPG,0.25739614188909826,0.0,0.0,0.0,0.0,0.0,2.0,110
2025-04-17 01:00:00,DDPG,0.2573394752224316,0.0,0.0,0.0,0.0,0.0,2.0,110
2025-04-17 02:00:00,DDPG,0.25728280855576496,0.0,0.0,0.0,0.0,0.0,2.0,110
2025-04-17 03:00:00,DDPG,0.2572261418890983,0.0,0.0,0.0,0.0,0.0,2.0,110
2025-04-17 04:00:00,DDPG,0.25716947522243166,0.0,0.0,0.0,0.0,0.0,2.0,110
2025-04-17 05:00:00,DDPG,0.2571411418890983,0.0,0.0,0.0,0.0,0.0,2.0,110
2025-04-17 06:00:00,DDPG,0.25705614188909837,0.0,0.0,0.0,0.0,0.0,2.0,110
2025-04-17 07:00:00,DDPG,0.2574394752224317,0.0,0.0,0.0,0.0,0.0,2.0,110
2025-04-17 08:00:00,DDPG,0.25748280905247045,1.4901161193847656e-07,0.0,0.0,0.0,0.0,1.9999999970197677,110
2025-04-17 09:00:00,DDPG,0.25643447571913713,0.0,0.0,0.0,0.0,0.0,1.999999998509884,110
2025-04-17 10:00:00,DDPG,0.25585447571913716,0.0,0.0,0.0,0.0,0.0,2.0,110
2025-04-17 11:00:00,DDPG,0.25421114238580383,0.0,0.0,0.0,0.0,0.0,2.0,110
2025-04-17 12:00:00,DDPG,0.2523411423858038,0.0,0.0,0.0,0.0,0.0,2.0,110
2025-04-17 13:00:00,DDPG,0.2518044757191371,0.0,0.0,0.0,0.0,0.0,2.0,110
2025-04-17 14:00:00,DDPG,0.25016114238580384,0.0,0.0,0.0,0.0,0.0,2.0,110
2025-04-17 15:00:00,DDPG,0.2489428090524705,0.0,0.0,0.0,0.0,0.0,2.0,110
2025-04-17 16:00:00,DDPG,0.24836947571913712,0.0,0.0,0.0,0.0,0.0,2.0,110
2025-04-17 17:00:00,DDPG,0.24785947720925322,4.470348358154297e-07,0.0,0.0,0.0,0.0,1.9999999910593034,110
2025-04-17 18:00:00,DDPG,0.24768947720925322,0.0,0.0,0.0,0.0,0.0,1.9999999955296517,110
2025-04-17 19:00:00,DDPG,0.24757614387591986,0.0,0.0,0.0,0.0,0.0,2.0,110
2025-04-17 20:00:00,DDPG,0.24749114387591986,0.0,0.0,0.0,0.0,0.0,2.0,110
2025-04-17 21:00:00,DDPG,0.2474061438759199,0.0,0.0,0.0,0.0,0.0,2.0,110
2025-04-17 22:00:00,DDPG,0.24734947720925324,0.0,0.0,0.0,0.0,0.0,2.0,110
2025-04-17 23:00:00,DDPG,0.2473211438759199,0.0,0.0,0.0,0.0,0.0,2.0,110
2025-04-18 00:00:00,DDPG,0.2472928105425866,0.0,0.0,0.0,0.0,0.0,2.0,110
2025-04-18 01:00:00,DDPG,0.24793114387591994,0.0,0.0,0.0,0.0,0.0,2.0,110
2025-04-18 02:00:00,DDPG,0.24790281054258662,0.0,0.0,0.0,0.0,0.0,2.0,110
2025-04-18 03:00:00,DDPG,0.24987447720925327,0.0,0.0,0.0,0.0,0.0,2.0,110
2025-04-18 04:00:00,DDPG,0.2525128105425866,0.0,0.0,0.0,0.0,0.0,2.0,110
2025-04-18 05:00:00,DDPG,0.2525128105425866,0.0,0.0,0.0,0.0,0.0,2.0,110
2025-04-18 06:00:00,DDPG,0.25245614387591997,0.0,0.0,0.0,0.0,0.0,2.0,110
2025-04-18 07:00:00,DDPG,0.2521728105425866,0.0,0.0,0.0,0.0,0.0,2.0,110
2025-04-18 08:00:00,DDPG,0.2514644772092533,0.0,0.0,0.0,0.0,0.0,2.0,110
2025-04-18 09:00:00,DDPG,0.2503311438759199,0.0,0.0,0.0,0.0,0.0,2.0,110
2025-04-18 10:00:00,DDPG,0.24885781054258663,0.0,0.0,0.0,0.0,0.0,2.0,110
2025-04-18 11:00:00,DDPG,0.24712947720925327,0.0,0.0,0.0,0.0,0.0,2.0,110
2025-04-18 12:00:00,DDPG,0.24525947720925326,0.0,0.0,0.0,0.0,0.0,2.0,110
2025-04-18 13:00:00,DDPG,0.2434178105425866,0.0,0.0,0.0,0.0,0.0,2.0,110
2025-04-18 14:00:00,DDPG,0.2417744772092533,0.0,0.0,0.0,0.0,0.0,2.0,110
2025-04-18 15:00:00,DDPG,0.2404144772092533,0.0,0.0,0.0,0.0,0.0,2.0,110
2025-04-18 16:00:00,DDPG,0.23942281054258663,0.0,0.0,0.0,0.0,0.0,2.0,110
2025-04-18 17:00:00,DDPG,0.2388561443726253,1.4901161193847656e-07,0.0,0.0,0.0,0.0,1.9999999970197677,110
2025-04-18 18:00:00,DDPG,0.23862947770595866,0.0,0.0,0.0,0.0,0.0,1.999999998509884,110
2025-04-18 19:00:00,DDPG,0.23848781103929198,0.0,0.0,0.0,0.0,0.0,2.0,110
2025-04-18 20:00:00,DDPG,0.238402811039292,0.0,0.0,0.0,0.0,0.0,2.0,110
2025-04-18 21:00:00,DDPG,0.23831781103929203,0.0,0.0,0.0,0.0,0.0,2.0,110
2025-04-18 22:00:00,DDPG,0.23826114437262538,0.0,0.0,0.0,0.0,0.0,2.0,110
2025-04-18 23:00:00,DDPG,0.2382044777059587,0.0,0.0,0.0,0.0,0.0,2.0,110
2025-04-19 00:00:00,DDPG,0.23814781103929206,0.0,0.0,0.0,0.0,0.0,2.0,110
2025-04-19 01:00:00,DDPG,0.23806281103929208,0.0,0.0,0.0,0.0,0.0,2.0,110
2025-04-19 02:00:00,DDPG,0.2379778110392921,0.0,0.0,0.0,0.0,0.0,2.0,110
2025-04-19 03:00:00,DDPG,0.23789281103929213,0.0,0.0,0.0,0.0,0.0,2.0,110
2025-04-19 04:00:00,DDPG,0.23780781103929216,0.0,0.0,0.0,0.0,0.0,2.0,110
2025-04-19 05:00:00,DDPG,0.23775114437262548,0.0,0.0,0.0,0.0,0.0,2.0,110
2025-04-19 06:00:00,DDPG,0.2376661443726255,0.0,0.0,0.0,0.0,0.0,2.0,110
2025-04-19 07:00:00,DDPG,0.23735447869936957,2.980232238769531e-07,0.0,0.0,0.0,0.0,1.9999999940395354,110
2025-04-19 08:00:00,DDPG,0.23658947869936958,0.0,0.0,0.0,0.0,0.0,1.9999999970197677,110
2025-04-19 09:00:00,DDPG,0.23539947869936959,0.0,0.0,0.0,0.0,0.0,2.0,110
2025-04-19 10:00:00,DDPG,0.23384114536603623,0.0,0.0,0.0,0.0,0.0,2.0,110
2025-04-19 11:00:00,DDPG,0.23205614536603625,0.0,0.0,0.0,0.0,0.0,2.0,110
2025-04-19 12:00:00,DDPG,0.23015781203270289,0.0,0.0,0.0,0.0,0.0,2.0,110
2025-04-19 13:00:00,DDPG,0.22831614536603623,0.0,0.0,0.0,0.0,0.0,2.0,110
2025-04-19 14:00:00,DDPG,0.2266444786993696,0.0,0.0,0.0,0.0,0.0,2.0,110
2025-04-19 15:00:00,DDPG,0.22525614536603628,0.0,0.0,0.0,0.0,0.0,2.0,110
2025-04-19 16:00:00,DDPG,0.22423614536603628,0.0,0.0,0.0,0.0,0.0,2.0,110
2025-04-19 17:00:00,DDPG,0.22364114536603627,0.0,0.0,0.0,0.0,0.0,2.0,110
2025-04-19 18:00:00,DDPG,0.2233861453660363,0.0,0.0,0.0,0.0,0.0,2.0,110
2025-04-19 19:00:00,DDPG,0.2232161453660363,0.0,0.0,0.0,0.0,0.0,2.0,110
2025-04-19 20:00:00,DDPG,0.22304614536603629,0.0,0.0,0.0,0.0,0.0,2.0,110
2025-04-19 21:00:00,DDPG,0.22287614536603628,0.0,0.0,0.0,0.0,0.0,2.0,110
2025-04-19 22:00:00,DDPG,0.22270614536603625,0.0,0.0,0.0,0.0,0.0,2.0,110
2025-04-19 23:00:00,DDPG,0.22256447869936957,0.0,0.0,0.0,0.0,0.0,2.0,110
2025-04-20 00:00:00,DDPG,0.22245114536603622,0.0,0.0,0.0,0.0,0.0,2.0,110
2025-04-20 01:00:00,DDPG,0.22236614536603624,0.0,0.0,0.0,0.0,0.0,2.0,110
2025-04-20 02:00:00,DDPG,0.2223094786993696,0.0,0.0,0.0,0.0,0.0,2.0,110
2025-04-20 03:00:00,DDPG,0.22222447869936962,0.0,0.0,0.0,0.0,0.0,2.0,110
2025-04-20 04:00:00,DDPG,0.22213947869936965,0.0,0.0,0.0,0.0,0.0,2.0,110
2025-04-20 05:00:00,DDPG,0.2220261453660363,0.0,0.0,0.0,0.0,0.0,2.0,110
2025-04-20 06:00:00,DDPG,0.2218844786993696,0.0,0.0,0.0,0.0,0.0,2.0,110
2025-04-20 07:00:00,DDPG,0.22154448018948572,4.470348358154297e-07,0.0,0.0,0.0,0.0,1.9999999910593034,110
2025-04-20 08:00:00,DDPG,0.2218361478495631,2.980232238769531e-07,0.0,0.0,0.0,0.0,1.9999999955296517,110
2025-04-20 09:00:00,DDPG,0.22073114784956308,0.0,0.0,0.0,0.0,0.0,1.9999999970197677,110
2025-04-20 10:00:00,DDPG,0.2192861478495631,0.0,0.0,0.0,0.0,0.0,-0.14277043008738,110
2025-04-20 11:00:00,DDPG,0.21760348425893083,0.0,0.0,0.0,0.0,0.0,-0.479303148213833,110
2025-04-20 12:00:00,DDPG,0.21582486878021376,0.0,0.0,0.0,0.0,0.0,-0.8350262439572487,110
2025-04-20 13:00:00,DDPG,0.21409304782778193,0.0,0.0,0.0,0.0,0.0,-1.181390434443613,110
2025-04-20 14:00:00,DDPG,0.21258838722877735,0.0,0.0,0.0,0.0,0.0,-1.4823225542445306,110
2025-04-20 15:00:00,DDPG,0.21137238427690394,0.0,0.0,0.0,0.0,0.0,-1.725523144619212,110
2025-04-20 16:00:00,DDPG,0.21052778336947417,0.0,0.0,0.0,0.0,0.0,-1.8944433261051663,110
2025-04-20 17:00:00,DDPG,0.21001329721083364,0.0,0.0,0.0,0.0,0.0,-1.9973405578332715,110
2025-04-20 18:00:00,DDPG,0.20979467734242274,0.0,0.0,0.0,0.0,0.0,-2.0410645315154516,110
2025-04-20 19:00:00,DDPG,0.20967366430494402,0.0,0.0,0.0,0.0,0.0,-2.065267139011196,110
2025-04-20 20:00:00,DDPG,0.2095045889227467,0.0,0.0,0.0,0.0,0.0,-2.099082215450659,110
2025-04-20 21:00:00,DDPG,0.20933599258746557,0.0,0.0,0.0,0.0,0.0,-2.132801482506885,110
2025-04-20 22:00:00,DDPG,0.20916787394180109,0.0,0.0,0.0,0.0,0.0,-2.1664252116397833,110
2025-04-20 23:00:00,DDPG,0.2090241805336567,0.0,0.0,0.0,0.0,0.0,-2.195163893268659,110
2025-04-21 00:00:00,DDPG,0.20888083609521785,0.0,0.0,0.0,0.0,0.0,-2.223832780956431,110
2025-04-21 01:00:00,DDPG,0.20873783977898658,0.0,0.0,0.0,0.0,0.0,-2.252432044202685,110
2025-04-21 02:00:00,DDPG,0.20859519073952335,0.0,0.0,0.0,0.0,0.0,-2.2809618520953308,110
2025-04-21 03:00:00,DDPG,0.20847660523445527,0.0,0.0,0.0,0.0,0.0,-2.3046789531089464,110
2025-04-21 04:00:00,DDPG,0.20835825972386174,0.0,0.0,0.0,0.0,0.0,-2.3283480552276528,110
2025-04-21 05:00:00,DDPG,0.2082401537220396,0.0,0.0,0.0,0.0,0.0,-2.3519692555920795,110
2025-04-21 06:00:00,DDPG,0.20809871334871466,0.0,0.0,0.0,0.0,0.0,-2.380257330257068,110
2025-04-21 07:00:00,DDPG,0.2077930039463763,1.4901161193847656e-07,0.0,0.0,0.0,0.0,-2.441399213704975,110
2025-04-21 08:00:00,DDPG,0.2071614089746766,0.0,0.0,0.0,0.0,0.0,-2.5677182065547948,110
2025-04-21 09:00:00,DDPG,0.2065871467330049,0.0,0.0,0.0,0.0,0.0,-2.6825706533990186,110
2025-04-21 10:00:00,DDPG,0.21089289495666594,0.0,0.0,0.0,0.0,0.0,-1.8214210086668126,110
2025-04-21 11:00:00,DDPG,0.210488132110317,0.0,0.0,0.0,0.0,0.0,-1.9023735779366002,110
2025-04-21 12:00:00,DDPG,0.20916603436562006,0.0,0.0,0.0,0.0,0.0,-2.1667931268759872,110
2025-04-21 13:00:00,DDPG,0.20792073021373417,0.0,0.0,0.0,0.0,0.0,-2.4158539572531668,110
2025-04-21 14:00:00,DDPG,0.2067485249594086,0.0,0.0,0.0,0.0,0.0,-2.650295008118281,110
2025-04-21 15:00:00,DDPG,0.20576083039404364,0.0,0.0,0.0,0.0,0.0,-2.847833921191273,110
2025-04-21 16:00:00,DDPG,0.20508373508707564,1.4901161193847656e-07,0.0,0.0,0.0,0.0,-2.9832529855651044,110
2025-04-21 17:00:00,DDPG,0.20468241566230644,1.4901161193847656e-06,0.0,0.0,0.0,0.0,-3.0635168958509187,110
2025-04-21 18:00:00,DDPG,0.2044832154338223,0.0,0.0,0.0,0.0,0.0,-3.1033569281366997,110
2025-04-21 19:00:00,DDPG,0.20437295178353956,0.0,0.0,0.0,0.0,0.0,-3.1254096432920875,110
2025-04-21 20:00:00,DDPG,0.20424090318635096,0.0,0.0,0.0,0.0,0.0,-3.1518193627298077,110
2025-04-21 21:00:00,DDPG,0.20408722062732298,0.0,0.0,0.0,0.0,0.0,-3.182555874535403,110
2025-04-21 22:00:00,DDPG,0.2039558659486566,0.0,0.0,0.0,0.0,0.0,-3.208826810268678,110
2025-04-21 23:00:00,DDPG,0.20380299099513544,0.0,0.0,0.0,0.0,0.0,-3.239401800972913,110
2025-04-22 00:00:00,DDPG,0.20367232658843298,0.0,0.0,0.0,0.0,0.0,-3.2655346823134037,110
2025-04-22 01:00:00,DDPG,0.20354197950957534,0.0,0.0,0.0,0.0,0.0,-3.2916040980849326,110
2025-04-22 02:00:00,DDPG,0.20378808614592492,0.0,0.0,0.0,0.0,0.0,-3.2423827708150164,110
2025-04-22 03:00:00,DDPG,0.210048414898462,0.0,0.0,0.0,0.0,0.0,-1.9903170203076028,110
2025-04-22 04:00:00,DDPG,0.21263892753751384,0.0,0.0,0.0,0.0,0.0,-1.4722144924972316,110
2025-04-22 05:00:00,DDPG,0.21422750883978972,0.0,0.0,0.0,0.0,0.0,-1.154498232042056,110
2025-04-22 06:00:00,DDPG,0.21476284205602666,0.0,0.0,0.0,0.0,0.0,-1.0474315887946672,110
2025-04-22 07:00:00,DDPG,0.2148590393218702,0.0,0.0,0.0,0.0,0.0,-1.0281921356259605,110
2025-04-22 08:00:00,DDPG,0.2142552330431217,1.4901161193847656e-07,0.0,0.0,0.0,0.0,-1.1489533943558943,110
2025-04-22 09:00:00,DDPG,0.21326692636345845,0.0,0.0,0.0,0.0,0.0,-1.3466147287984258,110
2025-04-22 10:00:00,DDPG,0.2119353081990466,0.0,0.0,0.0,0.0,0.0,-1.6129383601906797,110
2025-04-22 11:00:00,DDPG,0.21060664837315754,0.0,0.0,0.0,0.0,0.0,-1.8786703253684922,110
2025-04-22 12:00:00,DDPG,0.20908571010207877,0.0,0.0,0.0,0.0,0.0,-2.182857979584246,110
2025-04-22 13:00:00,DDPG,0.207626855783606,0.0,0.0,0.0,0.0,0.0,-2.474628843278798,110
2025-04-22 14:00:00,DDPG,0.20622734642886129,0.0,0.0,0.0,0.0,0.0,-2.7545307142277426,110
2025-04-22 15:00:00,DDPG,0.20513492941252914,0.0,0.0,0.0,0.0,0.0,-2.9730141174941718,110
2025-04-22 16:00:00,DDPG,0.20435385124585162,0.0,0.0,0.0,0.0,0.0,-3.1292297508296762,110
2025-04-22 17:00:00,DDPG,0.20397984498370755,0.0,0.0,0.0,0.0,0.0,-3.204031003258489,110
2025-04-22 18:00:00,DDPG,0.20387060005933577,0.0,0.0,0.0,0.0,0.0,-3.2258799881328457,110
2025-04-22 19:00:00,DDPG,0.2038487952926451,0.0,0.0,0.0,0.0,0.0,-3.2302409414709796,110
2025-04-22 20:00:00,DDPG,0.2038487952926451,0.0,0.0,0.0,0.0,0.0,-3.2302409414709796,110
2025-04-22 21:00:00,DDPG,0.2038269993516933,0.0,0.0,0.0,0.0,0.0,-3.2346001296613416,110
2025-04-22 22:00:00,DDPG,0.20376163799533767,0.0,0.0,0.0,0.0,0.0,-3.2476724009324665,110
2025-04-22 23:00:00,DDPG,0.2036963560063433,0.0,0.0,0.0,0.0,0.0,-3.2607287987313383,110
2025-04-23 00:00:00,DDPG,0.2036094190489997,0.0,0.0,0.0,0.0,0.0,-3.278116190200059,110
2025-04-23 01:00:00,DDPG,0.20385541649752356,0.0,0.0,0.0,0.0,0.0,-3.2289167004952883,110
2025-04-23 02:00:00,DDPG,0.20412294920606228,0.0,0.0,0.0,0.0,0.0,-3.175410158787545,110
2025-04-23 03:00:00,DDPG,0.20403532157401438,0.0,0.0,0.0,0.0,0.0,-3.1929356851971233,110
2025-04-23 04:00:00,DDPG,0.2039478358152755,0.0,0.0,0.0,0.0,0.0,-3.2104328369448982,110
2025-04-23 05:00:00,DDPG,0.20383865567136364,0.0,0.0,0.0,0.0,0.0,-3.2322688657272725,110
2025-04-23 06:00:00,DDPG,0.20370790465044747,0.0,0.0,0.0,0.0,0.0,-3.2584190699105067,110
2025-04-23 07:00:00,DDPG,0.20342529975939888,2.980232238769531e-07,0.0,0.0,0.0,0.0,-3.3149400540806884,110
2025-04-23 08:00:00,DDPG,0.20286306208097854,0.0,0.0,0.0,0.0,0.0,-3.4273875867845245,110
2025-04-23 09:00:00,DDPG,0.2020071839330008,0.0,0.0,0.0,0.0,0.0,-3.5985632133998413,110
2025-04-23 10:00:00,DDPG,0.20089150601100952,0.0,0.0,0.0,0.0,0.0,-3.8216987977980956,110
2025-04-23 11:00:00,DDPG,0.19969676732227487,0.0,0.0,0.0,0.0,0.0,-4.060646535545026,110
2025-04-23 12:00:00,DDPG,0.1986105379793737,0.0,0.0,0.0,0.0,0.0,-4.277892404125261,110
2025-04-23 13:00:00,DDPG,0.19746934773061986,0.0,0.0,0.0,0.0,0.0,-4.506130453876028,110
2025-04-23 14:00:00,DDPG,0.19652787233396254,0.0,0.0,0.0,0.0,0.0,-4.694425533207491,110
2025-04-23 15:00:00,DDPG,0.19571806579405476,0.0,0.0,0.0,0.0,0.0,-4.856386841189048,110
2025-04-23 16:00:00,DDPG,0.19505188826391284,0.0,0.0,0.0,0.0,0.0,-4.9896223472174315,110
2025-04-23 17:00:00,DDPG,0.1946689472136696,0.0,0.0,0.0,0.0,0.0,-5.066210557266082,110
2025-04-23 18:00:00,DDPG,0.1945423851965642,0.0,0.0,0.0,0.0,0.0,-5.091522960687161,110
2025-04-23 19:00:00,DDPG,0.1944882980145398,0.0,0.0,0.0,0.0,0.0,-5.102340397092043,110
2025-04-23 20:00:00,DDPG,0.19443427650980785,0.0,0.0,0.0,0.0,0.0,-5.11314469803843,110
2025-04-23 21:00:00,DDPG,0.19438032060261737,0.0,0.0,0.0,0.0,0.0,-5.123935879476527,110
2025-04-23 22:00:00,DDPG,0.1943264302133142,0.0,0.0,0.0,0.0,0.0,-5.134713957337161,110
2025-04-23 23:00:00,DDPG,0.19427260526234089,0.0,0.0,0.0,0.0,0.0,-5.1454789475318226,110
2025-04-24 00:00:00,DDPG,0.19420092580620185,0.0,0.0,0.0,0.0,0.0,-5.15981483875963,110
2025-04-24 01:00:00,DDPG,0.1941293624025156,0.0,0.0,0.0,0.0,0.0,-5.17412751949688,110
2025-04-24 02:00:00,DDPG,0.19405791486338772,0.0,0.0,0.0,0.0,0.0,-5.188417027322457,110
2025-04-24 03:00:00,DDPG,0.1940044159667679,0.0,0.0,0.0,0.0,0.0,-5.19911680664642,110
2025-04-24 04:00:00,DDPG,0.19395098203309397,0.0,0.0,0.0,0.0,0.0,-5.209803593381207,110
2025-04-24 05:00:00,DDPG,0.19387982330027848,0.0,0.0,0.0,0.0,0.0,-5.224035339944305,110
2025-04-24 06:00:00,DDPG,0.1937910188959803,0.0,0.0,0.0,0.0,0.0,-5.24179622080394,110
2025-04-24 07:00:00,DDPG,0.19356059472512288,0.0,0.0,0.0,0.0,0.0,-5.287881054975424,110
2025-04-24 08:00:00,DDPG,0.1930669079849048,0.0,0.0,0.0,0.0,0.0,-5.386618403019039,110
2025-04-24 09:00:00,DDPG,0.19231733870545326,0.0,0.0,0.0,0.0,0.0,-5.536532258909349,110
2025-04-24 10:00:00,DDPG,0.19139240258803406,0.0,0.0,0.0,0.0,0.0,-5.721519482393189,110
2025-04-24 11:00:00,DDPG,0.19035365038975338,0.0,0.0,0.0,0.0,0.0,-5.929269922049324,110
2025-04-24 12:00:00,DDPG,0.1892756314436271,0.0,0.0,0.0,0.0,0.0,-6.144873711274579,110
2025-04-24 13:00:00,DDPG,0.1882423082830269,0.0,0.0,0.0,0.0,0.0,-6.351538343394619,110
2025-04-24 14:00:00,DDPG,0.18732904553998225,0.0,0.0,0.0,0.0,0.0,-6.534190892003551,110
2025-04-24 15:00:00,DDPG,0.1866037955123483,0.0,0.0,0.0,0.0,0.0,-6.679240897530342,110
2025-04-24 16:00:00,DDPG,0.18608524174259003,0.0,0.0,0.0,0.0,0.0,-6.782951651481994,110
2025-04-24 17:00:00,DDPG,0.18577851718777802,0.0,0.0,0.0,0.0,0.0,-6.844296562444397,110
2025-04-24 18:00:00,DDPG,0.18566266294164616,0.0,0.0,0.0,0.0,0.0,-6.86746741167077,110
2025-04-24 19:00:00,DDPG,0.1855760536173593,0.0,0.0,0.0,0.0,0.0,-6.884789276528142,110
2025-04-24 20:00:00,DDPG,0.185518454292455,0.0,0.0,0.0,0.0,0.0,-6.8963091415090005,110
2025-04-24 21:00:00,DDPG,0.18546094822360057,0.0,0.0,0.0,0.0,0.0,-6.907810355279887,110
2025-04-24 22:00:00,DDPG,0.18538918201886234,0.0,0.0,0.0,0.0,0.0,-6.922163596227531,110
2025-04-24 23:00:00,DDPG,0.18533188524797464,0.0,0.0,0.0,0.0,0.0,-6.933622950405072,110
2025-04-25 00:00:00,DDPG,0.18528898224445925,0.0,0.0,0.0,0.0,0.0,-6.94220355110815,110
2025-04-25 01:00:00,DDPG,0.18523184770177772,0.0,0.0,0.0,0.0,0.0,-6.9536304596444545,110
2025-04-25 02:00:00,DDPG,0.18517480566264152,0.0,0.0,0.0,0.0,0.0,-6.965038867471696,110
2025-04-25 03:00:00,DDPG,0.1851320933986226,0.0,0.0,0.0,0.0,0.0,-6.973581320275478,110
2025-04-25 04:00:00,DDPG,0.18508943299949568,0.0,0.0,0.0,0.0,0.0,-6.9821134001008645,110
2025-04-25 05:00:00,DDPG,0.185046824402282,0.0,0.0,0.0,0.0,0.0,-6.990635119543597,110
2025-04-25 06:00:00,DDPG,0.1849900819246783,0.0,0.0,0.0,0.0,0.0,-7.00198361506434,110
2025-04-25 07:00:00,DDPG,0.18482013158106542,4.470348358154297e-07,0.0,0.0,0.0,0.0,-7.035973692727614,110
2025-04-25 08:00:00,DDPG,0.18445369164019043,1.4901161193847656e-07,0.0,0.0,0.0,0.0,-7.109261676432261,110
2025-04-25 09:00:00,DDPG,0.18389586996601592,0.0,0.0,0.0,0.0,0.0,-7.220826008286931,110
2025-04-25 10:00:00,DDPG,0.1831824426076836,0.0,0.0,0.0,0.0,0.0,-7.3635114784632805,110
2025-04-25 11:00:00,DDPG,0.18233629032118764,0.0,0.0,0.0,0.0,0.0,-7.532741935762472,110
2025-04-25 12:00:00,DDPG,0.18145936092414403,0.0,0.0,0.0,0.0,0.0,-7.708127815171196,110
2025-04-25 13:00:00,DDPG,0.18061894656802763,0.0,0.0,0.0,0.0,0.0,-7.876210686394476,110
2025-04-25 14:00:00,DDPG,0.17987534357994694,0.0,0.0,0.0,0.0,0.0,-8.024931284010611,110
2025-04-25 15:00:00,DDPG,0.179282815932278,0.0,0.0,0.0,0.0,0.0,-8.143436813544403,110
2025-04-25 16:00:00,DDPG,0.17886797603990404,0.0,0.0,0.0,0.0,0.0,-8.226404792019192,110
2025-04-25 17:00:00,DDPG,0.17864596805038738,1.4901161193847656e-07,0.0,0.0,0.0,0.0,-8.270806392902758,110
2025-04-25 18:00:00,DDPG,0.17857639927083646,0.0,0.0,0.0,0.0,0.0,-8.284720147322824,110
2025-04-25 19:00:00,DDPG,0.17853013271963605,0.0,0.0,0.0,0.0,0.0,-8.29397345607279,110
2025-04-25 20:00:00,DDPG,0.17849548898704795,0.0,0.0,0.0,0.0,0.0,-8.300902202590411,110
2025-04-25 21:00:00,DDPG,0.17844935343344986,0.0,0.0,0.0,0.0,0.0,-8.310129313310027,110
2025-04-25 22:00:00,DDPG,0.17840329257551,0.0,0.0,0.0,0.0,0.0,-8.319341484898002,110
2025-04-25 23:00:00,DDPG,0.1783573062922925,0.0,0.0,0.0,0.0,0.0,-8.328538741541502,110
2025-04-26 00:00:00,DDPG,0.17831139446305733,0.0,0.0,0.0,0.0,0.0,-8.337721107388536,110
2025-04-26 01:00:00,DDPG,0.17826555696726,0.0,0.0,0.0,0.0,0.0,-8.346888606547997,110
2025-04-26 02:00:00,DDPG,0.17821979368455113,0.0,0.0,0.0,0.0,0.0,-8.356041263089775,110
2025-04-26 03:00:00,DDPG,0.1781626821973324,0.0,0.0,0.0,0.0,0.0,-8.367463560533523,110
2025-04-26 04:00:00,DDPG,0.1781056862928854,0.0,0.0,0.0,0.0,0.0,-8.378862741422921,110
2025-04-26 05:00:00,DDPG,0.17804880573729265,0.0,0.0,0.0,0.0,0.0,-8.39023885254147,110
2025-04-26 06:00:00,DDPG,0.1779806872090735,0.0,0.0,0.0,0.0,0.0,-8.403862558185299,110
2025-04-26 07:00:00,DDPG,0.17782213096933683,2.980232238769531e-07,0.0,0.0,0.0,0.0,-8.435573812093098,110
2025-04-26 08:00:00,DDPG,0.177495552146292,0.0,0.0,0.0,0.0,0.0,-8.500889573721832,110
2025-04-26 09:00:00,DDPG,0.1770169986077458,0.0,0.0,0.0,0.0,0.0,-8.59660027845084,110
2025-04-26 10:00:00,DDPG,0.17641554875778767,0.0,0.0,0.0,0.0,0.0,-8.716890248442466,110
2025-04-26 11:00:00,DDPG,0.1757419522644641,0.0,0.0,0.0,0.0,0.0,-8.85160954710718,110
2025-04-26 12:00:00,DDPG,0.17504385503519684,0.0,0.0,0.0,0.0,0.0,-8.991228992960632,110
2025-04-26 13:00:00,DDPG,0.1743646895379328,0.0,0.0,0.0,0.0,0.0,-9.127062092413441,110
2025-04-26 14:00:00,DDPG,0.1737631137510081,0.0,0.0,0.0,0.0,0.0,-9.247377249798378,110
2025-04-26 15:00:00,DDPG,0.17329181199494645,0.0,0.0,0.0,0.0,0.0,-9.34163760101071,110
2025-04-26 16:00:00,DDPG,0.1729618446583514,0.0,0.0,0.0,0.0,0.0,-9.407631068329719,110
2025-04-26 17:00:00,DDPG,0.1727759630587362,0.0,0.0,0.0,0.0,0.0,-9.444807388252762,110
2025-04-26 18:00:00,DDPG,0.17270221232121266,0.0,0.0,0.0,0.0,0.0,-9.459557535757469,110
2025-04-26 19:00:00,DDPG,0.17299825000920055,0.0,0.0,0.0,0.0,0.0,-9.400349998159891,110
2025-04-26 20:00:00,DDPG,0.17296101474728087,0.0,0.0,0.0,0.0,0.0,-9.407797050543826,110
2025-04-26 21:00:00,DDPG,0.17292383977102338,0.0,0.0,0.0,0.0,0.0,-9.415232045795324,110
2025-04-26 22:00:00,DDPG,0.17288672498282268,0.0,0.0,0.0,0.0,0.0,-9.422655003435466,110
2025-04-26 23:00:00,DDPG,0.17284967028523143,0.0,0.0,0.0,0.0,0.0,-9.430065942953714,110
2025-04-27 00:00:00,DDPG,0.17282192425702794,0.0,0.0,0.0,0.0,0.0,-9.435615148594412,110
2025-04-27 01:00:00,DDPG,0.17280344936596273,0.0,0.0,0.0,0.0,0.0,-9.439310126807454,110
2025-04-27 02:00:00,DDPG,0.1727849894307617,0.0,0.0,0.0,0.0,0.0,-9.44300211384766,110
2025-04-27 03:00:00,DDPG,0.17276654443931774,0.0,0.0,0.0,0.0,0.0,-9.446691112136453,110
2025-04-27 04:00:00,DDPG,0.17273889934964143,0.0,0.0,0.0,0.0,0.0,-9.452220130071714,110
2025-04-27 05:00:00,DDPG,0.17270208398878964,0.0,0.0,0.0,0.0,0.0,-9.459583202242072,110
2025-04-27 06:00:00,DDPG,0.17264695035624544,0.0,0.0,0.0,0.0,0.0,-9.470609928750912,110
2025-04-27 07:00:00,DDPG,0.17253695088308654,0.0,0.0,0.0,0.0,0.0,-9.492609823382692,110
2025-04-27 08:00:00,DDPG,0.1722997792536143,8.940696716308594e-07,0.0,0.0,0.0,0.0,-9.540044167158532,110
2025-04-27 09:00:00,DDPG,0.17192068300630287,0.0,0.0,0.0,0.0,0.0,-9.615863407680123,110
2025-04-27 10:00:00,DDPG,0.17145043216371528,0.0,0.0,0.0,0.0,0.0,-9.709913567256944,110
2025-04-27 11:00:00,DDPG,0.17092081077910165,0.0,0.0,0.0,0.0,0.0,-9.81583784417967,110
2025-04-27 12:00:00,DDPG,0.17038733010423457,0.0,0.0,0.0,0.0,0.0,-9.922533979153087,110
2025-04-27 13:00:00,DDPG,0.1698757052011426,0.0,0.0,0.0,0.0,0.0,-10.024858959771482,110
2025-04-27 14:00:00,DDPG,0.16942518921658337,0.0,0.0,0.0,0.0,0.0,-10.114962156683326,110
2025-04-27 15:00:00,DDPG,0.16904778554037547,0.0,0.0,0.0,0.0,0.0,-10.190442891924906,110
2025-04-27 16:00:00,DDPG,0.16877794191188683,0.0,0.0,0.0,0.0,0.0,-10.244411617622633,110
2025-04-27 17:00:00,DDPG,0.16861832989811915,1.4901161193847656e-07,0.0,0.0,0.0,0.0,-10.276334023356403,110
2025-04-27 18:00:00,DDPG,0.16854296999138868,0.0,0.0,0.0,0.0,0.0,-10.29140600321238,110
2025-04-27 19:00:00,DDPG,0.16849043157641308,0.0,0.0,0.0,0.0,0.0,-10.301913684717384,110
2025-04-27 20:00:00,DDPG,0.16843055779797517,0.0,0.0,0.0,0.0,0.0,-10.313888440404966,110
2025-04-27 21:00:00,DDPG,0.1683708778965341,0.0,0.0,0.0,0.0,0.0,-10.32582442069318,110
2025-04-27 22:00:00,DDPG,0.1683113912442977,0.0,0.0,0.0,0.0,0.0,-10.33772175114046,110
2025-04-27 23:00:00,DDPG,0.16825950896910552,0.0,0.0,0.0,0.0,0.0,-10.348098206178896,110
2025-04-28 00:00:00,DDPG,0.16820777369369308,0.0,0.0,0.0,0.0,0.0,-10.358445261261384,110
2025-04-28 01:00:00,DDPG,0.16815618500156093,0.0,0.0,0.0,0.0,0.0,-10.368762999687814,110
2025-04-28 02:00:00,DDPG,0.1694342980329454,0.0,0.0,0.0,0.0,0.0,-10.11314039341092,110
2025-04-28 03:00:00,DDPG,0.17137356752185207,0.0,0.0,0.0,0.0,0.0,-9.725286495629588,110
2025-04-28 04:00:00,DDPG,0.17130435787463844,0.0,0.0,0.0,0.0,0.0,-9.739128425072312,110
2025-04-28 05:00:00,DDPG,0.17125261871980005,0.0,0.0,0.0,0.0,0.0,-9.74947625603999,110
2025-04-28 06:00:00,DDPG,0.1712010052171948,0.0,0.0,0.0,0.0,0.0,-9.759798956561038,110
2025-04-28 07:00:00,DDPG,0.1714210288883317,5.960464477539062e-07,0.0,0.0,0.0,0.0,-9.715794234254592,110
2025-04-28 08:00:00,DDPG,0.17117825722759727,0.0,0.0,0.0,0.0,0.0,-9.76434856044101,110
2025-04-28 09:00:00,DDPG,0.17083537115819808,0.0,0.0,0.0,0.0,0.0,-9.832925768360385,110
2025-04-28 10:00:00,DDPG,0.1703968362033446,0.0,0.0,0.0,0.0,0.0,-9.920632759331083,110
2025-04-28 11:00:00,DDPG,0.16989322860470485,0.0,0.0,0.0,0.0,0.0,-10.02135427905903,110
2025-04-28 12:00:00,DDPG,0.16937789925418298,0.0,0.0,0.0,0.0,0.0,-10.124420149163404,110
2025-04-28 13:00:00,DDPG,0.16891513656485097,0.0,0.0,0.0,0.0,0.0,-10.216972687029807,110
2025-04-28 14:00:00,DDPG,0.16948790946854306,0.0,0.0,0.0,0.0,0.0,-10.102418106291388,110
2025-04-28 15:00:00,DDPG,0.17017278590862214,0.0,0.0,0.0,0.0,0.0,-9.965442818275571,110
2025-04-28 16:00:00,DDPG,0.16993599631728404,1.4901161193847656e-07,0.0,0.0,0.0,0.0,-10.012800739523426,110
2025-04-28 17:00:00,DDPG,0.16979075574041302,2.2351741790771484e-06,0.0,0.0,0.0,0.0,-10.041848895130762,110
2025-04-28 18:00:00,DDPG,0.1697266713884917,0.0,0.0,0.0,0.0,0.0,-10.0546657446534,110
2025-04-28 19:00:00,DDPG,0.1696867483630626,0.0,0.0,0.0,0.0,0.0,-10.062650327387479,110
2025-04-28 20:00:00,DDPG,0.1696389376884666,0.0,0.0,0.0,0.0,0.0,-10.072212462306679,110
2025-04-28 21:00:00,DDPG,0.16959124312550888,0.0,0.0,0.0,0.0,0.0,-10.081751374898223,110
2025-04-28 22:00:00,DDPG,0.17121488783188185,0.0,0.0,0.0,0.0,0.0,-9.75702243362363,110
2025-04-28 23:00:00,DDPG,0.17218791261094316,0.0,0.0,0.0,0.0,0.0,-9.562417477811369,110
2025-04-29 00:00:00,DDPG,0.17216995096740095,0.0,0.0,0.0,0.0,0.0,-9.56600980651981,110
2025-04-29 01:00:00,DDPG,0.17215200386423687,0.0,0.0,0.0,0.0,0.0,-9.569599227152626,110
2025-04-29 02:00:00,DDPG,0.1721340712896801,0.0,0.0,0.0,0.0,0.0,-9.573185742063977,110
2025-04-29 03:00:00,DDPG,0.17410476563168548,0.0,0.0,0.0,0.0,0.0,-9.179046873662905,110
2025-04-29 04:00:00,DDPG,0.17607306698770414,0.0,0.0,0.0,0.0,0.0,-8.785386602459171,110
2025-04-29 05:00:00,DDPG,0.17868156990768935,0.0,0.0,0.0,0.0,0.0,-8.26368601846213,110
2025-04-29 06:00:00,DDPG,0.17962150006382854,0.0,0.0,0.0,0.0,0.0,-8.075699987234291,110
2025-04-29 07:00:00,DDPG,0.18020235025809214,0.0,0.0,0.0,0.0,0.0,-7.959529948381572,110
2025-04-29 08:00:00,DDPG,0.1850741131250091,0.0,0.0,0.0,0.0,0.0,-6.98517737499818,110
2025-04-29 09:00:00,DDPG,0.18822090242992265,1.9371509552001953e-06,0.0,0.0,0.0,0.0,-6.35581955275849,110
2025-04-29 10:00:00,DDPG,0.18832092166118186,0.0,0.0,0.0,0.0,0.0,-6.3358156871351365,110
2025-04-29 11:00:00,DDPG,0.18809100727888084,0.0,0.0,0.0,0.0,0.0,-6.381798544223832,110
2025-04-29 12:00:00,DDPG,0.18949059720675662,1.4901161193847656e-07,0.0,0.0,0.0,0.0,-6.101880561628908,110
2025-04-29 13:00:00,DDPG,0.19655859493369612,0.0,0.0,0.0,0.0,0.0,-4.688281014750892,110
2025-04-29 14:00:00,DDPG,0.2032984531868753,0.0,0.0,0.0,0.0,0.0,-3.3403093626249376,110
2025-04-29 15:00:00,DDPG,0.20891442708304808,5.960464477539062e-07,0.0,0.0,0.0,0.0,-2.2171145953113127,110
2025-04-29 16:00:00,DDPG,0.21493084321722325,1.4901161193847656e-07,0.0,0.0,0.0,0.0,-1.0138313625158148,110
2025-04-29 17:00:00,DDPG,0.21796023942014064,2.980232238769531e-07,0.0,0.0,0.0,0.0,-0.4079521204422196,110
2025-04-29 18:00:00,DDPG,0.21837690856667274,1.4901161193847656e-07,0.0,0.0,0.0,0.0,-0.3246182896456835,110
2025-04-29 19:00:00,DDPG,0.21845994030451318,0.0,0.0,0.0,0.0,0.0,-0.3080119405874795,110
2025-04-29 20:00:00,DDPG,0.2182659704736504,0.0,0.0,0.0,0.0,0.0,-0.34680590526992017,110
2025-04-29 21:00:00,DDPG,0.2180725502239751,0.0,0.0,0.0,0.0,0.0,-0.3854899552049815,110
2025-04-29 22:00:00,DDPG,0.21785212482324984,0.0,0.0,0.0,0.0,0.0,-0.42957503535003294,110
2025-04-29 23:00:00,DDPG,0.21763241318096505,0.0,0.0,0.0,0.0,0.0,-0.47351736380699094,110
2025-04-30 00:00:00,DDPG,0.21744078801028566,0.0,0.0,0.0,0.0,0.0,-0.5118423979428686,110
2025-04-30 01:00:00,DDPG,0.21722240831577613,0.0,0.0,0.0,0.0,0.0,-0.5555183368447736,110
2025-04-30 02:00:00,DDPG,0.21700473575551552,0.0,0.0,0.0,0.0,0.0,-0.5990528488968971,110
2025-04-30 03:00:00,DDPG,0.21714727838839512,1.4901161193847656e-07,0.0,0.0,0.0,0.0,-0.5705443253012081,110
2025-04-30 04:00:00,DDPG,0.2173440438170535,0.0,0.0,0.0,0.0,0.0,-0.5311912380794173,110
2025-04-30 05:00:00,DDPG,0.2177904853259634,0.0,0.0,0.0,0.0,0.0,-0.44190293480732024,110
2025-04-30 06:00:00,DDPG,0.21751609526631066,0.0,0.0,0.0,0.0,0.0,-0.4967809467378679,110
2025-04-30 07:00:00,DDPG,0.21710617611647948,0.0,0.0,0.0,0.0,0.0,-0.5787647767041051,110
2025-04-30 08:00:00,DDPG,0.21780238496951615,4.470348358154297e-06,0.0,0.0,0.0,0.0,-0.4395230955037377,110
2025-04-30 09:00:00,DDPG,0.21719804103668167,0.0,0.0,0.0,0.0,0.0,-0.5603918373671508,110
2025-04-30 10:00:00,DDPG,0.21624667036711875,0.0,0.0,0.0,0.0,0.0,-0.7506659265762492,110
2025-04-30 11:00:00,DDPG,0.215151704097259,0.0,0.0,0.0,0.0,0.0,-0.9696591805481991,110
2025-04-30 12:00:00,DDPG,0.21364856120987227,0.0,0.0,0.0,0.0,0.0,-1.2702877580255456,110
2025-04-30 13:00:00,DDPG,0.21293551310709224,0.0,0.0,0.0,0.0,0.0,-1.412897378581551,110
2025-04-30 14:00:00,DDPG,0.21214205841334371,0.0,0.0,0.0,0.0,0.0,-1.5715883173312575,110
2025-04-30 15:00:00,DDPG,0.21399552988674453,0.0,0.0,0.0,0.0,0.0,-1.2008940226510942,110
2025-04-30 16:00:00,DDPG,0.2138862193755397,0.0,0.0,0.0,0.0,0.0,-1.2227561248920606,110
2025-04-30 17:00:00,DDPG,0.21349833974528182,2.980232238769531e-07,0.0,0.0,0.0,0.0,-1.300332056904101,110
2025-04-30 18:00:00,DDPG,0.21326702485967708,1.4901161193847656e-07,0.0,0.0,0.0,0.0,-1.3465950310448167,110
2025-04-30 19:00:00,DDPG,0.21311337637073216,0.0,0.0,0.0,0.0,0.0,-1.3773247273436842,110
2025-04-30 20:00:00,DDPG,0.21301119280898906,0.0,0.0,0.0,0.0,0.0,-1.3977614382021883,110
2025-04-30 21:00:00,DDPG,0.21288367015687565,0.0,0.0,0.0,0.0,0.0,-1.4232659686248708,110
2025-04-30 22:00:00,DDPG,0.21375438177679626,0.0,0.0,0.0,0.0,0.0,-1.2491236446407483,110
2025-04-30 23:00:00,DDPG,0.214316747698364,0.0,0.0,0.0,0.0,0.0,-1.136650460327199,110
2025-05-01 00:00:00,DDPG,0.21485190031214907,0.0,0.0,0.0,0.0,0.0,-1.0296199375701862,110
2025-05-01 01:00:00,DDPG,0.21671660479961255,0.0,0.0,0.0,0.0,0.0,-0.6566790400774902,110
2025-05-01 02:00:00,DDPG,0.22129827146627926,0.0,0.0,0.0,0.0,0.0,2.0,110
2025-05-01 03:00:00,DDPG,0.22321327146627928,0.0,0.0,0.0,0.0,0.0,2.0,110
2025-05-01 04:00:00,DDPG,0.2261282714662793,0.0,0.0,0.0,0.0,0.0,2.0,110
2025-05-01 05:00:00,DDPG,0.22607160479961266,0.0,0.0,0.0,0.0,0.0,2.0,110
2025-05-01 06:00:00,DDPG,0.2259582714662793,0.0,0.0,0.0,0.0,0.0,2.0,110
2025-05-01 07:00:00,DDPG,0.2259799386296513,1.4901161193847656e-07,0.0,0.0,0.0,0.0,1.9999999970197677,110
2025-05-01 08:00:00,DDPG,0.22524327196298463,0.0,0.0,0.0,0.0,0.0,1.999999998509884,110
2025-05-01 09:00:00,DDPG,0.22449993862965129,0.0,0.0,0.0,0.0,0.0,2.0,110
2025-05-01 10:00:00,DDPG,0.22722493862965132,0.0,0.0,0.0,0.0,0.0,2.0,110
2025-05-01 11:00:00,DDPG,0.231751605296318,0.0,0.0,0.0,0.0,0.0,2.0,110
2025-05-01 12:00:00,DDPG,0.23897327196298468,0.0,0.0,0.0,0.0,0.0,2.0,110
2025-05-01 13:00:00,DDPG,0.2417049386296513,0.0,0.0,0.0,0.0,0.0,2.0,110
2025-05-01 14:00:00,DDPG,0.2409332719629846,0.0,0.0,0.0,0.0,0.0,2.0,110
2025-05-01 15:00:00,DDPG,0.24179993862965124,0.0,0.0,0.0,0.0,0.0,2.0,110
2025-05-01 16:00:00,DDPG,0.2420632729563953,2.980232238769531e-07,0.0,0.0,0.0,0.0,1.9999999940395354,110
2025-05-01 17:00:00,DDPG,0.24391494608023184,1.9371509552001953e-06,0.0,0.0,0.0,0.0,1.999999964237213,110
2025-05-01 18:00:00,DDPG,0.2457732799102705,1.4901161193847656e-07,0.0,0.0,0.0,0.0,1.9999999806284905,110
2025-05-01 19:00:00,DDPG,0.2463549465769372,0.0,0.0,0.0,0.0,0.0,1.999999998509884,110
2025-05-01 20:00:00,DDPG,0.2516316132436039,0.0,0.0,0.0,0.0,0.0,2.0,110
2025-05-01 21:00:00,DDPG,0.2532132799102706,0.0,0.0,0.0,0.0,0.0,2.0,110
2025-05-01 22:00:00,DDPG,0.25343327991027054,0.0,0.0,0.0,0.0,0.0,2.0,110
2025-05-01 23:00:00,DDPG,0.25434827991027054,0.0,0.0,0.0,0.0,0.0,2.0,110
2025-05-02 00:00:00,DDPG,0.25795827991027054,0.0,0.0,0.0,0.0,0.0,2.0,110
2025-05-02 01:00:00,DDPG,0.26056827991027054,0.0,0.0,0.0,0.0,0.0,2.0,110
2025-05-02 02:00:00,DDPG,0.2605116132436039,0.0,0.0,0.0,0.0,0.0,2.0,110
2025-05-02 03:00:00,DDPG,0.26045494657693724,0.0,0.0,0.0,0.0,0.0,2.0,110
2025-05-02 04:00:00,DDPG,0.2604266132436039,0.0,0.0,0.0,0.0,0.0,2.0,110
2025-05-02 05:00:00,DDPG,0.26036994657693724,0.0,0.0,0.0,0.0,0.0,2.0,110
2025-05-02 06:00:00,DDPG,0.2602849465769373,0.0,0.0,0.0,0.0,0.0,2.0,110
2025-05-02 07:00:00,DDPG,0.261278288354262,2.5331974029541016e-06,0.0,0.0,0.0,0.0,1.9999999493360519,110
2025-05-02 08:00:00,DDPG,0.2616266326151135,3.2782554626464844e-06,0.0,0.0,0.0,0.0,1.9999999597668647,110
2025-05-02 09:00:00,DDPG,0.2624999738957328,2.384185791015625e-06,0.0,0.0,0.0,0.0,1.9999999672174453,110
2025-05-02 10:00:00,DDPG,0.2616216405623995,0.0,0.0,0.0,0.0,0.0,1.9999999761581422,110
2025-05-02 11:00:00,DDPG,0.2602333072290662,0.0,0.0,0.0,0.0,0.0,2.0,110
2025-05-02 12:00:00,DDPG,0.25875997389573285,0.0,0.0,0.0,0.0,0.0,2.0,110
2025-05-02 13:00:00,DDPG,0.2582583072290662,0.0,0.0,0.0,0.0,0.0,2.0,110
2025-05-02 14:00:00,DDPG,0.25706830722906615,0.0,0.0,0.0,0.0,0.0,2.0,110
2025-05-02 15:00:00,DDPG,0.25601997389573283,0.0,0.0,0.0,0.0,0.0,2.0,110
2025-05-02 16:00:00,DDPG,0.25516997389573287,0.0,0.0,0.0,0.0,0.0,2.0,110
2025-05-02 17:00:00,DDPG,0.2546883092158877,5.960464477539062e-07,0.0,0.0,0.0,0.0,1.999999988079071,110
2025-05-02 18:00:00,DDPG,0.2544899758825544,0.0,0.0,0.0,0.0,0.0,1.9999999940395354,110
2025-05-02 19:00:00,DDPG,0.25437664254922104,0.0,0.0,0.0,0.0,0.0,2.0,110
2025-05-02 20:00:00,DDPG,0.2542633092158877,0.0,0.0,0.0,0.0,0.0,2.0,110
2025-05-02 21:00:00,DDPG,0.25414997588255434,0.0,0.0,0.0,0.0,0.0,2.0,110
2025-05-02 22:00:00,DDPG,0.254036642549221,0.0,0.0,0.0,0.0,0.0,2.0,110
2025-05-02 23:00:00,DDPG,0.253951642549221,0.0,0.0,0.0,0.0,0.0,2.0,110
2025-05-03 00:00:00,DDPG,0.25389497588255433,0.0,0.0,0.0,0.0,0.0,2.0,110
2025-05-03 01:00:00,DDPG,0.2538383092158877,0.0,0.0,0.0,0.0,0.0,2.0,110
2025-05-03 02:00:00,DDPG,0.25378164254922103,0.0,0.0,0.0,0.0,0.0,2.0,110
2025-05-03 03:00:00,DDPG,0.2537249758825544,0.0,0.0,0.0,0.0,0.0,2.0,110
2025-05-03 04:00:00,DDPG,0.25366830921588773,0.0,0.0,0.0,0.0,0.0,2.0,110
2025-05-03 05:00:00,DDPG,0.25358330921588773,0.0,0.0,0.0,0.0,0.0,2.0,110
2025-05-03 06:00:00,DDPG,0.2534416425492211,0.0,0.0,0.0,0.0,0.0,2.0,110
2025-05-03 07:00:00,DDPG,0.253101642549221,0.0,0.0,0.0,0.0,0.0,2.0,110
2025-05-03 08:00:00,DDPG,0.25236497588255435,0.0,0.0,0.0,0.0,0.0,2.0,110
2025-05-03 09:00:00,DDPG,0.25125997588255433,0.0,0.0,0.0,0.0,0.0,2.0,110
2025-05-03 10:00:00,DDPG,0.24972997588255433,0.0,0.0,0.0,0.0,0.0,2.0,110
2025-05-03 11:00:00,DDPG,0.2478883092158877,0.0,0.0,0.0,0.0,0.0,2.0,110
2025-05-03 12:00:00,DDPG,0.24601830921588766,0.0,0.0,0.0,0.0,0.0,2.0,110
2025-05-03 13:00:00,DDPG,0.24411997588255432,0.0,0.0,0.0,0.0,0.0,2.0,110
2025-05-03 14:00:00,DDPG,0.2424199758825543,0.0,0.0,0.0,0.0,0.0,2.0,110
2025-05-03 15:00:00,DDPG,0.24100330921588764,0.0,0.0,0.0,0.0,0.0,2.0,110
2025-05-03 16:00:00,DDPG,0.24001164254922097,0.0,0.0,0.0,0.0,0.0,2.0,110
2025-05-03 17:00:00,DDPG,0.23950164254922096,0.0,0.0,0.0,0.0,0.0,2.0,110
2025-05-03 18:00:00,DDPG,0.23935997588255428,0.0,0.0,0.0,0.0,0.0,2.0,110
2025-05-03 19:00:00,DDPG,0.2392749758825543,0.0,0.0,0.0,0.0,0.0,2.0,110
2025-05-03 20:00:00,DDPG,0.23921830921588763,0.0,0.0,0.0,0.0,0.0,2.0,110
2025-05-03 21:00:00,DDPG,0.23913330921588766,0.0,0.0,0.0,0.0,0.0,2.0,110
2025-05-03 22:00:00,DDPG,0.23904830921588768,0.0,0.0,0.0,0.0,0.0,2.0,110
2025-05-03 23:00:00,DDPG,0.23899164254922103,0.0,0.0,0.0,0.0,0.0,2.0,110
2025-05-04 00:00:00,DDPG,0.23893497588255438,0.0,0.0,0.0,0.0,0.0,2.0,110
2025-05-04 01:00:00,DDPG,0.23887830921588774,0.0,0.0,0.0,0.0,0.0,2.0,110
2025-05-04 02:00:00,DDPG,0.23882164254922109,0.0,0.0,0.0,0.0,0.0,2.0,110
2025-05-04 03:00:00,DDPG,0.2387649758825544,0.0,0.0,0.0,0.0,0.0,2.0,110
2025-05-04 04:00:00,DDPG,0.23873664254922108,0.0,0.0,0.0,0.0,0.0,2.0,110
2025-05-04 05:00:00,DDPG,0.23867997588255443,0.0,0.0,0.0,0.0,0.0,2.0,110
2025-05-04 06:00:00,DDPG,0.23862330921588779,0.0,0.0,0.0,0.0,0.0,2.0,110
2025-05-04 07:00:00,DDPG,0.2383116425492211,0.0,0.0,0.0,0.0,0.0,2.0,110
2025-05-04 08:00:00,DDPG,0.23751830921588776,0.0,0.0,0.0,0.0,0.0,2.0,110
2025-05-04 09:00:00,DDPG,0.23627164254922112,0.0,0.0,0.0,0.0,0.0,2.0,110
2025-05-04 10:00:00,DDPG,0.23468497588255446,0.0,0.0,0.0,0.0,0.0,2.0,110
2025-05-04 11:00:00,DDPG,0.2328433092158878,0.0,0.0,0.0,0.0,0.0,2.0,110
2025-05-04 12:00:00,DDPG,0.23091664254922112,0.0,0.0,0.0,0.0,0.0,2.0,110
2025-05-04 13:00:00,DDPG,0.22901830921588778,0.0,0.0,0.0,0.0,0.0,2.0,110
2025-05-04 14:00:00,DDPG,0.22731830921588775,0.0,0.0,0.0,0.0,0.0,2.0,110
2025-05-04 15:00:00,DDPG,0.2259016425492211,0.0,0.0,0.0,0.0,0.0,2.0,110
2025-05-04 16:00:00,DDPG,0.2248816425492211,0.0,0.0,0.0,0.0,0.0,2.0,110
2025-05-04 17:00:00,DDPG,0.22428664254922112,0.0,0.0,0.0,0.0,0.0,2.0,110
2025-05-04 18:00:00,DDPG,0.2240883092158878,0.0,0.0,0.0,0.0,0.0,2.0,110
2025-05-04 19:00:00,DDPG,0.2240033092158878,0.0,0.0,0.0,0.0,0.0,2.0,110
2025-05-04 20:00:00,DDPG,0.22394664254922114,0.0,0.0,0.0,0.0,0.0,2.0,110
2025-05-04 21:00:00,DDPG,0.22386164254922117,0.0,0.0,0.0,0.0,0.0,2.0,110
2025-05-04 22:00:00,DDPG,0.22380497588255452,0.0,0.0,0.0,0.0,0.0,2.0,110
2025-05-04 23:00:00,DDPG,0.22374830921588787,0.0,0.0,0.0,0.0,0.0,2.0,110
2025-05-05 00:00:00,DDPG,0.22371997588255454,0.0,0.0,0.0,0.0,0.0,2.0,110
2025-05-05 01:00:00,DDPG,0.2236633092158879,0.0,0.0,0.0,0.0,0.0,2.0,110
2025-05-05 02:00:00,DDPG,0.22363497588255454,0.0,0.0,0.0,0.0,0.0,2.0,110
2025-05-05 03:00:00,DDPG,0.2235783092158879,0.0,0.0,0.0,0.0,0.0,2.0,110
2025-05-05 04:00:00,DDPG,0.22379830921588786,0.0,0.0,0.0,0.0,0.0,2.0,110
2025-05-05 05:00:00,DDPG,0.22376997588255454,0.0,0.0,0.0,0.0,0.0,2.0,110
2025-05-05 06:00:00,DDPG,0.2237133092158879,0.0,0.0,0.0,0.0,0.0,2.0,110
2025-05-05 07:00:00,DDPG,0.2234299773726707,4.470348358154297e-07,0.0,0.0,0.0,0.0,1.9999999910593034,110
2025-05-05 08:00:00,DDPG,0.22269331219612012,4.470348358154297e-07,0.0,0.0,0.0,0.0,1.9999999955296517,110
2025-05-05 09:00:00,DDPG,0.22161664552945348,0.0,0.0,0.0,0.0,0.0,1.9999999955296517,110
2025-05-05 10:00:00,DDPG,0.22019997886278683,0.0,0.0,0.0,0.0,0.0,2.0,110
2025-05-05 11:00:00,DDPG,0.21852831219612018,0.0,0.0,0.0,0.0,0.0,-0.29433756077596485,110
2025-05-05 12:00:00,DDPG,0.21675310258494448,0.0,0.0,0.0,0.0,0.0,-0.6493794830111033,110
2025-05-05 13:00:00,DDPG,0.21507791758197944,0.0,0.0,0.0,0.0,0.0,-0.9844164836041114,110
2025-05-05 14:00:00,DDPG,0.21392859589456567,0.0,0.0,0.0,0.0,0.0,-1.214280821086866,110
2025-05-05 15:00:00,DDPG,0.21309144408839084,0.0,0.0,0.0,0.0,0.0,-1.381711182321832,110
2025-05-05 16:00:00,DDPG,0.21224872265663877,0.0,0.0,0.0,0.0,0.0,-1.5502554686722458,110
2025-05-05 17:00:00,DDPG,0.21174480491829326,1.4901161193847656e-07,0.0,0.0,0.0,0.0,-1.6510390193215811,110
2025-05-05 18:00:00,DDPG,0.2115698613043581,0.0,0.0,0.0,0.0,0.0,-1.6860277406184978,110
2025-05-05 19:00:00,DDPG,0.21147017676700816,0.0,0.0,0.0,0.0,0.0,-1.705964646598368,110
2025-05-05 20:00:00,DDPG,0.2113706536236711,0.0,0.0,0.0,0.0,0.0,-1.725869275265779,110
2025-05-05 21:00:00,DDPG,0.2112961321156995,0.0,0.0,0.0,0.0,0.0,-1.7407735768600996,110
2025-05-05 22:00:00,DDPG,0.21119689075894074,0.0,0.0,0.0,0.0,0.0,-1.7606218482118519,110
2025-05-05 23:00:00,DDPG,0.21107303990859527,0.0,0.0,0.0,0.0,0.0,-1.7853920182809455,110
2025-05-06 00:00:00,DDPG,0.21097415974874326,0.0,0.0,0.0,0.0,0.0,-1.805168050251349,110
2025-05-06 01:00:00,DDPG,0.21087543968057862,0.0,0.0,0.0,0.0,0.0,-1.8249120638842764,110
2025-05-06 02:00:00,DDPG,0.2107768794449053,0.0,0.0,0.0,0.0,0.0,-1.8446241110189385,110
2025-05-06 03:00:00,DDPG,0.21065387861745727,0.0,0.0,0.0,0.0,0.0,-1.8692242765085467,110
2025-05-06 04:00:00,DDPG,0.21053112672025528,0.0,0.0,0.0,0.0,0.0,-1.8937746559489432,110
2025-05-06 05:00:00,DDPG,0.2104086232495119,0.0,0.0,0.0,0.0,0.0,-1.9182753500976202,110
2025-05-06 06:00:00,DDPG,0.2102619165930488,0.0,0.0,0.0,0.0,0.0,-1.9476166813902407,110
2025-05-06 07:00:00,DDPG,0.20992043289291223,1.4901161193847656e-07,0.0,0.0,0.0,0.0,-2.0159134243977856,110
2025-05-06 08:00:00,DDPG,0.20924133465345926,0.0,0.0,0.0,0.0,0.0,-2.1517330707982643,110
2025-05-06 09:00:00,DDPG,0.20823423196435045,0.0,0.0,0.0,0.0,0.0,-2.3531536071299097,110
2025-05-06 10:00:00,DDPG,0.2069849690357819,0.0,0.0,0.0,0.0,0.0,-2.603006192843621,110
2025-05-06 11:00:00,DDPG,0.2056010483591986,0.0,0.0,0.0,0.0,0.0,-2.879790328160281,110
2025-05-06 12:00:00,DDPG,0.2041607164397984,0.0,0.0,0.0,0.0,0.0,-3.167856712040318,110
2025-05-06 13:00:00,DDPG,0.202801540365333,0.0,0.0,0.0,0.0,0.0,-3.4396919269334028,110
2025-05-06 14:00:00,DDPG,0.20158333339833281,0.0,0.0,0.0,0.0,0.0,-3.6833333203334373,110
2025-05-06 15:00:00,DDPG,0.2005811429208795,0.0,0.0,0.0,0.0,0.0,-3.8837714158241,110
2025-05-06 16:00:00,DDPG,0.1998645767295004,0.0,0.0,0.0,0.0,0.0,-4.027084654099921,110
2025-05-06 17:00:00,DDPG,0.19944072782729963,0.0,0.0,0.0,0.0,0.0,-4.111854434540074,110
2025-05-06 18:00:00,DDPG,0.1992806340419541,0.0,0.0,0.0,0.0,0.0,-4.143873191609182,110
2025-05-06 19:00:00,DDPG,0.1991808994254406,0.0,0.0,0.0,0.0,0.0,-4.163820114911881,110
2025-05-06 20:00:00,DDPG,0.1991012732073232,0.0,0.0,0.0,0.0,0.0,-4.179745358535358,110
2025-05-06 21:00:00,DDPG,0.19900190158297504,0.0,0.0,0.0,0.0,0.0,-4.199619683404992,110
2025-05-06 22:00:00,DDPG,0.19890273106786666,0.0,0.0,0.0,0.0,0.0,-4.219453786426669,110
2025-05-06 23:00:00,DDPG,0.19880376125499122,0.0,0.0,0.0,0.0,0.0,-4.239247749001756,110
2025-05-07 00:00:00,DDPG,0.19870499173816564,0.0,0.0,0.0,0.0,0.0,-4.259001652366873,110
2025-05-07 01:00:00,DDPG,0.19862613603725623,0.0,0.0,0.0,0.0,0.0,-4.274772792548753,110
2025-05-07 02:00:00,DDPG,0.19854740800748163,0.0,0.0,0.0,0.0,0.0,-4.290518398503673,110
2025-05-07 03:00:00,DDPG,0.19846880744213619,0.0,0.0,0.0,0.0,0.0,-4.306238511572763,110
2025-05-07 04:00:00,DDPG,0.1983903341348489,0.0,0.0,0.0,0.0,0.0,-4.321933173030218,110
2025-05-07 05:00:00,DDPG,0.19831198787958298,0.0,0.0,0.0,0.0,0.0,-4.3376024240834035,110
2025-05-07 06:00:00,DDPG,0.1982142136183981,0.0,0.0,0.0,0.0,0.0,-4.357157276320378,110
2025-05-07 07:00:00,DDPG,0.19794099974122717,0.0,0.0,0.0,0.0,0.0,-4.411800051754566,110
2025-05-07 08:00:00,DDPG,0.19737826372045517,0.0,0.0,0.0,0.0,0.0,-4.5243472559089675,110
2025-05-07 09:00:00,DDPG,0.1965536563209396,0.0,0.0,0.0,0.0,0.0,-4.68926873581208,110
2025-05-07 10:00:00,DDPG,0.1955172832576044,0.0,0.0,0.0,0.0,0.0,-4.8965433484791205,110
2025-05-07 11:00:00,DDPG,0.19435659253453552,0.0,0.0,0.0,0.0,0.0,-5.128681493092896,110
2025-05-07 12:00:00,DDPG,0.19315368398937274,0.0,0.0,0.0,0.0,0.0,-5.369263202125452,110
2025-05-07 13:00:00,DDPG,0.19201833111298566,0.0,0.0,0.0,0.0,0.0,-5.596333777402868,110
2025-05-07 14:00:00,DDPG,0.19099788592881314,0.0,0.0,0.0,0.0,0.0,-5.800422814237372,110
2025-05-07 15:00:00,DDPG,0.19018476119122504,0.0,0.0,0.0,0.0,0.0,-5.963047761754991,110
2025-05-07 16:00:00,DDPG,0.18959921181386719,0.0,0.0,0.0,0.0,0.0,-6.080157637226563,110
2025-05-07 17:00:00,DDPG,0.18927864676585016,0.0,0.0,0.0,0.0,0.0,-6.14427064682997,110
2025-05-07 18:00:00,DDPG,0.18916735726668024,0.0,0.0,0.0,0.0,0.0,-6.166528546663951,110
2025-05-07 19:00:00,DDPG,0.18911979690428501,0.0,0.0,0.0,0.0,0.0,-6.176040619142997,110
2025-05-07 20:00:00,DDPG,0.18907229429375835,0.0,0.0,0.0,0.0,0.0,-6.185541141248329,110
2025-05-07 21:00:00,DDPG,0.1890248493649731,0.0,0.0,0.0,0.0,0.0,-6.19503012700538,110
2025-05-07 22:00:00,DDPG,0.18896166627552502,0.0,0.0,0.0,0.0,0.0,-6.207666744894997,110
2025-05-07 23:00:00,DDPG,0.18889858548250751,0.0,0.0,0.0,0.0,0.0,-6.2202829034984966,110
2025-05-08 00:00:00,DDPG,0.18883560682029774,0.0,0.0,0.0,0.0,0.0,-6.2328786359404535,110
2025-05-08 01:00:00,DDPG,0.18877273012354107,0.0,0.0,0.0,0.0,0.0,-6.245453975291788,110
2025-05-08 02:00:00,DDPG,0.1887099552271506,0.0,0.0,0.0,0.0,0.0,-6.258008954569883,110
2025-05-08 03:00:00,DDPG,0.1886629502815176,0.0,0.0,0.0,0.0,0.0,-6.267409943696478,110
2025-05-08 04:00:00,DDPG,0.1886160024133186,0.0,0.0,0.0,0.0,0.0,-6.276799517336279,110
2025-05-08 05:00:00,DDPG,0.1885691115532453,0.0,0.0,0.0,0.0,0.0,-6.286177689350941,110
2025-05-08 06:00:00,DDPG,0.18850666632501623,0.0,0.0,0.0,0.0,0.0,-6.298666734996754,110
2025-05-08 07:00:00,DDPG,0.18830404791411556,0.0,0.0,0.0,0.0,0.0,-6.339190417176887,110
2025-05-08 08:00:00,DDPG,0.18786993537108893,0.0,0.0,0.0,0.0,0.0,-6.426012925782215,110
2025-05-08 09:00:00,DDPG,0.18721081816260637,0.0,0.0,0.0,0.0,0.0,-6.557836367478725,110
2025-05-08 10:00:00,DDPG,0.1863824344725579,0.0,0.0,0.0,0.0,0.0,-6.723513105488422,110
2025-05-08 11:00:00,DDPG,0.18543995617003067,0.0,0.0,0.0,0.0,0.0,-6.912008765993866,110
2025-05-08 12:00:00,DDPG,0.1844645135668746,0.0,0.0,0.0,0.0,0.0,-7.107097286625081,110
2025-05-08 13:00:00,DDPG,0.18354381870444522,0.0,0.0,0.0,0.0,0.0,-7.291236259110956,110
2025-05-08 14:00:00,DDPG,0.18274276036728906,0.0,0.0,0.0,0.0,0.0,-7.451447926542187,110
2025-05-08 15:00:00,DDPG,0.18208010926461773,0.0,0.0,0.0,0.0,0.0,-7.583978147076454,110
2025-05-08 16:00:00,DDPG,0.18161265624390474,0.0,0.0,0.0,0.0,0.0,-7.6774687512190525,110
2025-05-08 17:00:00,DDPG,0.1813567442647874,0.0,0.0,0.0,0.0,0.0,-7.72865114704252,110
2025-05-08 18:00:00,DDPG,0.18128059217157294,0.0,0.0,0.0,0.0,0.0,-7.743881565685413,110
2025-05-08 19:00:00,DDPG,0.18125526978743403,0.0,0.0,0.0,0.0,0.0,-7.748946042513193,110
2025-05-08 20:00:00,DDPG,0.18124261884490103,0.0,0.0,0.0,0.0,0.0,-7.751476231019794,110
2025-05-08 21:00:00,DDPG,0.18121732720107422,0.0,0.0,0.0,0.0,0.0,-7.756534559785155,110
2025-05-08 22:00:00,DDPG,0.18119205603143526,0.0,0.0,0.0,0.0,0.0,-7.7615887937129475,110
2025-05-08 23:00:00,DDPG,0.1811668053194098,0.0,0.0,0.0,0.0,0.0,-7.766638936118042,110
2025-05-09 00:00:00,DDPG,0.1811289599129505,0.0,0.0,0.0,0.0,0.0,-7.774208017409901,110
2025-05-09 01:00:00,DDPG,0.1810659608274124,0.0,0.0,0.0,0.0,0.0,-7.786807834517523,110
2025-05-09 02:00:00,DDPG,0.1810030892400236,0.0,0.0,0.0,0.0,0.0,-7.799382151995282,110
2025-05-09 03:00:00,DDPG,0.1809403448927521,0.0,0.0,0.0,0.0,0.0,-7.811931021449581,110
2025-05-09 04:00:00,DDPG,0.18089025100102096,0.0,0.0,0.0,0.0,0.0,-7.8219497997958065,110
2025-05-09 05:00:00,DDPG,0.18085274141051974,0.0,0.0,0.0,0.0,0.0,-7.8294517178960525,110
2025-05-09 06:00:00,DDPG,0.18080278935299796,0.0,0.0,0.0,0.0,0.0,-7.839442129400409,110
2025-05-09 07:00:00,DDPG,0.18064070800902146,0.0,0.0,0.0,0.0,0.0,-7.871858398195709,110
2025-05-09 08:00:00,DDPG,0.1802934466515859,0.0,0.0,0.0,0.0,0.0,-7.941310669682821,110
2025-05-09 09:00:00,DDPG,0.17976619642534045,0.0,0.0,0.0,0.0,0.0,-8.04676071493191,110
2025-05-09 10:00:00,DDPG,0.17910354419539537,0.0,0.0,0.0,0.0,0.0,-8.179291160920926,110
2025-05-09 11:00:00,DDPG,0.1786862371517461,0.0,0.0,0.0,0.0,0.0,-8.262752569650777,110
2025-05-09 12:00:00,DDPG,0.17793151591239662,0.0,0.0,0.0,0.0,0.0,-8.413696817520677,110
2025-05-09 13:00:00,DDPG,0.17726448471096484,0.0,0.0,0.0,0.0,0.0,-8.547103057807032,110
2025-05-09 14:00:00,DDPG,0.17663545409941903,0.0,0.0,0.0,0.0,0.0,-8.672909180116195,110
2025-05-09 15:00:00,DDPG,0.17611796527691603,0.0,0.0,0.0,0.0,0.0,-8.776406944616793,110
2025-05-09 16:00:00,DDPG,0.17574796076882637,0.0,0.0,0.0,0.0,0.0,-8.850407846234726,110
2025-05-09 17:00:00,DDPG,0.1755186813086468,0.0,0.0,0.0,0.0,0.0,-8.896263738270637,110
2025-05-09 18:00:00,DDPG,0.1754257203981653,0.0,0.0,0.0,0.0,0.0,-8.914855920366938,110
2025-05-09 19:00:00,DDPG,0.1753742635830738,0.0,0.0,0.0,0.0,0.0,-8.925147283385243,110
2025-05-09 20:00:00,DDPG,0.1753126403715149,0.0,0.0,0.0,0.0,0.0,-8.937471925697022,110
2025-05-09 21:00:00,DDPG,0.17526141240885826,0.0,0.0,0.0,0.0,0.0,-8.947717518228348,110
2025-05-09 22:00:00,DDPG,0.17521028812184034,0.0,0.0,0.0,0.0,0.0,-8.957942375631934,110
2025-05-09 23:00:00,DDPG,0.17516947146488115,0.0,0.0,0.0,0.0,0.0,-8.96610570702377,110
2025-05-10 00:00:00,DDPG,0.17512872089203327,0.0,0.0,0.0,0.0,0.0,-8.974255821593346,110
2025-05-10 01:00:00,DDPG,0.1750778651473708,0.0,0.0,0.0,0.0,0.0,-8.984426970525838,110
2025-05-10 02:00:00,DDPG,0.17502711232504878,0.0,0.0,0.0,0.0,0.0,-8.994577534990245,110
2025-05-10 03:00:00,DDPG,0.17497646221677188,0.0,0.0,0.0,0.0,0.0,-9.004707556645625,110
2025-05-10 04:00:00,DDPG,0.17493602413508758,0.0,0.0,0.0,0.0,0.0,-9.012795172982486,110
2025-05-10 05:00:00,DDPG,0.17489565152458317,0.0,0.0,0.0,0.0,0.0,-9.020869695083366,110
2025-05-10 06:00:00,DDPG,0.17485534427925764,0.0,0.0,0.0,0.0,0.0,-9.028931144148473,110
2025-05-10 07:00:00,DDPG,0.1747346183213298,0.0,0.0,0.0,0.0,0.0,-9.053076335734039,110
2025-05-10 08:00:00,DDPG,0.17444428101579612,0.0,0.0,0.0,0.0,0.0,-9.111143796840777,110
2025-05-10 09:00:00,DDPG,0.17401883412478308,0.0,0.0,0.0,0.0,0.0,-9.196233175043384,110
2025-05-10 10:00:00,DDPG,0.17348412912700517,0.0,0.0,0.0,0.0,0.0,-9.303174174598967,110
2025-05-10 11:00:00,DDPG,0.17289478931510366,0.0,0.0,0.0,0.0,0.0,-9.421042136979269,110
2025-05-10 12:00:00,DDPG,0.172264637494907,0.0,0.0,0.0,0.0,0.0,-9.547072501018599,110
2025-05-10 13:00:00,DDPG,0.17167886548462433,0.0,0.0,0.0,0.0,0.0,-9.664226903075136,110
2025-05-10 14:00:00,DDPG,0.17116115353031294,0.0,0.0,0.0,0.0,0.0,-9.767769293937413,110
2025-05-10 15:00:00,DDPG,0.17074145731862841,0.0,0.0,0.0,0.0,0.0,-9.851708536274318,110
2025-05-10 16:00:00,DDPG,0.1704392246548427,0.0,0.0,0.0,0.0,0.0,-9.912155069031458,110
2025-05-10 17:00:00,DDPG,0.1702572182257734,0.0,0.0,0.0,0.0,0.0,-9.948556354845323,110
2025-05-10 18:00:00,DDPG,0.17019162342389946,0.0,0.0,0.0,0.0,0.0,-9.96167531522011,110
2025-05-10 19:00:00,DDPG,0.17014258662415568,0.0,0.0,0.0,0.0,0.0,-9.971482675168863,110
2025-05-10 20:00:00,DDPG,0.1701099748172404,0.0,0.0,0.0,0.0,0.0,-9.978005036551918,110
2025-05-10 21:00:00,DDPG,0.17007741581039343,0.0,0.0,0.0,0.0,0.0,-9.984516837921314,110
2025-05-10 22:00:00,DDPG,0.17003678294506286,0.0,0.0,0.0,0.0,0.0,-9.992643410987428,110
2025-05-10 23:00:00,DDPG,0.169988122186482,0.0,0.0,0.0,0.0,0.0,-10.002375562703602,110
2025-05-11 00:00:00,DDPG,0.1699395796040291,0.0,0.0,0.0,0.0,0.0,-10.012084079194178,110
2025-05-11 01:00:00,DDPG,0.17021547301737325,0.0,0.0,0.0,0.0,0.0,-9.95690539652535,110
2025-05-11 02:00:00,DDPG,0.17015819584382405,0.0,0.0,0.0,0.0,0.0,-9.96836083123519,110
2025-05-11 03:00:00,DDPG,0.1701255587648388,0.0,0.0,0.0,0.0,0.0,-9.974888247032238,110
2025-05-11 04:00:00,DDPG,0.1701092666458387,0.0,0.0,0.0,0.0,0.0,-9.978146670832261,110
2025-05-11 05:00:00,DDPG,0.1700929877156968,0.0,0.0,0.0,0.0,0.0,-9.98140245686064,110
2025-05-11 06:00:00,DDPG,0.17006858908775635,0.0,0.0,0.0,0.0,0.0,-9.986282182448731,110
2025-05-11 07:00:00,DDPG,0.16997111357790862,1.4901161193847656e-07,0.0,0.0,0.0,0.0,-10.00577728739851,110
2025-05-11 08:00:00,DDPG,0.16975285783666433,0.0,0.0,0.0,0.0,0.0,-10.049428434157251,110
2025-05-11 09:00:00,DDPG,0.16977724642009723,0.0,0.0,0.0,0.0,0.0,-10.044550715980554,110
2025-05-11 10:00:00,DDPG,0.1693529773957042,0.0,0.0,0.0,0.0,0.0,-10.12940452085916,110
2025-05-11 11:00:00,DDPG,0.16888297651609424,0.0,0.0,0.0,0.0,0.0,-10.223404696781152,110
2025-05-11 12:00:00,DDPG,0.16904321433078848,0.0,0.0,0.0,0.0,0.0,-10.191357133842304,110
2025-05-11 13:00:00,DDPG,0.16860386017158527,0.0,0.0,0.0,0.0,0.0,-10.279227965682946,110
2025-05-11 14:00:00,DDPG,0.16816711240660473,0.0,0.0,0.0,0.0,0.0,-10.366577518679055,110
2025-05-11 15:00:00,DDPG,0.16782885807560557,0.0,0.0,0.0,0.0,0.0,-10.434228384878885,110
2025-05-11 16:00:00,DDPG,0.16757628258620116,0.0,0.0,0.0,0.0,0.0,-10.484743482759768,110
2025-05-11 17:00:00,DDPG,0.1674197699746002,0.0,0.0,0.0,0.0,0.0,-10.51604600507996,110
2025-05-11 18:00:00,DDPG,0.1673492613818459,0.0,0.0,0.0,0.0,0.0,-10.530147723630822,110
2025-05-11 19:00:00,DDPG,0.16731414978143025,0.0,0.0,0.0,0.0,0.0,-10.53717004371395,110
2025-05-11 20:00:00,DDPG,0.16727210113196106,0.0,0.0,0.0,0.0,0.0,-10.545579773607788,110
2025-05-11 21:00:00,DDPG,0.16723015460064056,0.0,0.0,0.0,0.0,0.0,-10.553969079871889,110
2025-05-11 22:00:00,DDPG,0.16785335755851521,0.0,0.0,0.0,0.0,0.0,-10.429328488296957,110
2025-05-11 23:00:00,DDPG,0.16847504702349217,0.0,0.0,0.0,0.0,0.0,-10.304990595301566,110
2025-05-12 00:00:00,DDPG,0.16944351599497792,0.0,0.0,0.0,0.0,0.0,-10.111296801004416,110
2025-05-12 01:00:00,DDPG,0.16940416602213096,0.0,0.0,0.0,0.0,0.0,-10.119166795573808,110
2025-05-12 02:00:00,DDPG,0.16935704161893436,0.0,0.0,0.0,0.0,0.0,-10.128591676213128,110
2025-05-12 03:00:00,DDPG,0.17131381903470558,0.0,0.0,0.0,0.0,0.0,-9.737236193058884,110
2025-05-12 04:00:00,DDPG,0.18731381903470556,0.0,0.0,0.0,0.0,0.0,-6.537236193058888,110
2025-05-12 05:00:00,DDPG,0.18829831106033437,0.0,0.0,0.0,0.0,0.0,-6.340337787933127,110
2025-05-12 06:00:00,DDPG,0.1885847345397611,0.0,0.0,0.0,0.0,0.0,-6.28305309204778,110
2025-05-12 07:00:00,DDPG,0.1884129406026436,0.0,0.0,0.0,0.0,0.0,-6.31741187947128,110
2025-05-12 08:00:00,DDPG,0.18797759394248031,0.0,0.0,0.0,0.0,0.0,-6.4044812115039385,110
2025-05-12 09:00:00,DDPG,0.18734734672872058,0.0,0.0,0.0,0.0,0.0,-6.530530654255884,110
2025-05-12 10:00:00,DDPG,0.18760231256370544,0.0,0.0,0.0,0.0,0.0,-6.479537487258913,110
2025-05-12 11:00:00,DDPG,0.19402623401578917,0.0,0.0,0.0,7.105427357601002e-15,0.0,-5.194753196842167,110
2025-05-12 12:00:00,DDPG,0.19338999394849168,0.0,0.0,0.0,0.0,0.0,-5.322001210301663,110
2025-05-12 13:00:00,DDPG,0.19269687012230408,0.0,0.0,0.0,0.0,0.0,-5.460625975539185,110
2025-05-12 14:00:00,DDPG,0.191763638532488,0.0,0.0,0.0,0.0,0.0,-5.647272293502398,110
2025-05-12 15:00:00,DDPG,0.19098603935790695,0.0,0.0,0.0,0.0,0.0,-5.80279212841861,110
2025-05-12 16:00:00,DDPG,0.1904385829750549,0.0,0.0,0.0,0.0,0.0,-5.912283404989021,110
2025-05-12 17:00:00,DDPG,0.1901439590133795,0.0,0.0,0.0,0.0,0.0,-5.971208197324102,110
2025-05-12 18:00:00,DDPG,0.1900302177961749,0.0,0.0,0.0,0.0,0.0,-5.993956440765019,110
2025-05-12 19:00:00,DDPG,0.1899816096745653,0.0,0.0,0.0,0.0,0.0,-6.003678065086943,110
2025-05-12 20:00:00,DDPG,0.189916877544616,0.0,0.0,0.0,0.0,0.0,-6.016624491076801,110
2025-05-12 21:00:00,DDPG,0.18986840705045466,0.0,0.0,0.0,0.0,0.0,-6.026318589909069,110
2025-05-12 22:00:00,DDPG,0.19015292398475053,0.0,0.0,0.0,0.0,0.0,-5.969415203049894,110
2025-05-12 23:00:00,DDPG,0.19110295257705476,0.0,0.0,0.0,0.0,0.0,-5.779409484589049,110
2025-05-13 00:00:00,DDPG,0.19171889899178263,0.0,0.0,0.0,0.0,0.0,-5.656220201643475,110
2025-05-13 01:00:00,DDPG,0.19166824032872118,0.0,0.0,0.0,0.0,0.0,-5.666351934255765,110
2025-05-13 02:00:00,DDPG,0.19163450889607414,0.0,0.0,0.0,0.0,0.0,-5.673098220785172,110
2025-05-13 03:00:00,DDPG,0.1916176568329495,0.0,0.0,0.0,0.0,0.0,-5.6764686334100976,110
2025-05-13 04:00:00,DDPG,0.19458153827372138,1.4901161193847656e-07,0.0,0.0,0.0,0.0,-5.083692348235957,110
2025-05-13 05:00:00,DDPG,0.20624820494038804,0.0,0.0,0.0,0.0,0.0,-2.7503590134125098,110
2025-05-13 06:00:00,DDPG,0.2065357341713093,0.0,0.0,0.0,0.0,0.0,-2.692853165738141,110
2025-05-13 07:00:00,DDPG,0.20632978256825668,0.0,0.0,0.0,0.0,0.0,-2.7340434863486642,110
2025-05-13 08:00:00,DDPG,0.20578257896616503,0.0,0.0,0.0,0.0,0.0,-2.843484206766994,110
2025-05-13 09:00:00,DDPG,0.20492458977539973,0.0,0.0,0.0,0.0,0.0,-3.015082044920053,110
2025-05-13 10:00:00,DDPG,0.2038574834597634,0.0,0.0,0.0,0.0,0.0,-3.22850330804732,110
2025-05-13 11:00:00,DDPG,0.20259311491949372,0.0,0.0,0.0,0.0,0.0,-3.4813770161012556,110
2025-05-13 12:00:00,DDPG,0.20123070279967445,0.0,0.0,0.0,0.0,0.0,-3.75385944006511,110
2025-05-13 13:00:00,DDPG,0.19992431987828277,0.0,0.0,0.0,0.0,0.0,-4.015136024343446,110
2025-05-13 14:00:00,DDPG,0.1987724944982338,0.0,0.0,0.0,0.0,0.0,-4.245501100353239,110
2025-05-13 15:00:00,DDPG,0.19784465585289837,0.0,0.0,0.0,0.0,0.0,-4.431068829420326,110
2025-05-13 16:00:00,DDPG,0.19720558794972037,0.0,0.0,0.0,0.0,0.0,-4.558882410055926,110
2025-05-13 17:00:00,DDPG,0.19684255449953564,0.0,0.0,0.0,0.0,0.0,-4.631489100092873,110
2025-05-13 18:00:00,DDPG,0.19670983392845362,0.0,0.0,0.0,0.0,0.0,-4.658033214309276,110
2025-05-13 19:00:00,DDPG,0.19663420848304566,0.0,0.0,0.0,0.0,0.0,-4.673158303390867,110
2025-05-13 20:00:00,DDPG,0.19655870547883503,0.0,0.0,0.0,0.0,0.0,-4.6882589042329945,110
2025-05-13 21:00:00,DDPG,0.19646447952727072,0.0,0.0,0.0,0.0,0.0,-4.707104094545855,110
2025-05-13 22:00:00,DDPG,0.19637044427108458,0.0,0.0,0.0,0.0,0.0,-4.725911145783085,110
2025-05-13 23:00:00,DDPG,0.1962765993243455,0.0,0.0,0.0,0.0,0.0,-4.744680135130902,110
2025-05-14 00:00:00,DDPG,0.1962016753063918,0.0,0.0,0.0,0.0,0.0,-4.759664938721642,110
2025-05-14 01:00:00,DDPG,0.19612687259399098,0.0,0.0,0.0,0.0,0.0,-4.774625481201805,110
2025-05-14 02:00:00,DDPG,0.19605219099074356,0.0,0.0,0.0,0.0,0.0,-4.789561801851288,110
2025-05-14 03:00:00,DDPG,0.19697601125294903,0.0,0.0,0.0,0.0,0.0,-4.604797749410194,110
2025-05-14 04:00:00,DDPG,0.19791775466785613,0.0,0.0,0.0,0.0,0.0,-4.416449066428774,110
2025-05-14 05:00:00,DDPG,0.19785956882290232,0.0,0.0,0.0,0.0,0.0,-4.428086235419537,110
2025-05-14 06:00:00,DDPG,0.19774333844147526,0.0,0.0,0.0,0.0,0.0,-4.451332311704947,110
2025-05-14 07:00:00,DDPG,0.19747279285697358,0.0,0.0,0.0,0.0,0.0,-4.505441428605284,110
2025-05-14 08:00:00,DDPG,0.19697319822738352,0.0,0.0,0.0,0.0,0.0,-4.605360354523297,110
2025-05-14 09:00:00,DDPG,0.1961936668187053,0.0,0.0,0.0,0.0,0.0,-4.761266636258943,110
2025-05-14 10:00:00,DDPG,0.19522140011709255,0.0,0.0,0.0,0.0,0.0,-4.9557199765814905,110
2025-05-14 11:00:00,DDPG,0.19414147001429627,0.0,0.0,0.0,0.0,0.0,-5.171705997140746,110
2025-05-14 12:00:00,DDPG,0.19305159609989567,0.0,0.0,0.0,0.0,0.0,-5.389680780020867,110
2025-05-14 13:00:00,DDPG,0.19202348298351005,0.0,0.0,0.0,0.0,0.0,-5.595303403297991,110
2025-05-14 14:00:00,DDPG,0.19113898872261903,0.0,0.0,0.0,0.0,0.0,-5.772202255476194,110
2025-05-14 15:00:00,DDPG,0.19038967142802848,0.0,0.0,0.0,0.0,0.0,-5.922065714394304,110
2025-05-14 16:00:00,DDPG,0.18985018081681126,0.0,0.0,0.0,0.0,0.0,-6.029963836637748,110
2025-05-14 17:00:00,DDPG,0.18951145427986837,0.0,0.0,0.0,0.0,0.0,-6.097709144026325,110
2025-05-14 18:00:00,DDPG,0.18935152696492605,0.0,0.0,0.0,0.0,0.0,-6.129694607014791,110
2025-05-14 19:00:00,DDPG,0.18924003097185876,0.0,0.0,0.0,0.0,0.0,-6.151993805628248,110
2025-05-14 20:00:00,DDPG,0.18914473375378427,0.0,0.0,0.0,0.0,0.0,-6.171053249243148,110
2025-05-14 21:00:00,DDPG,0.1890338236748152,0.0,0.0,0.0,0.0,0.0,-6.193235265036961,110
2025-05-14 22:00:00,DDPG,0.18893902724589065,0.0,0.0,0.0,0.0,0.0,-6.21219455082187,110
2025-05-14 23:00:00,DDPG,0.1888444610368649,0.0,0.0,0.0,0.0,0.0,-6.2311077926270215,110
2025-05-15 00:00:00,DDPG,0.18943116470698873,0.0,0.0,0.0,0.0,0.0,-6.113767058602253,110
2025-05-15 01:00:00,DDPG,0.1893513635403198,0.0,0.0,0.0,0.0,0.0,-6.129727291936039,110
2025-05-15 02:00:00,DDPG,0.18928765180887358,0.0,0.0,0.0,0.0,0.0,-6.142469638225284,110
2025-05-15 03:00:00,DDPG,0.1895568368805481,0.0,0.0,0.0,0.0,0.0,-6.088632623890378,110
2025-05-15 04:00:00,DDPG,0.18982558612877326,0.0,0.0,0.0,0.0,0.0,-6.034882774245348,110
2025-05-15 05:00:00,DDPG,0.19177479791704546,0.0,0.0,0.0,0.0,0.0,-5.645040416590907,110
2025-05-15 06:00:00,DDPG,0.19634747590538792,0.0,0.0,0.0,0.0,0.0,-4.730504818922415,110
2025-05-15 07:00:00,DDPG,0.1961411197809697,1.4901161193847656e-07,0.0,0.0,0.0,0.0,-4.77177604678629,110
2025-05-15 08:00:00,DDPG,0.19664501610713384,1.4901161193847656e-07,0.0,0.0,0.0,0.0,-4.67099678006335,110
2025-05-15 09:00:00,DDPG,0.196641433934505,0.0,0.0,0.0,0.0,0.0,-4.671713214589116,110
2025-05-15 10:00:00,DDPG,0.2015882415024222,0.0,0.0,0.0,0.0,0.0,-3.6823516995155625,110
2025-05-15 11:00:00,DDPG,0.20200048742611418,0.0,0.0,0.0,0.0,0.0,-3.599902514777165,110
2025-05-15 12:00:00,DDPG,0.20133823212166657,0.0,0.0,0.0,0.0,0.0,-3.7323535756666857,110
2025-05-15 13:00:00,DDPG,0.20367576194135528,0.0,0.0,0.0,0.0,0.0,-3.2648476117289436,110
2025-05-15 14:00:00,DDPG,0.20387905798163838,0.0,0.0,0.0,0.0,0.0,-3.224188403672324,110
2025-05-15 15:00:00,DDPG,0.20342243932723927,0.0,0.0,0.0,0.0,0.0,-3.3155121345521454,110
2025-05-15 16:00:00,DDPG,0.20296835351779152,1.4901161193847656e-06,0.0,0.0,0.0,0.0,-3.406329326244018,110
2025-05-15 17:00:00,DDPG,0.20273251921849764,2.980232238769531e-07,0.0,0.0,0.0,0.0,-3.4534961712016345,110
2025-05-15 18:00:00,DDPG,0.20258311041404523,0.0,0.0,0.0,0.0,0.0,-3.483377920171187,110
2025-05-15 19:00:00,DDPG,0.20247669221439776,0.0,0.0,0.0,0.0,0.0,-3.504661557120448,110
2025-05-15 20:00:00,DDPG,0.20243421108260515,0.0,0.0,0.0,0.0,0.0,-3.5131577834789702,110
2025-05-15 21:00:00,DDPG,0.2023705409691477,0.0,0.0,0.0,0.0,0.0,-3.5258918061704616,110
2025-05-15 22:00:00,DDPG,0.20230694816939945,0.0,0.0,0.0,0.0,0.0,-3.5386103661201096,110
2025-05-15 23:00:00,DDPG,0.2022646044494528,0.0,0.0,0.0,0.0,0.0,-3.5470791101094417,110
2025-05-16 00:00:00,DDPG,0.20222229500775563,0.0,0.0,0.0,0.0,0.0,-3.5555409984488753,110
2025-05-16 01:00:00,DDPG,0.20218001981655886,0.0,0.0,0.0,0.0,0.0,-3.563996036688227,110
2025-05-16 02:00:00,DDPG,0.20213777884813594,0.0,0.0,0.0,0.0,0.0,-3.5724442303728123,110
2025-05-16 03:00:00,DDPG,0.20307325440239177,0.0,0.0,0.0,0.0,0.0,-3.3853491195216465,110
2025-05-16 04:00:00,DDPG,0.20298732627621646,0.0,0.0,0.0,0.0,0.0,-3.402534744756708,110
2025-05-16 05:00:00,DDPG,0.20425469880859534,0.0,0.0,0.0,0.0,0.0,-3.1490602382809314,110
2025-05-16 06:00:00,DDPG,0.2044996515184608,0.0,0.0,0.0,0.0,0.0,-3.1000696963078394,110
2025-05-16 07:00:00,DDPG,0.20423493892537112,0.0,0.0,0.0,0.0,0.0,-3.153012214925777,110
2025-05-16 08:00:00,DDPG,0.20366418075858508,0.0,0.0,0.0,0.0,0.0,-3.2671638482829835,110
2025-05-16 09:00:00,DDPG,0.2028170533337531,0.0,0.0,0.0,0.0,0.0,-3.436589333249379,110
2025-05-16 10:00:00,DDPG,0.20172675844707777,0.0,0.0,0.0,0.0,0.0,-3.654648310584446,110
2025-05-16 11:00:00,DDPG,0.20120584081116624,0.0,0.0,0.0,0.0,0.0,-3.758831837766752,110
2025-05-16 12:00:00,DDPG,0.2004335361467807,0.0,0.0,0.0,0.0,0.0,-3.913292770643862,110
2025-05-16 13:00:00,DDPG,0.19931078956827497,0.0,0.0,0.0,0.0,0.0,-4.137842086345006,110
2025-05-16 14:00:00,DDPG,0.1985188561158385,0.0,0.0,0.0,0.0,0.0,-4.296228776832301,110
2025-05-16 15:00:00,DDPG,0.19796238171277622,0.0,0.0,0.0,0.0,0.0,-4.407523657444756,110
2025-05-16 16:00:00,DDPG,0.1977092670776925,0.0,0.0,0.0,0.0,0.0,-4.458146584461497,110
2025-05-16 17:00:00,DDPG,0.1973230492013493,0.0,0.0,0.0,0.0,0.0,-4.535390159730141,110
2025-05-16 18:00:00,DDPG,0.19715065809354437,0.0,0.0,0.0,0.0,0.0,-4.569868381291125,110
2025-05-16 19:00:00,DDPG,0.19703614935246005,0.0,0.0,0.0,0.0,0.0,-4.592770129507989,110
2025-05-16 20:00:00,DDPG,0.1969599955868418,0.0,0.0,0.0,0.0,0.0,-4.608000882631641,110
2025-05-16 21:00:00,DDPG,0.19686495750053506,0.0,0.0,0.0,0.0,0.0,-4.6270084998929875,110
2025-05-16 22:00:00,DDPG,0.19680805005214155,0.0,0.0,0.0,0.0,0.0,-4.63838998957169,110
2025-05-16 23:00:00,DDPG,0.20074635505889477,1.4901161193847656e-07,0.0,0.0,0.0,0.0,-3.8507289912012794,110
2025-05-17 00:00:00,DDPG,0.21336168737464078,0.0,0.0,0.0,0.0,0.0,-1.3276625265619595,110
2025-05-17 01:00:00,DDPG,0.22061002070797414,0.0,0.0,0.0,0.0,0.0,2.0,110
2025-05-17 02:00:00,DDPG,0.22088668737464082,0.0,0.0,0.0,0.0,0.0,2.0,110
2025-05-17 03:00:00,DDPG,0.24116335404130745,0.0,0.0,0.0,0.0,0.0,2.0,110
2025-05-17 04:00:00,DDPG,0.2424966873746408,0.0,0.0,0.0,0.0,0.0,2.0,110
2025-05-17 05:00:00,DDPG,0.24283002070797413,0.0,0.0,0.0,0.0,0.0,2.0,110
2025-05-17 06:00:00,DDPG,0.24277335404130748,0.0,0.0,0.0,0.0,0.0,2.0,110
2025-05-17 07:00:00,DDPG,0.24249002070797418,0.0,0.0,0.0,0.0,0.0,2.0,110
2025-05-17 08:00:00,DDPG,0.24186668787134621,1.4901161193847656e-07,0.0,0.0,0.0,0.0,1.9999999970197677,110
2025-05-17 09:00:00,DDPG,0.2407616878713462,0.0,0.0,0.0,0.0,0.0,1.999999998509884,110
2025-05-17 10:00:00,DDPG,0.23943002120467952,0.0,0.0,0.0,0.0,0.0,2.0,110
2025-05-17 11:00:00,DDPG,0.2377300212046795,0.0,0.0,0.0,0.0,0.0,2.0,110
2025-05-17 12:00:00,DDPG,0.23603002120467947,0.0,0.0,0.0,0.0,0.0,2.0,110
2025-05-17 13:00:00,DDPG,0.23427335453801282,0.0,0.0,0.0,0.0,0.0,2.0,110
2025-05-17 14:00:00,DDPG,0.23274335453801281,0.0,0.0,0.0,0.0,0.0,2.0,110
2025-05-17 15:00:00,DDPG,0.23144002120467946,0.0,0.0,0.0,0.0,0.0,2.0,110
2025-05-17 16:00:00,DDPG,0.23047668787134612,0.0,0.0,0.0,0.0,0.0,2.0,110
2025-05-17 17:00:00,DDPG,0.22991002120467943,0.0,0.0,0.0,0.0,0.0,2.0,110
2025-05-17 18:00:00,DDPG,0.2297116878713461,0.0,0.0,0.0,0.0,0.0,2.0,110
2025-05-17 19:00:00,DDPG,0.22957002120467943,0.0,0.0,0.0,0.0,0.0,2.0,110
2025-05-17 20:00:00,DDPG,0.22945668787134607,0.0,0.0,0.0,0.0,0.0,2.0,110
2025-05-17 21:00:00,DDPG,0.2293150212046794,0.0,0.0,0.0,0.0,0.0,2.0,110
2025-05-17 22:00:00,DDPG,0.22920168787134604,0.0,0.0,0.0,0.0,0.0,2.0,110
2025-05-17 23:00:00,DDPG,0.22908835453801268,0.0,0.0,0.0,0.0,0.0,2.0,110
2025-05-18 00:00:00,DDPG,0.228946687871346,0.0,0.0,0.0,0.0,0.0,2.0,110
2025-05-18 01:00:00,DDPG,0.22883335453801265,0.0,0.0,0.0,0.0,0.0,2.0,110
2025-05-18 02:00:00,DDPG,0.22874835453801268,0.0,0.0,0.0,0.0,0.0,2.0,110
2025-05-18 03:00:00,DDPG,0.22933002120467938,0.0,0.0,0.0,0.0,0.0,2.0,110
2025-05-18 04:00:00,DDPG,0.2292450212046794,0.0,0.0,0.0,0.0,0.0,2.0,110
2025-05-18 05:00:00,DDPG,0.22918835453801273,0.0,0.0,0.0,0.0,0.0,2.0,110
2025-05-18 06:00:00,DDPG,0.2317133550347181,1.4901161193847656e-07,0.0,0.0,0.0,0.0,1.9999999970197677,110
2025-05-18 07:00:00,DDPG,0.23173502269479546,2.980232238769531e-07,0.0,0.0,0.0,0.0,1.9999999955296517,110
2025-05-18 08:00:00,DDPG,0.2316716898581675,1.4901161193847656e-07,0.0,0.0,0.0,0.0,1.9999999970197677,110
2025-05-18 09:00:00,DDPG,0.23104168985816748,0.0,0.0,0.0,0.0,0.0,1.999999998509884,110
2025-05-18 10:00:00,DDPG,0.22993668985816745,0.0,0.0,0.0,0.0,0.0,2.0,110
2025-05-18 11:00:00,DDPG,0.22866168985816746,0.0,0.0,0.0,0.0,0.0,2.0,110
2025-05-18 12:00:00,DDPG,0.2270750231915008,0.0,0.0,0.0,0.0,0.0,2.0,110
2025-05-18 13:00:00,DDPG,0.22546002319150082,0.0,0.0,0.0,0.0,0.0,2.0,110
2025-05-18 14:00:00,DDPG,0.22395835652483412,0.0,0.0,0.0,0.0,0.0,2.0,110
2025-05-18 15:00:00,DDPG,0.22285335652483412,0.0,0.0,0.0,0.0,0.0,2.0,110
2025-05-18 16:00:00,DDPG,0.2219750231915008,0.0,0.0,0.0,0.0,0.0,2.0,110
2025-05-18 17:00:00,DDPG,0.2215500231915008,0.0,0.0,0.0,0.0,0.0,2.0,110
2025-05-18 18:00:00,DDPG,0.2213800231915008,0.0,0.0,0.0,0.0,0.0,2.0,110
2025-05-18 19:00:00,DDPG,0.22129502319150082,0.0,0.0,0.0,0.0,0.0,2.0,110
2025-05-18 20:00:00,DDPG,0.22112502319150082,0.0,0.0,0.0,0.0,0.0,2.0,110
2025-05-18 21:00:00,DDPG,0.2209266898581675,0.0,0.0,0.0,0.0,0.0,2.0,110
2025-05-18 22:00:00,DDPG,0.2207566898581675,0.0,0.0,0.0,0.0,0.0,2.0,110
2025-05-18 23:00:00,DDPG,0.2206150231915008,0.0,0.0,0.0,0.0,0.0,2.0,110
2025-05-19 00:00:00,DDPG,0.22050168985816745,0.0,0.0,0.0,0.0,0.0,2.0,110
2025-05-19 01:00:00,DDPG,0.22036002319150078,0.0,0.0,0.0,0.0,0.0,2.0,110
2025-05-19 02:00:00,DDPG,0.22019002319150074,0.0,0.0,0.0,0.0,0.0,2.0,110
2025-05-19 03:00:00,DDPG,0.22104835652483407,0.0,0.0,0.0,0.0,0.0,2.0,110
2025-05-19 04:00:00,DDPG,0.2219066898581674,0.0,0.0,0.0,0.0,0.0,2.0,110
2025-05-19 05:00:00,DDPG,0.223793356524834,0.0,0.0,0.0,0.0,0.0,2.0,110
2025-05-19 06:00:00,DDPG,0.22434668985816733,0.0,0.0,0.0,0.0,0.0,2.0,110
2025-05-19 07:00:00,DDPG,0.23173002319150068,0.0,0.0,0.0,0.0,0.0,2.0,110
2025-05-19 08:00:00,DDPG,0.23174502418491144,2.980232238769531e-07,0.0,0.0,0.0,0.0,1.9999999940395354,110
2025-05-19 09:00:00,DDPG,0.2327033585116555,2.980232238769531e-07,0.0,0.0,0.0,0.0,1.9999999970197677,110
2025-05-19 10:00:00,DDPG,0.23235002517832218,0.0,0.0,0.0,0.0,0.0,1.9999999970197677,110
2025-05-19 11:00:00,DDPG,0.23338002517832218,0.0,0.0,0.0,0.0,0.0,2.0,110
2025-05-19 12:00:00,DDPG,0.23196335851165553,0.0,0.0,0.0,0.0,0.0,2.0,110
2025-05-19 13:00:00,DDPG,0.23040502517832218,0.0,0.0,0.0,0.0,0.0,2.0,110
2025-05-19 14:00:00,DDPG,0.22943502517832215,0.0,0.0,0.0,0.0,0.0,2.0,110
2025-05-19 15:00:00,DDPG,0.22857835851165548,0.0,0.0,0.0,0.0,0.0,2.0,110
2025-05-19 16:00:00,DDPG,0.22770002517832216,0.0,0.0,0.0,0.0,0.0,2.0,110
2025-05-19 17:00:00,DDPG,0.22721835950506625,2.980232238769531e-07,0.0,0.0,0.0,0.0,1.9999999940395354,110
2025-05-19 18:00:00,DDPG,0.22704835950506624,0.0,0.0,0.0,0.0,0.0,1.9999999970197677,110
2025-05-19 19:00:00,DDPG,0.2269916928383996,0.0,0.0,0.0,0.0,0.0,2.0,110
2025-05-19 20:00:00,DDPG,0.22690669283839962,0.0,0.0,0.0,0.0,0.0,2.0,110
2025-05-19 21:00:00,DDPG,0.2268783595050663,0.0,0.0,0.0,0.0,0.0,2.0,110
2025-05-19 22:00:00,DDPG,0.22682169283839965,0.0,0.0,0.0,0.0,0.0,2.0,110
2025-05-19 23:00:00,DDPG,0.22679335950506632,0.0,0.0,0.0,0.0,0.0,2.0,110
2025-05-20 00:00:00,DDPG,0.22679335950506632,0.0,0.0,0.0,0.0,0.0,2.0,110
2025-05-20 01:00:00,DDPG,0.226765026171733,0.0,0.0,0.0,0.0,0.0,2.0,110
2025-05-20 02:00:00,DDPG,0.22670835950506632,0.0,0.0,0.0,0.0,0.0,2.0,110
2025-05-20 03:00:00,DDPG,0.22662335950506635,0.0,0.0,0.0,0.0,0.0,2.0,110
2025-05-20 04:00:00,DDPG,0.226510026171733,0.0,0.0,0.0,0.0,0.0,2.0,110
2025-05-20 05:00:00,DDPG,0.22639669283839964,0.0,0.0,0.0,0.0,0.0,2.0,110
2025-05-20 06:00:00,DDPG,0.22658835950506628,0.0,0.0,0.0,0.0,0.0,2.0,110
2025-05-20 07:00:00,DDPG,0.22622002666843832,1.4901161193847656e-07,0.0,0.0,0.0,0.0,1.9999999970197677,110
2025-05-20 08:00:00,DDPG,0.22537002666843833,0.0,0.0,0.0,0.0,0.0,1.999999998509884,110
2025-05-20 09:00:00,DDPG,0.2244850266684383,0.0,0.0,0.0,0.0,0.0,2.0,110
2025-05-20 10:00:00,DDPG,0.22832336000177164,0.0,0.0,0.0,0.0,0.0,2.0,110
2025-05-20 11:00:00,DDPG,0.22768669333510497,0.0,0.0,0.0,0.0,0.0,2.0,110
2025-05-20 12:00:00,DDPG,0.22782336000177164,0.0,0.0,0.0,0.0,0.0,2.0,110
2025-05-20 13:00:00,DDPG,0.22657669333510497,0.0,0.0,0.0,0.0,0.0,2.0,110
2025-05-20 14:00:00,DDPG,0.226258360498477,1.4901161193847656e-07,0.0,0.0,0.0,0.0,1.9999999970197677,110
2025-05-20 15:00:00,DDPG,0.23430169383181035,0.0,0.0,0.0,0.0,0.0,1.999999998509884,110
2025-05-20 16:00:00,DDPG,0.23593336099518236,1.4901161193847656e-07,0.0,0.0,0.0,0.0,1.9999999970197677,110
2025-05-20 17:00:00,DDPG,0.2359550291519651,4.470348358154297e-07,0.0,0.0,0.0,0.0,1.9999999925494194,110
2025-05-20 18:00:00,DDPG,0.23614669581863174,0.0,0.0,0.0,0.0,0.0,1.9999999955296517,110
2025-05-20 19:00:00,DDPG,0.2361183624852984,0.0,0.0,0.0,0.0,0.0,2.0,110
2025-05-20 20:00:00,DDPG,0.23975669581863174,0.0,0.0,0.0,0.0,0.0,2.0,110
2025-05-20 21:00:00,DDPG,0.24239502915196506,0.0,0.0,0.0,0.0,0.0,2.0,110
2025-05-20 22:00:00,DDPG,0.2450333624852984,0.0,0.0,0.0,0.0,0.0,2.0,110
2025-05-20 23:00:00,DDPG,0.2503383624852984,0.0,0.0,0.0,0.0,0.0,2.0,110
2025-05-21 00:00:00,DDPG,0.25361502915196504,0.0,0.0,0.0,0.0,0.0,2.0,110
2025-05-21 01:00:00,DDPG,0.25722502915196505,0.0,0.0,0.0,0.0,0.0,2.0,110
2025-05-21 02:00:00,DDPG,0.26053002915196505,0.0,0.0,0.0,0.0,0.0,2.0,110
2025-05-21 03:00:00,DDPG,0.26350169581863175,0.0,0.0,0.0,0.0,0.0,2.0,110
2025-05-21 04:00:00,DDPG,0.2651400291519651,0.0,0.0,0.0,0.0,0.0,2.0,110
2025-05-21 05:00:00,DDPG,0.2684450291519651,0.0,0.0,0.0,0.0,0.0,2.0,110
2025-05-21 06:00:00,DDPG,0.2713600291519651,0.0,0.0,0.0,0.0,0.0,2.0,110
2025-05-21 07:00:00,DDPG,0.27221836248529846,0.0,0.0,0.0,0.0,0.0,2.0,110
2025-05-21 08:00:00,DDPG,0.2716516958186318,0.0,0.0,0.0,0.0,0.0,2.0,110
2025-05-21 09:00:00,DDPG,0.2709716958186318,0.0,0.0,0.0,0.0,0.0,2.0,110
2025-05-21 10:00:00,DDPG,0.2701216958186318,0.0,0.0,0.0,0.0,0.0,2.0,110
2025-05-21 11:00:00,DDPG,0.2684216958186318,0.0,0.0,0.0,0.0,0.0,2.0,110
2025-05-21 12:00:00,DDPG,0.2666366958186318,0.0,0.0,0.0,0.0,0.0,2.0,110
2025-05-21 13:00:00,DDPG,0.2648516958186318,0.0,0.0,0.0,0.0,0.0,2.0,110
2025-05-21 14:00:00,DDPG,0.26326502915196515,0.0,0.0,0.0,0.0,0.0,2.0,110
2025-05-21 15:00:00,DDPG,0.2641033624852984,0.0,0.0,0.0,0.0,0.0,2.0,110
2025-05-21 16:00:00,DDPG,0.26506169830215864,7.450580596923828e-07,0.0,0.0,0.0,0.0,1.9999999850988388,110
2025-05-21 17:00:00,DDPG,0.2646083649688253,0.0,0.0,0.0,0.0,0.0,1.9999999925494194,110
2025-05-21 18:00:00,DDPG,0.26546669830215863,0.0,0.0,0.0,0.0,0.0,2.0,110
2025-05-21 19:00:00,DDPG,0.26580003163549193,0.0,0.0,0.0,0.0,0.0,2.0,110
2025-05-21 20:00:00,DDPG,0.2657150316354919,0.0,0.0,0.0,0.0,0.0,2.0,110
2025-05-21 21:00:00,DDPG,0.265630031635492,0.0,0.0,0.0,0.0,0.0,2.0,110
2025-05-21 22:00:00,DDPG,0.265545031635492,0.0,0.0,0.0,0.0,0.0,2.0,110
2025-05-21 23:00:00,DDPG,0.26548836496882533,0.0,0.0,0.0,0.0,0.0,2.0,110
2025-05-22 00:00:00,DDPG,0.265375031635492,0.0,0.0,0.0,0.0,0.0,2.0,110
2025-05-22 01:00:00,DDPG,0.265205031635492,0.0,0.0,0.0,0.0,0.0,2.0,110
2025-05-22 02:00:00,DDPG,0.271425031635492,0.0,0.0,0.0,0.0,0.0,2.0,110
2025-05-22 03:00:00,DDPG,0.278645031635492,0.0,0.0,0.0,0.0,0.0,2.0,110
2025-05-22 04:00:00,DDPG,0.2788650316354919,0.0,0.0,0.0,0.0,0.0,2.0,110
2025-05-22 05:00:00,DDPG,0.27875169830215857,0.0,0.0,0.0,0.0,0.0,2.0,110
2025-05-22 06:00:00,DDPG,0.2795250316354919,0.0,0.0,0.0,0.0,0.0,2.0,110
2025-05-22 07:00:00,DDPG,0.2802700316354919,0.0,0.0,0.0,0.0,0.0,2.0,110
2025-05-22 08:00:00,DDPG,0.2805400321321973,1.4901161193847656e-07,0.0,0.0,0.0,0.0,1.9999999970197677,110
2025-05-22 09:00:00,DDPG,0.28072503213219735,0.0,0.0,0.0,0.0,0.0,1.999999998509884,110
2025-05-22 10:00:00,DDPG,0.28009503213219733,0.0,0.0,0.0,0.0,0.0,2.0,110
2025-05-22 11:00:00,DDPG,0.2788200321321973,0.0,0.0,0.0,0.0,0.0,2.0,110
2025-05-22 12:00:00,DDPG,0.277686698798864,0.0,0.0,0.0,0.0,0.0,2.0,110
2025-05-22 13:00:00,DDPG,0.2766100321321973,0.0,0.0,0.0,0.0,0.0,2.0,110
2025-05-22 14:00:00,DDPG,0.275306698798864,0.0,0.0,0.0,0.0,0.0,2.0,110
2025-05-22 15:00:00,DDPG,0.2741733654655306,0.0,0.0,0.0,0.0,0.0,2.0,110
2025-05-22 16:00:00,DDPG,0.27340836546553066,0.0,0.0,0.0,0.0,0.0,2.0,110
2025-05-22 17:00:00,DDPG,0.2728700321321973,0.0,0.0,0.0,0.0,0.0,2.0,110
2025-05-22 18:00:00,DDPG,0.272586698798864,0.0,0.0,0.0,0.0,0.0,2.0,110
2025-05-22 19:00:00,DDPG,0.272416698798864,0.0,0.0,0.0,0.0,0.0,2.0,110
2025-05-22 20:00:00,DDPG,0.272246698798864,0.0,0.0,0.0,0.0,0.0,2.0,110
2025-05-22 21:00:00,DDPG,0.272076698798864,0.0,0.0,0.0,0.0,0.0,2.0,110
2025-05-22 22:00:00,DDPG,0.2725733654655306,0.0,0.0,0.0,0.0,0.0,2.0,110
2025-05-22 23:00:00,DDPG,0.2727366987988639,0.0,0.0,0.0,0.0,0.0,2.0,110
2025-05-23 00:00:00,DDPG,0.27259503213219727,0.0,0.0,0.0,0.0,0.0,2.0,110
2025-05-23 01:00:00,DDPG,0.27312003213219727,0.0,0.0,0.0,0.0,0.0,2.0,110
2025-05-23 02:00:00,DDPG,0.27395003213219726,0.0,0.0,0.0,0.0,0.0,2.0,110
2025-05-23 03:00:00,DDPG,0.27517003213219726,0.0,0.0,0.0,0.0,0.0,2.0,110
2025-05-23 04:00:00,DDPG,0.27508503213219726,0.0,0.0,0.0,0.0,0.0,2.0,110
2025-05-23 05:00:00,DDPG,0.27630503213219726,0.0,0.0,0.0,0.0,0.0,2.0,110
2025-05-23 06:00:00,DDPG,0.2871916987988639,0.0,0.0,0.0,0.0,0.0,2.0,110
2025-05-23 07:00:00,DDPG,0.2889650326289026,1.4901161193847656e-07,0.0,0.0,0.0,0.0,1.9999999970197677,110
2025-05-23 08:00:00,DDPG,0.28870336695564663,2.980232238769531e-07,0.0,0.0,0.0,0.0,1.9999999955296517,110
2025-05-23 09:00:00,DDPG,0.2877683669556466,0.0,0.0,0.0,0.0,0.0,1.9999999970197677,110
2025-05-23 10:00:00,DDPG,0.28652170028898,0.0,0.0,0.0,0.0,0.0,2.0,110
2025-05-23 11:00:00,DDPG,0.28499170028897997,0.0,0.0,0.0,0.0,0.0,2.0,110
2025-05-23 12:00:00,DDPG,0.28343336695564664,0.0,0.0,0.0,0.0,0.0,2.0,110
2025-05-23 13:00:00,DDPG,0.28193170028897996,0.0,0.0,0.0,0.0,0.0,2.0,110
2025-05-23 14:00:00,DDPG,0.28065670028898,0.0,0.0,0.0,0.0,0.0,2.0,110
2025-05-23 15:00:00,DDPG,0.27977170028897996,0.0,0.0,0.0,0.0,0.0,2.0,110
2025-05-23 16:00:00,DDPG,0.27961670028898,0.0,0.0,0.0,0.0,0.0,2.0,110
2025-05-23 17:00:00,DDPG,0.27985836794905744,2.980232238769531e-07,0.0,0.0,0.0,0.0,1.9999999940395354,110
2025-05-23 18:00:00,DDPG,0.27963170128239073,0.0,0.0,0.0,0.0,0.0,1.9999999970197677,110
2025-05-23 19:00:00,DDPG,0.2794900346157241,0.0,0.0,0.0,0.0,0.0,2.0,110
2025-05-23 20:00:00,DDPG,0.2806817012823907,0.0,0.0,0.0,0.0,0.0,2.0,110
2025-05-23 21:00:00,DDPG,0.284235034615724,0.0,0.0,0.0,0.0,0.0,2.0,110
2025-05-23 22:00:00,DDPG,0.29245503461572403,0.0,0.0,0.0,0.0,0.0,2.0,110
2025-05-23 23:00:00,DDPG,0.29700836794905733,0.0,0.0,0.0,0.0,0.0,2.0,110
2025-05-24 00:00:00,DDPG,0.30989503461572404,0.0,0.0,0.0,0.0,0.0,2.0,110
2025-05-24 01:00:00,DDPG,0.31442003461572404,0.0,0.0,0.0,0.0,0.0,2.0,110
2025-05-24 02:00:00,DDPG,0.31725003461572404,0.0,0.0,0.0,0.0,0.0,2.0,110
2025-05-24 03:00:00,DDPG,0.32308003461572404,0.0,0.0,0.0,0.0,0.0,-0.30800346157240366,110
2025-05-24 04:00:00,DDPG,0.32593836794905734,0.0,0.0,0.0,0.0,0.0,-0.5938367949057333,110
2025-05-24 05:00:00,DDPG,0.337825034615724,0.0,0.0,0.0,0.0,0.0,-1.7825034615723991,110
2025-05-24 06:00:00,DDPG,0.34498836794905735,0.0,0.0,0.0,0.0,0.0,-2.498836794905735,110
2025-05-24 07:00:00,DDPG,0.34845670128239065,0.0,0.0,0.0,0.0,0.0,-2.845670128239064,110
2025-05-24 08:00:00,DDPG,0.35313053115415155,0.0,0.0,0.10435103847171803,0.0,0.0,-3.313053115415155,110
2025-05-24 09:00:00,DDPG,0.3567114784857712,1.4901161193847656e-07,0.0,0.22371594952570747,0.0,0.0,-3.671147851557354,110
2025-05-24 10:00:00,DDPG,0.35928333108422894,1.4901161193847656e-07,0.0,0.3094443694742978,0.0,0.0,-3.9283331099130097,110
2025-05-24 11:00:00,DDPG,0.3605194984228409,1.4901161193847656e-07,0.0,0.3506499474280304,0.0,0.0,-4.051949843774208,110
2025-05-24 12:00:00,DDPG,0.3606810485805569,0.0,0.0,0.3560349526852278,0.0,0.0,-4.068104859545804,110
2025-05-24 13:00:00,DDPG,0.35957544372250116,0.0,0.0,0.31918145741670545,0.0,0.0,-3.9575443722501156,110
2025-05-24 14:00:00,DDPG,0.35895689935025105,0.0,0.0,0.29856331167503497,0.0,0.0,-3.8956899350251035,110
2025-05-24 15:00:00,DDPG,0.3592042094152259,0.0,0.0,0.3068069805075311,0.0,0.0,-3.9204209415225897,110
2025-05-24 16:00:00,DDPG,0.36065228847370334,0.0,0.0,0.35507628245677836,0.0,0.0,-4.065228847370333,110
2025-05-24 17:00:00,DDPG,0.361432059626333,0.0,0.0,0.3810686542111015,0.0,0.0,-4.143205962633301,110
2025-05-24 18:00:00,DDPG,0.3628358536636997,0.0,0.0,0.42786178878999126,0.0,0.0,-4.283585366369969,110
2025-05-24 19:00:00,DDPG,0.3641757682973298,0.0,0.0,0.47252560991099274,0.0,0.0,-4.417576829732978,110
2025-05-24 20:00:00,DDPG,0.3626561914675968,0.0,0.0,0.4218730489198933,0.0,0.0,-4.265619146759681,110
2025-05-24 21:00:00,DDPG,0.3613140723208371,0.0,0.0,0.37713574402790473,0.0,0.0,-4.131407232083712,110
2025-05-24 22:00:00,DDPG,0.3601061650887534,0.0,0.0,0.3368721696251143,0.0,0.0,-4.0106165088753425,110
2025-05-24 23:00:00,DDPG,0.3590445485798781,0.0,0.0,0.3014849526626037,0.0,0.0,-3.90445485798781,110
2025-05-25 00:00:00,DDPG,0.3580890937218903,0.0,0.0,0.2696364573963436,0.0,0.0,-3.808909372189029,110
2025-05-25 01:00:00,DDPG,0.3572546843497013,0.0,0.0,0.2418228116567093,0.0,0.0,-3.7254684349701304,110
2025-05-25 02:00:00,DDPG,0.3565292159147312,0.0,0.0,0.21764053049103893,0.0,0.0,-3.6529215914731186,110
2025-05-25 03:00:00,DDPG,0.35587629432325807,0.0,0.0,0.19587647744193504,-1.4210854715202004e-14,0.0,-3.587629432325806,110
2025-05-25 04:00:00,DDPG,0.35733766489093227,0.0,0.0,0.24458882969774295,0.0,0.0,-3.7337664890932265,110
2025-05-25 05:00:00,DDPG,0.356827398401839,0.0,0.0,0.22757994672796827,0.0,0.0,-3.6827398401839018,110
2025-05-25 06:00:00,DDPG,0.3563681585616551,0.0,0.0,0.21227195205517121,0.0,0.0,-3.6368158561655095,110
2025-05-25 07:00:00,DDPG,0.35640184270548964,0.0,0.0,0.2133947568496538,0.0,0.0,-3.6401842705489624,110
2025-05-25 08:00:00,DDPG,0.3551751584349407,0.0,0.0,0.172505281164689,0.0,0.0,-3.517515843494068,110
2025-05-25 09:00:00,DDPG,0.3536631425914466,0.0,0.0,0.12210475304821955,0.0,0.0,-3.3663142591446595,110
2025-05-25 10:00:00,DDPG,0.35199632833230193,0.0,0.0,0.06654427774339809,0.0,0.0,-3.1996328332301927,110
2025-05-25 11:00:00,DDPG,0.35026669549907175,0.0,0.0,0.008889849969057196,0.0,0.0,-3.026669549907174,110
2025-05-25 12:00:00,DDPG,0.34842502883240506,0.0,0.0,0.0,0.0,0.0,-2.8425028832405053,110
2025-05-25 13:00:00,DDPG,0.3469166954990717,0.0,0.0,0.0,0.0,0.0,-2.6916695499071714,110
2025-05-25 14:00:00,DDPG,0.3453583621657384,0.0,0.0,0.0,0.0,0.0,-2.5358362165738395,110
2025-05-25 15:00:00,DDPG,0.3440833621657384,0.0,0.0,0.0,0.0,0.0,-2.408336216573842,110
2025-05-25 16:00:00,DDPG,0.3434533621657384,0.0,0.0,0.0,0.0,0.0,-2.3453362165738403,110
2025-05-25 17:00:00,DDPG,0.34297169549907175,0.0,0.0,0.0,0.0,0.0,-2.2971695499071743,110
2025-05-25 18:00:00,DDPG,0.3428866954990718,0.0,0.0,0.0,0.0,0.0,-2.28866954990718,110
2025-05-25 19:00:00,DDPG,0.34285836216573845,0.0,0.0,0.0,0.0,0.0,-2.285836216573845,110
2025-05-25 20:00:00,DDPG,0.3427733621657385,0.0,0.0,0.0,0.0,0.0,-2.2773362165738495,110
2025-05-25 21:00:00,DDPG,0.3426883621657385,0.0,0.0,0.0,0.0,0.0,-2.26883621657385,110
2025-05-25 22:00:00,DDPG,0.3426033621657385,0.0,0.0,0.0,0.0,0.0,-2.260336216573849,110
2025-05-25 23:00:00,DDPG,0.34254669549907185,0.0,0.0,0.0,0.0,0.0,-2.2546695499071845,110
2025-05-26 00:00:00,DDPG,0.3424900288324052,0.0,0.0,0.0,0.0,0.0,-2.24900288324052,110
2025-05-26 01:00:00,DDPG,0.3437383621657386,0.0,0.0,0.0,0.0,0.0,-2.37383621657386,110
2025-05-26 02:00:00,DDPG,0.34498669549907196,0.0,0.0,0.0,0.0,0.0,-2.498669549907195,110
2025-05-26 03:00:00,DDPG,0.35171152594916477,0.0,0.0,0.05705086497215888,0.0,0.0,-3.1711525949164763,110
2025-05-26 04:00:00,DDPG,0.3541638733542483,0.0,0.0,0.1387957784749446,0.0,0.0,-3.4163873354248313,110
2025-05-26 05:00:00,DDPG,0.35727098601882357,0.0,0.0,0.24236620062745118,-1.4210854715202004e-14,0.0,-3.727098601882356,110
2025-05-26 06:00:00,DDPG,0.3567418874169412,0.0,0.0,0.2247295805647056,0.0,0.0,-3.6741887416941177,110
2025-05-26 07:00:00,DDPG,0.3558126986752471,0.0,0.0,0.1937566225082364,0.0,0.0,-3.5812698675247114,110
2025-05-26 08:00:00,DDPG,0.3545684288077224,0.0,0.0,0.1522809602574128,0.0,0.0,-3.4568428807722373,110
2025-05-26 09:00:00,DDPG,0.3531170859269501,0.0,0.0,0.10390286423167083,0.0,0.0,-3.3117085926950116,110
2025-05-26 10:00:00,DDPG,0.3515558773342551,0.0,0.0,0.05186257780850383,0.0,0.0,-3.1555877334255076,110
2025-05-26 11:00:00,DDPG,0.3499408773342551,0.0,0.0,0.0,0.0,0.0,-2.99408773342551,110
2025-05-26 12:00:00,DDPG,0.34807087733425507,0.0,0.0,0.0,0.0,0.0,-2.807087733425506,110
2025-05-26 13:00:00,DDPG,0.3462575440009218,0.0,0.0,0.0,0.0,0.0,-2.6257544000921786,110
2025-05-26 14:00:00,DDPG,0.3446992106675884,0.0,0.0,0.0,0.0,0.0,-2.4699210667588396,110
2025-05-26 15:00:00,DDPG,0.3433958773342551,0.0,0.0,0.0,0.0,0.0,-2.3395877334255077,110
2025-05-26 16:00:00,DDPG,0.3430992106675884,0.0,0.0,0.0,0.0,0.0,-2.3099210667588412,110
2025-05-26 17:00:00,DDPG,0.3428942106675884,0.0,0.0,0.0,0.0,0.0,-2.28942106675884,110
2025-05-26 18:00:00,DDPG,0.34266754400092175,0.0,0.0,0.0,0.0,0.0,-2.266754400092175,110
2025-05-26 19:00:00,DDPG,0.3425542106675884,0.0,0.0,0.0,0.0,0.0,-2.2554210667588395,110
2025-05-26 20:00:00,DDPG,0.3424125440009217,0.0,0.0,0.0,0.0,0.0,-2.241254400092169,110
2025-05-26 21:00:00,DDPG,0.3423275440009217,0.0,0.0,0.0,0.0,0.0,-2.232754400092168,110
2025-05-26 22:00:00,DDPG,0.34221421066758834,0.0,0.0,0.0,0.0,0.0,-2.2214210667588326,110
2025-05-26 23:00:00,DDPG,0.3421292106675884,0.0,0.0,0.0,0.0,0.0,-2.212921066758838,110
2025-05-27 00:00:00,DDPG,0.34210087733425504,0.0,0.0,0.0,0.0,0.0,-2.210087733425503,110
2025-05-27 01:00:00,DDPG,0.34210087733425504,0.0,0.0,0.0,0.0,0.0,-2.210087733425503,110
2025-05-27 02:00:00,DDPG,0.34210087733425504,0.0,0.0,0.0,0.0,0.0,-2.210087733425503,110
2025-05-27 03:00:00,DDPG,0.34210087733425504,0.0,0.0,0.0,0.0,0.0,-2.210087733425503,110
2025-05-27 04:00:00,DDPG,0.34207254400092174,0.0,0.0,0.0,0.0,0.0,-2.2072544000921734,110
2025-05-27 05:00:00,DDPG,0.3420442106675884,0.0,0.0,0.0,0.0,0.0,-2.2044210667588384,110
2025-05-27 06:00:00,DDPG,0.34198754400092174,0.0,0.0,0.0,0.0,0.0,-2.1987544000921737,110
2025-05-27 07:00:00,DDPG,0.3416758773342551,0.0,0.0,0.0,0.0,0.0,-2.167587733425508,110
2025-05-27 08:00:00,DDPG,0.34091087733425507,0.0,0.0,0.0,0.0,0.0,-2.091087733425506,110
2025-05-27 09:00:00,DDPG,0.3397492106675884,0.0,0.0,0.0,0.0,0.0,-1.974921066758839,110
2025-05-27 10:00:00,DDPG,0.3381625440009217,0.0,0.0,0.0,0.0,0.0,-1.8162544000921708,110
2025-05-27 11:00:00,DDPG,0.3363208773342551,0.0,0.0,0.0,0.0,0.0,-1.6320877334255082,110
2025-05-27 12:00:00,DDPG,0.33436587733425505,0.0,0.0,0.0,0.0,0.0,-1.4365877334255037,110
2025-05-27 13:00:00,DDPG,0.3325242106675884,0.0,0.0,0.0,0.0,0.0,-1.2524210667588411,110
2025-05-27 14:00:00,DDPG,0.3308242106675884,0.0,0.0,0.0,0.0,0.0,-1.0824210667588376,110
2025-05-27 15:00:00,DDPG,0.32940754400092176,0.0,0.0,0.0,0.0,0.0,-0.9407544000921755,110
2025-05-27 16:00:00,DDPG,0.32850087733425504,0.0,0.0,0.0,0.0,0.0,-0.8500877334255028,110
2025-05-27 17:00:00,DDPG,0.327990877334255,0.0,0.0,0.0,0.0,0.0,-0.7990877334255018,110
2025-05-27 18:00:00,DDPG,0.327820877334255,0.0,0.0,0.0,0.0,0.0,-0.7820877334255014,110
2025-05-27 19:00:00,DDPG,0.3277358773342551,0.0,0.0,0.0,0.0,0.0,-0.773587733425507,110
2025-05-27 20:00:00,DDPG,0.3275375440009217,0.0,0.0,0.0,0.0,0.0,-0.7537544000921717,110
2025-05-27 21:00:00,DDPG,0.32731087733425507,0.0,0.0,0.0,0.0,0.0,-0.7310877334255061,110
2025-05-27 22:00:00,DDPG,0.32705587733425506,0.0,0.0,0.0,0.0,0.0,-0.7055877334255056,110
2025-05-27 23:00:00,DDPG,0.32677254400092176,0.0,0.0,0.0,0.0,0.0,-0.6772544000921754,110
2025-05-28 00:00:00,DDPG,0.32682254400092176,0.0,0.0,0.0,0.0,0.0,-0.6822544000921749,110
2025-05-28 01:00:00,DDPG,0.32687254400092175,0.0,0.0,0.0,0.0,0.0,-0.6872544000921743,110
2025-05-28 02:00:00,DDPG,0.32667421066758845,0.0,0.0,0.0,0.0,0.0,-0.6674210667588443,110
2025-05-28 03:00:00,DDPG,0.32653254400092174,0.0,0.0,0.0,0.0,0.0,-0.6532544000921736,110
2025-05-28 04:00:00,DDPG,0.32772421066758844,0.0,0.0,0.0,0.0,0.0,-0.7724210667588438,110
2025-05-28 05:00:00,DDPG,0.32758254400092174,0.0,0.0,0.0,0.0,0.0,-0.7582544000921732,110
2025-05-28 06:00:00,DDPG,0.32741254400092173,0.0,0.0,0.0,0.0,0.0,-0.7412544000921728,110
2025-05-28 07:00:00,DDPG,0.3270442106675884,0.0,0.0,0.0,0.0,0.0,-0.7044210667588366,110
2025-05-28 08:00:00,DDPG,0.3273642106675884,0.0,0.0,0.0,0.0,0.0,-0.7364210667588411,110
2025-05-28 09:00:00,DDPG,0.32976254400092175,0.0,0.0,0.0,0.0,0.0,-0.9762544000921745,110
2025-05-28 10:00:00,DDPG,0.32985587733425503,0.0,0.0,0.0,0.0,0.0,-0.9855877334255023,110
2025-05-28 11:00:00,DDPG,0.3294175440009217,0.0,0.0,0.0,0.0,0.0,-0.9417544000921705,110
2025-05-28 12:00:00,DDPG,0.32918421066758835,0.0,0.0,0.0,0.0,0.0,-0.9184210667588344,110
2025-05-28 13:00:00,DDPG,0.32916421066758833,0.0,0.0,0.0,0.0,0.0,-0.9164210667588324,110
2025-05-28 14:00:00,DDPG,0.33020754400092167,0.0,0.0,0.0,0.0,0.0,-1.0207544000921667,110
2025-05-28 15:00:00,DDPG,0.33144921066758837,0.0,0.0,0.0,0.0,0.0,-1.1449210667588359,110
2025-05-28 16:00:00,DDPG,0.33238587733425506,0.0,0.0,0.0,0.0,0.0,-1.238587733425506,110
2025-05-28 17:00:00,DDPG,0.33315921066758836,0.0,0.0,0.0,0.0,0.0,-1.3159210667588352,110
2025-05-28 18:00:00,DDPG,0.3337125440009217,0.0,0.0,0.0,0.0,0.0,-1.37125440009217,110
2025-05-28 19:00:00,DDPG,0.3340175440009217,0.0,0.0,0.0,0.0,0.0,-1.40175440009217,110
2025-05-28 20:00:00,DDPG,0.335655877334255,0.0,0.0,0.0,0.0,0.0,-1.5655877334254997,110
2025-05-28 21:00:00,DDPG,0.33626587733425506,0.0,0.0,0.0,0.0,0.0,-1.626587733425505,110
2025-05-28 22:00:00,DDPG,0.3362092106675884,0.0,0.0,0.0,0.0,0.0,-1.6209210667588403,110
2025-05-28 23:00:00,DDPG,0.3361242106675884,0.0,0.0,0.0,0.0,0.0,-1.6124210667588401,110
2025-05-29 00:00:00,DDPG,0.33601087733425505,0.0,0.0,0.0,0.0,0.0,-1.601087733425505,110
2025-05-29 01:00:00,DDPG,0.33584087733425505,0.0,0.0,0.0,0.0,0.0,-1.5840877334255046,110
2025-05-29 02:00:00,DDPG,0.33567087733425505,0.0,0.0,0.0,0.0,0.0,-1.5670877334255042,110
2025-05-29 03:00:00,DDPG,0.33583421066758834,0.0,0.0,0.0,0.0,0.0,-1.5834210667588335,110
2025-05-29 04:00:00,DDPG,0.33563587733425504,0.0,0.0,0.0,0.0,0.0,-1.5635877334255035,110
2025-05-29 05:00:00,DDPG,0.3354375440009217,0.0,0.0,0.0,0.0,0.0,-1.5437544000921677,110
2025-05-29 06:00:00,DDPG,0.33521087733425503,0.0,0.0,0.0,0.0,0.0,-1.5210877334255022,110
2025-05-29 07:00:00,DDPG,0.3355092106675884,0.0,0.0,0.0,0.0,0.0,-1.550921066758837,110
2025-05-29 08:00:00,DDPG,0.3495025440009217,0.0,0.0,0.0,0.0,0.0,-2.9502544000921667,110
2025-05-29 09:00:00,DDPG,0.35314628960082944,0.0,0.0,0.10487632002764968,1.4210854715202004e-14,0.0,-3.3146289600829437,110
2025-05-29 10:00:00,DDPG,0.35757466064074656,0.0,0.0,0.25248868802488433,0.0,0.0,-3.757466064074655,110
2025-05-29 11:00:00,DDPG,0.3600091945766719,0.0,0.0,0.33363981922239677,0.0,0.0,-4.00091945766719,110
2025-05-29 12:00:00,DDPG,0.3630747751190047,0.0,0.0,0.43582583730015756,0.0,0.0,-4.307477511900471,110
2025-05-29 13:00:00,DDPG,0.36465929760710425,0.0,0.0,0.4886432535701417,0.0,0.0,-4.4659297607104245,110
2025-05-29 14:00:00,DDPG,0.36663436784639375,0.0,0.0,0.5544789282131263,0.0,0.0,-4.663436784639375,110
2025-05-29 15:00:00,DDPG,0.3693884310617544,0.0,0.0,0.646281035391813,0.0,0.0,-4.9388431061754385,110
2025-05-29 16:00:00,DDPG,0.368241587955579,0.0,0.0,0.6080529318526331,1.4210854715202004e-14,0.0,-4.8241587955578975,110
2025-05-29 17:00:00,DDPG,0.36673692916002104,0.0,0.0,0.5578976386673687,0.0,0.0,-4.6736929160021035,110
2025-05-29 18:00:00,DDPG,0.36598273624401895,0.0,0.0,0.5327578748006317,0.0,0.0,-4.5982736244018945,110
2025-05-29 19:00:00,DDPG,0.36478046261961705,0.0,0.0,0.4926820873205685,0.0,0.0,-4.478046261961705,110
2025-05-29 20:00:00,DDPG,0.36339841635765535,0.0,0.0,0.44661387858851076,0.0,0.0,-4.339841635765534,110
2025-05-29 21:00:00,DDPG,0.3640310747218898,0.0,0.0,0.46770249072965986,0.0,0.0,-4.403107472188977,110
2025-05-29 22:00:00,DDPG,0.3631004672497008,0.0,0.0,0.43668224165669334,0.0,0.0,-4.310046724970079,110
2025-05-29 23:00:00,DDPG,0.3631629205247307,0.0,0.0,0.4387640174910232,0.0,0.0,-4.31629205247307,110
2025-05-30 00:00:00,DDPG,0.3647191284722576,0.0,0.0,0.49063761574192033,0.0,0.0,-4.471912847225762,110
2025-05-30 01:00:00,DDPG,0.36374521562503187,0.0,0.0,0.45817385416772827,0.0,0.0,-4.374521562503187,110
2025-05-30 02:00:00,DDPG,0.3625686940625287,0.0,0.0,0.41895646875095455,0.0,0.0,-4.256869406252867,110
2025-05-30 03:00:00,DDPG,0.3711353246562758,0.0,0.0,0.70451082187586,0.0,0.0,-5.113532465627579,110
2025-05-30 04:00:00,DDPG,0.3746197921906482,0.0,0.0,0.8206597396882742,0.0,0.0,-5.461979219064822,110
2025-05-30 05:00:00,DDPG,0.37508131297158337,0.0,0.0,0.8360437657194467,0.0,0.0,-5.508131297158336,110
2025-05-30 06:00:00,DDPG,0.372720181674425,0.0,0.0,0.7573393891475008,0.0,0.0,-5.272018167442499,110
2025-05-30 07:00:00,DDPG,0.3701421635069825,0.0,0.0,0.67140545023275,0.0,0.0,-5.014216350698248,110
2025-05-30 08:00:00,DDPG,0.3674904471562842,0.0,0.0,0.583014905209474,1.4210854715202004e-14,0.0,-4.74904471562842,110
2025-05-30 09:00:00,DDPG,0.3647979024406558,0.0,0.0,0.49326341468852636,0.0,0.0,-4.479790244065579,110
2025-05-30 10:00:00,DDPG,0.3620941121965902,0.0,0.0,0.40313707321967346,0.0,0.0,-4.209411219659021,110
2025-05-30 11:00:00,DDPG,0.36075870097693125,0.0,0.0,0.35862336589770794,0.0,0.0,-4.075870097693124,110
2025-05-30 12:00:00,DDPG,0.35898233087923814,0.0,0.0,0.29941102930793734,0.0,0.0,-3.8982330879238134,110
2025-05-30 13:00:00,DDPG,0.3567070977913143,0.0,0.0,0.2235699263771437,0.0,0.0,-3.670709779131432,110
2025-05-30 14:00:00,DDPG,0.3575633880121829,0.0,0.0,0.25211293373942995,0.0,0.0,-3.7563388012182894,110
2025-05-30 15:00:00,DDPG,0.3595655492109646,0.0,0.0,0.3188516403654873,0.0,0.0,-3.956554921096461,110
2025-05-30 16:00:00,DDPG,0.35839899428986816,0.0,0.0,0.27996647632893856,0.0,0.0,-3.839899428986815,110
2025-05-30 17:00:00,DDPG,0.3710785948608813,0.0,0.0,0.7026198286960437,0.0,0.0,-5.107859486088129,110
2025-05-30 18:00:00,DDPG,0.3699922353747932,0.0,0.0,0.66640784582644,0.0,0.0,-4.9992235374793195,110
2025-05-30 19:00:00,DDPG,0.36849101183731386,0.0,0.0,0.6163670612437955,0.0,0.0,-4.849101183731386,110
2025-05-30 20:00:00,DDPG,0.3836144106535825,0.0,0.0,1.120480355119416,0.0,0.0,-6.361441065358248,110
2025-05-30 21:00:00,DDPG,0.3890744695882242,0.0,0.0,1.302482319607475,0.0,0.0,-6.9074469588224225,110
2025-05-30 22:00:00,DDPG,0.3948375226294018,0.0,0.0,1.4945840876467273,0.0,0.0,-7.483752262940179,110
2025-05-30 23:00:00,DDPG,0.39879877036646166,0.0,0.0,1.6266256788820557,0.0,0.0,-7.879877036646166,110
2025-05-31 00:00:00,DDPG,0.3938873933298155,0.0,0.0,1.46291311099385,0.0,0.0,-7.388739332981547,110
2025-05-31 01:00:00,DDPG,0.38916715399683394,0.0,0.0,1.3055717998944645,0.0,0.0,-6.916715399683394,110
2025-05-31 02:00:00,DDPG,0.3849954385971506,0.0,0.0,1.1665146199050185,0.0,0.0,-6.499543859715057,110
2025-05-31 03:00:00,DDPG,0.3812918947374355,0.0,0.0,1.043063157914517,0.0,0.0,-6.129189473743551,110
2025-05-31 04:00:00,DDPG,0.37795870526369196,0.0,0.0,0.9319568421230656,0.0,0.0,-5.795870526369196,110
2025-05-31 05:00:00,DDPG,0.37493333473732277,0.0,0.0,0.831111157910759,0.0,0.0,-5.493333473732276,110
2025-05-31 06:00:00,DDPG,0.3721340012635905,0.0,0.0,0.7378000421196831,0.0,0.0,-5.213400126359047,110
2025-05-31 07:00:00,DDPG,0.36951260113723144,0.0,0.0,0.6504200379077147,1.4210854715202004e-14,0.0,-4.951260113723144,110
2025-05-31 08:00:00,DDPG,0.3667963410235083,0.0,0.0,0.559878034116943,0.0,0.0,-4.6796341023508266,110
2025-05-31 09:00:00,DDPG,0.36419870692115747,0.0,0.0,0.47329023070524845,0.0,0.0,-4.419870692115746,110
2025-05-31 10:00:00,DDPG,0.3614273362290417,0.0,0.0,0.38091120763472336,0.0,0.0,-4.142733622904171,110
2025-05-31 11:00:00,DDPG,0.3587801026061375,0.0,0.0,0.29267008687125157,0.0,0.0,-3.8780102606137508,110
2025-05-31 12:00:00,DDPG,0.3563975923455238,0.0,0.0,0.21325307818412684,0.0,0.0,-3.639759234552381,110
2025-05-31 13:00:00,DDPG,0.35422783311097145,0.0,0.0,0.1409277703657139,0.0,0.0,-3.4227833110971435,110
2025-05-31 14:00:00,DDPG,0.3524025497998743,0.0,0.0,0.08008499332914312,0.0,0.0,-3.2402549799874283,110
2025-05-31 15:00:00,DDPG,0.35106579481988687,0.0,0.0,0.03552649399622965,0.0,0.0,-3.1065794819886863,110
2025-05-31 16:00:00,DDPG,0.35016871533789823,0.0,0.0,0.005623844596607342,0.0,0.0,-3.016871533789822,110
2025-05-31 17:00:00,DDPG,0.3496020486712315,0.0,0.0,0.0,0.0,0.0,-2.960204867123151,110
2025-05-31 18:00:00,DDPG,0.3493187153378982,0.0,0.0,0.0,0.0,0.0,-2.9318715337898205,110
2025-05-31 19:00:00,DDPG,0.3491487153378982,0.0,0.0,0.0,0.0,0.0,-2.91487153378982,110
2025-05-31 20:00:00,DDPG,0.3489787153378982,0.0,0.0,0.0,0.0,0.0,-2.8978715337898198,110
2025-05-31 21:00:00,DDPG,0.3488370486712315,0.0,0.0,0.0,0.0,0.0,-2.883704867123149,110
2025-05-31 22:00:00,DDPG,0.34869538200456485,0.0,0.0,0.0,0.0,0.0,-2.869538200456484,110
2025-05-31 23:00:00,DDPG,0.34855371533789814,0.0,0.0,0.0,0.0,0.0,-2.855371533789813,110
2025-06-01 00:00:00,DDPG,0.3484120486712315,0.0,0.0,0.0,0.0,0.0,-2.841204867123148,110
2025-06-01 01:00:00,DDPG,0.3482420486712315,0.0,0.0,0.0,0.0,0.0,-2.8242048671231483,110
2025-06-01 02:00:00,DDPG,0.3480720486712315,0.0,0.0,0.0,0.0,0.0,-2.807204867123147,110
2025-06-01 03:00:00,DDPG,0.3479020486712315,0.0,0.0,0.0,0.0,0.0,-2.7902048671231476,110
2025-06-01 04:00:00,DDPG,0.3477320486712315,0.0,0.0,0.0,0.0,0.0,-2.7732048671231464,110
2025-06-01 05:00:00,DDPG,0.3475337153378981,0.0,0.0,0.0,0.0,0.0,-2.753371533789811,110
2025-06-01 06:00:00,DDPG,0.34730704867123147,0.0,0.0,0.0,0.0,0.0,-2.730704867123146,110
2025-06-01 07:00:00,DDPG,0.3469103820045648,0.0,0.0,0.0,0.0,0.0,-2.6910382004564806,110
2025-06-01 08:00:00,DDPG,0.3464003820045648,0.0,0.0,0.0,0.0,0.0,-2.6400382004564795,110
2025-06-01 09:00:00,DDPG,0.3452103820045648,0.0,0.0,0.0,0.0,0.0,-2.521038200456477,110
2025-06-01 10:00:00,DDPG,0.34373704867123145,0.0,0.0,0.0,0.0,0.0,-2.373704867123144,110
2025-06-01 11:00:00,DDPG,0.34203704867123147,0.0,0.0,0.0,0.0,0.0,-2.2037048671231467,110
2025-06-01 12:00:00,DDPG,0.34025204867123143,0.0,0.0,0.0,0.0,0.0,-2.0252048671231426,110
2025-06-01 13:00:00,DDPG,0.33855204867123145,0.0,0.0,0.0,0.0,0.0,-1.8552048671231445,110
2025-06-01 14:00:00,DDPG,0.3369937153378981,0.0,0.0,0.0,0.0,0.0,-1.6993715337898117,110
2025-06-01 15:00:00,DDPG,0.33566204867123145,0.0,0.0,0.0,0.0,0.0,-1.5662048671231443,110
2025-06-01 16:00:00,DDPG,0.33461371533789813,0.0,0.0,0.0,0.0,0.0,-1.4613715337898125,110
2025-06-01 17:00:00,DDPG,0.3339337153378981,0.0,0.0,0.0,0.0,0.0,-1.3933715337898112,110
2025-06-01 18:00:00,DDPG,0.33350871533789817,0.0,0.0,0.0,0.0,0.0,-1.3508715337898156,110
2025-06-01 19:00:00,DDPG,0.33319704867123145,0.0,0.0,0.0,0.0,0.0,-1.3197048671231446,110
2025-06-01 20:00:00,DDPG,0.33291371533789815,0.0,0.0,0.0,0.0,0.0,-1.2913715337898148,110
2025-06-01 21:00:00,DDPG,0.33263038200456485,0.0,0.0,0.0,0.0,0.0,-1.2630382004564842,110
2025-06-01 22:00:00,DDPG,0.3323470486712315,0.0,0.0,0.0,0.0,0.0,-1.2347048671231486,110
2025-06-01 23:00:00,DDPG,0.3320637153378982,0.0,0.0,0.0,0.0,0.0,-1.2063715337898184,110
2025-06-02 00:00:00,DDPG,0.3317237153378982,0.0,0.0,0.0,0.0,0.0,-1.1723715337898177,110
2025-06-02 01:00:00,DDPG,0.33141204867123153,0.0,0.0,0.0,0.0,0.0,-1.141204867123152,110
2025-06-02 02:00:00,DDPG,0.33112871533789817,0.0,0.0,0.0,0.0,0.0,-1.1128715337898165,110
2025-06-02 03:00:00,DDPG,0.33187371533789817,0.0,0.0,0.0,0.0,0.0,-1.187371533789816,110
2025-06-02 04:00:00,DDPG,0.3340087153378982,0.0,0.0,0.0,0.0,0.0,-1.4008715337898217,110
2025-06-02 05:00:00,DDPG,0.33411538200456486,0.0,0.0,0.0,0.0,0.0,-1.4115382004564858,110
2025-06-02 06:00:00,DDPG,0.33383204867123156,0.0,0.0,0.0,0.0,0.0,-1.3832048671231556,110
2025-06-02 07:00:00,DDPG,0.3343787153378982,0.0,0.0,0.0,0.0,0.0,-1.4378715337898198,110
2025-06-02 08:00:00,DDPG,0.33439371533789825,0.0,0.0,0.0,0.0,0.0,-1.4393715337898239,110
2025-06-02 09:00:00,DDPG,0.3333453820045649,0.0,0.0,0.0,0.0,0.0,-1.334538200456492,110
2025-06-02 10:00:00,DDPG,0.3319570486712316,0.0,0.0,0.0,0.0,0.0,-1.1957048671231596,110
2025-06-02 11:00:00,DDPG,0.3303987153378983,0.0,0.0,0.0,0.0,0.0,-1.0398715337898268,110
2025-06-02 12:00:00,DDPG,0.32875538200456494,0.0,0.0,0.0,0.0,0.0,-0.8755382004564938,110
2025-06-02 13:00:00,DDPG,0.3272253820045649,0.0,0.0,0.0,0.0,0.0,-0.7225382004564906,110
2025-06-02 14:00:00,DDPG,0.32578038200456494,0.0,0.0,0.0,0.0,0.0,-0.5780382004564935,110
2025-06-02 15:00:00,DDPG,0.3245337153378983,0.0,0.0,0.0,0.0,0.0,-0.45337153378983164,110
2025-06-02 16:00:00,DDPG,0.3235987153378983,0.0,0.0,0.0,0.0,0.0,-0.3598715337898293,110
2025-06-02 17:00:00,DDPG,0.3230320486712316,0.0,0.0,0.0,0.0,0.0,-0.3032048671231582,110
2025-06-02 18:00:00,DDPG,0.3227487153378983,0.0,0.0,0.0,0.0,0.0,-0.27487153378982754,110
2025-06-02 19:00:00,DDPG,0.322550382004565,0.0,0.0,0.0,0.0,0.0,-0.2550382004564975,110
2025-06-02 20:00:00,DDPG,0.32235204867123163,0.0,0.0,0.0,0.0,0.0,-0.23520486712316213,110
2025-06-02 21:00:00,DDPG,0.322125382004565,0.0,0.0,0.0,0.0,0.0,-0.21253820045649707,110
2025-06-02 22:00:00,DDPG,0.3218987153378983,0.0,0.0,0.0,0.0,0.0,-0.18987153378983157,110
2025-06-02 23:00:00,DDPG,0.3216437153378983,0.0,0.0,0.0,0.0,0.0,-0.16437153378983105,110
2025-06-03 00:00:00,DDPG,0.32138871533789837,0.0,0.0,0.0,0.0,0.0,-0.1388715337898363,110
2025-06-03 01:00:00,DDPG,0.32113371533789836,0.0,0.0,0.0,0.0,0.0,-0.11337153378983533,110
2025-06-03 02:00:00,DDPG,0.32087871533789836,0.0,0.0,0.0,0.0,0.0,-0.08787153378983525,110
2025-06-03 03:00:00,DDPG,0.3206237153378984,0.0,0.0,0.0,0.0,0.0,-0.06237153378984006,110
2025-06-03 04:00:00,DDPG,0.3203687153378984,0.0,0.0,0.0,0.0,0.0,-0.03687153378983954,110
2025-06-03 05:00:00,DDPG,0.3200853820045651,0.0,0.0,0.0,0.0,0.0,-0.008538200456509326,110
2025-06-03 06:00:00,DDPG,0.3201070486712317,0.0,0.0,0.0,0.0,0.0,-0.010704867123167983,110
2025-06-03 07:00:00,DDPG,0.32098704867123173,0.0,0.0,0.0,0.0,0.0,-0.09870486712317295,110
2025-06-03 08:00:00,DDPG,0.3204987153378984,0.0,0.0,0.0,0.0,0.0,-0.049871533789841216,110
2025-06-03 09:00:00,DDPG,0.32033704867123175,0.0,0.0,0.0,0.0,0.0,-0.03370486712317433,110
2025-06-03 10:00:00,DDPG,0.319005382004565,0.0,0.0,0.0,0.0,0.0,2.0,110
2025-06-03 11:00:00,DDPG,0.31739038200456504,0.0,0.0,0.0,0.0,0.0,2.0,110
2025-06-03 12:00:00,DDPG,0.31602371533789836,0.0,0.0,0.0,0.0,0.0,2.0,110
2025-06-03 13:00:00,DDPG,0.31518871533789833,0.0,0.0,0.0,0.0,0.0,2.0,110
2025-06-03 14:00:00,DDPG,0.31407704867123165,0.0,0.0,0.0,0.0,0.0,2.0,110
2025-06-03 15:00:00,DDPG,0.3143620486712317,0.0,0.0,0.0,0.0,0.0,2.0,110
2025-06-03 16:00:00,DDPG,0.3144837153378984,0.0,0.0,0.0,0.0,0.0,2.0,110
2025-06-03 17:00:00,DDPG,0.31394538200456507,0.0,0.0,0.0,0.0,0.0,2.0,110
2025-06-03 18:00:00,DDPG,0.3136620486712317,0.0,0.0,0.0,0.0,0.0,2.0,110
2025-06-03 19:00:00,DDPG,0.3134637153378984,0.0,0.0,0.0,0.0,0.0,2.0,110
2025-06-03 20:00:00,DDPG,0.3132937153378984,0.0,0.0,0.0,0.0,0.0,2.0,110
2025-06-03 21:00:00,DDPG,0.3131237153378984,0.0,0.0,0.0,0.0,0.0,2.0,110
2025-06-03 22:00:00,DDPG,0.31292538200456504,0.0,0.0,0.0,0.0,0.0,2.0,110
2025-06-03 23:00:00,DDPG,0.3126987153378984,0.0,0.0,0.0,0.0,0.0,2.0,110
2025-06-04 00:00:00,DDPG,0.31247204867123174,0.0,0.0,0.0,0.0,0.0,2.0,110
2025-06-04 01:00:00,DDPG,0.3122453820045651,0.0,0.0,0.0,0.0,0.0,2.0,110
2025-06-04 02:00:00,DDPG,0.312380382004565,0.0,0.0,0.0,0.0,0.0,2.0,110
2025-06-04 03:00:00,DDPG,0.312515382004565,0.0,0.0,0.0,0.0,0.0,2.0,110
2025-06-04 04:00:00,DDPG,0.3136787153378984,0.0,0.0,0.0,0.0,0.0,2.0,110
2025-06-04 05:00:00,DDPG,0.3134803820045651,0.0,0.0,0.0,0.0,0.0,2.0,110
2025-06-04 06:00:00,DDPG,0.31325371533789836,0.0,0.0,0.0,0.0,0.0,2.0,110
2025-06-04 07:00:00,DDPG,0.3128287153378984,0.0,0.0,0.0,0.0,0.0,2.0,110
2025-06-04 08:00:00,DDPG,0.31200704867123175,0.0,0.0,0.0,0.0,0.0,2.0,110
2025-06-04 09:00:00,DDPG,0.3108453820045651,0.0,0.0,0.0,0.0,0.0,2.0,110
2025-06-04 10:00:00,DDPG,0.3094287153378984,0.0,0.0,0.0,0.0,0.0,2.0,110
2025-06-04 11:00:00,DDPG,0.3084803820045651,0.0,0.0,0.0,0.0,0.0,2.0,110
2025-06-04 12:00:00,DDPG,0.3089787153378984,0.0,0.0,0.0,0.0,0.0,2.0,110
2025-06-04 13:00:00,DDPG,0.308150382004565,0.0,0.0,0.0,0.0,0.0,2.0,110
2025-06-04 14:00:00,DDPG,0.30737204867123175,0.0,0.0,0.0,0.0,0.0,2.0,110
2025-06-04 15:00:00,DDPG,0.3062103820045651,0.0,0.0,0.0,0.0,0.0,2.0,110
2025-06-04 16:00:00,DDPG,0.30527538200456505,0.0,0.0,0.0,0.0,0.0,2.0,110
2025-06-04 17:00:00,DDPG,0.3046237153378984,0.0,0.0,0.0,0.0,0.0,2.0,110
2025-06-04 18:00:00,DDPG,0.3042837153378984,0.0,0.0,0.0,0.0,0.0,2.0,110
2025-06-04 19:00:00,DDPG,0.3046387153378984,0.0,0.0,0.0,0.0,0.0,2.0,110
2025-06-04 20:00:00,DDPG,0.3044120486712317,0.0,0.0,0.0,0.0,0.0,2.0,110
2025-06-04 21:00:00,DDPG,0.3041570486712317,0.0,0.0,0.0,0.0,0.0,2.0,110
2025-06-04 22:00:00,DDPG,0.3039020486712317,0.0,0.0,0.0,0.0,0.0,2.0,110
2025-06-04 23:00:00,DDPG,0.30364704867123177,0.0,0.0,0.0,0.0,0.0,2.0,110
2025-06-05 00:00:00,DDPG,0.30339204867123176,0.0,0.0,0.0,0.0,0.0,2.0,110
2025-06-05 01:00:00,DDPG,0.30310871533789846,0.0,0.0,0.0,0.0,0.0,2.0,110
2025-06-05 02:00:00,DDPG,0.30285371533789845,0.0,0.0,0.0,0.0,0.0,2.0,110
2025-06-05 03:00:00,DDPG,0.3039037153378985,0.0,0.0,0.0,0.0,0.0,2.0,110
2025-06-05 04:00:00,DDPG,0.3036203820045652,0.0,0.0,0.0,0.0,0.0,2.0,110
2025-06-05 05:00:00,DDPG,0.3033370486712319,0.0,0.0,0.0,0.0,0.0,2.0,110
2025-06-05 06:00:00,DDPG,0.3030253820045652,0.0,0.0,0.0,0.0,0.0,2.0,110
2025-06-05 07:00:00,DDPG,0.30248704867123183,0.0,0.0,0.0,0.0,0.0,2.0,110
2025-06-05 08:00:00,DDPG,0.30163704867123187,0.0,0.0,0.0,0.0,0.0,2.0,110
2025-06-05 09:00:00,DDPG,0.3004753820045652,0.0,0.0,0.0,0.0,0.0,2.0,110
2025-06-05 10:00:00,DDPG,0.29900204867123187,0.0,0.0,0.0,0.0,0.0,2.0,110
2025-06-05 11:00:00,DDPG,0.29733038200456524,0.0,0.0,0.0,0.0,0.0,2.0,110
2025-06-05 12:00:00,DDPG,0.2956020486712319,0.0,0.0,0.0,0.0,0.0,2.0,110
2025-06-05 13:00:00,DDPG,0.2940437153378986,0.0,0.0,0.0,0.0,0.0,2.0,110
2025-06-05 14:00:00,DDPG,0.2927120486712319,0.0,0.0,0.0,0.0,0.0,2.0,110
2025-06-05 15:00:00,DDPG,0.29155038200456523,0.0,0.0,0.0,0.0,0.0,2.0,110
2025-06-05 16:00:00,DDPG,0.29142371533789857,0.0,0.0,0.0,0.0,0.0,2.0,110
2025-06-05 17:00:00,DDPG,0.29097038200456526,0.0,0.0,0.0,0.0,0.0,2.0,110
2025-06-05 18:00:00,DDPG,0.2912970486712319,0.0,0.0,0.0,0.0,0.0,2.0,110
2025-06-05 19:00:00,DDPG,0.2910137153378986,0.0,0.0,0.0,0.0,0.0,2.0,110
2025-06-05 20:00:00,DDPG,0.2907587153378986,0.0,0.0,0.0,0.0,0.0,2.0,110
2025-06-05 21:00:00,DDPG,0.29053204867123195,0.0,0.0,0.0,0.0,0.0,2.0,110
2025-06-05 22:00:00,DDPG,0.2903337153378986,0.0,0.0,0.0,0.0,0.0,2.0,110
2025-06-05 23:00:00,DDPG,0.2901637153378986,0.0,0.0,0.0,0.0,0.0,2.0,110
2025-06-06 00:00:00,DDPG,0.28993704867123193,0.0,0.0,0.0,0.0,0.0,2.0,110
2025-06-06 01:00:00,DDPG,0.2907387153378986,0.0,0.0,0.0,0.0,0.0,2.0,110
2025-06-06 02:00:00,DDPG,0.2922353820045653,0.0,0.0,0.0,0.0,0.0,2.0,110
2025-06-06 03:00:00,DDPG,0.30612204867123194,0.0,0.0,0.0,0.0,0.0,2.0,110
2025-06-06 04:00:00,DDPG,0.30670371533789864,0.0,0.0,0.0,0.0,0.0,2.0,110
2025-06-06 05:00:00,DDPG,0.3068387153378986,0.0,0.0,0.0,0.0,0.0,2.0,110
2025-06-06 06:00:00,DDPG,0.31069704867123193,0.0,0.0,0.0,0.0,0.0,2.0,110
2025-06-06 07:00:00,DDPG,0.31610871533789864,0.0,0.0,0.0,0.0,0.0,2.0,110
2025-06-06 08:00:00,DDPG,0.3154287153378986,0.0,0.0,0.0,0.0,0.0,2.0,110
2025-06-06 09:00:00,DDPG,0.31540871533789866,0.0,0.0,0.0,0.0,0.0,2.0,110
2025-06-06 10:00:00,DDPG,0.3152753820045653,0.0,0.0,0.0,0.0,0.0,2.0,110
2025-06-06 11:00:00,DDPG,0.3138587153378986,0.0,0.0,0.0,0.0,0.0,2.0,110
2025-06-06 12:00:00,DDPG,0.313307048671232,0.0,0.0,0.0,0.0,0.0,2.0,110
2025-06-06 13:00:00,DDPG,0.31253538200456527,0.0,0.0,0.0,0.0,0.0,2.0,110
2025-06-06 14:00:00,DDPG,0.3115153820045653,0.0,0.0,0.0,0.0,0.0,2.0,110
2025-06-06 15:00:00,DDPG,0.31541704867123194,0.0,0.0,0.0,0.0,0.0,2.0,110
2025-06-06 16:00:00,DDPG,0.3242403820045653,0.0,0.0,0.0,0.0,0.0,-0.4240382004565282,110
2025-06-06 17:00:00,DDPG,0.32462371533789863,0.0,0.0,0.0,0.0,0.0,-0.4623715337898626,110
2025-06-06 18:00:00,DDPG,0.3251203820045653,0.0,0.0,0.0,0.0,0.0,-0.5120382004565274,110
2025-06-06 19:00:00,DDPG,0.3252837153378986,0.0,0.0,0.0,0.0,0.0,-0.528371533789862,110
2025-06-06 20:00:00,DDPG,0.3251137153378986,0.0,0.0,0.0,0.0,0.0,-0.5113715337898617,110
2025-06-06 21:00:00,DDPG,0.3248587153378986,0.0,0.0,0.0,0.0,0.0,-0.48587153378986114,110
2025-06-06 22:00:00,DDPG,0.32463204867123197,0.0,0.0,0.0,0.0,0.0,-0.46320486712319564,110
2025-06-06 23:00:00,DDPG,0.3244337153378986,0.0,0.0,0.0,0.0,0.0,-0.4433715337898603,110
2025-06-07 00:00:00,DDPG,0.32451204867123196,0.0,0.0,0.0,0.0,0.0,-0.4512048671231952,110
2025-06-07 01:00:00,DDPG,0.3242853820045653,0.0,0.0,0.0,0.0,0.0,-0.4285382004565297,110
2025-06-07 02:00:00,DDPG,0.3254203820045653,0.0,0.0,0.0,0.0,0.0,-0.5420382004565294,110
2025-06-07 03:00:00,DDPG,0.34061204867123196,0.0,0.0,0.0,0.0,0.0,-2.0612048671231955,110
2025-06-07 04:00:00,DDPG,0.34077538200456525,0.0,0.0,0.0,0.0,0.0,-2.077538200456525,110
2025-06-07 05:00:00,DDPG,0.3405770486712319,0.0,0.0,0.0,0.0,0.0,-2.0577048671231886,110
2025-06-07 06:00:00,DDPG,0.3406837153378986,0.0,0.0,0.0,0.0,0.0,-2.0683715337898594,110
2025-06-07 07:00:00,DDPG,0.3402870486712319,0.0,0.0,0.0,0.0,0.0,-2.0287048671231878,110
2025-06-07 08:00:00,DDPG,0.3395503820045652,0.0,0.0,0.0,0.0,0.0,-1.9550382004565217,110
2025-06-07 09:00:00,DDPG,0.3388070486712319,0.0,0.0,0.0,0.0,0.0,-1.8807048671231898,110
2025-06-07 10:00:00,DDPG,0.3376170486712319,0.0,0.0,0.0,0.0,0.0,-1.7617048671231874,110
2025-06-07 11:00:00,DDPG,0.33692371533789855,0.0,0.0,0.0,0.0,0.0,-1.6923715337898546,110
2025-06-07 12:00:00,DDPG,0.3367337153378986,0.0,0.0,0.0,0.0,0.0,-1.673371533789858,110
2025-06-07 13:00:00,DDPG,0.34637371533789857,0.0,0.0,0.0,0.0,0.0,-2.6373715337898567,110
2025-06-07 14:00:00,DDPG,0.34843871533789855,0.0,0.0,0.0,0.0,0.0,-2.843871533789855,110
2025-06-07 15:00:00,DDPG,0.34867371533789854,0.0,0.0,0.0,0.0,0.0,-2.8673715337898535,110
2025-06-07 16:00:00,DDPG,0.3520433438041087,0.0,0.0,0.06811146013695578,0.0,0.0,-3.2043343804108666,110
2025-06-07 17:00:00,DDPG,0.35178200942369775,0.0,0.0,0.05940031412325908,1.4210854715202004e-14,0.0,-3.1782009423697746,110
2025-06-07 18:00:00,DDPG,0.354048808481328,0.0,0.0,0.13496028271093366,0.0,0.0,-3.4048808481328017,110
2025-06-07 19:00:00,DDPG,0.3543654276331952,0.0,0.0,0.14551425443983987,0.0,0.0,-3.436542763319517,110
2025-06-07 20:00:00,DDPG,0.35377588486987566,0.0,0.0,0.12586282899585513,0.0,0.0,-3.377588486987565,110
2025-06-07 21:00:00,DDPG,0.3531942963828881,0.0,0.0,0.1064765460962704,0.0,0.0,-3.319429638288806,110
2025-06-07 22:00:00,DDPG,0.3526708667445993,0.0,0.0,0.08902889148664316,0.0,0.0,-3.2670866744599287,110
2025-06-07 23:00:00,DDPG,0.35217428007013934,0.0,0.0,0.07247600233797868,0.0,0.0,-3.2174280070139343,110
2025-06-08 00:00:00,DDPG,0.35172735206312544,0.0,0.0,0.05757840210418124,0.0,0.0,-3.1727352063125434,110
2025-06-08 01:00:00,DDPG,0.3513251168568129,0.0,0.0,0.044170561893763255,0.0,0.0,-3.1325116856812887,110
2025-06-08 02:00:00,DDPG,0.3509631051711316,0.0,0.0,0.032103505704387206,0.0,0.0,-3.09631051711316,110
2025-06-08 03:00:00,DDPG,0.3522137946540185,0.0,0.0,0.07379315513394857,0.0,0.0,-3.2213794654018466,110
2025-06-08 04:00:00,DDPG,0.35241391518861664,0.0,0.0,0.08046383962055473,0.0,0.0,-3.241391518861664,110
2025-06-08 05:00:00,DDPG,0.352294023669755,0.0,0.0,0.07646745565849927,0.0,0.0,-3.2294023669754974,110
2025-06-08 06:00:00,DDPG,0.3536606213027794,0.0,0.0,0.1220207100926487,0.0,0.0,-3.3660621302779417,110
2025-06-08 07:00:00,DDPG,0.35356305917250147,0.0,0.0,0.11876863908338323,0.0,0.0,-3.356305917250147,110
2025-06-08 08:00:00,DDPG,0.3538967532552514,0.0,0.0,0.12989177517504516,0.0,0.0,-3.389675325525138,110
2025-06-08 09:00:00,DDPG,0.35399907792972624,0.0,0.0,0.13330259765754135,0.0,0.0,-3.3999077929726234,110
2025-06-08 10:00:00,DDPG,0.3549656705837884,1.4901161193847656e-07,0.0,0.1655223527929479,0.0,0.0,-3.496567061359073,110
2025-06-08 11:00:00,DDPG,0.35387660352540956,0.0,0.0,0.12922011751365262,0.0,0.0,-3.3876603540310715,110
2025-06-08 12:00:00,DDPG,0.35229044317286856,0.0,0.0,0.07634810576228689,0.0,0.0,-3.2290443172868555,110
2025-06-08 13:00:00,DDPG,0.3515453988555817,0.0,0.0,0.0515132951860565,0.0,0.0,-3.1545398855581723,110
2025-06-08 14:00:00,DDPG,0.3517298589700235,0.0,0.0,0.057661965667450944,0.0,0.0,-3.1729858970023503,110
2025-06-08 15:00:00,DDPG,0.35132137307302114,0.0,0.0,0.044045769100705456,0.0,0.0,-3.132137307302113,110
2025-06-08 16:00:00,DDPG,0.35108123576571904,0.0,0.0,0.03604119219063478,0.0,0.0,-3.108123576571903,110
2025-06-08 17:00:00,DDPG,0.35064161218914713,0.0,0.0,0.02138707297157083,-1.4210854715202004e-14,0.0,-3.0641612189147125,110
2025-06-08 18:00:00,DDPG,0.35032245097023246,0.0,0.0,0.010748365674415084,0.0,0.0,-3.032245097023245,110
2025-06-08 19:00:00,DDPG,0.3500862058732092,0.0,0.0,0.0028735291069736492,0.0,0.0,-3.0086205873209204,110
2025-06-08 20:00:00,DDPG,0.34988787253987585,0.0,0.0,0.0,0.0,0.0,-2.988787253987585,110
2025-06-08 21:00:00,DDPG,0.34963287253987585,0.0,0.0,0.0,0.0,0.0,-2.963287253987584,110
2025-06-08 22:00:00,DDPG,0.3493778725398759,0.0,0.0,0.0,0.0,0.0,-2.9377872539875893,110
2025-06-08 23:00:00,DDPG,0.34915120587320925,0.0,0.0,0.0,0.0,0.0,-2.9151205873209243,110
2025-06-09 00:00:00,DDPG,0.3489528725398759,0.0,0.0,0.0,0.0,0.0,-2.895287253987588,110
2025-06-09 01:00:00,DDPG,0.34872620587320924,0.0,0.0,0.0,0.0,0.0,-2.872620587320923,110
2025-06-09 02:00:00,DDPG,0.3484995392065426,0.0,0.0,0.0,0.0,0.0,-2.849953920654258,110
2025-06-09 03:00:00,DDPG,0.34827287253987593,0.0,0.0,0.0,0.0,0.0,-2.827287253987593,110
2025-06-09 04:00:00,DDPG,0.349322872539876,0.0,0.0,0.0,0.0,0.0,-2.9322872539875977,110
2025-06-09 05:00:00,DDPG,0.3518610852858884,0.0,0.0,0.06203617619627977,0.0,0.0,-3.1861085285888375,110
2025-06-09 06:00:00,DDPG,0.35359647675729955,0.0,0.0,0.11988255857665138,0.0,0.0,-3.3596476757299545,110
2025-06-09 07:00:00,DDPG,0.3532053290815696,0.0,0.0,0.10684430271898578,0.0,0.0,-3.3205329081569595,110
2025-06-09 08:00:00,DDPG,0.3530452961734126,0.0,0.0,0.10150987244708745,0.0,0.0,-3.304529617341262,110
2025-06-09 09:00:00,DDPG,0.35229526655607135,0.0,0.0,0.07650888520237942,1.4210854715202004e-14,0.0,-3.2295266556071347,110
2025-06-09 10:00:00,DDPG,0.3513967399004642,0.0,0.0,0.04655799668214087,0.0,0.0,-3.139673990046421,110
2025-06-09 11:00:00,DDPG,0.3502310659104178,0.0,0.0,0.007702197013927048,0.0,0.0,-3.0231065910417794,110
2025-06-09 12:00:00,DDPG,0.3490127325770845,0.0,0.0,0.0,0.0,0.0,-2.901273257708448,110
2025-06-09 13:00:00,DDPG,0.3477377325770845,0.0,0.0,0.0,0.0,0.0,-2.7737732577084504,110
2025-06-09 14:00:00,DDPG,0.34660439924375114,0.0,0.0,0.0,0.0,0.0,-2.6604399243751136,110
2025-06-09 15:00:00,DDPG,0.3457260659104179,0.0,0.0,0.0,0.0,0.0,-2.5726065910417875,110
2025-06-09 16:00:00,DDPG,0.34513106591041787,0.0,0.0,0.0,0.0,0.0,-2.513106591041786,110
2025-06-09 17:00:00,DDPG,0.34470606591041786,0.0,0.0,0.0,0.0,0.0,-2.4706065910417854,110
2025-06-09 18:00:00,DDPG,0.3457560659104179,0.0,0.0,0.0,0.0,0.0,-2.5756065910417902,110
2025-06-09 19:00:00,DDPG,0.34555773257708455,0.0,0.0,0.0,0.0,0.0,-2.555773257708455,110
2025-06-09 20:00:00,DDPG,0.34538773257708455,0.0,0.0,0.0,0.0,0.0,-2.5387732577084545,110
2025-06-09 21:00:00,DDPG,0.34521773257708455,0.0,0.0,0.0,0.0,0.0,-2.521773257708454,110
2025-06-09 22:00:00,DDPG,0.34504773257708454,0.0,0.0,0.0,0.0,0.0,-2.504773257708454,110
2025-06-09 23:00:00,DDPG,0.34487773257708454,0.0,0.0,0.0,0.0,0.0,-2.4877732577084535,110
2025-06-10 00:00:00,DDPG,0.34470773257708454,0.0,0.0,0.0,0.0,0.0,-2.470773257708453,110
2025-06-10 01:00:00,DDPG,0.3445093992437512,0.0,0.0,0.0,0.0,0.0,-2.450939924375117,110
2025-06-10 02:00:00,DDPG,0.3443110659104179,0.0,0.0,0.0,0.0,0.0,-2.4311065910417877,110
2025-06-10 03:00:00,DDPG,0.3441127325770845,0.0,0.0,0.0,0.0,0.0,-2.4112732577084515,110
2025-06-10 04:00:00,DDPG,0.34388606591041787,0.0,0.0,0.0,0.0,0.0,-2.3886065910417864,110
2025-06-10 05:00:00,DDPG,0.3436593992437512,0.0,0.0,0.0,0.0,0.0,-2.3659399243751214,110
2025-06-10 06:00:00,DDPG,0.3433760659104179,0.0,0.0,0.0,0.0,0.0,-2.3376065910417907,110
2025-06-10 07:00:00,DDPG,0.3436177325770846,0.0,0.0,0.0,0.0,0.0,-2.3617732577084602,110
2025-06-10 08:00:00,DDPG,0.3428810659104179,0.0,0.0,0.0,0.0,0.0,-2.288106591041789,110
2025-06-10 09:00:00,DDPG,0.3418893992437512,0.0,0.0,0.0,0.0,0.0,-2.1889399243751217,110
2025-06-10 10:00:00,DDPG,0.34169939924375126,0.0,0.0,0.0,0.0,0.0,-2.169939924375125,110
2025-06-10 11:00:00,DDPG,0.3426727325770846,0.0,0.0,0.0,0.0,0.0,-2.2672732577084576,110
2025-06-10 12:00:00,DDPG,0.34245439924375126,0.0,0.0,0.0,0.0,0.0,-2.245439924375125,110
2025-06-10 13:00:00,DDPG,0.34148439924375124,0.0,0.0,0.0,0.0,0.0,-2.148439924375123,110
2025-06-10 14:00:00,DDPG,0.3406277325770845,0.0,0.0,0.0,0.0,0.0,-2.06277325770845,110
2025-06-10 15:00:00,DDPG,0.34013273257708454,0.0,0.0,0.0,0.0,0.0,-2.0132732577084536,110
2025-06-10 16:00:00,DDPG,0.3400627325770845,0.0,0.0,0.0,0.0,0.0,-2.006273257708452,110
2025-06-10 17:00:00,DDPG,0.3412477330737899,1.4901161193847656e-07,0.0,0.0,0.0,0.0,-2.124773310359223,110
2025-06-10 18:00:00,DDPG,0.35236795976641094,0.0,0.0,0.07893199221369827,0.0,0.0,-3.2367959781312097,110
2025-06-10 19:00:00,DDPG,0.35192716378976985,0.0,0.0,0.0642387929923288,0.0,0.0,-3.192716378976984,110
2025-06-10 20:00:00,DDPG,0.35177944741079287,0.0,0.0,0.05931491369309612,0.0,0.0,-3.177944741079286,110
2025-06-10 21:00:00,DDPG,0.3533955026697136,0.0,0.0,0.11318342232378598,0.0,0.0,-3.339550266971358,110
2025-06-10 22:00:00,DDPG,0.3534009524027422,0.0,0.0,0.11336508009140829,0.0,0.0,-3.3400952402742217,110
2025-06-10 23:00:00,DDPG,0.360956857162468,0.0,0.0,0.36522857208226756,0.0,0.0,-4.0956857162468,110
2025-06-11 00:00:00,DDPG,0.37023367144622116,0.0,0.0,0.6744557148740399,0.0,0.0,-5.0233671446221155,110
2025-06-11 01:00:00,DDPG,0.3695318043015991,0.0,0.0,0.6510601433866356,0.0,0.0,-4.953180430159909,110
2025-06-11 02:00:00,DDPG,0.3683001238714392,0.0,0.0,0.6100041290479723,0.0,0.0,-4.830012387143917,110
2025-06-11 03:00:00,DDPG,0.3662661114842953,0.0,0.0,0.542203716143176,0.0,0.0,-4.626611148429527,110
2025-06-11 04:00:00,DDPG,0.36443550033586575,0.0,0.0,0.48118334452885847,0.0,0.0,-4.443550033586574,110
2025-06-11 05:00:00,DDPG,0.3630624503022792,0.0,0.0,0.4354150100759725,0.0,0.0,-4.306245030227918,110
2025-06-11 06:00:00,DDPG,0.3624012052720513,0.0,0.0,0.4133735090683757,0.0,0.0,-4.240120527205127,110
2025-06-11 07:00:00,DDPG,0.37075508474484614,0.0,0.0,0.6918361581615372,0.0,0.0,-5.0755084744846135,110
2025-06-11 08:00:00,DDPG,0.36811857627036154,0.0,0.0,0.6039525423453839,0.0,0.0,-4.8118576270361535,110
2025-06-11 09:00:00,DDPG,0.3654907186433254,0.0,0.0,0.516357288110845,0.0,0.0,-4.549071864332538,110
2025-06-11 10:00:00,DDPG,0.36292164677899286,0.0,0.0,0.4307215592997608,0.0,0.0,-4.292164677899285,110
2025-06-11 11:00:00,DDPG,0.3603034821010936,0.0,0.0,0.34344940336978597,0.0,0.0,-4.0303482101093575,110
2025-06-11 12:00:00,DDPG,0.3582981338909842,0.0,0.0,0.2766044630328068,0.0,0.0,-3.829813389098419,110
2025-06-11 13:00:00,DDPG,0.35611682050188576,0.0,0.0,0.20389401672952517,0.0,0.0,-3.611682050188575,110
2025-06-11 14:00:00,DDPG,0.3542811384516972,0.0,0.0,0.14270461505657295,0.0,0.0,-3.428113845169717,110
2025-06-11 15:00:00,DDPG,0.3527055246065275,0.0,0.0,0.09018415355091634,0.0,0.0,-3.2705524606527483,110
2025-06-11 16:00:00,DDPG,0.35151697214587474,0.0,0.0,0.0505657381958244,0.0,0.0,-3.1516972145874735,110
2025-06-11 17:00:00,DDPG,0.35077877493128723,0.0,0.0,0.025959164376241975,0.0,0.0,-3.0778774931287227,110
2025-06-11 18:00:00,DDPG,0.3503183974381585,0.0,0.0,0.010613247938617577,0.0,0.0,-3.0318397438158504,110
2025-06-11 19:00:00,DDPG,0.3500060576943426,0.0,0.0,0.0002019231447548009,0.0,0.0,-3.0006057694342614,110
2025-06-11 20:00:00,DDPG,0.3498360576943426,0.0,0.0,0.0,0.0,0.0,-2.983605769434261,110
2025-06-11 21:00:00,DDPG,0.3496660576943426,0.0,0.0,0.0,0.0,0.0,-2.9666057694342607,110
2025-06-11 22:00:00,DDPG,0.34952439102767596,0.0,0.0,0.0,0.0,0.0,-2.9524391027675954,110
2025-06-11 23:00:00,DDPG,0.3494110576943426,0.0,0.0,0.0,0.0,0.0,-2.9411057694342606,110
2025-06-12 00:00:00,DDPG,0.3492693910276759,0.0,0.0,0.0,0.0,0.0,-2.926939102767589,110
2025-06-12 01:00:00,DDPG,0.3490993910276759,0.0,0.0,0.0,0.0,0.0,-2.9099391027675896,110
2025-06-12 02:00:00,DDPG,0.3488160576943426,0.0,0.0,0.0,0.0,0.0,-2.881605769434259,110
2025-06-12 03:00:00,DDPG,0.3485043910276759,0.0,0.0,0.0,0.0,0.0,-2.850439102767588,110
2025-06-12 04:00:00,DDPG,0.34819272436100923,0.0,0.0,0.0,0.0,0.0,-2.8192724361009223,110
2025-06-12 05:00:00,DDPG,0.3478810576943425,0.0,0.0,0.0,0.0,0.0,-2.7881057694342513,110
2025-06-12 06:00:00,DDPG,0.3475410576943425,0.0,0.0,0.0,0.0,0.0,-2.7541057694342506,110
2025-06-12 07:00:00,DDPG,0.3470310576943425,0.0,0.0,0.0,0.0,0.0,-2.7031057694342495,110
2025-06-12 08:00:00,DDPG,0.3461810576943425,0.0,0.0,0.0,0.0,0.0,-2.6181057694342478,110
2025-06-12 09:00:00,DDPG,0.3450193910276758,0.0,0.0,0.0,0.0,0.0,-2.5019391027675812,110
2025-06-12 10:00:00,DDPG,0.34368772436100914,0.0,0.0,0.0,0.0,0.0,-2.3687724361009135,110
2025-06-12 11:00:00,DDPG,0.34221439102767587,0.0,0.0,0.0,0.0,0.0,-2.2214391027675866,110
2025-06-12 12:00:00,DDPG,0.34057105769434254,0.0,0.0,0.0,0.0,0.0,-2.057105769434253,110
2025-06-12 13:00:00,DDPG,0.3389277243610092,0.0,0.0,0.0,0.0,0.0,-1.8927724361009202,110
2025-06-12 14:00:00,DDPG,0.33742605769434253,0.0,0.0,0.0,0.0,0.0,-1.7426057694342525,110
2025-06-12 15:00:00,DDPG,0.3361793910276759,0.0,0.0,0.0,0.0,0.0,-1.6179391027675907,110
2025-06-12 16:00:00,DDPG,0.33518772436100924,0.0,0.0,0.0,0.0,0.0,-1.5187724361009236,110
2025-06-12 17:00:00,DDPG,0.3344793910276759,0.0,0.0,0.0,0.0,0.0,-1.4479391027675872,110
2025-06-12 18:00:00,DDPG,0.33435939102767587,0.0,0.0,0.0,0.0,0.0,-1.4359391027675859,110
2025-06-12 19:00:00,DDPG,0.3344377243610092,0.0,0.0,0.0,0.0,0.0,-1.4437724361009208,110
2025-06-12 20:00:00,DDPG,0.33454439102767586,0.0,0.0,0.0,0.0,0.0,-1.4544391027675854,110
2025-06-12 21:00:00,DDPG,0.3343177243610092,0.0,0.0,0.0,0.0,0.0,-1.4317724361009199,110
2025-06-12 22:00:00,DDPG,0.33411939102767585,0.0,0.0,0.0,0.0,0.0,-1.411939102767584,110
2025-06-12 23:00:00,DDPG,0.33394939102767585,0.0,0.0,0.0,0.0,0.0,-1.3949391027675837,110
2025-06-13 00:00:00,DDPG,0.33377939102767584,0.0,0.0,0.0,0.0,0.0,-1.3779391027675834,110
2025-06-13 01:00:00,DDPG,0.3335810576943425,0.0,0.0,0.0,0.0,0.0,-1.358105769434248,110
2025-06-13 02:00:00,DDPG,0.3334110576943425,0.0,0.0,0.0,0.0,0.0,-1.3411057694342476,110
2025-06-13 03:00:00,DDPG,0.33326939102767583,0.0,0.0,0.0,0.0,0.0,-1.3269391027675823,110
2025-06-13 04:00:00,DDPG,0.3331277243610091,0.0,0.0,0.0,0.0,0.0,-1.3127724361009117,110
2025-06-13 05:00:00,DDPG,0.3329860576943425,0.0,0.0,0.0,0.0,0.0,-1.2986057694342468,110
2025-06-13 06:00:00,DDPG,0.3327877243610091,0.0,0.0,0.0,0.0,0.0,-1.278772436100911,110
2025-06-13 07:00:00,DDPG,0.33239105769434246,0.0,0.0,0.0,0.0,0.0,-1.2391057694342456,110
2025-06-13 08:00:00,DDPG,0.3316543910276758,0.0,0.0,0.0,0.0,0.0,-1.1654391027675794,110
2025-06-13 09:00:00,DDPG,0.33057772436100913,0.0,0.0,0.0,0.0,0.0,-1.0577724361009122,110
2025-06-13 10:00:00,DDPG,0.32921772436100916,0.0,0.0,0.0,0.0,0.0,-0.9217724361009152,110
2025-06-13 11:00:00,DDPG,0.3276310576943425,0.0,0.0,0.0,0.0,0.0,-0.7631057694342469,110
2025-06-13 12:00:00,DDPG,0.32595939102767585,0.0,0.0,0.0,0.0,0.0,-0.5959391027675842,110
2025-06-13 13:00:00,DDPG,0.3243160576943425,0.0,0.0,0.0,0.0,0.0,-0.4316057694342512,110
2025-06-13 14:00:00,DDPG,0.3227860576943425,0.0,0.0,0.0,0.0,0.0,-0.2786057694342481,110
2025-06-13 15:00:00,DDPG,0.3215110576943425,0.0,0.0,0.0,0.0,0.0,-0.1511057694342508,110
2025-06-13 16:00:00,DDPG,0.3205760576943425,0.0,0.0,0.0,0.0,0.0,-0.05760576943424933,110
2025-06-13 17:00:00,DDPG,0.31998105769434254,0.0,0.0,0.0,0.0,0.0,2.0,110
2025-06-13 18:00:00,DDPG,0.31966939102767583,0.0,0.0,0.0,0.0,0.0,2.0,110
2025-06-13 19:00:00,DDPG,0.3194993910276758,0.0,0.0,0.0,0.0,0.0,2.0,110
2025-06-13 20:00:00,DDPG,0.3193293910276758,0.0,0.0,0.0,0.0,0.0,2.0,110
2025-06-13 21:00:00,DDPG,0.3191877243610091,0.0,0.0,0.0,0.0,0.0,2.0,110
2025-06-13 22:00:00,DDPG,0.31904605769434247,0.0,0.0,0.0,0.0,0.0,2.0,110
2025-06-13 23:00:00,DDPG,0.31890439102767576,0.0,0.0,0.0,0.0,0.0,2.0,110
2025-06-14 00:00:00,DDPG,0.3187627243610091,0.0,0.0,0.0,0.0,0.0,2.0,110
2025-06-14 01:00:00,DDPG,0.31864939102767575,0.0,0.0,0.0,0.0,0.0,2.0,110
2025-06-14 02:00:00,DDPG,0.3185360576943424,0.0,0.0,0.0,0.0,0.0,2.0,110
2025-06-14 03:00:00,DDPG,0.3184510576943424,0.0,0.0,0.0,0.0,0.0,2.0,110
2025-06-14 04:00:00,DDPG,0.31839439102767575,0.0,0.0,0.0,0.0,0.0,2.0,110
2025-06-14 05:00:00,DDPG,0.31836605769434245,0.0,0.0,0.0,0.0,0.0,2.0,110
2025-06-14 06:00:00,DDPG,0.31828105769434245,0.0,0.0,0.0,0.0,0.0,2.0,110
2025-06-14 07:00:00,DDPG,0.31794105769434244,0.0,0.0,0.0,0.0,0.0,2.0,110
2025-06-14 08:00:00,DDPG,0.31717605769434243,0.0,0.0,0.0,0.0,0.0,2.0,110
2025-06-14 09:00:00,DDPG,0.3160710576943424,0.0,0.0,0.0,0.0,0.0,2.0,110
2025-06-14 10:00:00,DDPG,0.3146543910276758,0.0,0.0,0.0,0.0,0.0,2.0,110
2025-06-14 11:00:00,DDPG,0.3129827243610091,0.0,0.0,0.0,0.0,0.0,2.0,110
2025-06-14 12:00:00,DDPG,0.3112260576943424,0.0,0.0,0.0,0.0,0.0,2.0,110
2025-06-14 13:00:00,DDPG,0.30958272436100914,0.0,0.0,0.0,0.0,0.0,2.0,110
2025-06-14 14:00:00,DDPG,0.30799605769434246,0.0,0.0,0.0,0.0,0.0,2.0,110
2025-06-14 15:00:00,DDPG,0.30663605769434243,0.0,0.0,0.0,0.0,0.0,2.0,110
2025-06-14 16:00:00,DDPG,0.3056443910276758,0.0,0.0,0.0,0.0,0.0,2.0,110
2025-06-14 17:00:00,DDPG,0.3050493910276758,0.0,0.0,0.0,0.0,0.0,2.0,110
2025-06-14 18:00:00,DDPG,0.30482272436100916,0.0,0.0,0.0,0.0,0.0,2.0,110
2025-06-14 19:00:00,DDPG,0.30468105769434245,0.0,0.0,0.0,0.0,0.0,2.0,110
2025-06-14 20:00:00,DDPG,0.3046243910276758,0.0,0.0,0.0,0.0,0.0,2.0,110
2025-06-14 21:00:00,DDPG,0.30456772436100915,0.0,0.0,0.0,0.0,0.0,2.0,110
2025-06-14 22:00:00,DDPG,0.3045393910276758,0.0,0.0,0.0,0.0,0.0,2.0,110
2025-06-14 23:00:00,DDPG,0.3045110576943425,0.0,0.0,0.0,0.0,0.0,2.0,110
2025-06-15 00:00:00,DDPG,0.30448272436100915,0.0,0.0,0.0,0.0,0.0,2.0,110
2025-06-15 01:00:00,DDPG,0.30445439102767585,0.0,0.0,0.0,0.0,0.0,2.0,110
2025-06-15 02:00:00,DDPG,0.3044260576943425,0.0,0.0,0.0,0.0,0.0,2.0,110
2025-06-15 03:00:00,DDPG,0.3043977243610092,0.0,0.0,0.0,0.0,0.0,2.0,110
2025-06-15 04:00:00,DDPG,0.30434105769434255,0.0,0.0,0.0,0.0,0.0,2.0,110
2025-06-15 05:00:00,DDPG,0.3043127243610092,0.0,0.0,0.0,0.0,0.0,2.0,110
2025-06-15 06:00:00,DDPG,0.30425605769434255,0.0,0.0,0.0,0.0,0.0,2.0,110
2025-06-15 07:00:00,DDPG,0.30397272436100925,0.0,0.0,0.0,0.0,0.0,2.0,110
2025-06-15 08:00:00,DDPG,0.3032643910276759,0.0,0.0,0.0,0.0,0.0,2.0,110
2025-06-15 09:00:00,DDPG,0.30213105769434256,0.0,0.0,0.0,0.0,0.0,2.0,110
2025-06-15 10:00:00,DDPG,0.3006293910276759,0.0,0.0,0.0,0.0,0.0,2.0,110
2025-06-15 11:00:00,DDPG,0.2989010576943425,0.0,0.0,0.0,0.0,0.0,2.0,110
2025-06-15 12:00:00,DDPG,0.29705939102767587,0.0,0.0,0.0,0.0,0.0,2.0,110
2025-06-15 13:00:00,DDPG,0.29524605769434253,0.0,0.0,0.0,0.0,0.0,2.0,110
2025-06-15 14:00:00,DDPG,0.29360272436100926,0.0,0.0,0.0,0.0,0.0,2.0,110
2025-06-15 15:00:00,DDPG,0.29227105769434253,0.0,0.0,0.0,0.0,0.0,2.0,110
2025-06-15 16:00:00,DDPG,0.2912793910276759,0.0,0.0,0.0,0.0,0.0,2.0,110
2025-06-15 17:00:00,DDPG,0.2907127243610092,0.0,0.0,0.0,0.0,0.0,2.0,110
2025-06-15 18:00:00,DDPG,0.2905143910276759,0.0,0.0,0.0,0.0,0.0,2.0,110
2025-06-15 19:00:00,DDPG,0.2903727243610092,0.0,0.0,0.0,0.0,0.0,2.0,110
2025-06-15 20:00:00,DDPG,0.29028772436100925,0.0,0.0,0.0,0.0,0.0,2.0,110
2025-06-15 21:00:00,DDPG,0.29020272436100925,0.0,0.0,0.0,0.0,0.0,2.0,110
2025-06-15 22:00:00,DDPG,0.2900893910276759,0.0,0.0,0.0,0.0,0.0,2.0,110
2025-06-15 23:00:00,DDPG,0.28997605769434254,0.0,0.0,0.0,0.0,0.0,2.0,110
2025-06-16 00:00:00,DDPG,0.2898343910276759,0.0,0.0,0.0,0.0,0.0,2.0,110
2025-06-16 01:00:00,DDPG,0.2896643910276758,0.0,0.0,0.0,0.0,0.0,2.0,110
2025-06-16 02:00:00,DDPG,0.2894943910276758,0.0,0.0,0.0,0.0,0.0,2.0,110
2025-06-16 03:00:00,DDPG,0.2893243910276758,0.0,0.0,0.0,0.0,0.0,2.0,110
2025-06-16 04:00:00,DDPG,0.2895443910276758,0.0,0.0,0.0,0.0,0.0,2.0,110
2025-06-16 05:00:00,DDPG,0.28948772436100917,0.0,0.0,0.0,0.0,0.0,2.0,110
2025-06-16 06:00:00,DDPG,0.28967939102767576,0.0,0.0,0.0,0.0,0.0,2.0,110
2025-06-16 07:00:00,DDPG,0.2903677243610091,0.0,0.0,0.0,0.0,0.0,2.0,110
2025-06-16 08:00:00,DDPG,0.29243939152438114,1.4901161193847656e-07,0.0,0.0,0.0,0.0,1.9999999970197677,110
2025-06-16 09:00:00,DDPG,0.2960077248577144,0.0,0.0,0.0,0.0,0.0,1.999999998509884,110
2025-06-16 10:00:00,DDPG,0.29523605819104776,0.0,0.0,0.0,0.0,0.0,2.0,110
2025-06-16 11:00:00,DDPG,0.2936210581910477,0.0,0.0,0.0,0.0,0.0,2.0,110
2025-06-16 12:00:00,DDPG,0.2918927248577144,0.0,0.0,0.0,0.0,0.0,2.0,110
2025-06-16 13:00:00,DDPG,0.29022105819104776,0.0,0.0,0.0,0.0,0.0,2.0,110
2025-06-16 14:00:00,DDPG,0.2886060581910478,0.0,0.0,0.0,0.0,0.0,2.0,110
2025-06-16 15:00:00,DDPG,0.2872743915243811,0.0,0.0,0.0,0.0,0.0,2.0,110
2025-06-16 16:00:00,DDPG,0.28631105819104774,0.0,0.0,0.0,0.0,0.0,2.0,110
2025-06-16 17:00:00,DDPG,0.28580105868775313,1.4901161193847656e-07,0.0,0.0,0.0,0.0,1.9999999970197677,110
2025-06-16 18:00:00,DDPG,0.28563105868775307,0.0,0.0,0.0,0.0,0.0,1.999999998509884,110
2025-06-16 19:00:00,DDPG,0.28646105868775307,0.0,0.0,0.0,0.0,0.0,2.0,110
2025-06-16 20:00:00,DDPG,0.2863477253544197,0.0,0.0,0.0,0.0,0.0,2.0,110
2025-06-16 21:00:00,DDPG,0.28653939202108636,0.0,0.0,0.0,0.0,0.0,2.0,110
2025-06-16 22:00:00,DDPG,0.2870927253544197,0.0,0.0,0.0,0.0,0.0,2.0,110
2025-06-16 23:00:00,DDPG,0.287646058687753,0.0,0.0,0.0,0.0,0.0,2.0,110
2025-06-17 00:00:00,DDPG,0.2902277253544197,0.0,0.0,0.0,0.0,0.0,2.0,110
2025-06-17 01:00:00,DDPG,0.2911427253544197,0.0,0.0,0.0,0.0,0.0,2.0,110
2025-06-17 02:00:00,DDPG,0.2910577253544197,0.0,0.0,0.0,0.0,0.0,2.0,110
2025-06-17 03:00:00,DDPG,0.2923060586877531,0.0,0.0,0.0,0.0,0.0,2.0,110
2025-06-17 04:00:00,DDPG,0.2996393920210864,0.0,0.0,0.0,0.0,0.0,2.0,110
2025-06-17 05:00:00,DDPG,0.3002210586877531,0.0,0.0,0.0,0.0,0.0,2.0,110
2025-06-17 06:00:00,DDPG,0.3114693920210865,0.0,0.0,0.0,0.0,0.0,2.0,110
2025-06-17 07:00:00,DDPG,0.31893772535441983,0.0,0.0,0.0,0.0,0.0,2.0,110
2025-06-17 08:00:00,DDPG,0.3184277253544198,0.0,0.0,0.0,0.0,0.0,2.0,110
2025-06-17 09:00:00,DDPG,0.31743605868775315,0.0,0.0,0.0,0.0,0.0,2.0,110
2025-06-17 10:00:00,DDPG,0.3161043920210865,0.0,0.0,0.0,0.0,0.0,2.0,110
2025-06-17 11:00:00,DDPG,0.31524105868775315,0.0,0.0,0.0,0.0,0.0,2.0,110
2025-06-17 12:00:00,DDPG,0.3167677253544198,0.0,0.0,0.0,0.0,0.0,2.0,110
2025-06-17 13:00:00,DDPG,0.31857772535441986,0.0,0.0,0.0,0.0,0.0,2.0,110
2025-06-17 14:00:00,DDPG,0.3185010586877532,0.0,0.0,0.0,0.0,0.0,2.0,110
2025-06-17 15:00:00,DDPG,0.31739605868775317,0.0,0.0,0.0,0.0,0.0,2.0,110
2025-06-17 16:00:00,DDPG,0.3165460586877532,0.0,0.0,0.0,0.0,0.0,2.0,110
2025-06-17 17:00:00,DDPG,0.3160360586877532,0.0,0.0,0.0,0.0,0.0,2.0,110
2025-06-17 18:00:00,DDPG,0.31617105868775314,0.0,0.0,0.0,0.0,0.0,2.0,110
2025-06-17 19:00:00,DDPG,0.31666772535441984,0.0,0.0,0.0,0.0,0.0,2.0,110
2025-06-17 20:00:00,DDPG,0.31652605868775313,0.0,0.0,0.0,0.0,0.0,2.0,110
2025-06-17 21:00:00,DDPG,0.31871772535441983,0.0,0.0,0.0,0.0,0.0,2.0,110
2025-06-17 22:00:00,DDPG,0.32735605868775314,0.0,0.0,0.0,0.0,0.0,-0.7356058687753131,110
2025-06-17 23:00:00,DDPG,0.3322993920210865,0.0,0.0,0.0,0.0,0.0,-1.2299392021086488,110
2025-06-18 00:00:00,DDPG,0.33624272535441985,0.0,0.0,0.0,0.0,0.0,-1.624272535441984,110
2025-06-18 01:00:00,DDPG,0.3361293920210865,0.0,0.0,0.0,0.0,0.0,-1.6129392021086488,110
2025-06-18 02:00:00,DDPG,0.33601605868775314,0.0,0.0,0.0,0.0,0.0,-1.6016058687753132,110
2025-06-18 03:00:00,DDPG,0.3372077253544198,0.0,0.0,0.0,0.0,0.0,-1.720772535441978,110
2025-06-18 04:00:00,DDPG,0.35911045281897785,0.0,0.0,0.30368176063259544,0.0,0.0,-3.9110452818977848,110
2025-06-18 05:00:00,DDPG,0.36682290753708013,0.0,0.0,0.5607635845693366,-1.4210854715202004e-14,0.0,-4.6822907537080125,110
2025-06-18 06:00:00,DDPG,0.36918761678337214,0.0,0.0,0.639587226112404,0.0,0.0,-4.918761678337214,110
2025-06-18 07:00:00,DDPG,0.37104135510503494,0.0,0.0,0.7013785035011637,0.0,0.0,-5.104135510503493,110
2025-06-18 08:00:00,DDPG,0.3690272195945314,0.0,0.0,0.6342406531510477,0.0,0.0,-4.902721959453138,110
2025-06-18 09:00:00,DDPG,0.3666849976350782,0.0,0.0,0.5561665878359421,0.0,0.0,-4.668499763507822,110
2025-06-18 10:00:00,DDPG,0.3641239978715704,0.0,0.0,0.47079992905234747,0.0,0.0,-4.41239978715704,110
2025-06-18 11:00:00,DDPG,0.36202309808441335,0.0,0.0,0.4007699361471126,0.0,0.0,-4.202309808441335,110
2025-06-18 12:00:00,DDPG,0.36045778827597197,0.0,0.0,0.34859294253240025,0.0,0.0,-4.045778827597196,110
2025-06-18 13:00:00,DDPG,0.35909400944837483,0.0,0.0,0.30313364827916023,0.0,0.0,-3.9094009448374827,110
2025-06-18 14:00:00,DDPG,0.35761160850353735,0.0,0.0,0.2537202834512442,0.0,0.0,-3.7611608503537344,110
2025-06-18 15:00:00,DDPG,0.35588144765318364,0.0,0.0,0.19604825510612045,0.0,0.0,-3.588144765318363,110
2025-06-18 16:00:00,DDPG,0.35450280288786523,0.0,0.0,0.1500934295955091,0.0,0.0,-3.450280288786523,110
2025-06-18 17:00:00,DDPG,0.3535425225990787,0.0,0.0,0.11808408663595743,0.0,0.0,-3.3542522599078692,110
2025-06-18 18:00:00,DDPG,0.3535587703391709,0.0,0.0,0.1186256779723621,0.0,0.0,-3.3558770339170874,110
2025-06-18 19:00:00,DDPG,0.3620498933052538,0.0,0.0,0.40166311017512585,0.0,0.0,-4.204989330525377,110
2025-06-18 20:00:00,DDPG,0.36066640397472843,0.0,0.0,0.3555467991576137,0.0,0.0,-4.066640397472843,110
2025-06-18 21:00:00,DDPG,0.3594467635772556,0.0,0.0,0.31489211924185273,0.0,0.0,-3.944676357725557,110
2025-06-18 22:00:00,DDPG,0.35837458721953,0.0,0.0,0.2791529073176676,0.0,0.0,-3.837458721953002,110
2025-06-18 23:00:00,DDPG,0.357409628497577,0.0,0.0,0.2469876165859006,0.0,0.0,-3.7409628497577003,110
2025-06-19 00:00:00,DDPG,0.3565156656478193,0.0,0.0,0.21718885492731063,0.0,0.0,-3.651566564781927,110
2025-06-19 01:00:00,DDPG,0.35573659908303734,0.0,0.0,0.19121996943457875,0.0,0.0,-3.5736599083037337,110
2025-06-19 02:00:00,DDPG,0.3550099391747336,0.0,0.0,0.1669979724911201,0.0,0.0,-3.5009939174733606,110
2025-06-19 03:00:00,DDPG,0.36103244525726025,0.0,0.0,0.3677481752420093,0.0,0.0,-4.103244525726025,110
2025-06-19 04:00:00,DDPG,0.3625017007315342,0.0,0.0,0.4167233577178081,0.0,0.0,-4.25017007315342,110
2025-06-19 05:00:00,DDPG,0.3635750306583808,0.0,0.0,0.45250102194602704,-1.4210854715202004e-14,0.0,-4.357503065838081,110
2025-06-19 06:00:00,DDPG,0.36203902759254275,0.0,0.0,0.40130091975142507,0.0,0.0,-4.203902759254275,110
2025-06-19 07:00:00,DDPG,0.3608036248332885,0.0,0.0,0.36012082777628224,0.0,0.0,-4.080362483328848,110
2025-06-19 08:00:00,DDPG,0.36003676234995957,0.0,0.0,0.3345587449986539,0.0,0.0,-4.0036762349959565,110
2025-06-19 09:00:00,DDPG,0.3585935861149636,0.0,0.0,0.2864528704987876,0.0,0.0,-3.8593586114963605,110
2025-06-19 10:00:00,DDPG,0.3565102275034673,0.0,0.0,0.2170075834489083,0.0,0.0,-3.651022750346727,110
2025-06-19 11:00:00,DDPG,0.3546607047531205,0.0,0.0,0.15535682510401758,0.0,0.0,-3.4660704753120495,110
2025-06-19 12:00:00,DDPG,0.35319413427780844,0.0,0.0,0.1064711425936153,0.0,0.0,-3.3194134277808427,110
2025-06-19 13:00:00,DDPG,0.35363522085002763,0.0,0.0,0.1211740283342536,0.0,0.0,-3.3635220850027627,110
2025-06-19 14:00:00,DDPG,0.3528126987650248,0.0,0.0,0.0937566255008278,0.0,0.0,-3.2812698765024795,110
2025-06-19 15:00:00,DDPG,0.35234092888852236,0.0,0.0,0.07803096295074569,0.0,0.0,-3.234092888852236,110
2025-06-19 16:00:00,DDPG,0.3522163359996701,0.0,0.0,0.0738778666556712,1.4210854715202004e-14,0.0,-3.221633599967011,110
2025-06-19 17:00:00,DDPG,0.3514592023997031,0.0,0.0,0.048640079990103405,0.0,0.0,-3.145920239970307,110
2025-06-19 18:00:00,DDPG,0.3510582821597328,0.0,0.0,0.03527607199109326,0.0,0.0,-3.1058282159732773,110
2025-06-19 19:00:00,DDPG,0.3507229539437595,0.0,0.0,0.0240984647919845,0.0,0.0,-3.072295394375951,110
2025-06-19 20:00:00,DDPG,0.35054865854938355,0.0,0.0,0.018288618312784877,0.0,0.0,-3.0548658549383543,110
2025-06-19 21:00:00,DDPG,0.35396629269444524,0.0,0.0,0.1322097564815067,0.0,0.0,-3.3966292694445235,110
2025-06-19 22:00:00,DDPG,0.35916766342500067,0.0,0.0,0.3055887808333566,0.0,0.0,-3.9167663425000665,110
2025-06-19 23:00:00,DDPG,0.35874889708250063,0.0,0.0,0.29162990275002015,0.0,0.0,-3.8748897082500626,110
2025-06-20 00:00:00,DDPG,0.35807200737425054,0.0,0.0,0.2690669124750173,0.0,0.0,-3.8072007374250543,110
2025-06-20 01:00:00,DDPG,0.35713730663682547,0.0,0.0,0.2379102212275157,0.0,0.0,-3.7137306636825462,110
2025-06-20 02:00:00,DDPG,0.3562960759731429,0.0,0.0,0.20986919910476304,0.0,0.0,-3.6296075973142887,110
2025-06-20 03:00:00,DDPG,0.3555644683758286,0.0,0.0,0.18548227919428656,0.0,0.0,-3.556446837582861,110
2025-06-20 04:00:00,DDPG,0.36063152153824574,0.0,0.0,0.35438405127485884,0.0,0.0,-4.063152153824573,110
2025-06-20 05:00:00,DDPG,0.3624663693844211,0.0,0.0,0.4155456461473719,0.0,0.0,-4.246636938442111,110
2025-06-20 06:00:00,DDPG,0.367717732445979,0.0,0.0,0.5905910815326337,0.0,0.0,-4.771773244597899,110
2025-06-20 07:00:00,DDPG,0.3684674592013811,0.0,0.0,0.6155819733793706,0.0,0.0,-4.8467459201381065,110
2025-06-20 08:00:00,DDPG,0.36603421328124297,0.0,0.0,0.5344737760414333,0.0,0.0,-4.603421328124297,110
2025-06-20 09:00:00,DDPG,0.3635892919531187,0.0,0.0,0.4529763984372892,0.0,0.0,-4.358929195311867,110
2025-06-20 10:00:00,DDPG,0.36216136275780686,0.0,0.0,0.40537875859356093,0.0,0.0,-4.216136275780685,110
2025-06-20 11:00:00,DDPG,0.36032722648202614,0.0,0.0,0.34424088273420494,0.0,0.0,-4.032722648202613,110
2025-06-20 12:00:00,DDPG,0.36212950383382353,0.0,0.0,0.4043167944607845,0.0,0.0,-4.212950383382353,110
2025-06-20 13:00:00,DDPG,0.3741495534504412,0.0,0.0,0.8049851150147064,0.0,0.0,-5.41495534504412,110
2025-06-20 14:00:00,DDPG,0.3725775981053971,0.0,0.0,0.7525866035132367,0.0,0.0,-5.257759810539708,110
2025-06-20 15:00:00,DDPG,0.3705823382948573,0.0,0.0,0.6860779431619122,1.4210854715202004e-14,0.0,-5.058233829485731,110
2025-06-20 16:00:00,DDPG,0.36899060446537163,0.0,0.0,0.6330201488457207,0.0,0.0,-4.899060446537162,110
2025-06-20 17:00:00,DDPG,0.36828554401883445,0.0,0.0,0.6095181339611486,0.0,0.0,-4.828554401883444,110
2025-06-20 18:00:00,DDPG,0.36802748961695103,0.0,0.0,0.6009163205650339,0.0,0.0,-4.8027489616951025,110
2025-06-20 19:00:00,DDPG,0.3717207406552559,0.0,0.0,0.7240246885085313,0.0,0.0,-5.172074065525589,110
2025-06-20 20:00:00,DDPG,0.3717446665897303,0.0,0.0,0.7248222196576777,0.0,0.0,-5.1744666589730315,110
2025-06-20 21:00:00,DDPG,0.3699661999307573,0.0,0.0,0.66553999769191,0.0,0.0,-4.996619993075729,110
2025-06-20 22:00:00,DDPG,0.3677910799376816,0.0,0.0,0.5930359979227191,0.0,0.0,-4.779107993768161,110
2025-06-20 23:00:00,DDPG,0.36643347194391346,0.0,0.0,0.5477823981304483,0.0,0.0,-4.643347194391345,110
2025-06-21 00:00:00,DDPG,0.36733712474952207,0.0,0.0,0.5779041583174035,0.0,0.0,-4.733712474952206,110
2025-06-21 01:00:00,DDPG,0.36940141227456985,0.0,0.0,0.6467137424856617,0.0,0.0,-4.9401412274569845,110
2025-06-21 02:00:00,DDPG,0.37120827104711285,0.0,0.0,0.7069423682370953,0.0,0.0,-5.120827104711284,110
2025-06-21 03:00:00,DDPG,0.37493444394240155,0.0,0.0,0.8311481314133857,0.0,0.0,-5.4934443942401545,110
2025-06-21 04:00:00,DDPG,0.3734879995481614,0.0,0.0,0.7829333182720476,0.0,0.0,-5.348799954816141,110
2025-06-21 05:00:00,DDPG,0.37270969959334527,0.0,0.0,0.756989986444843,0.0,0.0,-5.270969959334526,110
2025-06-21 06:00:00,DDPG,0.37053472963401074,0.0,0.0,0.6844909878003578,0.0,0.0,-5.053472963401074,110
2025-06-21 07:00:00,DDPG,0.36907525667060964,0.0,0.0,0.6358418890203211,0.0,0.0,-4.9075256670609635,110
2025-06-21 08:00:00,DDPG,0.36891073100354865,0.0,0.0,0.6303577001182887,1.4210854715202004e-14,0.0,-4.891073100354864,110
2025-06-21 09:00:00,DDPG,0.3674606579031937,0.0,0.0,0.5820219301064583,0.0,0.0,-4.746065790319371,110
2025-06-21 10:00:00,DDPG,0.3653260921128743,0.0,0.0,0.5108697370958112,0.0,0.0,-4.532609211287431,110
2025-06-21 11:00:00,DDPG,0.3633029829015869,0.0,0.0,0.4434327633862296,0.0,0.0,-4.330298290158691,110
2025-06-21 12:00:00,DDPG,0.3612781846114282,0.0,0.0,0.3759394870476058,0.0,0.0,-4.127818461142818,110
2025-06-21 13:00:00,DDPG,0.3592578661502854,0.0,0.0,0.3085955383428456,0.0,0.0,-3.925786615028537,110
2025-06-21 14:00:00,DDPG,0.35743957953525685,0.0,0.0,0.24798598450856135,0.0,0.0,-3.743957953525684,110
2025-06-21 15:00:00,DDPG,0.35748162158173113,0.0,0.0,0.24938738605770538,0.0,0.0,-3.7481621581731126,110
2025-06-21 16:00:00,DDPG,0.359523459423558,0.0,0.0,0.31744864745193413,0.0,0.0,-3.9523459423558007,110
2025-06-21 17:00:00,DDPG,0.3600651134812022,0.0,0.0,0.3355037827067392,0.0,0.0,-4.006511348120218,110
2025-06-21 18:00:00,DDPG,0.360929102133082,0.0,0.0,0.3643034044360661,0.0,0.0,-4.0929102133081985,110
2025-06-21 19:00:00,DDPG,0.37203419191977377,0.0,0.0,0.7344730639924578,0.0,0.0,-5.2034191919773765,110
2025-06-21 20:00:00,DDPG,0.37060327272779636,0.0,0.0,0.6867757575932117,0.0,0.0,-5.060327272779635,110
2025-06-21 21:00:00,DDPG,0.3849409454550167,0.0,0.0,1.1646981818338902,0.0,0.0,-6.494094545501671,110
2025-06-21 22:00:00,DDPG,0.38227035090951506,0.0,0.0,1.075678363650502,0.0,0.0,-6.227035090951505,110
2025-06-21 23:00:00,DDPG,0.3789668158185636,0.0,0.0,0.965560527285453,0.0,0.0,-5.896681581856361,110
2025-06-22 00:00:00,DDPG,0.37594263423670726,0.0,0.0,0.8647544745569079,0.0,0.0,-5.594263423670726,110
2025-06-22 01:00:00,DDPG,0.3731698708130365,0.0,0.0,0.7723290271012175,0.0,0.0,-5.3169870813036475,110
2025-06-22 02:00:00,DDPG,0.37067438373173284,0.0,0.0,0.6891461243910953,0.0,0.0,-5.0674383731732835,110
2025-06-22 03:00:00,DDPG,0.36842844535855956,0.0,0.0,0.6142815119519853,0.0,0.0,-4.8428445358559555,110
2025-06-22 04:00:00,DDPG,0.3664581008227036,0.0,0.0,0.5486033607567862,0.0,0.0,-4.645810082270358,110
2025-06-22 05:00:00,DDPG,0.36463379074043323,0.0,0.0,0.4877930246811076,0.0,0.0,-4.463379074043322,110
2025-06-22 06:00:00,DDPG,0.3629409116663899,0.0,0.0,0.43136372221299696,0.0,0.0,-4.294091166638991,110
2025-06-22 07:00:00,DDPG,0.3613153204997509,0.0,0.0,0.3771773499916975,0.0,0.0,-4.13153204997509,110
2025-06-22 08:00:00,DDPG,0.3595207884497758,0.0,0.0,0.3173596149925274,0.0,0.0,-3.9520788449775797,110
2025-06-22 09:00:00,DDPG,0.3575997096047983,0.0,0.0,0.25332365349327546,0.0,0.0,-3.75997096047983,110
2025-06-22 10:00:00,DDPG,0.3556922386443185,0.0,0.0,0.1897412881439493,0.0,0.0,-3.569223864431848,110
2025-06-22 11:00:00,DDPG,0.35432651477988664,0.0,0.0,0.1442171593295541,0.0,0.0,-3.4326514779886628,110
2025-06-22 12:00:00,DDPG,0.35274636330189796,0.0,0.0,0.09154544339659908,0.0,0.0,-3.2746363301897947,110
2025-06-22 13:00:00,DDPG,0.3510947269717082,0.0,0.0,0.03649089905693899,0.0,0.0,-3.1094726971708173,110
2025-06-22 14:00:00,DDPG,0.3496780603050415,0.0,0.0,0.0,0.0,0.0,-2.96780603050415,110
2025-06-22 15:00:00,DDPG,0.34854472697170813,0.0,0.0,0.0,0.0,0.0,-2.854472697170812,110
2025-06-22 16:00:00,DDPG,0.3476663936383748,0.0,0.0,0.0,0.0,0.0,-2.7666393638374807,110
2025-06-22 17:00:00,DDPG,0.34709972697170816,0.0,0.0,0.0,0.0,0.0,-2.709972697170815,110
2025-06-22 18:00:00,DDPG,0.34681639363837485,0.0,0.0,0.0,0.0,0.0,-2.681639363837485,110
2025-06-22 19:00:00,DDPG,0.3465897269717082,0.0,0.0,0.0,0.0,0.0,-2.658972697170819,110
2025-06-22 20:00:00,DDPG,0.3463347269717082,0.0,0.0,0.0,0.0,0.0,-2.633472697170819,110
2025-06-22 21:00:00,DDPG,0.3461363936383749,0.0,0.0,0.0,0.0,0.0,-2.613639363837489,110
2025-06-22 22:00:00,DDPG,0.3459663936383749,0.0,0.0,0.0,0.0,0.0,-2.5966393638374887,110
2025-06-22 23:00:00,DDPG,0.3458247269717082,0.0,0.0,0.0,0.0,0.0,-2.582472697170818,110
2025-06-23 00:00:00,DDPG,0.34571139363837483,0.0,0.0,0.0,0.0,0.0,-2.5711393638374824,110
2025-06-23 01:00:00,DDPG,0.3455697269717082,0.0,0.0,0.0,0.0,0.0,-2.556972697170817,110
2025-06-23 02:00:00,DDPG,0.34576139363837477,0.0,0.0,0.0,0.0,0.0,-2.576139363837476,110
2025-06-23 03:00:00,DDPG,0.34559139363837477,0.0,0.0,0.0,0.0,0.0,-2.5591393638374758,110
2025-06-23 04:00:00,DDPG,0.34542139363837476,0.0,0.0,0.0,0.0,0.0,-2.5421393638374754,110
2025-06-23 05:00:00,DDPG,0.3452797269717081,0.0,0.0,0.0,0.0,0.0,-2.52797269717081,110
2025-06-23 06:00:00,DDPG,0.3451097269717081,0.0,0.0,0.0,0.0,0.0,-2.5109726971708106,110
2025-06-23 07:00:00,DDPG,0.3447697269717081,0.0,0.0,0.0,0.0,0.0,-2.47697269717081,110
2025-06-23 08:00:00,DDPG,0.3440047269717081,0.0,0.0,0.0,0.0,0.0,-2.400472697170808,110
2025-06-23 09:00:00,DDPG,0.3428713936383747,0.0,0.0,0.0,0.0,0.0,-2.28713936383747,110
2025-06-23 10:00:00,DDPG,0.34142639363837474,0.0,0.0,0.0,0.0,0.0,-2.142639363837473,110
2025-06-23 11:00:00,DDPG,0.3397547269717081,0.0,0.0,0.0,0.0,0.0,-1.9754726971708103,110
2025-06-23 12:00:00,DDPG,0.33796972697170813,0.0,0.0,0.0,0.0,0.0,-1.796972697170812,110
2025-06-23 13:00:00,DDPG,0.33624139363837474,0.0,0.0,0.0,0.0,0.0,-1.6241393638374735,110
2025-06-23 14:00:00,DDPG,0.3346830603050414,0.0,0.0,0.0,0.0,0.0,-1.4683060305041407,110
2025-06-23 15:00:00,DDPG,0.33332306030504144,0.0,0.0,0.0,0.0,0.0,-1.3323060305041432,110
2025-06-23 16:00:00,DDPG,0.3323030603050414,0.0,0.0,0.0,0.0,0.0,-1.2303060305041411,110
2025-06-23 17:00:00,DDPG,0.33162306030504146,0.0,0.0,0.0,0.0,0.0,-1.1623060305041455,110
2025-06-23 18:00:00,DDPG,0.33128306030504145,0.0,0.0,0.0,0.0,0.0,-1.1283060305041448,110
2025-06-23 19:00:00,DDPG,0.33102806030504145,0.0,0.0,0.0,0.0,0.0,-1.1028060305041443,110
2025-06-23 20:00:00,DDPG,0.33085806030504145,0.0,0.0,0.0,0.0,0.0,-1.085806030504144,110
2025-06-23 21:00:00,DDPG,0.3306597269717081,0.0,0.0,0.0,0.0,0.0,-1.0659726971708086,110
2025-06-23 22:00:00,DDPG,0.3304613936383748,0.0,0.0,0.0,0.0,0.0,-1.0461393638374785,110
2025-06-23 23:00:00,DDPG,0.33026306030504143,0.0,0.0,0.0,0.0,0.0,-1.0263060305041427,110
2025-06-24 00:00:00,DDPG,0.33006472697170813,0.0,0.0,0.0,0.0,0.0,-1.0064726971708127,110
2025-06-24 01:00:00,DDPG,0.3298380603050415,0.0,0.0,0.0,0.0,0.0,-0.9838060305041472,110
2025-06-24 02:00:00,DDPG,0.32961139363837477,0.0,0.0,0.0,0.0,0.0,-0.9611393638374768,110
2025-06-24 03:00:00,DDPG,0.3293563936383748,0.0,0.0,0.0,0.0,0.0,-0.9356393638374816,110
2025-06-24 04:00:00,DDPG,0.33176806030504147,0.0,0.0,0.0,0.0,0.0,-1.176806030504146,110
2025-06-24 05:00:00,DDPG,0.3315413936383748,0.0,0.0,0.0,0.0,0.0,-1.1541393638374808,110
2025-06-24 06:00:00,DDPG,0.3312580603050415,0.0,0.0,0.0,0.0,0.0,-1.1258060305041506,110
2025-06-24 07:00:00,DDPG,0.33536472697170816,0.0,0.0,0.0,0.0,0.0,-1.5364726971708151,110
2025-06-24 08:00:00,DDPG,0.33613139363837485,0.0,0.0,0.0,0.0,0.0,-1.613139363837485,110
2025-06-24 09:00:00,DDPG,0.3356147269717082,0.0,0.0,0.0,0.0,0.0,-1.5614726971708182,110
2025-06-24 10:00:00,DDPG,0.3349563936383748,0.0,0.0,0.0,0.0,0.0,-1.4956393638374808,110
2025-06-24 11:00:00,DDPG,0.33532639363837485,0.0,0.0,0.0,0.0,0.0,-1.5326393638374847,110
2025-06-24 12:00:00,DDPG,0.3339663936383748,0.0,0.0,0.0,0.0,0.0,-1.3966393638374819,110
2025-06-24 13:00:00,DDPG,0.33252139363837485,0.0,0.0,0.0,0.0,0.0,-1.2521393638374843,110
2025-06-24 14:00:00,DDPG,0.33110472697170823,0.0,0.0,0.0,0.0,0.0,-1.110472697170822,110
2025-06-24 15:00:00,DDPG,0.32985806030504156,0.0,0.0,0.0,0.0,0.0,-0.9858060305041549,110
2025-06-24 16:00:00,DDPG,0.32889472697170824,0.0,0.0,0.0,0.0,0.0,-0.8894726971708233,110
2025-06-24 17:00:00,DDPG,0.3282713936383749,0.0,0.0,0.0,0.0,0.0,-0.8271393638374871,110
2025-06-24 18:00:00,DDPG,0.32793139363837487,0.0,0.0,0.0,0.0,0.0,-0.7931393638374864,110
2025-06-24 19:00:00,DDPG,0.3276197269717082,0.0,0.0,0.0,0.0,0.0,-0.7619726971708207,110
2025-06-24 20:00:00,DDPG,0.32733639363837486,0.0,0.0,0.0,0.0,0.0,-0.7336393638374847,110
2025-06-24 21:00:00,DDPG,0.3270247269717082,0.0,0.0,0.0,0.0,0.0,-0.7024726971708195,110
2025-06-24 22:00:00,DDPG,0.3270180603050415,0.0,0.0,0.0,0.0,0.0,-0.7018060305041485,110
2025-06-24 23:00:00,DDPG,0.3266780603050415,0.0,0.0,0.0,0.0,0.0,-0.6678060305041478,110
2025-06-25 00:00:00,DDPG,0.3263663936383748,0.0,0.0,0.0,0.0,0.0,-0.6366393638374768,110
2025-06-25 01:00:00,DDPG,0.32608306030504147,0.0,0.0,0.0,0.0,0.0,-0.6083060305041466,110
2025-06-25 02:00:00,DDPG,0.32579972697170817,0.0,0.0,0.0,0.0,0.0,-0.5799726971708163,110
2025-06-25 03:00:00,DDPG,0.32554472697170816,0.0,0.0,0.0,0.0,0.0,-0.5544726971708158,110
2025-06-25 04:00:00,DDPG,0.3253180603050415,0.0,0.0,0.0,0.0,0.0,-0.5318060305041508,110
2025-06-25 05:00:00,DDPG,0.32509139363837486,0.0,0.0,0.0,0.0,0.0,-0.5091393638374853,110
2025-06-25 06:00:00,DDPG,0.32480806030504156,0.0,0.0,0.0,0.0,0.0,-0.48080603050415505,110
2025-06-25 07:00:00,DDPG,0.3244113936383749,0.0,0.0,0.0,0.0,0.0,-0.44113936383748964,110
2025-06-25 08:00:00,DDPG,0.3238447269717082,0.0,0.0,0.0,0.0,0.0,-0.38447269717081767,110
2025-06-25 09:00:00,DDPG,0.3230797269717082,0.0,0.0,0.0,0.0,0.0,-0.3079726971708219,110
2025-06-25 10:00:00,DDPG,0.3233363936383749,0.0,0.0,0.0,0.0,0.0,-0.33363936383749015,110
2025-06-25 11:00:00,DDPG,0.32256472697170824,0.0,0.0,0.0,0.0,0.0,-0.2564726971708229,110
2025-06-25 12:00:00,DDPG,0.32301306030504157,0.0,0.0,0.0,0.0,0.0,-0.30130603050415594,110
2025-06-25 13:00:00,DDPG,0.3236030603050416,0.0,0.0,0.0,0.0,0.0,-0.36030603050415966,110
2025-06-25 14:00:00,DDPG,0.32319306030504164,0.0,0.0,0.0,0.0,0.0,-0.31930603050416284,110
2025-06-25 15:00:00,DDPG,0.3223147269717083,0.0,0.0,0.0,0.0,0.0,-0.2314726971708314,110
2025-06-25 16:00:00,DDPG,0.322578060801747,1.4901161193847656e-07,0.0,0.0,0.0,0.0,-0.2578060831549318,110
2025-06-25 17:00:00,DDPG,0.322458060801747,0.0,0.0,0.0,0.0,0.0,-0.24580608166481488,110
2025-06-25 18:00:00,DDPG,0.322813060801747,0.0,0.0,0.0,0.0,0.0,-0.2813060801746978,110
2025-06-25 19:00:00,DDPG,0.32252972746841363,0.0,0.0,0.0,0.0,0.0,-0.2529727468413623,110
2025-06-25 20:00:00,DDPG,0.3221897274684136,0.0,0.0,0.0,0.0,0.0,-0.2189727468413616,110
2025-06-25 21:00:00,DDPG,0.3218497274684136,0.0,0.0,0.0,0.0,0.0,-0.1849727468413609,110
2025-06-25 22:00:00,DDPG,0.32153806080174696,0.0,0.0,0.0,0.0,0.0,-0.15380608017469566,110
2025-06-25 23:00:00,DDPG,0.3212547274684136,0.0,0.0,0.0,0.0,0.0,-0.12547274684135967,110
2025-06-26 00:00:00,DDPG,0.32094306080174695,0.0,0.0,0.0,0.0,0.0,-0.094306080174694,110
2025-06-26 01:00:00,DDPG,0.3205747274684136,0.0,0.0,0.0,0.0,0.0,-0.05747274684135828,110
2025-06-26 02:00:00,DDPG,0.32059639413508023,0.0,0.0,0.0,0.0,0.0,-0.059639413508022265,110
2025-06-26 03:00:00,DDPG,0.3203697274684136,0.0,0.0,0.0,0.0,0.0,-0.03697274684135721,110
2025-06-26 04:00:00,DDPG,0.3201430608017469,0.0,0.0,0.0,0.0,0.0,-0.014306080174692148,110
2025-06-26 05:00:00,DDPG,0.3198880608017469,0.0,0.0,0.0,0.0,0.0,2.0,110
2025-06-26 06:00:00,DDPG,0.3196047274684136,0.0,0.0,0.0,0.0,0.0,2.0,110
2025-06-26 07:00:00,DDPG,0.3192647274684136,0.0,0.0,0.0,0.0,0.0,2.0,110
2025-06-26 08:00:00,DDPG,0.31855639413508025,0.0,0.0,0.0,0.0,0.0,2.0,110
2025-06-26 09:00:00,DDPG,0.31759306080174693,0.0,0.0,0.0,0.0,0.0,2.0,110
2025-06-26 10:00:00,DDPG,0.3169280608017469,0.0,0.0,0.0,0.0,0.0,2.0,110
2025-06-26 11:00:00,DDPG,0.31556806080174693,0.0,0.0,0.0,0.0,0.0,2.0,110
2025-06-26 12:00:00,DDPG,0.31423639413508025,0.0,0.0,0.0,0.0,0.0,2.0,110
2025-06-26 13:00:00,DDPG,0.3125930608017469,0.0,0.0,0.0,0.0,0.0,2.0,110
2025-06-26 14:00:00,DDPG,0.31117639413508025,0.0,0.0,0.0,0.0,0.0,2.0,110
2025-06-26 15:00:00,DDPG,0.3110713941350802,0.0,0.0,0.0,0.0,0.0,2.0,110
2025-06-26 16:00:00,DDPG,0.3136963956251963,4.470348358154297e-07,0.0,0.0,0.0,0.0,1.9999999910593034,110
2025-06-26 17:00:00,DDPG,0.316328062291863,0.0,0.0,0.0,0.0,0.0,1.9999999955296517,110
2025-06-26 18:00:00,DDPG,0.31749139562519635,0.0,0.0,0.0,0.0,0.0,2.0,110
2025-06-26 19:00:00,DDPG,0.31732139562519635,0.0,0.0,0.0,0.0,0.0,2.0,110
2025-06-26 20:00:00,DDPG,0.31715139562519634,0.0,0.0,0.0,0.0,0.0,2.0,110
2025-06-26 21:00:00,DDPG,0.31700972895852964,0.0,0.0,0.0,0.0,0.0,2.0,110
2025-06-26 22:00:00,DDPG,0.3168963956251963,0.0,0.0,0.0,0.0,0.0,2.0,110
2025-06-26 23:00:00,DDPG,0.3167830622918629,0.0,0.0,0.0,0.0,0.0,2.0,110
2025-06-27 00:00:00,DDPG,0.3179463956251963,0.0,0.0,0.0,0.0,0.0,2.0,110
2025-06-27 01:00:00,DDPG,0.3198613956251963,0.0,0.0,0.0,0.0,0.0,2.0,110
2025-06-27 02:00:00,DDPG,0.3197480622918629,0.0,0.0,0.0,0.0,0.0,2.0,110
2025-06-27 03:00:00,DDPG,0.32163472895852957,0.0,0.0,0.0,0.0,0.0,-0.16347289585295632,110
2025-06-27 04:00:00,DDPG,0.3215213956251962,0.0,0.0,0.0,0.0,0.0,-0.15213956251962113,110
2025-06-27 05:00:00,DDPG,0.3214363956251962,0.0,0.0,0.0,0.0,0.0,-0.1436395625196205,110
2025-06-27 06:00:00,DDPG,0.32132306229186286,0.0,0.0,0.0,0.0,0.0,-0.13230622918628532,110
2025-06-27 07:00:00,DDPG,0.32170639562519626,0.0,0.0,0.0,0.0,0.0,-0.17063956251962553,110
2025-06-27 08:00:00,DDPG,0.322366396618607,2.980232238769531e-07,0.0,0.0,0.0,0.0,-0.23663966782116352,110
2025-06-27 09:00:00,DDPG,0.321906396618607,0.0,0.0,0.0,0.0,0.0,-0.19063966484092987,110
2025-06-27 10:00:00,DDPG,0.32097139661860696,0.0,0.0,0.0,0.0,0.0,-0.09713966186069545,110
2025-06-27 11:00:00,DDPG,0.3204547299519403,0.0,0.0,0.0,0.0,0.0,-0.04547299519402914,110
2025-06-27 12:00:00,DDPG,0.3192080632852736,0.0,0.0,0.0,0.0,0.0,2.0,110
2025-06-27 13:00:00,DDPG,0.3183297299519403,0.0,0.0,0.0,0.0,0.0,2.0,110
2025-06-27 14:00:00,DDPG,0.31733806328527364,0.0,0.0,0.0,0.0,0.0,2.0,110
2025-06-27 15:00:00,DDPG,0.316431396618607,0.0,0.0,0.0,0.0,0.0,2.0,110
2025-06-27 16:00:00,DDPG,0.31583639661860696,0.0,0.0,0.0,0.0,0.0,2.0,110
2025-06-27 17:00:00,DDPG,0.31538306328527366,0.0,0.0,0.0,0.0,0.0,2.0,110
2025-06-27 18:00:00,DDPG,0.31579472995194036,0.0,0.0,0.0,0.0,0.0,2.0,110
2025-06-27 19:00:00,DDPG,0.3155680632852737,0.0,0.0,0.0,0.0,0.0,2.0,110
2025-06-27 20:00:00,DDPG,0.31539806328527364,0.0,0.0,0.0,0.0,0.0,2.0,110
2025-06-27 21:00:00,DDPG,0.315256396618607,0.0,0.0,0.0,0.0,0.0,2.0,110
2025-06-27 22:00:00,DDPG,0.3151147299519403,0.0,0.0,0.0,0.0,0.0,2.0,110
2025-06-27 23:00:00,DDPG,0.3149447299519403,0.0,0.0,0.0,0.0,0.0,2.0,110
2025-06-28 00:00:00,DDPG,0.31610806328527363,0.0,0.0,0.0,0.0,0.0,2.0,110
2025-06-28 01:00:00,DDPG,0.31590972995194033,0.0,0.0,0.0,0.0,0.0,2.0,110
2025-06-28 02:00:00,DDPG,0.31573972995194033,0.0,0.0,0.0,0.0,0.0,2.0,110
2025-06-28 03:00:00,DDPG,0.3155697299519403,0.0,0.0,0.0,0.0,0.0,2.0,110
2025-06-28 04:00:00,DDPG,0.3154280632852736,0.0,0.0,0.0,0.0,0.0,2.0,110
2025-06-28 05:00:00,DDPG,0.3152580632852736,0.0,0.0,0.0,0.0,0.0,2.0,110
2025-06-28 06:00:00,DDPG,0.31505972995194026,0.0,0.0,0.0,0.0,0.0,2.0,110
2025-06-28 07:00:00,DDPG,0.31747139661860696,0.0,0.0,0.0,0.0,0.0,2.0,110
2025-06-28 08:00:00,DDPG,0.31684806328527365,0.0,0.0,0.0,0.0,0.0,2.0,110
2025-06-28 09:00:00,DDPG,0.3158847299519403,0.0,0.0,0.0,0.0,0.0,2.0,110
2025-06-28 10:00:00,DDPG,0.3150280632852736,0.0,0.0,0.0,0.0,0.0,2.0,110
2025-06-28 11:00:00,DDPG,0.31352639661860693,0.0,0.0,0.0,0.0,0.0,2.0,110
2025-06-28 12:00:00,DDPG,0.3119680632852736,0.0,0.0,0.0,0.0,0.0,2.0,110
2025-06-28 13:00:00,DDPG,0.3103530632852736,0.0,0.0,0.0,0.0,0.0,2.0,110
2025-06-28 14:00:00,DDPG,0.3088797299519403,0.0,0.0,0.0,0.0,0.0,2.0,110
2025-06-28 15:00:00,DDPG,0.3076330632852736,0.0,0.0,0.0,0.0,0.0,2.0,110
2025-06-28 16:00:00,DDPG,0.3067547299519403,0.0,0.0,0.0,0.0,0.0,2.0,110
2025-06-28 17:00:00,DDPG,0.30618806328527365,0.0,0.0,0.0,0.0,0.0,2.0,110
2025-06-28 18:00:00,DDPG,0.30593306328527364,0.0,0.0,0.0,0.0,0.0,2.0,110
2025-06-28 19:00:00,DDPG,0.30573472995194034,0.0,0.0,0.0,0.0,0.0,2.0,110
2025-06-28 20:00:00,DDPG,0.30556472995194034,0.0,0.0,0.0,0.0,0.0,2.0,110
2025-06-28 21:00:00,DDPG,0.30539472995194034,0.0,0.0,0.0,0.0,0.0,2.0,110
2025-06-28 22:00:00,DDPG,0.30525306328527363,0.0,0.0,0.0,0.0,0.0,2.0,110
2025-06-28 23:00:00,DDPG,0.3050830632852736,0.0,0.0,0.0,0.0,0.0,2.0,110
2025-06-29 00:00:00,DDPG,0.3049130632852736,0.0,0.0,0.0,0.0,0.0,2.0,110
2025-06-29 01:00:00,DDPG,0.30468639661860697,0.0,0.0,0.0,0.0,0.0,2.0,110
2025-06-29 02:00:00,DDPG,0.3047647299519403,0.0,0.0,0.0,0.0,0.0,2.0,110
2025-06-29 03:00:00,DDPG,0.30487139661860696,0.0,0.0,0.0,0.0,0.0,2.0,110
2025-06-29 04:00:00,DDPG,0.3052547299519403,0.0,0.0,0.0,0.0,0.0,2.0,110
2025-06-29 05:00:00,DDPG,0.30502806328527365,0.0,0.0,0.0,0.0,0.0,2.0,110
2025-06-29 06:00:00,DDPG,0.3051347299519403,0.0,0.0,0.0,0.0,0.0,2.0,110
2025-06-29 07:00:00,DDPG,0.30470972995194034,0.0,0.0,0.0,0.0,0.0,2.0,110
2025-06-29 08:00:00,DDPG,0.306221396618607,0.0,0.0,0.0,0.0,0.0,2.0,110
2025-06-29 09:00:00,DDPG,0.30522972995194037,0.0,0.0,0.0,0.0,0.0,2.0,110
2025-06-29 10:00:00,DDPG,0.304316396618607,0.0,0.0,0.0,0.0,0.0,2.0,110
2025-06-29 11:00:00,DDPG,0.3028147299519403,0.0,0.0,0.0,0.0,0.0,2.0,110
2025-06-29 12:00:00,DDPG,0.302951396618607,0.0,0.0,0.0,0.0,0.0,2.0,110
2025-06-29 13:00:00,DDPG,0.30250639661860695,0.0,0.0,0.0,0.0,0.0,2.0,110
2025-06-29 14:00:00,DDPG,0.302671396618607,0.0,0.0,0.0,0.0,0.0,2.0,110
2025-06-29 15:00:00,DDPG,0.3014247299519403,0.0,0.0,0.0,0.0,0.0,2.0,110
2025-06-29 16:00:00,DDPG,0.30040472995194034,0.0,0.0,0.0,0.0,0.0,2.0,110
2025-06-29 17:00:00,DDPG,0.299696396618607,0.0,0.0,0.0,0.0,0.0,2.0,110
2025-06-29 18:00:00,DDPG,0.2993280632852736,0.0,0.0,0.0,0.0,0.0,2.0,110
2025-06-29 19:00:00,DDPG,0.2990447299519403,0.0,0.0,0.0,0.0,0.0,2.0,110
2025-06-29 20:00:00,DDPG,0.298761396618607,0.0,0.0,0.0,0.0,0.0,2.0,110
2025-06-29 21:00:00,DDPG,0.298506396618607,0.0,0.0,0.0,0.0,0.0,2.0,110
2025-06-29 22:00:00,DDPG,0.2983080632852737,0.0,0.0,0.0,0.0,0.0,2.0,110
2025-06-29 23:00:00,DDPG,0.29810972995194035,0.0,0.0,0.0,0.0,0.0,2.0,110
2025-06-30 00:00:00,DDPG,0.297911396618607,0.0,0.0,0.0,0.0,0.0,2.0,110
2025-06-30 01:00:00,DDPG,0.2977130632852737,0.0,0.0,0.0,0.0,0.0,2.0,110
2025-06-30 02:00:00,DDPG,0.29748639661860704,0.0,0.0,0.0,0.0,0.0,2.0,110
2025-06-30 03:00:00,DDPG,0.2972597299519404,0.0,0.0,0.0,0.0,0.0,2.0,110
2025-06-30 04:00:00,DDPG,0.29703306328527374,0.0,0.0,0.0,0.0,0.0,2.0,110
2025-06-30 05:00:00,DDPG,0.2968347299519404,0.0,0.0,0.0,0.0,0.0,2.0,110
2025-06-30 06:00:00,DDPG,0.296636396618607,0.0,0.0,0.0,0.0,0.0,2.0,110
2025-06-30 07:00:00,DDPG,0.29623972995194037,0.0,0.0,0.0,0.0,0.0,2.0,110
2025-06-30 08:00:00,DDPG,0.2955030632852737,0.0,0.0,0.0,0.0,0.0,2.0,110
2025-06-30 09:00:00,DDPG,0.2943980632852737,0.0,0.0,0.0,0.0,0.0,2.0,110
2025-06-30 10:00:00,DDPG,0.292981396618607,0.0,0.0,0.0,0.0,0.0,2.0,110
2025-06-30 11:00:00,DDPG,0.2917280632852737,0.0,0.0,0.0,0.0,0.0,2.0,110
2025-06-30 12:00:00,DDPG,0.290361396618607,0.0,0.0,0.0,0.0,0.0,2.0,110
2025-06-30 13:00:00,DDPG,0.28961139661860696,0.0,0.0,0.0,0.0,0.0,2.0,110
2025-06-30 14:00:00,DDPG,0.29630806328527365,0.0,0.0,0.0,0.0,0.0,2.0,110
2025-06-30 15:00:00,DDPG,0.2952880632852737,0.0,0.0,0.0,0.0,0.0,2.0,110
2025-06-30 16:00:00,DDPG,0.2974947309453511,2.980232238769531e-07,0.0,0.0,0.0,0.0,1.9999999940395354,110
2025-06-30 17:00:00,DDPG,0.29734639761201775,0.0,0.0,0.0,0.0,0.0,1.9999999970197677,110
2025-06-30 18:00:00,DDPG,0.2970913976120178,0.0,0.0,0.0,0.0,0.0,2.0,110
2025-06-30 19:00:00,DDPG,0.29719806427868445,0.0,0.0,0.0,0.0,0.0,2.0,110
2025-06-30 20:00:00,DDPG,0.29694306427868444,0.0,0.0,0.0,0.0,0.0,2.0,110
2025-06-30 21:00:00,DDPG,0.2983263976120178,0.0,0.0,0.0,0.0,0.0,2.0,110
2025-06-30 22:00:00,DDPG,0.29809973094535114,0.0,0.0,0.0,0.0,0.0,2.0,110
2025-06-30 23:00:00,DDPG,0.29790139761201784,0.0,0.0,0.0,0.0,0.0,2.0,110
2025-07-01 00:00:00,DDPG,0.2977313976120178,0.0,0.0,0.0,0.0,0.0,2.0,110
2025-07-01 01:00:00,DDPG,0.2975613976120178,0.0,0.0,0.0,0.0,0.0,2.0,110
2025-07-01 02:00:00,DDPG,0.29739139761201777,0.0,0.0,0.0,0.0,0.0,2.0,110
2025-07-01 03:00:00,DDPG,0.29722139761201777,0.0,0.0,0.0,0.0,0.0,2.0,110
2025-07-01 04:00:00,DDPG,0.29705139761201776,0.0,0.0,0.0,0.0,0.0,2.0,110
2025-07-01 05:00:00,DDPG,0.29688139761201776,0.0,0.0,0.0,0.0,0.0,2.0,110
2025-07-01 06:00:00,DDPG,0.29668306427868446,0.0,0.0,0.0,0.0,0.0,2.0,110
2025-07-01 07:00:00,DDPG,0.29628639761201775,0.0,0.0,0.0,0.0,0.0,2.0,110
2025-07-01 08:00:00,DDPG,0.2955213976120178,0.0,0.0,0.0,0.0,0.0,2.0,110
2025-07-01 09:00:00,DDPG,0.2943880642786844,0.0,0.0,0.0,0.0,0.0,2.0,110
2025-07-01 10:00:00,DDPG,0.29305639761201774,0.0,0.0,0.0,0.0,0.0,2.0,110
2025-07-01 11:00:00,DDPG,0.29146973094535106,0.0,0.0,0.0,0.0,0.0,2.0,110
2025-07-01 12:00:00,DDPG,0.2911947309453511,0.0,0.0,0.0,0.0,0.0,2.0,110
2025-07-01 13:00:00,DDPG,0.2899197309453511,0.0,0.0,0.0,0.0,0.0,2.0,110
2025-07-01 14:00:00,DDPG,0.2885313976120178,0.0,0.0,0.0,0.0,0.0,2.0,110
2025-07-01 15:00:00,DDPG,0.28873139761201777,0.0,0.0,0.0,0.0,0.0,2.0,110
2025-07-01 16:00:00,DDPG,0.28793806427868446,0.0,0.0,0.0,0.0,0.0,2.0,110
2025-07-01 17:00:00,DDPG,0.2877047309453511,0.0,0.0,0.0,0.0,0.0,2.0,110
2025-07-01 18:00:00,DDPG,0.2876980642786844,0.0,0.0,0.0,0.0,0.0,2.0,110
2025-07-01 19:00:00,DDPG,0.28844306427868444,0.0,0.0,0.0,0.0,0.0,2.0,110
2025-07-01 20:00:00,DDPG,0.29227306427868444,0.0,0.0,0.0,0.0,0.0,2.0,110
2025-07-01 21:00:00,DDPG,0.29779806427868444,0.0,0.0,0.0,0.0,0.0,2.0,110
2025-07-01 22:00:00,DDPG,0.2999897309453511,0.0,0.0,0.0,0.0,0.0,2.0,110
2025-07-01 23:00:00,DDPG,0.3048197309453511,0.0,0.0,0.0,0.0,0.0,2.0,110
2025-07-02 00:00:00,DDPG,0.3119547309453511,0.0,0.0,0.0,0.0,0.0,2.0,110
2025-07-02 01:00:00,DDPG,0.31172806427868444,0.0,0.0,0.0,0.0,0.0,2.0,110
2025-07-02 02:00:00,DDPG,0.3118630642786844,0.0,0.0,0.0,0.0,0.0,2.0,110
2025-07-02 03:00:00,DDPG,0.3166930642786844,0.0,0.0,0.0,0.0,0.0,2.0,110
2025-07-02 04:00:00,DDPG,0.321884730945351,0.0,0.0,0.0,0.0,0.0,-0.18847309453510208,110
2025-07-02 05:00:00,DDPG,0.3447713976120177,0.0,0.0,0.0,0.0,0.0,-2.4771397612017685,110
2025-07-02 06:00:00,DDPG,0.3475730642786844,0.0,0.0,0.0,0.0,0.0,-2.757306427868439,110
2025-07-02 07:00:00,DDPG,0.35808625785081594,0.0,0.0,0.2695419283605318,0.0,0.0,-3.8086257850815928,110
2025-07-02 08:00:00,DDPG,0.36212263206573436,0.0,0.0,0.40408773552447885,0.0,0.0,-4.212263206573436,110
2025-07-02 09:00:00,DDPG,0.36292786930619575,1.4901161193847656e-07,0.0,0.43092897687319154,0.0,0.0,-4.292786933599806,110
2025-07-02 10:00:00,DDPG,0.3635250823755761,0.0,0.0,0.4508360791858721,0.0,0.0,-4.3525082390477285,110
2025-07-02 11:00:00,DDPG,0.3685370741380185,0.0,0.0,0.6179024712672843,0.0,0.0,-4.85370741380185,110
2025-07-02 12:00:00,DDPG,0.37492436672421664,0.0,0.0,0.8308122241405557,0.0,0.0,-5.492436672421663,110
2025-07-02 13:00:00,DDPG,0.380800430051795,0.0,0.0,1.0266810017265002,0.0,0.0,-6.080043005179498,110
2025-07-02 14:00:00,DDPG,0.3830633870466155,0.0,0.0,1.1021129015538507,0.0,0.0,-6.306338704661552,110
2025-07-02 15:00:00,DDPG,0.384474548341954,0.0,0.0,1.1491516113984659,0.0,0.0,-6.447454834195398,110
2025-07-02 16:00:00,DDPG,0.3827190935077586,0.0,0.0,1.09063645025862,0.0,0.0,-6.271909350775861,110
2025-07-02 17:00:00,DDPG,0.38056468415698275,0.0,0.0,1.0188228052327588,0.0,0.0,-6.056468415698273,110
2025-07-02 18:00:00,DDPG,0.3775532157412845,0.0,0.0,0.918440524709483,0.0,0.0,-5.7553215741284465,110
2025-07-02 19:00:00,DDPG,0.374868394167156,0.0,0.0,0.8289464722385347,0.0,0.0,-5.4868394167156,110
2025-07-02 20:00:00,DDPG,0.3722030547504404,0.0,0.0,0.7401018250146806,0.0,0.0,-5.22030547504404,110
2025-07-02 21:00:00,DDPG,0.3698042492753964,0.0,0.0,0.660141642513213,0.0,0.0,-4.980424927539639,110
2025-07-02 22:00:00,DDPG,0.3676198243478567,0.0,0.0,0.5873274782618921,0.0,0.0,-4.761982434785672,110
2025-07-02 23:00:00,DDPG,0.36557734191307106,0.0,0.0,0.5192447304357017,0.0,0.0,-4.557734191307105,110
2025-07-03 00:00:00,DDPG,0.3636881077217639,0.0,0.0,0.4562702573921314,0.0,0.0,-4.36881077217639,110
2025-07-03 01:00:00,DDPG,0.3629132969495875,0.0,0.0,0.4304432316529173,0.0,0.0,-4.291329694958751,110
2025-07-03 02:00:00,DDPG,0.36139246725462876,0.0,0.0,0.37974890848762616,0.0,0.0,-4.1392467254628755,110
2025-07-03 03:00:00,DDPG,0.3611727205291659,0.0,0.0,0.37242401763886335,0.0,0.0,-4.117272052916587,110
2025-07-03 04:00:00,DDPG,0.3597494484762493,0.0,0.0,0.32498161587497665,0.0,0.0,-3.9749448476249283,110
2025-07-03 05:00:00,DDPG,0.3585450036286244,0.0,0.0,0.2848334542874795,0.0,0.0,-3.8545003628624395,110
2025-07-03 06:00:00,DDPG,0.358635503265762,0.0,0.0,0.2878501088587328,0.0,0.0,-3.863550326576198,110
2025-07-03 07:00:00,DDPG,0.3577659529391857,0.0,0.0,0.2588650979728584,0.0,0.0,-3.7765952939185716,110
2025-07-03 08:00:00,DDPG,0.35672835764526717,0.0,0.0,0.22427858817557222,0.0,0.0,-3.6728357645267167,110
2025-07-03 09:00:00,DDPG,0.3553160218807404,0.0,0.0,0.17720072935801456,0.0,0.0,-3.5316021880740402,110
2025-07-03 10:00:00,DDPG,0.3568919196926664,0.0,0.0,0.22973065642221258,0.0,0.0,-3.689191969266642,110
2025-07-03 11:00:00,DDPG,0.3573397277233997,0.0,0.0,0.2446575907799911,0.0,0.0,-3.733972772339972,110
2025-07-03 12:00:00,DDPG,0.3572447549510598,0.0,0.0,0.2414918317019925,0.0,0.0,-3.7244754951059775,110
2025-07-03 13:00:00,DDPG,0.3612062794559538,0.0,0.0,0.37354264853179303,0.0,0.0,-4.120627945595379,110
2025-07-03 14:00:00,DDPG,0.3605266515103584,0.0,0.0,0.3508883836786126,0.0,0.0,-4.052665151035839,110
2025-07-03 15:00:00,DDPG,0.3593149863593225,0.0,0.0,0.31049954531075064,0.0,0.0,-3.9314986359322512,110
2025-07-03 16:00:00,DDPG,0.35794998772339026,0.0,0.0,0.26499959077967644,0.0,0.0,-3.7949987723390253,110
2025-07-03 17:00:00,DDPG,0.35669598895105126,0.0,0.0,0.2231996317017078,0.0,0.0,-3.669598895105125,110
2025-07-03 18:00:00,DDPG,0.3557713900559461,0.0,0.0,0.1923796685315381,0.0,0.0,-3.57713900559461,110
2025-07-03 19:00:00,DDPG,0.3549137510503515,0.0,0.0,0.1637917016783831,0.0,0.0,-3.491375105035149,110
2025-07-03 20:00:00,DDPG,0.3542693759453164,0.0,0.0,0.14231253151054518,0.0,0.0,-3.426937594531637,110
2025-07-03 21:00:00,DDPG,0.3537404383507847,0.0,0.0,0.12468127835949049,0.0,0.0,-3.3740438350784716,110
2025-07-03 22:00:00,DDPG,0.3532388945157062,0.0,0.0,0.10796315052354118,0.0,0.0,-3.323889451570622,110
2025-07-03 23:00:00,DDPG,0.3527875050641356,0.0,0.0,0.09291683547118623,0.0,0.0,-3.278750506413558,110
2025-07-04 00:00:00,DDPG,0.352355754557722,0.0,0.0,0.07852515192406742,0.0,0.0,-3.2355754557721994,110
2025-07-04 01:00:00,DDPG,0.35194167910194984,0.0,0.0,0.06472263673166055,0.0,0.0,-3.1941679101949836,110
2025-07-04 02:00:00,DDPG,0.35159451119175483,0.0,0.0,0.05315037305849444,0.0,0.0,-3.1594511191754826,110
2025-07-04 03:00:00,DDPG,0.35128206007257934,0.0,0.0,0.04273533575264424,0.0,0.0,-3.1282060072579334,110
2025-07-04 04:00:00,DDPG,0.3510008540653214,0.0,0.0,0.03336180217738018,0.0,0.0,-3.1000854065321377,110
2025-07-04 05:00:00,DDPG,0.35074776865878926,0.0,0.0,0.024925621959641833,0.0,0.0,-3.074776865878926,110
2025-07-04 06:00:00,DDPG,0.35049449179291037,0.0,0.0,0.016483059763677945,0.0,0.0,-3.0494491792910363,110
2025-07-04 07:00:00,DDPG,0.3501135426136193,0.0,0.0,0.0037847537873105354,0.0,0.0,-3.011354261361932,110
2025-07-04 08:00:00,DDPG,0.34932020928028595,0.0,0.0,0.0,0.0,0.0,-2.932020928028595,110
2025-07-04 09:00:00,DDPG,0.34818687594695263,0.0,0.0,0.0,0.0,0.0,-2.8186875946952625,110
2025-07-04 10:00:00,DDPG,0.3467985426136193,0.0,0.0,0.0,0.0,0.0,-2.67985426136193,110
2025-07-04 11:00:00,DDPG,0.34518354261361933,0.0,0.0,0.0,0.0,0.0,-2.5183542613619325,110
2025-07-04 12:00:00,DDPG,0.3434835426136193,0.0,0.0,0.0,0.0,0.0,-2.348354261361929,110
2025-07-04 13:00:00,DDPG,0.34178354261361926,0.0,0.0,0.0,0.0,0.0,-2.1783542613619256,110
2025-07-04 14:00:00,DDPG,0.3402535426136193,0.0,0.0,0.0,0.0,0.0,-2.0253542613619278,110
2025-07-04 15:00:00,DDPG,0.3390068759469526,0.0,0.0,0.0,0.0,0.0,-1.9006875946952606,110
2025-07-04 16:00:00,DDPG,0.3380435426136193,0.0,0.0,0.0,0.0,0.0,-1.804354261361929,110
2025-07-04 17:00:00,DDPG,0.3373635426136193,0.0,0.0,0.0,0.0,0.0,-1.7363542613619276,110
2025-07-04 18:00:00,DDPG,0.3376335426136193,0.0,0.0,0.0,0.0,0.0,-1.7633542613619269,110
2025-07-04 19:00:00,DDPG,0.3373218759469526,0.0,0.0,0.0,0.0,0.0,-1.7321875946952616,110
2025-07-04 20:00:00,DDPG,0.33740020928028597,0.0,0.0,0.0,0.0,0.0,-1.740020928028596,110
2025-07-04 21:00:00,DDPG,0.33717354261361926,0.0,0.0,0.0,0.0,0.0,-1.7173542613619253,110
2025-07-04 22:00:00,DDPG,0.33697520928028596,0.0,0.0,0.0,0.0,0.0,-1.6975209280285952,110
2025-07-04 23:00:00,DDPG,0.3367485426136193,0.0,0.0,0.0,0.0,0.0,-1.6748542613619302,110
2025-07-05 00:00:00,DDPG,0.33652187594695265,0.0,0.0,0.0,0.0,0.0,-1.6521875946952647,110
2025-07-05 01:00:00,DDPG,0.33626687594695265,0.0,0.0,0.0,0.0,0.0,-1.6266875946952641,110
2025-07-05 02:00:00,DDPG,0.33595520928028594,0.0,0.0,0.0,0.0,0.0,-1.5955209280285931,110
2025-07-05 03:00:00,DDPG,0.3356435426136193,0.0,0.0,0.0,0.0,0.0,-1.5643542613619275,110
2025-07-05 04:00:00,DDPG,0.3353318759469526,0.0,0.0,0.0,0.0,0.0,-1.5331875946952565,110
2025-07-05 05:00:00,DDPG,0.3350202092802859,0.0,0.0,0.0,0.0,0.0,-1.5020209280285912,110
2025-07-05 06:00:00,DDPG,0.3347085426136192,0.0,0.0,0.0,0.0,0.0,-1.4708542613619202,110
2025-07-05 07:00:00,DDPG,0.3342552092802859,0.0,0.0,0.0,0.0,0.0,-1.4255209280285897,110
2025-07-05 08:00:00,DDPG,0.3334618759469526,0.0,0.0,0.0,0.0,0.0,-1.3461875946952584,110
2025-07-05 09:00:00,DDPG,0.3323285426136192,0.0,0.0,0.0,0.0,0.0,-1.232854261361921,110
2025-07-05 10:00:00,DDPG,0.33099687594695254,0.0,0.0,0.0,0.0,0.0,-1.0996875946952533,110
2025-07-05 11:00:00,DDPG,0.32941020928028586,0.0,0.0,0.0,0.0,0.0,-0.9410209280285855,110
2025-07-05 12:00:00,DDPG,0.3277668759469526,0.0,0.0,0.0,0.0,0.0,-0.7766875946952578,110
2025-07-05 13:00:00,DDPG,0.3260952092802859,0.0,0.0,0.0,0.0,0.0,-0.6095209280285898,110
2025-07-05 14:00:00,DDPG,0.3245368759469526,0.0,0.0,0.0,0.0,0.0,-0.453687594695257,110
2025-07-05 15:00:00,DDPG,0.3232052092802859,0.0,0.0,0.0,0.0,0.0,-0.3205209280285892,110
2025-07-05 16:00:00,DDPG,0.32218520928028593,0.0,0.0,0.0,0.0,0.0,-0.21852092802859246,110
2025-07-05 17:00:00,DDPG,0.3215052092802859,0.0,0.0,0.0,0.0,0.0,-0.15052092802859107,110
2025-07-05 18:00:00,DDPG,0.32249854311032466,1.4901161193847656e-07,0.0,0.0,0.0,0.0,-0.2498543140126981,110
2025-07-05 19:00:00,DDPG,0.322881876443658,0.0,0.0,0.0,0.0,0.0,-0.2881876458559165,110
2025-07-05 20:00:00,DDPG,0.32268354311032466,0.0,0.0,0.0,0.0,0.0,-0.2683543110324651,110
2025-07-05 21:00:00,DDPG,0.3231235431103247,0.0,0.0,0.0,0.0,0.0,-0.31235431103247,110
2025-07-05 22:00:00,DDPG,0.3236485431103247,0.0,0.0,0.0,0.0,0.0,-0.3648543110324698,110
2025-07-05 23:00:00,DDPG,0.323506876443658,0.0,0.0,0.0,0.0,0.0,-0.35068764436579913,110
2025-07-06 00:00:00,DDPG,0.326641876443658,0.0,0.0,0.0,0.0,0.0,-0.664187644365799,110
2025-07-06 01:00:00,DDPG,0.32841520977699135,0.0,0.0,0.0,0.0,0.0,-0.8415209776991341,110
2025-07-06 02:00:00,DDPG,0.3321885431103247,0.0,0.0,0.0,0.0,0.0,-1.218854311032469,110
2025-07-06 03:00:00,DDPG,0.33196187644365804,0.0,0.0,0.0,0.0,0.0,-1.1961876443658035,110
2025-07-06 04:00:00,DDPG,0.3330685431103247,0.0,0.0,0.0,0.0,0.0,-1.3068543110324682,110
2025-07-06 05:00:00,DDPG,0.3328702097769914,0.0,0.0,0.0,0.0,0.0,-1.2870209776991381,110
2025-07-06 06:00:00,DDPG,0.3326152097769914,0.0,0.0,0.0,0.0,0.0,-1.2615209776991376,110
2025-07-06 07:00:00,DDPG,0.3322185431103247,0.0,0.0,0.0,0.0,0.0,-1.2218543110324722,110
2025-07-06 08:00:00,DDPG,0.33165187644365807,0.0,0.0,0.0,0.0,0.0,-1.165187644365806,110
2025-07-06 09:00:00,DDPG,0.3307452097769914,0.0,0.0,0.0,0.0,0.0,-1.0745209776991391,110
2025-07-06 10:00:00,DDPG,0.3294702097769914,0.0,0.0,0.0,0.0,0.0,-0.947020977699137,110
2025-07-06 11:00:00,DDPG,0.3279685431103247,0.0,0.0,0.0,0.0,0.0,-0.7968543110324688,110
2025-07-06 12:00:00,DDPG,0.3265235431103247,0.0,0.0,0.0,0.0,0.0,-0.6523543110324717,110
2025-07-06 13:00:00,DDPG,0.32994354311032476,0.0,0.0,0.0,0.0,0.0,-0.9943543110324748,110
2025-07-06 14:00:00,DDPG,0.3294268764436581,0.0,0.0,0.0,0.0,0.0,-0.9426876443658081,110
2025-07-06 15:00:00,DDPG,0.32829354311032477,0.0,0.0,0.0,0.0,0.0,-0.8293543110324766,110
2025-07-06 16:00:00,DDPG,0.32735854311032475,0.0,0.0,0.0,0.0,0.0,-0.7358543110324742,110
2025-07-06 17:00:00,DDPG,0.3267352097769914,0.0,0.0,0.0,0.0,0.0,-0.673520977699138,110
2025-07-06 18:00:00,DDPG,0.32642354311032473,0.0,0.0,0.0,0.0,0.0,-0.6423543110324728,110
2025-07-06 19:00:00,DDPG,0.32614020977699143,0.0,0.0,0.0,0.0,0.0,-0.6140209776991421,110
2025-07-06 20:00:00,DDPG,0.3259135431103248,0.0,0.0,0.0,0.0,0.0,-0.591354311032477,110
2025-07-06 21:00:00,DDPG,0.32568687644365807,0.0,0.0,0.0,0.0,0.0,-0.5686876443658062,110
2025-07-06 22:00:00,DDPG,0.3254318764436581,0.0,0.0,0.0,0.0,0.0,-0.543187644365811,110
2025-07-06 23:00:00,DDPG,0.3251768764436581,0.0,0.0,0.0,0.0,0.0,-0.5176876443658109,110
2025-07-07 00:00:00,DDPG,0.3255885431103248,0.0,0.0,0.0,0.0,0.0,-0.5588543110324808,110
2025-07-07 01:00:00,DDPG,0.3253052097769915,0.0,0.0,0.0,0.0,0.0,-0.5305209776991502,110
2025-07-07 02:00:00,DDPG,0.3250502097769915,0.0,0.0,0.0,0.0,0.0,-0.5050209776991501,110
2025-07-07 03:00:00,DDPG,0.32482354311032485,0.0,0.0,0.0,0.0,0.0,-0.4823543110324846,110
2025-07-07 04:00:00,DDPG,0.32526354311032485,0.0,0.0,0.0,0.0,0.0,-0.5263543110324842,110
2025-07-07 05:00:00,DDPG,0.32506520977699155,0.0,0.0,0.0,0.0,0.0,-0.5065209776991542,110
2025-07-07 06:00:00,DDPG,0.32650520977699155,0.0,0.0,0.0,0.0,0.0,-0.6505209776991538,110
2025-07-07 07:00:00,DDPG,0.32616520977699154,0.0,0.0,0.0,0.0,0.0,-0.6165209776991531,110
2025-07-07 08:00:00,DDPG,0.32545687644365817,0.0,0.0,0.0,0.0,0.0,-0.5456876443658167,110
2025-07-07 09:00:00,DDPG,0.32440854311032485,0.0,0.0,0.0,0.0,0.0,-0.44085431103248496,110
2025-07-07 10:00:00,DDPG,0.3230485431103249,0.0,0.0,0.0,0.0,0.0,-0.3048543110324875,110
2025-07-07 11:00:00,DDPG,0.3217168764436582,0.0,0.0,0.0,0.0,0.0,-0.17168764436581974,110
2025-07-07 12:00:00,DDPG,0.32191020977699153,0.0,0.0,0.0,0.0,0.0,-0.19102097769915227,110
2025-07-07 13:00:00,DDPG,0.32149354311032485,0.0,0.0,0.0,0.0,0.0,-0.14935431103248487,110
2025-07-07 14:00:00,DDPG,0.3223602097769915,0.0,0.0,0.0,0.0,0.0,-0.23602097769914732,110
2025-07-07 15:00:00,DDPG,0.32228354311032487,0.0,0.0,0.0,0.0,0.0,-0.22835431103248593,110
2025-07-07 16:00:00,DDPG,0.32165354311032485,0.0,0.0,0.0,0.0,0.0,-0.165354311032484,110
2025-07-07 17:00:00,DDPG,0.32269687843047967,5.960464477539062e-07,0.0,0.0,0.0,0.0,-0.26968785496889547,110
2025-07-07 18:00:00,DDPG,0.327746878927185,1.4901161193847656e-07,0.0,0.0,0.0,0.0,-0.7746878986789651,110
2025-07-07 19:00:00,DDPG,0.32818687892718507,0.0,0.0,0.0,0.0,0.0,-0.818687894208622,110
2025-07-07 20:00:00,DDPG,0.3315702122605184,0.0,0.0,0.0,0.0,0.0,-1.1570212260518407,110
2025-07-07 21:00:00,DDPG,0.33295354559385176,0.0,0.0,0.0,0.0,0.0,-1.2953545593851756,110
2025-07-07 22:00:00,DDPG,0.3327552122605184,0.0,0.0,0.0,0.0,0.0,-1.2755212260518398,110
2025-07-07 23:00:00,DDPG,0.33322354559385176,0.0,0.0,0.0,0.0,0.0,-1.3223545593851749,110
2025-07-08 00:00:00,DDPG,0.3383302122605184,0.0,0.0,0.0,0.0,0.0,-1.83302122605184,110
2025-07-08 01:00:00,DDPG,0.3434935455938517,0.0,0.0,0.0,0.0,0.0,-2.3493545593851692,110
2025-07-08 02:00:00,DDPG,0.3450185455938517,0.0,0.0,0.0,0.0,0.0,-2.501854559385169,110
2025-07-08 03:00:00,DDPG,0.34557187892718505,0.0,0.0,0.0,0.0,0.0,-2.5571878927185043,110
2025-07-08 04:00:00,DDPG,0.345791878927185,0.0,0.0,0.0,0.0,0.0,-2.5791878927184984,110
2025-07-08 05:00:00,DDPG,0.34567854559385164,0.0,0.0,0.0,0.0,0.0,-2.5678545593851627,110
2025-07-08 06:00:00,DDPG,0.34553687892718493,0.0,0.0,0.0,0.0,0.0,-2.553687892718493,110
2025-07-08 07:00:00,DDPG,0.3451968789271849,0.0,0.0,0.0,0.0,0.0,-2.5196878927184923,110
2025-07-08 08:00:00,DDPG,0.3446585455938516,0.0,0.0,0.0,0.0,0.0,-2.4658545593851606,110
2025-07-08 09:00:00,DDPG,0.34358187892718495,0.0,0.0,0.0,0.0,0.0,-2.358187892718494,110
2025-07-08 10:00:00,DDPG,0.3422218789271849,0.0,0.0,0.0,0.0,0.0,-2.222187892718491,110
2025-07-08 11:00:00,DDPG,0.34060687892718494,0.0,0.0,0.0,0.0,0.0,-2.0606878927184935,110
2025-07-08 12:00:00,DDPG,0.33890687892718496,0.0,0.0,0.0,0.0,0.0,-1.8906878927184954,110
2025-07-08 13:00:00,DDPG,0.3372068789271849,0.0,0.0,0.0,0.0,0.0,-1.7206878927184919,110
2025-07-08 14:00:00,DDPG,0.3356485455938516,0.0,0.0,0.0,0.0,0.0,-1.564854559385159,110
2025-07-08 15:00:00,DDPG,0.3343452122605182,0.0,0.0,0.0,0.0,0.0,-1.4345212260518214,110
2025-07-08 16:00:00,DDPG,0.3336868789271849,0.0,0.0,0.0,0.0,0.0,-1.3686878927184898,110
2025-07-08 17:00:00,DDPG,0.3337868789271849,0.0,0.0,0.0,0.0,0.0,-1.3786878927184887,110
2025-07-08 18:00:00,DDPG,0.3334468789271849,0.0,0.0,0.0,0.0,0.0,-1.344687892718488,110
2025-07-08 19:00:00,DDPG,0.3331918789271849,0.0,0.0,0.0,0.0,0.0,-1.3191878927184875,110
2025-07-08 20:00:00,DDPG,0.33296521226051823,0.0,0.0,0.0,0.0,0.0,-1.296521226051822,110
2025-07-08 21:00:00,DDPG,0.3327385455938516,0.0,0.0,0.0,0.0,0.0,-1.273854559385157,110
2025-07-08 22:00:00,DDPG,0.3325118789271849,0.0,0.0,0.0,0.0,0.0,-1.2511878927184918,110
2025-07-08 23:00:00,DDPG,0.33228521226051827,0.0,0.0,0.0,0.0,0.0,-1.2285212260518263,110
2025-07-09 00:00:00,DDPG,0.3320585455938516,0.0,0.0,0.0,0.0,0.0,-1.2058545593851608,110
2025-07-09 01:00:00,DDPG,0.3318035455938516,0.0,0.0,0.0,0.0,0.0,-1.1803545593851608,110
2025-07-09 02:00:00,DDPG,0.33157687892718496,0.0,0.0,0.0,0.0,0.0,-1.1576878927184953,110
2025-07-09 03:00:00,DDPG,0.3313502122605183,0.0,0.0,0.0,0.0,0.0,-1.1350212260518298,110
2025-07-09 04:00:00,DDPG,0.33112354559385165,0.0,0.0,0.0,0.0,0.0,-1.1123545593851647,110
2025-07-09 05:00:00,DDPG,0.33089687892718495,0.0,0.0,0.0,0.0,0.0,-1.0896878927184939,110
2025-07-09 06:00:00,DDPG,0.330641878927185,0.0,0.0,0.0,0.0,0.0,-1.0641878927184987,110
2025-07-09 07:00:00,DDPG,0.33024521226051834,0.0,0.0,0.0,0.0,0.0,-1.0245212260518333,110
2025-07-09 08:00:00,DDPG,0.32945187892718497,0.0,0.0,0.0,0.0,0.0,-0.9451878927184962,110
2025-07-09 09:00:00,DDPG,0.32831854559385165,0.0,0.0,0.0,0.0,0.0,-0.8318545593851647,110
2025-07-09 10:00:00,DDPG,0.327071878927185,0.0,0.0,0.0,0.0,0.0,-0.7071878927184971,110
2025-07-09 11:00:00,DDPG,0.32565521226051836,0.0,0.0,0.0,0.0,0.0,-0.565521226051835,110
2025-07-09 12:00:00,DDPG,0.3239552122605183,0.0,0.0,0.0,0.0,0.0,-0.3955212260518315,110
2025-07-09 13:00:00,DDPG,0.3228152122605183,0.0,0.0,0.0,0.0,0.0,-0.2815212260518285,110
2025-07-09 14:00:00,DDPG,0.3228452122605183,0.0,0.0,0.0,0.0,0.0,-0.2845212260518313,110
2025-07-09 15:00:00,DDPG,0.32218687892718495,0.0,0.0,0.0,0.0,0.0,-0.21868789271849431,110
2025-07-09 16:00:00,DDPG,0.325506878927185,0.0,0.0,0.0,0.0,0.0,-0.550687892718499,110
2025-07-09 17:00:00,DDPG,0.32602521275722374,1.4901161193847656e-07,0.0,0.0,0.0,0.0,-0.6025212787026053,110
2025-07-09 18:00:00,DDPG,0.32568521275722373,0.0,0.0,0.0,0.0,0.0,-0.5685212772124886,110
2025-07-09 19:00:00,DDPG,0.3254302127572237,0.0,0.0,0.0,0.0,0.0,-0.5430212757223716,110
2025-07-09 20:00:00,DDPG,0.32523187942389037,0.0,0.0,0.0,0.0,0.0,-0.5231879423890362,110
2025-07-09 21:00:00,DDPG,0.32506187942389037,0.0,0.0,0.0,0.0,0.0,-0.5061879423890359,110
2025-07-09 22:00:00,DDPG,0.3249202127572237,0.0,0.0,0.0,0.0,0.0,-0.49202127572237053,110
2025-07-09 23:00:00,DDPG,0.32505521275722365,0.0,0.0,0.0,0.0,0.0,-0.5055212757223648,110
2025-07-10 00:00:00,DDPG,0.32485687942389035,0.0,0.0,0.0,0.0,0.0,-0.4856879423890348,110
2025-07-10 01:00:00,DDPG,0.32468687942389035,0.0,0.0,0.0,0.0,0.0,-0.46868794238903444,110
2025-07-10 02:00:00,DDPG,0.32454521275722364,0.0,0.0,0.0,0.0,0.0,-0.4545212757223638,110
2025-07-10 03:00:00,DDPG,0.324403546090557,0.0,0.0,0.0,0.0,0.0,-0.44035460905569845,110
2025-07-10 04:00:00,DDPG,0.3242618794238903,0.0,0.0,0.0,0.0,0.0,-0.4261879423890278,110
2025-07-10 05:00:00,DDPG,0.32412021275722364,0.0,0.0,0.0,0.0,0.0,-0.4120212757223629,110
2025-07-10 06:00:00,DDPG,0.3239218794238903,0.0,0.0,0.0,0.0,0.0,-0.3921879423890271,110
2025-07-10 07:00:00,DDPG,0.323553546090557,0.0,0.0,0.0,0.0,0.0,-0.3553546090556967,110
2025-07-10 08:00:00,DDPG,0.32448354609055696,0.0,0.0,0.0,0.0,0.0,-0.4483546090556958,110
2025-07-10 09:00:00,DDPG,0.32515854609055694,0.0,0.0,0.0,0.0,0.0,-0.5158546090556939,110
2025-07-10 10:00:00,DDPG,0.3239685460905569,0.0,0.0,0.0,0.0,0.0,-0.3968546090556915,110
2025-07-10 11:00:00,DDPG,0.3225518794238903,0.0,0.0,0.0,0.0,0.0,-0.2551879423890293,110
2025-07-10 12:00:00,DDPG,0.3226602127572236,0.0,0.0,0.0,0.0,0.0,-0.26602127572236123,110
2025-07-10 13:00:00,DDPG,0.32822187942389025,0.0,0.0,0.0,0.0,0.0,-0.8221879423890242,110
2025-07-10 14:00:00,DDPG,0.32728687942389023,0.0,0.0,0.0,0.0,0.0,-0.7286879423890227,110
2025-07-10 15:00:00,DDPG,0.3262385460905569,0.0,0.0,0.0,0.0,0.0,-0.6238546090556909,110
2025-07-10 16:00:00,DDPG,0.32547354609055695,0.0,0.0,0.0,0.0,0.0,-0.5473546090556947,110
2025-07-10 17:00:00,DDPG,0.3249635460905569,0.0,0.0,0.0,0.0,0.0,-0.49635460905568785,110
2025-07-10 18:00:00,DDPG,0.3245952127572236,0.0,0.0,0.0,0.0,0.0,-0.45952127572235746,110
2025-07-10 19:00:00,DDPG,0.3242835460905569,0.0,0.0,0.0,0.0,0.0,-0.42835460905568645,110
2025-07-10 20:00:00,DDPG,0.32411354609055687,0.0,0.0,0.0,0.0,0.0,-0.4113546090556861,110
2025-07-10 21:00:00,DDPG,0.3239718794238902,0.0,0.0,0.0,0.0,0.0,-0.3971879423890212,110
2025-07-10 22:00:00,DDPG,0.3237168794238902,0.0,0.0,0.0,0.0,0.0,-0.3716879423890207,110
2025-07-10 23:00:00,DDPG,0.32349021275722356,0.0,0.0,0.0,0.0,0.0,-0.34902127572235564,110
2025-07-11 00:00:00,DDPG,0.3232918794238902,0.0,0.0,0.0,0.0,0.0,-0.3291879423890198,110
2025-07-11 01:00:00,DDPG,0.3230935460905569,0.0,0.0,0.0,0.0,0.0,-0.3093546090556898,110
2025-07-11 02:00:00,DDPG,0.3229235460905569,0.0,0.0,0.0,0.0,0.0,-0.29235460905568944,110
2025-07-11 03:00:00,DDPG,0.3226968794238902,0.0,0.0,0.0,0.0,0.0,-0.2696879423890186,110
2025-07-11 04:00:00,DDPG,0.32247021275722354,0.0,0.0,0.0,0.0,0.0,-0.24702127572235355,110
2025-07-11 05:00:00,DDPG,0.32227187942389024,0.0,0.0,0.0,0.0,0.0,-0.2271879423890235,110
2025-07-11 06:00:00,DDPG,0.32201687942389023,0.0,0.0,0.0,0.0,0.0,-0.20168794238902255,110
2025-07-11 07:00:00,DDPG,0.3216485460905569,0.0,0.0,0.0,0.0,0.0,-0.16485460905568683,110
2025-07-11 08:00:00,DDPG,0.32094021275722356,0.0,0.0,0.0,0.0,0.0,-0.09402127572235575,110
2025-07-11 09:00:00,DDPG,0.3198635460905569,0.0,0.0,0.0,0.0,0.0,2.0,110
2025-07-11 10:00:00,DDPG,0.3186452127572236,0.0,0.0,0.0,0.0,0.0,2.0,110
2025-07-11 11:00:00,DDPG,0.3193135460905569,0.0,0.0,0.0,0.0,0.0,2.0,110
2025-07-11 12:00:00,DDPG,0.3185918794238902,0.0,0.0,0.0,0.0,0.0,2.0,110
2025-07-11 13:00:00,DDPG,0.31882021275722355,0.0,0.0,0.0,0.0,0.0,2.0,110
2025-07-11 14:00:00,DDPG,0.31771521275722353,0.0,0.0,0.0,0.0,0.0,2.0,110
2025-07-11 15:00:00,DDPG,0.31917021275722357,0.0,0.0,0.0,0.0,0.0,2.0,110
2025-07-11 16:00:00,DDPG,0.3190152127572236,0.0,0.0,0.0,0.0,0.0,2.0,110
2025-07-11 17:00:00,DDPG,0.31878187942389025,0.0,0.0,0.0,0.0,0.0,2.0,110
2025-07-11 18:00:00,DDPG,0.31877521275722354,0.0,0.0,0.0,0.0,0.0,2.0,110
2025-07-11 19:00:00,DDPG,0.3184635460905568,0.0,0.0,0.0,0.0,0.0,2.0,110
2025-07-11 20:00:00,DDPG,0.3182368794238902,0.0,0.0,0.0,0.0,0.0,2.0,110
2025-07-11 21:00:00,DDPG,0.3183435460905569,0.0,0.0,0.0,0.0,0.0,2.0,110
2025-07-11 22:00:00,DDPG,0.3181452127572235,0.0,0.0,0.0,0.0,0.0,2.0,110
2025-07-11 23:00:00,DDPG,0.31794687942389016,0.0,0.0,0.0,0.0,0.0,2.0,110
2025-07-12 00:00:00,DDPG,0.31774854609055686,0.0,0.0,0.0,0.0,0.0,2.0,110
2025-07-12 01:00:00,DDPG,0.3175502127572235,0.0,0.0,0.0,0.0,0.0,2.0,110
2025-07-12 02:00:00,DDPG,0.3173518794238902,0.0,0.0,0.0,0.0,0.0,2.0,110
2025-07-12 03:00:00,DDPG,0.3171818794238902,0.0,0.0,0.0,0.0,0.0,2.0,110
2025-07-12 04:00:00,DDPG,0.31698354609055684,0.0,0.0,0.0,0.0,0.0,2.0,110
2025-07-12 05:00:00,DDPG,0.3167852127572235,0.0,0.0,0.0,0.0,0.0,2.0,110
2025-07-12 06:00:00,DDPG,0.3188918794238902,0.0,0.0,0.0,0.0,0.0,2.0,110
2025-07-12 07:00:00,DDPG,0.3205802127572235,0.0,0.0,0.0,0.0,0.0,-0.058021275722347276,110
2025-07-12 08:00:00,DDPG,0.3199002127572235,0.0,0.0,0.0,0.0,0.0,2.0,110
2025-07-12 09:00:00,DDPG,0.3188802127572235,0.0,0.0,0.0,0.0,0.0,2.0,110
2025-07-12 10:00:00,DDPG,0.31824354609055683,0.0,0.0,0.0,0.0,0.0,2.0,110
2025-07-12 11:00:00,DDPG,0.3168268794238902,0.0,0.0,0.0,0.0,0.0,2.0,110
2025-07-12 12:00:00,DDPG,0.3173535460905569,0.0,0.0,0.0,0.0,0.0,2.0,110
2025-07-12 13:00:00,DDPG,0.3183552127572235,0.0,0.0,0.0,0.0,0.0,2.0,110
2025-07-12 14:00:00,DDPG,0.33564021275722355,0.0,0.0,0.0,0.0,0.0,-1.5640212757223546,110
2025-07-12 15:00:00,DDPG,0.3386485460905569,0.0,0.0,0.0,0.0,0.0,-1.8648546090556883,110
2025-07-12 16:00:00,DDPG,0.33821687942389017,0.0,0.0,0.0,0.0,0.0,-1.8216879423890164,110
2025-07-12 17:00:00,DDPG,0.33876354609055687,0.0,0.0,0.0,0.0,0.0,-1.876354609055686,110
2025-07-12 18:00:00,DDPG,0.33987021275722357,0.0,0.0,0.0,0.0,0.0,-1.987021275722356,110
2025-07-12 19:00:00,DDPG,0.3399768794238902,0.0,0.0,0.0,0.0,0.0,-1.9976879423890201,110
2025-07-12 20:00:00,DDPG,0.3398352127572235,0.0,0.0,0.0,0.0,0.0,-1.9835212757223495,110
2025-07-12 21:00:00,DDPG,0.33969354609055685,0.0,0.0,0.0,0.0,0.0,-1.9693546090556846,110
2025-07-12 22:00:00,DDPG,0.33952354609055685,0.0,0.0,0.0,0.0,0.0,-1.9523546090556843,110
2025-07-12 23:00:00,DDPG,0.33935354609055685,0.0,0.0,0.0,0.0,0.0,-1.935354609055684,110
2025-07-13 00:00:00,DDPG,0.3391552127572235,0.0,0.0,0.0,0.0,0.0,-1.915521275722348,110
2025-07-13 01:00:00,DDPG,0.3389852127572235,0.0,0.0,0.0,0.0,0.0,-1.8985212757223477,110
2025-07-13 02:00:00,DDPG,0.3387868794238902,0.0,0.0,0.0,0.0,0.0,-1.8786879423890177,110
2025-07-13 03:00:00,DDPG,0.33856021275722353,0.0,0.0,0.0,0.0,0.0,-1.8560212757223526,110
2025-07-13 04:00:00,DDPG,0.3383335460905568,0.0,0.0,0.0,0.0,0.0,-1.8333546090556818,110
2025-07-13 05:00:00,DDPG,0.3390785460905569,0.0,0.0,0.0,0.0,0.0,-1.9078546090556872,110
2025-07-13 06:00:00,DDPG,0.3391852127572235,0.0,0.0,0.0,0.0,0.0,-1.9185212757223513,110
2025-07-13 07:00:00,DDPG,0.34559687942389017,0.0,0.0,0.0,0.0,0.0,-2.559687942389016,110
2025-07-13 08:00:00,DDPG,0.3448602127572235,0.0,0.0,0.0,0.0,0.0,-2.48602127572235,110
2025-07-13 09:00:00,DDPG,0.3446202127572235,0.0,0.0,0.0,0.0,0.0,-2.462021275722348,110
2025-07-13 10:00:00,DDPG,0.34448687942389017,0.0,0.0,0.0,0.0,0.0,-2.448687942389016,110
2025-07-13 11:00:00,DDPG,0.3431835460905568,0.0,0.0,0.0,0.0,0.0,-2.318354609055678,110
2025-07-13 12:00:00,DDPG,0.34171021275722346,0.0,0.0,0.0,0.0,0.0,-2.171021275722346,110
2025-07-13 13:00:00,DDPG,0.34779687942389015,0.0,0.0,0.0,0.0,0.0,-2.779687942389014,110
2025-07-13 14:00:00,DDPG,0.3509226914815011,0.0,0.0,0.030756382716704424,0.0,0.0,-3.0922691481501117,110
2025-07-13 15:00:00,DDPG,0.35271442233335104,0.0,0.0,0.09048074444503414,0.0,0.0,-3.2714422333351036,110
2025-07-13 16:00:00,DDPG,0.3520289801000159,0.0,0.0,0.06763267000053048,0.0,0.0,-3.2028980100015865,110
2025-07-13 17:00:00,DDPG,0.3522670820900143,0.0,0.0,0.07556940300047615,0.0,0.0,-3.226708209001428,110
2025-07-13 18:00:00,DDPG,0.3517853738810129,0.0,0.0,0.059512462700429584,0.0,0.0,-3.1785373881012884,110
2025-07-13 19:00:00,DDPG,0.35140283649291165,0.0,0.0,0.04676121643038727,0.0,0.0,-3.140283649291165,110
2025-07-13 20:00:00,DDPG,0.35110955284362044,0.0,0.0,0.03698509478734877,0.0,0.0,-3.110955284362044,110
2025-07-13 21:00:00,DDPG,0.35082009755925836,0.0,0.0,0.02733658530861334,0.0,0.0,-3.082009755925835,110
2025-07-13 22:00:00,DDPG,0.35058508780333253,0.0,0.0,0.019502926777751384,0.0,0.0,-3.058508780333252,110
2025-07-13 23:00:00,DDPG,0.3503480790229993,0.0,0.0,0.011602634099976684,0.0,0.0,-3.0348079022999297,110
2025-07-14 00:00:00,DDPG,0.3501347711206994,0.0,0.0,0.004492370689979453,0.0,0.0,-3.01347711206994,110
2025-07-14 01:00:00,DDPG,0.34993643778736605,0.0,0.0,0.0,0.0,0.0,-2.9936437787366046,110
2025-07-14 02:00:00,DDPG,0.3497097711206994,0.0,0.0,0.0,0.0,0.0,-2.9709771120699386,110
2025-07-14 03:00:00,DDPG,0.3495114377873661,0.0,0.0,0.0,0.0,0.0,-2.9511437787366095,110
2025-07-14 04:00:00,DDPG,0.34931310445403274,0.0,0.0,0.0,0.0,0.0,-2.9313104454032732,110
2025-07-14 05:00:00,DDPG,0.3491147711206994,0.0,0.0,0.0,0.0,0.0,-2.911477112069938,110
2025-07-14 06:00:00,DDPG,0.34885977112069944,0.0,0.0,0.0,0.0,0.0,-2.885977112069943,110
2025-07-14 07:00:00,DDPG,0.3484347711206994,0.0,0.0,0.0,0.0,0.0,-2.843477112069942,110
2025-07-14 08:00:00,DDPG,0.3483364377873661,0.0,0.0,0.0,0.0,0.0,-2.8336437787366107,110
2025-07-14 09:00:00,DDPG,0.34881977112069945,0.0,0.0,0.0,0.0,0.0,-2.8819771120699444,110
2025-07-14 10:00:00,DDPG,0.35551979400862954,0.0,0.0,0.1839931336209844,0.0,0.0,-3.5519794008629537,110
2025-07-14 11:00:00,DDPG,0.35827531460776657,0.0,0.0,0.2758438202588863,0.0,0.0,-3.8275314607766564,110
2025-07-14 12:00:00,DDPG,0.35670228314698993,0.0,0.0,0.2234094382329971,0.0,0.0,-3.670228314698992,110
2025-07-14 13:00:00,DDPG,0.35483355483229095,0.0,0.0,0.16111849440969764,0.0,0.0,-3.4833554832290945,110
2025-07-14 14:00:00,DDPG,0.3532026993490619,0.0,0.0,0.10675664496872912,0.0,0.0,-3.3202699349061895,110
2025-07-14 15:00:00,DDPG,0.3518624294141557,0.0,0.0,0.06208098047185615,0.0,0.0,-3.1862429414155677,110
2025-07-14 16:00:00,DDPG,0.3509111864727401,0.0,0.0,0.030372882424670424,0.0,0.0,-3.09111864727401,110
2025-07-14 17:00:00,DDPG,0.35025906782546606,0.0,0.0,0.008635594182203476,0.0,0.0,-3.025906782546606,110
2025-07-14 18:00:00,DDPG,0.34991906782546606,0.0,0.0,0.0,0.0,0.0,-2.9919067825466055,110
2025-07-14 19:00:00,DDPG,0.3496640678254661,0.0,0.0,0.0,0.0,0.0,-2.96640678254661,110
2025-07-14 20:00:00,DDPG,0.34946573449213275,0.0,0.0,0.0,0.0,0.0,-2.9465734492132745,110
2025-07-14 21:00:00,DDPG,0.3492390678254661,0.0,0.0,0.0,0.0,0.0,-2.9239067825466094,110
2025-07-14 22:00:00,DDPG,0.34901240115879945,0.0,0.0,0.0,0.0,0.0,-2.9012401158799435,110
2025-07-14 23:00:00,DDPG,0.3487857344921328,0.0,0.0,0.0,0.0,0.0,-2.8785734492132784,110
2025-07-15 00:00:00,DDPG,0.34916906782546614,0.0,0.0,0.0,0.0,0.0,-2.9169067825466133,110
2025-07-15 01:00:00,DDPG,0.34921906782546613,0.0,0.0,0.0,0.0,0.0,-2.9219067825466123,110
2025-07-15 02:00:00,DDPG,0.34963073449213283,0.0,0.0,0.0,0.0,0.0,-2.963073449213283,110
2025-07-15 03:00:00,DDPG,0.34937573449213283,0.0,0.0,0.0,0.0,0.0,-2.937573449213282,110
2025-07-15 04:00:00,DDPG,0.3494540678254662,0.0,0.0,0.0,0.0,0.0,-2.945406782546617,110
2025-07-15 05:00:00,DDPG,0.3535811610429196,0.0,0.0,0.11937203476398538,0.0,0.0,-3.358116104291958,110
2025-07-15 06:00:00,DDPG,0.3539190449386276,0.0,0.0,0.1306348312875869,0.0,0.0,-3.391904493862757,110
2025-07-15 07:00:00,DDPG,0.3535466404447648,0.0,0.0,0.11822134815882634,0.0,0.0,-3.35466404447648,110
2025-07-15 08:00:00,DDPG,0.3526564764002883,0.0,0.0,0.08854921334294374,0.0,0.0,-3.2656476400288295,110
2025-07-15 09:00:00,DDPG,0.3515238287602595,0.0,0.0,0.050794292008649225,0.0,0.0,-3.15238287602595,110
2025-07-15 10:00:00,DDPG,0.35910244588423357,0.0,0.0,0.30341486280778585,0.0,0.0,-3.910244588423356,110
2025-07-15 11:00:00,DDPG,0.3604977012958102,0.0,0.0,0.3499233765270063,0.0,0.0,-4.04977012958102,110
2025-07-15 12:00:00,DDPG,0.3595769311662292,0.0,0.0,0.3192310388743067,0.0,0.0,-3.9576931166229183,110
2025-07-15 13:00:00,DDPG,0.3599227380496063,0.0,0.0,0.33075793498687606,0.0,0.0,-3.992273804960628,110
2025-07-15 14:00:00,DDPG,0.3660614642446457,0.0,0.0,0.5353821414881893,0.0,0.0,-4.606146424464569,110
2025-07-15 15:00:00,DDPG,0.3645453178201811,0.0,0.0,0.4848439273393709,0.0,0.0,-4.454531782018112,110
2025-07-15 16:00:00,DDPG,0.362906286038163,0.0,0.0,0.430209534605433,0.0,0.0,-4.290628603816299,110
2025-07-15 17:00:00,DDPG,0.3612076574343467,0.0,0.0,0.3735885811448896,0.0,0.0,-4.120765743434668,110
2025-07-15 18:00:00,DDPG,0.359806391690912,0.0,0.0,0.3268797230304003,0.0,0.0,-3.980639169091199,110
2025-07-15 19:00:00,DDPG,0.3585707525218208,0.0,0.0,0.28569175072736075,0.0,0.0,-3.8570752521820797,110
2025-07-15 20:00:00,DDPG,0.3584861772696387,0.0,0.0,0.2828725756546234,0.0,0.0,-3.8486177269638713,110
2025-07-15 21:00:00,DDPG,0.3593355595426748,0.0,0.0,0.31118531808916006,0.0,0.0,-3.933555954267481,110
2025-07-15 22:00:00,DDPG,0.3586000035884073,0.0,0.0,0.286666786280243,0.0,0.0,-3.8600003588407317,110
2025-07-15 23:00:00,DDPG,0.3579125032295666,0.0,0.0,0.26375010765221846,0.0,0.0,-3.7912503229566576,110
2025-07-16 00:00:00,DDPG,0.3578427529066099,0.0,0.0,0.2614250968869968,0.0,0.0,-3.784275290660988,110
2025-07-16 01:00:00,DDPG,0.3578054776159489,0.0,0.0,0.26018258719829673,0.0,0.0,-3.780547761594888,110
2025-07-16 02:00:00,DDPG,0.359297429854354,0.0,0.0,0.309914328478466,0.0,0.0,-3.9297429854353974,110
2025-07-16 03:00:00,DDPG,0.35998918686891856,0.0,0.0,0.3329728956306184,0.0,0.0,-3.998918686891856,110
2025-07-16 04:00:00,DDPG,0.36268626818202665,0.0,0.0,0.4228756060675565,0.0,0.0,-4.268626818202664,110
2025-07-16 05:00:00,DDPG,0.363964641363824,0.0,0.0,0.4654880454608005,0.0,0.0,-4.3964641363823995,110
2025-07-16 06:00:00,DDPG,0.3623896772274416,0.0,0.0,0.41298924091472033,0.0,0.0,-4.2389677227441585,110
2025-07-16 07:00:00,DDPG,0.3608702095046974,0.0,0.0,0.36234031682324713,0.0,0.0,-4.087020950469738,110
2025-07-16 08:00:00,DDPG,0.36502418855422764,0.0,0.0,0.5008062851409222,0.0,0.0,-4.502418855422762,110
2025-07-16 09:00:00,DDPG,0.3630882696988049,0.0,0.0,0.43627565662683027,0.0,0.0,-4.308826969880491,110
2025-07-16 10:00:00,DDPG,0.36143594272892443,0.0,0.0,0.3811980909641477,0.0,0.0,-4.143594272892442,110
2025-07-16 11:00:00,DDPG,0.35937434845603194,0.0,0.0,0.3124782818677332,0.0,0.0,-3.9374348456031942,110
2025-07-16 12:00:00,DDPG,0.3588659136104288,0.0,0.0,0.29553045368095926,0.0,0.0,-3.8865913610428793,110
2025-07-16 13:00:00,DDPG,0.35851032224938595,0.0,0.0,0.28367740831286453,0.0,0.0,-3.851032224938594,110
2025-07-16 14:00:00,DDPG,0.35694529002444736,0.0,0.0,0.23150966748157772,0.0,0.0,-3.6945290024447353,110
2025-07-16 15:00:00,DDPG,0.35606026102200267,0.0,0.0,0.20200870073342117,0.0,0.0,-3.606026102200266,110
2025-07-16 16:00:00,DDPG,0.35479123491980236,0.0,0.0,0.15970783066007926,0.0,0.0,-3.4791234919802347,110
2025-07-16 17:00:00,DDPG,0.35420411142782215,0.0,0.0,0.14013704759407092,0.0,0.0,-3.420411142782215,110
2025-07-16 18:00:00,DDPG,0.35407770028503993,0.0,0.0,0.13592334283466415,0.0,0.0,-3.4077700285039922,110
2025-07-16 19:00:00,DDPG,0.355540430256536,0.0,0.0,0.184681008551199,0.0,0.0,-3.5540430256535966,110
2025-07-16 20:00:00,DDPG,0.3572588872308824,0.0,0.0,0.24196290769607887,0.0,0.0,-3.7258887230882385,110
2025-07-16 21:00:00,DDPG,0.3566799985077941,0.0,0.0,0.22266661692647036,0.0,0.0,-3.667999850779408,110
2025-07-16 22:00:00,DDPG,0.35613349865701466,0.0,0.0,0.20444995523382234,0.0,0.0,-3.6133498657014655,110
2025-07-16 23:00:00,DDPG,0.3556926487913131,0.0,0.0,0.1897549597104387,0.0,0.0,-3.569264879131312,110
2025-07-17 00:00:00,DDPG,0.3552958839121818,0.0,0.0,0.1765294637393936,0.0,0.0,-3.52958839121818,110
2025-07-17 01:00:00,DDPG,0.3549132955209636,0.0,0.0,0.1637765173654529,0.0,0.0,-3.491329552096362,110
2025-07-17 02:00:00,DDPG,0.3545689659688672,0.0,0.0,0.15229886562890727,0.0,0.0,-3.456896596886722,110
2025-07-17 03:00:00,DDPG,0.35428456937198044,0.0,0.0,0.14281897906601557,0.0,0.0,-3.4284569371980433,110
2025-07-17 04:00:00,DDPG,0.3554776124347824,0.0,0.0,0.1825870811594129,0.0,0.0,-3.547761243478237,110
2025-07-17 05:00:00,DDPG,0.3559768511913042,0.0,0.0,0.19922837304347213,0.0,0.0,-3.597685119130417,110
2025-07-17 06:00:00,DDPG,0.3557241660721738,0.0,0.0,0.19080553573912626,0.0,0.0,-3.5724166072173773,110
2025-07-17 07:00:00,DDPG,0.35487124946495635,0.0,0.0,0.16237498216521262,0.0,0.0,-3.4871249464956344,110
2025-07-17 08:00:00,DDPG,0.35860362451846073,0.0,0.0,0.2867874839486902,0.0,0.0,-3.860362451846072,110
2025-07-17 09:00:00,DDPG,0.3594352620666147,0.0,0.0,0.3145087355538223,-1.4210854715202004e-14,0.0,-3.9435262066614687,110
2025-07-17 10:00:00,DDPG,0.35847973585995324,0.0,0.0,0.28265786199844173,0.0,0.0,-3.847973585995323,110
2025-07-17 11:00:00,DDPG,0.35704526227395794,0.0,0.0,0.23484207579859773,0.0,0.0,-3.7045262273957933,110
2025-07-17 12:00:00,DDPG,0.35572873604656213,0.0,0.0,0.19095786821873872,0.0,0.0,-3.5728736046562126,110
2025-07-17 13:00:00,DDPG,0.35439086244190593,0.0,0.0,0.1463620813968646,0.0,0.0,-3.4390862441905927,110
2025-07-17 14:00:00,DDPG,0.35351227619771536,0.0,0.0,0.11707587325717839,0.0,0.0,-3.351227619771535,110
2025-07-17 15:00:00,DDPG,0.35254904857794384,0.0,0.0,0.0849682859314612,0.0,0.0,-3.254904857794383,110
2025-07-17 16:00:00,DDPG,0.3516566437201494,0.0,0.0,0.05522145733831394,0.0,0.0,-3.1656643720149367,110
2025-07-17 17:00:00,DDPG,0.35110847934813444,0.0,0.0,0.036949311604482206,0.0,0.0,-3.1108479348134432,110
2025-07-17 18:00:00,DDPG,0.350742631413321,0.0,0.0,0.02475438044403404,0.0,0.0,-3.074263141332101,110
2025-07-17 19:00:00,DDPG,0.35043886827198895,0.0,0.0,0.014628942399630774,0.0,0.0,-3.043886827198894,110
2025-07-17 20:00:00,DDPG,0.35073998144479007,0.0,0.0,0.024666048159669177,0.0,0.0,-3.073998144479006,110
2025-07-17 21:00:00,DDPG,0.35073648330031104,0.0,0.0,0.024549443343701682,0.0,0.0,-3.0736483300311033,110
2025-07-17 22:00:00,DDPG,0.35043333497027995,0.0,0.0,0.014444499009331936,0.0,0.0,-3.0433334970279944,110
2025-07-17 23:00:00,DDPG,0.350211501473252,0.0,0.0,0.007050049108399037,0.0,0.0,-3.021150147325197,110
2025-07-18 00:00:00,DDPG,0.3500373513259268,0.0,0.0,0.001245044197558798,0.0,0.0,-3.003735132592677,110
2025-07-18 01:00:00,DDPG,0.3498673513259268,0.0,0.0,0.0,0.0,0.0,-2.9867351325926776,110
2025-07-18 02:00:00,DDPG,0.3496690179925934,0.0,0.0,0.0,0.0,0.0,-2.9669017992593414,110
2025-07-18 03:00:00,DDPG,0.34947068465926007,0.0,0.0,0.0,0.0,0.0,-2.947068465926006,110
2025-07-18 04:00:00,DDPG,0.34927235132592677,0.0,0.0,0.0,0.0,0.0,-2.927235132592676,110
2025-07-18 05:00:00,DDPG,0.3490740179925934,0.0,0.0,0.0,0.0,0.0,-2.9074017992593406,110
2025-07-18 06:00:00,DDPG,0.34881901799259346,0.0,0.0,0.0,0.0,0.0,-2.881901799259346,110
2025-07-18 07:00:00,DDPG,0.3484790179925934,0.0,0.0,0.0,0.0,0.0,-2.847901799259339,110
2025-07-18 08:00:00,DDPG,0.3478273513259268,0.0,0.0,0.0,0.0,0.0,-2.782735132592679,110
2025-07-18 09:00:00,DDPG,0.3468356846592601,0.0,0.0,0.0,0.0,0.0,-2.6835684659260117,110
2025-07-18 10:00:00,DDPG,0.34567401799259345,0.0,0.0,0.0,0.0,0.0,-2.5674017992593443,110
2025-07-18 11:00:00,DDPG,0.34482401799259343,0.0,0.0,0.0,0.0,0.0,-2.4824017992593426,110
2025-07-18 12:00:00,DDPG,0.34388235132592676,0.0,0.0,0.0,0.0,0.0,-2.3882351325926754,110
2025-07-18 13:00:00,DDPG,0.3425506846592601,0.0,0.0,0.0,0.0,0.0,-2.2550684659260076,110
2025-07-18 14:00:00,DDPG,0.34147401799259347,0.0,0.0,0.0,0.0,0.0,-2.147401799259346,110
2025-07-18 15:00:00,DDPG,0.3405673513259268,0.0,0.0,0.0,0.0,0.0,-2.0567351325926797,110
2025-07-18 16:00:00,DDPG,0.33960401799259343,0.0,0.0,0.0,0.0,0.0,-1.9604017992593423,110
2025-07-18 17:00:00,DDPG,0.33895235132592677,0.0,0.0,0.0,0.0,0.0,-1.8952351325926764,110
2025-07-18 18:00:00,DDPG,0.3385556846592601,0.0,0.0,0.0,0.0,0.0,-1.8555684659260105,110
2025-07-18 19:00:00,DDPG,0.3382156846592601,0.0,0.0,0.0,0.0,0.0,-1.8215684659260098,110
2025-07-18 20:00:00,DDPG,0.33801735132592675,0.0,0.0,0.0,0.0,0.0,-1.8017351325926745,110
2025-07-18 21:00:00,DDPG,0.3391523513259268,0.0,0.0,0.0,0.0,0.0,-1.91523513259268,110
2025-07-18 22:00:00,DDPG,0.33892568465926015,0.0,0.0,0.0,0.0,0.0,-1.8925684659260145,110
2025-07-18 23:00:00,DDPG,0.3386990179925935,0.0,0.0,0.0,0.0,0.0,-1.869901799259349,110
2025-07-19 00:00:00,DDPG,0.33880568465926014,0.0,0.0,0.0,0.0,0.0,-1.8805684659260136,110
2025-07-19 01:00:00,DDPG,0.3389123513259268,0.0,0.0,0.0,0.0,0.0,-1.8912351325926782,110
2025-07-19 02:00:00,DDPG,0.3386573513259268,0.0,0.0,0.0,0.0,0.0,-1.8657351325926772,110
2025-07-19 03:00:00,DDPG,0.3383740179925935,0.0,0.0,0.0,0.0,0.0,-1.8374017992593474,110
2025-07-19 04:00:00,DDPG,0.3380906846592602,0.0,0.0,0.0,0.0,0.0,-1.8090684659260168,110
2025-07-19 05:00:00,DDPG,0.3378073513259269,0.0,0.0,0.0,0.0,0.0,-1.780735132592687,110
2025-07-19 06:00:00,DDPG,0.33749568465926016,0.0,0.0,0.0,0.0,0.0,-1.749568465926016,110
2025-07-19 07:00:00,DDPG,0.3370706846592602,0.0,0.0,0.0,0.0,0.0,-1.7070684659260205,110
2025-07-19 08:00:00,DDPG,0.3363340179925935,0.0,0.0,0.0,0.0,0.0,-1.6334017992593486,110
2025-07-19 09:00:00,DDPG,0.3355123513259268,0.0,0.0,0.0,0.0,0.0,-1.5512351325926819,110
2025-07-19 10:00:00,DDPG,0.3344356846592602,0.0,0.0,0.0,0.0,0.0,-1.4435684659260204,110
2025-07-19 11:00:00,DDPG,0.3330473513259269,0.0,0.0,0.0,0.0,0.0,-1.304735132592688,110
2025-07-19 12:00:00,DDPG,0.33287901799259356,0.0,0.0,0.0,0.0,0.0,-1.2879017992593553,110
2025-07-19 13:00:00,DDPG,0.3314623513259269,0.0,0.0,0.0,0.0,0.0,-1.1462351325926878,110
2025-07-19 14:00:00,DDPG,0.3301873513259269,0.0,0.0,0.0,0.0,0.0,-1.018735132592691,110
2025-07-19 15:00:00,DDPG,0.3291390179925936,0.0,0.0,0.0,0.0,0.0,-0.9139017992593592,110
2025-07-19 16:00:00,DDPG,0.3292323513259269,0.0,0.0,0.0,0.0,0.0,-0.9232351325926871,110
2025-07-19 17:00:00,DDPG,0.32894235132592686,0.0,0.0,0.0,0.0,0.0,-0.8942351325926854,110
2025-07-19 18:00:00,DDPG,0.32918401799259356,0.0,0.0,0.0,0.0,0.0,-0.918401799259355,110
2025-07-19 19:00:00,DDPG,0.32875901799259355,0.0,0.0,0.0,0.0,0.0,-0.8759017992593545,110
2025-07-19 20:00:00,DDPG,0.33289401799259355,0.0,0.0,0.0,0.0,0.0,-1.2894017992593545,110
2025-07-19 21:00:00,DDPG,0.34041901799259355,0.0,0.0,0.0,0.0,0.0,-2.041901799259355,110
2025-07-19 22:00:00,DDPG,0.34155401799259355,0.0,0.0,0.0,0.0,0.0,-2.155401799259354,110
2025-07-19 23:00:00,DDPG,0.34121401799259354,0.0,0.0,0.0,0.0,0.0,-2.1214017992593535,110
2025-07-20 00:00:00,DDPG,0.3409023513259269,0.0,0.0,0.0,0.0,0.0,-2.0902351325926887,110
2025-07-20 01:00:00,DDPG,0.34061901799259353,0.0,0.0,0.0,0.0,0.0,-2.0619017992593527,110
2025-07-20 02:00:00,DDPG,0.34033568465926023,0.0,0.0,0.0,0.0,0.0,-2.033568465926022,110
2025-07-20 03:00:00,DDPG,0.3400806846592603,0.0,0.0,0.0,0.0,0.0,-2.0080684659260273,110
2025-07-20 04:00:00,DDPG,0.33985401799259357,0.0,0.0,0.0,0.0,0.0,-1.9854017992593564,110
2025-07-20 05:00:00,DDPG,0.3395990179925936,0.0,0.0,0.0,0.0,0.0,-1.9599017992593613,110
2025-07-20 06:00:00,DDPG,0.3392873513259269,0.0,0.0,0.0,0.0,0.0,-1.9287351325926902,110
2025-07-20 07:00:00,DDPG,0.33880568465926025,0.0,0.0,0.0,0.0,0.0,-1.8805684659260247,110
2025-07-20 08:00:00,DDPG,0.3381256846592603,0.0,0.0,0.0,0.0,0.0,-1.812568465926029,110
2025-07-20 09:00:00,DDPG,0.3371906846592603,0.0,0.0,0.0,0.0,0.0,-1.7190684659260267,110
2025-07-20 10:00:00,DDPG,0.3360006846592603,0.0,0.0,0.0,0.0,0.0,-1.60006846592603,110
2025-07-20 11:00:00,DDPG,0.335527351325927,0.0,0.0,0.0,0.0,0.0,-1.5527351325926975,110
2025-07-20 12:00:00,DDPG,0.3351106846592603,0.0,0.0,0.0,0.0,0.0,-1.51106846592603,110
2025-07-20 13:00:00,DDPG,0.334722351325927,0.0,0.0,0.0,0.0,0.0,-1.4722351325926972,110
2025-07-20 14:00:00,DDPG,0.3333906846592603,0.0,0.0,0.0,0.0,0.0,-1.33906846592603,110
2025-07-20 15:00:00,DDPG,0.332172351325927,0.0,0.0,0.0,0.0,0.0,-1.2172351325926978,110
2025-07-20 16:00:00,DDPG,0.33129401799259367,0.0,0.0,0.0,0.0,0.0,-1.1294017992593663,110
2025-07-20 17:00:00,DDPG,0.33055735132592695,0.0,0.0,0.0,0.0,0.0,-1.0557351325926945,110
2025-07-20 18:00:00,DDPG,0.330132351325927,0.0,0.0,0.0,0.0,0.0,-1.0132351325926994,110
2025-07-20 19:00:00,DDPG,0.32979235132592694,0.0,0.0,0.0,0.0,0.0,-0.9792351325926929,110
2025-07-20 20:00:00,DDPG,0.32950901799259363,0.0,0.0,0.0,0.0,0.0,-0.9509017992593627,110
2025-07-20 21:00:00,DDPG,0.329197351325927,0.0,0.0,0.0,0.0,0.0,-0.919735132592697,110
2025-07-20 22:00:00,DDPG,0.32888568465926027,0.0,0.0,0.0,0.0,0.0,-0.888568465926026,110
2025-07-20 23:00:00,DDPG,0.32854568465926026,0.0,0.0,0.0,0.0,0.0,-0.8545684659260253,110
2025-07-21 00:00:00,DDPG,0.32820568465926026,0.0,0.0,0.0,0.0,0.0,-0.8205684659260246,110
2025-07-21 01:00:00,DDPG,0.32789401799259354,0.0,0.0,0.0,0.0,0.0,-0.7894017992593536,110
2025-07-21 02:00:00,DDPG,0.3274973513259269,0.0,0.0,0.0,0.0,0.0,-0.7497351325926882,110
2025-07-21 03:00:00,DDPG,0.3271290179925936,0.0,0.0,0.0,0.0,0.0,-0.7129017992593578,110
2025-07-21 04:00:00,DDPG,0.3288173513259269,0.0,0.0,0.0,0.0,0.0,-0.881735132592687,110
2025-07-21 05:00:00,DDPG,0.3362856846592602,0.0,0.0,0.0,0.0,0.0,-1.628568465926017,110
2025-07-21 06:00:00,DDPG,0.33703068465926017,0.0,0.0,0.0,0.0,0.0,-1.7030684659260165,110
2025-07-21 07:00:00,DDPG,0.33805235132592687,0.0,0.0,0.0,0.0,0.0,-1.8052351325926863,110
2025-07-21 08:00:00,DDPG,0.3386840179925935,0.0,0.0,0.0,0.0,0.0,-1.8684017992593507,110
2025-07-21 09:00:00,DDPG,0.33820235132592685,0.0,0.0,0.0,0.0,0.0,-1.8202351325926847,110
2025-07-21 10:00:00,DDPG,0.33743735132592684,0.0,0.0,0.0,0.0,0.0,-1.743735132592683,110
2025-07-21 11:00:00,DDPG,0.33627568465926017,0.0,0.0,0.0,0.0,0.0,-1.6275684659260161,110
2025-07-21 12:00:00,DDPG,0.33485901799259354,0.0,0.0,0.0,0.0,0.0,-1.485901799259354,110
2025-07-21 13:00:00,DDPG,0.33372568465926017,0.0,0.0,0.0,0.0,0.0,-1.3725684659260162,110
2025-07-21 14:00:00,DDPG,0.3324506846592602,0.0,0.0,0.0,0.0,0.0,-1.2450684659260194,110
2025-07-21 15:00:00,DDPG,0.3312040179925935,0.0,0.0,0.0,0.0,0.0,-1.1204017992593518,110
2025-07-21 16:00:00,DDPG,0.3301556846592602,0.0,0.0,0.0,0.0,0.0,-1.01556846592602,110
2025-07-21 17:00:00,DDPG,0.33011401799259354,0.0,0.0,0.0,0.0,0.0,-1.011401799259354,110
2025-07-21 18:00:00,DDPG,0.3296323513259269,0.0,0.0,0.0,0.0,0.0,-0.963235132592688,110
2025-07-21 19:00:00,DDPG,0.3292640179925936,0.0,0.0,0.0,0.0,0.0,-0.9264017992593576,110
2025-07-21 20:00:00,DDPG,0.3289523513259269,0.0,0.0,0.0,0.0,0.0,-0.8952351325926866,110
2025-07-21 21:00:00,DDPG,0.3286973513259269,0.0,0.0,0.0,0.0,0.0,-0.8697351325926919,110
2025-07-21 22:00:00,DDPG,0.3284706846592602,0.0,0.0,0.0,0.0,0.0,-0.8470684659260206,110
2025-07-21 23:00:00,DDPG,0.32821568465926027,0.0,0.0,0.0,0.0,0.0,-0.8215684659260258,110
2025-07-22 00:00:00,DDPG,0.32793235132592696,0.0,0.0,0.0,0.0,0.0,-0.7932351325926956,110
2025-07-22 01:00:00,DDPG,0.32762068465926025,0.0,0.0,0.0,0.0,0.0,-0.7620684659260246,110
2025-07-22 02:00:00,DDPG,0.32733735132592695,0.0,0.0,0.0,0.0,0.0,-0.7337351325926944,110
2025-07-22 03:00:00,DDPG,0.32702568465926024,0.0,0.0,0.0,0.0,0.0,-0.7025684659260234,110
2025-07-22 04:00:00,DDPG,0.3267140179925936,0.0,0.0,0.0,0.0,0.0,-0.6714017992593577,110
2025-07-22 05:00:00,DDPG,0.3264023513259269,0.0,0.0,0.0,0.0,0.0,-0.6402351325926867,110
2025-07-22 06:00:00,DDPG,0.32606235132592687,0.0,0.0,0.0,0.0,0.0,-0.606235132592686,110
2025-07-22 07:00:00,DDPG,0.32555235132592686,0.0,0.0,0.0,0.0,0.0,-0.555235132592685,110
2025-07-22 08:00:00,DDPG,0.3250640179925935,0.0,0.0,0.0,0.0,0.0,-0.5064017992593484,110
2025-07-22 09:00:00,DDPG,0.3239873513259269,0.0,0.0,0.0,0.0,0.0,-0.3987351325926869,110
2025-07-22 10:00:00,DDPG,0.32262735132592685,0.0,0.0,0.0,0.0,0.0,-0.2627351325926841,110
2025-07-22 11:00:00,DDPG,0.3212106846592602,0.0,0.0,0.0,0.0,0.0,-0.12106846592602194,110
2025-07-22 12:00:00,DDPG,0.3195956846592602,0.0,0.0,0.0,0.0,0.0,2.0,110
2025-07-22 13:00:00,DDPG,0.3186756846592602,0.0,0.0,0.0,0.0,0.0,2.0,110
2025-07-22 14:00:00,DDPG,0.3174573513259269,0.0,0.0,0.0,0.0,0.0,2.0,110
2025-07-22 15:00:00,DDPG,0.3166573513259269,0.0,0.0,0.0,0.0,0.0,2.0,110
2025-07-22 16:00:00,DDPG,0.3157506846592602,0.0,0.0,0.0,0.0,0.0,2.0,110
2025-07-22 17:00:00,DDPG,0.31512735132592684,0.0,0.0,0.0,0.0,0.0,2.0,110
2025-07-22 18:00:00,DDPG,0.31475901799259354,0.0,0.0,0.0,0.0,0.0,2.0,110
2025-07-22 19:00:00,DDPG,0.31441901799259353,0.0,0.0,0.0,0.0,0.0,2.0,110
2025-07-22 20:00:00,DDPG,0.3141923513259268,0.0,0.0,0.0,0.0,0.0,2.0,110
2025-07-22 21:00:00,DDPG,0.31396568465926017,0.0,0.0,0.0,0.0,0.0,2.0,110
2025-07-22 22:00:00,DDPG,0.3137390179925935,0.0,0.0,0.0,0.0,0.0,2.0,110
2025-07-22 23:00:00,DDPG,0.3135406846592602,0.0,0.0,0.0,0.0,0.0,2.0,110
2025-07-23 00:00:00,DDPG,0.31334235132592686,0.0,0.0,0.0,0.0,0.0,2.0,110
2025-07-23 01:00:00,DDPG,0.31317235132592686,0.0,0.0,0.0,0.0,0.0,2.0,110
2025-07-23 02:00:00,DDPG,0.3129740179925935,0.0,0.0,0.0,0.0,0.0,2.0,110
2025-07-23 03:00:00,DDPG,0.3131090179925935,0.0,0.0,0.0,0.0,0.0,2.0,110
2025-07-23 04:00:00,DDPG,0.3128540179925935,0.0,0.0,0.0,0.0,0.0,2.0,110
2025-07-23 05:00:00,DDPG,0.31259901799259354,0.0,0.0,0.0,0.0,0.0,2.0,110
2025-07-23 06:00:00,DDPG,0.31234401799259354,0.0,0.0,0.0,0.0,0.0,2.0,110
2025-07-23 07:00:00,DDPG,0.31191901799259353,0.0,0.0,0.0,0.0,0.0,2.0,110
2025-07-23 08:00:00,DDPG,0.31118235132592686,0.0,0.0,0.0,0.0,0.0,2.0,110
2025-07-23 09:00:00,DDPG,0.3101623513259269,0.0,0.0,0.0,0.0,0.0,2.0,110
2025-07-23 10:00:00,DDPG,0.30880235132592687,0.0,0.0,0.0,0.0,0.0,2.0,110
2025-07-23 11:00:00,DDPG,0.3072156846592602,0.0,0.0,0.0,0.0,0.0,2.0,110
2025-07-23 12:00:00,DDPG,0.3055156846592602,0.0,0.0,0.0,0.0,0.0,2.0,110
2025-07-23 13:00:00,DDPG,0.30390068465926023,0.0,0.0,0.0,0.0,0.0,2.0,110
2025-07-23 14:00:00,DDPG,0.3023990179925935,0.0,0.0,0.0,0.0,0.0,2.0,110
2025-07-23 15:00:00,DDPG,0.3010956846592602,0.0,0.0,0.0,0.0,0.0,2.0,110
2025-07-23 16:00:00,DDPG,0.3001040179925935,0.0,0.0,0.0,0.0,0.0,2.0,110
2025-07-23 17:00:00,DDPG,0.29942401799259355,0.0,0.0,0.0,0.0,0.0,2.0,110
2025-07-23 18:00:00,DDPG,0.2990556846592602,0.0,0.0,0.0,0.0,0.0,2.0,110
2025-07-23 19:00:00,DDPG,0.2987440179925935,0.0,0.0,0.0,0.0,0.0,2.0,110
2025-07-23 20:00:00,DDPG,0.29848901799259353,0.0,0.0,0.0,0.0,0.0,2.0,110
2025-07-23 21:00:00,DDPG,0.2982623513259269,0.0,0.0,0.0,0.0,0.0,2.0,110
2025-07-23 22:00:00,DDPG,0.2980356846592602,0.0,0.0,0.0,0.0,0.0,2.0,110
2025-07-23 23:00:00,DDPG,0.2978090179925935,0.0,0.0,0.0,0.0,0.0,2.0,110
2025-07-24 00:00:00,DDPG,0.2976106846592602,0.0,0.0,0.0,0.0,0.0,2.0,110
2025-07-24 01:00:00,DDPG,0.29738401799259356,0.0,0.0,0.0,0.0,0.0,2.0,110
2025-07-24 02:00:00,DDPG,0.29712901799259356,0.0,0.0,0.0,0.0,0.0,2.0,110
2025-07-24 03:00:00,DDPG,0.29684568465926026,0.0,0.0,0.0,0.0,0.0,2.0,110
2025-07-24 04:00:00,DDPG,0.29656235132592695,0.0,0.0,0.0,0.0,0.0,2.0,110
2025-07-24 05:00:00,DDPG,0.29630735132592695,0.0,0.0,0.0,0.0,0.0,2.0,110
2025-07-24 06:00:00,DDPG,0.29602401799259365,0.0,0.0,0.0,0.0,0.0,2.0,110
2025-07-24 07:00:00,DDPG,0.295627351325927,0.0,0.0,0.0,0.0,0.0,2.0,110
2025-07-24 08:00:00,DDPG,0.294947351325927,0.0,0.0,0.0,0.0,0.0,2.0,110
2025-07-24 09:00:00,DDPG,0.2939556846592603,0.0,0.0,0.0,0.0,0.0,2.0,110
2025-07-24 10:00:00,DDPG,0.29268068465926034,0.0,0.0,0.0,0.0,0.0,2.0,110
2025-07-24 11:00:00,DDPG,0.291122351325927,0.0,0.0,0.0,0.0,0.0,2.0,110
2025-07-24 12:00:00,DDPG,0.28953568465926033,0.0,0.0,0.0,0.0,0.0,2.0,110
2025-07-24 13:00:00,DDPG,0.28803401799259365,0.0,0.0,0.0,0.0,0.0,2.0,110
2025-07-24 14:00:00,DDPG,0.2865040179925937,0.0,0.0,0.0,0.0,0.0,2.0,110
2025-07-24 15:00:00,DDPG,0.285172351325927,0.0,0.0,0.0,0.0,0.0,2.0,110
2025-07-24 16:00:00,DDPG,0.28418068465926033,0.0,0.0,0.0,0.0,0.0,2.0,110
2025-07-24 17:00:00,DDPG,0.2835006846592603,0.0,0.0,0.0,0.0,0.0,2.0,110
2025-07-24 18:00:00,DDPG,0.283132351325927,0.0,0.0,0.0,0.0,0.0,2.0,110
2025-07-24 19:00:00,DDPG,0.2828490179925937,0.0,0.0,0.0,0.0,0.0,2.0,110
2025-07-24 20:00:00,DDPG,0.282537351325927,0.0,0.0,0.0,0.0,0.0,2.0,110
2025-07-24 21:00:00,DDPG,0.2822256846592603,0.0,0.0,0.0,0.0,0.0,2.0,110
2025-07-24 22:00:00,DDPG,0.281942351325927,0.0,0.0,0.0,0.0,0.0,2.0,110
2025-07-24 23:00:00,DDPG,0.28168735132592704,0.0,0.0,0.0,0.0,0.0,2.0,110
2025-07-25 00:00:00,DDPG,0.2814040179925937,0.0,0.0,0.0,0.0,0.0,2.0,110
2025-07-25 01:00:00,DDPG,0.28114901799259373,0.0,0.0,0.0,0.0,0.0,2.0,110
2025-07-25 02:00:00,DDPG,0.2808940179925937,0.0,0.0,0.0,0.0,0.0,2.0,110
2025-07-25 03:00:00,DDPG,0.2806390179925937,0.0,0.0,0.0,0.0,0.0,2.0,110
2025-07-25 04:00:00,DDPG,0.28038401799259377,0.0,0.0,0.0,0.0,0.0,2.0,110
2025-07-25 05:00:00,DDPG,0.28012901799259377,0.0,0.0,0.0,0.0,0.0,2.0,110
2025-07-25 06:00:00,DDPG,0.27987401799259376,0.0,0.0,0.0,0.0,0.0,2.0,110
2025-07-25 07:00:00,DDPG,0.2794773513259271,0.0,0.0,0.0,0.0,0.0,2.0,110
2025-07-25 08:00:00,DDPG,0.27874068465926044,0.0,0.0,0.0,0.0,0.0,2.0,110
2025-07-25 09:00:00,DDPG,0.2776073513259271,0.0,0.0,0.0,0.0,0.0,2.0,110
2025-07-25 10:00:00,DDPG,0.27621901799259374,0.0,0.0,0.0,0.0,0.0,2.0,110
2025-07-25 11:00:00,DDPG,0.27457568465926047,0.0,0.0,0.0,0.0,0.0,2.0,110
2025-07-25 12:00:00,DDPG,0.2729890179925938,0.0,0.0,0.0,0.0,0.0,2.0,110
2025-07-25 13:00:00,DDPG,0.27131735132592716,0.0,0.0,0.0,0.0,0.0,2.0,110
2025-07-25 14:00:00,DDPG,0.2697306846592605,0.0,0.0,0.0,0.0,0.0,2.0,110
2025-07-25 15:00:00,DDPG,0.2684273513259271,0.0,0.0,0.0,0.0,0.0,2.0,110
2025-07-25 16:00:00,DDPG,0.26740735132592713,0.0,0.0,0.0,0.0,0.0,2.0,110
2025-07-25 17:00:00,DDPG,0.2667273513259272,0.0,0.0,0.0,0.0,0.0,2.0,110
2025-07-25 18:00:00,DDPG,0.2663590179925938,0.0,0.0,0.0,0.0,0.0,2.0,110
2025-07-25 19:00:00,DDPG,0.2660473513259271,0.0,0.0,0.0,0.0,0.0,2.0,110
2025-07-25 20:00:00,DDPG,0.2657640179925938,0.0,0.0,0.0,0.0,0.0,2.0,110
2025-07-25 21:00:00,DDPG,0.2654806846592605,0.0,0.0,0.0,0.0,0.0,2.0,110
2025-07-25 22:00:00,DDPG,0.2652256846592605,0.0,0.0,0.0,0.0,0.0,2.0,110
2025-07-25 23:00:00,DDPG,0.26497068465926055,0.0,0.0,0.0,0.0,0.0,2.0,110
2025-07-26 00:00:00,DDPG,0.26471568465926054,0.0,0.0,0.0,0.0,0.0,2.0,110
2025-07-26 01:00:00,DDPG,0.26446068465926054,0.0,0.0,0.0,0.0,0.0,2.0,110
2025-07-26 02:00:00,DDPG,0.2642340179925939,0.0,0.0,0.0,0.0,0.0,2.0,110
2025-07-26 03:00:00,DDPG,0.26397901799259393,0.0,0.0,0.0,0.0,0.0,2.0,110
2025-07-26 04:00:00,DDPG,0.2637523513259273,0.0,0.0,0.0,0.0,0.0,2.0,110
2025-07-26 05:00:00,DDPG,0.2634973513259273,0.0,0.0,0.0,0.0,0.0,2.0,110
2025-07-26 06:00:00,DDPG,0.26324235132592727,0.0,0.0,0.0,0.0,0.0,2.0,110
2025-07-26 07:00:00,DDPG,0.2628173513259273,0.0,0.0,0.0,0.0,0.0,2.0,110
2025-07-26 08:00:00,DDPG,0.2620523513259273,0.0,0.0,0.0,0.0,0.0,2.0,110
2025-07-26 09:00:00,DDPG,0.2609473513259273,0.0,0.0,0.0,0.0,0.0,2.0,110
2025-07-26 10:00:00,DDPG,0.25955901799259395,0.0,0.0,0.0,0.0,0.0,2.0,110
2025-07-26 11:00:00,DDPG,0.2580573513259273,0.0,0.0,0.0,0.0,0.0,2.0,110
2025-07-26 12:00:00,DDPG,0.2564990179925939,0.0,0.0,0.0,0.0,0.0,2.0,110
2025-07-26 13:00:00,DDPG,0.25494068465926056,0.0,0.0,0.0,0.0,0.0,2.0,110
2025-07-26 14:00:00,DDPG,0.2536656846592606,0.0,0.0,0.0,0.0,0.0,2.0,110
2025-07-26 15:00:00,DDPG,0.2531990179925939,0.0,0.0,0.0,0.0,0.0,2.0,110
2025-07-26 16:00:00,DDPG,0.2532640179925939,0.0,0.0,0.0,0.0,0.0,2.0,110
2025-07-26 17:00:00,DDPG,0.25258401799259395,0.0,0.0,0.0,0.0,0.0,2.0,110
2025-07-26 18:00:00,DDPG,0.25215901799259394,0.0,0.0,0.0,0.0,0.0,2.0,110
2025-07-26 19:00:00,DDPG,0.25181901799259393,0.0,0.0,0.0,0.0,0.0,2.0,110
2025-07-26 20:00:00,DDPG,0.2515356846592606,0.0,0.0,0.0,0.0,0.0,2.0,110
2025-07-26 21:00:00,DDPG,0.2512240179925939,0.0,0.0,0.0,0.0,0.0,2.0,110
2025-07-26 22:00:00,DDPG,0.2509406846592606,0.0,0.0,0.0,0.0,0.0,2.0,110
2025-07-26 23:00:00,DDPG,0.2506290179925939,0.0,0.0,0.0,0.0,0.0,2.0,110
2025-07-27 00:00:00,DDPG,0.25037401799259396,0.0,0.0,0.0,0.0,0.0,2.0,110
2025-07-27 01:00:00,DDPG,0.25006235132592725,0.0,0.0,0.0,0.0,0.0,2.0,110
2025-07-27 02:00:00,DDPG,0.24977901799259394,0.0,0.0,0.0,0.0,0.0,2.0,110
2025-07-27 03:00:00,DDPG,0.24949568465926064,0.0,0.0,0.0,0.0,0.0,2.0,110
2025-07-27 04:00:00,DDPG,0.2492123513259273,0.0,0.0,0.0,0.0,0.0,2.0,110
2025-07-27 05:00:00,DDPG,0.24895735132592733,0.0,0.0,0.0,0.0,0.0,2.0,110
2025-07-27 06:00:00,DDPG,0.24870235132592736,0.0,0.0,0.0,0.0,0.0,2.0,110
2025-07-27 07:00:00,DDPG,0.24830568465926067,0.0,0.0,0.0,0.0,0.0,2.0,110
2025-07-27 08:00:00,DDPG,0.247569017992594,0.0,0.0,0.0,0.0,0.0,2.0,110
2025-07-27 09:00:00,DDPG,0.24649235132592737,0.0,0.0,0.0,0.0,0.0,2.0,110
2025-07-27 10:00:00,DDPG,0.24513235132592737,0.0,0.0,0.0,0.0,0.0,2.0,110
2025-07-27 11:00:00,DDPG,0.243574017992594,0.0,0.0,0.0,0.0,0.0,2.0,110
2025-07-27 12:00:00,DDPG,0.24195901799259403,0.0,0.0,0.0,0.0,0.0,2.0,110
2025-07-27 13:00:00,DDPG,0.2403156846592607,0.0,0.0,0.0,0.0,0.0,2.0,110
2025-07-27 14:00:00,DDPG,0.2388423513259274,0.0,0.0,0.0,0.0,0.0,2.0,110
2025-07-27 15:00:00,DDPG,0.23753901799259405,0.0,0.0,0.0,0.0,0.0,2.0,110
2025-07-27 16:00:00,DDPG,0.23654735132592739,0.0,0.0,0.0,0.0,0.0,2.0,110
2025-07-27 17:00:00,DDPG,0.2358673513259274,0.0,0.0,0.0,0.0,0.0,2.0,110
2025-07-27 18:00:00,DDPG,0.23577568465926071,0.0,0.0,0.0,0.0,0.0,2.0,110
2025-07-27 19:00:00,DDPG,0.23637901799259406,0.0,0.0,0.0,0.0,0.0,2.0,110
2025-07-27 20:00:00,DDPG,0.23606735132592738,0.0,0.0,0.0,0.0,0.0,2.0,110
2025-07-27 21:00:00,DDPG,0.23575568465926067,0.0,0.0,0.0,0.0,0.0,2.0,110
2025-07-27 22:00:00,DDPG,0.23547235132592736,0.0,0.0,0.0,0.0,0.0,2.0,110
2025-07-27 23:00:00,DDPG,0.23518901799259406,0.0,0.0,0.0,0.0,0.0,2.0,110
2025-07-28 00:00:00,DDPG,0.23490568465926073,0.0,0.0,0.0,0.0,0.0,2.0,110
2025-07-28 01:00:00,DDPG,0.23467901799259408,0.0,0.0,0.0,0.0,0.0,2.0,110
2025-07-28 02:00:00,DDPG,0.23545235132592743,0.0,0.0,0.0,0.0,0.0,2.0,110
2025-07-28 03:00:00,DDPG,0.23519735132592742,0.0,0.0,0.0,0.0,0.0,2.0,110
2025-07-28 04:00:00,DDPG,0.23597068465926077,0.0,0.0,0.0,0.0,0.0,2.0,110
2025-07-28 05:00:00,DDPG,0.23607735132592741,0.0,0.0,0.0,0.0,0.0,2.0,110
2025-07-28 06:00:00,DDPG,0.23712735132592747,0.0,0.0,0.0,0.0,0.0,2.0,110
2025-07-28 07:00:00,DDPG,0.23673068465926078,0.0,0.0,0.0,0.0,0.0,2.0,110
2025-07-28 08:00:00,DDPG,0.23590901799259412,0.0,0.0,0.0,0.0,0.0,2.0,110
2025-07-28 09:00:00,DDPG,0.23483235132592747,0.0,0.0,0.0,0.0,0.0,2.0,110
2025-07-28 10:00:00,DDPG,0.2335006846592608,0.0,0.0,0.0,0.0,0.0,2.0,110
2025-07-28 11:00:00,DDPG,0.23194235132592747,0.0,0.0,0.0,0.0,0.0,2.0,110
2025-07-28 12:00:00,DDPG,0.23029901799259414,0.0,0.0,0.0,0.0,0.0,2.0,110
2025-07-28 13:00:00,DDPG,0.22865568465926084,0.0,0.0,0.0,0.0,0.0,2.0,110
2025-07-28 14:00:00,DDPG,0.22715401799259416,0.0,0.0,0.0,0.0,0.0,2.0,110
2025-07-28 15:00:00,DDPG,0.2258506846592608,0.0,0.0,0.0,0.0,0.0,2.0,110
2025-07-28 16:00:00,DDPG,0.22483068465926082,0.0,0.0,0.0,0.0,0.0,2.0,110
2025-07-28 17:00:00,DDPG,0.22409401799259412,0.0,0.0,0.0,0.0,0.0,2.0,110
2025-07-28 18:00:00,DDPG,0.22366901799259414,0.0,0.0,0.0,0.0,0.0,2.0,110
2025-07-28 19:00:00,DDPG,0.2233006846592608,0.0,0.0,0.0,0.0,0.0,2.0,110
2025-07-28 20:00:00,DDPG,0.2229890179925941,0.0,0.0,0.0,0.0,0.0,2.0,110
2025-07-28 21:00:00,DDPG,0.22267735132592742,0.0,0.0,0.0,0.0,0.0,2.0,110
2025-07-28 22:00:00,DDPG,0.22236568465926074,0.0,0.0,0.0,0.0,0.0,2.0,110
2025-07-28 23:00:00,DDPG,0.22202568465926073,0.0,0.0,0.0,0.0,0.0,2.0,110
2025-07-29 00:00:00,DDPG,0.22171401799259405,0.0,0.0,0.0,0.0,0.0,2.0,110
2025-07-29 01:00:00,DDPG,0.22140235132592737,0.0,0.0,0.0,0.0,0.0,2.0,110
2025-07-29 02:00:00,DDPG,0.22109068465926066,0.0,0.0,0.0,0.0,0.0,2.0,110
2025-07-29 03:00:00,DDPG,0.22077901799259397,0.0,0.0,0.0,0.0,0.0,2.0,110
2025-07-29 04:00:00,DDPG,0.22049568465926067,0.0,0.0,0.0,0.0,0.0,2.0,110
2025-07-29 05:00:00,DDPG,0.22026901799259402,0.0,0.0,0.0,0.0,0.0,2.0,110
2025-07-29 06:00:00,DDPG,0.22004235132592734,0.0,0.0,0.0,0.0,0.0,2.0,110
2025-07-29 07:00:00,DDPG,0.21964568465926068,0.0,0.0,0.0,0.0,0.0,-0.07086306814786392,110
2025-07-29 08:00:00,DDPG,0.21891274673975133,0.0,0.0,0.0,0.0,0.0,-0.21745065204973324,110
2025-07-29 09:00:00,DDPG,0.21788069631833934,0.0,0.0,0.0,0.0,0.0,-0.4238607363321325,110
2025-07-29 10:00:00,DDPG,0.2165893468812357,0.0,0.0,0.0,0.0,0.0,-0.6821306237528582,110
2025-07-29 11:00:00,DDPG,0.21510694118280818,0.0,0.0,0.0,0.0,0.0,-0.978611763438364,110
2025-07-29 12:00:00,DDPG,0.21355212542075208,0.0,0.0,0.0,0.0,0.0,-1.2895749158495837,110
2025-07-29 13:00:00,DDPG,0.21206016361920776,0.0,0.0,0.0,0.0,0.0,-1.5879672761584471,110
2025-07-29 14:00:00,DDPG,0.2107288253472814,0.0,0.0,0.0,0.0,0.0,-1.854234930543719,110
2025-07-29 15:00:00,DDPG,0.20959811245629156,0.0,0.0,0.0,0.0,0.0,-2.0803775087416874,110
2025-07-29 16:00:00,DDPG,0.20872968281764276,0.0,0.0,0.0,0.0,0.0,-2.2540634364714487,110
2025-07-29 17:00:00,DDPG,0.20813539436055944,0.0,0.0,0.0,0.0,0.0,-2.3729211278881115,110
2025-07-29 18:00:00,DDPG,0.20780596045918295,0.0,0.0,0.0,0.0,0.0,-2.43880790816341,110
2025-07-29 19:00:00,DDPG,0.20754858630190037,0.0,0.0,0.0,0.0,0.0,-2.490282739619926,110
2025-07-29 20:00:00,DDPG,0.20729235807241336,0.0,0.0,0.0,0.0,0.0,-2.541528385517328,110
2025-07-29 21:00:00,DDPG,0.20706046043259646,0.0,0.0,0.0,0.0,0.0,-2.5879079134807084,110
2025-07-29 22:00:00,DDPG,0.20682950142608356,0.0,0.0,0.0,0.0,0.0,-2.6340997147832894,110
2025-07-29 23:00:00,DDPG,0.20662247967088854,0.0,0.0,0.0,0.0,0.0,-2.6755040658222926,110
2025-07-30 00:00:00,DDPG,0.20641621206637314,0.0,0.0,0.0,0.0,0.0,-2.7167575867253717,110
2025-07-30 01:00:00,DDPG,0.20623353099872965,0.0,0.0,0.0,0.0,0.0,-2.7532938002540694,110
2025-07-30 02:00:00,DDPG,0.20605144146978138,0.0,0.0,0.0,0.0,0.0,-2.7897117060437235,110
2025-07-30 03:00:00,DDPG,0.20589262905228367,0.0,0.0,0.0,0.0,0.0,-2.821474189543266,110
2025-07-30 04:00:00,DDPG,0.2057342666033022,0.0,0.0,0.0,0.0,0.0,-2.8531466793395577,110
2025-07-30 05:00:00,DDPG,0.20650462790514598,0.0,0.0,0.0,0.0,0.0,-2.6990744189708042,110
2025-07-30 06:00:00,DDPG,0.20629878961777723,0.0,0.0,0.0,0.0,0.0,-2.740242076444554,110
2025-07-30 07:00:00,DDPG,0.2069740964766098,0.0,0.0,0.0,0.0,0.0,-2.6051807046780393,110
2025-07-30 08:00:00,DDPG,0.20642063382512274,0.0,0.0,0.0,0.0,0.0,-2.7158732349754526,110
2025-07-30 09:00:00,DDPG,0.2055756676661703,0.0,0.0,0.0,0.0,0.0,-2.8848664667659394,110
2025-07-30 10:00:00,DDPG,0.20451840675033053,0.0,0.0,0.0,0.0,0.0,-3.0963186499338935,110
2025-07-30 11:00:00,DDPG,0.20332679014564475,0.0,0.0,0.0,0.0,0.0,-3.3346419708710497,110
2025-07-30 12:00:00,DDPG,0.20207488026270173,0.0,0.0,0.0,0.0,0.0,-3.5850239474596535,110
2025-07-30 13:00:00,DDPG,0.20085236045462976,0.0,0.0,0.0,0.0,0.0,-3.8295279090740486,110
2025-07-30 14:00:00,DDPG,0.19976145624582925,0.0,0.0,0.0,0.0,0.0,-4.0477087508341505,110
2025-07-30 15:00:00,DDPG,0.19981632627477594,0.0,0.0,0.0,0.0,0.0,-4.0367347450448126,110
2025-07-30 16:00:00,DDPG,0.19919124999032817,0.0,0.0,0.0,0.0,0.0,-4.161750001934367,110
2025-07-30 17:00:00,DDPG,0.19873330287732296,0.0,0.0,0.0,0.0,0.0,-4.253339424535407,110
2025-07-30 18:00:00,DDPG,0.1984965982633474,0.0,0.0,0.0,0.0,0.0,-4.3006803473305215,110
2025-07-30 19:00:00,DDPG,0.19831993208395948,0.0,0.0,0.0,0.0,0.0,-4.3360135832081035,110
2025-07-30 20:00:00,DDPG,0.19820258367746985,0.0,0.0,0.0,0.0,0.0,-4.359483264506031,110
2025-07-30 21:00:00,DDPG,0.19804649912079994,0.0,0.0,0.0,0.0,0.0,-4.390700175840012,110
2025-07-30 22:00:00,DDPG,0.197910367373291,0.0,0.0,0.0,0.0,0.0,-4.417926525341798,110
2025-07-30 23:00:00,DDPG,0.19779401362395588,0.0,0.0,0.0,0.0,0.0,-4.4411972752088245,110
2025-07-31 00:00:00,DDPG,0.19767794244801198,0.0,0.0,0.0,0.0,0.0,-4.464411510397603,110
2025-07-31 01:00:00,DDPG,0.19754285494440926,0.0,0.0,0.0,0.0,0.0,-4.491429011118147,110
2025-07-31 02:00:00,DDPG,0.19738890665220832,0.0,0.0,0.0,0.0,0.0,-4.522218669558336,110
2025-07-31 03:00:00,DDPG,0.1972546380833604,0.0,0.0,0.0,0.0,0.0,-4.549072383327918,110
2025-07-31 04:00:00,DDPG,0.19712074994212422,0.0,0.0,0.0,0.0,0.0,-4.575850011575156,110
2025-07-31 05:00:00,DDPG,0.19698724115062152,0.0,0.0,0.0,0.0,0.0,-4.602551769875696,110
2025-07-31 06:00:00,DDPG,0.19683509198880048,0.0,0.0,0.0,0.0,0.0,-4.632981602239905,110
2025-07-31 07:00:00,DDPG,0.19656969313419728,0.0,0.0,0.0,0.0,0.0,-4.686061373160544,110
2025-07-31 08:00:00,DDPG,0.19606075291637357,0.0,0.0,0.0,0.0,0.0,-4.787849416725287,110
2025-07-31 09:00:00,DDPG,0.19531500739296562,0.0,0.0,0.0,0.0,0.0,-4.936998521406877,110
2025-07-31 10:00:00,DDPG,0.19441625974633847,0.0,0.0,0.0,0.0,0.0,-5.116748050732306,110
2025-07-31 11:00:00,DDPG,0.1933915131821908,0.0,0.0,0.0,0.0,0.0,-5.321697363561839,110
2025-07-31 12:00:00,DDPG,0.1923377192906233,0.0,0.0,0.0,0.0,0.0,-5.5324561418753415,110
2025-07-31 13:00:00,DDPG,0.19130951753642245,0.0,0.0,0.0,0.0,0.0,-5.738096492715511,110
2025-07-31 14:00:00,DDPG,0.19037316847226354,0.0,0.0,0.0,0.0,0.0,-5.925366305547292,110
2025-07-31 15:00:00,DDPG,0.18962145852594664,0.0,0.0,0.0,0.0,0.0,-6.075708294810672,110
2025-07-31 16:00:00,DDPG,0.18904411727314,0.0,0.0,0.0,0.0,0.0,-6.191176545372002,110
2025-07-31 17:00:00,DDPG,0.18866483156248662,0.0,0.0,0.0,0.0,0.0,-6.267033687502677,110
2025-07-31 18:00:00,DDPG,0.18912453963132847,0.0,0.0,0.0,0.0,0.0,-6.175092073734305,110
2025-07-31 19:00:00,DDPG,0.18895034227630328,0.0,0.0,0.0,0.0,0.0,-6.209931544739344,110
2025-07-31 20:00:00,DDPG,0.1891405707913444,0.0,0.0,0.0,0.0,0.0,-6.171885841731122,110
2025-07-31 21:00:00,DDPG,0.18896630205948767,0.0,0.0,0.0,0.0,0.0,-6.206739588102467,110
2025-07-31 22:00:00,DDPG,0.18882435338769954,0.0,0.0,0.0,0.0,0.0,-6.235129322460093,110
2025-07-31 23:00:00,DDPG,0.18868292181464436,0.0,0.0,0.0,0.0,0.0,-6.26341563707113,110
2025-08-01 00:00:00,DDPG,0.1885420054566053,0.0,0.0,0.0,0.0,0.0,-6.291598908678942,110
2025-08-01 01:00:00,DDPG,0.18840160243672768,0.0,0.0,0.0,0.0,0.0,-6.319679512654464,110
2025-08-01 02:00:00,DDPG,0.18826171088499388,0.0,0.0,0.0,0.0,0.0,-6.347657823001224,110
2025-08-01 03:00:00,DDPG,0.1881378158211758,0.0,0.0,0.0,0.0,0.0,-6.372436835764839,110
2025-08-01 04:00:00,DDPG,0.18802975867634913,0.0,0.0,0.0,0.0,0.0,-6.3940482647301735,110
2025-08-01 05:00:00,DDPG,0.1879374006909923,0.0,0.0,0.0,0.0,0.0,-6.412519861801542,110
2025-08-01 06:00:00,DDPG,0.1878299113890345,0.0,0.0,0.0,0.0,0.0,-6.4340177221931025,110
2025-08-01 07:00:00,DDPG,0.1876308539981541,0.0,0.0,0.0,0.0,0.0,-6.473829200369181,110
2025-08-01 08:00:00,DDPG,0.18721960252231712,0.0,0.0,0.0,0.0,0.0,-6.556079495536576,110
2025-08-01 09:00:00,DDPG,0.1872728724497336,0.0,0.0,0.0,0.0,0.0,-6.545425510053281,110
2025-08-01 10:00:00,DDPG,0.1865185405072985,0.0,0.0,0.0,0.0,0.0,-6.696291898540302,110
2025-08-01 11:00:00,DDPG,0.18567600560845154,0.0,0.0,0.0,0.0,0.0,-6.864798878309692,110
2025-08-01 12:00:00,DDPG,0.18480958832938915,0.0,0.0,0.0,0.0,0.0,-7.038082334122169,110
2025-08-01 13:00:00,DDPG,0.1839501230175421,0.0,0.0,0.0,0.0,0.0,-7.209975396491579,110
2025-08-01 14:00:00,DDPG,0.18318058689581115,0.0,0.0,0.0,0.0,0.0,-7.363882620837769,110
2025-08-01 15:00:00,DDPG,0.18253593549326397,0.0,0.0,0.0,0.0,0.0,-7.492812901347207,110
2025-08-01 16:00:00,DDPG,0.1820486711259958,0.0,0.0,0.0,0.0,0.0,-7.590265774800841,110
2025-08-01 17:00:00,DDPG,0.18173734117791468,0.0,0.0,0.0,0.0,0.0,-7.6525317644170645,110
2025-08-01 18:00:00,DDPG,0.18157034231124042,0.0,0.0,0.0,0.0,0.0,-7.685931537751916,110
2025-08-01 19:00:00,DDPG,0.1814425575923616,0.0,0.0,0.0,0.0,0.0,-7.711488481527677,110
2025-08-01 20:00:00,DDPG,0.18134074359634822,0.0,0.0,0.0,0.0,0.0,-7.731851280730357,110
2025-08-01 21:00:00,DDPG,0.18125194482282525,0.0,0.0,0.0,0.0,0.0,-7.749611035434949,110
2025-08-01 22:00:00,DDPG,0.18117604724254124,0.0,0.0,0.0,0.0,0.0,-7.7647905514917515,110
2025-08-01 23:00:00,DDPG,0.1811003339849522,0.0,0.0,0.0,0.0,0.0,-7.779933203009559,110
2025-08-02 00:00:00,DDPG,0.18102480460241732,0.0,0.0,0.0,0.0,0.0,-7.795039079516535,110
2025-08-02 01:00:00,DDPG,0.18096201630738862,0.0,0.0,0.0,0.0,0.0,-7.807596738522276,110
2025-08-02 02:00:00,DDPG,0.18089935508390936,0.0,0.0,0.0,0.0,0.0,-7.820128983218128,110
2025-08-02 03:00:00,DDPG,0.18083682067481097,0.0,0.0,0.0,0.0,0.0,-7.8326358650378065,110
2025-08-02 04:00:00,DDPG,0.18077441282344528,0.0,0.0,0.0,0.0,0.0,-7.845117435310945,110
2025-08-02 05:00:00,DDPG,0.18071213127368355,0.0,0.0,0.0,0.0,0.0,-7.857573745263291,110
2025-08-02 06:00:00,DDPG,0.18063754466916174,0.0,0.0,0.0,0.0,0.0,-7.872491066167653,110
2025-08-02 07:00:00,DDPG,0.18047633282697403,0.0,0.0,0.0,0.0,0.0,-7.904733434605193,110
2025-08-02 08:00:00,DDPG,0.18015560570531872,0.0,0.0,0.0,0.0,0.0,-7.968878858936257,110
2025-08-02 09:00:00,DDPG,0.1796795779295419,0.0,0.0,0.0,0.0,0.0,-8.06408441409162,110
2025-08-02 10:00:00,DDPG,0.17907891980477736,0.0,0.0,0.0,0.0,0.0,-8.184216039044529,110
2025-08-02 11:00:00,DDPG,0.17841979762253574,0.0,0.0,0.0,0.0,0.0,-8.316040475492853,110
2025-08-02 12:00:00,DDPG,0.17770659603457972,0.0,0.0,0.0,0.0,0.0,-8.458680793084056,110
2025-08-02 13:00:00,DDPG,0.1770225069848688,0.0,0.0,0.0,0.0,0.0,-8.595498603026241,110
2025-08-02 14:00:00,DDPG,0.17639905914514645,0.0,0.0,0.0,0.0,0.0,-8.720188170970712,110
2025-08-02 15:00:00,DDPG,0.1758754778054344,0.0,0.0,0.0,0.0,0.0,-8.824904438913123,110
2025-08-02 16:00:00,DDPG,0.17550890853652407,0.0,0.0,0.0,0.0,0.0,-8.898218292695187,110
2025-08-02 17:00:00,DDPG,0.17528175777955599,0.0,0.0,0.0,0.0,0.0,-8.943648444088803,110
2025-08-02 18:00:00,DDPG,0.17515896067034098,0.0,0.0,0.0,0.0,0.0,-8.968207865931804,110
2025-08-02 19:00:00,DDPG,0.1750673101707562,0.0,0.0,0.0,0.0,0.0,-8.986537965848761,110
2025-08-02 20:00:00,DDPG,0.17500643241748434,0.0,0.0,0.0,0.0,0.0,-8.998713516503132,110
2025-08-02 21:00:00,DDPG,0.17494570251018476,0.0,0.0,0.0,0.0,0.0,-9.010859497963047,110
2025-08-02 22:00:00,DDPG,0.17488512008980286,0.0,0.0,0.0,0.0,0.0,-9.022975982039426,110
2025-08-02 23:00:00,DDPG,0.17482468479815622,0.0,0.0,0.0,0.0,0.0,-9.035063040368756,110
2025-08-03 00:00:00,DDPG,0.1747643962779321,0.0,0.0,0.0,-7.105427357601002e-15,0.0,-9.047120744413577,110
2025-08-03 01:00:00,DDPG,0.174694230488478,0.0,0.0,0.0,0.0,0.0,-9.061153902304403,110
2025-08-03 02:00:00,DDPG,0.17462426350209395,0.0,0.0,0.0,0.0,0.0,-9.07514729958121,110
2025-08-03 03:00:00,DDPG,0.17456446171930318,0.0,0.0,0.0,0.0,0.0,-9.087107656139365,110
2025-08-03 04:00:00,DDPG,0.1745048051694134,0.0,0.0,0.0,0.0,0.0,-9.099038966117318,110
2025-08-03 05:00:00,DDPG,0.17445521211133247,0.0,0.0,0.0,0.0,0.0,-9.108957577733506,110
2025-08-03 06:00:00,DDPG,0.17439582088191924,0.0,0.0,0.0,0.0,0.0,-9.120835823616153,110
2025-08-03 07:00:00,DDPG,0.17427732689477848,0.0,0.0,0.0,0.0,0.0,-9.144534621044304,110
2025-08-03 08:00:00,DDPG,0.1740218369307906,0.0,0.0,0.0,0.0,0.0,-9.19563261384188,110
2025-08-03 09:00:00,DDPG,0.17364263507638314,0.0,0.0,0.0,0.0,0.0,-9.271472984723372,110
2025-08-03 10:00:00,DDPG,0.17316415317602776,0.0,0.0,0.0,0.0,0.0,-9.367169364794448,110
2025-08-03 11:00:00,DDPG,0.1726203471038477,0.0,0.0,0.0,0.0,0.0,-9.475930579230463,110
2025-08-03 12:00:00,DDPG,0.1720526841074797,0.0,0.0,0.0,0.0,0.0,-9.58946317850406,110
2025-08-03 13:00:00,DDPG,0.1715438971812857,0.0,0.0,0.0,0.0,0.0,-9.691220563742858,110
2025-08-03 14:00:00,DDPG,0.17109044944061294,0.0,0.0,0.0,0.0,0.0,-9.781910111877412,110
2025-08-03 15:00:00,DDPG,0.1707319118001225,0.0,0.0,0.0,0.0,0.0,-9.853617639975498,110
2025-08-03 16:00:00,DDPG,0.17043820971628745,0.0,0.0,0.0,0.0,0.0,-9.912358056742509,110
2025-08-03 17:00:00,DDPG,0.17024793971630964,0.0,0.0,0.0,0.0,0.0,-9.950412056738072,110
2025-08-03 18:00:00,DDPG,0.17016598376983885,0.0,0.0,0.0,0.0,0.0,-9.96680324603223,110
2025-08-03 19:00:00,DDPG,0.17010884681582433,0.0,0.0,0.0,0.0,0.0,-9.978230636835134,110
2025-08-03 20:00:00,DDPG,0.17006815034012562,0.0,0.0,0.0,0.0,0.0,-9.986369931974876,110
2025-08-03 21:00:00,DDPG,0.17002753622634204,0.0,0.0,0.0,0.0,0.0,-9.994492754731594,110
2025-08-03 22:00:00,DDPG,0.16997889792407805,0.0,0.0,0.0,0.0,0.0,-10.00422041518439,110
2025-08-03 23:00:00,DDPG,0.1699222910466265,0.0,0.0,0.0,0.0,0.0,-10.015541790674698,110
2025-08-04 00:00:00,DDPG,0.16986584455532774,0.0,0.0,0.0,0.0,0.0,-10.02683108893445,110
2025-08-04 01:00:00,DDPG,0.1698095579957543,0.0,0.0,0.0,0.0,0.0,-10.038088400849137,110
2025-08-04 02:00:00,DDPG,0.16975343091476633,0.0,0.0,0.0,0.0,0.0,-10.049313817046734,110
2025-08-04 03:00:00,DDPG,0.16970545829683048,0.0,0.0,0.0,0.0,0.0,-10.058908340633904,110
2025-08-04 04:00:00,DDPG,0.16966557820265832,0.0,0.0,0.0,0.0,0.0,-10.066884359468336,110
2025-08-04 05:00:00,DDPG,0.1696337386950921,0.0,0.0,0.0,0.0,0.0,-10.07325226098158,110
2025-08-04 06:00:00,DDPG,0.16959400374773298,0.0,0.0,0.0,0.0,0.0,-10.081199250453404,110
2025-08-04 07:00:00,DDPG,0.1695067637786657,0.0,0.0,0.0,0.0,0.0,-10.098647244266862,110
2025-08-04 08:00:00,DDPG,0.16932516509682144,0.0,0.0,0.0,0.0,0.0,-10.134966980635712,110
2025-08-04 09:00:00,DDPG,0.16901228147144434,0.0,0.0,0.0,0.0,0.0,-10.197543705711132,110
2025-08-04 10:00:00,DDPG,0.16862750910833177,0.0,0.0,0.0,0.0,0.0,-10.274498178333646,110
2025-08-04 11:00:00,DDPG,0.1681902061564076,0.0,0.0,0.0,0.0,0.0,-10.361958768718482,110
2025-08-04 12:00:00,DDPG,0.16770426779194356,0.0,0.0,0.0,0.0,0.0,-10.459146441611288,110
2025-08-04 13:00:00,DDPG,0.16726714098955678,0.0,0.0,0.0,0.0,0.0,-10.546571802088645,110
2025-08-04 14:00:00,DDPG,0.16686876337958342,0.0,0.0,0.0,0.0,0.0,-10.626247324083316,110
2025-08-04 15:00:00,DDPG,0.1665410274053515,0.0,0.0,0.0,0.0,0.0,-10.691794518929697,110
2025-08-04 16:00:00,DDPG,0.1663200865392943,0.0,0.0,0.0,0.0,0.0,-10.735982692141139,110
2025-08-04 17:00:00,DDPG,0.1661813662961937,1.4901161193847656e-07,0.0,0.0,0.0,0.0,-10.763726743741492,110
2025-08-04 18:00:00,DDPG,0.16611587028975672,0.0,0.0,0.0,0.0,0.0,-10.776825943538773,110
2025-08-04 19:00:00,DDPG,0.16607020865726907,0.0,0.0,0.0,0.0,0.0,-10.785958268546187,110
2025-08-04 20:00:00,DDPG,0.16601817179114076,0.0,0.0,0.0,0.0,0.0,-10.79636564177185,110
2025-08-04 21:00:00,DDPG,0.1659598198796159,0.0,0.0,0.0,0.0,0.0,-10.808036024076822,110
2025-08-04 22:00:00,DDPG,0.16590168053576873,0.0,0.0,0.0,0.0,0.0,-10.819663892846254,110
2025-08-04 23:00:00,DDPG,0.1658630621687533,0.0,0.0,0.0,0.0,0.0,-10.82738756624934,110
2025-08-05 00:00:00,DDPG,0.16815220475136636,1.4901161193847656e-07,0.0,0.0,0.0,0.0,-10.369559052706961,110
2025-08-05 01:00:00,DDPG,0.16810812082554163,0.0,0.0,0.0,0.0,0.0,-10.37837583638179,110
2025-08-05 02:00:00,DDPG,0.17271025942294507,1.4901161193847656e-07,0.0,0.0,0.0,0.0,-9.457948118391219,110
2025-08-05 03:00:00,DDPG,0.17734368267936007,0.0,0.0,0.0,0.0,0.0,-8.531263465618103,110
2025-08-05 04:00:00,DDPG,0.17760980089787595,1.4901161193847656e-07,0.0,0.0,0.0,0.0,-8.478039823405043,110
2025-08-05 05:00:00,DDPG,0.17752039773306377,0.0,0.0,0.0,0.0,0.0,-8.495920454877362,110
2025-08-05 06:00:00,DDPG,0.17742014485560761,0.0,0.0,0.0,0.0,0.0,-8.515971028878477,110
2025-08-05 07:00:00,DDPG,0.17727586315891153,1.4901161193847656e-07,0.0,0.0,0.0,0.0,-8.544827371197927,110
2025-08-05 08:00:00,DDPG,0.19066080622749265,0.0,0.0,0.0,0.0,0.0,-5.8678387559915866,110
2025-08-05 09:00:00,DDPG,0.19228092190537166,0.0,0.0,0.0,0.0,0.0,-5.543815618925668,110
2025-08-05 10:00:00,DDPG,0.1929081196776974,0.0,0.0,0.0,0.0,0.0,-5.418376064460523,110
2025-08-05 11:00:00,DDPG,0.2013533483098432,0.0,0.0,0.0,0.0,0.0,-3.729330338031361,110
2025-08-05 12:00:00,DDPG,0.20373734369566496,0.0,0.0,0.0,0.0,0.0,-3.252531260867009,110
2025-08-05 13:00:00,DDPG,0.20291081217120308,0.0,0.0,0.0,0.0,0.0,-3.4178375657593847,110
2025-08-05 14:00:00,DDPG,0.20218265861322793,0.0,0.0,0.0,0.0,0.0,-3.5634682773544144,110
2025-08-05 15:00:00,DDPG,0.20154901253502697,1.4901161193847656e-07,0.0,0.0,0.0,0.0,-3.6901974959748394,110
2025-08-05 16:00:00,DDPG,0.2010065220204023,4.470348358154297e-07,0.0,0.0,0.0,0.0,-3.7986956033701187,110
2025-08-05 17:00:00,DDPG,0.20061425807013086,1.4901161193847656e-07,0.0,0.0,0.0,0.0,-3.8771483904441757,110
2025-08-05 18:00:00,DDPG,0.20036841738807595,0.0,0.0,0.0,0.0,0.0,-3.9263165238749256,110
2025-08-05 19:00:00,DDPG,0.20016454522245755,0.0,0.0,0.0,0.0,0.0,-3.96709095550849,110
2025-08-05 20:00:00,DDPG,0.2000021076474515,0.0,0.0,0.0,0.0,0.0,-3.999578470509702,110
2025-08-05 21:00:00,DDPG,0.19981995711245004,0.0,0.0,0.0,0.0,0.0,-4.036008577509992,110
2025-08-05 22:00:00,DDPG,0.19967880056729811,0.0,0.0,0.0,0.0,0.0,-4.064239886540378,110
2025-08-05 23:00:00,DDPG,0.2002231996706823,0.0,0.0,0.0,0.0,0.0,-3.9553600658635393,110
2025-08-06 00:00:00,DDPG,0.20010122904291064,0.0,0.0,0.0,0.0,0.0,-3.9797541914178725,110
2025-08-06 01:00:00,DDPG,0.19997955462952072,0.0,0.0,0.0,0.0,0.0,-4.004089074095857,110
2025-08-06 02:00:00,DDPG,0.19985817571113473,0.0,0.0,0.0,0.0,0.0,-4.028364857773053,110
2025-08-06 03:00:00,DDPG,0.19969673018978437,0.0,0.0,0.0,0.0,0.0,-4.060653962043126,110
2025-08-06 04:00:00,DDPG,0.19953580744440794,0.0,0.0,0.0,0.0,0.0,-4.092838511118413,110
2025-08-06 05:00:00,DDPG,0.19939545598998212,0.0,0.0,0.0,0.0,0.0,-4.120908802003576,110
2025-08-06 06:00:00,DDPG,0.20056452467217328,0.0,0.0,0.0,0.0,0.0,-3.887095065565344,110
2025-08-06 07:00:00,DDPG,0.20199863817740274,0.0,0.0,0.0,0.0,0.0,-3.6002723645194523,110
2025-08-06 08:00:00,DDPG,0.20267686073132565,0.0,0.0,0.0,0.0,0.0,-3.4646278537348696,110
2025-08-06 09:00:00,DDPG,0.20220778681318755,2.980232238769531e-07,0.0,0.0,0.0,0.0,-3.5584426433229552,110
2025-08-06 10:00:00,DDPG,0.20129912271412945,0.0,0.0,0.0,0.0,0.0,-3.740175460154343,110
2025-08-06 11:00:00,DDPG,0.20019863439114302,0.0,0.0,0.0,0.0,0.0,-3.9602731217713956,110
2025-08-06 12:00:00,DDPG,0.19893888770904145,0.0,0.0,0.0,0.0,0.0,-4.212222458191711,110
2025-08-06 13:00:00,DDPG,0.19771075466986696,0.0,0.0,0.0,0.0,0.0,-4.4578490660266095,110
2025-08-06 14:00:00,DDPG,0.19697453509170046,0.0,0.0,0.0,0.0,0.0,-4.605092981659908,110
2025-08-06 15:00:00,DDPG,0.19818161453602212,1.4901161193847656e-07,0.0,0.0,0.0,0.0,-4.363677095775808,110
2025-08-06 16:00:00,DDPG,0.19934389553893914,9.5367431640625e-06,0.0,0.0,0.0,0.0,-4.13122108145692,110
2025-08-06 17:00:00,DDPG,0.19896442192112082,1.341104507446289e-06,0.0,0.0,0.0,0.0,-4.207115711143267,110
2025-08-06 18:00:00,DDPG,0.19878605202187555,1.4901161193847656e-07,0.0,0.0,0.0,0.0,-4.242789609035936,110
2025-08-06 19:00:00,DDPG,0.19898021376336913,0.0,0.0,0.0,0.0,0.0,-4.203957248816289,110
2025-08-06 20:00:00,DDPG,0.19884143649103958,0.0,0.0,0.0,0.0,0.0,-4.231712701792084,110
2025-08-06 21:00:00,DDPG,0.1987425907267125,0.0,0.0,0.0,0.0,0.0,-4.251481854657502,110
2025-08-06 22:00:00,DDPG,0.1986636741512502,0.0,0.0,0.0,0.0,0.0,-4.267265169749962,110
2025-08-06 23:00:00,DDPG,0.19858488534548152,0.0,0.0,0.0,0.0,0.0,-4.283022930903696,110
2025-08-07 00:00:00,DDPG,0.1985062241025412,0.0,0.0,0.0,0.0,0.0,-4.298755179491759,110
2025-08-07 01:00:00,DDPG,0.19842769021589898,0.0,0.0,0.0,0.0,0.0,-4.314461956820203,110
2025-08-07 02:00:00,DDPG,0.19836888516349396,0.0,0.0,0.0,0.0,0.0,-4.326222967301208,110
2025-08-07 03:00:00,DDPG,0.19829057363513403,0.0,0.0,0.0,0.0,0.0,-4.341885272973195,110
2025-08-07 04:00:00,DDPG,0.1982123888968676,0.0,0.0,0.0,0.0,0.0,-4.357522220626481,110
2025-08-07 05:00:00,DDPG,0.19813433074341552,0.0,0.0,0.0,0.0,0.0,-4.373133851316896,110
2025-08-07 06:00:00,DDPG,0.19805639896983096,0.0,0.0,0.0,0.0,0.0,-4.388720206033808,110
2025-08-07 07:00:00,DDPG,0.1978424340689115,1.4901161193847656e-07,0.0,0.0,0.0,0.0,-4.431513189197933,110
2025-08-07 08:00:00,DDPG,0.19733894940561486,0.0,0.0,0.0,0.0,0.0,-4.532210120367145,110
2025-08-07 09:00:00,DDPG,0.19655334826905027,0.0,0.0,0.0,0.0,0.0,-4.689330346189946,110
2025-08-07 10:00:00,DDPG,0.1955358250854553,0.0,0.0,0.0,0.0,0.0,-4.892834982908939,110
2025-08-07 11:00:00,DDPG,0.1943930927130727,0.0,0.0,0.0,0.0,0.0,-5.12138145738546,110
2025-08-07 12:00:00,DDPG,0.19318919431783008,0.0,0.0,0.0,0.0,0.0,-5.3621611364339845,110
2025-08-07 13:00:00,DDPG,0.192052907181611,0.0,0.0,0.0,0.0,0.0,-5.589418563677801,110
2025-08-07 14:00:00,DDPG,0.19103162229291473,0.0,0.0,0.0,0.0,0.0,-5.793675541417054,110
2025-08-07 15:00:00,DDPG,0.19020122041317716,0.0,0.0,0.0,0.0,0.0,-5.959755917364568,110
2025-08-07 16:00:00,DDPG,0.18959915927889412,0.0,0.0,0.0,0.0,0.0,-6.080168144221176,110
2025-08-07 17:00:00,DDPG,0.18923050996275015,0.0,0.0,0.0,0.0,0.0,-6.153898007449971,110
2025-08-07 18:00:00,DDPG,0.1890875988193144,0.0,0.0,0.0,0.0,0.0,-6.182480236137122,110
2025-08-07 19:00:00,DDPG,0.18900849296456104,0.0,0.0,0.0,0.0,0.0,-6.198301407087792,110
2025-08-07 20:00:00,DDPG,0.1889927038126468,0.0,0.0,0.0,0.0,0.0,-6.20145923747064,110
2025-08-07 21:00:00,DDPG,0.18897692105157976,0.0,0.0,0.0,0.0,0.0,-6.204615789684048,110
2025-08-07 22:00:00,DDPG,0.18897692105157976,0.0,0.0,0.0,0.0,0.0,-6.204615789684048,110
2025-08-07 23:00:00,DDPG,0.18897692105157976,0.0,0.0,0.0,0.0,0.0,-6.204615789684048,110
2025-08-08 00:00:00,DDPG,0.18896114467877317,0.0,0.0,0.0,0.0,0.0,-6.207771064245366,110
2025-08-08 01:00:00,DDPG,0.18896114467877317,0.0,0.0,0.0,0.0,0.0,-6.207771064245366,110
2025-08-08 02:00:00,DDPG,0.1889453746916413,0.0,0.0,0.0,0.0,0.0,-6.210925061671741,110
2025-08-08 03:00:00,DDPG,0.18889808387951573,0.0,0.0,0.0,0.0,0.0,-6.220383224096853,110
2025-08-08 04:00:00,DDPG,0.18886659495447042,0.0,0.0,0.0,0.0,0.0,-6.226681009105917,110
2025-08-08 05:00:00,DDPG,0.18883513152045966,0.0,0.0,0.0,0.0,0.0,-6.232973695908068,110
2025-08-08 06:00:00,DDPG,0.18880369355684787,0.0,0.0,0.0,0.0,0.0,-6.239261288630427,110
2025-08-08 07:00:00,DDPG,0.18866233724460507,0.0,0.0,0.0,0.0,0.0,-6.267532551078986,110
2025-08-08 08:00:00,DDPG,0.18827111121296325,0.0,0.0,0.0,0.0,0.0,-6.345777757407351,110
2025-08-08 09:00:00,DDPG,0.18763599301021477,0.0,0.0,0.0,0.0,0.0,-6.472801397957046,110
2025-08-08 10:00:00,DDPG,0.18681337773442008,0.0,0.0,0.0,0.0,0.0,-6.637324453115983,110
2025-08-08 11:00:00,DDPG,0.1858746366021924,0.0,0.0,0.0,-7.105427357601002e-15,0.0,-6.825072679561522,110
2025-08-08 12:00:00,DDPG,0.18529932230904847,0.0,0.0,0.0,0.0,0.0,-6.940135538190306,110
2025-08-08 13:00:00,DDPG,0.1844706286948408,0.0,0.0,0.0,0.0,0.0,-7.1058742610318415,110
2025-08-08 14:00:00,DDPG,0.18374510403373986,0.0,0.0,0.0,0.0,0.0,-7.250979193252027,110
2025-08-08 15:00:00,DDPG,0.18314411979999612,0.0,0.0,0.0,0.0,0.0,-7.371176040000776,110
2025-08-08 16:00:00,DDPG,0.18264774714870569,0.0,0.0,0.0,0.0,0.0,-7.470450570258862,110
2025-08-08 17:00:00,DDPG,0.1823305976049754,0.0,0.0,0.0,0.0,0.0,-7.533880479004923,110
2025-08-08 18:00:00,DDPG,0.18217356327375123,0.0,0.0,0.0,0.0,0.0,-7.565287345249754,110
2025-08-08 19:00:00,DDPG,0.1820563595789683,0.0,0.0,0.0,0.0,0.0,-7.588728084206341,110
2025-08-08 20:00:00,DDPG,0.18195255803366495,0.0,0.0,0.0,0.0,0.0,-7.609488393267011,110
2025-08-08 21:00:00,DDPG,0.1818620257859029,0.0,0.0,0.0,0.0,0.0,-7.627594842819418,110
2025-08-08 22:00:00,DDPG,0.18178464658042284,0.0,0.0,0.0,0.0,0.0,-7.6430706839154325,110
2025-08-08 23:00:00,DDPG,0.1817074552958704,0.0,0.0,0.0,0.0,0.0,-7.65850894082592,110
2025-08-09 00:00:00,DDPG,0.18161761750586541,0.0,0.0,0.0,0.0,0.0,-7.6764764988269185,110
2025-08-09 01:00:00,DDPG,0.18152803425626546,0.0,0.0,0.0,0.0,0.0,-7.694393148746908,110
2025-08-09 02:00:00,DDPG,0.18142594347867375,0.0,0.0,0.0,0.0,0.0,-7.71481130426525,110
2025-08-09 03:00:00,DDPG,0.1813241832807428,0.0,0.0,0.0,0.0,0.0,-7.735163343851443,110
2025-08-09 04:00:00,DDPG,0.1812227525920242,0.0,0.0,0.0,0.0,0.0,-7.755449481595161,110
2025-08-09 05:00:00,DDPG,0.18112165034553573,0.0,0.0,0.0,0.0,0.0,-7.775669930892853,110
2025-08-09 06:00:00,DDPG,0.181008278619277,0.0,0.0,0.0,0.0,0.0,-7.798344276144597,110
2025-08-09 07:00:00,DDPG,0.18083256504043443,0.0,0.0,0.0,0.0,0.0,-7.833486991913112,110
2025-08-09 08:00:00,DDPG,0.1805205688465729,0.0,0.0,0.0,0.0,0.0,-7.895886230685424,110
2025-08-09 09:00:00,DDPG,0.18006348699408495,0.0,0.0,0.0,0.0,0.0,-7.987302601183011,110
2025-08-09 10:00:00,DDPG,0.17945505928110939,0.0,0.0,0.0,0.0,0.0,-8.108988143778124,110
2025-08-09 11:00:00,DDPG,0.17977707165187518,0.0,0.0,0.0,0.0,0.0,-8.044585669624965,110
2025-08-09 12:00:00,DDPG,0.17907801944595259,0.0,0.0,0.0,0.0,0.0,-8.184396110809484,110
2025-08-09 13:00:00,DDPG,0.17967279135464612,0.0,0.0,0.0,0.0,0.0,-8.065441729070777,110
2025-08-09 14:00:00,DDPG,0.18041627007784383,0.0,0.0,0.0,0.0,0.0,-7.916745984431234,110
2025-08-09 15:00:00,DDPG,0.1816284299429694,4.470348358154297e-07,0.0,0.0,0.0,0.0,-7.6743140203468165,110
2025-08-09 16:00:00,DDPG,0.181205964485874,0.0,0.0,0.0,0.0,0.0,-7.758807107295548,110
2025-08-09 17:00:00,DDPG,0.18091545329273748,4.470348358154297e-07,0.0,0.0,0.0,0.0,-7.8169093503932014,110
2025-08-09 18:00:00,DDPG,0.1810970068053156,0.0,0.0,0.0,0.0,0.0,-7.780598643407229,110
2025-08-09 19:00:00,DDPG,0.1809963117356603,0.0,0.0,0.0,0.0,0.0,-7.800737652867939,110
2025-08-09 20:00:00,DDPG,0.1808708504738731,0.0,0.0,0.0,0.0,0.0,-7.82582990522538,110
2025-08-09 21:00:00,DDPG,0.1877942070860093,0.0,0.0,0.0,0.0,0.0,-6.44115858279814,110
2025-08-09 22:00:00,DDPG,0.19407395697740484,0.0,0.0,0.0,0.0,0.0,-5.1852086045190315,110
2025-08-09 23:00:00,DDPG,0.19398475968352202,0.0,0.0,0.0,0.0,0.0,-5.203048063295595,110
2025-08-10 00:00:00,DDPG,0.19517134871565792,0.0,0.0,0.0,0.0,0.0,-4.965730256868417,110
2025-08-10 01:00:00,DDPG,0.1980348642182263,2.980232238769531e-07,0.0,0.0,0.0,0.0,-4.393027162315204,110
2025-08-10 02:00:00,DDPG,0.19823115432516356,0.0,0.0,0.0,0.0,0.0,-4.353769137947521,110
2025-08-10 03:00:00,DDPG,0.20314497055149425,0.0,0.0,0.0,0.0,0.0,-3.3710058897011503,110
2025-08-10 04:00:00,DDPG,0.20399155980159833,0.0,0.0,0.0,0.0,0.0,-3.2016880396803336,110
2025-08-10 05:00:00,DDPG,0.20685315271879262,2.980232238769531e-07,0.0,0.0,0.0,0.0,-2.6293694622019403,110
2025-08-10 06:00:00,DDPG,0.2100159581702763,1.4901161193847656e-07,0.0,0.0,0.0,0.0,-1.9968083689249734,110
2025-08-10 07:00:00,DDPG,0.21846022395651857,0.0,0.0,0.0,0.0,0.0,-0.3079552101864027,110
2025-08-10 08:00:00,DDPG,0.21785060245452142,1.4901161193847656e-07,0.0,0.0,0.0,0.0,-0.42987951207594755,110
2025-08-10 09:00:00,DDPG,0.21691684892550445,0.0,0.0,0.0,0.0,0.0,-0.6166302163892272,110
2025-08-10 10:00:00,DDPG,0.21872826298203227,1.4901161193847656e-07,0.0,0.0,0.0,0.0,-0.25434740657377874,110
2025-08-10 11:00:00,DDPG,0.21771982815838134,0.0,0.0,0.0,0.0,0.0,-0.45603436981384826,110
2025-08-10 12:00:00,DDPG,0.21798224433454108,0.0,0.0,0.0,0.0,0.0,-0.40355113309178403,110
2025-08-10 13:00:00,DDPG,0.22379224433454106,0.0,0.0,0.0,0.0,0.0,2.0,110
2025-08-10 14:00:00,DDPG,0.22341057766787442,0.0,0.0,0.0,0.0,0.0,2.0,110
2025-08-10 15:00:00,DDPG,0.23061724433454112,0.0,0.0,0.0,0.0,0.0,2.0,110
2025-08-10 16:00:00,DDPG,0.2317739124913239,4.470348358154297e-07,0.0,0.0,0.0,0.0,1.9999999910593034,110
2025-08-10 17:00:00,DDPG,0.2327389124913239,0.0,0.0,0.0,0.0,0.0,1.9999999955296517,110
2025-08-10 18:00:00,DDPG,0.23315057965469596,1.4901161193847656e-07,0.0,0.0,0.0,0.0,1.9999999970197677,110
2025-08-10 19:00:00,DDPG,0.2336189129880293,0.0,0.0,0.0,0.0,0.0,1.999999998509884,110
2025-08-10 20:00:00,DDPG,0.2384489129880293,0.0,0.0,0.0,0.0,0.0,2.0,110
2025-08-10 21:00:00,DDPG,0.2433072463213626,0.0,0.0,0.0,0.0,0.0,2.0,110
2025-08-10 22:00:00,DDPG,0.2484422463213626,0.0,0.0,0.0,0.0,0.0,2.0,110
2025-08-10 23:00:00,DDPG,0.2591872463213626,0.0,0.0,0.0,0.0,0.0,2.0,110
2025-08-11 00:00:00,DDPG,0.27065557965469594,0.0,0.0,0.0,0.0,0.0,2.0,110
2025-08-11 01:00:00,DDPG,0.2774855796546959,0.0,0.0,0.0,0.0,0.0,2.0,110
2025-08-11 02:00:00,DDPG,0.3047055796546959,0.0,0.0,0.0,0.0,0.0,2.0,110
2025-08-11 03:00:00,DDPG,0.3308972463213626,0.0,0.0,0.0,0.0,0.0,-1.0897246321362575,110
2025-08-11 04:00:00,DDPG,0.3374222463213626,0.0,0.0,0.0,0.0,0.0,-1.7422246321362578,110
2025-08-11 05:00:00,DDPG,0.3449755796546959,0.0,0.0,0.0,0.0,0.0,-2.4975579654695874,110
2025-08-11 06:00:00,DDPG,0.3572995216892263,0.0,0.0,0.24331738964087607,0.0,0.0,-3.7299521689226287,110
2025-08-11 07:00:00,DDPG,0.35986356952030363,0.0,0.0,0.3287856506767881,0.0,0.0,-3.986356952030362,110
2025-08-11 08:00:00,DDPG,0.35823971256827325,0.0,0.0,0.2746570856091083,0.0,0.0,-3.823971256827324,110
2025-08-11 09:00:00,DDPG,0.3565232413114459,0.0,0.0,0.21744137704819766,0.0,0.0,-3.6523241311445904,110
2025-08-11 10:00:00,DDPG,0.35589791718030134,0.0,0.0,0.19659723934337736,0.0,0.0,-3.589791718030133,110
2025-08-11 11:00:00,DDPG,0.3681391254622712,0.0,0.0,0.6046375154090399,0.0,0.0,-4.813912546227117,110
2025-08-11 12:00:00,DDPG,0.365783712916044,0.0,0.0,0.5261237638681351,0.0,0.0,-4.5783712916044,110
2025-08-11 13:00:00,DDPG,0.3659558416244396,0.0,0.0,0.531861387481321,0.0,0.0,-4.595584162443961,110
2025-08-11 14:00:00,DDPG,0.38391875746199566,0.0,0.0,1.1306252487331876,0.0,0.0,-6.391875746199567,110
2025-08-11 15:00:00,DDPG,0.38136388171579605,0.0,0.0,1.045462723859869,0.0,0.0,-6.136388171579604,110
2025-08-11 16:00:00,DDPG,0.38156649354421646,0.0,0.0,1.0522164514738819,0.0,0.0,-6.156649354421646,110
2025-08-11 17:00:00,DDPG,0.38010184463682967,1.4901161193847656e-07,0.0,1.0033948212276556,0.0,0.0,-6.010184466663199,110
2025-08-11 18:00:00,DDPG,0.3810876601731467,0.0,0.0,1.0362553391048905,0.0,0.0,-6.108766018804786,110
2025-08-11 19:00:00,DDPG,0.378974894155832,0.0,0.0,0.9658298051944016,0.0,0.0,-5.897489415583202,110
2025-08-11 20:00:00,DDPG,0.38104990474024886,0.0,0.0,1.0349968246749612,0.0,0.0,-6.104990474024884,110
2025-08-11 21:00:00,DDPG,0.3795919142662239,0.0,0.0,0.9863971422074642,0.0,0.0,-5.9591914266223895,110
2025-08-11 22:00:00,DDPG,0.37915422283960154,0.0,0.0,0.9718074279867182,0.0,0.0,-5.915422283960154,110
2025-08-11 23:00:00,DDPG,0.3790603005556414,0.0,0.0,0.9686766851880464,0.0,0.0,-5.906030055564138,110
2025-08-12 00:00:00,DDPG,0.38287577050007726,0.0,0.0,1.0958590166692417,0.0,0.0,-6.287577050007727,110
2025-08-12 01:00:00,DDPG,0.38753519345006954,0.0,0.0,1.2511731150023182,0.0,0.0,-6.7535193450069535,110
2025-08-12 02:00:00,DDPG,0.3866031741050626,0.0,0.0,1.2201058035020864,0.0,0.0,-6.660317410506261,110
2025-08-12 03:00:00,DDPG,0.38333885669455636,0.0,0.0,1.1112952231518791,0.0,0.0,-6.333885669455636,110
2025-08-12 04:00:00,DDPG,0.3801009710251007,0.0,0.0,1.0033657008366903,0.0,0.0,-6.01009710251007,110
2025-08-12 05:00:00,DDPG,0.37716137392259064,0.0,0.0,0.9053791307530205,0.0,0.0,-5.716137392259063,110
2025-08-12 06:00:00,DDPG,0.37416473653033155,0.0,0.0,0.805491217677718,0.0,0.0,-5.4164736530331545,110
2025-08-12 07:00:00,DDPG,0.37659326287729844,0.0,0.0,0.8864420959099477,0.0,0.0,-5.659326287729844,110
2025-08-12 08:00:00,DDPG,0.3766024365895686,0.0,0.0,0.8867478863189533,0.0,0.0,-5.660243658956859,110
2025-08-12 09:00:00,DDPG,0.3824831929306117,0.0,0.0,1.0827730976870569,0.0,0.0,-6.248319293061172,110
2025-08-12 10:00:00,DDPG,0.3830718736375505,0.0,0.0,1.1023957879183512,0.0,0.0,-6.307187363755052,110
2025-08-12 11:00:00,DDPG,0.38051918627379544,0.0,0.0,1.0173062091265153,0.0,0.0,-6.051918627379543,110
2025-08-12 12:00:00,DDPG,0.3790002676464159,0.0,0.0,0.9666755882138631,0.0,0.0,-5.900026764641591,110
2025-08-12 13:00:00,DDPG,0.38568824088177434,0.0,0.0,1.1896080293924782,0.0,0.0,-6.568824088177433,110
2025-08-12 14:00:00,DDPG,0.38252891679359696,0.0,0.0,1.0842972264532322,0.0,0.0,-6.252891679359696,110
2025-08-12 15:00:00,DDPG,0.37868352511423725,0.0,0.0,0.9561175038079086,0.0,0.0,-5.8683525114237245,110
2025-08-12 16:00:00,DDPG,0.37517767260281354,0.0,0.0,0.8392557534271177,-1.4210854715202004e-14,0.0,-5.517767260281353,110
2025-08-12 17:00:00,DDPG,0.3722519053425322,0.0,0.0,0.7417301780844071,0.0,0.0,-5.225190534253221,110
2025-08-12 18:00:00,DDPG,0.36974621480827896,0.0,0.0,0.6582071602759655,0.0,0.0,-4.974621480827896,110
2025-08-12 19:00:00,DDPG,0.3675165933274511,0.0,0.0,0.5838864442483697,0.0,0.0,-4.7516593327451115,110
2025-08-12 20:00:00,DDPG,0.365535433994706,0.0,0.0,0.5178477998235337,0.0,0.0,-4.5535433994706,110
2025-08-12 21:00:00,DDPG,0.3637268905952355,0.0,0.0,0.45756301984118153,0.0,0.0,-4.372689059523549,110
2025-08-12 22:00:00,DDPG,0.3620737015357119,0.0,0.0,0.4024567178570635,0.0,0.0,-4.207370153571189,110
2025-08-12 23:00:00,DDPG,0.3605603313821407,0.0,0.0,0.3520110460713568,0.0,0.0,-4.0560331382140715,110
2025-08-13 00:00:00,DDPG,0.35919829824392663,0.0,0.0,0.306609941464221,0.0,0.0,-3.9198298243926626,110
2025-08-13 01:00:00,DDPG,0.358048968419534,0.0,0.0,0.26829894731779974,0.0,0.0,-3.804896841953398,110
2025-08-13 02:00:00,DDPG,0.3572890715775806,0.0,0.0,0.24296905258601953,0.0,0.0,-3.7289071577580604,110
2025-08-13 03:00:00,DDPG,0.35625416441982255,0.0,0.0,0.2084721473274172,0.0,0.0,-3.6254164419822548,110
2025-08-13 04:00:00,DDPG,0.35534824797784026,0.0,0.0,0.1782749325946753,0.0,0.0,-3.534824797784025,110
2025-08-13 05:00:00,DDPG,0.3546094231800563,0.0,0.0,0.153647439335208,0.0,0.0,-3.4609423180056273,110
2025-08-13 06:00:00,DDPG,0.3544934808620507,0.0,0.0,0.14978269540168868,0.0,0.0,-3.4493480862050676,110
2025-08-13 07:00:00,DDPG,0.3537126327758456,0.0,0.0,0.12375442586152019,0.0,0.0,-3.371263277584557,110
2025-08-13 08:00:00,DDPG,0.362258869498261,0.0,0.0,0.40862898327536784,0.0,0.0,-4.225886949826102,110
2025-08-13 09:00:00,DDPG,0.3611739825484349,0.0,0.0,0.3724660849478312,0.0,0.0,-4.117398254843491,110
2025-08-13 10:00:00,DDPG,0.3600385842935915,0.0,0.0,0.33461947645304807,0.0,0.0,-4.0038584293591475,110
2025-08-13 11:00:00,DDPG,0.35851272586423233,0.0,0.0,0.2837575288077446,0.0,0.0,-3.8512725864232324,110
2025-08-13 12:00:00,DDPG,0.3583649532778091,0.0,0.0,0.2788317759269702,0.0,0.0,-3.8364953277809093,110
2025-08-13 13:00:00,DDPG,0.3598084579500282,0.0,0.0,0.3269485983342719,0.0,0.0,-3.9808457950028187,110
2025-08-13 14:00:00,DDPG,0.35876461215502536,0.0,0.0,0.2921537385008449,0.0,0.0,-3.8764612155025358,110
2025-08-13 15:00:00,DDPG,0.3568936509395228,0.0,0.0,0.22978836465076002,0.0,0.0,-3.6893650939522793,110
2025-08-13 16:00:00,DDPG,0.35554128584557054,0.0,0.0,0.18470952818568379,0.0,0.0,-3.554128584557054,110
2025-08-13 17:00:00,DDPG,0.3550516572610135,0.0,0.0,0.1683885753671163,0.0,0.0,-3.5051657261013505,110
2025-08-13 18:00:00,DDPG,0.3542149915349121,0.0,0.0,0.14049971783040435,0.0,0.0,-3.421499153491209,110
2025-08-13 19:00:00,DDPG,0.35353849238142093,0.0,0.0,0.1179497460473641,0.0,0.0,-3.353849238142093,110
2025-08-13 20:00:00,DDPG,0.3528276431432788,0.0,0.0,0.09425477144262828,1.4210854715202004e-14,0.0,-3.2827643143278795,110
2025-08-13 21:00:00,DDPG,0.352187878828951,0.0,0.0,0.07292929429836477,0.0,0.0,-3.2187878828950964,110
2025-08-13 22:00:00,DDPG,0.3515865909460559,0.0,0.0,0.0528863648685288,0.0,0.0,-3.1586590946055875,110
2025-08-13 23:00:00,DDPG,0.3510964318514503,0.0,0.0,0.03654772838167588,0.0,0.0,-3.1096431851450284,110
2025-08-14 00:00:00,DDPG,0.35128078866630524,0.0,0.0,0.04269295554350805,-1.4210854715202004e-14,0.0,-3.128078866630524,110
2025-08-14 01:00:00,DDPG,0.35144670979967474,0.0,0.0,0.048223659989157855,0.0,0.0,-3.144670979967473,110
2025-08-14 02:00:00,DDPG,0.3509960388197072,0.0,0.0,0.03320129399024126,0.0,0.0,-3.0996038819707197,110
2025-08-14 03:00:00,DDPG,0.3618944349377365,0.0,0.0,0.3964811645912164,0.0,0.0,-4.189443493773648,110
2025-08-14 04:00:00,DDPG,0.36117749144396283,0.0,0.0,0.3725830481320941,0.0,0.0,-4.117749144396282,110
2025-08-14 05:00:00,DDPG,0.3755577422995665,0.0,0.0,0.8519247433188838,0.0,0.0,-5.555774229956651,110
2025-08-14 06:00:00,DDPG,0.3869489680696098,0.0,0.0,1.231632268986995,0.0,0.0,-6.6948968069609816,110
2025-08-14 07:00:00,DDPG,0.38485007126264886,0.0,0.0,1.1616690420882947,0.0,0.0,-6.485007126264886,110
2025-08-14 08:00:00,DDPG,0.392133564136384,0.0,0.0,1.4044521378794657,0.0,0.0,-7.213356413638401,110
2025-08-14 09:00:00,DDPG,0.3916357077227456,0.0,0.0,1.38785692409152,0.0,0.0,-7.163570772274557,110
2025-08-14 10:00:00,DDPG,0.394883636950471,0.0,0.0,1.4961212316823678,0.0,0.0,-7.488363695047102,110
2025-08-14 11:00:00,DDPG,0.3907852732554239,0.0,0.0,1.3595091085141306,0.0,0.0,-7.078527325542389,110
2025-08-14 12:00:00,DDPG,0.3952162459298815,0.0,0.0,1.5072081976627176,0.0,0.0,-7.521624592988152,110
2025-08-14 13:00:00,DDPG,0.39395712133689337,0.0,0.0,1.4652373778964447,0.0,0.0,-7.3957121336893366,110
2025-08-14 14:00:00,DDPG,0.390372909203204,0.0,0.0,1.3457636401068003,0.0,0.0,-7.037290920320398,110
2025-08-14 15:00:00,DDPG,0.3868981182828836,0.0,0.0,1.2299372760961207,0.0,0.0,-6.689811828288361,110
2025-08-14 16:00:00,DDPG,0.3875493064545952,0.0,0.0,1.2516435484865072,0.0,0.0,-6.754930645459517,110
2025-08-14 17:00:00,DDPG,0.3921883758091357,0.0,0.0,1.406279193637856,0.0,0.0,-7.2188375809135685,110
2025-08-14 18:00:00,DDPG,0.38864003822822213,0.0,0.0,1.2880012742740705,0.0,0.0,-6.864003822822212,110
2025-08-14 19:00:00,DDPG,0.3849230344053999,0.0,0.0,1.164101146846663,0.0,0.0,-6.492303440539988,110
2025-08-14 20:00:00,DDPG,0.3818012309648599,0.0,0.0,1.0600410321619975,0.0,0.0,-6.180123096485989,110
2025-08-14 21:00:00,DDPG,0.3810406078683739,0.0,0.0,1.0346869289457972,0.0,0.0,-6.10406078683739,110
2025-08-14 22:00:00,DDPG,0.3792325470815365,0.0,0.0,0.974418236051217,0.0,0.0,-5.923254708153647,110
2025-08-14 23:00:00,DDPG,0.37643079237338284,0.0,0.0,0.8810264124460944,0.0,0.0,-5.643079237338283,110
2025-08-15 00:00:00,DDPG,0.37413271313604457,0.0,0.0,0.8044237712014862,0.0,0.0,-5.413271313604456,110
2025-08-15 01:00:00,DDPG,0.3720644418224402,0.0,0.0,0.7354813940813387,0.0,0.0,-5.206444182244018,110
2025-08-15 02:00:00,DDPG,0.36995399764019615,0.0,0.0,0.665133254673205,0.0,0.0,-4.995399764019615,110
2025-08-15 03:00:00,DDPG,0.38248009787617654,0.0,0.0,1.0826699292058848,0.0,0.0,-6.248009787617654,110
2025-08-15 04:00:00,DDPG,0.3862025880885589,0.0,0.0,1.2067529362852967,0.0,0.0,-6.620258808855889,110
2025-08-15 05:00:00,DDPG,0.38630382927970297,0.0,0.0,1.2101276426567666,0.0,0.0,-6.630382927970295,110
2025-08-15 06:00:00,DDPG,0.38874394635173265,0.0,0.0,1.2914648783910891,0.0,0.0,-6.874394635173264,110
2025-08-15 07:00:00,DDPG,0.3956890517165594,0.0,0.0,1.5229683905519793,0.0,0.0,-7.568905171655938,110
2025-08-15 08:00:00,DDPG,0.3921356465449034,0.0,0.0,1.4045215514967808,0.0,0.0,-7.213564654490341,110
2025-08-15 09:00:00,DDPG,0.3874885818904131,0.0,0.0,1.249619396347103,0.0,0.0,-6.748858189041307,110
2025-08-15 10:00:00,DDPG,0.3832432237013718,0.0,0.0,1.1081074567123934,0.0,0.0,-6.324322370137182,110
2025-08-15 11:00:00,DDPG,0.38234590133123464,0.0,0.0,1.0781967110411543,0.0,0.0,-6.234590133123463,110
2025-08-15 12:00:00,DDPG,0.37828931119811116,0.0,0.0,0.9429770399370384,0.0,0.0,-5.828931119811115,110
2025-08-15 13:00:00,DDPG,0.37486188007830007,0.0,0.0,0.828729335943335,0.0,0.0,-5.486188007830006,110
2025-08-15 14:00:00,DDPG,0.38378319207047,0.0,0.0,1.1261064023490008,0.0,0.0,-6.378319207047001,110
2025-08-15 15:00:00,DDPG,0.39344587286342303,0.0,0.0,1.4481957621141008,0.0,0.0,-7.344587286342303,110
2025-08-15 16:00:00,DDPG,0.3905187855770807,0.0,0.0,1.3506261859026907,1.4210854715202004e-14,0.0,-7.0518785577080685,110
2025-08-15 17:00:00,DDPG,0.3882609070193726,0.0,0.0,1.2753635673124208,0.0,0.0,-6.826090701937259,110
2025-08-15 18:00:00,DDPG,0.3851053163174354,0.0,0.0,1.1701772105811785,0.0,0.0,-6.510531631743538,110
2025-08-15 19:00:00,DDPG,0.3895162846856918,0.0,0.0,1.3172094895230615,0.0,0.0,-6.951628468569183,110
2025-08-15 20:00:00,DDPG,0.38838615621712264,0.0,0.0,1.279538540570755,0.0,0.0,-6.838615621712263,110
2025-08-15 21:00:00,DDPG,0.3852180405954104,0.0,0.0,1.1739346865136795,0.0,0.0,-6.521804059541042,110
2025-08-15 22:00:00,DDPG,0.3950687365358694,0.0,0.0,1.5022912178623118,0.0,0.0,-7.506873653586936,110
2025-08-15 23:00:00,DDPG,0.39373436288228236,0.0,0.0,1.45781209607608,0.0,0.0,-7.373436288228236,110
2025-08-16 00:00:00,DDPG,0.39193342659405417,0.0,0.0,1.397780886468472,0.0,0.0,-7.193342659405417,110
2025-08-16 01:00:00,DDPG,0.3899870839346487,0.0,0.0,1.3329027978216246,0.0,0.0,-6.99870839346487,110
2025-08-16 02:00:00,DDPG,0.3912098755411838,0.0,0.0,1.3736625180394613,0.0,0.0,-7.120987554118379,110
2025-08-16 03:00:00,DDPG,0.3886848879870654,0.0,0.0,1.2894962662355143,0.0,0.0,-6.86848879870654,110
2025-08-16 04:00:00,DDPG,0.3909633991883589,0.0,0.0,1.3654466396119618,0.0,0.0,-7.096339918835888,110
2025-08-16 05:00:00,DDPG,0.397514059269523,0.0,0.0,1.5838019756507649,0.0,0.0,-7.751405926952298,110
2025-08-16 06:00:00,DDPG,0.3955586533425707,0.0,0.0,1.5186217780856894,0.0,0.0,-7.555865334257067,110
2025-08-16 07:00:00,DDPG,0.39677328800831363,0.0,0.0,1.559109600277121,0.0,0.0,-7.677328800831361,110
2025-08-16 08:00:00,DDPG,0.39718995920748223,0.0,0.0,1.5729986402494078,0.0,0.0,-7.718995920748224,110
2025-08-16 09:00:00,DDPG,0.39961396328673404,0.0,0.0,1.653798776224467,0.0,0.0,-7.961396328673404,110
2025-08-16 10:00:00,DDPG,0.40604656695806063,0.0,0.0,1.868218898602021,0.0,0.0,-8.604656695806062,110
2025-08-16 11:00:00,DDPG,0.4190104102622545,0.0,0.0,2.300347008741818,0.0,0.0,-9.90104102622545,110
2025-08-16 12:00:00,DDPG,0.4219523692360291,0.0,0.0,2.3984123078676363,0.0,0.0,-10.195236923602907,110
2025-08-16 13:00:00,DDPG,0.42070013231242614,0.0,0.0,2.3566710770808728,0.0,0.0,-10.070013231242614,110
2025-08-16 14:00:00,DDPG,0.41932411908118356,0.0,0.0,2.3108039693727846,0.0,0.0,-9.932411908118354,110
2025-08-16 15:00:00,DDPG,0.4149582071730652,0.0,0.0,2.165273572435507,0.0,0.0,-9.495820717306518,110
2025-08-16 16:00:00,DDPG,0.4092288864557587,0.0,0.0,1.9742962151919572,0.0,0.0,-8.922888645575872,110
2025-08-16 17:00:00,DDPG,0.4041744978101829,0.0,0.0,1.805816593672762,0.0,0.0,-8.417449781018288,110
2025-08-16 18:00:00,DDPG,0.39937654802916456,0.0,0.0,1.645884934305485,0.0,0.0,-7.937654802916455,110
2025-08-16 19:00:00,DDPG,0.3945093932262481,0.0,0.0,1.4836464408749366,0.0,0.0,-7.450939322624812,110
2025-08-16 20:00:00,DDPG,0.3910034539036233,0.0,0.0,1.3667817967874443,0.0,0.0,-7.100345390362328,110
2025-08-16 21:00:00,DDPG,0.38694810851326095,0.0,0.0,1.2316036171086993,0.0,0.0,-6.694810851326094,110
2025-08-16 22:00:00,DDPG,0.3830237976619349,0.0,0.0,1.1007932553978292,0.0,0.0,-6.302379766193489,110
2025-08-16 23:00:00,DDPG,0.37941541789574135,0.0,0.0,0.9805139298580458,0.0,0.0,-5.941541789574134,110
2025-08-17 00:00:00,DDPG,0.3761678761061672,0.0,0.0,0.8722625368722405,0.0,0.0,-5.616787610616719,110
2025-08-17 01:00:00,DDPG,0.3732705884955505,0.0,0.0,0.7756862831850158,0.0,0.0,-5.3270588495550495,110
2025-08-17 02:00:00,DDPG,0.37068852964599547,0.0,0.0,0.6896176548665154,0.0,0.0,-5.068852964599547,110
2025-08-17 03:00:00,DDPG,0.36836467668139594,0.0,0.0,0.612155889379865,0.0,0.0,-4.836467668139593,110
2025-08-17 04:00:00,DDPG,0.3662732090132564,0.0,0.0,0.5424403004418793,0.0,0.0,-4.627320901325637,110
2025-08-17 05:00:00,DDPG,0.3644163881119307,0.0,0.0,0.4805462703976915,0.0,0.0,-4.441638811193071,110
2025-08-17 06:00:00,DDPG,0.36274524930073765,0.0,0.0,0.4248416433579223,0.0,0.0,-4.274524930073764,110
2025-08-17 07:00:00,DDPG,0.3611647243706639,0.0,0.0,0.3721574790221297,0.0,0.0,-4.116472437066387,110
2025-08-17 08:00:00,DDPG,0.35995975193359747,0.0,0.0,0.3319917311199163,0.0,0.0,-3.9959751933597465,110
2025-08-17 09:00:00,DDPG,0.35829477674023774,0.0,0.0,0.27649255800792505,0.0,0.0,-3.8294776740237735,110
2025-08-17 10:00:00,DDPG,0.35619029906621397,0.0,0.0,0.20634330220713226,0.0,0.0,-3.619029906621396,110
2025-08-17 11:00:00,DDPG,0.35444326915959257,0.0,0.0,0.14810897198641867,0.0,0.0,-3.444326915959256,110
2025-08-17 12:00:00,DDPG,0.3527944422436333,0.0,0.0,0.09314807478777709,0.0,0.0,-3.2794442243633313,110
2025-08-17 13:00:00,DDPG,0.35125949801927,0.0,0.0,0.04198326730899851,0.0,0.0,-3.125949801926997,110
2025-08-17 14:00:00,DDPG,0.35103304821734305,0.0,0.0,0.03443494057810028,0.0,0.0,-3.103304821734304,110
2025-08-17 15:00:00,DDPG,0.35048424339560874,0.0,0.0,0.01614144652029097,0.0,0.0,-3.0484243395608734,110
2025-08-17 16:00:00,DDPG,0.35062181905604783,0.0,0.0,0.020727301868261352,0.0,0.0,-3.062181905604783,110
2025-08-17 17:00:00,DDPG,0.35062413715044305,0.0,0.0,0.02080457168143539,0.0,0.0,-3.062413715044304,110
2025-08-17 18:00:00,DDPG,0.3511812234353987,0.0,0.0,0.039374114513290696,0.0,0.0,-3.11812234353987,110
2025-08-17 19:00:00,DDPG,0.35091010109185883,0.0,0.0,0.030336703061961148,0.0,0.0,-3.0910101091858824,110
2025-08-17 20:00:00,DDPG,0.35066609098267293,0.0,0.0,0.0222030327557647,0.0,0.0,-3.0666090982672927,110
2025-08-17 21:00:00,DDPG,0.35044648188440564,0.0,0.0,0.014882729480187607,0.0,0.0,-3.044648188440563,110
2025-08-17 22:00:00,DDPG,0.35024883369596505,0.0,0.0,0.008294456532168227,0.0,0.0,-3.0248833695965036,110
2025-08-17 23:00:00,DDPG,0.35009645032636855,0.0,0.0,0.003215010878950864,0.0,0.0,-3.009645032636854,110
2025-08-18 00:00:00,DDPG,0.34995478365970184,0.0,0.0,0.0,0.0,0.0,-2.9954783659701834,110
2025-08-18 01:00:00,DDPG,0.3498131169930352,0.0,0.0,0.0,0.0,0.0,-2.981311699303518,110
2025-08-18 02:00:00,DDPG,0.3496714503263685,0.0,0.0,0.0,0.0,0.0,-2.9671450326368474,110
2025-08-18 03:00:00,DDPG,0.34955811699303513,0.0,0.0,0.0,0.0,0.0,-2.9558116993035117,110
2025-08-18 04:00:00,DDPG,0.3494447836597018,0.0,0.0,0.0,0.0,0.0,-2.944478365970177,110
2025-08-18 05:00:00,DDPG,0.3493314503263684,0.0,0.0,0.0,0.0,0.0,-2.9331450326368413,110
2025-08-18 06:00:00,DDPG,0.34918978365970177,0.0,0.0,0.0,0.0,0.0,-2.918978365970176,110
2025-08-18 07:00:00,DDPG,0.34887811699303506,0.0,0.0,0.0,0.0,0.0,-2.887811699303505,110
2025-08-18 08:00:00,DDPG,0.34816978365970175,0.0,0.0,0.0,0.0,0.0,-2.816978365970174,110
2025-08-18 09:00:00,DDPG,0.3470364503263684,0.0,0.0,0.0,0.0,0.0,-2.703645032636837,110
2025-08-18 10:00:00,DDPG,0.3455347836597017,0.0,0.0,0.0,0.0,0.0,-2.553478365970169,110
2025-08-18 11:00:00,DDPG,0.3437497836597017,0.0,0.0,0.0,0.0,0.0,-2.37497836597017,110
2025-08-18 12:00:00,DDPG,0.3417947836597017,0.0,0.0,0.0,0.0,0.0,-2.1794783659701666,110
2025-08-18 13:00:00,DDPG,0.34003811699303504,0.0,0.0,0.0,0.0,0.0,-2.003811699303504,110
2025-08-18 14:00:00,DDPG,0.33836645032636836,0.0,0.0,0.0,0.0,0.0,-1.8366450326368353,110
2025-08-18 15:00:00,DDPG,0.3370914503263684,0.0,0.0,0.0,0.0,0.0,-1.7091450326368385,110
2025-08-18 16:00:00,DDPG,0.3360714503263684,0.0,0.0,0.0,0.0,0.0,-1.6071450326368417,110
2025-08-18 17:00:00,DDPG,0.3354764503263684,0.0,0.0,0.0,0.0,0.0,-1.547645032636841,110
2025-08-18 18:00:00,DDPG,0.3352214503263684,0.0,0.0,0.0,0.0,0.0,-1.52214503263684,110
2025-08-18 19:00:00,DDPG,0.3350514503263684,0.0,0.0,0.0,0.0,0.0,-1.5051450326368396,110
2025-08-18 20:00:00,DDPG,0.3348814503263684,0.0,0.0,0.0,0.0,0.0,-1.4881450326368393,110
2025-08-18 21:00:00,DDPG,0.3347114503263684,0.0,0.0,0.0,0.0,0.0,-1.471145032636839,110
2025-08-18 22:00:00,DDPG,0.33456978365970175,0.0,0.0,0.0,0.0,0.0,-1.456978365970174,110
2025-08-18 23:00:00,DDPG,0.33442811699303504,0.0,0.0,0.0,0.0,0.0,-1.4428116993035034,110
2025-08-19 00:00:00,DDPG,0.33425811699303504,0.0,0.0,0.0,0.0,0.0,-1.425811699303503,110
2025-08-19 01:00:00,DDPG,0.3340597836597017,0.0,0.0,0.0,0.0,0.0,-1.4059783659701672,110
2025-08-19 02:00:00,DDPG,0.3338614503263684,0.0,0.0,0.0,0.0,0.0,-1.3861450326368372,110
2025-08-19 03:00:00,DDPG,0.333663116993035,0.0,0.0,0.0,0.0,0.0,-1.3663116993035018,110
2025-08-19 04:00:00,DDPG,0.3334647836597017,0.0,0.0,0.0,0.0,0.0,-1.3464783659701718,110
2025-08-19 05:00:00,DDPG,0.3332947836597017,0.0,0.0,0.0,0.0,0.0,-1.3294783659701714,110
2025-08-19 06:00:00,DDPG,0.3331247836597017,0.0,0.0,0.0,0.0,0.0,-1.312478365970171,110
2025-08-19 07:00:00,DDPG,0.3327847836597017,0.0,0.0,0.0,0.0,0.0,-1.2784783659701704,110
2025-08-19 08:00:00,DDPG,0.332048116993035,0.0,0.0,0.0,0.0,0.0,-1.2048116993034985,110
2025-08-19 09:00:00,DDPG,0.3308864503263683,0.0,0.0,0.0,0.0,0.0,-1.0886450326368315,110
2025-08-19 10:00:00,DDPG,0.32935645032636834,0.0,0.0,0.0,0.0,0.0,-0.9356450326368337,110
2025-08-19 11:00:00,DDPG,0.327543116993035,0.0,0.0,0.0,0.0,0.0,-0.7543116993035004,110
2025-08-19 12:00:00,DDPG,0.3256164503263683,0.0,0.0,0.0,0.0,0.0,-0.5616450326368314,110
2025-08-19 13:00:00,DDPG,0.32368978365970164,0.0,0.0,0.0,0.0,0.0,-0.36897836597016287,110
2025-08-19 14:00:00,DDPG,0.3219614503263683,0.0,0.0,0.0,0.0,0.0,-0.1961450326368297,110
2025-08-19 15:00:00,DDPG,0.32051645032636833,0.0,0.0,0.0,0.0,0.0,-0.05164503263683251,110
2025-08-19 16:00:00,DDPG,0.319468116993035,0.0,0.0,0.0,0.0,0.0,2.0,110
2025-08-19 17:00:00,DDPG,0.318873116993035,0.0,0.0,0.0,0.0,0.0,2.0,110
2025-08-19 18:00:00,DDPG,0.31864645032636835,0.0,0.0,0.0,0.0,0.0,2.0,110
2025-08-19 19:00:00,DDPG,0.318533116993035,0.0,0.0,0.0,0.0,0.0,2.0,110
2025-08-19 20:00:00,DDPG,0.31841978365970164,0.0,0.0,0.0,0.0,0.0,2.0,110
2025-08-19 21:00:00,DDPG,0.31833478365970164,0.0,0.0,0.0,0.0,0.0,2.0,110
2025-08-19 22:00:00,DDPG,0.3182214503263683,0.0,0.0,0.0,0.0,0.0,2.0,110
2025-08-19 23:00:00,DDPG,0.31810811699303493,0.0,0.0,0.0,0.0,0.0,2.0,110
2025-08-20 00:00:00,DDPG,0.3179664503263683,0.0,0.0,0.0,0.0,0.0,2.0,110
2025-08-20 01:00:00,DDPG,0.31782478365970157,0.0,0.0,0.0,0.0,0.0,2.0,110
2025-08-20 02:00:00,DDPG,0.3176831169930349,0.0,0.0,0.0,0.0,0.0,2.0,110
2025-08-20 03:00:00,DDPG,0.3175131169930349,0.0,0.0,0.0,0.0,0.0,2.0,110
2025-08-20 04:00:00,DDPG,0.3173431169930349,0.0,0.0,0.0,0.0,0.0,2.0,110
2025-08-20 05:00:00,DDPG,0.3171731169930349,0.0,0.0,0.0,0.0,0.0,2.0,110
2025-08-20 06:00:00,DDPG,0.31697478365970155,0.0,0.0,0.0,0.0,0.0,2.0,110
2025-08-20 07:00:00,DDPG,0.31663478365970155,0.0,0.0,0.0,0.0,0.0,2.0,110
2025-08-20 08:00:00,DDPG,0.3159264503263682,0.0,0.0,0.0,0.0,0.0,2.0,110
2025-08-20 09:00:00,DDPG,0.3147647836597015,0.0,0.0,0.0,0.0,0.0,2.0,110
2025-08-20 10:00:00,DDPG,0.31323478365970153,0.0,0.0,0.0,0.0,0.0,2.0,110
2025-08-20 11:00:00,DDPG,0.31217311699303485,0.0,0.0,0.0,0.0,0.0,2.0,110
2025-08-20 12:00:00,DDPG,0.31038811699303487,0.0,0.0,0.0,0.0,0.0,2.0,110
2025-08-20 13:00:00,DDPG,0.3086597836597015,0.0,0.0,0.0,0.0,0.0,2.0,110
2025-08-20 14:00:00,DDPG,0.3072147836597015,0.0,0.0,0.0,0.0,0.0,2.0,110
2025-08-20 15:00:00,DDPG,0.30774811699303484,0.0,0.0,0.0,0.0,0.0,2.0,110
2025-08-20 16:00:00,DDPG,0.30890480303121104,5.811452865600586e-06,0.0,0.0,0.0,0.0,1.9999998837709427,110
2025-08-20 17:00:00,DDPG,0.3149264696978777,0.0,0.0,0.0,0.0,0.0,1.9999999418854713,110
2025-08-20 18:00:00,DDPG,0.3264514696978777,0.0,0.0,0.0,0.0,0.0,-0.6451469697877688,110
2025-08-20 19:00:00,DDPG,0.3294231363645444,0.0,0.0,0.0,0.0,0.0,-0.9423136364544393,110
2025-08-20 20:00:00,DDPG,0.3363381363645444,0.0,0.0,0.0,0.0,0.0,-1.6338136364544398,110
2025-08-20 21:00:00,DDPG,0.3418914696978777,0.0,0.0,0.0,0.0,0.0,-2.1891469697877692,110
2025-08-20 22:00:00,DDPG,0.35132582272809,0.0,0.0,0.04419409093633249,0.0,0.0,-3.132582272808998,110
2025-08-20 23:00:00,DDPG,0.355916740455281,0.0,0.0,0.1972246818426996,0.0,0.0,-3.591674045528098,110
2025-08-21 00:00:00,DDPG,0.3597485664097529,0.0,0.0,0.3249522136584304,0.0,0.0,-3.974856640975288,110
2025-08-21 01:00:00,DDPG,0.3613717097687776,0.0,0.0,0.3790569922925869,0.0,0.0,-4.137170976877758,110
2025-08-21 02:00:00,DDPG,0.36220703879189986,0.0,0.0,0.4069012930633278,0.0,0.0,-4.220703879189985,110
2025-08-21 03:00:00,DDPG,0.36295883491270986,0.0,0.0,0.4319611637569949,0.0,0.0,-4.295883491270986,110
2025-08-21 04:00:00,DDPG,0.36393545142143885,0.0,0.0,0.46451504738129473,0.0,0.0,-4.393545142143884,110
2025-08-21 05:00:00,DDPG,0.36451440627929493,0.0,0.0,0.4838135426431649,0.0,0.0,-4.451440627929493,110
2025-08-21 06:00:00,DDPG,0.3646844656513655,0.0,0.0,0.4894821883788481,0.0,0.0,-4.468446565136547,110
2025-08-21 07:00:00,DDPG,0.3635865190862289,0.0,0.0,0.45288396954096444,0.0,0.0,-4.358651908622891,110
2025-08-21 08:00:00,DDPG,0.36171786717760607,0.0,0.0,0.39059557258686795,0.0,0.0,-4.171786717760606,110
2025-08-21 09:00:00,DDPG,0.36096158045984544,0.0,0.0,0.3653860153281812,0.0,0.0,-4.096158045984543,110
2025-08-21 10:00:00,DDPG,0.3606319224138609,0.0,0.0,0.35439741379536405,0.0,0.0,-4.063192241386088,110
2025-08-21 11:00:00,DDPG,0.35973523017247483,0.0,0.0,0.3245076724158281,0.0,0.0,-3.973523017247482,110
2025-08-21 12:00:00,DDPG,0.35799670715522736,0.0,0.0,0.2665569051742452,0.0,0.0,-3.799670715522735,110
2025-08-21 13:00:00,DDPG,0.3558200364397046,0.0,0.0,0.19400121465682077,0.0,0.0,-3.5820036439704603,110
2025-08-21 14:00:00,DDPG,0.3539120327957342,0.0,0.0,0.13040109319113924,0.0,0.0,-3.3912032795734177,110
2025-08-21 15:00:00,DDPG,0.3553088295161608,0.0,0.0,0.1769609838720257,0.0,0.0,-3.5308829516160767,110
2025-08-21 16:00:00,DDPG,0.3565209465645447,0.0,0.0,0.21736488548482386,0.0,0.0,-3.6520946564544685,110
2025-08-21 17:00:00,DDPG,0.35826285190809026,0.0,0.0,0.27542839693634136,-1.4210854715202004e-14,0.0,-3.826285190809026,110
2025-08-21 18:00:00,DDPG,0.3590580667172812,0.0,0.0,0.3019355572427074,0.0,0.0,-3.9058066717281186,110
2025-08-21 19:00:00,DDPG,0.35805026004555307,0.0,0.0,0.26834200151843535,0.0,0.0,-3.805026004555306,110
2025-08-21 20:00:00,DDPG,0.35721973404099777,0.0,0.0,0.24065780136659215,0.0,0.0,-3.721973404099776,110
2025-08-21 21:00:00,DDPG,0.356446760636898,0.0,0.0,0.21489202122993306,0.0,0.0,-3.6446760636898006,110
2025-08-21 22:00:00,DDPG,0.3557765845732082,0.0,0.0,0.1925528191069404,0.0,0.0,-3.5776584573208208,110
2025-08-21 23:00:00,DDPG,0.3551479261158874,0.0,0.0,0.17159753719624718,0.0,0.0,-3.5147926115887405,110
2025-08-22 00:00:00,DDPG,0.3545821335042987,0.0,0.0,0.15273778347662273,0.0,0.0,-3.458213350429867,110
2025-08-22 01:00:00,DDPG,0.35409842015386883,0.0,0.0,0.13661400512896052,0.0,0.0,-3.4098420153868823,110
2025-08-22 02:00:00,DDPG,0.35366307813848197,0.0,0.0,0.12210260461606454,0.0,0.0,-3.366307813848196,110
2025-08-22 03:00:00,DDPG,0.3532457703246338,0.0,0.0,0.10819234415445891,0.0,0.0,-3.3245770324633774,110
2025-08-22 04:00:00,DDPG,0.35284469329217044,0.0,0.0,0.09482310973901349,0.0,0.0,-3.2844693292170435,110
2025-08-22 05:00:00,DDPG,0.35245822396295334,0.0,0.0,0.08194079876511183,0.0,0.0,-3.245822396295334,110
2025-08-22 06:00:00,DDPG,0.352033901566658,0.0,0.0,0.06779671888860009,0.0,0.0,-3.2033901566657974,110
2025-08-22 07:00:00,DDPG,0.3514990114099922,0.0,0.0,0.04996704699973975,0.0,0.0,-3.1499011409992175,110
2025-08-22 08:00:00,DDPG,0.35071161026899295,0.0,0.0,0.023720342299765208,0.0,0.0,-3.0711610268992935,110
2025-08-22 09:00:00,DDPG,0.3495216102689929,0.0,0.0,0.0,0.0,0.0,-2.952161026899292,110
2025-08-22 10:00:00,DDPG,0.34799161026899295,0.0,0.0,0.0,0.0,0.0,-2.799161026899294,110
2025-08-22 11:00:00,DDPG,0.34620661026899296,0.0,0.0,0.0,0.0,0.0,-2.6206610268992954,110
2025-08-22 12:00:00,DDPG,0.3443649436023263,0.0,0.0,0.0,0.0,0.0,-2.4364943602326274,110
2025-08-22 13:00:00,DDPG,0.34252327693565965,0.0,0.0,0.0,0.0,0.0,-2.252327693565964,110
2025-08-22 14:00:00,DDPG,0.3408232769356596,0.0,0.0,0.0,0.0,0.0,-2.0823276935659605,110
2025-08-22 15:00:00,DDPG,0.339406610268993,0.0,0.0,0.0,0.0,0.0,-1.9406610268992983,110
2025-08-22 16:00:00,DDPG,0.3383582769356597,0.0,0.0,0.0,0.0,0.0,-1.8358276935659665,110
2025-08-22 17:00:00,DDPG,0.337706610268993,0.0,0.0,0.0,0.0,0.0,-1.7706610268993006,110
2025-08-22 18:00:00,DDPG,0.3374232769356597,0.0,0.0,0.0,0.0,0.0,-1.7423276935659704,110
2025-08-22 19:00:00,DDPG,0.3372532769356597,0.0,0.0,0.0,0.0,0.0,-1.72532769356597,110
2025-08-22 20:00:00,DDPG,0.33708327693565965,0.0,0.0,0.0,0.0,0.0,-1.7083276935659644,110
2025-08-22 21:00:00,DDPG,0.33688494360232635,0.0,0.0,0.0,0.0,0.0,-1.6884943602326343,110
2025-08-22 22:00:00,DDPG,0.336686610268993,0.0,0.0,0.0,0.0,0.0,-1.6686610268992985,110
2025-08-22 23:00:00,DDPG,0.3364882769356597,0.0,0.0,0.0,0.0,0.0,-1.6488276935659685,110
2025-08-23 00:00:00,DDPG,0.33628994360232634,0.0,0.0,0.0,0.0,0.0,-1.6289943602326327,110
2025-08-23 01:00:00,DDPG,0.33609161026899304,0.0,0.0,0.0,0.0,0.0,-1.6091610268993026,110
2025-08-23 02:00:00,DDPG,0.335921610268993,0.0,0.0,0.0,0.0,0.0,-1.592161026899297,110
2025-08-23 03:00:00,DDPG,0.335751610268993,0.0,0.0,0.0,0.0,0.0,-1.5751610268992966,110
2025-08-23 04:00:00,DDPG,0.33558161026899297,0.0,0.0,0.0,0.0,0.0,-1.5581610268992963,110
2025-08-23 05:00:00,DDPG,0.3354399436023263,0.0,0.0,0.0,0.0,0.0,-1.543994360232631,110
2025-08-23 06:00:00,DDPG,0.33524161026899296,0.0,0.0,0.0,0.0,0.0,-1.5241610268992956,110
2025-08-23 07:00:00,DDPG,0.33487327693565966,0.0,0.0,0.0,0.0,0.0,-1.4873276935659652,110
2025-08-23 08:00:00,DDPG,0.334051610268993,0.0,0.0,0.0,0.0,0.0,-1.4051610268992984,110
2025-08-23 09:00:00,DDPG,0.33283327693565967,0.0,0.0,0.0,0.0,0.0,-1.2833276935659663,110
2025-08-23 10:00:00,DDPG,0.33127494360232634,0.0,0.0,0.0,0.0,0.0,-1.1274943602326335,110
2025-08-23 11:00:00,DDPG,0.32954661026899296,0.0,0.0,0.0,0.0,0.0,-0.954661026899295,110
2025-08-23 12:00:00,DDPG,0.327676610268993,0.0,0.0,0.0,0.0,0.0,-0.7676610268992965,110
2025-08-23 13:00:00,DDPG,0.32589161026899294,0.0,0.0,0.0,0.0,0.0,-0.5891610268992933,110
2025-08-23 14:00:00,DDPG,0.32419161026899296,0.0,0.0,0.0,0.0,0.0,-0.41916102689929513,110
2025-08-23 15:00:00,DDPG,0.32274661026899293,0.0,0.0,0.0,0.0,0.0,-0.27466102689929217,110
2025-08-23 16:00:00,DDPG,0.32164161026899296,0.0,0.0,0.0,0.0,0.0,-0.16416102689929524,110
2025-08-23 17:00:00,DDPG,0.3209332769356596,0.0,0.0,0.0,0.0,0.0,-0.09332769356595882,110
2025-08-23 18:00:00,DDPG,0.32056494360232624,0.0,0.0,0.0,0.0,0.0,-0.05649436023262311,110
2025-08-23 19:00:00,DDPG,0.3203382769356596,0.0,0.0,0.0,0.0,0.0,-0.033827693565957606,110
2025-08-23 20:00:00,DDPG,0.3201399436023262,0.0,0.0,0.0,0.0,0.0,-0.013994360232621794,110
2025-08-23 21:00:00,DDPG,0.3199416102689929,0.0,0.0,0.0,0.0,0.0,2.0,110
2025-08-23 22:00:00,DDPG,0.3197149436023263,0.0,0.0,0.0,0.0,0.0,2.0,110
2025-08-23 23:00:00,DDPG,0.31945994360232627,0.0,0.0,0.0,0.0,0.0,2.0,110
2025-08-24 00:00:00,DDPG,0.31917661026899297,0.0,0.0,0.0,0.0,0.0,2.0,110
2025-08-24 01:00:00,DDPG,0.31889327693565966,0.0,0.0,0.0,0.0,0.0,2.0,110
2025-08-24 02:00:00,DDPG,0.31860994360232636,0.0,0.0,0.0,0.0,0.0,2.0,110
2025-08-24 03:00:00,DDPG,0.318326610268993,0.0,0.0,0.0,0.0,0.0,2.0,110
2025-08-24 04:00:00,DDPG,0.3180432769356597,0.0,0.0,0.0,0.0,0.0,2.0,110
2025-08-24 05:00:00,DDPG,0.3177882769356597,0.0,0.0,0.0,0.0,0.0,2.0,110
2025-08-24 06:00:00,DDPG,0.3175049436023264,0.0,0.0,0.0,0.0,0.0,2.0,110
2025-08-24 07:00:00,DDPG,0.3170516102689931,0.0,0.0,0.0,0.0,0.0,2.0,110
2025-08-24 08:00:00,DDPG,0.3164782769356597,0.0,0.0,0.0,0.0,0.0,2.0,110
2025-08-24 09:00:00,DDPG,0.3156782769356597,0.0,0.0,0.0,0.0,0.0,2.0,110
2025-08-24 10:00:00,DDPG,0.3142332769356597,0.0,0.0,0.0,0.0,0.0,2.0,110
2025-08-24 11:00:00,DDPG,0.31331327693565975,0.0,0.0,0.0,0.0,0.0,2.0,110
2025-08-24 12:00:00,DDPG,0.31431494360232637,0.0,0.0,0.0,0.0,0.0,2.0,110
2025-08-24 13:00:00,DDPG,0.3132882769356597,0.0,0.0,0.0,0.0,0.0,2.0,110
2025-08-24 14:00:00,DDPG,0.31262327693565967,0.0,0.0,0.0,0.0,0.0,2.0,110
2025-08-24 15:00:00,DDPG,0.31148994360232635,0.0,0.0,0.0,0.0,0.0,2.0,110
2025-08-24 16:00:00,DDPG,0.31061161026899303,0.0,0.0,0.0,0.0,0.0,2.0,110
2025-08-24 17:00:00,DDPG,0.3112932769356597,0.0,0.0,0.0,0.0,0.0,2.0,110
2025-08-24 18:00:00,DDPG,0.31192494360232637,0.0,0.0,0.0,0.0,0.0,2.0,110
2025-08-24 19:00:00,DDPG,0.3116982769356597,0.0,0.0,0.0,0.0,0.0,2.0,110
2025-08-24 20:00:00,DDPG,0.3123582769356597,0.0,0.0,0.0,0.0,0.0,2.0,110
2025-08-24 21:00:00,DDPG,0.312046610268993,0.0,0.0,0.0,0.0,0.0,2.0,110
2025-08-24 22:00:00,DDPG,0.31173494360232634,0.0,0.0,0.0,0.0,0.0,2.0,110
2025-08-24 23:00:00,DDPG,0.311756610268993,0.0,0.0,0.0,0.0,0.0,2.0,110
2025-08-25 00:00:00,DDPG,0.31177827693565957,0.0,0.0,0.0,0.0,0.0,2.0,110
2025-08-25 01:00:00,DDPG,0.31149494360232627,0.0,0.0,0.0,0.0,0.0,2.0,110
2025-08-25 02:00:00,DDPG,0.31184994360232626,0.0,0.0,0.0,0.0,0.0,2.0,110
2025-08-25 03:00:00,DDPG,0.31150994360232626,0.0,0.0,0.0,0.0,0.0,2.0,110
2025-08-25 04:00:00,DDPG,0.31116994360232625,0.0,0.0,0.0,0.0,0.0,2.0,110
2025-08-25 05:00:00,DDPG,0.3108016102689929,0.0,0.0,0.0,0.0,0.0,2.0,110
2025-08-25 06:00:00,DDPG,0.31040494360232623,0.0,0.0,0.0,0.0,0.0,2.0,110
2025-08-25 07:00:00,DDPG,0.3122849440990316,1.4901161193847656e-07,0.0,0.0,0.0,0.0,1.9999999970197677,110
2025-08-25 08:00:00,DDPG,0.3131016107656983,0.0,0.0,0.0,0.0,0.0,1.999999998509884,110
2025-08-25 09:00:00,DDPG,0.31210994409903164,0.0,0.0,0.0,0.0,0.0,2.0,110
2025-08-25 10:00:00,DDPG,0.31074994409903167,0.0,0.0,0.0,0.0,0.0,2.0,110
2025-08-25 11:00:00,DDPG,0.30972327743236494,0.0,0.0,0.0,0.0,0.0,2.0,110
2025-08-25 12:00:00,DDPG,0.30807994409903167,0.0,0.0,0.0,0.0,0.0,2.0,110
2025-08-25 13:00:00,DDPG,0.306408277432365,0.0,0.0,0.0,0.0,0.0,2.0,110
2025-08-25 14:00:00,DDPG,0.3049066107656983,0.0,0.0,0.0,0.0,0.0,2.0,110
2025-08-25 15:00:00,DDPG,0.303603277432365,0.0,0.0,0.0,0.0,0.0,2.0,110
2025-08-25 16:00:00,DDPG,0.3026399440990316,0.0,0.0,0.0,0.0,0.0,2.0,110
2025-08-25 17:00:00,DDPG,0.3020166107656983,0.0,0.0,0.0,0.0,0.0,2.0,110
2025-08-25 18:00:00,DDPG,0.3015916107656983,0.0,0.0,0.0,0.0,0.0,2.0,110
2025-08-25 19:00:00,DDPG,0.3012516107656983,0.0,0.0,0.0,0.0,0.0,2.0,110
2025-08-25 20:00:00,DDPG,0.30085494409903163,0.0,0.0,0.0,0.0,0.0,2.0,110
2025-08-25 21:00:00,DDPG,0.300458277432365,0.0,0.0,0.0,0.0,0.0,2.0,110
2025-08-25 22:00:00,DDPG,0.3000616107656983,0.0,0.0,0.0,0.0,0.0,2.0,110
2025-08-25 23:00:00,DDPG,0.29969327743236496,0.0,0.0,0.0,0.0,0.0,2.0,110
2025-08-26 00:00:00,DDPG,0.2993249440990316,0.0,0.0,0.0,0.0,0.0,2.0,110
2025-08-26 01:00:00,DDPG,0.2989849440990316,0.0,0.0,0.0,0.0,0.0,2.0,110
2025-08-26 02:00:00,DDPG,0.2987016107656983,0.0,0.0,0.0,0.0,0.0,2.0,110
2025-08-26 03:00:00,DDPG,0.298418277432365,0.0,0.0,0.0,0.0,0.0,2.0,110
2025-08-26 04:00:00,DDPG,0.2981349440990317,0.0,0.0,0.0,0.0,0.0,2.0,110
2025-08-26 05:00:00,DDPG,0.30293661076569833,0.0,0.0,0.0,0.0,0.0,2.0,110
2025-08-26 06:00:00,DDPG,0.3070149440990317,0.0,0.0,0.0,0.0,0.0,2.0,110
2025-08-26 07:00:00,DDPG,0.30731327743236503,0.0,0.0,0.0,0.0,0.0,2.0,110
2025-08-26 08:00:00,DDPG,0.306718277432365,0.0,0.0,0.0,0.0,0.0,2.0,110
2025-08-26 09:00:00,DDPG,0.30634327743236495,0.0,0.0,0.0,0.0,0.0,2.0,110
2025-08-26 10:00:00,DDPG,0.305408277432365,0.0,0.0,0.0,0.0,0.0,2.0,110
2025-08-26 11:00:00,DDPG,0.3048566107656983,0.0,0.0,0.0,0.0,0.0,2.0,110
2025-08-26 12:00:00,DDPG,0.3039716107656983,0.0,0.0,0.0,0.0,0.0,2.0,110
2025-08-26 13:00:00,DDPG,0.30258327743236496,0.0,0.0,0.0,0.0,0.0,2.0,110
2025-08-26 14:00:00,DDPG,0.3010816107656983,0.0,0.0,0.0,0.0,0.0,2.0,110
2025-08-26 15:00:00,DDPG,0.2999199440990316,0.0,0.0,0.0,0.0,0.0,2.0,110
2025-08-26 16:00:00,DDPG,0.2989566107656983,0.0,0.0,0.0,0.0,0.0,2.0,110
2025-08-26 17:00:00,DDPG,0.29833327743236493,0.0,0.0,0.0,0.0,0.0,2.0,110
2025-08-26 18:00:00,DDPG,0.2979932774323649,0.0,0.0,0.0,0.0,0.0,2.0,110
2025-08-26 19:00:00,DDPG,0.297738277432365,0.0,0.0,0.0,0.0,0.0,2.0,110
2025-08-26 20:00:00,DDPG,0.29742661076569826,0.0,0.0,0.0,0.0,0.0,2.0,110
2025-08-26 21:00:00,DDPG,0.29741994409903155,0.0,0.0,0.0,0.0,0.0,2.0,110
2025-08-26 22:00:00,DDPG,0.29705161076569825,0.0,0.0,0.0,0.0,0.0,2.0,110
2025-08-26 23:00:00,DDPG,0.29810161076569824,0.0,0.0,0.0,0.0,0.0,2.0,110
2025-08-27 00:00:00,DDPG,0.30120827743236495,0.0,0.0,0.0,0.0,0.0,2.0,110
2025-08-27 01:00:00,DDPG,0.3133716107656983,0.0,0.0,0.0,0.0,0.0,2.0,110
2025-08-27 02:00:00,DDPG,0.3239249440990316,0.0,0.0,0.0,0.0,0.0,-0.3924944099031604,110
2025-08-27 03:00:00,DDPG,0.32642161076569826,0.0,0.0,0.0,0.0,0.0,-0.6421610765698249,110
2025-08-27 04:00:00,DDPG,0.32658494409903155,0.0,0.0,0.0,0.0,0.0,-0.6584944099031542,110
2025-08-27 05:00:00,DDPG,0.3273866107656982,0.0,0.0,0.0,0.0,0.0,-0.7386610765698185,110
2025-08-27 06:00:00,DDPG,0.32746494409903154,0.0,0.0,0.0,0.0,0.0,-0.7464944099031534,110
2025-08-27 07:00:00,DDPG,0.32751494409903154,0.0,0.0,0.0,0.0,0.0,-0.7514944099031529,110
2025-08-27 08:00:00,DDPG,0.32706161076569823,0.0,0.0,0.0,0.0,0.0,-0.7061610765698223,110
2025-08-27 09:00:00,DDPG,0.3264666107656982,0.0,0.0,0.0,0.0,0.0,-0.6466610765698211,110
2025-08-27 10:00:00,DDPG,0.32547494409903155,0.0,0.0,0.0,0.0,0.0,-0.5474944099031545,110
2025-08-27 11:00:00,DDPG,0.32434161076569823,0.0,0.0,0.0,0.0,0.0,-0.43416107656982206,110
2025-08-27 12:00:00,DDPG,0.32292494409903155,0.0,0.0,0.0,0.0,0.0,-0.29249440990315456,110
2025-08-27 13:00:00,DDPG,0.3225649440990315,0.0,0.0,0.0,0.0,0.0,-0.25649440990315187,110
2025-08-27 14:00:00,DDPG,0.32195661076569826,0.0,0.0,0.0,0.0,0.0,-0.19566107656982545,110
2025-08-27 15:00:00,DDPG,0.32085161076569824,0.0,0.0,0.0,0.0,0.0,-0.08516107656982275,110
2025-08-27 16:00:00,DDPG,0.3200016107656982,0.0,0.0,0.0,0.0,0.0,-0.00016107656982100593,110
2025-08-27 17:00:00,DDPG,0.3204916107656982,0.0,0.0,0.0,0.0,0.0,-0.049161076569820494,110
2025-08-27 18:00:00,DDPG,0.3212366107656982,0.0,0.0,0.0,0.0,0.0,-0.12366107656982006,110
2025-08-27 19:00:00,DDPG,0.32109494409903155,0.0,0.0,0.0,0.0,0.0,-0.10949440990315473,110
2025-08-27 20:00:00,DDPG,0.32095327743236485,0.0,0.0,0.0,0.0,0.0,-0.09532774323648407,110
2025-08-27 21:00:00,DDPG,0.3208116107656982,0.0,0.0,0.0,0.0,0.0,-0.08116107656981875,110
2025-08-27 22:00:00,DDPG,0.3206699440990315,0.0,0.0,0.0,0.0,0.0,-0.06699440990314809,110
2025-08-27 23:00:00,DDPG,0.32052827743236484,0.0,0.0,0.0,0.0,0.0,-0.052827743236483204,110
2025-08-28 00:00:00,DDPG,0.3206632774323648,0.0,0.0,0.0,0.0,0.0,-0.06632774323647705,110
2025-08-28 01:00:00,DDPG,0.32110327743236483,0.0,0.0,0.0,0.0,0.0,-0.11032774323648242,110
2025-08-28 02:00:00,DDPG,0.32223827743236483,0.0,0.0,0.0,0.0,0.0,-0.22382774323648214,110
2025-08-28 03:00:00,DDPG,0.3391249440990315,0.0,0.0,0.0,0.0,0.0,-1.9124944099031485,110
2025-08-28 04:00:00,DDPG,0.33892661076569813,0.0,0.0,0.0,0.0,0.0,-1.8926610765698126,110
2025-08-28 05:00:00,DDPG,0.3393949440990315,0.0,0.0,0.0,0.0,0.0,-1.9394944099031477,110
2025-08-28 06:00:00,DDPG,0.3391399440990315,0.0,0.0,0.0,0.0,0.0,-1.9139944099031467,110
2025-08-28 07:00:00,DDPG,0.34040994459573687,1.4901161193847656e-07,0.0,0.0,0.0,0.0,-2.0409944625539183,110
2025-08-28 08:00:00,DDPG,0.34095661126240356,0.0,0.0,0.0,0.0,0.0,-2.095661127730472,110
2025-08-28 09:00:00,DDPG,0.3404682779290702,0.0,0.0,0.0,0.0,0.0,-2.0468277929070187,110
2025-08-28 10:00:00,DDPG,0.3396116112624035,0.0,0.0,0.0,0.0,0.0,-1.9611611262403517,110
2025-08-28 11:00:00,DDPG,0.33827994459573685,0.0,0.0,0.0,0.0,0.0,-1.8279944595736843,110
2025-08-28 12:00:00,DDPG,0.3378349445957368,0.0,0.0,0.0,0.0,0.0,-1.7834944595736815,110
2025-08-28 13:00:00,DDPG,0.34072994459573686,0.0,0.0,0.0,0.0,0.0,-2.0729944595736853,110
2025-08-28 14:00:00,DDPG,0.34124161126240354,0.0,0.0,0.0,0.0,0.0,-2.124161126240354,110
2025-08-28 15:00:00,DDPG,0.3418882779290702,0.0,0.0,0.0,0.0,0.0,-2.1888277929070163,110
2025-08-28 16:00:00,DDPG,0.34456994509244226,1.4901161193847656e-07,0.0,0.0,0.0,0.0,-2.4569945122244583,110
2025-08-28 17:00:00,DDPG,0.3482016117591089,0.0,0.0,0.0,0.0,0.0,-2.8201611774010065,110
2025-08-28 18:00:00,DDPG,0.3482516117591089,0.0,0.0,0.0,0.0,0.0,-2.82516117591089,110
2025-08-28 19:00:00,DDPG,0.34802494509244225,0.0,0.0,0.0,0.0,0.0,-2.802494509244225,110
2025-08-28 20:00:00,DDPG,0.34765661175910895,0.0,0.0,0.0,0.0,0.0,-2.7656611759108944,110
2025-08-28 21:00:00,DDPG,0.34731661175910894,0.0,0.0,0.0,0.0,0.0,-2.7316611759108937,110
2025-08-28 22:00:00,DDPG,0.3469766117591089,0.0,0.0,0.0,0.0,0.0,-2.697661175910887,110
2025-08-28 23:00:00,DDPG,0.3466649450924422,0.0,0.0,0.0,0.0,0.0,-2.666494509244222,110
2025-08-29 00:00:00,DDPG,0.34729661175910886,0.0,0.0,0.0,0.0,0.0,-2.729661175910886,110
2025-08-29 01:00:00,DDPG,0.3485949450924422,0.0,0.0,0.0,0.0,0.0,-2.85949450924422,110
2025-08-29 02:00:00,DDPG,0.34939661175910885,0.0,0.0,0.0,0.0,0.0,-2.939661175910885,110
2025-08-29 03:00:00,DDPG,0.350452950583198,0.0,0.0,0.0150983527732663,0.0,0.0,-3.0452950583197964,110
2025-08-29 04:00:00,DDPG,0.3511291555248782,0.0,0.0,0.03763851749593954,0.0,0.0,-3.112915552487822,110
2025-08-29 05:00:00,DDPG,0.35323773997239033,0.0,0.0,0.10792466574634574,0.0,0.0,-3.323773997239032,110
2025-08-29 06:00:00,DDPG,0.35715896597515134,0.0,0.0,0.23863219917171108,0.0,0.0,-3.7158965975151332,110
2025-08-29 07:00:00,DDPG,0.35828806937763624,0.0,0.0,0.2762689792545416,0.0,0.0,-3.8288069377636234,110
2025-08-29 08:00:00,DDPG,0.3587492633339423,2.980232238769531e-07,0.0,0.29164211113140937,0.0,0.0,-3.874926339354694,110
2025-08-29 09:00:00,DDPG,0.35823883700054804,0.0,0.0,0.2746279000182682,0.0,0.0,-3.823883703035035,110
2025-08-29 10:00:00,DDPG,0.3566754533004932,0.0,0.0,0.22251511001644106,0.0,0.0,-3.667545330049321,110
2025-08-29 11:00:00,DDPG,0.3549114079704439,0.0,0.0,0.1637135990147968,0.0,0.0,-3.4911407970443893,110
2025-08-29 12:00:00,DDPG,0.3531452671733995,0.0,0.0,0.10484223911331725,0.0,0.0,-3.31452671733995,110
2025-08-29 13:00:00,DDPG,0.35430674045605953,0.0,0.0,0.14355801520198527,0.0,0.0,-3.4306740456059526,110
2025-08-29 14:00:00,DDPG,0.35500706641045365,0.0,0.0,0.16690221368178726,0.0,0.0,-3.5007066410453644,110
2025-08-29 15:00:00,DDPG,0.35453935976940826,0.0,0.0,0.1513119923136088,0.0,0.0,-3.4539359769408247,110
2025-08-29 16:00:00,DDPG,0.3546989237924675,0.0,0.0,0.15663079308224895,0.0,0.0,-3.4698923792467475,110
2025-08-29 17:00:00,DDPG,0.35417203141322073,0.0,0.0,0.13906771377402408,0.0,0.0,-3.417203141322073,110
2025-08-29 18:00:00,DDPG,0.35352532827189864,0.0,0.0,0.11751094239662195,0.0,0.0,-3.3525328271898633,110
2025-08-29 19:00:00,DDPG,0.3537922954447088,0.0,0.0,0.12640984815695902,0.0,0.0,-3.3792295444708795,110
2025-08-29 20:00:00,DDPG,0.35297956590023793,0.0,0.0,0.09931886334126433,0.0,0.0,-3.2979565900237926,110
2025-08-29 21:00:00,DDPG,0.35224810931021416,0.0,0.0,0.07493697700713824,0.0,0.0,-3.224810931021416,110
2025-08-29 22:00:00,DDPG,0.35164079837919276,0.0,0.0,0.05469327930642436,0.0,0.0,-3.1640798379192763,110
2025-08-29 23:00:00,DDPG,0.3510942185412735,0.0,0.0,0.036473951375782576,0.0,0.0,-3.1094218541273477,110
2025-08-30 00:00:00,DDPG,0.35057679668714614,0.0,0.0,0.019226556238204753,0.0,0.0,-3.0576796687146137,110
2025-08-30 01:00:00,DDPG,0.35036011701843145,0.0,0.0,0.012003900614382702,0.0,0.0,-3.036011701843144,110
2025-08-30 02:00:00,DDPG,0.3503181053165883,0.0,0.0,0.010603510552942908,0.0,0.0,-3.031810531658829,110
2025-08-30 03:00:00,DDPG,0.35020379478492947,0.0,0.0,0.00679315949764856,0.0,0.0,-3.020379478492946,110
2025-08-30 04:00:00,DDPG,0.34977879478492946,0.0,0.0,0.0,0.0,0.0,-2.9778794784929454,110
2025-08-30 05:00:00,DDPG,0.3493821281182628,0.0,0.0,0.0,0.0,0.0,-2.938212811826279,110
2025-08-30 06:00:00,DDPG,0.3489571281182628,0.0,0.0,0.0,0.0,0.0,-2.8957128118262787,110
2025-08-30 07:00:00,DDPG,0.3500769153064365,0.0,0.0,0.0025638435478839484,0.0,0.0,-3.0076915306436467,110
2025-08-30 08:00:00,DDPG,0.34925524863976987,0.0,0.0,0.0,0.0,0.0,-2.925524863976986,110
2025-08-30 09:00:00,DDPG,0.34815024863976984,0.0,0.0,0.0,0.0,0.0,-2.8150248639769835,110
2025-08-30 10:00:00,DDPG,0.3470735819731032,0.0,0.0,0.0,0.0,0.0,-2.7073581973103167,110
2025-08-30 11:00:00,DDPG,0.3457985819731032,0.0,0.0,0.0,0.0,0.0,-2.57985819731032,110
2025-08-30 12:00:00,DDPG,0.34509858197310317,0.0,0.0,0.0,0.0,0.0,-2.509858197310316,110
2025-08-30 13:00:00,DDPG,0.34454024863976984,0.0,0.0,0.0,0.0,0.0,-2.4540248639769837,110
2025-08-30 14:00:00,DDPG,0.34292524863976986,0.0,0.0,0.0,0.0,0.0,-2.292524863976986,110
2025-08-30 15:00:00,DDPG,0.3415369153064365,0.0,0.0,0.0,0.0,0.0,-2.1536915306436475,110
2025-08-30 16:00:00,DDPG,0.3408502486397698,0.0,0.0,0.0,0.0,0.0,-2.0850248639769813,110
2025-08-30 17:00:00,DDPG,0.3405319153064365,0.0,0.0,0.0,0.0,0.0,-2.05319153064365,110
2025-08-30 18:00:00,DDPG,0.3400785819731032,0.0,0.0,0.0,0.0,0.0,-2.00785819731032,110
2025-08-30 19:00:00,DDPG,0.3415469153064365,0.0,0.0,0.0,0.0,0.0,-2.1546915306436487,110
2025-08-30 20:00:00,DDPG,0.3422352486397698,0.0,0.0,0.0,0.0,0.0,-2.2235248639769782,110
2025-08-30 21:00:00,DDPG,0.3433135819731032,0.0,0.0,0.0,0.0,0.0,-2.331358197310318,110
2025-08-30 22:00:00,DDPG,0.34308691530643654,0.0,0.0,0.0,0.0,0.0,-2.308691530643653,110
2025-08-30 23:00:00,DDPG,0.3428885819731032,0.0,0.0,0.0,0.0,0.0,-2.288858197310317,110
2025-08-31 00:00:00,DDPG,0.3446902486397698,0.0,0.0,0.0,0.0,0.0,-2.4690248639769816,110
2025-08-31 01:00:00,DDPG,0.34476858197310317,0.0,0.0,0.0,0.0,0.0,-2.4768581973103165,110
2025-08-31 02:00:00,DDPG,0.34490358197310317,0.0,0.0,0.0,0.0,0.0,-2.490358197310316,110
2025-08-31 03:00:00,DDPG,0.3483152486397698,0.0,0.0,0.0,0.0,0.0,-2.8315248639769806,110
2025-08-31 04:00:00,DDPG,0.3497552486397698,0.0,0.0,0.0,0.0,0.0,-2.9755248639769807,110
2025-08-31 05:00:00,DDPG,0.3505267237757928,0.0,0.0,0.017557459193093906,0.0,0.0,-3.0526723775792792,110
2025-08-31 06:00:00,DDPG,0.3502955513982135,0.0,0.0,0.009851713273783959,0.0,0.0,-3.0295551398213494,110
2025-08-31 07:00:00,DDPG,0.36353649625839213,0.0,0.0,0.4512165419464054,0.0,0.0,-4.353649625839212,110
2025-08-31 08:00:00,DDPG,0.3768258466325529,0.0,0.0,0.8941948877517647,0.0,0.0,-5.682584663255291,110
2025-08-31 09:00:00,DDPG,0.3754332619692976,0.0,0.0,0.8477753989765873,0.0,0.0,-5.54332619692976,110
2025-08-31 10:00:00,DDPG,0.37375243577236783,0.0,0.0,0.7917478590789273,0.0,0.0,-5.375243577236782,110
2025-08-31 11:00:00,DDPG,0.374339692195131,0.0,0.0,0.8113230731710346,0.0,0.0,-5.433969219513102,110
2025-08-31 12:00:00,DDPG,0.3716447229756179,0.0,0.0,0.7214907658539303,0.0,0.0,-5.164472297561789,110
2025-08-31 13:00:00,DDPG,0.37211125067805617,0.0,0.0,0.7370416892685384,0.0,0.0,-5.211125067805616,110
2025-08-31 14:00:00,DDPG,0.36973512561025057,0.0,0.0,0.6578375203416855,0.0,0.0,-4.973512561025056,110
2025-08-31 15:00:00,DDPG,0.3676476130492255,0.0,0.0,0.5882537683075171,1.4210854715202004e-14,0.0,-4.7647613049225495,110
2025-08-31 16:00:00,DDPG,0.36649635174430295,0.0,0.0,0.5498783914767656,0.0,0.0,-4.649635174430294,110
2025-08-31 17:00:00,DDPG,0.36468771656987264,0.0,0.0,0.4895905523290878,0.0,0.0,-4.468771656987264,110
2025-08-31 18:00:00,DDPG,0.3635639449128854,0.0,0.0,0.45213149709617967,0.0,0.0,-4.35639449128854,110
2025-08-31 19:00:00,DDPG,0.36197805042159686,0.0,0.0,0.3992683473865626,0.0,0.0,-4.197805042159686,110
2025-08-31 20:00:00,DDPG,0.36077424537943714,0.0,0.0,0.35914151264790495,0.0,0.0,-4.077424537943713,110
2025-08-31 21:00:00,DDPG,0.3603673208414934,0.0,0.0,0.3455773613831141,0.0,0.0,-4.0367320841493415,110
2025-08-31 22:00:00,DDPG,0.35940108875734406,0.0,0.0,0.3133696252448019,0.0,0.0,-3.9401088757344045,110
2025-08-31 23:00:00,DDPG,0.35853147988160966,0.0,0.0,0.28438266272032137,0.0,0.0,-3.8531479881609654,110
2025-09-01 00:00:00,DDPG,0.3635763318934487,0.0,0.0,0.4525443964482889,0.0,0.0,-4.357633189344867,110
2025-09-01 01:00:00,DDPG,0.3650911987041038,0.0,0.0,0.5030399568034597,0.0,0.0,-4.509119870410378,110
2025-09-01 02:00:00,DDPG,0.3637290788336934,0.0,0.0,0.45763596112311267,0.0,0.0,-4.3729078833693364,110
2025-09-01 03:00:00,DDPG,0.377828670950324,0.0,0.0,0.9276223650108009,0.0,0.0,-5.782867095032401,110
2025-09-01 04:00:00,DDPG,0.3809183038552916,0.0,0.0,1.03061012850972,0.0,0.0,-6.091830385529157,110
2025-09-01 05:00:00,DDPG,0.38219897346976245,0.0,0.0,1.0732991156587475,0.0,0.0,-6.219897346976245,110
2025-09-01 06:00:00,DDPG,0.3877750761227862,0.0,0.0,1.2591692040928735,0.0,0.0,-6.777507612278622,110
2025-09-01 07:00:00,DDPG,0.38619356851050757,0.0,0.0,1.2064522836835865,0.0,0.0,-6.619356851050757,110
2025-09-01 08:00:00,DDPG,0.38801921165945685,0.0,0.0,1.2673070553152286,0.0,0.0,-6.801921165945686,110
2025-09-01 09:00:00,DDPG,0.39796029049351117,0.0,0.0,1.5986763497837062,0.0,0.0,-7.796029049351116,110
2025-09-01 10:00:00,DDPG,0.40745626144416014,0.0,0.0,1.915208714805337,0.0,0.0,-8.745626144416013,110
2025-09-01 11:00:00,DDPG,0.4031536352997441,0.0,0.0,1.7717878433248033,0.0,0.0,-8.315363529974407,110
2025-09-01 12:00:00,DDPG,0.3984262717697697,0.0,0.0,1.6142090589923244,0.0,0.0,-7.842627176976968,110
2025-09-01 13:00:00,DDPG,0.3930676445927927,0.0,0.0,1.4355881530930903,0.0,0.0,-7.306764459279268,110
2025-09-01 14:00:00,DDPG,0.3877663801335134,0.0,0.0,1.2588793377837804,0.0,0.0,-6.776638013351338,110
2025-09-01 15:00:00,DDPG,0.38322474212016205,0.0,0.0,1.1074914040054027,0.0,0.0,-6.322474212016205,110
2025-09-01 16:00:00,DDPG,0.3793667679081459,0.0,0.0,0.9788922636048625,0.0,0.0,-5.936676790814587,110
2025-09-01 17:00:00,DDPG,0.3760220911173313,0.0,0.0,0.8674030372443767,0.0,0.0,-5.6022091117331305,110
2025-09-01 18:00:00,DDPG,0.37373938200559814,0.0,0.0,0.7913127335199391,0.0,0.0,-5.373938200559813,110
2025-09-01 19:00:00,DDPG,0.37118694380503836,0.0,0.0,0.7062314601679447,0.0,0.0,-5.118694380503835,110
2025-09-01 20:00:00,DDPG,0.36883874942453454,0.0,0.0,0.6279583141511509,0.0,0.0,-4.8838749424534535,110
2025-09-01 21:00:00,DDPG,0.3667253744820811,0.0,0.0,0.5575124827360369,0.0,0.0,-4.672537448208108,110
2025-09-01 22:00:00,DDPG,0.364823337033873,0.0,0.0,0.494111234462433,0.0,0.0,-4.482333703387297,110
2025-09-01 23:00:00,DDPG,0.36313700333048565,0.0,0.0,0.4379001110161895,0.0,0.0,-4.313700333048565,110
2025-09-02 00:00:00,DDPG,0.3616193029974371,0.0,0.0,0.3873100999145706,0.0,0.0,-4.161930299743711,110
2025-09-02 01:00:00,DDPG,0.3602533726976934,0.0,0.0,0.3417790899231136,0.0,0.0,-4.0253372697693415,110
2025-09-02 02:00:00,DDPG,0.359349535427924,0.0,0.0,0.31165118093080224,0.0,0.0,-3.9349535427924023,110
2025-09-02 03:00:00,DDPG,0.35946158188513166,0.0,0.0,0.3153860628377217,0.0,0.0,-3.9461581885131656,110
2025-09-02 04:00:00,DDPG,0.35896242369661846,0.0,0.0,0.29874745655395,0.0,0.0,-3.896242369661845,110
2025-09-02 05:00:00,DDPG,0.3585386813269566,0.0,0.0,0.2846227108985545,0.0,0.0,-3.853868132695659,110
2025-09-02 06:00:00,DDPG,0.35813181319426096,0.0,0.0,0.2710604398086986,0.0,0.0,-3.8131813194260955,110
2025-09-02 07:00:00,DDPG,0.35793813187483486,0.0,0.0,0.2646043958278284,0.0,0.0,-3.7938131874834857,110
2025-09-02 08:00:00,DDPG,0.35675581868735134,0.0,0.0,0.22519395624504457,0.0,0.0,-3.675581868735134,110
2025-09-02 09:00:00,DDPG,0.3650682368186162,0.0,0.0,0.5022745606205404,0.0,0.0,-4.506823681861621,110
2025-09-02 10:00:00,DDPG,0.37147691313675457,0.0,0.0,0.7158971045584863,0.0,0.0,-5.147691313675456,110
2025-09-02 11:00:00,DDPG,0.36863472182307905,0.0,0.0,0.6211573941026359,0.0,0.0,-4.863472182307904,110
2025-09-02 12:00:00,DDPG,0.3658022496407712,0.0,0.0,0.5267416546923727,0.0,0.0,-4.580224964077118,110
2025-09-02 13:00:00,DDPG,0.363151024676694,0.0,0.0,0.4383674892231355,0.0,0.0,-4.315102467669401,110
2025-09-02 14:00:00,DDPG,0.36094342220902464,0.0,0.0,0.3647807403008216,0.0,0.0,-4.094342220902464,110
2025-09-02 15:00:00,DDPG,0.3622370799881222,0.0,0.0,0.4079026662707406,0.0,0.0,-4.223707998812221,110
2025-09-02 16:00:00,DDPG,0.36080337198930995,0.0,0.0,0.36011239964366554,0.0,0.0,-4.0803371989309944,110
2025-09-02 17:00:00,DDPG,0.3595640347903789,0.0,0.0,0.31880115967929756,0.0,0.0,-3.95640347903789,110
2025-09-02 18:00:00,DDPG,0.3583526313113411,0.0,0.0,0.27842104371136855,0.0,0.0,-3.835263131134109,110
2025-09-02 19:00:00,DDPG,0.357313368180207,0.0,0.0,0.24377893934023265,0.0,0.0,-3.731336818020697,110
2025-09-02 20:00:00,DDPG,0.3570290313621863,0.0,0.0,0.2343010454062096,0.0,0.0,-3.7029031362186267,110
2025-09-02 21:00:00,DDPG,0.35647312822596766,0.0,0.0,0.2157709408655876,0.0,0.0,-3.6473128225967653,110
2025-09-02 22:00:00,DDPG,0.3556983154033709,0.0,0.0,0.189943846779029,0.0,0.0,-3.5698315403370877,110
2025-09-02 23:00:00,DDPG,0.35560098386303374,0.0,0.0,0.18669946210112587,0.0,0.0,-3.5600983863033733,110
2025-09-03 00:00:00,DDPG,0.3548623854767304,0.0,0.0,0.16207951589101272,0.0,0.0,-3.4862385476730378,110
2025-09-03 01:00:00,DDPG,0.3542231469290573,0.0,0.0,0.14077156430191168,0.0,0.0,-3.422314692905731,110
2025-09-03 02:00:00,DDPG,0.3536478322361516,0.0,0.0,0.12159440787172003,0.0,0.0,-3.3647832236151585,110
2025-09-03 03:00:00,DDPG,0.3537300490125364,0.0,0.0,0.12433496708454755,0.0,0.0,-3.3730049012536405,110
2025-09-03 04:00:00,DDPG,0.35620404411128276,0.0,0.0,0.2068014703760923,0.0,0.0,-3.620404411128275,110
2025-09-03 05:00:00,DDPG,0.3635816397001545,0.0,0.0,0.4527213233384828,0.0,0.0,-4.3581639700154495,110
2025-09-03 06:00:00,DDPG,0.36237047573013903,0.0,0.0,0.412349191004634,0.0,0.0,-4.237047573013903,110
2025-09-03 07:00:00,DDPG,0.3612039281571251,0.0,0.0,0.3734642719041702,0.0,0.0,-4.120392815712509,110
2025-09-03 08:00:00,DDPG,0.36245203534141257,0.0,0.0,0.4150678447137537,1.4210854715202004e-14,0.0,-4.245203534141257,110
2025-09-03 09:00:00,DDPG,0.3663458318072713,0.0,0.0,0.5448610602423785,0.0,0.0,-4.634583180727131,110
2025-09-03 10:00:00,DDPG,0.36832474862654424,0.0,0.0,0.6108249542181412,0.0,0.0,-4.832474862654424,110
2025-09-03 11:00:00,DDPG,0.3717272737638898,0.0,0.0,0.7242424587963271,0.0,0.0,-5.1727273763889805,110
2025-09-03 12:00:00,DDPG,0.3696130463875008,0.0,0.0,0.653768212916694,0.0,0.0,-4.9613046387500805,110
2025-09-03 13:00:00,DDPG,0.36850824174875074,0.0,0.0,0.616941391625025,0.0,0.0,-4.850824174875074,110
2025-09-03 14:00:00,DDPG,0.3659884175738757,0.0,0.0,0.5329472524625232,0.0,0.0,-4.598841757387567,110
2025-09-03 15:00:00,DDPG,0.3638480758164881,0.0,0.0,0.4616025272162702,0.0,0.0,-4.384807581648809,110
2025-09-03 16:00:00,DDPG,0.36210026823483926,0.0,0.0,0.4033422744946421,0.0,0.0,-4.2100268234839255,110
2025-09-03 17:00:00,DDPG,0.3610312414113553,0.0,0.0,0.367708047045177,0.0,0.0,-4.1031241411355275,110
2025-09-03 18:00:00,DDPG,0.3597241172702198,0.0,0.0,0.3241372423406588,0.0,0.0,-3.9724117270219796,110
2025-09-03 19:00:00,DDPG,0.3585987055431978,0.0,0.0,0.2866235181065932,0.0,0.0,-3.8598705543197775,110
2025-09-03 20:00:00,DDPG,0.357585834988878,0.0,0.0,0.2528611662959335,0.0,0.0,-3.758583498887802,110
2025-09-03 21:00:00,DDPG,0.3566742514899902,0.0,0.0,0.2224750496663404,0.0,0.0,-3.667425148999021,110
2025-09-03 22:00:00,DDPG,0.35585382634099116,0.0,0.0,0.1951275446997059,0.0,0.0,-3.5853826340991155,110
2025-09-03 23:00:00,DDPG,0.3551154437068921,0.0,0.0,0.17051479022973554,0.0,0.0,-3.511544370689207,110
2025-09-04 00:00:00,DDPG,0.35445089933620283,0.0,0.0,0.14836331120676222,0.0,0.0,-3.4450899336202827,110
2025-09-04 01:00:00,DDPG,0.35385280940258257,0.0,0.0,0.12842698008608552,0.0,0.0,-3.385280940258256,110
2025-09-04 02:00:00,DDPG,0.3533145284623243,0.0,0.0,0.11048428207747635,0.0,0.0,-3.3314528462324304,110
2025-09-04 03:00:00,DDPG,0.35283007561609186,0.0,0.0,0.09433585386972823,0.0,0.0,-3.2830075616091854,110
2025-09-04 04:00:00,DDPG,0.3523940680544827,0.0,0.0,0.07980226848275579,0.0,0.0,-3.2394068054482696,110
2025-09-04 05:00:00,DDPG,0.35260166124903447,0.0,0.0,0.08672204163448072,0.0,0.0,-3.2601661249034466,110
2025-09-04 06:00:00,DDPG,0.352162995124131,0.0,0.0,0.07209983747103337,0.0,0.0,-3.2162995124131015,110
2025-09-04 07:00:00,DDPG,0.3525406956117179,0.0,0.0,0.08468985372392979,0.0,0.0,-3.254069561171791,110
2025-09-04 08:00:00,DDPG,0.35167462605054617,0.0,0.0,0.05582086835153746,0.0,0.0,-3.1674626050546166,110
2025-09-04 09:00:00,DDPG,0.3505636634454915,0.0,0.0,0.018788781516384745,0.0,0.0,-3.05636634454915,110
2025-09-04 10:00:00,DDPG,0.35028529710094236,0.0,0.0,0.009509903364745755,0.0,0.0,-3.0285297100942357,110
2025-09-04 11:00:00,DDPG,0.3522817673908481,0.0,0.0,0.07605891302827104,0.0,0.0,-3.228176739084809,110
2025-09-04 12:00:00,DDPG,0.3599060906517633,0.0,0.0,0.3302030217254441,0.0,0.0,-3.990609065176331,110
2025-09-04 13:00:00,DDPG,0.35794048158658703,0.0,0.0,0.26468271955289996,0.0,0.0,-3.7940481586587023,110
2025-09-04 14:00:00,DDPG,0.35592243342792834,0.0,0.0,0.1974144475976104,0.0,0.0,-3.592243342792834,110
2025-09-04 15:00:00,DDPG,0.3542846900851355,0.0,0.0,0.14282300283784935,0.0,0.0,-3.4284690085135514,110
2025-09-04 16:00:00,DDPG,0.35309122107662194,0.0,0.0,0.10304070255406544,0.0,0.0,-3.3091221076621933,110
2025-09-04 17:00:00,DDPG,0.3526485989689597,0.0,0.0,0.08828663229865868,0.0,0.0,-3.264859896895972,110
2025-09-04 18:00:00,DDPG,0.35217973907206374,0.0,0.0,0.07265796906879274,0.0,0.0,-3.217973907206373,110
2025-09-04 19:00:00,DDPG,0.3517832651648574,0.0,0.0,0.05944217216191277,0.0,0.0,-3.1783265164857415,110
2025-09-04 20:00:00,DDPG,0.3513754386483717,0.0,0.0,0.04584795494572234,0.0,0.0,-3.1375438648371663,110
2025-09-04 21:00:00,DDPG,0.3510338947835345,0.0,0.0,0.03446315945114975,0.0,0.0,-3.1033894783534466,110
2025-09-04 22:00:00,DDPG,0.350726505305181,0.0,0.0,0.024216843506034993,0.0,0.0,-3.072650530518101,110
2025-09-04 23:00:00,DDPG,0.35044985477466295,0.0,0.0,0.014995159155431282,0.0,0.0,-3.0449854774662946,110
2025-09-05 00:00:00,DDPG,0.3502008692971966,0.0,0.0,0.006695643239888228,0.0,0.0,-3.020086929719662,110
2025-09-05 01:00:00,DDPG,0.350002282367477,0.0,0.0,7.607891589884731e-05,0.0,0.0,-3.0002282367476987,110
2025-09-05 02:00:00,DDPG,0.35470005413072925,0.0,0.0,0.1566684710243081,0.0,0.0,-3.470005413072924,110
2025-09-05 03:00:00,DDPG,0.36432804871765634,0.0,0.0,0.47760162392187766,0.0,0.0,-4.432804871765633,110
2025-09-05 04:00:00,DDPG,0.3630677438458907,0.0,0.0,0.43559146152968964,0.0,0.0,-4.306774384589068,110
2025-09-05 05:00:00,DDPG,0.3655334694613016,0.0,0.0,0.5177823153767207,0.0,0.0,-4.55334694613016,110
2025-09-05 06:00:00,DDPG,0.3671016225151714,0.0,0.0,0.5700540838390481,0.0,0.0,-4.710162251517142,110
2025-09-05 07:00:00,DDPG,0.3825874602636543,0.0,0.0,1.0862486754551426,0.0,0.0,-6.258746026365429,110
2025-09-05 08:00:00,DDPG,0.3918462142372888,0.0,0.0,1.3948738079096288,0.0,0.0,-7.184621423728881,110
2025-09-05 09:00:00,DDPG,0.38732409281355995,0.0,0.0,1.2441364271186643,0.0,0.0,-6.732409281355995,110
2025-09-05 10:00:00,DDPG,0.38319718353220394,0.0,0.0,1.1065727844067978,0.0,0.0,-6.319718353220393,110
2025-09-05 11:00:00,DDPG,0.38010846517898356,0.0,0.0,1.0036155059661198,0.0,0.0,-6.010846517898354,110
2025-09-05 12:00:00,DDPG,0.3775011186610852,0.0,0.0,0.9167039553695077,0.0,0.0,-5.75011186610852,110
2025-09-05 13:00:00,DDPG,0.3743565067949767,0.0,0.0,0.8118835598325561,0.0,0.0,-5.435650679497667,110
2025-09-05 14:00:00,DDPG,0.37162835611547906,0.0,0.0,0.7209452038493013,0.0,0.0,-5.162835611547906,110
2025-09-05 15:00:00,DDPG,0.36897502050393116,0.0,0.0,0.6325006834643716,0.0,0.0,-4.897502050393116,110
2025-09-05 16:00:00,DDPG,0.36641451845353806,0.0,0.0,0.5471506151179341,0.0,0.0,-4.641451845353806,110
2025-09-05 17:00:00,DDPG,0.3659160666081842,0.0,0.0,0.5305355536061412,0.0,0.0,-4.59160666081842,110
2025-09-05 18:00:00,DDPG,0.3649949599473658,0.0,0.0,0.49983199824552715,0.0,0.0,-4.49949599473658,110
2025-09-05 19:00:00,DDPG,0.36329146395262923,0.0,0.0,0.4430487984209748,0.0,0.0,-4.3291463952629226,110
2025-09-05 20:00:00,DDPG,0.3618348175573663,0.0,0.0,0.39449391857887695,0.0,0.0,-4.183481755736629,110
2025-09-05 21:00:00,DDPG,0.3610983358016297,0.0,0.0,0.3699445267209896,0.0,0.0,-4.109833580162969,110
2025-09-05 22:00:00,DDPG,0.3598355022214667,0.0,0.0,0.3278500740488909,0.0,0.0,-3.98355022214667,110
2025-09-05 23:00:00,DDPG,0.35869895199932,0.0,0.0,0.289965066644001,0.0,0.0,-3.8698951999319995,110
2025-09-06 00:00:00,DDPG,0.357676056799388,0.0,0.0,0.25586855997960073,0.0,0.0,-3.767605679938802,110
2025-09-06 01:00:00,DDPG,0.3567554511194492,0.0,0.0,0.22518170398164017,0.0,0.0,-3.675545111944917,110
2025-09-06 02:00:00,DDPG,0.35707590600750433,0.0,0.0,0.23586353358347623,0.0,0.0,-3.7075906007504322,110
2025-09-06 03:00:00,DDPG,0.35733881540675394,0.0,0.0,0.2446271802251303,0.0,0.0,-3.7338815406753936,110
2025-09-06 04:00:00,DDPG,0.3597264338660785,0.0,0.0,0.32421446220261746,0.0,0.0,-3.9726433866078494,110
2025-09-06 05:00:00,DDPG,0.35917529047947067,0.0,0.0,0.30584301598235586,0.0,0.0,-3.917529047947066,110
2025-09-06 06:00:00,DDPG,0.3607792614315236,0.0,0.0,0.35930871438412026,0.0,0.0,-4.077926143152361,110
2025-09-06 07:00:00,DDPG,0.3717973352883713,0.0,0.0,0.7265778429457086,0.0,0.0,-5.179733528837128,110
2025-09-06 08:00:00,DDPG,0.37416260175953414,0.0,0.0,0.8054200586511385,0.0,0.0,-5.416260175953413,110
2025-09-06 09:00:00,DDPG,0.38683634158358077,0.0,0.0,1.227878052786025,0.0,0.0,-6.6836341583580765,110
2025-09-06 10:00:00,DDPG,0.3847172074252227,0.0,0.0,1.1572402475074228,0.0,0.0,-6.471720742522269,110
2025-09-06 11:00:00,DDPG,0.38159798668270045,0.0,0.0,1.0532662227566818,0.0,0.0,-6.159798668270044,110
2025-09-06 12:00:00,DDPG,0.3772141880144304,0.0,0.0,0.907139600481014,0.0,0.0,-5.72141880144304,110
2025-09-06 13:00:00,DDPG,0.3742452692129874,0.0,0.0,0.8081756404329128,0.0,0.0,-5.424526921298739,110
2025-09-06 14:00:00,DDPG,0.3709027422916886,0.0,0.0,0.6967580763896223,0.0,0.0,-5.090274229168862,110
2025-09-06 15:00:00,DDPG,0.36830246806251976,0.0,0.0,0.6100822687506593,0.0,0.0,-4.830246806251975,110
2025-09-06 16:00:00,DDPG,0.36598772125626783,0.0,0.0,0.5329240418755931,0.0,0.0,-4.598772125626782,110
2025-09-06 17:00:00,DDPG,0.36398094913064105,0.0,0.0,0.4660316376880346,0.0,0.0,-4.398094913064105,110
2025-09-06 18:00:00,DDPG,0.36232785421757696,0.0,0.0,0.4109284739192319,0.0,0.0,-4.232785421757695,110
2025-09-06 19:00:00,DDPG,0.3608910687958193,0.0,0.0,0.36303562652730936,0.0,0.0,-4.089106879581927,110
2025-09-06 20:00:00,DDPG,0.3595979619162374,0.0,0.0,0.3199320638745789,0.0,0.0,-3.959796191623738,110
2025-09-06 21:00:00,DDPG,0.35838316572461365,0.0,0.0,0.27943885748712205,0.0,0.0,-3.8383165724613644,110
2025-09-06 22:00:00,DDPG,0.35726434915215227,0.0,0.0,0.24214497173840926,0.0,0.0,-3.7264349152152265,110
2025-09-06 23:00:00,DDPG,0.35628291423693703,0.0,0.0,0.20943047456456867,0.0,0.0,-3.6282914236937023,110
2025-09-07 00:00:00,DDPG,0.35539962281324333,0.0,0.0,0.1799874271081123,0.0,0.0,-3.5399622813243328,110
2025-09-07 01:00:00,DDPG,0.35463016053191904,0.0,0.0,0.15433868439730106,0.0,0.0,-3.463016053191903,110
2025-09-07 02:00:00,DDPG,0.35391214447872715,0.0,0.0,0.13040481595757145,0.0,0.0,-3.3912144478727146,110
2025-09-07 03:00:00,DDPG,0.35331693003085446,0.0,0.0,0.11056433436181408,0.0,0.0,-3.3316930030854452,110
2025-09-07 04:00:00,DDPG,0.353381237027769,0.0,0.0,0.11270790092563346,0.0,0.0,-3.338123702776902,110
2025-09-07 05:00:00,DDPG,0.3637666133249921,0.0,0.0,0.45888711083307077,0.0,0.0,-4.37666133249921,110
2025-09-07 06:00:00,DDPG,0.3636859519924929,0.0,0.0,0.45619839974976345,0.0,0.0,-4.368595199249286,110
2025-09-07 07:00:00,DDPG,0.3629113567932436,0.0,0.0,0.4303785597747862,0.0,0.0,-4.291135679324359,110
2025-09-07 08:00:00,DDPG,0.3618632211139193,0.0,0.0,0.39544070379730845,0.0,0.0,-4.186322111391927,110
2025-09-07 09:00:00,DDPG,0.36016689900252735,0.0,0.0,0.3388966334175777,0.0,0.0,-4.016689900252734,110
2025-09-07 10:00:00,DDPG,0.3582577091022746,0.0,0.0,0.2752569700758201,0.0,0.0,-3.825770910227461,110
2025-09-07 11:00:00,DDPG,0.3564884381920472,0.0,0.0,0.216281273068239,0.0,0.0,-3.648843819204717,110
2025-09-07 12:00:00,DDPG,0.3549470943728425,0.0,0.0,0.16490314576141574,0.0,0.0,-3.494709437284249,110
2025-09-07 13:00:00,DDPG,0.35408338493555824,0.0,0.0,0.13611283118527526,0.0,0.0,-3.4083384935558234,110
2025-09-07 14:00:00,DDPG,0.3530315464420024,0.0,0.0,0.1010515480667479,0.0,0.0,-3.30315464420024,110
2025-09-07 15:00:00,DDPG,0.35221239179780217,0.0,0.0,0.07374639326007185,0.0,0.0,-3.2212391797802162,110
2025-09-07 16:00:00,DDPG,0.35165365261802195,0.0,0.0,0.05512175393406409,0.0,0.0,-3.1653652618021946,110
2025-09-07 17:00:00,DDPG,0.35138028735621973,0.0,0.0,0.04600957854065797,0.0,0.0,-3.1380287356219725,110
2025-09-07 18:00:00,DDPG,0.3522127586205978,0.0,0.0,0.07375862068659274,0.0,0.0,-3.2212758620597803,110
2025-09-07 19:00:00,DDPG,0.355138482758538,0.0,0.0,0.171282758617933,0.0,0.0,-3.513848275853798,110
2025-09-07 20:00:00,DDPG,0.35474613448268416,0.0,0.0,0.158204482756139,0.0,0.0,-3.474613448268416,110
2025-09-07 21:00:00,DDPG,0.35436752103441577,0.0,0.0,0.14558403448052532,0.0,0.0,-3.4367521034415756,110
2025-09-07 22:00:00,DDPG,0.3537777689309742,0.0,0.0,0.125925631032473,0.0,0.0,-3.3777768930974172,110
2025-09-07 23:00:00,DDPG,0.3538469920378768,0.0,0.0,0.1282330679292258,0.0,0.0,-3.3846992037876777,110
2025-09-08 00:00:00,DDPG,0.35595829283408914,0.0,0.0,0.19860976113630358,0.0,0.0,-3.5958292834089134,110
2025-09-08 01:00:00,DDPG,0.3557839635506802,0.0,0.0,0.19279878502267422,0.0,0.0,-3.57839635506802,110
2025-09-08 02:00:00,DDPG,0.35497606719561225,0.0,0.0,0.16586890652040723,0.0,0.0,-3.497606719561225,110
2025-09-08 03:00:00,DDPG,0.35424896047605103,0.0,0.0,0.1416320158683675,0.0,0.0,-3.4248960476051025,110
2025-09-08 04:00:00,DDPG,0.35356906442844593,0.0,0.0,0.11896881428153137,0.0,0.0,-3.3569064428445925,110
2025-09-08 05:00:00,DDPG,0.35298265798560136,0.0,0.0,0.0994219328533788,0.0,0.0,-3.298265798560135,110
2025-09-08 06:00:00,DDPG,0.35250589218704126,0.0,0.0,0.08352973956804136,0.0,0.0,-3.2505892187041248,110
2025-09-08 07:00:00,DDPG,0.3520258029683372,0.0,0.0,0.0675267656112382,0.0,0.0,-3.202580296833718,110
2025-09-08 08:00:00,DDPG,0.35123672267150347,0.0,0.0,0.04122408905011526,0.0,0.0,-3.1236722671503454,110
2025-09-08 09:00:00,DDPG,0.35022055040435307,0.0,0.0,0.0073516801451035015,0.0,0.0,-3.0220550404353066,110
2025-09-08 10:00:00,DDPG,0.3487755504043531,0.0,0.0,0.0,0.0,0.0,-2.8775550404353094,110
2025-09-08 11:00:00,DDPG,0.3472738837376864,0.0,0.0,0.0,0.0,0.0,-2.7273883737686413,110
2025-09-08 12:00:00,DDPG,0.3458855504043531,0.0,0.0,0.0,0.0,0.0,-2.588555040435309,110
2025-09-08 13:00:00,DDPG,0.35127699536391777,0.0,0.0,0.04256651213059257,0.0,0.0,-3.127699536391776,110
2025-09-08 14:00:00,DDPG,0.352637295827526,0.0,0.0,0.08790986091753439,0.0,0.0,-3.2637295827526005,110
2025-09-08 15:00:00,DDPG,0.3518320662447734,0.0,0.0,0.06106887482578003,0.0,0.0,-3.183206624477341,110
2025-09-08 16:00:00,DDPG,0.3520388596202961,0.0,0.0,0.06796198734320172,0.0,0.0,-3.2038859620296067,110
2025-09-08 17:00:00,DDPG,0.3530289736582664,0.0,0.0,0.10096578860888172,1.4210854715202004e-14,0.0,-3.30289736582664,110
2025-09-08 18:00:00,DDPG,0.3525985762924398,0.0,0.0,0.08661920974799245,0.0,0.0,-3.259857629243978,110
2025-09-08 19:00:00,DDPG,0.3522877186631958,0.0,0.0,0.07625728877319347,0.0,0.0,-3.2287718663195797,110
2025-09-08 20:00:00,DDPG,0.3519314467968762,0.0,0.0,0.06438155989587387,0.0,0.0,-3.19314467968762,110
2025-09-08 21:00:00,DDPG,0.3516363021171886,0.0,0.0,0.054543403906285454,0.0,0.0,-3.1636302117188597,110
2025-09-08 22:00:00,DDPG,0.35139617190546973,0.0,0.0,0.04653906351565809,0.0,0.0,-3.139617190546973,110
2025-09-08 23:00:00,DDPG,0.3512055547149228,0.0,0.0,0.04018515716409326,0.0,0.0,-3.120555471492281,110
2025-09-09 00:00:00,DDPG,0.35105949924343055,0.0,0.0,0.03531664144768456,0.0,0.0,-3.1059499243430544,110
2025-09-09 01:00:00,DDPG,0.3509280493190875,0.0,0.0,0.030934977302916878,0.0,0.0,-3.0928049319087494,110
2025-09-09 02:00:00,DDPG,0.3508097443871787,0.0,0.0,0.026991479572625113,0.0,0.0,-3.0809744387178704,110
2025-09-09 03:00:00,DDPG,0.3507032699484609,0.0,0.0,0.02344233161536238,0.0,0.0,-3.0703269948460896,110
2025-09-09 04:00:00,DDPG,0.35060744295361485,0.0,0.0,0.020248098453826913,-1.4210854715202004e-14,0.0,-3.0607442953614843,110
2025-09-09 05:00:00,DDPG,0.3505211986582534,0.0,0.0,0.01737328860844514,0.0,0.0,-3.052119865825337,110
2025-09-09 06:00:00,DDPG,0.3503925787924281,0.0,0.0,0.013085959747601806,0.0,0.0,-3.0392578792428075,110
2025-09-09 07:00:00,DDPG,0.3509983209131853,0.0,0.0,0.03327736377284225,0.0,0.0,-3.099832091318527,110
2025-09-09 08:00:00,DDPG,0.3507394888218667,0.0,0.0,0.024649627395557164,0.0,0.0,-3.0739488821866665,110
2025-09-09 09:00:00,DDPG,0.35357703993968004,0.0,0.0,0.11923466465600115,0.0,0.0,-3.357703993968003,110
2025-09-09 10:00:00,DDPG,0.353073835945712,0.0,0.0,0.10246119819040019,0.0,0.0,-3.307383594571201,110
2025-09-09 11:00:00,DDPG,0.3515934523511408,0.0,0.0,0.05311507837135992,0.0,0.0,-3.1593452351140803,110
2025-09-09 12:00:00,DDPG,0.3502866071160267,0.0,0.0,0.009553570534224322,0.0,0.0,-3.0286607116026705,110
2025-09-09 13:00:00,DDPG,0.34884160711602674,0.0,0.0,0.0,0.0,0.0,-2.8841607116026733,110
2025-09-09 14:00:00,DDPG,0.34801327378269337,0.0,0.0,0.0,0.0,0.0,-2.8013273782693364,110
2025-09-09 15:00:00,DDPG,0.3469932737826934,0.0,0.0,0.0,0.0,0.0,-2.6993273782693397,110
2025-09-09 16:00:00,DDPG,0.3462282737826934,0.0,0.0,0.0,0.0,0.0,-2.6228273782693377,110
2025-09-09 17:00:00,DDPG,0.3467749409460654,1.4901161193847656e-07,0.0,0.0,0.0,0.0,-2.6774940975867736,110
2025-09-09 18:00:00,DDPG,0.3472432742793988,0.0,0.0,0.0,0.0,0.0,-2.7243274294299926,110
2025-09-09 19:00:00,DDPG,0.3471582742793988,0.0,0.0,0.0,0.0,0.0,-2.7158274279398817,110
2025-09-09 20:00:00,DDPG,0.3471582742793988,0.0,0.0,0.0,0.0,0.0,-2.7158274279398817,110
2025-09-09 21:00:00,DDPG,0.34815827427939877,0.0,0.0,0.0,0.0,0.0,-2.815827427939876,110
2025-09-09 22:00:00,DDPG,0.3481299409460655,0.0,0.0,0.0,0.0,0.0,-2.8129940946065464,110
2025-09-09 23:00:00,DDPG,0.3481299409460655,0.0,0.0,0.0,0.0,0.0,-2.8129940946065464,110
2025-09-10 00:00:00,DDPG,0.3481016076127321,0.0,0.0,0.0,0.0,0.0,-2.8101607612732113,110
2025-09-10 01:00:00,DDPG,0.3487116076127322,0.0,0.0,0.0,0.0,0.0,-2.8711607612732166,110
2025-09-10 02:00:00,DDPG,0.3486832742793988,0.0,0.0,0.0,0.0,0.0,-2.8683274279398816,110
2025-09-10 03:00:00,DDPG,0.34865494094606553,0.0,0.0,0.0,0.0,0.0,-2.865494094606552,110
2025-09-10 04:00:00,DDPG,0.3486266076127322,0.0,0.0,0.0,0.0,0.0,-2.862660761273217,110
2025-09-10 05:00:00,DDPG,0.3485982742793989,0.0,0.0,0.0,0.0,0.0,-2.859827427939887,110
2025-09-10 06:00:00,DDPG,0.3485699409460655,0.0,0.0,0.0,0.0,0.0,-2.856994094606552,110
2025-09-10 07:00:00,DDPG,0.3483149409460655,0.0,0.0,0.0,0.0,0.0,-2.831494094606551,110
2025-09-10 08:00:00,DDPG,0.34830160761273227,0.0,0.0,0.0,0.0,0.0,-2.830160761273226,110
2025-09-10 09:00:00,DDPG,0.34719660761273224,0.0,0.0,0.0,0.0,0.0,-2.7196607612732233,110
2025-09-10 10:00:00,DDPG,0.3456666076127322,0.0,0.0,0.0,0.0,0.0,-2.566660761273221,110
2025-09-10 11:00:00,DDPG,0.3439666076127322,0.0,0.0,0.0,0.0,0.0,-2.3966607612732176,110
2025-09-10 12:00:00,DDPG,0.34220994094606555,0.0,0.0,0.0,0.0,0.0,-2.2209940946065547,110
2025-09-10 13:00:00,DDPG,0.34053827427939887,0.0,0.0,0.0,0.0,0.0,-2.0538274279398863,110
2025-09-10 14:00:00,DDPG,0.3390366076127322,0.0,0.0,0.0,0.0,0.0,-1.9036607612732181,110
2025-09-10 15:00:00,DDPG,0.33773327427939887,0.0,0.0,0.0,0.0,0.0,-1.7733274279398858,110
2025-09-10 16:00:00,DDPG,0.33679827427939885,0.0,0.0,0.0,0.0,0.0,-1.679827427939884,110
2025-09-10 17:00:00,DDPG,0.3362599409460655,0.0,0.0,0.0,0.0,0.0,-1.6259940946065479,110
2025-09-10 18:00:00,DDPG,0.33603327427939883,0.0,0.0,0.0,0.0,0.0,-1.6033274279398824,110
2025-09-10 19:00:00,DDPG,0.3358916076127322,0.0,0.0,0.0,0.0,0.0,-1.5891607612732175,110
2025-09-10 20:00:00,DDPG,0.3356932742793988,0.0,0.0,0.0,0.0,0.0,-1.5693274279398817,110
2025-09-10 21:00:00,DDPG,0.3355232742793988,0.0,0.0,0.0,0.0,0.0,-1.5523274279398813,110
2025-09-10 22:00:00,DDPG,0.3353816076127321,0.0,0.0,0.0,0.0,0.0,-1.5381607612732107,110
2025-09-10 23:00:00,DDPG,0.33523994094606546,0.0,0.0,0.0,0.0,0.0,-1.5239940946065458,110
2025-09-11 00:00:00,DDPG,0.33509827427939876,0.0,0.0,0.0,0.0,0.0,-1.5098274279398751,110
2025-09-11 01:00:00,DDPG,0.3349566076127321,0.0,0.0,0.0,0.0,0.0,-1.4956607612732098,110
2025-09-11 02:00:00,DDPG,0.33517660761273205,0.0,0.0,0.0,0.0,0.0,-1.5176607612732038,110
2025-09-11 03:00:00,DDPG,0.3350916076127321,0.0,0.0,0.0,0.0,0.0,-1.5091607612732094,110
2025-09-11 04:00:00,DDPG,0.3350066076127321,0.0,0.0,0.0,0.0,0.0,-1.5006607612732092,110
2025-09-11 05:00:00,DDPG,0.3355316076127321,0.0,0.0,0.0,0.0,0.0,-1.553160761273209,110
2025-09-11 06:00:00,DDPG,0.33541827427939874,0.0,0.0,0.0,0.0,0.0,-1.5418274279398734,110
2025-09-11 07:00:00,DDPG,0.33510660761273203,0.0,0.0,0.0,0.0,0.0,-1.5106607612732024,110
2025-09-11 08:00:00,DDPG,0.3343416076127321,0.0,0.0,0.0,0.0,0.0,-1.4341607612732066,110
2025-09-11 09:00:00,DDPG,0.3331799409460654,0.0,0.0,0.0,0.0,0.0,-1.3179940946065392,110
2025-09-11 10:00:00,DDPG,0.33198327427939867,0.0,0.0,0.0,0.0,0.0,-1.1983274279398657,110
2025-09-11 11:00:00,DDPG,0.33064494094606534,0.0,0.0,0.0,0.0,0.0,-1.064494094606533,110
2025-09-11 12:00:00,DDPG,0.329391607612732,0.0,0.0,0.0,0.0,0.0,-0.9391607612732003,110
2025-09-11 13:00:00,DDPG,0.3321382742793987,0.0,0.0,0.0,0.0,0.0,-1.2138274279398678,110
2025-09-11 14:00:00,DDPG,0.33118994094606535,0.0,0.0,0.0,0.0,0.0,-1.1189940946065349,110
2025-09-11 15:00:00,DDPG,0.33069494094606533,0.0,0.0,0.0,0.0,0.0,-1.069494094606532,110
2025-09-11 16:00:00,DDPG,0.33029160761273196,0.0,0.0,0.0,0.0,0.0,-1.0291607612731957,110
2025-09-11 17:00:00,DDPG,0.32986660810943735,1.4901161193847656e-07,0.0,0.0,0.0,0.0,-0.986660813923967,110
2025-09-11 18:00:00,DDPG,0.329753274776104,0.0,0.0,0.0,0.0,0.0,-0.9753274791005153,110
2025-09-11 19:00:00,DDPG,0.32969660810943735,0.0,0.0,0.0,0.0,0.0,-0.9696608109437346,110
2025-09-11 20:00:00,DDPG,0.3296399414427707,0.0,0.0,0.0,0.0,0.0,-0.9639941442770694,110
2025-09-11 21:00:00,DDPG,0.32955494144277075,0.0,0.0,0.0,0.0,0.0,-0.9554941442770746,110
2025-09-11 22:00:00,DDPG,0.3294982747761041,0.0,0.0,0.0,0.0,0.0,-0.9498274776104099,110
2025-09-11 23:00:00,DDPG,0.3297466081094374,0.0,0.0,0.0,0.0,0.0,-0.9746608109437394,110
2025-09-12 00:00:00,DDPG,0.33105160810943746,0.0,0.0,0.0,0.0,0.0,-1.1051608109437447,110
2025-09-12 01:00:00,DDPG,0.33905160810943746,0.0,0.0,0.0,0.0,0.0,-1.9051608109437455,110
2025-09-12 02:00:00,DDPG,0.34005160810943746,0.0,0.0,0.0,0.0,0.0,-2.005160810943746,110
2025-09-12 03:00:00,DDPG,0.34038494144277076,0.0,0.0,0.0,0.0,0.0,-2.0384941442770756,110
2025-09-12 04:00:00,DDPG,0.34366160810943747,0.0,0.0,0.0,0.0,0.0,-2.3661608109437458,110
2025-09-12 05:00:00,DDPG,0.3456332747761041,0.0,0.0,0.0,0.0,0.0,-2.563327477610411,110
2025-09-12 06:00:00,DDPG,0.3528934472984937,0.0,0.0,0.09644824328312325,0.0,0.0,-3.289344729849369,110
2025-09-12 07:00:00,DDPG,0.35455110256864436,0.0,0.0,0.15170341895481132,0.0,0.0,-3.455110256864435,110
2025-09-12 08:00:00,DDPG,0.36268799231177995,0.0,0.0,0.42293307705933075,0.0,0.0,-4.2687992311779945,110
2025-09-12 09:00:00,DDPG,0.36161119308060197,0.0,0.0,0.38703976935339884,0.0,0.0,-4.161119308060196,110
2025-09-12 10:00:00,DDPG,0.35978707377254177,0.0,0.0,0.32623579241805917,0.0,0.0,-3.9787073772541763,110
2025-09-12 11:00:00,DDPG,0.3574823663952876,0.0,0.0,0.24941221317625378,0.0,0.0,-3.7482366395287574,110
2025-09-12 12:00:00,DDPG,0.35748262975575884,0.0,0.0,0.24942099185862787,0.0,0.0,-3.7482629755758836,110
2025-09-12 13:00:00,DDPG,0.35623786678018293,0.0,0.0,0.20792889267276565,0.0,0.0,-3.623786678018293,110
2025-09-12 14:00:00,DDPG,0.35439008010216466,0.0,0.0,0.14633600340548866,0.0,0.0,-3.4390080102164653,110
2025-09-12 15:00:00,DDPG,0.3535310720919482,0.0,0.0,0.11770240306493918,0.0,0.0,-3.3531072091948166,110
2025-09-12 16:00:00,DDPG,0.3549914648827534,0.0,0.0,0.16638216275844542,0.0,0.0,-3.49914648827534,110
2025-09-12 17:00:00,DDPG,0.3548628183944781,0.0,0.0,0.1620939464826023,0.0,0.0,-3.486281839447808,110
2025-09-12 18:00:00,DDPG,0.35484903655503025,0.0,0.0,0.16163455183434225,0.0,0.0,-3.4849036555030244,110
2025-09-12 19:00:00,DDPG,0.35428763289952725,0.0,0.0,0.1429210966509089,0.0,0.0,-3.428763289952724,110
2025-09-12 20:00:00,DDPG,0.35380786960957455,0.0,0.0,0.12692898698581842,0.0,0.0,-3.3807869609574546,110
2025-09-12 21:00:00,DDPG,0.3533760826486171,0.0,0.0,0.11253608828723714,0.0,0.0,-3.337608264861708,110
2025-09-12 22:00:00,DDPG,0.3529619743837554,0.0,0.0,0.09873247945851348,0.0,0.0,-3.296197438375536,110
2025-09-12 23:00:00,DDPG,0.3525892769453799,0.0,0.0,0.08630923151266218,0.0,0.0,-3.258927694537989,110
2025-09-13 00:00:00,DDPG,0.35252834925084187,0.0,0.0,0.08427830836139522,0.0,0.0,-3.252834925084186,110
2025-09-13 01:00:00,DDPG,0.35217351432575766,0.0,0.0,0.0724504775252555,0.0,0.0,-3.217351432575766,110
2025-09-13 02:00:00,DDPG,0.3518286628931819,0.0,0.0,0.06095542977272999,0.0,0.0,-3.182866289318187,110
2025-09-13 03:00:00,DDPG,0.35179279660386364,0.0,0.0,0.05975988679545594,0.0,0.0,-3.1792796603863636,110
2025-09-13 04:00:00,DDPG,0.35176051694347726,0.0,0.0,0.05868389811590902,0.0,0.0,-3.1760516943477253,110
2025-09-13 05:00:00,DDPG,0.3563079652491295,0.0,0.0,0.21026550830431745,0.0,0.0,-3.630796524912949,110
2025-09-13 06:00:00,DDPG,0.3681751687242165,0.0,0.0,0.6058389574738854,0.0,0.0,-4.817516872421651,110
2025-09-13 07:00:00,DDPG,0.36825365185179487,0.0,0.0,0.6084550617264967,0.0,0.0,-4.8253651851794865,110
2025-09-13 08:00:00,DDPG,0.3692692871136502,1.4901161193847656e-07,0.0,0.6423095704550065,0.0,0.0,-4.926928714345252,110
2025-09-13 09:00:00,DDPG,0.36650085840228513,0.0,0.0,0.5500286134095049,0.0,0.0,-4.65008584171863,110
2025-09-13 10:00:00,DDPG,0.3636522725620566,0.0,0.0,0.45507575206855366,0.0,0.0,-4.365227256205662,110
2025-09-13 11:00:00,DDPG,0.36183554530585094,0.0,0.0,0.39451817686169766,0.0,0.0,-4.183554530585093,110
2025-09-13 12:00:00,DDPG,0.36521049077526585,0.0,0.0,0.5070163591755276,0.0,0.0,-4.521049077526584,110
2025-09-13 13:00:00,DDPG,0.3653754416977392,0.0,0.0,0.512514723257975,0.0,0.0,-4.537544169773922,110
2025-09-13 14:00:00,DDPG,0.36367289752796533,0.0,0.0,0.4557632509321778,0.0,0.0,-4.367289752796532,110
2025-09-13 15:00:00,DDPG,0.3617386077751688,0.0,0.0,0.39128692583895913,0.0,0.0,-4.173860777516881,110
2025-09-13 16:00:00,DDPG,0.3599272469976519,0.0,0.0,0.3309082332550631,0.0,0.0,-3.992724699765188,110
2025-09-13 17:00:00,DDPG,0.35857752229788675,0.0,0.0,0.2859174099295572,0.0,0.0,-3.857752229788675,110
2025-09-13 18:00:00,DDPG,0.35751577006809804,0.0,0.0,0.25052566893660216,0.0,0.0,-3.7515770068098035,110
2025-09-13 19:00:00,DDPG,0.35661119306128825,0.0,0.0,0.22037310204294158,0.0,0.0,-3.661119306128824,110
2025-09-13 20:00:00,DDPG,0.3557970737551594,0.0,0.0,0.19323579183864725,0.0,0.0,-3.579707375515939,110
2025-09-13 21:00:00,DDPG,0.35506436637964345,0.0,0.0,0.16881221265478247,0.0,0.0,-3.5064366379643443,110
2025-09-13 22:00:00,DDPG,0.3543539297416791,0.0,0.0,0.14513099138930416,0.0,0.0,-3.435392974167911,110
2025-09-13 23:00:00,DDPG,0.3537400367675112,0.0,0.0,0.12466789225037332,0.0,0.0,-3.3740036767511192,110
2025-09-14 00:00:00,DDPG,0.3531620330907601,0.0,0.0,0.10540110302533634,0.0,0.0,-3.31620330907601,110
2025-09-14 01:00:00,DDPG,0.3526418297816841,0.0,0.0,0.08806099272280364,0.0,0.0,-3.264182978168412,110
2025-09-14 02:00:00,DDPG,0.3521481468035157,0.0,0.0,0.07160489345052383,0.0,0.0,-3.2148146803515685,110
2025-09-14 03:00:00,DDPG,0.35172933212316415,0.0,0.0,0.057644404105471385,0.0,0.0,-3.1729332123164147,110
2025-09-14 04:00:00,DDPG,0.3577543989108477,0.0,0.0,0.2584799636949228,0.0,0.0,-3.77543989108477,110
2025-09-14 05:00:00,DDPG,0.3589004590197629,0.0,0.0,0.2966819673254307,0.0,0.0,-3.8900459019762916,110
2025-09-14 06:00:00,DDPG,0.3641319131177866,0.0,0.0,0.4710637705928875,0.0,0.0,-4.413191311778658,110
2025-09-14 07:00:00,DDPG,0.36338922180600797,0.0,0.0,0.44630739353359844,0.0,0.0,-4.338922180600796,110
2025-09-14 08:00:00,DDPG,0.3618912996254071,0.0,0.0,0.39637665418023715,0.0,0.0,-4.189129962540711,110
2025-09-14 09:00:00,DDPG,0.35983516966286644,0.0,0.0,0.327838988762214,0.0,0.0,-3.9835169662866434,110
2025-09-14 10:00:00,DDPG,0.3577296526965798,0.0,0.0,0.2576550898859935,1.4210854715202004e-14,0.0,-3.7729652696579796,110
2025-09-14 11:00:00,DDPG,0.35557968742692175,0.0,0.0,0.18598958089739315,0.0,0.0,-3.557968742692175,110
2025-09-14 12:00:00,DDPG,0.3535172186842296,0.0,0.0,0.11724062280765396,0.0,0.0,-3.351721868422958,110
2025-09-14 13:00:00,DDPG,0.35168649681580666,0.0,0.0,0.056216560526888774,0.0,0.0,-3.168649681580665,110
2025-09-14 14:00:00,DDPG,0.350268347134226,0.0,0.0,0.008944904474199688,0.0,0.0,-3.0268347134225992,110
2025-09-14 15:00:00,DDPG,0.349078347134226,0.0,0.0,0.0,0.0,0.0,-2.907834713422597,110
2025-09-14 16:00:00,DDPG,0.34814334713422596,0.0,0.0,0.0,0.0,0.0,-2.8143347134225944,110
2025-09-14 17:00:00,DDPG,0.3474916804675593,0.0,0.0,0.0,0.0,0.0,-2.749168046755929,110
2025-09-14 18:00:00,DDPG,0.34718001380089264,0.0,0.0,0.0,0.0,0.0,-2.7180013800892633,110
2025-09-14 19:00:00,DDPG,0.34692501380089263,0.0,0.0,0.0,0.0,0.0,-2.692501380089263,110
2025-09-14 20:00:00,DDPG,0.34664168046755933,0.0,0.0,0.0,0.0,0.0,-2.6641680467559326,110
2025-09-14 21:00:00,DDPG,0.34635834713422603,0.0,0.0,0.0,0.0,0.0,-2.635834713422602,110
2025-09-14 22:00:00,DDPG,0.34607501380089273,0.0,0.0,0.0,0.0,0.0,-2.607501380089272,110
2025-09-14 23:00:00,DDPG,0.3458200138008927,0.0,0.0,0.0,0.0,0.0,-2.582001380089272,110
2025-09-15 00:00:00,DDPG,0.3455650138008927,0.0,0.0,0.0,0.0,0.0,-2.556501380089271,110
2025-09-15 01:00:00,DDPG,0.3452816804675594,0.0,0.0,0.0,0.0,0.0,-2.5281680467559404,110
2025-09-15 02:00:00,DDPG,0.3449700138008927,0.0,0.0,0.0,0.0,0.0,-2.4970013800892694,110
2025-09-15 03:00:00,DDPG,0.34465834713422605,0.0,0.0,0.0,0.0,0.0,-2.4658347134226046,110
2025-09-15 04:00:00,DDPG,0.34434668046755934,0.0,0.0,0.0,0.0,0.0,-2.4346680467559336,110
2025-09-15 05:00:00,DDPG,0.34406334713422604,0.0,0.0,0.0,0.0,0.0,-2.406334713422603,110
2025-09-15 06:00:00,DDPG,0.34378001380089274,0.0,0.0,0.0,0.0,0.0,-2.378001380089273,110
2025-09-15 07:00:00,DDPG,0.34332668046755943,0.0,0.0,0.0,0.0,0.0,-2.332668046755942,110
2025-09-15 08:00:00,DDPG,0.3424483471342261,0.0,0.0,0.0,0.0,0.0,-2.2448347134226108,110
2025-09-15 09:00:00,DDPG,0.34117334713422615,0.0,0.0,0.0,0.0,0.0,-2.117334713422614,110
2025-09-15 10:00:00,DDPG,0.33961501380089276,0.0,0.0,0.0,0.0,0.0,-1.9615013800892758,110
2025-09-15 11:00:00,DDPG,0.3378300138008928,0.0,0.0,0.0,0.0,0.0,-1.7830013800892774,110
2025-09-15 12:00:00,DDPG,0.33593168046755945,0.0,0.0,0.0,0.0,0.0,-1.593168046755944,110
2025-09-15 13:00:00,DDPG,0.3344233471342261,0.0,0.0,0.0,0.0,0.0,-1.4423347134226105,110
2025-09-15 14:00:00,DDPG,0.3331700138008928,0.0,0.0,0.0,0.0,0.0,-1.3170013800892777,110
2025-09-15 15:00:00,DDPG,0.3319233471342261,0.0,0.0,0.0,0.0,0.0,-1.1923347134226105,110
2025-09-15 16:00:00,DDPG,0.33123668046755944,0.0,0.0,0.0,0.0,0.0,-1.1236680467559435,110
2025-09-15 17:00:00,DDPG,0.3310600138008927,0.0,0.0,0.0,0.0,0.0,-1.106001380089272,110
2025-09-15 18:00:00,DDPG,0.3308050138008927,0.0,0.0,0.0,0.0,0.0,-1.0805013800892715,110
2025-09-15 19:00:00,DDPG,0.3306066804675594,0.0,0.0,0.0,0.0,0.0,-1.0606680467559415,110
2025-09-15 20:00:00,DDPG,0.33038001380089277,0.0,0.0,0.0,0.0,0.0,-1.038001380089276,110
2025-09-15 21:00:00,DDPG,0.3351816804675594,0.0,0.0,0.0,0.0,0.0,-1.518168046755941,110
2025-09-15 22:00:00,DDPG,0.33540168046755936,0.0,0.0,0.0,0.0,0.0,-1.5401680467559355,110
2025-09-15 23:00:00,DDPG,0.33659334713422606,0.0,0.0,0.0,0.0,0.0,-1.6593347134226057,110
2025-09-16 00:00:00,DDPG,0.338118347134226,0.0,0.0,0.0,0.0,0.0,-1.8118347134225998,110
2025-09-16 01:00:00,DDPG,0.33867168046755936,0.0,0.0,0.0,0.0,0.0,-1.8671680467559346,110
2025-09-16 02:00:00,DDPG,0.33850168046755935,0.0,0.0,0.0,0.0,0.0,-1.8501680467559343,110
2025-09-16 03:00:00,DDPG,0.33866501380089264,0.0,0.0,0.0,0.0,0.0,-1.8665013800892636,110
2025-09-16 04:00:00,DDPG,0.33882834713422594,0.0,0.0,0.0,0.0,0.0,-1.882834713422593,110
2025-09-16 05:00:00,DDPG,0.3390200138008926,0.0,0.0,0.0,0.0,0.0,-1.9020013800892577,110
2025-09-16 06:00:00,DDPG,0.3391550138008926,0.0,0.0,0.0,0.0,0.0,-1.9155013800892573,110
2025-09-16 07:00:00,DDPG,0.3387866804675592,0.0,0.0,0.0,0.0,0.0,-1.8786680467559211,110
2025-09-16 08:00:00,DDPG,0.33827001380089256,0.0,0.0,0.0,0.0,0.0,-1.8270013800892548,110
2025-09-16 09:00:00,DDPG,0.3374983471342259,0.0,0.0,0.0,0.0,0.0,-1.7498347134225876,110
2025-09-16 10:00:00,DDPG,0.3365283471342258,0.0,0.0,0.0,0.0,0.0,-1.6528347134225796,110
2025-09-16 11:00:00,DDPG,0.3349133471342258,0.0,0.0,0.0,0.0,0.0,-1.4913347134225816,110
2025-09-16 12:00:00,DDPG,0.33321334713422585,0.0,0.0,0.0,0.0,0.0,-1.321334713422584,110
2025-09-16 13:00:00,DDPG,0.3322650138008925,0.0,0.0,0.0,0.0,0.0,-1.226501380089251,110
2025-09-16 14:00:00,DDPG,0.33096168046755914,0.0,0.0,0.0,0.0,0.0,-1.0961680467559134,110
2025-09-16 15:00:00,DDPG,0.3300483471342258,0.0,0.0,0.0,0.0,0.0,-1.0048347134225812,110
2025-09-16 16:00:00,DDPG,0.32914168046755915,0.0,0.0,0.0,0.0,0.0,-0.9141680467559143,110
2025-09-16 17:00:00,DDPG,0.3285750138008925,0.0,0.0,0.0,0.0,0.0,-0.8575013800892481,110
2025-09-16 18:00:00,DDPG,0.3282633471342258,0.0,0.0,0.0,0.0,0.0,-0.8263347134225771,110
2025-09-16 19:00:00,DDPG,0.3280366804675591,0.0,0.0,0.0,0.0,0.0,-0.8036680467559121,110
2025-09-16 20:00:00,DDPG,0.3277816804675591,0.0,0.0,0.0,0.0,0.0,-0.7781680467559116,110
2025-09-16 21:00:00,DDPG,0.3274983471342258,0.0,0.0,0.0,0.0,0.0,-0.7498347134225813,110
2025-09-16 22:00:00,DDPG,0.3271866804675591,0.0,0.0,0.0,0.0,0.0,-0.7186680467559103,110
2025-09-16 23:00:00,DDPG,0.32687501380089246,0.0,0.0,0.0,0.0,0.0,-0.6875013800892447,110
2025-09-17 00:00:00,DDPG,0.3268966804675591,0.0,0.0,0.0,0.0,0.0,-0.6896680467559091,110
2025-09-17 01:00:00,DDPG,0.32997501380089245,0.0,0.0,0.0,0.0,0.0,-0.9975013800892443,110
2025-09-17 02:00:00,DDPG,0.33202501380089244,0.0,0.0,0.0,0.0,0.0,-1.2025013800892435,110
2025-09-17 03:00:00,DDPG,0.33238001380089244,0.0,0.0,0.0,0.0,0.0,-1.2380013800892433,110
2025-09-17 04:00:00,DDPG,0.33209668046755914,0.0,0.0,0.0,0.0,0.0,-1.2096680467559127,110
2025-09-17 05:00:00,DDPG,0.3318700138008925,0.0,0.0,0.0,0.0,0.0,-1.1870013800892476,110
2025-09-17 06:00:00,DDPG,0.3323100138008925,0.0,0.0,0.0,0.0,0.0,-1.2310013800892472,110
2025-09-17 07:00:00,DDPG,0.3332750138008925,0.0,0.0,0.0,0.0,0.0,-1.3275013800892466,110
2025-09-17 08:00:00,DDPG,0.33262334713422587,0.0,0.0,0.0,0.0,0.0,-1.262334713422586,110
2025-09-17 09:00:00,DDPG,0.3323266804675592,0.0,0.0,0.0,0.0,0.0,-1.2326680467559195,110
2025-09-17 10:00:00,DDPG,0.3336966804675592,0.0,0.0,0.0,0.0,0.0,-1.3696680467559172,110
2025-09-17 11:00:00,DDPG,0.34064834713422587,0.0,0.0,0.0,0.0,0.0,-2.064834713422586,110
2025-09-17 12:00:00,DDPG,0.3393166804675592,0.0,0.0,0.0,0.0,0.0,-1.9316680467559189,110
2025-09-17 13:00:00,DDPG,0.33792834713422587,0.0,0.0,0.0,0.0,0.0,-1.7928347134225864,110
2025-09-17 14:00:00,DDPG,0.33662501380089255,0.0,0.0,0.0,0.0,0.0,-1.662501380089254,110
2025-09-17 15:00:00,DDPG,0.3355200138008925,0.0,0.0,0.0,0.0,0.0,-1.5520013800892518,110
2025-09-17 16:00:00,DDPG,0.3462300138008925,0.0,0.0,0.0,0.0,0.0,-2.623001380089251,110
2025-09-17 17:00:00,DDPG,0.3468900138008925,0.0,0.0,0.0,0.0,0.0,-2.689001380089251,110
2025-09-17 18:00:00,DDPG,0.3470250138008925,0.0,0.0,0.0,0.0,0.0,-2.7025013800892506,110
2025-09-17 19:00:00,DDPG,0.3471883471342258,0.0,0.0,0.0,0.0,0.0,-2.71883471342258,110
2025-09-17 20:00:00,DDPG,0.35126751242080323,0.0,0.0,0.04225041402677335,0.0,0.0,-3.1267512420803225,110
2025-09-17 21:00:00,DDPG,0.3525132611787229,0.0,0.0,0.08377537262409618,0.0,0.0,-3.2513261178722885,110
2025-09-17 22:00:00,DDPG,0.3545344350608506,0.0,0.0,0.1511478353616866,0.0,0.0,-3.4534435060850575,110
2025-09-17 23:00:00,DDPG,0.35635349155476553,0.0,0.0,0.21178305182551754,0.0,0.0,-3.6353491554765522,110
2025-09-18 00:00:00,DDPG,0.35559064239928895,0.0,0.0,0.1863547466429651,0.0,0.0,-3.559064239928894,110
2025-09-18 01:00:00,DDPG,0.35575307815936,0.0,0.0,0.1917692719786686,0.0,0.0,-3.575307815936002,110
2025-09-18 02:00:00,DDPG,0.35589927034342406,0.0,0.0,0.1966423447808012,0.0,0.0,-3.589927034342405,110
2025-09-18 03:00:00,DDPG,0.35785634330908167,0.0,0.0,0.26187811030272173,0.0,0.0,-3.7856343309081666,110
2025-09-18 04:00:00,DDPG,0.3574667089781735,0.0,0.0,0.2488902992724505,0.0,0.0,-3.74667089781735,110
2025-09-18 05:00:00,DDPG,0.35681603808035617,0.0,0.0,0.22720126934520551,0.0,0.0,-3.681603808035616,110
2025-09-18 06:00:00,DDPG,0.35587943427232055,0.0,0.0,0.195981142410686,0.0,0.0,-3.5879434272320543,110
2025-09-18 07:00:00,DDPG,0.3549599908450885,0.0,0.0,0.1653330281696171,0.0,0.0,-3.495999084508849,110
2025-09-18 08:00:00,DDPG,0.35455399176057967,0.0,0.0,0.15179972535265593,0.0,0.0,-3.4553991760579663,110
2025-09-18 09:00:00,DDPG,0.35383159258452174,0.0,0.0,0.12771975281739004,0.0,0.0,-3.3831592584521726,110
2025-09-18 10:00:00,DDPG,0.3591049333260696,0.0,0.0,0.3034977775356524,0.0,0.0,-3.910493332606957,110
2025-09-18 11:00:00,DDPG,0.37615693999346256,0.0,0.0,0.8718979997820867,0.0,0.0,-5.615693999346255,110
2025-09-18 12:00:00,DDPG,0.3763822459941163,0.0,0.0,0.8794081998038763,0.0,0.0,-5.638224599411629,110
2025-09-18 13:00:00,DDPG,0.37850652139470464,0.0,0.0,0.9502173798234879,0.0,0.0,-5.850652139470464,110
2025-09-18 14:00:00,DDPG,0.38064786925523414,0.0,0.0,1.0215956418411396,0.0,0.0,-6.064786925523414,110
2025-09-18 15:00:00,DDPG,0.39040058232971075,0.0,0.0,1.3466860776570257,0.0,0.0,-7.040058232971074,110
2025-09-18 16:00:00,DDPG,0.3881290240967397,0.0,0.0,1.2709674698913234,0.0,0.0,-6.8129024096739705,110
2025-09-18 17:00:00,DDPG,0.39363562168706573,0.0,0.0,1.4545207229021913,0.0,0.0,-7.363562168706572,110
2025-09-18 18:00:00,DDPG,0.39296805951835917,0.0,0.0,1.4322686506119724,0.0,0.0,-7.296805951835916,110
2025-09-18 19:00:00,DDPG,0.3951437535665232,0.0,0.0,1.5047917855507749,0.0,0.0,-7.5143753566523195,110
2025-09-18 20:00:00,DDPG,0.39307437820987096,0.0,0.0,1.4358126069956982,0.0,0.0,-7.307437820987095,110
2025-09-18 21:00:00,DDPG,0.3909119403888838,0.0,0.0,1.363731346296129,0.0,0.0,-7.091194038888382,110
2025-09-18 22:00:00,DDPG,0.3872422463499955,0.0,0.0,1.2414082116665157,0.0,0.0,-6.724224634999548,110
2025-09-18 23:00:00,DDPG,0.38393952171499596,0.0,0.0,1.131317390499865,0.0,0.0,-6.3939521714995955,110
2025-09-19 00:00:00,DDPG,0.3821670695434964,0.0,0.0,1.0722356514498785,0.0,0.0,-6.216706954349638,110
2025-09-19 01:00:00,DDPG,0.3805718625891467,0.0,0.0,1.0190620863048907,0.0,0.0,-6.057186258914671,110
2025-09-19 02:00:00,DDPG,0.37733617633023203,0.0,0.0,0.9112058776744022,0.0,0.0,-5.7336176330232025,110
2025-09-19 03:00:00,DDPG,0.37444955869720886,0.0,0.0,0.8149852899069615,0.0,0.0,-5.444955869720886,110
2025-09-19 04:00:00,DDPG,0.37185160282748797,0.0,0.0,0.7283867609162655,0.0,0.0,-5.185160282748797,110
2025-09-19 05:00:00,DDPG,0.3694879425447392,0.0,0.0,0.649598084824639,0.0,0.0,-4.9487942544739205,110
2025-09-19 06:00:00,DDPG,0.3673096482902653,0.0,0.0,0.5769882763421762,0.0,0.0,-4.730964829026529,110
2025-09-19 07:00:00,DDPG,0.36524718346123874,0.0,0.0,0.5082394487079583,0.0,0.0,-4.524718346123874,110
2025-09-19 08:00:00,DDPG,0.3631869651151149,0.0,0.0,0.4395655038371629,0.0,0.0,-4.318696511511488,110
2025-09-19 09:00:00,DDPG,0.36120526860360336,0.0,0.0,0.3735089534534467,0.0,0.0,-4.120526860360335,110
2025-09-19 10:00:00,DDPG,0.35946674174324306,0.0,0.0,0.31555805810810117,0.0,0.0,-3.946674174324305,110
2025-09-19 11:00:00,DDPG,0.3581765675689188,0.0,0.0,0.27255225229729235,0.0,0.0,-3.8176567568918793,110
2025-09-19 12:00:00,DDPG,0.35631341081202694,0.0,0.0,0.2104470270675634,0.0,0.0,-3.6313410812026934,110
2025-09-19 13:00:00,DDPG,0.3546875697308242,0.0,0.0,0.15625232436080694,0.0,0.0,-3.468756973082421,110
2025-09-19 14:00:00,DDPG,0.3529948127577418,0.0,0.0,0.09982709192472612,0.0,0.0,-3.2994812757741796,110
2025-09-19 15:00:00,DDPG,0.3516498314819676,0.0,0.0,0.054994382732253655,1.4210854715202004e-14,0.0,-3.164983148196759,110
2025-09-19 16:00:00,DDPG,0.35069434833377083,0.0,0.0,0.02314494445902824,0.0,0.0,-3.0694348333770822,110
2025-09-19 17:00:00,DDPG,0.3501914135003938,0.0,0.0,0.006380450013125483,0.0,0.0,-3.0191413500393782,110
2025-09-19 18:00:00,DDPG,0.34999308016706043,0.0,0.0,0.0,0.0,0.0,-2.999308016706043,110
2025-09-19 19:00:00,DDPG,0.3498797468337271,0.0,0.0,0.0,0.0,0.0,-2.987974683372707,110
2025-09-19 20:00:00,DDPG,0.3497380801670604,0.0,0.0,0.0,0.0,0.0,-2.9738080167060366,110
2025-09-19 21:00:00,DDPG,0.3495964135003937,0.0,0.0,0.0,0.0,0.0,-2.9596413500393712,110
2025-09-19 22:00:00,DDPG,0.349454746833727,0.0,0.0,0.0,0.0,0.0,-2.9454746833727006,110
2025-09-19 23:00:00,DDPG,0.34931308016706036,0.0,0.0,0.0,0.0,0.0,-2.9313080167060352,110
2025-09-20 00:00:00,DDPG,0.34917141350039366,0.0,0.0,0.0,0.0,0.0,-2.9171413500393655,110
2025-09-20 01:00:00,DDPG,0.34900141350039365,0.0,0.0,0.0,0.0,0.0,-2.9001413500393642,110
2025-09-20 02:00:00,DDPG,0.34883141350039365,0.0,0.0,0.0,0.0,0.0,-2.883141350039365,110
2025-09-20 03:00:00,DDPG,0.348689746833727,0.0,0.0,0.0,0.0,0.0,-2.8689746833726995,110
2025-09-20 04:00:00,DDPG,0.3485480801670603,0.0,0.0,0.0,0.0,0.0,-2.854808016706029,110
2025-09-20 05:00:00,DDPG,0.34840641350039364,0.0,0.0,0.0,0.0,0.0,-2.8406413500393635,110
2025-09-20 06:00:00,DDPG,0.34823641350039364,0.0,0.0,0.0,0.0,0.0,-2.823641350039363,110
2025-09-20 07:00:00,DDPG,0.3478680801670603,0.0,0.0,0.0,0.0,0.0,-2.7868080167060274,110
2025-09-20 08:00:00,DDPG,0.3470464135003936,0.0,0.0,0.0,0.0,0.0,-2.7046413500393607,110
2025-09-20 09:00:00,DDPG,0.345799746833727,0.0,0.0,0.0,0.0,0.0,-2.579974683372699,110
2025-09-20 10:00:00,DDPG,0.3442414135003936,0.0,0.0,0.0,0.0,0.0,-2.4241413500393607,110
2025-09-20 11:00:00,DDPG,0.34245641350039363,0.0,0.0,0.0,0.0,0.0,-2.245641350039362,110
2025-09-20 12:00:00,DDPG,0.3405580801670603,0.0,0.0,0.0,0.0,0.0,-2.0558080167060293,110
2025-09-20 13:00:00,DDPG,0.33874474683372696,0.0,0.0,0.0,0.0,0.0,-1.8744746833726955,110
2025-09-20 14:00:00,DDPG,0.33707308016706033,0.0,0.0,0.0,0.0,0.0,-1.7073080167060328,110
2025-09-20 15:00:00,DDPG,0.335684746833727,0.0,0.0,0.0,0.0,0.0,-1.5684746833727004,110
2025-09-20 16:00:00,DDPG,0.334664746833727,0.0,0.0,0.0,0.0,0.0,-1.4664746833726983,110
2025-09-20 17:00:00,DDPG,0.3340414135003937,0.0,0.0,0.0,0.0,0.0,-1.4041413500393674,110
2025-09-20 18:00:00,DDPG,0.33372974683372697,0.0,0.0,0.0,0.0,0.0,-1.3729746833726963,110
2025-09-20 19:00:00,DDPG,0.33344641350039367,0.0,0.0,0.0,0.0,0.0,-1.3446413500393661,110
2025-09-20 20:00:00,DDPG,0.33319141350039366,0.0,0.0,0.0,0.0,0.0,-1.3191413500393656,110
2025-09-20 21:00:00,DDPG,0.3329364135003937,0.0,0.0,0.0,0.0,0.0,-1.2936413500393709,110
2025-09-20 22:00:00,DDPG,0.33270974683372706,0.0,0.0,0.0,0.0,0.0,-1.2709746833727054,110
2025-09-20 23:00:00,DDPG,0.3324830801670604,0.0,0.0,0.0,0.0,0.0,-1.2483080167060399,110
2025-09-21 00:00:00,DDPG,0.3322564135003937,0.0,0.0,0.0,0.0,0.0,-1.2256413500393695,110
2025-09-21 01:00:00,DDPG,0.33202974683372705,0.0,0.0,0.0,0.0,0.0,-1.202974683372704,110
2025-09-21 02:00:00,DDPG,0.33183141350039375,0.0,0.0,0.0,0.0,0.0,-1.183141350039374,110
2025-09-21 03:00:00,DDPG,0.3316047468337271,0.0,0.0,0.0,0.0,0.0,-1.1604746833727084,110
2025-09-21 04:00:00,DDPG,0.33137808016706044,0.0,0.0,0.0,0.0,0.0,-1.1378080167060434,110
2025-09-21 05:00:00,DDPG,0.33115141350039373,0.0,0.0,0.0,0.0,0.0,-1.1151413500393725,110
2025-09-21 06:00:00,DDPG,0.3308964135003938,0.0,0.0,0.0,0.0,0.0,-1.0896413500393773,110
2025-09-21 07:00:00,DDPG,0.3304430801670604,0.0,0.0,0.0,0.0,0.0,-1.0443080167060415,110
2025-09-21 08:00:00,DDPG,0.3296214135003938,0.0,0.0,0.0,0.0,0.0,-0.9621413500393805,110
2025-09-21 09:00:00,DDPG,0.3284314135003938,0.0,0.0,0.0,0.0,0.0,-0.8431413500393781,110
2025-09-21 10:00:00,DDPG,0.32695808016706046,0.0,0.0,0.0,0.0,0.0,-0.6958080167060454,110
2025-09-21 11:00:00,DDPG,0.32528641350039383,0.0,0.0,0.0,0.0,0.0,-0.5286413500393827,110
2025-09-21 12:00:00,DDPG,0.32419641350039385,0.0,0.0,0.0,0.0,0.0,-0.4196413500393845,110
2025-09-21 13:00:00,DDPG,0.3225247468337272,0.0,0.0,0.0,0.0,0.0,-0.2524746833727223,110
2025-09-21 14:00:00,DDPG,0.32096641350039384,0.0,0.0,0.0,0.0,0.0,-0.09664135003938368,110
2025-09-21 15:00:00,DDPG,0.3197764135003939,0.0,0.0,0.0,0.0,0.0,2.0,110
2025-09-21 16:00:00,DDPG,0.3188130801670605,0.0,0.0,0.0,0.0,0.0,2.0,110
2025-09-21 17:00:00,DDPG,0.3188564135003939,0.0,0.0,0.0,0.0,0.0,2.0,110
2025-09-21 18:00:00,DDPG,0.31918308016706054,0.0,0.0,0.0,0.0,0.0,2.0,110
2025-09-21 19:00:00,DDPG,0.31959474683372724,0.0,0.0,0.0,0.0,0.0,2.0,110
2025-09-21 20:00:00,DDPG,0.31964474683372723,0.0,0.0,0.0,0.0,0.0,2.0,110
2025-09-21 21:00:00,DDPG,0.31938974683372723,0.0,0.0,0.0,0.0,0.0,2.0,110
2025-09-21 22:00:00,DDPG,0.3191630801670606,0.0,0.0,0.0,0.0,0.0,2.0,110
2025-09-21 23:00:00,DDPG,0.3189080801670606,0.0,0.0,0.0,0.0,0.0,2.0,110
2025-09-22 00:00:00,DDPG,0.3186530801670606,0.0,0.0,0.0,0.0,0.0,2.0,110
2025-09-22 01:00:00,DDPG,0.3183697468337273,0.0,0.0,0.0,0.0,0.0,2.0,110
2025-09-22 02:00:00,DDPG,0.31814308016706067,0.0,0.0,0.0,0.0,0.0,2.0,110
2025-09-22 03:00:00,DDPG,0.3179447468337273,0.0,0.0,0.0,0.0,0.0,2.0,110
2025-09-22 04:00:00,DDPG,0.31771808016706066,0.0,0.0,0.0,0.0,0.0,2.0,110
2025-09-22 05:00:00,DDPG,0.317491413500394,0.0,0.0,0.0,0.0,0.0,2.0,110
2025-09-22 06:00:00,DDPG,0.317236413500394,0.0,0.0,0.0,0.0,0.0,2.0,110
2025-09-22 07:00:00,DDPG,0.31683974683372734,0.0,0.0,0.0,0.0,0.0,2.0,110
2025-09-22 08:00:00,DDPG,0.3160747468337273,0.0,0.0,0.0,0.0,0.0,2.0,110
2025-09-22 09:00:00,DDPG,0.31505474683372736,0.0,0.0,0.0,0.0,0.0,2.0,110
2025-09-22 10:00:00,DDPG,0.31386474683372734,0.0,0.0,0.0,0.0,0.0,2.0,110
2025-09-22 11:00:00,DDPG,0.31267474683372737,0.0,0.0,0.0,0.0,0.0,2.0,110
2025-09-22 12:00:00,DDPG,0.3113430801670607,0.0,0.0,0.0,0.0,0.0,2.0,110
2025-09-22 13:00:00,DDPG,0.30989808016706066,0.0,0.0,0.0,0.0,0.0,2.0,110
2025-09-22 14:00:00,DDPG,0.30876474683372734,0.0,0.0,0.0,0.0,0.0,2.0,110
2025-09-22 15:00:00,DDPG,0.3079430801670607,0.0,0.0,0.0,0.0,0.0,2.0,110
2025-09-22 16:00:00,DDPG,0.3072347468337273,0.0,0.0,0.0,0.0,0.0,2.0,110
2025-09-22 17:00:00,DDPG,0.30666808016706065,0.0,0.0,0.0,0.0,0.0,2.0,110
2025-09-22 18:00:00,DDPG,0.30624308016706064,0.0,0.0,0.0,0.0,0.0,2.0,110
2025-09-22 19:00:00,DDPG,0.305846413500394,0.0,0.0,0.0,0.0,0.0,2.0,110
2025-09-22 20:00:00,DDPG,0.305506413500394,0.0,0.0,0.0,0.0,0.0,2.0,110
2025-09-22 21:00:00,DDPG,0.305166413500394,0.0,0.0,0.0,0.0,0.0,2.0,110
2025-09-22 22:00:00,DDPG,0.30485474683372726,0.0,0.0,0.0,0.0,0.0,2.0,110
2025-09-22 23:00:00,DDPG,0.3045430801670606,0.0,0.0,0.0,0.0,0.0,2.0,110
2025-09-23 00:00:00,DDPG,0.3042314135003939,0.0,0.0,0.0,0.0,0.0,2.0,110
2025-09-23 01:00:00,DDPG,0.3039480801670606,0.0,0.0,0.0,0.0,0.0,2.0,110
2025-09-23 02:00:00,DDPG,0.3036930801670606,0.0,0.0,0.0,0.0,0.0,2.0,110
2025-09-23 03:00:00,DDPG,0.30346641350039394,0.0,0.0,0.0,0.0,0.0,2.0,110
2025-09-23 04:00:00,DDPG,0.3032397468337273,0.0,0.0,0.0,0.0,0.0,2.0,110
2025-09-23 05:00:00,DDPG,0.30301308016706063,0.0,0.0,0.0,0.0,0.0,2.0,110
2025-09-23 06:00:00,DDPG,0.30275808016706063,0.0,0.0,0.0,0.0,0.0,2.0,110
2025-09-23 07:00:00,DDPG,0.3023047468337273,0.0,0.0,0.0,0.0,0.0,2.0,110
2025-09-23 08:00:00,DDPG,0.3015397468337273,0.0,0.0,0.0,0.0,0.0,2.0,110
2025-09-23 09:00:00,DDPG,0.3004630801670607,0.0,0.0,0.0,0.0,0.0,2.0,110
2025-09-23 10:00:00,DDPG,0.299216413500394,0.0,0.0,0.0,0.0,0.0,2.0,110
2025-09-23 11:00:00,DDPG,0.29785641350039405,0.0,0.0,0.0,0.0,0.0,2.0,110
2025-09-23 12:00:00,DDPG,0.29655308016706067,0.0,0.0,0.0,0.0,0.0,2.0,110
2025-09-23 13:00:00,DDPG,0.2951930801670607,0.0,0.0,0.0,0.0,0.0,2.0,110
2025-09-23 14:00:00,DDPG,0.29380474683372737,0.0,0.0,0.0,0.0,0.0,2.0,110
2025-09-23 15:00:00,DDPG,0.29261474683372735,0.0,0.0,0.0,0.0,0.0,2.0,110
2025-09-23 16:00:00,DDPG,0.2917080801670607,0.0,0.0,0.0,0.0,0.0,2.0,110
2025-09-23 17:00:00,DDPG,0.29114141350039396,0.0,0.0,0.0,0.0,0.0,2.0,110
2025-09-23 18:00:00,DDPG,0.29080141350039396,0.0,0.0,0.0,0.0,0.0,2.0,110
2025-09-23 19:00:00,DDPG,0.29051808016706065,0.0,0.0,0.0,0.0,0.0,2.0,110
2025-09-23 20:00:00,DDPG,0.29017808016706065,0.0,0.0,0.0,0.0,0.0,2.0,110
2025-09-23 21:00:00,DDPG,0.28986641350039394,0.0,0.0,0.0,0.0,0.0,2.0,110
2025-09-23 22:00:00,DDPG,0.28958308016706064,0.0,0.0,0.0,0.0,0.0,2.0,110
2025-09-23 23:00:00,DDPG,0.28929974683372733,0.0,0.0,0.0,0.0,0.0,2.0,110
2025-09-24 00:00:00,DDPG,0.28901641350039403,0.0,0.0,0.0,0.0,0.0,2.0,110
2025-09-24 01:00:00,DDPG,0.28873308016706073,0.0,0.0,0.0,0.0,0.0,2.0,110
2025-09-24 02:00:00,DDPG,0.2884497468337274,0.0,0.0,0.0,0.0,0.0,2.0,110
2025-09-24 03:00:00,DDPG,0.28816641350039407,0.0,0.0,0.0,0.0,0.0,2.0,110
2025-09-24 04:00:00,DDPG,0.28788308016706077,0.0,0.0,0.0,0.0,0.0,2.0,110
2025-09-24 05:00:00,DDPG,0.2876280801670608,0.0,0.0,0.0,0.0,0.0,2.0,110
2025-09-24 06:00:00,DDPG,0.2873730801670608,0.0,0.0,0.0,0.0,0.0,2.0,110
2025-09-24 07:00:00,DDPG,0.2869197468337275,0.0,0.0,0.0,0.0,0.0,2.0,110
2025-09-24 08:00:00,DDPG,0.28612641350039414,0.0,0.0,0.0,0.0,0.0,2.0,110
2025-09-24 09:00:00,DDPG,0.2873830801670609,0.0,0.0,0.0,0.0,0.0,2.0,110
2025-09-24 10:00:00,DDPG,0.28593808016706085,0.0,0.0,0.0,0.0,0.0,2.0,110
2025-09-24 11:00:00,DDPG,0.28432308016706087,0.0,0.0,0.0,0.0,0.0,2.0,110
2025-09-24 12:00:00,DDPG,0.28259474683372754,0.0,0.0,0.0,0.0,0.0,2.0,110
2025-09-24 13:00:00,DDPG,0.2808947468337275,0.0,0.0,0.0,0.0,0.0,2.0,110
2025-09-24 14:00:00,DDPG,0.2793930801670608,0.0,0.0,0.0,0.0,0.0,2.0,110
2025-09-24 15:00:00,DDPG,0.2781747468337275,0.0,0.0,0.0,0.0,0.0,2.0,110
2025-09-24 16:00:00,DDPG,0.2772114135003942,0.0,0.0,0.0,0.0,0.0,2.0,110
2025-09-24 17:00:00,DDPG,0.2765880801670608,0.0,0.0,0.0,0.0,0.0,2.0,110
2025-09-24 18:00:00,DDPG,0.27619141350039417,0.0,0.0,0.0,0.0,0.0,2.0,110
2025-09-24 19:00:00,DDPG,0.2758797468337275,0.0,0.0,0.0,0.0,0.0,2.0,110
2025-09-24 20:00:00,DDPG,0.27551141350039415,0.0,0.0,0.0,0.0,0.0,2.0,110
2025-09-24 21:00:00,DDPG,0.2751430801670608,0.0,0.0,0.0,0.0,0.0,2.0,110
2025-09-24 22:00:00,DDPG,0.2747747468337275,0.0,0.0,0.0,0.0,0.0,2.0,110
2025-09-24 23:00:00,DDPG,0.2744347468337275,0.0,0.0,0.0,0.0,0.0,2.0,110
2025-09-25 00:00:00,DDPG,0.27473308016706083,0.0,0.0,0.0,0.0,0.0,2.0,110
2025-09-25 01:00:00,DDPG,0.2754214135003941,0.0,0.0,0.0,0.0,0.0,2.0,110
2025-09-25 02:00:00,DDPG,0.2765280801670608,0.0,0.0,0.0,0.0,0.0,2.0,110
2025-09-25 03:00:00,DDPG,0.2765780801670608,0.0,0.0,0.0,0.0,0.0,2.0,110
2025-09-25 04:00:00,DDPG,0.2762380801670608,0.0,0.0,0.0,0.0,0.0,2.0,110
2025-09-25 05:00:00,DDPG,0.2783164139970995,1.4901161193847656e-07,0.0,0.0,0.0,0.0,1.9999999970197677,110
2025-09-25 06:00:00,DDPG,0.27839474733043285,0.0,0.0,0.0,0.0,0.0,1.999999998509884,110
2025-09-25 07:00:00,DDPG,0.2780264139970995,0.0,0.0,0.0,0.0,0.0,2.0,110
2025-09-25 08:00:00,DDPG,0.2778214139970995,0.0,0.0,0.0,0.0,0.0,2.0,110
2025-09-25 09:00:00,DDPG,0.28288641399709946,0.0,0.0,0.0,0.0,0.0,2.0,110
2025-09-25 10:00:00,DDPG,0.28373141399709945,0.0,0.0,0.0,0.0,0.0,2.0,110
2025-09-25 11:00:00,DDPG,0.2835414139970995,0.0,0.0,0.0,0.0,0.0,2.0,110
2025-09-25 12:00:00,DDPG,0.2828614149905102,2.980232238769531e-07,0.0,0.0,0.0,0.0,1.9999999940395354,110
2025-09-25 13:00:00,DDPG,0.2819830816571769,0.0,0.0,0.0,0.0,0.0,1.9999999970197677,110
2025-09-25 14:00:00,DDPG,0.28130308165717693,0.0,0.0,0.0,0.0,0.0,2.0,110
2025-09-25 15:00:00,DDPG,0.2808214149905103,0.0,0.0,0.0,0.0,0.0,2.0,110
2025-09-25 16:00:00,DDPG,0.28039641548721567,1.4901161193847656e-07,0.0,0.0,0.0,0.0,1.9999999970197677,110
2025-09-25 17:00:00,DDPG,0.28011308215388236,0.0,0.0,0.0,0.0,0.0,1.999999998509884,110
2025-09-25 18:00:00,DDPG,0.2798864154872157,0.0,0.0,0.0,0.0,0.0,2.0,110
2025-09-25 19:00:00,DDPG,0.27965974882054906,0.0,0.0,0.0,0.0,0.0,2.0,110
2025-09-25 20:00:00,DDPG,0.27943308215388235,0.0,0.0,0.0,0.0,0.0,2.0,110
2025-09-25 21:00:00,DDPG,0.2792064154872157,0.0,0.0,0.0,0.0,0.0,2.0,110
2025-09-25 22:00:00,DDPG,0.2788380821538824,0.0,0.0,0.0,0.0,0.0,2.0,110
2025-09-25 23:00:00,DDPG,0.2784980821538824,0.0,0.0,0.0,0.0,0.0,2.0,110
2025-09-26 00:00:00,DDPG,0.2784914154872157,0.0,0.0,0.0,0.0,0.0,2.0,110
2025-09-26 01:00:00,DDPG,0.27848474882054897,0.0,0.0,0.0,0.0,0.0,2.0,110
2025-09-26 02:00:00,DDPG,0.27883974882054896,0.0,0.0,0.0,0.0,0.0,2.0,110
2025-09-26 03:00:00,DDPG,0.27852808215388225,0.0,0.0,0.0,0.0,0.0,2.0,110
2025-09-26 04:00:00,DDPG,0.2782164154872156,0.0,0.0,0.0,0.0,0.0,2.0,110
2025-09-26 05:00:00,DDPG,0.2782097488205489,0.0,0.0,0.0,0.0,0.0,2.0,110
2025-09-26 06:00:00,DDPG,0.2782030821538822,0.0,0.0,0.0,0.0,0.0,2.0,110
2025-09-26 07:00:00,DDPG,0.2781397488205488,0.0,0.0,0.0,0.0,0.0,2.0,110
2025-09-26 08:00:00,DDPG,0.27754474882054886,0.0,0.0,0.0,0.0,0.0,2.0,110
2025-09-26 09:00:00,DDPG,0.27669474882054884,0.0,0.0,0.0,0.0,0.0,2.0,110
2025-09-26 10:00:00,DDPG,0.27590141548721553,0.0,0.0,0.0,0.0,0.0,2.0,110
2025-09-26 11:00:00,DDPG,0.27499474882054886,0.0,0.0,0.0,0.0,0.0,2.0,110
2025-09-26 12:00:00,DDPG,0.27427974882054884,0.0,0.0,0.0,0.0,0.0,2.0,110
2025-09-26 13:00:00,DDPG,0.2735080821538821,0.0,0.0,0.0,0.0,0.0,2.0,110
2025-09-26 14:00:00,DDPG,0.2730480826505875,1.4901161193847656e-07,0.0,0.0,0.0,0.0,1.9999999970197677,110
2025-09-26 15:00:00,DDPG,0.27275808314729283,1.4901161193847656e-07,0.0,0.0,0.0,0.0,1.999999998509884,110
2025-09-26 16:00:00,DDPG,0.27327641697733157,1.4901161193847656e-07,0.0,0.0,0.0,0.0,1.999999998509884,110
2025-09-26 17:00:00,DDPG,0.2752697522974864,5.960464477539062e-07,0.0,0.0,0.0,0.0,1.9999999895691871,110
2025-09-26 18:00:00,DDPG,0.27637641946085845,1.4901161193847656e-07,0.0,0.0,0.0,0.0,1.9999999940395354,110
2025-09-26 19:00:00,DDPG,0.27653975279419174,0.0,0.0,0.0,0.0,0.0,1.999999998509884,110
2025-09-26 20:00:00,DDPG,0.2762847527941918,0.0,0.0,0.0,0.0,0.0,2.0,110
2025-09-26 21:00:00,DDPG,0.2760297527941918,0.0,0.0,0.0,0.0,0.0,2.0,110
2025-09-26 22:00:00,DDPG,0.2757464194608585,0.0,0.0,0.0,0.0,0.0,2.0,110
2025-09-26 23:00:00,DDPG,0.2754347527941918,0.0,0.0,0.0,0.0,0.0,2.0,110
2025-09-27 00:00:00,DDPG,0.2751230861275251,0.0,0.0,0.0,0.0,0.0,2.0,110
2025-09-27 01:00:00,DDPG,0.2748397527941918,0.0,0.0,0.0,0.0,0.0,2.0,110
2025-09-27 02:00:00,DDPG,0.27455641946085846,0.0,0.0,0.0,0.0,0.0,2.0,110
2025-09-27 03:00:00,DDPG,0.2742447527941918,0.0,0.0,0.0,0.0,0.0,2.0,110
2025-09-27 04:00:00,DDPG,0.2742380861275251,0.0,0.0,0.0,0.0,0.0,2.0,110
2025-09-27 05:00:00,DDPG,0.27434475279419174,0.0,0.0,0.0,0.0,0.0,2.0,110
2025-09-27 06:00:00,DDPG,0.27506141946085844,0.0,0.0,0.0,0.0,0.0,2.0,110
2025-09-27 07:00:00,DDPG,0.2747497527941917,0.0,0.0,0.0,0.0,0.0,2.0,110
2025-09-27 08:00:00,DDPG,0.28018308811434656,5.960464477539062e-07,0.0,0.0,0.0,0.0,1.999999988079071,110
2025-09-27 09:00:00,DDPG,0.2797797547810132,0.0,0.0,0.0,0.0,0.0,1.9999999940395354,110
2025-09-27 10:00:00,DDPG,0.280319755774424,2.980232238769531e-07,0.0,0.0,0.0,0.0,1.9999999940395354,110
2025-09-27 11:00:00,DDPG,0.2800230891077573,0.0,0.0,0.0,0.0,0.0,1.9999999970197677,110
2025-09-27 12:00:00,DDPG,0.27905975577442393,0.0,0.0,0.0,0.0,0.0,2.0,110
2025-09-27 13:00:00,DDPG,0.27906808910775727,0.0,0.0,0.0,0.0,0.0,2.0,110
2025-09-27 14:00:00,DDPG,0.28227475577442396,0.0,0.0,0.0,0.0,0.0,2.0,110
2025-09-27 15:00:00,DDPG,0.28220475577442394,0.0,0.0,0.0,0.0,0.0,2.0,110
2025-09-27 16:00:00,DDPG,0.281553090101168,2.980232238769531e-07,0.0,0.0,0.0,0.0,1.9999999940395354,110
2025-09-27 17:00:00,DDPG,0.28418476024477235,1.043081283569336e-06,0.0,0.0,0.0,0.0,1.9999999821186065,110
2025-09-27 18:00:00,DDPG,0.28423476024477234,0.0,0.0,0.0,0.0,0.0,1.9999999895691871,110
2025-09-27 19:00:00,DDPG,0.2846180935781057,0.0,0.0,0.0,0.0,0.0,2.0,110
2025-09-27 20:00:00,DDPG,0.28430642691143904,0.0,0.0,0.0,0.0,0.0,2.0,110
2025-09-27 21:00:00,DDPG,0.28405142691143903,0.0,0.0,0.0,0.0,0.0,2.0,110
2025-09-27 22:00:00,DDPG,0.2837397602447723,0.0,0.0,0.0,0.0,0.0,2.0,110
2025-09-27 23:00:00,DDPG,0.28348476024477237,0.0,0.0,0.0,0.0,0.0,2.0,110
2025-09-28 00:00:00,DDPG,0.28322976024477237,0.0,0.0,0.0,0.0,0.0,2.0,110
2025-09-28 01:00:00,DDPG,0.28397476024477236,0.0,0.0,0.0,0.0,0.0,2.0,110
2025-09-28 02:00:00,DDPG,0.28632976024477236,0.0,0.0,0.0,0.0,0.0,2.0,110
2025-09-28 03:00:00,DDPG,0.28979809407481105,1.4901161193847656e-07,0.0,0.0,0.0,0.0,1.9999999970197677,110
2025-09-28 04:00:00,DDPG,0.29765642740814435,0.0,0.0,0.0,0.0,0.0,1.999999998509884,110
2025-09-28 05:00:00,DDPG,0.29815309407481105,0.0,0.0,0.0,0.0,0.0,2.0,110
2025-09-28 06:00:00,DDPG,0.2979547607414777,0.0,0.0,0.0,0.0,0.0,2.0,110
2025-09-28 07:00:00,DDPG,0.29764309407481104,0.0,0.0,0.0,0.0,0.0,2.0,110
2025-09-28 08:00:00,DDPG,0.2969347607414777,0.0,0.0,0.0,0.0,0.0,2.0,110
2025-09-28 09:00:00,DDPG,0.296638094074811,0.0,0.0,0.0,0.0,0.0,2.0,110
2025-09-28 10:00:00,DDPG,0.29650476074147764,0.0,0.0,0.0,0.0,0.0,2.0,110
2025-09-28 11:00:00,DDPG,0.29670476074147767,0.0,0.0,0.0,0.0,0.0,2.0,110
2025-09-28 12:00:00,DDPG,0.29548642740814435,0.0,0.0,0.0,0.0,0.0,2.0,110
2025-09-28 13:00:00,DDPG,0.2942397607414777,0.0,0.0,0.0,0.0,0.0,2.0,110
2025-09-28 14:00:00,DDPG,0.29416309407481106,0.0,0.0,0.0,0.0,0.0,2.0,110
2025-09-28 15:00:00,DDPG,0.29347642740814434,0.0,0.0,0.0,0.0,0.0,2.0,110
2025-09-28 16:00:00,DDPG,0.2936264274081444,0.0,0.0,0.0,0.0,0.0,2.0,110
2025-09-28 17:00:00,DDPG,0.29478309506822176,2.980232238769531e-07,0.0,0.0,0.0,0.0,1.9999999940395354,110
2025-09-28 18:00:00,DDPG,0.29449976173488845,0.0,0.0,0.0,0.0,0.0,1.9999999970197677,110
2025-09-28 19:00:00,DDPG,0.29424476173488845,0.0,0.0,0.0,0.0,0.0,2.0,110
2025-09-28 20:00:00,DDPG,0.2940180950682218,0.0,0.0,0.0,0.0,0.0,2.0,110
2025-09-28 21:00:00,DDPG,0.29379142840155514,0.0,0.0,0.0,0.0,0.0,2.0,110
2025-09-28 22:00:00,DDPG,0.2935930950682218,0.0,0.0,0.0,0.0,0.0,2.0,110
2025-09-28 23:00:00,DDPG,0.2934230950682218,0.0,0.0,0.0,0.0,0.0,2.0,110
2025-09-29 00:00:00,DDPG,0.2932530950682218,0.0,0.0,0.0,0.0,0.0,2.0,110
2025-09-29 01:00:00,DDPG,0.2930830950682218,0.0,0.0,0.0,0.0,0.0,2.0,110
2025-09-29 02:00:00,DDPG,0.2929130950682218,0.0,0.0,0.0,0.0,0.0,2.0,110
2025-09-29 03:00:00,DDPG,0.29274309506822177,0.0,0.0,0.0,0.0,0.0,2.0,110
2025-09-29 04:00:00,DDPG,0.29257309506822177,0.0,0.0,0.0,0.0,0.0,2.0,110
2025-09-29 05:00:00,DDPG,0.29240309506822176,0.0,0.0,0.0,0.0,0.0,2.0,110
2025-09-29 06:00:00,DDPG,0.29223309506822176,0.0,0.0,0.0,0.0,0.0,2.0,110
2025-09-29 07:00:00,DDPG,0.29319809556492715,1.4901161193847656e-07,0.0,0.0,0.0,0.0,1.9999999970197677,110
2025-09-29 08:00:00,DDPG,0.2940997627282992,1.4901161193847656e-07,0.0,0.0,0.0,0.0,1.999999998509884,110
2025-09-29 09:00:00,DDPG,0.29307976272829916,0.0,0.0,0.0,0.0,0.0,1.999999998509884,110
2025-09-29 10:00:00,DDPG,0.2923014293949659,0.0,0.0,0.0,0.0,0.0,2.0,110
2025-09-29 11:00:00,DDPG,0.29146642939496586,0.0,0.0,0.0,0.0,0.0,2.0,110
2025-09-29 12:00:00,DDPG,0.2949647627282992,0.0,0.0,0.0,0.0,0.0,2.0,110
2025-09-29 13:00:00,DDPG,0.29638476272829917,0.0,0.0,0.0,0.0,0.0,2.0,110
2025-09-29 14:00:00,DDPG,0.30194642939496585,0.0,0.0,0.0,0.0,0.0,2.0,110
2025-09-29 15:00:00,DDPG,0.3053730960616325,0.0,0.0,0.0,0.0,0.0,2.0,110
2025-09-29 16:00:00,DDPG,0.3137497627282992,0.0,0.0,0.0,0.0,0.0,2.0,110
2025-09-29 17:00:00,DDPG,0.3157430960616325,0.0,0.0,0.0,0.0,0.0,2.0,110
2025-09-29 18:00:00,DDPG,0.3165730960616325,0.0,0.0,0.0,0.0,0.0,2.0,110
2025-09-29 19:00:00,DDPG,0.3167647627282991,0.0,0.0,0.0,0.0,0.0,2.0,110
2025-09-29 20:00:00,DDPG,0.3270130960616324,0.0,0.0,0.0,0.0,0.0,-0.7013096061632416,110
2025-09-29 21:00:00,DDPG,0.3269280960616325,0.0,0.0,0.0,0.0,0.0,-0.6928096061632472,110
2025-09-29 22:00:00,DDPG,0.32687142939496583,0.0,0.0,0.0,0.0,0.0,-0.6871429394965824,110
2025-09-29 23:00:00,DDPG,0.3268147627282992,0.0,0.0,0.0,0.0,0.0,-0.6814762728299173,110
2025-09-30 00:00:00,DDPG,0.3267297627282992,0.0,0.0,0.0,0.0,0.0,-0.6729762728299171,110
2025-09-30 01:00:00,DDPG,0.32667309606163253,0.0,0.0,0.0,0.0,0.0,-0.6673096061632524,110
2025-09-30 02:00:00,DDPG,0.3276164293949659,0.0,0.0,0.0,0.0,0.0,-0.7616429394965873,110
2025-09-30 03:00:00,DDPG,0.3288364293949659,0.0,0.0,0.0,0.0,0.0,-0.8836429394965872,110
2025-09-30 04:00:00,DDPG,0.3287230960616325,0.0,0.0,0.0,0.0,0.0,-0.8723096061632516,110
2025-09-30 05:00:00,DDPG,0.3305814293949658,0.0,0.0,0.0,0.0,0.0,-1.0581429394965811,110
2025-09-30 06:00:00,DDPG,0.3304397627282991,0.0,0.0,0.0,0.0,0.0,-1.0439762728299105,110
2025-09-30 07:00:00,DDPG,0.3307664293949658,0.0,0.0,0.0,0.0,0.0,-1.0766429394965806,110
2025-09-30 08:00:00,DDPG,0.33011476272829915,0.0,0.0,0.0,0.0,0.0,-1.0114762728299143,110
2025-09-30 09:00:00,DDPG,0.3325414293949658,0.0,0.0,0.0,0.0,0.0,-1.2541429394965773,110
2025-09-30 10:00:00,DDPG,0.33140809606163246,0.0,0.0,0.0,0.0,0.0,-1.1408096061632458,110
2025-09-30 11:00:00,DDPG,0.3302397627282991,0.0,0.0,0.0,0.0,0.0,-1.0239762728299073,110
2025-09-30 12:00:00,DDPG,0.32943309606163246,0.0,0.0,0.0,0.0,0.0,-0.9433096061632451,110
2025-09-30 13:00:00,DDPG,0.3298747627282991,0.0,0.0,0.0,0.0,0.0,-0.9874762728299071,110
2025-09-30 14:00:00,DDPG,0.3287347627282991,0.0,0.0,0.0,0.0,0.0,-0.8734762728299095,110
2025-09-30 15:00:00,DDPG,0.3275447627282991,0.0,0.0,0.0,0.0,0.0,-0.754476272829907,110
2025-09-30 16:00:00,DDPG,0.32666642939496576,0.0,0.0,0.0,0.0,0.0,-0.6666429394965756,110
2025-09-30 17:00:00,DDPG,0.3262414293949658,0.0,0.0,0.0,0.0,0.0,-0.6241429394965801,110
2025-09-30 18:00:00,DDPG,0.3261564293949658,0.0,0.0,0.0,0.0,0.0,-0.6156429394965803,110
2025-09-30 19:00:00,DDPG,0.32609976272829916,0.0,0.0,0.0,0.0,0.0,-0.6099762728299152,110
2025-09-30 20:00:00,DDPG,0.32601476272829916,0.0,0.0,0.0,0.0,0.0,-0.601476272829915,110
2025-09-30 21:00:00,DDPG,0.3259297627282992,0.0,0.0,0.0,0.0,0.0,-0.5929762728299206,110
2025-09-30 22:00:00,DDPG,0.3258447627282992,0.0,0.0,0.0,0.0,0.0,-0.58447627282992,110
2025-09-30 23:00:00,DDPG,0.32575976272829926,0.0,0.0,0.0,0.0,0.0,-0.5759762728299256,110
2025-10-01 00:00:00,DDPG,0.32567476272829926,0.0,0.0,0.0,0.0,0.0,-0.5674762728299254,110
2025-10-01 01:00:00,DDPG,0.32558976272829926,0.0,0.0,0.0,0.0,0.0,-0.5589762728299252,110
2025-10-01 02:00:00,DDPG,0.3255330960616326,0.0,0.0,0.0,0.0,0.0,-0.5533096061632605,110
2025-10-01 03:00:00,DDPG,0.32547642939496596,0.0,0.0,0.0,0.0,0.0,-0.5476429394965954,110
2025-10-01 04:00:00,DDPG,0.32544809606163266,0.0,0.0,0.0,0.0,0.0,-0.5448096061632657,110
2025-10-01 05:00:00,DDPG,0.325391429394966,0.0,0.0,0.0,0.0,0.0,-0.5391429394966005,110
2025-10-01 06:00:00,DDPG,0.32527809606163266,0.0,0.0,0.0,0.0,0.0,-0.5278096061632653,110
2025-10-01 07:00:00,DDPG,0.3249097627282993,0.0,0.0,0.0,0.0,0.0,-0.4909762728299292,110
2025-10-01 08:00:00,DDPG,0.3241447627282993,0.0,0.0,0.0,0.0,0.0,-0.41447627282992805,110
2025-10-01 09:00:00,DDPG,0.3229547627282993,0.0,0.0,0.0,0.0,0.0,-0.29547627282993094,110
2025-10-01 10:00:00,DDPG,0.3214247627282993,0.0,0.0,0.0,0.0,0.0,-0.1424762728299278,110
2025-10-01 11:00:00,DDPG,0.31969642939496595,0.0,0.0,0.0,0.0,0.0,2.0,110
2025-10-01 12:00:00,DDPG,0.3178830960616326,0.0,0.0,0.0,0.0,0.0,2.0,110
2025-10-01 13:00:00,DDPG,0.31679309606163264,0.0,0.0,0.0,0.0,0.0,2.0,110
2025-10-01 14:00:00,DDPG,0.31534809606163267,0.0,0.0,0.0,0.0,0.0,2.0,110
2025-10-01 15:00:00,DDPG,0.3140447627282993,0.0,0.0,0.0,0.0,0.0,2.0,110
2025-10-01 16:00:00,DDPG,0.3131947627282993,0.0,0.0,0.0,0.0,0.0,2.0,110
2025-10-01 17:00:00,DDPG,0.31271309606163267,0.0,0.0,0.0,0.0,0.0,2.0,110
2025-10-01 18:00:00,DDPG,0.3125147627282993,0.0,0.0,0.0,0.0,0.0,2.0,110
2025-10-01 19:00:00,DDPG,0.31245809606163266,0.0,0.0,0.0,0.0,0.0,2.0,110
2025-10-01 20:00:00,DDPG,0.31245809606163266,0.0,0.0,0.0,0.0,0.0,2.0,110
2025-10-01 21:00:00,DDPG,0.312791429394966,0.0,0.0,0.0,0.0,0.0,2.0,110
2025-10-01 22:00:00,DDPG,0.312791429394966,0.0,0.0,0.0,0.0,0.0,2.0,110
2025-10-01 23:00:00,DDPG,0.312791429394966,0.0,0.0,0.0,0.0,0.0,2.0,110
2025-10-02 00:00:00,DDPG,0.312791429394966,0.0,0.0,0.0,0.0,0.0,2.0,110
2025-10-02 01:00:00,DDPG,0.3214297627282993,0.0,0.0,0.0,0.0,0.0,-0.14297627282993108,110
2025-10-02 02:00:00,DDPG,0.3217630960616326,0.0,0.0,0.0,0.0,0.0,-0.17630960616326075,110
2025-10-02 03:00:00,DDPG,0.3217630960616326,0.0,0.0,0.0,0.0,0.0,-0.17630960616326075,110
2025-10-02 04:00:00,DDPG,0.3280397627282993,0.0,0.0,0.0,0.0,0.0,-0.8039762728299316,110
2025-10-02 05:00:00,DDPG,0.3336780960616327,0.0,0.0,0.0,0.0,0.0,-1.3678096061632674,110
2025-10-02 06:00:00,DDPG,0.33392642939496603,0.0,0.0,0.0,0.0,0.0,-1.3926429394966022,110
2025-10-02 07:00:00,DDPG,0.33967142939496603,0.0,0.0,0.0,0.0,0.0,-1.9671429394966022,110
2025-10-02 08:00:00,DDPG,0.34018976272829937,0.0,0.0,0.0,0.0,0.0,-2.0189762728299367,110
2025-10-02 09:00:00,DDPG,0.33972976272829936,0.0,0.0,0.0,0.0,0.0,-1.9729762728299347,110
2025-10-02 10:00:00,DDPG,0.338731429394966,0.0,0.0,0.0,0.0,0.0,-1.873142939496597,110
2025-10-02 11:00:00,DDPG,0.33778309606163265,0.0,0.0,0.0,0.0,0.0,-1.7783096061632642,110
2025-10-02 12:00:00,DDPG,0.3366430960616327,0.0,0.0,0.0,0.0,0.0,-1.6643096061632665,110
2025-10-02 13:00:00,DDPG,0.33491476272829934,0.0,0.0,0.0,0.0,0.0,-1.4914762728299333,110
2025-10-02 14:00:00,DDPG,0.33324309606163266,0.0,0.0,0.0,0.0,0.0,-1.3243096061632653,110
2025-10-02 15:00:00,DDPG,0.3319680960616327,0.0,0.0,0.0,0.0,0.0,-1.196809606163268,110
2025-10-02 16:00:00,DDPG,0.3311180960616327,0.0,0.0,0.0,0.0,0.0,-1.111809606163272,110
2025-10-02 17:00:00,DDPG,0.33072142939496607,0.0,0.0,0.0,0.0,0.0,-1.0721429394966062,110
2025-10-02 18:00:00,DDPG,0.3306080960616327,0.0,0.0,0.0,0.0,0.0,-1.060809606163271,110
2025-10-02 19:00:00,DDPG,0.33055142939496607,0.0,0.0,0.0,0.0,0.0,-1.0551429394966059,110
2025-10-02 20:00:00,DDPG,0.3304947627282994,0.0,0.0,0.0,0.0,0.0,-1.0494762728299412,110
2025-10-02 21:00:00,DDPG,0.3304097627282994,0.0,0.0,0.0,0.0,0.0,-1.040976272829941,110
2025-10-02 22:00:00,DDPG,0.3303247627282994,0.0,0.0,0.0,0.0,0.0,-1.0324762728299408,110
2025-10-02 23:00:00,DDPG,0.33026809606163277,0.0,0.0,0.0,0.0,0.0,-1.026809606163276,110
2025-10-03 00:00:00,DDPG,0.3302114293949661,0.0,0.0,0.0,0.0,0.0,-1.021142939496611,110
2025-10-03 01:00:00,DDPG,0.3301830960616328,0.0,0.0,0.0,0.0,0.0,-1.0183096061632813,110
2025-10-03 02:00:00,DDPG,0.33012642939496617,0.0,0.0,0.0,0.0,0.0,-1.012642939496616,110
2025-10-03 03:00:00,DDPG,0.3300980960616328,0.0,0.0,0.0,0.0,0.0,-1.009809606163281,110
2025-10-03 04:00:00,DDPG,0.33143142939496617,0.0,0.0,0.0,0.0,0.0,-1.1431429394966166,110
2025-10-03 05:00:00,DDPG,0.33243142939496617,0.0,0.0,0.0,0.0,0.0,-1.2431429394966163,110
2025-10-03 06:00:00,DDPG,0.3323747627282995,0.0,0.0,0.0,0.0,0.0,-1.2374762728299515,110
2025-10-03 07:00:00,DDPG,0.3320914293949662,0.0,0.0,0.0,0.0,0.0,-1.2091429394966213,110
2025-10-03 08:00:00,DDPG,0.3313264293949662,0.0,0.0,0.0,0.0,0.0,-1.1326429394966198,110
2025-10-03 09:00:00,DDPG,0.33007976272829953,0.0,0.0,0.0,0.0,0.0,-1.0079762728299526,110
2025-10-03 10:00:00,DDPG,0.32843642939496626,0.0,0.0,0.0,0.0,0.0,-0.8436429394966249,110
2025-10-03 11:00:00,DDPG,0.3302897627282996,0.0,0.0,0.0,0.0,0.0,-1.028976272829957,110
2025-10-03 12:00:00,DDPG,0.33045476272829954,0.0,0.0,0.0,0.0,0.0,-1.045476272829954,110
2025-10-03 13:00:00,DDPG,0.33044976272829957,0.0,0.0,0.0,0.0,0.0,-1.044976272829956,110
2025-10-03 14:00:00,DDPG,0.32889142939496624,0.0,0.0,0.0,0.0,0.0,-0.8891429394966233,110
2025-10-03 15:00:00,DDPG,0.34101309606163294,0.0,0.0,0.0,0.0,0.0,-2.1013096061632925,110
2025-10-03 16:00:00,DDPG,0.3415030960616329,0.0,0.0,0.0,0.0,0.0,-2.150309606163292,110
2025-10-03 17:00:00,DDPG,0.3411064293949662,0.0,0.0,0.0,0.0,0.0,-2.1106429394966213,110
2025-10-03 18:00:00,DDPG,0.34102142939496627,0.0,0.0,0.0,0.0,0.0,-2.102142939496626,110
2025-10-03 19:00:00,DDPG,0.3409647627282996,0.0,0.0,0.0,0.0,0.0,-2.0964762728299613,110
2025-10-03 20:00:00,DDPG,0.3408797627282996,0.0,0.0,0.0,0.0,0.0,-2.0879762728299607,110
2025-10-03 21:00:00,DDPG,0.34079476272829967,0.0,0.0,0.0,0.0,0.0,-2.0794762728299663,110
2025-10-03 22:00:00,DDPG,0.34070976272829967,0.0,0.0,0.0,0.0,0.0,-2.0709762728299665,110
2025-10-03 23:00:00,DDPG,0.34062476272829967,0.0,0.0,0.0,0.0,0.0,-2.062476272829966,110
2025-10-04 00:00:00,DDPG,0.3405397627282997,0.0,0.0,0.0,0.0,0.0,-2.0539762728299715,110
2025-10-04 01:00:00,DDPG,0.3404547627282997,0.0,0.0,0.0,0.0,0.0,-2.045476272829971,110
2025-10-04 02:00:00,DDPG,0.3403697627282998,0.0,0.0,0.0,0.0,0.0,-2.0369762728299765,110
2025-10-04 03:00:00,DDPG,0.34028476272829977,0.0,0.0,0.0,0.0,0.0,-2.028476272829977,110
2025-10-04 04:00:00,DDPG,0.3401714293949664,0.0,0.0,0.0,0.0,0.0,-2.017142939496641,110
2025-10-04 05:00:00,DDPG,0.34005809606163306,0.0,0.0,0.0,0.0,0.0,-2.0058096061633055,110
2025-10-04 06:00:00,DDPG,0.3405264293949664,0.0,0.0,0.0,0.0,0.0,-2.052642939496641,110
2025-10-04 07:00:00,DDPG,0.34885309606163306,0.0,0.0,0.0,0.0,0.0,-2.8853096061633057,110
2025-10-04 08:00:00,DDPG,0.3480314293949664,0.0,0.0,0.0,0.0,0.0,-2.803142939496639,110
2025-10-04 09:00:00,DDPG,0.3468697627282997,0.0,0.0,0.0,0.0,0.0,-2.6869762728299715,110
2025-10-04 10:00:00,DDPG,0.3453964293949664,0.0,0.0,0.0,0.0,0.0,-2.5396429394966393,110
2025-10-04 11:00:00,DDPG,0.34405809606163307,0.0,0.0,0.0,0.0,0.0,-2.405809606163306,110
2025-10-04 12:00:00,DDPG,0.3445564293949664,0.0,0.0,0.0,0.0,0.0,-2.455642939496638,110
2025-10-04 13:00:00,DDPG,0.34411142939496636,0.0,0.0,0.0,0.0,0.0,-2.411142939496635,110
2025-10-04 14:00:00,DDPG,0.3437797627282997,0.0,0.0,0.0,0.0,0.0,-2.377976272829968,110
2025-10-04 15:00:00,DDPG,0.34358976272829966,0.0,0.0,0.0,0.0,0.0,-2.358976272829966,110
2025-10-04 16:00:00,DDPG,0.34282476272829965,0.0,0.0,0.0,0.0,0.0,-2.282476272829964,110
2025-10-04 17:00:00,DDPG,0.34237142939496634,0.0,0.0,0.0,0.0,0.0,-2.237142939496634,110
2025-10-04 18:00:00,DDPG,0.34217309606163304,0.0,0.0,0.0,0.0,0.0,-2.2173096061633037,110
2025-10-04 19:00:00,DDPG,0.34200309606163304,0.0,0.0,0.0,0.0,0.0,-2.2003096061633034,110
2025-10-04 20:00:00,DDPG,0.34183309606163303,0.0,0.0,0.0,0.0,0.0,-2.183309606163303,110
2025-10-04 21:00:00,DDPG,0.34169142939496633,0.0,0.0,0.0,0.0,0.0,-2.1691429394966324,110
2025-10-04 22:00:00,DDPG,0.341578096061633,0.0,0.0,0.0,0.0,0.0,-2.1578096061632968,110
2025-10-04 23:00:00,DDPG,0.3414364293949663,0.0,0.0,0.0,0.0,0.0,-2.1436429394966314,110
2025-10-05 00:00:00,DDPG,0.34126642939496626,0.0,0.0,0.0,0.0,0.0,-2.1266429394966258,110
2025-10-05 01:00:00,DDPG,0.34109642939496626,0.0,0.0,0.0,0.0,0.0,-2.1096429394966254,110
2025-10-05 02:00:00,DDPG,0.3409547627282996,0.0,0.0,0.0,0.0,0.0,-2.09547627282996,110
2025-10-05 03:00:00,DDPG,0.3407847627282996,0.0,0.0,0.0,0.0,0.0,-2.0784762728299597,110
2025-10-05 04:00:00,DDPG,0.3406147627282996,0.0,0.0,0.0,0.0,0.0,-2.0614762728299594,110
2025-10-05 05:00:00,DDPG,0.3404447627282996,0.0,0.0,0.0,0.0,0.0,-2.044476272829959,110
2025-10-05 06:00:00,DDPG,0.34024642939496624,0.0,0.0,0.0,0.0,0.0,-2.0246429394966237,110
2025-10-05 07:00:00,DDPG,0.33987809606163294,0.0,0.0,0.0,0.0,0.0,-1.9878096061632933,110
2025-10-05 08:00:00,DDPG,0.3391697627282996,0.0,0.0,0.0,0.0,0.0,-1.9169762728299569,110
2025-10-05 09:00:00,DDPG,0.3382064293949662,0.0,0.0,0.0,0.0,0.0,-1.8206429394966195,110
2025-10-05 10:00:00,DDPG,0.3370947627282996,0.0,0.0,0.0,0.0,0.0,-1.7094762728299573,110
2025-10-05 11:00:00,DDPG,0.3355080960616329,0.0,0.0,0.0,0.0,0.0,-1.5508096061632894,110
2025-10-05 12:00:00,DDPG,0.3344464293949662,0.0,0.0,0.0,0.0,0.0,-1.444642939496621,110
2025-10-05 13:00:00,DDPG,0.33372476272829954,0.0,0.0,0.0,0.0,0.0,-1.372476272829953,110
2025-10-05 14:00:00,DDPG,0.3324214293949662,0.0,0.0,0.0,0.0,0.0,-1.2421429394966212,110
2025-10-05 15:00:00,DDPG,0.3312030960616329,0.0,0.0,0.0,0.0,0.0,-1.1203096061632891,110
2025-10-05 16:00:00,DDPG,0.33035309606163293,0.0,0.0,0.0,0.0,0.0,-1.0353096061632927,110
2025-10-05 17:00:00,DDPG,0.3298997627282996,0.0,0.0,0.0,0.0,0.0,-0.9899762728299564,110
2025-10-05 18:00:00,DDPG,0.3297580960616329,0.0,0.0,0.0,0.0,0.0,-0.9758096061632915,110
2025-10-05 19:00:00,DDPG,0.32955976272829957,0.0,0.0,0.0,0.0,0.0,-0.9559762728299557,110
2025-10-05 20:00:00,DDPG,0.32938976272829956,0.0,0.0,0.0,0.0,0.0,-0.9389762728299553,110
2025-10-05 21:00:00,DDPG,0.3292764293949662,0.0,0.0,0.0,0.0,0.0,-0.9276429394966201,110
2025-10-05 22:00:00,DDPG,0.32916309606163285,0.0,0.0,0.0,0.0,0.0,-0.9163096061632849,110
2025-10-05 23:00:00,DDPG,0.3290497627282995,0.0,0.0,0.0,0.0,0.0,-0.9049762728299493,110
2025-10-06 00:00:00,DDPG,0.32893642939496615,0.0,0.0,0.0,0.0,0.0,-0.8936429394966137,110
2025-10-06 01:00:00,DDPG,0.3288514293949662,0.0,0.0,0.0,0.0,0.0,-0.8851429394966193,110
2025-10-06 02:00:00,DDPG,0.32873809606163285,0.0,0.0,0.0,0.0,0.0,-0.8738096061632836,110
2025-10-06 03:00:00,DDPG,0.3286247627282995,0.0,0.0,0.0,0.0,0.0,-0.8624762728299484,110
2025-10-06 04:00:00,DDPG,0.3284830960616328,0.0,0.0,0.0,0.0,0.0,-0.8483096061632778,110
2025-10-06 05:00:00,DDPG,0.32834142939496613,0.0,0.0,0.0,0.0,0.0,-0.8341429394966129,110
2025-10-06 06:00:00,DDPG,0.3281997627282994,0.0,0.0,0.0,0.0,0.0,-0.8199762728299422,110
2025-10-06 07:00:00,DDPG,0.3278597627282994,0.0,0.0,0.0,0.0,0.0,-0.7859762728299415,110
2025-10-06 08:00:00,DDPG,0.32703809606163275,0.0,0.0,0.0,0.0,0.0,-0.7038096061632748,110
2025-10-06 09:00:00,DDPG,0.3257630960616328,0.0,0.0,0.0,0.0,0.0,-0.576309606163278,110
2025-10-06 10:00:00,DDPG,0.3241480960616328,0.0,0.0,0.0,0.0,0.0,-0.41480960616328,110
2025-10-06 11:00:00,DDPG,0.3223064293949661,0.0,0.0,0.0,0.0,0.0,-0.23064293949661163,110
2025-10-06 12:00:00,DDPG,0.3203797627282995,0.0,0.0,0.0,0.0,0.0,-0.03797627282994842,110
2025-10-06 13:00:00,DDPG,0.31850976272829945,0.0,0.0,0.0,0.0,0.0,2.0,110
2025-10-06 14:00:00,DDPG,0.3168664293949661,0.0,0.0,0.0,0.0,0.0,2.0,110
2025-10-06 15:00:00,DDPG,0.3155630960616328,0.0,0.0,0.0,0.0,0.0,2.0,110
2025-10-06 16:00:00,DDPG,0.3145997627282994,0.0,0.0,0.0,0.0,0.0,2.0,110
2025-10-06 17:00:00,DDPG,0.3140897627282994,0.0,0.0,0.0,0.0,0.0,2.0,110
2025-10-06 18:00:00,DDPG,0.3139197627282994,0.0,0.0,0.0,0.0,0.0,2.0,110
2025-10-06 19:00:00,DDPG,0.3137780960616327,0.0,0.0,0.0,0.0,0.0,2.0,110
2025-10-06 20:00:00,DDPG,0.31363642939496605,0.0,0.0,0.0,0.0,0.0,2.0,110
2025-10-06 21:00:00,DDPG,0.31349476272829935,0.0,0.0,0.0,0.0,0.0,2.0,110
2025-10-06 22:00:00,DDPG,0.3133530960616327,0.0,0.0,0.0,0.0,0.0,2.0,110
2025-10-06 23:00:00,DDPG,0.31315476272829934,0.0,0.0,0.0,0.0,0.0,2.0,110
2025-10-07 00:00:00,DDPG,0.3129280960616327,0.0,0.0,0.0,0.0,0.0,2.0,110
2025-10-07 01:00:00,DDPG,0.3127297627282994,0.0,0.0,0.0,0.0,0.0,2.0,110
2025-10-07 02:00:00,DDPG,0.31253142939496603,0.0,0.0,0.0,0.0,0.0,2.0,110
2025-10-07 03:00:00,DDPG,0.3123047627282994,0.0,0.0,0.0,0.0,0.0,2.0,110
2025-10-07 04:00:00,DDPG,0.3120780960616327,0.0,0.0,0.0,0.0,0.0,2.0,110
2025-10-07 05:00:00,DDPG,0.3118514293949661,0.0,0.0,0.0,0.0,0.0,2.0,110
2025-10-07 06:00:00,DDPG,0.31162476272829936,0.0,0.0,0.0,0.0,0.0,2.0,110
2025-10-07 07:00:00,DDPG,0.31117142939496606,0.0,0.0,0.0,0.0,0.0,2.0,110
2025-10-07 08:00:00,DDPG,0.3103497627282994,0.0,0.0,0.0,0.0,0.0,2.0,110
2025-10-07 09:00:00,DDPG,0.3091314293949661,0.0,0.0,0.0,0.0,0.0,2.0,110
2025-10-07 10:00:00,DDPG,0.3076014293949661,0.0,0.0,0.0,0.0,0.0,2.0,110
2025-10-07 11:00:00,DDPG,0.30590142939496606,0.0,0.0,0.0,0.0,0.0,2.0,110
2025-10-07 12:00:00,DDPG,0.30447809606163273,0.0,0.0,0.0,0.0,0.0,2.0,110
2025-10-07 13:00:00,DDPG,0.3032530960616327,0.0,0.0,0.0,0.0,0.0,2.0,110
2025-10-07 14:00:00,DDPG,0.301666429394966,0.0,0.0,0.0,0.0,0.0,2.0,110
2025-10-07 15:00:00,DDPG,0.30033476272829934,0.0,0.0,0.0,0.0,0.0,2.0,110
2025-10-07 16:00:00,DDPG,0.2994847627282994,0.0,0.0,0.0,0.0,0.0,2.0,110
2025-10-07 17:00:00,DDPG,0.29961309606163267,0.0,0.0,0.0,0.0,0.0,2.0,110
2025-10-07 18:00:00,DDPG,0.299521429394966,0.0,0.0,0.0,0.0,0.0,2.0,110
2025-10-07 19:00:00,DDPG,0.30132309606163266,0.0,0.0,0.0,0.0,0.0,2.0,110
2025-10-07 20:00:00,DDPG,0.3011247627282993,0.0,0.0,0.0,0.0,0.0,2.0,110
2025-10-07 21:00:00,DDPG,0.300926429394966,0.0,0.0,0.0,0.0,0.0,2.0,110
2025-10-07 22:00:00,DDPG,0.30172809606163264,0.0,0.0,0.0,0.0,0.0,2.0,110
2025-10-07 23:00:00,DDPG,0.30152976272829934,0.0,0.0,0.0,0.0,0.0,2.0,110
2025-10-08 00:00:00,DDPG,0.302941429394966,0.0,0.0,0.0,0.0,0.0,2.0,110
2025-10-08 01:00:00,DDPG,0.3027430960616327,0.0,0.0,0.0,0.0,0.0,2.0,110
2025-10-08 02:00:00,DDPG,0.302906429394966,0.0,0.0,0.0,0.0,0.0,2.0,110
2025-10-08 03:00:00,DDPG,0.30267976272829933,0.0,0.0,0.0,0.0,0.0,2.0,110
2025-10-08 04:00:00,DDPG,0.302396429394966,0.0,0.0,0.0,0.0,0.0,2.0,110
2025-10-08 05:00:00,DDPG,0.30211309606163267,0.0,0.0,0.0,0.0,0.0,2.0,110
2025-10-08 06:00:00,DDPG,0.30182976272829937,0.0,0.0,0.0,0.0,0.0,2.0,110
2025-10-08 07:00:00,DDPG,0.3012630960616327,0.0,0.0,0.0,0.0,0.0,2.0,110
2025-10-08 08:00:00,DDPG,0.30052642939496604,0.0,0.0,0.0,0.0,0.0,2.0,110
2025-10-08 09:00:00,DDPG,0.2996197627282993,0.0,0.0,0.0,0.0,0.0,2.0,110
2025-10-08 10:00:00,DDPG,0.30271309655833806,1.4901161193847656e-07,0.0,0.0,0.0,0.0,1.9999999970197677,110
2025-10-08 11:00:00,DDPG,0.3060264298916714,0.0,0.0,0.0,0.0,0.0,1.999999998509884,110
2025-10-08 12:00:00,DDPG,0.30753809804845417,4.470348358154297e-07,0.0,0.0,0.0,0.0,1.9999999910593034,110
2025-10-08 13:00:00,DDPG,0.3109647647151208,0.0,0.0,0.0,0.0,0.0,1.9999999955296517,110
2025-10-08 14:00:00,DDPG,0.32031309804845415,0.0,0.0,0.0,0.0,0.0,-0.031309804845414124,110
2025-10-08 15:00:00,DDPG,0.3443347647151208,0.0,0.0,0.0,0.0,0.0,-2.4334764715120807,110
2025-10-08 16:00:00,DDPG,0.3593972882436087,0.0,0.0,0.31324294145362475,0.0,0.0,-3.9397288243608717,110
2025-10-08 17:00:00,DDPG,0.36823005941924786,0.0,0.0,0.6076686473082618,0.0,0.0,-4.8230059419247855,110
2025-10-08 18:00:00,DDPG,0.37410505347732304,0.0,0.0,0.8035017825774347,0.0,0.0,-5.410505347732303,110
2025-10-08 19:00:00,DDPG,0.37424154812959076,0.0,0.0,0.8080516043196909,0.0,0.0,-5.424154812959076,110
2025-10-08 20:00:00,DDPG,0.3746388933166317,0.0,0.0,0.8212964438877223,0.0,0.0,-5.463889331663169,110
2025-10-08 21:00:00,DDPG,0.3755965039849685,0.0,0.0,0.8532167994989508,0.0,0.0,-5.559650398496851,110
2025-10-08 22:00:00,DDPG,0.37735835358647163,0.0,0.0,0.9119451195490555,0.0,0.0,-5.735835358647162,110
2025-10-08 23:00:00,DDPG,0.3777185182278245,0.0,0.0,0.9239506075941493,0.0,0.0,-5.771851822782448,110
2025-10-09 00:00:00,DDPG,0.380142666405042,0.0,0.0,1.004755546834734,0.0,0.0,-6.0142666405042,110
2025-10-09 01:00:00,DDPG,0.3829498997645378,0.0,0.0,1.098329992151261,0.0,0.0,-6.294989976453779,110
2025-10-09 02:00:00,DDPG,0.381876409788084,0.0,0.0,1.0625469929361344,0.0,0.0,-6.1876409788084,110
2025-10-09 03:00:00,DDPG,0.3791102688092757,0.0,0.0,0.9703422936425213,0.0,0.0,-5.911026880927567,110
2025-10-09 04:00:00,DDPG,0.3772207419283481,0.0,0.0,0.9073580642782701,0.0,0.0,-5.722074192834809,110
2025-10-09 05:00:00,DDPG,0.3752201677355133,0.0,0.0,0.8406722578504429,0.0,0.0,-5.52201677355133,110
2025-10-09 06:00:00,DDPG,0.37519415096196196,0.0,0.0,0.8398050320653994,0.0,0.0,-5.519415096196195,110
2025-10-09 07:00:00,DDPG,0.38226873586576576,0.0,0.0,1.0756245288588588,0.0,0.0,-6.226873586576575,110
2025-10-09 08:00:00,DDPG,0.37840436227918917,0.0,0.0,0.9468120759729729,0.0,0.0,-5.840436227918916,110
2025-10-09 09:00:00,DDPG,0.37917142605127024,0.0,0.0,0.9723808683756758,0.0,0.0,-5.917142605127024,110
2025-10-09 10:00:00,DDPG,0.3837617834461432,0.0,0.0,1.1253927815381075,0.0,0.0,-6.3761783446143205,110
2025-10-09 11:00:00,DDPG,0.38069310510152893,0.0,0.0,1.0231035033842972,0.0,0.0,-6.069310510152892,110
2025-10-09 12:00:00,DDPG,0.3967547945913761,0.0,0.0,1.558493153045869,0.0,0.0,-7.675479459137607,110
2025-10-09 13:00:00,DDPG,0.3930633151322384,0.0,0.0,1.4354438377412806,0.0,0.0,-7.3063315132238404,110
2025-10-09 14:00:00,DDPG,0.3880174836190146,0.0,0.0,1.2672494539671533,0.0,0.0,-6.80174836190146,110
2025-10-09 15:00:00,DDPG,0.3836997352571131,0.0,0.0,1.1233245085704369,0.0,0.0,-6.369973525711309,110
2025-10-09 16:00:00,DDPG,0.3800942617314018,0.0,0.0,1.003142057713393,0.0,0.0,-6.009426173140181,110
2025-10-09 17:00:00,DDPG,0.3767278355582616,0.0,0.0,0.8909278519420539,0.0,0.0,-5.672783555826161,110
2025-10-09 18:00:00,DDPG,0.37385105200243546,0.0,0.0,0.795035066747849,0.0,0.0,-5.3851052002435456,110
2025-10-09 19:00:00,DDPG,0.37128744680219194,0.0,0.0,0.7095815600730646,0.0,0.0,-5.128744680219194,110
2025-10-09 20:00:00,DDPG,0.3699312021219727,0.0,0.0,0.6643734040657577,0.0,0.0,-4.9931202121972715,110
2025-10-09 21:00:00,DDPG,0.36805958190977545,0.0,0.0,0.6019860636591816,0.0,0.0,-4.8059581909775435,110
2025-10-09 22:00:00,DDPG,0.36610062371879787,0.0,0.0,0.5366874572932631,0.0,0.0,-4.610062371879787,110
2025-10-09 23:00:00,DDPG,0.3652120613469181,0.0,0.0,0.507068711563936,0.0,0.0,-4.521206134691807,110
2025-10-10 00:00:00,DDPG,0.36381235521222627,0.0,0.0,0.4604118404075422,0.0,0.0,-4.381235521222626,110
2025-10-10 01:00:00,DDPG,0.3656036196910036,0.0,0.0,0.5201206563667867,0.0,0.0,-4.560361969100358,110
2025-10-10 02:00:00,DDPG,0.3647902577219032,0.0,0.0,0.4930085907301077,0.0,0.0,-4.479025772190321,110
2025-10-10 03:00:00,DDPG,0.3634327319497129,0.0,0.0,0.4477577316570958,0.0,0.0,-4.343273194971287,110
2025-10-10 04:00:00,DDPG,0.3631109587547416,0.0,0.0,0.43703195849138726,0.0,0.0,-4.311095875474158,110
2025-10-10 05:00:00,DDPG,0.3676978628792674,0.0,0.0,0.5899287626422478,0.0,0.0,-4.769786287926742,110
2025-10-10 06:00:00,DDPG,0.3666240765913407,0.0,0.0,0.5541358863780232,0.0,0.0,-4.662407659134072,110
2025-10-10 07:00:00,DDPG,0.36503216893220664,0.0,0.0,0.501072297740221,0.0,0.0,-4.503216893220663,110
2025-10-10 08:00:00,DDPG,0.369995452038986,0.0,0.0,0.6665150679661992,0.0,0.0,-4.999545203898598,110
2025-10-10 09:00:00,DDPG,0.3677604068350874,0.0,0.0,0.5920135611695784,0.0,0.0,-4.776040683508737,110
2025-10-10 10:00:00,DDPG,0.36558986615157857,0.0,0.0,0.5196622050526202,0.0,0.0,-4.558986615157856,110
2025-10-10 11:00:00,DDPG,0.3634833795364208,0.0,0.0,0.44944598454735857,0.0,0.0,-4.348337953642078,110
2025-10-10 12:00:00,DDPG,0.36363654158277875,0.0,0.0,0.4545513860926235,0.0,0.0,-4.363654158277875,110
2025-10-10 13:00:00,DDPG,0.36450788742450085,0.0,0.0,0.48359624748336216,0.0,0.0,-4.450788742450085,110
2025-10-10 14:00:00,DDPG,0.36203709868205075,0.0,0.0,0.40123662273502564,0.0,0.0,-4.203709868205074,110
2025-10-10 15:00:00,DDPG,0.3603683888138457,0.0,0.0,0.3456129604615228,0.0,0.0,-4.036838881384569,110
2025-10-10 16:00:00,DDPG,0.3587960499324611,0.0,0.0,0.29320166441537054,0.0,0.0,-3.8796049932461107,110
2025-10-10 17:00:00,DDPG,0.357559444939215,0.0,0.0,0.2519814979738328,0.0,0.0,-3.755944493921498,110
2025-10-10 18:00:00,DDPG,0.3566250004452935,0.0,0.0,0.22083334817644984,0.0,0.0,-3.6625000445293487,110
2025-10-10 19:00:00,DDPG,0.35578400040076413,0.0,0.0,0.19280001335880428,0.0,0.0,-3.5784000400764127,110
2025-10-10 20:00:00,DDPG,0.35502710036068774,0.0,0.0,0.16757001202292374,0.0,0.0,-3.5027100360687733,110
2025-10-10 21:00:00,DDPG,0.354320390324619,0.0,0.0,0.14401301082063186,0.0,0.0,-3.4320390324618977,110
2025-10-10 22:00:00,DDPG,0.3536843512921571,0.0,0.0,0.12281170973856917,0.0,0.0,-3.368435129215708,110
2025-10-10 23:00:00,DDPG,0.3531119161629414,0.0,0.0,0.10373053876471233,0.0,0.0,-3.31119161629414,110
2025-10-11 00:00:00,DDPG,0.35384772454664726,0.0,0.0,0.1282574848882419,0.0,0.0,-3.3847724546647253,110
2025-10-11 01:00:00,DDPG,0.3536099520919825,0.0,0.0,0.12033173639941737,0.0,0.0,-3.360995209198247,110
2025-10-11 02:00:00,DDPG,0.35304495688278426,0.0,0.0,0.10149856275947543,0.0,0.0,-3.3044956882784247,110
2025-10-11 03:00:00,DDPG,0.3561874611945059,0.0,0.0,0.2062487064835281,0.0,0.0,-3.6187461194505888,110
2025-10-11 04:00:00,DDPG,0.3568647150750553,0.0,0.0,0.22882383583517624,0.0,0.0,-3.6864715075055283,110
2025-10-11 05:00:00,DDPG,0.3568487435675498,0.0,0.0,0.22829145225165917,0.0,0.0,-3.68487435675498,110
2025-10-11 06:00:00,DDPG,0.3562343692107948,0.0,0.0,0.20781230702649367,0.0,0.0,-3.623436921079481,110
2025-10-11 07:00:00,DDPG,0.3556814322897154,0.0,0.0,0.18938107632384488,0.0,0.0,-3.568143228971538,110
2025-10-11 08:00:00,DDPG,0.3557582890607438,0.0,0.0,0.19194296869146116,0.0,0.0,-3.5758289060743795,110
2025-10-11 09:00:00,DDPG,0.35584696015466943,0.0,0.0,0.19489867182231535,0.0,0.0,-3.5846960154669425,110
2025-10-11 10:00:00,DDPG,0.35521876413920256,0.0,0.0,0.173958804640084,0.0,0.0,-3.521876413920255,110
2025-10-11 11:00:00,DDPG,0.35390038772528226,0.0,0.0,0.13001292417607574,0.0,0.0,-3.390038772528225,110
2025-10-11 12:00:00,DDPG,0.35228634895275407,0.0,0.0,0.07621163175846846,0.0,0.0,-3.2286348952754063,110
2025-10-11 13:00:00,DDPG,0.3510572140574787,0.0,0.0,0.03524046858262153,0.0,0.0,-3.105721405747869,110
2025-10-11 14:00:00,DDPG,0.3515589926517308,0.0,0.0,0.05196642172436015,0.0,0.0,-3.155899265173079,110
2025-10-11 15:00:00,DDPG,0.35421259338655775,0.0,0.0,0.14041977955192522,0.0,0.0,-3.4212593386557746,110
2025-10-11 16:00:00,DDPG,0.353881334047902,0.0,0.0,0.12937780159673337,0.0,0.0,-3.3881334047902003,110
2025-10-11 17:00:00,DDPG,0.3544127006431118,0.0,0.0,0.14709002143706015,0.0,0.0,-3.4412700643111807,110
2025-10-11 18:00:00,DDPG,0.3538439305788006,0.0,0.0,0.1281310192933532,0.0,0.0,-3.3843930578800583,110
2025-10-11 19:00:00,DDPG,0.3533320375209205,0.0,0.0,0.11106791736401789,0.0,0.0,-3.333203752092051,110
2025-10-11 20:00:00,DDPG,0.3537713337688284,0.0,0.0,0.12571112562761472,0.0,0.0,-3.37713337688284,110
2025-10-11 21:00:00,DDPG,0.35324120039194556,0.0,0.0,0.10804001306485277,0.0,0.0,-3.324120039194556,110
2025-10-11 22:00:00,DDPG,0.352738580352751,0.0,0.0,0.09128601175836765,0.0,0.0,-3.2738580352751008,110
2025-10-11 23:00:00,DDPG,0.35321172231747594,0.0,0.0,0.10705741058253011,0.0,0.0,-3.3211722317475934,110
2025-10-12 00:00:00,DDPG,0.3536120500857283,0.0,0.0,0.12040166952427711,0.0,0.0,-3.3612050085728313,110
2025-10-12 01:00:00,DDPG,0.3533723450771555,0.0,0.0,0.11241150257184956,0.0,0.0,-3.3372345077155474,110
2025-10-12 02:00:00,DDPG,0.35283111056943994,0.0,0.0,0.09437035231466524,0.0,0.0,-3.2831110569439934,110
2025-10-12 03:00:00,DDPG,0.35266949951249593,0.0,0.0,0.08898331708319773,0.0,0.0,-3.2669499512495923,110
2025-10-12 04:00:00,DDPG,0.3540240495612464,0.0,0.0,0.1341349853748781,0.0,0.0,-3.402404956124638,110
2025-10-12 05:00:00,DDPG,0.35346864460512173,0.0,0.0,0.11562148683739082,0.0,0.0,-3.3468644605121725,110
2025-10-12 06:00:00,DDPG,0.3529177801446096,0.0,0.0,0.09725933815365267,0.0,0.0,-3.291778014460961,110
2025-10-12 07:00:00,DDPG,0.35219250213014863,0.0,0.0,0.07308340433828846,0.0,0.0,-3.2192502130148624,110
2025-10-12 08:00:00,DDPG,0.3512592519171338,0.0,0.0,0.041975063904459375,0.0,0.0,-3.12592519171338,110
2025-10-12 09:00:00,DDPG,0.35038782672542035,0.0,0.0,0.012927557514012734,0.0,0.0,-3.038782672542034,110
2025-10-12 10:00:00,DDPG,0.3489428267254204,0.0,0.0,0.0,0.0,0.0,-2.8942826725420367,110
2025-10-12 11:00:00,DDPG,0.3471861600587537,0.0,0.0,0.0,0.0,0.0,-2.7186160058753686,110
2025-10-12 12:00:00,DDPG,0.34542949339208706,0.0,0.0,0.0,0.0,0.0,-2.5429493392087057,110
2025-10-12 13:00:00,DDPG,0.343729493392087,0.0,0.0,0.0,0.0,0.0,-2.372949339208702,110
2025-10-12 14:00:00,DDPG,0.34211449339208705,0.0,0.0,0.0,0.0,0.0,-2.211449339208704,110
2025-10-12 15:00:00,DDPG,0.3407828267254204,0.0,0.0,0.0,0.0,0.0,-2.078282672542037,110
2025-10-12 16:00:00,DDPG,0.33984782672542035,0.0,0.0,0.0,0.0,0.0,-1.9847826725420346,110
2025-10-12 17:00:00,DDPG,0.339309493392087,0.0,0.0,0.0,0.0,0.0,-1.9309493392086985,110
2025-10-12 18:00:00,DDPG,0.3390261600587537,0.0,0.0,0.0,0.0,0.0,-1.9026160058753683,110
2025-10-12 19:00:00,DDPG,0.3387711600587537,0.0,0.0,0.0,0.0,0.0,-1.8771160058753678,110
2025-10-12 20:00:00,DDPG,0.33854449339208703,0.0,0.0,0.0,0.0,0.0,-1.8544493392087027,110
2025-10-12 21:00:00,DDPG,0.33834616005875373,0.0,0.0,0.0,0.0,0.0,-1.8346160058753727,110
2025-10-12 22:00:00,DDPG,0.33817616005875367,0.0,0.0,0.0,0.0,0.0,-1.8176160058753665,110
2025-10-12 23:00:00,DDPG,0.339339493392087,0.0,0.0,0.0,0.0,0.0,-1.9339493392087013,110
2025-10-13 00:00:00,DDPG,0.339169493392087,0.0,0.0,0.0,0.0,0.0,-1.916949339208701,110
2025-10-13 01:00:00,DDPG,0.33933282672542037,0.0,0.0,0.0,0.0,0.0,-1.933282672542036,110
2025-10-13 02:00:00,DDPG,0.33952449339208696,0.0,0.0,0.0,0.0,0.0,-1.952449339208695,110
2025-10-13 03:00:00,DDPG,0.3393828267254203,0.0,0.0,0.0,0.0,0.0,-1.9382826725420301,110
2025-10-13 04:00:00,DDPG,0.3392411600587536,0.0,0.0,0.0,0.0,0.0,-1.9241160058753595,110
2025-10-13 05:00:00,DDPG,0.33912782672542024,0.0,0.0,0.0,0.0,0.0,-1.9127826725420238,110
2025-10-13 06:00:00,DDPG,0.3390144933920869,0.0,0.0,0.0,0.0,0.0,-1.9014493392086882,110
2025-10-13 07:00:00,DDPG,0.3386744933920869,0.0,0.0,0.0,0.0,0.0,-1.8674493392086875,110
2025-10-13 08:00:00,DDPG,0.3378528267254202,0.0,0.0,0.0,0.0,0.0,-1.7852826725420212,110
2025-10-13 09:00:00,DDPG,0.33657782672542025,0.0,0.0,0.0,0.0,0.0,-1.657782672542024,110
2025-10-13 10:00:00,DDPG,0.33496282672542027,0.0,0.0,0.0,0.0,0.0,-1.4962826725420264,110
2025-10-13 11:00:00,DDPG,0.33309282672542023,0.0,0.0,0.0,0.0,0.0,-1.3092826725420226,110
2025-10-13 12:00:00,DDPG,0.3311661600587536,0.0,0.0,0.0,0.0,0.0,-1.1166160058753594,110
2025-10-13 13:00:00,DDPG,0.3292678267254202,0.0,0.0,0.0,0.0,0.0,-0.9267826725420205,110
2025-10-13 14:00:00,DDPG,0.3275961600587536,0.0,0.0,0.0,0.0,0.0,-0.7596160058753574,110
2025-10-13 15:00:00,DDPG,0.3262644933920869,0.0,0.0,0.0,0.0,0.0,-0.6264493392086901,110
2025-10-13 16:00:00,DDPG,0.32535782672542024,0.0,0.0,0.0,0.0,0.0,-0.5357826725420232,110
2025-10-13 17:00:00,DDPG,0.3249044933920869,0.0,0.0,0.0,0.0,0.0,-0.4904493392086873,110
2025-10-13 18:00:00,DDPG,0.32476282672542023,0.0,0.0,0.0,0.0,0.0,-0.4762826725420224,110
2025-10-13 19:00:00,DDPG,0.3246778267254202,0.0,0.0,0.0,0.0,0.0,-0.46778267254202177,110
2025-10-13 20:00:00,DDPG,0.3245644933920869,0.0,0.0,0.0,0.0,0.0,-0.4564493392086866,110
2025-10-13 21:00:00,DDPG,0.32439449339208687,0.0,0.0,0.0,0.0,0.0,-0.43944933920868623,110
2025-10-13 22:00:00,DDPG,0.32422449339208687,0.0,0.0,0.0,0.0,0.0,-0.4224493392086859,110
2025-10-13 23:00:00,DDPG,0.32405449339208686,0.0,0.0,0.0,0.0,0.0,-0.40544933920868553,110
2025-10-14 00:00:00,DDPG,0.3239128267254202,0.0,0.0,0.0,0.0,0.0,-0.39128267254202065,110
2025-10-14 01:00:00,DDPG,0.3237711600587535,0.0,0.0,0.0,0.0,0.0,-0.37711600587535,110
2025-10-14 02:00:00,DDPG,0.32365782672542015,0.0,0.0,0.0,0.0,0.0,-0.36578267254201435,110
2025-10-14 03:00:00,DDPG,0.3235444933920868,0.0,0.0,0.0,0.0,0.0,-0.3544493392086787,110
2025-10-14 04:00:00,DDPG,0.32340282672542014,0.0,0.0,0.0,0.0,0.0,-0.34028267254201383,110
2025-10-14 05:00:00,DDPG,0.32323282672542014,0.0,0.0,0.0,0.0,0.0,-0.3232826725420135,110
2025-10-14 06:00:00,DDPG,0.32300616005875343,0.0,0.0,0.0,0.0,0.0,-0.30061600587534265,110
2025-10-14 07:00:00,DDPG,0.32252449339208683,0.0,0.0,0.0,0.0,0.0,-0.2524493392086824,110
2025-10-14 08:00:00,DDPG,0.3216461600587535,0.0,0.0,0.0,0.0,0.0,-0.16461600587535097,110
2025-10-14 09:00:00,DDPG,0.32034282672542014,0.0,0.0,0.0,0.0,0.0,-0.03428267254201334,110
2025-10-14 10:00:00,DDPG,0.31872782672542016,0.0,0.0,0.0,0.0,0.0,2.0,110
2025-10-14 11:00:00,DDPG,0.31688616005875353,0.0,0.0,0.0,0.0,0.0,2.0,110
2025-10-14 12:00:00,DDPG,0.31495949339208684,0.0,0.0,0.0,0.0,0.0,2.0,110
2025-10-14 13:00:00,DDPG,0.3131461600587535,0.0,0.0,0.0,0.0,0.0,2.0,110
2025-10-14 14:00:00,DDPG,0.31155949339208683,0.0,0.0,0.0,0.0,0.0,2.0,110
2025-10-14 15:00:00,DDPG,0.3103128267254202,0.0,0.0,0.0,0.0,0.0,2.0,110
2025-10-14 16:00:00,DDPG,0.3094344933920869,0.0,0.0,0.0,0.0,0.0,2.0,110
2025-10-14 17:00:00,DDPG,0.30895282672542024,0.0,0.0,0.0,0.0,0.0,2.0,110
2025-10-14 18:00:00,DDPG,0.3087261600587536,0.0,0.0,0.0,0.0,0.0,2.0,110
2025-10-14 19:00:00,DDPG,0.3088611600587536,0.0,0.0,0.0,0.0,0.0,2.0,110
2025-10-14 20:00:00,DDPG,0.3086628267254202,0.0,0.0,0.0,0.0,0.0,2.0,110
2025-10-14 21:00:00,DDPG,0.3084361600587536,0.0,0.0,0.0,0.0,0.0,2.0,110
2025-10-14 22:00:00,DDPG,0.3082094933920869,0.0,0.0,0.0,0.0,0.0,2.0,110
2025-10-14 23:00:00,DDPG,0.30798282672542027,0.0,0.0,0.0,0.0,0.0,2.0,110
2025-10-15 00:00:00,DDPG,0.3077844933920869,0.0,0.0,0.0,0.0,0.0,2.0,110
2025-10-15 01:00:00,DDPG,0.30755782672542026,0.0,0.0,0.0,0.0,0.0,2.0,110
2025-10-15 02:00:00,DDPG,0.3073311600587536,0.0,0.0,0.0,0.0,0.0,2.0,110
2025-10-15 03:00:00,DDPG,0.30710449339208695,0.0,0.0,0.0,0.0,0.0,2.0,110
2025-10-15 04:00:00,DDPG,0.3068778267254203,0.0,0.0,0.0,0.0,0.0,2.0,110
2025-10-15 05:00:00,DDPG,0.30667949339208694,0.0,0.0,0.0,0.0,0.0,2.0,110
2025-10-15 06:00:00,DDPG,0.3064528267254203,0.0,0.0,0.0,0.0,0.0,2.0,110
2025-10-15 07:00:00,DDPG,0.30597116005875363,0.0,0.0,0.0,0.0,0.0,2.0,110
2025-10-15 08:00:00,DDPG,0.3050928267254203,0.0,0.0,0.0,0.0,0.0,2.0,110
2025-10-15 09:00:00,DDPG,0.303874493392087,0.0,0.0,0.0,0.0,0.0,2.0,110
2025-10-15 10:00:00,DDPG,0.30234449339208697,0.0,0.0,0.0,0.0,0.0,2.0,110
2025-10-15 11:00:00,DDPG,0.300644493392087,0.0,0.0,0.0,0.0,0.0,2.0,110
2025-10-15 12:00:00,DDPG,0.29966782672542036,0.0,0.0,0.0,0.0,0.0,2.0,110
2025-10-15 13:00:00,DDPG,0.298974493392087,0.0,0.0,0.0,0.0,0.0,2.0,110
2025-10-15 14:00:00,DDPG,0.298479493392087,0.0,0.0,0.0,0.0,0.0,2.0,110
2025-10-15 15:00:00,DDPG,0.30662949339208706,0.0,0.0,0.0,0.0,0.0,2.0,110
2025-10-15 16:00:00,DDPG,0.3068428267254204,0.0,0.0,0.0,0.0,0.0,2.0,110
2025-10-15 17:00:00,DDPG,0.3068361605554591,1.4901161193847656e-07,0.0,0.0,0.0,0.0,1.9999999970197677,110
2025-10-15 18:00:00,DDPG,0.30697116055545903,0.0,0.0,0.0,0.0,0.0,1.999999998509884,110
2025-10-15 19:00:00,DDPG,0.30710616055545903,0.0,0.0,0.0,0.0,0.0,2.0,110
2025-10-15 20:00:00,DDPG,0.3069078272221257,0.0,0.0,0.0,0.0,0.0,2.0,110
2025-10-15 21:00:00,DDPG,0.3067094938887924,0.0,0.0,0.0,0.0,0.0,2.0,110
2025-10-15 22:00:00,DDPG,0.30753949388879237,0.0,0.0,0.0,0.0,0.0,2.0,110
2025-10-15 23:00:00,DDPG,0.30839782722212566,0.0,0.0,0.0,0.0,0.0,2.0,110
2025-10-16 00:00:00,DDPG,0.3162844938887923,0.0,0.0,0.0,0.0,0.0,2.0,110
2025-10-16 01:00:00,DDPG,0.32114282722212567,0.0,0.0,0.0,0.0,0.0,-0.11428272221256641,110
2025-10-16 02:00:00,DDPG,0.32236282722212567,0.0,0.0,0.0,0.0,0.0,-0.2362827222125663,110
2025-10-16 03:00:00,DDPG,0.32627782722212567,0.0,0.0,0.0,0.0,0.0,-0.6277827222125665,110
2025-10-16 04:00:00,DDPG,0.3265544938887923,0.0,0.0,0.0,0.0,0.0,-0.655449388879231,110
2025-10-16 05:00:00,DDPG,0.3264694938887924,0.0,0.0,0.0,0.0,0.0,-0.6469493888792366,110
2025-10-16 06:00:00,DDPG,0.3379944938887923,0.0,0.0,0.0,0.0,0.0,-1.799449388879232,110
2025-10-16 07:00:00,DDPG,0.3406828272221257,0.0,0.0,0.0,0.0,0.0,-2.068282722212567,110
2025-10-16 08:00:00,DDPG,0.339946160555459,0.0,0.0,0.0,0.0,0.0,-1.9946160555459,110
2025-10-16 09:00:00,DDPG,0.3402878272221257,0.0,0.0,0.0,0.0,0.0,-2.0287827222125685,110
2025-10-16 10:00:00,DDPG,0.3412394938887923,0.0,0.0,0.0,0.0,0.0,-2.1239493888792316,110
2025-10-16 11:00:00,DDPG,0.3401278272221257,0.0,0.0,0.0,0.0,0.0,-2.0127827222125694,110
2025-10-16 12:00:00,DDPG,0.33910116055545897,0.0,0.0,0.0,0.0,0.0,-1.9101160555458963,110
2025-10-16 13:00:00,DDPG,0.339876160555459,0.0,0.0,0.0,0.0,0.0,-1.9876160555458986,110
2025-10-16 14:00:00,DDPG,0.3392678272221257,0.0,0.0,0.0,0.0,0.0,-1.9267827222125664,110
2025-10-16 15:00:00,DDPG,0.3392478272221257,0.0,0.0,0.0,0.0,0.0,-1.9247827222125702,110
2025-10-16 16:00:00,DDPG,0.33884449388879234,0.0,0.0,0.0,0.0,0.0,-1.8844493888792337,110
2025-10-16 17:00:00,DDPG,0.33839116055545904,0.0,0.0,0.0,0.0,0.0,-1.8391160555459027,110
2025-10-16 18:00:00,DDPG,0.33813616055545903,0.0,0.0,0.0,0.0,0.0,-1.8136160555459027,110
2025-10-16 19:00:00,DDPG,0.337881160555459,0.0,0.0,0.0,0.0,0.0,-1.7881160555459017,110
2025-10-16 20:00:00,DDPG,0.3375978272221257,0.0,0.0,0.0,0.0,0.0,-1.759782722212572,110
2025-10-16 21:00:00,DDPG,0.337286160555459,0.0,0.0,0.0,0.0,0.0,-1.728616055545901,110
2025-10-16 22:00:00,DDPG,0.33697449388879236,0.0,0.0,0.0,0.0,0.0,-1.6974493888792352,110
2025-10-16 23:00:00,DDPG,0.33669116055545906,0.0,0.0,0.0,0.0,0.0,-1.669116055545905,110
2025-10-17 00:00:00,DDPG,0.33640782722212575,0.0,0.0,0.0,0.0,0.0,-1.6407827222125748,110
2025-10-17 01:00:00,DDPG,0.33618116055545905,0.0,0.0,0.0,0.0,0.0,-1.618116055545904,110
2025-10-17 02:00:00,DDPG,0.3359544938887924,0.0,0.0,0.0,0.0,0.0,-1.5954493888792385,110
2025-10-17 03:00:00,DDPG,0.33572782722212574,0.0,0.0,0.0,0.0,0.0,-1.5727827222125734,110
2025-10-17 04:00:00,DDPG,0.3355011605554591,0.0,0.0,0.0,0.0,0.0,-1.5501160555459084,110
2025-10-17 05:00:00,DDPG,0.33527449388879244,0.0,0.0,0.0,0.0,0.0,-1.5274493888792429,110
2025-10-17 06:00:00,DDPG,0.33501949388879243,0.0,0.0,0.0,0.0,0.0,-1.5019493888792423,110
2025-10-17 07:00:00,DDPG,0.3345944938887925,0.0,0.0,0.0,0.0,0.0,-1.4594493888792472,110
2025-10-17 08:00:00,DDPG,0.3337728272221258,0.0,0.0,0.0,0.0,0.0,-1.3772827222125805,110
2025-10-17 09:00:00,DDPG,0.3325828272221258,0.0,0.0,0.0,0.0,0.0,-1.258282722212578,110
2025-10-17 10:00:00,DDPG,0.3322511605554591,0.0,0.0,0.0,0.0,0.0,-1.2251160555459109,110
2025-10-17 11:00:00,DDPG,0.3307211605554591,0.0,0.0,0.0,0.0,0.0,-1.0721160555459077,110
2025-10-17 12:00:00,DDPG,0.3297728272221258,0.0,0.0,0.0,0.0,0.0,-0.9772827222125802,110
2025-10-17 13:00:00,DDPG,0.32957616055545913,0.0,0.0,0.0,0.0,0.0,-0.9576160555459126,110
2025-10-17 14:00:00,DDPG,0.3297761605554591,0.0,0.0,0.0,0.0,0.0,-0.9776160555459104,110
2025-10-17 15:00:00,DDPG,0.3289761605554591,0.0,0.0,0.0,0.0,0.0,-0.8976160555459076,110
2025-10-17 16:00:00,DDPG,0.32999116055545913,0.0,0.0,0.0,0.0,0.0,-0.9991160555459122,110
2025-10-17 17:00:00,DDPG,0.32962282722212577,0.0,0.0,0.0,0.0,0.0,-0.962282722212576,110
2025-10-17 18:00:00,DDPG,0.3300628272221258,0.0,0.0,0.0,0.0,0.0,-1.0062827222125814,110
2025-10-17 19:00:00,DDPG,0.3306161605554591,0.0,0.0,0.0,0.0,0.0,-1.0616160555459109,110
2025-10-17 20:00:00,DDPG,0.3314744938887924,0.0,0.0,0.0,0.0,0.0,-1.1474493888792403,110
2025-10-17 21:00:00,DDPG,0.33138949388879246,0.0,0.0,0.0,0.0,0.0,-1.1389493888792455,110
2025-10-17 22:00:00,DDPG,0.33233282722212576,0.0,0.0,0.0,0.0,0.0,-1.233282722212575,110
2025-10-17 23:00:00,DDPG,0.33630449388879247,0.0,0.0,0.0,0.0,0.0,-1.6304493888792457,110
2025-10-18 00:00:00,DDPG,0.33660949388879247,0.0,0.0,0.0,0.0,0.0,-1.6609493888792457,110
2025-10-18 01:00:00,DDPG,0.3365811605554591,0.0,0.0,0.0,0.0,0.0,-1.6581160555459107,110
2025-10-18 02:00:00,DDPG,0.33652449388879246,0.0,0.0,0.0,0.0,0.0,-1.652449388879246,110
2025-10-18 03:00:00,DDPG,0.3371344938887925,0.0,0.0,0.0,0.0,0.0,-1.7134493888792512,110
2025-10-18 04:00:00,DDPG,0.34241116055545917,0.0,0.0,0.0,0.0,0.0,-2.241116055545916,110
2025-10-18 05:00:00,DDPG,0.3460778272221258,0.0,0.0,0.0,0.0,0.0,-2.6077827222125816,110
2025-10-18 06:00:00,DDPG,0.3463261605554591,0.0,0.0,0.0,0.0,0.0,-2.6326160555459115,110
2025-10-18 07:00:00,DDPG,0.34607116055545917,0.0,0.0,0.0,0.0,0.0,-2.607116055545916,110
2025-10-18 08:00:00,DDPG,0.34539116055545915,0.0,0.0,0.0,0.0,0.0,-2.5391160555459145,110
2025-10-18 09:00:00,DDPG,0.3442861605554592,0.0,0.0,0.0,0.0,0.0,-2.428616055545918,110
2025-10-18 10:00:00,DDPG,0.3429828272221258,0.0,0.0,0.0,0.0,0.0,-2.29828272221258,110
2025-10-18 11:00:00,DDPG,0.3412828272221258,0.0,0.0,0.0,0.0,0.0,-2.1282827222125764,110
2025-10-18 12:00:00,DDPG,0.3394694938887925,0.0,0.0,0.0,0.0,0.0,-1.9469493888792488,110
2025-10-18 13:00:00,DDPG,0.33768449388879246,0.0,0.0,0.0,0.0,0.0,-1.7684493888792452,110
2025-10-18 14:00:00,DDPG,0.3360694938887925,0.0,0.0,0.0,0.0,0.0,-1.6069493888792472,110
2025-10-18 15:00:00,DDPG,0.3356028272221258,0.0,0.0,0.0,0.0,0.0,-1.5602827222125804,110
2025-10-18 16:00:00,DDPG,0.3350078272221258,0.0,0.0,0.0,0.0,0.0,-1.5007827222125791,110
2025-10-18 17:00:00,DDPG,0.33508616055545914,0.0,0.0,0.0,0.0,0.0,-1.5086160555459136,110
2025-10-18 18:00:00,DDPG,0.33494449388879244,0.0,0.0,0.0,0.0,0.0,-1.494449388879243,110
2025-10-18 19:00:00,DDPG,0.3348594938887925,0.0,0.0,0.0,0.0,0.0,-1.4859493888792485,110
2025-10-18 20:00:00,DDPG,0.3347744938887925,0.0,0.0,0.0,0.0,0.0,-1.4774493888792484,110
2025-10-18 21:00:00,DDPG,0.33468949388879254,0.0,0.0,0.0,0.0,0.0,-1.4689493888792535,110
2025-10-18 22:00:00,DDPG,0.33460449388879254,0.0,0.0,0.0,0.0,0.0,-1.4604493888792538,110
2025-10-18 23:00:00,DDPG,0.33451949388879254,0.0,0.0,0.0,0.0,0.0,-1.4519493888792532,110
2025-10-19 00:00:00,DDPG,0.3344344938887926,0.0,0.0,0.0,0.0,0.0,-1.4434493888792588,110
2025-10-19 01:00:00,DDPG,0.33432116055545924,0.0,0.0,0.0,0.0,0.0,-1.4321160555459231,110
2025-10-19 02:00:00,DDPG,0.3342078272221259,0.0,0.0,0.0,0.0,0.0,-1.420782722212588,110
2025-10-19 03:00:00,DDPG,0.3347611605554592,0.0,0.0,0.0,0.0,0.0,-1.4761160555459174,110
2025-10-19 04:00:00,DDPG,0.3380378272221259,0.0,0.0,0.0,0.0,0.0,-1.803782722212588,110
2025-10-19 05:00:00,DDPG,0.33831449388879253,0.0,0.0,0.0,0.0,0.0,-1.8314493888792525,110
2025-10-19 06:00:00,DDPG,0.33950616055545924,0.0,0.0,0.0,0.0,0.0,-1.9506160555459227,110
2025-10-19 07:00:00,DDPG,0.3391944938887925,0.0,0.0,0.0,0.0,0.0,-1.9194493888792517,110
2025-10-19 08:00:00,DDPG,0.33854282722212586,0.0,0.0,0.0,0.0,0.0,-1.8542827222125857,110
2025-10-19 09:00:00,DDPG,0.3373528272221259,0.0,0.0,0.0,0.0,0.0,-1.735282722212589,110
2025-10-19 10:00:00,DDPG,0.3358511605554592,0.0,0.0,0.0,0.0,0.0,-1.585116055545921,110
2025-10-19 11:00:00,DDPG,0.33459782722212583,0.0,0.0,0.0,0.0,0.0,-1.4597827222125828,110
2025-10-19 12:00:00,DDPG,0.33348616055545915,0.0,0.0,0.0,0.0,0.0,-1.3486160555459148,110
2025-10-19 13:00:00,DDPG,0.3318144938887925,0.0,0.0,0.0,0.0,0.0,-1.181449388879252,110
2025-10-19 14:00:00,DDPG,0.3304261605554592,0.0,0.0,0.0,0.0,0.0,-1.0426160555459196,110
2025-10-19 15:00:00,DDPG,0.32917949388879253,0.0,0.0,0.0,0.0,0.0,-0.9179493888792525,110
2025-10-19 16:00:00,DDPG,0.32832949388879257,0.0,0.0,0.0,0.0,0.0,-0.8329493888792561,110
2025-10-19 17:00:00,DDPG,0.3278478272221259,0.0,0.0,0.0,0.0,0.0,-0.78478272221259,110
2025-10-19 18:00:00,DDPG,0.32762116055545926,0.0,0.0,0.0,0.0,0.0,-0.762116055545925,110
2025-10-19 19:00:00,DDPG,0.32845116055545925,0.0,0.0,0.0,0.0,0.0,-0.8451160555459247,110
2025-10-19 20:00:00,DDPG,0.32830949388879255,0.0,0.0,0.0,0.0,0.0,-0.8309493888792541,110
2025-10-19 21:00:00,DDPG,0.3281961605554592,0.0,0.0,0.0,0.0,0.0,-0.8196160555459189,110
2025-10-19 22:00:00,DDPG,0.32874949388879254,0.0,0.0,0.0,0.0,0.0,-0.8749493888792537,110
2025-10-19 23:00:00,DDPG,0.3289978272221259,0.0,0.0,0.0,0.0,0.0,-0.8997827222125885,110
2025-10-20 00:00:00,DDPG,0.33427449388879255,0.0,0.0,0.0,0.0,0.0,-1.4274493888792539,110
2025-10-20 01:00:00,DDPG,0.33482782722212584,0.0,0.0,0.0,0.0,0.0,-1.4827827222125833,110
2025-10-20 02:00:00,DDPG,0.3347428272221259,0.0,0.0,0.0,0.0,0.0,-1.474282722212589,110
2025-10-20 03:00:00,DDPG,0.33496282722212584,0.0,0.0,0.0,0.0,0.0,-1.496282722212583,110
2025-10-20 04:00:00,DDPG,0.3355161605554592,0.0,0.0,0.0,0.0,0.0,-1.5516160555459182,110
2025-10-20 05:00:00,DDPG,0.33573616055545913,0.0,0.0,0.0,0.0,0.0,-1.5736160555459122,110
2025-10-20 06:00:00,DDPG,0.3375944938887924,0.0,0.0,0.0,0.0,0.0,-1.7594493888792417,110
2025-10-20 07:00:00,DDPG,0.3382828272221257,0.0,0.0,0.0,0.0,0.0,-1.8282827222125708,110
2025-10-20 08:00:00,DDPG,0.33760282722212576,0.0,0.0,0.0,0.0,0.0,-1.7602827222125752,110
2025-10-20 09:00:00,DDPG,0.3364694938887924,0.0,0.0,0.0,0.0,0.0,-1.6469493888792375,110
2025-10-20 10:00:00,DDPG,0.3349394938887924,0.0,0.0,0.0,0.0,0.0,-1.4939493888792397,110
2025-10-20 11:00:00,DDPG,0.3338494938887924,0.0,0.0,0.0,0.0,0.0,-1.384949388879242,110
2025-10-20 12:00:00,DDPG,0.34343282722212576,0.0,0.0,0.0,0.0,0.0,-2.3432827222125754,110
2025-10-20 13:00:00,DDPG,0.3458244938887924,0.0,0.0,0.0,0.0,0.0,-2.5824493888792377,110
2025-10-20 14:00:00,DDPG,0.3445494938887924,0.0,0.0,0.0,0.0,0.0,-2.454949388879241,110
2025-10-20 15:00:00,DDPG,0.3434161605554591,0.0,0.0,0.0,0.0,0.0,-2.3416160555459085,110
2025-10-20 16:00:00,DDPG,0.3426511605554591,0.0,0.0,0.0,0.0,0.0,-2.2651160555459073,110
2025-10-20 17:00:00,DDPG,0.3422544938887924,0.0,0.0,0.0,0.0,0.0,-2.225449388879241,110
2025-10-20 18:00:00,DDPG,0.3424178272221257,0.0,0.0,0.0,0.0,0.0,-2.2417827222125712,110
2025-10-20 19:00:00,DDPG,0.34263782722212566,0.0,0.0,0.0,0.0,0.0,-2.2637827222125653,110
2025-10-20 20:00:00,DDPG,0.3425244938887923,0.0,0.0,0.0,0.0,0.0,-2.2524493888792296,110
2025-10-20 21:00:00,DDPG,0.34341116055545895,0.0,0.0,0.0,0.0,0.0,-2.3411160555458945,110
2025-10-20 22:00:00,DDPG,0.3433544938887923,0.0,0.0,0.0,0.0,0.0,-2.33544938887923,110
2025-10-20 23:00:00,DDPG,0.34429782722212565,0.0,0.0,0.0,0.0,0.0,-2.4297827222125647,110
2025-10-21 00:00:00,DDPG,0.34490782722212565,0.0,0.0,0.0,0.0,0.0,-2.4907827222125647,110
2025-10-21 01:00:00,DDPG,0.3458228272221257,0.0,0.0,0.0,0.0,0.0,-2.58228272221257,110
2025-10-21 02:00:00,DDPG,0.3470428272221257,0.0,0.0,0.0,0.0,0.0,-2.70428272221257,110
2025-10-21 03:00:00,DDPG,0.3489294938887923,0.0,0.0,0.0,0.0,0.0,-2.892949388879229,110
2025-10-21 04:00:00,DDPG,0.3525600444999131,0.0,0.0,0.08533481666377014,0.0,0.0,-3.2560044499913063,110
2025-10-21 05:00:00,DDPG,0.3531020400499218,0.0,0.0,0.10340133499739182,0.0,0.0,-3.310204004992179,110
2025-10-21 06:00:00,DDPG,0.3721643360449296,0.0,0.0,0.7388112014976529,0.0,0.0,-5.216433604492959,110
2025-10-21 07:00:00,DDPG,0.37036940244043665,0.0,0.0,0.6789800813478877,0.0,0.0,-5.036940244043664,110
2025-10-21 08:00:00,DDPG,0.36787346219639294,0.0,0.0,0.5957820732130984,0.0,0.0,-4.787346219639294,110
2025-10-21 09:00:00,DDPG,0.3652446159767537,0.0,0.0,0.5081538658917879,0.0,0.0,-4.524461597675367,110
2025-10-21 10:00:00,DDPG,0.36267465437907825,0.0,0.0,0.42248847930260924,0.0,0.0,-4.267465437907825,110
2025-10-21 11:00:00,DDPG,0.36530868894117047,0.0,0.0,0.5102896313723477,0.0,0.0,-4.530868894117046,110
2025-10-21 12:00:00,DDPG,0.3670853200470534,0.0,0.0,0.5695106682351139,0.0,0.0,-4.70853200470534,110
2025-10-21 13:00:00,DDPG,0.37061178804234807,0.0,0.0,0.6870596014116033,0.0,0.0,-5.061178804234806,110
2025-10-21 14:00:00,DDPG,0.36803460923811326,0.0,0.0,0.6011536412704417,0.0,0.0,-4.8034609238113255,110
2025-10-21 15:00:00,DDPG,0.36538964831430193,0.0,0.0,0.512988277143397,0.0,0.0,-4.538964831430192,110
2025-10-21 16:00:00,DDPG,0.3632131834828717,0.0,0.0,0.4404394494290571,1.4210854715202004e-14,0.0,-4.321318348287168,110
2025-10-21 17:00:00,DDPG,0.3615858651345845,0.0,0.0,0.3861955044861503,0.0,0.0,-4.1585865134584505,110
2025-10-21 18:00:00,DDPG,0.360299778621126,0.0,0.0,0.34332595403753463,0.0,0.0,-4.029977862112599,110
2025-10-21 19:00:00,DDPG,0.3594423007590134,0.0,0.0,0.3147433586337798,0.0,0.0,-3.9442300759013396,110
2025-10-21 20:00:00,DDPG,0.35867057068311203,0.0,0.0,0.2890190227704011,0.0,0.0,-3.867057068311203,110
2025-10-21 21:00:00,DDPG,0.3577015136148008,0.0,0.0,0.2567171204933601,0.0,0.0,-3.770151361480078,110
2025-10-21 22:00:00,DDPG,0.3570783622533207,0.0,0.0,0.23594540844402304,0.0,0.0,-3.707836225332067,110
2025-10-21 23:00:00,DDPG,0.36616852602798855,0.0,0.0,0.5389508675996197,0.0,0.0,-4.616852602798854,110
2025-10-22 00:00:00,DDPG,0.36774967342518966,0.0,0.0,0.5916557808396562,0.0,0.0,-4.774967342518965,110
2025-10-22 01:00:00,DDPG,0.37329620608267067,0.0,0.0,0.7765402027556902,0.0,0.0,-5.329620608267066,110
2025-10-22 02:00:00,DDPG,0.37563908547440356,0.0,0.0,0.8546361824801196,0.0,0.0,-5.563908547440355,110
2025-10-22 03:00:00,DDPG,0.3735221769269632,0.0,0.0,0.7840725642321076,0.0,0.0,-5.35221769269632,110
2025-10-22 04:00:00,DDPG,0.3713424592342669,0.0,0.0,0.7114153078088962,0.0,0.0,-5.134245923426689,110
2025-10-22 05:00:00,DDPG,0.3691062133108402,0.0,0.0,0.6368737770280064,0.0,0.0,-4.91062133108402,110
2025-10-22 06:00:00,DDPG,0.36734259197975616,0.0,0.0,0.5780863993252056,0.0,0.0,-4.734259197975615,110
2025-10-22 07:00:00,DDPG,0.36832783278178055,0.0,0.0,0.6109277593926848,0.0,0.0,-4.832783278178054,110
2025-10-22 08:00:00,DDPG,0.36818704950360254,0.0,0.0,0.6062349834534175,0.0,0.0,-4.818704950360253,110
2025-10-22 09:00:00,DDPG,0.3664328445532423,0.0,0.0,0.5477614851080759,0.0,0.0,-4.643284455324231,110
2025-10-22 10:00:00,DDPG,0.36452256009791806,0.0,0.0,0.48408533659726916,0.0,0.0,-4.452256009791805,110
2025-10-22 11:00:00,DDPG,0.36199930408812625,0.0,0.0,0.39997680293754173,0.0,0.0,-4.199930408812625,110
2025-10-22 12:00:00,DDPG,0.3601303736793136,0.0,0.0,0.3376791226437874,0.0,0.0,-4.013037367931361,110
2025-10-22 13:00:00,DDPG,0.36422483631138225,0.0,0.0,0.4741612103794083,0.0,0.0,-4.422483631138224,110
2025-10-22 14:00:00,DDPG,0.36228035268024406,0.0,0.0,0.40934508934146835,0.0,0.0,-4.228035268024405,110
2025-10-22 15:00:00,DDPG,0.3604853174122196,0.0,0.0,0.3495105804073205,0.0,0.0,-4.048531741221961,110
2025-10-22 16:00:00,DDPG,0.3590992856709976,0.0,0.0,0.30330952236658676,0.0,0.0,-3.9099285670997572,110
2025-10-22 17:00:00,DDPG,0.3590578571038978,0.0,0.0,0.3019285701299282,0.0,0.0,-3.9057857103897806,110
2025-10-22 18:00:00,DDPG,0.357922571393508,0.0,0.0,0.2640857131169355,0.0,0.0,-3.792257139350802,110
2025-10-22 19:00:00,DDPG,0.35875181425415725,0.0,0.0,0.29172714180524084,0.0,0.0,-3.8751814254157244,110
2025-10-22 20:00:00,DDPG,0.35797263282874153,0.0,0.0,0.2657544276247165,0.0,0.0,-3.7972632828741526,110
2025-10-22 21:00:00,DDPG,0.35699686954586735,0.0,0.0,0.2332289848622452,0.0,0.0,-3.699686954586734,110
2025-10-22 22:00:00,DDPG,0.3564186825912806,0.0,0.0,0.21395608637601954,0.0,0.0,-3.641868259128062,110
2025-10-22 23:00:00,DDPG,0.3580238143321525,0.0,0.0,0.2674604777384175,0.0,0.0,-3.8023814332152517,110
2025-10-23 00:00:00,DDPG,0.35951943289893723,0.0,0.0,0.3173144299645742,0.0,0.0,-3.9519432898937223,110
2025-10-23 01:00:00,DDPG,0.3593654896090435,0.0,0.0,0.31218298696811647,0.0,0.0,-3.936548960904352,110
2025-10-23 02:00:00,DDPG,0.36282694064813914,0.0,0.0,0.4275646882713048,0.0,0.0,-4.282694064813914,110
2025-10-23 03:00:00,DDPG,0.3617422465833252,0.0,0.0,0.39140821944417326,0.0,0.0,-4.174224658332521,110
2025-10-23 04:00:00,DDPG,0.3722170219249927,0.0,0.0,0.740567397499757,0.0,0.0,-5.221702192499267,110
2025-10-23 05:00:00,DDPG,0.37291881973249347,0.0,0.0,0.7639606577497816,0.0,0.0,-5.291881973249346,110
2025-10-23 06:00:00,DDPG,0.38555043775924414,0.0,0.0,1.1850145919748045,0.0,0.0,-6.555043775924414,110
2025-10-23 07:00:00,DDPG,0.3821423939833197,0.0,0.0,1.071413132777323,0.0,0.0,-6.214239398331966,110
2025-10-23 08:00:00,DDPG,0.3861221545849877,0.0,0.0,1.2040718194995905,0.0,0.0,-6.6122154584987705,110
2025-10-23 09:00:00,DDPG,0.38554893912648897,0.0,0.0,1.184964637549632,0.0,0.0,-6.554893912648897,110
2025-10-23 10:00:00,DDPG,0.38124854521384005,0.0,0.0,1.0416181737946688,0.0,0.0,-6.124854521384005,110
2025-10-23 11:00:00,DDPG,0.3806271906924561,0.0,0.0,1.0209063564152019,0.0,0.0,-6.06271906924561,110
2025-10-23 12:00:00,DDPG,0.3766659716232104,0.0,0.0,0.8888657207736813,0.0,0.0,-5.666597162321041,110
2025-10-23 13:00:00,DDPG,0.3730813744608894,0.0,0.0,0.7693791486963136,0.0,0.0,-5.3081374460889394,110
2025-10-23 14:00:00,DDPG,0.3703082370148005,0.0,0.0,0.6769412338266818,0.0,0.0,-5.030823701480047,110
2025-10-23 15:00:00,DDPG,0.3676399133133204,0.0,0.0,0.587997110444013,0.0,0.0,-4.76399133133204,110
2025-10-23 16:00:00,DDPG,0.36536592198198836,0.0,0.0,0.5121973993996122,0.0,0.0,-4.536592198198836,110
2025-10-23 17:00:00,DDPG,0.36357432978378956,0.0,0.0,0.45247765945965174,0.0,0.0,-4.357432978378956,110
2025-10-23 18:00:00,DDPG,0.3620638968054106,0.0,0.0,0.40212989351368694,0.0,0.0,-4.206389680541061,110
2025-10-23 19:00:00,DDPG,0.3607300071248695,0.0,0.0,0.3576669041623177,0.0,0.0,-4.073000712486952,110
2025-10-23 20:00:00,DDPG,0.35950400641238256,0.0,0.0,0.316800213746086,0.0,0.0,-3.9504006412382555,110
2025-10-23 21:00:00,DDPG,0.35845160577114427,0.0,0.0,0.2817201923714762,0.0,0.0,-3.8451605771144255,110
2025-10-23 22:00:00,DDPG,0.35782994519402983,0.0,0.0,0.2609981731343282,0.0,0.0,-3.7829945194029824,110
2025-10-23 23:00:00,DDPG,0.35844495067462684,0.0,0.0,0.2814983558208951,0.0,0.0,-3.8444950674626828,110
2025-10-24 00:00:00,DDPG,0.35989845560716416,0.0,0.0,0.32994852023880417,0.0,0.0,-3.9898455607164154,110
2025-10-24 01:00:00,DDPG,0.35973211004644773,0.0,0.0,0.32440366821492433,0.0,0.0,-3.9732110046447726,110
2025-10-24 02:00:00,DDPG,0.359282399041803,0.0,0.0,0.30941330139343254,0.0,0.0,-3.9282399041802973,110
2025-10-24 03:00:00,DDPG,0.3603776591376227,0.0,0.0,0.34592197125409,0.0,0.0,-4.03776591376227,110
2025-10-24 04:00:00,DDPG,0.36196339322386045,0.0,0.0,0.39877977412868265,0.0,0.0,-4.196339322386045,110
2025-10-24 05:00:00,DDPG,0.36129055390147446,0.0,0.0,0.37635179671581515,0.0,0.0,-4.129055390147446,110
2025-10-24 06:00:00,DDPG,0.360659498511327,0.0,0.0,0.3553166170442339,0.0,0.0,-4.0659498511327,110
2025-10-24 07:00:00,DDPG,0.3593385486601943,0.0,0.0,0.3112849553398107,0.0,0.0,-3.9338548660194315,110
2025-10-24 08:00:00,DDPG,0.3584946937941749,0.0,0.0,0.2831564598058293,0.0,0.0,-3.849469379417492,110
2025-10-24 09:00:00,DDPG,0.36713122441475743,0.0,0.0,0.5710408138252475,0.0,0.0,-4.713122441475742,110
2025-10-24 10:00:00,DDPG,0.36497860197328164,0.0,0.0,0.49928673244272237,0.0,0.0,-4.497860197328163,110
2025-10-24 11:00:00,DDPG,0.3626332417759535,0.0,0.0,0.4211080591984498,0.0,0.0,-4.263324177595351,110
2025-10-24 12:00:00,DDPG,0.3606694175983582,0.0,0.0,0.355647253278606,0.0,0.0,-4.066941759835818,110
2025-10-24 13:00:00,DDPG,0.35987847583852234,0.0,0.0,0.3292825279507454,0.0,0.0,-3.9878475838522327,110
2025-10-24 14:00:00,DDPG,0.3588726282546701,0.0,0.0,0.29575427515567015,0.0,0.0,-3.8872628254670083,110
2025-10-24 15:00:00,DDPG,0.3576988654292031,0.0,0.0,0.25662884764010274,0.0,0.0,-3.7698865429203092,110
2025-10-24 16:00:00,DDPG,0.35701897888628276,0.0,0.0,0.23396596287609273,0.0,0.0,-3.7018978886282747,110
2025-10-24 17:00:00,DDPG,0.3566875809976545,0.0,0.0,0.22291936658848358,0.0,0.0,-3.6687580997654514,110
2025-10-24 18:00:00,DDPG,0.356816822897889,0.0,0.0,0.22722742992963418,0.0,0.0,-3.6816822897889008,110
2025-10-24 19:00:00,DDPG,0.3564096406081001,0.0,0.0,0.2136546869366697,0.0,0.0,-3.640964060810009,110
2025-10-24 20:00:00,DDPG,0.3572686765472901,0.0,0.0,0.2422892182430033,0.0,0.0,-3.72686765472901,110
2025-10-24 21:00:00,DDPG,0.35774180889256113,0.0,0.0,0.2580602964187037,0.0,0.0,-3.7741808892561126,110
2025-10-24 22:00:00,DDPG,0.35726762800330497,0.0,0.0,0.2422542667768326,1.4210854715202004e-14,0.0,-3.726762800330496,110
2025-10-24 23:00:00,DDPG,0.35654086520297446,0.0,0.0,0.21802884009914864,0.0,0.0,-3.6540865202974446,110
2025-10-25 00:00:00,DDPG,0.355861278682677,0.0,0.0,0.1953759560892337,0.0,0.0,-3.586127868267697,110
2025-10-25 01:00:00,DDPG,0.3552751508144093,0.0,0.0,0.17583836048031004,0.0,0.0,-3.5275150814409297,110
2025-10-25 02:00:00,DDPG,0.35474763573296836,0.0,0.0,0.15825452443227875,0.0,0.0,-3.474763573296835,110
2025-10-25 03:00:00,DDPG,0.3560473721596715,0.0,0.0,0.20157907198905037,0.0,0.0,-3.604737215967152,110
2025-10-25 04:00:00,DDPG,0.35691713494370436,0.0,0.0,0.2305711647901461,0.0,0.0,-3.6917134943704353,110
2025-10-25 05:00:00,DDPG,0.35677442144933397,0.0,0.0,0.22581404831113192,0.0,0.0,-3.677442144933396,110
2025-10-25 06:00:00,DDPG,0.35626947930440056,0.0,0.0,0.20898264348001733,0.0,0.0,-3.626947930440055,110
2025-10-25 07:00:00,DDPG,0.3557130313739605,0.0,0.0,0.19043437913201589,0.0,0.0,-3.5713031373960478,110
2025-10-25 08:00:00,DDPG,0.35643172823656444,0.0,0.0,0.2143909412188137,0.0,0.0,-3.6431728236564433,110
2025-10-25 09:00:00,DDPG,0.3566510554129079,0.0,0.0,0.2217018470969322,0.0,0.0,-3.6651055412907922,110
2025-10-25 10:00:00,DDPG,0.35539344987161714,0.0,0.0,0.1797816623872379,0.0,0.0,-3.539344987161713,110
2025-10-25 11:00:00,DDPG,0.3534771048844554,0.0,0.0,0.11590349614851335,0.0,0.0,-3.3477104884455375,110
2025-10-25 12:00:00,DDPG,0.3535328943960099,0.0,0.0,0.11776314653366171,0.0,0.0,-3.353289439600987,110
2025-10-25 13:00:00,DDPG,0.36413410495640886,0.0,0.0,0.4711368318802954,0.0,0.0,-4.413410495640885,110
2025-10-25 14:00:00,DDPG,0.3628046944607679,0.0,0.0,0.42682314869226445,0.0,0.0,-4.28046944607679,110
2025-10-25 15:00:00,DDPG,0.36174172501469115,0.0,0.0,0.3913908338230385,0.0,0.0,-4.174172501469115,110
2025-10-25 16:00:00,DDPG,0.36146155251322204,0.0,0.0,0.38205175044073486,0.0,0.0,-4.146155251322203,110
2025-10-25 17:00:00,DDPG,0.36011139726189983,0.0,0.0,0.33704657539666133,0.0,0.0,-4.011139726189983,110
2025-10-25 18:00:00,DDPG,0.35927275753570986,0.0,0.0,0.3090919178569948,0.0,0.0,-3.927275753570986,110
2025-10-25 19:00:00,DDPG,0.3581669817821389,0.0,0.0,0.2722327260712959,0.0,0.0,-3.8166981782138896,110
2025-10-25 20:00:00,DDPG,0.358422783603925,0.0,0.0,0.2807594534641666,0.0,0.0,-3.8422783603924984,110
2025-10-25 21:00:00,DDPG,0.3577275052435325,0.0,0.0,0.25758350811774877,0.0,0.0,-3.7727505243532464,110
2025-10-25 22:00:00,DDPG,0.3568272547191792,0.0,0.0,0.22757515730597364,0.0,0.0,-3.6827254719179194,110
2025-10-25 23:00:00,DDPG,0.3574915292472613,0.0,0.0,0.24971764157537565,0.0,0.0,-3.749152924726129,110
2025-10-26 00:00:00,DDPG,0.35868937632253517,0.0,0.0,0.2896458774178385,0.0,0.0,-3.868937632253516,110
2025-10-26 01:00:00,DDPG,0.35886743869028165,0.0,0.0,0.29558128967605485,0.0,0.0,-3.886743869028164,110
2025-10-26 02:00:00,DDPG,0.3578276948212535,0.0,0.0,0.2609231607084496,0.0,0.0,-3.7827694821253477,110
2025-10-26 03:00:00,DDPG,0.35749192533912816,0.0,0.0,0.2497308446376053,0.0,0.0,-3.749192533912815,110
2025-10-26 04:00:00,DDPG,0.3568897328052153,0.0,0.0,0.22965776017384343,0.0,0.0,-3.6889732805215294,110
2025-10-26 05:00:00,DDPG,0.3563477595246937,0.0,0.0,0.21159198415645764,0.0,0.0,-3.6347759524693712,110
2025-10-26 06:00:00,DDPG,0.35553448357222434,0.0,0.0,0.184482785740812,0.0,0.0,-3.5534483572224325,110
2025-10-26 07:00:00,DDPG,0.35472603521500196,0.0,0.0,0.15753450716673145,0.0,0.0,-3.4726035215001954,110
2025-10-26 08:00:00,DDPG,0.3537689316935017,0.0,0.0,0.12563105645005807,0.0,0.0,-3.3768931693501703,110
2025-10-26 09:00:00,DDPG,0.35287603852415156,0.0,0.0,0.09586795080505084,0.0,0.0,-3.287603852415155,110
2025-10-26 10:00:00,DDPG,0.3514919346717364,0.0,0.0,0.04973115572454674,0.0,0.0,-3.149193467173639,110
2025-10-26 11:00:00,DDPG,0.35011874120456277,0.0,0.0,0.003958040152092224,0.0,0.0,-3.011874120456276,110
2025-10-26 12:00:00,DDPG,0.34856040787122944,0.0,0.0,0.0,0.0,0.0,-2.856040787122943,110
2025-10-26 13:00:00,DDPG,0.3470020745378961,0.0,0.0,0.0,0.0,0.0,-2.70020745378961,110
2025-10-26 14:00:00,DDPG,0.3456137412045628,0.0,0.0,0.0,0.0,0.0,-2.5613741204562777,110
2025-10-26 15:00:00,DDPG,0.34448040787122947,0.0,0.0,0.0,0.0,0.0,-2.448040787122946,110
2025-10-26 16:00:00,DDPG,0.34371540787122945,0.0,0.0,0.0,0.0,0.0,-2.371540787122944,110
2025-10-26 17:00:00,DDPG,0.34340374120456274,0.0,0.0,0.0,0.0,0.0,-2.340374120456273,110
2025-10-26 18:00:00,DDPG,0.34337540787122944,0.0,0.0,0.0,0.0,0.0,-2.3375407871229434,110
2025-10-26 19:00:00,DDPG,0.34329040787122944,0.0,0.0,0.0,0.0,0.0,-2.3290407871229437,110
2025-10-26 20:00:00,DDPG,0.34387207453789614,0.0,0.0,0.0,0.0,0.0,-2.387207453789614,110
2025-10-26 21:00:00,DDPG,0.34548207453789614,0.0,0.0,0.0,0.0,0.0,-2.5482074537896136,110
2025-10-26 22:00:00,DDPG,0.34528374120456284,0.0,0.0,0.0,0.0,0.0,-2.5283741204562835,110
2025-10-26 23:00:00,DDPG,0.34502874120456284,0.0,0.0,0.0,0.0,0.0,-2.5028741204562834,110
2025-10-27 00:00:00,DDPG,0.34555374120456284,0.0,0.0,0.0,0.0,0.0,-2.5553741204562828,110
2025-10-27 01:00:00,DDPG,0.35252186708410654,0.0,0.0,0.08406223613688582,0.0,0.0,-3.2521867084106537,110
2025-10-27 02:00:00,DDPG,0.35279318037569596,0.0,0.0,0.093106012523198,0.0,0.0,-3.2793180375695954,110
2025-10-27 03:00:00,DDPG,0.35361186233812636,0.0,0.0,0.12039541127087859,0.0,0.0,-3.361186233812635,110
2025-10-27 04:00:00,DDPG,0.3537486761043137,0.0,0.0,0.12495587014379056,0.0,0.0,-3.3748676104313704,110
2025-10-27 05:00:00,DDPG,0.3535463084938823,0.0,0.0,0.11821028312941025,0.0,0.0,-3.3546308493882293,110
2025-10-27 06:00:00,DDPG,0.35328767764449404,0.0,0.0,0.10958925481646845,0.0,0.0,-3.3287677644494025,110
2025-10-27 07:00:00,DDPG,0.3526274098800446,0.0,0.0,0.08758032933482128,0.0,0.0,-3.2627409880044587,110
2025-10-27 08:00:00,DDPG,0.3520271688920401,0.0,0.0,0.06757229640133744,0.0,0.0,-3.2027168892040105,110
2025-10-27 09:00:00,DDPG,0.35255945200283617,0.0,0.0,0.08531506676120415,-1.4210854715202004e-14,0.0,-3.255945200283616,110
2025-10-27 10:00:00,DDPG,0.35388750680255254,0.0,0.0,0.12958356008508362,0.0,0.0,-3.388750680255254,110
2025-10-27 11:00:00,DDPG,0.3527337561222973,0.0,0.0,0.09112520407657598,0.0,0.0,-3.273375612229729,110
2025-10-27 12:00:00,DDPG,0.35646988051006756,0.0,0.0,0.2156626836689185,0.0,0.0,-3.6469880510067556,110
2025-10-27 13:00:00,DDPG,0.3580578924590608,0.0,0.0,0.26859641530202655,0.0,0.0,-3.8057892459060767,110
2025-10-27 14:00:00,DDPG,0.35845960321315473,0.0,0.0,0.2819867737718241,0.0,0.0,-3.8459603213154727,110
2025-10-27 15:00:00,DDPG,0.35760164289183927,0.0,0.0,0.25338809639464305,0.0,0.0,-3.760164289183926,110
2025-10-27 16:00:00,DDPG,0.35663147860265537,0.0,0.0,0.22104928675517785,0.0,0.0,-3.6631478602655365,110
2025-10-27 17:00:00,DDPG,0.35631333074238986,0.0,0.0,0.21044435807966125,0.0,0.0,-3.6313330742389844,110
2025-10-27 18:00:00,DDPG,0.3555544976681509,0.0,0.0,0.1851499222716953,0.0,0.0,-3.555449766815089,110
2025-10-27 19:00:00,DDPG,0.3554970479013358,0.0,0.0,0.18323493004452587,0.0,0.0,-3.5497047901335783,110
2025-10-27 20:00:00,DDPG,0.3548453431112022,0.0,0.0,0.16151143704007326,0.0,0.0,-3.4845343111202185,110
2025-10-27 21:00:00,DDPG,0.35545880880008196,0.0,0.0,0.18196029333606561,0.0,0.0,-3.5458808800081956,110
2025-10-27 22:00:00,DDPG,0.3562854279200737,0.0,0.0,0.2095142640024591,0.0,0.0,-3.628542792007372,110
2025-10-27 23:00:00,DDPG,0.35552938512806637,0.0,0.0,0.1843128376022122,0.0,0.0,-3.5529385128066355,110
2025-10-28 00:00:00,DDPG,0.35634894661525973,0.0,0.0,0.21163155384199117,0.0,0.0,-3.6348946615259727,110
2025-10-28 01:00:00,DDPG,0.37118655195373373,0.0,0.0,0.7062183984577914,0.0,0.0,-5.118655195373373,110
2025-10-28 02:00:00,DDPG,0.3695658967583604,0.0,0.0,0.6521965586120118,0.0,0.0,-4.956589675836037,110
2025-10-28 03:00:00,DDPG,0.3677818070825243,0.0,0.0,0.5927269027508103,0.0,0.0,-4.778180708252427,110
2025-10-28 04:00:00,DDPG,0.3671016263742719,0.0,0.0,0.5700542124757292,0.0,0.0,-4.71016263742719,110
2025-10-28 05:00:00,DDPG,0.3658639637368447,0.0,0.0,0.5287987912281565,0.0,0.0,-4.586396373684471,110
2025-10-28 06:00:00,DDPG,0.36475006736316024,0.0,0.0,0.4916689121053409,0.0,0.0,-4.475006736316023,110
2025-10-28 07:00:00,DDPG,0.3630200606268442,0.0,0.0,0.4340020208948076,0.0,0.0,-4.302006062684422,110
2025-10-28 08:00:00,DDPG,0.3666140545641598,0.0,0.0,0.5538018188053272,0.0,0.0,-4.661405456415979,110
2025-10-28 09:00:00,DDPG,0.3678956491077438,0.0,0.0,0.5965216369247941,0.0,0.0,-4.78956491077438,110
2025-10-28 10:00:00,DDPG,0.36792558419696947,0.0,0.0,0.5975194732323147,0.0,0.0,-4.792558419696946,110
2025-10-28 11:00:00,DDPG,0.3678505257772725,0.0,0.0,0.5950175259090841,0.0,0.0,-4.78505257772725,110
2025-10-28 12:00:00,DDPG,0.3676554731995453,0.0,0.0,0.5885157733181757,0.0,0.0,-4.7655473199545275,110
2025-10-28 13:00:00,DDPG,0.36775442587959073,0.0,0.0,0.5918141959863575,0.0,0.0,-4.7754425879590725,110
2025-10-28 14:00:00,DDPG,0.36894748329163163,0.0,0.0,0.631582776387721,0.0,0.0,-4.894748329163162,110
2025-10-28 15:00:00,DDPG,0.3702957349624685,0.0,0.0,0.6765244987489496,0.0,0.0,-5.029573496246847,110
2025-10-28 16:00:00,DDPG,0.3700856614662216,0.0,0.0,0.6695220488740546,0.0,0.0,-5.008566146622162,110
2025-10-28 17:00:00,DDPG,0.36842209531959946,0.0,0.0,0.6140698439866498,0.0,0.0,-4.842209531959946,110
2025-10-28 18:00:00,DDPG,0.3664523857876395,0.0,0.0,0.5484128595879838,0.0,0.0,-4.64523857876395,110
2025-10-28 19:00:00,DDPG,0.36497964720887555,0.0,0.0,0.4993215736291845,0.0,0.0,-4.497964720887554,110
2025-10-28 20:00:00,DDPG,0.36335418248798795,0.0,0.0,0.4451394162662652,0.0,0.0,-4.335418248798795,110
2025-10-28 21:00:00,DDPG,0.36189126423918916,0.0,0.0,0.396375474639639,0.0,0.0,-4.189126423918915,110
2025-10-28 22:00:00,DDPG,0.3606001378152702,0.0,0.0,0.35333792717567436,0.0,0.0,-4.060013781527022,110
2025-10-28 23:00:00,DDPG,0.3594636240337432,0.0,0.0,0.31545413445810766,0.0,0.0,-3.9463624033743203,110
2025-10-29 00:00:00,DDPG,0.3584407616303689,0.0,0.0,0.28135872101229753,0.0,0.0,-3.844076163036892,110
2025-10-29 01:00:00,DDPG,0.35752018546733205,0.0,0.0,0.2506728489110685,0.0,0.0,-3.752018546733204,110
2025-10-29 02:00:00,DDPG,0.3566916669205989,0.0,0.0,0.22305556401996257,0.0,0.0,-3.669166692059889,110
2025-10-29 03:00:00,DDPG,0.355920500228539,0.0,0.0,0.19735000761796614,0.0,0.0,-3.5920500228538987,110
2025-10-29 04:00:00,DDPG,0.35547545020568505,0.0,0.0,0.18251500685616834,0.0,0.0,-3.5475450205685046,110
2025-10-29 05:00:00,DDPG,0.35777490518511657,0.0,0.0,0.2591635061705517,0.0,0.0,-3.777490518511656,110
2025-10-29 06:00:00,DDPG,0.35769341466660487,0.0,0.0,0.2564471555534965,0.0,0.0,-3.769341466660486,110
2025-10-29 07:00:00,DDPG,0.3635690731999444,0.0,0.0,0.4523024399981466,0.0,0.0,-4.356907319994441,110
2025-10-29 08:00:00,DDPG,0.36304916587994995,0.0,0.0,0.4349721959983313,0.0,0.0,-4.304916587994994,110
2025-10-29 09:00:00,DDPG,0.37255774929195495,0.0,0.0,0.7519249763984988,0.0,0.0,-5.2557749291954945,110
2025-10-29 10:00:00,DDPG,0.37459197436275943,0.0,0.0,0.8197324787586482,0.0,0.0,-5.459197436275942,110
2025-10-29 11:00:00,DDPG,0.3731677769264835,0.0,0.0,0.7722592308827828,0.0,0.0,-5.31677769264835,110
2025-10-29 12:00:00,DDPG,0.3708839992338351,0.0,0.0,0.6961333077945042,0.0,0.0,-5.088399923383507,110
2025-10-29 13:00:00,DDPG,0.3692815993104516,0.0,0.0,0.6427199770150538,0.0,0.0,-4.928159931045162,110
2025-10-29 14:00:00,DDPG,0.37051393937940647,0.0,0.0,0.6837979793135489,0.0,0.0,-5.051393937940646,110
2025-10-29 15:00:00,DDPG,0.37012904544146585,0.0,0.0,0.6709681813821945,0.0,0.0,-5.0129045441465845,110
2025-10-29 16:00:00,DDPG,0.37148664089731925,0.0,0.0,0.7162213632439759,0.0,0.0,-5.148664089731925,110
2025-10-29 17:00:00,DDPG,0.3700339768075873,0.0,0.0,0.6677992269195784,0.0,0.0,-5.003397680758731,110
2025-10-29 18:00:00,DDPG,0.3678520791268286,0.0,0.0,0.5950693042276199,0.0,0.0,-4.78520791268286,110
2025-10-29 19:00:00,DDPG,0.3659393712141457,0.0,0.0,0.5313123738048574,0.0,0.0,-4.593937121414571,110
2025-10-29 20:00:00,DDPG,0.3642179340927312,0.0,0.0,0.4739311364243719,0.0,0.0,-4.421793409273117,110
2025-10-29 21:00:00,DDPG,0.36266864068345805,0.0,0.0,0.42228802278193456,0.0,0.0,-4.266864068345805,110
2025-10-29 22:00:00,DDPG,0.36124877661511223,0.0,0.0,0.37495922050374164,0.0,0.0,-4.124877661511222,110
2025-10-29 23:00:00,DDPG,0.360245398953601,0.0,0.0,0.3415132984533671,0.0,0.0,-4.0245398953601015,110
2025-10-30 00:00:00,DDPG,0.3590423590582409,0.0,0.0,0.30141196860803066,0.0,0.0,-3.9042359058240885,110
2025-10-30 01:00:00,DDPG,0.3604616231524168,0.0,0.0,0.3487207717472274,0.0,0.0,-4.046162315241681,110
2025-10-30 02:00:00,DDPG,0.3593389608371752,0.0,0.0,0.31129869457250553,0.0,0.0,-3.93389608371752,110
2025-10-30 03:00:00,DDPG,0.3583285647534577,0.0,0.0,0.27761882511525615,0.0,0.0,-3.8328564753457695,110
2025-10-30 04:00:00,DDPG,0.35766820827811185,0.0,0.0,0.2556069426037297,0.0,0.0,-3.766820827811185,110
2025-10-30 05:00:00,DDPG,0.3573993874503007,0.0,0.0,0.246646248343356,0.0,0.0,-3.739938745030069,110
2025-10-30 06:00:00,DDPG,0.3571319487052706,0.0,0.0,0.23773162350902055,0.0,0.0,-3.713194870527059,110
2025-10-30 07:00:00,DDPG,0.35621475383474355,0.0,0.0,0.20715846115811873,0.0,0.0,-3.621475383474354,110
2025-10-30 08:00:00,DDPG,0.3549812784512692,0.0,0.0,0.16604261504230777,0.0,0.0,-3.4981278451269198,110
2025-10-30 09:00:00,DDPG,0.3535651506061423,0.0,0.0,0.11883835353807655,0.0,0.0,-3.356515060614229,110
2025-10-30 10:00:00,DDPG,0.35213763554552807,0.0,0.0,0.07125451818426853,-1.4210854715202004e-14,0.0,-3.2137635545528065,110
2025-10-30 11:00:00,DDPG,0.3508018719909753,0.0,0.0,0.02672906636584287,0.0,0.0,-3.0801871990975283,110
2025-10-30 12:00:00,DDPG,0.3493002053243086,0.0,0.0,0.0,0.0,0.0,-2.93002053243086,110
2025-10-30 13:00:00,DDPG,0.3484502053243086,0.0,0.0,0.0,0.0,0.0,-2.8450205324308584,110
2025-10-30 14:00:00,DDPG,0.3475652053243086,0.0,0.0,0.0,0.0,0.0,-2.756520532430862,110
2025-10-30 15:00:00,DDPG,0.3464602053243086,0.0,0.0,0.0,0.0,0.0,-2.6460205324308594,110
2025-10-30 16:00:00,DDPG,0.3457235386576419,0.0,0.0,0.0,0.0,0.0,-2.572353865764187,110
2025-10-30 17:00:00,DDPG,0.34546853865764193,0.0,0.0,0.0,0.0,0.0,-2.5468538657641924,110
2025-10-30 18:00:00,DDPG,0.3454118719909753,0.0,0.0,0.0,0.0,0.0,-2.5411871990975277,110
2025-10-30 19:00:00,DDPG,0.34535520532430863,0.0,0.0,0.0,0.0,0.0,-2.535520532430863,110
2025-10-30 20:00:00,DDPG,0.3453268719909753,0.0,0.0,0.0,0.0,0.0,-2.532687199097527,110
2025-10-30 21:00:00,DDPG,0.34529853865764193,0.0,0.0,0.0,0.0,0.0,-2.529853865764192,110
2025-10-30 22:00:00,DDPG,0.34527020532430863,0.0,0.0,0.0,0.0,0.0,-2.5270205324308623,110
2025-10-30 23:00:00,DDPG,0.3452418719909753,0.0,0.0,0.0,0.0,0.0,-2.5241871990975273,110
2025-10-31 00:00:00,DDPG,0.345213538657642,0.0,0.0,0.0,0.0,0.0,-2.5213538657641976,110
2025-10-31 01:00:00,DDPG,0.34510020532430863,0.0,0.0,0.0,0.0,0.0,-2.510020532430862,110
2025-10-31 02:00:00,DDPG,0.3449868719909753,0.0,0.0,0.0,0.0,0.0,-2.4986871990975263,110
2025-10-31 03:00:00,DDPG,0.3448735386576419,0.0,0.0,0.0,0.0,0.0,-2.4873538657641916,110
2025-10-31 04:00:00,DDPG,0.34476020532430857,0.0,0.0,0.0,0.0,0.0,-2.476020532430856,110
2025-10-31 05:00:00,DDPG,0.3446468719909752,0.0,0.0,0.0,0.0,0.0,-2.4646871990975203,110
2025-10-31 06:00:00,DDPG,0.3445052053243085,0.0,0.0,0.0,0.0,0.0,-2.4505205324308497,110
2025-10-31 07:00:00,DDPG,0.3441368719909752,0.0,0.0,0.0,0.0,0.0,-2.4136871990975193,110
2025-10-31 08:00:00,DDPG,0.3433718719909752,0.0,0.0,0.0,0.0,0.0,-2.337187199097518,110
2025-10-31 09:00:00,DDPG,0.34218187199097516,0.0,0.0,0.0,0.0,0.0,-2.2181871990975157,110
2025-10-31 10:00:00,DDPG,0.3406518719909752,0.0,0.0,0.0,0.0,0.0,-2.065187199097518,110
2025-10-31 11:00:00,DDPG,0.33898020532430856,0.0,0.0,0.0,0.0,0.0,-1.8980205324308552,110
2025-10-31 12:00:00,DDPG,0.3372235386576419,0.0,0.0,0.0,0.0,0.0,-1.7223538657641866,110
2025-10-31 13:00:00,DDPG,0.3355518719909752,0.0,0.0,0.0,0.0,0.0,-1.5551871990975186,110
2025-10-31 14:00:00,DDPG,0.3340785386576419,0.0,0.0,0.0,0.0,0.0,-1.4078538657641912,110
2025-10-31 15:00:00,DDPG,0.3328885386576419,0.0,0.0,0.0,0.0,0.0,-1.2888538657641888,110
2025-10-31 16:00:00,DDPG,0.3323785386576419,0.0,0.0,0.0,0.0,0.0,-1.2378538657641878,110
2025-10-31 17:00:00,DDPG,0.3320952053243086,0.0,0.0,0.0,0.0,0.0,-1.209520532430858,110
2025-10-31 18:00:00,DDPG,0.3320102053243086,0.0,0.0,0.0,0.0,0.0,-1.2010205324308574,110
2025-10-31 19:00:00,DDPG,0.3319818719909753,0.0,0.0,0.0,0.0,0.0,-1.1981871990975277,110
2025-10-31 20:00:00,DDPG,0.33195353865764193,0.0,0.0,0.0,0.0,0.0,-1.1953538657641927,110
2025-10-31 21:00:00,DDPG,0.3318968719909753,0.0,0.0,0.0,0.0,0.0,-1.189687199097528,110
2025-10-31 22:00:00,DDPG,0.33184020532430863,0.0,0.0,0.0,0.0,0.0,-1.1840205324308628,110
2025-10-31 23:00:00,DDPG,0.331783538657642,0.0,0.0,0.0,0.0,0.0,-1.1783538657641976,110
2025-11-01 00:00:00,DDPG,0.33172687199097534,0.0,0.0,0.0,0.0,0.0,-1.172687199097533,110
2025-11-01 01:00:00,DDPG,0.33164187199097533,0.0,0.0,0.0,0.0,0.0,-1.1641871990975328,110
2025-11-01 02:00:00,DDPG,0.3315568719909754,0.0,0.0,0.0,0.0,0.0,-1.155687199097538,110
2025-11-01 03:00:00,DDPG,0.3314718719909754,0.0,0.0,0.0,0.0,0.0,-1.1471871990975382,110
2025-11-01 04:00:00,DDPG,0.33138687199097544,0.0,0.0,0.0,0.0,0.0,-1.1386871990975433,110
2025-11-01 05:00:00,DDPG,0.33130187199097544,0.0,0.0,0.0,0.0,0.0,-1.1301871990975432,110
2025-11-01 06:00:00,DDPG,0.3311885386576421,0.0,0.0,0.0,0.0,0.0,-1.1188538657642075,110
2025-11-01 07:00:00,DDPG,0.3309052053243088,0.0,0.0,0.0,0.0,0.0,-1.0905205324308778,110
2025-11-01 08:00:00,DDPG,0.33014020532430877,0.0,0.0,0.0,0.0,0.0,-1.0140205324308758,110
2025-11-01 09:00:00,DDPG,0.32892187199097545,0.0,0.0,0.0,0.0,0.0,-0.8921871990975436,110
2025-11-01 10:00:00,DDPG,0.3273635386576421,0.0,0.0,0.0,0.0,0.0,-0.7363538657642108,110
2025-11-01 11:00:00,DDPG,0.32569187199097543,0.0,0.0,0.0,0.0,0.0,-0.5691871990975428,110
2025-11-01 12:00:00,DDPG,0.32390687199097545,0.0,0.0,0.0,0.0,0.0,-0.39068719909754446,110
2025-11-01 13:00:00,DDPG,0.3221218719909755,0.0,0.0,0.0,0.0,0.0,-0.21218719909754657,110
2025-11-01 14:00:00,DDPG,0.3205352053243088,0.0,0.0,0.0,0.0,0.0,-0.05352053243087873,110
2025-11-01 15:00:00,DDPG,0.31931687199097547,0.0,0.0,0.0,0.0,0.0,2.0,110
2025-11-01 16:00:00,DDPG,0.31855187199097545,0.0,0.0,0.0,0.0,0.0,2.0,110
2025-11-01 17:00:00,DDPG,0.31826853865764215,0.0,0.0,0.0,0.0,0.0,2.0,110
2025-11-01 18:00:00,DDPG,0.31824020532430886,0.0,0.0,0.0,0.0,0.0,2.0,110
2025-11-01 19:00:00,DDPG,0.3182118719909755,0.0,0.0,0.0,0.0,0.0,2.0,110
2025-11-01 20:00:00,DDPG,0.31815520532430885,0.0,0.0,0.0,0.0,0.0,2.0,110
2025-11-01 21:00:00,DDPG,0.3180985386576422,0.0,0.0,0.0,0.0,0.0,2.0,110
2025-11-01 22:00:00,DDPG,0.31804187199097556,0.0,0.0,0.0,0.0,0.0,2.0,110
2025-11-01 23:00:00,DDPG,0.3179852053243089,0.0,0.0,0.0,0.0,0.0,2.0,110
2025-11-02 00:00:00,DDPG,0.31792853865764226,0.0,0.0,0.0,0.0,0.0,2.0,110
2025-11-02 01:00:00,DDPG,0.3178718719909756,0.0,0.0,0.0,0.0,0.0,2.0,110
2025-11-02 02:00:00,DDPG,0.31781520532430896,0.0,0.0,0.0,0.0,0.0,2.0,110
2025-11-02 03:00:00,DDPG,0.3177585386576423,0.0,0.0,0.0,0.0,0.0,2.0,110
2025-11-02 04:00:00,DDPG,0.31770187199097566,0.0,0.0,0.0,0.0,0.0,2.0,110
2025-11-02 05:00:00,DDPG,0.31764520532430895,0.0,0.0,0.0,0.0,0.0,2.0,110
2025-11-02 06:00:00,DDPG,0.317560205324309,0.0,0.0,0.0,0.0,0.0,2.0,110
2025-11-02 07:00:00,DDPG,0.3172485386576423,0.0,0.0,0.0,0.0,0.0,2.0,110
2025-11-02 08:00:00,DDPG,0.316540205324309,0.0,0.0,0.0,0.0,0.0,2.0,110
2025-11-02 09:00:00,DDPG,0.3153785386576423,0.0,0.0,0.0,0.0,0.0,2.0,110
2025-11-02 10:00:00,DDPG,0.3139335386576423,0.0,0.0,0.0,0.0,0.0,2.0,110
2025-11-02 11:00:00,DDPG,0.3123185386576423,0.0,0.0,0.0,0.0,0.0,2.0,110
2025-11-02 12:00:00,DDPG,0.310675205324309,0.0,0.0,0.0,0.0,0.0,2.0,110
2025-11-02 13:00:00,DDPG,0.30894687199097565,0.0,0.0,0.0,0.0,0.0,2.0,110
2025-11-02 14:00:00,DDPG,0.30741687199097567,0.0,0.0,0.0,0.0,0.0,2.0,110
2025-11-02 15:00:00,DDPG,0.30622687199097565,0.0,0.0,0.0,0.0,0.0,2.0,110
2025-11-02 16:00:00,DDPG,0.305405205324309,0.0,0.0,0.0,0.0,0.0,2.0,110
2025-11-02 17:00:00,DDPG,0.304980205324309,0.0,0.0,0.0,0.0,0.0,2.0,110
2025-11-02 18:00:00,DDPG,0.3047818719909757,0.0,0.0,0.0,0.0,0.0,2.0,110
2025-11-02 19:00:00,DDPG,0.30464020532430897,0.0,0.0,0.0,0.0,0.0,2.0,110
2025-11-02 20:00:00,DDPG,0.3044985386576423,0.0,0.0,0.0,0.0,0.0,2.0,110
2025-11-02 21:00:00,DDPG,0.3044135386576423,0.0,0.0,0.0,0.0,0.0,2.0,110
2025-11-02 22:00:00,DDPG,0.30435687199097566,0.0,0.0,0.0,0.0,0.0,2.0,110
2025-11-02 23:00:00,DDPG,0.304300205324309,0.0,0.0,0.0,0.0,0.0,2.0,110
2025-11-03 00:00:00,DDPG,0.304215205324309,0.0,0.0,0.0,0.0,0.0,2.0,110
2025-11-03 01:00:00,DDPG,0.30407353865764236,0.0,0.0,0.0,0.0,0.0,2.0,110
2025-11-03 02:00:00,DDPG,0.30393187199097565,0.0,0.0,0.0,0.0,0.0,2.0,110
2025-11-03 03:00:00,DDPG,0.3041235386576423,0.0,0.0,0.0,0.0,0.0,2.0,110
2025-11-03 04:00:00,DDPG,0.3053718719909757,0.0,0.0,0.0,0.0,0.0,2.0,110
2025-11-03 05:00:00,DDPG,0.30531520532430906,0.0,0.0,0.0,0.0,0.0,2.0,110
2025-11-03 06:00:00,DDPG,0.30525853865764235,0.0,0.0,0.0,0.0,0.0,2.0,110
2025-11-03 07:00:00,DDPG,0.30491853865764235,0.0,0.0,0.0,0.0,0.0,2.0,110
2025-11-03 08:00:00,DDPG,0.3043235386576424,0.0,0.0,0.0,0.0,0.0,2.0,110
2025-11-03 09:00:00,DDPG,0.303665205324309,0.0,0.0,0.0,0.0,0.0,2.0,110
2025-11-03 10:00:00,DDPG,0.302560205324309,0.0,0.0,0.0,0.0,0.0,2.0,110
2025-11-03 11:00:00,DDPG,0.3012285386576423,0.0,0.0,0.0,0.0,0.0,2.0,110
2025-11-03 12:00:00,DDPG,0.301060205324309,0.0,0.0,0.0,0.0,0.0,2.0,110
2025-11-03 13:00:00,DDPG,0.3010335386576423,0.0,0.0,0.0,0.0,0.0,2.0,110
2025-11-03 14:00:00,DDPG,0.299815205324309,0.0,0.0,0.0,0.0,0.0,2.0,110
2025-11-03 15:00:00,DDPG,0.29879520532430903,0.0,0.0,0.0,0.0,0.0,2.0,110
2025-11-03 16:00:00,DDPG,0.298115205324309,0.0,0.0,0.0,0.0,0.0,2.0,110
2025-11-03 17:00:00,DDPG,0.297775205324309,0.0,0.0,0.0,0.0,0.0,2.0,110
2025-11-03 18:00:00,DDPG,0.29763353865764236,0.0,0.0,0.0,0.0,0.0,2.0,110
2025-11-03 19:00:00,DDPG,0.29746353865764236,0.0,0.0,0.0,0.0,0.0,2.0,110
2025-11-03 20:00:00,DDPG,0.29729353865764235,0.0,0.0,0.0,0.0,0.0,2.0,110
2025-11-03 21:00:00,DDPG,0.29715187199097565,0.0,0.0,0.0,0.0,0.0,2.0,110
2025-11-03 22:00:00,DDPG,0.297010205324309,0.0,0.0,0.0,0.0,0.0,2.0,110
2025-11-03 23:00:00,DDPG,0.2968685386576423,0.0,0.0,0.0,0.0,0.0,2.0,110
2025-11-04 00:00:00,DDPG,0.29675520532430893,0.0,0.0,0.0,0.0,0.0,2.0,110
2025-11-04 01:00:00,DDPG,0.2966418719909756,0.0,0.0,0.0,0.0,0.0,2.0,110
2025-11-04 02:00:00,DDPG,0.29650020532430893,0.0,0.0,0.0,0.0,0.0,2.0,110
2025-11-04 03:00:00,DDPG,0.2963585386576422,0.0,0.0,0.0,0.0,0.0,2.0,110
2025-11-04 04:00:00,DDPG,0.29621687199097557,0.0,0.0,0.0,0.0,0.0,2.0,110
2025-11-04 05:00:00,DDPG,0.2967135386576422,0.0,0.0,0.0,0.0,0.0,2.0,110
2025-11-04 06:00:00,DDPG,0.2965152053243089,0.0,0.0,0.0,0.0,0.0,2.0,110
2025-11-04 07:00:00,DDPG,0.29745187199097556,0.0,0.0,0.0,0.0,0.0,2.0,110
2025-11-04 08:00:00,DDPG,0.29674353865764225,0.0,0.0,0.0,0.0,0.0,2.0,110
2025-11-04 09:00:00,DDPG,0.2956668719909756,0.0,0.0,0.0,0.0,0.0,2.0,110
2025-11-04 10:00:00,DDPG,0.30337020532430886,0.0,0.0,0.0,0.0,0.0,2.0,110
2025-11-04 11:00:00,DDPG,0.30426520532430884,0.0,0.0,0.0,0.0,0.0,2.0,110
2025-11-04 12:00:00,DDPG,0.3067985386576422,0.0,0.0,0.0,0.0,0.0,2.0,110
2025-11-04 13:00:00,DDPG,0.3054952053243088,0.0,0.0,0.0,0.0,0.0,2.0,110
2025-11-04 14:00:00,DDPG,0.3042768719909755,0.0,0.0,0.0,0.0,0.0,2.0,110
2025-11-04 15:00:00,DDPG,0.3065402053243088,0.0,0.0,0.0,0.0,0.0,2.0,110
2025-11-04 16:00:00,DDPG,0.3063352053243088,0.0,0.0,0.0,0.0,0.0,2.0,110
2025-11-04 17:00:00,DDPG,0.3060235386576421,0.0,0.0,0.0,0.0,0.0,2.0,110
2025-11-04 18:00:00,DDPG,0.3058535386576421,0.0,0.0,0.0,0.0,0.0,2.0,110
2025-11-04 19:00:00,DDPG,0.30576853865764214,0.0,0.0,0.0,0.0,0.0,2.0,110
2025-11-04 20:00:00,DDPG,0.3056552053243088,0.0,0.0,0.0,0.0,0.0,2.0,110
2025-11-04 21:00:00,DDPG,0.30554187199097543,0.0,0.0,0.0,0.0,0.0,2.0,110
2025-11-04 22:00:00,DDPG,0.3054285386576421,0.0,0.0,0.0,0.0,0.0,2.0,110
2025-11-04 23:00:00,DDPG,0.3096768719909754,0.0,0.0,0.0,0.0,0.0,2.0,110
2025-11-05 00:00:00,DDPG,0.32598187199097545,0.0,0.0,0.0,0.0,0.0,-0.598187199097544,110
2025-11-05 01:00:00,DDPG,0.32789687199097545,0.0,0.0,0.0,0.0,0.0,-0.789687199097544,110
2025-11-05 02:00:00,DDPG,0.32978353865764204,0.0,0.0,0.0,0.0,0.0,-0.9783538657642032,110
2025-11-05 03:00:00,DDPG,0.3300318719909754,0.0,0.0,0.0,0.0,0.0,-1.003187199097538,110
2025-11-05 04:00:00,DDPG,0.33028020532430874,0.0,0.0,0.0,0.0,0.0,-1.0280205324308733,110
2025-11-05 05:00:00,DDPG,0.3305002053243087,0.0,0.0,0.0,0.0,0.0,-1.0500205324308673,110
2025-11-05 06:00:00,DDPG,0.330663538657642,0.0,0.0,0.0,0.0,0.0,-1.0663538657641967,110
2025-11-05 07:00:00,DDPG,0.3307702053243087,0.0,0.0,0.0,0.0,0.0,-1.0770205324308666,110
2025-11-05 08:00:00,DDPG,0.33254353865764197,0.0,0.0,0.0,0.0,0.0,-1.2543538657641964,110
2025-11-05 09:00:00,DDPG,0.3355652053243086,0.0,0.0,0.0,0.0,0.0,-1.5565205324308606,110
2025-11-05 10:00:00,DDPG,0.3385018719909753,0.0,0.0,0.0,0.0,0.0,-1.8501871990975305,110
2025-11-05 11:00:00,DDPG,0.3403252053243086,0.0,0.0,0.0,0.0,0.0,-2.0325205324308593,110
2025-11-05 12:00:00,DDPG,0.3451202053243086,0.0,0.0,0.0,0.0,0.0,-2.512020532430858,110
2025-11-05 13:00:00,DDPG,0.34594353865764194,0.0,0.0,0.0,0.0,0.0,-2.5943538657641927,110
2025-11-05 14:00:00,DDPG,0.34554020532430857,0.0,0.0,0.0,0.0,0.0,-2.5540205324308562,110
2025-11-05 15:00:00,DDPG,0.34583853865764186,0.0,0.0,0.0,0.0,0.0,-2.583853865764185,110
2025-11-05 16:00:00,DDPG,0.3478885386576419,0.0,0.0,0.0,0.0,0.0,-2.7888538657641906,110
2025-11-05 17:00:00,DDPG,0.3518211847918777,0.0,0.0,0.06070615972925708,0.0,0.0,-3.1821184791877677,110
2025-11-05 18:00:00,DDPG,0.3559860663126899,0.0,0.0,0.19953554375633048,0.0,0.0,-3.598606631268991,110
2025-11-05 19:00:00,DDPG,0.35888545968142094,0.0,0.0,0.29618198938069756,0.0,0.0,-3.8885459681420933,110
2025-11-05 20:00:00,DDPG,0.36236941371327885,0.0,0.0,0.4123137904426273,0.0,0.0,-4.236941371327885,110
2025-11-05 21:00:00,DDPG,0.36367947234195097,0.0,0.0,0.4559824113983652,0.0,0.0,-4.367947234195096,110
2025-11-05 22:00:00,DDPG,0.36935852510775585,0.0,0.0,0.6452841702585289,0.0,0.0,-4.935852510775584,110
2025-11-05 23:00:00,DDPG,0.3753696725969803,0.0,0.0,0.8456557532326756,0.0,0.0,-5.536967259698028,110
2025-11-06 00:00:00,DDPG,0.37745420533728224,0.0,0.0,0.9151401779094073,0.0,0.0,-5.745420533728224,110
2025-11-06 01:00:00,DDPG,0.380881284803554,0.0,0.0,1.0293761601184657,0.0,0.0,-6.088128480355397,110
2025-11-06 02:00:00,DDPG,0.38306565632319856,0.0,0.0,1.102188544106619,0.0,0.0,-6.306565632319856,110
2025-11-06 03:00:00,DDPG,0.38415709069087867,0.0,0.0,1.1385696896959558,0.0,0.0,-6.415709069087866,110
2025-11-06 04:00:00,DDPG,0.38691388162179075,0.0,0.0,1.2304627207263594,0.0,0.0,-6.691388162179074,110
2025-11-06 05:00:00,DDPG,0.38939499345961165,0.0,0.0,1.313166448653722,0.0,0.0,-6.939499345961163,110
2025-11-06 06:00:00,DDPG,0.3882769941136505,0.0,0.0,1.2758998037883502,0.0,0.0,-6.827699411365051,110
2025-11-06 07:00:00,DDPG,0.38574529470228547,0.0,0.0,1.1915098234095154,0.0,0.0,-6.574529470228546,110
2025-11-06 08:00:00,DDPG,0.3817882652320569,0.0,0.0,1.0596088410685638,0.0,0.0,-6.178826523205689,110
2025-11-06 09:00:00,DDPG,0.3780994387088512,0.0,0.0,0.936647956961707,0.0,0.0,-5.80994387088512,110
2025-11-06 10:00:00,DDPG,0.37462649483796606,0.0,0.0,0.820883161265536,0.0,0.0,-5.462649483796605,110
2025-11-06 11:00:00,DDPG,0.3712458453541695,0.0,0.0,0.7081948451389821,0.0,0.0,-5.124584535416949,110
2025-11-06 12:00:00,DDPG,0.36830526081875253,0.0,0.0,0.6101753606250839,0.0,0.0,-4.830526081875252,110
2025-11-06 13:00:00,DDPG,0.36553123473687726,0.0,0.0,0.5177078245625765,0.0,0.0,-4.553123473687726,110
2025-11-06 14:00:00,DDPG,0.3632641112631895,0.0,0.0,0.44213704210631877,0.0,0.0,-4.326411126318952,110
2025-11-06 15:00:00,DDPG,0.36117270013687064,0.0,0.0,0.37242333789568677,0.0,0.0,-4.1172700136870635,110
2025-11-06 16:00:00,DDPG,0.35951993012318356,0.0,0.0,0.3173310041061186,0.0,0.0,-3.951993012318356,110
2025-11-06 17:00:00,DDPG,0.3582109371108652,0.0,0.0,0.2736979036955063,0.0,0.0,-3.8210937110865206,110
2025-11-06 18:00:00,DDPG,0.35716034339977865,0.0,0.0,0.2386781133259561,0.0,0.0,-3.716034339977864,110
2025-11-06 19:00:00,DDPG,0.35661680905980075,0.0,0.0,0.22056030199335908,0.0,0.0,-3.6616809059800746,110
2025-11-06 20:00:00,DDPG,0.3558276281538207,0.0,0.0,0.19425427179402277,0.0,0.0,-3.5827628153820683,110
2025-11-06 21:00:00,DDPG,0.3551428653384386,0.0,0.0,0.1714288446146199,0.0,0.0,-3.5142865338438583,110
2025-11-06 22:00:00,DDPG,0.3544500788045947,0.0,0.0,0.1483359601531575,0.0,0.0,-3.445007880459472,110
2025-11-06 23:00:00,DDPG,0.3550520709241352,0.0,0.0,0.1684023641378417,0.0,0.0,-3.505207092413521,110
2025-11-07 00:00:00,DDPG,0.3544448638317217,0.0,0.0,0.14816212772405635,0.0,0.0,-3.444486383172168,110
2025-11-07 01:00:00,DDPG,0.3541728774485495,0.0,0.0,0.13909591495164905,0.0,0.0,-3.4172877448549466,110
2025-11-07 02:00:00,DDPG,0.35480258970369455,0.0,0.0,0.1600863234564841,0.0,0.0,-3.480258970369454,110
2025-11-07 03:00:00,DDPG,0.3562693307333251,0.0,0.0,0.20897769111083592,0.0,0.0,-3.626933073332511,110
2025-11-07 04:00:00,DDPG,0.36514039765999257,0.0,0.0,0.5046799219997524,0.0,0.0,-4.5140397659992555,110
2025-11-07 05:00:00,DDPG,0.36592435789399325,0.0,0.0,0.5308119297997763,0.0,0.0,-4.592435789399324,110
2025-11-07 06:00:00,DDPG,0.3644789221045939,0.0,0.0,0.48263073681979735,0.0,0.0,-4.447892210459392,110
2025-11-07 07:00:00,DDPG,0.36700152989413454,0.0,0.0,0.5667176631378184,0.0,0.0,-4.7001529894134535,110
2025-11-07 08:00:00,DDPG,0.39142087690472105,0.0,0.0,1.3806958968240353,0.0,0.0,-7.1420876904721045,110
2025-11-07 09:00:00,DDPG,0.3878217892142489,0.0,0.0,1.2607263071416313,1.4210854715202004e-14,0.0,-6.782178921424892,110
2025-11-07 10:00:00,DDPG,0.38423161029282404,0.0,0.0,1.1410536764274681,-1.4210854715202004e-14,0.0,-6.423161029282404,110
2025-11-07 11:00:00,DDPG,0.38017094926354167,0.0,0.0,1.0056983087847216,0.0,0.0,-6.017094926354165,110
2025-11-07 12:00:00,DDPG,0.3762613543371875,0.0,0.0,0.87537847790625,0.0,0.0,-5.626135433718749,110
2025-11-07 13:00:00,DDPG,0.37241121890346873,0.0,0.0,0.7470406301156246,0.0,0.0,-5.241121890346872,110
2025-11-07 14:00:00,DDPG,0.37017759701312186,0.0,0.0,0.6725865671040623,0.0,0.0,-5.017759701312185,110
2025-11-07 15:00:00,DDPG,0.36726733731180966,0.0,0.0,0.5755779103936561,0.0,0.0,-4.726733731180966,110
2025-11-07 16:00:00,DDPG,0.3649541035806287,0.0,0.0,0.4984701193542904,0.0,0.0,-4.495410358062868,110
2025-11-07 17:00:00,DDPG,0.36320369322256585,0.0,0.0,0.44012310741886157,0.0,0.0,-4.320369322256584,110
2025-11-07 18:00:00,DDPG,0.3618323239003093,0.0,0.0,0.39441079667697637,0.0,0.0,-4.183232390030928,110
2025-11-07 19:00:00,DDPG,0.36062359151027834,0.0,0.0,0.3541197170092787,0.0,0.0,-4.062359151027834,110
2025-11-07 20:00:00,DDPG,0.3595357323592505,0.0,0.0,0.3178577453083506,0.0,0.0,-3.9535732359250506,110
2025-11-07 21:00:00,DDPG,0.3585311591233255,0.0,0.0,0.28437197077751647,0.0,0.0,-3.85311591233255,110
2025-11-07 22:00:00,DDPG,0.357652543210993,0.0,0.0,0.25508477369976534,0.0,0.0,-3.765254321099299,110
2025-11-07 23:00:00,DDPG,0.35686178888989367,0.0,0.0,0.22872629632978914,-1.4210854715202004e-14,0.0,-3.6861788889893665,110
2025-11-08 00:00:00,DDPG,0.35615011000090435,0.0,0.0,0.20500366669681114,0.0,0.0,-3.6150110000904343,110
2025-11-08 01:00:00,DDPG,0.3555095990008139,0.0,0.0,0.18365330002713023,0.0,0.0,-3.5509599000813905,110
2025-11-08 02:00:00,DDPG,0.3549586391007325,0.0,0.0,0.16528797002441709,0.0,0.0,-3.4958639100732487,110
2025-11-08 03:00:00,DDPG,0.3544627751906593,0.0,0.0,0.1487591730219748,0.0,0.0,-3.4462775190659265,110
2025-11-08 04:00:00,DDPG,0.3540164976715933,0.0,0.0,0.1338832557197776,0.0,0.0,-3.4016497671593315,110
2025-11-08 05:00:00,DDPG,0.353614847904434,0.0,0.0,0.12049493014779955,0.0,0.0,-3.3614847904433978,110
2025-11-08 06:00:00,DDPG,0.3532278631139906,0.0,0.0,0.1075954371330198,0.0,0.0,-3.322786311399062,110
2025-11-08 07:00:00,DDPG,0.3526245768025915,0.0,0.0,0.0874858934197178,1.4210854715202004e-14,0.0,-3.2624576802591507,110
2025-11-08 08:00:00,DDPG,0.35177561912233235,0.0,0.0,0.05918730407774575,0.0,0.0,-3.1775619122332346,110
2025-11-08 09:00:00,DDPG,0.3505525572100991,0.0,0.0,0.01841857366997033,0.0,0.0,-3.0552557210099085,110
2025-11-08 10:00:00,DDPG,0.34907922387676577,0.0,0.0,0.0,0.0,0.0,-2.9079223876765763,110
2025-11-08 11:00:00,DDPG,0.3473792238767658,0.0,0.0,0.0,0.0,0.0,-2.737922387676578,110
2025-11-08 12:00:00,DDPG,0.34559422387676575,0.0,0.0,0.0,0.0,0.0,-2.559422387676574,110
2025-11-08 13:00:00,DDPG,0.3438375572100991,0.0,0.0,0.0,0.0,0.0,-2.383755721009911,110
2025-11-08 14:00:00,DDPG,0.3423075572100991,0.0,0.0,0.0,0.0,0.0,-2.230755721009908,110
2025-11-08 15:00:00,DDPG,0.34111755721009906,0.0,0.0,0.0,0.0,0.0,-2.1117557210099056,110
2025-11-08 16:00:00,DDPG,0.3403525572100991,0.0,0.0,0.0,0.0,0.0,-2.03525572100991,110
2025-11-08 17:00:00,DDPG,0.3400125572100991,0.0,0.0,0.0,0.0,0.0,-2.001255721009909,110
2025-11-08 18:00:00,DDPG,0.3399558905434324,0.0,0.0,0.0,0.0,0.0,-1.9955890543432386,110
2025-11-08 19:00:00,DDPG,0.3399275572100991,0.0,0.0,0.0,0.0,0.0,-1.992755721009909,110
2025-11-08 20:00:00,DDPG,0.33987089054343245,0.0,0.0,0.0,0.0,0.0,-1.9870890543432438,110
2025-11-08 21:00:00,DDPG,0.33987089054343245,0.0,0.0,0.0,0.0,0.0,-1.9870890543432438,110
2025-11-08 22:00:00,DDPG,0.33987089054343245,0.0,0.0,0.0,0.0,0.0,-1.9870890543432438,110
2025-11-08 23:00:00,DDPG,0.33987089054343245,0.0,0.0,0.0,0.0,0.0,-1.9870890543432438,110
2025-11-09 00:00:00,DDPG,0.33987089054343245,0.0,0.0,0.0,0.0,0.0,-1.9870890543432438,110
2025-11-09 01:00:00,DDPG,0.3398425572100991,0.0,0.0,0.0,0.0,0.0,-1.9842557210099088,110
2025-11-09 02:00:00,DDPG,0.3398142238767658,0.0,0.0,0.0,0.0,0.0,-1.981422387676579,110
2025-11-09 03:00:00,DDPG,0.33975755721009915,0.0,0.0,0.0,0.0,0.0,-1.9757557210099144,110
2025-11-09 04:00:00,DDPG,0.3397008905434325,0.0,0.0,0.0,0.0,0.0,-1.9700890543432492,110
2025-11-09 05:00:00,DDPG,0.3396158905434325,0.0,0.0,0.0,0.0,0.0,-1.961589054343249,110
2025-11-09 06:00:00,DDPG,0.3395308905434325,0.0,0.0,0.0,0.0,0.0,-1.9530890543432489,110
2025-11-09 07:00:00,DDPG,0.33927589054343255,0.0,0.0,0.0,0.0,0.0,-1.9275890543432537,110
2025-11-09 08:00:00,DDPG,0.33859589054343253,0.0,0.0,0.0,0.0,0.0,-1.8595890543432523,110
2025-11-09 09:00:00,DDPG,0.3375192238767659,0.0,0.0,0.0,0.0,0.0,-1.7519223876765908,110
2025-11-09 10:00:00,DDPG,0.33610255721009924,0.0,0.0,0.0,0.0,0.0,-1.6102557210099233,110
2025-11-09 11:00:00,DDPG,0.33440255721009926,0.0,0.0,0.0,0.0,0.0,-1.4402557210099252,110
2025-11-09 12:00:00,DDPG,0.3327025572100992,0.0,0.0,0.0,0.0,0.0,-1.2702557210099217,110
2025-11-09 13:00:00,DDPG,0.3310025572100992,0.0,0.0,0.0,0.0,0.0,-1.1002557210099182,110
2025-11-09 14:00:00,DDPG,0.3295575572100992,0.0,0.0,0.0,0.0,0.0,-0.955755721009921,110
2025-11-09 15:00:00,DDPG,0.3285092238767659,0.0,0.0,0.0,0.0,0.0,-0.8509223876765892,110
2025-11-09 16:00:00,DDPG,0.32782922387676594,0.0,0.0,0.0,0.0,0.0,-0.7829223876765932,110
2025-11-09 17:00:00,DDPG,0.32748922387676593,0.0,0.0,0.0,0.0,0.0,-0.7489223876765925,110
2025-11-09 18:00:00,DDPG,0.3273475572100992,0.0,0.0,0.0,0.0,0.0,-0.7347557210099218,110
2025-11-09 19:00:00,DDPG,0.3272625572100992,0.0,0.0,0.0,0.0,0.0,-0.7262557210099221,110
2025-11-09 20:00:00,DDPG,0.3272058905434326,0.0,0.0,0.0,0.0,0.0,-0.7205890543432569,110
2025-11-09 21:00:00,DDPG,0.3271775572100993,0.0,0.0,0.0,0.0,0.0,-0.7177557210099272,110
2025-11-09 22:00:00,DDPG,0.32712089054343263,0.0,0.0,0.0,0.0,0.0,-0.7120890543432621,110
2025-11-09 23:00:00,DDPG,0.327064223876766,0.0,0.0,0.0,0.0,0.0,-0.7064223876765974,110
2025-11-10 00:00:00,DDPG,0.32703589054343263,0.0,0.0,0.0,0.0,0.0,-0.7035890543432624,110
2025-11-10 01:00:00,DDPG,0.32703589054343263,0.0,0.0,0.0,0.0,0.0,-0.7035890543432624,110
2025-11-10 02:00:00,DDPG,0.327369223876766,0.0,0.0,0.0,0.0,0.0,-0.7369223876765973,110
2025-11-10 03:00:00,DDPG,0.327369223876766,0.0,0.0,0.0,0.0,0.0,-0.7369223876765973,110
2025-11-10 04:00:00,DDPG,0.3273408905434326,0.0,0.0,0.0,0.0,0.0,-0.7340890543432623,110
2025-11-10 05:00:00,DDPG,0.3273125572100993,0.0,0.0,0.0,0.0,0.0,-0.7312557210099269,110
2025-11-10 06:00:00,DDPG,0.3272558905434326,0.0,0.0,0.0,0.0,0.0,-0.7255890543432617,110
2025-11-10 07:00:00,DDPG,0.3269725572100993,0.0,0.0,0.0,0.0,0.0,-0.6972557210099319,110
2025-11-10 08:00:00,DDPG,0.32629255721009937,0.0,0.0,0.0,0.0,0.0,-0.6292557210099359,110
2025-11-10 09:00:00,DDPG,0.32524422387676605,0.0,0.0,0.0,0.0,0.0,-0.5244223876766041,110
2025-11-10 10:00:00,DDPG,0.3237708905434327,0.0,0.0,0.0,0.0,0.0,-0.37708905434327145,110
2025-11-10 11:00:00,DDPG,0.3220425572100994,0.0,0.0,0.0,0.0,0.0,-0.20425572100993827,110
2025-11-10 12:00:00,DDPG,0.3202575572100994,0.0,0.0,0.0,0.0,0.0,-0.025755721009939947,110
2025-11-10 13:00:00,DDPG,0.3185008905434327,0.0,0.0,0.0,0.0,0.0,2.0,110
2025-11-10 14:00:00,DDPG,0.31705589054343275,0.0,0.0,0.0,0.0,0.0,2.0,110
2025-11-10 15:00:00,DDPG,0.3158658905434327,0.0,0.0,0.0,0.0,0.0,2.0,110
2025-11-10 16:00:00,DDPG,0.3151008905434327,0.0,0.0,0.0,0.0,0.0,2.0,110
2025-11-10 17:00:00,DDPG,0.31478922387676606,0.0,0.0,0.0,0.0,0.0,2.0,110
2025-11-10 18:00:00,DDPG,0.31470422387676605,0.0,0.0,0.0,0.0,0.0,2.0,110
2025-11-10 19:00:00,DDPG,0.31467589054343276,0.0,0.0,0.0,0.0,0.0,2.0,110
2025-11-10 20:00:00,DDPG,0.3153142238767661,0.0,0.0,0.0,0.0,0.0,2.0,110
2025-11-10 21:00:00,DDPG,0.31528589054343276,0.0,0.0,0.0,0.0,0.0,2.0,110
2025-11-10 22:00:00,DDPG,0.31525755721009946,0.0,0.0,0.0,0.0,0.0,2.0,110
2025-11-10 23:00:00,DDPG,0.3152292238767661,0.0,0.0,0.0,0.0,0.0,2.0,110
2025-11-11 00:00:00,DDPG,0.31520089054343275,0.0,0.0,0.0,0.0,0.0,2.0,110
2025-11-11 01:00:00,DDPG,0.31520089054343275,0.0,0.0,0.0,0.0,0.0,2.0,110
2025-11-11 02:00:00,DDPG,0.31517255721009946,0.0,0.0,0.0,0.0,0.0,2.0,110
2025-11-11 03:00:00,DDPG,0.3151442238767661,0.0,0.0,0.0,0.0,0.0,2.0,110
2025-11-11 04:00:00,DDPG,0.3151158905434328,0.0,0.0,0.0,0.0,0.0,2.0,110
2025-11-11 05:00:00,DDPG,0.31508755721009946,0.0,0.0,0.0,0.0,0.0,2.0,110
2025-11-11 06:00:00,DDPG,0.3150025572100995,0.0,0.0,0.0,0.0,0.0,2.0,110
2025-11-11 07:00:00,DDPG,0.3147192238767662,0.0,0.0,0.0,0.0,0.0,2.0,110
2025-11-11 08:00:00,DDPG,0.3139825572100995,0.0,0.0,0.0,0.0,0.0,2.0,110
2025-11-11 09:00:00,DDPG,0.3128208905434328,0.0,0.0,0.0,0.0,0.0,2.0,110
2025-11-11 10:00:00,DDPG,0.31148922387676614,0.0,0.0,0.0,0.0,0.0,2.0,110
2025-11-11 11:00:00,DDPG,0.3099025572100995,0.0,0.0,0.0,0.0,0.0,2.0,110
2025-11-11 12:00:00,DDPG,0.30823089054343283,0.0,0.0,0.0,0.0,0.0,2.0,110
2025-11-11 13:00:00,DDPG,0.30653089054343285,0.0,0.0,0.0,0.0,0.0,2.0,110
2025-11-11 14:00:00,DDPG,0.30505755721009953,0.0,0.0,0.0,0.0,0.0,2.0,110
2025-11-11 15:00:00,DDPG,0.30398089054343286,0.0,0.0,0.0,0.0,0.0,2.0,110
2025-11-11 16:00:00,DDPG,0.30332922387676625,0.0,0.0,0.0,0.0,0.0,2.0,110
2025-11-11 17:00:00,DDPG,0.3030458905434329,0.0,0.0,0.0,0.0,0.0,2.0,110
2025-11-11 18:00:00,DDPG,0.30290422387676624,0.0,0.0,0.0,0.0,0.0,2.0,110
2025-11-11 19:00:00,DDPG,0.30281922387676624,0.0,0.0,0.0,0.0,0.0,2.0,110
2025-11-11 20:00:00,DDPG,0.3027058905434329,0.0,0.0,0.0,0.0,0.0,2.0,110
2025-11-11 21:00:00,DDPG,0.30259255721009953,0.0,0.0,0.0,0.0,0.0,2.0,110
2025-11-11 22:00:00,DDPG,0.3024792238767662,0.0,0.0,0.0,0.0,0.0,2.0,110
2025-11-11 23:00:00,DDPG,0.30239422387676623,0.0,0.0,0.0,0.0,0.0,2.0,110
2025-11-12 00:00:00,DDPG,0.30230922387676623,0.0,0.0,0.0,0.0,0.0,2.0,110
2025-11-12 01:00:00,DDPG,0.3021958905434329,0.0,0.0,0.0,0.0,0.0,2.0,110
2025-11-12 02:00:00,DDPG,0.3020825572100995,0.0,0.0,0.0,0.0,0.0,2.0,110
2025-11-12 03:00:00,DDPG,0.3019975572100995,0.0,0.0,0.0,0.0,0.0,2.0,110
2025-11-12 04:00:00,DDPG,0.3019125572100996,0.0,0.0,0.0,0.0,0.0,2.0,110
2025-11-12 05:00:00,DDPG,0.3018275572100996,0.0,0.0,0.0,0.0,0.0,2.0,110
2025-11-12 06:00:00,DDPG,0.3017142238767662,0.0,0.0,0.0,0.0,0.0,2.0,110
2025-11-12 07:00:00,DDPG,0.3013742238767662,0.0,0.0,0.0,0.0,0.0,2.0,110
2025-11-12 08:00:00,DDPG,0.30063755721009955,0.0,0.0,0.0,0.0,0.0,2.0,110
2025-11-12 09:00:00,DDPG,0.2995042238767662,0.0,0.0,0.0,0.0,0.0,2.0,110
2025-11-12 10:00:00,DDPG,0.2980592238767662,0.0,0.0,0.0,0.0,0.0,2.0,110
2025-11-12 11:00:00,DDPG,0.2964158905434329,0.0,0.0,0.0,0.0,0.0,2.0,110
2025-11-12 12:00:00,DDPG,0.29468755721009954,0.0,0.0,0.0,0.0,0.0,2.0,110
2025-11-12 13:00:00,DDPG,0.29298755721009956,0.0,0.0,0.0,0.0,0.0,2.0,110
2025-11-12 14:00:00,DDPG,0.29162755721009953,0.0,0.0,0.0,0.0,0.0,2.0,110
2025-11-12 15:00:00,DDPG,0.2905792238767662,0.0,0.0,0.0,0.0,0.0,2.0,110
2025-11-12 16:00:00,DDPG,0.28984255721009955,0.0,0.0,0.0,0.0,0.0,2.0,110
2025-11-12 17:00:00,DDPG,0.28941755721009954,0.0,0.0,0.0,0.0,0.0,2.0,110
2025-11-12 18:00:00,DDPG,0.2891908905434329,0.0,0.0,0.0,0.0,0.0,2.0,110
2025-11-12 19:00:00,DDPG,0.2890492238767662,0.0,0.0,0.0,0.0,0.0,2.0,110
2025-11-12 20:00:00,DDPG,0.2888792238767662,0.0,0.0,0.0,0.0,0.0,2.0,110
2025-11-12 21:00:00,DDPG,0.2887375572100995,0.0,0.0,0.0,0.0,0.0,2.0,110
2025-11-12 22:00:00,DDPG,0.2885958905434328,0.0,0.0,0.0,0.0,0.0,2.0,110
2025-11-12 23:00:00,DDPG,0.28845422387676617,0.0,0.0,0.0,0.0,0.0,2.0,110
2025-11-13 00:00:00,DDPG,0.28836922387676617,0.0,0.0,0.0,0.0,0.0,2.0,110
2025-11-13 01:00:00,DDPG,0.28928422387676617,0.0,0.0,0.0,0.0,0.0,2.0,110
2025-11-13 02:00:00,DDPG,0.2902275572100995,0.0,0.0,0.0,0.0,0.0,2.0,110
2025-11-13 03:00:00,DDPG,0.2924475572100995,0.0,0.0,0.0,0.0,0.0,2.0,110
2025-11-13 04:00:00,DDPG,0.29733422387676617,0.0,0.0,0.0,0.0,0.0,2.0,110
2025-11-13 05:00:00,DDPG,0.29788755721009946,0.0,0.0,0.0,0.0,0.0,2.0,110
2025-11-13 06:00:00,DDPG,0.30144089054343276,0.0,0.0,0.0,0.0,0.0,2.0,110
2025-11-13 07:00:00,DDPG,0.3022142238767661,0.0,0.0,0.0,0.0,0.0,2.0,110
2025-11-13 08:00:00,DDPG,0.3023992248701769,2.980232238769531e-07,0.0,0.0,0.0,0.0,1.9999999940395354,110
2025-11-13 09:00:00,DDPG,0.3030525611837425,8.940696716308594e-07,0.0,0.0,0.0,0.0,1.9999999850988388,110
2025-11-13 10:00:00,DDPG,0.30998256118374246,0.0,0.0,0.0,0.0,0.0,1.9999999910593034,110
2025-11-13 11:00:00,DDPG,0.31444422785040915,0.0,0.0,0.0,0.0,0.0,2.0,110
2025-11-13 12:00:00,DDPG,0.3140692278504091,0.0,0.0,0.0,0.0,0.0,2.0,110
2025-11-13 13:00:00,DDPG,0.31396422785040906,0.0,0.0,0.0,0.0,0.0,2.0,110
2025-11-13 14:00:00,DDPG,0.3138375611837424,0.0,0.0,0.0,0.0,0.0,2.0,110
2025-11-13 15:00:00,DDPG,0.3134625611837424,0.0,0.0,0.0,0.0,0.0,2.0,110
2025-11-13 16:00:00,DDPG,0.3149525611837423,0.0,0.0,0.0,0.0,0.0,2.0,110
2025-11-13 17:00:00,DDPG,0.32075422785040897,0.0,0.0,0.0,0.0,0.0,-0.07542278504089595,110
2025-11-13 18:00:00,DDPG,0.32088922785040896,0.0,0.0,0.0,0.0,0.0,-0.08892278504089557,110
2025-11-13 19:00:00,DDPG,0.3207758945170756,0.0,0.0,0.0,0.0,0.0,-0.07758945170756038,110
2025-11-13 20:00:00,DDPG,0.3213008945170756,0.0,0.0,0.0,0.0,0.0,-0.13008945170756014,110
2025-11-13 21:00:00,DDPG,0.32115922785040896,0.0,0.0,0.0,0.0,0.0,-0.11592278504089482,110
2025-11-13 22:00:00,DDPG,0.32101756118374225,0.0,0.0,0.0,0.0,0.0,-0.10175611837422416,110
2025-11-13 23:00:00,DDPG,0.32084756118374225,0.0,0.0,0.0,0.0,0.0,-0.08475611837422381,110
2025-11-14 00:00:00,DDPG,0.32084089451707554,0.0,0.0,0.0,0.0,0.0,-0.08408945170755278,110
2025-11-14 01:00:00,DDPG,0.32047256118374223,0.0,0.0,0.0,0.0,0.0,-0.04725611837422239,110
2025-11-14 02:00:00,DDPG,0.3201325611837422,0.0,0.0,0.0,0.0,0.0,-0.013256118374221693,110
2025-11-14 03:00:00,DDPG,0.31979256118374216,0.0,0.0,0.0,0.0,0.0,2.0,110
2025-11-14 04:00:00,DDPG,0.31945256118374216,0.0,0.0,0.0,0.0,0.0,2.0,110
2025-11-14 05:00:00,DDPG,0.31911256118374215,0.0,0.0,0.0,0.0,0.0,2.0,110
2025-11-14 06:00:00,DDPG,0.3187158945170755,0.0,0.0,0.0,0.0,0.0,2.0,110
2025-11-14 07:00:00,DDPG,0.3182058945170755,0.0,0.0,0.0,0.0,0.0,2.0,110
2025-11-14 08:00:00,DDPG,0.31744089451707547,0.0,0.0,0.0,0.0,0.0,2.0,110
2025-11-14 09:00:00,DDPG,0.31633589451707544,0.0,0.0,0.0,0.0,0.0,2.0,110
2025-11-14 10:00:00,DDPG,0.31500422785040877,0.0,0.0,0.0,0.0,0.0,2.0,110
2025-11-14 11:00:00,DDPG,0.3135025611837421,0.0,0.0,0.0,0.0,0.0,2.0,110
2025-11-14 12:00:00,DDPG,0.31194422785040876,0.0,0.0,0.0,0.0,0.0,2.0,110
2025-11-14 13:00:00,DDPG,0.31047089451707544,0.0,0.0,0.0,0.0,0.0,2.0,110
2025-11-14 14:00:00,DDPG,0.30913922785040876,0.0,0.0,0.0,0.0,0.0,2.0,110
2025-11-14 15:00:00,DDPG,0.3083675611837421,0.0,0.0,0.0,0.0,0.0,2.0,110
2025-11-14 16:00:00,DDPG,0.30751756118374207,0.0,0.0,0.0,0.0,0.0,2.0,110
2025-11-14 17:00:00,DDPG,0.30692256118374206,0.0,0.0,0.0,0.0,0.0,2.0,110
2025-11-14 18:00:00,DDPG,0.30644089451707546,0.0,0.0,0.0,0.0,0.0,2.0,110
2025-11-14 19:00:00,DDPG,0.3059875611837421,0.0,0.0,0.0,0.0,0.0,2.0,110
2025-11-14 20:00:00,DDPG,0.3055058945170755,0.0,0.0,0.0,0.0,0.0,2.0,110
2025-11-14 21:00:00,DDPG,0.30502422785040884,0.0,0.0,0.0,0.0,0.0,2.0,110
2025-11-14 22:00:00,DDPG,0.30457089451707553,0.0,0.0,0.0,0.0,0.0,2.0,110
2025-11-14 23:00:00,DDPG,0.30411756118374217,0.0,0.0,0.0,0.0,0.0,2.0,110
2025-11-15 00:00:00,DDPG,0.30366422785040886,0.0,0.0,0.0,0.0,0.0,2.0,110
2025-11-15 01:00:00,DDPG,0.30321089451707556,0.0,0.0,0.0,0.0,0.0,2.0,110
2025-11-15 02:00:00,DDPG,0.30275756118374225,0.0,0.0,0.0,0.0,0.0,2.0,110
2025-11-15 03:00:00,DDPG,0.30233256118374224,0.0,0.0,0.0,0.0,0.0,2.0,110
2025-11-15 04:00:00,DDPG,0.3019358945170756,0.0,0.0,0.0,0.0,0.0,2.0,110
2025-11-15 05:00:00,DDPG,0.30153922785040893,0.0,0.0,0.0,0.0,0.0,2.0,110
2025-11-15 06:00:00,DDPG,0.30117089451707557,0.0,0.0,0.0,0.0,0.0,2.0,110
2025-11-15 07:00:00,DDPG,0.3006892278504089,0.0,0.0,0.0,0.0,0.0,2.0,110
2025-11-15 08:00:00,DDPG,0.30006589501378095,1.4901161193847656e-07,0.0,0.0,0.0,0.0,1.9999999970197677,110
2025-11-15 09:00:00,DDPG,0.299215895013781,0.0,0.0,0.0,0.0,0.0,1.999999998509884,110
2025-11-15 10:00:00,DDPG,0.29808256168044767,0.0,0.0,0.0,0.0,0.0,2.0,110
2025-11-15 11:00:00,DDPG,0.29663756168044764,0.0,0.0,0.0,0.0,0.0,2.0,110
2025-11-15 12:00:00,DDPG,0.295390895013781,0.0,0.0,0.0,0.0,0.0,2.0,110
2025-11-15 13:00:00,DDPG,0.294505895013781,0.0,0.0,0.0,0.0,0.0,2.0,110
2025-11-15 14:00:00,DDPG,0.2934575616804477,0.0,0.0,0.0,0.0,0.0,2.0,110
2025-11-15 15:00:00,DDPG,0.2926925626738584,2.980232238769531e-07,0.0,0.0,0.0,0.0,1.9999999940395354,110
2025-11-15 16:00:00,DDPG,0.29212589948412937,1.043081283569336e-06,0.0,0.0,0.0,0.0,1.9999999821186065,110
2025-11-15 17:00:00,DDPG,0.29206256714420675,2.980232238769531e-07,0.0,0.0,0.0,0.0,1.9999999895691871,110
2025-11-15 18:00:00,DDPG,0.2920842338108734,0.0,0.0,0.0,0.0,0.0,1.9999999970197677,110
2025-11-15 19:00:00,DDPG,0.29185756714420674,0.0,0.0,0.0,0.0,0.0,2.0,110
2025-11-15 20:00:00,DDPG,0.29168756714420674,0.0,0.0,0.0,0.0,0.0,2.0,110
2025-11-15 21:00:00,DDPG,0.29151756714420674,0.0,0.0,0.0,0.0,0.0,2.0,110
2025-11-15 22:00:00,DDPG,0.2913192338108734,0.0,0.0,0.0,0.0,0.0,2.0,110
2025-11-15 23:00:00,DDPG,0.29151090047754,0.0,0.0,0.0,0.0,0.0,2.0,110
2025-11-16 00:00:00,DDPG,0.29170256714420667,0.0,0.0,0.0,0.0,0.0,2.0,110
2025-11-16 01:00:00,DDPG,0.2918375671442066,0.0,0.0,0.0,0.0,0.0,2.0,110
2025-11-16 02:00:00,DDPG,0.29269590047753996,0.0,0.0,0.0,0.0,0.0,2.0,110
2025-11-16 03:00:00,DDPG,0.29255423381087325,0.0,0.0,0.0,0.0,0.0,2.0,110
2025-11-16 04:00:00,DDPG,0.2957175671442066,0.0,0.0,0.0,0.0,0.0,2.0,110
2025-11-16 05:00:00,DDPG,0.29924256714420655,0.0,0.0,0.0,0.0,0.0,2.0,110
2025-11-16 06:00:00,DDPG,0.2997109004775399,0.0,0.0,0.0,0.0,0.0,2.0,110
2025-11-16 07:00:00,DDPG,0.2997609004775399,0.0,0.0,0.0,0.0,0.0,2.0,110
2025-11-16 08:00:00,DDPG,0.29988923381087323,0.0,0.0,0.0,0.0,0.0,2.0,110
2025-11-16 09:00:00,DDPG,0.2993442338108732,0.0,0.0,0.0,0.0,0.0,2.0,110
2025-11-16 10:00:00,DDPG,0.30123923381087325,0.0,0.0,0.0,0.0,0.0,2.0,110
2025-11-16 11:00:00,DDPG,0.3030275671442066,0.0,0.0,0.0,0.0,0.0,2.0,110
2025-11-16 12:00:00,DDPG,0.3017242338108732,0.0,0.0,0.0,0.0,0.0,2.0,110
2025-11-16 13:00:00,DDPG,0.30027923381087324,0.0,0.0,0.0,0.0,0.0,2.0,110
2025-11-16 14:00:00,DDPG,0.30011756714420657,0.0,0.0,0.0,0.0,0.0,2.0,110
2025-11-16 15:00:00,DDPG,0.3016859004775399,0.0,0.0,0.0,0.0,0.0,2.0,110
2025-11-16 16:00:00,DDPG,0.30153756714420654,0.0,0.0,0.0,0.0,0.0,2.0,110
2025-11-16 17:00:00,DDPG,0.3016159004775399,0.0,0.0,0.0,0.0,0.0,2.0,110
2025-11-16 18:00:00,DDPG,0.30150256714420653,0.0,0.0,0.0,0.0,0.0,2.0,110
2025-11-16 19:00:00,DDPG,0.3014459004775399,0.0,0.0,0.0,0.0,0.0,2.0,110
2025-11-16 20:00:00,DDPG,0.30238923381087324,0.0,0.0,0.0,0.0,0.0,2.0,110
2025-11-16 21:00:00,DDPG,0.3103325671442066,0.0,0.0,0.0,0.0,0.0,2.0,110
2025-11-16 22:00:00,DDPG,0.31158090047753995,0.0,0.0,0.0,0.0,0.0,2.0,110
2025-11-16 23:00:00,DDPG,0.31319090047754,0.0,0.0,0.0,0.0,0.0,2.0,110
2025-11-17 00:00:00,DDPG,0.31380090047754,0.0,0.0,0.0,0.0,0.0,2.0,110
2025-11-17 01:00:00,DDPG,0.31441090047754,0.0,0.0,0.0,0.0,0.0,2.0,110
2025-11-17 02:00:00,DDPG,0.3146875671442067,0.0,0.0,0.0,0.0,0.0,2.0,110
2025-11-17 03:00:00,DDPG,0.3156025671442067,0.0,0.0,0.0,0.0,0.0,2.0,110
2025-11-17 04:00:00,DDPG,0.31585090047754005,0.0,0.0,0.0,0.0,0.0,2.0,110
2025-11-17 05:00:00,DDPG,0.31576590047754005,0.0,0.0,0.0,0.0,0.0,2.0,110
2025-11-17 06:00:00,DDPG,0.32492923381087335,0.0,0.0,0.0,0.0,0.0,-0.49292338108733436,110
2025-11-17 07:00:00,DDPG,0.32542590047754005,0.0,0.0,0.0,0.0,0.0,-0.5425900477540049,110
2025-11-17 08:00:00,DDPG,0.3249442338108734,0.0,0.0,0.0,0.0,0.0,-0.49442338108733885,110
2025-11-17 09:00:00,DDPG,0.32409423381087343,0.0,0.0,0.0,0.0,0.0,-0.40942338108734244,110
2025-11-17 10:00:00,DDPG,0.3313509004775401,0.0,0.0,0.0,0.0,0.0,-1.1350900477540113,110
2025-11-17 11:00:00,DDPG,0.3404792338108734,0.0,0.0,0.0,0.0,0.0,-2.047923381087341,110
2025-11-17 12:00:00,DDPG,0.34060756714420676,0.0,0.0,0.0,0.0,0.0,-2.060756714420675,110
2025-11-17 13:00:00,DDPG,0.34059423381087345,0.0,0.0,0.0,0.0,0.0,-2.0594233810873437,110
2025-11-17 14:00:00,DDPG,0.34097090047754014,0.0,0.0,0.0,0.0,0.0,-2.0970900477540138,110
2025-11-17 15:00:00,DDPG,0.34402090047754014,0.0,0.0,0.0,0.0,0.0,-2.4020900477540135,110
2025-11-17 16:00:00,DDPG,0.3449859004775402,0.0,0.0,0.0,0.0,0.0,-2.4985900477540177,110
2025-11-17 17:00:00,DDPG,0.34509256714420683,0.0,0.0,0.0,0.0,0.0,-2.5092567144206823,110
2025-11-17 18:00:00,DDPG,0.3452275671442068,0.0,0.0,0.0,0.0,0.0,-2.522756714420682,110
2025-11-17 19:00:00,DDPG,0.3464759004775402,0.0,0.0,0.0,0.0,0.0,-2.647590047754017,110
2025-11-17 20:00:00,DDPG,0.3470575671442069,0.0,0.0,0.0,0.0,0.0,-2.705756714420687,110
2025-11-17 21:00:00,DDPG,0.3505753104297862,0.0,0.0,0.01917701432620618,0.0,0.0,-3.057531042978617,110
2025-11-17 22:00:00,DDPG,0.3543412793868076,0.0,0.0,0.14470931289358618,0.0,0.0,-3.434127938680759,110
2025-11-17 23:00:00,DDPG,0.35475615144812683,0.0,0.0,0.15853838160422812,0.0,0.0,-3.475615144812682,110
2025-11-18 00:00:00,DDPG,0.36418053630331415,0.0,0.0,0.47268454344380473,0.0,0.0,-4.418053630331414,110
2025-11-18 01:00:00,DDPG,0.3788859826729828,0.0,0.0,0.9628660890994255,0.0,0.0,-5.888598267298279,110
2025-11-18 02:00:00,DDPG,0.38069538440568446,0.0,0.0,1.0231794801894822,0.0,0.0,-6.069538440568445,110
2025-11-18 03:00:00,DDPG,0.37994934596511604,0.0,0.0,0.9983115321705341,0.0,0.0,-5.994934596511603,110
2025-11-18 04:00:00,DDPG,0.3771524113686044,0.0,0.0,0.9050803789534797,0.0,0.0,-5.715241136860438,110
2025-11-18 05:00:00,DDPG,0.3755096702317439,0.0,0.0,0.8503223410581313,0.0,0.0,-5.550967023174391,110
2025-11-18 06:00:00,DDPG,0.37308020320856955,0.0,0.0,0.7693401069523177,0.0,0.0,-5.308020320856954,110
2025-11-18 07:00:00,DDPG,0.3711681828877126,0.0,0.0,0.7056060962570868,0.0,0.0,-5.116818288771258,110
2025-11-18 08:00:00,DDPG,0.3734688645989413,0.0,0.0,0.7822954866313779,0.0,0.0,-5.3468864598941295,110
2025-11-18 09:00:00,DDPG,0.37048447813904717,0.0,0.0,0.682815937968239,0.0,0.0,-5.048447813904716,110
2025-11-18 10:00:00,DDPG,0.3674670303251425,0.0,0.0,0.5822343441714154,0.0,0.0,-4.746703032514249,110
2025-11-18 11:00:00,DDPG,0.3680003272926282,0.0,0.0,0.6000109097542734,0.0,0.0,-4.800032729262821,110
2025-11-18 12:00:00,DDPG,0.36668629456336543,0.0,0.0,0.5562098187788465,-1.4210854715202004e-14,0.0,-4.668629456336543,110
2025-11-18 13:00:00,DDPG,0.36459766510702885,0.0,0.0,0.4865888369009625,0.0,0.0,-4.459766510702884,110
2025-11-18 14:00:00,DDPG,0.363643398596326,0.0,0.0,0.45477995321086556,0.0,0.0,-4.364339859632599,110
2025-11-18 15:00:00,DDPG,0.3704180587366934,0.0,0.0,0.6806019578897804,0.0,0.0,-5.041805873669341,110
2025-11-18 16:00:00,DDPG,0.3683447528630241,0.0,0.0,0.6114917621008019,0.0,0.0,-4.834475286302409,110
2025-11-18 17:00:00,DDPG,0.3665552775767216,0.0,0.0,0.5518425858907222,0.0,0.0,-4.6555277576721625,110
2025-11-18 18:00:00,DDPG,0.3647467498190495,0.0,0.0,0.4915583273016495,0.0,0.0,-4.474674981904947,110
2025-11-18 19:00:00,DDPG,0.36311907483714456,0.0,0.0,0.4373024945714846,0.0,0.0,-4.311907483714456,110
2025-11-18 20:00:00,DDPG,0.3616541673534301,0.0,0.0,0.3884722451143361,0.0,0.0,-4.165416735343008,110
2025-11-18 21:00:00,DDPG,0.3603357506180871,0.0,0.0,0.344525020602903,0.0,0.0,-4.033575061808708,110
2025-11-18 22:00:00,DDPG,0.35917467555627836,0.0,0.0,0.30582251854261244,0.0,0.0,-3.9174675556278347,110
2025-11-18 23:00:00,DDPG,0.35902970800065054,0.0,0.0,0.30099026668835055,0.0,0.0,-3.902970800065053,110
2025-11-19 00:00:00,DDPG,0.35832473720058544,0.0,0.0,0.27749124001951486,0.0,0.0,-3.8324737200585437,110
2025-11-19 01:00:00,DDPG,0.3582647634805269,0.0,0.0,0.2754921160175627,0.0,0.0,-3.8264763480526875,110
2025-11-19 02:00:00,DDPG,0.3576107871324742,0.0,0.0,0.2536929044158058,0.0,0.0,-3.761078713247418,110
2025-11-19 03:00:00,DDPG,0.35672220841922675,0.0,0.0,0.22407361397422534,0.0,0.0,-3.672220841922674,110
2025-11-19 04:00:00,DDPG,0.35772248757730407,0.0,0.0,0.25741625257680173,0.0,0.0,-3.7722487577304067,110
2025-11-19 05:00:00,DDPG,0.35777373881957364,0.0,0.0,0.2591246273191217,0.0,0.0,-3.777373881957363,110
2025-11-19 06:00:00,DDPG,0.35716886493761624,0.0,0.0,0.23896216458720831,0.0,0.0,-3.7168864937616233,110
2025-11-19 07:00:00,DDPG,0.35649697844385464,0.0,0.0,0.21656594812848767,0.0,0.0,-3.6496978443854635,110
2025-11-19 08:00:00,DDPG,0.3556117805994692,0.0,0.0,0.18705935331563808,0.0,0.0,-3.5611780599469176,110
2025-11-19 09:00:00,DDPG,0.3546876025395222,0.0,0.0,0.1562534179840739,0.0,0.0,-3.468760253952219,110
2025-11-19 10:00:00,DDPG,0.35362634228557,0.0,0.0,0.12087807618566587,0.0,0.0,-3.362634228556999,110
2025-11-19 11:00:00,DDPG,0.352792708057013,0.0,0.0,0.09309026856710007,0.0,0.0,-3.2792708057013007,110
2025-11-19 12:00:00,DDPG,0.35199143725131177,0.0,0.0,0.06638124171039124,0.0,0.0,-3.199143725131176,110
2025-11-19 13:00:00,DDPG,0.35102129352618056,0.0,0.0,0.0340431175393519,0.0,0.0,-3.1021293526180553,110
2025-11-19 14:00:00,DDPG,0.3599581641735625,0.0,0.0,0.33193880578541696,0.0,0.0,-3.9958164173562514,110
2025-11-19 15:00:00,DDPG,0.35990134775620625,0.0,0.0,0.33004492520687595,0.0,0.0,-3.990134775620624,110
2025-11-19 16:00:00,DDPG,0.35877771298058564,0.0,0.0,0.2925904326861883,0.0,0.0,-3.8777712980585637,110
2025-11-19 17:00:00,DDPG,0.3579704416825271,0.0,0.0,0.26568138941756986,0.0,0.0,-3.797044168252711,110
2025-11-19 18:00:00,DDPG,0.35732039751427436,0.0,0.0,0.24401325047581254,0.0,0.0,-3.7320397514274353,110
2025-11-19 19:00:00,DDPG,0.3564608577628469,0.0,0.0,0.21536192542823046,0.0,0.0,-3.646085776284691,110
2025-11-19 20:00:00,DDPG,0.35568727198656225,0.0,0.0,0.18957573288540744,0.0,0.0,-3.568727198656224,110
2025-11-19 21:00:00,DDPG,0.354965544787906,0.0,0.0,0.16551815959686708,0.0,0.0,-3.496554478790598,110
2025-11-19 22:00:00,DDPG,0.35431599030911537,0.0,0.0,0.14386634363717973,0.0,0.0,-3.4315990309115367,110
2025-11-19 23:00:00,DDPG,0.35375689127820387,0.0,0.0,0.1252297092734608,0.0,0.0,-3.3756891278203858,110
2025-11-20 00:00:00,DDPG,0.35327920215038344,0.0,0.0,0.10930673834611469,0.0,0.0,-3.3279202150383433,110
2025-11-20 01:00:00,DDPG,0.3528237819353451,0.0,0.0,0.09412606451150225,0.0,0.0,-3.282378193534507,110
2025-11-20 02:00:00,DDPG,0.3523884037418106,0.0,0.0,0.07961345806035212,0.0,0.0,-3.2388403741810565,110
2025-11-20 03:00:00,DDPG,0.3522965633676295,0.0,0.0,0.0765521122543163,0.0,0.0,-3.2296563367629485,110
2025-11-20 04:00:00,DDPG,0.35461390703086654,0.0,0.0,0.15379690102888477,0.0,0.0,-3.4613907030866535,110
2025-11-20 05:00:00,DDPG,0.35462501632777993,0.0,0.0,0.1541672109259963,0.0,0.0,-3.4625016327779923,110
2025-11-20 06:00:00,DDPG,0.35455851469500194,0.0,0.0,0.15195048983339776,0.0,0.0,-3.4558514695001925,110
2025-11-20 07:00:00,DDPG,0.35479866322550174,0.0,0.0,0.15995544085005806,0.0,0.0,-3.4798663225501736,110
2025-11-20 08:00:00,DDPG,0.35423629690295155,0.0,0.0,0.1412098967650522,0.0,0.0,-3.4236296902951544,110
2025-11-20 09:00:00,DDPG,0.3537241672126564,0.0,0.0,0.12413890708854752,0.0,0.0,-3.372416721265642,110
2025-11-20 10:00:00,DDPG,0.3529827504913908,0.0,0.0,0.09942501637969343,0.0,0.0,-3.298275049139077,110
2025-11-20 11:00:00,DDPG,0.3531644754422517,0.0,0.0,0.10548251474172332,0.0,0.0,-3.316447544225171,110
2025-11-20 12:00:00,DDPG,0.35523602789802655,0.0,0.0,0.17453426326755164,0.0,0.0,-3.5236027898026547,110
2025-11-20 13:00:00,DDPG,0.3580514251082239,0.0,0.0,0.268380836940797,0.0,0.0,-3.8051425108223906,110
2025-11-20 14:00:00,DDPG,0.35848528259740153,0.0,0.0,0.2828427532467174,0.0,0.0,-3.848528259740153,110
2025-11-20 15:00:00,DDPG,0.35800125433766133,0.0,0.0,0.266708477922046,0.0,0.0,-3.8001254337661328,110
2025-11-20 16:00:00,DDPG,0.35676762890389524,0.0,0.0,0.22558763012984145,0.0,0.0,-3.676762890389523,110
2025-11-20 17:00:00,DDPG,0.3561358660135057,0.0,0.0,0.2045288671168578,0.0,0.0,-3.613586601350571,110
2025-11-20 18:00:00,DDPG,0.3601947794121551,0.0,0.0,0.3398259804051705,0.0,0.0,-4.01947794121551,110
2025-11-20 19:00:00,DDPG,0.35904780147093956,0.0,0.0,0.3015933823646535,0.0,0.0,-3.9047801470939554,110
2025-11-20 20:00:00,DDPG,0.3589410213238456,0.0,0.0,0.2980340441281868,0.0,0.0,-3.8941021323845586,110
2025-11-20 21:00:00,DDPG,0.35854491919146103,0.0,0.0,0.2848306397153678,0.0,0.0,-3.8544919191461027,110
2025-11-20 22:00:00,DDPG,0.35786292727231495,0.0,0.0,0.2620975757438302,0.0,0.0,-3.786292727231494,110
2025-11-20 23:00:00,DDPG,0.35754913454508347,0.0,0.0,0.2516378181694478,0.0,0.0,-3.754913454508346,110
2025-11-21 00:00:00,DDPG,0.35699222109057505,0.0,0.0,0.2330740363525024,0.0,0.0,-3.699222109057504,110
2025-11-21 01:00:00,DDPG,0.35619099898151757,0.0,0.0,0.20636663271725128,0.0,0.0,-3.619099898151756,110
2025-11-21 02:00:00,DDPG,0.3554443990833658,0.0,0.0,0.18147996944552602,0.0,0.0,-3.544439908336577,110
2025-11-21 03:00:00,DDPG,0.3547724591750292,0.0,0.0,0.15908197250097234,0.0,0.0,-3.477245917502919,110
2025-11-21 04:00:00,DDPG,0.35419321325752623,0.0,0.0,0.13977377525087462,0.0,0.0,-3.4193213257526223,110
2025-11-21 05:00:00,DDPG,0.3542463919317736,0.0,0.0,0.1415463977257872,0.0,0.0,-3.4246391931773594,110
2025-11-21 06:00:00,DDPG,0.35361775273859625,0.0,0.0,0.12059175795320841,0.0,0.0,-3.3617752738596245,110
2025-11-21 07:00:00,DDPG,0.3535754774647366,0.0,0.0,0.1191825821578874,0.0,0.0,-3.35754774647366,110
2025-11-21 08:00:00,DDPG,0.3545589297182629,0.0,0.0,0.15196432394209725,0.0,0.0,-3.455892971826291,110
2025-11-21 09:00:00,DDPG,0.35381653674643665,0.0,0.0,0.1272178915478875,0.0,0.0,-3.3816536746436645,110
2025-11-21 10:00:00,DDPG,0.352669883071793,0.0,0.0,0.08899610239309937,0.0,0.0,-3.2669883071792967,110
2025-11-21 11:00:00,DDPG,0.3514848947646137,0.0,0.0,0.04949649215378998,0.0,0.0,-3.1484894764613696,110
2025-11-21 12:00:00,DDPG,0.3507184052881523,0.0,0.0,0.023946842938410387,0.0,0.0,-3.071840528815228,110
2025-11-21 13:00:00,DDPG,0.35055206475933703,0.0,0.0,0.01840215864456809,0.0,0.0,-3.055206475933703,110
2025-11-21 14:00:00,DDPG,0.34953206475933707,0.0,0.0,0.0,0.0,0.0,-2.9532064759337064,110
2025-11-21 15:00:00,DDPG,0.34876706475933705,0.0,0.0,0.0,0.0,0.0,-2.8767064759337044,110
2025-11-21 16:00:00,DDPG,0.3482003980926704,0.0,0.0,0.0,0.0,0.0,-2.8200398092670387,110
2025-11-21 17:00:00,DDPG,0.35137435828340335,0.0,0.0,0.04581194278011083,0.0,0.0,-3.137435828340335,110
2025-11-21 18:00:00,DDPG,0.360983922455063,0.0,0.0,0.36613074850209987,0.0,0.0,-4.098392245506299,110
2025-11-21 19:00:00,DDPG,0.35975803020955666,0.0,0.0,0.32526767365188936,0.0,0.0,-3.9758030209556647,110
2025-11-21 20:00:00,DDPG,0.358654727188601,0.0,0.0,0.28849090628669954,0.0,0.0,-3.8654727188600972,110
2025-11-21 21:00:00,DDPG,0.35793625446974087,0.0,0.0,0.26454181565802914,0.0,0.0,-3.7936254469740858,110
2025-11-21 22:00:00,DDPG,0.35731512902276674,0.0,0.0,0.2438376340922247,0.0,0.0,-3.7315129022766733,110
2025-11-21 23:00:00,DDPG,0.36095611612049,0.0,0.0,0.36520387068300125,0.0,0.0,-4.095611612049,110
2025-11-22 00:00:00,DDPG,0.363058504508441,0.0,0.0,0.4352834836146997,0.0,0.0,-4.305850450844101,110
2025-11-22 01:00:00,DDPG,0.37242515405759685,0.0,0.0,0.747505135253229,0.0,0.0,-5.2425154057596846,110
2025-11-22 02:00:00,DDPG,0.38538063865183714,0.0,0.0,1.1793546217279045,0.0,0.0,-6.538063865183712,110
2025-11-22 03:00:00,DDPG,0.3898405747866534,0.0,0.0,1.3280191595551132,0.0,0.0,-6.98405747866534,110
2025-11-22 04:00:00,DDPG,0.38815451730798806,0.0,0.0,1.2718172435996011,0.0,0.0,-6.815451730798806,110
2025-11-22 05:00:00,DDPG,0.38661156557718923,0.0,0.0,1.2203855192396404,0.0,0.0,-6.661156557718922,110
2025-11-22 06:00:00,DDPG,0.38369740901947025,0.0,0.0,1.1232469673156757,0.0,0.0,-6.369740901947024,110
2025-11-22 07:00:00,DDPG,0.38252366811752325,0.0,0.0,1.0841222705841076,0.0,0.0,-6.252366811752324,110
2025-11-22 08:00:00,DDPG,0.39521630130577096,0.0,0.0,1.5072100435256985,0.0,0.0,-7.521630130577094,110
2025-11-22 09:00:00,DDPG,0.4048396711751938,0.0,0.0,1.8279890391731286,0.0,0.0,-8.48396711751938,110
2025-11-22 10:00:00,DDPG,0.41074970405767447,0.0,0.0,2.0249901352558157,0.0,0.0,-9.074970405767447,110
2025-11-22 11:00:00,DDPG,0.40929023365190703,0.0,0.0,1.9763411217302336,0.0,0.0,-8.929023365190702,110
2025-11-22 12:00:00,DDPG,0.4090747102867163,0.0,0.0,1.9691570095572104,0.0,0.0,-8.907471028671631,110
2025-11-22 13:00:00,DDPG,0.4072847392580447,0.0,0.0,1.90949130860149,0.0,0.0,-8.728473925804469,110
2025-11-22 14:00:00,DDPG,0.4008932653322402,0.0,0.0,1.6964421777413408,0.0,0.0,-8.089326533224018,110
2025-11-22 15:00:00,DDPG,0.39564493879901613,0.0,0.0,1.521497959967205,0.0,0.0,-7.564493879901612,110
2025-11-22 16:00:00,DDPG,0.39099794491911455,0.0,0.0,1.366598163970484,0.0,0.0,-7.099794491911453,110
2025-11-22 17:00:00,DDPG,0.3872941504272031,0.0,0.0,1.2431383475734366,0.0,0.0,-6.72941504272031,110
2025-11-22 18:00:00,DDPG,0.38368623538448277,0.0,0.0,1.1228745128160924,0.0,0.0,-6.368623538448276,110
2025-11-22 19:00:00,DDPG,0.38081561184603446,0.0,0.0,1.0271870615344825,0.0,0.0,-6.081561184603446,110
2025-11-22 20:00:00,DDPG,0.377606550661431,0.0,0.0,0.9202183553810344,0.0,0.0,-5.7606550661431,110
2025-11-22 21:00:00,DDPG,0.3750183955952879,0.0,0.0,0.8339465198429296,0.0,0.0,-5.501839559528787,110
2025-11-22 22:00:00,DDPG,0.3738890560357591,0.0,0.0,0.7963018678586367,0.0,0.0,-5.38890560357591,110
2025-11-22 23:00:00,DDPG,0.3764981504321832,0.0,0.0,0.8832716810727732,0.0,0.0,-5.64981504321832,110
2025-11-23 00:00:00,DDPG,0.3746208353889649,0.0,0.0,0.8206945129654954,0.0,0.0,-5.46208353889649,110
2025-11-23 01:00:00,DDPG,0.3726057518500684,0.0,0.0,0.7535250616689467,0.0,0.0,-5.2605751850068385,110
2025-11-23 02:00:00,DDPG,0.37381767666506155,0.0,0.0,0.7939225555020514,0.0,0.0,-5.381767666506154,110
2025-11-23 03:00:00,DDPG,0.3715829089985554,0.0,0.0,0.7194302999518456,0.0,0.0,-5.158290899855539,110
2025-11-23 04:00:00,DDPG,0.36927161809869985,0.0,0.0,0.6423872699566616,0.0,0.0,-4.927161809869984,110
2025-11-23 05:00:00,DDPG,0.3671914562888299,0.0,0.0,0.5730485429609956,0.0,0.0,-4.719145628882987,110
2025-11-23 06:00:00,DDPG,0.3658938106599469,0.0,0.0,0.529793688664897,0.0,0.0,-4.589381065994691,110
2025-11-23 07:00:00,DDPG,0.36612392959395224,0.0,0.0,0.5374643197984071,0.0,0.0,-4.612392959395223,110
2025-11-23 08:00:00,DDPG,0.363976036634557,0.0,0.0,0.46586788781856686,0.0,0.0,-4.397603663455701,110
2025-11-23 09:00:00,DDPG,0.36331343297110136,0.0,0.0,0.4437810990367112,0.0,0.0,-4.331343297110135,110
2025-11-23 10:00:00,DDPG,0.3639680896739912,0.0,0.0,0.46560298913304055,0.0,0.0,-4.396808967399118,110
2025-11-23 11:00:00,DDPG,0.3691592807065921,0.0,0.0,0.6386426902197372,0.0,0.0,-4.915928070659209,110
2025-11-23 12:00:00,DDPG,0.36685485263593287,0.0,0.0,0.5618284211977624,0.0,0.0,-4.685485263593287,110
2025-11-23 13:00:00,DDPG,0.36504936737233956,0.0,0.0,0.5016455790779858,0.0,0.0,-4.5049367372339555,110
2025-11-23 14:00:00,DDPG,0.3624734306351056,0.0,0.0,0.41578102117018717,0.0,0.0,-4.247343063510561,110
2025-11-23 15:00:00,DDPG,0.360359087571595,0.0,0.0,0.345302919053168,0.0,0.0,-4.0359087571595005,110
2025-11-23 16:00:00,DDPG,0.35873667881443555,0.0,0.0,0.2912226271478517,0.0,0.0,-3.873667881443554,110
2025-11-23 17:00:00,DDPG,0.357531510932992,0.0,0.0,0.2510503644330669,0.0,0.0,-3.7531510932992003,110
2025-11-23 18:00:00,DDPG,0.3566253598396928,0.0,0.0,0.22084532798975973,0.0,0.0,-3.6625359839692786,110
2025-11-23 19:00:00,DDPG,0.3558608238557235,0.0,0.0,0.19536079519078273,0.0,0.0,-3.5860823855723476,110
2025-11-23 20:00:00,DDPG,0.3551727414701511,0.0,0.0,0.17242471567170414,0.0,0.0,-3.517274147015109,110
2025-11-23 21:00:00,DDPG,0.354878967323136,0.0,0.0,0.1626322441045332,0.0,0.0,-3.4878967323136,110
2025-11-23 22:00:00,DDPG,0.3542890705908224,0.0,0.0,0.14296901969407969,0.0,0.0,-3.4289070590822366,110
2025-11-23 23:00:00,DDPG,0.35405816353174013,0.0,0.0,0.1352721177246707,0.0,0.0,-3.4058163531740124,110
2025-11-24 00:00:00,DDPG,0.3547248471785661,0.0,0.0,0.15749490595220408,0.0,0.0,-3.472484717856611,110
2025-11-24 01:00:00,DDPG,0.3556248624607095,0.0,0.0,0.18749541535698314,0.0,0.0,-3.56248624607095,110
2025-11-24 02:00:00,DDPG,0.35496037621463855,0.0,0.0,0.1653458738212848,0.0,0.0,-3.496037621463854,110
2025-11-24 03:00:00,DDPG,0.3549113385931747,0.0,0.0,0.16371128643915683,0.0,0.0,-3.4911338593174692,110
2025-11-24 04:00:00,DDPG,0.3551672047338572,0.0,0.0,0.1722401577952411,0.0,0.0,-3.5167204733857202,110
2025-11-24 05:00:00,DDPG,0.35902298426047147,0.0,0.0,0.30076614201571633,0.0,0.0,-3.902298426047146,110
2025-11-24 06:00:00,DDPG,0.3657421858344243,0.0,0.0,0.524739527814144,0.0,0.0,-4.57421858344243,110
2025-11-24 07:00:00,DDPG,0.3645384672509819,0.0,0.0,0.4846155750327299,0.0,0.0,-4.453846725098187,110
2025-11-24 08:00:00,DDPG,0.36290012052588366,0.0,0.0,0.4300040175294555,0.0,0.0,-4.290012052588366,110
2025-11-24 09:00:00,DDPG,0.3608706084732953,0.0,0.0,0.3623536157765102,0.0,0.0,-4.087060847329527,110
2025-11-24 10:00:00,DDPG,0.3587635476259658,0.0,0.0,0.29211825419885856,0.0,0.0,-3.876354762596579,110
2025-11-24 11:00:00,DDPG,0.3568161928633692,0.0,0.0,0.2272064287789732,0.0,0.0,-3.681619286336918,110
2025-11-24 12:00:00,DDPG,0.35823607357703224,0.0,0.0,0.27453578590107525,0.0,0.0,-3.8236073577032235,110
2025-11-24 13:00:00,DDPG,0.35789246621932896,0.0,0.0,0.263082207310967,0.0,0.0,-3.7892466219328957,110
2025-11-24 14:00:00,DDPG,0.3588597195973961,0.0,0.0,0.29532398657987075,0.0,0.0,-3.885971959739609,110
2025-11-24 15:00:00,DDPG,0.3676892476376565,0.0,0.0,0.5896415879218836,0.0,0.0,-4.768924763765647,110
2025-11-24 16:00:00,DDPG,0.3703123228738908,0.0,0.0,0.6770774291296946,0.0,0.0,-5.031232287389082,110
2025-11-24 17:00:00,DDPG,0.37557709058650174,0.0,0.0,0.8525696862167251,0.0,0.0,-5.557709058650174,110
2025-11-24 18:00:00,DDPG,0.3728408815278516,0.0,0.0,0.7613627175950527,0.0,0.0,-5.28408815278516,110
2025-11-24 19:00:00,DDPG,0.37345479337506643,0.0,0.0,0.7818264458355473,0.0,0.0,-5.345479337506642,110
2025-11-24 20:00:00,DDPG,0.37248181403755976,0.0,0.0,0.749393801251992,0.0,0.0,-5.248181403755975,110
2025-11-24 21:00:00,DDPG,0.3752061326338038,0.0,0.0,0.8402044211267921,0.0,0.0,-5.520613263380381,110
2025-11-24 22:00:00,DDPG,0.3861090193704234,0.0,0.0,1.2036339790141142,0.0,0.0,-6.610901937042341,110
2025-11-24 23:00:00,DDPG,0.3829961174333811,0.0,0.0,1.0998705811127025,0.0,0.0,-6.299611743338108,110
2025-11-25 00:00:00,DDPG,0.384745505690043,0.0,0.0,1.1581835230014335,-1.4210854715202004e-14,0.0,-6.4745505690043,110
2025-11-25 01:00:00,DDPG,0.38656895512103867,0.0,0.0,1.21896517070129,0.0,0.0,-6.6568955121038655,110
2025-11-25 02:00:00,DDPG,0.3876100596089348,0.0,0.0,1.2536686536311592,0.0,0.0,-6.761005960893479,110
2025-11-25 03:00:00,DDPG,0.3906215536480413,0.0,0.0,1.3540517882680434,0.0,0.0,-7.062155364804129,110
2025-11-25 04:00:00,DDPG,0.39095739828323717,0.0,0.0,1.365246609441239,0.0,0.0,-7.095739828323715,110
2025-11-25 05:00:00,DDPG,0.39123415845491344,0.0,0.0,1.3744719484971144,0.0,0.0,-7.123415845491344,110
2025-11-25 06:00:00,DDPG,0.38870674260942206,0.0,0.0,1.2902247536474023,0.0,0.0,-6.870674260942206,110
2025-11-25 07:00:00,DDPG,0.3858065683484799,0.0,0.0,1.1935522782826624,0.0,0.0,-6.580656834847986,110
2025-11-25 08:00:00,DDPG,0.3845689115136319,0.0,0.0,1.1522970504543963,0.0,0.0,-6.4568911513631875,110
2025-11-25 09:00:00,DDPG,0.38175102036226877,0.0,0.0,1.0583673454089577,0.0,0.0,-6.1751020362268765,110
2025-11-25 10:00:00,DDPG,0.3848639183260419,0.0,0.0,1.162130610868063,0.0,0.0,-6.486391832604188,110
2025-11-25 11:00:00,DDPG,0.39514002649343766,0.0,0.0,1.5046675497812558,0.0,0.0,-7.514002649343766,110
2025-11-25 12:00:00,DDPG,0.3925160238440939,0.0,0.0,1.4172007948031293,0.0,0.0,-7.251602384409388,110
2025-11-25 13:00:00,DDPG,0.3935249214596845,0.0,0.0,1.4508307153228175,0.0,0.0,-7.352492145968448,110
2025-11-25 14:00:00,DDPG,0.388834929313716,0.0,0.0,1.294497643790534,0.0,0.0,-6.883492931371599,110
2025-11-25 15:00:00,DDPG,0.3871924363823444,0.0,0.0,1.2397478794114805,0.0,0.0,-6.71924363823444,110
2025-11-25 16:00:00,DDPG,0.38471819274411,0.0,0.0,1.1572730914703329,0.0,0.0,-6.471819274411001,110
2025-11-25 17:00:00,DDPG,0.383091373469699,0.0,0.0,1.1030457823233009,0.0,0.0,-6.3091373469699015,110
2025-11-25 18:00:00,DDPG,0.3810272361227291,0.0,0.0,1.0342412040909708,0.0,0.0,-6.102723612272909,110
2025-11-25 19:00:00,DDPG,0.3804205125104562,0.0,0.0,1.014017083681874,0.0,0.0,-6.042051251045621,110
2025-11-25 20:00:00,DDPG,0.3777489612594106,0.0,0.0,0.9249653753136869,0.0,0.0,-5.774896125941059,110
2025-11-25 21:00:00,DDPG,0.3749680651334695,0.0,0.0,0.832268837782317,0.0,0.0,-5.496806513346947,110
2025-11-25 22:00:00,DDPG,0.3721652586201225,0.0,0.0,0.7388419540040844,0.0,0.0,-5.21652586201225,110
2025-11-25 23:00:00,DDPG,0.3696682327581102,0.0,0.0,0.655607758603675,0.0,0.0,-4.966823275811022,110
2025-11-26 00:00:00,DDPG,0.3673954094822992,0.0,0.0,0.5798469827433067,0.0,0.0,-4.73954094822992,110
2025-11-26 01:00:00,DDPG,0.3653243685340693,0.0,0.0,0.510812284468976,-1.4210854715202004e-14,0.0,-4.53243685340693,110
2025-11-26 02:00:00,DDPG,0.36351143168066236,0.0,0.0,0.4503810560220785,0.0,0.0,-4.351143168066235,110
2025-11-26 03:00:00,DDPG,0.3618542885125961,0.0,0.0,0.39514295041987,0.0,0.0,-4.185428851259609,110
2025-11-26 04:00:00,DDPG,0.36036285966133647,0.0,0.0,0.3454286553778829,0.0,0.0,-4.036285966133645,110
2025-11-26 05:00:00,DDPG,0.35902057369520285,0.0,0.0,0.3006857898400938,0.0,0.0,-3.902057369520284,110
2025-11-26 06:00:00,DDPG,0.3578125163256825,0.0,0.0,0.2604172108560846,0.0,0.0,-3.7812516325682495,110
2025-11-26 07:00:00,DDPG,0.35659776469311427,0.0,0.0,0.2199254897704762,0.0,0.0,-3.659776469311426,110
2025-11-26 08:00:00,DDPG,0.35530048822380284,0.0,0.0,0.17668294079342817,0.0,0.0,-3.530048822380283,110
2025-11-26 09:00:00,DDPG,0.35392893940142256,0.0,0.0,0.13096464671408511,0.0,0.0,-3.3928939401422555,110
2025-11-26 10:00:00,DDPG,0.35251604546128024,0.0,0.0,0.08386818204267571,0.0,0.0,-3.251604546128023,110
2025-11-26 11:00:00,DDPG,0.35119344091515226,0.0,0.0,0.03978136383840791,-1.4210854715202004e-14,0.0,-3.1193440915152246,110
2025-11-26 12:00:00,DDPG,0.350003096823637,0.0,0.0,0.00010322745456790017,0.0,0.0,-3.0003096823636994,110
2025-11-26 13:00:00,DDPG,0.34881309682363704,0.0,0.0,0.0,0.0,0.0,-2.881309682363703,110
2025-11-26 14:00:00,DDPG,0.3477647634903037,0.0,0.0,0.0,0.0,0.0,-2.7764763490303714,110
2025-11-26 15:00:00,DDPG,0.3468864301569704,0.0,0.0,0.0,0.0,0.0,-2.68864301569704,110
2025-11-26 16:00:00,DDPG,0.34626309682363704,0.0,0.0,0.0,0.0,0.0,-2.6263096823637033,110
2025-11-26 17:00:00,DDPG,0.3458380968236371,0.0,0.0,0.0,0.0,0.0,-2.5838096823637082,110
2025-11-26 18:00:00,DDPG,0.3454980968236371,0.0,0.0,0.0,0.0,0.0,-2.5498096823637075,110
2025-11-26 19:00:00,DDPG,0.34518643015697037,0.0,0.0,0.0,0.0,0.0,-2.5186430156970365,110
2025-11-26 20:00:00,DDPG,0.3455697634903037,0.0,0.0,0.0,0.0,0.0,-2.5569763490303714,110
2025-11-26 21:00:00,DDPG,0.34525809682363706,0.0,0.0,0.0,0.0,0.0,-2.5258096823637057,110
2025-11-26 22:00:00,DDPG,0.34494643015697035,0.0,0.0,0.0,0.0,0.0,-2.4946430156970347,110
2025-11-26 23:00:00,DDPG,0.34466309682363705,0.0,0.0,0.0,0.0,0.0,-2.466309682363704,110
2025-11-27 00:00:00,DDPG,0.34435143015697034,0.0,0.0,0.0,0.0,0.0,-2.435143015697033,110
2025-11-27 01:00:00,DDPG,0.34406809682363704,0.0,0.0,0.0,0.0,0.0,-2.4068096823637033,110
2025-11-27 02:00:00,DDPG,0.34378476349030374,0.0,0.0,0.0,0.0,0.0,-2.3784763490303726,110
2025-11-27 03:00:00,DDPG,0.34352976349030373,0.0,0.0,0.0,0.0,0.0,-2.3529763490303726,110
2025-11-27 04:00:00,DDPG,0.3432747634903038,0.0,0.0,0.0,0.0,0.0,-2.327476349030377,110
2025-11-27 05:00:00,DDPG,0.3430197634903038,0.0,0.0,0.0,0.0,0.0,-2.301976349030377,110
2025-11-27 06:00:00,DDPG,0.3427364301569705,0.0,0.0,0.0,0.0,0.0,-2.273643015697047,110
2025-11-27 07:00:00,DDPG,0.3423397634903038,0.0,0.0,0.0,0.0,0.0,-2.233976349030381,110
2025-11-27 08:00:00,DDPG,0.34168809682363716,0.0,0.0,0.0,0.0,0.0,-2.1688096823637153,110
2025-11-27 09:00:00,DDPG,0.34080976349030384,0.0,0.0,0.0,0.0,0.0,-2.080976349030383,110
2025-11-27 10:00:00,DDPG,0.33973309682363717,0.0,0.0,0.0,0.0,0.0,-1.9733096823637162,110
2025-11-27 11:00:00,DDPG,0.3384580968236372,0.0,0.0,0.0,0.0,0.0,-1.8458096823637193,110
2025-11-27 12:00:00,DDPG,0.3371264301569705,0.0,0.0,0.0,0.0,0.0,-1.7126430156970516,110
2025-11-27 13:00:00,DDPG,0.33585143015697055,0.0,0.0,0.0,0.0,0.0,-1.5851430156970547,110
2025-11-27 14:00:00,DDPG,0.33474643015697053,0.0,0.0,0.0,0.0,0.0,-1.4746430156970525,110
2025-11-27 15:00:00,DDPG,0.3337830968236372,0.0,0.0,0.0,0.0,0.0,-1.3783096823637209,110
2025-11-27 16:00:00,DDPG,0.33310309682363726,0.0,0.0,0.0,0.0,0.0,-1.3103096823637248,110
2025-11-27 17:00:00,DDPG,0.3326497634903039,0.0,0.0,0.0,0.0,0.0,-1.264976349030389,110
2025-11-27 18:00:00,DDPG,0.33233809682363724,0.0,0.0,0.0,0.0,0.0,-1.2338096823637237,110
2025-11-27 19:00:00,DDPG,0.3319414301569706,0.0,0.0,0.0,0.0,0.0,-1.1941430156970578,110
2025-11-27 20:00:00,DDPG,0.3315730968236372,0.0,0.0,0.0,0.0,0.0,-1.1573096823637217,110
2025-11-27 21:00:00,DDPG,0.33117643015697057,0.0,0.0,0.0,0.0,0.0,-1.1176430156970563,110
2025-11-27 22:00:00,DDPG,0.33075143015697056,0.0,0.0,0.0,0.0,0.0,-1.0751430156970554,110
2025-11-27 23:00:00,DDPG,0.33041143015697055,0.0,0.0,0.0,0.0,0.0,-1.0411430156970547,110
2025-11-28 00:00:00,DDPG,0.3300430968236372,0.0,0.0,0.0,0.0,0.0,-1.0043096823637185,110
2025-11-28 01:00:00,DDPG,0.3297030968236372,0.0,0.0,0.0,0.0,0.0,-0.9703096823637178,110
2025-11-28 02:00:00,DDPG,0.32939143015697053,0.0,0.0,0.0,0.0,0.0,-0.9391430156970526,110
2025-11-28 03:00:00,DDPG,0.3290797634903038,0.0,0.0,0.0,0.0,0.0,-0.9079763490303816,110
2025-11-28 04:00:00,DDPG,0.3287964301569705,0.0,0.0,0.0,0.0,0.0,-0.8796430156970514,110
2025-11-28 05:00:00,DDPG,0.3285130968236372,0.0,0.0,0.0,0.0,0.0,-0.8513096823637212,110
2025-11-28 06:00:00,DDPG,0.3282014301569705,0.0,0.0,0.0,0.0,0.0,-0.8201430156970502,110
2025-11-28 07:00:00,DDPG,0.32783309682363715,0.0,0.0,0.0,0.0,0.0,-0.783309682363714,110
2025-11-28 08:00:00,DDPG,0.3271530973203426,1.4901161193847656e-07,0.0,0.0,0.0,0.0,-0.7153097350144906,110
2025-11-28 09:00:00,DDPG,0.32621809732034257,0.0,0.0,0.0,0.0,0.0,-0.6218097335243726,110
2025-11-28 10:00:00,DDPG,0.32516976398700925,0.0,0.0,0.0,0.0,0.0,-0.5169763987009244,110
2025-11-28 11:00:00,DDPG,0.32429143065367594,0.0,0.0,0.0,0.0,0.0,-0.42914306536759295,110
2025-11-28 12:00:00,DDPG,0.3231864306536759,0.0,0.0,0.0,0.0,0.0,-0.3186430653675911,110
2025-11-28 13:00:00,DDPG,0.3219680973203426,0.0,0.0,0.0,0.0,0.0,-0.196809732034259,110
2025-11-28 14:00:00,DDPG,0.3210897639870093,0.0,0.0,0.0,0.0,0.0,-0.10897639870092757,110
2025-11-28 15:00:00,DDPG,0.3204097639870093,0.0,0.0,0.0,0.0,0.0,-0.040976398700931504,110
2025-11-28 16:00:00,DDPG,0.3198714311503813,1.4901161193847656e-07,0.0,0.0,0.0,0.0,1.9999999970197677,110
2025-11-28 17:00:00,DDPG,0.319503097817048,0.0,0.0,0.0,0.0,0.0,1.999999998509884,110
2025-11-28 18:00:00,DDPG,0.319248097817048,0.0,0.0,0.0,0.0,0.0,2.0,110
2025-11-28 19:00:00,DDPG,0.319078097817048,0.0,0.0,0.0,0.0,0.0,2.0,110
2025-11-28 20:00:00,DDPG,0.3189364311503813,0.0,0.0,0.0,0.0,0.0,2.0,110
2025-11-28 21:00:00,DDPG,0.31879476448371463,0.0,0.0,0.0,0.0,0.0,2.0,110
2025-11-28 22:00:00,DDPG,0.3186530978170479,0.0,0.0,0.0,0.0,0.0,2.0,110
2025-11-28 23:00:00,DDPG,0.318568097817048,0.0,0.0,0.0,0.0,0.0,2.0,110
2025-11-29 00:00:00,DDPG,0.318483097817048,0.0,0.0,0.0,0.0,0.0,2.0,110
2025-11-29 01:00:00,DDPG,0.31839809781704803,0.0,0.0,0.0,0.0,0.0,2.0,110
2025-11-29 02:00:00,DDPG,0.3183414311503814,0.0,0.0,0.0,0.0,0.0,2.0,110
2025-11-29 03:00:00,DDPG,0.31831309781704803,0.0,0.0,0.0,0.0,0.0,2.0,110
2025-11-29 04:00:00,DDPG,0.31828476448371473,0.0,0.0,0.0,0.0,0.0,2.0,110
2025-11-29 05:00:00,DDPG,0.3182564311503814,0.0,0.0,0.0,0.0,0.0,2.0,110
2025-11-29 06:00:00,DDPG,0.3181714311503814,0.0,0.0,0.0,0.0,0.0,2.0,110
2025-11-29 07:00:00,DDPG,0.3179447644837147,0.0,0.0,0.0,0.0,0.0,2.0,110
2025-11-29 08:00:00,DDPG,0.31746309831375347,1.4901161193847656e-07,0.0,0.0,0.0,0.0,1.9999999970197677,110
2025-11-29 09:00:00,DDPG,0.31669809881045885,1.4901161193847656e-07,0.0,0.0,0.0,0.0,1.999999998509884,110
2025-11-29 10:00:00,DDPG,0.31579143214379213,0.0,0.0,0.0,0.0,0.0,1.999999998509884,110
2025-11-29 11:00:00,DDPG,0.31445976547712545,0.0,0.0,0.0,0.0,0.0,2.0,110
2025-11-29 12:00:00,DDPG,0.3128447654771255,0.0,0.0,0.0,0.0,0.0,2.0,110
2025-11-29 13:00:00,DDPG,0.3113430988104588,0.0,0.0,0.0,0.0,0.0,2.0,110
2025-11-29 14:00:00,DDPG,0.31304643214379213,0.0,0.0,0.0,0.0,0.0,2.0,110
2025-11-29 15:00:00,DDPG,0.3127347654771254,0.0,0.0,0.0,0.0,0.0,2.0,110
2025-11-29 16:00:00,DDPG,0.31244476647053615,2.980232238769531e-07,0.0,0.0,0.0,0.0,1.9999999940395354,110
2025-11-29 17:00:00,DDPG,0.3121330998038695,0.0,0.0,0.0,0.0,0.0,1.9999999970197677,110
2025-11-29 18:00:00,DDPG,0.3119914331372028,0.0,0.0,0.0,0.0,0.0,2.0,110
2025-11-29 19:00:00,DDPG,0.31293476647053614,0.0,0.0,0.0,0.0,0.0,2.0,110
2025-11-29 20:00:00,DDPG,0.31284976647053614,0.0,0.0,0.0,0.0,0.0,2.0,110
2025-11-29 21:00:00,DDPG,0.3127930998038695,0.0,0.0,0.0,0.0,0.0,2.0,110
2025-11-29 22:00:00,DDPG,0.3127647664705362,0.0,0.0,0.0,0.0,0.0,2.0,110
2025-11-29 23:00:00,DDPG,0.31273643313720284,0.0,0.0,0.0,0.0,0.0,2.0,110
2025-11-30 00:00:00,DDPG,0.3133464331372029,0.0,0.0,0.0,0.0,0.0,2.0,110
2025-11-30 01:00:00,DDPG,0.3142897664705362,0.0,0.0,0.0,0.0,0.0,2.0,110
2025-11-30 02:00:00,DDPG,0.3162047664705362,0.0,0.0,0.0,0.0,0.0,2.0,110
2025-11-30 03:00:00,DDPG,0.3181197664705362,0.0,0.0,0.0,0.0,0.0,2.0,110
2025-11-30 04:00:00,DDPG,0.3200914331372029,0.0,0.0,0.0,0.0,0.0,-0.00914331372028876,110
2025-11-30 05:00:00,DDPG,0.3204247664705362,0.0,0.0,0.0,0.0,0.0,-0.04247664705361842,110
2025-11-30 06:00:00,DDPG,0.3203397664705362,0.0,0.0,0.0,0.0,0.0,-0.03397664705361869,110
2025-11-30 07:00:00,DDPG,0.3201697664705362,0.0,0.0,0.0,0.0,0.0,-0.016976647053618343,110
2025-11-30 08:00:00,DDPG,0.32766643313720284,0.0,0.0,0.0,0.0,0.0,-0.7666433137202833,110
2025-11-30 09:00:00,DDPG,0.34010643313720285,0.0,0.0,0.0,0.0,0.0,-2.0106433137202835,110
2025-11-30 10:00:00,DDPG,0.35351728982348257,0.0,0.0,0.1172429941160857,0.0,0.0,-3.3517289823482566,110
2025-11-30 11:00:00,DDPG,0.3550360608411343,0.0,0.0,0.16786869470447813,0.0,0.0,-3.5036060841134304,110
2025-11-30 12:00:00,DDPG,0.3557264547570209,0.0,0.0,0.19088182523402963,0.0,0.0,-3.5726454757020907,110
2025-11-30 13:00:00,DDPG,0.3553713092813188,0.0,0.0,0.1790436427106272,0.0,0.0,-3.537130928131882,110
2025-11-30 14:00:00,DDPG,0.3578026783531869,0.0,0.0,0.26008927843956403,0.0,0.0,-3.78026783531869,110
2025-11-30 15:00:00,DDPG,0.3571634105178682,0.0,0.0,0.23878035059560718,0.0,0.0,-3.71634105178682,110
2025-11-30 16:00:00,DDPG,0.3559880694660814,0.0,0.0,0.19960231553604615,0.0,0.0,-3.598806946608141,110
2025-11-30 17:00:00,DDPG,0.35503226251947323,0.0,0.0,0.16774208398244214,0.0,0.0,-3.5032262519473223,110
2025-11-30 18:00:00,DDPG,0.3543505362675259,0.0,0.0,0.14501787558419751,0.0,0.0,-3.4350536267525875,110
2025-11-30 19:00:00,DDPG,0.3537624826407733,0.0,0.0,0.12541608802577714,0.0,0.0,-3.376248264077331,110
2025-11-30 20:00:00,DDPG,0.353233234376696,0.0,0.0,0.10777447922319966,0.0,0.0,-3.3233234376696004,110
2025-11-30 21:00:00,DDPG,0.3527569109390264,0.0,0.0,0.09189703130087992,0.0,0.0,-3.2756910939026387,110
2025-11-30 22:00:00,DDPG,0.3523537198451238,0.0,0.0,0.0784573281707921,0.0,0.0,-3.2353719845123807,110
2025-11-30 23:00:00,DDPG,0.35201634786061137,0.0,0.0,0.067211595353713,0.0,0.0,-3.2016347860611365,110
2025-12-01 00:00:00,DDPG,0.3517382130745503,0.0,0.0,0.057940435818342455,0.0,0.0,-3.173821307455027,110
2025-12-01 01:00:00,DDPG,0.3515133917670953,0.0,0.0,0.05044639223650904,0.0,0.0,-3.151339176709528,110
2025-12-01 02:00:00,DDPG,0.35131105259038575,0.0,0.0,0.04370175301285855,0.0,0.0,-3.1311052590385744,110
2025-12-01 03:00:00,DDPG,0.3511289473313472,0.0,0.0,0.03763157771157353,0.0,0.0,-3.112894733134719,110
2025-12-01 04:00:00,DDPG,0.3509650525982125,0.0,0.0,0.03216841994041602,0.0,0.0,-3.0965052598212477,110
2025-12-01 05:00:00,DDPG,0.35081754733839127,0.0,0.0,0.02725157794637454,0.0,0.0,-3.0817547338391265,110
2025-12-01 06:00:00,DDPG,0.35068479260455215,0.0,0.0,0.022826420151737636,-1.4210854715202004e-14,0.0,-3.0684792604552147,110
2025-12-01 07:00:00,DDPG,0.350386813344097,0.0,0.0,0.012893778136565004,0.0,0.0,-3.0386813344096986,110
2025-12-01 08:00:00,DDPG,0.34973514667743033,0.0,0.0,0.0,0.0,0.0,-2.973514667743032,110
2025-12-01 09:00:00,DDPG,0.34865848001076366,0.0,0.0,0.0,0.0,0.0,-2.8658480010763654,110
2025-12-01 10:00:00,DDPG,0.34727014667743034,0.0,0.0,0.0,0.0,0.0,-2.727014667743033,110
2025-12-01 11:00:00,DDPG,0.3456834800107637,0.0,0.0,0.0,0.0,0.0,-2.5683480010763704,110
2025-12-01 12:00:00,DDPG,0.34401181334409703,0.0,0.0,0.0,0.0,0.0,-2.401181334409702,110
2025-12-01 13:00:00,DDPG,0.34239681334409705,0.0,0.0,0.0,0.0,0.0,-2.2396813344097044,110
2025-12-01 14:00:00,DDPG,0.3409801466774304,0.0,0.0,0.0,0.0,0.0,-2.098014667743037,110
2025-12-01 15:00:00,DDPG,0.33984681334409705,0.0,0.0,0.0,0.0,0.0,-1.9846813344097045,110
2025-12-01 16:00:00,DDPG,0.3391101466774304,0.0,0.0,0.0,0.0,0.0,-1.9110146677430384,110
2025-12-01 17:00:00,DDPG,0.3387701466774304,0.0,0.0,0.0,0.0,0.0,-1.8770146677430377,110
2025-12-01 18:00:00,DDPG,0.3386851466774304,0.0,0.0,0.0,0.0,0.0,-1.8685146677430375,110
2025-12-01 19:00:00,DDPG,0.33862848001076373,0.0,0.0,0.0,0.0,0.0,-1.8628480010763724,110
2025-12-01 20:00:00,DDPG,0.3385718133440971,0.0,0.0,0.0,0.0,0.0,-1.8571813344097077,110
2025-12-01 21:00:00,DDPG,0.33854348001076373,0.0,0.0,0.0,0.0,0.0,-1.8543480010763727,110
2025-12-01 22:00:00,DDPG,0.33851514667743043,0.0,0.0,0.0,0.0,0.0,-1.851514667743043,110
2025-12-01 23:00:00,DDPG,0.33851514667743043,0.0,0.0,0.0,0.0,0.0,-1.851514667743043,110
2025-12-02 00:00:00,DDPG,0.33851514667743043,0.0,0.0,0.0,0.0,0.0,-1.851514667743043,110
2025-12-02 01:00:00,DDPG,0.33851514667743043,0.0,0.0,0.0,0.0,0.0,-1.851514667743043,110
2025-12-02 02:00:00,DDPG,0.33851514667743043,0.0,0.0,0.0,0.0,0.0,-1.851514667743043,110
2025-12-02 03:00:00,DDPG,0.33851514667743043,0.0,0.0,0.0,0.0,0.0,-1.851514667743043,110
2025-12-02 04:00:00,DDPG,0.33851514667743043,0.0,0.0,0.0,0.0,0.0,-1.851514667743043,110
2025-12-02 05:00:00,DDPG,0.33851514667743043,0.0,0.0,0.0,0.0,0.0,-1.851514667743043,110
2025-12-02 06:00:00,DDPG,0.33851514667743043,0.0,0.0,0.0,0.0,0.0,-1.851514667743043,110
2025-12-02 07:00:00,DDPG,0.3383168133440971,0.0,0.0,0.0,0.0,0.0,-1.8316813344097072,110
2025-12-02 08:00:00,DDPG,0.3376651466774304,0.0,0.0,0.0,0.0,0.0,-1.7665146677430412,110
2025-12-02 09:00:00,DDPG,0.3365884800107638,0.0,0.0,0.0,0.0,0.0,-1.6588480010763798,110
2025-12-02 10:00:00,DDPG,0.3351718133440971,0.0,0.0,0.0,0.0,0.0,-1.5171813344097118,110
2025-12-02 11:00:00,DDPG,0.3335284800107638,0.0,0.0,0.0,0.0,0.0,-1.3528480010763788,110
2025-12-02 12:00:00,DDPG,0.33180014667743046,0.0,0.0,0.0,0.0,0.0,-1.1800146677430456,110
2025-12-02 13:00:00,DDPG,0.33012848001076384,0.0,0.0,0.0,0.0,0.0,-1.012848001076383,110
2025-12-02 14:00:00,DDPG,0.3286551466774305,0.0,0.0,0.0,0.0,0.0,-0.8655146677430503,110
2025-12-02 15:00:00,DDPG,0.32749348001076384,0.0,0.0,0.0,0.0,0.0,-0.7493480010763829,110
2025-12-02 16:00:00,DDPG,0.3267568133440972,0.0,0.0,0.0,0.0,0.0,-0.6756813344097168,110
2025-12-02 17:00:00,DDPG,0.32644514667743046,0.0,0.0,0.0,0.0,0.0,-0.6445146677430458,110
2025-12-02 18:00:00,DDPG,0.3263601466774305,0.0,0.0,0.0,0.0,0.0,-0.6360146677430514,110
2025-12-02 19:00:00,DDPG,0.32633181334409717,0.0,0.0,0.0,0.0,0.0,-0.6331813344097159,110
2025-12-02 20:00:00,DDPG,0.32630348001076387,0.0,0.0,0.0,0.0,0.0,-0.6303480010763862,110
2025-12-02 21:00:00,DDPG,0.32630348001076387,0.0,0.0,0.0,0.0,0.0,-0.6303480010763862,110
2025-12-02 22:00:00,DDPG,0.32630348001076387,0.0,0.0,0.0,0.0,0.0,-0.6303480010763862,110
2025-12-02 23:00:00,DDPG,0.32630348001076387,0.0,0.0,0.0,0.0,0.0,-0.6303480010763862,110
2025-12-03 00:00:00,DDPG,0.32630348001076387,0.0,0.0,0.0,0.0,0.0,-0.6303480010763862,110
2025-12-03 01:00:00,DDPG,0.32630348001076387,0.0,0.0,0.0,0.0,0.0,-0.6303480010763862,110
2025-12-03 02:00:00,DDPG,0.32663681334409717,0.0,0.0,0.0,0.0,0.0,-0.6636813344097159,110
2025-12-03 03:00:00,DDPG,0.32663681334409717,0.0,0.0,0.0,0.0,0.0,-0.6636813344097159,110
2025-12-03 04:00:00,DDPG,0.32697014667743046,0.0,0.0,0.0,0.0,0.0,-0.6970146677430455,110
2025-12-03 05:00:00,DDPG,0.32697014667743046,0.0,0.0,0.0,0.0,0.0,-0.6970146677430455,110
2025-12-03 06:00:00,DDPG,0.32727514667743046,0.0,0.0,0.0,0.0,0.0,-0.7275146677430455,110
2025-12-03 07:00:00,DDPG,0.3270484800107638,0.0,0.0,0.0,0.0,0.0,-0.70484800107638,110
2025-12-03 08:00:00,DDPG,0.32639681334409715,0.0,0.0,0.0,0.0,0.0,-0.6396813344097141,110
2025-12-03 09:00:00,DDPG,0.32532014667743053,0.0,0.0,0.0,0.0,0.0,-0.5320146677430526,110
2025-12-03 10:00:00,DDPG,0.32390348001076386,0.0,0.0,0.0,0.0,0.0,-0.3903480010763847,110
2025-12-03 11:00:00,DDPG,0.3222601466774305,0.0,0.0,0.0,0.0,0.0,-0.22601466774305212,110
2025-12-03 12:00:00,DDPG,0.3205318133440972,0.0,0.0,0.0,0.0,0.0,-0.05318133440971895,110
2025-12-03 13:00:00,DDPG,0.31883181334409716,0.0,0.0,0.0,0.0,0.0,2.0,110
2025-12-03 14:00:00,DDPG,0.3173584800107639,0.0,0.0,0.0,0.0,0.0,2.0,110
2025-12-03 15:00:00,DDPG,0.3161968133440972,0.0,0.0,0.0,0.0,0.0,2.0,110
2025-12-03 16:00:00,DDPG,0.3154601466774305,0.0,0.0,0.0,0.0,0.0,2.0,110
2025-12-03 17:00:00,DDPG,0.31514848001076384,0.0,0.0,0.0,0.0,0.0,2.0,110
2025-12-03 18:00:00,DDPG,0.3150918133440972,0.0,0.0,0.0,0.0,0.0,2.0,110
2025-12-03 19:00:00,DDPG,0.3150918133440972,0.0,0.0,0.0,0.0,0.0,2.0,110
2025-12-03 20:00:00,DDPG,0.3150918133440972,0.0,0.0,0.0,0.0,0.0,2.0,110
2025-12-03 21:00:00,DDPG,0.3150918133440972,0.0,0.0,0.0,0.0,0.0,2.0,110
2025-12-03 22:00:00,DDPG,0.3150918133440972,0.0,0.0,0.0,0.0,0.0,2.0,110
2025-12-03 23:00:00,DDPG,0.3150918133440972,0.0,0.0,0.0,0.0,0.0,2.0,110
2025-12-04 00:00:00,DDPG,0.3150918133440972,0.0,0.0,0.0,0.0,0.0,2.0,110
2025-12-04 01:00:00,DDPG,0.31503514667743054,0.0,0.0,0.0,0.0,0.0,2.0,110
2025-12-04 02:00:00,DDPG,0.3149218133440972,0.0,0.0,0.0,0.0,0.0,2.0,110
2025-12-04 03:00:00,DDPG,0.31480848001076384,0.0,0.0,0.0,0.0,0.0,2.0,110
2025-12-04 04:00:00,DDPG,0.3146951466774305,0.0,0.0,0.0,0.0,0.0,2.0,110
2025-12-04 05:00:00,DDPG,0.3145818133440971,0.0,0.0,0.0,0.0,0.0,2.0,110
2025-12-04 06:00:00,DDPG,0.3144684800107638,0.0,0.0,0.0,0.0,0.0,2.0,110
2025-12-04 07:00:00,DDPG,0.31415681334409706,0.0,0.0,0.0,0.0,0.0,2.0,110
2025-12-04 08:00:00,DDPG,0.3135051466774304,0.0,0.0,0.0,0.0,0.0,2.0,110
2025-12-04 09:00:00,DDPG,0.31248514667743044,0.0,0.0,0.0,0.0,0.0,2.0,110
2025-12-04 10:00:00,DDPG,0.31118181334409706,0.0,0.0,0.0,0.0,0.0,2.0,110
2025-12-04 11:00:00,DDPG,0.3096801466774304,0.0,0.0,0.0,0.0,0.0,2.0,110
2025-12-04 12:00:00,DDPG,0.30859681334409705,0.0,0.0,0.0,0.0,0.0,2.0,110
2025-12-04 13:00:00,DDPG,0.3074568133440971,0.0,0.0,0.0,0.0,0.0,2.0,110
2025-12-04 14:00:00,DDPG,0.30682014667743035,0.0,0.0,0.0,0.0,0.0,2.0,110
2025-12-04 15:00:00,DDPG,0.3061334800107637,0.0,0.0,0.0,0.0,0.0,2.0,110
2025-12-04 16:00:00,DDPG,0.3054818133440971,0.0,0.0,0.0,0.0,0.0,2.0,110
2025-12-04 17:00:00,DDPG,0.3054468138408024,1.4901161193847656e-07,0.0,0.0,0.0,0.0,1.9999999970197677,110
2025-12-04 18:00:00,DDPG,0.30558181384080235,0.0,0.0,0.0,0.0,0.0,1.999999998509884,110
2025-12-04 19:00:00,DDPG,0.3053551471741357,0.0,0.0,0.0,0.0,0.0,2.0,110
2025-12-04 20:00:00,DDPG,0.30512848050746905,0.0,0.0,0.0,0.0,0.0,2.0,110
2025-12-04 21:00:00,DDPG,0.3048734805074691,0.0,0.0,0.0,0.0,0.0,2.0,110
2025-12-04 22:00:00,DDPG,0.30467514717413574,0.0,0.0,0.0,0.0,0.0,2.0,110
2025-12-04 23:00:00,DDPG,0.3044768138408024,0.0,0.0,0.0,0.0,0.0,2.0,110
2025-12-05 00:00:00,DDPG,0.30425014717413573,0.0,0.0,0.0,0.0,0.0,2.0,110
2025-12-05 01:00:00,DDPG,0.3039951471741358,0.0,0.0,0.0,0.0,0.0,2.0,110
2025-12-05 02:00:00,DDPG,0.30376848050746913,0.0,0.0,0.0,0.0,0.0,2.0,110
2025-12-05 03:00:00,DDPG,0.3035418138408024,0.0,0.0,0.0,0.0,0.0,2.0,110
2025-12-05 04:00:00,DDPG,0.30703848050746907,0.0,0.0,0.0,0.0,0.0,2.0,110
2025-12-05 05:00:00,DDPG,0.30925848050746907,0.0,0.0,0.0,0.0,0.0,2.0,110
2025-12-05 06:00:00,DDPG,0.3257834805074691,0.0,0.0,0.0,0.0,0.0,-0.5783480507469072,110
2025-12-05 07:00:00,DDPG,0.32647181384080237,0.0,0.0,0.0,0.0,0.0,-0.6471813840802367,110
2025-12-05 08:00:00,DDPG,0.32587681384080236,0.0,0.0,0.0,0.0,0.0,-0.5876813840802351,110
2025-12-05 09:00:00,DDPG,0.3249701471741357,0.0,0.0,0.0,0.0,0.0,-0.4970147174135686,110
2025-12-05 10:00:00,DDPG,0.3238368138408023,0.0,0.0,0.0,0.0,0.0,-0.3836813840802309,110
2025-12-05 11:00:00,DDPG,0.3228951471741357,0.0,0.0,0.0,0.0,0.0,-0.28951471741356904,110
2025-12-05 12:00:00,DDPG,0.3216768138408023,0.0,0.0,0.0,0.0,0.0,-0.1676813840802316,110
2025-12-05 13:00:00,DDPG,0.3204301471741357,0.0,0.0,0.0,0.0,0.0,-0.04301471741356977,110
2025-12-05 14:00:00,DDPG,0.32374348050746904,0.0,0.0,0.0,0.0,0.0,-0.374348050746903,110
2025-12-05 15:00:00,DDPG,0.3267301471741357,0.0,0.0,0.0,0.0,0.0,-0.673014717413567,110
2025-12-05 16:00:00,DDPG,0.3279718138408024,0.0,0.0,0.0,0.0,0.0,-0.7971813840802366,110
2025-12-05 17:00:00,DDPG,0.32866014717413566,0.0,0.0,0.0,0.0,0.0,-0.8660147174135657,110
2025-12-05 18:00:00,DDPG,0.32976681384080236,0.0,0.0,0.0,0.0,0.0,-0.9766813840802357,110
2025-12-05 19:00:00,DDPG,0.3307601471741357,0.0,0.0,0.0,0.0,0.0,-1.0760147174135701,110
2025-12-05 20:00:00,DDPG,0.33039181384080235,0.0,0.0,0.0,0.0,0.0,-1.0391813840802344,110
2025-12-05 21:00:00,DDPG,0.33005181384080234,0.0,0.0,0.0,0.0,0.0,-1.0051813840802337,110
2025-12-05 22:00:00,DDPG,0.32968348050746904,0.0,0.0,0.0,0.0,0.0,-0.9683480507469033,110
2025-12-05 23:00:00,DDPG,0.32934348050746903,0.0,0.0,0.0,0.0,0.0,-0.9343480507469026,110
2025-12-06 00:00:00,DDPG,0.3289751471741357,0.0,0.0,0.0,0.0,0.0,-0.8975147174135669,110
2025-12-06 01:00:00,DDPG,0.32852181384080237,0.0,0.0,0.0,0.0,0.0,-0.8521813840802359,110
2025-12-06 02:00:00,DDPG,0.328068480507469,0.0,0.0,0.0,0.0,0.0,-0.8068480507469,110
2025-12-06 03:00:00,DDPG,0.3276151471741357,0.0,0.0,0.0,0.0,0.0,-0.7615147174135695,110
2025-12-06 04:00:00,DDPG,0.3271901471741357,0.0,0.0,0.0,0.0,0.0,-0.7190147174135686,110
2025-12-06 05:00:00,DDPG,0.32679348050746904,0.0,0.0,0.0,0.0,0.0,-0.6793480507469027,110
2025-12-06 06:00:00,DDPG,0.3263968138408024,0.0,0.0,0.0,0.0,0.0,-0.6396813840802373,110
2025-12-06 07:00:00,DDPG,0.32580181384080237,0.0,0.0,0.0,0.0,0.0,-0.5801813840802361,110
2025-12-06 08:00:00,DDPG,0.3250368138408024,0.0,0.0,0.0,0.0,0.0,-0.5036813840802399,110
2025-12-06 09:00:00,DDPG,0.3239884805074691,0.0,0.0,0.0,0.0,0.0,-0.3988480507469081,110
2025-12-06 10:00:00,DDPG,0.32265681384080236,0.0,0.0,0.0,0.0,0.0,-0.265681384080235,110
2025-12-06 11:00:00,DDPG,0.3211834805074691,0.0,0.0,0.0,0.0,0.0,-0.11834805074690813,110
2025-12-06 12:00:00,DDPG,0.31971014717413576,0.0,0.0,0.0,0.0,0.0,2.0,110
2025-12-06 13:00:00,DDPG,0.31835014717413573,0.0,0.0,0.0,0.0,0.0,2.0,110
2025-12-06 14:00:00,DDPG,0.3171884805074691,0.0,0.0,0.0,0.0,0.0,2.0,110
2025-12-06 15:00:00,DDPG,0.3161401471741358,0.0,0.0,0.0,0.0,0.0,2.0,110
2025-12-06 16:00:00,DDPG,0.3153751471741358,0.0,0.0,0.0,0.0,0.0,2.0,110
2025-12-06 17:00:00,DDPG,0.3148651471741358,0.0,0.0,0.0,0.0,0.0,2.0,110
2025-12-06 18:00:00,DDPG,0.31446848050746906,0.0,0.0,0.0,0.0,0.0,2.0,110
2025-12-06 19:00:00,DDPG,0.31412848050746905,0.0,0.0,0.0,0.0,0.0,2.0,110
2025-12-06 20:00:00,DDPG,0.31378848050746905,0.0,0.0,0.0,0.0,0.0,2.0,110
2025-12-06 21:00:00,DDPG,0.31344848050746904,0.0,0.0,0.0,0.0,0.0,2.0,110
2025-12-06 22:00:00,DDPG,0.3130801471741357,0.0,0.0,0.0,0.0,0.0,2.0,110
2025-12-06 23:00:00,DDPG,0.312768480507469,0.0,0.0,0.0,0.0,0.0,2.0,110
2025-12-07 00:00:00,DDPG,0.3124851471741357,0.0,0.0,0.0,0.0,0.0,2.0,110
2025-12-07 01:00:00,DDPG,0.312173480507469,0.0,0.0,0.0,0.0,0.0,2.0,110
2025-12-07 02:00:00,DDPG,0.31180514717413566,0.0,0.0,0.0,0.0,0.0,2.0,110
2025-12-07 03:00:00,DDPG,0.311408480507469,0.0,0.0,0.0,0.0,0.0,2.0,110
2025-12-07 04:00:00,DDPG,0.31101181384080234,0.0,0.0,0.0,0.0,0.0,2.0,110
2025-12-07 05:00:00,DDPG,0.310643480507469,0.0,0.0,0.0,0.0,0.0,2.0,110
2025-12-07 06:00:00,DDPG,0.3102468138408023,0.0,0.0,0.0,0.0,0.0,2.0,110
2025-12-07 07:00:00,DDPG,0.3099068138408023,0.0,0.0,0.0,0.0,0.0,2.0,110
2025-12-07 08:00:00,DDPG,0.309283480507469,0.0,0.0,0.0,0.0,0.0,2.0,110
2025-12-07 09:00:00,DDPG,0.30829181384080234,0.0,0.0,0.0,0.0,0.0,2.0,110
2025-12-07 10:00:00,DDPG,0.30698848050746896,0.0,0.0,0.0,0.0,0.0,2.0,110
2025-12-07 11:00:00,DDPG,0.305543480507469,0.0,0.0,0.0,0.0,0.0,2.0,110
2025-12-07 12:00:00,DDPG,0.304013480507469,0.0,0.0,0.0,0.0,0.0,2.0,110
2025-12-07 13:00:00,DDPG,0.30251181384080233,0.0,0.0,0.0,0.0,0.0,2.0,110
2025-12-07 14:00:00,DDPG,0.30126514717413566,0.0,0.0,0.0,0.0,0.0,2.0,110
2025-12-07 15:00:00,DDPG,0.300358480507469,0.0,0.0,0.0,0.0,0.0,2.0,110
2025-12-07 16:00:00,DDPG,0.29965014816754637,2.980232238769531e-07,0.0,0.0,0.0,0.0,1.9999999940395354,110
2025-12-07 17:00:00,DDPG,0.299111814834213,0.0,0.0,0.0,0.0,0.0,1.9999999970197677,110
2025-12-07 18:00:00,DDPG,0.29863014816754635,0.0,0.0,0.0,0.0,0.0,2.0,110
2025-12-07 19:00:00,DDPG,0.29814848150087975,0.0,0.0,0.0,0.0,0.0,2.0,110
2025-12-07 20:00:00,DDPG,0.2976668148342131,0.0,0.0,0.0,0.0,0.0,2.0,110
2025-12-07 21:00:00,DDPG,0.2971568148342131,0.0,0.0,0.0,0.0,0.0,2.0,110
2025-12-07 22:00:00,DDPG,0.2966751481675464,0.0,0.0,0.0,0.0,0.0,2.0,110
2025-12-07 23:00:00,DDPG,0.29627848150087976,0.0,0.0,0.0,0.0,0.0,2.0,110
2025-12-08 00:00:00,DDPG,0.2958818148342131,0.0,0.0,0.0,0.0,0.0,2.0,110
2025-12-08 01:00:00,DDPG,0.29542848150087975,0.0,0.0,0.0,0.0,0.0,2.0,110
2025-12-08 02:00:00,DDPG,0.29497514816754644,0.0,0.0,0.0,0.0,0.0,2.0,110
2025-12-08 03:00:00,DDPG,0.29455014816754643,0.0,0.0,0.0,0.0,0.0,2.0,110
2025-12-08 04:00:00,DDPG,0.2941534815008798,0.0,0.0,0.0,0.0,0.0,2.0,110
2025-12-08 05:00:00,DDPG,0.29381348150087977,0.0,0.0,0.0,0.0,0.0,2.0,110
2025-12-08 06:00:00,DDPG,0.29347348150087976,0.0,0.0,0.0,0.0,0.0,2.0,110
2025-12-08 07:00:00,DDPG,0.2933818148342131,0.0,0.0,0.0,0.0,0.0,2.0,110
2025-12-08 08:00:00,DDPG,0.2927301491609572,2.980232238769531e-07,0.0,0.0,0.0,0.0,1.9999999940395354,110
2025-12-08 09:00:00,DDPG,0.2918234824942905,0.0,0.0,0.0,0.0,0.0,1.9999999970197677,110
2025-12-08 10:00:00,DDPG,0.29074681582762385,0.0,0.0,0.0,0.0,0.0,2.0,110
2025-12-08 11:00:00,DDPG,0.28952848249429053,0.0,0.0,0.0,0.0,0.0,2.0,110
2025-12-08 12:00:00,DDPG,0.28822514916095715,0.0,0.0,0.0,0.0,0.0,2.0,110
2025-12-08 13:00:00,DDPG,0.2871201491609572,0.0,0.0,0.0,0.0,0.0,2.0,110
2025-12-08 14:00:00,DDPG,0.2860434824942905,0.0,0.0,0.0,0.0,0.0,2.0,110
2025-12-08 15:00:00,DDPG,0.2851651491609572,0.0,0.0,0.0,0.0,0.0,2.0,110
2025-12-08 16:00:00,DDPG,0.284485150154368,2.980232238769531e-07,0.0,0.0,0.0,0.0,1.9999999940395354,110
2025-12-08 17:00:00,DDPG,0.28408848398440667,1.4901161193847656e-07,0.0,0.0,0.0,0.0,1.9999999970197677,110
2025-12-08 18:00:00,DDPG,0.28377681731774,0.0,0.0,0.0,0.0,0.0,1.999999998509884,110
2025-12-08 19:00:00,DDPG,0.28349348398440666,0.0,0.0,0.0,0.0,0.0,2.0,110
2025-12-08 20:00:00,DDPG,0.2832384839844067,0.0,0.0,0.0,0.0,0.0,2.0,110
2025-12-08 21:00:00,DDPG,0.2829834839844067,0.0,0.0,0.0,0.0,0.0,2.0,110
2025-12-08 22:00:00,DDPG,0.28306181731774005,0.0,0.0,0.0,0.0,0.0,2.0,110
2025-12-08 23:00:00,DDPG,0.28277848398440675,0.0,0.0,0.0,0.0,0.0,2.0,110
2025-12-09 00:00:00,DDPG,0.28285681731774004,0.0,0.0,0.0,0.0,0.0,2.0,110
2025-12-09 01:00:00,DDPG,0.2829351506510734,0.0,0.0,0.0,0.0,0.0,2.0,110
2025-12-09 02:00:00,DDPG,0.28301348398440673,0.0,0.0,0.0,0.0,0.0,2.0,110
2025-12-09 03:00:00,DDPG,0.2827301506510734,0.0,0.0,0.0,0.0,0.0,2.0,110
2025-12-09 04:00:00,DDPG,0.2828084839844067,0.0,0.0,0.0,0.0,0.0,2.0,110
2025-12-09 05:00:00,DDPG,0.2832201506510734,0.0,0.0,0.0,0.0,0.0,2.0,110
2025-12-09 06:00:00,DDPG,0.28329848398440677,0.0,0.0,0.0,0.0,0.0,2.0,110
2025-12-09 07:00:00,DDPG,0.2843201506510734,0.0,0.0,0.0,0.0,0.0,2.0,110
2025-12-09 08:00:00,DDPG,0.2872568188078562,4.470348358154297e-07,0.0,0.0,0.0,0.0,1.9999999910593034,110
2025-12-09 09:00:00,DDPG,0.2867184874613443,5.960464477539062e-07,0.0,0.0,0.0,0.0,1.9999999925494194,110
2025-12-09 10:00:00,DDPG,0.28586848746134436,0.0,0.0,0.0,0.0,0.0,1.9999999940395354,110
2025-12-09 11:00:00,DDPG,0.28482015412801104,0.0,0.0,0.0,0.0,0.0,2.0,110
2025-12-09 12:00:00,DDPG,0.28441682079467767,0.0,0.0,0.0,0.0,0.0,2.0,110
2025-12-09 13:00:00,DDPG,0.28857348746134437,0.0,0.0,0.0,0.0,0.0,2.0,110
2025-12-09 14:00:00,DDPG,0.287950154128011,0.0,0.0,0.0,0.0,0.0,2.0,110
2025-12-09 15:00:00,DDPG,0.28771682079467764,0.0,0.0,0.0,0.0,0.0,2.0,110
2025-12-09 16:00:00,DDPG,0.28723515412801104,0.0,0.0,0.0,0.0,0.0,2.0,110
2025-12-09 17:00:00,DDPG,0.286895154128011,0.0,0.0,0.0,0.0,0.0,2.0,110
2025-12-09 18:00:00,DDPG,0.286640154128011,0.0,0.0,0.0,0.0,0.0,2.0,110
2025-12-09 19:00:00,DDPG,0.28644182079467767,0.0,0.0,0.0,0.0,0.0,2.0,110
2025-12-09 20:00:00,DDPG,0.2865484874613443,0.0,0.0,0.0,0.0,0.0,2.0,110
2025-12-09 21:00:00,DDPG,0.286350154128011,0.0,0.0,0.0,0.0,0.0,2.0,110
2025-12-09 22:00:00,DDPG,0.286180154128011,0.0,0.0,0.0,0.0,0.0,2.0,110
2025-12-09 23:00:00,DDPG,0.286010154128011,0.0,0.0,0.0,0.0,0.0,2.0,110
2025-12-10 00:00:00,DDPG,0.285840154128011,0.0,0.0,0.0,0.0,0.0,2.0,110
2025-12-10 01:00:00,DDPG,0.2856984874613443,0.0,0.0,0.0,0.0,0.0,2.0,110
2025-12-10 02:00:00,DDPG,0.2865284874613443,0.0,0.0,0.0,0.0,0.0,2.0,110
2025-12-10 03:00:00,DDPG,0.2893584874613443,0.0,0.0,0.0,0.0,0.0,2.0,110
2025-12-10 04:00:00,DDPG,0.29085515412801094,0.0,0.0,0.0,0.0,0.0,2.0,110
2025-12-10 05:00:00,DDPG,0.2907134874613443,0.0,0.0,0.0,0.0,0.0,2.0,110
2025-12-10 06:00:00,DDPG,0.29060015412801093,0.0,0.0,0.0,0.0,0.0,2.0,110
2025-12-10 07:00:00,DDPG,0.2903734874613443,0.0,0.0,0.0,0.0,0.0,2.0,110
2025-12-10 08:00:00,DDPG,0.2959201541280109,0.0,0.0,0.0,0.0,0.0,2.0,110
2025-12-10 09:00:00,DDPG,0.3080768207946776,0.0,0.0,0.0,0.0,0.0,2.0,110
2025-12-10 10:00:00,DDPG,0.31117682079467757,0.0,0.0,0.0,0.0,0.0,2.0,110
2025-12-10 11:00:00,DDPG,0.3110784874613442,0.0,0.0,0.0,0.0,0.0,2.0,110
2025-12-10 12:00:00,DDPG,0.3119734874613442,0.0,0.0,0.0,0.0,0.0,2.0,110
2025-12-10 13:00:00,DDPG,0.3114284874613442,0.0,0.0,0.0,0.0,0.0,2.0,110
2025-12-10 14:00:00,DDPG,0.31113182079467755,0.0,0.0,0.0,0.0,0.0,2.0,110
2025-12-10 15:00:00,DDPG,0.3102251541280108,0.0,0.0,0.0,0.0,0.0,2.0,110
2025-12-10 16:00:00,DDPG,0.3096868207946775,0.0,0.0,0.0,0.0,0.0,2.0,110
2025-12-10 17:00:00,DDPG,0.3094318207946775,0.0,0.0,0.0,0.0,0.0,2.0,110
2025-12-10 18:00:00,DDPG,0.3093468207946775,0.0,0.0,0.0,0.0,0.0,2.0,110
2025-12-10 19:00:00,DDPG,0.3096234874613442,0.0,0.0,0.0,0.0,0.0,2.0,110
2025-12-10 20:00:00,DDPG,0.30956682079467757,0.0,0.0,0.0,0.0,0.0,2.0,110
2025-12-10 21:00:00,DDPG,0.30951015412801086,0.0,0.0,0.0,0.0,0.0,2.0,110
2025-12-10 22:00:00,DDPG,0.3094251541280109,0.0,0.0,0.0,0.0,0.0,2.0,110
2025-12-10 23:00:00,DDPG,0.3093401541280109,0.0,0.0,0.0,0.0,0.0,2.0,110
2025-12-11 00:00:00,DDPG,0.30925515412801097,0.0,0.0,0.0,0.0,0.0,2.0,110
2025-12-11 01:00:00,DDPG,0.3091984874613443,0.0,0.0,0.0,0.0,0.0,2.0,110
2025-12-11 02:00:00,DDPG,0.30947515412801097,0.0,0.0,0.0,0.0,0.0,2.0,110
2025-12-11 03:00:00,DDPG,0.3097518207946776,0.0,0.0,0.0,0.0,0.0,2.0,110
2025-12-11 04:00:00,DDPG,0.30969515412801096,0.0,0.0,0.0,0.0,0.0,2.0,110
2025-12-11 05:00:00,DDPG,0.3096384874613443,0.0,0.0,0.0,0.0,0.0,2.0,110
2025-12-11 06:00:00,DDPG,0.3095534874613443,0.0,0.0,0.0,0.0,0.0,2.0,110
2025-12-11 07:00:00,DDPG,0.309355154128011,0.0,0.0,0.0,0.0,0.0,2.0,110
2025-12-11 08:00:00,DDPG,0.30881682079467765,0.0,0.0,0.0,0.0,0.0,2.0,110
2025-12-11 09:00:00,DDPG,0.307910154128011,0.0,0.0,0.0,0.0,0.0,2.0,110
2025-12-11 10:00:00,DDPG,0.30672015412801096,0.0,0.0,0.0,0.0,0.0,2.0,110
2025-12-11 11:00:00,DDPG,0.3053884874613443,0.0,0.0,0.0,0.0,0.0,2.0,110
2025-12-11 12:00:00,DDPG,0.30397182079467766,0.0,0.0,0.0,0.0,0.0,2.0,110
2025-12-11 13:00:00,DDPG,0.30252682079467763,0.0,0.0,0.0,0.0,0.0,2.0,110
2025-12-11 14:00:00,DDPG,0.301280154128011,0.0,0.0,0.0,0.0,0.0,2.0,110
2025-12-11 15:00:00,DDPG,0.300260154128011,0.0,0.0,0.0,0.0,0.0,2.0,110
2025-12-11 16:00:00,DDPG,0.2999418207946777,0.0,0.0,0.0,0.0,0.0,2.0,110
2025-12-11 17:00:00,DDPG,0.299630154128011,0.0,0.0,0.0,0.0,0.0,2.0,110
2025-12-11 18:00:00,DDPG,0.30015515412801097,0.0,0.0,0.0,0.0,0.0,2.0,110
2025-12-11 19:00:00,DDPG,0.3007084874613443,0.0,0.0,0.0,0.0,0.0,2.0,110
2025-12-11 20:00:00,DDPG,0.30059515412801097,0.0,0.0,0.0,0.0,0.0,2.0,110
2025-12-11 21:00:00,DDPG,0.30112015412801096,0.0,0.0,0.0,0.0,0.0,2.0,110
2025-12-11 22:00:00,DDPG,0.3013401541280109,0.0,0.0,0.0,0.0,0.0,2.0,110
2025-12-11 23:00:00,DDPG,0.3019218207946776,0.0,0.0,0.0,0.0,0.0,2.0,110
2025-12-12 00:00:00,DDPG,0.30211348746134425,0.0,0.0,0.0,0.0,0.0,2.0,110
2025-12-12 01:00:00,DDPG,0.3020001541280109,0.0,0.0,0.0,0.0,0.0,2.0,110
2025-12-12 02:00:00,DDPG,0.30188682079467755,0.0,0.0,0.0,0.0,0.0,2.0,110
2025-12-12 03:00:00,DDPG,0.30180182079467754,0.0,0.0,0.0,0.0,0.0,2.0,110
2025-12-12 04:00:00,DDPG,0.3016884874613442,0.0,0.0,0.0,0.0,0.0,2.0,110
2025-12-12 05:00:00,DDPG,0.30160348746134424,0.0,0.0,0.0,0.0,0.0,2.0,110
2025-12-12 06:00:00,DDPG,0.30179515412801083,0.0,0.0,0.0,0.0,0.0,2.0,110
2025-12-12 07:00:00,DDPG,0.30190182079467753,0.0,0.0,0.0,0.0,0.0,2.0,110
2025-12-12 08:00:00,DDPG,0.3013351541280108,0.0,0.0,0.0,0.0,0.0,2.0,110
2025-12-12 09:00:00,DDPG,0.3004568207946775,0.0,0.0,0.0,0.0,0.0,2.0,110
2025-12-12 10:00:00,DDPG,0.29929515412801083,0.0,0.0,0.0,0.0,0.0,2.0,110
2025-12-12 11:00:00,DDPG,0.29796348746134416,0.0,0.0,0.0,0.0,0.0,2.0,110
2025-12-12 12:00:00,DDPG,0.29654682079467753,0.0,0.0,0.0,0.0,0.0,2.0,110
2025-12-12 13:00:00,DDPG,0.2951584874613442,0.0,0.0,0.0,0.0,0.0,2.0,110
2025-12-12 14:00:00,DDPG,0.29391182079467754,0.0,0.0,0.0,0.0,0.0,2.0,110
2025-12-12 15:00:00,DDPG,0.29292015412801087,0.0,0.0,0.0,0.0,0.0,2.0,110
2025-12-12 16:00:00,DDPG,0.2922401541280109,0.0,0.0,0.0,0.0,0.0,2.0,110
2025-12-12 17:00:00,DDPG,0.29187182079467755,0.0,0.0,0.0,0.0,0.0,2.0,110
2025-12-12 18:00:00,DDPG,0.29170182079467755,0.0,0.0,0.0,0.0,0.0,2.0,110
2025-12-12 19:00:00,DDPG,0.2915601541280109,0.0,0.0,0.0,0.0,0.0,2.0,110
2025-12-12 20:00:00,DDPG,0.2914184874613442,0.0,0.0,0.0,0.0,0.0,2.0,110
2025-12-12 21:00:00,DDPG,0.2912484874613442,0.0,0.0,0.0,0.0,0.0,2.0,110
2025-12-12 22:00:00,DDPG,0.2911068207946775,0.0,0.0,0.0,0.0,0.0,2.0,110
2025-12-12 23:00:00,DDPG,0.2909368207946775,0.0,0.0,0.0,0.0,0.0,2.0,110
2025-12-13 00:00:00,DDPG,0.29076682079467747,0.0,0.0,0.0,0.0,0.0,2.0,110
2025-12-13 01:00:00,DDPG,0.2906251541280108,0.0,0.0,0.0,0.0,0.0,2.0,110
2025-12-13 02:00:00,DDPG,0.29084515412801076,0.0,0.0,0.0,0.0,0.0,2.0,110
2025-12-13 03:00:00,DDPG,0.2907318207946774,0.0,0.0,0.0,0.0,0.0,2.0,110
2025-12-13 04:00:00,DDPG,0.2915901541280107,0.0,0.0,0.0,0.0,0.0,2.0,110
2025-12-13 05:00:00,DDPG,0.29272515412801076,0.0,0.0,0.0,0.0,0.0,2.0,110
2025-12-13 06:00:00,DDPG,0.29316515412801075,0.0,0.0,0.0,0.0,0.0,2.0,110
2025-12-13 07:00:00,DDPG,0.29424348746134416,0.0,0.0,0.0,0.0,0.0,2.0,110
2025-12-13 08:00:00,DDPG,0.2947334874613441,0.0,0.0,0.0,0.0,0.0,2.0,110
2025-12-13 09:00:00,DDPG,0.2942734874613441,0.0,0.0,0.0,0.0,0.0,2.0,110
2025-12-13 10:00:00,DDPG,0.29322515412801076,0.0,0.0,0.0,0.0,0.0,2.0,110
2025-12-13 11:00:00,DDPG,0.29214848746134414,0.0,0.0,0.0,0.0,0.0,2.0,110
2025-12-13 12:00:00,DDPG,0.29132015412801077,0.0,0.0,0.0,0.0,0.0,2.0,110
2025-12-13 13:00:00,DDPG,0.2906334874613441,0.0,0.0,0.0,0.0,0.0,2.0,110
2025-12-13 14:00:00,DDPG,0.29084015412801073,0.0,0.0,0.0,0.0,0.0,2.0,110
2025-12-13 15:00:00,DDPG,0.29049348746134407,0.0,0.0,0.0,0.0,0.0,2.0,110
2025-12-13 16:00:00,DDPG,0.2902601541280107,0.0,0.0,0.0,0.0,0.0,2.0,110
2025-12-13 17:00:00,DDPG,0.29028182079467735,0.0,0.0,0.0,0.0,0.0,2.0,110
2025-12-13 18:00:00,DDPG,0.2917501541280107,0.0,0.0,0.0,0.0,0.0,2.0,110
2025-12-13 19:00:00,DDPG,0.29394182079467734,0.0,0.0,0.0,0.0,0.0,2.0,110
2025-12-13 20:00:00,DDPG,0.29374348746134404,0.0,0.0,0.0,0.0,0.0,2.0,110
2025-12-13 21:00:00,DDPG,0.2935451541280107,0.0,0.0,0.0,0.0,0.0,2.0,110
2025-12-13 22:00:00,DDPG,0.2936801541280107,0.0,0.0,0.0,0.0,0.0,2.0,110
2025-12-13 23:00:00,DDPG,0.29348182079467733,0.0,0.0,0.0,0.0,0.0,2.0,110
2025-12-14 00:00:00,DDPG,0.2933118207946773,0.0,0.0,0.0,0.0,0.0,2.0,110
2025-12-14 01:00:00,DDPG,0.2931418207946773,0.0,0.0,0.0,0.0,0.0,2.0,110
2025-12-14 02:00:00,DDPG,0.2933051541280106,0.0,0.0,0.0,0.0,0.0,2.0,110
2025-12-14 03:00:00,DDPG,0.29346848746134396,0.0,0.0,0.0,0.0,0.0,2.0,110
2025-12-14 04:00:00,DDPG,0.29363182079467726,0.0,0.0,0.0,0.0,0.0,2.0,110
2025-12-14 05:00:00,DDPG,0.29407182079467725,0.0,0.0,0.0,0.0,0.0,2.0,110
2025-12-14 06:00:00,DDPG,0.29478848746134395,0.0,0.0,0.0,0.0,0.0,2.0,110
2025-12-14 07:00:00,DDPG,0.29444848746134394,0.0,0.0,0.0,0.0,0.0,2.0,110
2025-12-14 08:00:00,DDPG,0.2938534884547547,2.980232238769531e-07,0.0,0.0,0.0,0.0,1.9999999940395354,110
2025-12-14 09:00:00,DDPG,0.29306015512142136,0.0,0.0,0.0,0.0,0.0,1.9999999970197677,110
2025-12-14 10:00:00,DDPG,0.29204015512142134,0.0,0.0,0.0,0.0,0.0,2.0,110
2025-12-14 11:00:00,DDPG,0.290906821788088,0.0,0.0,0.0,0.0,0.0,2.0,110
2025-12-14 12:00:00,DDPG,0.28974515512142135,0.0,0.0,0.0,0.0,0.0,2.0,110
2025-12-14 13:00:00,DDPG,0.28900182178808803,0.0,0.0,0.0,0.0,0.0,2.0,110
2025-12-14 14:00:00,DDPG,0.2879534884547547,0.0,0.0,0.0,0.0,0.0,2.0,110
2025-12-14 15:00:00,DDPG,0.28716015512142135,0.0,0.0,0.0,0.0,0.0,2.0,110
2025-12-14 16:00:00,DDPG,0.2878984884547547,0.0,0.0,0.0,0.0,0.0,2.0,110
2025-12-14 17:00:00,DDPG,0.28750182178808803,0.0,0.0,0.0,0.0,0.0,2.0,110
2025-12-14 18:00:00,DDPG,0.2875801551214214,0.0,0.0,0.0,0.0,0.0,2.0,110
2025-12-14 19:00:00,DDPG,0.287381821788088,0.0,0.0,0.0,0.0,0.0,2.0,110
2025-12-14 20:00:00,DDPG,0.2871834884547547,0.0,0.0,0.0,0.0,0.0,2.0,110
2025-12-14 21:00:00,DDPG,0.28698515512142136,0.0,0.0,0.0,0.0,0.0,2.0,110
2025-12-14 22:00:00,DDPG,0.2867584884547547,0.0,0.0,0.0,0.0,0.0,2.0,110
2025-12-14 23:00:00,DDPG,0.28653182178808806,0.0,0.0,0.0,0.0,0.0,2.0,110
2025-12-15 00:00:00,DDPG,0.2866384884547547,0.0,0.0,0.0,0.0,0.0,2.0,110
2025-12-15 01:00:00,DDPG,0.28644015512142135,0.0,0.0,0.0,0.0,0.0,2.0,110
2025-12-15 02:00:00,DDPG,0.2869084884547547,0.0,0.0,0.0,0.0,0.0,2.0,110
2025-12-15 03:00:00,DDPG,0.2870434884547547,0.0,0.0,0.0,0.0,0.0,2.0,110
2025-12-15 04:00:00,DDPG,0.28715015512142134,0.0,0.0,0.0,0.0,0.0,2.0,110
2025-12-15 05:00:00,DDPG,0.28725682178808803,0.0,0.0,0.0,0.0,0.0,2.0,110
2025-12-15 06:00:00,DDPG,0.2876684884547547,0.0,0.0,0.0,0.0,0.0,2.0,110
2025-12-15 07:00:00,DDPG,0.28763348895146007,1.4901161193847656e-07,0.0,0.0,0.0,0.0,1.9999999970197677,110
2025-12-15 08:00:00,DDPG,0.28709515611483205,1.4901161193847656e-07,0.0,0.0,0.0,0.0,1.999999998509884,110
2025-12-15 09:00:00,DDPG,0.28627348944816544,0.0,0.0,0.0,0.0,0.0,1.999999998509884,110
2025-12-15 10:00:00,DDPG,0.2853668227814987,0.0,0.0,0.0,0.0,0.0,2.0,110
2025-12-15 11:00:00,DDPG,0.2842334894481654,0.0,0.0,0.0,0.0,0.0,2.0,110
2025-12-15 12:00:00,DDPG,0.2830151561148321,0.0,0.0,0.0,0.0,0.0,2.0,110
2025-12-15 13:00:00,DDPG,0.28182515611483205,0.0,0.0,0.0,0.0,0.0,2.0,110
2025-12-15 14:00:00,DDPG,0.28069182278149873,0.0,0.0,0.0,0.0,0.0,2.0,110
2025-12-15 15:00:00,DDPG,0.2798418227814987,0.0,0.0,0.0,0.0,0.0,2.0,110
2025-12-15 16:00:00,DDPG,0.2792184894481654,0.0,0.0,0.0,0.0,0.0,2.0,110
2025-12-15 17:00:00,DDPG,0.27882182278149875,0.0,0.0,0.0,0.0,0.0,2.0,110
2025-12-15 18:00:00,DDPG,0.2789001561148321,0.0,0.0,0.0,0.0,0.0,2.0,110
2025-12-15 19:00:00,DDPG,0.27870182278149874,0.0,0.0,0.0,0.0,0.0,2.0,110
2025-12-15 20:00:00,DDPG,0.2785034894481654,0.0,0.0,0.0,0.0,0.0,2.0,110
2025-12-15 21:00:00,DDPG,0.2783334894481654,0.0,0.0,0.0,0.0,0.0,2.0,110
2025-12-15 22:00:00,DDPG,0.2781351561148321,0.0,0.0,0.0,0.0,0.0,2.0,110
2025-12-15 23:00:00,DDPG,0.2782984894481654,0.0,0.0,0.0,0.0,0.0,2.0,110
2025-12-16 00:00:00,DDPG,0.2781284894481654,0.0,0.0,0.0,0.0,0.0,2.0,110
2025-12-16 01:00:00,DDPG,0.277930156114832,0.0,0.0,0.0,0.0,0.0,2.0,110
2025-12-16 02:00:00,DDPG,0.2777318227814987,0.0,0.0,0.0,0.0,0.0,2.0,110
2025-12-16 03:00:00,DDPG,0.2775618227814987,0.0,0.0,0.0,0.0,0.0,2.0,110
2025-12-16 04:00:00,DDPG,0.27736348944816536,0.0,0.0,0.0,0.0,0.0,2.0,110
2025-12-16 05:00:00,DDPG,0.27716515611483206,0.0,0.0,0.0,0.0,0.0,2.0,110
2025-12-16 06:00:00,DDPG,0.27691015611483205,0.0,0.0,0.0,0.0,0.0,2.0,110
2025-12-16 07:00:00,DDPG,0.27659848944816534,0.0,0.0,0.0,0.0,0.0,2.0,110
2025-12-16 08:00:00,DDPG,0.27645015611483204,0.0,0.0,0.0,0.0,0.0,2.0,110
2025-12-16 09:00:00,DDPG,0.275770156114832,0.0,0.0,0.0,0.0,0.0,2.0,110
2025-12-16 10:00:00,DDPG,0.27486348944816535,0.0,0.0,0.0,0.0,0.0,2.0,110
2025-12-16 11:00:00,DDPG,0.27440348944816534,0.0,0.0,0.0,0.0,0.0,2.0,110
2025-12-16 12:00:00,DDPG,0.27400015611483197,0.0,0.0,0.0,0.0,0.0,2.0,110
2025-12-16 13:00:00,DDPG,0.2735968227814986,0.0,0.0,0.0,0.0,0.0,2.0,110
2025-12-16 14:00:00,DDPG,0.27294515611483194,0.0,0.0,0.0,0.0,0.0,2.0,110
2025-12-16 15:00:00,DDPG,0.272265156114832,0.0,0.0,0.0,0.0,0.0,2.0,110
2025-12-16 16:00:00,DDPG,0.2721168227814987,0.0,0.0,0.0,0.0,0.0,2.0,110
2025-12-16 17:00:00,DDPG,0.27180515611483197,0.0,0.0,0.0,0.0,0.0,2.0,110
2025-12-16 18:00:00,DDPG,0.27155015611483196,0.0,0.0,0.0,0.0,0.0,2.0,110
2025-12-16 19:00:00,DDPG,0.2717134894481653,0.0,0.0,0.0,0.0,0.0,2.0,110
2025-12-16 20:00:00,DDPG,0.2715434894481653,0.0,0.0,0.0,0.0,0.0,2.0,110
2025-12-16 21:00:00,DDPG,0.27137348944816525,0.0,0.0,0.0,0.0,0.0,2.0,110
2025-12-16 22:00:00,DDPG,0.27120348944816525,0.0,0.0,0.0,0.0,0.0,2.0,110
2025-12-16 23:00:00,DDPG,0.2710618227814986,0.0,0.0,0.0,0.0,0.0,2.0,110
2025-12-17 00:00:00,DDPG,0.27128182278149854,0.0,0.0,0.0,0.0,0.0,2.0,110
2025-12-17 01:00:00,DDPG,0.2714734894481652,0.0,0.0,0.0,0.0,0.0,2.0,110
2025-12-17 02:00:00,DDPG,0.2716934894481651,0.0,0.0,0.0,0.0,0.0,2.0,110
2025-12-17 03:00:00,DDPG,0.2719134894481651,0.0,0.0,0.0,0.0,0.0,2.0,110
2025-12-17 04:00:00,DDPG,0.27210515611483177,0.0,0.0,0.0,0.0,0.0,2.0,110
2025-12-17 05:00:00,DDPG,0.27196348944816506,0.0,0.0,0.0,0.0,0.0,2.0,110
2025-12-17 06:00:00,DDPG,0.2724318227814984,0.0,0.0,0.0,0.0,0.0,2.0,110
2025-12-17 07:00:00,DDPG,0.2792051561148317,0.0,0.0,0.0,0.0,0.0,2.0,110
2025-12-17 08:00:00,DDPG,0.2788368227814984,0.0,0.0,0.0,0.0,0.0,2.0,110
2025-12-17 09:00:00,DDPG,0.27838348944816504,0.0,0.0,0.0,0.0,0.0,2.0,110
2025-12-17 10:00:00,DDPG,0.27767515611483173,0.0,0.0,0.0,0.0,0.0,2.0,110
2025-12-17 11:00:00,DDPG,0.276938489448165,0.0,0.0,0.0,0.0,0.0,2.0,110
2025-12-17 12:00:00,DDPG,0.2759751561148317,0.0,0.0,0.0,0.0,0.0,2.0,110
2025-12-17 13:00:00,DDPG,0.27526682278149833,0.0,0.0,0.0,0.0,0.0,2.0,110
2025-12-17 14:00:00,DDPG,0.27455182278149837,0.0,0.0,0.0,0.0,0.0,2.0,110
2025-12-17 15:00:00,DDPG,0.2740351561148317,0.0,0.0,0.0,0.0,0.0,2.0,110
2025-12-17 16:00:00,DDPG,0.273773489448165,0.0,0.0,0.0,0.0,0.0,2.0,110
2025-12-17 17:00:00,DDPG,0.273433489448165,0.0,0.0,0.0,0.0,0.0,2.0,110
2025-12-17 18:00:00,DDPG,0.273263489448165,0.0,0.0,0.0,0.0,0.0,2.0,110
2025-12-17 19:00:00,DDPG,0.2734551561148316,0.0,0.0,0.0,0.0,0.0,2.0,110
2025-12-17 20:00:00,DDPG,0.2733134894481649,0.0,0.0,0.0,0.0,0.0,2.0,110
2025-12-17 21:00:00,DDPG,0.27317182278149826,0.0,0.0,0.0,0.0,0.0,2.0,110
2025-12-17 22:00:00,DDPG,0.27303015611483156,0.0,0.0,0.0,0.0,0.0,2.0,110
2025-12-17 23:00:00,DDPG,0.2728884894481649,0.0,0.0,0.0,0.0,0.0,2.0,110
2025-12-18 00:00:00,DDPG,0.2727468227814982,0.0,0.0,0.0,0.0,0.0,2.0,110
2025-12-18 01:00:00,DDPG,0.2725768227814982,0.0,0.0,0.0,0.0,0.0,2.0,110
2025-12-18 02:00:00,DDPG,0.2724068227814982,0.0,0.0,0.0,0.0,0.0,2.0,110
2025-12-18 03:00:00,DDPG,0.27259848944816484,0.0,0.0,0.0,0.0,0.0,2.0,110
2025-12-18 04:00:00,DDPG,0.2727901561148315,0.0,0.0,0.0,0.0,0.0,2.0,110
2025-12-18 05:00:00,DDPG,0.2725918227814981,0.0,0.0,0.0,0.0,0.0,2.0,110
2025-12-18 06:00:00,DDPG,0.2723368227814981,0.0,0.0,0.0,0.0,0.0,2.0,110
2025-12-18 07:00:00,DDPG,0.2720818227814982,0.0,0.0,0.0,0.0,0.0,2.0,110
2025-12-18 08:00:00,DDPG,0.27157182278149816,0.0,0.0,0.0,0.0,0.0,2.0,110
2025-12-18 09:00:00,DDPG,0.27083515611483144,0.0,0.0,0.0,0.0,0.0,2.0,110
2025-12-18 10:00:00,DDPG,0.2699284894481648,0.0,0.0,0.0,0.0,0.0,2.0,110
2025-12-18 11:00:00,DDPG,0.26888015611483146,0.0,0.0,0.0,0.0,0.0,2.0,110
2025-12-18 12:00:00,DDPG,0.2677468227814981,0.0,0.0,0.0,0.0,0.0,2.0,110
2025-12-18 13:00:00,DDPG,0.26694682278149806,0.0,0.0,0.0,0.0,0.0,2.0,110
2025-12-18 14:00:00,DDPG,0.2659268227814981,0.0,0.0,0.0,0.0,0.0,2.0,110
2025-12-18 15:00:00,DDPG,0.2650768227814981,0.0,0.0,0.0,0.0,0.0,2.0,110
2025-12-18 16:00:00,DDPG,0.2644818227814981,0.0,0.0,0.0,0.0,0.0,2.0,110
2025-12-18 17:00:00,DDPG,0.2641701561148314,0.0,0.0,0.0,0.0,0.0,2.0,110
2025-12-18 18:00:00,DDPG,0.2639718227814981,0.0,0.0,0.0,0.0,0.0,2.0,110
2025-12-18 19:00:00,DDPG,0.2638301561148314,0.0,0.0,0.0,0.0,0.0,2.0,110
2025-12-18 20:00:00,DDPG,0.26368848944816475,0.0,0.0,0.0,0.0,0.0,2.0,110
2025-12-18 21:00:00,DDPG,0.2635184894481647,0.0,0.0,0.0,0.0,0.0,2.0,110
2025-12-18 22:00:00,DDPG,0.2633484894481647,0.0,0.0,0.0,0.0,0.0,2.0,110
2025-12-18 23:00:00,DDPG,0.26320682278149804,0.0,0.0,0.0,0.0,0.0,2.0,110
2025-12-19 00:00:00,DDPG,0.26306515611483133,0.0,0.0,0.0,0.0,0.0,2.0,110
2025-12-19 01:00:00,DDPG,0.2629234894481647,0.0,0.0,0.0,0.0,0.0,2.0,110
2025-12-19 02:00:00,DDPG,0.262781822781498,0.0,0.0,0.0,0.0,0.0,2.0,110
2025-12-19 03:00:00,DDPG,0.2626684894481646,0.0,0.0,0.0,0.0,0.0,2.0,110
2025-12-19 04:00:00,DDPG,0.26252682278149797,0.0,0.0,0.0,0.0,0.0,2.0,110
2025-12-19 05:00:00,DDPG,0.26238515611483126,0.0,0.0,0.0,0.0,0.0,2.0,110
2025-12-19 06:00:00,DDPG,0.26218682278149796,0.0,0.0,0.0,0.0,0.0,2.0,110
2025-12-19 07:00:00,DDPG,0.2619601561148313,0.0,0.0,0.0,0.0,0.0,2.0,110
2025-12-19 08:00:00,DDPG,0.2617834894481646,0.0,0.0,0.0,0.0,0.0,2.0,110
2025-12-19 09:00:00,DDPG,0.2613518227814979,0.0,0.0,0.0,0.0,0.0,2.0,110
2025-12-19 10:00:00,DDPG,0.2615301561148312,0.0,0.0,0.0,0.0,0.0,2.0,110
2025-12-19 11:00:00,DDPG,0.2604534894481646,0.0,0.0,0.0,0.0,0.0,2.0,110
2025-12-19 12:00:00,DDPG,0.2592918227814979,0.0,0.0,0.0,0.0,0.0,2.0,110
2025-12-19 13:00:00,DDPG,0.25804515611483125,0.0,0.0,0.0,0.0,0.0,2.0,110
2025-12-19 14:00:00,DDPG,0.25691182278149793,0.0,0.0,0.0,0.0,0.0,2.0,110
2025-12-19 15:00:00,DDPG,0.2559768227814979,0.0,0.0,0.0,0.0,0.0,2.0,110
2025-12-19 16:00:00,DDPG,0.25532515611483125,0.0,0.0,0.0,0.0,0.0,2.0,110
2025-12-19 17:00:00,DDPG,0.25498515611483125,0.0,0.0,0.0,0.0,0.0,2.0,110
2025-12-19 18:00:00,DDPG,0.25514848944816454,0.0,0.0,0.0,0.0,0.0,2.0,110
2025-12-19 19:00:00,DDPG,0.2553401561148312,0.0,0.0,0.0,0.0,0.0,2.0,110
2025-12-19 20:00:00,DDPG,0.2551984894481645,0.0,0.0,0.0,0.0,0.0,2.0,110
2025-12-19 21:00:00,DDPG,0.2550851561148311,0.0,0.0,0.0,0.0,0.0,2.0,110
2025-12-19 22:00:00,DDPG,0.25497182278149777,0.0,0.0,0.0,0.0,0.0,2.0,110
2025-12-19 23:00:00,DDPG,0.2548584894481644,0.0,0.0,0.0,0.0,0.0,2.0,110
2025-12-20 00:00:00,DDPG,0.25474515611483106,0.0,0.0,0.0,0.0,0.0,2.0,110
2025-12-20 01:00:00,DDPG,0.2546318227814977,0.0,0.0,0.0,0.0,0.0,2.0,110
2025-12-20 02:00:00,DDPG,0.25451848944816435,0.0,0.0,0.0,0.0,0.0,2.0,110
2025-12-20 03:00:00,DDPG,0.254405156114831,0.0,0.0,0.0,0.0,0.0,2.0,110
2025-12-20 04:00:00,DDPG,0.25432015611483105,0.0,0.0,0.0,0.0,0.0,2.0,110
2025-12-20 05:00:00,DDPG,0.25423515611483105,0.0,0.0,0.0,0.0,0.0,2.0,110
2025-12-20 06:00:00,DDPG,0.2543984894481644,0.0,0.0,0.0,0.0,0.0,2.0,110
2025-12-20 07:00:00,DDPG,0.2541718227814977,0.0,0.0,0.0,0.0,0.0,2.0,110
2025-12-20 08:00:00,DDPG,0.2537184894481644,0.0,0.0,0.0,0.0,0.0,2.0,110
2025-12-20 09:00:00,DDPG,0.25295348944816437,0.0,0.0,0.0,0.0,0.0,2.0,110
2025-12-20 10:00:00,DDPG,0.2519618227814977,0.0,0.0,0.0,0.0,0.0,2.0,110
2025-12-20 11:00:00,DDPG,0.2509134894481644,0.0,0.0,0.0,0.0,0.0,2.0,110
2025-12-20 12:00:00,DDPG,0.24972348944816442,0.0,0.0,0.0,0.0,0.0,2.0,110
2025-12-20 13:00:00,DDPG,0.24847682278149777,0.0,0.0,0.0,0.0,0.0,2.0,110
2025-12-20 14:00:00,DDPG,0.24812348944816445,0.0,0.0,0.0,0.0,0.0,2.0,110
2025-12-20 15:00:00,DDPG,0.24766348944816444,0.0,0.0,0.0,0.0,0.0,2.0,110
2025-12-20 16:00:00,DDPG,0.24706848944816442,0.0,0.0,0.0,0.0,0.0,2.0,110
2025-12-20 17:00:00,DDPG,0.24675682278149774,0.0,0.0,0.0,0.0,0.0,2.0,110
2025-12-20 18:00:00,DDPG,0.24661515611483106,0.0,0.0,0.0,0.0,0.0,2.0,110
2025-12-20 19:00:00,DDPG,0.2465018227814977,0.0,0.0,0.0,0.0,0.0,2.0,110
2025-12-20 20:00:00,DDPG,0.24638848944816436,0.0,0.0,0.0,0.0,0.0,2.0,110
2025-12-20 21:00:00,DDPG,0.246275156114831,0.0,0.0,0.0,0.0,0.0,2.0,110
2025-12-20 22:00:00,DDPG,0.24616182278149765,0.0,0.0,0.0,0.0,0.0,2.0,110
2025-12-20 23:00:00,DDPG,0.2460484894481643,0.0,0.0,0.0,0.0,0.0,2.0,110
2025-12-21 00:00:00,DDPG,0.24593515611483094,0.0,0.0,0.0,0.0,0.0,2.0,110
2025-12-21 01:00:00,DDPG,0.24579348944816426,0.0,0.0,0.0,0.0,0.0,2.0,110
2025-12-21 02:00:00,DDPG,0.24565182278149758,0.0,0.0,0.0,0.0,0.0,2.0,110
2025-12-21 03:00:00,DDPG,0.24553848944816423,0.0,0.0,0.0,0.0,0.0,2.0,110
2025-12-21 04:00:00,DDPG,0.24539682278149755,0.0,0.0,0.0,0.0,0.0,2.0,110
2025-12-21 05:00:00,DDPG,0.2452834894481642,0.0,0.0,0.0,0.0,0.0,2.0,110
2025-12-21 06:00:00,DDPG,0.24514182278149751,0.0,0.0,0.0,0.0,0.0,2.0,110
2025-12-21 07:00:00,DDPG,0.24491515611483086,0.0,0.0,0.0,0.0,0.0,2.0,110
2025-12-21 08:00:00,DDPG,0.2444334894481642,0.0,0.0,0.0,0.0,0.0,2.0,110
2025-12-21 09:00:00,DDPG,0.24369682278149754,0.0,0.0,0.0,0.0,0.0,2.0,110
2025-12-21 10:00:00,DDPG,0.24276182278149752,0.0,0.0,0.0,0.0,0.0,2.0,110
2025-12-21 11:00:00,DDPG,0.24168515611483088,0.0,0.0,0.0,0.0,0.0,2.0,110
2025-12-21 12:00:00,DDPG,0.24058015611483086,0.0,0.0,0.0,0.0,0.0,2.0,110
2025-12-21 13:00:00,DDPG,0.23941848944816418,0.0,0.0,0.0,0.0,0.0,2.0,110
2025-12-21 14:00:00,DDPG,0.23837015611483087,0.0,0.0,0.0,0.0,0.0,2.0,110
2025-12-21 15:00:00,DDPG,0.23746348944816417,0.0,0.0,0.0,0.0,0.0,2.0,110
2025-12-21 16:00:00,DDPG,0.23684015611483086,0.0,0.0,0.0,0.0,0.0,2.0,110
2025-12-21 17:00:00,DDPG,0.23652848944816418,0.0,0.0,0.0,0.0,0.0,2.0,110
2025-12-21 18:00:00,DDPG,0.2363868227814975,0.0,0.0,0.0,0.0,0.0,2.0,110
2025-12-21 19:00:00,DDPG,0.23627348944816415,0.0,0.0,0.0,0.0,0.0,2.0,110
2025-12-21 20:00:00,DDPG,0.2361601561148308,0.0,0.0,0.0,0.0,0.0,2.0,110
2025-12-21 21:00:00,DDPG,0.23601848944816411,0.0,0.0,0.0,0.0,0.0,2.0,110
2025-12-21 22:00:00,DDPG,0.23587682278149744,0.0,0.0,0.0,0.0,0.0,2.0,110
2025-12-21 23:00:00,DDPG,0.23576348944816408,0.0,0.0,0.0,0.0,0.0,2.0,110
2025-12-22 00:00:00,DDPG,0.23565015611483073,0.0,0.0,0.0,0.0,0.0,2.0,110
2025-12-22 01:00:00,DDPG,0.23589848944816405,0.0,0.0,0.0,0.0,0.0,2.0,110
2025-12-22 02:00:00,DDPG,0.23581348944816408,0.0,0.0,0.0,0.0,0.0,2.0,110
2025-12-22 03:00:00,DDPG,0.23570015611483072,0.0,0.0,0.0,0.0,0.0,2.0,110
2025-12-22 04:00:00,DDPG,0.2359201561148307,0.0,0.0,0.0,0.0,0.0,2.0,110
2025-12-22 05:00:00,DDPG,0.2368351561148307,0.0,0.0,0.0,0.0,0.0,2.0,110
2025-12-22 06:00:00,DDPG,0.24469348944816402,0.0,0.0,0.0,0.0,0.0,2.0,110
2025-12-22 07:00:00,DDPG,0.2457718227814974,0.0,0.0,0.0,0.0,0.0,2.0,110
2025-12-22 08:00:00,DDPG,0.24629015611483074,0.0,0.0,0.0,0.0,0.0,2.0,110
2025-12-22 09:00:00,DDPG,0.24569515611483075,0.0,0.0,0.0,0.0,0.0,2.0,110
2025-12-22 10:00:00,DDPG,0.24484515611483076,0.0,0.0,0.0,0.0,0.0,2.0,110
2025-12-22 11:00:00,DDPG,0.24391015611483075,0.0,0.0,0.0,0.0,0.0,2.0,110
2025-12-22 12:00:00,DDPG,0.2428334894481641,0.0,0.0,0.0,0.0,0.0,2.0,110
2025-12-22 13:00:00,DDPG,0.24187015611483076,0.0,0.0,0.0,0.0,0.0,2.0,110
2025-12-22 14:00:00,DDPG,0.2413034894481641,0.0,0.0,0.0,0.0,0.0,2.0,110
2025-12-22 15:00:00,DDPG,0.2406234894481641,0.0,0.0,0.0,0.0,0.0,2.0,110
2025-12-22 16:00:00,DDPG,0.24014182278149745,0.0,0.0,0.0,0.0,0.0,2.0,110
2025-12-22 17:00:00,DDPG,0.23988682278149748,0.0,0.0,0.0,0.0,0.0,2.0,110
2025-12-22 18:00:00,DDPG,0.23971682278149747,0.0,0.0,0.0,0.0,0.0,2.0,110
2025-12-22 19:00:00,DDPG,0.23954682278149747,0.0,0.0,0.0,0.0,0.0,2.0,110
2025-12-22 20:00:00,DDPG,0.2444051561148308,0.0,0.0,0.0,0.0,0.0,2.0,110
2025-12-22 21:00:00,DDPG,0.24429182278149744,0.0,0.0,0.0,0.0,0.0,2.0,110
2025-12-22 22:00:00,DDPG,0.2441784894481641,0.0,0.0,0.0,0.0,0.0,2.0,110
2025-12-22 23:00:00,DDPG,0.24406515611483073,0.0,0.0,0.0,0.0,0.0,2.0,110
2025-12-23 00:00:00,DDPG,0.24395182278149738,0.0,0.0,0.0,0.0,0.0,2.0,110
2025-12-23 01:00:00,DDPG,0.2438668227814974,0.0,0.0,0.0,0.0,0.0,2.0,110
2025-12-23 02:00:00,DDPG,0.2437818227814974,0.0,0.0,0.0,0.0,0.0,2.0,110
2025-12-23 03:00:00,DDPG,0.24369682278149743,0.0,0.0,0.0,0.0,0.0,2.0,110
2025-12-23 04:00:00,DDPG,0.24358348944816408,0.0,0.0,0.0,0.0,0.0,2.0,110
2025-12-23 05:00:00,DDPG,0.24347015611483072,0.0,0.0,0.0,0.0,0.0,2.0,110
2025-12-23 06:00:00,DDPG,0.2432718227814974,0.0,0.0,0.0,0.0,0.0,2.0,110
2025-12-23 07:00:00,DDPG,0.24307348944816407,0.0,0.0,0.0,0.0,0.0,2.0,110
2025-12-23 08:00:00,DDPG,0.24942848944816404,0.0,0.0,0.0,0.0,0.0,2.0,110
2025-12-23 09:00:00,DDPG,0.25167015611483073,0.0,0.0,0.0,0.0,0.0,2.0,110
2025-12-23 10:00:00,DDPG,0.2528834894481641,0.0,0.0,0.0,0.0,0.0,2.0,110
2025-12-23 11:00:00,DDPG,0.25398348944816407,0.0,0.0,0.0,0.0,0.0,2.0,110
2025-12-23 12:00:00,DDPG,0.2541401561148307,0.0,0.0,0.0,0.0,0.0,2.0,110
2025-12-23 13:00:00,DDPG,0.25429682278149734,0.0,0.0,0.0,0.0,0.0,2.0,110
2025-12-23 14:00:00,DDPG,0.2541201561148307,0.0,0.0,0.0,0.0,0.0,2.0,110
2025-12-23 15:00:00,DDPG,0.253468489448164,0.0,0.0,0.0,0.0,0.0,2.0,110
2025-12-23 16:00:00,DDPG,0.25301515611483066,0.0,0.0,0.0,0.0,0.0,2.0,110
2025-12-23 17:00:00,DDPG,0.252703489448164,0.0,0.0,0.0,0.0,0.0,2.0,110
2025-12-23 18:00:00,DDPG,0.252533489448164,0.0,0.0,0.0,0.0,0.0,2.0,110
2025-12-23 19:00:00,DDPG,0.252448489448164,0.0,0.0,0.0,0.0,0.0,2.0,110
2025-12-23 20:00:00,DDPG,0.25269682278149735,0.0,0.0,0.0,0.0,0.0,2.0,110
2025-12-23 21:00:00,DDPG,0.2529451561148307,0.0,0.0,0.0,0.0,0.0,2.0,110
2025-12-23 22:00:00,DDPG,0.2528601561148307,0.0,0.0,0.0,0.0,0.0,2.0,110
2025-12-23 23:00:00,DDPG,0.25274682278149735,0.0,0.0,0.0,0.0,0.0,2.0,110
2025-12-24 00:00:00,DDPG,0.252633489448164,0.0,0.0,0.0,0.0,0.0,2.0,110
2025-12-24 01:00:00,DDPG,0.252548489448164,0.0,0.0,0.0,0.0,0.0,2.0,110
2025-12-24 02:00:00,DDPG,0.25246348944816405,0.0,0.0,0.0,0.0,0.0,2.0,110
2025-12-24 03:00:00,DDPG,0.2527118227814974,0.0,0.0,0.0,0.0,0.0,2.0,110
2025-12-24 04:00:00,DDPG,0.2526268227814974,0.0,0.0,0.0,0.0,0.0,2.0,110
2025-12-24 05:00:00,DDPG,0.25251348944816404,0.0,0.0,0.0,0.0,0.0,2.0,110
2025-12-24 06:00:00,DDPG,0.2529818227814974,0.0,0.0,0.0,0.0,0.0,2.0,110
2025-12-24 07:00:00,DDPG,0.25275515611483074,0.0,0.0,0.0,0.0,0.0,2.0,110
2025-12-24 08:00:00,DDPG,0.25433015611483073,0.0,0.0,0.0,0.0,0.0,2.0,110
2025-12-24 09:00:00,DDPG,0.2537351561148307,0.0,0.0,0.0,0.0,0.0,2.0,110
2025-12-24 10:00:00,DDPG,0.25288515611483076,0.0,0.0,0.0,0.0,0.0,2.0,110
2025-12-24 11:00:00,DDPG,0.2520568227814974,0.0,0.0,0.0,0.0,0.0,2.0,110
2025-12-24 12:00:00,DDPG,0.25086682278149736,0.0,0.0,0.0,0.0,0.0,2.0,110
2025-12-24 13:00:00,DDPG,0.24956348944816403,0.0,0.0,0.0,0.0,0.0,2.0,110
2025-12-24 14:00:00,DDPG,0.24879182278149733,0.0,0.0,0.0,0.0,0.0,2.0,110
2025-12-24 15:00:00,DDPG,0.247828489448164,0.0,0.0,0.0,0.0,0.0,2.0,110
2025-12-24 16:00:00,DDPG,0.24717682278149733,0.0,0.0,0.0,0.0,0.0,2.0,110
2025-12-24 17:00:00,DDPG,0.24686515611483065,0.0,0.0,0.0,0.0,0.0,2.0,110
2025-12-24 18:00:00,DDPG,0.2467518227814973,0.0,0.0,0.0,0.0,0.0,2.0,110
2025-12-24 19:00:00,DDPG,0.24669515611483064,0.0,0.0,0.0,0.0,0.0,2.0,110
2025-12-24 20:00:00,DDPG,0.246638489448164,0.0,0.0,0.0,0.0,0.0,2.0,110
2025-12-24 21:00:00,DDPG,0.24724848944816402,0.0,0.0,0.0,0.0,0.0,2.0,110
2025-12-24 22:00:00,DDPG,0.24816348944816402,0.0,0.0,0.0,0.0,0.0,2.0,110
2025-12-24 23:00:00,DDPG,0.24807848944816405,0.0,0.0,0.0,0.0,0.0,2.0,110
2025-12-25 00:00:00,DDPG,0.2483551561148307,0.0,0.0,0.0,0.0,0.0,2.0,110
2025-12-25 01:00:00,DDPG,0.24929848944816405,0.0,0.0,0.0,0.0,0.0,2.0,110
2025-12-25 02:00:00,DDPG,0.26054682278149743,0.0,0.0,0.0,0.0,0.0,2.0,110
2025-12-25 03:00:00,DDPG,0.2630718227814974,0.0,0.0,0.0,0.0,0.0,2.0,110
2025-12-25 04:00:00,DDPG,0.26298682278149743,0.0,0.0,0.0,0.0,0.0,2.0,110
2025-12-25 05:00:00,DDPG,0.26290182278149743,0.0,0.0,0.0,0.0,0.0,2.0,110
2025-12-25 06:00:00,DDPG,0.2627601561148307,0.0,0.0,0.0,0.0,0.0,2.0,110
2025-12-25 07:00:00,DDPG,0.2625901561148307,0.0,0.0,0.0,0.0,0.0,2.0,110
2025-12-25 08:00:00,DDPG,0.2621368227814974,0.0,0.0,0.0,0.0,0.0,2.0,110
2025-12-25 09:00:00,DDPG,0.2613718227814974,0.0,0.0,0.0,0.0,0.0,2.0,110
2025-12-25 10:00:00,DDPG,0.26135182278149743,0.0,0.0,0.0,0.0,0.0,2.0,110
2025-12-25 11:00:00,DDPG,0.2602468227814974,0.0,0.0,0.0,0.0,0.0,2.0,110
2025-12-25 12:00:00,DDPG,0.2593618227814974,0.0,0.0,0.0,0.0,0.0,2.0,110
2025-12-25 13:00:00,DDPG,0.25917182278149736,0.0,0.0,0.0,0.0,0.0,2.0,110
2025-12-25 14:00:00,DDPG,0.25812348944816405,0.0,0.0,0.0,0.0,0.0,2.0,110
2025-12-25 15:00:00,DDPG,0.258188489448164,0.0,0.0,0.0,0.0,0.0,2.0,110
2025-12-25 16:00:00,DDPG,0.2575651561148307,0.0,0.0,0.0,0.0,0.0,2.0,110
2025-12-25 17:00:00,DDPG,0.2572251561148307,0.0,0.0,0.0,0.0,0.0,2.0,110
2025-12-25 18:00:00,DDPG,0.2577501561148307,0.0,0.0,0.0,0.0,0.0,2.0,110
2025-12-25 19:00:00,DDPG,0.25797015611483065,0.0,0.0,0.0,0.0,0.0,2.0,110
2025-12-25 20:00:00,DDPG,0.2578568227814973,0.0,0.0,0.0,0.0,0.0,2.0,110
2025-12-25 21:00:00,DDPG,0.26204848944816395,0.0,0.0,0.0,0.0,0.0,2.0,110
2025-12-25 22:00:00,DDPG,0.2629351561148306,0.0,0.0,0.0,0.0,0.0,2.0,110
2025-12-25 23:00:00,DDPG,0.2634884894481639,0.0,0.0,0.0,0.0,0.0,2.0,110
2025-12-26 00:00:00,DDPG,0.2653184894481639,0.0,0.0,0.0,0.0,0.0,2.0,110
2025-12-26 01:00:00,DDPG,0.2685384894481639,0.0,0.0,0.0,0.0,0.0,2.0,110
2025-12-26 02:00:00,DDPG,0.2780918227814972,0.0,0.0,0.0,0.0,0.0,2.0,110
2025-12-26 03:00:00,DDPG,0.2946168227814972,0.0,0.0,0.0,0.0,0.0,2.0,110
2025-12-26 04:00:00,DDPG,0.2961418227814972,0.0,0.0,0.0,0.0,0.0,2.0,110
2025-12-26 05:00:00,DDPG,0.2966668227814972,0.0,0.0,0.0,0.0,0.0,2.0,110
2025-12-26 06:00:00,DDPG,0.29649682278149714,0.0,0.0,0.0,0.0,0.0,2.0,110
2025-12-26 07:00:00,DDPG,0.29621348944816384,0.0,0.0,0.0,0.0,0.0,2.0,110
2025-12-26 08:00:00,DDPG,0.2957318227814972,0.0,0.0,0.0,0.0,0.0,2.0,110
2025-12-26 09:00:00,DDPG,0.29502348944816387,0.0,0.0,0.0,0.0,0.0,2.0,110
2025-12-26 10:00:00,DDPG,0.2940601561148305,0.0,0.0,0.0,0.0,0.0,2.0,110
2025-12-26 11:00:00,DDPG,0.2934301561148305,0.0,0.0,0.0,0.0,0.0,2.0,110
2025-12-26 12:00:00,DDPG,0.29249515611483046,0.0,0.0,0.0,0.0,0.0,2.0,110
2025-12-26 13:00:00,DDPG,0.2915034894481638,0.0,0.0,0.0,0.0,0.0,2.0,110
2025-12-26 14:00:00,DDPG,0.2911218227814972,0.0,0.0,0.0,0.0,0.0,2.0,110
2025-12-26 15:00:00,DDPG,0.29077515710824126,2.980232238769531e-07,0.0,0.0,0.0,0.0,1.9999999940395354,110
2025-12-26 16:00:00,DDPG,0.2901801585983574,4.470348358154297e-07,0.0,0.0,0.0,0.0,1.9999999940395354,110
2025-12-26 17:00:00,DDPG,0.2897551590950628,1.4901161193847656e-07,0.0,0.0,0.0,0.0,1.9999999955296517,110
2025-12-26 18:00:00,DDPG,0.28944349242839607,0.0,0.0,0.0,0.0,0.0,1.999999998509884,110
2025-12-26 19:00:00,DDPG,0.28916015909506276,0.0,0.0,0.0,0.0,0.0,2.0,110
2025-12-26 20:00:00,DDPG,0.28921015909506276,0.0,0.0,0.0,0.0,0.0,2.0,110
2025-12-26 21:00:00,DDPG,0.28892682576172946,0.0,0.0,0.0,0.0,0.0,2.0,110
2025-12-26 22:00:00,DDPG,0.28897682576172945,0.0,0.0,0.0,0.0,0.0,2.0,110
2025-12-26 23:00:00,DDPG,0.28869349242839615,0.0,0.0,0.0,0.0,0.0,2.0,110
2025-12-27 00:00:00,DDPG,0.28841015909506285,0.0,0.0,0.0,0.0,0.0,2.0,110
2025-12-27 01:00:00,DDPG,0.2881268257617295,0.0,0.0,0.0,0.0,0.0,2.0,110
2025-12-27 02:00:00,DDPG,0.28781515909506283,0.0,0.0,0.0,0.0,0.0,2.0,110
2025-12-27 03:00:00,DDPG,0.2875034924283961,0.0,0.0,0.0,0.0,0.0,2.0,110
2025-12-27 04:00:00,DDPG,0.28719182576172947,0.0,0.0,0.0,0.0,0.0,2.0,110
2025-12-27 05:00:00,DDPG,0.28688015909506276,0.0,0.0,0.0,0.0,0.0,2.0,110
2025-12-27 06:00:00,DDPG,0.2865684924283961,0.0,0.0,0.0,0.0,0.0,2.0,110
2025-12-27 07:00:00,DDPG,0.2861434924283961,0.0,0.0,0.0,0.0,0.0,2.0,110
2025-12-27 08:00:00,DDPG,0.28549182625843483,1.4901161193847656e-07,0.0,0.0,0.0,0.0,1.9999999970197677,110
2025-12-27 09:00:00,DDPG,0.2846701600884735,1.4901161193847656e-07,0.0,0.0,0.0,0.0,1.999999998509884,110
2025-12-27 10:00:00,DDPG,0.2837351600884735,0.0,0.0,0.0,0.0,0.0,1.999999998509884,110
2025-12-27 11:00:00,DDPG,0.28302682824525627,4.470348358154297e-07,0.0,0.0,0.0,0.0,1.9999999910593034,110
2025-12-27 12:00:00,DDPG,0.28220516257200035,2.980232238769531e-07,0.0,0.0,0.0,0.0,1.9999999955296517,110
2025-12-27 13:00:00,DDPG,0.281071829238667,0.0,0.0,0.0,0.0,0.0,1.9999999970197677,110
2025-12-27 14:00:00,DDPG,0.280441829238667,0.0,0.0,0.0,0.0,0.0,2.0,110
2025-12-27 15:00:00,DDPG,0.29579016257200036,0.0,0.0,0.0,0.0,0.0,2.0,110
2025-12-27 16:00:00,DDPG,0.300116829238667,0.0,0.0,0.0,0.0,0.0,2.0,110
2025-12-27 17:00:00,DDPG,0.3051101625720003,0.0,0.0,0.0,0.0,0.0,2.0,110
2025-12-27 18:00:00,DDPG,0.3051034959053336,0.0,0.0,0.0,0.0,0.0,2.0,110
2025-12-27 19:00:00,DDPG,0.30484849590533364,0.0,0.0,0.0,0.0,0.0,2.0,110
2025-12-27 20:00:00,DDPG,0.30453682923866693,0.0,0.0,0.0,0.0,0.0,2.0,110
2025-12-27 21:00:00,DDPG,0.3041968292386669,0.0,0.0,0.0,0.0,0.0,2.0,110
2025-12-27 22:00:00,DDPG,0.3039134959053336,0.0,0.0,0.0,0.0,0.0,2.0,110
2025-12-27 23:00:00,DDPG,0.3036301625720003,0.0,0.0,0.0,0.0,0.0,2.0,110
2025-12-28 00:00:00,DDPG,0.3033184959053336,0.0,0.0,0.0,0.0,0.0,2.0,110
2025-12-28 01:00:00,DDPG,0.3030351625720003,0.0,0.0,0.0,0.0,0.0,2.0,110
2025-12-28 02:00:00,DDPG,0.302751829238667,0.0,0.0,0.0,0.0,0.0,2.0,110
2025-12-28 03:00:00,DDPG,0.3024401625720003,0.0,0.0,0.0,0.0,0.0,2.0,110
2025-12-28 04:00:00,DDPG,0.302156829238667,0.0,0.0,0.0,0.0,0.0,2.0,110
2025-12-28 05:00:00,DDPG,0.3018734959053337,0.0,0.0,0.0,0.0,0.0,2.0,110
2025-12-28 06:00:00,DDPG,0.30164682923866704,0.0,0.0,0.0,0.0,0.0,2.0,110
2025-12-28 07:00:00,DDPG,0.3016401625720003,0.0,0.0,0.0,0.0,0.0,2.0,110
2025-12-28 08:00:00,DDPG,0.301073496402039,1.4901161193847656e-07,0.0,0.0,0.0,0.0,1.9999999970197677,110
2025-12-28 09:00:00,DDPG,0.3002801630687057,0.0,0.0,0.0,0.0,0.0,1.999999998509884,110
2025-12-28 10:00:00,DDPG,0.29928849640203903,0.0,0.0,0.0,0.0,0.0,2.0,110
2025-12-28 11:00:00,DDPG,0.298268496402039,0.0,0.0,0.0,0.0,0.0,2.0,110
2025-12-28 12:00:00,DDPG,0.29707849640203904,0.0,0.0,0.0,0.0,0.0,2.0,110
2025-12-28 13:00:00,DDPG,0.29574682973537236,0.0,0.0,0.0,0.0,0.0,2.0,110
2025-12-28 14:00:00,DDPG,0.29452849640203904,0.0,0.0,0.0,0.0,0.0,2.0,110
2025-12-28 15:00:00,DDPG,0.29356516306870567,0.0,0.0,0.0,0.0,0.0,2.0,110
2025-12-28 16:00:00,DDPG,0.29291349640203906,0.0,0.0,0.0,0.0,0.0,2.0,110
2025-12-28 17:00:00,DDPG,0.29248849640203906,0.0,0.0,0.0,0.0,0.0,2.0,110
2025-12-28 18:00:00,DDPG,0.29223349640203905,0.0,0.0,0.0,0.0,0.0,2.0,110
2025-12-28 19:00:00,DDPG,0.29203516306870575,0.0,0.0,0.0,0.0,0.0,2.0,110
2025-12-28 20:00:00,DDPG,0.2918368297353724,0.0,0.0,0.0,0.0,0.0,2.0,110
2025-12-28 21:00:00,DDPG,0.2916384964020391,0.0,0.0,0.0,0.0,0.0,2.0,110
2025-12-28 22:00:00,DDPG,0.2914118297353724,0.0,0.0,0.0,0.0,0.0,2.0,110
2025-12-28 23:00:00,DDPG,0.2911284964020391,0.0,0.0,0.0,0.0,0.0,2.0,110
2025-12-29 00:00:00,DDPG,0.29087349640203913,0.0,0.0,0.0,0.0,0.0,2.0,110
2025-12-29 01:00:00,DDPG,0.29061849640203913,0.0,0.0,0.0,0.0,0.0,2.0,110
2025-12-29 02:00:00,DDPG,0.2903918297353725,0.0,0.0,0.0,0.0,0.0,2.0,110
2025-12-29 03:00:00,DDPG,0.2901651630687058,0.0,0.0,0.0,0.0,0.0,2.0,110
2025-12-29 04:00:00,DDPG,0.2899101630687058,0.0,0.0,0.0,0.0,0.0,2.0,110
2025-12-29 05:00:00,DDPG,0.2896551630687058,0.0,0.0,0.0,0.0,0.0,2.0,110
2025-12-29 06:00:00,DDPG,0.28940016306870586,0.0,0.0,0.0,0.0,0.0,2.0,110
2025-12-29 07:00:00,DDPG,0.28906016306870586,0.0,0.0,0.0,0.0,0.0,2.0,110
2025-12-29 08:00:00,DDPG,0.28857849689874454,1.4901161193847656e-07,0.0,0.0,0.0,0.0,1.9999999970197677,110
2025-12-29 09:00:00,DDPG,0.2878984968987446,0.0,0.0,0.0,0.0,0.0,1.999999998509884,110
2025-12-29 10:00:00,DDPG,0.28696349689874456,0.0,0.0,0.0,0.0,0.0,2.0,110
2025-12-29 11:00:00,DDPG,0.28583016356541124,0.0,0.0,0.0,0.0,0.0,2.0,110
2025-12-29 12:00:00,DDPG,0.28486683023207787,0.0,0.0,0.0,0.0,0.0,2.0,110
2025-12-29 13:00:00,DDPG,0.2838468302320779,0.0,0.0,0.0,0.0,0.0,2.0,110
2025-12-29 14:00:00,DDPG,0.2832234968987446,0.0,0.0,0.0,0.0,0.0,2.0,110
2025-12-29 15:00:00,DDPG,0.2825718307287833,1.4901161193847656e-07,0.0,0.0,0.0,0.0,1.9999999970197677,110
2025-12-29 16:00:00,DDPG,0.28206183122548867,1.4901161193847656e-07,0.0,0.0,0.0,0.0,1.999999998509884,110
2025-12-29 17:00:00,DDPG,0.28166516455882196,0.0,0.0,0.0,0.0,0.0,1.999999998509884,110
2025-12-29 18:00:00,DDPG,0.2813534978921553,0.0,0.0,0.0,0.0,0.0,2.0,110
2025-12-29 19:00:00,DDPG,0.2810984978921553,0.0,0.0,0.0,0.0,0.0,2.0,110
2025-12-29 20:00:00,DDPG,0.28084349789215535,0.0,0.0,0.0,0.0,0.0,2.0,110
2025-12-29 21:00:00,DDPG,0.28058849789215534,0.0,0.0,0.0,0.0,0.0,2.0,110
2025-12-29 22:00:00,DDPG,0.2803618312254887,0.0,0.0,0.0,0.0,0.0,2.0,110
2025-12-29 23:00:00,DDPG,0.28013516455882204,0.0,0.0,0.0,0.0,0.0,2.0,110
2025-12-30 00:00:00,DDPG,0.2799084978921554,0.0,0.0,0.0,0.0,0.0,2.0,110
2025-12-30 01:00:00,DDPG,0.279710164558822,0.0,0.0,0.0,0.0,0.0,2.0,110
2025-12-30 02:00:00,DDPG,0.27951183122548867,0.0,0.0,0.0,0.0,0.0,2.0,110
2025-12-30 03:00:00,DDPG,0.279285164558822,0.0,0.0,0.0,0.0,0.0,2.0,110
2025-12-30 04:00:00,DDPG,0.27903016455882207,0.0,0.0,0.0,0.0,0.0,2.0,110
2025-12-30 05:00:00,DDPG,0.27877516455882206,0.0,0.0,0.0,0.0,0.0,2.0,110
2025-12-30 06:00:00,DDPG,0.27849183122548876,0.0,0.0,0.0,0.0,0.0,2.0,110
2025-12-30 07:00:00,DDPG,0.27818016455882205,0.0,0.0,0.0,0.0,0.0,2.0,110
2025-12-30 08:00:00,DDPG,0.27758516505552744,1.4901161193847656e-07,0.0,0.0,0.0,0.0,1.9999999970197677,110
2025-12-30 09:00:00,DDPG,0.2767634983888608,0.0,0.0,0.0,0.0,0.0,1.999999998509884,110
2025-12-30 10:00:00,DDPG,0.2757434983888608,0.0,0.0,0.0,0.0,0.0,2.0,110
2025-12-30 11:00:00,DDPG,0.27441183172219413,0.0,0.0,0.0,0.0,0.0,2.0,110
2025-12-30 12:00:00,DDPG,0.2729668317221941,0.0,0.0,0.0,0.0,0.0,2.0,110
2025-12-30 13:00:00,DDPG,0.2715784983888608,0.0,0.0,0.0,0.0,0.0,2.0,110
2025-12-30 14:00:00,DDPG,0.27033183172219416,0.0,0.0,0.0,0.0,0.0,2.0,110
2025-12-30 15:00:00,DDPG,0.26931183172219414,0.0,0.0,0.0,0.0,0.0,2.0,110
2025-12-30 16:00:00,DDPG,0.2685468322188995,1.4901161193847656e-07,0.0,0.0,0.0,0.0,1.9999999970197677,110
2025-12-30 17:00:00,DDPG,0.2680368322188995,0.0,0.0,0.0,0.0,0.0,1.999999998509884,110
2025-12-30 18:00:00,DDPG,0.2677251655522328,0.0,0.0,0.0,0.0,0.0,2.0,110
2025-12-30 19:00:00,DDPG,0.26747016555223285,0.0,0.0,0.0,0.0,0.0,2.0,110
2025-12-30 20:00:00,DDPG,0.2671868322188995,0.0,0.0,0.0,0.0,0.0,2.0,110
2025-12-30 21:00:00,DDPG,0.2669034988855662,0.0,0.0,0.0,0.0,0.0,2.0,110
2025-12-30 22:00:00,DDPG,0.2666201655522329,0.0,0.0,0.0,0.0,0.0,2.0,110
2025-12-30 23:00:00,DDPG,0.2663368322188996,0.0,0.0,0.0,0.0,0.0,2.0,110
2025-12-31 00:00:00,DDPG,0.2660534988855663,0.0,0.0,0.0,0.0,0.0,2.0,110
2025-12-31 01:00:00,DDPG,0.2657984988855663,0.0,0.0,0.0,0.0,0.0,2.0,110
2025-12-31 02:00:00,DDPG,0.2655434988855663,0.0,0.0,0.0,0.0,0.0,2.0,110
2025-12-31 03:00:00,DDPG,0.265345165552233,0.0,0.0,0.0,0.0,0.0,2.0,110
2025-12-31 04:00:00,DDPG,0.2651184988855663,0.0,0.0,0.0,0.0,0.0,2.0,110
2025-12-31 05:00:00,DDPG,0.26492016555223297,0.0,0.0,0.0,0.0,0.0,2.0,110
2025-12-31 06:00:00,DDPG,0.2647218322188996,0.0,0.0,0.0,0.0,0.0,2.0,110
2025-12-31 07:00:00,DDPG,0.2644384988855663,0.0,0.0,0.0,0.0,0.0,2.0,110
2025-12-31 08:00:00,DDPG,0.26390016604893834,1.4901161193847656e-07,0.0,0.0,0.0,0.0,1.9999999970197677,110
2025-12-31 09:00:00,DDPG,0.2630501660489384,0.0,0.0,0.0,0.0,0.0,1.999999998509884,110
2025-12-31 10:00:00,DDPG,0.26200183271560507,0.0,0.0,0.0,0.0,0.0,2.0,110
2025-12-31 11:00:00,DDPG,0.26078349938227174,0.0,0.0,0.0,0.0,0.0,2.0,110
2025-12-31 12:00:00,DDPG,0.25948016604893837,0.0,0.0,0.0,0.0,0.0,2.0,110
2025-12-31 13:00:00,DDPG,0.25809183271560504,0.0,0.0,0.0,0.0,0.0,2.0,110
2025-12-31 14:00:00,DDPG,0.25676016604893837,0.0,0.0,0.0,0.0,0.0,2.0,110
2025-12-31 15:00:00,DDPG,0.25565516604893834,0.0,0.0,0.0,0.0,0.0,2.0,110
2025-12-31 16:00:00,DDPG,0.2548334998789771,1.4901161193847656e-07,0.0,0.0,0.0,0.0,1.9999999970197677,110
2025-12-31 17:00:00,DDPG,0.25432349987897707,0.0,0.0,0.0,0.0,0.0,1.999999998509884,110
2025-12-31 18:00:00,DDPG,0.253983499878977,0.0,0.0,0.0,0.0,0.0,2.0,110
2025-12-31 19:00:00,DDPG,0.25372849987897705,0.0,0.0,0.0,0.0,0.0,2.0,110
2025-12-31 20:00:00,DDPG,0.25344516654564375,0.0,0.0,0.0,0.0,0.0,2.0,110
2025-12-31 21:00:00,DDPG,0.25313349987897704,0.0,0.0,0.0,0.0,0.0,2.0,110
2025-12-31 22:00:00,DDPG,0.25282183321231033,0.0,0.0,0.0,0.0,0.0,2.0,110
2025-12-31 23:00:00,DDPG,0.2525101665456437,0.0,0.0,0.0,0.0,0.0,2.0,110
