timestamp,controller,theta,irrigation_mm,runoff_mm,drainage_mm,mass_balance_error_mm,decision_latency_ms,reward,seed
2025-01-01 00:00:00,SACSI Full,0.2699104560709,0.032636821269989014,0.0,0.0,0.0,0.0,0.9990208953619003,88
2025-01-01 01:00:00,SACSI Full,0.2698330108912786,0.036266446113586426,0.0,0.0,0.0,0.0,0.9992383748292923,88
2025-01-01 02:00:00,SACSI Full,0.26976715086778,0.03974199295043945,0.0,0.0,0.0,0.0,0.9991704046726227,88
2025-01-01 03:00:00,SACSI Full,0.26972936810890835,0.04816517233848572,0.0,0.0,0.0,0.0,0.9989524647593497,88
2025-01-01 04:00:00,SACSI Full,0.2697889483126005,0.0688740611076355,0.0,0.0,0.0,0.0,0.9984154298901557,88
2025-01-01 05:00:00,SACSI Full,0.2697656375614802,0.05250677466392517,0.0,0.0,0.0,0.0,0.9987861916422844,88
2025-01-01 06:00:00,SACSI Full,0.2700604999335607,0.05645871162414551,0.0,0.0,0.0,0.0,0.9988313063979148,88
2025-01-01 07:00:00,SACSI Full,0.2703445793286959,0.05322381854057312,0.0,0.0,0.0,0.0,0.9989031746983529,88
2025-01-01 08:00:00,SACSI Full,0.26994129849910736,0.015015751123428345,0.0,0.0,0.0,0.0,0.99931760430336,88
2025-01-01 09:00:00,SACSI Full,0.26928783766428627,0.03346174955368042,0.0,0.0,0.0,0.0,0.9991463050246239,88
2025-01-01 10:00:00,SACSI Full,0.26850456824143726,0.04551917314529419,0.0,0.0,0.0,0.0,0.998969042301178,88
2025-01-01 11:00:00,SACSI Full,0.26763631716251374,0.06252467632293701,0.0,0.0,0.0,0.0,0.9985794514417647,88
2025-01-01 12:00:00,SACSI Full,0.26675829535802204,0.07659345865249634,0.0,0.0,0.0,0.0,0.9983274430036545,88
2025-01-01 13:00:00,SACSI Full,0.26592777203241985,0.07384300231933594,0.0,0.0,0.0,0.0,0.9984956353902817,88
2025-01-01 14:00:00,SACSI Full,0.2651526443386078,0.05646169185638428,0.0,0.0,0.0,0.0,0.9986969530582428,88
2025-01-01 15:00:00,SACSI Full,0.26453584757963816,0.03596097230911255,0.0,0.0,0.0,0.0,0.9990757733583451,88
2025-01-01 16:00:00,SACSI Full,0.2640024114616712,0.026969164609909058,0.0,0.0,0.0,0.0,0.9993706986308099,88
2025-01-01 17:00:00,SACSI Full,0.2636977274449666,0.019094794988632202,0.0,0.0,0.0,0.0,0.9995393604040146,88
2025-01-01 18:00:00,SACSI Full,0.26356710247039794,0.03731250762939453,0.0,0.0,0.0,0.0,0.9990715727210044,88
2025-01-01 19:00:00,SACSI Full,0.26345660624980927,0.034851133823394775,0.0,0.0,0.0,0.0,0.9992783635854722,88
2025-01-01 20:00:00,SACSI Full,0.26336997576316196,0.0250108540058136,0.0,0.0,0.0,0.0,0.9994013801217079,88
2025-01-01 21:00:00,SACSI Full,0.26325586875995,0.02526789903640747,0.0,0.0,0.0,0.0,0.9994920715689659,88
2025-01-01 22:00:00,SACSI Full,0.2630938820735614,0.01940399408340454,0.0,0.0,0.0,0.0,0.9995532810688018,88
2025-01-01 23:00:00,SACSI Full,0.26293590628306074,0.02060726284980774,0.0,0.0,0.0,0.0,0.9995758220553398,88
2025-01-02 00:00:00,SACSI Full,0.2628893763113022,0.03704100847244263,0.0,0.0,0.0,0.0,0.9990948423743248,88
2025-01-02 01:00:00,SACSI Full,0.2628366409993172,0.03517940640449524,0.0,0.0,0.0,0.0,0.9992777958512307,88
2025-01-02 02:00:00,SACSI Full,0.2627619724027316,0.03709942102432251,0.0,0.0,0.0,0.0,0.9992388114333153,88
2025-01-02 03:00:00,SACSI Full,0.2626699946173032,0.03190666437149048,0.0,0.0,0.0,0.0,0.9993099391460419,88
2025-01-02 04:00:00,SACSI Full,0.26259212078094485,0.03613784909248352,0.0,0.0,0.0,0.0,0.9992349311709404,88
2025-01-02 05:00:00,SACSI Full,0.2625455977630615,0.037043094635009766,0.0,0.0,0.0,0.0,0.9992500856518746,88
2025-01-02 06:00:00,SACSI Full,0.26252089302539827,0.04358857870101929,0.0,0.0,0.0,0.0,0.9990627735853195,88
2025-01-02 07:00:00,SACSI Full,0.2624046906534831,0.03313928842544556,0.0,0.0,0.0,0.0,0.9992327213287354,88
2025-01-02 08:00:00,SACSI Full,0.2621543030254046,0.018383711576461792,0.0,0.0,0.0,0.0,0.9994847699999809,88
2025-01-02 09:00:00,SACSI Full,0.26175131376187005,0.01510322093963623,0.0,0.0,0.0,0.0,0.999665130674839,88
2025-01-02 10:00:00,SACSI Full,0.2612308508602778,0.02236112952232361,0.0,0.0,0.0,0.0,0.9994801983237266,88
2025-01-02 11:00:00,SACSI Full,0.26037494791110355,0.04922911524772644,0.0,0.0,0.0,0.0,0.9987467378377914,88
2025-01-02 12:00:00,SACSI Full,0.25946617679834366,0.07586866617202759,0.0,0.0,0.0,0.0,0.9982162311673164,88
2025-01-02 13:00:00,SACSI Full,0.2585847657759984,0.050076693296432495,0.0,0.0,0.0,0.0,0.9987405464053154,88
2025-01-02 14:00:00,SACSI Full,0.25793768687725066,0.026876330375671387,0.0,0.0,0.0,0.0,0.999230469763279,88
2025-01-02 15:00:00,SACSI Full,0.25738883749485014,0.02234518527984619,0.0,0.0,0.0,0.0,0.9995077848434448,88
2025-01-02 16:00:00,SACSI Full,0.25698718983252844,0.015505701303482056,0.0,0.0,0.0,0.0,0.9996214911341668,88
2025-01-02 17:00:00,SACSI Full,0.2567073840665817,0.01805827021598816,0.0,0.0,0.0,0.0,0.9996133089065552,88
2025-01-02 18:00:00,SACSI Full,0.25660822938521705,0.02975359559059143,0.0,0.0,0.0,0.0,0.9992879748344421,88
2025-01-02 19:00:00,SACSI Full,0.25654897829214734,0.033224672079086304,0.0,0.0,0.0,0.0,0.9993007957935334,88
2025-01-02 20:00:00,SACSI Full,0.2564379158616066,0.017681270837783813,0.0,0.0,0.0,0.0,0.9994909405708313,88
2025-01-02 21:00:00,SACSI Full,0.2563527640668551,0.025454461574554443,0.0,0.0,0.0,0.0,0.9994131788611412,88
2025-01-02 22:00:00,SACSI Full,0.2563118451444308,0.030224323272705078,0.0,0.0,0.0,0.0,0.9993478149175644,88
2025-01-02 23:00:00,SACSI Full,0.25625497403224307,0.025438666343688965,0.0,0.0,0.0,0.0,0.999443370103836,88
2025-01-03 00:00:00,SACSI Full,0.256159921409289,0.02248421311378479,0.0,0.0,0.0,0.0,0.9995207712054253,88
2025-01-03 01:00:00,SACSI Full,0.2559643616445859,0.017832070589065552,0.0,0.0,0.0,0.0,0.9995968371629715,88
2025-01-03 02:00:00,SACSI Full,0.25584554686784744,0.02385556697845459,0.0,0.0,0.0,0.0,0.9994626536965371,88
2025-01-03 03:00:00,SACSI Full,0.2557775060764948,0.030587762594223022,0.0,0.0,0.0,0.0,0.9993209227919578,88
2025-01-03 04:00:00,SACSI Full,0.2560847086310386,0.04316076636314392,0.0,0.0,0.0,0.0,0.9990110546350479,88
2025-01-03 05:00:00,SACSI Full,0.25605460000435504,0.03346741199493408,0.0,0.0,0.0,0.0,0.9992337182164192,88
2025-01-03 06:00:00,SACSI Full,0.2560247442007064,0.03354325890541077,0.0,0.0,0.0,0.0,0.999328376352787,88
2025-01-03 07:00:00,SACSI Full,0.25587101027409226,0.02187982201576233,0.0,0.0,0.0,0.0,0.9994457691907882,88
2025-01-03 08:00:00,SACSI Full,0.25549130533377323,0.013588517904281616,0.0,0.0,0.0,0.0,0.9996453166007995,88
2025-01-03 09:00:00,SACSI Full,0.25493540174166357,0.020228922367095947,0.0,0.0,0.0,0.0,0.99952901750803,88
2025-01-03 10:00:00,SACSI Full,0.2542298859182993,0.026345252990722656,0.0,0.0,0.0,0.0,0.9994119316339493,88
2025-01-03 11:00:00,SACSI Full,0.25377909377415964,0.036762356758117676,0.0,0.0,0.0,0.0,0.9991605818271637,88
2025-01-03 12:00:00,SACSI Full,0.25337515362977975,0.0423179566860199,0.0,0.0,0.0,0.0,0.9990980848670006,88
2025-01-03 13:00:00,SACSI Full,0.25263922251542403,0.03422066569328308,0.0,0.0,0.0,0.0,0.9992346137762069,88
2025-01-03 14:00:00,SACSI Full,0.2519907687362034,0.026463866233825684,0.0,0.0,0.0,0.0,0.9993931546807289,88
2025-01-03 15:00:00,SACSI Full,0.2514670474473634,0.021383613348007202,0.0,0.0,0.0,0.0,0.9995215252041817,88
2025-01-03 16:00:00,SACSI Full,0.25101729284207014,0.018073618412017822,0.0,0.0,0.0,0.0,0.9996054276823998,88
2025-01-03 17:00:00,SACSI Full,0.2510705273532866,0.017970353364944458,0.0,0.0,0.0,0.0,0.9996395602822304,88
2025-01-03 18:00:00,SACSI Full,0.25095557893117254,0.02501547336578369,0.0,0.0,0.0,0.0,0.9994292393326759,88
2025-01-03 19:00:00,SACSI Full,0.2508834914811451,0.029373764991760254,0.0,0.0,0.0,0.0,0.9993689417839051,88
2025-01-03 20:00:00,SACSI Full,0.2508143865156172,0.021768510341644287,0.0,0.0,0.0,0.0,0.999488577246666,88
2025-01-03 21:00:00,SACSI Full,0.25075384028037373,0.024336129426956177,0.0,0.0,0.0,0.0,0.9994876012206078,88
2025-01-03 22:00:00,SACSI Full,0.25069264683802905,0.024141967296600342,0.0,0.0,0.0,0.0,0.9995152190327645,88
2025-01-03 23:00:00,SACSI Full,0.2506463918097812,0.028623491525650024,0.0,0.0,0.0,0.0,0.9993827149271965,88
2025-01-04 00:00:00,SACSI Full,0.25059992965539274,0.02856135368347168,0.0,0.0,0.0,0.0,0.9994281515479088,88
2025-01-04 01:00:00,SACSI Full,0.2505239828046161,0.02821594476699829,0.0,0.0,0.0,0.0,0.9994322270154954,88
2025-01-04 02:00:00,SACSI Full,0.2505115047351517,0.03875657916069031,0.0,0.0,0.0,0.0,0.9991194620728492,88
2025-01-04 03:00:00,SACSI Full,0.25052658437649383,0.047023892402648926,0.0,0.0,0.0,0.0,0.9989768490195274,88
2025-01-04 04:00:00,SACSI Full,0.25051688139994915,0.039589107036590576,0.0,0.0,0.0,0.0,0.9991338700056076,88
2025-01-04 05:00:00,SACSI Full,0.25046353861729276,0.03499716520309448,0.0,0.0,0.0,0.0,0.9992541372776031,88
2025-01-04 06:00:00,SACSI Full,0.2504243514410652,0.039243847131729126,0.0,0.0,0.0,0.0,0.999172656238079,88
2025-01-04 07:00:00,SACSI Full,0.2502935816939669,0.028769075870513916,0.0,0.0,0.0,0.0,0.9993198707699775,88
2025-01-04 08:00:00,SACSI Full,0.24994942721605273,0.01575365662574768,0.0,0.0,0.0,0.0,0.9995547726750373,88
2025-01-04 09:00:00,SACSI Full,0.24937197776953354,0.02226516604423523,0.0,0.0,0.0,0.0,0.9994895815849305,88
2025-01-04 10:00:00,SACSI Full,0.24867164827823615,0.03640115261077881,0.0,0.0,0.0,0.0,0.999130617082119,88
2025-01-04 11:00:00,SACSI Full,0.247872009398937,0.057608336210250854,0.0,0.0,0.0,0.0,0.9986357614398003,88
2025-01-04 12:00:00,SACSI Full,0.24701351411024708,0.06545141339302063,0.0,0.0,0.0,0.0,0.9986125409603119,88
2025-01-04 13:00:00,SACSI Full,0.24615974397977175,0.06686896085739136,0.0,0.0,0.0,0.0,0.9986484453082085,88
2025-01-04 14:00:00,SACSI Full,0.2454258215077716,0.05182325839996338,0.0,0.0,0.0,0.0,0.9988130778074265,88
2025-01-04 15:00:00,SACSI Full,0.24480454969882942,0.026118457317352295,0.0,0.0,0.0,0.0,0.9992205828428268,88
2025-01-04 16:00:00,SACSI Full,0.2442653689519562,0.016745775938034058,0.0,0.0,0.0,0.0,0.9995713576674462,88
2025-01-04 17:00:00,SACSI Full,0.24392100734790143,0.015691518783569336,0.0,0.0,0.0,0.0,0.999675627052784,88
2025-01-04 18:00:00,SACSI Full,0.24370831594943979,0.021192580461502075,0.0,0.0,0.0,0.0,0.9995211377739905,88
2025-01-04 19:00:00,SACSI Full,0.24349214413642864,0.02014845609664917,0.0,0.0,0.0,0.0,0.9995865896344185,88
2025-01-04 20:00:00,SACSI Full,0.24378319704373658,0.04681587219238281,0.0,0.0,0.0,0.0,0.9987970083951949,88
2025-01-04 21:00:00,SACSI Full,0.2439988453396159,0.032694488763809204,0.0,0.0,0.0,0.0,0.9992048963904381,88
2025-01-04 22:00:00,SACSI Full,0.24386999039173105,0.029343515634536743,0.0,0.0,0.0,0.0,0.9993796199560165,88
2025-01-04 23:00:00,SACSI Full,0.24378929477214792,0.035291314125061035,0.0,0.0,0.0,0.0,0.9992346957325935,88
2025-01-05 00:00:00,SACSI Full,0.24372762942552545,0.04100039601325989,0.0,0.0,0.0,0.0,0.9991229012608529,88
2025-01-05 01:00:00,SACSI Full,0.24367212372223515,0.042848289012908936,0.0,0.0,0.0,0.0,0.9991245552897453,88
2025-01-05 02:00:00,SACSI Full,0.2434971320303279,0.024002492427825928,0.0,0.0,0.0,0.0,0.9993314921855926,88
2025-01-05 03:00:00,SACSI Full,0.2433713352974254,0.030260980129241943,0.0,0.0,0.0,0.0,0.999332195520401,88
2025-01-05 04:00:00,SACSI Full,0.24325524021387082,0.03317147493362427,0.0,0.0,0.0,0.0,0.9993074655532836,88
2025-01-05 05:00:00,SACSI Full,0.24305481323321643,0.01637190580368042,0.0,0.0,0.0,0.0,0.999504566192627,88
2025-01-05 06:00:00,SACSI Full,0.24325779107173265,0.028893351554870605,0.0,0.0,0.0,0.0,0.9992969185113907,88
2025-01-05 07:00:00,SACSI Full,0.24303846964995052,0.01920357346534729,0.0,0.0,0.0,0.0,0.9995190307497978,88
2025-01-05 08:00:00,SACSI Full,0.24273651403586052,0.019913315773010254,0.0,0.0,0.0,0.0,0.9995946362614632,88
2025-01-05 09:00:00,SACSI Full,0.2422159711647032,0.022337138652801514,0.0,0.0,0.0,0.0,0.9995290189981461,88
2025-01-05 10:00:00,SACSI Full,0.24160956796566627,0.03907904028892517,0.0,0.0,0.0,0.0,0.9990510001778603,88
2025-01-05 11:00:00,SACSI Full,0.24085483625332496,0.05408048629760742,0.0,0.0,0.0,0.0,0.998768375813961,88
2025-01-05 12:00:00,SACSI Full,0.24022767354488356,0.13485118746757507,0.0,0.0,0.0,0.0,0.9964952692389488,88
2025-01-05 13:00:00,SACSI Full,0.23958867577711723,0.03780066967010498,0.0,0.0,0.0,0.0,0.9982734814286232,88
2025-01-05 14:00:00,SACSI Full,0.23893183800538362,0.07494866847991943,0.0,0.0,0.0,0.0,0.9981295466423035,88
2025-01-05 15:00:00,SACSI Full,0.23828082788070024,0.05119696259498596,0.0,0.0,0.0,0.0,0.998738543689251,88
2025-01-05 16:00:00,SACSI Full,0.23777490083058656,0.018221884965896606,0.0,0.0,0.0,0.0,0.9993058115243911,88
2025-01-05 17:00:00,SACSI Full,0.23739358507474245,0.013105273246765137,0.0,0.0,0.0,0.0,0.9996867284178733,88
2025-01-05 18:00:00,SACSI Full,0.23713014998992266,0.01446947455406189,0.0,0.0,0.0,0.0,0.9996969684958458,88
2025-01-05 19:00:00,SACSI Full,0.23693093745390556,0.016736239194869995,0.0,0.0,0.0,0.0,0.9996426075696945,88
2025-01-05 20:00:00,SACSI Full,0.23676226113955162,0.01739710569381714,0.0,0.0,0.0,0.0,0.9996454492211342,88
2025-01-05 21:00:00,SACSI Full,0.23658927242914818,0.016103386878967285,0.0,0.0,0.0,0.0,0.9996649950742721,88
2025-01-05 22:00:00,SACSI Full,0.23642675128777804,0.01924365758895874,0.0,0.0,0.0,0.0,0.999583724141121,88
2025-01-05 23:00:00,SACSI Full,0.2363021434362728,0.022117644548416138,0.0,0.0,0.0,0.0,0.9995289072394371,88
2025-01-06 00:00:00,SACSI Full,0.2361362496654191,0.018231868743896484,0.0,0.0,0.0,0.0,0.9995965048670769,88
2025-01-06 01:00:00,SACSI Full,0.23596823247909532,0.017594844102859497,0.0,0.0,0.0,0.0,0.9996417328715325,88
2025-01-06 02:00:00,SACSI Full,0.23575963916540132,0.013922005891799927,0.0,0.0,0.0,0.0,0.9996848315000535,88
2025-01-06 03:00:00,SACSI Full,0.23555467031081506,0.01500934362411499,0.0,0.0,0.0,0.0,0.9996889397501945,88
2025-01-06 04:00:00,SACSI Full,0.2353515844662983,0.015574246644973755,0.0,0.0,0.0,0.0,0.9996828660368919,88
2025-01-06 05:00:00,SACSI Full,0.2351922794922192,0.020208507776260376,0.0,0.0,0.0,0.0,0.999549487233162,88
2025-01-06 06:00:00,SACSI Full,0.2350213377046584,0.016717463731765747,0.0,0.0,0.0,0.0,0.9996307402849198,88
2025-01-06 07:00:00,SACSI Full,0.23475143203894286,0.012528300285339355,0.0,0.0,0.0,0.0,0.999707542359829,88
2025-01-06 08:00:00,SACSI Full,0.23430494254350653,0.010553151369094849,0.0,0.0,0.0,0.0,0.9997691854834556,88
2025-01-06 09:00:00,SACSI Full,0.23362536792039862,0.025627613067626953,0.0,0.0,0.0,0.0,0.9993367031216622,88
2025-01-06 10:00:00,SACSI Full,0.23296317437171926,0.09884193539619446,0.0,0.0,0.0,0.0,0.9972910180687905,88
2025-01-06 11:00:00,SACSI Full,0.23268445465326298,0.2648840844631195,0.0,0.0,0.0,0.0,0.9930418968200684,88
2025-01-06 12:00:00,SACSI Full,0.2324603988170623,0.29828324913978577,0.0,0.0,0.0,0.0,0.9937003433704377,88
2025-01-06 13:00:00,SACSI Full,0.23250177488168072,0.37791281938552856,0.0,0.0,0.0,0.0,0.991645447909832,88
2025-01-06 14:00:00,SACSI Full,0.23268441001494716,0.4032905399799347,0.0,0.0,0.0,0.0,0.9916804119944572,88
2025-01-06 15:00:00,SACSI Full,0.23205354642311724,0.09974092245101929,0.0,0.0,0.0,0.0,0.9949696853756904,88
2025-01-06 16:00:00,SACSI Full,0.23146251258134834,0.018189847469329834,0.0,0.0,0.0,0.0,0.9988206923007965,88
2025-01-06 17:00:00,SACSI Full,0.2310792487470308,0.012520849704742432,0.0,0.0,0.0,0.0,0.9996928930282593,88
2025-01-06 18:00:00,SACSI Full,0.23087944413820896,0.01655861735343933,0.0,0.0,0.0,0.0,0.9996284499764442,88
2025-01-06 19:00:00,SACSI Full,0.2307617310539881,0.02418607473373413,0.0,0.0,0.0,0.0,0.9994400039315223,88
2025-01-06 20:00:00,SACSI Full,0.23075398734887434,0.03167688846588135,0.0,0.0,0.0,0.0,0.9992915540933609,88
2025-01-06 21:00:00,SACSI Full,0.23076155707041413,0.03627091646194458,0.0,0.0,0.0,0.0,0.9992286413908005,88
2025-01-06 22:00:00,SACSI Full,0.23110435876448937,0.045340508222579956,0.0,0.0,0.0,0.0,0.999002493917942,88
2025-01-06 23:00:00,SACSI Full,0.23111410925388323,0.04542514681816101,0.0,0.0,0.0,0.0,0.999090650677681,88
2025-01-07 00:00:00,SACSI Full,0.2311180314024288,0.04367664456367493,0.0,0.0,0.0,0.0,0.9991089820861817,88
2025-01-07 01:00:00,SACSI Full,0.23113617124557478,0.04794195294380188,0.0,0.0,0.0,0.0,0.9989985078573227,88
2025-01-07 02:00:00,SACSI Full,0.23117634593248348,0.05455240607261658,0.0,0.0,0.0,0.0,0.9988428473472595,88
2025-01-07 03:00:00,SACSI Full,0.231197629423936,0.0488850474357605,0.0,0.0,0.0,0.0,0.9989656254649163,88
2025-01-07 04:00:00,SACSI Full,0.2312106914480525,0.046418607234954834,0.0,0.0,0.0,0.0,0.9990469634532928,88
2025-01-07 05:00:00,SACSI Full,0.23122318176428455,0.04624709486961365,0.0,0.0,0.0,0.0,0.9990733429789543,88
2025-01-07 06:00:00,SACSI Full,0.23125789070526737,0.05291268229484558,0.0,0.0,0.0,0.0,0.9988750904798507,88
2025-01-07 07:00:00,SACSI Full,0.2311239301228521,0.027811825275421143,0.0,0.0,0.0,0.0,0.9991927549242974,88
2025-01-07 08:00:00,SACSI Full,0.23070460471630075,0.010202378034591675,0.0,0.0,0.0,0.0,0.9996198579668999,88
2025-01-07 09:00:00,SACSI Full,0.2301126186903316,0.017904192209243774,0.0,0.0,0.0,0.0,0.9995648980140686,88
2025-01-07 10:00:00,SACSI Full,0.22937225918213508,0.04139214754104614,0.0,0.0,0.0,0.0,0.998937277495861,88
2025-01-07 11:00:00,SACSI Full,0.2288197913273174,0.1317596435546875,0.0,0.0,0.0,0.0,0.9964611321687699,88
2025-01-07 12:00:00,SACSI Full,0.22804133292436585,0.08096247911453247,0.0,0.0,0.0,0.0,0.9978727787733078,88
2025-01-07 13:00:00,SACSI Full,0.22736432357947015,0.12839719653129578,0.0,0.0,0.0,0.0,0.9969577088952065,88
2025-01-07 14:00:00,SACSI Full,0.22661583836555466,0.0899544358253479,0.0,0.0,0.0,0.0,0.9978164836764336,88
2025-01-07 15:00:00,SACSI Full,0.22595283035675667,0.030597597360610962,0.0,0.0,0.0,0.0,0.9987944796681404,88
2025-01-07 16:00:00,SACSI Full,0.22554174105326322,0.021173208951950073,0.0,0.0,0.0,0.0,0.9994822919368743,88
2025-01-07 17:00:00,SACSI Full,0.22560860217968606,0.022058337926864624,0.0,0.0,0.0,0.0,0.9995499819517135,88
2025-01-07 18:00:00,SACSI Full,0.22544175622463208,0.017946213483810425,0.0,0.0,0.0,0.0,0.9995999544858932,88
2025-01-07 19:00:00,SACSI Full,0.22534110225518528,0.02080380916595459,0.0,0.0,0.0,0.0,0.9995553478598594,88
2025-01-07 20:00:00,SACSI Full,0.22529328783750516,0.019655674695968628,0.0,0.0,0.0,0.0,0.9995954051613808,88
2025-01-07 21:00:00,SACSI Full,0.2252441889397301,0.019270330667495728,0.0,0.0,0.0,0.0,0.9996107399463653,88
2025-01-07 22:00:00,SACSI Full,0.22519572880506492,0.01946195960044861,0.0,0.0,0.0,0.0,0.9996088445186615,88
2025-01-07 23:00:00,SACSI Full,0.2251477902110415,0.01961842179298401,0.0,0.0,0.0,0.0,0.999606066942215,88
2025-01-08 00:00:00,SACSI Full,0.22510658098141326,0.02163723111152649,0.0,0.0,0.0,0.0,0.9995470672845841,88
2025-01-08 01:00:00,SACSI Full,0.22502355783462497,0.017593055963516235,0.0,0.0,0.0,0.0,0.9996076971292496,88
2025-01-08 02:00:00,SACSI Full,0.22495080605824758,0.020674467086791992,0.0,0.0,0.0,0.0,0.9995556965470315,88
2025-01-08 03:00:00,SACSI Full,0.22484852736552527,0.020316392183303833,0.0,0.0,0.0,0.0,0.999590091407299,88
2025-01-08 04:00:00,SACSI Full,0.22474138294696777,0.018856674432754517,0.0,0.0,0.0,0.0,0.9996082693338394,88
2025-01-08 05:00:00,SACSI Full,0.22467991432984638,0.024059414863586426,0.0,0.0,0.0,0.0,0.99946678429842,88
2025-01-08 06:00:00,SACSI Full,0.22459909827629693,0.026755183935165405,0.0,0.0,0.0,0.0,0.9994379386305808,88
2025-01-08 07:00:00,SACSI Full,0.2244430834786094,0.021195560693740845,0.0,0.0,0.0,0.0,0.9995204925537109,88
2025-01-08 08:00:00,SACSI Full,0.22405656672080326,0.011544972658157349,0.0,0.0,0.0,0.0,0.9996725946664811,88
2025-01-08 09:00:00,SACSI Full,0.22338900965293215,0.020732879638671875,0.0,0.0,0.0,0.0,0.9994934633374214,88
2025-01-08 10:00:00,SACSI Full,0.22273367587089504,0.09239986538887024,0.0,0.0,0.0,0.0,0.9974353328347206,88
2025-01-08 11:00:00,SACSI Full,0.223076943800449,0.4429803788661957,0.0,0.0,0.0,0.0,0.9876345872879028,88
2025-01-08 12:00:00,SACSI Full,0.22416898458083437,0.7016122341156006,0.0,0.0,0.0,0.0,0.983381436765194,88
2025-01-08 13:00:00,SACSI Full,0.22468335469484296,0.5198110342025757,0.0,0.0,0.0,0.0,0.9877857673168182,88
2025-01-08 14:00:00,SACSI Full,0.22515549058119425,0.49014076590538025,0.0,0.0,0.0,0.0,0.9899004819989204,88
2025-01-08 15:00:00,SACSI Full,0.22458870396931932,0.11896401643753052,0.0,0.0,0.0,0.0,0.9939089521765709,88
2025-01-08 16:00:00,SACSI Full,0.2240128246084846,0.022736191749572754,0.0,0.0,0.0,0.0,0.998582997918129,88
2025-01-08 17:00:00,SACSI Full,0.22363850246429412,0.015203356742858887,0.0,0.0,0.0,0.0,0.9996206045150756,88
2025-01-08 18:00:00,SACSI Full,0.22342512610912293,0.020987093448638916,0.0,0.0,0.0,0.0,0.9995224207639695,88
2025-01-08 19:00:00,SACSI Full,0.22323598328113528,0.01975715160369873,0.0,0.0,0.0,0.0,0.9995925575494766,88
2025-01-08 20:00:00,SACSI Full,0.2230749477855362,0.019689351320266724,0.0,0.0,0.0,0.0,0.9996055349707603,88
2025-01-08 21:00:00,SACSI Full,0.2228813490136462,0.018420368432998657,0.0,0.0,0.0,0.0,0.9996189028024673,88
2025-01-08 22:00:00,SACSI Full,0.22264779946645077,0.014935135841369629,0.0,0.0,0.0,0.0,0.9996664449572563,88
2025-01-08 23:00:00,SACSI Full,0.22242164089520752,0.01715242862701416,0.0,0.0,0.0,0.0,0.9996347784996032,88
2025-01-09 00:00:00,SACSI Full,0.22219280756552995,0.016350001096725464,0.0,0.0,0.0,0.0,0.9996649757027626,88
2025-01-09 01:00:00,SACSI Full,0.22199073549667978,0.015878379344940186,0.0,0.0,0.0,0.0,0.9996777161955833,88
2025-01-09 02:00:00,SACSI Full,0.22176345089435562,0.016814619302749634,0.0,0.0,0.0,0.0,0.9996543452143669,88
2025-01-09 03:00:00,SACSI Full,0.2215905029137928,0.01611560583114624,0.0,0.0,0.0,0.0,0.999670697748661,88
2025-01-09 04:00:00,SACSI Full,0.22141648850679382,0.01579567790031433,0.0,0.0,0.0,0.0,0.9996808871626853,88
2025-01-09 05:00:00,SACSI Full,0.22127050940990434,0.015706270933151245,0.0,0.0,0.0,0.0,0.9996849805116653,88
2025-01-09 06:00:00,SACSI Full,0.22113292711734758,0.01822531223297119,0.0,0.0,0.0,0.0,0.9996103033423424,88
2025-01-09 07:00:00,SACSI Full,0.2208820460295676,0.009735673666000366,0.0,0.0,0.0,0.0,0.9997203901410103,88
2025-01-09 08:00:00,SACSI Full,0.22042981412331253,0.008830428123474121,0.0,0.0,0.0,0.0,0.9998143389821053,88
2025-01-09 09:00:00,SACSI Full,0.21976701377153385,0.013659894466400146,0.0,0.0,0.0,0.0,-0.04691873824598791,88
2025-01-09 10:00:00,SACSI Full,0.2190556988996262,0.03266856074333191,0.0,0.0,0.0,0.0,-0.18970367795239618,88
2025-01-09 11:00:00,SACSI Full,0.21839152082849111,0.06998375058174133,0.0,0.0,0.0,0.0,-0.32346866121179624,88
2025-01-09 12:00:00,SACSI Full,0.21787972303930492,0.14757975935935974,0.0,0.0,0.0,0.0,-0.42778294741398004,88
2025-01-09 13:00:00,SACSI Full,0.2172035056758398,0.019900798797607422,0.0,0.0,0.0,0.0,-0.5609736704136115,88
2025-01-09 14:00:00,SACSI Full,0.21662352784898828,0.013825148344039917,0.0,0.0,0.0,0.0,-0.6756316896737609,88
2025-01-09 15:00:00,SACSI Full,0.21620051799988996,0.01070067286491394,0.0,0.0,0.0,0.0,-0.7601416582340983,88
2025-01-09 16:00:00,SACSI Full,0.21582624327201325,0.008347779512405396,0.0,0.0,0.0,0.0,-0.8349418301211242,88
2025-01-09 17:00:00,SACSI Full,0.2155332832429164,0.008069425821304321,0.0,0.0,0.0,0.0,-0.893507523470057,88
2025-01-09 18:00:00,SACSI Full,0.21529997390581732,0.009622275829315186,0.0,0.0,0.0,0.0,-0.9402131928532035,88
2025-01-09 19:00:00,SACSI Full,0.21512317721966895,0.010429024696350098,0.0,0.0,0.0,0.0,-0.9755812040488079,88
2025-01-09 20:00:00,SACSI Full,0.21497294509069828,0.01031428575515747,0.0,0.0,0.0,0.0,-1.005618414964859,88
2025-01-09 21:00:00,SACSI Full,0.21482375377959356,0.010499358177185059,0.0,0.0,0.0,0.0,-1.0354610819690517,88
2025-01-09 22:00:00,SACSI Full,0.2146806474244111,0.012202858924865723,0.0,0.0,0.0,0.0,-1.064131607303756,88
2025-01-09 23:00:00,SACSI Full,0.2145352382475455,0.011388063430786133,0.0,0.0,0.0,0.0,-1.0931882597144564,88
2025-01-10 00:00:00,SACSI Full,0.2143691131888294,0.0128956139087677,0.0,0.0,0.0,0.0,-1.1264503500170762,88
2025-01-10 01:00:00,SACSI Full,0.21420832602422996,0.01434028148651123,0.0,0.0,0.0,0.0,-1.1586360474595168,88
2025-01-10 02:00:00,SACSI Full,0.21401696255131958,0.012808144092559814,0.0,0.0,0.0,0.0,-1.1968789739918753,88
2025-01-10 03:00:00,SACSI Full,0.21383218742954943,0.01458197832107544,0.0,0.0,0.0,0.0,-1.2338718919988207,88
2025-01-10 04:00:00,SACSI Full,0.21372955792839488,0.023535192012786865,0.0,0.0,0.0,0.0,-1.2546486502981982,88
2025-01-10 05:00:00,SACSI Full,0.21362285266329537,0.022221505641937256,0.0,0.0,0.0,0.0,-1.2758870343174744,88
2025-01-10 06:00:00,SACSI Full,0.21345545085660414,0.01938074827194214,0.0,0.0,0.0,0.0,-1.3093258512183112,88
2025-01-10 07:00:00,SACSI Full,0.21362626680934085,0.021033436059951782,0.0,0.0,0.0,0.0,-1.2751838337309085,88
2025-01-10 08:00:00,SACSI Full,0.2133227528962468,0.00943407416343689,0.0,0.0,0.0,0.0,-1.3357540958528735,88
2025-01-10 09:00:00,SACSI Full,0.21296121336133597,0.006918013095855713,0.0,0.0,0.0,0.0,-1.407920848605399,88
2025-01-10 10:00:00,SACSI Full,0.2123988224385688,0.01491457223892212,0.0,0.0,0.0,0.0,-1.520613769322448,88
2025-01-10 11:00:00,SACSI Full,0.21181232115999524,0.036620646715164185,0.0,0.0,0.0,0.0,-1.6384852416800186,88
2025-01-10 12:00:00,SACSI Full,0.21125292446332866,0.02002820372581482,0.0,0.0,0.0,0.0,-1.7499815958386777,88
2025-01-10 13:00:00,SACSI Full,0.21071836102371866,0.07109656929969788,0.0,0.0,0.0,0.0,-1.8582604102980014,88
2025-01-10 14:00:00,SACSI Full,0.2101479482201027,0.05816727876663208,0.0,0.0,0.0,0.0,-1.971702994460126,88
2025-01-10 15:00:00,SACSI Full,0.209616607119707,0.023426711559295654,0.0,0.0,0.0,0.0,-2.0774945159618587,88
2025-01-10 16:00:00,SACSI Full,0.2091348233602766,0.01485869288444519,0.0,0.0,0.0,0.0,-2.1734181819891156,88
2025-01-10 17:00:00,SACSI Full,0.20877322742642987,0.013686567544937134,0.0,0.0,0.0,0.0,-2.2456399673183203,88
2025-01-10 18:00:00,SACSI Full,0.20842228957925404,0.008964687585830688,0.0,0.0,0.0,0.0,-2.315768596700499,88
2025-01-10 19:00:00,SACSI Full,0.20814667828325595,0.009590834379196167,0.0,0.0,0.0,0.0,-2.3708624215043277,88
2025-01-10 20:00:00,SACSI Full,0.20779836598371468,0.00853225588798523,0.0,0.0,0.0,0.0,-2.4405080341597367,88
2025-01-10 21:00:00,SACSI Full,0.20745084474676254,0.008089989423751831,0.0,0.0,0.0,0.0,-2.5099972731006104,88
2025-01-10 22:00:00,SACSI Full,0.20710136417216496,0.0068187713623046875,0.0,0.0,0.0,0.0,-2.5798762531748687,88
2025-01-10 23:00:00,SACSI Full,0.2067802756209235,0.007726401090621948,0.0,0.0,0.0,0.0,-2.644108480134397,88
2025-01-11 00:00:00,SACSI Full,0.20656614108392893,0.011653751134872437,0.0,0.0,0.0,0.0,-2.6870441317373546,88
2025-01-11 01:00:00,SACSI Full,0.2063302322900661,0.01170918345451355,0.0,0.0,0.0,0.0,-2.7341882799790644,88
2025-01-11 02:00:00,SACSI Full,0.20609682814983502,0.012118816375732422,0.0,0.0,0.0,0.0,-2.780880842689724,88
2025-01-11 03:00:00,SACSI Full,0.20586375297817125,0.011876225471496582,0.0,0.0,0.0,0.0,-2.827489354784223,88
2025-01-11 04:00:00,SACSI Full,0.205682024287358,0.01337006688117981,0.0,0.0,0.0,0.0,-2.863877482280123,88
2025-01-11 05:00:00,SACSI Full,0.20550084169690885,0.013312995433807373,0.0,0.0,0.0,0.0,-2.9000984912413794,88
2025-01-11 06:00:00,SACSI Full,0.20534885933472705,0.015114843845367432,0.0,0.0,0.0,0.0,-2.930548448415614,88
2025-01-11 07:00:00,SACSI Full,0.2051437613522247,0.012456327676773071,0.0,0.0,0.0,0.0,-2.971523441270281,88
2025-01-11 08:00:00,SACSI Full,0.20480728510334859,0.012978911399841309,0.0,0.0,0.0,0.0,-3.0388077833955105,88
2025-01-11 09:00:00,SACSI Full,0.20439972582461033,0.017640739679336548,0.0,0.0,0.0,0.0,-3.120454268154316,88
2025-01-11 10:00:00,SACSI Full,0.2039117532688323,0.05241513252258301,0.0,0.0,0.0,0.0,-3.219045392812426,88
2025-01-11 11:00:00,SACSI Full,0.2034182856578852,0.048946887254714966,0.0,0.0,0.0,0.0,-3.3173564886207343,88
2025-01-11 12:00:00,SACSI Full,0.20293946553330378,0.05816549062728882,0.0,0.0,0.0,0.0,-3.4133623891855165,88
2025-01-11 13:00:00,SACSI Full,0.20255767326458035,0.020633339881896973,0.0,0.0,0.0,0.0,-3.489253335389022,88
2025-01-11 14:00:00,SACSI Full,0.20297342191277198,0.021801292896270752,0.0,0.0,0.0,0.0,-3.4057633228336726,88
2025-01-11 15:00:00,SACSI Full,0.20442473943394832,0.03513157367706299,0.0,0.0,0.0,0.0,-3.1158880474916866,88
2025-01-11 16:00:00,SACSI Full,0.2051669143709455,0.02374887466430664,0.0,0.0,0.0,0.0,-2.9672059302943135,88
2025-01-11 17:00:00,SACSI Full,0.20718272698333812,0.07446214556694031,0.0,0.0,0.0,0.0,-2.565450978952742,88
2025-01-11 18:00:00,SACSI Full,0.2080625977190076,0.034752339124679565,0.0,0.0,0.0,0.0,-2.3885726010453983,88
2025-01-11 19:00:00,SACSI Full,0.209010297859192,0.04182055592536926,0.0,0.0,0.0,0.0,-2.198847521448113,88
2025-01-11 20:00:00,SACSI Full,0.20895711417607213,0.03430083394050598,0.0,0.0,0.0,0.0,-2.2093383786842336,88
2025-01-11 21:00:00,SACSI Full,0.2088180322074097,0.022790133953094482,0.0,0.0,0.0,0.0,-2.2369644681969985,88
2025-01-11 22:00:00,SACSI Full,0.20867802565541324,0.022359192371368408,0.0,0.0,0.0,0.0,-2.2648463621805965,88
2025-01-11 23:00:00,SACSI Full,0.20853456501075399,0.02116560935974121,0.0,0.0,0.0,0.0,-2.293522245866514,88
2025-01-12 00:00:00,SACSI Full,0.20840749432656275,0.025943219661712646,0.0,0.0,0.0,0.0,-2.3190677751837048,88
2025-01-12 01:00:00,SACSI Full,0.20863500470494997,0.03256708383560181,0.0,0.0,0.0,0.0,-2.2737166393284567,88
2025-01-12 02:00:00,SACSI Full,0.20951759200282621,0.03734126687049866,0.0,0.0,0.0,0.0,-2.0972761666025166,88
2025-01-12 03:00:00,SACSI Full,0.21074770160917172,0.043097734451293945,0.0,0.0,0.0,0.0,-1.8513791975304894,88
2025-01-12 04:00:00,SACSI Full,0.2116027080861368,0.03160923719406128,0.0,0.0,0.0,0.0,-1.6802054524890953,88
2025-01-12 05:00:00,SACSI Full,0.21176747667092347,0.02473875880241394,0.0,0.0,0.0,0.0,-1.6470681457752718,88
2025-01-12 06:00:00,SACSI Full,0.2126353932739407,0.03674134612083435,0.0,0.0,0.0,0.0,-1.4737761980074593,88
2025-01-12 07:00:00,SACSI Full,0.2124193025263188,0.01892000436782837,0.0,0.0,0.0,0.0,-1.5166961082411272,88
2025-01-12 08:00:00,SACSI Full,0.21210931284481846,0.013190656900405884,0.0,0.0,0.0,0.0,-1.5784585376489908,88
2025-01-12 09:00:00,SACSI Full,0.2116676825504892,0.018497556447982788,0.0,0.0,0.0,0.0,-1.6668865100265946,88
2025-01-12 10:00:00,SACSI Full,0.21111916690129345,0.03804296255111694,0.0,0.0,0.0,0.0,-1.7771229330533633,88
2025-01-12 11:00:00,SACSI Full,0.2105570659844987,0.04714995622634888,0.0,0.0,0.0,0.0,-1.8896208721615408,88
2025-01-12 12:00:00,SACSI Full,0.21121276670694178,0.4682542383670807,0.0,0.0,0.0,0.0,-1.7710227862003933,88
2025-01-12 13:00:00,SACSI Full,0.21065689008244276,0.05691751837730408,0.0,0.0,0.0,0.0,-1.8738737010788922,88
2025-01-12 14:00:00,SACSI Full,0.21009028010501138,0.04413396120071411,0.0,0.0,0.0,0.0,-1.9829544937935046,88
2025-01-12 15:00:00,SACSI Full,0.20998375209048512,0.037141889333724976,0.0,0.0,0.0,0.0,-2.0040623404083218,88
2025-01-12 16:00:00,SACSI Full,0.2096418112729521,0.021388530731201172,0.0,0.0,0.0,0.0,-2.0722230496102316,88
2025-01-12 17:00:00,SACSI Full,0.20936474168466024,0.018374323844909668,0.0,0.0,0.0,0.0,-2.1274492916137135,88
2025-01-12 18:00:00,SACSI Full,0.2091428810357817,0.020042061805725098,0.0,0.0,0.0,0.0,-2.1718413114593798,88
2025-01-12 19:00:00,SACSI Full,0.20899038782706408,0.026174336671829224,0.0,0.0,0.0,0.0,-2.2025072440692814,88
2025-01-12 20:00:00,SACSI Full,0.20883348278441946,0.02465948462486267,0.0,0.0,0.0,0.0,-2.233811781329075,88
2025-01-12 21:00:00,SACSI Full,0.2087105547305308,0.027518421411514282,0.0,0.0,0.0,0.0,-2.2584680116899376,88
2025-01-12 22:00:00,SACSI Full,0.20859081324014872,0.02834305167198181,0.0,0.0,0.0,0.0,-2.2824124593063004,88
2025-01-12 23:00:00,SACSI Full,0.208475665571756,0.029594898223876953,0.0,0.0,0.0,0.0,-2.3054713020787947,88
2025-01-13 00:00:00,SACSI Full,0.20873253228755012,0.041480958461761475,0.0,0.0,0.0,0.0,-2.2544420222615904,88
2025-01-13 01:00:00,SACSI Full,0.20902414480889134,0.04500776529312134,0.0,0.0,0.0,0.0,-2.196106461595909,88
2025-01-13 02:00:00,SACSI Full,0.20896390878910445,0.039394497871398926,0.0,0.0,0.0,0.0,-2.208062264810755,88
2025-01-13 03:00:00,SACSI Full,0.20888440238746378,0.040735602378845215,0.0,0.0,0.0,0.0,-2.2239476455998957,88
2025-01-13 04:00:00,SACSI Full,0.208872826956332,0.05390390753746033,0.0,0.0,0.0,0.0,-2.226644369935936,88
2025-01-13 05:00:00,SACSI Full,0.20880667553962626,0.044656842947006226,0.0,0.0,0.0,0.0,-2.2396504995795934,88
2025-01-13 06:00:00,SACSI Full,0.2086674999383876,0.029775947332382202,0.0,0.0,0.0,0.0,-2.267244340225275,88
2025-01-13 07:00:00,SACSI Full,0.2084359125120291,0.02325698733329773,0.0,0.0,0.0,0.0,-2.3133478269408396,88
2025-01-13 08:00:00,SACSI Full,0.20858053641393923,0.03634989261627197,0.0,0.0,0.0,0.0,-2.28475064411731,88
2025-01-13 09:00:00,SACSI Full,0.2082580912077787,0.0315365195274353,0.0,0.0,0.0,0.0,-2.349060622565699,88
2025-01-13 10:00:00,SACSI Full,0.20774946834439323,0.06756097078323364,0.0,0.0,0.0,0.0,-2.451817795049577,88
2025-01-13 11:00:00,SACSI Full,0.20728931869700834,0.05897164344787598,0.0,0.0,0.0,0.0,-2.5434015867406434,88
2025-01-13 12:00:00,SACSI Full,0.20685949574362655,0.06659150123596191,0.0,0.0,0.0,0.0,-2.6295088798772897,88
2025-01-13 13:00:00,SACSI Full,0.20680954065645837,0.11573925614356995,0.0,0.0,0.0,0.0,-2.640898131380273,88
2025-01-13 14:00:00,SACSI Full,0.20632173632156522,0.06836384534835815,0.0,0.0,0.0,0.0,-2.7374937667018746,88
2025-01-13 15:00:00,SACSI Full,0.2059871110244309,0.050521790981292725,0.0,0.0,0.0,0.0,-2.803766651477116,88
2025-01-13 16:00:00,SACSI Full,0.2056988568116071,0.036159008741378784,0.0,0.0,0.0,0.0,-2.861095445675807,88
2025-01-13 17:00:00,SACSI Full,0.20551006465518384,0.031452476978302,0.0,0.0,0.0,0.0,-2.898663183820428,88
2025-01-13 18:00:00,SACSI Full,0.20617169835102214,0.0601021945476532,0.0,0.0,0.0,0.0,-2.7671488708622185,88
2025-01-13 19:00:00,SACSI Full,0.2159475442866923,0.8728745579719543,0.0,0.0,0.0,0.0,-0.8360763574552222,88
2025-01-13 20:00:00,SACSI Full,0.2177563512880232,0.09212762117385864,0.0,0.0,0.0,0.0,-0.4583797641868177,88
2025-01-13 21:00:00,SACSI Full,0.21845578173333816,0.05982547998428345,0.0,0.0,0.0,0.0,-0.3103631843439505,88
2025-01-13 22:00:00,SACSI Full,0.22118846085165353,0.17930373549461365,0.0,0.0,0.0,0.0,0.9952191427350044,88
2025-01-13 23:00:00,SACSI Full,0.22184567882075323,0.056665390729904175,0.0,0.0,0.0,0.0,0.9976403087377548,88
2025-01-14 00:00:00,SACSI Full,0.22208747567429554,0.040539056062698364,0.0,0.0,0.0,0.0,0.9990279555320739,88
2025-01-14 01:00:00,SACSI Full,0.22232382019295704,0.03890335559844971,0.0,0.0,0.0,0.0,0.9992055758833884,88
2025-01-14 02:00:00,SACSI Full,0.22347302144382805,0.09576037526130676,0.0,0.0,0.0,0.0,0.9975162222981453,88
2025-01-14 03:00:00,SACSI Full,0.22574343668713576,0.13212457299232483,0.0,0.0,0.0,0.0,0.9969938665628433,88
2025-01-14 04:00:00,SACSI Full,0.2275483753126304,0.17548158764839172,0.0,0.0,0.0,0.0,0.9960567981004715,88
2025-01-14 05:00:00,SACSI Full,0.23477093031818078,0.40926650166511536,0.0,0.0,0.0,0.0,0.9894768208265304,88
2025-01-14 06:00:00,SACSI Full,0.23793032662564917,0.1988188922405243,0.0,0.0,0.0,0.0,0.9939191460609436,88
2025-01-14 07:00:00,SACSI Full,0.23950187799785938,0.13096541166305542,0.0,0.0,0.0,0.0,0.9967021569609642,88
2025-01-14 08:00:00,SACSI Full,0.23978591169610028,0.05321010947227478,0.0,0.0,0.0,0.0,0.9981582447886467,88
2025-01-14 09:00:00,SACSI Full,0.2399214803554058,0.03417059779167175,0.0,0.0,0.0,0.0,0.9991261929273605,88
2025-01-14 10:00:00,SACSI Full,0.23956967883283298,0.021959543228149414,0.0,0.0,0.0,0.0,0.9994386985898017,88
2025-01-14 11:00:00,SACSI Full,0.2389766211479346,0.02608269453048706,0.0,0.0,0.0,0.0,0.9994371145963669,88
2025-01-14 12:00:00,SACSI Full,0.23798742793733282,0.06874203681945801,0.0,0.0,0.0,0.0,0.9981985658407211,88
2025-01-14 13:00:00,SACSI Full,0.23699009846145316,0.05780115723609924,0.0,0.0,0.0,0.0,0.9987345680594445,88
2025-01-14 14:00:00,SACSI Full,0.23645187567248346,0.04453316330909729,0.0,0.0,0.0,0.0,0.9989766567945481,88
2025-01-14 15:00:00,SACSI Full,0.2360326906467915,0.037744492292404175,0.0,0.0,0.0,0.0,0.9991772234439851,88
2025-01-14 16:00:00,SACSI Full,0.23581814019296965,0.02263486385345459,0.0,0.0,0.0,0.0,0.9993962064385414,88
2025-01-14 17:00:00,SACSI Full,0.23556699856613478,0.018157511949539185,0.0,0.0,0.0,0.0,0.99959207624197,88
2025-01-14 18:00:00,SACSI Full,0.23552185615792273,0.028957277536392212,0.0,0.0,0.0,0.0,0.9993128567934036,88
2025-01-14 19:00:00,SACSI Full,0.23592048607999483,0.04508897662162781,0.0,0.0,0.0,0.0,0.9989369034767152,88
2025-01-14 20:00:00,SACSI Full,0.23725150342081386,0.11630520224571228,0.0,0.0,0.0,0.0,0.9969617336988449,88
2025-01-14 21:00:00,SACSI Full,0.23731575494144758,0.04477545619010925,0.0,0.0,0.0,0.0,0.9983891934156418,88
2025-01-14 22:00:00,SACSI Full,0.23749667636249863,0.07127642631530762,0.0,0.0,0.0,0.0,0.9983094617724418,88
2025-01-14 23:00:00,SACSI Full,0.23760353676015541,0.05755811929702759,0.0,0.0,0.0,0.0,0.9987116545438766,88
2025-01-15 00:00:00,SACSI Full,0.23769073259209003,0.0516587495803833,0.0,0.0,0.0,0.0,0.9989078313112258,88
2025-01-15 01:00:00,SACSI Full,0.23787144042983063,0.07121235132217407,0.0,0.0,0.0,0.0,0.9983802169561385,88
2025-01-15 02:00:00,SACSI Full,0.23808430076851853,0.07235810160636902,0.0,0.0,0.0,0.0,0.9985413804650307,88
2025-01-15 03:00:00,SACSI Full,0.23827055680527698,0.07287681102752686,0.0,0.0,0.0,0.0,0.9985372766852378,88
2025-01-15 04:00:00,SACSI Full,0.23839589341813736,0.05460098385810852,0.0,0.0,0.0,0.0,0.9987252220511436,88
2025-01-15 05:00:00,SACSI Full,0.2385300040659747,0.06573319435119629,0.0,0.0,0.0,0.0,0.9985740140080451,88
2025-01-15 06:00:00,SACSI Full,0.23894315715645167,0.049445927143096924,0.0,0.0,0.0,0.0,0.998848208785057,88
2025-01-15 07:00:00,SACSI Full,0.23931038533066123,0.05266845226287842,0.0,0.0,0.0,0.0,0.9989144057035446,88
2025-01-15 08:00:00,SACSI Full,0.24088788473382006,0.0752498209476471,0.0,0.0,0.0,0.0,0.9982691898941993,88
2025-01-15 09:00:00,SACSI Full,0.24087780043457357,0.02447471022605896,0.0,0.0,0.0,0.0,0.9990027546882629,88
2025-01-15 10:00:00,SACSI Full,0.2414912370309672,0.04753097891807556,0.0,0.0,0.0,0.0,0.9988188177347184,88
2025-01-15 11:00:00,SACSI Full,0.24246170378063533,0.0546400249004364,0.0,0.0,0.0,0.0,0.9988361090421677,88
2025-01-15 12:00:00,SACSI Full,0.2431499822554431,0.04448354244232178,0.0,0.0,0.0,0.0,0.9990087643265725,88
2025-01-15 13:00:00,SACSI Full,0.24235420827482557,0.04176780581474304,0.0,0.0,0.0,0.0,0.9991374865174294,88
2025-01-15 14:00:00,SACSI Full,0.2436859191919805,0.08001327514648438,0.0,0.0,0.0,0.0,0.9980172798037529,88
2025-01-15 15:00:00,SACSI Full,0.24419232381199213,0.03892138600349426,0.0,0.0,0.0,0.0,0.9988106533885003,88
2025-01-15 16:00:00,SACSI Full,0.24517267044955907,0.03860399127006531,0.0,0.0,0.0,0.0,0.9992247462272644,88
2025-01-15 17:00:00,SACSI Full,0.24670811556433056,0.05413353443145752,0.0,0.0,0.0,0.0,0.9987620338797569,88
2025-01-15 18:00:00,SACSI Full,0.2478457001353742,0.08377537131309509,0.0,0.0,0.0,0.0,0.9980280742049218,88
2025-01-15 19:00:00,SACSI Full,0.24786918231024752,0.041044652462005615,0.0,0.0,0.0,0.0,0.9987517997622489,88
2025-01-15 20:00:00,SACSI Full,0.24872173321261418,0.08126527070999146,0.0,0.0,0.0,0.0,0.9979724884033203,88
2025-01-15 21:00:00,SACSI Full,0.24914783590887402,0.053330808877944946,0.0,0.0,0.0,0.0,0.9986540392041207,88
2025-01-15 22:00:00,SACSI Full,0.2491331100163302,0.029582232236862183,0.0,0.0,0.0,0.0,0.9991708695888519,88
2025-01-15 23:00:00,SACSI Full,0.2491826446534635,0.04036039113998413,0.0,0.0,0.0,0.0,0.9990850105881691,88
2025-01-16 00:00:00,SACSI Full,0.24919246991410265,0.0369475781917572,0.0,0.0,0.0,0.0,0.9992269203066826,88
2025-01-16 01:00:00,SACSI Full,0.24926309019103063,0.0466860830783844,0.0,0.0,0.0,0.0,0.9989688932895661,88
2025-01-16 02:00:00,SACSI Full,0.2493439008753937,0.049743205308914185,0.0,0.0,0.0,0.0,0.9989745646715164,88
2025-01-16 03:00:00,SACSI Full,0.24943381368571935,0.05247384309768677,0.0,0.0,0.0,0.0,0.9989232167601585,88
2025-01-16 04:00:00,SACSI Full,0.24952621002291062,0.05321890115737915,0.0,0.0,0.0,0.0,0.9989281713962554,88
2025-01-16 05:00:00,SACSI Full,0.2495855677367689,0.05180731415748596,0.0,0.0,0.0,0.0,0.9989497378468514,88
2025-01-16 06:00:00,SACSI Full,0.2496090225928467,0.041036456823349,0.0,0.0,0.0,0.0,0.9990715622901916,88
2025-01-16 07:00:00,SACSI Full,0.24956360424771323,0.03737449645996094,0.0,0.0,0.0,0.0,0.9992158904671669,88
2025-01-16 08:00:00,SACSI Full,0.24929213915839207,0.020560473203659058,0.0,0.0,0.0,0.0,0.9994206503033638,88
2025-01-16 09:00:00,SACSI Full,0.24879749179059676,0.02160578966140747,0.0,0.0,0.0,0.0,0.9995574310421944,88
2025-01-16 10:00:00,SACSI Full,0.24798185853575083,0.03581002354621887,0.0,0.0,0.0,0.0,0.9991417571902276,88
2025-01-16 11:00:00,SACSI Full,0.24713243587031375,0.042673200368881226,0.0,0.0,0.0,0.0,0.9990779042243958,88
2025-01-16 12:00:00,SACSI Full,0.24623552389795,0.05392640829086304,0.0,0.0,0.0,0.0,0.998808939754963,88
2025-01-16 13:00:00,SACSI Full,0.24541079318458253,0.05858078598976135,0.0,0.0,0.0,0.0,0.9987818405032158,88
2025-01-16 14:00:00,SACSI Full,0.24454658853306788,0.05523860454559326,0.0,0.0,0.0,0.0,0.9988618060946465,88
2025-01-16 15:00:00,SACSI Full,0.24386714030439074,0.034165531396865845,0.0,0.0,0.0,0.0,0.9991059586405754,88
2025-01-16 16:00:00,SACSI Full,0.24416926892930685,0.018138587474822998,0.0,0.0,0.0,0.0,0.9994769588112831,88
2025-01-16 17:00:00,SACSI Full,0.24488467267130232,0.02512112259864807,0.0,0.0,0.0,0.0,0.9994277521967888,88
2025-01-16 18:00:00,SACSI Full,0.24541554962093054,0.03576308488845825,0.0,0.0,0.0,0.0,0.9991783186793327,88
2025-01-16 19:00:00,SACSI Full,0.24532456524624843,0.03220468759536743,0.0,0.0,0.0,0.0,0.9993203222751618,88
2025-01-16 20:00:00,SACSI Full,0.2456203093045395,0.039723217487335205,0.0,0.0,0.0,0.0,0.9991303503513336,88
2025-01-16 21:00:00,SACSI Full,0.24568461668744102,0.05329221487045288,0.0,0.0,0.0,0.0,0.9987984657287597,88
2025-01-16 22:00:00,SACSI Full,0.24565721086595868,0.04277825355529785,0.0,0.0,0.0,0.0,0.9990392953157425,88
2025-01-16 23:00:00,SACSI Full,0.24562824787313156,0.04231110215187073,0.0,0.0,0.0,0.0,0.9991491064429283,88
2025-01-17 00:00:00,SACSI Full,0.246438142180586,0.08546829223632812,0.0,0.0,0.0,0.0,0.9978590622544289,88
2025-01-17 01:00:00,SACSI Full,0.24680884802037886,0.06221175193786621,0.0,0.0,0.0,0.0,0.998523199558258,88
2025-01-17 02:00:00,SACSI Full,0.24680470539504695,0.0497572124004364,0.0,0.0,0.0,0.0,0.998880310356617,88
2025-01-17 03:00:00,SACSI Full,0.24727714818491942,0.08423283696174622,0.0,0.0,0.0,0.0,0.997970587015152,88
2025-01-17 04:00:00,SACSI Full,0.24728553296580322,0.05351543426513672,0.0,0.0,0.0,0.0,0.9986225172877311,88
2025-01-17 05:00:00,SACSI Full,0.2476261086576621,0.05317270755767822,0.0,0.0,0.0,0.0,0.9989331185817718,88
2025-01-17 06:00:00,SACSI Full,0.2480133423687458,0.06717011332511902,0.0,0.0,0.0,0.0,0.9985166236758232,88
2025-01-17 07:00:00,SACSI Full,0.248644259522899,0.05727514624595642,0.0,0.0,0.0,0.0,0.9987555474042893,88
2025-01-17 08:00:00,SACSI Full,0.24829347154472672,0.013763606548309326,0.0,0.0,0.0,0.0,0.9992896124720573,88
2025-01-17 09:00:00,SACSI Full,0.2478012722064495,0.013840198516845703,0.0,0.0,0.0,0.0,0.9997224301099777,88
2025-01-17 10:00:00,SACSI Full,0.2471300389879386,0.03663003444671631,0.0,0.0,0.0,0.0,0.999039500951767,88
2025-01-17 11:00:00,SACSI Full,0.24652891778801286,0.023663640022277832,0.0,0.0,0.0,0.0,0.9993970632553101,88
2025-01-17 12:00:00,SACSI Full,0.24584421067411108,0.04108786582946777,0.0,0.0,0.0,0.0,0.9990040004253387,88
2025-01-17 13:00:00,SACSI Full,0.24506562935366635,0.07242560386657715,0.0,0.0,0.0,0.0,0.9982381105422974,88
2025-01-17 14:00:00,SACSI Full,0.24436554794961618,0.04497557878494263,0.0,0.0,0.0,0.0,0.9988259881734848,88
2025-01-17 15:00:00,SACSI Full,0.24368840267831493,0.04335641860961914,0.0,0.0,0.0,0.0,0.9991166800260544,88
2025-01-17 16:00:00,SACSI Full,0.24316156158302632,0.02044767141342163,0.0,0.0,0.0,0.0,0.9993619590997697,88
2025-01-17 17:00:00,SACSI Full,0.24289333004568425,0.02153053879737854,0.0,0.0,0.0,0.0,0.9995585605502129,88
2025-01-17 18:00:00,SACSI Full,0.2430744337075393,0.030831098556518555,0.0,0.0,0.0,0.0,0.9992903724312783,88
2025-01-17 19:00:00,SACSI Full,0.24295834557785995,0.033173561096191406,0.0,0.0,0.0,0.0,0.9993131041526795,88
2025-01-17 20:00:00,SACSI Full,0.2428252353550435,0.028066933155059814,0.0,0.0,0.0,0.0,0.9993875950574875,88
2025-01-17 21:00:00,SACSI Full,0.242687286228482,0.026615262031555176,0.0,0.0,0.0,0.0,0.9994531780481338,88
2025-01-17 22:00:00,SACSI Full,0.24260573478554098,0.03503456711769104,0.0,0.0,0.0,0.0,0.9992151156067848,88
2025-01-17 23:00:00,SACSI Full,0.24248235651110023,0.030986517667770386,0.0,0.0,0.0,0.0,0.9993397891521454,88
2025-01-18 00:00:00,SACSI Full,0.24243100326472927,0.0440940260887146,0.0,0.0,0.0,0.0,0.9989870443940163,88
2025-01-18 01:00:00,SACSI Full,0.242763372124974,0.05921065807342529,0.0,0.0,0.0,0.0,0.9986646205186843,88
2025-01-18 02:00:00,SACSI Full,0.24279908662889804,0.061714351177215576,0.0,0.0,0.0,0.0,0.9987406760454177,88
2025-01-18 03:00:00,SACSI Full,0.24429520903283758,0.1913367211818695,0.0,0.0,0.0,0.0,0.9948770418763161,88
2025-01-18 04:00:00,SACSI Full,0.2447835121219794,0.08899092674255371,0.0,0.0,0.0,0.0,0.9971967235207557,88
2025-01-18 05:00:00,SACSI Full,0.24487883054270743,0.0710955262184143,0.0,0.0,0.0,0.0,0.9983991354703904,88
2025-01-18 06:00:00,SACSI Full,0.24488350493445396,0.0524023175239563,0.0,0.0,0.0,0.0,0.9987650215625763,88
2025-01-18 07:00:00,SACSI Full,0.24479602802767753,0.04175692796707153,0.0,0.0,0.0,0.0,0.9990584075450897,88
2025-01-18 08:00:00,SACSI Full,0.24442749399120015,0.016939789056777954,0.0,0.0,0.0,0.0,0.9994130328297615,88
2025-01-18 09:00:00,SACSI Full,0.24388918072317442,0.025506019592285156,0.0,0.0,0.0,0.0,0.9994042173027992,88
2025-01-18 10:00:00,SACSI Full,0.24318459519480073,0.04362434148788452,0.0,0.0,0.0,0.0,0.9989463299512863,88
2025-01-18 11:00:00,SACSI Full,0.24240730481162076,0.07281288504600525,0.0,0.0,0.0,0.0,0.9982518568634987,88
2025-01-18 12:00:00,SACSI Full,0.24161103597575825,0.10961934924125671,0.0,0.0,0.0,0.0,0.9974395483732224,88
2025-01-18 13:00:00,SACSI Full,0.2407513269362291,0.09058728814125061,0.0,0.0,0.0,0.0,0.9979979336261748,88
2025-01-18 14:00:00,SACSI Full,0.23998781618768375,0.05994677543640137,0.0,0.0,0.0,0.0,0.9984946593642234,88
2025-01-18 15:00:00,SACSI Full,0.23942422035072647,0.02642124891281128,0.0,0.0,0.0,0.0,0.9991363197565079,88
2025-01-18 16:00:00,SACSI Full,0.23900015809629763,0.017281323671340942,0.0,0.0,0.0,0.0,0.9995629742741584,88
2025-01-18 17:00:00,SACSI Full,0.23881824875448548,0.03892719745635986,0.0,0.0,0.0,0.0,0.9990049973130226,88
2025-01-18 18:00:00,SACSI Full,0.2387398029448033,0.044466257095336914,0.0,0.0,0.0,0.0,0.9990552842617034,88
2025-01-18 19:00:00,SACSI Full,0.23875010749195422,0.05409136414527893,0.0,0.0,0.0,0.0,0.998821921646595,88
2025-01-18 20:00:00,SACSI Full,0.23880075471494996,0.05769416689872742,0.0,0.0,0.0,0.0,0.9988100886344911,88
2025-01-18 21:00:00,SACSI Full,0.2388090033985615,0.053474605083465576,0.0,0.0,0.0,0.0,0.998888312280178,88
2025-01-18 22:00:00,SACSI Full,0.2388398829723835,0.060263872146606445,0.0,0.0,0.0,0.0,0.9987268298864365,88
2025-01-18 23:00:00,SACSI Full,0.2388798775865078,0.06299838423728943,0.0,0.0,0.0,0.0,0.9987126871943474,88
2025-01-19 00:00:00,SACSI Full,0.23892584905638695,0.06479144096374512,0.0,0.0,0.0,0.0,0.9986862406134606,88
2025-01-19 01:00:00,SACSI Full,0.23907687795176505,0.08780866861343384,0.0,0.0,0.0,0.0,0.9980136543512345,88
2025-01-19 02:00:00,SACSI Full,0.23914876750801403,0.07256686687469482,0.0,0.0,0.0,0.0,0.9983962446451187,88
2025-01-19 03:00:00,SACSI Full,0.239108309990708,0.04736274480819702,0.0,0.0,0.0,0.0,0.998800703883171,88
2025-01-19 04:00:00,SACSI Full,0.23903128601724305,0.036392807960510254,0.0,0.0,0.0,0.0,0.999162444472313,88
2025-01-19 05:00:00,SACSI Full,0.23896781614,0.0404590368270874,0.0,0.0,0.0,0.0,0.9991501569747925,88
2025-01-19 06:00:00,SACSI Full,0.23883815851623216,0.029102712869644165,0.0,0.0,0.0,0.0,0.9993043825030327,88
2025-01-19 07:00:00,SACSI Full,0.23873190912658374,0.03612518310546875,0.0,0.0,0.0,0.0,0.9992072716355324,88
2025-01-19 08:00:00,SACSI Full,0.23833128517403604,0.015812814235687256,0.0,0.0,0.0,0.0,0.9994806200265884,88
2025-01-19 09:00:00,SACSI Full,0.2377163801345666,0.028028488159179688,0.0,0.0,0.0,0.0,0.9993172734975815,88
2025-01-19 10:00:00,SACSI Full,0.23704868865663212,0.046192556619644165,0.0,0.0,0.0,0.0,0.9988945081830024,88
2025-01-19 11:00:00,SACSI Full,0.2363269823536714,0.08098810911178589,0.0,0.0,0.0,0.0,0.9980322822928429,88
2025-01-19 12:00:00,SACSI Full,0.2355751999753157,0.10596528649330139,0.0,0.0,0.0,0.0,0.9976309224963188,88
2025-01-19 13:00:00,SACSI Full,0.23483011566891668,0.10797470808029175,0.0,0.0,0.0,0.0,0.9978204116225242,88
2025-01-19 14:00:00,SACSI Full,0.23409842876528103,0.10349392890930176,0.0,0.0,0.0,0.0,0.997885313630104,88
2025-01-19 15:00:00,SACSI Full,0.23343200209631917,0.07207199931144714,0.0,0.0,0.0,0.0,0.9982443407177926,88
2025-01-19 16:00:00,SACSI Full,0.23279175339315727,0.028925389051437378,0.0,0.0,0.0,0.0,0.9989900261163711,88
2025-01-19 17:00:00,SACSI Full,0.23239440372242925,0.016795098781585693,0.0,0.0,0.0,0.0,0.9995427951216698,88
2025-01-19 18:00:00,SACSI Full,0.23223172982707022,0.027697831392288208,0.0,0.0,0.0,0.0,0.9993370160460472,88
2025-01-19 19:00:00,SACSI Full,0.23210604733640353,0.030295252799987793,0.0,0.0,0.0,0.0,0.9993681207299232,88
2025-01-19 20:00:00,SACSI Full,0.2321178050122102,0.046027302742004395,0.0,0.0,0.0,0.0,0.9989221334457398,88
2025-01-19 21:00:00,SACSI Full,0.23214383750373518,0.05030974745750427,0.0,0.0,0.0,0.0,0.9989509806036949,88
2025-01-19 22:00:00,SACSI Full,0.23213242062821385,0.04757493734359741,0.0,0.0,0.0,0.0,0.999021153151989,88
2025-01-19 23:00:00,SACSI Full,0.2320961707021236,0.048625022172927856,0.0,0.0,0.0,0.0,0.9990169987082481,88
2025-01-20 00:00:00,SACSI Full,0.23206375683163002,0.04977583885192871,0.0,0.0,0.0,0.0,0.9989929750561715,88
2025-01-20 01:00:00,SACSI Full,0.2320484365798473,0.05490392446517944,0.0,0.0,0.0,0.0,0.998850640654564,88
2025-01-20 02:00:00,SACSI Full,0.23203157306447025,0.0544409453868866,0.0,0.0,0.0,0.0,0.9989065513014793,88
2025-01-20 03:00:00,SACSI Full,0.23206762804284092,0.07031649351119995,0.0,0.0,0.0,0.0,0.9984349146485328,88
2025-01-20 04:00:00,SACSI Full,0.23209503836089765,0.0677230954170227,0.0,0.0,0.0,0.0,0.9986196041107178,88
2025-01-20 05:00:00,SACSI Full,0.23208238839720086,0.05570501089096069,0.0,0.0,0.0,0.0,0.9987657189369201,88
2025-01-20 06:00:00,SACSI Full,0.23202779984329538,0.05162343382835388,0.0,0.0,0.0,0.0,0.9989267155528069,88
2025-01-20 07:00:00,SACSI Full,0.23185061344161031,0.03184407949447632,0.0,0.0,0.0,0.0,0.9991653248667717,88
2025-01-20 08:00:00,SACSI Full,0.23141120669935542,0.021177977323532104,0.0,0.0,0.0,0.0,0.9994697794318199,88
2025-01-20 09:00:00,SACSI Full,0.23075121839378673,0.04000350832939148,0.0,0.0,0.0,0.0,0.9990116745233536,88
2025-01-20 10:00:00,SACSI Full,0.23013572803034782,0.12985289096832275,0.0,0.0,0.0,0.0,0.9965044483542442,88
2025-01-20 11:00:00,SACSI Full,0.22965662693355876,0.20476967096328735,0.0,0.0,0.0,0.0,0.9951554387807846,88
2025-01-20 12:00:00,SACSI Full,0.23011211143190063,0.5276453495025635,0.0,0.0,0.0,0.0,0.9862183362245559,88
2025-01-20 13:00:00,SACSI Full,0.22947473986957864,0.16578853130340576,0.0,0.0,0.0,0.0,0.9930656611919403,88
2025-01-20 14:00:00,SACSI Full,0.2288830541111469,0.13699427247047424,0.0,0.0,0.0,0.0,0.9969721719622612,88
2025-01-20 15:00:00,SACSI Full,0.22827885018680888,0.10773882269859314,0.0,0.0,0.0,0.0,0.9975526690483093,88
2025-01-20 16:00:00,SACSI Full,0.22773844131881393,0.024877339601516724,0.0,0.0,0.0,0.0,0.998673838376999,88
2025-01-20 17:00:00,SACSI Full,0.22735255660150847,0.02023458480834961,0.0,0.0,0.0,0.0,0.9995488807559013,88
2025-01-20 18:00:00,SACSI Full,0.22716264510486922,0.028026551008224487,0.0,0.0,0.0,0.0,0.9993615493178367,88
2025-01-20 19:00:00,SACSI Full,0.2270513144192537,0.034600794315338135,0.0,0.0,0.0,0.0,0.9992422416806221,88
2025-01-20 20:00:00,SACSI Full,0.22700670868411066,0.037618279457092285,0.0,0.0,0.0,0.0,0.9992174595594406,88
2025-01-20 21:00:00,SACSI Full,0.22696819702719054,0.039446502923965454,0.0,0.0,0.0,0.0,0.9991927877068519,88
2025-01-20 22:00:00,SACSI Full,0.226911190545702,0.03389805555343628,0.0,0.0,0.0,0.0,0.9992665544152259,88
2025-01-20 23:00:00,SACSI Full,0.2268344775098006,0.03648608922958374,0.0,0.0,0.0,0.0,0.9992443978786469,88
2025-01-21 00:00:00,SACSI Full,0.2267918255481561,0.04670441150665283,0.0,0.0,0.0,0.0,0.9989637285470963,88
2025-01-21 01:00:00,SACSI Full,0.22683588966940244,0.06421923637390137,0.0,0.0,0.0,0.0,0.9985404670238495,88
2025-01-21 02:00:00,SACSI Full,0.22682762412403426,0.057020336389541626,0.0,0.0,0.0,0.0,0.9987876042723656,88
2025-01-21 03:00:00,SACSI Full,0.22689591852679253,0.07148832082748413,0.0,0.0,0.0,0.0,0.9984255537390709,88
2025-01-21 04:00:00,SACSI Full,0.2269614065441926,0.07064640522003174,0.0,0.0,0.0,0.0,0.9985786527395248,88
2025-01-21 05:00:00,SACSI Full,0.22703136938029925,0.07198885083198547,0.0,0.0,0.0,0.0,0.9985467985272408,88
2025-01-21 06:00:00,SACSI Full,0.22709404058152832,0.06980136036872864,0.0,0.0,0.0,0.0,0.9985820978879929,88
2025-01-21 07:00:00,SACSI Full,0.2269471472471396,0.04093199968338013,0.0,0.0,0.0,0.0,0.9988926663994789,88
2025-01-21 08:00:00,SACSI Full,0.22660678282831512,0.042390674352645874,0.0,0.0,0.0,0.0,0.9991375997662545,88
2025-01-21 09:00:00,SACSI Full,0.22603598767533303,0.0582614541053772,0.0,0.0,0.0,0.0,0.998676063120365,88
2025-01-21 10:00:00,SACSI Full,0.22573534470890366,0.21580711007118225,0.0,0.0,0.0,0.0,0.9941084012389183,88
2025-01-21 11:00:00,SACSI Full,0.226123317809248,0.481891930103302,0.0,0.0,0.0,0.0,0.9877013131976128,88
2025-01-21 12:00:00,SACSI Full,0.22657270766749388,0.5088169574737549,0.0,0.0,0.0,0.0,0.9895544105768204,88
2025-01-21 13:00:00,SACSI Full,0.22665899113033616,0.38288503885269165,0.0,0.0,0.0,0.0,0.9910829800367356,88
2025-01-21 14:00:00,SACSI Full,0.226498531762902,0.2918621897697449,0.0,0.0,0.0,0.0,0.9932525277137757,88
2025-01-21 15:00:00,SACSI Full,0.22584457465106653,0.06731286644935608,0.0,0.0,0.0,0.0,0.996408249437809,88
2025-01-21 16:00:00,SACSI Full,0.22531736744974462,0.03733783960342407,0.0,0.0,0.0,0.0,0.9989534929394722,88
2025-01-21 17:00:00,SACSI Full,0.22491550169959074,0.03244027495384216,0.0,0.0,0.0,0.0,0.9993022188544273,88
2025-01-21 18:00:00,SACSI Full,0.2247089820966562,0.031544119119644165,0.0,0.0,0.0,0.0,0.9993601560592652,88
2025-01-21 19:00:00,SACSI Full,0.22454370718652414,0.035417526960372925,0.0,0.0,0.0,0.0,0.9992529153823853,88
2025-01-21 20:00:00,SACSI Full,0.2244253635177454,0.032496899366378784,0.0,0.0,0.0,0.0,0.9993208557367325,88
2025-01-21 21:00:00,SACSI Full,0.2243347161405723,0.04080578684806824,0.0,0.0,0.0,0.0,0.9991007953882217,88
2025-01-21 22:00:00,SACSI Full,0.22423979213013656,0.039522796869277954,0.0,0.0,0.0,0.0,0.9991967141628265,88
2025-01-21 23:00:00,SACSI Full,0.22413242863033622,0.03579095005989075,0.0,0.0,0.0,0.0,0.9992468625307084,88
2025-01-22 00:00:00,SACSI Full,0.22407576212658892,0.042500048875808716,0.0,0.0,0.0,0.0,0.9990829080343246,88
2025-01-22 01:00:00,SACSI Full,0.22407171437198328,0.04978567361831665,0.0,0.0,0.0,0.0,0.9989314302802086,88
2025-01-22 02:00:00,SACSI Full,0.22403802473082549,0.040893107652664185,0.0,0.0,0.0,0.0,0.9990932121872902,88
2025-01-22 03:00:00,SACSI Full,0.22402369120135315,0.04669994115829468,0.0,0.0,0.0,0.0,0.9990079328417778,88
2025-01-22 04:00:00,SACSI Full,0.22399870234821642,0.04350334405899048,0.0,0.0,0.0,0.0,0.9990979671478271,88
2025-01-22 05:00:00,SACSI Full,0.22398804741873746,0.047803521156311035,0.0,0.0,0.0,0.0,0.9990009278059007,88
2025-01-22 06:00:00,SACSI Full,0.2239728267734687,0.04643380641937256,0.0,0.0,0.0,0.0,0.9990576267242431,88
2025-01-22 07:00:00,SACSI Full,0.2238290430801551,0.03336489200592041,0.0,0.0,0.0,0.0,0.9992020130157471,88
2025-01-22 08:00:00,SACSI Full,0.2235109460315546,0.015070885419845581,0.0,0.0,0.0,0.0,0.9995156422257424,88
2025-01-22 09:00:00,SACSI Full,0.2230843063729446,0.016508102416992188,0.0,0.0,0.0,0.0,0.9996554657816887,88
2025-01-22 10:00:00,SACSI Full,0.22230994883790023,0.048192739486694336,0.0,0.0,0.0,0.0,0.998719298839569,88
2025-01-22 11:00:00,SACSI Full,0.22141331369334863,0.09650945663452148,0.0,0.0,0.0,0.0,0.9975866436958314,88
2025-01-22 12:00:00,SACSI Full,0.22055958899432823,0.07538259029388428,0.0,0.0,0.0,0.0,0.998281079530716,88
2025-01-22 13:00:00,SACSI Full,0.21974465476686167,0.07851973176002502,0.0,0.0,0.0,0.0,-0.05267081267752833,88
2025-01-22 14:00:00,SACSI Full,0.21905186483567932,0.029630661010742188,0.0,0.0,0.0,0.0,-0.19070853679184463,88
2025-01-22 15:00:00,SACSI Full,0.21827530777307458,0.035812556743621826,0.0,0.0,0.0,0.0,-0.3457165154772858,88
2025-01-22 16:00:00,SACSI Full,0.2177809475755878,0.01764625310897827,0.0,0.0,0.0,0.0,-0.44434507298096576,88
2025-01-22 17:00:00,SACSI Full,0.21759697193221333,0.027222931385040283,0.0,0.0,0.0,0.0,-0.48124583896779477,88
2025-01-22 18:00:00,SACSI Full,0.21832074979560886,0.06703108549118042,0.0,0.0,0.0,0.0,-0.3375887441291123,88
2025-01-22 19:00:00,SACSI Full,0.2195259386281505,0.08691474795341492,0.0,0.0,0.0,0.0,-0.09674940595358934,88
2025-01-22 20:00:00,SACSI Full,0.21952228710377827,0.03272727131843567,0.0,0.0,0.0,0.0,-0.09673899943706389,88
2025-01-22 21:00:00,SACSI Full,0.21991619087422506,0.0436711311340332,0.0,0.0,0.0,0.0,-0.017744686375823892,88
2025-01-22 22:00:00,SACSI Full,0.21993453363860263,0.0395028293132782,0.0,0.0,0.0,0.0,-0.013925011883947215,88
2025-01-22 23:00:00,SACSI Full,0.21997144523664924,0.045073479413986206,0.0,0.0,0.0,0.0,-0.006668128759438341,88
2025-01-23 00:00:00,SACSI Full,0.2199751853597622,0.035122036933898926,0.0,0.0,0.0,0.0,-0.005764883211037119,88
2025-01-23 01:00:00,SACSI Full,0.21998835344756254,0.03795042634010315,0.0,0.0,0.0,0.0,-0.003116602908356292,88
2025-01-23 02:00:00,SACSI Full,0.2200511809138915,0.04434823989868164,0.0,0.0,0.0,0.0,0.9990490570664405,88
2025-01-23 03:00:00,SACSI Full,0.2201385272475542,0.05170390009880066,0.0,0.0,0.0,0.0,0.9988923653960229,88
2025-01-23 04:00:00,SACSI Full,0.22022048085098084,0.05008608102798462,0.0,0.0,0.0,0.0,0.9989821001887321,88
2025-01-23 05:00:00,SACSI Full,0.22028645345573244,0.045291781425476074,0.0,0.0,0.0,0.0,0.9990462213754654,88
2025-01-23 06:00:00,SACSI Full,0.22035281945113955,0.04540979862213135,0.0,0.0,0.0,0.0,0.9990906238555908,88
2025-01-23 07:00:00,SACSI Full,0.22036638861144203,0.04657074809074402,0.0,0.0,0.0,0.0,0.9990569755434989,88
2025-01-23 08:00:00,SACSI Full,0.22017677563473204,0.02811610698699951,0.0,0.0,0.0,0.0,0.9992531314492226,88
2025-01-23 09:00:00,SACSI Full,0.21969447265430905,0.01680910587310791,0.0,0.0,0.0,0.0,-0.061554721266790666,88
2025-01-23 10:00:00,SACSI Full,0.2189801897785834,0.03150910139083862,0.0,0.0,0.0,0.0,-0.20473922626631197,88
2025-01-23 11:00:00,SACSI Full,0.21816561936691486,0.04098251461982727,0.0,0.0,0.0,0.0,-0.36779051104171373,88
2025-01-23 12:00:00,SACSI Full,0.2174530679226495,0.03497689962387085,0.0,0.0,0.0,0.0,-0.5101460096125348,88
2025-01-23 13:00:00,SACSI Full,0.21657407313619928,0.0817011296749115,0.0,0.0,0.0,0.0,-0.6872866376541529,88
2025-01-23 14:00:00,SACSI Full,0.21583931173963358,0.030558854341506958,0.0,0.0,0.0,0.0,-0.8332602519134479,88
2025-01-23 15:00:00,SACSI Full,0.21511137634139468,0.029831677675247192,0.0,0.0,0.0,0.0,-0.9783286370412311,88
2025-01-23 16:00:00,SACSI Full,0.21457789486678172,0.014020800590515137,0.0,0.0,0.0,0.0,-1.0848595514263137,88
2025-01-23 17:00:00,SACSI Full,0.2143083138154476,0.013289451599121094,0.0,0.0,0.0,0.0,-1.1386103394323768,88
2025-01-23 18:00:00,SACSI Full,0.21425080620641698,0.029672980308532715,0.0,0.0,0.0,0.0,-1.1505960536098685,88
2025-01-23 19:00:00,SACSI Full,0.21430165835852066,0.03870829939842224,0.0,0.0,0.0,0.0,-1.140532847474735,88
2025-01-23 20:00:00,SACSI Full,0.21680743438466968,0.17609938979148865,0.0,0.0,0.0,0.0,-0.643409021765825,88
2025-01-23 21:00:00,SACSI Full,0.2200495349199035,0.19813016057014465,0.0,0.0,0.0,0.0,0.9958170890808106,88
2025-01-23 22:00:00,SACSI Full,0.22686877525711638,0.46277210116386414,0.0,0.0,0.0,0.0,0.9880981385707854,88
2025-01-23 23:00:00,SACSI Full,0.23186615934674526,0.3247152268886566,0.0,0.0,0.0,0.0,0.9921251267194748,88
2025-01-24 00:00:00,SACSI Full,0.23647766241694076,0.3004509210586548,0.0,0.0,0.0,0.0,0.9937483385205269,88
2025-01-24 01:00:00,SACSI Full,0.2375082799774864,0.12618526816368103,0.0,0.0,0.0,0.0,0.9957336381077766,88
2025-01-24 02:00:00,SACSI Full,0.237779779100265,0.09844973683357239,0.0,0.0,0.0,0.0,0.9977536499500275,88
2025-01-24 03:00:00,SACSI Full,0.23796888496701507,0.08223176002502441,0.0,0.0,0.0,0.0,0.998193185031414,88
2025-01-24 04:00:00,SACSI Full,0.23809554602766625,0.06349831819534302,0.0,0.0,0.0,0.0,0.9985426992177964,88
2025-01-24 05:00:00,SACSI Full,0.23824791556501979,0.07121086120605469,0.0,0.0,0.0,0.0,0.9984986573457718,88
2025-01-24 06:00:00,SACSI Full,0.23839490131283397,0.06959572434425354,0.0,0.0,0.0,0.0,0.998591934144497,88
2025-01-24 07:00:00,SACSI Full,0.23844101907953216,0.05633533000946045,0.0,0.0,0.0,0.0,0.9987406894564629,88
2025-01-24 08:00:00,SACSI Full,0.23901786660814878,0.049554258584976196,0.0,0.0,0.0,0.0,0.9989411041140556,88
2025-01-24 09:00:00,SACSI Full,0.2393851751643876,0.029192566871643066,0.0,0.0,0.0,0.0,0.9992125317454338,88
2025-01-24 10:00:00,SACSI Full,0.23884070523326198,0.02365902066230774,0.0,0.0,0.0,0.0,0.9994714841246605,88
2025-01-24 11:00:00,SACSI Full,0.23823586917385062,0.022549182176589966,0.0,0.0,0.0,0.0,0.9995379179716111,88
2025-01-24 12:00:00,SACSI Full,0.23756202206040025,0.027345865964889526,0.0,0.0,0.0,0.0,0.9994051158428192,88
2025-01-24 13:00:00,SACSI Full,0.23689293139760295,0.028772801160812378,0.0,0.0,0.0,0.0,0.9994102746248245,88
2025-01-24 14:00:00,SACSI Full,0.2361404371458749,0.02925172448158264,0.0,0.0,0.0,0.0,0.9994101762771607,88
2025-01-24 15:00:00,SACSI Full,0.23597815304581918,0.021314769983291626,0.0,0.0,0.0,0.0,0.9994943350553512,88
2025-01-24 16:00:00,SACSI Full,0.23663704260969756,0.025166869163513184,0.0,0.0,0.0,0.0,0.9994581416249275,88
2025-01-24 17:00:00,SACSI Full,0.23684857719167668,0.03146037459373474,0.0,0.0,0.0,0.0,0.9993078574538231,88
2025-01-24 18:00:00,SACSI Full,0.23720612408145858,0.04976406693458557,0.0,0.0,0.0,0.0,0.9988216817378998,88
2025-01-24 19:00:00,SACSI Full,0.23737717447662945,0.06831511855125427,0.0,0.0,0.0,0.0,0.9984481871128082,88
2025-01-24 20:00:00,SACSI Full,0.2374920027906159,0.05144849419593811,0.0,0.0,0.0,0.0,0.9988023638725281,88
2025-01-24 21:00:00,SACSI Full,0.23760541599099436,0.05102396011352539,0.0,0.0,0.0,0.0,0.9989752754569053,88
2025-01-24 22:00:00,SACSI Full,0.2378275195199708,0.07513105869293213,0.0,0.0,0.0,0.0,0.9982563078403472,88
2025-01-24 23:00:00,SACSI Full,0.23803065089051526,0.06943941116333008,0.0,0.0,0.0,0.0,0.9985542953014374,88
2025-01-25 00:00:00,SACSI Full,0.2382219467654288,0.06588876247406006,0.0,0.0,0.0,0.0,0.9986467182636262,88
2025-01-25 01:00:00,SACSI Full,0.23845467035198809,0.0783170759677887,0.0,0.0,0.0,0.0,0.998309375345707,88
2025-01-25 02:00:00,SACSI Full,0.23866955327495537,0.0729648768901825,0.0,0.0,0.0,0.0,0.9984871804714204,88
2025-01-25 03:00:00,SACSI Full,0.2388882707634032,0.07411524653434753,0.0,0.0,0.0,0.0,0.9985061913728714,88
2025-01-25 04:00:00,SACSI Full,0.23914530559445027,0.08561044931411743,0.0,0.0,0.0,0.0,0.99817283898592,88
2025-01-25 05:00:00,SACSI Full,0.23937145975574456,0.0763462483882904,0.0,0.0,0.0,0.0,0.9983804330229759,88
2025-01-25 06:00:00,SACSI Full,0.2395898985924781,0.07403165102005005,0.0,0.0,0.0,0.0,0.9984962210059166,88
2025-01-25 07:00:00,SACSI Full,0.23967926701371478,0.0523105263710022,0.0,0.0,0.0,0.0,0.9987365782260895,88
2025-01-25 08:00:00,SACSI Full,0.23948422951762485,0.02648875117301941,0.0,0.0,0.0,0.0,0.9992120072245597,88
2025-01-25 09:00:00,SACSI Full,0.23939055337811116,0.02489715814590454,0.0,0.0,0.0,0.0,0.9994861409068108,88
2025-01-25 10:00:00,SACSI Full,0.23910621104940374,0.027197301387786865,0.0,0.0,0.0,0.0,0.9994330525398254,88
2025-01-25 11:00:00,SACSI Full,0.2385902282776892,0.03420516848564148,0.0,0.0,0.0,0.0,0.9992458179593087,88
2025-01-25 12:00:00,SACSI Full,0.23785697892014776,0.07102519273757935,0.0,0.0,0.0,0.0,0.9982112959027291,88
2025-01-25 13:00:00,SACSI Full,0.23669425191625548,0.05918189883232117,0.0,0.0,0.0,0.0,0.998697929084301,88
2025-01-25 14:00:00,SACSI Full,0.23766351935371352,0.0627802312374115,0.0,0.0,0.0,0.0,0.9987084120512009,88
2025-01-25 15:00:00,SACSI Full,0.23761182287836666,0.03949105739593506,0.0,0.0,0.0,0.0,0.9989772871136665,88
2025-01-25 16:00:00,SACSI Full,0.23740465147956802,0.024848580360412598,0.0,0.0,0.0,0.0,0.9993566036224365,88
2025-01-25 17:00:00,SACSI Full,0.2374084121146261,0.020128190517425537,0.0,0.0,0.0,0.0,0.9995502322912216,88
2025-01-25 18:00:00,SACSI Full,0.2377639503278791,0.04916146397590637,0.0,0.0,0.0,0.0,0.9987264379858971,88
2025-01-25 19:00:00,SACSI Full,0.23783583670680314,0.047065913677215576,0.0,0.0,0.0,0.0,0.9990377262234689,88
2025-01-25 20:00:00,SACSI Full,0.23798482470814974,0.05319640040397644,0.0,0.0,0.0,0.0,0.9988747671246528,88
2025-01-25 21:00:00,SACSI Full,0.23815430031602175,0.05934268236160278,0.0,0.0,0.0,0.0,0.9987516835331917,88
2025-01-25 22:00:00,SACSI Full,0.23826292179966563,0.04958644509315491,0.0,0.0,0.0,0.0,0.9989107087254525,88
2025-01-25 23:00:00,SACSI Full,0.23838865180318153,0.054719001054763794,0.0,0.0,0.0,0.0,0.9988542944192886,88
2025-01-26 00:00:00,SACSI Full,0.23853879487578666,0.06204292178153992,0.0,0.0,0.0,0.0,0.9986859023571014,88
2025-01-26 01:00:00,SACSI Full,0.23872755159283277,0.06512701511383057,0.0,0.0,0.0,0.0,0.9986666187644004,88
2025-01-26 02:00:00,SACSI Full,0.23893711132431625,0.07136791944503784,0.0,0.0,0.0,0.0,0.9985102325677871,88
2025-01-26 03:00:00,SACSI Full,0.2391316397577981,0.06685853004455566,0.0,0.0,0.0,0.0,0.998617735505104,88
2025-01-26 04:00:00,SACSI Full,0.2393164541242977,0.06394430994987488,0.0,0.0,0.0,0.0,0.9986919716000556,88
2025-01-26 05:00:00,SACSI Full,0.23947201972946128,0.06366968154907227,0.0,0.0,0.0,0.0,0.9987238600850106,88
2025-01-26 06:00:00,SACSI Full,0.23962432496055566,0.0626915693283081,0.0,0.0,0.0,0.0,0.9987363874912262,88
2025-01-26 07:00:00,SACSI Full,0.23970851595624884,0.059257298707962036,0.0,0.0,0.0,0.0,0.9987805113196373,88
2025-01-26 08:00:00,SACSI Full,0.2394504887340923,0.024591833353042603,0.0,0.0,0.0,0.0,0.9991615086793899,88
2025-01-26 09:00:00,SACSI Full,0.23888257950767477,0.02512723207473755,0.0,0.0,0.0,0.0,0.9994921013712883,88
2025-01-26 10:00:00,SACSI Full,0.23805771100982626,0.03303945064544678,0.0,0.0,0.0,0.0,0.9992600888013841,88
2025-01-26 11:00:00,SACSI Full,0.23781164537255564,0.05768030881881714,0.0,0.0,0.0,0.0,0.9985999852418899,88
2025-01-26 12:00:00,SACSI Full,0.23724815564378696,0.053953081369400024,0.0,0.0,0.0,0.0,0.9988836660981179,88
2025-01-26 13:00:00,SACSI Full,0.23679162174845336,0.0775398313999176,0.0,0.0,0.0,0.0,0.9982133358716965,88
2025-01-26 14:00:00,SACSI Full,0.23680438054546316,0.03332763910293579,0.0,0.0,0.0,0.0,0.9988913252949715,88
2025-01-26 15:00:00,SACSI Full,0.24057857914750372,0.18525958061218262,0.0,0.0,0.0,0.0,0.9947754889726639,88
2025-01-26 16:00:00,SACSI Full,0.24073876104816389,0.04155457019805908,0.0,0.0,0.0,0.0,0.9977318584918976,88
2025-01-26 17:00:00,SACSI Full,0.24104871879323908,0.06098732352256775,0.0,0.0,0.0,0.0,0.9985859259963036,88
2025-01-26 18:00:00,SACSI Full,0.24229964431111603,0.12627765536308289,0.0,0.0,0.0,0.0,0.9968215435743332,88
2025-01-26 19:00:00,SACSI Full,0.24328670923853504,0.05561947822570801,0.0,0.0,0.0,0.0,0.9981810286641121,88
2025-01-26 20:00:00,SACSI Full,0.24321792610391563,0.03886505961418152,0.0,0.0,0.0,0.0,0.9990551546216011,88
2025-01-26 21:00:00,SACSI Full,0.2430660490932523,0.030936896800994873,0.0,0.0,0.0,0.0,0.9993019804358483,88
2025-01-26 22:00:00,SACSI Full,0.24292537725910138,0.034298449754714966,0.0,0.0,0.0,0.0,0.9992804154753685,88
2025-01-26 23:00:00,SACSI Full,0.24277763432725857,0.032177120447158813,0.0,0.0,0.0,0.0,0.9993352442979813,88
2025-01-27 00:00:00,SACSI Full,0.2426243089237272,0.030502378940582275,0.0,0.0,0.0,0.0,0.9993732050061226,88
2025-01-27 01:00:00,SACSI Full,0.2424307386953095,0.02692893147468567,0.0,0.0,0.0,0.0,0.9994256868958473,88
2025-01-27 02:00:00,SACSI Full,0.24223274133190112,0.025600790977478027,0.0,0.0,0.0,0.0,0.9994747027754785,88
2025-01-27 03:00:00,SACSI Full,0.24210446329022048,0.03801658749580383,0.0,0.0,0.0,0.0,0.9991155102849006,88
2025-01-27 04:00:00,SACSI Full,0.24191862527434627,0.029248595237731934,0.0,0.0,0.0,0.0,0.9993273481726647,88
2025-01-27 05:00:00,SACSI Full,0.2417265203267793,0.027368515729904175,0.0,0.0,0.0,0.0,0.9994338288903236,88
2025-01-27 06:00:00,SACSI Full,0.24155110616986558,0.0323757529258728,0.0,0.0,0.0,0.0,0.9993024125695229,88
2025-01-27 07:00:00,SACSI Full,0.24124965769196158,0.02006545662879944,0.0,0.0,0.0,0.0,0.9994755879044533,88
2025-01-27 08:00:00,SACSI Full,0.24071752844000463,0.01036122441291809,0.0,0.0,0.0,0.0,0.9996957331895828,88
2025-01-27 09:00:00,SACSI Full,0.24004186858320836,0.035302042961120605,0.0,0.0,0.0,0.0,0.9990445509552955,88
2025-01-27 10:00:00,SACSI Full,0.2396553989019454,0.190059095621109,0.0,0.0,0.0,0.0,0.9946512475609779,88
2025-01-27 11:00:00,SACSI Full,0.23934824233834548,0.2393530309200287,0.0,0.0,0.0,0.0,0.9947200000286102,88
2025-01-27 12:00:00,SACSI Full,0.23922530260468128,0.3031180799007416,0.0,0.0,0.0,0.0,0.993299987912178,88
2025-01-27 13:00:00,SACSI Full,0.23882927975480361,0.2041931450366974,0.0,0.0,0.0,0.0,0.9949268877506257,88
2025-01-27 14:00:00,SACSI Full,0.23824037561480801,0.10382875800132751,0.0,0.0,0.0,0.0,0.9969197809696198,88
2025-01-27 15:00:00,SACSI Full,0.23758722094758952,0.05905359983444214,0.0,0.0,0.0,0.0,0.9983711764216423,88
2025-01-27 16:00:00,SACSI Full,0.23698507802471128,0.023357123136520386,0.0,0.0,0.0,0.0,0.9991758927702904,88
2025-01-27 17:00:00,SACSI Full,0.23651425092522904,0.020251870155334473,0.0,0.0,0.0,0.0,0.9995639100670815,88
2025-01-27 18:00:00,SACSI Full,0.23624730883503559,0.021917372941970825,0.0,0.0,0.0,0.0,0.9995449975132942,88
2025-01-27 19:00:00,SACSI Full,0.23601024532859127,0.022380948066711426,0.0,0.0,0.0,0.0,0.9995477452874183,88
2025-01-27 20:00:00,SACSI Full,0.23579887119277917,0.021587759256362915,0.0,0.0,0.0,0.0,0.9995603129267693,88
2025-01-27 21:00:00,SACSI Full,0.2355552005114615,0.02039879560470581,0.0,0.0,0.0,0.0,0.9995801344513894,88
2025-01-27 22:00:00,SACSI Full,0.23526739530548058,0.015658438205718994,0.0,0.0,0.0,0.0,0.9996394276618957,88
2025-01-27 23:00:00,SACSI Full,0.2349362637144784,0.011160522699356079,0.0,0.0,0.0,0.0,0.9997318103909493,88
2025-01-28 00:00:00,SACSI Full,0.2345786976947844,0.011730194091796875,0.0,0.0,0.0,0.0,0.9997596994042397,88
2025-01-28 01:00:00,SACSI Full,0.23425302787606517,0.012799054384231567,0.0,0.0,0.0,0.0,0.999733330309391,88
2025-01-28 02:00:00,SACSI Full,0.2339453293544511,0.018190443515777588,0.0,0.0,0.0,0.0,0.999582277238369,88
2025-01-28 03:00:00,SACSI Full,0.23369175906960762,0.025928914546966553,0.0,0.0,0.0,0.0,0.9994040369987487,88
2025-01-28 04:00:00,SACSI Full,0.23337351698303815,0.015027374029159546,0.0,0.0,0.0,0.0,0.9995904371142388,88
2025-01-28 05:00:00,SACSI Full,0.2331245695351024,0.027315765619277954,0.0,0.0,0.0,0.0,0.9993308007717132,88
2025-01-28 06:00:00,SACSI Full,0.2329211160944362,0.03246396780014038,0.0,0.0,0.0,0.0,0.9992992386221886,88
2025-01-28 07:00:00,SACSI Full,0.23268625322406086,0.031541138887405396,0.0,0.0,0.0,0.0,0.9993599489331246,88
2025-01-28 08:00:00,SACSI Full,0.2322851561425586,0.024170875549316406,0.0,0.0,0.0,0.0,0.9994428798556327,88
2025-01-28 09:00:00,SACSI Full,0.23165664134169214,0.04094555974006653,0.0,0.0,0.0,0.0,0.9990133419632912,88
2025-01-28 10:00:00,SACSI Full,0.23116656094058943,0.14197587966918945,0.0,0.0,0.0,0.0,0.9961501792073251,88
2025-01-28 11:00:00,SACSI Full,0.23127652287944747,0.37298858165740967,0.0,0.0,0.0,0.0,0.9902301013469696,88
2025-01-28 12:00:00,SACSI Full,0.2315012997212469,0.42443305253982544,0.0,0.0,0.0,0.0,0.9909968942403794,88
2025-01-28 13:00:00,SACSI Full,0.23161761399094852,0.39189428091049194,0.0,0.0,0.0,0.0,0.9918367266654968,88
2025-01-28 14:00:00,SACSI Full,0.23212227046792303,0.5253969430923462,0.0,0.0,0.0,0.0,0.9881570345163345,88
2025-01-28 15:00:00,SACSI Full,0.23163117870633398,0.1756724715232849,0.0,0.0,0.0,0.0,0.9929893058538437,88
2025-01-28 16:00:00,SACSI Full,0.2309363442324062,0.05504965782165527,0.0,0.0,0.0,0.0,0.9976927787065506,88
2025-01-28 17:00:00,SACSI Full,0.23040536432250935,0.027706027030944824,0.0,0.0,0.0,0.0,0.999172443151474,88
2025-01-28 18:00:00,SACSI Full,0.2300878898770074,0.02375766634941101,0.0,0.0,0.0,0.0,0.9994853630661964,88
2025-01-28 19:00:00,SACSI Full,0.22986743990644412,0.03586500883102417,0.0,0.0,0.0,0.0,0.9991616263985633,88
2025-01-28 20:00:00,SACSI Full,0.22959203594351407,0.01937881112098694,0.0,0.0,0.0,0.0,0.9994475618004799,88
2025-01-28 21:00:00,SACSI Full,0.2293223460791965,0.021093040704727173,0.0,0.0,0.0,0.0,0.999560996890068,88
2025-01-28 22:00:00,SACSI Full,0.2291109175370593,0.0300714373588562,0.0,0.0,0.0,0.0,0.9993087872862816,88
2025-01-28 23:00:00,SACSI Full,0.22892299209976785,0.037122368812561035,0.0,0.0,0.0,0.0,0.9991870433092118,88
2025-01-29 00:00:00,SACSI Full,0.22873905123297958,0.038317739963531494,0.0,0.0,0.0,0.0,0.9992216914892196,88
2025-01-29 01:00:00,SACSI Full,0.22860009723727495,0.043313801288604736,0.0,0.0,0.0,0.0,0.9990837633609773,88
2025-01-29 02:00:00,SACSI Full,0.22852222657824153,0.06163880228996277,0.0,0.0,0.0,0.0,0.9985839739441871,88
2025-01-29 03:00:00,SACSI Full,0.2284768948569357,0.06290048360824585,0.0,0.0,0.0,0.0,0.9987293735146522,88
2025-01-29 04:00:00,SACSI Full,0.22838122724438306,0.05629971623420715,0.0,0.0,0.0,0.0,0.9988079980015754,88
2025-01-29 05:00:00,SACSI Full,0.22820513481919563,0.04067227244377136,0.0,0.0,0.0,0.0,0.9990302801132203,88
2025-01-29 06:00:00,SACSI Full,0.22799624715630804,0.03933370113372803,0.0,0.0,0.0,0.0,0.9991999402642251,88
2025-01-29 07:00:00,SACSI Full,0.22774283008798554,0.03447487950325012,0.0,0.0,0.0,0.0,0.9992619141936302,88
2025-01-29 08:00:00,SACSI Full,0.22730006435855818,0.028670281171798706,0.0,0.0,0.0,0.0,0.9993685483932495,88
2025-01-29 09:00:00,SACSI Full,0.2267444344169358,0.037311017513275146,0.0,0.0,0.0,0.0,0.9991673722863197,88
2025-01-29 10:00:00,SACSI Full,0.22611656744862194,0.10063990950584412,0.0,0.0,0.0,0.0,0.9973539128899575,88
2025-01-29 11:00:00,SACSI Full,0.22556320105378422,0.1314900815486908,0.0,0.0,0.0,0.0,0.9970616966485977,88
2025-01-29 12:00:00,SACSI Full,0.22485569731299673,0.07674887776374817,0.0,0.0,0.0,0.0,0.9979176104068755,88
2025-01-29 13:00:00,SACSI Full,0.2241472312568088,0.05096018314361572,0.0,0.0,0.0,0.0,0.9987229093909263,88
2025-01-29 14:00:00,SACSI Full,0.22344934800530075,0.054135024547576904,0.0,0.0,0.0,0.0,0.9988855510950089,88
2025-01-29 15:00:00,SACSI Full,0.22295142135445872,0.03762200474739075,0.0,0.0,0.0,0.0,0.9990824297070503,88
2025-01-29 16:00:00,SACSI Full,0.222551105325069,0.03290519118309021,0.0,0.0,0.0,0.0,0.9992947280406952,88
2025-01-29 17:00:00,SACSI Full,0.22219593686803776,0.029449462890625,0.0,0.0,0.0,0.0,0.9993764534592628,88
2025-01-29 18:00:00,SACSI Full,0.22192790225728948,0.030089616775512695,0.0,0.0,0.0,0.0,0.9993918061256408,88
2025-01-29 19:00:00,SACSI Full,0.22172697009309725,0.03322035074234009,0.0,0.0,0.0,0.0,0.9993042856454849,88
2025-01-29 20:00:00,SACSI Full,0.22158685357555347,0.03446504473686218,0.0,0.0,0.0,0.0,0.9992982521653175,88
2025-01-29 21:00:00,SACSI Full,0.22145688077513973,0.03750815987586975,0.0,0.0,0.0,0.0,0.9992194056510925,88
2025-01-29 22:00:00,SACSI Full,0.22134879281346598,0.04407361149787903,0.0,0.0,0.0,0.0,0.9990528732538223,88
2025-01-29 23:00:00,SACSI Full,0.22123484621191622,0.0423160195350647,0.0,0.0,0.0,0.0,0.9991361036896705,88
2025-01-30 00:00:00,SACSI Full,0.22114171454573275,0.048560500144958496,0.0,0.0,0.0,0.0,0.9989663451910019,88
2025-01-30 01:00:00,SACSI Full,0.22105763930861755,0.05127742886543274,0.0,0.0,0.0,0.0,0.9989472821354867,88
2025-01-30 02:00:00,SACSI Full,0.2209970567455352,0.058325231075286865,0.0,0.0,0.0,0.0,0.9987630173563957,88
2025-01-30 03:00:00,SACSI Full,0.22094183065319664,0.059932172298431396,0.0,0.0,0.0,0.0,0.9987852871417999,88
2025-01-30 04:00:00,SACSI Full,0.22090409604057282,0.06517961621284485,0.0,0.0,0.0,0.0,0.998643933236599,88
2025-01-30 05:00:00,SACSI Full,0.2208412976748209,0.05766049027442932,0.0,0.0,0.0,0.0,0.9987715989351272,88
2025-01-30 06:00:00,SACSI Full,0.22076756185675275,0.05437925457954407,0.0,0.0,0.0,0.0,0.9988796025514602,88
2025-01-30 07:00:00,SACSI Full,0.2206211202588142,0.04956752061843872,0.0,0.0,0.0,0.0,0.9989605322480202,88
2025-01-30 08:00:00,SACSI Full,0.2202753179095647,0.04075929522514343,0.0,0.0,0.0,0.0,0.9990967318415641,88
2025-01-30 09:00:00,SACSI Full,0.21964982204978278,0.05885124206542969,0.0,0.0,0.0,0.0,-0.07139353435315496,88
2025-01-30 10:00:00,SACSI Full,0.21909715700293195,0.13170048594474792,0.0,0.0,0.0,0.0,-0.18393110157129897,88
2025-01-30 11:00:00,SACSI Full,0.2198393744149269,0.5881652235984802,0.0,0.0,0.0,0.0,-0.048453068863126655,88
2025-01-30 12:00:00,SACSI Full,0.21970818662310254,0.30914366245269775,0.0,0.0,0.0,0.0,-0.06733576424000369,88
2025-01-30 13:00:00,SACSI Full,0.2193051582406423,0.20209148526191711,0.0,0.0,0.0,0.0,-0.14408070334868403,88
2025-01-30 14:00:00,SACSI Full,0.21865225229913188,0.07439181208610535,0.0,0.0,0.0,0.0,-0.272314373147105,88
2025-01-30 15:00:00,SACSI Full,0.21809981344501134,0.04311323165893555,0.0,0.0,0.0,0.0,-0.3812123614351833,88
2025-01-30 16:00:00,SACSI Full,0.21765863977573124,0.033302754163742065,0.0,0.0,0.0,0.0,-0.46903620471197816,88
2025-01-30 17:00:00,SACSI Full,0.21732209019315174,0.03068491816520691,0.0,0.0,0.0,0.0,-0.5362218380929417,88
2025-01-30 18:00:00,SACSI Full,0.21714635527470813,0.037368983030319214,0.0,0.0,0.0,0.0,-0.5715431653676316,88
2025-01-30 19:00:00,SACSI Full,0.21708545191564738,0.04710942506790161,0.0,0.0,0.0,0.0,-0.583949209792259,88
2025-01-30 20:00:00,SACSI Full,0.21707637018340104,0.04626438021659851,0.0,0.0,0.0,0.0,-0.5856597013726382,88
2025-01-30 21:00:00,SACSI Full,0.217038708816229,0.045846402645111084,0.0,0.0,0.0,0.0,-0.5931793445828177,88
2025-01-30 22:00:00,SACSI Full,0.21702400569648636,0.04453971982002258,0.0,0.0,0.0,0.0,-0.5961027219273795,88
2025-01-30 23:00:00,SACSI Full,0.21704112823046642,0.04592284560203552,0.0,0.0,0.0,0.0,-0.5927066420765764,88
2025-01-31 00:00:00,SACSI Full,0.21706421358764538,0.04772573709487915,0.0,0.0,0.0,0.0,-0.5881298261277497,88
2025-01-31 01:00:00,SACSI Full,0.2170987688257198,0.051187723875045776,0.0,0.0,0.0,0.0,-0.5813046092013436,88
2025-01-31 02:00:00,SACSI Full,0.21716015379415793,0.059273988008499146,0.0,0.0,0.0,0.0,-0.5692355835699191,88
2025-01-31 03:00:00,SACSI Full,0.21720921286779435,0.06380364298820496,0.0,0.0,0.0,0.0,-0.5594787958506915,88
2025-01-31 04:00:00,SACSI Full,0.2172643306806035,0.06566151976585388,0.0,0.0,0.0,0.0,-0.5484656730423946,88
2025-01-31 05:00:00,SACSI Full,0.21725809586480024,0.055461376905441284,0.0,0.0,0.0,0.0,-0.5495920560066645,88
2025-01-31 06:00:00,SACSI Full,0.2173007922148874,0.06196171045303345,0.0,0.0,0.0,0.0,-0.5411457945670556,88
2025-01-31 07:00:00,SACSI Full,0.21717011278680257,0.03447189927101135,0.0,0.0,0.0,0.0,-0.5669417787367275,88
2025-01-31 08:00:00,SACSI Full,0.21685362584496118,0.027566850185394287,0.0,0.0,0.0,0.0,-0.6298952185023285,88
2025-01-31 09:00:00,SACSI Full,0.2164226398832686,0.03333285450935364,0.0,0.0,0.0,0.0,-0.7161963404797075,88
2025-01-31 10:00:00,SACSI Full,0.2158344671784181,0.03360763192176819,0.0,0.0,0.0,0.0,-0.8337814647289421,88
2025-01-31 11:00:00,SACSI Full,0.21513270230241502,0.08655160665512085,0.0,0.0,0.0,0.0,-0.9757200113974325,88
2025-01-31 12:00:00,SACSI Full,0.21450367949080623,0.1297527551651001,0.0,0.0,0.0,0.0,-1.1022911684271557,88
2025-01-31 13:00:00,SACSI Full,0.2138368067719163,0.05124479532241821,0.0,0.0,0.0,0.0,-1.2344486211216155,88
2025-01-31 14:00:00,SACSI Full,0.2131774920639014,0.05091667175292969,0.0,0.0,0.0,0.0,-1.3655232018904722,88
2025-01-31 15:00:00,SACSI Full,0.21431671767964947,0.06754040718078613,0.0,0.0,0.0,0.0,-1.1381735095680015,88
2025-01-31 16:00:00,SACSI Full,0.21451476979172332,0.053881704807281494,0.0,0.0,0.0,0.0,-1.098260262775217,88
2025-01-31 17:00:00,SACSI Full,0.2144189334607386,0.049789994955062866,0.0,0.0,0.0,0.0,-1.1172500248499053,88
2025-01-31 18:00:00,SACSI Full,0.214460925312485,0.06754502654075623,0.0,0.0,0.0,0.0,-1.109343388349671,88
2025-01-31 19:00:00,SACSI Full,0.21454104160002369,0.0632999837398529,0.0,0.0,0.0,0.0,-1.0931001300980692,88
2025-01-31 20:00:00,SACSI Full,0.21462688337253227,0.057193636894226074,0.0,0.0,0.0,0.0,-1.0758282616998864,88
2025-01-31 21:00:00,SACSI Full,0.2148334220756558,0.08560821413993835,0.0,0.0,0.0,0.0,-1.035311894924094,88
2025-01-31 22:00:00,SACSI Full,0.21504074187442293,0.08591815829277039,0.0,0.0,0.0,0.0,-0.9935730877227978,88
2025-01-31 23:00:00,SACSI Full,0.21534057634481557,0.10583162307739258,0.0,0.0,0.0,0.0,-0.9342004981462801,88
2025-02-01 00:00:00,SACSI Full,0.21570697051332496,0.12588858604431152,0.0,0.0,0.0,0.0,-0.8613242386855628,88
2025-02-01 01:00:00,SACSI Full,0.215952233117863,0.08960872888565063,0.0,0.0,0.0,0.0,-0.8117083495767017,88
2025-02-01 02:00:00,SACSI Full,0.21623601081740376,0.10123223066329956,0.0,0.0,0.0,0.0,-0.7549387161502903,88
2025-02-01 03:00:00,SACSI Full,0.21649188808581238,0.10101467370986938,0.0,0.0,0.0,0.0,-0.7036448518812563,88
2025-02-01 04:00:00,SACSI Full,0.21674283868095587,0.09150728583335876,0.0,0.0,0.0,0.0,-0.6533574834042588,88
2025-02-01 05:00:00,SACSI Full,0.2168698035175999,0.06247878074645996,0.0,0.0,0.0,0.0,-0.627579157145817,88
2025-02-01 06:00:00,SACSI Full,0.21694780108544823,0.05596950650215149,0.0,0.0,0.0,0.0,-0.6116242657828408,88
2025-02-01 07:00:00,SACSI Full,0.21693678723524376,0.04558280110359192,0.0,0.0,0.0,0.0,-0.6136580760273055,88
2025-02-01 08:00:00,SACSI Full,0.2166765671799352,0.02774447202682495,0.0,0.0,0.0,0.0,-0.665419836744266,88
2025-02-01 09:00:00,SACSI Full,0.21610120016029855,0.021917372941970825,0.0,0.0,0.0,0.0,-0.7802565863899791,88
2025-02-01 10:00:00,SACSI Full,0.2153123380898225,0.05307137966156006,0.0,0.0,0.0,0.0,-0.9389053496959269,88
2025-02-01 11:00:00,SACSI Full,0.21449985987587675,0.08279263973236084,0.0,0.0,0.0,0.0,-1.101981090220006,88
2025-02-01 12:00:00,SACSI Full,0.2137786290330998,0.05858510732650757,0.0,0.0,0.0,0.0,-1.2456879708506292,88
2025-02-01 13:00:00,SACSI Full,0.2130456319503617,0.05189523100852966,0.0,0.0,0.0,0.0,-1.3919784133110122,88
2025-02-01 14:00:00,SACSI Full,0.21249674303810998,0.01925334334373474,0.0,0.0,0.0,0.0,-1.5013628781215278,88
2025-02-01 15:00:00,SACSI Full,0.21196833511706153,0.023842602968215942,0.0,0.0,0.0,0.0,-1.6068557212433023,88
2025-02-01 16:00:00,SACSI Full,0.21139312176066313,0.02332434058189392,0.0,0.0,0.0,0.0,-1.7218473173028748,88
2025-02-01 17:00:00,SACSI Full,0.21104133219154692,0.021342933177947998,0.0,0.0,0.0,0.0,-1.7921802344282156,88
2025-02-01 18:00:00,SACSI Full,0.21097538494857046,0.0321921706199646,0.0,0.0,0.0,0.0,-1.8056753460727275,88
2025-02-01 19:00:00,SACSI Full,0.2109866358558543,0.04047796130180359,0.0,0.0,0.0,0.0,-1.8035652459619926,88
2025-02-01 20:00:00,SACSI Full,0.21112733101813147,0.05706578493118286,0.0,0.0,0.0,0.0,-1.7758409903086239,88
2025-02-01 21:00:00,SACSI Full,0.21125051338029743,0.05184188485145569,0.0,0.0,0.0,0.0,-1.75098640063834,88
2025-02-01 22:00:00,SACSI Full,0.21135608048537968,0.05404844880104065,0.0,0.0,0.0,0.0,-1.7298869375395802,88
2025-02-01 23:00:00,SACSI Full,0.21147734159028408,0.05880087614059448,0.0,0.0,0.0,0.0,-1.7057552237393907,88
2025-02-02 00:00:00,SACSI Full,0.2116569650974486,0.06887301802635193,0.0,0.0,0.0,0.0,-1.6700851622896633,88
2025-02-02 01:00:00,SACSI Full,0.2118308627610461,0.0671975314617157,0.0,0.0,0.0,0.0,-1.6351881532856618,88
2025-02-02 02:00:00,SACSI Full,0.2120088689990133,0.06847336888313293,0.0,0.0,0.0,0.0,-1.599608425949216,88
2025-02-02 03:00:00,SACSI Full,0.21214938927803317,0.05726173520088196,0.0,0.0,0.0,0.0,-1.5713794954342057,88
2025-02-02 04:00:00,SACSI Full,0.2123145325505386,0.0646887719631195,0.0,0.0,0.0,0.0,-1.5384615356991675,88
2025-02-02 05:00:00,SACSI Full,0.21248327086216284,0.06580829620361328,0.0,0.0,0.0,0.0,-1.5046731887339089,88
2025-02-02 06:00:00,SACSI Full,0.21265183684227018,0.06579756736755371,0.0,0.0,0.0,0.0,-1.4709486901816757,88
2025-02-02 07:00:00,SACSI Full,0.21268467623430243,0.047987550497055054,0.0,0.0,0.0,0.0,-1.4642026043181606,88
2025-02-02 08:00:00,SACSI Full,0.2123713025979778,0.020286738872528076,0.0,0.0,0.0,0.0,-1.5264222232981381,88
2025-02-02 09:00:00,SACSI Full,0.21174302799382588,0.023850351572036743,0.0,0.0,0.0,0.0,-1.6519070443932595,88
2025-02-02 10:00:00,SACSI Full,0.210961046369634,0.05872994661331177,0.0,0.0,0.0,0.0,-1.8093141209558785,88
2025-02-02 11:00:00,SACSI Full,0.21043003256254167,0.19989535212516785,0.0,0.0,0.0,0.0,-1.9194030485892883,88
2025-02-02 12:00:00,SACSI Full,0.21009335745206448,0.2637879550457001,0.0,0.0,0.0,0.0,-1.987243194717224,88
2025-02-02 13:00:00,SACSI Full,0.21070229424616516,0.5588434934616089,0.0,0.0,0.0,0.0,-1.8736685760203604,88
2025-02-02 14:00:00,SACSI Full,0.21052845549659976,0.27710720896720886,0.0,0.0,0.0,0.0,-1.9026684077043354,88
2025-02-02 15:00:00,SACSI Full,0.20989368780179743,0.07526218891143799,0.0,0.0,0.0,0.0,-2.0247861336193007,88
2025-02-02 16:00:00,SACSI Full,0.20936962076116383,0.010148882865905762,0.0,0.0,0.0,0.0,-2.126929958485007,88
2025-02-02 17:00:00,SACSI Full,0.20906389019333266,0.009261667728424072,0.0,0.0,0.0,0.0,-2.1874160668394125,88
2025-02-02 18:00:00,SACSI Full,0.2093326186591842,0.023951828479766846,0.0,0.0,0.0,0.0,-2.134102206340268,88
2025-02-02 19:00:00,SACSI Full,0.20931257152892377,0.022841542959213257,0.0,0.0,0.0,0.0,-2.1379536279296363,88
2025-02-02 20:00:00,SACSI Full,0.20948570507405526,0.05916625261306763,0.0,0.0,0.0,0.0,-2.1044055573377487,88
2025-02-02 21:00:00,SACSI Full,0.2096540567152722,0.057752132415771484,0.0,0.0,0.0,0.0,-2.070357840795847,88
2025-02-02 22:00:00,SACSI Full,0.20981222741405203,0.054717063903808594,0.0,0.0,0.0,0.0,-2.0386792091527894,88
2025-02-02 23:00:00,SACSI Full,0.2100351378359509,0.07416605949401855,0.0,0.0,0.0,0.0,-1.9946502439556022,88
2025-02-03 00:00:00,SACSI Full,0.21022243265119356,0.06350412964820862,0.0,0.0,0.0,0.0,-1.9568901716527107,88
2025-02-03 01:00:00,SACSI Full,0.21043010962086683,0.0696440041065216,0.0,0.0,0.0,0.0,-1.915432354653347,88
2025-02-03 02:00:00,SACSI Full,0.2106313393313759,0.06773427128791809,0.0,0.0,0.0,0.0,-1.8751059164787647,88
2025-02-03 03:00:00,SACSI Full,0.2108202050677545,0.06404802203178406,0.0,0.0,0.0,0.0,-1.8372768093822958,88
2025-02-03 04:00:00,SACSI Full,0.2109864967544711,0.05729600787162781,0.0,0.0,0.0,0.0,-1.803914089404816,88
2025-02-03 05:00:00,SACSI Full,0.21109490501958417,0.04737183451652527,0.0,0.0,0.0,0.0,-1.7820656745070484,88
2025-02-03 06:00:00,SACSI Full,0.2112026443544866,0.04719734191894531,0.0,0.0,0.0,0.0,-1.7604168208670345,88
2025-02-03 07:00:00,SACSI Full,0.21119420910654305,0.03469839692115784,0.0,0.0,0.0,0.0,-1.7619771360797922,88
2025-02-03 08:00:00,SACSI Full,0.21085984865589058,0.011220872402191162,0.0,0.0,0.0,0.0,-1.8284894615151177,88
2025-02-03 09:00:00,SACSI Full,0.21027357435917937,0.016433894634246826,0.0,0.0,0.0,0.0,-1.9456659362791315,88
2025-02-03 10:00:00,SACSI Full,0.20958302737149778,0.06460398435592651,0.0,0.0,0.0,0.0,-2.0851683062847792,88
2025-02-03 11:00:00,SACSI Full,0.20896453627231112,0.13520419597625732,0.0,0.0,0.0,0.0,-2.210502831573504,88
2025-02-03 12:00:00,SACSI Full,0.20886005526304235,0.2036687731742859,0.0,0.0,0.0,0.0,-2.2327469686269956,88
2025-02-03 13:00:00,SACSI Full,0.20917732691759125,0.21709054708480835,0.0,0.0,0.0,0.0,-2.1690106451625515,88
2025-02-03 14:00:00,SACSI Full,0.2090385068840183,0.15724152326583862,0.0,0.0,0.0,0.0,-2.196041943899849,88
2025-02-03 15:00:00,SACSI Full,0.20879992717791826,0.08191689848899841,0.0,0.0,0.0,0.0,-2.2424061486338966,88
2025-02-03 16:00:00,SACSI Full,0.2089048881295238,0.01943737268447876,0.0,0.0,0.0,0.0,-2.2200359168069768,88
2025-02-03 17:00:00,SACSI Full,0.20855460621725114,0.009420216083526611,0.0,0.0,0.0,0.0,-2.289367332437453,88
2025-02-03 18:00:00,SACSI Full,0.20840949420233154,0.013391375541687012,0.0,0.0,0.0,0.0,-2.3184086986391073,88
2025-02-03 19:00:00,SACSI Full,0.20835335013432021,0.018657445907592773,0.0,0.0,0.0,0.0,-2.329755782757768,88
2025-02-03 20:00:00,SACSI Full,0.20833269809090596,0.022183358669281006,0.0,0.0,0.0,0.0,-2.3339393081198105,88
2025-02-03 21:00:00,SACSI Full,0.20829931052456008,0.018346458673477173,0.0,0.0,0.0,0.0,-2.340543193261412,88
2025-02-03 22:00:00,SACSI Full,0.20826981082632343,0.019498467445373535,0.0,0.0,0.0,0.0,-2.3464393241719415,88
2025-02-03 23:00:00,SACSI Full,0.20826098094021786,0.025695115327835083,0.0,0.0,0.0,0.0,-2.3483796807418096,88
2025-02-04 00:00:00,SACSI Full,0.2082686104251648,0.030636638402938843,0.0,0.0,0.0,0.0,-2.3469400629658477,88
2025-02-04 01:00:00,SACSI Full,0.20819582567530137,0.020667612552642822,0.0,0.0,0.0,0.0,-2.3613479074492814,88
2025-02-04 02:00:00,SACSI Full,0.20817391433686774,0.028818100690841675,0.0,0.0,0.0,0.0,-2.36587499952165,88
2025-02-04 03:00:00,SACSI Full,0.20814220719940854,0.025860071182250977,0.0,0.0,0.0,0.0,-2.372105341837023,88
2025-02-04 04:00:00,SACSI Full,0.20809287468673762,0.027628093957901,0.0,0.0,0.0,0.0,-2.3819953047593905,88
2025-02-04 05:00:00,SACSI Full,0.20834810651824948,0.026306360960006714,0.0,0.0,0.0,0.0,-2.3309180408992844,88
2025-02-04 06:00:00,SACSI Full,0.20825320340563722,0.021184980869293213,0.0,0.0,0.0,0.0,-2.34983423229085,88
2025-02-04 07:00:00,SACSI Full,0.20810443849336696,0.019102543592453003,0.0,0.0,0.0,0.0,-2.3795151765712257,88
2025-02-04 08:00:00,SACSI Full,0.20775625160245811,0.015595406293869019,0.0,0.0,0.0,0.0,-2.4490966590072407,88
2025-02-04 09:00:00,SACSI Full,0.20724423031137099,0.02194717526435852,0.0,0.0,0.0,0.0,-2.551656398920795,88
2025-02-04 10:00:00,SACSI Full,0.20671556441739286,0.05760669708251953,0.0,0.0,0.0,0.0,-2.65839584568126,88
2025-02-04 11:00:00,SACSI Full,0.20719808840737197,0.41997551918029785,0.0,0.0,0.0,0.0,-2.572405517130189,88
2025-02-04 12:00:00,SACSI Full,0.20850576822722508,0.6884944438934326,0.0,0.0,0.0,0.0,-2.315301432679984,88
2025-02-04 13:00:00,SACSI Full,0.2108350978340673,0.3762778639793396,0.0,0.0,0.0,0.0,-1.8436281562652705,88
2025-02-04 14:00:00,SACSI Full,0.2124366270732456,0.07193610072135925,0.0,0.0,0.0,0.0,-1.5171567249978886,88
2025-02-04 15:00:00,SACSI Full,0.2209933920446608,0.8135294914245605,0.0,0.0,0.0,0.0,0.9763134762644768,88
2025-02-04 16:00:00,SACSI Full,0.22705536554570732,0.2970920503139496,0.0,0.0,0.0,0.0,0.9888937845826149,88
2025-02-04 17:00:00,SACSI Full,0.22661300863897543,0.011792927980422974,0.0,0.0,0.0,0.0,0.9969111502170562,88
2025-02-04 18:00:00,SACSI Full,0.2263492720539941,0.014379024505615234,0.0,0.0,0.0,0.0,0.9996865585446357,88
2025-02-04 19:00:00,SACSI Full,0.22620093284443754,0.023498237133026123,0.0,0.0,0.0,0.0,0.9994388431310655,88
2025-02-04 20:00:00,SACSI Full,0.22602851309295238,0.02477407455444336,0.0,0.0,0.0,0.0,0.9994917601346969,88
2025-02-04 21:00:00,SACSI Full,0.22581892858659966,0.022124648094177246,0.0,0.0,0.0,0.0,0.9995310127735137,88
2025-02-04 22:00:00,SACSI Full,0.22561730130032445,0.02451181411743164,0.0,0.0,0.0,0.0,0.9994858920574188,88
2025-02-04 23:00:00,SACSI Full,0.2254532545113141,0.02728596329689026,0.0,0.0,0.0,0.0,0.9994265392422675,88
2025-02-05 00:00:00,SACSI Full,0.22527952617243674,0.03288149833679199,0.0,0.0,0.0,0.0,0.9992864146828652,88
2025-02-05 01:00:00,SACSI Full,0.22505817594047134,0.027094930410385132,0.0,0.0,0.0,0.0,0.9994002357125282,88
2025-02-05 02:00:00,SACSI Full,0.22479756634707992,0.023817121982574463,0.0,0.0,0.0,0.0,0.9994908794760704,88
2025-02-05 03:00:00,SACSI Full,0.22454420368508243,0.025991201400756836,0.0,0.0,0.0,0.0,0.9994584351778031,88
2025-02-05 04:00:00,SACSI Full,0.22428356776630623,0.023809224367141724,0.0,0.0,0.0,0.0,0.999501995742321,88
2025-02-05 05:00:00,SACSI Full,0.22397478245333574,0.0178644061088562,0.0,0.0,0.0,0.0,0.99958326369524,88
2025-02-05 06:00:00,SACSI Full,0.22366409426208078,0.017293542623519897,0.0,0.0,0.0,0.0,0.9996484205126762,88
2025-02-05 07:00:00,SACSI Full,0.22330087000604212,0.01853272318840027,0.0,0.0,0.0,0.0,0.9996169537305831,88
2025-02-05 08:00:00,SACSI Full,0.22274955150123182,0.021604448556900024,0.0,0.0,0.0,0.0,0.999537193775177,88
2025-02-05 09:00:00,SACSI Full,0.22204468480344355,0.06053999066352844,0.0,0.0,0.0,0.0,0.9983998447656631,88
2025-02-05 10:00:00,SACSI Full,0.22191922482088947,0.28536200523376465,0.0,0.0,0.0,0.0,0.9920445397496224,88
2025-02-05 11:00:00,SACSI Full,0.22303102765317503,0.716040849685669,0.0,0.0,0.0,0.0,0.9813723945617676,88
2025-02-05 12:00:00,SACSI Full,0.22396976548429076,0.6811213493347168,0.0,0.0,0.0,0.0,0.9860283780097961,88
2025-02-05 13:00:00,SACSI Full,0.22358150190031273,0.21502092480659485,0.0,0.0,0.0,0.0,0.9910385772585868,88
2025-02-05 14:00:00,SACSI Full,0.22339968022819104,0.2854534983634949,0.0,0.0,0.0,0.0,0.9935866042971611,88
2025-02-05 15:00:00,SACSI Full,0.22268945030287643,0.08443102240562439,0.0,0.0,0.0,0.0,0.9963011547923089,88
2025-02-05 16:00:00,SACSI Full,0.2219753098845059,0.049257874488830566,0.0,0.0,0.0,0.0,0.9986631110310555,88
2025-02-05 17:00:00,SACSI Full,0.22135403536077086,0.017617642879486084,0.0,0.0,0.0,0.0,0.9993312448263169,88
2025-02-05 18:00:00,SACSI Full,0.22100807883576298,0.015213042497634888,0.0,0.0,0.0,0.0,0.9996716931462287,88
2025-02-05 19:00:00,SACSI Full,0.22075105820413177,0.016393810510635376,0.0,0.0,0.0,0.0,0.9996603161096573,88
2025-02-05 20:00:00,SACSI Full,0.2205557507657582,0.017907768487930298,0.0,0.0,0.0,0.0,0.9996267050504685,88
2025-02-05 21:00:00,SACSI Full,0.22040514906322703,0.022819489240646362,0.0,0.0,0.0,0.0,0.9994944930076599,88
2025-02-05 22:00:00,SACSI Full,0.22025740192647522,0.023675858974456787,0.0,0.0,0.0,0.0,0.9995179191231727,88
2025-02-05 23:00:00,SACSI Full,0.22008333211974052,0.02427905797958374,0.0,0.0,0.0,0.0,0.9995083868503571,88
2025-02-06 00:00:00,SACSI Full,0.21995045733527094,0.028137564659118652,0.0,0.0,0.0,0.0,-0.010509869305790343,88
2025-02-06 01:00:00,SACSI Full,0.2198216793767189,0.029366612434387207,0.0,0.0,0.0,0.0,-0.03626374738266103,88
2025-02-06 02:00:00,SACSI Full,0.21970718449652443,0.03358706831932068,0.0,0.0,0.0,0.0,-0.059277046620349466,88
2025-02-06 03:00:00,SACSI Full,0.21959626660978832,0.03455206751823425,0.0,0.0,0.0,0.0,-0.08144736938469097,88
2025-02-06 04:00:00,SACSI Full,0.21950182675856103,0.039403438568115234,0.0,0.0,0.0,0.0,-0.10047123076965524,88
2025-02-06 05:00:00,SACSI Full,0.21945178802669768,0.04419013857841492,0.0,0.0,0.0,0.0,-0.1105740644321354,88
2025-02-06 06:00:00,SACSI Full,0.21941137503813488,0.047043412923812866,0.0,0.0,0.0,0.0,-0.11869439337495526,88
2025-02-06 07:00:00,SACSI Full,0.2192208613876747,0.027241408824920654,0.0,0.0,0.0,0.0,-0.15657057068255018,88
2025-02-06 08:00:00,SACSI Full,0.21877015711494815,0.02468094229698181,0.0,0.0,0.0,0.0,-0.24648780052158825,88
2025-02-06 09:00:00,SACSI Full,0.2181139073387511,0.04583224654197693,0.0,0.0,0.0,0.0,-0.37834669022306844,88
2025-02-06 10:00:00,SACSI Full,0.21785565851911254,0.23202627897262573,0.0,0.0,0.0,0.0,-0.43537076208125153,88
2025-02-06 11:00:00,SACSI Full,0.22019415633265524,1.0840493440628052,0.0,0.0,0.0,0.0,0.9697987824678421,88
2025-02-06 12:00:00,SACSI Full,0.22108991702779482,0.6937282085418701,0.0,0.0,0.0,0.0,0.9822222244739532,88
2025-02-06 13:00:00,SACSI Full,0.22212044150734295,0.7256573438644409,0.0,0.0,0.0,0.0,0.9851675617694855,88
2025-02-06 14:00:00,SACSI Full,0.22202262360716213,0.327654629945755,0.0,0.0,0.0,0.0,0.989466880261898,88
2025-02-06 15:00:00,SACSI Full,0.2213618665645952,0.08227288722991943,0.0,0.0,0.0,0.0,0.9959007248282433,88
2025-02-06 16:00:00,SACSI Full,0.2206807565910056,0.04216700792312622,0.0,0.0,0.0,0.0,0.9987556010484695,88
2025-02-06 17:00:00,SACSI Full,0.22024881930415183,0.023418813943862915,0.0,0.0,0.0,0.0,0.99934414178133,88
2025-02-06 18:00:00,SACSI Full,0.2200507265733118,0.02557218074798584,0.0,0.0,0.0,0.0,0.999467022716999,88
2025-02-06 19:00:00,SACSI Full,0.21991787314717323,0.028143972158432007,0.0,0.0,0.0,0.0,-0.01701396792262697,88
2025-02-06 20:00:00,SACSI Full,0.21979339212154506,0.02214863896369934,0.0,0.0,0.0,0.0,-0.041824501802210354,88
2025-02-06 21:00:00,SACSI Full,0.2196638189807888,0.020510554313659668,0.0,0.0,0.0,0.0,-0.06766279577501497,88
2025-02-06 22:00:00,SACSI Full,0.21955703262976797,0.02725556492805481,0.0,0.0,0.0,0.0,-0.08920603545111065,88
2025-02-06 23:00:00,SACSI Full,0.21948793363606303,0.030020475387573242,0.0,0.0,0.0,0.0,-0.10304133139974052,88
2025-02-07 00:00:00,SACSI Full,0.21938385168432792,0.027919262647628784,0.0,0.0,0.0,0.0,-0.12380906051476853,88
2025-02-07 01:00:00,SACSI Full,0.21926872824988825,0.024508684873580933,0.0,0.0,0.0,0.0,-0.14677862949756332,88
2025-02-07 02:00:00,SACSI Full,0.21916341546070447,0.02736210823059082,0.0,0.0,0.0,0.0,-0.16789268425728718,88
2025-02-07 03:00:00,SACSI Full,0.21909224142648484,0.02910897135734558,0.0,0.0,0.0,0.0,-0.18215136276144658,88
2025-02-07 04:00:00,SACSI Full,0.2190345384480324,0.033108144998550415,0.0,0.0,0.0,0.0,-0.19379446502990533,88
2025-02-07 05:00:00,SACSI Full,0.21896961397542464,0.03089427947998047,0.0,0.0,0.0,0.0,-0.20671722915985805,88
2025-02-07 06:00:00,SACSI Full,0.21889301763129362,0.02733677625656128,0.0,0.0,0.0,0.0,-0.2219787842986409,88
2025-02-07 07:00:00,SACSI Full,0.21873538482606242,0.01969859004020691,0.0,0.0,0.0,0.0,-0.2533933884504843,88
2025-02-07 08:00:00,SACSI Full,0.21836304538030846,0.013577193021774292,0.0,0.0,0.0,0.0,-0.32772368176892863,88
2025-02-07 09:00:00,SACSI Full,0.2177749457764974,0.014634579420089722,0.0,0.0,0.0,0.0,-0.44531411015290684,88
2025-02-07 10:00:00,SACSI Full,0.21703397001487626,0.041600167751312256,0.0,0.0,0.0,0.0,-0.5943076562630867,88
2025-02-07 11:00:00,SACSI Full,0.21695981903908693,0.35043030977249146,0.0,0.0,0.0,0.0,-0.6181330997982766,88
2025-02-07 12:00:00,SACSI Full,0.21763920117360797,0.6058658361434937,0.0,0.0,0.0,0.0,-0.48683143726498695,88
2025-02-07 13:00:00,SACSI Full,0.21841604875545126,0.631086528301239,0.0,0.0,0.0,0.0,-0.32966418639735073,88
2025-02-07 14:00:00,SACSI Full,0.21800843088288246,0.2134774625301361,0.0,0.0,0.0,0.0,-0.40675946333182106,88
2025-02-07 15:00:00,SACSI Full,0.21733703990375108,0.08046776056289673,0.0,0.0,0.0,0.0,-0.5355314714807138,88
2025-02-07 16:00:00,SACSI Full,0.21670955157540467,0.024605095386505127,0.0,0.0,0.0,0.0,-0.6591404134785604,88
2025-02-07 17:00:00,SACSI Full,0.21628674790296698,0.019106119871139526,0.0,0.0,0.0,0.0,-0.7430875315591805,88
2025-02-07 18:00:00,SACSI Full,0.21608992632837087,0.021531730890274048,0.0,0.0,0.0,0.0,-0.7824696250538222,88
2025-02-07 19:00:00,SACSI Full,0.21595495615634713,0.023787617683410645,0.0,0.0,0.0,0.0,-0.8095070799521732,88
2025-02-07 20:00:00,SACSI Full,0.2158313491899742,0.01903355121612549,0.0,0.0,0.0,0.0,-0.8341583736941538,88
2025-02-07 21:00:00,SACSI Full,0.2157069859475152,0.01870065927505493,0.0,0.0,0.0,0.0,-0.858980152601873,88
2025-02-07 22:00:00,SACSI Full,0.21556000301658448,0.019798874855041504,0.0,0.0,0.0,0.0,-0.8884063563360042,88
2025-02-07 23:00:00,SACSI Full,0.21544976429996537,0.022718757390975952,0.0,0.0,0.0,0.0,-0.9105307139801043,88
2025-02-08 00:00:00,SACSI Full,0.21533351841866855,0.02081751823425293,0.0,0.0,0.0,0.0,-0.9337316790225433,88
2025-02-08 01:00:00,SACSI Full,0.2152262676352316,0.023424625396728516,0.0,0.0,0.0,0.0,-0.9552410365332419,88
2025-02-08 02:00:00,SACSI Full,0.21512342377798793,0.024659037590026855,0.0,0.0,0.0,0.0,-0.9758207692761472,88
2025-02-08 03:00:00,SACSI Full,0.2150626156156208,0.029275715351104736,0.0,0.0,0.0,0.0,-0.9881085579604754,88
2025-02-08 04:00:00,SACSI Full,0.2149963287380678,0.027583688497543335,0.0,0.0,0.0,0.0,-1.0013028464249292,88
2025-02-08 05:00:00,SACSI Full,0.21490022507318704,0.026490837335586548,0.0,0.0,0.0,0.0,-1.0204957306209237,88
2025-02-08 06:00:00,SACSI Full,0.21479931095352428,0.0249616801738739,0.0,0.0,0.0,0.0,-1.0406523344702387,88
2025-02-08 07:00:00,SACSI Full,0.2145541520116759,0.01306384801864624,0.0,0.0,0.0,0.0,-1.0895498529467438,88
2025-02-08 08:00:00,SACSI Full,0.214199274903221,0.011185556650161743,0.0,0.0,0.0,0.0,-1.1603875134024897,88
2025-02-08 09:00:00,SACSI Full,0.2141178788220672,0.016753077507019043,0.0,0.0,0.0,0.0,-1.1768149723452683,88
2025-02-08 10:00:00,SACSI Full,0.21350124110645907,0.017623454332351685,0.0,0.0,0.0,0.0,-1.300112951563086,88
2025-02-08 11:00:00,SACSI Full,0.2128591178954027,0.05482077598571777,0.0,0.0,0.0,0.0,-1.4296448096557062,88
2025-02-08 12:00:00,SACSI Full,0.21258309494938635,0.040192604064941406,0.0,0.0,0.0,0.0,-1.4843311439232372,88
2025-02-08 13:00:00,SACSI Full,0.2127306632071969,0.3382493555545807,0.0,0.0,0.0,0.0,-1.4636129131866056,88
2025-02-08 14:00:00,SACSI Full,0.21247348480490214,0.06100282073020935,0.0,0.0,0.0,0.0,-1.509295560782421,88
2025-02-08 15:00:00,SACSI Full,0.21195206814173148,0.02589210867881775,0.0,0.0,0.0,0.0,-1.6104553209477943,88
2025-02-08 16:00:00,SACSI Full,0.21300111104220906,0.045666247606277466,0.0,0.0,0.0,0.0,-1.400888857899588,88
2025-02-08 17:00:00,SACSI Full,0.21268812176799234,0.013280361890792847,0.0,0.0,0.0,0.0,-1.462965112496502,88
2025-02-08 18:00:00,SACSI Full,0.21247004525029942,0.018392354249954224,0.0,0.0,0.0,0.0,-1.5064099169487075,88
2025-02-08 19:00:00,SACSI Full,0.21230900911588443,0.02003297209739685,0.0,0.0,0.0,0.0,-1.5386152424435358,88
2025-02-08 20:00:00,SACSI Full,0.2121707814171994,0.01912236213684082,0.0,0.0,0.0,0.0,-1.5662352699024646,88
2025-02-08 21:00:00,SACSI Full,0.2120356906798377,0.019931793212890625,0.0,0.0,0.0,0.0,-1.593268594207476,88
2025-02-08 22:00:00,SACSI Full,0.2119126295801628,0.023420751094818115,0.0,0.0,0.0,0.0,-1.6179773885681563,88
2025-02-08 23:00:00,SACSI Full,0.21182232445961746,0.025606751441955566,0.0,0.0,0.0,0.0,-1.6360691031088184,88
2025-02-09 00:00:00,SACSI Full,0.21169977206439047,0.023365914821624756,0.0,0.0,0.0,0.0,-1.6605353137845413,88
2025-02-09 01:00:00,SACSI Full,0.21162801815526017,0.03100648522377014,0.0,0.0,0.0,0.0,-1.6750929043564637,88
2025-02-09 02:00:00,SACSI Full,0.21153492840107843,0.032044053077697754,0.0,0.0,0.0,0.0,-1.693665576524407,88
2025-02-09 03:00:00,SACSI Full,0.21144746880933096,0.03364786505699158,0.0,0.0,0.0,0.0,-1.7111952335547405,88
2025-02-09 04:00:00,SACSI Full,0.21136797137444527,0.03595903515815735,0.0,0.0,0.0,0.0,-1.7271480175151215,88
2025-02-09 05:00:00,SACSI Full,0.2112560433716701,0.03361046314239502,0.0,0.0,0.0,0.0,-1.749487020648988,88
2025-02-09 06:00:00,SACSI Full,0.21113557736749197,0.030916929244995117,0.0,0.0,0.0,0.0,-1.7735298004254796,88
2025-02-09 07:00:00,SACSI Full,0.21095794153553463,0.02849578857421875,0.0,0.0,0.0,0.0,-1.809005820071267,88
2025-02-09 08:00:00,SACSI Full,0.2105932659832013,0.024008899927139282,0.0,0.0,0.0,0.0,-1.8818718502447538,88
2025-02-09 09:00:00,SACSI Full,0.21011287764514372,0.04023447632789612,0.0,0.0,0.0,0.0,-1.9783914162618217,88
2025-02-09 10:00:00,SACSI Full,0.20963965395871514,0.08538633584976196,0.0,0.0,0.0,0.0,-2.0742284535691855,88
2025-02-09 11:00:00,SACSI Full,0.20959954114394164,0.24490416049957275,0.0,0.0,0.0,0.0,-2.0865850326681623,88
2025-02-09 12:00:00,SACSI Full,0.2140579494548975,1.6779210567474365,0.0,0.0,0.0,0.0,-1.2362986991179263,88
2025-02-09 13:00:00,SACSI Full,0.21479562982767975,0.5574767589569092,0.0,0.0,0.0,0.0,-1.0632280126210945,88
2025-02-09 14:00:00,SACSI Full,0.2141925777722039,0.07179155945777893,0.0,0.0,0.0,0.0,-1.1677771287433656,88
2025-02-09 15:00:00,SACSI Full,0.2136004161581189,0.05688667297363281,0.0,0.0,0.0,0.0,-1.2812035507005355,88
2025-02-09 16:00:00,SACSI Full,0.21352871771890014,0.03403365612030029,0.0,0.0,0.0,0.0,-1.2951656595109116,88
2025-02-09 17:00:00,SACSI Full,0.21323253381314614,0.019252747297286987,0.0,0.0,0.0,0.0,-1.3540261014049488,88
2025-02-09 18:00:00,SACSI Full,0.2130452603854966,0.028405040502548218,0.0,0.0,0.0,0.0,-1.391607546642785,88
2025-02-09 19:00:00,SACSI Full,0.21294972325559317,0.032688677310943604,0.0,0.0,0.0,0.0,-1.41075195879567,88
2025-02-09 20:00:00,SACSI Full,0.21288366809834508,0.03378644585609436,0.0,0.0,0.0,0.0,-1.4239530869335577,88
2025-02-09 21:00:00,SACSI Full,0.21277890724513981,0.029755085706710815,0.0,0.0,0.0,0.0,-1.4448539662876654,88
2025-02-09 22:00:00,SACSI Full,0.2126692039228243,0.028165429830551147,0.0,0.0,0.0,0.0,-1.4667384205905147,88
2025-02-09 23:00:00,SACSI Full,0.2125580185253703,0.02761244773864746,0.0,0.0,0.0,0.0,-1.488954073701634,88
2025-02-10 00:00:00,SACSI Full,0.21246506269262044,0.032990723848342896,0.0,0.0,0.0,0.0,-1.5077010587139754,88
2025-02-10 01:00:00,SACSI Full,0.21238600173786942,0.037082135677337646,0.0,0.0,0.0,0.0,-1.5235822092579523,88
2025-02-10 02:00:00,SACSI Full,0.21230928015816952,0.037709176540374756,0.0,0.0,0.0,0.0,-1.5389044223055337,88
2025-02-10 03:00:00,SACSI Full,0.21227429833088754,0.042589008808135986,0.0,0.0,0.0,0.0,-1.5460409123213326,88
2025-02-10 04:00:00,SACSI Full,0.21226816965126885,0.051239728927612305,0.0,0.0,0.0,0.0,-1.547477371525977,88
2025-02-10 05:00:00,SACSI Full,0.21220499573744425,0.04167184233665466,0.0,0.0,0.0,0.0,-1.5599299682237926,88
2025-02-10 06:00:00,SACSI Full,0.21211545106543164,0.03367334604263306,0.0,0.0,0.0,0.0,-1.5776632387974645,88
2025-02-10 07:00:00,SACSI Full,0.21194365005306715,0.02398267388343811,0.0,0.0,0.0,0.0,-1.6118465495858318,88
2025-02-10 08:00:00,SACSI Full,0.2115565121588607,0.019391030073165894,0.0,0.0,0.0,0.0,-1.6891313052674255,88
2025-02-10 09:00:00,SACSI Full,0.21104138052455168,0.025097578763961792,0.0,0.0,0.0,0.0,-1.7922829121518513,88
2025-02-10 10:00:00,SACSI Full,0.21048030450555513,0.06223529577255249,0.0,0.0,0.0,0.0,-1.9055551819745107,88
2025-02-10 11:00:00,SACSI Full,0.2099863740886829,0.11042654514312744,0.0,0.0,0.0,0.0,-2.005415625659989,88
2025-02-10 12:00:00,SACSI Full,0.20963631216756787,0.16699254512786865,0.0,0.0,0.0,0.0,-2.0766430773888316,88
2025-02-10 13:00:00,SACSI Full,0.2093983730953677,0.04026979207992554,0.0,0.0,0.0,0.0,-2.1223980042985353,88
2025-02-10 14:00:00,SACSI Full,0.2088571913821591,0.032745152711868286,0.0,0.0,0.0,0.0,-2.2292918730160967,88
2025-02-10 15:00:00,SACSI Full,0.20848272787541544,0.030849575996398926,0.0,0.0,0.0,0.0,-2.3040903722039943,88
2025-02-10 16:00:00,SACSI Full,0.20816691898781645,0.026162415742874146,0.0,0.0,0.0,0.0,-2.3671863223541036,88
2025-02-10 17:00:00,SACSI Full,0.20791794200743777,0.024328529834747314,0.0,0.0,0.0,0.0,-2.4169165079682227,88
2025-02-10 18:00:00,SACSI Full,0.20779069382837645,0.03228515386581421,0.0,0.0,0.0,0.0,-2.442586503642337,88
2025-02-10 19:00:00,SACSI Full,0.2077210685770979,0.0283147394657135,0.0,0.0,0.0,0.0,-2.4563922835137344,88
2025-02-10 20:00:00,SACSI Full,0.2076720988248665,0.02742961049079895,0.0,0.0,0.0,0.0,-2.466137678526264,88
2025-02-10 21:00:00,SACSI Full,0.2076045067371462,0.02179354429244995,0.0,0.0,0.0,0.0,-2.4795908841185934,88
2025-02-10 22:00:00,SACSI Full,0.2075407162604487,0.022887438535690308,0.0,0.0,0.0,0.0,-2.4923254356234055,88
2025-02-10 23:00:00,SACSI Full,0.20784944759472257,0.03486946225166321,0.0,0.0,0.0,0.0,-2.430927690537679,88
2025-02-11 00:00:00,SACSI Full,0.2079475843014596,0.057632625102996826,0.0,0.0,0.0,0.0,-2.411863423838654,88
2025-02-11 01:00:00,SACSI Full,0.20802814160752087,0.05239799618721008,0.0,0.0,0.0,0.0,-2.3954719847087294,88
2025-02-11 02:00:00,SACSI Full,0.2081329053339479,0.05971089005470276,0.0,0.0,0.0,0.0,-2.374686279950188,88
2025-02-11 03:00:00,SACSI Full,0.2081195587353759,0.03844335675239563,0.0,0.0,0.0,0.0,-2.3770697953928894,88
2025-02-11 04:00:00,SACSI Full,0.2080241972112098,0.027941018342971802,0.0,0.0,0.0,0.0,-2.395824401508995,88
2025-02-11 05:00:00,SACSI Full,0.207960429479832,0.03027603030204773,0.0,0.0,0.0,0.0,-2.4085429747592304,88
2025-02-11 06:00:00,SACSI Full,0.20794348523557885,0.03723546862602234,0.0,0.0,0.0,0.0,-2.4121172566399913,88
2025-02-11 07:00:00,SACSI Full,0.20780751377470952,0.022614896297454834,0.0,0.0,0.0,0.0,-2.439095748707331,88
2025-02-11 08:00:00,SACSI Full,0.2074862850934473,0.01604706048965454,0.0,0.0,0.0,0.0,-2.503129600878412,88
2025-02-11 09:00:00,SACSI Full,0.20696020589033515,0.023920387029647827,0.0,0.0,0.0,0.0,-2.6085159629389634,88
2025-02-11 10:00:00,SACSI Full,0.2064416433567727,0.07366284728050232,0.0,0.0,0.0,0.0,-2.713642010193578,88
2025-02-11 11:00:00,SACSI Full,0.20585033007923065,0.0633808970451355,0.0,0.0,0.0,0.0,-2.8313044215971273,88
2025-02-11 12:00:00,SACSI Full,0.20530156431369248,0.08760988712310791,0.0,0.0,0.0,0.0,-2.941681624904746,88
2025-02-11 13:00:00,SACSI Full,0.20478074317976408,0.10734051465988159,0.0,0.0,0.0,0.0,-3.04619548061575,88
2025-02-11 14:00:00,SACSI Full,0.20429810859118244,0.10967046022415161,0.0,0.0,0.0,0.0,-3.142594990423637,88
2025-02-11 15:00:00,SACSI Full,0.20375276527508893,0.04800572991371155,0.0,0.0,0.0,0.0,-3.2510237068835934,88
2025-02-11 16:00:00,SACSI Full,0.20333545974267497,0.025166422128677368,0.0,0.0,0.0,0.0,-3.3336397729854292,88
2025-02-11 17:00:00,SACSI Full,0.20312051153169774,0.019813627004623413,0.0,0.0,0.0,0.0,-3.376347494151784,88
2025-02-11 18:00:00,SACSI Full,0.20306684408871406,0.029134750366210938,0.0,0.0,0.0,0.0,-3.3873070884981287,88
2025-02-11 19:00:00,SACSI Full,0.20302867154852777,0.027277469635009766,0.0,0.0,0.0,0.0,-3.3948298124944576,88
2025-02-11 20:00:00,SACSI Full,0.2029913930558384,0.02105504274368286,0.0,0.0,0.0,0.0,-3.4022047139561056,88
2025-02-11 21:00:00,SACSI Full,0.20301637105924894,0.02682998776435852,0.0,0.0,0.0,0.0,-3.397320137355706,88
2025-02-11 22:00:00,SACSI Full,0.20305610257870726,0.03127053380012512,0.0,0.0,0.0,0.0,-3.3894493003949075,88
2025-02-11 23:00:00,SACSI Full,0.20306200840824828,0.027586519718170166,0.0,0.0,0.0,0.0,-3.388186888885526,88
2025-02-12 00:00:00,SACSI Full,0.203093224398596,0.0351947546005249,0.0,0.0,0.0,0.0,-3.382135097721633,88
2025-02-12 01:00:00,SACSI Full,0.20315908259124923,0.039146095514297485,0.0,0.0,0.0,0.0,-3.3690059170695767,88
2025-02-12 02:00:00,SACSI Full,0.20323122183604442,0.04105672240257263,0.0,0.0,0.0,0.0,-3.354595873508051,88
2025-02-12 03:00:00,SACSI Full,0.2033050926900659,0.041603147983551025,0.0,0.0,0.0,0.0,-3.339818989202304,88
2025-02-12 04:00:00,SACSI Full,0.2034322285587893,0.05112767219543457,0.0,0.0,0.0,0.0,-3.3146720869281654,88
2025-02-12 05:00:00,SACSI Full,0.20350461358933494,0.04123017191886902,0.0,0.0,0.0,0.0,-3.3000008605741544,88
2025-02-12 06:00:00,SACSI Full,0.20351760271002944,0.029933154582977295,0.0,0.0,0.0,0.0,-3.2971910912591302,88
2025-02-12 07:00:00,SACSI Full,0.2034861881398912,0.029639005661010742,0.0,0.0,0.0,0.0,-3.3033580936242015,88
2025-02-12 08:00:00,SACSI Full,0.20316647664948617,0.014597773551940918,0.0,0.0,0.0,0.0,-3.3671470378948953,88
2025-02-12 09:00:00,SACSI Full,0.2026221304911396,0.017662346363067627,0.0,0.0,0.0,0.0,-3.4759577944274502,88
2025-02-12 10:00:00,SACSI Full,0.20212208060208361,0.0942482054233551,0.0,0.0,0.0,0.0,-3.5782347022823475,88
2025-02-12 11:00:00,SACSI Full,0.2028415984475971,0.5299487709999084,0.0,0.0,0.0,0.0,-3.4466362915563415,88
2025-02-12 12:00:00,SACSI Full,0.2053927824408409,1.1366899013519287,0.0,0.0,0.0,0.0,-2.950244721162382,88
2025-02-12 13:00:00,SACSI Full,0.20638141043485714,0.6745505332946777,0.0,0.0,0.0,0.0,-2.7418303173750385,88
2025-02-12 14:00:00,SACSI Full,0.20721468750983174,0.6045334339141846,0.0,0.0,0.0,0.0,-2.5698533377057404,88
2025-02-12 15:00:00,SACSI Full,0.206755015483357,0.15655472874641418,0.0,0.0,0.0,0.0,-2.6566077849552046,88
2025-02-12 16:00:00,SACSI Full,0.2061092456324334,0.027154535055160522,0.0,0.0,0.0,0.0,-2.7799879661513343,88
2025-02-12 17:00:00,SACSI Full,0.2057319554631445,0.00952109694480896,0.0,0.0,0.0,0.0,-2.853975663691102,88
2025-02-12 18:00:00,SACSI Full,0.20564957924501773,0.015930533409118652,0.0,0.0,0.0,0.0,-2.8704668560292803,88
2025-02-12 19:00:00,SACSI Full,0.20565493972151094,0.02190709114074707,0.0,0.0,0.0,0.0,-2.8695099630979426,88
2025-02-12 20:00:00,SACSI Full,0.20569058612465058,0.024229735136032104,0.0,0.0,0.0,0.0,-2.8623905962125584,88
2025-02-12 21:00:00,SACSI Full,0.20573424130277027,0.026642978191375732,0.0,0.0,0.0,0.0,-2.853708731440328,88
2025-02-12 22:00:00,SACSI Full,0.20579353489481592,0.03134891390800476,0.0,0.0,0.0,0.0,-2.8419670586721435,88
2025-02-12 23:00:00,SACSI Full,0.20584585358243176,0.029269158840179443,0.0,0.0,0.0,0.0,-2.831435464241129,88
2025-02-13 00:00:00,SACSI Full,0.20593251650483582,0.03279343247413635,0.0,0.0,0.0,0.0,-2.814187810418658,88
2025-02-13 01:00:00,SACSI Full,0.2060148168176874,0.03149464726448059,0.0,0.0,0.0,0.0,-2.7976795172599047,88
2025-02-13 02:00:00,SACSI Full,0.20614509479379564,0.0459037721157074,0.0,0.0,0.0,0.0,-2.7720432079316986,88
2025-02-13 03:00:00,SACSI Full,0.20629738965562014,0.05252733826637268,0.0,0.0,0.0,0.0,-2.7416388513028065,88
2025-02-13 04:00:00,SACSI Full,0.20644877236237635,0.05227208137512207,0.0,0.0,0.0,0.0,-2.7112935217211445,88
2025-02-13 05:00:00,SACSI Full,0.20662422589142687,0.059514641761779785,0.0,0.0,0.0,0.0,-2.6764175401537282,88
2025-02-13 06:00:00,SACSI Full,0.2067656772005049,0.0562325119972229,0.0,0.0,0.0,0.0,-2.6480220314366103,88
2025-02-13 07:00:00,SACSI Full,0.20673772323242195,0.02613157033920288,0.0,0.0,0.0,0.0,-2.6532789943389736,88
2025-02-13 08:00:00,SACSI Full,0.2064065019808665,0.010937750339508057,0.0,0.0,0.0,0.0,-2.7190702970334892,88
2025-02-13 09:00:00,SACSI Full,0.20584793635797952,0.017554908990859985,0.0,0.0,0.0,0.0,-2.8308299981704277,88
2025-02-13 10:00:00,SACSI Full,0.20518524254627132,0.05290091037750244,0.0,0.0,0.0,0.0,-2.9643629689671522,88
2025-02-13 11:00:00,SACSI Full,0.20492643141005742,0.2557818591594696,0.0,0.0,0.0,0.0,-3.021858164659524,88
2025-02-13 12:00:00,SACSI Full,0.20504546963566087,0.3977346420288086,0.0,0.0,0.0,0.0,-3.000280293537097,88
2025-02-13 13:00:00,SACSI Full,0.2066782600749506,0.8554143905639648,0.0,0.0,0.0,0.0,-2.68603307030651,88
2025-02-13 14:00:00,SACSI Full,0.2073635481358543,0.5320818424224854,0.0,0.0,0.0,0.0,-2.541165335159003,88
2025-02-13 15:00:00,SACSI Full,0.207473419124691,0.316711962223053,0.0,0.0,0.0,0.0,-2.5138041131082556,88
2025-02-13 16:00:00,SACSI Full,0.206856463784249,0.02457931637763977,0.0,0.0,0.0,0.0,-2.6321201559362097,88
2025-02-13 17:00:00,SACSI Full,0.20647493864514313,0.009886473417282104,0.0,0.0,0.0,0.0,-2.7053569288693233,88
2025-02-13 18:00:00,SACSI Full,0.2063359117197267,0.013196021318435669,0.0,0.0,0.0,0.0,-2.7331146719600397,88
2025-02-13 19:00:00,SACSI Full,0.20627031062314435,0.014553070068359375,0.0,0.0,0.0,0.0,-2.746242507259996,88
2025-02-13 20:00:00,SACSI Full,0.20623510230850362,0.016795992851257324,0.0,0.0,0.0,0.0,-2.7533378873841308,88
2025-02-13 21:00:00,SACSI Full,0.2062017570699111,0.017338693141937256,0.0,0.0,0.0,0.0,-2.7600007868835275,88
2025-02-13 22:00:00,SACSI Full,0.20616929000661466,0.017586350440979004,0.0,0.0,0.0,0.0,-2.766496202258878,88
2025-02-13 23:00:00,SACSI Full,0.20613532978505086,0.017121881246566772,0.0,0.0,0.0,0.0,-2.7732811253067027,88
2025-02-14 00:00:00,SACSI Full,0.2061531751958977,0.02583429217338562,0.0,0.0,0.0,0.0,-2.769968770773194,88
2025-02-14 01:00:00,SACSI Full,0.20617333260221118,0.026535242795944214,0.0,0.0,0.0,0.0,-2.765871193919908,88
2025-02-14 02:00:00,SACSI Full,0.2061955883531201,0.027172863483428955,0.0,0.0,0.0,0.0,-2.7614321628525236,88
2025-02-14 03:00:00,SACSI Full,0.2062341180062912,0.03206908702850342,0.0,0.0,0.0,0.0,-2.7538667427177788,88
2025-02-14 04:00:00,SACSI Full,0.20627937366111102,0.0341033935546875,0.0,0.0,0.0,0.0,-2.744827678714153,88
2025-02-14 05:00:00,SACSI Full,0.20632926897804657,0.035513490438461304,0.0,0.0,0.0,0.0,-2.7348705751682933,88
2025-02-14 06:00:00,SACSI Full,0.20637286373395142,0.033639222383499146,0.0,0.0,0.0,0.0,-2.726118780337937,88
2025-02-14 07:00:00,SACSI Full,0.2063219173896395,0.025850534439086914,0.0,0.0,0.0,0.0,-2.7362114196403247,88
2025-02-14 08:00:00,SACSI Full,0.20597690465170165,0.012849122285842896,0.0,0.0,0.0,0.0,-2.805006066226919,88
2025-02-14 09:00:00,SACSI Full,0.20538438069502338,0.019591450691223145,0.0,0.0,0.0,0.0,-2.9235831132932026,88
2025-02-14 10:00:00,SACSI Full,0.20509918585508347,0.19338592886924744,0.0,0.0,0.0,0.0,-2.985768492342472,88
2025-02-14 11:00:00,SACSI Full,0.2060131878445839,0.6213054060935974,0.0,0.0,0.0,0.0,-2.8140677339773377,88
2025-02-14 12:00:00,SACSI Full,0.208243634985703,1.0669751167297363,0.0,0.0,0.0,0.0,-2.3770692023003557,88
2025-02-14 13:00:00,SACSI Full,0.21073439110543093,1.177523136138916,0.0,0.0,0.0,0.0,-1.8777777218306833,88
2025-02-14 14:00:00,SACSI Full,0.21165753217925853,0.6824517250061035,0.0,0.0,0.0,0.0,-1.6870933127597436,88
2025-02-14 15:00:00,SACSI Full,0.21175899028236944,0.36639004945755005,0.0,0.0,0.0,0.0,-1.6586903612707486,88
2025-02-14 16:00:00,SACSI Full,0.21108072919621781,0.03697842359542847,0.0,0.0,0.0,0.0,-1.787887845486967,88
2025-02-14 17:00:00,SACSI Full,0.21065565754144844,0.013504326343536377,0.0,0.0,0.0,0.0,-1.8693733192097024,88
2025-02-14 18:00:00,SACSI Full,0.21053801764516508,0.016311556100845337,0.0,0.0,0.0,0.0,-1.892750774386574,88
2025-02-14 19:00:00,SACSI Full,0.21054151565616167,0.0231306254863739,0.0,0.0,0.0,0.0,-1.89222767197125,88
2025-02-14 20:00:00,SACSI Full,0.2106006672673116,0.025107115507125854,0.0,0.0,0.0,0.0,-1.8803884537480287,88
2025-02-14 21:00:00,SACSI Full,0.21068311723383457,0.032106637954711914,0.0,0.0,0.0,0.0,-1.864088681216657,88
2025-02-14 22:00:00,SACSI Full,0.21080348583372624,0.03611057996749878,0.0,0.0,0.0,0.0,-1.84006508427423,88
2025-02-14 23:00:00,SACSI Full,0.21092343918792597,0.03598600625991821,0.0,0.0,0.0,0.0,-1.81603312827708,88
2025-02-15 00:00:00,SACSI Full,0.21107691071740975,0.04604145884513855,0.0,0.0,0.0,0.0,-1.7856392402208052,88
2025-02-15 01:00:00,SACSI Full,0.21127543143741478,0.05955621600151062,0.0,0.0,0.0,0.0,-1.7462399844086371,88
2025-02-15 02:00:00,SACSI Full,0.21153618636044055,0.0782264769077301,0.0,0.0,0.0,0.0,-1.6945139600591064,88
2025-02-15 03:00:00,SACSI Full,0.2117823167871653,0.07383912801742554,0.0,0.0,0.0,0.0,-1.645057298616191,88
2025-02-15 04:00:00,SACSI Full,0.21206586899670155,0.08506566286087036,0.0,0.0,0.0,0.0,-1.588639779265343,88
2025-02-15 05:00:00,SACSI Full,0.21233620387625884,0.0811004638671875,0.0,0.0,0.0,0.0,-1.534420886015512,88
2025-02-15 06:00:00,SACSI Full,0.21262901119701258,0.08784219622612,0.0,0.0,0.0,0.0,-1.476022021845596,88
2025-02-15 07:00:00,SACSI Full,0.21310788299835362,0.07436364889144897,0.0,0.0,0.0,0.0,-1.3800454587804518,88
2025-02-15 08:00:00,SACSI Full,0.21311759439353647,0.026341229677200317,0.0,0.0,0.0,0.0,-1.3774881700783916,88
2025-02-15 09:00:00,SACSI Full,0.21254054184493099,0.01868024468421936,0.0,0.0,0.0,0.0,-1.4923418457574174,88
2025-02-15 10:00:00,SACSI Full,0.21198550983717385,0.12397721409797668,0.0,0.0,0.0,0.0,-1.606430546541328,88
2025-02-15 11:00:00,SACSI Full,0.21194600092287572,0.332917720079422,0.0,0.0,0.0,0.0,-1.6195475748862598,88
2025-02-15 12:00:00,SACSI Full,0.21243398630543212,0.5728593468666077,0.0,0.0,0.0,0.0,-1.527059342118781,88
2025-02-15 13:00:00,SACSI Full,0.21226237074518772,0.31860634684562683,0.0,0.0,0.0,0.0,-1.556440507899578,88
2025-02-15 14:00:00,SACSI Full,0.21205058761855808,0.27400389313697815,0.0,0.0,0.0,0.0,-1.5958085786882106,88
2025-02-15 15:00:00,SACSI Full,0.21157017229626948,0.14441579580307007,0.0,0.0,0.0,0.0,-1.6901497376355041,88
2025-02-15 16:00:00,SACSI Full,0.21095879731951353,0.018653571605682373,0.0,0.0,0.0,0.0,-1.8098712297713817,88
2025-02-15 17:00:00,SACSI Full,0.21059790242607762,0.010232031345367432,0.0,0.0,0.0,0.0,-1.8807083708139865,88
2025-02-15 18:00:00,SACSI Full,0.21045083041066115,0.014792829751968384,0.0,0.0,0.0,0.0,-1.9101753824468757,88
2025-02-15 19:00:00,SACSI Full,0.21039897998650264,0.02119004726409912,0.0,0.0,0.0,0.0,-1.9206917758198747,88
2025-02-15 20:00:00,SACSI Full,0.2106951335285684,0.025771409273147583,0.0,0.0,0.0,0.0,-1.8615345360918756,88
2025-02-15 21:00:00,SACSI Full,0.2110153917522378,0.025761574506759644,0.0,0.0,0.0,0.0,-1.7974369793902398,88
2025-02-15 22:00:00,SACSI Full,0.2113262930157996,0.023105740547180176,0.0,0.0,0.0,0.0,-1.7352300699906176,88
2025-02-15 23:00:00,SACSI Full,0.2117191167856164,0.04035785794258118,0.0,0.0,0.0,0.0,-1.657156321209528,88
2025-02-16 00:00:00,SACSI Full,0.21207783030439814,0.030255615711212158,0.0,0.0,0.0,0.0,-1.5851400738569101,88
2025-02-16 01:00:00,SACSI Full,0.21211624849211824,0.034181028604507446,0.0,0.0,0.0,0.0,-1.5774731762773748,88
2025-02-16 02:00:00,SACSI Full,0.21250027064621932,0.03800228238105774,0.0,0.0,0.0,0.0,-1.500744128941523,88
2025-02-16 03:00:00,SACSI Full,0.21286157484946813,0.03897354006767273,0.0,0.0,0.0,0.0,-1.4284742134845934,88
2025-02-16 04:00:00,SACSI Full,0.22171197773236198,0.5891208648681641,0.0,0.0,0.0,0.0,0.9827161094546318,88
2025-02-16 05:00:00,SACSI Full,0.22665192137497822,0.2159830927848816,0.0,0.0,0.0,0.0,0.9919489604234695,88
2025-02-16 06:00:00,SACSI Full,0.22701608762600178,0.04324987530708313,0.0,0.0,0.0,0.0,0.9974076703190804,88
2025-02-16 07:00:00,SACSI Full,0.22730686363715086,0.03823280334472656,0.0,0.0,0.0,0.0,0.9991851732134819,88
2025-02-16 08:00:00,SACSI Full,0.23057470510023984,0.11635243892669678,0.0,0.0,0.0,0.0,0.9968917548656463,88
2025-02-16 09:00:00,SACSI Full,0.23218790462114564,0.062459856271743774,0.0,0.0,0.0,0.0,0.9982118770480155,88
2025-02-16 10:00:00,SACSI Full,0.23283419354218396,0.06588667631149292,0.0,0.0,0.0,0.0,0.9986479982733726,88
2025-02-16 11:00:00,SACSI Full,0.23357811354416763,0.13767600059509277,0.0,0.0,0.0,0.0,0.9965285867452621,88
2025-02-16 12:00:00,SACSI Full,0.23298361145037566,0.0786493718624115,0.0,0.0,0.0,0.0,0.997836746275425,88
2025-02-16 13:00:00,SACSI Full,0.23220162030794375,0.16490265727043152,0.0,0.0,0.0,0.0,0.9958394140005111,88
2025-02-16 14:00:00,SACSI Full,0.23165091921824366,0.07478967308998108,0.0,0.0,0.0,0.0,0.9976030766963959,88
2025-02-16 15:00:00,SACSI Full,0.23079978536862286,0.05915984511375427,0.0,0.0,0.0,0.0,0.9986605048179626,88
2025-02-16 16:00:00,SACSI Full,0.2300789198591128,0.021740347146987915,0.0,0.0,0.0,0.0,0.9991909980773926,88
2025-02-16 17:00:00,SACSI Full,0.22968437187212856,0.009135603904724121,0.0,0.0,0.0,0.0,0.9996912404894829,88
2025-02-16 18:00:00,SACSI Full,0.22950765787142666,0.014985799789428711,0.0,0.0,0.0,0.0,0.9996417820453644,88
2025-02-16 19:00:00,SACSI Full,0.2293957902814761,0.017439723014831543,0.0,0.0,0.0,0.0,0.9996266663074493,88
2025-02-16 20:00:00,SACSI Full,0.22937319309888432,0.027220845222473145,0.0,0.0,0.0,0.0,0.9993577718734741,88
2025-02-16 21:00:00,SACSI Full,0.22936542207497504,0.03166869282722473,0.0,0.0,0.0,0.0,0.999322147667408,88
2025-02-16 22:00:00,SACSI Full,0.22942306195038706,0.04279196262359619,0.0,0.0,0.0,0.0,0.9990329280495643,88
2025-02-16 23:00:00,SACSI Full,0.2294683870094831,0.03909751772880554,0.0,0.0,0.0,0.0,0.9991811051964761,88
2025-02-17 00:00:00,SACSI Full,0.2294736351301089,0.03557443618774414,0.0,0.0,0.0,0.0,0.9992532804608345,88
2025-02-17 01:00:00,SACSI Full,0.2295465914124067,0.047386884689331055,0.0,0.0,0.0,0.0,0.9989341378211974,88
2025-02-17 02:00:00,SACSI Full,0.23001739858565878,0.06674215197563171,0.0,0.0,0.0,0.0,0.9984716042876244,88
2025-02-17 03:00:00,SACSI Full,0.23007175672867053,0.04180744290351868,0.0,0.0,0.0,0.0,0.9989145040512085,88
2025-02-17 04:00:00,SACSI Full,0.23056386411843852,0.0731322169303894,0.0,0.0,0.0,0.0,0.9982241079211235,88
2025-02-17 05:00:00,SACSI Full,0.23069009105859356,0.06336808204650879,0.0,0.0,0.0,0.0,0.998634997010231,88
2025-02-17 06:00:00,SACSI Full,0.23133797296939448,0.11136457324028015,0.0,0.0,0.0,0.0,0.9972927436232567,88
2025-02-17 07:00:00,SACSI Full,0.2317990635579641,0.08082717657089233,0.0,0.0,0.0,0.0,0.9980780825018883,88
2025-02-17 08:00:00,SACSI Full,0.23141863740144325,0.013372153043746948,0.0,0.0,0.0,0.0,0.9990580067038537,88
2025-02-17 09:00:00,SACSI Full,0.23076204709150544,0.0240229070186615,0.0,0.0,0.0,0.0,0.9994130343198776,88
2025-02-17 10:00:00,SACSI Full,0.22991424093661858,0.05165815353393555,0.0,0.0,0.0,0.0,0.9986904844641685,88
2025-02-17 11:00:00,SACSI Full,0.22899000533042504,0.10522931814193726,0.0,0.0,0.0,0.0,0.9973597019910813,88
2025-02-17 12:00:00,SACSI Full,0.2281642052366153,0.16875997185707092,0.0,0.0,0.0,0.0,0.9959894940257072,88
2025-02-17 13:00:00,SACSI Full,0.22728245326934413,0.1519744098186493,0.0,0.0,0.0,0.0,0.9967926561832428,88
2025-02-17 14:00:00,SACSI Full,0.2264508668575501,0.141524076461792,0.0,0.0,0.0,0.0,0.9970650151371956,88
2025-02-17 15:00:00,SACSI Full,0.22556714837330735,0.05788445472717285,0.0,0.0,0.0,0.0,0.9980059146881103,88
2025-02-17 16:00:00,SACSI Full,0.22558937016981995,0.027666538953781128,0.0,0.0,0.0,0.0,0.9991444900631905,88
2025-02-17 17:00:00,SACSI Full,0.22516788856524386,0.009555518627166748,0.0,0.0,0.0,0.0,0.9996277794241905,88
2025-02-17 18:00:00,SACSI Full,0.22537961116729335,0.023016780614852905,0.0,0.0,0.0,0.0,0.999405051767826,88
2025-02-17 19:00:00,SACSI Full,0.22576424989241517,0.0408916175365448,0.0,0.0,0.0,0.0,0.9990034192800522,88
2025-02-17 20:00:00,SACSI Full,0.22576814922668695,0.026669800281524658,0.0,0.0,0.0,0.0,0.9993243858218193,88
2025-02-17 21:00:00,SACSI Full,0.22576985709685246,0.0260123610496521,0.0,0.0,0.0,0.0,0.9994731783866881,88
2025-02-17 22:00:00,SACSI Full,0.22579029771346015,0.031632184982299805,0.0,0.0,0.0,0.0,0.9993111580610275,88
2025-02-17 23:00:00,SACSI Full,0.22585078917441928,0.043647438287734985,0.0,0.0,0.0,0.0,0.999006898701191,88
2025-02-18 00:00:00,SACSI Full,0.22590778432625697,0.04259854555130005,0.0,0.0,0.0,0.0,0.9991375401616097,88
2025-02-18 01:00:00,SACSI Full,0.22602379976608522,0.05180463194847107,0.0,0.0,0.0,0.0,0.9988718464970588,88
2025-02-18 02:00:00,SACSI Full,0.2261800051277694,0.06386160850524902,0.0,0.0,0.0,0.0,0.9986021980643273,88
2025-02-18 03:00:00,SACSI Full,0.22632886570710112,0.06165817379951477,0.0,0.0,0.0,0.0,0.9987448021769523,88
2025-02-18 04:00:00,SACSI Full,0.22649476328073115,0.06676927208900452,0.0,0.0,0.0,0.0,0.998613503575325,88
2025-02-18 05:00:00,SACSI Full,0.22664467041828407,0.06197214126586914,0.0,0.0,0.0,0.0,0.9987125858664513,88
2025-02-18 06:00:00,SACSI Full,0.22671923105893707,0.047868192195892334,0.0,0.0,0.0,0.0,0.9989015966653824,88
2025-02-18 07:00:00,SACSI Full,0.2267095712957598,0.039602071046829224,0.0,0.0,0.0,0.0,0.9991252973675728,88
2025-02-18 08:00:00,SACSI Full,0.2263941211900927,0.015864968299865723,0.0,0.0,0.0,0.0,0.999445329606533,88
2025-02-18 09:00:00,SACSI Full,0.22570246967254254,0.022004544734954834,0.0,0.0,0.0,0.0,0.99949851334095,88
2025-02-18 10:00:00,SACSI Full,0.2247903016600825,0.04084959626197815,0.0,0.0,0.0,0.0,0.9989945575594902,88
2025-02-18 11:00:00,SACSI Full,0.22412212968129092,0.07354840636253357,0.0,0.0,0.0,0.0,0.9982020437717438,88
2025-02-18 12:00:00,SACSI Full,0.223127330320062,0.10956019163131714,0.0,0.0,0.0,0.0,0.9974486783146858,88
2025-02-18 13:00:00,SACSI Full,0.22245291842876047,0.0971764326095581,0.0,0.0,0.0,0.0,0.9979326337575912,88
2025-02-18 14:00:00,SACSI Full,0.22179657178022633,0.0685960054397583,0.0,0.0,0.0,0.0,0.9983422756195068,88
2025-02-18 15:00:00,SACSI Full,0.2213614414502995,0.0669609010219574,0.0,0.0,0.0,0.0,0.9986444309353829,88
2025-02-18 16:00:00,SACSI Full,0.22070515787301626,0.015614926815032959,0.0,0.0,0.0,0.0,0.99917424172163,88
2025-02-18 17:00:00,SACSI Full,0.22031281674800482,0.009797662496566772,0.0,0.0,0.0,0.0,0.999745874106884,88
2025-02-18 18:00:00,SACSI Full,0.22021900340495673,0.02285599708557129,0.0,0.0,0.0,0.0,0.9994122967123986,88
2025-02-18 19:00:00,SACSI Full,0.2202527825476544,0.035633742809295654,0.0,0.0,0.0,0.0,0.9991595476865769,88
2025-02-18 20:00:00,SACSI Full,0.2202670953100738,0.02979382872581482,0.0,0.0,0.0,0.0,0.9993457242846489,88
2025-02-18 21:00:00,SACSI Full,0.2203267532994168,0.04339739680290222,0.0,0.0,0.0,0.0,0.998996016383171,88
2025-02-18 22:00:00,SACSI Full,0.22039982110915754,0.03892034292221069,0.0,0.0,0.0,0.0,0.9991768226027489,88
2025-02-18 23:00:00,SACSI Full,0.22050557113903935,0.048725008964538574,0.0,0.0,0.0,0.0,0.998927453160286,88
2025-02-19 00:00:00,SACSI Full,0.22062443369406637,0.05265876650810242,0.0,0.0,0.0,0.0,0.9989074870944024,88
2025-02-19 01:00:00,SACSI Full,0.22074352771379727,0.05272820591926575,0.0,0.0,0.0,0.0,0.998944741487503,88
2025-02-19 02:00:00,SACSI Full,0.22115248314716596,0.04818663001060486,0.0,0.0,0.0,0.0,0.9989908516407013,88
2025-02-19 03:00:00,SACSI Full,0.22119814397909424,0.03919824957847595,0.0,0.0,0.0,0.0,0.9991261512041092,88
2025-02-19 04:00:00,SACSI Full,0.22119940305886843,0.034377723932266235,0.0,0.0,0.0,0.0,0.9992642402648926,88
2025-02-19 05:00:00,SACSI Full,0.22188324794707873,0.04765346646308899,0.0,0.0,0.0,0.0,0.99891417324543,88
2025-02-19 06:00:00,SACSI Full,0.2219955020683823,0.059176236391067505,0.0,0.0,0.0,0.0,0.9987012475728989,88
2025-02-19 07:00:00,SACSI Full,0.222006153581323,0.04569545388221741,0.0,0.0,0.0,0.0,0.9989512830972672,88
2025-02-19 08:00:00,SACSI Full,0.22162936777848183,0.014464259147644043,0.0,0.0,0.0,0.0,0.9993984028697014,88
2025-02-19 09:00:00,SACSI Full,0.22095774441498695,0.028012990951538086,0.0,0.0,0.0,0.0,0.9993042528629303,88
2025-02-19 10:00:00,SACSI Full,0.22006751760024013,0.05593195557594299,0.0,0.0,0.0,0.0,0.998602171242237,88
2025-02-19 11:00:00,SACSI Full,0.2191394903764941,0.11259183287620544,0.0,0.0,0.0,0.0,-0.17492036013170575,88
2025-02-19 12:00:00,SACSI Full,0.21838097537501558,0.19619151949882507,0.0,0.0,0.0,0.0,-0.3285647522530871,88
2025-02-19 13:00:00,SACSI Full,0.21754230270072147,0.16694709658622742,0.0,0.0,0.0,0.0,-0.49517084601655603,88
2025-02-19 14:00:00,SACSI Full,0.21671997744000648,0.13305172324180603,0.0,0.0,0.0,0.0,-0.6590045001969838,88
2025-02-19 15:00:00,SACSI Full,0.2159188789938726,0.06859049201011658,0.0,0.0,0.0,0.0,-0.8182406233779987,88
2025-02-19 16:00:00,SACSI Full,0.21526478601170482,0.020111650228500366,0.0,0.0,0.0,0.0,-0.9479298190814229,88
2025-02-19 17:00:00,SACSI Full,0.21521357838534902,0.012164264917373657,0.0,0.0,0.0,0.0,-0.9576070820816551,88
2025-02-19 18:00:00,SACSI Full,0.21508984067165143,0.01836225390434265,0.0,0.0,0.0,0.0,-0.9824610906376701,88
2025-02-19 19:00:00,SACSI Full,0.2150748737910687,0.027168989181518555,0.0,0.0,0.0,0.0,-0.9856566889226603,88
2025-02-19 20:00:00,SACSI Full,0.215132993825559,0.04119187593460083,0.0,0.0,0.0,0.0,-0.9743653012744221,88
2025-02-19 21:00:00,SACSI Full,0.2151863447014929,0.03978058695793152,0.0,0.0,0.0,0.0,-0.963540784330347,88
2025-02-19 22:00:00,SACSI Full,0.21528466540302138,0.0453639030456543,0.0,0.0,0.0,0.0,-0.9440300306175144,88
2025-02-19 23:00:00,SACSI Full,0.21535309518756107,0.04436507821083069,0.0,0.0,0.0,0.0,-0.9302782523003505,88
2025-02-20 00:00:00,SACSI Full,0.2154793468509888,0.053790509700775146,0.0,0.0,0.0,0.0,-0.905300694311156,88
2025-02-20 01:00:00,SACSI Full,0.21564737338870563,0.06636381149291992,0.0,0.0,0.0,0.0,-0.8719783315066547,88
2025-02-20 02:00:00,SACSI Full,0.2157503086793659,0.054861605167388916,0.0,0.0,0.0,0.0,-0.8511505182934236,88
2025-02-20 03:00:00,SACSI Full,0.215856870006141,0.05598828196525574,0.0,0.0,0.0,0.0,-0.829757031179082,88
2025-02-20 04:00:00,SACSI Full,0.21596137209934113,0.055408626794815063,0.0,0.0,0.0,0.0,-0.8088395492193747,88
2025-02-20 05:00:00,SACSI Full,0.2160141000782934,0.03989562392234802,0.0,0.0,0.0,0.0,-0.7981330268484946,88
2025-02-20 06:00:00,SACSI Full,0.21612936171380548,0.05869776010513306,0.0,0.0,0.0,0.0,-0.7754896338028349,88
2025-02-20 07:00:00,SACSI Full,0.21647119376887705,0.05109652876853943,0.0,0.0,0.0,0.0,-0.7068591891133267,88
2025-02-20 08:00:00,SACSI Full,0.21644540462612538,0.014028102159500122,0.0,0.0,0.0,0.0,-0.7115703210842044,88
2025-02-20 09:00:00,SACSI Full,0.21584495333595374,0.01363798975944519,0.0,0.0,0.0,0.0,-0.831285993728441,88
2025-02-20 10:00:00,SACSI Full,0.21547593833623124,0.04705488681793213,0.0,0.0,0.0,0.0,-0.9060875994606952,88
2025-02-20 11:00:00,SACSI Full,0.21474117558180864,0.08297204971313477,0.0,0.0,0.0,0.0,-1.0537834962614878,88
2025-02-20 12:00:00,SACSI Full,0.21493719185849883,0.17940476536750793,0.0,0.0,0.0,0.0,-1.0171140507641288,88
2025-02-20 13:00:00,SACSI Full,0.2145979612142247,0.13337790966033936,0.0,0.0,0.0,0.0,-1.083535583905339,88
2025-02-20 14:00:00,SACSI Full,0.21381692631593874,0.10480731725692749,0.0,0.0,0.0,0.0,-1.2389965890814254,88
2025-02-20 15:00:00,SACSI Full,0.21310061666138852,0.05713850259780884,0.0,0.0,0.0,0.0,-1.3814961259208436,88
2025-02-20 16:00:00,SACSI Full,0.21248739432373875,0.015413165092468262,0.0,0.0,0.0,0.0,-1.5032466519291523,88
2025-02-20 17:00:00,SACSI Full,0.2121406967271421,0.009866952896118164,0.0,0.0,0.0,0.0,-1.5721134557514689,88
2025-02-20 18:00:00,SACSI Full,0.21198677287821616,0.014234185218811035,0.0,0.0,0.0,0.0,-1.602973780384372,88
2025-02-20 19:00:00,SACSI Full,0.21192412816845413,0.018879622220993042,0.0,0.0,0.0,0.0,-1.615598413123616,88
2025-02-20 20:00:00,SACSI Full,0.2119476981202728,0.029665082693099976,0.0,0.0,0.0,0.0,-1.6111615322040214,88
2025-02-20 21:00:00,SACSI Full,0.2119859374722303,0.03407984972000122,0.0,0.0,0.0,0.0,-1.6035382502186102,88
2025-02-20 22:00:00,SACSI Full,0.21205951904698472,0.03715828061103821,0.0,0.0,0.0,0.0,-1.5888701405241867,88
2025-02-20 23:00:00,SACSI Full,0.21209857810928504,0.03436684608459473,0.0,0.0,0.0,0.0,-1.5809996294099495,88
2025-02-21 00:00:00,SACSI Full,0.21286725456231367,0.053532421588897705,0.0,0.0,0.0,0.0,-1.4278113917240864,88
2025-02-21 01:00:00,SACSI Full,0.2136323434755712,0.052735209465026855,0.0,0.0,0.0,0.0,-1.2745939811963003,88
2025-02-21 02:00:00,SACSI Full,0.21364606722839644,0.027330666780471802,0.0,0.0,0.0,0.0,-1.271587213083168,88
2025-02-21 03:00:00,SACSI Full,0.21363538925692646,0.02775534987449646,0.0,0.0,0.0,0.0,-1.273481502443138,88
2025-02-21 04:00:00,SACSI Full,0.21429968196084037,0.030569732189178467,0.0,0.0,0.0,0.0,-1.1407031462988564,88
2025-02-21 05:00:00,SACSI Full,0.21611140773219673,0.07568106055259705,0.0,0.0,0.0,0.0,-0.7796831880553413,88
2025-02-21 06:00:00,SACSI Full,0.21755079469398814,0.06467968225479126,0.0,0.0,0.0,0.0,-0.4912446686304468,88
2025-02-21 07:00:00,SACSI Full,0.21812281121480231,0.029673874378204346,0.0,0.0,0.0,0.0,-0.3763812926058673,88
2025-02-21 08:00:00,SACSI Full,0.21843695748869643,0.01965835690498352,0.0,0.0,0.0,0.0,-0.3131018245735458,88
2025-02-21 09:00:00,SACSI Full,0.2279545700000134,0.5507837533950806,0.0,0.0,0.0,0.0,0.9836730709671975,88
2025-02-21 10:00:00,SACSI Full,0.227523921511015,0.034305453300476074,0.0,0.0,0.0,0.0,0.9941491079330445,88
2025-02-21 11:00:00,SACSI Full,0.22650266196076146,0.07612213492393494,0.0,0.0,0.0,0.0,0.9980593904852867,88
2025-02-21 12:00:00,SACSI Full,0.22577580034478578,0.20694151520729065,0.0,0.0,0.0,0.0,0.9945529758930206,88
2025-02-21 13:00:00,SACSI Full,0.22539920519256665,0.30352145433425903,0.0,0.0,0.0,0.0,0.9929637715220451,88
2025-02-21 14:00:00,SACSI Full,0.22489204648637842,0.11335238814353943,0.0,0.0,0.0,0.0,0.9958312615752221,88
2025-02-21 15:00:00,SACSI Full,0.2244938007694887,0.06952628493309021,0.0,0.0,0.0,0.0,0.9981712132692336,88
2025-02-21 16:00:00,SACSI Full,0.22383154281997747,0.013822615146636963,0.0,0.0,0.0,0.0,0.9991665109992027,88
2025-02-21 17:00:00,SACSI Full,0.22340376895173458,0.007667839527130127,0.0,0.0,0.0,0.0,0.9997850954532623,88
2025-02-21 18:00:00,SACSI Full,0.22327009622716973,0.01939818263053894,0.0,0.0,0.0,0.0,0.9994947329163552,88
2025-02-21 19:00:00,SACSI Full,0.22324520823939709,0.02653360366821289,0.0,0.0,0.0,0.0,0.999397973716259,88
2025-02-21 20:00:00,SACSI Full,0.2232865631324457,0.0379064679145813,0.0,0.0,0.0,0.0,0.9991281419992446,88
2025-02-21 21:00:00,SACSI Full,0.22333395994965305,0.03971904516220093,0.0,0.0,0.0,0.0,0.9991874933242798,88
2025-02-21 22:00:00,SACSI Full,0.22336260216538184,0.03409266471862793,0.0,0.0,0.0,0.0,0.9992618829011918,88
2025-02-21 23:00:00,SACSI Full,0.22340822723452325,0.03918752074241638,0.0,0.0,0.0,0.0,0.9991653010249137,88
2025-02-22 00:00:00,SACSI Full,0.22347878691339568,0.046667903661727905,0.0,0.0,0.0,0.0,0.9989918380975723,88
2025-02-22 01:00:00,SACSI Full,0.2235074360829997,0.03409475088119507,0.0,0.0,0.0,0.0,0.9991923734545707,88
2025-02-22 02:00:00,SACSI Full,0.22355520592594227,0.039830952882766724,0.0,0.0,0.0,0.0,0.9991460189223289,88
2025-02-22 03:00:00,SACSI Full,0.2236161742240596,0.04379048943519592,0.0,0.0,0.0,0.0,0.9990845948457717,88
2025-02-22 04:00:00,SACSI Full,0.22390742386086862,0.02987489104270935,0.0,0.0,0.0,0.0,0.999263346195221,88
2025-02-22 05:00:00,SACSI Full,0.22573981024646836,0.08371591567993164,0.0,0.0,0.0,0.0,0.9977872714400291,88
2025-02-22 06:00:00,SACSI Full,0.22605661017640505,0.029039978981018066,0.0,0.0,0.0,0.0,0.9988724410533906,88
2025-02-22 07:00:00,SACSI Full,0.22663730273548835,0.033707767724990845,0.0,0.0,0.0,0.0,0.9992791667580605,88
2025-02-22 08:00:00,SACSI Full,0.22631148986562166,0.012756139039993286,0.0,0.0,0.0,0.0,0.9995353609323502,88
2025-02-22 09:00:00,SACSI Full,0.2257193558214513,0.01785978674888611,0.0,0.0,0.0,0.0,0.9995917677879333,88
2025-02-22 10:00:00,SACSI Full,0.2248839479635564,0.03837764263153076,0.0,0.0,0.0,0.0,0.999027268588543,88
2025-02-22 11:00:00,SACSI Full,0.22399518123134055,0.047869980335235596,0.0,0.0,0.0,0.0,0.9989476770162582,88
2025-02-22 12:00:00,SACSI Full,0.22308035084390715,0.057050883769989014,0.0,0.0,0.0,0.0,0.9987671732902527,88
2025-02-22 13:00:00,SACSI Full,0.22218881597264684,0.047039538621902466,0.0,0.0,0.0,0.0,0.9989590957760811,88
2025-02-22 14:00:00,SACSI Full,0.22139798248910977,0.03474995493888855,0.0,0.0,0.0,0.0,0.9991821050643921,88
2025-02-22 15:00:00,SACSI Full,0.22062665340089874,0.03210127353668213,0.0,0.0,0.0,0.0,0.9993314877152443,88
2025-02-22 16:00:00,SACSI Full,0.22259826368475036,0.06148308515548706,0.0,0.0,0.0,0.0,0.9984765201807022,88
2025-02-22 17:00:00,SACSI Full,0.22305436756674524,0.030331164598464966,0.0,0.0,0.0,0.0,0.9990818575024605,88
2025-02-22 18:00:00,SACSI Full,0.22332581776523663,0.032435059547424316,0.0,0.0,0.0,0.0,0.9993302598595619,88
2025-02-22 19:00:00,SACSI Full,0.22336922454818164,0.038522034883499146,0.0,0.0,0.0,0.0,0.9991686895489693,88
2025-02-22 20:00:00,SACSI Full,0.22348112677081503,0.050570666790008545,0.0,0.0,0.0,0.0,0.9988681003451347,88
2025-02-22 21:00:00,SACSI Full,0.22363599102799175,0.06345927715301514,0.0,0.0,0.0,0.0,0.9986019283533096,88
2025-02-22 22:00:00,SACSI Full,0.2236959833000509,0.043497681617736816,0.0,0.0,0.0,0.0,0.9989304304122925,88
2025-02-22 23:00:00,SACSI Full,0.22379568196837188,0.046909600496292114,0.0,0.0,0.0,0.0,0.9990276888012886,88
2025-02-23 00:00:00,SACSI Full,0.22395146761401577,0.06373569369316101,0.0,0.0,0.0,0.0,0.9985570251941681,88
2025-02-23 01:00:00,SACSI Full,0.22415227910502836,0.07724344730377197,0.0,0.0,0.0,0.0,0.9983200535178185,88
2025-02-23 02:00:00,SACSI Full,0.22425526794974093,0.04789665341377258,0.0,0.0,0.0,0.0,0.9987485989928246,88
2025-02-23 03:00:00,SACSI Full,0.22862828760369705,0.2374058961868286,0.0,0.0,0.0,0.0,0.9933567896485329,88
2025-02-23 04:00:00,SACSI Full,0.22907676316881265,0.05154266953468323,0.0,0.0,0.0,0.0,0.9971105143427849,88
2025-02-23 05:00:00,SACSI Full,0.2310802643241891,0.1265503466129303,0.0,0.0,0.0,0.0,0.996718916296959,88
2025-02-23 06:00:00,SACSI Full,0.23145457230552122,0.046292394399642944,0.0,0.0,0.0,0.0,0.9982715725898742,88
2025-02-23 07:00:00,SACSI Full,0.2314313894731212,0.04404515027999878,0.0,0.0,0.0,0.0,0.9990966245532036,88
2025-02-23 08:00:00,SACSI Full,0.23102649037742698,0.014530271291732788,0.0,0.0,0.0,0.0,0.9994142457842826,88
2025-02-23 09:00:00,SACSI Full,0.2303262599959382,0.027930885553359985,0.0,0.0,0.0,0.0,0.9993073761463165,88
2025-02-23 10:00:00,SACSI Full,0.22946546598895476,0.04776179790496826,0.0,0.0,0.0,0.0,0.9988464549183846,88
2025-02-23 11:00:00,SACSI Full,0.22855021783812926,0.07392555475234985,0.0,0.0,0.0,0.0,0.9982598513364791,88
2025-02-23 12:00:00,SACSI Full,0.22756700668160207,0.0790366530418396,0.0,0.0,0.0,0.0,0.9983681559562683,88
2025-02-23 13:00:00,SACSI Full,0.22663432562812255,0.08569568395614624,0.0,0.0,0.0,0.0,0.9982194960117341,88
2025-02-23 14:00:00,SACSI Full,0.2261413337213207,0.10910242795944214,0.0,0.0,0.0,0.0,0.9975838840007782,88
2025-02-23 15:00:00,SACSI Full,0.2253426624582617,0.04089862108230591,0.0,0.0,0.0,0.0,0.9984999895095825,88
2025-02-23 16:00:00,SACSI Full,0.22467527029657447,0.02078235149383545,0.0,0.0,0.0,0.0,0.9993831902742386,88
2025-02-23 17:00:00,SACSI Full,0.2242541726452518,0.00967070460319519,0.0,0.0,0.0,0.0,0.9996954694390298,88
2025-02-23 18:00:00,SACSI Full,0.2241316002923656,0.022728294134140015,0.0,0.0,0.0,0.0,0.9994148582220078,88
2025-02-23 19:00:00,SACSI Full,0.2241194542875298,0.03035619854927063,0.0,0.0,0.0,0.0,0.9993165969848633,88
2025-02-23 20:00:00,SACSI Full,0.22414231733624224,0.032358914613723755,0.0,0.0,0.0,0.0,0.999332794547081,88
2025-02-23 21:00:00,SACSI Full,0.22411178131167175,0.024839192628860474,0.0,0.0,0.0,0.0,0.9994280189275742,88
2025-02-23 22:00:00,SACSI Full,0.22591369581604084,0.07457435131072998,0.0,0.0,0.0,0.0,0.9980111613869667,88
2025-02-23 23:00:00,SACSI Full,0.2277447291762042,0.08331000804901123,0.0,0.0,0.0,0.0,0.998246443271637,88
2025-02-24 00:00:00,SACSI Full,0.2277280045412389,0.028982609510421753,0.0,0.0,0.0,0.0,0.9988770738244057,88
2025-02-24 01:00:00,SACSI Full,0.22875335803651883,0.050106048583984375,0.0,0.0,0.0,0.0,0.9987866446375846,88
2025-02-24 02:00:00,SACSI Full,0.22908113538646768,0.04083320498466492,0.0,0.0,0.0,0.0,0.9990906074643136,88
2025-02-24 03:00:00,SACSI Full,0.22942189539019334,0.0362280011177063,0.0,0.0,0.0,0.0,0.9992293879389763,88
2025-02-24 04:00:00,SACSI Full,0.2297581562366492,0.03487825393676758,0.0,0.0,0.0,0.0,0.9992889374494554,88
2025-02-24 05:00:00,SACSI Full,0.22972583505296768,0.02430364489555359,0.0,0.0,0.0,0.0,0.9994081810116768,88
2025-02-24 06:00:00,SACSI Full,0.2297112641325003,0.029628723859786987,0.0,0.0,0.0,0.0,0.9993541747331619,88
2025-02-24 07:00:00,SACSI Full,0.23031867844724715,0.04172429442405701,0.0,0.0,0.0,0.0,0.9990445584058761,88
2025-02-24 08:00:00,SACSI Full,0.23068096210066538,0.01918509602546692,0.0,0.0,0.0,0.0,0.9993909060955048,88
2025-02-24 09:00:00,SACSI Full,0.23009823913319968,0.020683109760284424,0.0,0.0,0.0,0.0,0.9995713576674462,88
2025-02-24 10:00:00,SACSI Full,0.22926795551919998,0.048414915800094604,0.0,0.0,0.0,0.0,0.9987543836236,88
2025-02-24 11:00:00,SACSI Full,0.22836592820946436,0.060891807079315186,0.0,0.0,0.0,0.0,0.9986573949456214,88
2025-02-24 12:00:00,SACSI Full,0.2274324017634398,0.08544206619262695,0.0,0.0,0.0,0.0,0.9980456560850144,88
2025-02-24 13:00:00,SACSI Full,0.22651526189311408,0.08185803890228271,0.0,0.0,0.0,0.0,0.9983269989490509,88
2025-02-24 14:00:00,SACSI Full,0.22565847801987393,0.0574648380279541,0.0,0.0,0.0,0.0,0.9986067712306976,88
2025-02-24 15:00:00,SACSI Full,0.2248586762553857,0.040559470653533936,0.0,0.0,0.0,0.0,0.9990197569131851,88
2025-02-24 16:00:00,SACSI Full,0.22420119733953536,0.023756325244903564,0.0,0.0,0.0,0.0,0.9993568420410156,88
2025-02-24 17:00:00,SACSI Full,0.2237744581085847,0.007978230714797974,0.0,0.0,0.0,0.0,0.9996826544404029,88
2025-02-24 18:00:00,SACSI Full,0.22363140758657518,0.016584843397140503,0.0,0.0,0.0,0.0,0.9995822370052339,88
2025-02-24 19:00:00,SACSI Full,0.22358318537378372,0.01953333616256714,0.0,0.0,0.0,0.0,0.9995798483490943,88
2025-02-24 20:00:00,SACSI Full,0.22349411682589906,0.015779435634613037,0.0,0.0,0.0,0.0,0.9996468722820282,88
2025-02-24 21:00:00,SACSI Full,0.22341048769855557,0.017411261796951294,0.0,0.0,0.0,0.0,0.9996354565024376,88
2025-02-24 22:00:00,SACSI Full,0.22331843246126232,0.014883428812026978,0.0,0.0,0.0,0.0,0.9996770530939102,88
2025-02-24 23:00:00,SACSI Full,0.2232352896084791,0.017557144165039062,0.0,0.0,0.0,0.0,0.9996221199631692,88
2025-02-25 00:00:00,SACSI Full,0.22321859328572008,0.028991103172302246,0.0,0.0,0.0,0.0,0.9993058383464812,88
2025-02-25 01:00:00,SACSI Full,0.22367819925610277,0.06338179111480713,0.0,0.0,0.0,0.0,0.9983884572982787,88
2025-02-25 02:00:00,SACSI Full,0.22402656679932326,0.038510262966156006,0.0,0.0,0.0,0.0,0.9989810794591903,88
2025-02-25 03:00:00,SACSI Full,0.22397536110862143,0.02713829278945923,0.0,0.0,0.0,0.0,0.9993435144424438,88
2025-02-25 04:00:00,SACSI Full,0.22402615986092936,0.040739625692367554,0.0,0.0,0.0,0.0,0.9990491941571236,88
2025-02-25 05:00:00,SACSI Full,0.22407705199384742,0.04076763987541199,0.0,0.0,0.0,0.0,0.9991843670606614,88
2025-02-25 06:00:00,SACSI Full,0.22414485197766676,0.04583999514579773,0.0,0.0,0.0,0.0,0.9990324765443802,88
2025-02-25 07:00:00,SACSI Full,0.22439486907386832,0.03450512886047363,0.0,0.0,0.0,0.0,0.9991965487599372,88
2025-02-25 08:00:00,SACSI Full,0.22396919974629137,0.008299201726913452,0.0,0.0,0.0,0.0,0.9995719566941261,88
2025-02-25 09:00:00,SACSI Full,0.22328862674538347,0.025328099727630615,0.0,0.0,0.0,0.0,0.9993231490254403,88
2025-02-25 10:00:00,SACSI Full,0.2224286115382518,0.06499543786048889,0.0,0.0,0.0,0.0,0.9983034178614617,88
2025-02-25 11:00:00,SACSI Full,0.22166473206345297,0.1448361575603485,0.0,0.0,0.0,0.0,0.9963048696517944,88
2025-02-25 12:00:00,SACSI Full,0.22098375986639715,0.195208340883255,0.0,0.0,0.0,0.0,0.9955921113491057,88
2025-02-25 13:00:00,SACSI Full,0.2201635167493826,0.12792706489562988,0.0,0.0,0.0,0.0,0.9967686459422112,88
2025-02-25 14:00:00,SACSI Full,0.21932781500482615,0.0807894766330719,0.0,0.0,0.0,0.0,-0.1365241644500575,88
2025-02-25 15:00:00,SACSI Full,0.2185629963387939,0.05757153034210205,0.0,0.0,0.0,0.0,-0.2887843423109737,88
2025-02-25 16:00:00,SACSI Full,0.2178755358185334,0.01875549554824829,0.0,0.0,0.0,0.0,-0.4256561065522259,88
2025-02-25 17:00:00,SACSI Full,0.2174564466192651,0.006185770034790039,0.0,0.0,0.0,0.0,-0.5089600888028087,88
2025-02-25 18:00:00,SACSI Full,0.21730931486902344,0.01323595643043518,0.0,0.0,0.0,0.0,-0.5384722471878773,88
2025-02-25 19:00:00,SACSI Full,0.21727078510926853,0.021168440580368042,0.0,0.0,0.0,0.0,-0.5463456717994003,88
2025-02-25 20:00:00,SACSI Full,0.2172517236288334,0.018810182809829712,0.0,0.0,0.0,0.0,-0.5500550604672203,88
2025-02-25 21:00:00,SACSI Full,0.21722989868825082,0.01797318458557129,0.0,0.0,0.0,0.0,-0.5543880960237899,88
2025-02-25 22:00:00,SACSI Full,0.21753067043069213,0.023085325956344604,0.0,0.0,0.0,0.0,-0.4943787417944088,88
2025-02-25 23:00:00,SACSI Full,0.21785424322483726,0.030083060264587402,0.0,0.0,0.0,0.0,-0.42982299358092185,88
2025-02-26 00:00:00,SACSI Full,0.21781387807805067,0.02088204026222229,0.0,0.0,0.0,0.0,-0.43773403539513517,88
2025-02-26 01:00:00,SACSI Full,0.2177392996384503,0.018837302923202515,0.0,0.0,0.0,0.0,-0.4525372657417965,88
2025-02-26 02:00:00,SACSI Full,0.2177514837885692,0.03661647439002991,0.0,0.0,0.0,0.0,-0.45061336348862796,88
2025-02-26 03:00:00,SACSI Full,0.21775538451464746,0.034133344888687134,0.0,0.0,0.0,0.0,-0.4496305952632954,88
2025-02-26 04:00:00,SACSI Full,0.21774388764023286,0.029508471488952637,0.0,0.0,0.0,0.0,-0.45185889011720387,88
2025-02-26 05:00:00,SACSI Full,0.21775702293914606,0.03690451383590698,0.0,0.0,0.0,0.0,-0.44940746287097566,88
2025-02-26 06:00:00,SACSI Full,0.21771442465536386,0.028416216373443604,0.0,0.0,0.0,0.0,-0.4577682762293209,88
2025-02-26 07:00:00,SACSI Full,0.2175904709943999,0.02042904496192932,0.0,0.0,0.0,0.0,-0.4823942537333732,88
2025-02-26 08:00:00,SACSI Full,0.21720900037676819,0.00872299075126648,0.0,0.0,0.0,0.0,-0.558491445003495,88
2025-02-26 09:00:00,SACSI Full,0.21665091839540637,0.012228339910507202,0.0,0.0,0.0,0.0,-0.6700959412085283,88
2025-02-26 10:00:00,SACSI Full,0.2160232308106743,0.014170259237289429,0.0,0.0,0.0,0.0,-0.7956566622431562,88
2025-02-26 11:00:00,SACSI Full,0.21533202687505168,0.025433450937271118,0.0,0.0,0.0,0.0,-0.9342159259254096,88
2025-02-26 12:00:00,SACSI Full,0.21459759718418916,0.033972710371017456,0.0,0.0,0.0,0.0,-1.081245409963925,88
2025-02-26 13:00:00,SACSI Full,0.2138411889782081,0.03236159682273865,0.0,0.0,0.0,0.0,-1.2324255474303152,88
2025-02-26 14:00:00,SACSI Full,0.21318501893039302,0.02829328179359436,0.0,0.0,0.0,0.0,-1.3636027627075602,88
2025-02-26 15:00:00,SACSI Full,0.21258221088213547,0.018839985132217407,0.0,0.0,0.0,0.0,-1.4840291562421644,88
2025-02-26 16:00:00,SACSI Full,0.21223606421338567,0.010206997394561768,0.0,0.0,0.0,0.0,-1.5530776271481335,88
2025-02-26 17:00:00,SACSI Full,0.21199893400107298,0.012044161558151245,0.0,0.0,0.0,0.0,-1.6004724546582043,88
2025-02-26 18:00:00,SACSI Full,0.21187042173766635,0.014185607433319092,0.0,0.0,0.0,0.0,-1.6262207790741485,88
2025-02-26 19:00:00,SACSI Full,0.2118497579195081,0.02389088273048401,0.0,0.0,0.0,0.0,-1.6306232865059598,88
2025-02-26 20:00:00,SACSI Full,0.21181360386640793,0.01922622323036194,0.0,0.0,0.0,0.0,-1.6377103977780219,88
2025-02-26 21:00:00,SACSI Full,0.21178137637767244,0.020388513803482056,0.0,0.0,0.0,0.0,-1.6441441176473126,88
2025-02-26 22:00:00,SACSI Full,0.21174954918940667,0.020493119955062866,0.0,0.0,0.0,0.0,-1.6505010705792842,88
2025-02-26 23:00:00,SACSI Full,0.21172356615259846,0.02223372459411621,0.0,0.0,0.0,0.0,-1.6557488500185802,88
2025-02-27 00:00:00,SACSI Full,0.21171968981082173,0.028863847255706787,0.0,0.0,0.0,0.0,-1.656705616007384,88
2025-02-27 01:00:00,SACSI Full,0.21170858653036476,0.026690363883972168,0.0,0.0,0.0,0.0,-1.6588382360384457,88
2025-02-27 02:00:00,SACSI Full,0.21169721459576352,0.02660423517227173,0.0,0.0,0.0,0.0,-1.6610900268378592,88
2025-02-27 03:00:00,SACSI Full,0.21168431981198765,0.026141107082366943,0.0,0.0,0.0,0.0,-1.6636634910250159,88
2025-02-27 04:00:00,SACSI Full,0.21169996302621308,0.02719670534133911,0.0,0.0,0.0,0.0,-1.6605618848468011,88
2025-02-27 05:00:00,SACSI Full,0.21171939532583126,0.028340518474578857,0.0,0.0,0.0,0.0,-1.656699183334573,88
2025-02-27 06:00:00,SACSI Full,0.21170201490907786,0.024804025888442993,0.0,0.0,0.0,0.0,-1.660128463628058,88
2025-02-27 07:00:00,SACSI Full,0.21161981814465694,0.020344704389572144,0.0,0.0,0.0,0.0,-1.6764878583713922,88
2025-02-27 08:00:00,SACSI Full,0.21124476962122654,0.0072509050369262695,0.0,0.0,0.0,0.0,-1.7513220318489569,88
2025-02-27 09:00:00,SACSI Full,0.21062255576525687,0.02181529998779297,0.0,0.0,0.0,0.0,-1.8760707968978898,88
2025-02-27 10:00:00,SACSI Full,0.20997352885539658,0.07884114980697632,0.0,0.0,0.0,0.0,-2.007441310415016,88
2025-02-27 11:00:00,SACSI Full,0.2094243290696996,0.1659756898880005,0.0,0.0,0.0,0.0,-2.119325045258651,88
2025-02-27 12:00:00,SACSI Full,0.20889023097409345,0.1898173987865448,0.0,0.0,0.0,0.0,-2.2259885702460256,88
2025-02-27 13:00:00,SACSI Full,0.2083295811095616,0.18588870763778687,0.0,0.0,0.0,0.0,-2.3378408391519243,88
2025-02-27 14:00:00,SACSI Full,0.2075895369021938,0.09851053357124329,0.0,0.0,0.0,0.0,-2.4849366119733283,88
2025-02-27 15:00:00,SACSI Full,0.20689032302422214,0.04972204566001892,0.0,0.0,0.0,0.0,-2.6234177209478853,88
2025-02-27 16:00:00,SACSI Full,0.2063459279440024,0.01646563410758972,0.0,0.0,0.0,0.0,-2.7314762879971988,88
2025-02-27 17:00:00,SACSI Full,0.20600458210249104,0.007114410400390625,0.0,0.0,0.0,0.0,-2.799319379946873,88
2025-02-27 18:00:00,SACSI Full,0.20589964476716516,0.0161685049533844,0.0,0.0,0.0,0.0,-2.820484957611566,88
2025-02-27 19:00:00,SACSI Full,0.20588310473781596,0.022225230932235718,0.0,0.0,0.0,0.0,-2.8238841243152417,88
2025-02-27 20:00:00,SACSI Full,0.20588446137700991,0.020789653062820435,0.0,0.0,0.0,0.0,-2.823537873437968,88
2025-02-27 21:00:00,SACSI Full,0.20588147051331365,0.01948431134223938,0.0,0.0,0.0,0.0,-2.8241086369813204,88
2025-02-27 22:00:00,SACSI Full,0.2058873907969361,0.022159814834594727,0.0,0.0,0.0,0.0,-2.822991791944395,88
2025-02-27 23:00:00,SACSI Full,0.2058967919864281,0.023207515478134155,0.0,0.0,0.0,0.0,-2.821116230030378,88
2025-02-28 00:00:00,SACSI Full,0.205899198625188,0.02111002802848816,0.0,0.0,0.0,0.0,-2.8206034503974684,88
2025-02-28 01:00:00,SACSI Full,0.20595750156459197,0.03109157085418701,0.0,0.0,0.0,0.0,-2.809221333926947,88
2025-02-28 02:00:00,SACSI Full,0.2060165012649925,0.03131493926048279,0.0,0.0,0.0,0.0,-2.7973282794707743,88
2025-02-28 03:00:00,SACSI Full,0.20610622797741177,0.04055485129356384,0.0,0.0,0.0,0.0,-2.7796579006638495,88
2025-02-28 04:00:00,SACSI Full,0.20620151013309693,0.04224464297294617,0.0,0.0,0.0,0.0,-2.7605597641568678,88
2025-02-28 05:00:00,SACSI Full,0.20625450191320133,0.036415159702301025,0.0,0.0,0.0,0.0,-2.7498862153864874,88
2025-02-28 06:00:00,SACSI Full,0.20633634375391877,0.038245320320129395,0.0,0.0,0.0,0.0,-2.7335144572288277,88
2025-02-28 07:00:00,SACSI Full,0.20628849923094503,0.02675667405128479,0.0,0.0,0.0,0.0,-2.742950173754709,88
2025-02-28 08:00:00,SACSI Full,0.20592664277249306,0.007691532373428345,0.0,0.0,0.0,0.0,-2.815015927565635,88
2025-02-28 09:00:00,SACSI Full,0.205342094990637,0.0218336284160614,0.0,0.0,0.0,0.0,-2.9321590954013494,88
2025-02-28 10:00:00,SACSI Full,0.20467650716775942,0.056557804346084595,0.0,0.0,0.0,0.0,-3.066176964294337,88
2025-02-28 11:00:00,SACSI Full,0.20446057276970225,0.2383287250995636,0.0,0.0,0.0,0.0,-3.114469729769076,88
2025-02-28 12:00:00,SACSI Full,0.2056740697568788,0.7160979509353638,0.0,0.0,0.0,0.0,-2.8842856999013065,88
2025-02-28 13:00:00,SACSI Full,0.20721814893598456,0.8177955150604248,0.0,0.0,0.0,0.0,-2.5737430987455476,88
2025-02-28 14:00:00,SACSI Full,0.20758897224859457,0.4390254616737366,0.0,0.0,0.0,0.0,-2.4947737600484277,88
2025-02-28 15:00:00,SACSI Full,0.20720842800000588,0.16110479831695557,0.0,0.0,0.0,0.0,-2.5643157025987304,88
2025-02-28 16:00:00,SACSI Full,0.20660981101740106,0.029171258211135864,0.0,0.0,0.0,0.0,-2.6799405570850694,88
2025-02-28 17:00:00,SACSI Full,0.2062205431749857,0.0070035457611083984,0.0,0.0,0.0,0.0,-2.756253113042583,88
2025-02-28 18:00:00,SACSI Full,0.2060426388470807,0.008099228143692017,0.0,0.0,0.0,0.0,-2.7916451719705577,88
2025-02-28 19:00:00,SACSI Full,0.20594702599462222,0.01217678189277649,0.0,0.0,0.0,0.0,-2.810879112250902,88
2025-02-28 20:00:00,SACSI Full,0.20595321890774415,0.022265613079071045,0.0,0.0,0.0,0.0,-2.8099024190246147,88
2025-02-28 21:00:00,SACSI Full,0.20594576397006184,0.018168538808822632,0.0,0.0,0.0,0.0,-2.811251547506511,88
2025-02-28 22:00:00,SACSI Full,0.20591556455450685,0.01814320683479309,0.0,0.0,0.0,0.0,-2.817250206555066,88
2025-02-28 23:00:00,SACSI Full,0.20590027569581135,0.022608935832977295,0.0,0.0,0.0,0.0,-2.820441696844372,88
2025-03-01 00:00:00,SACSI Full,0.2059101895882306,0.023366212844848633,0.0,0.0,0.0,0.0,-2.818436979380896,88
2025-03-01 01:00:00,SACSI Full,0.205928033046864,0.025751590728759766,0.0,0.0,0.0,0.0,-2.8149322762206155,88
2025-03-01 02:00:00,SACSI Full,0.20595183088591376,0.027546584606170654,0.0,0.0,0.0,0.0,-2.8102027044481455,88
2025-03-01 03:00:00,SACSI Full,0.205940749052281,0.02389073371887207,0.0,0.0,0.0,0.0,-2.812364562727052,88
2025-03-01 04:00:00,SACSI Full,0.20592150576654433,0.021432936191558838,0.0,0.0,0.0,0.0,-2.816152083390238,88
2025-03-01 05:00:00,SACSI Full,0.20590595487504124,0.02253308892250061,0.0,0.0,0.0,0.0,-2.8192706882975127,88
2025-03-01 06:00:00,SACSI Full,0.20590375799318145,0.026538223028182983,0.0,0.0,0.0,0.0,-2.819819217165332,88
2025-03-01 07:00:00,SACSI Full,0.20580462146985445,0.017827749252319336,0.0,0.0,0.0,0.0,-2.839519365751914,88
2025-03-01 08:00:00,SACSI Full,0.2054072612851065,0.009615123271942139,0.0,0.0,0.0,0.0,-2.9188221717039426,88
2025-03-01 09:00:00,SACSI Full,0.20483018405760323,0.03589600324630737,0.0,0.0,0.0,0.0,-3.034943917344025,88
2025-03-01 10:00:00,SACSI Full,0.2053910922062106,0.45565247535705566,0.0,0.0,0.0,0.0,-2.935092172986129,88
2025-03-01 11:00:00,SACSI Full,0.2087262268698922,1.3718892335891724,0.0,0.0,0.0,0.0,-2.291354778275665,88
2025-03-01 12:00:00,SACSI Full,0.21118073758562061,1.1542564630508423,0.0,0.0,0.0,0.0,-1.7891139398422773,88
2025-03-01 13:00:00,SACSI Full,0.2138455465768411,1.2274419069290161,0.0,0.0,0.0,0.0,-1.2561713772091423,88
2025-03-01 14:00:00,SACSI Full,0.21493820962125393,0.7302106618881226,0.0,0.0,0.0,0.0,-1.0319346014373858,88
2025-03-01 15:00:00,SACSI Full,0.21535405612467215,0.4638238251209259,0.0,0.0,0.0,0.0,-0.9411291199356607,88
2025-03-01 16:00:00,SACSI Full,0.21467759912667106,0.05167946219444275,0.0,0.0,0.0,0.0,-1.0696352075389421,88
2025-03-01 17:00:00,SACSI Full,0.21418642241693595,0.009800493717193604,0.0,0.0,0.0,0.0,-1.1633303161719275,88
2025-03-01 18:00:00,SACSI Full,0.21398145733729929,0.00868871808052063,0.0,0.0,0.0,0.0,-1.20389342465812,88
2025-03-01 19:00:00,SACSI Full,0.21386731022320726,0.012401044368743896,0.0,0.0,0.0,0.0,-1.2268230995088047,88
2025-03-01 20:00:00,SACSI Full,0.21384816565694714,0.017543882131576538,0.0,0.0,0.0,0.0,-1.2307691746308316,88
2025-03-01 21:00:00,SACSI Full,0.2138323389525757,0.01853346824645996,0.0,0.0,0.0,0.0,-1.233912774710939,88
2025-03-01 22:00:00,SACSI Full,0.21382020708777388,0.019637495279312134,0.0,0.0,0.0,0.0,-1.2363623726211384,88
2025-03-01 23:00:00,SACSI Full,0.21380868874991493,0.019817352294921875,0.0,0.0,0.0,0.0,-1.2386603956330684,88
2025-03-02 00:00:00,SACSI Full,0.21377480709771007,0.020862072706222534,0.0,0.0,0.0,0.0,-1.2454662691162228,88
2025-03-02 01:00:00,SACSI Full,0.21376648669604312,0.020761340856552124,0.0,0.0,0.0,0.0,-1.2471188949270045,88
2025-03-02 02:00:00,SACSI Full,0.21375694457588176,0.020391345024108887,0.0,0.0,0.0,0.0,-1.249022611682454,88
2025-03-02 03:00:00,SACSI Full,0.21371475357242833,0.01834005117416382,0.0,0.0,0.0,0.0,-1.257436599476316,88
2025-03-02 04:00:00,SACSI Full,0.21368933233417692,0.02335861325263977,0.0,0.0,0.0,0.0,-1.2626508910504544,88
2025-03-02 05:00:00,SACSI Full,0.21366128033854417,0.02255573868751526,0.0,0.0,0.0,0.0,-1.268203075810567,88
2025-03-02 06:00:00,SACSI Full,0.21363253387586245,0.022333413362503052,0.0,0.0,0.0,0.0,-1.2739421163480102,88
2025-03-02 07:00:00,SACSI Full,0.21347991356792267,0.01608043909072876,0.0,0.0,0.0,0.0,-1.3044014249399976,88
2025-03-02 08:00:00,SACSI Full,0.21302108948659537,0.016653090715408325,0.0,0.0,0.0,0.0,-1.3961208910114808,88
2025-03-02 09:00:00,SACSI Full,0.21259794048798553,0.1272900402545929,0.0,0.0,0.0,0.0,-1.4840640727033787,88
2025-03-02 10:00:00,SACSI Full,0.2174428329069841,1.8373312950134277,0.0,0.0,0.0,0.0,-0.5652804570510368,88
2025-03-02 11:00:00,SACSI Full,0.21977495765521407,1.1501374244689941,0.0,0.0,0.0,0.0,-0.07488315615201036,88
2025-03-02 12:00:00,SACSI Full,0.22199220318947516,1.1666736602783203,0.0,0.0,0.0,0.0,0.9765011644363403,88
2025-03-02 13:00:00,SACSI Full,0.22290032369925858,0.7484361529350281,0.0,0.0,0.0,0.0,0.9808489018678666,88
2025-03-02 14:00:00,SACSI Full,0.22392114904398006,0.7567476034164429,0.0,0.0,0.0,0.0,0.984781933426857,88
2025-03-02 15:00:00,SACSI Full,0.2249178899446555,0.6730222702026367,0.0,0.0,0.0,0.0,0.9857023012638092,88
2025-03-02 16:00:00,SACSI Full,0.22438490290874522,0.12060388922691345,0.0,0.0,0.0,0.0,0.9920637384057045,88
2025-03-02 17:00:00,SACSI Full,0.22384255791737914,0.007296502590179443,0.0,0.0,0.0,0.0,0.9987209960818291,88
2025-03-02 18:00:00,SACSI Full,0.22361203804169377,0.007344037294387817,0.0,0.0,0.0,0.0,0.9998526439070702,88
2025-03-02 19:00:00,SACSI Full,0.22350710422748604,0.011019855737686157,0.0,0.0,0.0,0.0,0.9997428447008133,88
2025-03-02 20:00:00,SACSI Full,0.22350622452809693,0.016736090183258057,0.0,0.0,0.0,0.0,0.9996081158518791,88
2025-03-02 21:00:00,SACSI Full,0.2235031523711908,0.01607835292816162,0.0,0.0,0.0,0.0,0.9996718555688858,88
2025-03-02 22:00:00,SACSI Full,0.22351014992231413,0.019099265336990356,0.0,0.0,0.0,0.0,0.9995878055691719,88
2025-03-02 23:00:00,SACSI Full,0.22353805827294077,0.02537250518798828,0.0,0.0,0.0,0.0,0.9994298174977303,88
2025-03-03 00:00:00,SACSI Full,0.22354507072522528,0.01910373568534851,0.0,0.0,0.0,0.0,0.9995552375912666,88
2025-03-03 01:00:00,SACSI Full,0.22355764280075122,0.02077162265777588,0.0,0.0,0.0,0.0,0.9995678886771202,88
2025-03-03 02:00:00,SACSI Full,0.22362304472520242,0.028120577335357666,0.0,0.0,0.0,0.0,0.9993640989065171,88
2025-03-03 03:00:00,SACSI Full,0.2237093430447011,0.034389495849609375,0.0,0.0,0.0,0.0,0.9992495208978653,88
2025-03-03 04:00:00,SACSI Full,0.22378685861979217,0.03175467252731323,0.0,0.0,0.0,0.0,0.9993385583162308,88
2025-03-03 05:00:00,SACSI Full,0.2238600399437973,0.030454397201538086,0.0,0.0,0.0,0.0,0.9993779093027114,88
2025-03-03 06:00:00,SACSI Full,0.2239575936070511,0.037766098976135254,0.0,0.0,0.0,0.0,0.9991715610027314,88
2025-03-03 07:00:00,SACSI Full,0.2238980546903043,0.024638324975967407,0.0,0.0,0.0,0.0,0.999375955760479,88
2025-03-03 08:00:00,SACSI Full,0.2234449694442182,0.008574426174163818,0.0,0.0,0.0,0.0,0.9996678724884988,88
2025-03-03 09:00:00,SACSI Full,0.2226929202405045,0.029385238885879517,0.0,0.0,0.0,0.0,0.9992041870951652,88
2025-03-03 10:00:00,SACSI Full,0.22169649056349489,0.049571096897125244,0.0,0.0,0.0,0.0,0.998806719481945,88
2025-03-03 11:00:00,SACSI Full,0.22073932355398232,0.13784989714622498,0.0,0.0,0.0,0.0,0.9963602140545845,88
2025-03-03 12:00:00,SACSI Full,0.21977672450616254,0.170220285654068,0.0,0.0,0.0,0.0,-0.04838320836565297,88
2025-03-03 13:00:00,SACSI Full,0.21911737948650412,0.261196494102478,0.0,0.0,0.0,0.0,-0.18265779466571072,88
2025-03-03 14:00:00,SACSI Full,0.2182393953143285,0.15947341918945312,0.0,0.0,0.0,0.0,-0.3563276362672175,88
2025-03-03 15:00:00,SACSI Full,0.2173923587545522,0.09553402662277222,0.0,0.0,0.0,0.0,-0.5240783235476812,88
2025-03-03 16:00:00,SACSI Full,0.2166422284131078,0.029008984565734863,0.0,0.0,0.0,0.0,-0.6727997474903273,88
2025-03-03 17:00:00,SACSI Full,0.216175128682498,0.005571544170379639,0.0,0.0,0.0,0.0,-0.765320068787762,88
2025-03-03 18:00:00,SACSI Full,0.21600611354037696,0.005560070276260376,0.0,0.0,0.0,0.0,-0.7988886080690737,88
2025-03-03 19:00:00,SACSI Full,0.2159617565395058,0.010751038789749146,0.0,0.0,0.0,0.0,-0.8079156225597689,88
2025-03-03 20:00:00,SACSI Full,0.2159917212894597,0.017005950212478638,0.0,0.0,0.0,0.0,-0.8020584102265363,88
2025-03-03 21:00:00,SACSI Full,0.21604300125413545,0.0234067440032959,0.0,0.0,0.0,0.0,-0.7919318919908849,88
2025-03-03 22:00:00,SACSI Full,0.2161034313940353,0.0261591374874115,0.0,0.0,0.0,0.0,-0.7798644278775319,88
2025-03-03 23:00:00,SACSI Full,0.2161911907894757,0.026327818632125854,0.0,0.0,0.0,0.0,-0.7622900852889475,88
2025-03-04 00:00:00,SACSI Full,0.21630203109019466,0.03325209021568298,0.0,0.0,0.0,0.0,-0.7403280664812169,88
2025-03-04 01:00:00,SACSI Full,0.21640717765722145,0.03154397010803223,0.0,0.0,0.0,0.0,-0.7192124291589473,88
2025-03-04 02:00:00,SACSI Full,0.21652036290400692,0.03395557403564453,0.0,0.0,0.0,0.0,-0.6966306467186054,88
2025-03-04 03:00:00,SACSI Full,0.21666829914881258,0.04438087344169617,0.0,0.0,0.0,0.0,-0.6673320407003782,88
2025-03-04 04:00:00,SACSI Full,0.21681768477989702,0.04481568932533264,0.0,0.0,0.0,0.0,-0.6373637059659395,88
2025-03-04 05:00:00,SACSI Full,0.21697120399309663,0.046055763959884644,0.0,0.0,0.0,0.0,-0.6066927174062167,88
2025-03-04 06:00:00,SACSI Full,0.2171327514552421,0.04846423864364624,0.0,0.0,0.0,0.0,-0.5744430784712894,88
2025-03-04 07:00:00,SACSI Full,0.2171158809010697,0.027590841054916382,0.0,0.0,0.0,0.0,-0.5775843705830453,88
2025-03-04 08:00:00,SACSI Full,0.21685165763860823,0.010427087545394897,0.0,0.0,0.0,0.0,-0.6300486515643583,88
2025-03-04 09:00:00,SACSI Full,0.21609158717325472,0.02392783761024475,0.0,0.0,0.0,0.0,-0.7822961296019101,88
2025-03-04 10:00:00,SACSI Full,0.21503592586736645,0.053465813398361206,0.0,0.0,0.0,0.0,-0.9941795225525596,88
2025-03-04 11:00:00,SACSI Full,0.21393448721382113,0.11440590023994446,0.0,0.0,0.0,0.0,-1.2160000761089882,88
2025-03-04 12:00:00,SACSI Full,0.2130293019924758,0.10309413075447083,0.0,0.0,0.0,0.0,-1.3963146018147843,88
2025-03-04 13:00:00,SACSI Full,0.21209830776176974,0.11337354779243469,0.0,0.0,0.0,0.0,-1.5827087127722799,88
2025-03-04 14:00:00,SACSI Full,0.211874704221826,0.3555624186992645,0.0,0.0,0.0,0.0,-1.634592292717854,88
2025-03-04 15:00:00,SACSI Full,0.21129001928240193,0.1734381914138794,0.0,0.0,0.0,0.0,-1.7472861496207455,88
2025-03-04 16:00:00,SACSI Full,0.21057984916436184,0.03298744559288025,0.0,0.0,0.0,0.0,-1.8860944234976993,88
2025-03-04 17:00:00,SACSI Full,0.21013006828108943,0.004869550466537476,0.0,0.0,0.0,0.0,-1.9743649137427077,88
2025-03-04 18:00:00,SACSI Full,0.21003093777222764,0.006782114505767822,0.0,0.0,0.0,0.0,-1.993967213484979,88
2025-03-04 19:00:00,SACSI Full,0.2100154139566525,0.009929835796356201,0.0,0.0,0.0,0.0,-1.997147282598335,88
2025-03-04 20:00:00,SACSI Full,0.21007157891671896,0.016849488019943237,0.0,0.0,0.0,0.0,-1.986090402938843,88
2025-03-04 21:00:00,SACSI Full,0.21015190958659888,0.024099200963974,0.0,0.0,0.0,0.0,-1.9701725638289445,88
2025-03-04 22:00:00,SACSI Full,0.21021880636295717,0.020069032907485962,0.0,0.0,0.0,0.0,-1.9566804097472803,88
2025-03-04 23:00:00,SACSI Full,0.21028757571857215,0.02063080668449402,0.0,0.0,0.0,0.0,-1.94290309015703,88
2025-03-05 00:00:00,SACSI Full,0.2103631106980745,0.022660493850708008,0.0,0.0,0.0,0.0,-1.9278513671337751,88
2025-03-05 01:00:00,SACSI Full,0.210463360743533,0.030075013637542725,0.0,0.0,0.0,0.0,-1.9080034967640191,88
2025-03-05 02:00:00,SACSI Full,0.2105594161121154,0.02881661057472229,0.0,0.0,0.0,0.0,-1.888705693819043,88
2025-03-05 03:00:00,SACSI Full,0.21068702121258817,0.038281530141830444,0.0,0.0,0.0,0.0,-1.8634560372808735,88
2025-03-05 04:00:00,SACSI Full,0.21084980000735365,0.048833638429641724,0.0,0.0,0.0,0.0,-1.8311221923807415,88
2025-03-05 05:00:00,SACSI Full,0.211004776554118,0.046492964029312134,0.0,0.0,0.0,0.0,-1.7999979552009884,88
2025-03-05 06:00:00,SACSI Full,0.211143930054516,0.041746050119400024,0.0,0.0,0.0,0.0,-1.7720963792382851,88
2025-03-05 07:00:00,SACSI Full,0.21112654706561032,0.024523288011550903,0.0,0.0,0.0,0.0,-1.7753532802592455,88
2025-03-05 08:00:00,SACSI Full,0.21081021556078755,0.009067058563232422,0.0,0.0,0.0,0.0,-1.8382927913082379,88
2025-03-05 09:00:00,SACSI Full,0.21023627692317087,0.012547820806503296,0.0,0.0,0.0,0.0,-1.9530303794043886,88
2025-03-05 10:00:00,SACSI Full,0.20945487327369752,0.05911216139793396,0.0,0.0,0.0,0.0,-2.110673231894369,88
2025-03-05 11:00:00,SACSI Full,0.20971866680691292,0.4870544373989105,0.0,0.0,0.0,0.0,-2.0702871501254037,88
2025-03-05 12:00:00,SACSI Full,0.21224402425637207,1.2144510746002197,0.0,0.0,0.0,0.0,-1.5827581365896046,88
2025-03-05 13:00:00,SACSI Full,0.21451802764960837,1.1639608144760132,0.0,0.0,0.0,0.0,-1.1201785889690892,88
2025-03-05 14:00:00,SACSI Full,0.21666892671456395,1.1091326475143433,0.0,0.0,0.0,0.0,-0.6889455917071143,88
2025-03-05 15:00:00,SACSI Full,0.21659016525415836,0.3637811541557312,0.0,0.0,0.0,0.0,-0.6966960871850285,88
2025-03-05 16:00:00,SACSI Full,0.21585849766835197,0.06442055106163025,0.0,0.0,0.0,0.0,-0.8325824833817803,88
2025-03-05 17:00:00,SACSI Full,0.21537063961631958,0.005630850791931152,0.0,0.0,0.0,0.0,-0.9265725907546196,88
2025-03-05 18:00:00,SACSI Full,0.21520271167750077,0.005201399326324463,0.0,0.0,0.0,0.0,-0.9595659870010291,88
2025-03-05 19:00:00,SACSI Full,0.21511983930826328,0.006819218397140503,0.0,0.0,0.0,0.0,-0.9761847009059946,88
2025-03-05 20:00:00,SACSI Full,0.2151786189254139,0.017633885145187378,0.0,0.0,0.0,0.0,-0.9647370392876043,88
2025-03-05 21:00:00,SACSI Full,0.21559757681449393,0.025687366724014282,0.0,0.0,0.0,0.0,-0.8810789192514829,88
2025-03-05 22:00:00,SACSI Full,0.21602045172214646,0.02686247229576111,0.0,0.0,0.0,0.0,-0.7964586560723418,88
2025-03-05 23:00:00,SACSI Full,0.21643884088357424,0.025516748428344727,0.0,0.0,0.0,0.0,-0.7127556154923943,88
2025-03-06 00:00:00,SACSI Full,0.21651514426628884,0.02289101481437683,0.0,0.0,0.0,0.0,-0.6974552243746585,88
2025-03-06 01:00:00,SACSI Full,0.21695344584941997,0.031490474939346313,0.0,0.0,0.0,0.0,-0.6100266342160421,88
2025-03-06 02:00:00,SACSI Full,0.21704442935943735,0.027295053005218506,0.0,0.0,0.0,0.0,-0.5917019833919754,88
2025-03-06 03:00:00,SACSI Full,0.2177878408663083,0.03125816583633423,0.0,0.0,0.0,0.0,-0.44309662118337545,88
2025-03-06 04:00:00,SACSI Full,0.21782590029185495,0.019657164812088013,0.0,0.0,0.0,0.0,-0.43532909493549526,88
2025-03-06 05:00:00,SACSI Full,0.21787182780807973,0.022023171186447144,0.0,0.0,0.0,0.0,-0.42609856187152634,88
2025-03-06 06:00:00,SACSI Full,0.21790618655446642,0.018556714057922363,0.0,0.0,0.0,0.0,-0.4191684879591601,88
2025-03-06 07:00:00,SACSI Full,0.21777779476780143,0.010983645915985107,0.0,0.0,0.0,0.0,-0.4447364500394532,88
2025-03-06 08:00:00,SACSI Full,0.2173023042705872,0.005536079406738281,0.0,0.0,0.0,0.0,-0.5397043431357887,88
2025-03-06 09:00:00,SACSI Full,0.21656127632778152,0.04802301526069641,0.0,0.0,0.0,0.0,-0.6891300641074495,88
2025-03-06 10:00:00,SACSI Full,0.21666161120606253,0.41792571544647217,0.0,0.0,0.0,0.0,-0.679735300098281,88
2025-03-06 11:00:00,SACSI Full,0.21867593835704316,1.0972981452941895,0.0,0.0,0.0,0.0,-0.29355201579572937,88
2025-03-06 12:00:00,SACSI Full,0.22140716494115978,1.3378679752349854,0.0,0.0,0.0,0.0,0.9708369421958923,88
2025-03-06 13:00:00,SACSI Full,0.2233386824976682,1.0809552669525146,0.0,0.0,0.0,0.0,0.9758117675781249,88
2025-03-06 14:00:00,SACSI Full,0.22457657246145396,0.8218669891357422,0.0,0.0,0.0,0.0,0.9809717774391173,88
2025-03-06 15:00:00,SACSI Full,0.22442716276757707,0.3121770918369293,0.0,0.0,0.0,0.0,0.9886595591902733,88
2025-03-06 16:00:00,SACSI Full,0.22373044333093156,0.037484169006347656,0.0,0.0,0.0,0.0,0.9965033873915673,88
2025-03-06 17:00:00,SACSI Full,0.2232402554181495,0.005943626165390015,0.0,0.0,0.0,0.0,0.9995657220482826,88
2025-03-06 18:00:00,SACSI Full,0.22303047673416923,0.005066394805908203,0.0,0.0,0.0,0.0,0.999889899790287,88
2025-03-06 19:00:00,SACSI Full,0.22327516199780292,0.007405579090118408,0.0,0.0,0.0,0.0,0.9998284965753556,88
2025-03-06 20:00:00,SACSI Full,0.22321942191792318,0.008777976036071777,0.0,0.0,0.0,0.0,0.999810716509819,88
2025-03-06 21:00:00,SACSI Full,0.2231608009468793,0.007913708686828613,0.0,0.0,0.0,0.0,0.999833083152771,88
2025-03-06 22:00:00,SACSI Full,0.2231122094507296,0.010922551155090332,0.0,0.0,0.0,0.0,0.9997514605522155,88
2025-03-06 23:00:00,SACSI Full,0.22343843439929476,0.01486748456954956,0.0,0.0,0.0,0.0,0.9996632009744645,88
2025-03-07 00:00:00,SACSI Full,0.2244680449592351,0.02588316798210144,0.0,0.0,0.0,0.0,0.9993721798062325,88
2025-03-07 01:00:00,SACSI Full,0.22510991430394645,0.018060803413391113,0.0,0.0,0.0,0.0,0.9995605602860451,88
2025-03-07 02:00:00,SACSI Full,0.22545479798985316,0.020465105772018433,0.0,0.0,0.0,0.0,0.9995666548609734,88
2025-03-07 03:00:00,SACSI Full,0.22545089782509004,0.01582995057106018,0.0,0.0,0.0,0.0,0.9996370494365692,88
2025-03-07 04:00:00,SACSI Full,0.22714739383332727,0.03444880247116089,0.0,0.0,0.0,0.0,0.9991248354315758,88
2025-03-07 05:00:00,SACSI Full,0.22750967065128483,0.025683045387268066,0.0,0.0,0.0,0.0,0.9993986815214156,88
2025-03-07 06:00:00,SACSI Full,0.2281980812894583,0.03202319145202637,0.0,0.0,0.0,0.0,0.999296134710312,88
2025-03-07 07:00:00,SACSI Full,0.22914345253659088,0.03461137413978577,0.0,0.0,0.0,0.0,0.9992818906903267,88
2025-03-07 08:00:00,SACSI Full,0.22908235212517578,0.00916987657546997,0.0,0.0,0.0,0.0,0.9995621874928474,88
2025-03-07 09:00:00,SACSI Full,0.22832619715484778,0.02815350890159607,0.0,0.0,0.0,0.0,0.9992470934987068,88
2025-03-07 10:00:00,SACSI Full,0.22832491800420282,0.24811625480651855,0.0,0.0,0.0,0.0,0.9928380474448204,88
2025-03-07 11:00:00,SACSI Full,0.22909603009018098,0.630833625793457,0.0,0.0,0.0,0.0,0.9835561537742614,88
2025-03-07 12:00:00,SACSI Full,0.2295078965110858,0.3315599262714386,0.0,0.0,0.0,0.0,0.990376064479351,88
2025-03-07 13:00:00,SACSI Full,0.23231531049760976,0.08872419595718384,0.0,0.0,0.0,0.0,0.9957971587777138,88
2025-03-07 14:00:00,SACSI Full,0.23289629656983213,0.04629582166671753,0.0,0.0,0.0,0.0,0.9986497998237609,88
2025-03-07 15:00:00,SACSI Full,0.24273306555780563,0.3125306963920593,0.0,0.0,0.0,0.0,0.9910870373249053,88
2025-03-07 16:00:00,SACSI Full,0.2519347250536362,0.13699784874916077,0.0,0.0,0.0,0.0,0.9955047145485878,88
2025-03-07 17:00:00,SACSI Full,0.25333246305577756,0.08732140064239502,0.0,0.0,0.0,0.0,0.9977568075060845,88
2025-03-07 18:00:00,SACSI Full,0.25559709068807757,0.1303882896900177,0.0,0.0,0.0,0.0,0.9969615653157233,88
2025-03-07 19:00:00,SACSI Full,0.2564841623826106,0.08312150835990906,0.0,0.0,0.0,0.0,0.9978649020195007,88
2025-03-07 20:00:00,SACSI Full,0.25755627006086507,0.03863230347633362,0.0,0.0,0.0,0.0,0.9987824618816376,88
2025-03-07 21:00:00,SACSI Full,0.25823906196785773,0.03033757209777832,0.0,0.0,0.0,0.0,0.9993103012442589,88
2025-03-07 22:00:00,SACSI Full,0.2592873603053173,0.03998950123786926,0.0,0.0,0.0,0.0,0.9991036906838417,88
2025-03-07 23:00:00,SACSI Full,0.2663940269878785,0.05750000476837158,0.0,0.0,0.0,0.0,0.9986748948693275,88
2025-03-08 00:00:00,SACSI Full,0.2694989656324467,0.05698159337043762,0.0,0.0,0.0,0.0,0.998855184018612,88
2025-03-08 01:00:00,SACSI Full,0.2699413858623585,0.04972606897354126,0.0,0.0,0.0,0.0,0.9989329233765601,88
2025-03-08 02:00:00,SACSI Full,0.2703536726986647,0.04918605089187622,0.0,0.0,0.0,0.0,0.9990108788013459,88
2025-03-08 03:00:00,SACSI Full,0.2707434880871853,0.0424446165561676,0.0,0.0,0.0,0.0,0.9990836933255195,88
2025-03-08 04:00:00,SACSI Full,0.27183453014009,0.06131261587142944,0.0,0.0,0.0,0.0,0.9985850676894188,88
2025-03-08 05:00:00,SACSI Full,0.27358904305729076,0.060353875160217285,0.0,0.0,0.0,0.0,0.9987833350896835,88
2025-03-08 06:00:00,SACSI Full,0.27596560833327777,0.0384695827960968,0.0,0.0,0.0,0.0,0.9990117654204369,88
2025-03-08 07:00:00,SACSI Full,0.2794578334263246,0.01566752791404724,0.0,0.0,0.0,0.0,0.9994586288928985,88
2025-03-08 08:00:00,SACSI Full,0.2869649529921294,0.01163586974143982,0.0,0.0,0.0,0.0,0.9997269660234451,88
2025-03-08 09:00:00,SACSI Full,0.2870099938515107,0.015512257814407349,0.0,0.0,0.0,0.0,0.9996509909629822,88
2025-03-08 10:00:00,SACSI Full,0.2862784655677557,0.01854151487350464,0.0,0.0,0.0,0.0,0.999598877131939,88
2025-03-08 11:00:00,SACSI Full,0.28552048100027244,0.01910462975502014,0.0,0.0,0.0,0.0,0.9996122762560845,88
2025-03-08 12:00:00,SACSI Full,0.28639588579210445,0.026121437549591064,0.0,0.0,0.0,0.0,0.9994074031710625,88
2025-03-08 13:00:00,SACSI Full,0.2884422031445583,0.02839520573616028,0.0,0.0,0.0,0.0,0.9994093582034111,88
2025-03-08 14:00:00,SACSI Full,0.28961225774241295,0.012516379356384277,0.0,0.0,0.0,0.0,0.9995908841490745,88
2025-03-08 15:00:00,SACSI Full,0.2929626247059584,0.007110089063644409,0.0,0.0,0.0,0.0,0.9998037353157997,88
2025-03-08 16:00:00,SACSI Full,0.2983342106917779,0.004975795745849609,0.0,0.0,0.0,0.0,0.9998791411519051,88
2025-03-08 17:00:00,SACSI Full,0.3021244349880298,0.005067288875579834,0.0,0.0,0.0,0.0,0.9998977392911911,88
2025-03-08 18:00:00,SACSI Full,0.3039428778786739,0.005032867193222046,0.0,0.0,0.0,0.0,0.999898998439312,88
2025-03-08 19:00:00,SACSI Full,0.30748395374807513,0.004822760820388794,0.0,0.0,0.0,0.0,0.9999014437198639,88
2025-03-08 20:00:00,SACSI Full,0.3072966527377844,0.003309696912765503,0.0,0.0,0.0,0.0,0.9999186754226684,88
2025-03-08 21:00:00,SACSI Full,0.3071103297403733,0.0036031007766723633,0.0,0.0,0.0,0.0,0.9999250039458275,88
2025-03-08 22:00:00,SACSI Full,0.307256443523097,0.003334134817123413,0.0,0.0,0.0,0.0,0.999930627644062,88
2025-03-08 23:00:00,SACSI Full,0.3074319024279991,0.00363767147064209,0.0,0.0,0.0,0.0,0.999924211204052,88
2025-03-09 00:00:00,SACSI Full,0.30860674094789026,0.0034515559673309326,0.0,0.0,0.0,0.0,0.9999291077256203,88
2025-03-09 01:00:00,SACSI Full,0.30944824315421576,0.0034506618976593018,0.0,0.0,0.0,0.0,0.9999309778213501,88
2025-03-09 02:00:00,SACSI Full,0.31132471517436494,0.005441606044769287,0.0,0.0,0.0,0.0,0.9998712584376335,88
2025-03-09 03:00:00,SACSI Full,0.3128636676282961,0.004185736179351807,0.0,0.0,0.0,0.0,0.9999037265777588,88
2025-03-09 04:00:00,SACSI Full,0.3217744374198992,0.007230937480926514,0.0,0.0,0.0,0.0,-0.17761881275255312,88
2025-03-09 05:00:00,SACSI Full,0.32267798610878773,0.005064606666564941,0.0,0.0,0.0,0.0,-0.26792156632024716,88
2025-03-09 06:00:00,SACSI Full,0.3252241686061301,0.0063547492027282715,0.0,0.0,0.0,0.0,-0.5225568570224282,88
2025-03-09 07:00:00,SACSI Full,0.32601144942634086,0.004184246063232422,0.0,0.0,0.0,0.0,-0.601250332586745,88
2025-03-09 08:00:00,SACSI Full,0.32687664187702326,0.004057735204696655,0.0,0.0,0.0,0.0,-0.6877466075150042,88
2025-03-09 09:00:00,SACSI Full,0.3265936642975885,0.0021067261695861816,0.0,0.0,0.0,0.0,-0.6594280743725937,88
2025-03-09 10:00:00,SACSI Full,0.32622223075501905,0.003069937229156494,0.0,0.0,0.0,0.0,-0.622294106357083,88
2025-03-09 11:00:00,SACSI Full,0.326808128199903,0.007269233465194702,0.0,0.0,0.0,0.0,-0.6810001976219651,88
2025-03-09 12:00:00,SACSI Full,0.3256337168013333,0.0046765804290771484,0.0,0.0,0.0,0.0,-0.5634911382722715,88
2025-03-09 13:00:00,SACSI Full,0.3241869298866668,0.00796392560005188,0.0,0.0,0.0,0.0,-0.41888514063039095,88
2025-03-09 14:00:00,SACSI Full,0.3233714517850954,0.003856569528579712,0.0,0.0,0.0,0.0,-0.33726338346082657,88
2025-03-09 15:00:00,SACSI Full,0.32272126590999745,0.002444237470626831,0.0,0.0,0.0,0.0,-0.272189599069736,88
2025-03-09 16:00:00,SACSI Full,0.32201846984816374,0.0016611814498901367,0.0,0.0,0.0,0.0,-0.20188803900557803,88
2025-03-09 17:00:00,SACSI Full,0.3219338414966343,0.002111494541168213,0.0,0.0,0.0,0.0,-0.19343088268516423,88
2025-03-09 18:00:00,SACSI Full,0.32872728196017725,0.00603213906288147,0.0,0.0,0.0,0.0,-0.8728880452441995,88
2025-03-09 19:00:00,SACSI Full,0.32929991676760495,0.005790442228317261,0.0,0.0,0.0,0.0,-0.9301099025734063,88
2025-03-09 20:00:00,SACSI Full,0.3292014458524463,0.004458725452423096,0.0,0.0,0.0,0.0,-0.9202470769214385,88
2025-03-09 21:00:00,SACSI Full,0.32910312245878354,0.004502981901168823,0.0,0.0,0.0,0.0,-0.9104027480808639,88
2025-03-09 22:00:00,SACSI Full,0.3293062992790617,0.0034530460834503174,0.0,0.0,0.0,0.0,-0.9307094881860143,88
2025-03-09 23:00:00,SACSI Full,0.32953955882899727,0.003977864980697632,0.0,0.0,0.0,0.0,-0.9540406883883128,88
2025-03-10 00:00:00,SACSI Full,0.32977361956469975,0.0042182207107543945,0.0,0.0,0.0,0.0,-0.9774487244414899,88
2025-03-10 01:00:00,SACSI Full,0.32997720914714296,0.0035768747329711914,0.0,0.0,0.0,0.0,-0.9977988656687323,88
2025-03-10 02:00:00,SACSI Full,0.3298787138934211,0.00445142388343811,0.0,0.0,0.0,0.0,-0.9879691633112833,88
2025-03-10 03:00:00,SACSI Full,0.32977978799614066,0.004322230815887451,0.0,0.0,0.0,0.0,-0.9780665361610588,88
2025-03-10 04:00:00,SACSI Full,0.32968162454160804,0.004550963640213013,0.0,0.0,0.0,0.0,-0.9682557607618512,88
2025-03-10 05:00:00,SACSI Full,0.329583098492153,0.004442185163497925,0.0,0.0,0.0,0.0,-0.9583997807033369,88
2025-03-10 06:00:00,SACSI Full,0.32942681550773734,0.004115104675292969,0.0,0.0,0.0,0.0,-0.9427671236721209,88
2025-03-10 07:00:00,SACSI Full,0.3292114856445069,0.003401041030883789,0.0,0.0,0.0,0.0,-0.9212237259077529,88
2025-03-10 08:00:00,SACSI Full,0.32873607547872025,0.0018769502639770508,0.0,0.0,0.0,0.0,-0.8736603277849726,88
2025-03-10 09:00:00,SACSI Full,0.3280349036434566,0.002148449420928955,0.0,0.0,0.0,0.0,-0.8035360483256485,88
2025-03-10 10:00:00,SACSI Full,0.32705232122135913,0.002725273370742798,0.0,0.0,0.0,0.0,-0.7052923958428255,88
2025-03-10 11:00:00,SACSI Full,0.32582488748344535,0.005769878625869751,0.0,0.0,0.0,0.0,-0.5826345919696028,88
2025-03-10 12:00:00,SACSI Full,0.3245146730251387,0.006435662508010864,0.0,0.0,0.0,0.0,-0.451602673602851,88
2025-03-10 13:00:00,SACSI Full,0.32326073184284326,0.006317645311355591,0.0,0.0,0.0,0.0,-0.32620071736251927,88
2025-03-10 14:00:00,SACSI Full,0.32263978777520613,0.0027167797088623047,0.0,0.0,0.0,0.0,-0.26406912177081476,88
2025-03-10 15:00:00,SACSI Full,0.3230273884172514,0.0032801926136016846,0.0,0.0,0.0,0.0,-0.30281007970646145,88
2025-03-10 16:00:00,SACSI Full,0.32272686781915777,0.003343820571899414,0.0,0.0,0.0,0.0,-0.2727542946067973,88
2025-03-10 17:00:00,SACSI Full,0.32239534061941255,0.002541840076446533,0.0,0.0,0.0,0.0,-0.23959291854773793,88
2025-03-10 18:00:00,SACSI Full,0.32254713025443504,0.005036890506744385,0.0,0.0,0.0,0.0,-0.25483871375794154,88
2025-03-10 19:00:00,SACSI Full,0.3224182756061628,0.0038436055183410645,0.0,0.0,0.0,0.0,-0.24191636557653207,88
2025-03-10 20:00:00,SACSI Full,0.32298679123593116,0.004554688930511475,0.0,0.0,0.0,0.0,-0.2987773282058471,88
2025-03-10 21:00:00,SACSI Full,0.32322035576296587,0.0040693581104278564,0.0,0.0,0.0,0.0,-0.3221218167669959,88
2025-03-10 22:00:00,SACSI Full,0.32309020074002687,0.003453493118286133,0.0,0.0,0.0,0.0,-0.3090953025149732,88
2025-03-10 23:00:00,SACSI Full,0.3229894072305435,0.0037619471549987793,0.0,0.0,0.0,0.0,-0.29901904653781436,88
2025-03-11 00:00:00,SACSI Full,0.3229208158925448,0.004922598600387573,0.0,0.0,0.0,0.0,-0.29219164774093975,88
2025-03-11 01:00:00,SACSI Full,0.32285145615133387,0.00469207763671875,0.0,0.0,0.0,0.0,-0.2852417618957575,88
2025-03-11 02:00:00,SACSI Full,0.32278658116293696,0.006037503480911255,0.0,0.0,0.0,0.0,-0.2787923206217553,88
2025-03-11 03:00:00,SACSI Full,0.3230864583749845,0.006963163614273071,0.0,0.0,0.0,0.0,-0.3087943573720693,88
2025-03-11 04:00:00,SACSI Full,0.3230255302074824,0.00722154974937439,0.0,0.0,0.0,0.0,-0.30270003560458036,88
2025-03-11 05:00:00,SACSI Full,0.3229585998522515,0.005420893430709839,0.0,0.0,0.0,0.0,-0.2959864096569506,88
2025-03-11 06:00:00,SACSI Full,0.3228333418475861,0.004922598600387573,0.0,0.0,0.0,0.0,-0.2834376196789211,88
2025-03-11 07:00:00,SACSI Full,0.3226491983933523,0.0042569637298583984,0.0,0.0,0.0,0.0,-0.2650116349585339,88
2025-03-11 08:00:00,SACSI Full,0.3221496431139384,0.003133416175842285,0.0,0.0,0.0,0.0,-0.21503821519289631,88
2025-03-11 09:00:00,SACSI Full,0.3213076619254822,0.0024056434631347656,0.0,0.0,0.0,0.0,-0.13082158314461043,88
2025-03-11 10:00:00,SACSI Full,0.32018808832439527,0.004127919673919678,0.0,0.0,0.0,0.0,-0.0189086135951126,88
2025-03-11 11:00:00,SACSI Full,0.318793189770706,0.006530433893203735,0.0,0.0,0.0,0.0,0.9998453661799431,88
2025-03-11 12:00:00,SACSI Full,0.31742621228489026,0.0064067542552948,0.0,0.0,0.0,0.0,0.999870628118515,88
2025-03-11 13:00:00,SACSI Full,0.3165280562809383,0.00455319881439209,0.0,0.0,0.0,0.0,0.9998904004693031,88
2025-03-11 14:00:00,SACSI Full,0.31598984287930276,0.004035979509353638,0.0,0.0,0.0,0.0,0.9999141082167625,88
2025-03-11 15:00:00,SACSI Full,0.3149508769126013,0.0028102099895477295,0.0,0.0,0.0,0.0,0.999931538105011,88
2025-03-11 16:00:00,SACSI Full,0.3144988962208504,0.002405792474746704,0.0,0.0,0.0,0.0,0.9999478399753571,88
2025-03-11 17:00:00,SACSI Full,0.3140262661150371,0.002710968255996704,0.0,0.0,0.0,0.0,0.9999427288770676,88
2025-03-11 18:00:00,SACSI Full,0.31384383530092985,0.004770755767822266,0.0,0.0,0.0,0.0,0.9998839870095253,88
2025-03-11 19:00:00,SACSI Full,0.3137760009419198,0.0051496922969818115,0.0,0.0,0.0,0.0,0.9998932167887689,88
2025-03-11 20:00:00,SACSI Full,0.3137483597504373,0.008707642555236816,0.0,0.0,0.0,0.0,0.9997902676463126,88
2025-03-11 21:00:00,SACSI Full,0.31368707842541493,0.007115602493286133,0.0,0.0,0.0,0.0,0.9998417675495148,88
2025-03-11 22:00:00,SACSI Full,0.313658538197207,0.008437931537628174,0.0,0.0,0.0,0.0,0.999818018078804,88
2025-03-11 23:00:00,SACSI Full,0.3135966310234145,0.006927847862243652,0.0,0.0,0.0,0.0,0.9998463422060013,88
2025-03-12 00:00:00,SACSI Full,0.313529585432537,0.005386322736740112,0.0,0.0,0.0,0.0,0.9998768582940102,88
2025-03-12 01:00:00,SACSI Full,0.31446014472835027,0.004667788743972778,0.0,0.0,0.0,0.0,0.9998994588851928,88
2025-03-12 02:00:00,SACSI Full,0.31439066677126054,0.004656612873077393,0.0,0.0,0.0,0.0,0.9999067559838295,88
2025-03-12 03:00:00,SACSI Full,0.3143246309824066,0.005689263343811035,0.0,0.0,0.0,0.0,0.9998758882284164,88
2025-03-12 04:00:00,SACSI Full,0.3142551117987709,0.004644244909286499,0.0,0.0,0.0,0.0,0.9998966649174691,88
2025-03-12 05:00:00,SACSI Full,0.3141875560914752,0.005233287811279297,0.0,0.0,0.0,0.0,0.9998894438147545,88
2025-03-12 06:00:00,SACSI Full,0.31409695944659677,0.006821006536483765,0.0,0.0,0.0,0.0,0.9998477026820183,88
2025-03-12 07:00:00,SACSI Full,0.31392540598345564,0.008033961057662964,0.0,0.0,0.0,0.0,0.999827191233635,88
2025-03-12 08:00:00,SACSI Full,0.31339724815639625,0.003052651882171631,0.0,0.0,0.0,0.0,0.9998891338706016,88
2025-03-12 09:00:00,SACSI Full,0.3125040794582443,0.004049390554428101,0.0,0.0,0.0,0.0,0.9999090448021889,88
2025-03-12 10:00:00,SACSI Full,0.3113373530852076,0.006982088088989258,0.0,0.0,0.0,0.0,0.9998310312628745,88
2025-03-12 11:00:00,SACSI Full,0.309980640743899,0.017986297607421875,0.0,0.0,0.0,0.0,0.9995302319526673,88
2025-03-12 12:00:00,SACSI Full,0.3085300847946879,0.02383321523666382,0.0,0.0,0.0,0.0,0.9994648665189744,88
2025-03-12 13:00:00,SACSI Full,0.3071032532496528,0.022450536489486694,0.0,0.0,0.0,0.0,0.9995371624827385,88
2025-03-12 14:00:00,SACSI Full,0.3057745975767847,0.017903298139572144,0.0,0.0,0.0,0.0,0.9995964616537094,88
2025-03-12 15:00:00,SACSI Full,0.3046375972989476,0.007399916648864746,0.0,0.0,0.0,0.0,0.9997469678521156,88
2025-03-12 16:00:00,SACSI Full,0.3037772019834595,0.005381405353546143,0.0,0.0,0.0,0.0,0.9998721867799759,88
2025-03-12 17:00:00,SACSI Full,0.3032527768972791,0.004172474145889282,0.0,0.0,0.0,0.0,0.9999044612050056,88
2025-03-12 18:00:00,SACSI Full,0.30305428385608163,0.008452087640762329,0.0,0.0,0.0,0.0,0.999788162112236,88
2025-03-12 19:00:00,SACSI Full,0.30293669498237735,0.007223337888717651,0.0,0.0,0.0,0.0,0.9998432457447052,88
2025-03-12 20:00:00,SACSI Full,0.3029212449275729,0.012364983558654785,0.0,0.0,0.0,0.0,0.9997012838721275,88
2025-03-12 21:00:00,SACSI Full,0.3029078085163511,0.01296907663345337,0.0,0.0,0.0,0.0,0.999734577536583,88
2025-03-12 22:00:00,SACSI Full,0.3028935003871994,0.012707561254501343,0.0,0.0,0.0,0.0,0.9997432336211205,88
2025-03-12 23:00:00,SACSI Full,0.3028754684578654,0.011590421199798584,0.0,0.0,0.0,0.0,0.999757020175457,88
2025-03-13 00:00:00,SACSI Full,0.3028652278490143,0.013927817344665527,0.0,0.0,0.0,0.0,0.999698069691658,88
2025-03-13 01:00:00,SACSI Full,0.30284784610701376,0.01178547739982605,0.0,0.0,0.0,0.0,0.999742867052555,88
2025-03-13 02:00:00,SACSI Full,0.30279838438305035,0.010661482810974121,0.0,0.0,0.0,0.0,0.999775530397892,88
2025-03-13 03:00:00,SACSI Full,0.30274841651631174,0.010509639978408813,0.0,0.0,0.0,0.0,0.9997882887721062,88
2025-03-13 04:00:00,SACSI Full,0.3026949374392905,0.009456276893615723,0.0,0.0,0.0,0.0,0.9998003408312798,88
2025-03-13 05:00:00,SACSI Full,0.30264328921827455,0.010005533695220947,0.0,0.0,0.0,0.0,0.9997943967580795,88
2025-03-13 06:00:00,SACSI Full,0.30252650848421236,0.007465779781341553,0.0,0.0,0.0,0.0,0.9998252868652344,88
2025-03-13 07:00:00,SACSI Full,0.3023210849129436,0.006372928619384766,0.0,0.0,0.0,0.0,0.9998616129159927,88
2025-03-13 08:00:00,SACSI Full,0.3017417072903393,0.004686713218688965,0.0,0.0,0.0,0.0,0.9998894035816193,88
2025-03-13 09:00:00,SACSI Full,0.3007984651926436,0.0060273706912994385,0.0,0.0,0.0,0.0,0.9998660460114479,88
2025-03-13 10:00:00,SACSI Full,0.2995641533099888,0.012206435203552246,0.0,0.0,0.0,0.0,0.9996940806508063,88
2025-03-13 11:00:00,SACSI Full,0.2981696806298969,0.03215819597244263,0.0,0.0,0.0,0.0,0.9991573184728623,88
2025-03-13 12:00:00,SACSI Full,0.29659238576603714,0.019811540842056274,0.0,0.0,0.0,0.0,0.9994803026318549,88
2025-03-13 13:00:00,SACSI Full,0.2953599925036508,0.023282021284103394,0.0,0.0,0.0,0.0,0.9994996547698974,88
2025-03-13 14:00:00,SACSI Full,0.29423883624665714,0.014153122901916504,0.0,0.0,0.0,0.0,0.9996256485581398,88
2025-03-13 15:00:00,SACSI Full,0.29406152829361737,0.012307614088058472,0.0,0.0,0.0,0.0,0.9997353926301003,88
2025-03-13 16:00:00,SACSI Full,0.29396627824180105,0.009424984455108643,0.0,0.0,0.0,0.0,0.9997826740145683,88
2025-03-13 17:00:00,SACSI Full,0.29378597492965836,0.007409006357192993,0.0,0.0,0.0,0.0,0.999831660091877,88
2025-03-13 18:00:00,SACSI Full,0.2935936311009802,0.010296851396560669,0.0,0.0,0.0,0.0,0.9997651845216751,88
2025-03-13 19:00:00,SACSI Full,0.29349449830882524,0.012760162353515625,0.0,0.0,0.0,0.0,0.9997201636433601,88
2025-03-13 20:00:00,SACSI Full,0.29344961322816987,0.012034475803375244,0.0,0.0,0.0,0.0,0.9997520536184311,88
2025-03-13 21:00:00,SACSI Full,0.29341134177955763,0.01401856541633606,0.0,0.0,0.0,0.0,0.9996997877955437,88
2025-03-13 22:00:00,SACSI Full,0.29337069160891355,0.013304948806762695,0.0,0.0,0.0,0.0,0.999726764857769,88
2025-03-13 23:00:00,SACSI Full,0.29336194111618186,0.014374852180480957,0.0,0.0,0.0,0.0,0.9997018039226532,88
2025-03-14 00:00:00,SACSI Full,0.2933210619643607,0.013236254453659058,0.0,0.0,0.0,0.0,0.9997238889336586,88
2025-03-14 01:00:00,SACSI Full,0.2932832052647351,0.014142990112304688,0.0,0.0,0.0,0.0,0.9997080728411675,88
2025-03-14 02:00:00,SACSI Full,0.29351354392163737,0.01160159707069397,0.0,0.0,0.0,0.0,0.99974255412817,88
2025-03-14 03:00:00,SACSI Full,0.29379962934685533,0.011325627565383911,0.0,0.0,0.0,0.0,0.9997707277536392,88
2025-03-14 04:00:00,SACSI Full,0.29375242018175907,0.011337250471115112,0.0,0.0,0.0,0.0,0.9997731387615204,88
2025-03-14 05:00:00,SACSI Full,0.2937035843065658,0.010849237442016602,0.0,0.0,0.0,0.0,0.9997781351208687,88
2025-03-14 06:00:00,SACSI Full,0.2935958768895545,0.010187774896621704,0.0,0.0,0.0,0.0,0.9997896298766137,88
2025-03-14 07:00:00,SACSI Full,0.2933796353065251,0.011627525091171265,0.0,0.0,0.0,0.0,0.999753051996231,88
2025-03-14 08:00:00,SACSI Full,0.29286971699747233,0.008524507284164429,0.0,0.0,0.0,0.0,0.9997984796762467,88
2025-03-14 09:00:00,SACSI Full,0.2919739333767969,0.01176491379737854,0.0,0.0,0.0,0.0,0.9997322976589202,88
2025-03-14 10:00:00,SACSI Full,0.29085417569510924,0.02957269549369812,0.0,0.0,0.0,0.0,0.9992304682731629,88
2025-03-14 11:00:00,SACSI Full,0.28954965586138554,0.059144049882888794,0.0,0.0,0.0,0.0,0.9985214054584504,88
2025-03-14 12:00:00,SACSI Full,0.2882645519410847,0.09046882390975952,0.0,0.0,0.0,0.0,0.997877375781536,88
2025-03-14 13:00:00,SACSI Full,0.2869915174646456,0.09408965706825256,0.0,0.0,0.0,0.0,0.99808199852705,88
2025-03-14 14:00:00,SACSI Full,0.2857798726291735,0.07000654935836792,0.0,0.0,0.0,0.0,0.9983590379357338,88
2025-03-14 15:00:00,SACSI Full,0.2846455597244977,0.03370612859725952,0.0,0.0,0.0,0.0,0.9989628732204437,88
2025-03-14 16:00:00,SACSI Full,0.28375113508972316,0.012172609567642212,0.0,0.0,0.0,0.0,0.999541212618351,88
2025-03-14 17:00:00,SACSI Full,0.2832372674762486,0.0073397159576416016,0.0,0.0,0.0,0.0,0.9998048767447472,88
2025-03-14 18:00:00,SACSI Full,0.28308495909405534,0.022307485342025757,0.0,0.0,0.0,0.0,0.9994041725993156,88
2025-03-14 19:00:00,SACSI Full,0.28302015510035344,0.023058801889419556,0.0,0.0,0.0,0.0,0.9995313107967376,88
2025-03-14 20:00:00,SACSI Full,0.2830109140939791,0.02272769808769226,0.0,0.0,0.0,0.0,0.9995421350002288,88
2025-03-14 21:00:00,SACSI Full,0.28300559656334706,0.023904740810394287,0.0,0.0,0.0,0.0,0.9995101347565651,88
2025-03-14 22:00:00,SACSI Full,0.2829726922475575,0.024128705263137817,0.0,0.0,0.0,0.0,0.9995151862502099,88
2025-03-14 23:00:00,SACSI Full,0.2829639340388059,0.02287253737449646,0.0,0.0,0.0,0.0,0.9995299875736237,88
2025-03-15 00:00:00,SACSI Full,0.2829527678024053,0.022150129079818726,0.0,0.0,0.0,0.0,0.9995497733354569,88
2025-03-15 01:00:00,SACSI Full,0.2829359863117615,0.020465552806854248,0.0,0.0,0.0,0.0,0.9995738431811333,88
2025-03-15 02:00:00,SACSI Full,0.28294720608982243,0.028865933418273926,0.0,0.0,0.0,0.0,0.9993386775255203,88
2025-03-15 03:00:00,SACSI Full,0.2829559865477959,0.028134137392044067,0.0,0.0,0.0,0.0,0.9994299992918968,88
2025-03-15 04:00:00,SACSI Full,0.2829568336275498,0.02575412392616272,0.0,0.0,0.0,0.0,0.9994611173868179,88
2025-03-15 05:00:00,SACSI Full,0.2829595751415968,0.02632245421409607,0.0,0.0,0.0,0.0,0.9994678676128388,88
2025-03-15 06:00:00,SACSI Full,0.2828950145335277,0.02313181757926941,0.0,0.0,0.0,0.0,0.9995054572820663,88
2025-03-15 07:00:00,SACSI Full,0.28274153541677,0.021956264972686768,0.0,0.0,0.0,0.0,0.9995491191744804,88
2025-03-15 08:00:00,SACSI Full,0.2821786071860075,0.009621530771255493,0.0,0.0,0.0,0.0,0.9996842220425606,88
2025-03-15 09:00:00,SACSI Full,0.28132833618196645,0.02541869878768921,0.0,0.0,0.0,0.0,0.999333654344082,88
2025-03-15 10:00:00,SACSI Full,0.28032639075470767,0.09041637182235718,0.0,0.0,0.0,0.0,0.9975416958332062,88
2025-03-15 11:00:00,SACSI Full,0.27890470947933993,0.057995617389678955,0.0,0.0,0.0,0.0,0.9985158801078796,88
2025-03-15 12:00:00,SACSI Full,0.27727908756368164,0.05631342530250549,0.0,0.0,0.0,0.0,0.9988569095730782,88
2025-03-15 13:00:00,SACSI Full,0.2756171557231029,0.0539204478263855,0.0,0.0,0.0,0.0,0.9988976612687112,88
2025-03-15 14:00:00,SACSI Full,0.2742325981731495,0.08613273501396179,0.0,0.0,0.0,0.0,0.9979552224278451,88
2025-03-15 15:00:00,SACSI Full,0.2732458121938785,0.09496420621871948,0.0,0.0,0.0,0.0,0.998012401163578,88
2025-03-15 16:00:00,SACSI Full,0.27244141861948173,0.04768192768096924,0.0,0.0,0.0,0.0,0.9985735386610031,88
2025-03-15 17:00:00,SACSI Full,0.2718907153013627,0.013289004564285278,0.0,0.0,0.0,0.0,0.9993902906775474,88
2025-03-15 18:00:00,SACSI Full,0.27172820336612863,0.010746419429779053,0.0,0.0,0.0,0.0,0.9997596457600594,88
2025-03-15 19:00:00,SACSI Full,0.27168930209510334,0.013829618692398071,0.0,0.0,0.0,0.0,0.9996925756335259,88
2025-03-15 20:00:00,SACSI Full,0.2716003738835732,0.007321536540985107,0.0,0.0,0.0,0.0,0.9997884884476662,88
2025-03-15 21:00:00,SACSI Full,0.271495919886756,0.011163800954818726,0.0,0.0,0.0,0.0,0.9997383013367653,88
2025-03-15 22:00:00,SACSI Full,0.27138466400655903,0.009123235940933228,0.0,0.0,0.0,0.0,0.9997971296310425,88
2025-03-15 23:00:00,SACSI Full,0.2712850061968247,0.012602657079696655,0.0,0.0,0.0,0.0,0.9997131526470184,88
2025-03-16 00:00:00,SACSI Full,0.27121477248542303,0.01292988657951355,0.0,0.0,0.0,0.0,0.9997381299734115,88
2025-03-16 01:00:00,SACSI Full,0.2711391932307958,0.011326223611831665,0.0,0.0,0.0,0.0,0.9997574388980865,88
2025-03-16 02:00:00,SACSI Full,0.27111243888967035,0.017473697662353516,0.0,0.0,0.0,0.0,0.9995890513062478,88
2025-03-16 03:00:00,SACSI Full,0.2710866357393344,0.017759054899215698,0.0,0.0,0.0,0.0,0.9996419653296471,88
2025-03-16 04:00:00,SACSI Full,0.2710648896784862,0.018976181745529175,0.0,0.0,0.0,0.0,0.9996083050966263,88
2025-03-16 05:00:00,SACSI Full,0.27103831961505415,0.01752898097038269,0.0,0.0,0.0,0.0,0.9996349483728408,88
2025-03-16 06:00:00,SACSI Full,0.27095482559157213,0.01745179295539856,0.0,0.0,0.0,0.0,0.9996501922607423,88
2025-03-16 07:00:00,SACSI Full,0.27077417023373446,0.0138033926486969,0.0,0.0,0.0,0.0,0.999687448143959,88
2025-03-16 08:00:00,SACSI Full,0.27027283996058304,0.011100918054580688,0.0,0.0,0.0,0.0,0.9997509568929672,88
2025-03-16 09:00:00,SACSI Full,0.2701183155047178,0.02564266324043274,0.0,0.0,0.0,0.0,0.9993417292833329,88
2025-03-16 10:00:00,SACSI Full,0.2695505038058042,0.12065649032592773,0.0,0.0,0.0,0.0,0.9966367319226265,88
2025-03-16 11:00:00,SACSI Full,0.2690372693732659,0.3135296702384949,0.0,0.0,0.0,0.0,0.9918006747961045,88
2025-03-16 12:00:00,SACSI Full,0.268008524927624,0.21837666630744934,0.0,0.0,0.0,0.0,0.9946809366345405,88
2025-03-16 13:00:00,SACSI Full,0.26673488635493114,0.14490842819213867,0.0,0.0,0.0,0.0,0.9963671490550041,88
2025-03-16 14:00:00,SACSI Full,0.2661953528630018,0.30563995242118835,0.0,0.0,0.0,0.0,0.9922798857092857,88
2025-03-16 15:00:00,SACSI Full,0.2654493912382205,0.1757115125656128,0.0,0.0,0.0,0.0,0.995186485350132,88
2025-03-16 16:00:00,SACSI Full,0.26488617070548526,0.12853384017944336,0.0,0.0,0.0,0.0,0.9969575464725494,88
2025-03-16 17:00:00,SACSI Full,0.2643777564203023,0.008975714445114136,0.0,0.0,0.0,0.0,0.9986249044537544,88
2025-03-16 18:00:00,SACSI Full,0.26414188156398927,0.0057375431060791016,0.0,0.0,0.0,0.0,0.9998528674244881,88
2025-03-16 19:00:00,SACSI Full,0.2640036165669838,0.009520500898361206,0.0,0.0,0.0,0.0,0.9997717604041099,88
2025-03-16 20:00:00,SACSI Full,0.2638962921098152,0.01030266284942627,0.0,0.0,0.0,0.0,0.9997861251235008,88
2025-03-16 21:00:00,SACSI Full,0.2637478694879293,0.00647321343421936,0.0,0.0,0.0,0.0,0.9998322412371635,88
2025-03-16 22:00:00,SACSI Full,0.2635992218585093,0.0064057111740112305,0.0,0.0,0.0,0.0,0.9998712107539177,88
2025-03-16 23:00:00,SACSI Full,0.2634621380268811,0.009874850511550903,0.0,0.0,0.0,0.0,0.9997678115963936,88
2025-03-17 00:00:00,SACSI Full,0.2633158020642677,0.0070992112159729,0.0,0.0,0.0,0.0,0.9998302593827247,88
2025-03-17 01:00:00,SACSI Full,0.26347500552368947,0.007261037826538086,0.0,0.0,0.0,0.0,0.9998531609773635,88
2025-03-17 02:00:00,SACSI Full,0.2633291151057957,0.007232874631881714,0.0,0.0,0.0,0.0,0.9998550608754159,88
2025-03-17 03:00:00,SACSI Full,0.2631829107701062,0.007138699293136597,0.0,0.0,0.0,0.0,0.9998562842607498,88
2025-03-17 04:00:00,SACSI Full,0.2630410118765909,0.008430331945419312,0.0,0.0,0.0,0.0,0.9998184770345688,88
2025-03-17 05:00:00,SACSI Full,0.26293719515276737,0.011354982852935791,0.0,0.0,0.0,0.0,0.9997436538338661,88
2025-03-17 06:00:00,SACSI Full,0.26276982444557334,0.009288787841796875,0.0,0.0,0.0,0.0,0.9997935622930526,88
2025-03-17 07:00:00,SACSI Full,0.2625181824051617,0.00950738787651062,0.0,0.0,0.0,0.0,0.9998076662421226,88
2025-03-17 08:00:00,SACSI Full,0.26185656073523345,0.014013499021530151,0.0,0.0,0.0,0.0,0.9996746689081192,88
2025-03-17 09:00:00,SACSI Full,0.26125450999451466,0.12538477778434753,0.0,0.0,0.0,0.0,0.9963785916566849,88
2025-03-17 10:00:00,SACSI Full,0.26073448848518516,0.23499354720115662,0.0,0.0,0.0,0.0,0.9942040413618087,88
2025-03-17 11:00:00,SACSI Full,0.2604302245628117,0.32522082328796387,0.0,0.0,0.0,0.0,0.9925933107733727,88
2025-03-17 12:00:00,SACSI Full,0.2591528652385154,0.10979220271110535,0.0,0.0,0.0,0.0,0.9956498697400092,88
2025-03-17 13:00:00,SACSI Full,0.2578813034935076,0.09453147649765015,0.0,0.0,0.0,0.0,0.9979567632079125,88
2025-03-17 14:00:00,SACSI Full,0.2570467492671091,0.1406337320804596,0.0,0.0,0.0,0.0,0.9967263028025627,88
2025-03-17 15:00:00,SACSI Full,0.25620979052417264,0.12291237711906433,0.0,0.0,0.0,0.0,0.9973645389080047,88
2025-03-17 16:00:00,SACSI Full,0.25569335688861994,0.15106990933418274,0.0,0.0,0.0,0.0,0.9966970264911651,88
2025-03-17 17:00:00,SACSI Full,0.25509671451521704,0.008007287979125977,0.0,0.0,0.0,0.0,0.9984092280268668,88
2025-03-17 18:00:00,SACSI Full,0.2547414013198295,0.003906041383743286,0.0,0.0,0.0,0.0,0.9998808667063713,88
2025-03-17 19:00:00,SACSI Full,0.25444218656016176,0.003735572099685669,0.0,0.0,0.0,0.0,0.9999235838651658,88
2025-03-17 20:00:00,SACSI Full,0.2541425108579078,0.0035972893238067627,0.0,0.0,0.0,0.0,0.9999266713857651,88
2025-03-17 21:00:00,SACSI Full,0.2538688920882621,0.0029143691062927246,0.0,0.0,0.0,0.0,0.999934883415699,88
2025-03-17 22:00:00,SACSI Full,0.25359587880246626,0.0030960142612457275,0.0,0.0,0.0,0.0,0.9999362632632256,88
2025-03-17 23:00:00,SACSI Full,0.2533543325642028,0.004036128520965576,0.0,0.0,0.0,0.0,0.9999098762869835,88
2025-03-18 00:00:00,SACSI Full,0.2531118922562678,0.0037679076194763184,0.0,0.0,0.0,0.0,0.9999219596385955,88
2025-03-18 01:00:00,SACSI Full,0.2528705720189491,0.004103928804397583,0.0,0.0,0.0,0.0,0.9999145612120628,88
2025-03-18 02:00:00,SACSI Full,0.2526267295117457,0.003347247838973999,0.0,0.0,0.0,0.0,0.9999254882335663,88
2025-03-18 03:00:00,SACSI Full,0.25235379023505045,0.0031182169914245605,0.0,0.0,0.0,0.0,0.9999353453516959,88
2025-03-18 04:00:00,SACSI Full,0.25238344094388476,0.0023952126502990723,0.0,0.0,0.0,0.0,0.9999448657035828,88
2025-03-18 05:00:00,SACSI Full,0.25205174635442884,0.0024916231632232666,0.0,0.0,0.0,0.0,0.9999492034316062,88
2025-03-18 06:00:00,SACSI Full,0.25168969783418166,0.001885443925857544,0.0,0.0,0.0,0.0,0.9999562293291092,88
2025-03-18 07:00:00,SACSI Full,0.2512717157843986,0.0021053850650787354,0.0,0.0,0.0,0.0,0.9999556928873062,88
2025-03-18 08:00:00,SACSI Full,0.2506038256926615,0.012132972478866577,0.0,0.0,0.0,0.0,0.9996570646762848,88
2025-03-18 09:00:00,SACSI Full,0.2501223531615018,0.16155824065208435,0.0,0.0,0.0,0.0,0.9952745825052262,88
2025-03-18 10:00:00,SACSI Full,0.2493455970624366,0.15797317028045654,0.0,0.0,0.0,0.0,0.9968046858906746,88
2025-03-18 11:00:00,SACSI Full,0.24981821127129383,0.5667842626571655,0.0,0.0,0.0,0.0,0.9845762038230896,88
2025-03-18 12:00:00,SACSI Full,0.2500556027002413,0.5472174286842346,0.0,0.0,0.0,0.0,0.9888599830865861,88
2025-03-18 13:00:00,SACSI Full,0.2507608729747215,0.6790810823440552,0.0,0.0,0.0,0.0,0.9850997418165206,88
2025-03-18 14:00:00,SACSI Full,0.2516776621885378,0.7000367641448975,0.0,0.0,0.0,0.0,0.9857897078990937,88
2025-03-18 15:00:00,SACSI Full,0.25234448893102795,0.5570480227470398,0.0,0.0,0.0,0.0,0.9874291521310806,88
2025-03-18 16:00:00,SACSI Full,0.2518558380821624,0.1254047453403473,0.0,0.0,0.0,0.0,0.9931754723191262,88
2025-03-18 17:00:00,SACSI Full,0.25126228720300187,0.008934736251831055,0.0,0.0,0.0,0.0,0.9986566051840782,88
2025-03-18 18:00:00,SACSI Full,0.2508753375835497,0.002915114164352417,0.0,0.0,0.0,0.0,0.9998815014958381,88
2025-03-18 19:00:00,SACSI Full,0.2505439698262293,0.002589672803878784,0.0,0.0,0.0,0.0,0.9999449521303178,88
2025-03-18 20:00:00,SACSI Full,0.2502436712554374,0.003410428762435913,0.0,0.0,0.0,0.0,0.9999235838651658,88
2025-03-18 21:00:00,SACSI Full,0.249941045123267,0.002712160348892212,0.0,0.0,0.0,0.0,0.9999387741088867,88
2025-03-18 22:00:00,SACSI Full,0.24960989641301615,0.0026553869247436523,0.0,0.0,0.0,0.0,0.9999463245272636,88
2025-03-18 23:00:00,SACSI Full,0.24927797780943692,0.0024244189262390137,0.0,0.0,0.0,0.0,0.9999492019414902,88
2025-03-19 00:00:00,SACSI Full,0.2489174169217823,0.0023317337036132812,0.0,0.0,0.0,0.0,0.9999524384737014,88
2025-03-19 01:00:00,SACSI Full,0.24858522413683712,0.0023421645164489746,0.0,0.0,0.0,0.0,0.9999530524015426,88
2025-03-19 02:00:00,SACSI Full,0.24825394429636774,0.0026160478591918945,0.0,0.0,0.0,0.0,0.9999449402093887,88
2025-03-19 03:00:00,SACSI Full,0.24789345245075997,0.0023524463176727295,0.0,0.0,0.0,0.0,0.9999503150582314,88
2025-03-19 04:00:00,SACSI Full,0.2475629489607888,0.0028489530086517334,0.0,0.0,0.0,0.0,0.9999380558729172,88
2025-03-19 05:00:00,SACSI Full,0.24726335223468912,0.0036209821701049805,0.0,0.0,0.0,0.0,0.9999198600649833,88
2025-03-19 06:00:00,SACSI Full,0.24693343237353138,0.0030240416526794434,0.0,0.0,0.0,0.0,0.9999335497617722,88
2025-03-19 07:00:00,SACSI Full,0.24654902240865204,0.0036770105361938477,0.0,0.0,0.0,0.0,0.9999199301004409,88
2025-03-19 08:00:00,SACSI Full,0.2459206226463395,0.015480071306228638,0.0,0.0,0.0,0.0,0.9995723679661751,88
2025-03-19 09:00:00,SACSI Full,0.24558672433011505,0.17183050513267517,0.0,0.0,0.0,0.0,0.994999885559082,88
2025-03-19 10:00:00,SACSI Full,0.24650944838318,0.6253172159194946,0.0,0.0,0.0,0.0,0.9829587885737419,88
2025-03-19 11:00:00,SACSI Full,0.24829164147489044,0.9511579275131226,0.0,0.0,0.0,0.0,0.9777184343338012,88
2025-03-19 12:00:00,SACSI Full,0.24970733858538444,0.8582091331481934,0.0,0.0,0.0,0.0,0.9819063293933868,88
2025-03-19 13:00:00,SACSI Full,0.2506796575398522,0.708195686340332,0.0,0.0,0.0,0.0,0.9843359518051148,88
2025-03-19 14:00:00,SACSI Full,0.2517107057487247,0.6748144626617432,0.0,0.0,0.0,0.0,0.9861698985099793,88
2025-03-19 15:00:00,SACSI Full,0.25101453533443585,0.08014887571334839,0.0,0.0,0.0,0.0,0.9924503666162491,88
2025-03-19 16:00:00,SACSI Full,0.2503365317562498,0.04309892654418945,0.0,0.0,0.0,0.0,0.9987675219774247,88
2025-03-19 17:00:00,SACSI Full,0.2497741662926751,0.009790360927581787,0.0,0.0,0.0,0.0,0.9994711071252823,88
2025-03-19 18:00:00,SACSI Full,0.24945111139647935,0.005083531141281128,0.0,0.0,0.0,0.0,0.9998512610793113,88
2025-03-19 19:00:00,SACSI Full,0.24921794954491433,0.0065514445304870605,0.0,0.0,0.0,0.0,0.9998542919754981,88
2025-03-19 20:00:00,SACSI Full,0.24898312919410842,0.006053894758224487,0.0,0.0,0.0,0.0,0.9998739466071129,88
2025-03-19 21:00:00,SACSI Full,0.24908639266682442,0.007479041814804077,0.0,0.0,0.0,0.0,0.9998361676931381,88
2025-03-19 22:00:00,SACSI Full,0.24920015549771762,0.010628849267959595,0.0,0.0,0.0,0.0,0.9997559249401093,88
2025-03-19 23:00:00,SACSI Full,0.2493102700276452,0.009534358978271484,0.0,0.0,0.0,0.0,0.9997983679175377,88
2025-03-20 00:00:00,SACSI Full,0.24938767922354516,0.008222758769989014,0.0,0.0,0.0,0.0,0.9998224288225174,88
2025-03-20 01:00:00,SACSI Full,0.2491288195573566,0.007342100143432617,0.0,0.0,0.0,0.0,0.9998443514108658,88
2025-03-20 02:00:00,SACSI Full,0.2492078624172288,0.008712857961654663,0.0,0.0,0.0,0.0,0.9998120352625847,88
2025-03-20 03:00:00,SACSI Full,0.24898629217895646,0.010028928518295288,0.0,0.0,0.0,0.0,0.9997862607240676,88
2025-03-20 04:00:00,SACSI Full,0.24876063802910628,0.008803755044937134,0.0,0.0,0.0,0.0,0.9998116731643676,88
2025-03-20 05:00:00,SACSI Full,0.24849922331047836,0.006575584411621094,0.0,0.0,0.0,0.0,0.9998462066054344,88
2025-03-20 06:00:00,SACSI Full,0.2482125319833833,0.0074926018714904785,0.0,0.0,0.0,0.0,0.9998409777879715,88
2025-03-20 07:00:00,SACSI Full,0.2479640728310027,0.010462254285812378,0.0,0.0,0.0,0.0,0.9997610583901405,88
2025-03-20 08:00:00,SACSI Full,0.24747838705572267,0.007294267416000366,0.0,0.0,0.0,0.0,0.9998224347829818,88
2025-03-20 09:00:00,SACSI Full,0.2467952669496614,0.024563968181610107,0.0,0.0,0.0,0.0,0.9993360236287117,88
2025-03-20 10:00:00,SACSI Full,0.2464944512847342,0.07325530052185059,0.0,0.0,0.0,0.0,0.9980479806661605,88
2025-03-20 11:00:00,SACSI Full,0.2469017486837783,0.24518921971321106,0.0,0.0,0.0,0.0,0.9933768764138222,88
2025-03-20 12:00:00,SACSI Full,0.2473188122172433,0.35661906003952026,0.0,0.0,0.0,0.0,0.9917533203959465,88
2025-03-20 13:00:00,SACSI Full,0.24784580096515796,0.5320966243743896,0.0,0.0,0.0,0.0,0.9876032918691635,88
2025-03-20 14:00:00,SACSI Full,0.2479444335511603,0.36958977580070496,0.0,0.0,0.0,0.0,0.990983135998249,88
2025-03-20 15:00:00,SACSI Full,0.2473093278641778,0.08996829390525818,0.0,0.0,0.0,0.0,0.9954044193029404,88
2025-03-20 16:00:00,SACSI Full,0.24670769807212334,0.006511062383651733,0.0,0.0,0.0,0.0,0.9990352064371109,88
2025-03-20 17:00:00,SACSI Full,0.24657475018772265,0.0046156346797943115,0.0,0.0,0.0,0.0,0.9998887330293655,88
2025-03-20 18:00:00,SACSI Full,0.24619055032921613,0.0037400424480438232,0.0,0.0,0.0,0.0,0.9999164432287216,88
2025-03-20 19:00:00,SACSI Full,0.24659955488634888,0.007701367139816284,0.0,0.0,0.0,0.0,0.999806359410286,88
2025-03-20 20:00:00,SACSI Full,0.24643700669162258,0.010735541582107544,0.0,0.0,0.0,0.0,0.9997549474239349,88
2025-03-20 21:00:00,SACSI Full,0.24620678732268794,0.007434189319610596,0.0,0.0,0.0,0.0,0.9998183026909828,88
2025-03-20 22:00:00,SACSI Full,0.24600893552812722,0.008644461631774902,0.0,0.0,0.0,0.0,0.9998150080442428,88
2025-03-20 23:00:00,SACSI Full,0.24578054006132272,0.007981359958648682,0.0,0.0,0.0,0.0,0.9998337417840958,88
2025-03-21 00:00:00,SACSI Full,0.2455569233969131,0.009415000677108765,0.0,0.0,0.0,0.0,0.9997973635792732,88
2025-03-21 01:00:00,SACSI Full,0.24566745168241647,0.009658485651016235,0.0,0.0,0.0,0.0,0.9998043954372406,88
2025-03-21 02:00:00,SACSI Full,0.24577894854339746,0.009949058294296265,0.0,0.0,0.0,0.0,0.9997981131076813,88
2025-03-21 03:00:00,SACSI Full,0.2459286502602973,0.012910515069961548,0.0,0.0,0.0,0.0,0.9997121751308441,88
2025-03-21 04:00:00,SACSI Full,0.24635564995639314,0.013099908828735352,0.0,0.0,0.0,0.0,0.9997361078858376,88
2025-03-21 05:00:00,SACSI Full,0.24616604843808004,0.011119544506072998,0.0,0.0,0.0,0.0,0.9997578054666519,88
2025-03-21 06:00:00,SACSI Full,0.24590948752435834,0.008031725883483887,0.0,0.0,0.0,0.0,0.9998084872961044,88
2025-03-21 07:00:00,SACSI Full,0.2465767108451604,0.010666996240615845,0.0,0.0,0.0,0.0,0.9997603073716164,88
2025-03-21 08:00:00,SACSI Full,0.24608273903084585,0.0048084557056427,0.0,0.0,0.0,0.0,0.9998452454805374,88
2025-03-21 09:00:00,SACSI Full,0.24547002846988827,0.011686831712722778,0.0,0.0,0.0,0.0,0.9996974796056748,88
2025-03-21 10:00:00,SACSI Full,0.24477797038190355,0.03038257360458374,0.0,0.0,0.0,0.0,0.9992053911089898,88
2025-03-21 11:00:00,SACSI Full,0.24408453221512624,0.021468549966812134,0.0,0.0,0.0,0.0,0.999481488764286,88
2025-03-21 12:00:00,SACSI Full,0.24340754271221945,0.017903149127960205,0.0,0.0,0.0,0.0,0.9996062830090522,88
2025-03-21 13:00:00,SACSI Full,0.24485415986570505,0.037985146045684814,0.0,0.0,0.0,0.0,0.9990394771099091,88
2025-03-21 14:00:00,SACSI Full,0.24723258068037818,0.04952624440193176,0.0,0.0,0.0,0.0,0.9988940641283989,88
2025-03-21 15:00:00,SACSI Full,0.24727027412129232,0.023808032274246216,0.0,0.0,0.0,0.0,0.9992666572332382,88
2025-03-21 16:00:00,SACSI Full,0.24721427139712163,0.010699182748794556,0.0,0.0,0.0,0.0,0.9996549278497695,88
2025-03-21 17:00:00,SACSI Full,0.2472110953103779,0.009547173976898193,0.0,0.0,0.0,0.0,0.999797536432743,88
2025-03-21 18:00:00,SACSI Full,0.2469531302105664,0.0076104700565338135,0.0,0.0,0.0,0.0,0.9998284235596656,88
2025-03-21 19:00:00,SACSI Full,0.2467216253681261,0.007048547267913818,0.0,0.0,0.0,0.0,0.9998534098267555,88
2025-03-21 20:00:00,SACSI Full,0.24657125986608652,0.014390349388122559,0.0,0.0,0.0,0.0,0.9996387749910355,88
2025-03-21 21:00:00,SACSI Full,0.24638330989313909,0.011615008115768433,0.0,0.0,0.0,0.0,0.9997399464249611,88
2025-03-21 22:00:00,SACSI Full,0.24619646856658448,0.011947602033615112,0.0,0.0,0.0,0.0,0.9997577220201492,88
2025-03-21 23:00:00,SACSI Full,0.24600485837174246,0.010516941547393799,0.0,0.0,0.0,0.0,0.9997753545641899,88
2025-03-22 00:00:00,SACSI Full,0.2461469654634872,0.010632127523422241,0.0,0.0,0.0,0.0,0.9997862055897713,88
2025-03-22 01:00:00,SACSI Full,0.24628928911877462,0.010697096586227417,0.0,0.0,0.0,0.0,0.9997854083776474,88
2025-03-22 02:00:00,SACSI Full,0.24612968141985722,0.011617690324783325,0.0,0.0,0.0,0.0,0.9997584402561188,88
2025-03-22 03:00:00,SACSI Full,0.24595973479859817,0.008516013622283936,0.0,0.0,0.0,0.0,0.9997986629605293,88
2025-03-22 04:00:00,SACSI Full,0.24573035486174413,0.007686018943786621,0.0,0.0,0.0,0.0,0.9998379796743393,88
2025-03-22 05:00:00,SACSI Full,0.24553712838761796,0.010032057762145996,0.0,0.0,0.0,0.0,0.9997758984565736,88
2025-03-22 06:00:00,SACSI Full,0.2452737372783104,0.0059826672077178955,0.0,0.0,0.0,0.0,0.9998398527503014,88
2025-03-22 07:00:00,SACSI Full,0.24497898144277722,0.005073249340057373,0.0,0.0,0.0,0.0,0.9998894408345222,88
2025-03-22 08:00:00,SACSI Full,0.24457010698271583,0.004837661981582642,0.0,0.0,0.0,0.0,0.9999008908867836,88
2025-03-22 09:00:00,SACSI Full,0.24398283992323072,0.010819882154464722,0.0,0.0,0.0,0.0,0.9997237801551818,88
2025-03-22 10:00:00,SACSI Full,0.2433001007901906,0.02467826008796692,0.0,0.0,0.0,0.0,0.9993678510189056,88
2025-03-22 11:00:00,SACSI Full,0.24356955746285905,0.2783370018005371,0.0,0.0,0.0,0.0,0.9918966725468635,88
2025-03-22 12:00:00,SACSI Full,0.243018553630042,0.1406988501548767,0.0,0.0,0.0,0.0,0.9958096414804459,88
2025-03-22 13:00:00,SACSI Full,0.24300857571237075,0.22850662469863892,0.0,0.0,0.0,0.0,0.9945517897605897,88
2025-03-22 14:00:00,SACSI Full,0.24259822448921986,0.09139463305473328,0.0,0.0,0.0,0.0,0.9968009874224664,88
2025-03-22 15:00:00,SACSI Full,0.24355326423518647,0.409511923789978,0.0,0.0,0.0,0.0,0.988628588616848,88
2025-03-22 16:00:00,SACSI Full,0.24285512173764695,0.03705725073814392,0.0,0.0,0.0,0.0,0.9955343082547188,88
2025-03-22 17:00:00,SACSI Full,0.24233632978710323,0.005862414836883545,0.0,0.0,0.0,0.0,0.9995708033442497,88
2025-03-22 18:00:00,SACSI Full,0.24204044692707843,0.00473514199256897,0.0,0.0,0.0,0.0,0.9998940244317055,88
2025-03-22 19:00:00,SACSI Full,0.24217578094435518,0.008600205183029175,0.0,0.0,0.0,0.0,0.9997893452644349,88
2025-03-22 20:00:00,SACSI Full,0.24196796374989338,0.005654841661453247,0.0,0.0,0.0,0.0,0.9998574495315552,88
2025-03-22 21:00:00,SACSI Full,0.24176364435466913,0.006704181432723999,0.0,0.0,0.0,0.0,0.9998554229736327,88
2025-03-22 22:00:00,SACSI Full,0.24155563592863866,0.005597472190856934,0.0,0.0,0.0,0.0,0.9998769834637642,88
2025-03-22 23:00:00,SACSI Full,0.24134617761962404,0.0051625072956085205,0.0,0.0,0.0,0.0,0.9998924002051354,88
2025-03-23 00:00:00,SACSI Full,0.24114324701262305,0.0071208178997039795,0.0,0.0,0.0,0.0,0.9998380005359649,88
2025-03-23 01:00:00,SACSI Full,0.2409382327265818,0.00649571418762207,0.0,0.0,0.0,0.0,0.9998638346791268,88
2025-03-23 02:00:00,SACSI Full,0.24076826971404544,0.008511096239089966,0.0,0.0,0.0,0.0,0.9998096242547035,88
2025-03-23 03:00:00,SACSI Full,0.24056677309545668,0.007551014423370361,0.0,0.0,0.0,0.0,0.9998393788933755,88
2025-03-23 04:00:00,SACSI Full,0.24036647502693329,0.007910579442977905,0.0,0.0,0.0,0.0,0.9998381927609444,88
2025-03-23 05:00:00,SACSI Full,0.2401987412281115,0.009179860353469849,0.0,0.0,0.0,0.0,0.9998037099838257,88
2025-03-23 06:00:00,SACSI Full,0.2400269781553029,0.007971078157424927,0.0,0.0,0.0,0.0,0.999828490614891,88
2025-03-23 07:00:00,SACSI Full,0.23976268502903775,0.005712062120437622,0.0,0.0,0.0,0.0,0.9998631685972214,88
2025-03-23 08:00:00,SACSI Full,0.23919577520800425,0.008427053689956665,0.0,0.0,0.0,0.0,0.9998043090105057,88
2025-03-23 09:00:00,SACSI Full,0.23865873184475098,0.11088699102401733,0.0,0.0,0.0,0.0,0.996757660806179,88
2025-03-23 10:00:00,SACSI Full,0.23954090374581805,0.6046515703201294,0.0,0.0,0.0,0.0,0.9829693228006363,88
2025-03-23 11:00:00,SACSI Full,0.24138830683661291,0.9537209272384644,0.0,0.0,0.0,0.0,0.9774348878860474,88
2025-03-23 12:00:00,SACSI Full,0.24334935737245075,1.0303151607513428,0.0,0.0,0.0,0.0,0.9786277544498443,88
2025-03-23 13:00:00,SACSI Full,0.24424050228230945,0.7178434729576111,0.0,0.0,0.0,0.0,0.9825184136629104,88
2025-03-23 14:00:00,SACSI Full,0.2454123377842982,0.7765506505966187,0.0,0.0,0.0,0.0,0.9838819152116776,88
2025-03-23 15:00:00,SACSI Full,0.24622988354636027,0.6107637286186218,0.0,0.0,0.0,0.0,0.9861268562078476,88
2025-03-23 16:00:00,SACSI Full,0.24573836369308621,0.14154404401779175,0.0,0.0,0.0,0.0,0.9924769222736358,88
2025-03-23 17:00:00,SACSI Full,0.2451183714313586,0.009502321481704712,0.0,0.0,0.0,0.0,0.998489536345005,88
2025-03-23 18:00:00,SACSI Full,0.24479199655644887,0.004087537527084351,0.0,0.0,0.0,0.0,0.9998641014099121,88
2025-03-23 19:00:00,SACSI Full,0.24455531058026148,0.005494207143783569,0.0,0.0,0.0,0.0,0.9998760491609573,88
2025-03-23 20:00:00,SACSI Full,0.24431838568878964,0.005422532558441162,0.0,0.0,0.0,0.0,0.9998908326029777,88
2025-03-23 21:00:00,SACSI Full,0.24408313618454136,0.0059251487255096436,0.0,0.0,0.0,0.0,0.9998764708638191,88
2025-03-23 22:00:00,SACSI Full,0.24387647035313445,0.006000250577926636,0.0,0.0,0.0,0.0,0.9998792439699173,88
2025-03-23 23:00:00,SACSI Full,0.2436749310178836,0.007538199424743652,0.0,0.0,0.0,0.0,0.9998338565230369,88
2025-03-24 00:00:00,SACSI Full,0.24350046636455058,0.007160604000091553,0.0,0.0,0.0,0.0,0.9998530119657517,88
2025-03-24 01:00:00,SACSI Full,0.2433751037863175,0.013391226530075073,0.0,0.0,0.0,0.0,0.9996698692440987,88
2025-03-24 02:00:00,SACSI Full,0.2432548001523097,0.014908909797668457,0.0,0.0,0.0,0.0,0.9996866449713707,88
2025-03-24 03:00:00,SACSI Full,0.24316189405871227,0.014628171920776367,0.0,0.0,0.0,0.0,0.9997046291828156,88
2025-03-24 04:00:00,SACSI Full,0.24342464373462191,0.021324902772903442,0.0,0.0,0.0,0.0,0.9995065346360207,88
2025-03-24 05:00:00,SACSI Full,0.24331208622090808,0.017232745885849,0.0,0.0,0.0,0.0,0.9996144235134125,88
2025-03-24 06:00:00,SACSI Full,0.2431994169484853,0.017199218273162842,0.0,0.0,0.0,0.0,0.9996556803584099,88
2025-03-24 07:00:00,SACSI Full,0.24297478601170372,0.009110718965530396,0.0,0.0,0.0,0.0,0.999736900627613,88
2025-03-24 08:00:00,SACSI Full,0.24241343084685796,0.010093450546264648,0.0,0.0,0.0,0.0,0.9997883036732673,88
2025-03-24 09:00:00,SACSI Full,0.24199269819769056,0.17128020524978638,0.0,0.0,0.0,0.0,0.994962528347969,88
2025-03-24 10:00:00,SACSI Full,0.2425976559785286,0.5809873342514038,0.0,0.0,0.0,0.0,0.9842831820249558,88
2025-03-24 11:00:00,SACSI Full,0.24312173336538465,0.6162232160568237,0.0,0.0,0.0,0.0,0.9873231768608094,88
2025-03-24 12:00:00,SACSI Full,0.24355114440791595,0.5198233127593994,0.0,0.0,0.0,0.0,0.9886395347118377,88
2025-03-24 13:00:00,SACSI Full,0.24428736287308525,0.6543655395507812,0.0,0.0,0.0,0.0,0.9855672669410706,88
2025-03-24 14:00:00,SACSI Full,0.2452188593994855,0.7214489579200745,0.0,0.0,0.0,0.0,0.9849001866579056,88
2025-03-24 15:00:00,SACSI Full,0.24562703893694077,0.5049538612365723,0.0,0.0,0.0,0.0,0.9877359718084335,88
2025-03-24 16:00:00,SACSI Full,0.24518117922179694,0.15524208545684814,0.0,0.0,0.0,0.0,0.9933980405330658,88
2025-03-24 17:00:00,SACSI Full,0.24458906680139697,0.009366273880004883,0.0,0.0,0.0,0.0,0.9983539164066314,88
2025-03-24 18:00:00,SACSI Full,0.24426315684271646,0.004227012395858765,0.0,0.0,0.0,0.0,0.9998640671372414,88
2025-03-24 19:00:00,SACSI Full,0.24402805436325864,0.005969256162643433,0.0,0.0,0.0,0.0,0.9998631924390793,88
2025-03-24 20:00:00,SACSI Full,0.243818333793807,0.005083829164505005,0.0,0.0,0.0,0.0,0.9998894691467285,88
2025-03-24 21:00:00,SACSI Full,0.24360738834890522,0.004716366529464722,0.0,0.0,0.0,0.0,0.9999019980430602,88
2025-03-24 22:00:00,SACSI Full,0.24336532305352687,0.003880411386489868,0.0,0.0,0.0,0.0,0.9999140322208404,88
2025-03-24 23:00:00,SACSI Full,0.2431223686555306,0.003613680601119995,0.0,0.0,0.0,0.0,0.9999250590801239,88
2025-03-25 00:00:00,SACSI Full,0.24291135814222495,0.004696846008300781,0.0,0.0,0.0,0.0,0.9998952314257622,88
2025-03-25 01:00:00,SACSI Full,0.24273592690023582,0.006870627403259277,0.0,0.0,0.0,0.0,0.9998408496379853,88
2025-03-25 02:00:00,SACSI Full,0.2425603898600022,0.006838887929916382,0.0,0.0,0.0,0.0,0.9998629048466683,88
2025-03-25 03:00:00,SACSI Full,0.24243048093748887,0.012027323246002197,0.0,0.0,0.0,0.0,0.9997075691819192,88
2025-03-25 04:00:00,SACSI Full,0.24226619526736737,0.010214298963546753,0.0,0.0,0.0,0.0,0.9997775837779045,88
2025-03-25 05:00:00,SACSI Full,0.2421325918502887,0.010918974876403809,0.0,0.0,0.0,0.0,0.9997745737433433,88
2025-03-25 06:00:00,SACSI Full,0.24238832456939216,0.019219815731048584,0.0,0.0,0.0,0.0,0.9995325952768326,88
2025-03-25 07:00:00,SACSI Full,0.24212822214636007,0.006969273090362549,0.0,0.0,0.0,0.0,0.9997381091117858,88
2025-03-25 08:00:00,SACSI Full,0.24175750485850173,0.007784813642501831,0.0,0.0,0.0,0.0,0.9998361483216286,88
2025-03-25 09:00:00,SACSI Full,0.2410870331235011,0.019858479499816895,0.0,0.0,0.0,0.0,0.9994820937514305,88
2025-03-25 10:00:00,SACSI Full,0.24120809377305505,0.4613181948661804,0.0,0.0,0.0,0.0,0.9863590389490128,88
2025-03-25 11:00:00,SACSI Full,0.24085600668939747,0.3703738749027252,0.0,0.0,0.0,0.0,0.9916830793023109,88
2025-03-25 12:00:00,SACSI Full,0.2404391486258586,0.40194258093833923,0.0,0.0,0.0,0.0,0.991645461320877,88
2025-03-25 13:00:00,SACSI Full,0.2397308764659643,0.33151835203170776,0.0,0.0,0.0,0.0,0.9926653906702996,88
2025-03-25 14:00:00,SACSI Full,0.23970816544565357,0.44368669390678406,0.0,0.0,0.0,0.0,0.9900045827031135,88
2025-03-25 15:00:00,SACSI Full,0.24023914114984668,0.5077927112579346,0.0,0.0,0.0,0.0,0.9892030856013297,88
2025-03-25 16:00:00,SACSI Full,0.23950777075005367,0.05258888006210327,0.0,0.0,0.0,0.0,0.9943961840867996,88
2025-03-25 17:00:00,SACSI Full,0.23894092947436169,0.008447617292404175,0.0,0.0,0.0,0.0,0.9993896350264548,88
2025-03-25 18:00:00,SACSI Full,0.23872993386221722,0.0047013163566589355,0.0,0.0,0.0,0.0,0.9998685106635093,88
2025-03-25 19:00:00,SACSI Full,0.23857623324903643,0.004889816045761108,0.0,0.0,0.0,0.0,0.9999003186821938,88
2025-03-25 20:00:00,SACSI Full,0.2384204961438258,0.0042788684368133545,0.0,0.0,0.0,0.0,0.9999083131551743,88
2025-03-25 21:00:00,SACSI Full,0.23826705133391216,0.004966557025909424,0.0,0.0,0.0,0.0,0.9998937919735909,88
2025-03-25 22:00:00,SACSI Full,0.2381133537009636,0.004890710115432739,0.0,0.0,0.0,0.0,0.9999014273285866,88
2025-03-25 23:00:00,SACSI Full,0.2379585086786031,0.004546493291854858,0.0,0.0,0.0,0.0,0.9999056279659271,88
2025-03-26 00:00:00,SACSI Full,0.23780799989415002,0.005847364664077759,0.0,0.0,0.0,0.0,0.9998700439929962,88
2025-03-26 01:00:00,SACSI Full,0.23772669809691896,0.009609460830688477,0.0,0.0,0.0,0.0,0.9997701898217201,88
2025-03-26 02:00:00,SACSI Full,0.2376480323151031,0.010400265455245972,0.0,0.0,0.0,0.0,0.9997840866446495,88
2025-03-26 03:00:00,SACSI Full,0.2376023301541089,0.01178935170173645,0.0,0.0,0.0,0.0,0.9997503221035003,88
2025-03-26 04:00:00,SACSI Full,0.23756102979613136,0.01310989260673523,0.0,0.0,0.0,0.0,0.9997245967388153,88
2025-03-26 05:00:00,SACSI Full,0.237489597037959,0.012570172548294067,0.0,0.0,0.0,0.0,0.9997431993484497,88
2025-03-26 06:00:00,SACSI Full,0.2374233235584973,0.014117956161499023,0.0,0.0,0.0,0.0,0.999702163040638,88
2025-03-26 07:00:00,SACSI Full,0.23716225504351446,0.006679445505142212,0.0,0.0,0.0,0.0,0.9997920259833336,88
2025-03-26 08:00:00,SACSI Full,0.2365604869019269,0.014969557523727417,0.0,0.0,0.0,0.0,0.9996177077293397,88
2025-03-26 09:00:00,SACSI Full,0.23706381939682156,0.48249974846839905,0.0,0.0,0.0,0.0,0.9856747031211852,88
2025-03-26 10:00:00,SACSI Full,0.2376339514393885,0.6130396127700806,0.0,0.0,0.0,0.0,0.9864338091015815,88
2025-03-26 11:00:00,SACSI Full,0.23767867058548126,0.5489157438278198,0.0,0.0,0.0,0.0,0.988380446434021,88
2025-03-26 12:00:00,SACSI Full,0.2371268858817497,0.41246458888053894,0.0,0.0,0.0,0.0,0.9903861966729164,88
2025-03-26 13:00:00,SACSI Full,0.2367936617417414,0.4695327579975128,0.0,0.0,0.0,0.0,0.99003866314888,88
2025-03-26 14:00:00,SACSI Full,0.23675928420019934,0.516686737537384,0.0,0.0,0.0,0.0,0.9891947254538536,88
2025-03-26 15:00:00,SACSI Full,0.2369353899704694,0.4863317310810089,0.0,0.0,0.0,0.0,0.9899698153138161,88
2025-03-26 16:00:00,SACSI Full,0.23631978960387698,0.12131989002227783,0.0,0.0,0.0,0.0,0.9939234837889672,88
2025-03-26 17:00:00,SACSI Full,0.23579090632153343,0.011335015296936035,0.0,0.0,0.0,0.0,0.9986734509468078,88
2025-03-26 18:00:00,SACSI Full,0.23564002749157736,0.005736351013183594,0.0,0.0,0.0,0.0,0.9998292863368987,88
2025-03-26 19:00:00,SACSI Full,0.2355775818891604,0.006766319274902344,0.0,0.0,0.0,0.0,0.9998543739318847,88
2025-03-26 20:00:00,SACSI Full,0.23554657353195343,0.007697492837905884,0.0,0.0,0.0,0.0,0.9998367384076119,88
2025-03-26 21:00:00,SACSI Full,0.23548035793575442,0.005635321140289307,0.0,0.0,0.0,0.0,0.999866671860218,88
2025-03-26 22:00:00,SACSI Full,0.23541487796021301,0.00585600733757019,0.0,0.0,0.0,0.0,0.9998806729912758,88
2025-03-26 23:00:00,SACSI Full,0.23538068969520728,0.006743520498275757,0.0,0.0,0.0,0.0,0.9998562544584274,88
2025-03-27 00:00:00,SACSI Full,0.23534606681300005,0.00661313533782959,0.0,0.0,0.0,0.0,0.999866433441639,88
2025-03-27 01:00:00,SACSI Full,0.2353201005120357,0.00921010971069336,0.0,0.0,0.0,0.0,0.9997898280620575,88
2025-03-27 02:00:00,SACSI Full,0.2352924886261702,0.008716434240341187,0.0,0.0,0.0,0.0,0.9998207345604897,88
2025-03-27 03:00:00,SACSI Full,0.23528230414502627,0.013944655656814575,0.0,0.0,0.0,0.0,0.9996688246726989,88
2025-03-27 04:00:00,SACSI Full,0.23524187997532692,0.013372749090194702,0.0,0.0,0.0,0.0,0.9997268259525299,88
2025-03-27 05:00:00,SACSI Full,0.23524170907450526,0.016948729753494263,0.0,0.0,0.0,0.0,0.9996252655982971,88
2025-03-27 06:00:00,SACSI Full,0.2351718270305078,0.013035386800765991,0.0,0.0,0.0,0.0,0.9997001588344574,88
2025-03-27 07:00:00,SACSI Full,0.23490995037588286,0.0064370036125183105,0.0,0.0,0.0,0.0,0.9998052760958671,88
2025-03-27 08:00:00,SACSI Full,0.23428133057309003,0.015414059162139893,0.0,0.0,0.0,0.0,0.999601948261261,88
2025-03-27 09:00:00,SACSI Full,0.2352447962557555,0.6290397047996521,0.0,0.0,0.0,0.0,0.9812829494476318,88
2025-03-27 10:00:00,SACSI Full,0.23582398171298513,0.6327556371688843,0.0,0.0,0.0,0.0,0.98730772793293,88
2025-03-27 11:00:00,SACSI Full,0.2358107275266728,0.5400237441062927,0.0,0.0,0.0,0.0,0.9882722061872482,88
2025-03-27 12:00:00,SACSI Full,0.23569705096913188,0.5438970327377319,0.0,0.0,0.0,0.0,0.9890833264589309,88
2025-03-27 13:00:00,SACSI Full,0.23597547687881,0.6530277729034424,0.0,0.0,0.0,0.0,0.9858481371402741,88
2025-03-27 14:00:00,SACSI Full,0.23647688217831458,0.6689215898513794,0.0,0.0,0.0,0.0,0.9864626300334931,88
2025-03-27 15:00:00,SACSI Full,0.23704069341374245,0.6026433706283569,0.0,0.0,0.0,0.0,0.9872843503952026,88
2025-03-27 16:00:00,SACSI Full,0.2369522201342663,0.27945801615715027,0.0,0.0,0.0,0.0,0.9911789861321448,88
2025-03-27 17:00:00,SACSI Full,0.23641093759569334,0.007615238428115845,0.0,0.0,0.0,0.0,0.9971292674541473,88
2025-03-27 18:00:00,SACSI Full,0.23625979700200564,0.005657821893692017,0.0,0.0,0.0,0.0,0.9998672693967819,88
2025-03-27 19:00:00,SACSI Full,0.2361693230433544,0.006857812404632568,0.0,0.0,0.0,0.0,0.999850843846798,88
2025-03-27 20:00:00,SACSI Full,0.23610347202889925,0.0057446956634521484,0.0,0.0,0.0,0.0,0.9998739749193192,88
2025-03-27 21:00:00,SACSI Full,0.23603749733480622,0.005707591772079468,0.0,0.0,0.0,0.0,0.9998854771256447,88
2025-03-27 22:00:00,SACSI Full,0.23591339615695484,0.005269646644592285,0.0,0.0,0.0,0.0,0.9998902276158333,88
2025-03-27 23:00:00,SACSI Full,0.23582263212236568,0.006770789623260498,0.0,0.0,0.0,0.0,0.9998495727777481,88
2025-03-28 00:00:00,SACSI Full,0.23576252600225614,0.007468163967132568,0.0,0.0,0.0,0.0,0.9998436629772186,88
2025-03-28 01:00:00,SACSI Full,0.23570632348967402,0.008639246225357056,0.0,0.0,0.0,0.0,0.9998155042529107,88
2025-03-28 02:00:00,SACSI Full,0.23568499790701083,0.010602325201034546,0.0,0.0,0.0,0.0,0.9997683227062225,88
2025-03-28 03:00:00,SACSI Full,0.235666926241247,0.011578500270843506,0.0,0.0,0.0,0.0,0.999758668243885,88
2025-03-28 04:00:00,SACSI Full,0.23565747539393916,0.014164745807647705,0.0,0.0,0.0,0.0,0.999690842628479,88
2025-03-28 05:00:00,SACSI Full,0.23564650860183253,0.013709962368011475,0.0,0.0,0.0,0.0,0.9997212529182433,88
2025-03-28 06:00:00,SACSI Full,0.2356037608443977,0.012675672769546509,0.0,0.0,0.0,0.0,0.9997361436486244,88
2025-03-28 07:00:00,SACSI Full,0.23540018054676867,0.006925910711288452,0.0,0.0,0.0,0.0,0.9998039841651917,88
2025-03-28 08:00:00,SACSI Full,0.2347731124515615,0.015879571437835693,0.0,0.0,0.0,0.0,0.9995928719639777,88
2025-03-28 09:00:00,SACSI Full,0.23544168018055775,0.5405703186988831,0.0,0.0,0.0,0.0,0.9839416861534118,88
2025-03-28 10:00:00,SACSI Full,0.23703531761837818,0.9370912313461304,0.0,0.0,0.0,0.0,0.9772929662466049,88
2025-03-28 11:00:00,SACSI Full,0.23748047739061534,0.6775479316711426,0.0,0.0,0.0,0.0,0.9838536083698273,88
2025-03-28 12:00:00,SACSI Full,0.23743374194813588,0.5724793672561646,0.0,0.0,0.0,0.0,0.987499727010727,88
2025-03-28 13:00:00,SACSI Full,0.23803219069195605,0.7575346231460571,0.0,0.0,0.0,0.0,0.98299875497818,88
2025-03-28 14:00:00,SACSI Full,0.2381909586242121,0.5746303796768188,0.0,0.0,0.0,0.0,0.9866783499717712,88
2025-03-28 15:00:00,SACSI Full,0.23823288761648356,0.454578697681427,0.0,0.0,0.0,0.0,0.9897079092264175,88
2025-03-28 16:00:00,SACSI Full,0.23772920364571434,0.16339480876922607,0.0,0.0,0.0,0.0,0.9938202649354935,88
2025-03-28 17:00:00,SACSI Full,0.2371957208716156,0.009955167770385742,0.0,0.0,0.0,0.0,0.9982665002346038,88
2025-03-28 18:00:00,SACSI Full,0.23707585559718627,0.006540417671203613,0.0,0.0,0.0,0.0,0.9998350441455841,88
2025-03-28 19:00:00,SACSI Full,0.23707574456644873,0.0084666907787323,0.0,0.0,0.0,0.0,0.9998114034533501,88
2025-03-28 20:00:00,SACSI Full,0.23703749573501767,0.005525350570678711,0.0,0.0,0.0,0.0,0.9998600795865059,88
2025-03-28 21:00:00,SACSI Full,0.23697119470549446,0.005609691143035889,0.0,0.0,0.0,0.0,0.9998869627714156,88
2025-03-28 22:00:00,SACSI Full,0.23690323219649817,0.005111247301101685,0.0,0.0,0.0,0.0,0.9998927906155586,88
2025-03-28 23:00:00,SACSI Full,0.2368362963775081,0.005419254302978516,0.0,0.0,0.0,0.0,0.9998885348439216,88
2025-03-29 00:00:00,SACSI Full,0.2367683671477718,0.0051212310791015625,0.0,0.0,0.0,0.0,0.9998945951461792,88
2025-03-29 01:00:00,SACSI Full,0.23670357759269905,0.006063133478164673,0.0,0.0,0.0,0.0,0.9998693183064461,88
2025-03-29 02:00:00,SACSI Full,0.23664584671768382,0.008180737495422363,0.0,0.0,0.0,0.0,0.999815209209919,88
2025-03-29 03:00:00,SACSI Full,0.23658666844321127,0.007746517658233643,0.0,0.0,0.0,0.0,0.9998407274484634,88
2025-03-29 04:00:00,SACSI Full,0.23656223596843914,0.009670257568359375,0.0,0.0,0.0,0.0,0.9997873574495315,88
2025-03-29 05:00:00,SACSI Full,0.23651190153313517,0.010399669408798218,0.0,0.0,0.0,0.0,0.9997847124934196,88
2025-03-29 06:00:00,SACSI Full,0.23643252993298408,0.010188519954681396,0.0,0.0,0.0,0.0,0.9997941181063652,88
2025-03-29 07:00:00,SACSI Full,0.23616673476967057,0.005261451005935669,0.0,0.0,0.0,0.0,0.9998455002903939,88
2025-03-29 08:00:00,SACSI Full,0.23553268869194227,0.022286176681518555,0.0,0.0,0.0,0.0,0.9993840292096138,88
2025-03-29 09:00:00,SACSI Full,0.23675189903053478,0.7057631015777588,0.0,0.0,0.0,0.0,0.9790499687194824,88
2025-03-29 10:00:00,SACSI Full,0.23727989608558847,0.6088991165161133,0.0,0.0,0.0,0.0,0.9868533778190612,88
2025-03-29 11:00:00,SACSI Full,0.2377882041990045,0.6709924340248108,0.0,0.0,0.0,0.0,0.9859592181444169,88
2025-03-29 12:00:00,SACSI Full,0.2376551272578322,0.5210769176483154,0.0,0.0,0.0,0.0,0.9880793064832687,88
2025-03-29 13:00:00,SACSI Full,0.23701321092797148,0.3684251010417938,0.0,0.0,0.0,0.0,0.991104979813099,88
2025-03-29 14:00:00,SACSI Full,0.23710200035922555,0.5366368293762207,0.0,0.0,0.0,0.0,0.9875851461291314,88
2025-03-29 15:00:00,SACSI Full,0.23771501787854063,0.6089052557945251,0.0,0.0,0.0,0.0,0.9870992106199264,88
2025-03-29 16:00:00,SACSI Full,0.2384295976133429,0.5288739204406738,0.0,0.0,0.0,0.0,0.988622208237648,88
2025-03-29 17:00:00,SACSI Full,0.23784880262486965,0.012761503458023071,0.0,0.0,0.0,0.0,0.994583645761013,88
2025-03-29 18:00:00,SACSI Full,0.23757718408776157,0.0035144388675689697,0.0,0.0,0.0,0.0,0.9998372405767441,88
2025-03-29 19:00:00,SACSI Full,0.23742189997785124,0.004414767026901245,0.0,0.0,0.0,0.0,0.9999027013778686,88
2025-03-29 20:00:00,SACSI Full,0.23723496851635806,0.0034205615520477295,0.0,0.0,0.0,0.0,0.9999216467142105,88
2025-03-29 21:00:00,SACSI Full,0.2370464580284837,0.0029468536376953125,0.0,0.0,0.0,0.0,0.9999363258481025,88
2025-03-29 22:00:00,SACSI Full,0.23688809533867072,0.0034911930561065674,0.0,0.0,0.0,0.0,0.9999247327446938,88
2025-03-29 23:00:00,SACSI Full,0.2367587290838642,0.0036901235580444336,0.0,0.0,0.0,0.0,0.9999242082238198,88
2025-03-30 00:00:00,SACSI Full,0.2366582897253119,0.003868192434310913,0.0,0.0,0.0,0.0,0.9999208554625512,88
2025-03-30 01:00:00,SACSI Full,0.2365608678519013,0.004773437976837158,0.0,0.0,0.0,0.0,0.999895478785038,88
2025-03-30 02:00:00,SACSI Full,0.23643753408385143,0.0054998695850372314,0.0,0.0,0.0,0.0,0.9998827382922173,88
2025-03-30 03:00:00,SACSI Full,0.23634240649255933,0.0054617226123809814,0.0,0.0,0.0,0.0,0.9998903840780258,88
2025-03-30 04:00:00,SACSI Full,0.23625338092677614,0.007292330265045166,0.0,0.0,0.0,0.0,0.9998358473181724,88
2025-03-30 05:00:00,SACSI Full,0.23615891693386254,0.005660802125930786,0.0,0.0,0.0,0.0,0.9998704686760903,88
2025-03-30 06:00:00,SACSI Full,0.23600638854536232,0.005241483449935913,0.0,0.0,0.0,0.0,0.9998909771442414,88
2025-03-30 07:00:00,SACSI Full,0.23573334148360114,0.003085881471633911,0.0,0.0,0.0,0.0,0.9999167263507843,88
2025-03-30 08:00:00,SACSI Full,0.23514889422051927,0.011665821075439453,0.0,0.0,0.0,0.0,0.9996808841824532,88
2025-03-30 09:00:00,SACSI Full,0.23463022620710552,0.12489959597587585,0.0,0.0,0.0,0.0,0.9963696703314782,88
2025-03-30 10:00:00,SACSI Full,0.23660037042809345,0.9820432662963867,0.0,0.0,0.0,0.0,0.9717876979708672,88
2025-03-30 11:00:00,SACSI Full,0.23844350694847918,1.0119409561157227,0.0,0.0,0.0,0.0,0.9794622039794922,88
2025-03-30 12:00:00,SACSI Full,0.24085692335638223,1.2170249223709106,0.0,0.0,0.0,0.0,0.9736086618900298,88
2025-03-30 13:00:00,SACSI Full,0.24286954250209347,1.113785743713379,0.0,0.0,0.0,0.0,0.9766918933391571,88
2025-03-30 14:00:00,SACSI Full,0.2445855602617345,0.9908053278923035,0.0,0.0,0.0,0.0,0.9789540892839432,88
2025-03-30 15:00:00,SACSI Full,0.2457174479376556,0.7390663027763367,0.0,0.0,0.0,0.0,0.9827012836933136,88
2025-03-30 16:00:00,SACSI Full,0.2454258112672251,0.2015089988708496,0.0,0.0,0.0,0.0,0.9905942469835282,88
2025-03-30 17:00:00,SACSI Full,0.24488951068354461,0.009109824895858765,0.0,0.0,0.0,0.0,0.9978938117623329,88
2025-03-30 18:00:00,SACSI Full,0.2449808765724581,0.003909766674041748,0.0,0.0,0.0,0.0,0.9998698040843009,88
2025-03-30 19:00:00,SACSI Full,0.2448259928070785,0.004534870386123657,0.0,0.0,0.0,0.0,0.9999030515551567,88
2025-03-30 20:00:00,SACSI Full,0.24470078447295043,0.004937499761581421,0.0,0.0,0.0,0.0,0.9998972237110137,88
2025-03-30 21:00:00,SACSI Full,0.24457802688313335,0.005672723054885864,0.0,0.0,0.0,0.0,0.9998791933059693,88
2025-03-30 22:00:00,SACSI Full,0.24512968257698228,0.007996708154678345,0.0,0.0,0.0,0.0,0.9998168259859085,88
2025-03-30 23:00:00,SACSI Full,0.2450124925576926,0.007342994213104248,0.0,0.0,0.0,0.0,0.9998466029763221,88
2025-03-31 00:00:00,SACSI Full,0.24523120681874758,0.008114278316497803,0.0,0.0,0.0,0.0,0.9998300015926361,88
2025-03-31 01:00:00,SACSI Full,0.24514266504399781,0.007437467575073242,0.0,0.0,0.0,0.0,0.9998444825410843,88
2025-03-31 02:00:00,SACSI Full,0.24509195807966397,0.01028791069984436,0.0,0.0,0.0,0.0,0.9997657373547554,88
2025-03-31 03:00:00,SACSI Full,0.2450375605944078,0.00918075442314148,0.0,0.0,0.0,0.0,0.9998053133487701,88
2025-03-31 04:00:00,SACSI Full,0.24498977475437334,0.011164247989654541,0.0,0.0,0.0,0.0,0.9997568801045418,88
2025-03-31 05:00:00,SACSI Full,0.24495034051848263,0.013669729232788086,0.0,0.0,0.0,0.0,0.9997015506029129,88
2025-03-31 06:00:00,SACSI Full,0.2448125210661969,0.00965416431427002,0.0,0.0,0.0,0.0,0.9997667610645294,88
2025-03-31 07:00:00,SACSI Full,0.2445791679830632,0.006494075059890747,0.0,0.0,0.0,0.0,0.9998385176062583,88
2025-03-31 08:00:00,SACSI Full,0.24402041158072962,0.010873079299926758,0.0,0.0,0.0,0.0,0.999738748371601,88
2025-03-31 09:00:00,SACSI Full,0.24325482857736758,0.05932509899139404,0.0,0.0,0.0,0.0,0.9983289778232575,88
2025-03-31 10:00:00,SACSI Full,0.24293530953201464,0.16114428639411926,0.0,0.0,0.0,0.0,0.9957589223980903,88
2025-03-31 11:00:00,SACSI Full,0.24337743106636214,0.5236364603042603,0.0,0.0,0.0,0.0,0.9859023490548133,88
2025-03-31 12:00:00,SACSI Full,0.24476202574524095,0.8403784036636353,0.0,0.0,0.0,0.0,0.9800250124931336,88
2025-03-31 13:00:00,SACSI Full,0.2450771709286452,0.385543555021286,0.0,0.0,0.0,0.0,0.9877407804131508,88
2025-03-31 14:00:00,SACSI Full,0.24433173912557768,0.13337045907974243,0.0,0.0,0.0,0.0,0.9948108598589898,88
2025-03-31 15:00:00,SACSI Full,0.24386355106624766,0.05704358220100403,0.0,0.0,0.0,0.0,0.9980958595871925,88
2025-03-31 16:00:00,SACSI Full,0.24313637166930047,0.02834618091583252,0.0,0.0,0.0,0.0,0.9991461023688316,88
2025-03-31 17:00:00,SACSI Full,0.2430108261850755,0.006836354732513428,0.0,0.0,0.0,0.0,0.9996481746435165,88
2025-03-31 18:00:00,SACSI Full,0.24277587271722958,0.006013959646224976,0.0,0.0,0.0,0.0,0.9998714968562127,88
2025-03-31 19:00:00,SACSI Full,0.24256717585755197,0.005390942096710205,0.0,0.0,0.0,0.0,0.9998859509825706,88
2025-03-31 20:00:00,SACSI Full,0.2423896842816751,0.0062525272369384766,0.0,0.0,0.0,0.0,0.9998663336038589,88
2025-03-31 21:00:00,SACSI Full,0.24261343165827598,0.009624212980270386,0.0,0.0,0.0,0.0,0.9997737988829613,88
2025-03-31 22:00:00,SACSI Full,0.24386961786938513,0.019355863332748413,0.0,0.0,0.0,0.0,0.9995155662298203,88
2025-03-31 23:00:00,SACSI Full,0.24410086798064712,0.011875033378601074,0.0,0.0,0.0,0.0,0.9996876910328866,88
2025-04-01 00:00:00,SACSI Full,0.24435948781681854,0.01158595085144043,0.0,0.0,0.0,0.0,0.9997653901576996,88
2025-04-01 01:00:00,SACSI Full,0.24427717969450152,0.009307563304901123,0.0,0.0,0.0,0.0,0.9997910648584366,88
2025-04-01 02:00:00,SACSI Full,0.24420893379800315,0.013526231050491333,0.0,0.0,0.0,0.0,0.9996872887015342,88
2025-04-01 03:00:00,SACSI Full,0.24416661569071607,0.012804567813873291,0.0,0.0,0.0,0.0,0.9997366920113564,88
2025-04-01 04:00:00,SACSI Full,0.2441266062700033,0.01349717378616333,0.0,0.0,0.0,0.0,0.9997231304645539,88
2025-04-01 05:00:00,SACSI Full,0.24404245984110035,0.008756071329116821,0.0,0.0,0.0,0.0,0.9997774675488471,88
2025-04-01 06:00:00,SACSI Full,0.24396693174712653,0.011341571807861328,0.0,0.0,0.0,0.0,0.9997473135590553,88
2025-04-01 07:00:00,SACSI Full,0.2440354831961075,0.005565434694290161,0.0,0.0,0.0,0.0,0.9998309299349786,88
2025-04-01 08:00:00,SACSI Full,0.2434831650888204,0.012804567813873291,0.0,0.0,0.0,0.0,0.9996715173125267,88
2025-04-01 09:00:00,SACSI Full,0.24273984365813728,0.0745035707950592,0.0,0.0,0.0,0.0,0.997892938554287,88
2025-04-01 10:00:00,SACSI Full,0.24399630570444258,0.7679386138916016,0.0,0.0,0.0,0.0,0.9777068772912025,88
2025-04-01 11:00:00,SACSI Full,0.24635290438366725,1.174479603767395,0.0,0.0,0.0,0.0,0.9724449980258941,88
2025-04-01 12:00:00,SACSI Full,0.24773474048964972,0.8990508317947388,0.0,0.0,0.0,0.0,0.9792646956443787,88
2025-04-01 13:00:00,SACSI Full,0.2502503818086067,0.37119239568710327,0.0,0.0,0.0,0.0,0.9872975677251816,88
2025-04-01 14:00:00,SACSI Full,0.25430401428573124,0.14758974313735962,0.0,0.0,0.0,0.0,0.9948121786117553,88
2025-04-01 15:00:00,SACSI Full,0.2585040650498151,0.08101522922515869,0.0,0.0,0.0,0.0,0.9977139502763749,88
2025-04-01 16:00:00,SACSI Full,0.2645673582731962,0.054987967014312744,0.0,0.0,0.0,0.0,0.9986399680376052,88
2025-04-01 17:00:00,SACSI Full,0.26836138256264525,0.0317072868347168,0.0,0.0,0.0,0.0,0.9991330474615098,88
2025-04-01 18:00:00,SACSI Full,0.268174350004522,0.011890232563018799,0.0,0.0,0.0,0.0,0.9995640248060227,88
2025-04-01 19:00:00,SACSI Full,0.2680768290213028,0.013243705034255981,0.0,0.0,0.0,0.0,0.9997215911746026,88
2025-04-01 20:00:00,SACSI Full,0.2683020334660291,0.018561333417892456,0.0,0.0,0.0,0.0,0.9995755970478057,88
2025-04-01 21:00:00,SACSI Full,0.269906207540361,0.032252222299575806,0.0,0.0,0.0,0.0,0.9992180466651917,88
2025-04-01 22:00:00,SACSI Full,0.27417944564692964,0.024471431970596313,0.0,0.0,0.0,0.0,0.9994327634572983,88
2025-04-01 23:00:00,SACSI Full,0.2744632844395716,0.02765163779258728,0.0,0.0,0.0,0.0,0.9994151651859283,88
2025-04-02 00:00:00,SACSI Full,0.2743993809727111,0.023328959941864014,0.0,0.0,0.0,0.0,0.9994901940226555,88
2025-04-02 01:00:00,SACSI Full,0.27471532954963823,0.028784573078155518,0.0,0.0,0.0,0.0,0.9993697524070739,88
2025-04-02 02:00:00,SACSI Full,0.27465855777852516,0.02546846866607666,0.0,0.0,0.0,0.0,0.9994574695825577,88
2025-04-02 03:00:00,SACSI Full,0.2752822948594171,0.029621124267578125,0.0,0.0,0.0,0.0,0.9993660509586335,88
2025-04-02 04:00:00,SACSI Full,0.2798572351077475,0.014982074499130249,0.0,0.0,0.0,0.0,0.9995539680123329,88
2025-04-02 05:00:00,SACSI Full,0.28342769805384455,0.013638883829116821,0.0,0.0,0.0,0.0,0.9997137904167176,88
2025-04-02 06:00:00,SACSI Full,0.2833382825401701,0.02417534589767456,0.0,0.0,0.0,0.0,0.9994111284613609,88
2025-04-02 07:00:00,SACSI Full,0.28306978205395517,0.012949854135513306,0.0,0.0,0.0,0.0,0.9996287479996682,88
2025-04-02 08:00:00,SACSI Full,0.28253759766770176,0.01034468412399292,0.0,0.0,0.0,0.0,0.999767054617405,88
2025-04-02 09:00:00,SACSI Full,0.28166742467277023,0.01944810152053833,0.0,0.0,0.0,0.0,0.9995200037956238,88
2025-04-02 10:00:00,SACSI Full,0.28078592463764324,0.1010499894618988,0.0,0.0,0.0,0.0,0.9971629813313484,88
2025-04-02 11:00:00,SACSI Full,0.2800785142353453,0.2212768793106079,0.0,0.0,0.0,0.0,0.9943721935153008,88
2025-04-02 12:00:00,SACSI Full,0.27934619054747395,0.23080289363861084,0.0,0.0,0.0,0.0,0.9952886819839478,88
2025-04-02 13:00:00,SACSI Full,0.27839011473131947,0.172177255153656,0.0,0.0,0.0,0.0,0.9959701985120774,88
2025-04-02 14:00:00,SACSI Full,0.27747020635398995,0.14052748680114746,0.0,0.0,0.0,0.0,0.996872952580452,88
2025-04-02 15:00:00,SACSI Full,0.2767045166877187,0.11879310011863708,0.0,0.0,0.0,0.0,0.9974067941308021,88
2025-04-02 16:00:00,SACSI Full,0.27631311987829976,0.029080957174301147,0.0,0.0,0.0,0.0,0.9985212594270707,88
2025-04-02 17:00:00,SACSI Full,0.27583069795402654,0.008273422718048096,0.0,0.0,0.0,0.0,0.9996264562010765,88
2025-04-02 18:00:00,SACSI Full,0.2765887039187826,0.012401789426803589,0.0,0.0,0.0,0.0,0.9997106805443764,88
2025-04-02 19:00:00,SACSI Full,0.2784076084799843,0.01367136836051941,0.0,0.0,0.0,0.0,0.9997138768434525,88
2025-04-02 20:00:00,SACSI Full,0.2783317368971583,0.01973852515220642,0.0,0.0,0.0,0.0,0.999544557929039,88
2025-04-02 21:00:00,SACSI Full,0.27820842918905386,0.01400768756866455,0.0,0.0,0.0,0.0,0.9996625378727914,88
2025-04-02 22:00:00,SACSI Full,0.27804600219043857,0.010771900415420532,0.0,0.0,0.0,0.0,0.9997522041201592,88
2025-04-02 23:00:00,SACSI Full,0.2778457403814074,0.007921457290649414,0.0,0.0,0.0,0.0,0.9998130664229393,88
2025-04-03 00:00:00,SACSI Full,0.27764999958468245,0.009277760982513428,0.0,0.0,0.0,0.0,0.9998008817434311,88
2025-04-03 01:00:00,SACSI Full,0.27749046092781193,0.011638402938842773,0.0,0.0,0.0,0.0,0.9997436255216599,88
2025-04-03 02:00:00,SACSI Full,0.27737259909741846,0.015641450881958008,0.0,0.0,0.0,0.0,0.9996471405029297,88
2025-04-03 03:00:00,SACSI Full,0.27931910061471427,0.02645045518875122,0.0,0.0,0.0,0.0,0.999362900853157,88
2025-04-03 04:00:00,SACSI Full,0.2816130744492289,0.022192150354385376,0.0,0.0,0.0,0.0,0.9995135739445686,88
2025-04-03 05:00:00,SACSI Full,0.28422494500749074,0.0175611674785614,0.0,0.0,0.0,0.0,0.9996024668216705,88
2025-04-03 06:00:00,SACSI Full,0.28807810737245043,0.006948709487915039,0.0,0.0,0.0,0.0,0.9997549012303353,88
2025-04-03 07:00:00,SACSI Full,0.29950913263432943,0.0058075785636901855,0.0,0.0,0.0,0.0,0.999872437119484,88
2025-04-03 08:00:00,SACSI Full,0.2992644592518882,0.00509798526763916,0.0,0.0,0.0,0.0,0.9998909443616867,88
2025-04-03 09:00:00,SACSI Full,0.2994611945258852,0.00552058219909668,0.0,0.0,0.0,0.0,0.9998853623867034,88
2025-04-03 10:00:00,SACSI Full,0.2983589931952234,0.009339600801467896,0.0,0.0,0.0,0.0,0.999775017797947,88
2025-04-03 11:00:00,SACSI Full,0.2971122661275939,0.025481879711151123,0.0,0.0,0.0,0.0,0.9993289396166801,88
2025-04-03 12:00:00,SACSI Full,0.295771742373633,0.0398428738117218,0.0,0.0,0.0,0.0,0.9990595325827598,88
2025-04-03 13:00:00,SACSI Full,0.2948602078075484,0.02603963017463684,0.0,0.0,0.0,0.0,0.9993411749601364,88
2025-04-03 14:00:00,SACSI Full,0.29450146730534993,0.015377849340438843,0.0,0.0,0.0,0.0,0.9995858252048493,88
2025-04-03 15:00:00,SACSI Full,0.2937597467401898,0.017483830451965332,0.0,0.0,0.0,0.0,0.9996292635798455,88
2025-04-03 16:00:00,SACSI Full,0.293726728938746,0.011094659566879272,0.0,0.0,0.0,0.0,0.9997142150998115,88
2025-04-03 17:00:00,SACSI Full,0.29387877995364625,0.007115304470062256,0.0,0.0,0.0,0.0,0.9998179003596306,88
2025-04-03 18:00:00,SACSI Full,0.2943179924101905,0.008263736963272095,0.0,0.0,0.0,0.0,0.9998232409358024,88
2025-04-03 19:00:00,SACSI Full,0.29417876032782353,0.009230375289916992,0.0,0.0,0.0,0.0,0.9998057261109352,88
2025-04-03 20:00:00,SACSI Full,0.29397446080081424,0.006710141897201538,0.0,0.0,0.0,0.0,0.9998405948281288,88
2025-04-03 21:00:00,SACSI Full,0.2938049130339698,0.008635669946670532,0.0,0.0,0.0,0.0,0.9998080313205718,88
2025-04-03 22:00:00,SACSI Full,0.2936361093317743,0.00885888934135437,0.0,0.0,0.0,0.0,0.9998205900192261,88
2025-04-03 23:00:00,SACSI Full,0.2934365692356503,0.00813797116279602,0.0,0.0,0.0,0.0,0.9998300313949585,88
2025-04-04 00:00:00,SACSI Full,0.2936016099766171,0.009012222290039062,0.0,0.0,0.0,0.0,0.9998110130429267,88
2025-04-04 01:00:00,SACSI Full,0.2934337733597831,0.009149014949798584,0.0,0.0,0.0,0.0,0.9998156517744065,88
2025-04-04 02:00:00,SACSI Full,0.2939616490184541,0.00936269760131836,0.0,0.0,0.0,0.0,0.9998106092214585,88
2025-04-04 03:00:00,SACSI Full,0.294124935396043,0.008485913276672363,0.0,0.0,0.0,0.0,0.9998215138912201,88
2025-04-04 04:00:00,SACSI Full,0.29401540954066074,0.009642243385314941,0.0,0.0,0.0,0.0,0.9997955918312073,88
2025-04-04 05:00:00,SACSI Full,0.2939100768720384,0.01090019941329956,0.0,0.0,0.0,0.0,0.9997694164514541,88
2025-04-04 06:00:00,SACSI Full,0.2937718327366586,0.009526759386062622,0.0,0.0,0.0,0.0,0.9997957304120063,88
2025-04-04 07:00:00,SACSI Full,0.29349339069240044,0.009967386722564697,0.0,0.0,0.0,0.0,0.9997962459921836,88
2025-04-04 08:00:00,SACSI Full,0.29322891389799866,0.007656961679458618,0.0,0.0,0.0,0.0,0.9998237565159798,88
2025-04-04 09:00:00,SACSI Full,0.29272163320732864,0.011315792798995972,0.0,0.0,0.0,0.0,0.9997370958328248,88
2025-04-04 10:00:00,SACSI Full,0.29171080235434327,0.019750744104385376,0.0,0.0,0.0,0.0,0.9995206356048584,88
2025-04-04 11:00:00,SACSI Full,0.29091622326009225,0.06962627172470093,0.0,0.0,0.0,0.0,0.9981087192893029,88
2025-04-04 12:00:00,SACSI Full,0.29004772788080324,0.08145138621330261,0.0,0.0,0.0,0.0,0.9982527211308478,88
2025-04-04 13:00:00,SACSI Full,0.2888601481893932,0.06872609257698059,0.0,0.0,0.0,0.0,0.9984982252120972,88
2025-04-04 14:00:00,SACSI Full,0.28774402632269014,0.06466343998908997,0.0,0.0,0.0,0.0,0.9986661046743394,88
2025-04-04 15:00:00,SACSI Full,0.28672427732182293,0.042575299739837646,0.0,0.0,0.0,0.0,0.9989276126027107,88
2025-04-04 16:00:00,SACSI Full,0.28589563141378516,0.014906227588653564,0.0,0.0,0.0,0.0,0.9994251847267152,88
2025-04-04 17:00:00,SACSI Full,0.28535026695045584,0.006390661001205444,0.0,0.0,0.0,0.0,0.9997870311141014,88
2025-04-04 18:00:00,SACSI Full,0.285100947504369,0.010204166173934937,0.0,0.0,0.0,0.0,0.999757781624794,88
2025-04-04 19:00:00,SACSI Full,0.2849493486828879,0.014020353555679321,0.0,0.0,0.0,0.0,0.999681431055069,88
2025-04-04 20:00:00,SACSI Full,0.2848281186933592,0.014631003141403198,0.0,0.0,0.0,0.0,0.9997012734413148,88
2025-04-04 21:00:00,SACSI Full,0.28471099248362336,0.01586213707923889,0.0,0.0,0.0,0.0,0.9996704459190369,88
2025-04-04 22:00:00,SACSI Full,0.2846112648696974,0.02108171582221985,0.0,0.0,0.0,0.0,0.9995261698961259,88
2025-04-04 23:00:00,SACSI Full,0.28453907933744543,0.020844340324401855,0.0,0.0,0.0,0.0,0.9995807394385339,88
2025-04-05 00:00:00,SACSI Full,0.2848310807549233,0.021600425243377686,0.0,0.0,0.0,0.0,0.9995604306459427,88
2025-04-05 01:00:00,SACSI Full,0.2854479317779615,0.019055306911468506,0.0,0.0,0.0,0.0,0.9995934426784515,88
2025-04-05 02:00:00,SACSI Full,0.28541388901345677,0.02378717064857483,0.0,0.0,0.0,0.0,0.9994769379496574,88
2025-04-05 03:00:00,SACSI Full,0.2853727662105634,0.021663159132003784,0.0,0.0,0.0,0.0,0.9995454967021943,88
2025-04-05 04:00:00,SACSI Full,0.2853292438240125,0.020943284034729004,0.0,0.0,0.0,0.0,0.9995739355683326,88
2025-04-05 05:00:00,SACSI Full,0.2852493235956901,0.0185239315032959,0.0,0.0,0.0,0.0,0.9996053278446198,88
2025-04-05 06:00:00,SACSI Full,0.28514442229859766,0.019529610872268677,0.0,0.0,0.0,0.0,0.9995993509888649,88
2025-04-05 07:00:00,SACSI Full,0.28487378250234063,0.012308061122894287,0.0,0.0,0.0,0.0,0.9996816232800484,88
2025-04-05 08:00:00,SACSI Full,0.28430793066375193,0.00874444842338562,0.0,0.0,0.0,0.0,0.9997894749045372,88
2025-04-05 09:00:00,SACSI Full,0.2834001369384203,0.016661882400512695,0.0,0.0,0.0,0.0,0.9995875880122185,88
2025-04-05 10:00:00,SACSI Full,0.28241709813865756,0.07908836007118225,0.0,0.0,0.0,0.0,0.9977939680218696,88
2025-04-05 11:00:00,SACSI Full,0.28149556848081686,0.15704110264778137,0.0,0.0,0.0,0.0,0.9960796505212783,88
2025-04-05 12:00:00,SACSI Full,0.28026036556912204,0.10543912649154663,0.0,0.0,0.0,0.0,0.9973751977086067,88
2025-04-05 13:00:00,SACSI Full,0.27916381600968776,0.1300351321697235,0.0,0.0,0.0,0.0,0.9971533372998237,88
2025-04-05 14:00:00,SACSI Full,0.27808844378344955,0.11088833212852478,0.0,0.0,0.0,0.0,0.9975907653570175,88
2025-04-05 15:00:00,SACSI Full,0.27720375119162344,0.0915922224521637,0.0,0.0,0.0,0.0,0.9979751944541931,88
2025-04-05 16:00:00,SACSI Full,0.27638554924202696,0.02653941512107849,0.0,0.0,0.0,0.0,0.9988186836242675,88
2025-04-05 17:00:00,SACSI Full,0.27588277653647203,0.010668188333511353,0.0,0.0,0.0,0.0,0.9996279239654541,88
2025-04-05 18:00:00,SACSI Full,0.2756895232402557,0.010024011135101318,0.0,0.0,0.0,0.0,0.9997930780053139,88
2025-04-05 19:00:00,SACSI Full,0.27559254565271474,0.013406723737716675,0.0,0.0,0.0,0.0,0.9996980383992194,88
2025-04-05 20:00:00,SACSI Full,0.2755011331521743,0.015076249837875366,0.0,0.0,0.0,0.0,0.9996817797422409,88
2025-04-05 21:00:00,SACSI Full,0.27540551902088256,0.013815760612487793,0.0,0.0,0.0,0.0,0.9997110798954963,88
2025-04-05 22:00:00,SACSI Full,0.2753115902109219,0.014321357011795044,0.0,0.0,0.0,0.0,0.9997085168957711,88
2025-04-05 23:00:00,SACSI Full,0.2752142376108242,0.013294219970703125,0.0,0.0,0.0,0.0,0.999723844230175,88
2025-04-06 00:00:00,SACSI Full,0.275109726492889,0.0111466646194458,0.0,0.0,0.0,0.0,0.9997555911540985,88
2025-04-06 01:00:00,SACSI Full,0.27503415568225315,0.01132875680923462,0.0,0.0,0.0,0.0,0.9997716039419173,88
2025-04-06 02:00:00,SACSI Full,0.2749646690157327,0.013154000043869019,0.0,0.0,0.0,0.0,0.9997186675667763,88
2025-04-06 03:00:00,SACSI Full,0.2748519428876313,0.008682161569595337,0.0,0.0,0.0,0.0,0.9997816383838654,88
2025-04-06 04:00:00,SACSI Full,0.27479350245190387,0.0164678692817688,0.0,0.0,0.0,0.0,0.999592785537243,88
2025-04-06 05:00:00,SACSI Full,0.2747419180404417,0.01852467656135559,0.0,0.0,0.0,0.0,0.9996089383959771,88
2025-04-06 06:00:00,SACSI Full,0.2750499247951579,0.026402026414871216,0.0,0.0,0.0,0.0,0.9993931859731674,88
2025-04-06 07:00:00,SACSI Full,0.275482486598022,0.014768540859222412,0.0,0.0,0.0,0.0,0.999588294327259,88
2025-04-06 08:00:00,SACSI Full,0.27482937845818917,0.01656755805015564,0.0,0.0,0.0,0.0,0.9996506586670876,88
2025-04-06 09:00:00,SACSI Full,0.2739939628842743,0.046875327825546265,0.0,0.0,0.0,0.0,0.9987594157457351,88
2025-04-06 10:00:00,SACSI Full,0.2732977955106171,0.17364978790283203,0.0,0.0,0.0,0.0,0.9952592596411706,88
2025-04-06 11:00:00,SACSI Full,0.2726771820858391,0.2728159725666046,0.0,0.0,0.0,0.0,0.9935520187020302,88
2025-04-06 12:00:00,SACSI Full,0.2718414288730693,0.23377403616905212,0.0,0.0,0.0,0.0,0.9949340999126434,88
2025-04-06 13:00:00,SACSI Full,0.2712869378267996,0.3096526861190796,0.0,0.0,0.0,0.0,0.9930481597781182,88
2025-04-06 14:00:00,SACSI Full,0.2709130221004558,0.3298252820968628,0.0,0.0,0.0,0.0,0.9932017683982849,88
2025-04-06 15:00:00,SACSI Full,0.2702529548107855,0.16747981309890747,0.0,0.0,0.0,0.0,0.9950269490480422,88
2025-04-06 16:00:00,SACSI Full,0.26945383826844616,0.032265037298202515,0.0,0.0,0.0,0.0,0.9980025514960289,88
2025-04-06 17:00:00,SACSI Full,0.2689551117248607,0.011882036924362183,0.0,0.0,0.0,0.0,0.9995585292577744,88
2025-04-06 18:00:00,SACSI Full,0.2687822233489426,0.016133487224578857,0.0,0.0,0.0,0.0,0.9996348157525062,88
2025-04-06 19:00:00,SACSI Full,0.2686545431434385,0.012695938348770142,0.0,0.0,0.0,0.0,0.9997117057442665,88
2025-04-06 20:00:00,SACSI Full,0.2684526556177211,0.00743374228477478,0.0,0.0,0.0,0.0,0.9997987031936646,88
2025-04-06 21:00:00,SACSI Full,0.2682458318340055,0.0059528648853302,0.0,0.0,0.0,0.0,0.999866133928299,88
2025-04-06 22:00:00,SACSI Full,0.26807211124532143,0.007383823394775391,0.0,0.0,0.0,0.0,0.9998380139470101,88
2025-04-06 23:00:00,SACSI Full,0.2679022828399412,0.008551478385925293,0.0,0.0,0.0,0.0,0.99981729388237,88
2025-04-07 00:00:00,SACSI Full,0.2677750814584168,0.012839585542678833,0.0,0.0,0.0,0.0,0.9997003272175788,88
2025-04-07 01:00:00,SACSI Full,0.26764601246468944,0.012279301881790161,0.0,0.0,0.0,0.0,0.9997488111257553,88
2025-04-07 02:00:00,SACSI Full,0.2675455122426422,0.012349933385848999,0.0,0.0,0.0,0.0,0.9997522950172425,88
2025-04-07 03:00:00,SACSI Full,0.2674580505366397,0.01626148819923401,0.0,0.0,0.0,0.0,0.9996356546878815,88
2025-04-07 04:00:00,SACSI Full,0.2673244436426234,0.01091793179512024,0.0,0.0,0.0,0.0,0.9997282058000565,88
2025-04-07 05:00:00,SACSI Full,0.2671878391316803,0.010018646717071533,0.0,0.0,0.0,0.0,0.9997906342148781,88
2025-04-07 06:00:00,SACSI Full,0.26901996549320933,0.017637908458709717,0.0,0.0,0.0,0.0,0.9995710492134093,88
2025-04-07 07:00:00,SACSI Full,0.269790007622567,0.016012638807296753,0.0,0.0,0.0,0.0,0.9996634945273399,88
2025-04-07 08:00:00,SACSI Full,0.269569152256178,0.012243390083312988,0.0,0.0,0.0,0.0,0.999717439711094,88
2025-04-07 09:00:00,SACSI Full,0.2691844199740163,0.039580315351486206,0.0,0.0,0.0,0.0,0.9989350244402886,88
2025-04-07 10:00:00,SACSI Full,0.2682522726817202,0.060355812311172485,0.0,0.0,0.0,0.0,0.9985851287841796,88
2025-04-07 11:00:00,SACSI Full,0.2678716023273539,0.29379889369010925,0.0,0.0,0.0,0.0,0.9917895913124084,88
2025-04-07 12:00:00,SACSI Full,0.26795529430739795,0.4671075940132141,0.0,0.0,0.0,0.0,0.9889247611165046,88
2025-04-07 13:00:00,SACSI Full,0.2676449884950391,0.30640825629234314,0.0,0.0,0.0,0.0,0.9922648414969444,88
2025-04-07 14:00:00,SACSI Full,0.2755791616609962,0.011751949787139893,0.0,0.0,0.0,0.0,0.9968183979392051,88
2025-04-07 15:00:00,SACSI Full,0.2782775676484179,0.020021796226501465,0.0,0.0,0.0,0.0,0.9995168656110764,88
2025-04-07 16:00:00,SACSI Full,0.2780806005989781,0.010909885168075562,0.0,0.0,0.0,0.0,0.9996906831860543,88
2025-04-07 17:00:00,SACSI Full,0.27759058603637127,0.005995631217956543,0.0,0.0,0.0,0.0,0.9998309448361397,88
2025-04-07 18:00:00,SACSI Full,0.27732764543883714,0.006117820739746094,0.0,0.0,0.0,0.0,0.9998764216899871,88
2025-04-07 19:00:00,SACSI Full,0.27712899345192027,0.008404403924942017,0.0,0.0,0.0,0.0,0.9998090460896492,88
2025-04-07 20:00:00,SACSI Full,0.2769317829039962,0.008836835622787476,0.0,0.0,0.0,0.0,0.9998189389705657,88
2025-04-07 21:00:00,SACSI Full,0.27680489544026765,0.01293376088142395,0.0,0.0,0.0,0.0,0.9997003555297852,88
2025-04-07 22:00:00,SACSI Full,0.27663358883969696,0.008108019828796387,0.0,0.0,0.0,0.0,0.9997895821928978,88
2025-04-07 23:00:00,SACSI Full,0.276464908320434,0.008895844221115112,0.0,0.0,0.0,0.0,0.9998142048716545,88
2025-04-08 00:00:00,SACSI Full,0.2762978540145627,0.009383708238601685,0.0,0.0,0.0,0.0,0.9998074471950531,88
2025-04-08 01:00:00,SACSI Full,0.2761777659506869,0.014973580837249756,0.0,0.0,0.0,0.0,0.9996446296572685,88
2025-04-08 02:00:00,SACSI Full,0.2760953939846427,0.017788410186767578,0.0,0.0,0.0,0.0,0.9996160835027694,88
2025-04-08 03:00:00,SACSI Full,0.2760110068848998,0.01718387007713318,0.0,0.0,0.0,0.0,0.999650277197361,88
2025-04-08 04:00:00,SACSI Full,0.27594241054567403,0.021921098232269287,0.0,0.0,0.0,0.0,0.9995142057538032,88
2025-04-08 05:00:00,SACSI Full,0.2758660899411908,0.019603818655014038,0.0,0.0,0.0,0.0,0.9995847508311272,88
2025-04-08 06:00:00,SACSI Full,0.2757105765846641,0.012845993041992188,0.0,0.0,0.0,0.0,0.9996755018830299,88
2025-04-08 07:00:00,SACSI Full,0.2764508777176609,0.01559033989906311,0.0,0.0,0.0,0.0,0.999660749733448,88
2025-04-08 08:00:00,SACSI Full,0.275864091468977,0.010964125394821167,0.0,0.0,0.0,0.0,0.9997344553470612,88
2025-04-08 09:00:00,SACSI Full,0.278786918478337,0.03184810280799866,0.0,0.0,0.0,0.0,0.9991541981697083,88
2025-04-08 10:00:00,SACSI Full,0.27818216892433867,0.04157513380050659,0.0,0.0,0.0,0.0,0.9990712270140647,88
2025-04-08 11:00:00,SACSI Full,0.28160598232858086,0.026644021272659302,0.0,0.0,0.0,0.0,0.9993178084492683,88
2025-04-08 12:00:00,SACSI Full,0.3015272803945611,0.007889419794082642,0.0,0.0,0.0,0.0,0.9996546655893326,88
2025-04-08 13:00:00,SACSI Full,0.3111580246396135,0.012223273515701294,0.0,0.0,0.0,0.0,0.9997121959924699,88
2025-04-08 14:00:00,SACSI Full,0.3099808932824205,0.0038605928421020508,0.0,0.0,0.0,0.0,0.9998391613364219,88
2025-04-08 15:00:00,SACSI Full,0.30880103004567533,0.0030410289764404297,0.0,0.0,0.0,0.0,0.9999309837818146,88
2025-04-08 16:00:00,SACSI Full,0.3095801113664379,0.003724396228790283,0.0,0.0,0.0,0.0,0.9999186784029007,88
2025-04-08 17:00:00,SACSI Full,0.3099184024289519,0.003487318754196167,0.0,0.0,0.0,0.0,0.9999278828501701,88
2025-04-08 18:00:00,SACSI Full,0.3097296997160982,0.002889186143875122,0.0,0.0,0.0,0.0,0.9999362349510194,88
2025-04-08 19:00:00,SACSI Full,0.30999033048105945,0.0036892294883728027,0.0,0.0,0.0,0.0,0.9999182149767876,88
2025-04-08 20:00:00,SACSI Full,0.3118919022825629,0.004471540451049805,0.0,0.0,0.0,0.0,0.9999027460813522,88
2025-04-08 21:00:00,SACSI Full,0.31278787025404675,0.002790391445159912,0.0,0.0,0.0,0.0,0.9999273806810378,88
2025-04-08 22:00:00,SACSI Full,0.3130174258720149,0.002866685390472412,0.0,0.0,0.0,0.0,0.9999419033527374,88
2025-04-08 23:00:00,SACSI Full,0.3132468563202291,0.002829134464263916,0.0,0.0,0.0,0.0,0.9999430418014525,88
2025-04-09 00:00:00,SACSI Full,0.31314309996319506,0.0028730928897857666,0.0,0.0,0.0,0.0,0.999942098557949,88
2025-04-09 01:00:00,SACSI Full,0.3130407532560099,0.003295987844467163,0.0,0.0,0.0,0.0,0.9999298512935639,88
2025-04-09 02:00:00,SACSI Full,0.31293795951398895,0.003161877393722534,0.0,0.0,0.0,0.0,0.9999354213476181,88
2025-04-09 03:00:00,SACSI Full,0.3128362163038322,0.003477036952972412,0.0,0.0,0.0,0.0,0.9999273076653481,88
2025-04-09 04:00:00,SACSI Full,0.3134290692722071,0.0033558905124664307,0.0,0.0,0.0,0.0,0.9999316707253456,88
2025-04-09 05:00:00,SACSI Full,0.31469241651885405,0.004504173994064331,0.0,0.0,0.0,0.0,0.9998984336853027,88
2025-04-09 06:00:00,SACSI Full,0.3169022606153557,0.005453228950500488,0.0,0.0,0.0,0.0,0.9998814448714256,88
2025-04-09 07:00:00,SACSI Full,0.31774308332873075,0.003246814012527466,0.0,0.0,0.0,0.0,0.9999129995703697,88
2025-04-09 08:00:00,SACSI Full,0.32239622677358676,0.014943033456802368,0.0,0.0,0.0,0.0,-0.24003850022225393,88
2025-04-09 09:00:00,SACSI Full,0.3302690669285525,0.040352046489715576,0.0,0.0,0.0,0.0,-1.027967823915374,88
2025-04-09 10:00:00,SACSI Full,0.3296809850409894,0.0020754337310791016,0.0,0.0,0.0,0.0,-0.9685227789011489,88
2025-04-09 11:00:00,SACSI Full,0.3287263953251907,0.004623085260391235,0.0,0.0,0.0,0.0,-0.8727574707395716,88
2025-04-09 12:00:00,SACSI Full,0.32751842884255133,0.005110055208206177,0.0,0.0,0.0,0.0,-0.751949955058775,88
2025-04-09 13:00:00,SACSI Full,0.32759082103761716,0.006217658519744873,0.0,0.0,0.0,0.0,-0.759217532965226,88
2025-04-09 14:00:00,SACSI Full,0.33056867771975884,0.016357004642486572,0.0,0.0,0.0,0.0,-1.0572963055299607,88
2025-04-09 15:00:00,SACSI Full,0.33197450557502794,0.010748356580734253,0.0,0.0,0.0,0.0,-1.1977216111150262,88
2025-04-09 16:00:00,SACSI Full,0.3325890064481168,0.005350261926651001,0.0,0.0,0.0,0.0,-1.2590616309967517,88
2025-04-09 17:00:00,SACSI Full,0.3321121945797671,0.00145643949508667,0.0,0.0,0.0,0.0,-1.211287524990926,88
2025-04-09 18:00:00,SACSI Full,0.33198119515769375,0.0032001733779907227,0.0,0.0,0.0,0.0,-1.1982009565757636,88
2025-04-09 19:00:00,SACSI Full,0.33196162569396387,0.0026291608810424805,0.0,0.0,0.0,0.0,-1.1962208627389765,88
2025-04-09 20:00:00,SACSI Full,0.3319406366462776,0.0022032856941223145,0.0,0.0,0.0,0.0,-1.1941119890935108,88
2025-04-09 21:00:00,SACSI Full,0.33194917451493633,0.0025613605976104736,0.0,0.0,0.0,0.0,-1.1949722594546193,88
2025-04-09 22:00:00,SACSI Full,0.3319576373810837,0.0025388598442077637,0.0,0.0,0.0,0.0,-1.1958147403127866,88
2025-04-09 23:00:00,SACSI Full,0.3319363542838165,0.0021150708198547363,0.0,0.0,0.0,0.0,-1.1936819676882915,88
2025-04-10 00:00:00,SACSI Full,0.3319142039389679,0.0018548965454101562,0.0,0.0,0.0,0.0,-1.191460093570444,88
2025-04-10 01:00:00,SACSI Full,0.33189216833306046,0.0018893182277679443,0.0,0.0,0.0,0.0,-1.1892549638874237,88
2025-04-10 02:00:00,SACSI Full,0.3318995846409867,0.0022248923778533936,0.0,0.0,0.0,0.0,-1.1900063176877251,88
2025-04-10 03:00:00,SACSI Full,0.3319083415567149,0.002627074718475342,0.0,0.0,0.0,0.0,-1.1908907189892644,88
2025-04-10 04:00:00,SACSI Full,0.33191642841689484,0.002426058053970337,0.0,0.0,0.0,0.0,-1.1916933730172077,88
2025-04-10 05:00:00,SACSI Full,0.3319260595340798,0.0028893351554870605,0.0,0.0,0.0,0.0,-1.192668372882102,88
2025-04-10 06:00:00,SACSI Full,0.33190690531604183,0.002753734588623047,0.0,0.0,0.0,0.0,-1.1907469623016238,88
2025-04-10 07:00:00,SACSI Full,0.3316879634113381,0.0023174285888671875,0.0,0.0,0.0,0.0,-1.1688470527655848,88
2025-04-10 08:00:00,SACSI Full,0.331013628832824,0.0016996264457702637,0.0,0.0,0.0,0.0,-1.1014030538327437,88
2025-04-10 09:00:00,SACSI Full,0.3298601294926077,0.00245019793510437,0.0,0.0,0.0,0.0,-0.9860694589343627,88
2025-04-10 10:00:00,SACSI Full,0.3282879343369871,0.004341453313827515,0.0,0.0,0.0,0.0,-0.828899175318774,88
2025-04-10 11:00:00,SACSI Full,0.32646140476656654,0.004541128873825073,0.0,0.0,0.0,0.0,-0.6462332959897301,88
2025-04-10 12:00:00,SACSI Full,0.3245518674813976,0.005138814449310303,0.0,0.0,0.0,0.0,-0.45529550128449864,88
2025-04-10 13:00:00,SACSI Full,0.32267241590611834,0.005664527416229248,0.0,0.0,0.0,0.0,-0.26736013828982685,88
2025-04-10 14:00:00,SACSI Full,0.32140545519543384,0.004411786794662476,0.0,0.0,0.0,0.0,-0.14064628268549248,88
2025-04-10 15:00:00,SACSI Full,0.32005454540046746,0.0027270615100860596,0.0,0.0,0.0,0.0,-0.005525928529792878,88
2025-04-10 16:00:00,SACSI Full,0.31909692020528213,0.0017124414443969727,0.0,0.0,0.0,0.0,0.9999556049704552,88
2025-04-10 17:00:00,SACSI Full,0.3186195252048244,0.0012814998626708984,0.0,0.0,0.0,0.0,0.9999700605869293,88
2025-04-10 18:00:00,SACSI Full,0.3184844180293152,0.0019678473472595215,0.0,0.0,0.0,0.0,0.9999537795782089,88
2025-04-10 19:00:00,SACSI Full,0.3184046910535564,0.0015819072723388672,0.0,0.0,0.0,0.0,0.999964502453804,88
2025-04-10 20:00:00,SACSI Full,0.31835485607259173,0.0020495057106018066,0.0,0.0,0.0,0.0,0.9999543339014054,88
2025-04-10 21:00:00,SACSI Full,0.31833362165245116,0.002129673957824707,0.0,0.0,0.0,0.0,0.9999566048383713,88
2025-04-10 22:00:00,SACSI Full,0.3183416424508164,0.0024062395095825195,0.0,0.0,0.0,0.0,0.9999491095542907,88
2025-04-10 23:00:00,SACSI Full,0.3183200052026182,0.0020088255405426025,0.0,0.0,0.0,0.0,0.9999558493494987,88
2025-04-11 00:00:00,SACSI Full,0.3182694122492542,0.0018221139907836914,0.0,0.0,0.0,0.0,0.9999616906046868,88
2025-04-11 01:00:00,SACSI Full,0.3182476682094008,0.00197678804397583,0.0,0.0,0.0,0.0,0.9999589174985886,88
2025-04-11 02:00:00,SACSI Full,0.3182536897686392,0.0018064677715301514,0.0,0.0,0.0,0.0,0.999962167441845,88
2025-04-11 03:00:00,SACSI Full,0.31823089917056463,0.00166282057762146,0.0,0.0,0.0,0.0,0.9999653071165086,88
2025-04-11 04:00:00,SACSI Full,0.3182082228147259,0.0016970932483673096,0.0,0.0,0.0,0.0,0.9999657154083252,88
2025-04-11 05:00:00,SACSI Full,0.31818540092421277,0.001653432846069336,0.0,0.0,0.0,0.0,0.9999664947390556,88
2025-04-11 06:00:00,SACSI Full,0.3181348238654207,0.0018268823623657227,0.0,0.0,0.0,0.0,0.9999617278575897,88
2025-04-11 07:00:00,SACSI Full,0.31785667563947745,0.0015555322170257568,0.0,0.0,0.0,0.0,0.9999661758542061,88
2025-04-11 08:00:00,SACSI Full,0.3171558172253043,0.002242475748062134,0.0,0.0,0.0,0.0,0.9999482810497284,88
2025-04-11 09:00:00,SACSI Full,0.31597659076484746,0.0032320618629455566,0.0,0.0,0.0,0.0,0.9999254629015922,88
2025-04-11 10:00:00,SACSI Full,0.31442967718474774,0.0034259259700775146,0.0,0.0,0.0,0.0,0.9999295428395271,88
2025-04-11 11:00:00,SACSI Full,0.31263468718084403,0.0055029988288879395,0.0,0.0,0.0,0.0,0.9998691692948342,88
2025-04-11 12:00:00,SACSI Full,0.3107289591291816,0.0062815845012664795,0.0,0.0,0.0,0.0,0.9998665824532509,88
2025-04-11 13:00:00,SACSI Full,0.3088534538780918,0.006848424673080444,0.0,0.0,0.0,0.0,0.9998573631048203,88
2025-04-11 14:00:00,SACSI Full,0.3071716591234277,0.005461573600769043,0.0,0.0,0.0,0.0,0.9998769000172615,88
2025-04-11 15:00:00,SACSI Full,0.30580281253529296,0.0058460235595703125,0.0,0.0,0.0,0.0,0.9998792350292206,88
2025-04-11 16:00:00,SACSI Full,0.30482527167273266,0.004237741231918335,0.0,0.0,0.0,0.0,0.9998991623520852,88
2025-04-11 17:00:00,SACSI Full,0.30462894613536895,0.0026023387908935547,0.0,0.0,0.0,0.0,0.9999315991997719,88
2025-04-11 18:00:00,SACSI Full,0.30449835351499616,0.003322213888168335,0.0,0.0,0.0,0.0,0.9999263569712639,88
2025-04-11 19:00:00,SACSI Full,0.30478707323424714,0.0036159157752990723,0.0,0.0,0.0,0.0,0.9999247446656226,88
2025-04-11 20:00:00,SACSI Full,0.30480271150621474,0.004691481590270996,0.0,0.0,0.0,0.0,0.999895414710045,88
2025-04-11 21:00:00,SACSI Full,0.3048158319786459,0.003936141729354858,0.0,0.0,0.0,0.0,0.9999137237668038,88
2025-04-11 22:00:00,SACSI Full,0.30482813487403293,0.003690868616104126,0.0,0.0,0.0,0.0,0.9999237298965454,88
2025-04-11 23:00:00,SACSI Full,0.3048419298723608,0.00413849949836731,0.0,0.0,0.0,0.0,0.99991275370121,88
2025-04-12 00:00:00,SACSI Full,0.30485752840789854,0.004679560661315918,0.0,0.0,0.0,0.0,0.9999009981751442,88
2025-04-12 01:00:00,SACSI Full,0.3048739758129189,0.004934221506118774,0.0,0.0,0.0,0.0,0.9998987689614296,88
2025-04-12 02:00:00,SACSI Full,0.3048610805792878,0.00463142991065979,0.0,0.0,0.0,0.0,0.9999043434858321,88
2025-04-12 03:00:00,SACSI Full,0.3048766935192813,0.004683881998062134,0.0,0.0,0.0,0.0,0.9999057978391647,88
2025-04-12 04:00:00,SACSI Full,0.30489118837547996,0.004348456859588623,0.0,0.0,0.0,0.0,0.9999096766114235,88
2025-04-12 05:00:00,SACSI Full,0.30490494860443174,0.004128068685531616,0.0,0.0,0.0,0.0,0.9999152347445488,88
2025-04-12 06:00:00,SACSI Full,0.3049214258117745,0.004943162202835083,0.0,0.0,0.0,0.0,0.9998929858207702,88
2025-04-12 07:00:00,SACSI Full,0.3046806117172311,0.004255771636962891,0.0,0.0,0.0,0.0,0.9999080106616021,88
2025-04-12 08:00:00,SACSI Full,0.30398226067178147,0.0029946863651275635,0.0,0.0,0.0,0.0,0.9999274954199792,88
2025-04-12 09:00:00,SACSI Full,0.3028067058574428,0.004333555698394775,0.0,0.0,0.0,0.0,0.9998999401926995,88
2025-04-12 10:00:00,SACSI Full,0.3012135007925103,0.006538480520248413,0.0,0.0,0.0,0.0,0.9998471811413765,88
2025-04-12 11:00:00,SACSI Full,0.2993431791586945,0.008403509855270386,0.0,0.0,0.0,0.0,0.9998132795095444,88
2025-04-12 12:00:00,SACSI Full,0.2974157969708512,0.008285343647003174,0.0,0.0,0.0,0.0,0.9998331114649773,88
2025-04-12 13:00:00,SACSI Full,0.29550035409006176,0.011867135763168335,0.0,0.0,0.0,0.0,0.999726839363575,88
2025-04-12 14:00:00,SACSI Full,0.293775726410078,0.009611696004867554,0.0,0.0,0.0,0.0,0.9997852116823196,88
2025-04-12 15:00:00,SACSI Full,0.2923650348436107,0.010292530059814453,0.0,0.0,0.0,0.0,0.9997873410582543,88
2025-04-12 16:00:00,SACSI Full,0.2913728667357832,0.008349567651748657,0.0,0.0,0.0,0.0,0.9998135790228844,88
2025-04-12 17:00:00,SACSI Full,0.29085986189954177,0.007598549127578735,0.0,0.0,0.0,0.0,0.9998405188322067,88
2025-04-12 18:00:00,SACSI Full,0.29083596808466017,0.018331855535507202,0.0,0.0,0.0,0.0,0.9995260298252105,88
2025-04-12 19:00:00,SACSI Full,0.29090078962596955,0.019446462392807007,0.0,0.0,0.0,0.0,0.9995999246835708,88
2025-04-12 20:00:00,SACSI Full,0.29093903021050194,0.019972175359725952,0.0,0.0,0.0,0.0,0.9995952993631363,88
2025-04-12 21:00:00,SACSI Full,0.2909768694570929,0.019851773977279663,0.0,0.0,0.0,0.0,0.99960176050663,88
2025-04-12 22:00:00,SACSI Full,0.29100805632862153,0.017856061458587646,0.0,0.0,0.0,0.0,0.9996229216456414,88
2025-04-12 23:00:00,SACSI Full,0.2910634285469125,0.01661166548728943,0.0,0.0,0.0,0.0,0.9996553227305413,88
2025-04-13 00:00:00,SACSI Full,0.29111099851720235,0.014270991086959839,0.0,0.0,0.0,0.0,0.9996911734342575,88
2025-04-13 01:00:00,SACSI Full,0.2911525558689505,0.01246720552444458,0.0,0.0,0.0,0.0,0.9997326180338859,88
2025-04-13 02:00:00,SACSI Full,0.29119493079774283,0.012712478637695312,0.0,0.0,0.0,0.0,0.9997432976961136,88
2025-04-13 03:00:00,SACSI Full,0.2912300945579281,0.01054912805557251,0.0,0.0,0.0,0.0,0.9997673839330674,88
2025-04-13 04:00:00,SACSI Full,0.29126433941317303,0.010273456573486328,0.0,0.0,0.0,0.0,0.9997917741537095,88
2025-04-13 05:00:00,SACSI Full,0.29123716115109827,0.008846521377563477,0.0,0.0,0.0,0.0,0.9998088002204895,88
2025-04-13 06:00:00,SACSI Full,0.2911455338425706,0.006511807441711426,0.0,0.0,0.0,0.0,0.9998464167118073,88
2025-04-13 07:00:00,SACSI Full,0.29085303106260996,0.005749166011810303,0.0,0.0,0.0,0.0,0.9998773902654648,88
2025-04-13 08:00:00,SACSI Full,0.29013580196730987,0.005831271409988403,0.0,0.0,0.0,0.0,0.9998825535178184,88
2025-04-13 09:00:00,SACSI Full,0.2890142636310329,0.012038499116897583,0.0,0.0,0.0,0.0,0.999697157740593,88
2025-04-13 10:00:00,SACSI Full,0.2875480036134789,0.010621994733810425,0.0,0.0,0.0,0.0,0.9997733950614929,88
2025-04-13 11:00:00,SACSI Full,0.28590792664639847,0.01797690987586975,0.0,0.0,0.0,0.0,0.999566912651062,88
2025-04-13 12:00:00,SACSI Full,0.2841877280540535,0.027940422296524048,0.0,0.0,0.0,0.0,0.999341556429863,88
2025-04-13 13:00:00,SACSI Full,0.28241071951262847,0.019397437572479248,0.0,0.0,0.0,0.0,0.99952662140131,88
2025-04-13 14:00:00,SACSI Full,0.280842302760608,0.022474974393844604,0.0,0.0,0.0,0.0,0.9995197251439095,88
2025-04-13 15:00:00,SACSI Full,0.27954554328871467,0.018972158432006836,0.0,0.0,0.0,0.0,0.9995855286717414,88
2025-04-13 16:00:00,SACSI Full,0.2786436072098483,0.01841917634010315,0.0,0.0,0.0,0.0,0.9996260866522789,88
2025-04-13 17:00:00,SACSI Full,0.2781273923980464,0.01513555645942688,0.0,0.0,0.0,0.0,0.9996644526720047,88
2025-04-13 18:00:00,SACSI Full,0.2779284170559317,0.008307397365570068,0.0,0.0,0.0,0.0,0.9997655704617501,88
2025-04-13 19:00:00,SACSI Full,0.27782740671746625,0.012196898460388184,0.0,0.0,0.0,0.0,0.999717167019844,88
2025-04-13 20:00:00,SACSI Full,0.27775318942897215,0.011734813451766968,0.0,0.0,0.0,0.0,0.9997606828808784,88
2025-04-13 21:00:00,SACSI Full,0.27765162129037274,0.012029558420181274,0.0,0.0,0.0,0.0,0.9997564613819123,88
2025-04-13 22:00:00,SACSI Full,0.2775211044004827,0.011844933032989502,0.0,0.0,0.0,0.0,0.9997612550854683,88
2025-04-13 23:00:00,SACSI Full,0.277359229241537,0.01093745231628418,0.0,0.0,0.0,0.0,0.9997721761465073,88
2025-04-14 00:00:00,SACSI Full,0.2772477940507004,0.009069442749023438,0.0,0.0,0.0,0.0,0.999799931049347,88
2025-04-14 01:00:00,SACSI Full,0.2771602903901804,0.007748901844024658,0.0,0.0,0.0,0.0,0.9998318165540695,88
2025-04-14 02:00:00,SACSI Full,0.2770417071123191,0.006925016641616821,0.0,0.0,0.0,0.0,0.9998532608151436,88
2025-04-14 03:00:00,SACSI Full,0.27692550156307905,0.007638335227966309,0.0,0.0,0.0,0.0,0.9998401001095771,88
2025-04-14 04:00:00,SACSI Full,0.2771143233326344,0.007646530866622925,0.0,0.0,0.0,0.0,0.999846987426281,88
2025-04-14 05:00:00,SACSI Full,0.2776859197603929,0.013978928327560425,0.0,0.0,0.0,0.0,0.9996570974588393,88
2025-04-14 06:00:00,SACSI Full,0.27792861992391626,0.015310049057006836,0.0,0.0,0.0,0.0,0.9996804878115655,88
2025-04-14 07:00:00,SACSI Full,0.2860279534637201,0.006300061941146851,0.0,0.0,0.0,0.0,0.9997838988900185,88
2025-04-14 08:00:00,SACSI Full,0.28658981656583826,0.01305893063545227,0.0,0.0,0.0,0.0,0.999671232700348,88
2025-04-14 09:00:00,SACSI Full,0.2859791284365722,0.022793561220169067,0.0,0.0,0.0,0.0,0.9994467824697495,88
2025-04-14 10:00:00,SACSI Full,0.2891458740960825,0.013523697853088379,0.0,0.0,0.0,0.0,0.9996368274092674,88
2025-04-14 11:00:00,SACSI Full,0.28963489979140644,0.008207708597183228,0.0,0.0,0.0,0.0,0.9997826859354972,88
2025-04-14 12:00:00,SACSI Full,0.2995287276851404,0.0061483681201934814,0.0,0.0,0.0,0.0,0.9998564392328262,88
2025-04-14 13:00:00,SACSI Full,0.30100367526007377,0.003984272480010986,0.0,0.0,0.0,0.0,0.999898673593998,88
2025-04-14 14:00:00,SACSI Full,0.3064293545948732,0.006203800439834595,0.0,0.0,0.0,0.0,0.999853728711605,88
2025-04-14 15:00:00,SACSI Full,0.31224530910444936,0.006286352872848511,0.0,0.0,0.0,0.0,0.9998734474182129,88
2025-04-14 16:00:00,SACSI Full,0.31597992173624717,0.005383789539337158,0.0,0.0,0.0,0.0,0.9998832985758781,88
2025-04-14 17:00:00,SACSI Full,0.32077107238802,0.005345195531845093,0.0,0.0,0.0,0.0,-0.07721452865271071,88
2025-04-14 18:00:00,SACSI Full,0.32559412867816967,0.006416887044906616,0.0,0.0,0.0,0.0,-0.5595519224729951,88
2025-04-14 19:00:00,SACSI Full,0.3267971162537007,0.003396272659301758,0.0,0.0,0.0,0.0,-0.679809756967114,88
2025-04-14 20:00:00,SACSI Full,0.3266608969548611,0.0016342103481292725,0.0,0.0,0.0,0.0,-0.6661400003161849,88
2025-04-14 21:00:00,SACSI Full,0.3265243120808669,0.0015245378017425537,0.0,0.0,0.0,0.0,-0.6524627955681889,88
2025-04-14 22:00:00,SACSI Full,0.32635939933729846,0.001526176929473877,0.0,0.0,0.0,0.0,-0.6359704736597123,88
2025-04-14 23:00:00,SACSI Full,0.326557500822074,0.0019304454326629639,0.0,0.0,0.0,0.0,-0.6557927338010865,88
2025-04-15 00:00:00,SACSI Full,0.32675556803417877,0.001920163631439209,0.0,0.0,0.0,0.0,-0.6755953095085171,88
2025-04-15 01:00:00,SACSI Full,0.32661924889755917,0.0016042590141296387,0.0,0.0,0.0,0.0,-0.6619601339823717,88
2025-04-15 02:00:00,SACSI Full,0.3264842485137053,0.001999884843826294,0.0,0.0,0.0,0.0,-0.6484688053257006,88
2025-04-15 03:00:00,SACSI Full,0.32635004633538595,0.0022393465042114258,0.0,0.0,0.0,0.0,-0.6350518150852821,88
2025-04-15 04:00:00,SACSI Full,0.329233372392979,0.007497817277908325,0.0,0.0,0.0,0.0,-0.9235397803511951,88
2025-04-15 05:00:00,SACSI Full,0.33447062816890744,0.013676732778549194,0.0,0.0,0.0,0.0,-1.4473981407013201,88
2025-04-15 06:00:00,SACSI Full,0.3380175683732099,0.015082061290740967,0.0,0.0,0.0,0.0,-1.8020725318319257,88
2025-04-15 07:00:00,SACSI Full,0.35250651125198007,0.006733238697052002,0.0,0.08355037506600241,0.0,0.0,-3.250869278197884,88
2025-04-15 08:00:00,SACSI Full,0.35170639854292934,0.0038461387157440186,0.0,0.05687995143097738,0.0,0.0,-3.1707456480670615,88
2025-04-15 09:00:00,SACSI Full,0.3507327320866066,0.004324465990066528,0.0,0.0244244028868863,0.0,0.0,-3.073364481253204,88
2025-04-15 10:00:00,SACSI Full,0.3496140212627528,0.0043867528438568115,0.0,0.0,0.0,0.0,-2.9614904842006964,88
2025-04-15 11:00:00,SACSI Full,0.3482996339826065,0.005183815956115723,0.0,0.0,0.0,0.0,-2.8300750452108936,88
2025-04-15 12:00:00,SACSI Full,0.3471756899837929,0.004816800355911255,0.0,0.0,0.0,0.0,-2.717669004542409,88
2025-04-15 13:00:00,SACSI Full,0.3461110968474823,0.005622059106826782,0.0,0.0,0.0,0.0,-2.6112301785178764,88
2025-04-15 14:00:00,SACSI Full,0.3449351262907463,0.0042088329792022705,0.0,0.0,0.0,0.0,-2.493610937995489,88
2025-04-15 15:00:00,SACSI Full,0.34440188728057125,0.003528296947479248,0.0,0.0,0.0,0.0,-2.440266099356391,88
2025-04-15 16:00:00,SACSI Full,0.34448575054767505,0.003658980131149292,0.0,0.0,0.0,0.0,-2.4486495412019638,88
2025-04-15 17:00:00,SACSI Full,0.3444037895039993,0.002911686897277832,0.0,0.0,0.0,0.0,-2.4404446570702136,88
2025-04-15 18:00:00,SACSI Full,0.3448454405184863,0.017495304346084595,0.0,0.0,0.0,0.0,-2.485039794110041,88
2025-04-15 19:00:00,SACSI Full,0.34502879902564265,0.006007552146911621,0.0,0.0,0.0,0.0,-2.5031149311291943,88
2025-04-15 20:00:00,SACSI Full,0.34524559451384124,0.007538646459579468,0.0,0.0,0.0,0.0,-2.524725535256441,88
2025-04-15 21:00:00,SACSI Full,0.345514573902714,0.006193816661834717,0.0,0.0,0.0,0.0,-2.551594714902614,88
2025-04-15 22:00:00,SACSI Full,0.34574868381224844,0.004232972860336304,0.0,0.0,0.0,0.0,-2.574972649120065,88
2025-04-15 23:00:00,SACSI Full,0.34564944300376144,0.004227757453918457,0.0,0.0,0.0,0.0,-2.565028907679286,88
2025-04-16 00:00:00,SACSI Full,0.3455488422159629,0.003819763660430908,0.0,0.0,0.0,0.0,-2.5549646968074313,88
2025-04-16 01:00:00,SACSI Full,0.3461045088056998,0.009199976921081543,0.0,0.0,0.0,0.0,-2.610688682241009,88
2025-04-16 02:00:00,SACSI Full,0.34603158768696357,0.003623664379119873,0.0,0.0,0.0,0.0,-2.603287005109358,88
2025-04-16 03:00:00,SACSI Full,0.3459596038512664,0.0039048492908477783,0.0,0.0,0.0,0.0,-2.596041293961573,88
2025-04-16 04:00:00,SACSI Full,0.3458583399617947,0.003620833158493042,0.0,0.0,0.0,0.0,-2.585909253003964,88
2025-04-16 05:00:00,SACSI Full,0.345756576883423,0.003471076488494873,0.0,0.0,0.0,0.0,-2.5757286074387675,88
2025-04-16 06:00:00,SACSI Full,0.3459655467784679,0.0051909685134887695,0.0,0.0,0.0,0.0,-2.59667569613731,88
2025-04-16 07:00:00,SACSI Full,0.34599938521030305,0.003651529550552368,0.0,0.0,0.0,0.0,-2.6000269460109444,88
2025-04-16 08:00:00,SACSI Full,0.34532722322109105,0.00235140323638916,0.0,0.0,0.0,0.0,-2.532782351436974,88
2025-04-16 09:00:00,SACSI Full,0.3442895263366179,0.003190934658050537,0.0,0.0,0.0,0.0,-2.4290248476691683,88
2025-04-16 10:00:00,SACSI Full,0.3428566464444276,0.0036360323429107666,0.0,0.0,0.0,0.0,-2.285741816066465,88
2025-04-16 11:00:00,SACSI Full,0.3412541197097576,0.0037419795989990234,0.0,0.0,0.0,0.0,-2.125487870040301,88
2025-04-16 12:00:00,SACSI Full,0.3396220913907167,0.0033915042877197266,0.0,0.0,0.0,0.0,-1.9622804739105362,88
2025-04-16 13:00:00,SACSI Full,0.3391734561225053,0.005409419536590576,0.0,0.0,0.0,0.0,-1.9174739797937523,88
2025-04-16 14:00:00,SACSI Full,0.3389484844402747,0.004508495330810547,0.0,0.0,0.0,0.0,-1.8949476231761433,88
2025-04-16 15:00:00,SACSI Full,0.3386405143678463,0.003108978271484375,0.0,0.0,0.0,0.0,-1.8641276115206535,88
2025-04-16 16:00:00,SACSI Full,0.33841508858405317,0.002372264862060547,0.0,0.0,0.0,0.0,-1.8415636708366518,88
2025-04-16 17:00:00,SACSI Full,0.3381111407188849,0.0023156404495239258,0.0,0.0,0.0,0.0,-1.8111609509416025,88
2025-04-16 18:00:00,SACSI Full,0.33798037127139924,0.0032691657543182373,0.0,0.0,0.0,0.0,-1.7981120457080575,88
2025-04-16 19:00:00,SACSI Full,0.3379060012630896,0.003188997507095337,0.0,0.0,0.0,0.0,-1.7906647079415752,88
2025-04-16 20:00:00,SACSI Full,0.33782915766202176,0.0024469196796417236,0.0,0.0,0.0,0.0,-1.782972125374043,88
2025-04-16 21:00:00,SACSI Full,0.3377232922939734,0.002240389585494995,0.0,0.0,0.0,0.0,-1.7723761024899916,88
2025-04-16 22:00:00,SACSI Full,0.33764589436970915,0.002280622720718384,0.0,0.0,0.0,0.0,-1.7646354517566814,88
2025-04-16 23:00:00,SACSI Full,0.33756856747431324,0.002301931381225586,0.0,0.0,0.0,0.0,-1.756902999145553,88
2025-04-17 00:00:00,SACSI Full,0.3375202340336916,0.0024999678134918213,0.0,0.0,0.0,0.0,-1.75207538308975,88
2025-04-17 01:00:00,SACSI Full,0.33747209331475464,0.00255778431892395,0.0,0.0,0.0,0.0,-1.747261065326896,88
2025-04-17 02:00:00,SACSI Full,0.3374238095446703,0.002514868974685669,0.0,0.0,0.0,0.0,-1.7424316809999627,88
2025-04-17 03:00:00,SACSI Full,0.33737571750285994,0.002572387456893921,0.0,0.0,0.0,0.0,-1.737623773219953,88
2025-04-17 04:00:00,SACSI Full,0.3373278405344762,0.0026369094848632812,0.0,0.0,0.0,0.0,-1.7328374368575938,88
2025-04-17 05:00:00,SACSI Full,0.33730965340179975,0.0030438601970672607,0.0,0.0,0.0,0.0,-1.7310302868910374,88
2025-04-17 06:00:00,SACSI Full,0.3372339596736707,0.002791881561279297,0.0,0.0,0.0,0.0,-1.723454324784653,88
2025-04-17 07:00:00,SACSI Full,0.3376285687156794,0.0033827126026153564,0.0,0.0,0.0,0.0,-1.7629304341304073,88
2025-04-17 08:00:00,SACSI Full,0.33768327163500367,0.0034108757972717285,0.0,0.0,0.0,0.0,-1.7683956626482582,88
2025-04-17 09:00:00,SACSI Full,0.33664182661178493,0.002066493034362793,0.0,0.0,0.0,0.0,-1.664237434866809,88
2025-04-17 10:00:00,SACSI Full,0.3360727019759296,0.0032626092433929443,0.0,0.0,0.0,0.0,-1.6073474109399164,88
2025-04-17 11:00:00,SACSI Full,0.33444208032650535,0.003813505172729492,0.0,0.0,0.0,0.0,-1.4442898117132827,88
2025-04-17 12:00:00,SACSI Full,0.3325885108435431,0.004929155111312866,0.0,0.0,0.0,0.0,-1.2589608239559187,88
2025-04-17 13:00:00,SACSI Full,0.3320777533225495,0.0077727437019348145,0.0,0.0,0.0,0.0,-1.207959223014896,88
2025-04-17 14:00:00,SACSI Full,0.33044579007191244,0.003411024808883667,0.0,0.0,0.0,0.0,-1.0446908448763512,88
2025-04-17 15:00:00,SACSI Full,0.32923556297026857,0.0024318695068359375,0.0,0.0,0.0,0.0,-0.9236147259700135,88
2025-04-17 16:00:00,SACSI Full,0.32866925106408973,0.0021064281463623047,0.0,0.0,0.0,0.0,-0.8669704893855043,88
2025-04-17 17:00:00,SACSI Full,0.32816417291763206,0.0014765560626983643,0.0,0.0,0.0,0.0,-0.8164531216052957,88
2025-04-17 18:00:00,SACSI Full,0.3280046901572027,0.0031551718711853027,0.0,0.0,0.0,0.0,-0.8005489053157762,88
2025-04-17 19:00:00,SACSI Full,0.32790178366306205,0.0031280517578125,0.0,0.0,0.0,0.0,-0.7902411985424945,88
2025-04-17 20:00:00,SACSI Full,0.32782279677830917,0.0018039345741271973,0.0,0.0,0.0,0.0,-0.7823289976942355,88
2025-04-17 21:00:00,SACSI Full,0.32774409996949416,0.0018909573554992676,0.0,0.0,0.0,0.0,-0.7744486863243393,88
2025-04-17 22:00:00,SACSI Full,0.3276934126421092,0.0017938017845153809,0.0,0.0,0.0,0.0,-0.7693781118023212,88
2025-04-17 23:00:00,SACSI Full,0.3276711679232397,0.0018265843391418457,0.0,0.0,0.0,0.0,-0.7671536518362977,88
2025-04-18 00:00:00,SACSI Full,0.3276496041874367,0.002030879259109497,0.0,0.0,0.0,0.0,-0.7650030792780528,88
2025-04-18 01:00:00,SACSI Full,0.328298578936684,0.003192424774169922,0.0,0.0,0.0,0.0,-0.8299333576190349,88
2025-04-18 02:00:00,SACSI Full,0.3282767027732013,0.0019371509552001953,0.0,0.0,0.0,0.0,-0.8277215730774242,88
2025-04-18 03:00:00,SACSI Full,0.3302742045764405,0.0077505409717559814,0.0,0.0,0.0,0.0,-1.027633602363652,88
2025-04-18 04:00:00,SACSI Full,0.33293393697065893,0.006419718265533447,0.0,0.0,0.0,0.0,-1.293535399658265,88
2025-04-18 05:00:00,SACSI Full,0.33294683293226146,0.003868788480758667,0.0,0.0,0.0,0.0,-1.2947861782936083,88
2025-04-18 06:00:00,SACSI Full,0.33290121597332545,0.0033149123191833496,0.0,0.0,0.0,0.0,-1.2901934343405437,88
2025-04-18 07:00:00,SACSI Full,0.33262468452337174,0.002040565013885498,0.0,0.0,0.0,0.0,-1.2625220071105039,88
2025-04-18 08:00:00,SACSI Full,0.33192191578033353,0.001669377088546753,0.0,0.0,0.0,0.0,-1.1922286774543767,88
2025-04-18 09:00:00,SACSI Full,0.3307953897941389,0.0020422041416168213,0.0,0.0,0.0,0.0,-1.079583551767254,88
2025-04-18 10:00:00,SACSI Full,0.3293379073226729,0.004755258560180664,0.0,0.0,0.0,0.0,-0.933912967982676,88
2025-04-18 11:00:00,SACSI Full,0.3276292330913026,0.005897730588912964,0.0,0.0,0.0,0.0,-0.7630526884623245,88
2025-04-18 12:00:00,SACSI Full,0.32578118150833035,0.006584525108337402,0.0,0.0,0.0,0.0,-0.5782567092803956,88
2025-04-18 13:00:00,SACSI Full,0.3239563556373396,0.005052238702774048,0.0,0.0,0.0,0.0,-0.3957519313720704,88
2025-04-18 14:00:00,SACSI Full,0.32232431192043215,0.003386884927749634,0.0,0.0,0.0,0.0,-0.23251558327951952,88
2025-04-18 15:00:00,SACSI Full,0.3209732794392386,0.002690255641937256,0.0,0.0,0.0,0.0,-0.09738871532955522,88
2025-04-18 16:00:00,SACSI Full,0.31998936286650886,0.00232502818107605,0.0,0.0,0.0,0.0,0.9999498471617698,88
2025-04-18 17:00:00,SACSI Full,0.3194292596646427,0.0019690394401550293,0.0,0.0,0.0,0.0,0.9999570593237878,88
2025-04-18 18:00:00,SACSI Full,0.3192101389460046,0.002263784408569336,0.0,0.0,0.0,0.0,0.9999517768621445,88
2025-04-18 19:00:00,SACSI Full,0.3190768422615805,0.0025109946727752686,0.0,0.0,0.0,0.0,0.9999473080039024,88
2025-04-18 20:00:00,SACSI Full,0.3190003408905147,0.002549588680267334,0.0,0.0,0.0,0.0,0.9999486222863198,88
2025-04-18 21:00:00,SACSI Full,0.31892454633119494,0.002761632204055786,0.0,0.0,0.0,0.0,0.999942646920681,88
2025-04-18 22:00:00,SACSI Full,0.3188778793371001,0.00299990177154541,0.0,0.0,0.0,0.0,0.9999376192688942,88
2025-04-18 23:00:00,SACSI Full,0.31883126747730167,0.003016442060470581,0.0,0.0,0.0,0.0,0.9999395057559013,88
2025-04-19 00:00:00,SACSI Full,0.31878377992593043,0.002753734588623047,0.0,0.0,0.0,0.0,0.9999422982335091,88
2025-04-19 01:00:00,SACSI Full,0.3187061932536244,0.0022239983081817627,0.0,0.0,0.0,0.0,0.999950222671032,88
2025-04-19 02:00:00,SACSI Full,0.318627186997362,0.0017981231212615967,0.0,0.0,0.0,0.0,0.9999597787857056,88
2025-04-19 03:00:00,SACSI Full,0.31854804911417567,0.0017586350440979004,0.0,0.0,0.0,0.0,0.9999644324183464,88
2025-04-19 04:00:00,SACSI Full,0.318468495488592,0.0016339123249053955,0.0,0.0,0.0,0.0,0.9999660745263099,88
2025-04-19 05:00:00,SACSI Full,0.3184167576293429,0.001478642225265503,0.0,0.0,0.0,0.0,0.9999688744544982,88
2025-04-19 06:00:00,SACSI Full,0.3183363899036527,0.0013896822929382324,0.0,0.0,0.0,0.0,0.9999713167548179,88
2025-04-19 07:00:00,SACSI Full,0.3180288811576645,0.0012473762035369873,0.0,0.0,0.0,0.0,0.9999736294150352,88
2025-04-19 08:00:00,SACSI Full,0.3172707078763128,0.002048015594482422,0.0,0.0,0.0,0.0,0.999951033294201,88
2025-04-19 09:00:00,SACSI Full,0.3160908610308449,0.0030459463596343994,0.0,0.0,0.0,0.0,0.9999291017651557,88
2025-04-19 10:00:00,SACSI Full,0.314547923577257,0.0046187639236450195,0.0,0.0,0.0,0.0,0.999891896545887,88
2025-04-19 11:00:00,SACSI Full,0.31277624521536435,0.003996491432189941,0.0,0.0,0.0,0.0,0.9999138474464416,88
2025-04-19 12:00:00,SACSI Full,0.31089889172358115,0.006293952465057373,0.0,0.0,0.0,0.0,0.9998511463403702,88
2025-04-19 13:00:00,SACSI Full,0.30907481438758777,0.005276799201965332,0.0,0.0,0.0,0.0,0.9998842924833298,88
2025-04-19 14:00:00,SACSI Full,0.3074254900253098,0.006702691316604614,0.0,0.0,0.0,0.0,0.9998516872525215,88
2025-04-19 15:00:00,SACSI Full,0.306053390016981,0.004869997501373291,0.0,0.0,0.0,0.0,0.9998842731118203,88
2025-04-19 16:00:00,SACSI Full,0.3050474830385328,0.0042279064655303955,0.0,0.0,0.0,0.0,0.999909020960331,88
2025-04-19 17:00:00,SACSI Full,0.30446688153388907,0.004319548606872559,0.0,0.0,0.0,0.0,0.9999126926064491,88
2025-04-19 18:00:00,SACSI Full,0.3042294996734739,0.005285441875457764,0.0,0.0,0.0,0.0,0.999884632229805,88
2025-04-19 19:00:00,SACSI Full,0.30407520450396147,0.004711449146270752,0.0,0.0,0.0,0.0,0.9999000310897826,88
2025-04-19 20:00:00,SACSI Full,0.3039255793583672,0.006112456321716309,0.0,0.0,0.0,0.0,0.9998637408018112,88
2025-04-19 21:00:00,SACSI Full,0.3037744174063485,0.005651414394378662,0.0,0.0,0.0,0.0,0.999882361292839,88
2025-04-19 22:00:00,SACSI Full,0.30362109826289424,0.005004256963729858,0.0,0.0,0.0,0.0,0.9998934432864189,88
2025-04-19 23:00:00,SACSI Full,0.3034926370052775,0.003961622714996338,0.0,0.0,0.0,0.0,0.9999103412032126,88
2025-04-20 00:00:00,SACSI Full,0.3033927579303861,0.004036277532577515,0.0,0.0,0.0,0.0,0.9999185279011726,88
2025-04-20 01:00:00,SACSI Full,0.3033204825286349,0.0038173794746398926,0.0,0.0,0.0,0.0,0.9999214634299278,88
2025-04-20 02:00:00,SACSI Full,0.3032761575003744,0.003702491521835327,0.0,0.0,0.0,0.0,0.9999248012900352,88
2025-04-20 03:00:00,SACSI Full,0.30320249480051603,0.0034011900424957275,0.0,0.0,0.0,0.0,0.9999289631843566,88
2025-04-20 04:00:00,SACSI Full,0.30312868706268875,0.0033576786518096924,0.0,0.0,0.0,0.0,0.9999324113130569,88
2025-04-20 05:00:00,SACSI Full,0.30302697564167586,0.0034865736961364746,0.0,0.0,0.0,0.0,0.999928979575634,88
2025-04-20 06:00:00,SACSI Full,0.30289802910290964,0.0038160383701324463,0.0,0.0,0.0,0.0,0.9999203845858574,88
2025-04-20 07:00:00,SACSI Full,0.30256580303870445,0.0023321807384490967,0.0,0.0,0.0,0.0,0.9999385178089142,88
2025-04-20 08:00:00,SACSI Full,0.30287181207302016,0.004302710294723511,0.0,0.0,0.0,0.0,0.9998942404985428,88
2025-04-20 09:00:00,SACSI Full,0.30178554928981066,0.005621165037155151,0.0,0.0,0.0,0.0,0.9998743921518326,88
2025-04-20 10:00:00,SACSI Full,0.3003704087333163,0.008957833051681519,0.0,0.0,0.0,0.0,0.9997874766588211,88
2025-04-20 11:00:00,SACSI Full,0.29870639801783166,0.010796785354614258,0.0,0.0,0.0,0.0,0.9997656747698783,88
2025-04-20 12:00:00,SACSI Full,0.2969006873564204,0.01078680157661438,0.0,0.0,0.0,0.0,0.9997841641306877,88
2025-04-20 13:00:00,SACSI Full,0.29509723322751924,0.011463761329650879,0.0,0.0,0.0,0.0,0.9997639551758767,88
2025-04-20 14:00:00,SACSI Full,0.2934995053947251,0.013681650161743164,0.0,0.0,0.0,0.0,0.9997041881084442,88
2025-04-20 15:00:00,SACSI Full,0.29217404976331,0.01036331057548523,0.0,0.0,0.0,0.0,0.9997595503926278,88
2025-04-20 16:00:00,SACSI Full,0.2912364184495092,0.00771060585975647,0.0,0.0,0.0,0.0,0.9998192608356475,88
2025-04-20 17:00:00,SACSI Full,0.29067405795298823,0.009791851043701172,0.0,0.0,0.0,0.0,0.9997833505272865,88
2025-04-20 18:00:00,SACSI Full,0.2905018443342329,0.024835914373397827,0.0,0.0,0.0,0.0,0.999352841079235,88
2025-04-20 19:00:00,SACSI Full,0.29045007488293256,0.026969164609909058,0.0,0.0,0.0,0.0,0.9994392842054367,88
2025-04-20 20:00:00,SACSI Full,0.2903286126665553,0.02306133508682251,0.0,0.0,0.0,0.0,0.9994996950030327,88
2025-04-20 21:00:00,SACSI Full,0.2901983220088761,0.020412802696228027,0.0,0.0,0.0,0.0,0.9995652586221695,88
2025-04-20 22:00:00,SACSI Full,0.2900636807088336,0.01910760998725891,0.0,0.0,0.0,0.0,0.9996047958731652,88
2025-04-20 23:00:00,SACSI Full,0.28995108643892215,0.017221719026565552,0.0,0.0,0.0,0.0,0.9996367067098617,88
2025-04-21 00:00:00,SACSI Full,0.2898393643836459,0.017483383417129517,0.0,0.0,0.0,0.0,0.9996477156877518,88
2025-04-21 01:00:00,SACSI Full,0.2897229405153076,0.016072839498519897,0.0,0.0,0.0,0.0,0.9996644377708435,88
2025-04-21 02:00:00,SACSI Full,0.28960204778872733,0.014732182025909424,0.0,0.0,0.0,0.0,0.9996919497847556,88
2025-04-21 03:00:00,SACSI Full,0.2894925522323728,0.009651333093643188,0.0,0.0,0.0,0.0,0.9997561648488045,88
2025-04-21 04:00:00,SACSI Full,0.28938132118744453,0.009130686521530151,0.0,0.0,0.0,0.0,0.9998121798038483,88
2025-04-21 05:00:00,SACSI Full,0.2892742118037025,0.01036718487739563,0.0,0.0,0.0,0.0,0.9997802913188935,88
2025-04-21 06:00:00,SACSI Full,0.2891403654976964,0.010846108198165894,0.0,0.0,0.0,0.0,0.999778288602829,88
2025-04-21 07:00:00,SACSI Full,0.28879610995732546,0.007223337888717651,0.0,0.0,0.0,0.0,0.9998193055391311,88
2025-04-21 08:00:00,SACSI Full,0.28805997599008476,0.008659809827804565,0.0,0.0,0.0,0.0,0.999812439084053,88
2025-04-21 09:00:00,SACSI Full,0.2873234969254612,0.010556280612945557,0.0,0.0,0.0,0.0,0.9997699096798897,88
2025-04-21 10:00:00,SACSI Full,0.2915584110741098,0.018974244594573975,0.0,0.0,0.0,0.0,0.9995363354682922,88
2025-04-21 11:00:00,SACSI Full,0.29108700454516007,0.024078041315078735,0.0,0.0,0.0,0.0,0.9994674012064934,88
2025-04-21 12:00:00,SACSI Full,0.28972219136757443,0.04955604672431946,0.0,0.0,0.0,0.0,0.9987540990114212,88
2025-04-21 13:00:00,SACSI Full,0.28838806567552483,0.04176229238510132,0.0,0.0,0.0,0.0,0.9990868166089059,88
2025-04-21 14:00:00,SACSI Full,0.28705819926622306,0.026040077209472656,0.0,0.0,0.0,0.0,0.9993219763040543,88
2025-04-21 15:00:00,SACSI Full,0.28590331507725314,0.019034743309020996,0.0,0.0,0.0,0.0,0.999549251794815,88
2025-04-21 16:00:00,SACSI Full,0.2850910373668154,0.011316686868667603,0.0,0.0,0.0,0.0,0.9996964856982231,88
2025-04-21 17:00:00,SACSI Full,0.284603162610956,0.0066375732421875,0.0,0.0,0.0,0.0,0.9998204573988915,88
2025-04-21 18:00:00,SACSI Full,0.2843783354755521,0.009051859378814697,0.0,0.0,0.0,0.0,0.9997948199510573,88
2025-04-21 19:00:00,SACSI Full,0.28426699316862025,0.009097307920455933,0.0,0.0,0.0,0.0,0.9998175993561744,88
2025-04-21 20:00:00,SACSI Full,0.2842282833262562,0.039387047290802,0.0,0.0,0.0,0.0,0.9989093616604805,88
2025-04-21 21:00:00,SACSI Full,0.28412799665334615,0.029413998126983643,0.0,0.0,0.0,0.0,0.9993119895458222,88
2025-04-21 22:00:00,SACSI Full,0.2840620574224273,0.031218230724334717,0.0,0.0,0.0,0.0,0.9993575930595399,88
2025-04-21 23:00:00,SACSI Full,0.28395096095048183,0.026171058416366577,0.0,0.0,0.0,0.0,0.9994261071085929,88
2025-04-22 00:00:00,SACSI Full,0.2838491193584879,0.020447522401809692,0.0,0.0,0.0,0.0,0.9995338141918182,88
2025-04-22 01:00:00,SACSI Full,0.28373788457118265,0.017629563808441162,0.0,0.0,0.0,0.0,0.9996192291378975,88
2025-04-22 02:00:00,SACSI Full,0.2840037895850618,0.013771504163742065,0.0,0.0,0.0,0.0,0.9996859893202782,88
2025-04-22 03:00:00,SACSI Full,0.2902746485070665,0.006757676601409912,0.0,0.0,0.0,0.0,0.9997947081923485,88
2025-04-22 04:00:00,SACSI Full,0.2928887331466158,0.009725391864776611,0.0,0.0,0.0,0.0,0.9997758150100707,88
2025-04-22 05:00:00,SACSI Full,0.29450104305786684,0.009192973375320435,0.0,0.0,0.0,0.0,0.999810816347599,88
2025-04-22 06:00:00,SACSI Full,0.29505317459546326,0.008139461278915405,0.0,0.0,0.0,0.0,0.9998266756534576,88
2025-04-22 07:00:00,SACSI Full,0.295153663471965,0.006646662950515747,0.0,0.0,0.0,0.0,0.9998521387577057,88
2025-04-22 08:00:00,SACSI Full,0.29451993631325957,0.005381852388381958,0.0,0.0,0.0,0.0,0.9998797148466111,88
2025-04-22 09:00:00,SACSI Full,0.2934736695055445,0.009119957685470581,0.0,0.0,0.0,0.0,0.9997802197933197,88
2025-04-22 10:00:00,SACSI Full,0.29203410071336033,0.010129362344741821,0.0,0.0,0.0,0.0,0.9997873187065125,88
2025-04-22 11:00:00,SACSI Full,0.29057512587351403,0.01280754804611206,0.0,0.0,0.0,0.0,0.9997170671820641,88
2025-04-22 12:00:00,SACSI Full,0.2888498778085192,0.009425580501556396,0.0,0.0,0.0,0.0,0.9997776687145233,88
2025-04-22 13:00:00,SACSI Full,0.28716655939303637,0.013504475355148315,0.0,0.0,0.0,0.0,0.9996891215443612,88
2025-04-22 14:00:00,SACSI Full,0.2854988929260055,0.00970005989074707,0.0,0.0,0.0,0.0,0.999767954647541,88
2025-04-22 15:00:00,SACSI Full,0.28417425586504536,0.010608881711959839,0.0,0.0,0.0,0.0,0.9997787341475487,88
2025-04-22 16:00:00,SACSI Full,0.283212273801593,0.008905380964279175,0.0,0.0,0.0,0.0,0.9998048573732375,88
2025-04-22 17:00:00,SACSI Full,0.2828236316073219,0.027907341718673706,0.0,0.0,0.0,0.0,0.9992518335580826,88
2025-04-22 18:00:00,SACSI Full,0.28273025861067375,0.0144881010055542,0.0,0.0,0.0,0.0,0.9995760455727577,88
2025-04-22 19:00:00,SACSI Full,0.2827478367483894,0.013773441314697266,0.0,0.0,0.0,0.0,0.9997173845767975,88
2025-04-22 20:00:00,SACSI Full,0.2828007219628771,0.015865564346313477,0.0,0.0,0.0,0.0,0.9996617674827576,88
2025-04-22 21:00:00,SACSI Full,0.2828329792344848,0.018177181482315063,0.0,0.0,0.0,0.0,0.9996133401989937,88
2025-04-22 22:00:00,SACSI Full,0.28281791187408367,0.02097979187965393,0.0,0.0,0.0,0.0,0.9995523780584336,88
2025-04-22 23:00:00,SACSI Full,0.28278020120583774,0.0141867995262146,0.0,0.0,0.0,0.0,0.9996483340859412,88
2025-04-23 00:00:00,SACSI Full,0.2827169283235351,0.01501813530921936,0.0,0.0,0.0,0.0,0.9996913239359856,88
2025-04-23 01:00:00,SACSI Full,0.2829815647518913,0.013390928506851196,0.0,0.0,0.0,0.0,0.9997159093618393,88
2025-04-23 02:00:00,SACSI Full,0.28327370898925064,0.013143271207809448,0.0,0.0,0.0,0.0,0.9997346580028533,88
2025-04-23 03:00:00,SACSI Full,0.28319788038852606,0.01125141978263855,0.0,0.0,0.0,0.0,0.9997560530900955,88
2025-04-23 04:00:00,SACSI Full,0.2831125811064521,0.008410215377807617,0.0,0.0,0.0,0.0,0.9998033836483955,88
2025-04-23 05:00:00,SACSI Full,0.283003199295628,0.0096854567527771,0.0,0.0,0.0,0.0,0.9997935384511948,88
2025-04-23 06:00:00,SACSI Full,0.2828693341148177,0.010840445756912231,0.0,0.0,0.0,0.0,0.9997716411948204,88
2025-04-23 07:00:00,SACSI Full,0.282523476202913,0.006742626428604126,0.0,0.0,0.0,0.0,0.9998241692781449,88
2025-04-23 08:00:00,SACSI Full,0.2818406240864872,0.016144365072250366,0.0,0.0,0.0,0.0,0.9995830953121185,88
2025-04-23 09:00:00,SACSI Full,0.28074412841044655,0.011051297187805176,0.0,0.0,0.0,0.0,0.9997280433773995,88
2025-04-23 10:00:00,SACSI Full,0.2792949406532723,0.015743672847747803,0.0,0.0,0.0,0.0,0.9996382027864457,88
2025-04-23 11:00:00,SACSI Full,0.2776991286131023,0.014256387948989868,0.0,0.0,0.0,0.0,0.9996999993920326,88
2025-04-23 12:00:00,SACSI Full,0.27624112655364264,0.021599382162094116,0.0,0.0,0.0,0.0,0.9994945824146271,88
2025-04-23 13:00:00,SACSI Full,0.27468623310211093,0.026531964540481567,0.0,0.0,0.0,0.0,0.9994200348854064,88
2025-04-23 14:00:00,SACSI Full,0.2733723742823083,0.02234235405921936,0.0,0.0,0.0,0.0,0.999511256814003,88
2025-04-23 15:00:00,SACSI Full,0.27221471301359723,0.018201619386672974,0.0,0.0,0.0,0.0,0.9995945602655412,88
2025-04-23 16:00:00,SACSI Full,0.27127667188369026,0.024587661027908325,0.0,0.0,0.0,0.0,0.9994443863630295,88
2025-04-23 17:00:00,SACSI Full,0.27087397881947745,0.05769208073616028,0.0,0.0,0.0,0.0,0.9985151141881943,88
2025-04-23 18:00:00,SACSI Full,0.27071742188496184,0.012532919645309448,0.0,0.0,0.0,0.0,0.9992977499961854,88
2025-04-23 19:00:00,SACSI Full,0.27067942362430486,0.014100521802902222,0.0,0.0,0.0,0.0,0.999702313542366,88
2025-04-23 20:00:00,SACSI Full,0.270666668924121,0.021673589944839478,0.0,0.0,0.0,0.0,0.9994907975196838,88
2025-04-23 21:00:00,SACSI Full,0.270653088699607,0.02142593264579773,0.0,0.0,0.0,0.0,0.9995690047740936,88
2025-04-23 22:00:00,SACSI Full,0.27061958760939836,0.015449672937393188,0.0,0.0,0.0,0.0,0.999631243944168,88
2025-04-23 23:00:00,SACSI Full,0.2705852505640467,0.015198886394500732,0.0,0.0,0.0,0.0,0.9996935144066811,88
2025-04-24 00:00:00,SACSI Full,0.27052302672349215,0.015332847833633423,0.0,0.0,0.0,0.0,0.999692003428936,88
2025-04-24 01:00:00,SACSI Full,0.270448210408318,0.011555105447769165,0.0,0.0,0.0,0.0,0.9997311204671859,88
2025-04-24 02:00:00,SACSI Full,0.2703750863683501,0.012062788009643555,0.0,0.0,0.0,0.0,0.9997536674141884,88
2025-04-24 03:00:00,SACSI Full,0.2703243808941324,0.010288357734680176,0.0,0.0,0.0,0.0,0.9997764885425569,88
2025-04-24 04:00:00,SACSI Full,0.2702772462348421,0.011359602212905884,0.0,0.0,0.0,0.0,0.9997620955109596,88
2025-04-24 05:00:00,SACSI Full,0.27020042720360354,0.010954290628433228,0.0,0.0,0.0,0.0,0.9997768610715866,88
2025-04-24 06:00:00,SACSI Full,0.27008258550686437,0.007147490978240967,0.0,0.0,0.0,0.0,0.9998189821839332,88
2025-04-24 07:00:00,SACSI Full,0.26974415135346647,0.008969753980636597,0.0,0.0,0.0,0.0,0.9998023822903633,88
2025-04-24 08:00:00,SACSI Full,0.269148912566928,0.05942836403846741,0.0,0.0,0.0,0.0,0.9983068466186523,88
2025-04-24 09:00:00,SACSI Full,0.26799981151861746,0.02076968550682068,0.0,0.0,0.0,0.0,0.9991980195045471,88
2025-04-24 10:00:00,SACSI Full,0.26654115281465446,0.02140238881111145,0.0,0.0,0.0,0.0,0.9995656251907349,88
2025-04-24 11:00:00,SACSI Full,0.2648488114806294,0.01929759979248047,0.0,0.0,0.0,0.0,0.9995930001139641,88
2025-04-24 12:00:00,SACSI Full,0.26306712072891786,0.026492774486541748,0.0,0.0,0.0,0.0,0.9993981927633285,88
2025-04-24 13:00:00,SACSI Full,0.2613017922143419,0.022901445627212524,0.0,0.0,0.0,0.0,0.9995060577988625,88
2025-04-24 14:00:00,SACSI Full,0.2597343830120841,0.031277239322662354,0.0,0.0,0.0,0.0,0.9992906972765923,88
2025-04-24 15:00:00,SACSI Full,0.2585862328207771,0.06355494260787964,0.0,0.0,0.0,0.0,0.9984061241149902,88
2025-04-24 16:00:00,SACSI Full,0.25809208513063986,0.1492556929588318,0.0,0.0,0.0,0.0,0.9961578786373139,88
2025-04-24 17:00:00,SACSI Full,0.257716102397867,0.06570518016815186,0.0,0.0,0.0,0.0,0.9978503912687302,88
2025-04-24 18:00:00,SACSI Full,0.2575214399485071,0.00960126519203186,0.0,0.0,0.0,0.0,0.9992469355463981,88
2025-04-24 19:00:00,SACSI Full,0.25738930528921683,0.011359602212905884,0.0,0.0,0.0,0.0,0.9997552245855331,88
2025-04-24 20:00:00,SACSI Full,0.2573170390594283,0.012320131063461304,0.0,0.0,0.0,0.0,0.9997439920902252,88
2025-04-24 21:00:00,SACSI Full,0.2572428416391491,0.011740773916244507,0.0,0.0,0.0,0.0,0.9997593909502029,88
2025-04-24 22:00:00,SACSI Full,0.2571336500664829,0.009742528200149536,0.0,0.0,0.0,0.0,0.999785166978836,88
2025-04-24 23:00:00,SACSI Full,0.2570475580426334,0.008172392845153809,0.0,0.0,0.0,0.0,0.999820850789547,88
2025-04-25 00:00:00,SACSI Full,0.25697952798170637,0.005090981721878052,0.0,0.0,0.0,0.0,0.9998673662543297,88
2025-04-25 01:00:00,SACSI Full,0.2568820782927949,0.0047650933265686035,0.0,0.0,0.0,0.0,0.9999014392495155,88
2025-04-25 02:00:00,SACSI Full,0.25678397841655004,0.004570037126541138,0.0,0.0,0.0,0.0,0.999906648695469,88
2025-04-25 03:00:00,SACSI Full,0.25671526091538655,0.0048847496509552,0.0,0.0,0.0,0.0,0.9998991578817367,88
2025-04-25 04:00:00,SACSI Full,0.256644852629133,0.004377514123916626,0.0,0.0,0.0,0.0,0.9999073773622513,88
2025-04-25 05:00:00,SACSI Full,0.2565788605503519,0.005702376365661621,0.0,0.0,0.0,0.0,0.9998727038502693,88
2025-04-25 06:00:00,SACSI Full,0.25648170391761055,0.004853010177612305,0.0,0.0,0.0,0.0,0.9998944461345672,88
2025-04-25 07:00:00,SACSI Full,0.25615961759689243,0.005374103784561157,0.0,0.0,0.0,0.0,0.9998873069882392,88
2025-04-25 08:00:00,SACSI Full,0.25559814090214955,0.05255699157714844,0.0,0.0,0.0,0.0,0.9984770312905312,88
2025-04-25 09:00:00,SACSI Full,0.2557553728012521,0.38716956973075867,0.0,0.0,0.0,0.0,0.9889104828238486,88
2025-04-25 10:00:00,SACSI Full,0.25488588717026306,0.1811543107032776,0.0,0.0,0.0,0.0,0.9943167611956596,88
2025-04-25 11:00:00,SACSI Full,0.2535098326512455,0.12268364429473877,0.0,0.0,0.0,0.0,0.9969616204500198,88
2025-04-25 12:00:00,SACSI Full,0.25193635903639383,0.09745791554450989,0.0,0.0,0.0,0.0,0.9977985844016075,88
2025-04-25 13:00:00,SACSI Full,0.2506505833995619,0.1752673089504242,0.0,0.0,0.0,0.0,0.9957165598869324,88
2025-04-25 14:00:00,SACSI Full,0.2496390900624075,0.20655199885368347,0.0,0.0,0.0,0.0,0.9955561131238938,88
2025-04-25 15:00:00,SACSI Full,0.24940086808644518,0.3450334072113037,0.0,0.0,0.0,0.0,0.9917145177721978,88
2025-04-25 16:00:00,SACSI Full,0.25012598049285795,0.5150337219238281,0.0,0.0,0.0,0.0,0.9879993224143981,88
2025-04-25 17:00:00,SACSI Full,0.2496958971417227,0.03247499465942383,0.0,0.0,0.0,0.0,0.9945249128341674,88
2025-04-25 18:00:00,SACSI Full,0.24955495639287217,0.008717775344848633,0.0,0.0,0.0,0.0,0.9995880722999573,88
2025-04-25 19:00:00,SACSI Full,0.24947028991344353,0.008600056171417236,0.0,0.0,0.0,0.0,0.9998268216848374,88
2025-04-25 20:00:00,SACSI Full,0.2494182979723094,0.009902417659759521,0.0,0.0,0.0,0.0,0.9997889280319214,88
2025-04-25 21:00:00,SACSI Full,0.24933487673325122,0.008973628282546997,0.0,0.0,0.0,0.0,0.9998112395405769,88
2025-04-25 22:00:00,SACSI Full,0.2492514689052381,0.008977651596069336,0.0,0.0,0.0,0.0,0.9998204067349433,88
2025-04-25 23:00:00,SACSI Full,0.24916428114933548,0.00784367322921753,0.0,0.0,0.0,0.0,0.9998317867517471,88
2025-04-26 00:00:00,SACSI Full,0.24907818813207522,0.008172094821929932,0.0,0.0,0.0,0.0,0.9998332738876343,88
2025-04-26 01:00:00,SACSI Full,0.24898252608580165,0.005301386117935181,0.0,0.0,0.0,0.0,0.9998652651906014,88
2025-04-26 02:00:00,SACSI Full,0.2488836935691314,0.004350244998931885,0.0,0.0,0.0,0.0,0.9999034836888314,88
2025-04-26 03:00:00,SACSI Full,0.24875441423776518,0.003716200590133667,0.0,0.0,0.0,0.0,0.9999193355441094,88
2025-04-26 04:00:00,SACSI Full,0.24862822044017682,0.004641860723495483,0.0,0.0,0.0,0.0,0.9998979061841964,88
2025-04-26 05:00:00,SACSI Full,0.24850086832565832,0.004294365644454956,0.0,0.0,0.0,0.0,0.9999106377363205,88
2025-04-26 06:00:00,SACSI Full,0.2483453751027859,0.0043520331382751465,0.0,0.0,0.0,0.0,0.9999123826622962,88
2025-04-26 07:00:00,SACSI Full,0.24797032356384163,0.006484538316726685,0.0,0.0,0.0,0.0,0.999848984181881,88
2025-04-26 08:00:00,SACSI Full,0.24843546256664165,0.38604170083999634,0.0,0.0,0.0,0.0,0.9884835943579674,88
2025-04-26 09:00:00,SACSI Full,0.24797029253127942,0.2259489893913269,0.0,0.0,0.0,0.0,0.9938800930976868,88
2025-04-26 10:00:00,SACSI Full,0.24684331801218556,0.12940764427185059,0.0,0.0,0.0,0.0,0.9964464336633683,88
2025-04-26 11:00:00,SACSI Full,0.2454060718747255,0.10432615876197815,0.0,0.0,0.0,0.0,0.9976626619696617,88
2025-04-26 12:00:00,SACSI Full,0.24392098350408442,0.12397348880767822,0.0,0.0,0.0,0.0,0.9973240569233894,88
2025-04-26 13:00:00,SACSI Full,0.24250501516305173,0.1447094976902008,0.0,0.0,0.0,0.0,0.9968984499573708,88
2025-04-26 14:00:00,SACSI Full,0.2416881500971592,0.27344048023223877,0.0,0.0,0.0,0.0,0.9932438805699348,88
2025-04-26 15:00:00,SACSI Full,0.24162332598013445,0.3970527648925781,0.0,0.0,0.0,0.0,0.990822821855545,88
2025-04-26 16:00:00,SACSI Full,0.24277550288481278,0.6431530714035034,0.0,0.0,0.0,0.0,0.9846759355068208,88
2025-04-26 17:00:00,SACSI Full,0.24245604648235206,0.07416307926177979,0.0,0.0,0.0,0.0,0.9928268384933472,88
2025-04-26 18:00:00,SACSI Full,0.24225115537924333,0.0065326690673828125,0.0,0.0,0.0,0.0,0.9991930425167084,88
2025-04-26 19:00:00,SACSI Full,0.24249267513953407,0.006455928087234497,0.0,0.0,0.0,0.0,0.9998701140284538,88
2025-04-26 20:00:00,SACSI Full,0.24241671987893937,0.011213421821594238,0.0,0.0,0.0,0.0,0.9997281566262245,88
2025-04-26 21:00:00,SACSI Full,0.24234191051764048,0.011557191610336304,0.0,0.0,0.0,0.0,0.9997654184699059,88
2025-04-26 22:00:00,SACSI Full,0.24226323331160102,0.010396838188171387,0.0,0.0,0.0,0.0,0.9997804597020149,88
2025-04-26 23:00:00,SACSI Full,0.2421802451996282,0.009103566408157349,0.0,0.0,0.0,0.0,0.9998049959540367,88
2025-04-27 00:00:00,SACSI Full,0.2421173843515193,0.006641745567321777,0.0,0.0,0.0,0.0,0.9998425468802452,88
2025-04-27 01:00:00,SACSI Full,0.24208484663846846,0.0072386860847473145,0.0,0.0,0.0,0.0,0.9998492568731308,88
2025-04-27 02:00:00,SACSI Full,0.24204753260654963,0.005805790424346924,0.0,0.0,0.0,0.0,0.9998695552349091,88
2025-04-27 03:00:00,SACSI Full,0.24200707542302966,0.004862844944000244,0.0,0.0,0.0,0.0,0.9998933136463166,88
2025-04-27 04:00:00,SACSI Full,0.24193813291433217,0.00481724739074707,0.0,0.0,0.0,0.0,0.9999031990766525,88
2025-04-27 05:00:00,SACSI Full,0.2418424480196114,0.005294531583786011,0.0,0.0,0.0,0.0,0.9998893365263939,88
2025-04-27 06:00:00,SACSI Full,0.2416840028767065,0.0034664571285247803,0.0,0.0,0.0,0.0,0.9999123901128769,88
2025-04-27 07:00:00,SACSI Full,0.24135511417590336,0.0033333897590637207,0.0,0.0,0.0,0.0,0.9999320015311242,88
2025-04-27 08:00:00,SACSI Full,0.24076204900625106,0.04308044910430908,0.0,0.0,0.0,0.0,0.9987409204244614,88
2025-04-27 09:00:00,SACSI Full,0.2420505992814179,0.7435650825500488,0.0,0.0,0.0,0.0,0.9781238520145417,88
2025-04-27 10:00:00,SACSI Full,0.24292003558360292,0.7113308906555176,0.0,0.0,0.0,0.0,0.9854510402679444,88
2025-04-27 11:00:00,SACSI Full,0.2427651128804957,0.4720231890678406,0.0,0.0,0.0,0.0,0.9881664592027665,88
2025-04-27 12:00:00,SACSI Full,0.2427126579781647,0.5197635293006897,0.0,0.0,0.0,0.0,0.9891273260116578,88
2025-04-27 13:00:00,SACSI Full,0.2432849653200582,0.6986922025680542,0.0,0.0,0.0,0.0,0.9842368692159653,88
2025-04-27 14:00:00,SACSI Full,0.24450309852801516,0.841439962387085,0.0,0.0,0.0,0.0,0.981743723154068,88
2025-04-27 15:00:00,SACSI Full,0.24513344563526662,0.5971041321754456,0.0,0.0,0.0,0.0,0.9856145590543747,88
2025-04-27 16:00:00,SACSI Full,0.24597086670282237,0.5487263202667236,0.0,0.0,0.0,0.0,0.9885416954755784,88
2025-04-27 17:00:00,SACSI Full,0.2455937018112615,0.06535053253173828,0.0,0.0,0.0,0.0,0.9938592314720154,88
2025-04-27 18:00:00,SACSI Full,0.24533282999160644,0.006738454103469849,0.0,0.0,0.0,0.0,0.9992791101336479,88
2025-04-27 19:00:00,SACSI Full,0.24515472895823673,0.006069689989089966,0.0,0.0,0.0,0.0,0.9998719185590744,88
2025-04-27 20:00:00,SACSI Full,0.24495816710753,0.009031444787979126,0.0,0.0,0.0,0.0,0.9997897535562515,88
2025-04-27 21:00:00,SACSI Full,0.2447571224908308,0.007686614990234375,0.0,0.0,0.0,0.0,0.9998328194022179,88
2025-04-27 22:00:00,SACSI Full,0.24455535020075994,0.007468312978744507,0.0,0.0,0.0,0.0,0.9998484507203103,88
2025-04-27 23:00:00,SACSI Full,0.24437997359636185,0.00688701868057251,0.0,0.0,0.0,0.0,0.9998564466834068,88
2025-04-28 00:00:00,SACSI Full,0.2442010728673414,0.0058297812938690186,0.0,0.0,0.0,0.0,0.9998728320002556,88
2025-04-28 01:00:00,SACSI Full,0.2440221165073192,0.005813091993331909,0.0,0.0,0.0,0.0,0.9998835712671279,88
2025-04-28 02:00:00,SACSI Full,0.24517908479256192,0.006590485572814941,0.0,0.0,0.0,0.0,0.9998604163527488,88
2025-04-28 03:00:00,SACSI Full,0.24700179090542354,0.00631183385848999,0.0,0.0,0.0,0.0,0.9998709768056869,88
2025-04-28 04:00:00,SACSI Full,0.2467915582327322,0.0049301981925964355,0.0,0.0,0.0,0.0,0.999887579679489,88
2025-04-28 05:00:00,SACSI Full,0.2466357078786965,0.004244893789291382,0.0,0.0,0.0,0.0,0.9999082490801812,88
2025-04-28 06:00:00,SACSI Full,0.24647878364764408,0.0039227306842803955,0.0,0.0,0.0,0.0,0.9999183237552642,88
2025-04-28 07:00:00,SACSI Full,0.24646058768712237,0.005041211843490601,0.0,0.0,0.0,0.0,0.999887990951538,88
2025-04-28 08:00:00,SACSI Full,0.24642762782695646,0.22811204195022583,0.0,0.0,0.0,0.0,0.9932070508599282,88
2025-04-28 09:00:00,SACSI Full,0.2474137089026248,0.6358243227005005,0.0,0.0,0.0,0.0,0.9832063907384873,88
2025-04-28 10:00:00,SACSI Full,0.24704866681777196,0.3324873745441437,0.0,0.0,0.0,0.0,0.9903168830275536,88
2025-04-28 11:00:00,SACSI Full,0.2458221285975253,0.15053853392601013,0.0,0.0,0.0,0.0,0.9951697409152985,88
2025-04-28 12:00:00,SACSI Full,0.2446704699027812,0.19850239157676697,0.0,0.0,0.0,0.0,0.9955503135919571,88
2025-04-28 13:00:00,SACSI Full,0.2446152176241354,0.48492431640625,0.0,0.0,0.0,0.0,0.9874372944235802,88
2025-04-28 14:00:00,SACSI Full,0.24604970889928693,0.5808473825454712,0.0,0.0,0.0,0.0,0.9874238216876984,88
2025-04-28 15:00:00,SACSI Full,0.24616480825625614,0.05752980709075928,0.0,0.0,0.0,0.0,0.9936162281036377,88
2025-04-28 16:00:00,SACSI Full,0.24548039767546215,0.041176825761795044,0.0,0.0,0.0,0.0,0.9990129336714745,88
2025-04-28 17:00:00,SACSI Full,0.24499738467179494,0.008096098899841309,0.0,0.0,0.0,0.0,0.9995072707533836,88
2025-04-28 18:00:00,SACSI Full,0.2447861685224648,0.004635155200958252,0.0,0.0,0.0,0.0,0.9998726874589919,88
2025-04-28 19:00:00,SACSI Full,0.24466704780938978,0.00676378607749939,0.0,0.0,0.0,0.0,0.9998434379696846,88
2025-04-28 20:00:00,SACSI Full,0.24452546730401867,0.008525848388671875,0.0,0.0,0.0,0.0,0.9998118624091148,88
2025-04-28 21:00:00,SACSI Full,0.24437612627389782,0.006197690963745117,0.0,0.0,0.0,0.0,0.9998527646064759,88
2025-04-28 22:00:00,SACSI Full,0.24592187912109248,0.006225854158401489,0.0,0.0,0.0,0.0,0.9998752012848854,88
2025-04-28 23:00:00,SACSI Full,0.2468786460825081,0.012530088424682617,0.0,0.0,0.0,0.0,0.9996863558888435,88
2025-04-29 00:00:00,SACSI Full,0.2468531099283969,0.00933915376663208,0.0,0.0,0.0,0.0,0.9997813075780869,88
2025-04-29 01:00:00,SACSI Full,0.24682893574041878,0.009747743606567383,0.0,0.0,0.0,0.0,0.9998009592294692,88
2025-04-29 02:00:00,SACSI Full,0.24680814659955858,0.0107632577419281,0.0,0.0,0.0,0.0,0.9997745797038078,88
2025-04-29 03:00:00,SACSI Full,0.24883561808072285,0.03374144434928894,0.0,0.0,0.0,0.0,0.9990953892469406,88
2025-04-29 04:00:00,SACSI Full,0.2508511075381712,0.03014683723449707,0.0,0.0,0.0,0.0,0.9993611171841622,88
2025-04-29 05:00:00,SACSI Full,0.25347031913640855,0.028263479471206665,0.0,0.0,0.0,0.0,0.999415896832943,88
2025-04-29 06:00:00,SACSI Full,0.2543748912696317,0.013871639966964722,0.0,0.0,0.0,0.0,0.9995786488056182,88
2025-04-29 07:00:00,SACSI Full,0.25487976473373924,0.010962039232254028,0.0,0.0,0.0,0.0,0.9997516632080078,88
2025-04-29 08:00:00,SACSI Full,0.25976051083527757,0.040723830461502075,0.0,0.0,0.0,0.0,0.9988879054784775,88
2025-04-29 09:00:00,SACSI Full,0.2628099281657016,0.016825199127197266,0.0,0.0,0.0,0.0,0.999424509704113,88
2025-04-29 10:00:00,SACSI Full,0.2632180814222769,0.22844597697257996,0.0,0.0,0.0,0.0,0.9933148726820946,88
2025-04-29 11:00:00,SACSI Full,0.2630326863412336,0.15038147568702698,0.0,0.0,0.0,0.0,0.9962117254734039,88
2025-04-29 12:00:00,SACSI Full,0.2645016681770757,0.15519455075263977,0.0,0.0,0.0,0.0,0.996847978234291,88
2025-04-29 13:00:00,SACSI Full,0.27148078229151923,0.01273423433303833,0.0,0.0,0.0,0.0,0.9983207121491432,88
2025-04-29 14:00:00,SACSI Full,0.2781706531592484,0.008961260318756104,0.0,0.0,0.0,0.0,0.999783045053482,88
2025-04-29 15:00:00,SACSI Full,0.2837358677979584,0.005564391613006592,0.0,0.0,0.0,0.0,0.9998547434806824,88
2025-04-29 16:00:00,SACSI Full,0.28974513047260797,0.004778802394866943,0.0,0.0,0.0,0.0,0.9998965680599212,88
2025-04-29 17:00:00,SACSI Full,0.2927889129460131,0.006634742021560669,0.0,0.0,0.0,0.0,0.9998487457633018,88
2025-04-29 18:00:00,SACSI Full,0.293217648396122,0.005120635032653809,0.0,0.0,0.0,0.0,0.9998824462294579,88
2025-04-29 19:00:00,SACSI Full,0.29331624730867895,0.006079673767089844,0.0,0.0,0.0,0.0,0.9998688161373138,88
2025-04-29 20:00:00,SACSI Full,0.29314965593221537,0.009522587060928345,0.0,0.0,0.0,0.0,0.999775119125843,88
2025-04-29 21:00:00,SACSI Full,0.2929784352616743,0.008133798837661743,0.0,0.0,0.0,0.0,0.9998234361410141,88
2025-04-29 22:00:00,SACSI Full,0.2927757410864309,0.007191747426986694,0.0,0.0,0.0,0.0,0.9998467445373534,88
2025-04-29 23:00:00,SACSI Full,0.2925853493098692,0.010882467031478882,0.0,0.0,0.0,0.0,0.9997454434633255,88
2025-04-30 00:00:00,SACSI Full,0.2924236584286169,0.010992735624313354,0.0,0.0,0.0,0.0,0.9997790426015853,88
2025-04-30 01:00:00,SACSI Full,0.2922352067832426,0.011464506387710571,0.0,0.0,0.0,0.0,0.9997659921646118,88
2025-04-30 02:00:00,SACSI Full,0.2920364937015648,0.008386075496673584,0.0,0.0,0.0,0.0,0.9998014941811562,88
2025-04-30 03:00:00,SACSI Full,0.2921970829689776,0.0076767802238464355,0.0,0.0,0.0,0.0,0.9998393714427948,88
2025-04-30 04:00:00,SACSI Full,0.2924208288554624,0.00962376594543457,0.0,0.0,0.0,0.0,0.9997880548238754,88
2025-04-30 05:00:00,SACSI Full,0.2928825741199926,0.006523579359054565,0.0,0.0,0.0,0.0,0.9998385265469552,88
2025-04-30 06:00:00,SACSI Full,0.2926330887743111,0.010154396295547485,0.0,0.0,0.0,0.0,0.9997606039047241,88
2025-04-30 07:00:00,SACSI Full,0.29222929113986845,0.0063607096672058105,0.0,0.0,0.0,0.0,0.9998348489403724,88
2025-04-30 08:00:00,SACSI Full,0.2929418364894664,0.009263604879379272,0.0,0.0,0.0,0.0,0.9997856989502907,88
2025-04-30 09:00:00,SACSI Full,0.292340863951472,0.00870823860168457,0.0,0.0,0.0,0.0,0.9998202815651893,88
2025-04-30 10:00:00,SACSI Full,0.29140055027606837,0.01740589737892151,0.0,0.0,0.0,0.0,0.9995649054646493,88
2025-04-30 11:00:00,SACSI Full,0.29028014404418817,0.014378130435943604,0.0,0.0,0.0,0.0,0.9996821597218514,88
2025-04-30 12:00:00,SACSI Full,0.28871215373081716,0.014102905988693237,0.0,0.0,0.0,0.0,0.9997151896357536,88
2025-04-30 13:00:00,SACSI Full,0.28797513631624727,0.02939477562904358,0.0,0.0,0.0,0.0,0.9992591857910156,88
2025-04-30 14:00:00,SACSI Full,0.28722521557373554,0.04902377724647522,0.0,0.0,0.0,0.0,0.9988232344388962,88
2025-04-30 15:00:00,SACSI Full,0.28905060710154723,0.01111745834350586,0.0,0.0,0.0,0.0,0.9993985876441002,88
2025-04-30 16:00:00,SACSI Full,0.288929514084287,0.008172094821929932,0.0,0.0,0.0,0.0,0.9998071044683456,88
2025-04-30 17:00:00,SACSI Full,0.28852679082356647,0.006683021783828735,0.0,0.0,0.0,0.0,0.9998514488339425,88
2025-04-30 18:00:00,SACSI Full,0.28829839187982437,0.007980316877365112,0.0,0.0,0.0,0.0,0.9998274207115173,88
2025-04-30 19:00:00,SACSI Full,0.2881592228790398,0.009249299764633179,0.0,0.0,0.0,0.0,0.9998023241758346,88
2025-04-30 20:00:00,SACSI Full,0.2881021871261075,0.01688927412033081,0.0,0.0,0.0,0.0,0.9995858147740364,88
2025-04-30 21:00:00,SACSI Full,0.28801408417346824,0.016069114208221436,0.0,0.0,0.0,0.0,0.9996704161167145,88
2025-04-30 22:00:00,SACSI Full,0.28892587045553075,0.016035884618759155,0.0,0.0,0.0,0.0,0.9996789500117302,88
2025-04-30 23:00:00,SACSI Full,0.28953504042667894,0.016750991344451904,0.0,0.0,0.0,0.0,0.9996578291058541,88
2025-05-01 00:00:00,SACSI Full,0.29011034326993174,0.015090852975845337,0.0,0.0,0.0,0.0,0.999681581556797,88
2025-05-01 01:00:00,SACSI Full,0.292007597939598,0.011676400899887085,0.0,0.0,0.0,0.0,0.9997323274612427,88
2025-05-01 02:00:00,SACSI Full,0.2966103735912119,0.006332695484161377,0.0,0.0,0.0,0.0,0.9998199090361595,88
2025-05-01 03:00:00,SACSI Full,0.29855308031363037,0.008312016725540161,0.0,0.0,0.0,0.0,0.9998139664530754,88
2025-05-01 04:00:00,SACSI Full,0.30148928913635764,0.006362646818161011,0.0,0.0,0.0,0.0,0.999853253364563,88
2025-05-01 05:00:00,SACSI Full,0.30145419587416206,0.0064720213413238525,0.0,0.0,0.0,0.0,0.9998694658279419,88
2025-05-01 06:00:00,SACSI Full,0.30136130395375443,0.0061324238777160645,0.0,0.0,0.0,0.0,0.9998739555478097,88
2025-05-01 07:00:00,SACSI Full,0.3014001486790453,0.0051534175872802734,0.0,0.0,0.0,0.0,0.9998871415853501,88
2025-05-01 08:00:00,SACSI Full,0.3006747304022585,0.0033745169639587402,0.0,0.0,0.0,0.0,0.9999147206544876,88
2025-05-01 09:00:00,SACSI Full,0.2999492541237945,0.005357116460800171,0.0,0.0,0.0,0.0,0.9998730316758155,88
2025-05-01 10:00:00,SACSI Full,0.3027071007534141,0.009853988885879517,0.0,0.0,0.0,0.0,0.9997579514980317,88
2025-05-01 11:00:00,SACSI Full,0.30728718361261237,0.016024857759475708,0.0,0.0,0.0,0.0,0.9996177941560744,88
2025-05-01 12:00:00,SACSI Full,0.3145664243924891,0.017272233963012695,0.0,0.0,0.0,0.0,0.9996420815587044,88
2025-05-01 13:00:00,SACSI Full,0.3173278923881327,0.008940398693084717,0.0,0.0,0.0,0.0,0.999737873673439,88
2025-05-01 14:00:00,SACSI Full,0.3165627484564259,0.0019568204879760742,0.0,0.0,0.0,0.0,0.9998910278081894,88
2025-05-01 15:00:00,SACSI Full,0.317442105945376,0.003807246685028076,0.0,0.0,0.0,0.0,0.999905350804329,88
2025-05-01 16:00:00,SACSI Full,0.3177137496563071,0.0024931132793426514,0.0,0.0,0.0,0.0,0.9999369964003563,88
2025-05-01 17:00:00,SACSI Full,0.31958500141583623,0.005875527858734131,0.0,0.0,0.0,0.0,0.9998486652970314,88
2025-05-01 18:00:00,SACSI Full,0.32146025501770514,0.005076080560684204,0.0,0.0,0.0,0.0,-0.14613501785470784,88
2025-05-01 19:00:00,SACSI Full,0.322051959106552,0.0030112266540527344,0.0,0.0,0.0,0.0,-0.2052767837273455,88
2025-05-01 20:00:00,SACSI Full,0.3273560210613682,0.008218586444854736,0.0,0.0,0.0,0.0,-0.735818551463623,88
2025-05-01 21:00:00,SACSI Full,0.3289554707738036,0.005334913730621338,0.0,0.0,0.0,0.0,-0.8956826123821146,88
2025-05-01 22:00:00,SACSI Full,0.3291822433515662,0.002031773328781128,0.0,0.0,0.0,0.0,-0.918298002027214,88
2025-05-01 23:00:00,SACSI Full,0.3301099530486538,0.0038129091262817383,0.0,0.0,0.0,0.0,-1.0110893744058813,88
2025-05-02 00:00:00,SACSI Full,0.33376255248827474,0.012779831886291504,0.0,0.0,0.0,0.0,-1.3766005146927995,88
2025-05-02 01:00:00,SACSI Full,0.33641956217490376,0.014102905988693237,0.0,0.0,0.0,0.0,-1.6422515063511736,88
2025-05-02 02:00:00,SACSI Full,0.33637324386798084,0.0031045079231262207,0.0,0.0,0.0,0.0,-1.6374964609372018,88
2025-05-02 03:00:00,SACSI Full,0.3363252774926299,0.0026100873947143555,0.0,0.0,0.0,0.0,-1.6325848952161692,88
2025-05-02 04:00:00,SACSI Full,0.33630664481523376,0.0029101967811584473,0.0,0.0,0.0,0.0,-1.6307256865528628,88
2025-05-02 05:00:00,SACSI Full,0.33625890096389,0.002676844596862793,0.0,0.0,0.0,0.0,-1.625945966802779,88
2025-05-02 06:00:00,SACSI Full,0.3361819068610941,0.0024017691612243652,0.0,0.0,0.0,0.0,-1.6182414722469916,88
2025-05-02 07:00:00,SACSI Full,0.3372232323642845,0.014397650957107544,0.0,0.0,0.0,0.0,-1.7227311482655479,88
2025-05-02 08:00:00,SACSI Full,0.33758756457768624,0.00479966402053833,0.0,0.0,0.0,0.0,-1.7589484309183996,88
2025-05-02 09:00:00,SACSI Full,0.3384834071084137,0.006752759218215942,0.0,0.0,0.0,0.0,-1.8484952969777086,88
2025-05-02 10:00:00,SACSI Full,0.3376126594595388,0.002275705337524414,0.0,0.0,0.0,0.0,-1.7613562305994346,88
2025-05-02 11:00:00,SACSI Full,0.3362361809933459,0.00355646014213562,0.0,0.0,0.0,0.0,-1.6237020360854784,88
2025-05-02 12:00:00,SACSI Full,0.33477371507687126,0.0032602250576019287,0.0,0.0,0.0,0.0,-1.4774396745391225,88
2025-05-02 13:00:00,SACSI Full,0.33428537600877634,0.003998279571533203,0.0,0.0,0.0,0.0,-1.428624947014203,88
2025-05-02 14:00:00,SACSI Full,0.33310398341618724,0.0025822222232818604,0.0,0.0,0.0,0.0,-1.3104641466366718,88
2025-05-02 15:00:00,SACSI Full,0.3320630504962082,0.0022201240062713623,0.0,0.0,0.0,0.0,-1.206353073083116,88
2025-05-02 16:00:00,SACSI Full,0.3312184909101601,0.0016321241855621338,0.0,0.0,0.0,0.0,-1.1218876134979265,88
2025-05-02 17:00:00,SACSI Full,0.3307421911450501,0.0016100704669952393,0.0,0.0,0.0,0.0,-1.074251536451535,88
2025-05-02 18:00:00,SACSI Full,0.3305538733788605,0.0030046701431274414,0.0,0.0,0.0,0.0,-1.055461377285673,88
2025-05-02 19:00:00,SACSI Full,0.33045131805541866,0.003233402967453003,0.0,0.0,0.0,0.0,-1.045198760929458,88
2025-05-02 20:00:00,SACSI Full,0.33035425380987676,0.004880726337432861,0.0,0.0,0.0,0.0,-1.035539468748124,88
2025-05-02 21:00:00,SACSI Full,0.33025472888591634,0.0041425228118896484,0.0,0.0,0.0,0.0,-1.0255631210831264,88
2025-05-02 22:00:00,SACSI Full,0.33015699756505834,0.004680603742599487,0.0,0.0,0.0,0.0,-1.0157987493899925,88
2025-05-02 23:00:00,SACSI Full,0.3300843799333051,0.0037147104740142822,0.0,0.0,0.0,0.0,-1.0085219464726738,88
2025-05-03 00:00:00,SACSI Full,0.33004211225870006,0.004319697618484497,0.0,0.0,0.0,0.0,-1.0043036696938197,88
2025-05-03 01:00:00,SACSI Full,0.32999961311939113,0.004250258207321167,0.0,0.0,0.0,0.0,-1.0000470114973705,88
2025-05-03 02:00:00,SACSI Full,0.3299578421501592,0.004468709230422974,0.0,0.0,0.0,0.0,-0.9958757737107607,88
2025-05-03 03:00:00,SACSI Full,0.3299137644811745,0.0037766993045806885,0.0,0.0,0.0,0.0,-0.9914589022027981,88
2025-05-03 04:00:00,SACSI Full,0.32986900731923935,0.0035728514194488525,0.0,0.0,0.0,0.0,-0.9869742274311745,88
2025-05-03 05:00:00,SACSI Full,0.32979643588108576,0.0037285685539245605,0.0,0.0,0.0,0.0,-0.9797197166509984,88
2025-05-03 06:00:00,SACSI Full,0.32966537089390313,0.0031805038452148438,0.0,0.0,0.0,0.0,-0.9666061801143038,88
2025-05-03 07:00:00,SACSI Full,0.32933649510743973,0.003337264060974121,0.0,0.0,0.0,0.0,-0.9337178236273496,88
2025-05-03 08:00:00,SACSI Full,0.32860507215939716,0.001573115587234497,0.0,0.0,0.0,0.0,-0.8605563197361974,88
2025-05-03 09:00:00,SACSI Full,0.3275071119646505,0.0021119415760040283,0.0,0.0,0.0,0.0,-0.750758823556456,88
2025-05-03 10:00:00,SACSI Full,0.32598539253992587,0.0024841725826263428,0.0,0.0,0.0,0.0,-0.5985926597543048,88
2025-05-03 11:00:00,SACSI Full,0.3241523392411347,0.002584010362625122,0.0,0.0,0.0,0.0,-0.41528660269851975,88
2025-05-03 12:00:00,SACSI Full,0.322291659420756,0.0027960538864135742,0.0,0.0,0.0,0.0,-0.22922398358856488,88
2025-05-03 13:00:00,SACSI Full,0.3204046320951258,0.0033918023109436035,0.0,0.0,0.0,0.0,-0.04053700304304537,88
2025-05-03 14:00:00,SACSI Full,0.3187158243572985,0.0033576786518096924,0.0,0.0,0.0,0.0,0.9999325051903725,88
2025-05-03 15:00:00,SACSI Full,0.31730932524961974,0.0030502676963806152,0.0,0.0,0.0,0.0,0.9999359205365181,88
2025-05-03 16:00:00,SACSI Full,0.3163259620066757,0.0024910271167755127,0.0,0.0,0.0,0.0,0.9999445870518685,88
2025-05-03 17:00:00,SACSI Full,0.31583055372042207,0.004377514123916626,0.0,0.0,0.0,0.0,0.9998935848474503,88
2025-05-03 18:00:00,SACSI Full,0.3156983130316212,0.0028277933597564697,0.0,0.0,0.0,0.0,0.9999279469251633,88
2025-05-03 19:00:00,SACSI Full,0.3156211162730331,0.002340972423553467,0.0,0.0,0.0,0.0,0.9999483123421669,88
2025-05-03 20:00:00,SACSI Full,0.3155739992638702,0.0028648972511291504,0.0,0.0,0.0,0.0,0.9999374628067016,88
2025-05-03 21:00:00,SACSI Full,0.31549775369607164,0.0026263296604156494,0.0,0.0,0.0,0.0,0.9999450877308845,88
2025-05-03 22:00:00,SACSI Full,0.3154206950215772,0.0023823976516723633,0.0,0.0,0.0,0.0,0.999949912726879,88
2025-05-03 23:00:00,SACSI Full,0.31537213558001076,0.0024321675300598145,0.0,0.0,0.0,0.0,0.999950858950615,88
2025-05-04 00:00:00,SACSI Full,0.31532293389839683,0.0022394955158233643,0.0,0.0,0.0,0.0,0.9999532833695413,88
2025-05-04 01:00:00,SACSI Full,0.31527438985469697,0.0024367868900299072,0.0,0.0,0.0,0.0,0.9999492913484573,88
2025-05-04 02:00:00,SACSI Full,0.3152246204388416,0.0020691752433776855,0.0,0.0,0.0,0.0,0.9999549403786658,88
2025-05-04 03:00:00,SACSI Full,0.31517586529535807,0.0023734569549560547,0.0,0.0,0.0,0.0,0.999949488043785,88
2025-05-04 04:00:00,SACSI Full,0.3151551325476444,0.0022801756858825684,0.0,0.0,0.0,0.0,0.9999534636735916,88
2025-05-04 05:00:00,SACSI Full,0.31510619958363734,0.00232011079788208,0.0,0.0,0.0,0.0,0.9999531984329224,88
2025-05-04 06:00:00,SACSI Full,0.31505722042603057,0.0023062527179718018,0.0,0.0,0.0,0.0,0.9999537363648415,88
2025-05-04 07:00:00,SACSI Full,0.3147584606484846,0.0038720667362213135,0.0,0.0,0.0,0.0,0.9999069005250931,88
2025-05-04 08:00:00,SACSI Full,0.31397705817821386,0.003579258918762207,0.0,0.0,0.0,0.0,0.9999254867434502,88
2025-05-04 09:00:00,SACSI Full,0.31273853996319334,0.002444535493850708,0.0,0.0,0.0,0.0,0.9999397620558739,88
2025-05-04 10:00:00,SACSI Full,0.3111614229540305,0.0028648972511291504,0.0,0.0,0.0,0.0,0.9999384984374046,88
2025-05-04 11:00:00,SACSI Full,0.30932940131229925,0.002893507480621338,0.0,0.0,0.0,0.0,0.9999418437480926,88
2025-05-04 12:00:00,SACSI Full,0.30741541056675475,0.003802776336669922,0.0,0.0,0.0,0.0,0.9999148517847061,88
2025-05-04 13:00:00,SACSI Full,0.3055312974115487,0.0042660534381866455,0.0,0.0,0.0,0.0,0.9999100461602212,88
2025-05-04 14:00:00,SACSI Full,0.30384614145162464,0.004453212022781372,0.0,0.0,0.0,0.0,0.9999090641736984,88
2025-05-04 15:00:00,SACSI Full,0.3024435464481787,0.004221498966217041,0.0,0.0,0.0,0.0,0.99991325289011,88
2025-05-04 16:00:00,SACSI Full,0.3014391285924391,0.004674643278121948,0.0,0.0,0.0,0.0,0.9999019756913184,88
2025-05-04 17:00:00,SACSI Full,0.30086521125200155,0.006324797868728638,0.0,0.0,0.0,0.0,0.9998570024967194,88
2025-05-04 18:00:00,SACSI Full,0.3006996694139914,0.009837448596954346,0.0,0.0,0.0,0.0,0.9997681245207787,88
2025-05-04 19:00:00,SACSI Full,0.3006553664720333,0.012209117412567139,0.0,0.0,0.0,0.0,0.9997321009635926,88
2025-05-04 20:00:00,SACSI Full,0.3006275012664275,0.008640438318252563,0.0,0.0,0.0,0.0,0.9997915044426918,88
2025-05-04 21:00:00,SACSI Full,0.30057278141938415,0.009084045886993408,0.0,0.0,0.0,0.0,0.9998138830065727,88
2025-05-04 22:00:00,SACSI Full,0.3005448913785097,0.00863298773765564,0.0,0.0,0.0,0.0,0.9998228296637535,88
2025-05-04 23:00:00,SACSI Full,0.30051366596105467,0.0076323747634887695,0.0,0.0,0.0,0.0,0.9998373463749886,88
2025-05-05 00:00:00,SACSI Full,0.30051020067893236,0.007460415363311768,0.0,0.0,0.0,0.0,0.999849072098732,88
2025-05-05 01:00:00,SACSI Full,0.30047673164330696,0.006959289312362671,0.0,0.0,0.0,0.0,0.9998558029532433,88
2025-05-05 02:00:00,SACSI Full,0.3004718949576494,0.007048994302749634,0.0,0.0,0.0,0.0,0.9998581230640411,88
2025-05-05 03:00:00,SACSI Full,0.30043762870990015,0.006720125675201416,0.0,0.0,0.0,0.0,0.9998623088002204,88
2025-05-05 04:00:00,SACSI Full,0.3006767896163739,0.005748271942138672,0.0,0.0,0.0,0.0,0.9998753160238265,88
2025-05-05 05:00:00,SACSI Full,0.3006616120215532,0.00394672155380249,0.0,0.0,0.0,0.0,0.9999030500650405,88
2025-05-05 06:00:00,SACSI Full,0.30062082601907625,0.004764199256896973,0.0,0.0,0.0,0.0,0.9998965412378311,88
2025-05-05 07:00:00,SACSI Full,0.3003469072393852,0.0028243660926818848,0.0,0.0,0.0,0.0,0.9999241143465043,88
2025-05-05 08:00:00,SACSI Full,0.2996191037833966,0.0026589632034301758,0.0,0.0,0.0,0.0,0.9999451667070389,88
2025-05-05 09:00:00,SACSI Full,0.2985604625547208,0.0054076313972473145,0.0,0.0,0.0,0.0,0.9998643606901169,88
2025-05-05 10:00:00,SACSI Full,0.2971784455581782,0.010394901037216187,0.0,0.0,0.0,0.0,0.999742229282856,88
2025-05-05 11:00:00,SACSI Full,0.295543554957338,0.011032819747924805,0.0,0.0,0.0,0.0,0.9997729644179344,88
2025-05-05 12:00:00,SACSI Full,0.293775734240639,0.013653784990310669,0.0,0.0,0.0,0.0,0.99970071464777,88
2025-05-05 13:00:00,SACSI Full,0.2920653019035139,0.013870298862457275,0.0,0.0,0.0,0.0,0.9997204288840295,88
2025-05-05 14:00:00,SACSI Full,0.29086320968988316,0.01537233591079712,0.0,0.0,0.0,0.0,0.9996775329113007,88
2025-05-05 15:00:00,SACSI Full,0.2899651239526548,0.013074278831481934,0.0,0.0,0.0,0.0,0.9997155338525772,88
2025-05-05 16:00:00,SACSI Full,0.28906866381926116,0.011561959981918335,0.0,0.0,0.0,0.0,0.999753637611866,88
2025-05-05 17:00:00,SACSI Full,0.28853514627578636,0.009944736957550049,0.0,0.0,0.0,0.0,0.9997849330306053,88
2025-05-05 18:00:00,SACSI Full,0.2884008660805501,0.019215941429138184,0.0,0.0,0.0,0.0,0.9995229691267014,88
2025-05-05 19:00:00,SACSI Full,0.2883553797209539,0.020354092121124268,0.0,0.0,0.0,0.0,0.9995815366506577,88
2025-05-05 20:00:00,SACSI Full,0.2883474989251571,0.03163576126098633,0.0,0.0,0.0,0.0,0.9992544680833817,88
2025-05-05 21:00:00,SACSI Full,0.2883662328621027,0.0311201810836792,0.0,0.0,0.0,0.0,0.9993724405765534,88
2025-05-05 22:00:00,SACSI Full,0.2883633285574394,0.033128708600997925,0.0,0.0,0.0,0.0,0.9993173405528069,88
2025-05-05 23:00:00,SACSI Full,0.28831738645357663,0.028717368841171265,0.0,0.0,0.0,0.0,0.9993815392255784,88
2025-05-06 00:00:00,SACSI Full,0.28827844667079816,0.02231806516647339,0.0,0.0,0.0,0.0,0.9994896456599236,88
2025-05-06 01:00:00,SACSI Full,0.288236252474415,0.02134174108505249,0.0,0.0,0.0,0.0,0.9995634019374847,88
2025-05-06 02:00:00,SACSI Full,0.2881736506410715,0.015219449996948242,0.0,0.0,0.0,0.0,0.9996343880891799,88
2025-05-06 03:00:00,SACSI Full,0.2880843550988313,0.015711337327957153,0.0,0.0,0.0,0.0,0.9996808543801308,88
2025-05-06 04:00:00,SACSI Full,0.28799588408751053,0.015958696603775024,0.0,0.0,0.0,0.0,0.9996783524751663,88
2025-05-06 05:00:00,SACSI Full,0.28790554844421906,0.015399307012557983,0.0,0.0,0.0,0.0,0.9996864199638367,88
2025-05-06 06:00:00,SACSI Full,0.2877739085034804,0.011508017778396606,0.0,0.0,0.0,0.0,0.9997309267520905,88
2025-05-06 07:00:00,SACSI Full,0.28739869553528985,0.00643610954284668,0.0,0.0,0.0,0.0,0.9998205587267875,88
2025-05-06 08:00:00,SACSI Full,0.28664745003504316,0.012626349925994873,0.0,0.0,0.0,0.0,0.9996855705976486,88
2025-05-06 09:00:00,SACSI Full,0.2854920271861828,0.010373145341873169,0.0,0.0,0.0,0.0,0.9997700050473213,88
2025-05-06 10:00:00,SACSI Full,0.28403262766324244,0.012680143117904663,0.0,0.0,0.0,0.0,0.9997233271598815,88
2025-05-06 11:00:00,SACSI Full,0.282387100844808,0.016341954469680786,0.0,0.0,0.0,0.0,0.9996365427970887,88
2025-05-06 12:00:00,SACSI Full,0.28063917119148135,0.0196211040019989,0.0,0.0,0.0,0.0,0.9995747864246368,88
2025-05-06 13:00:00,SACSI Full,0.2789473548750357,0.01945510506629944,0.0,0.0,0.0,0.0,0.999609237909317,88
2025-05-06 14:00:00,SACSI Full,0.27741106777551533,0.02361387014389038,0.0,0.0,0.0,0.0,0.9994861349463463,88
2025-05-06 15:00:00,SACSI Full,0.2761107667943116,0.017909705638885498,0.0,0.0,0.0,0.0,0.9995847642421722,88
2025-05-06 16:00:00,SACSI Full,0.27518227260711553,0.018951743841171265,0.0,0.0,0.0,0.0,0.9996105447411537,88
2025-05-06 17:00:00,SACSI Full,0.2748588889865355,0.08148491382598877,0.0,0.0,0.0,0.0,0.997744970023632,88
2025-05-06 18:00:00,SACSI Full,0.27472506450139245,0.027852654457092285,0.0,0.0,0.0,0.0,0.9989066243171691,88
2025-05-06 19:00:00,SACSI Full,0.27468195262474576,0.029566437005996704,0.0,0.0,0.0,0.0,0.999391533434391,88
2025-05-06 20:00:00,SACSI Full,0.27471127655151245,0.04279717803001404,0.0,0.0,0.0,0.0,0.9990117490291596,88
2025-05-06 21:00:00,SACSI Full,0.2746833842242038,0.034132301807403564,0.0,0.0,0.0,0.0,0.9992307052016258,88
2025-05-06 22:00:00,SACSI Full,0.27468125898483153,0.041862428188323975,0.0,0.0,0.0,0.0,0.9990854501724243,88
2025-05-06 23:00:00,SACSI Full,0.27461356416585797,0.022191554307937622,0.0,0.0,0.0,0.0,0.9993594601750374,88
2025-05-07 00:00:00,SACSI Full,0.27453790318611015,0.019801706075668335,0.0,0.0,0.0,0.0,0.999580067396164,88
2025-05-07 01:00:00,SACSI Full,0.2744797885891075,0.01656562089920044,0.0,0.0,0.0,0.0,0.9996363267302513,88
2025-05-07 02:00:00,SACSI Full,0.27440973021470255,0.012982487678527832,0.0,0.0,0.0,0.0,0.9997045189142227,88
2025-05-07 03:00:00,SACSI Full,0.274335790584512,0.011818110942840576,0.0,0.0,0.0,0.0,0.9997519940137863,88
2025-05-07 04:00:00,SACSI Full,0.27426803791644916,0.01367419958114624,0.0,0.0,0.0,0.0,0.999707955121994,88
2025-05-07 05:00:00,SACSI Full,0.27419996437671523,0.013577938079833984,0.0,0.0,0.0,0.0,0.9997274786233902,88
2025-05-07 06:00:00,SACSI Full,0.2741106077397142,0.01569300889968872,0.0,0.0,0.0,0.0,0.9996649891138077,88
2025-05-07 07:00:00,SACSI Full,0.2737535145835354,0.011872053146362305,0.0,0.0,0.0,0.0,0.9997243493795395,88
2025-05-07 08:00:00,SACSI Full,0.27307005966387926,0.04146352410316467,0.0,0.0,0.0,0.0,0.9988748148083687,88
2025-05-07 09:00:00,SACSI Full,0.27190167353275163,0.014984160661697388,0.0,0.0,0.0,0.0,0.9994355231523514,88
2025-05-07 10:00:00,SACSI Full,0.27039742793761434,0.01622632145881653,0.0,0.0,0.0,0.0,0.9996630519628524,88
2025-05-07 11:00:00,SACSI Full,0.26868216537200157,0.02092123031616211,0.0,0.0,0.0,0.0,0.9995346263051033,88
2025-05-07 12:00:00,SACSI Full,0.2668391828986281,0.016605257987976074,0.0,0.0,0.0,0.0,0.9996247351169586,88
2025-05-07 13:00:00,SACSI Full,0.26507362589958056,0.022832900285720825,0.0,0.0,0.0,0.0,0.9994810655713082,88
2025-05-07 14:00:00,SACSI Full,0.2634434045605137,0.020933598279953003,0.0,0.0,0.0,0.0,0.9995623350143432,88
2025-05-07 15:00:00,SACSI Full,0.26217109762870017,0.03480792045593262,0.0,0.0,0.0,0.0,0.9991650983691216,88
2025-05-07 16:00:00,SACSI Full,0.2614537258080914,0.09078845381736755,0.0,0.0,0.0,0.0,0.9976244255900383,88
2025-05-07 17:00:00,SACSI Full,0.2616056452882562,0.21557584404945374,0.0,0.0,0.0,0.0,0.9944406092166901,88
2025-05-07 18:00:00,SACSI Full,0.2614797241477444,0.021723657846450806,0.0,0.0,0.0,0.0,0.997627004981041,88
2025-05-07 19:00:00,SACSI Full,0.2614702129336471,0.02264663577079773,0.0,0.0,0.0,0.0,0.9995378375053406,88
2025-05-07 20:00:00,SACSI Full,0.2614580259677047,0.021843910217285156,0.0,0.0,0.0,0.0,0.9995550945401191,88
2025-05-07 21:00:00,SACSI Full,0.26145158538622404,0.02356782555580139,0.0,0.0,0.0,0.0,0.9995114043354988,88
2025-05-07 22:00:00,SACSI Full,0.26140885375462714,0.02118051052093506,0.0,0.0,0.0,0.0,0.9995525166392326,88
2025-05-07 23:00:00,SACSI Full,0.2613557558818931,0.018070638179779053,0.0,0.0,0.0,0.0,0.9996074885129929,88
2025-05-08 00:00:00,SACSI Full,0.26130542515479266,0.018900781869888306,0.0,0.0,0.0,0.0,0.9996136829257011,88
2025-05-08 01:00:00,SACSI Full,0.2612389351117883,0.014052987098693848,0.0,0.0,0.0,0.0,0.9996704623103142,88
2025-05-08 02:00:00,SACSI Full,0.26116347854338823,0.011363029479980469,0.0,0.0,0.0,0.0,0.9997458398342132,88
2025-05-08 03:00:00,SACSI Full,0.26111860488695643,0.012037903070449829,0.0,0.0,0.0,0.0,0.9997524932026863,88
2025-05-08 04:00:00,SACSI Full,0.2610655892360483,0.009595304727554321,0.0,0.0,0.0,0.0,0.9997836679220199,88
2025-05-08 05:00:00,SACSI Full,0.26101269229772434,0.009630918502807617,0.0,0.0,0.0,0.0,0.9998070254921914,88
2025-05-08 06:00:00,SACSI Full,0.2609333341086183,0.010192543268203735,0.0,0.0,0.0,0.0,0.9997905328869819,88
2025-05-08 07:00:00,SACSI Full,0.260600057743815,0.010517090559005737,0.0,0.0,0.0,0.0,0.999786412715912,88
2025-05-08 08:00:00,SACSI Full,0.2605999420297418,0.23796528577804565,0.0,0.0,0.0,0.0,0.9929662123322487,88
2025-05-08 09:00:00,SACSI Full,0.2596429378108456,0.07839873433113098,0.0,0.0,0.0,0.0,0.9968363597989083,88
2025-05-08 10:00:00,SACSI Full,0.25824258956872165,0.047395527362823486,0.0,0.0,0.0,0.0,0.9987420573830604,88
2025-05-08 11:00:00,SACSI Full,0.2565344584334169,0.031560659408569336,0.0,0.0,0.0,0.0,0.999210438132286,88
2025-05-08 12:00:00,SACSI Full,0.2547311877858911,0.037018805742263794,0.0,0.0,0.0,0.0,0.9992050424218178,88
2025-05-08 13:00:00,SACSI Full,0.25300548963748154,0.043290555477142334,0.0,0.0,0.0,0.0,0.9990714713931084,88
2025-05-08 14:00:00,SACSI Full,0.25169811016840477,0.10928615927696228,0.0,0.0,0.0,0.0,0.9971543207764626,88
2025-05-08 15:00:00,SACSI Full,0.2507827071400756,0.15037909150123596,0.0,0.0,0.0,0.0,0.9965814888477326,88
2025-05-08 16:00:00,SACSI Full,0.25065026798449697,0.266268253326416,0.0,0.0,0.0,0.0,0.9935157433152199,88
2025-05-08 17:00:00,SACSI Full,0.25126102103991055,0.3532259166240692,0.0,0.0,0.0,0.0,0.9920659050345422,88
2025-05-08 18:00:00,SACSI Full,0.25118378821892284,0.027830153703689575,0.0,0.0,0.0,0.0,0.9961894392967224,88
2025-05-08 19:00:00,SACSI Full,0.25118150135321166,0.016313940286636353,0.0,0.0,0.0,0.0,0.9995585590600967,88
2025-05-08 20:00:00,SACSI Full,0.2512082561226958,0.01652643084526062,0.0,0.0,0.0,0.0,0.9996673464775085,88
2025-05-08 21:00:00,SACSI Full,0.25121199727339294,0.018122345209121704,0.0,0.0,0.0,0.0,0.999621593952179,88
2025-05-08 22:00:00,SACSI Full,0.25119975593529886,0.013327598571777344,0.0,0.0,0.0,0.0,0.999685500562191,88
2025-05-08 23:00:00,SACSI Full,0.25118563208384065,0.012762844562530518,0.0,0.0,0.0,0.0,0.9997390955686569,88
2025-05-09 00:00:00,SACSI Full,0.2511469364488398,0.0138913094997406,0.0,0.0,0.0,0.0,0.9997108891606331,88
2025-05-09 01:00:00,SACSI Full,0.2510385083123321,0.009971559047698975,0.0,0.0,0.0,0.0,0.9997613713145256,88
2025-05-09 02:00:00,SACSI Full,0.25092553532166034,0.008608102798461914,0.0,0.0,0.0,0.0,0.9998142033815384,88
2025-05-09 03:00:00,SACSI Full,0.25081507963381955,0.009363293647766113,0.0,0.0,0.0,0.0,0.9998051822185516,88
2025-05-09 04:00:00,SACSI Full,0.25073106284501895,0.008794963359832764,0.0,0.0,0.0,0.0,0.9998184174299241,88
2025-05-09 05:00:00,SACSI Full,0.2506701560358479,0.007227957248687744,0.0,0.0,0.0,0.0,0.9998397707939147,88
2025-05-09 06:00:00,SACSI Full,0.25057938604079427,0.006769001483917236,0.0,0.0,0.0,0.0,0.9998600304126739,88
2025-05-09 07:00:00,SACSI Full,0.2502597760276272,0.014616996049880981,0.0,0.0,0.0,0.0,0.9996291801333427,88
2025-05-09 08:00:00,SACSI Full,0.25114579124254727,0.5038045644760132,0.0,0.0,0.0,0.0,0.9850320330262184,88
2025-05-09 09:00:00,SACSI Full,0.2507423800631637,0.24447664618492126,0.0,0.0,0.0,0.0,0.9925171878933906,88
2025-05-09 10:00:00,SACSI Full,0.2498133028988316,0.18877685070037842,0.0,0.0,0.0,0.0,0.995667465031147,88
2025-05-09 11:00:00,SACSI Full,0.24861125551743052,0.0748857855796814,0.0,0.0,0.0,0.0,0.9973633736371994,88
2025-05-09 12:00:00,SACSI Full,0.24704542672915006,0.08275136351585388,0.0,0.0,0.0,0.0,0.9982663169503212,88
2025-05-09 13:00:00,SACSI Full,0.24576414267026134,0.11711478233337402,0.0,0.0,0.0,0.0,0.9973140701651574,88
2025-05-09 14:00:00,SACSI Full,0.2447721065755958,0.1868891716003418,0.0,0.0,0.0,0.0,0.9955644726753236,88
2025-05-09 15:00:00,SACSI Full,0.24420527303420253,0.237949937582016,0.0,0.0,0.0,0.0,0.994730393588543,88
2025-05-09 16:00:00,SACSI Full,0.24469524273279059,0.444490909576416,0.0,0.0,0.0,0.0,0.9890447720885277,88
2025-05-09 17:00:00,SACSI Full,0.24546534181796262,0.4180297255516052,0.0,0.0,0.0,0.0,0.9913747936487198,88
2025-05-09 18:00:00,SACSI Full,0.2452829392818883,0.021779239177703857,0.0,0.0,0.0,0.0,0.9956019103527068,88
2025-05-09 19:00:00,SACSI Full,0.24519356476349383,0.015687644481658936,0.0,0.0,0.0,0.0,0.9996253311634063,88
2025-05-09 20:00:00,SACSI Full,0.24509329474730043,0.020918995141983032,0.0,0.0,0.0,0.0,0.999529306590557,88
2025-05-09 21:00:00,SACSI Full,0.24503661089303838,0.02549484372138977,0.0,0.0,0.0,0.0,0.9994443446397782,88
2025-05-09 22:00:00,SACSI Full,0.24495771437449004,0.0188310444355011,0.0,0.0,0.0,0.0,0.9995567411184311,88
2025-05-09 23:00:00,SACSI Full,0.24489680878999573,0.01572832465171814,0.0,0.0,0.0,0.0,0.9996544063091277,88
2025-05-10 00:00:00,SACSI Full,0.24483104344013076,0.014270395040512085,0.0,0.0,0.0,0.0,0.9997000128030777,88
2025-05-10 01:00:00,SACSI Full,0.24472278815709292,0.010023415088653564,0.0,0.0,0.0,0.0,0.9997570618987083,88
2025-05-10 02:00:00,SACSI Full,0.24461469579341746,0.010072290897369385,0.0,0.0,0.0,0.0,0.9997980654239655,88
2025-05-10 03:00:00,SACSI Full,0.24449612542989588,0.006928890943527222,0.0,0.0,0.0,0.0,0.9998299881815911,88
2025-05-10 04:00:00,SACSI Full,0.24440488008780017,0.006626397371292114,0.0,0.0,0.0,0.0,0.9998644471168519,88
2025-05-10 05:00:00,SACSI Full,0.2443107856436842,0.005771666765213013,0.0,0.0,0.0,0.0,0.9998760193586349,88
2025-05-10 06:00:00,SACSI Full,0.2442248451149735,0.008217841386795044,0.0,0.0,0.0,0.0,0.9998111814260483,88
2025-05-10 07:00:00,SACSI Full,0.24391645792844624,0.00948384404182434,0.0,0.0,0.0,0.0,0.9997976630926132,88
2025-05-10 08:00:00,SACSI Full,0.24523275860987834,0.6413902044296265,0.0,0.0,0.0,0.0,0.9808531323075295,88
2025-05-10 09:00:00,SACSI Full,0.24539149174971114,0.41311994194984436,0.0,0.0,0.0,0.0,0.9894548985362053,88
2025-05-10 10:00:00,SACSI Full,0.24459638794544072,0.22896885871887207,0.0,0.0,0.0,0.0,0.9935791119933128,88
2025-05-10 11:00:00,SACSI Full,0.24322953515889972,0.11694416403770447,0.0,0.0,0.0,0.0,0.9965408697724343,88
2025-05-10 12:00:00,SACSI Full,0.24166877494933933,0.10977193713188171,0.0,0.0,0.0,0.0,0.9977328389883041,88
2025-05-10 13:00:00,SACSI Full,0.24032870372019938,0.15047863125801086,0.0,0.0,0.0,0.0,0.9965833604335785,88
2025-05-10 14:00:00,SACSI Full,0.2396374008397533,0.29410913586616516,0.0,0.0,0.0,0.0,0.9926815122365952,88
2025-05-10 15:00:00,SACSI Full,0.23956178381167584,0.39381489157676697,0.0,0.0,0.0,0.0,0.9911266446113587,88
2025-05-10 16:00:00,SACSI Full,0.24018447838428353,0.49280837178230286,0.0,0.0,0.0,0.0,0.9891538977622986,88
2025-05-10 17:00:00,SACSI Full,0.24076832388205066,0.36215364933013916,0.0,0.0,0.0,0.0,0.9914503797888756,88
2025-05-10 18:00:00,SACSI Full,0.24063537210824823,0.02811446785926819,0.0,0.0,0.0,0.0,0.9960973188281059,88
2025-05-10 19:00:00,SACSI Full,0.24053645313066976,0.02132430672645569,0.0,0.0,0.0,0.0,0.9995056122541428,88
2025-05-10 20:00:00,SACSI Full,0.24047726813358797,0.016244500875473022,0.0,0.0,0.0,0.0,0.9996243119239807,88
2025-05-10 21:00:00,SACSI Full,0.2404263418567452,0.018722116947174072,0.0,0.0,0.0,0.0,0.9996007815003395,88
2025-05-10 22:00:00,SACSI Full,0.24034761968178284,0.018883347511291504,0.0,0.0,0.0,0.0,0.999620720744133,88
2025-05-10 23:00:00,SACSI Full,0.24022984874847264,0.01566872000694275,0.0,0.0,0.0,0.0,0.9996544793248177,88
2025-05-11 00:00:00,SACSI Full,0.24009910337411094,0.011776387691497803,0.0,0.0,0.0,0.0,0.9997255489230156,88
2025-05-11 01:00:00,SACSI Full,0.24027298149707643,0.011663436889648438,0.0,0.0,0.0,0.0,0.9997656017541886,88
2025-05-11 02:00:00,SACSI Full,0.24008732855521367,0.003804117441177368,0.0,0.0,0.0,0.0,0.9998453244566918,88
2025-05-11 03:00:00,SACSI Full,0.23998350365283813,0.002852529287338257,0.0,0.0,0.0,0.0,0.9999334335327148,88
2025-05-11 04:00:00,SACSI Full,0.23994051972908503,0.004104822874069214,0.0,0.0,0.0,0.0,0.9999053806066514,88
2025-05-11 05:00:00,SACSI Full,0.23989733116271822,0.0040434300899505615,0.0,0.0,0.0,0.0,0.9999185174703598,88
2025-05-11 06:00:00,SACSI Full,0.23982537116887898,0.003912001848220825,0.0,0.0,0.0,0.0,0.9999204456806182,88
2025-05-11 07:00:00,SACSI Full,0.2395046219790253,0.005775243043899536,0.0,0.0,0.0,0.0,0.9998658627271653,88
2025-05-11 08:00:00,SACSI Full,0.23960106506151685,0.25843292474746704,0.0,0.0,0.0,0.0,0.992304764688015,88
2025-05-11 09:00:00,SACSI Full,0.24174745034021863,0.8669155836105347,0.0,0.0,0.0,0.0,0.9765768617391587,88
2025-05-11 10:00:00,SACSI Full,0.2415277335512909,0.3845849633216858,0.0,0.0,0.0,0.0,0.9874849945306777,88
2025-05-11 11:00:00,SACSI Full,0.24073254447661563,0.27144327759742737,0.0,0.0,0.0,0.0,0.9934397175908088,88
2025-05-11 12:00:00,SACSI Full,0.23999566222630667,0.12293532490730286,0.0,0.0,0.0,0.0,0.9960562139749527,88
2025-05-11 13:00:00,SACSI Full,0.23900195372464983,0.18638744950294495,0.0,0.0,0.0,0.0,0.9956377297639847,88
2025-05-11 14:00:00,SACSI Full,0.23784624599022397,0.1462876796722412,0.0,0.0,0.0,0.0,0.9966732487082481,88
2025-05-11 15:00:00,SACSI Full,0.23759804053587444,0.31653836369514465,0.0,0.0,0.0,0.0,0.9919667258858681,88
2025-05-11 16:00:00,SACSI Full,0.23818197198989718,0.4726794362068176,0.0,0.0,0.0,0.0,0.9889850005507469,88
2025-05-11 17:00:00,SACSI Full,0.23864384303930133,0.3255613148212433,0.0,0.0,0.0,0.0,0.9920175924897194,88
2025-05-11 18:00:00,SACSI Full,0.2384704504732562,0.0329822301864624,0.0,0.0,0.0,0.0,0.9964145645499229,88
2025-05-11 19:00:00,SACSI Full,0.23839141388379265,0.018789023160934448,0.0,0.0,0.0,0.0,0.999482287466526,88
2025-05-11 20:00:00,SACSI Full,0.23831102201663185,0.026882439851760864,0.0,0.0,0.0,0.0,0.9993814170360565,88
2025-05-11 21:00:00,SACSI Full,0.2382172335088524,0.022863447666168213,0.0,0.0,0.0,0.0,0.9995025411248207,88
2025-05-11 22:00:00,SACSI Full,0.23880126866383083,0.026210546493530273,0.0,0.0,0.0,0.0,0.9994423180818557,88
2025-05-11 23:00:00,SACSI Full,0.23934669093651303,0.014626681804656982,0.0,0.0,0.0,0.0,0.9995916277170181,88
2025-05-12 00:00:00,SACSI Full,0.24026625092310436,0.009867995977401733,0.0,0.0,0.0,0.0,0.9997550532221794,88
2025-05-12 01:00:00,SACSI Full,0.2401558160968892,0.00936955213546753,0.0,0.0,0.0,0.0,0.9998076245188713,88
2025-05-12 02:00:00,SACSI Full,0.24001629095835214,0.009142458438873291,0.0,0.0,0.0,0.0,0.9998148798942567,88
2025-05-12 03:00:00,SACSI Full,0.24189709524276576,0.00674128532409668,0.0,0.0,0.0,0.0,0.9998411625623703,88
2025-05-12 04:00:00,SACSI Full,0.2580164898034207,0.03581836819648743,0.0,0.0,0.0,0.0,0.9989928618073464,88
2025-05-12 05:00:00,SACSI Full,0.25915303136152745,0.049462467432022095,0.0,0.0,0.0,0.0,0.9988743096590043,88
2025-05-12 06:00:00,SACSI Full,0.2594472215283187,0.013757050037384033,0.0,0.0,0.0,0.0,0.999367804825306,88
2025-05-12 07:00:00,SACSI Full,0.25915564013682524,0.006025582551956177,0.0,0.0,0.0,0.0,0.9998021736741066,88
2025-05-12 08:00:00,SACSI Full,0.2590760431190602,0.21412089467048645,0.0,0.0,0.0,0.0,0.993636628985405,88
2025-05-12 09:00:00,SACSI Full,0.25832601059956073,0.12349024415016174,0.0,0.0,0.0,0.0,0.9966238886117935,88
2025-05-12 10:00:00,SACSI Full,0.259455388614761,0.4468134045600891,0.0,0.0,0.0,0.0,0.987830500304699,88
2025-05-12 11:00:00,SACSI Full,0.26557514271063326,0.060926228761672974,0.0,0.0,0.0,0.0,0.9949226036667824,88
2025-05-12 12:00:00,SACSI Full,0.26520977954112207,0.24939104914665222,0.0,0.0,0.0,0.0,0.9931275308132171,88
2025-05-12 13:00:00,SACSI Full,0.2642790861157846,0.11379197239875793,0.0,0.0,0.0,0.0,0.9963681697845459,88
2025-05-12 14:00:00,SACSI Full,0.2633805739820273,0.189446359872818,0.0,0.0,0.0,0.0,0.9954545289278031,88
2025-05-12 15:00:00,SACSI Full,0.26257179628096733,0.14836668968200684,0.0,0.0,0.0,0.0,0.9966218695044518,88
2025-05-12 16:00:00,SACSI Full,0.2620487001391521,0.12357115745544434,0.0,0.0,0.0,0.0,0.9972806215286255,88
2025-05-12 17:00:00,SACSI Full,0.2616970170295508,0.04749506711959839,0.0,0.0,0.0,0.0,0.9982893377542497,88
2025-05-12 18:00:00,SACSI Full,0.26157006820562195,0.021415352821350098,0.0,0.0,0.0,0.0,0.9993108958005905,88
2025-05-12 19:00:00,SACSI Full,0.261551067435371,0.019799768924713135,0.0,0.0,0.0,0.0,0.9995878487825394,88
2025-05-12 20:00:00,SACSI Full,0.2615348216243854,0.029126256704330444,0.0,0.0,0.0,0.0,0.9993242099881172,88
2025-05-12 21:00:00,SACSI Full,0.26154384298446487,0.02820640802383423,0.0,0.0,0.0,0.0,0.9994266733527184,88
2025-05-12 22:00:00,SACSI Full,0.26185407524469206,0.01856967806816101,0.0,0.0,0.0,0.0,0.9995322391390801,88
2025-05-12 23:00:00,SACSI Full,0.262812444080936,0.013010650873184204,0.0,0.0,0.0,0.0,0.9996841967105865,88
2025-05-13 00:00:00,SACSI Full,0.2634308192614984,0.011012554168701172,0.0,0.0,0.0,0.0,0.9997597679495812,88
2025-05-13 01:00:00,SACSI Full,0.26337360297324974,0.008335113525390625,0.0,0.0,0.0,0.0,0.9998065233230591,88
2025-05-13 02:00:00,SACSI Full,0.2633473734184376,0.009131133556365967,0.0,0.0,0.0,0.0,0.9998094171285629,88
2025-05-13 03:00:00,SACSI Full,0.26335631434642,0.011182278394699097,0.0,0.0,0.0,0.0,0.9997558429837227,88
2025-05-13 04:00:00,SACSI Full,0.2663606560139132,0.018302500247955322,0.0,0.0,0.0,0.0,0.9995627477765083,88
2025-05-13 05:00:00,SACSI Full,0.2780635359792185,0.01086398959159851,0.0,0.0,0.0,0.0,0.9997083351016045,88
2025-05-13 06:00:00,SACSI Full,0.2784361626470359,0.028788000345230103,0.0,0.0,0.0,0.0,0.999244999885559,88
2025-05-13 07:00:00,SACSI Full,0.2782232728318644,0.012633055448532104,0.0,0.0,0.0,0.0,0.9995857894420624,88
2025-05-13 08:00:00,SACSI Full,0.2775685576188835,0.007585436105728149,0.0,0.0,0.0,0.0,0.9997978150844574,88
2025-05-13 09:00:00,SACSI Full,0.2765527934881322,0.018270760774612427,0.0,0.0,0.0,0.0,0.9995277315378189,88
2025-05-13 10:00:00,SACSI Full,0.275353392243015,0.04817962646484375,0.0,0.0,0.0,0.0,0.9987373188138008,88
2025-05-13 11:00:00,SACSI Full,0.2738539117396149,0.04315584897994995,0.0,0.0,0.0,0.0,0.9990866452455521,88
2025-05-13 12:00:00,SACSI Full,0.2721612490030401,0.03620117902755737,0.0,0.0,0.0,0.0,0.9992064297199249,88
2025-05-13 13:00:00,SACSI Full,0.2704878939664635,0.033493489027023315,0.0,0.0,0.0,0.0,0.9993030533194541,88
2025-05-13 14:00:00,SACSI Full,0.2689700937442256,0.02915993332862854,0.0,0.0,0.0,0.0,0.9993734657764435,88
2025-05-13 15:00:00,SACSI Full,0.267749501823214,0.033322423696517944,0.0,0.0,0.0,0.0,0.9992919266223907,88
2025-05-13 16:00:00,SACSI Full,0.26704587066295477,0.06941065192222595,0.0,0.0,0.0,0.0,0.9982509046792984,88
2025-05-13 17:00:00,SACSI Full,0.2668445961320671,0.10111764073371887,0.0,0.0,0.0,0.0,0.9976605772972107,88
2025-05-13 18:00:00,SACSI Full,0.266723401639886,0.02314165234565735,0.0,0.0,0.0,0.0,0.9987574070692062,88
2025-05-13 19:00:00,SACSI Full,0.2666834604990753,0.02201765775680542,0.0,0.0,0.0,0.0,0.9995484068989754,88
2025-05-13 20:00:00,SACSI Full,0.2666857437853289,0.034684985876083374,0.0,0.0,0.0,0.0,0.9991796270012856,88
2025-05-13 21:00:00,SACSI Full,0.26664948097907226,0.03162115812301636,0.0,0.0,0.0,0.0,0.9993369385600089,88
2025-05-13 22:00:00,SACSI Full,0.2665965691054138,0.02662643790245056,0.0,0.0,0.0,0.0,0.9994175240397454,88
2025-05-13 23:00:00,SACSI Full,0.26652949467145126,0.02237766981124878,0.0,0.0,0.0,0.0,0.9995099589228631,88
2025-05-14 00:00:00,SACSI Full,0.26647825646363416,0.01862853765487671,0.0,0.0,0.0,0.0,0.9995899379253388,88
2025-05-14 01:00:00,SACSI Full,0.26642239194197176,0.01724064350128174,0.0,0.0,0.0,0.0,0.9996413081884384,88
2025-05-14 02:00:00,SACSI Full,0.26635418131155486,0.013536810874938965,0.0,0.0,0.0,0.0,0.9996922254562378,88
2025-05-14 03:00:00,SACSI Full,0.2672795751027536,0.01161813735961914,0.0,0.0,0.0,0.0,0.9997484505176544,88
2025-05-14 04:00:00,SACSI Full,0.26824713596863264,0.01576825976371765,0.0,0.0,0.0,0.0,0.9996431335806847,88
2025-05-14 05:00:00,SACSI Full,0.26821567584080214,0.01606196165084839,0.0,0.0,0.0,0.0,0.9996758237481117,88
2025-05-14 06:00:00,SACSI Full,0.26809522120836093,0.01486361026763916,0.0,0.0,0.0,0.0,0.9996907442808151,88
2025-05-14 07:00:00,SACSI Full,0.2677449204981597,0.013909786939620972,0.0,0.0,0.0,0.0,0.9997122660279274,88
2025-05-14 08:00:00,SACSI Full,0.26731444686534717,0.09185791015625,0.0,0.0,0.0,0.0,0.9973833605647087,88
2025-05-14 09:00:00,SACSI Full,0.2662921989397477,0.04182562232017517,0.0,0.0,0.0,0.0,0.9986631646752357,88
2025-05-14 10:00:00,SACSI Full,0.2649053161831966,0.02593517303466797,0.0,0.0,0.0,0.0,0.9993223920464516,88
2025-05-14 11:00:00,SACSI Full,0.2633116923614613,0.023412853479385376,0.0,0.0,0.0,0.0,0.9995065197348594,88
2025-05-14 12:00:00,SACSI Full,0.2616890440237792,0.031705498695373535,0.0,0.0,0.0,0.0,0.9992829635739326,88
2025-05-14 13:00:00,SACSI Full,0.260145240247674,0.038358867168426514,0.0,0.0,0.0,0.0,0.999166288971901,88
2025-05-14 14:00:00,SACSI Full,0.2588818449040524,0.06298139691352844,0.0,0.0,0.0,0.0,0.9984941467642784,88
2025-05-14 15:00:00,SACSI Full,0.2579229496936274,0.0948314368724823,0.0,0.0,0.0,0.0,0.9977848708629607,88
2025-05-14 16:00:00,SACSI Full,0.25757037200970173,0.1747266948223114,0.0,0.0,0.0,0.0,0.9957065135240555,88
2025-05-14 17:00:00,SACSI Full,0.2577353431515169,0.22799134254455566,0.0,0.0,0.0,0.0,0.9949075266718865,88
2025-05-14 18:00:00,SACSI Full,0.25752954701704506,0.023261159658432007,0.0,0.0,0.0,0.0,0.9974874749779701,88
2025-05-14 19:00:00,SACSI Full,0.25739315433385695,0.018582195043563843,0.0,0.0,0.0,0.0,0.99958156645298,88
2025-05-14 20:00:00,SACSI Full,0.25736348850292684,0.04210025072097778,0.0,0.0,0.0,0.0,0.9989228144288063,88
2025-05-14 21:00:00,SACSI Full,0.257334466136721,0.05079329013824463,0.0,0.0,0.0,0.0,0.9988972038030625,88
2025-05-14 22:00:00,SACSI Full,0.25731458142799857,0.045034587383270264,0.0,0.0,0.0,0.0,0.9990417212247849,88
2025-05-14 23:00:00,SACSI Full,0.25722774033827306,0.024947673082351685,0.0,0.0,0.0,0.0,0.9993001773953437,88
2025-05-15 00:00:00,SACSI Full,0.25780103847863994,0.014489442110061646,0.0,0.0,0.0,0.0,0.9996056288480759,88
2025-05-15 01:00:00,SACSI Full,0.2577024123259656,0.012912154197692871,0.0,0.0,0.0,0.0,0.9997259840369225,88
2025-05-15 02:00:00,SACSI Full,0.2576211895048888,0.009633153676986694,0.0,0.0,0.0,0.0,0.9997745469212532,88
2025-05-15 03:00:00,SACSI Full,0.25786937107764396,0.008454471826553345,0.0,0.0,0.0,0.0,0.9998191237449646,88
2025-05-15 04:00:00,SACSI Full,0.25811986779414325,0.009149014949798584,0.0,0.0,0.0,0.0,0.9998100742697715,88
2025-05-15 05:00:00,SACSI Full,0.26007093108775925,0.01081898808479309,0.0,0.0,0.0,0.0,0.9997669205069541,88
2025-05-15 06:00:00,SACSI Full,0.2646635217615238,0.020277202129364014,0.0,0.0,0.0,0.0,0.999499873816967,88
2025-05-15 07:00:00,SACSI Full,0.26437121319336404,0.005807429552078247,0.0,0.0,0.0,0.0,0.9997391536831856,88
2025-05-15 08:00:00,SACSI Full,0.2651589884245665,0.15733256936073303,0.0,0.0,0.0,0.0,0.9953380972146988,88
2025-05-15 09:00:00,SACSI Full,0.2651774701241921,0.10304450988769531,0.0,0.0,0.0,0.0,0.9973962292075157,88
2025-05-15 10:00:00,SACSI Full,0.2700561637993923,0.052608102560043335,0.0,0.0,0.0,0.0,0.9984434738755227,88
2025-05-15 11:00:00,SACSI Full,0.2706521519243987,0.14429643750190735,0.0,0.0,0.0,0.0,0.9961971879005432,88
2025-05-15 12:00:00,SACSI Full,0.27024407444757925,0.17707675695419312,0.0,0.0,0.0,0.0,0.9961306616663933,88
2025-05-15 13:00:00,SACSI Full,0.27261418378316077,0.09353280067443848,0.0,0.0,0.0,0.0,0.9972939044237137,88
2025-05-15 14:00:00,SACSI Full,0.2728206913674147,0.06795227527618408,0.0,0.0,0.0,0.0,0.9983851492404938,88
2025-05-15 15:00:00,SACSI Full,0.2723604379109811,0.06792396306991577,0.0,0.0,0.0,0.0,0.998641237616539,88
2025-05-15 16:00:00,SACSI Full,0.2718015414377323,0.010831058025360107,0.0,0.0,0.0,0.0,0.9992124497890472,88
2025-05-15 17:00:00,SACSI Full,0.27151004200262535,0.006050169467926025,0.0,0.0,0.0,0.0,0.9998311877250672,88
2025-05-15 18:00:00,SACSI Full,0.2713405627811224,0.008656233549118042,0.0,0.0,0.0,0.0,0.9998008146882057,88
2025-05-15 19:00:00,SACSI Full,0.2712362851147126,0.011216700077056885,0.0,0.0,0.0,0.0,0.9997500613331796,88
2025-05-15 20:00:00,SACSI Full,0.2712296431362898,0.01500740647315979,0.0,0.0,0.0,0.0,0.9996619448065758,88
2025-05-15 21:00:00,SACSI Full,0.27119465491019396,0.01500353217124939,0.0,0.0,0.0,0.0,0.9996998906135559,88
2025-05-15 22:00:00,SACSI Full,0.2711511685518693,0.012454092502593994,0.0,0.0,0.0,0.0,0.9997254237532616,88
2025-05-15 23:00:00,SACSI Full,0.27113466150803084,0.012047886848449707,0.0,0.0,0.0,0.0,0.9997549802064896,88
2025-05-16 00:00:00,SACSI Full,0.2711179776370795,0.01199483871459961,0.0,0.0,0.0,0.0,0.9997595727443694,88
2025-05-16 01:00:00,SACSI Full,0.2711093359228245,0.014407485723495483,0.0,0.0,0.0,0.0,0.9996877238154411,88
2025-05-16 02:00:00,SACSI Full,0.27108930723789054,0.010991394519805908,0.0,0.0,0.0,0.0,0.999746011197567,88
2025-05-16 03:00:00,SACSI Full,0.2720530861890586,0.01463368535041809,0.0,0.0,0.0,0.0,0.9996709033846856,88
2025-05-16 04:00:00,SACSI Full,0.2719701109914255,0.009107440710067749,0.0,0.0,0.0,0.0,0.9997625887393952,88
2025-05-16 05:00:00,SACSI Full,0.27327576909187157,0.01719743013381958,0.0,0.0,0.0,0.0,0.9995751515030861,88
2025-05-16 06:00:00,SACSI Full,0.2735362580303621,0.012146681547164917,0.0,0.0,0.0,0.0,0.9997065588831902,88
2025-05-16 07:00:00,SACSI Full,0.2732260916451883,0.008950084447860718,0.0,0.0,0.0,0.0,0.9997890323400497,88
2025-05-16 08:00:00,SACSI Full,0.27261698040845705,0.0382666289806366,0.0,0.0,0.0,0.0,0.9989415019750595,88
2025-05-16 09:00:00,SACSI Full,0.2715995192667118,0.02626165747642517,0.0,0.0,0.0,0.0,0.9993547171354294,88
2025-05-16 10:00:00,SACSI Full,0.27021721739255106,0.01880943775177002,0.0,0.0,0.0,0.0,0.999549289047718,88
2025-05-16 11:00:00,SACSI Full,0.269385233087964,0.02640470862388611,0.0,0.0,0.0,0.0,0.9993959531188011,88
2025-05-16 12:00:00,SACSI Full,0.26831537507179093,0.029542595148086548,0.0,0.0,0.0,0.0,0.9993777692317963,88
2025-05-16 13:00:00,SACSI Full,0.2668977151572974,0.04220202565193176,0.0,0.0,0.0,0.0,0.9990293651819229,88
2025-05-16 14:00:00,SACSI Full,0.2658346721359363,0.057087093591690063,0.0,0.0,0.0,0.0,0.9987094074487686,88
2025-05-16 15:00:00,SACSI Full,0.2650580263920894,0.04950627684593201,0.0,0.0,0.0,0.0,0.9989340662956238,88
2025-05-16 16:00:00,SACSI Full,0.26495945600949433,0.12542888522148132,0.0,0.0,0.0,0.0,0.996732196211815,88
2025-05-16 17:00:00,SACSI Full,0.2648035562424134,0.12323006987571716,0.0,0.0,0.0,0.0,0.997513410449028,88
2025-05-16 18:00:00,SACSI Full,0.26460229131979457,0.01612052321434021,0.0,0.0,0.0,0.0,0.9986064940690994,88
2025-05-16 19:00:00,SACSI Full,0.26450527224026826,0.02189427614212036,0.0,0.0,0.0,0.0,0.9995043769478797,88
2025-05-16 20:00:00,SACSI Full,0.2644885784010361,0.02899184823036194,0.0,0.0,0.0,0.0,0.9993491873145103,88
2025-05-16 21:00:00,SACSI Full,0.26442001037401663,0.02192959189414978,0.0,0.0,0.0,0.0,0.9994907855987549,88
2025-05-16 22:00:00,SACSI Full,0.2643801787738274,0.013550519943237305,0.0,0.0,0.0,0.0,0.9996451988816261,88
2025-05-16 23:00:00,SACSI Full,0.26835568742238197,0.018152594566345215,0.0,0.0,0.0,0.0,0.999590927362442,88
2025-05-17 00:00:00,SACSI Full,0.2809858114405742,0.006037205457687378,0.0,0.0,0.0,0.0,0.9997581019997597,88
2025-05-17 01:00:00,SACSI Full,0.2882605536051861,0.007922649383544922,0.0,0.0,0.0,0.0,0.9998226925730705,88
2025-05-17 02:00:00,SACSI Full,0.28858896852774135,0.015524476766586304,0.0,0.0,0.0,0.0,0.9996134921908378,88
2025-05-17 03:00:00,SACSI Full,0.3088844623148711,0.005648136138916016,0.0,0.0,0.0,0.0,0.999788273870945,88
2025-05-17 04:00:00,SACSI Full,0.3102333365659189,0.004662275314331055,0.0,0.0,0.0,0.0,0.9998968958854675,88
2025-05-17 05:00:00,SACSI Full,0.3105798042794338,0.003940314054489136,0.0,0.0,0.0,0.0,0.9999139741063118,88
2025-05-17 06:00:00,SACSI Full,0.3105357852216831,0.0037942826747894287,0.0,0.0,0.0,0.0,0.9999226540327072,88
2025-05-17 07:00:00,SACSI Full,0.310263246786224,0.003238469362258911,0.0,0.0,0.0,0.0,0.9999296724796295,88
2025-05-17 08:00:00,SACSI Full,0.30964718621296405,0.002181828022003174,0.0,0.0,0.0,0.0,0.9999457970261574,88
2025-05-17 09:00:00,SACSI Full,0.30855088352404747,0.0026091933250427246,0.0,0.0,0.0,0.0,0.9999435424804688,88
2025-05-17 10:00:00,SACSI Full,0.3072333421647818,0.0042375922203063965,0.0,0.0,0.0,0.0,0.9998989641666413,88
2025-05-17 11:00:00,SACSI Full,0.3055580761055421,0.007420182228088379,0.0,0.0,0.0,0.0,0.9998197704553604,88
2025-05-17 12:00:00,SACSI Full,0.3038812841673961,0.006962418556213379,0.0,0.0,0.0,0.0,0.999856173992157,88
2025-05-17 13:00:00,SACSI Full,0.3021524061795345,0.00833660364151001,0.0,0.0,0.0,0.0,0.9998195260763167,88
2025-05-17 14:00:00,SACSI Full,0.30065068609995355,0.008483976125717163,0.0,0.0,0.0,0.0,0.9998288467526436,88
2025-05-17 15:00:00,SACSI Full,0.29936807432137635,0.006216466426849365,0.0,0.0,0.0,0.0,0.9998529955744743,88
2025-05-17 16:00:00,SACSI Full,0.2984256319193314,0.006267279386520386,0.0,0.0,0.0,0.0,0.9998741462826729,88
2025-05-17 17:00:00,SACSI Full,0.29787923232200453,0.006080120801925659,0.0,0.0,0.0,0.0,0.9998765259981155,88
2025-05-17 18:00:00,SACSI Full,0.29773102599822193,0.015038102865219116,0.0,0.0,0.0,0.0,0.9996096581220627,88
2025-05-17 19:00:00,SACSI Full,0.29763843829276865,0.01472368836402893,0.0,0.0,0.0,0.0,0.9997023820877076,88
2025-05-17 20:00:00,SACSI Full,0.2975796342687081,0.016358792781829834,0.0,0.0,0.0,0.0,0.9996564731001855,88
2025-05-17 21:00:00,SACSI Full,0.297489753110833,0.01553565263748169,0.0,0.0,0.0,0.0,0.9996810555458069,88
2025-05-17 22:00:00,SACSI Full,0.2974270663408707,0.015193969011306763,0.0,0.0,0.0,0.0,0.9996927037835122,88
2025-05-17 23:00:00,SACSI Full,0.2973658766409029,0.01564309000968933,0.0,0.0,0.0,0.0,0.9996826469898225,88
2025-05-18 00:00:00,SACSI Full,0.2972768488228589,0.015791654586791992,0.0,0.0,0.0,0.0,0.999682681262493,88
2025-05-18 01:00:00,SACSI Full,0.2972135724636187,0.015017092227935791,0.0,0.0,0.0,0.0,0.9996919125318527,88
2025-05-18 02:00:00,SACSI Full,0.29716805706384475,0.011845380067825317,0.0,0.0,0.0,0.0,0.9997313752770424,88
2025-05-18 03:00:00,SACSI Full,0.29778136783642273,0.009493231773376465,0.0,0.0,0.0,0.0,0.999786613881588,88
2025-05-18 04:00:00,SACSI Full,0.29773392223956885,0.011266320943832397,0.0,0.0,0.0,0.0,0.9997569426894188,88
2025-05-18 05:00:00,SACSI Full,0.2977340324739884,0.01703307032585144,0.0,0.0,0.0,0.0,0.9996016710996628,88
2025-05-18 06:00:00,SACSI Full,0.3002787397563726,0.005912184715270996,0.0,0.0,0.0,0.0,0.9997705474495887,88
2025-05-18 07:00:00,SACSI Full,0.3003128076660901,0.0037203729152679443,0.0,0.0,0.0,0.0,0.9999036744236947,88
2025-05-18 08:00:00,SACSI Full,0.3002622486015429,0.0038322806358337402,0.0,0.0,0.0,0.0,0.9999222353100776,88
2025-05-18 09:00:00,SACSI Full,0.2996459119729469,0.004099011421203613,0.0,0.0,0.0,0.0,0.9999153524637222,88
2025-05-18 10:00:00,SACSI Full,0.29856227229081284,0.006408095359802246,0.0,0.0,0.0,0.0,0.999848747253418,88
2025-05-18 11:00:00,SACSI Full,0.297315266108937,0.0083981454372406,0.0,0.0,0.0,0.0,0.9998121365904808,88
2025-05-18 12:00:00,SACSI Full,0.29576221248828066,0.010083913803100586,0.0,0.0,0.0,0.0,0.9997814640402795,88
2025-05-18 13:00:00,SACSI Full,0.29418627041859124,0.011717379093170166,0.0,0.0,0.0,0.0,0.9997493177652359,88
2025-05-18 14:00:00,SACSI Full,0.29272476436816347,0.012048184871673584,0.0,0.0,0.0,0.0,0.9997557282447815,88
2025-05-18 15:00:00,SACSI Full,0.2916654766603578,0.013713687658309937,0.0,0.0,0.0,0.0,0.9997090712189673,88
2025-05-18 16:00:00,SACSI Full,0.29081325910213285,0.00783473253250122,0.0,0.0,0.0,0.0,0.9997845157980919,88
2025-05-18 17:00:00,SACSI Full,0.2904244594864318,0.01086011528968811,0.0,0.0,0.0,0.0,0.9997525438666344,88
2025-05-18 18:00:00,SACSI Full,0.29032892654938197,0.022340118885040283,0.0,0.0,0.0,0.0,0.9994383975863457,88
2025-05-18 19:00:00,SACSI Full,0.29030222287220453,0.01748889684677124,0.0,0.0,0.0,0.0,0.9996017098426818,88
2025-05-18 20:00:00,SACSI Full,0.2902030913047264,0.02126052975654602,0.0,0.0,0.0,0.0,0.9995370730757713,88
2025-05-18 21:00:00,SACSI Full,0.29006498548470633,0.018068253993988037,0.0,0.0,0.0,0.0,0.9996067121624947,88
2025-05-18 22:00:00,SACSI Full,0.28995833429458434,0.019004642963409424,0.0,0.0,0.0,0.0,0.9996105432510376,88
2025-05-18 23:00:00,SACSI Full,0.2898833751595288,0.020012259483337402,0.0,0.0,0.0,0.0,0.9995896786451339,88
2025-05-19 00:00:00,SACSI Full,0.28983555875502715,0.019655078649520874,0.0,0.0,0.0,0.0,0.9996033266186714,88
2025-05-19 01:00:00,SACSI Full,0.28975609003188896,0.018659383058547974,0.0,0.0,0.0,0.0,0.9996168553829192,88
2025-05-19 02:00:00,SACSI Full,0.28964461533588853,0.017557591199874878,0.0,0.0,0.0,0.0,0.9996378302574158,88
2025-05-19 03:00:00,SACSI Full,0.29055659831327885,0.016094893217086792,0.0,0.0,0.0,0.0,0.9996634751558303,88
2025-05-19 04:00:00,SACSI Full,0.29146326505306047,0.014500021934509277,0.0,0.0,0.0,0.0,0.9996940508484841,88
2025-05-19 05:00:00,SACSI Full,0.29337464082521875,0.007412731647491455,0.0,0.0,0.0,0.0,0.9997808724641799,88
2025-05-19 06:00:00,SACSI Full,0.2939591975550123,0.009367018938064575,0.0,0.0,0.0,0.0,0.9997931167483329,88
2025-05-19 07:00:00,SACSI Full,0.30135141049030106,0.0026638805866241455,0.0,0.0,0.0,0.0,0.9998796910047532,88
2025-05-19 08:00:00,SACSI Full,0.3013802104556827,0.004139989614486694,0.0,0.0,0.0,0.0,0.9999024391174316,88
2025-05-19 09:00:00,SACSI Full,0.3023510314588018,0.0037463009357452393,0.0,0.0,0.0,0.0,0.9999211370944976,88
2025-05-19 10:00:00,SACSI Full,0.30201151994588654,0.004146546125411987,0.0,0.0,0.0,0.0,0.9999130666255951,88
2025-05-19 11:00:00,SACSI Full,0.30305755160850967,0.0048094987869262695,0.0,0.0,0.0,0.0,0.9998971804976463,88
2025-05-19 12:00:00,SACSI Full,0.3016625576873887,0.006501823663711548,0.0,0.0,0.0,0.0,0.9998530402779578,88
2025-05-19 13:00:00,SACSI Full,0.3001392271816997,0.010500848293304443,0.0,0.0,0.0,0.0,0.9997499927878379,88
2025-05-19 14:00:00,SACSI Full,0.2992049457617867,0.010715574026107788,0.0,0.0,0.0,0.0,0.9997835412621497,88
2025-05-19 15:00:00,SACSI Full,0.29837457219404656,0.007887929677963257,0.0,0.0,0.0,0.0,0.9998139649629593,88
2025-05-19 16:00:00,SACSI Full,0.29751144946935454,0.004563182592391968,0.0,0.0,0.0,0.0,0.9998754888772964,88
2025-05-19 17:00:00,SACSI Full,0.2970461085148919,0.004897713661193848,0.0,0.0,0.0,0.0,0.9998987004160881,88
2025-05-19 18:00:00,SACSI Full,0.29690805312755386,0.009583383798599243,0.0,0.0,0.0,0.0,0.9997614756226539,88
2025-05-19 19:00:00,SACSI Full,0.2968940941822795,0.012812316417694092,0.0,0.0,0.0,0.0,0.9997114643454552,88
2025-05-19 20:00:00,SACSI Full,0.2968730355616677,0.019182413816452026,0.0,0.0,0.0,0.0,0.9995526507496834,88
2025-05-19 21:00:00,SACSI Full,0.29691232667806433,0.02028733491897583,0.0,0.0,0.0,0.0,0.9995832040905952,88
2025-05-19 22:00:00,SACSI Full,0.29692280861738013,0.02014458179473877,0.0,0.0,0.0,0.0,0.9995956808328629,88
2025-05-19 23:00:00,SACSI Full,0.2969609891005624,0.019954144954681396,0.0,0.0,0.0,0.0,0.9995990127325058,88
2025-05-20 00:00:00,SACSI Full,0.29703155801974424,0.02117067575454712,0.0,0.0,0.0,0.0,0.9995644211769105,88
2025-05-20 01:00:00,SACSI Full,0.2970599747654069,0.017025023698806763,0.0,0.0,0.0,0.0,0.9996180430054664,88
2025-05-20 02:00:00,SACSI Full,0.2970637308172652,0.01812681555747986,0.0,0.0,0.0,0.0,0.9996264457702637,88
2025-05-20 03:00:00,SACSI Full,0.29703400766812454,0.01658305525779724,0.0,0.0,0.0,0.0,0.9996529012918473,88
2025-05-20 04:00:00,SACSI Full,0.2969742916929989,0.01608520746231079,0.0,0.0,0.0,0.0,0.9996733173727989,88
2025-05-20 05:00:00,SACSI Full,0.2968989607910582,0.011400729417800903,0.0,0.0,0.0,0.0,0.9997251406311989,88
2025-05-20 06:00:00,SACSI Full,0.2971114533206094,0.006247758865356445,0.0,0.0,0.0,0.0,0.9998235151171684,88
2025-05-20 07:00:00,SACSI Full,0.29675517452997646,0.0036163628101348877,0.0,0.0,0.0,0.0,0.9999013587832452,88
2025-05-20 08:00:00,SACSI Full,0.29593102953476397,0.0077565014362335205,0.0,0.0,0.0,0.0,0.9998034685850143,88
2025-05-20 09:00:00,SACSI Full,0.2950706517168153,0.007386654615402222,0.0,0.0,0.0,0.0,0.9998485684394836,88
2025-05-20 10:00:00,SACSI Full,0.2989508925791848,0.012572258710861206,0.0,0.0,0.0,0.0,0.9996966987848281,88
2025-05-20 11:00:00,SACSI Full,0.2983418809775778,0.00829651951789856,0.0,0.0,0.0,0.0,0.9997913122177124,88
2025-05-20 12:00:00,SACSI Full,0.29851541460715414,0.011060088872909546,0.0,0.0,0.0,0.0,0.9997511625289917,88
2025-05-20 13:00:00,SACSI Full,0.2972895608890323,0.006243884563446045,0.0,0.0,0.0,0.0,0.9998269602656364,88
2025-05-20 14:00:00,SACSI Full,0.296989271868494,0.0054132938385009766,0.0,0.0,0.0,0.0,0.9998834282159805,88
2025-05-20 15:00:00,SACSI Full,0.30505528029881596,0.0068025290966033936,0.0,0.0,0.0,0.0,0.9998500570654869,88
2025-05-20 16:00:00,SACSI Full,0.3066986463638413,0.003509819507598877,0.0,0.0,0.0,0.0,0.999896876513958,88
2025-05-20 17:00:00,SACSI Full,0.3067305839042135,0.0030812621116638184,0.0,0.0,0.0,0.0,0.9999340891838073,88
2025-05-20 18:00:00,SACSI Full,0.30693348405959875,0.003370046615600586,0.0,0.0,0.0,0.0,0.9999297112226486,88
2025-05-20 19:00:00,SACSI Full,0.30691695443275246,0.003541111946105957,0.0,0.0,0.0,0.0,0.9999274671077729,88
2025-05-20 20:00:00,SACSI Full,0.31058273620171023,0.008234530687332153,0.0,0.0,0.0,0.0,0.999788375198841,88
2025-05-20 21:00:00,SACSI Full,0.31324764128568444,0.007971525192260742,0.0,0.0,0.0,0.0,0.999837939441204,88
2025-05-20 22:00:00,SACSI Full,0.3159082881144948,0.006694048643112183,0.0,0.0,0.0,0.0,0.9998533442616463,88
2025-05-20 23:00:00,SACSI Full,0.32124026865365773,0.008094161748886108,0.0,0.0,0.0,0.0,-0.12420274973180824,88
2025-05-21 00:00:00,SACSI Full,0.3245481830553479,0.00937432050704956,0.0,0.0,0.0,0.0,-0.4550185935325103,88
2025-05-21 01:00:00,SACSI Full,0.3282055160971748,0.014199912548065186,0.0,0.0,0.0,0.0,-0.8208838638888506,88
2025-05-21 02:00:00,SACSI Full,0.331560711652067,0.015058666467666626,0.0,0.0,0.0,0.0,-1.1563809260752507,88
2025-05-21 03:00:00,SACSI Full,0.3346062200296191,0.02215251326560974,0.0,0.0,0.0,0.0,-1.4611359916952003,88
2025-05-21 04:00:00,SACSI Full,0.33628207200331167,0.011255592107772827,0.0,0.0,0.0,0.0,-1.6285412813849003,88
2025-05-21 05:00:00,SACSI Full,0.3396918773337471,0.03144159913063049,0.0,0.0,0.0,0.0,-1.9700184254275521,88
2025-05-21 06:00:00,SACSI Full,0.34270765289349037,0.030232667922973633,0.0,0.0,0.0,0.0,-2.2713820320195723,88
2025-05-21 07:00:00,SACSI Full,0.3435921144195664,0.007838457822799683,0.0,0.0,0.0,0.0,-2.3595921532140953,88
2025-05-21 08:00:00,SACSI Full,0.3430337447194524,0.0024890899658203125,0.0,0.0,0.0,0.0,-2.3034777474231274,88
2025-05-21 09:00:00,SACSI Full,0.34236064991754966,0.002071559429168701,0.0,0.0,0.0,0.0,-2.236110598248916,88
2025-05-21 10:00:00,SACSI Full,0.34151906410657046,0.002524256706237793,0.0,0.0,0.0,0.0,-2.1519614227639408,88
2025-05-21 11:00:00,SACSI Full,0.3398285675704745,0.002851039171218872,0.0,0.0,0.0,0.0,-1.982917045655526,88
2025-05-21 12:00:00,SACSI Full,0.33805353893084006,0.002991408109664917,0.0,0.0,0.0,0.0,-1.805415124935583,88
2025-05-21 13:00:00,SACSI Full,0.33628023683908265,0.0035093724727630615,0.0,0.0,0.0,0.0,-1.6280990510013502,88
2025-05-21 14:00:00,SACSI Full,0.3347043213602173,0.003225356340408325,0.0,0.0,0.0,0.0,-1.4704994833098637,88
2025-05-21 15:00:00,SACSI Full,0.3355621066693731,0.005835592746734619,0.0,0.0,0.0,0.0,-1.5563534811563058,88
2025-05-21 16:00:00,SACSI Full,0.3365423293117948,0.006566792726516724,0.0,0.0,0.0,0.0,-1.654371579033806,88
2025-05-21 17:00:00,SACSI Full,0.3361004137448736,0.0034253299236297607,0.0,0.0,0.0,0.0,-1.6101412957138603,88
2025-05-21 18:00:00,SACSI Full,0.33699516700628074,0.010925978422164917,0.0,0.0,0.0,0.0,-1.6998102266815016,88
2025-05-21 19:00:00,SACSI Full,0.33735009857935383,0.006479471921920776,0.0,0.0,0.0,0.0,-1.735183912438823,88
2025-05-21 20:00:00,SACSI Full,0.3372891212380198,0.0072067975997924805,0.0,0.0,0.0,0.0,-1.7290635330107533,88
2025-05-21 21:00:00,SACSI Full,0.3372202318767972,0.004833191633224487,0.0,0.0,0.0,0.0,-1.7221435875720523,88
2025-05-21 22:00:00,SACSI Full,0.3371415022854276,0.0018811225891113281,0.0,0.0,0.0,0.0,-1.7142173716849833,88
2025-05-21 23:00:00,SACSI Full,0.33709160571299673,0.0020310282707214355,0.0,0.0,0.0,0.0,-1.7092026909219031,88
2025-05-22 00:00:00,SACSI Full,0.33698509164773105,0.0020457804203033447,0.0,0.0,0.0,0.0,-1.6985502279030062,88
2025-05-22 01:00:00,SACSI Full,0.3368205231209862,0.0016294419765472412,0.0,0.0,0.0,0.0,-1.6820890643225883,88
2025-05-22 02:00:00,SACSI Full,0.3431151421757805,0.022385716438293457,0.0,0.0,0.0,0.0,-2.3121694946514313,88
2025-05-22 03:00:00,SACSI Full,0.35035817697086347,0.018849670886993408,0.0,0.011939232362114183,0.0,0.0,-3.0362300509595985,88
2025-05-22 04:00:00,SACSI Full,0.3505462864001847,0.008642375469207764,0.0,0.018209546672822798,0.0,0.0,-3.0549035604820314,88
2025-05-22 05:00:00,SACSI Full,0.3504045677130451,0.004969984292984009,0.0,0.013485590434838457,0.0,0.0,-3.0405928949021335,88
2025-05-22 06:00:00,SACSI Full,0.3511439103039233,0.027933120727539062,0.0,0.03813034346410831,0.0,0.0,-3.1151793241712236,88
2025-05-22 07:00:00,SACSI Full,0.3517330837581272,0.01102149486541748,0.0,0.05776945860423979,0.0,0.0,-3.173697921968646,88
2025-05-22 08:00:00,SACSI Full,0.351840476065193,0.012566894292831421,0.0,0.06134920217309912,0.0,0.0,-3.1843143983994273,88
2025-05-22 09:00:00,SACSI Full,0.351860327393038,0.01246631145477295,0.0,0.06201091310126686,0.0,0.0,-3.1862830713612773,88
2025-05-22 10:00:00,SACSI Full,0.3511187105823364,0.003805309534072876,0.0,0.037290352744547305,0.0,0.0,-3.1120337744435282,88
2025-05-22 11:00:00,SACSI Full,0.3498552997121023,0.003476738929748535,0.0,0.0,0.0,0.0,-2.985602791694865,88
2025-05-22 12:00:00,SACSI Full,0.3487325332888769,0.0031700730323791504,0.0,0.0,0.0,0.0,-2.8733197970073086,88
2025-05-22 13:00:00,SACSI Full,0.3476660386515465,0.0030516088008880615,0.0,0.0,0.0,0.0,-2.7666660819729816,88
2025-05-22 14:00:00,SACSI Full,0.3463721238454984,0.0028255581855773926,0.0,0.0,0.0,0.0,-2.637271156219706,88
2025-05-22 15:00:00,SACSI Full,0.34524646957723365,0.0023037195205688477,0.0,0.0,0.0,0.0,-2.5246982505004256,88
2025-05-22 16:00:00,SACSI Full,0.3444893219924774,0.002355724573135376,0.0,0.0,0.0,0.0,-2.448979833789727,88
2025-05-22 17:00:00,SACSI Full,0.3439636923957672,0.0038111209869384766,0.0,0.0,0.0,0.0,-2.396460015960594,88
2025-05-22 18:00:00,SACSI Full,0.3437006802726593,0.006096363067626953,0.0,0.0,0.0,0.0,-2.370212806948091,88
2025-05-22 19:00:00,SACSI Full,0.3435531566874987,0.006742924451828003,0.0,0.0,0.0,0.0,-2.3554569928527473,88
2025-05-22 20:00:00,SACSI Full,0.3434046242937253,0.006440281867980957,0.0,0.0,0.0,0.0,-2.340594261435729,88
2025-05-22 21:00:00,SACSI Full,0.34325809908636473,0.007042437791824341,0.0,0.0,0.0,0.0,-2.325956778951547,88
2025-05-22 22:00:00,SACSI Full,0.34378602044193013,0.0093764066696167,0.0,0.0,0.0,0.0,-2.378812912015183,88
2025-05-22 23:00:00,SACSI Full,0.34397949584412635,0.009042620658874512,0.0,0.0,0.0,0.0,-2.3981337746859195,88
2025-05-23 00:00:00,SACSI Full,0.34385957493869523,0.006523728370666504,0.0,0.0,0.0,0.0,-2.386113157359818,88
2025-05-23 01:00:00,SACSI Full,0.34441664025076285,0.009619593620300293,0.0,0.0,0.0,0.0,-2.4418873756011865,88
2025-05-23 02:00:00,SACSI Full,0.3452861203806406,0.011844038963317871,0.0,0.0,0.0,0.0,-2.5288711632967567,88
2025-05-23 03:00:00,SACSI Full,0.34659424634464636,0.02643778920173645,0.0,0.0,0.0,0.0,-2.660099327751054,88
2025-05-23 04:00:00,SACSI Full,0.3465460631403134,0.01104503870010376,0.0,0.0,0.0,0.0,-2.6549811423103566,88
2025-05-23 05:00:00,SACSI Full,0.34786204698332207,0.02879515290260315,0.0,0.0,0.0,0.0,-2.7869581025322834,88
2025-05-23 06:00:00,SACSI Full,0.3579000085750346,0.008722096681594849,0.0,0.2633336191678211,0.0,0.0,-3.7903760299993037,88
2025-05-23 07:00:00,SACSI Full,0.358866125313919,0.05337253212928772,0.0,0.29553751046396715,0.0,0.0,-3.8881264863889604,88
2025-05-23 08:00:00,SACSI Full,0.3577620005702506,0.00599592924118042,0.0,0.2587333523416874,0.0,0.0,-3.7767937416387634,88
2025-05-23 09:00:00,SACSI Full,0.35615768741841886,0.004462301731109619,0.0,0.20525624728062866,0.0,0.0,-3.6158733241516074,88
2025-05-23 10:00:00,SACSI Full,0.35442964615460437,0.00324249267578125,0.0,0.14765487182014425,-1.4210854715202004e-14,0.0,-3.443041663404505,88
2025-05-23 11:00:00,SACSI Full,0.35262014304837164,0.0034871697425842285,0.0,0.08733810161238864,0.0,0.0,-3.262086495002683,88
2025-05-23 12:00:00,SACSI Full,0.3509671273735813,0.003832876682281494,0.0,0.032237579119377816,0.0,0.0,-3.0967928519611743,88
2025-05-23 13:00:00,SACSI Full,0.34947726192987477,0.0035403668880462646,0.0,0.0,0.0,0.0,-2.94779992542318,88
2025-05-23 14:00:00,SACSI Full,0.348212291404769,0.0030088424682617188,0.0,0.0,0.0,0.0,-2.8212946325704626,88
2025-05-23 15:00:00,SACSI Full,0.3473385343308898,0.003372877836227417,0.0,0.0,0.0,0.0,-2.733924530999383,88
2025-05-23 16:00:00,SACSI Full,0.3471981474029672,0.0043839216232299805,0.0,0.0,0.0,0.0,-2.7199125291670567,88
2025-05-23 17:00:00,SACSI Full,0.34746248767650645,0.006802082061767578,0.0,0.0,0.0,0.0,-2.746408990896265,88
2025-05-23 18:00:00,SACSI Full,0.3472489688010665,0.003944337368011475,0.0,0.0,0.0,0.0,-2.7250043443009453,88
2025-05-23 19:00:00,SACSI Full,0.34713241307453835,0.007533282041549683,0.0,0.0,0.0,0.0,-2.7134278625414003,88
2025-05-23 20:00:00,SACSI Full,0.3484273179661882,0.0309714674949646,0.0,0.0,0.0,0.0,-2.8435856078232526,88
2025-05-23 21:00:00,SACSI Full,0.35205280755194884,0.09007379412651062,0.0,0.06842691839829627,0.0,0.0,-3.2076732543437294,88
2025-05-23 22:00:00,SACSI Full,0.35935167253630934,0.03538191318511963,0.0,0.31172241787697746,0.0,0.0,-3.93642181070405,88
2025-05-23 23:00:00,SACSI Full,0.3628974719798944,0.12765556573867798,0.0,0.4299157326631473,0.0,0.0,-4.29322304582975,88
2025-05-24 00:00:00,SACSI Full,0.37324262482539255,0.01230001449584961,0.0,0.7747541608464176,0.0,0.0,-5.3256620383416005,88
2025-05-24 01:00:00,SACSI Full,0.37566555190398193,0.22489652037620544,0.0,0.8555183967993969,0.0,0.0,-5.5731790858645205,88
2025-05-24 02:00:00,SACSI Full,0.37618625127667693,0.18008485436439514,0.0,0.8728750425558971,0.0,0.0,-5.622674941415099,88
2025-05-24 03:00:00,SACSI Full,0.37922909002668714,0.13815462589263916,0.0,0.9743030008895716,0.0,0.0,-5.926091397471284,88
2025-05-24 04:00:00,SACSI Full,0.37947238217801205,0.19790038466453552,0.0,0.9824127392670676,0.0,0.0,-5.951793683082213,88
2025-05-24 05:00:00,SACSI Full,0.3873162331533165,0.031029731035232544,0.0,1.2438744384438836,0.0,0.0,-6.733912616488645,88
2025-05-24 06:00:00,SACSI Full,0.39057958335158804,0.18265783786773682,0.0,1.3526527783862692,0.0,0.0,-7.063127772984483,88
2025-05-24 07:00:00,SACSI Full,0.39029056109879234,0.21581202745437622,0.0,1.343018703293079,0.0,0.0,-7.033703892324187,88
2025-05-24 08:00:00,SACSI Full,0.3911516697344823,0.12355491518974304,0.0,1.371722324482744,0.0,0.0,-7.1185606428746695,88
2025-05-24 09:00:00,SACSI Full,0.3913465308136025,0.1386760175228119,0.0,1.3782176937867505,0.0,0.0,-7.137577812734036,88
2025-05-24 10:00:00,SACSI Full,0.39076125663324707,0.10212630033493042,0.0,1.3587085544415687,0.0,0.0,-7.078533686503285,88
2025-05-24 11:00:00,SACSI Full,0.38897782044426665,0.04272982478141785,0.0,1.2992606814755547,0.0,0.0,-6.899230605677828,88
2025-05-24 12:00:00,SACSI Full,0.38637745667328893,0.027972757816314697,0.0,1.2125818891096303,0.0,0.0,-6.6384526931548695,88
2025-05-24 13:00:00,SACSI Full,0.38273832471517133,0.012037903070449829,0.0,1.091277490505712,0.0,0.0,-6.274232578126,88
2025-05-24 14:00:00,SACSI Full,0.3798474344269104,0.01464739441871643,0.0,0.9949144808970118,0.0,0.0,-5.985062485492894,88
2025-05-24 15:00:00,SACSI Full,0.3781792066616714,0.0578385591506958,0.0,0.9393068887223806,0.0,0.0,-5.819509348997471,88
2025-05-24 16:00:00,SACSI Full,0.3779912615883559,0.08715853095054626,0.0,0.933042052945197,0.0,0.0,-5.801162529172597,88
2025-05-24 17:00:00,SACSI Full,0.37738718248142694,0.11668235063552856,0.0,0.9129060827142311,0.0,0.0,-5.741347133352254,88
2025-05-24 18:00:00,SACSI Full,0.37772522822988536,0.1765879988670349,0.0,0.924174274329512,0.0,0.0,-5.77665363944819,88
2025-05-24 19:00:00,SACSI Full,0.37818205696772794,0.20195052027702332,0.0,0.939401898924264,0.0,0.0,-5.822498332392433,88
2025-05-24 20:00:00,SACSI Full,0.37542350130276014,0.05388334393501282,0.0,0.8474500434253387,0.0,0.0,-5.544908468918134,88
2025-05-24 21:00:00,SACSI Full,0.3729673910752189,0.05424663424491882,0.0,0.7655797025072971,0.0,0.0,-5.2978276731098894,88
2025-05-24 22:00:00,SACSI Full,0.3707135952054786,0.03981441259384155,0.0,0.6904531735159524,0.0,0.0,-5.072300131016246,88
2025-05-24 23:00:00,SACSI Full,0.36872517089801976,0.044645071029663086,0.0,0.6241723632673243,0.0,0.0,-4.873458297806928,88
2025-05-25 00:00:00,SACSI Full,0.3669568848668153,0.05174368619918823,0.0,0.5652294955605115,0.0,0.0,-4.696794346557211,88
2025-05-25 01:00:00,SACSI Full,0.3653803371834709,0.04821360111236572,0.0,0.5126779061156966,0.0,0.0,-4.539033291220205,88
2025-05-25 02:00:00,SACSI Full,0.3639604856176335,0.03939405083656311,0.0,0.46534952058778317,0.0,0.0,-4.396924638282838,88
2025-05-25 03:00:00,SACSI Full,0.36269262965945825,0.042730867862701416,0.0,0.4230876553152754,0.0,0.0,-4.27015095147334,88
2025-05-25 04:00:00,SACSI Full,0.36385704106380135,0.12822479009628296,0.0,0.4619013687933773,0.0,0.0,-4.389123541404395,88
2025-05-25 05:00:00,SACSI Full,0.3627312698495053,0.012144297361373901,0.0,0.42437566165017704,0.0,0.0,-4.274530675825108,88
2025-05-25 06:00:00,SACSI Full,0.3617269941016134,0.015117079019546509,0.0,0.3908998033871143,0.0,0.0,-4.173031479558313,88
2025-05-25 07:00:00,SACSI Full,0.36138310716117295,0.05277082324028015,0.0,0.379436905372431,0.0,0.0,-4.139742670024307,88
2025-05-25 08:00:00,SACSI Full,0.3596766744941909,0.00612601637840271,0.0,0.3225558164730288,0.0,0.0,-3.9682564178152746,88
2025-05-25 09:00:00,SACSI Full,0.3577282140269075,0.004568994045257568,0.0,0.2576071342302512,0.0,0.0,-3.772928352794988,88
2025-05-25 10:00:00,SACSI Full,0.35566817045291016,0.004425942897796631,0.0,0.18893901509700584,0.0,0.0,-3.566906994660446,88
2025-05-25 11:00:00,SACSI Full,0.35358164593767893,0.0034308433532714844,0.0,0.11938819792263189,0.0,0.0,-3.358243161630404,88
2025-05-25 12:00:00,SACSI Full,0.351577253774331,0.003757476806640625,0.0,0.052575125811033276,0.0,0.0,-3.157803793303768,88
2025-05-25 13:00:00,SACSI Full,0.3500745033510262,0.004158318042755127,0.0,0.002483445034205545,0.0,0.0,-3.007537509875834,88
2025-05-25 14:00:00,SACSI Full,0.34852670762218374,0.0031612813472747803,0.0,0.0,0.0,0.0,-2.852743958212274,88
2025-05-25 15:00:00,SACSI Full,0.3472619293220574,0.003066509962081909,0.0,0.0,0.0,0.0,-2.7262552101188335,88
2025-05-25 16:00:00,SACSI Full,0.3466415197094017,0.0028771162033081055,0.0,0.0,0.0,0.0,-2.664211407201824,88
2025-05-25 17:00:00,SACSI Full,0.3461761708076531,0.004895329475402832,0.0,0.0,0.0,0.0,-2.61773516948754,88
2025-05-25 18:00:00,SACSI Full,0.3461169562736883,0.007735639810562134,0.0,0.0,0.0,0.0,-2.6118787432683943,88
2025-05-25 19:00:00,SACSI Full,0.3461094632076953,0.006252080202102661,0.0,0.0,0.0,0.0,-2.611086197969657,88
2025-05-25 20:00:00,SACSI Full,0.34604186975079126,0.005221962928771973,0.0,0.0,0.0,0.0,-2.604301715510435,88
2025-05-25 21:00:00,SACSI Full,0.3459740547632908,0.005155503749847412,0.0,0.0,0.0,0.0,-2.5975092509958646,88
2025-05-25 22:00:00,SACSI Full,0.34590881867008755,0.005929172039031982,0.0,0.0,0.0,0.0,-2.5910081871324264,88
2025-05-25 23:00:00,SACSI Full,0.34587627996362597,0.0072383880615234375,0.0,0.0,0.0,0.0,-2.587785856284051,88
2025-05-26 00:00:00,SACSI Full,0.3458429773243005,0.0070092082023620605,0.0,0.0,0.0,0.0,-2.584440208392691,88
2025-05-26 01:00:00,SACSI Full,0.34714139842746017,0.015026330947875977,0.0,0.0,0.0,0.0,-2.714520540592429,88
2025-05-26 02:00:00,SACSI Full,0.34847911587950947,0.02681523561477661,0.0,0.0,0.0,0.0,-2.8485657817099113,88
2025-05-26 03:00:00,SACSI Full,0.3549672806272271,0.037525445222854614,0.0,0.16557602090756945,0.0,0.0,-3.4975856737232474,88
2025-05-26 04:00:00,SACSI Full,0.3573089703732756,0.07163926959037781,0.0,0.2436323457758519,0.0,0.0,-3.7326709609630404,88
2025-05-26 05:00:00,SACSI Full,0.3605005152700568,0.13298064470291138,0.0,0.3500171756685589,0.0,0.0,-4.053324553650861,88
2025-05-26 06:00:00,SACSI Full,0.3596843463352523,0.011960864067077637,0.0,0.32281154450841004,0.0,0.0,-3.9698840486129305,88
2025-05-26 07:00:00,SACSI Full,0.3584765091941835,0.005199164152145386,0.0,0.28255030647278406,0.0,0.0,-3.847822519700541,88
2025-05-26 08:00:00,SACSI Full,0.35697726883894937,0.0038035213947296143,0.0,0.2325756279649781,0.0,0.0,-3.697816910750405,88
2025-05-26 09:00:00,SACSI Full,0.3552961807220584,0.0037129223346710205,0.0,0.17653935740194698,0.0,0.0,-3.5296932366431313,88
2025-05-26 10:00:00,SACSI Full,0.3535293055929011,0.004080981016159058,0.0,0.11764351976336798,0.0,0.0,-3.3530158594972455,88
2025-05-26 11:00:00,SACSI Full,0.3517358524548947,0.004325807094573975,0.0,0.057861748496489444,0.0,0.0,-3.1736742098921447,88
2025-05-26 12:00:00,SACSI Full,0.3498776968912223,0.003553330898284912,0.0,0.0,0.0,0.0,-2.9878484805021555,88
2025-05-26 13:00:00,SACSI Full,0.34807619458317146,0.0035493075847625732,0.0,0.0,0.0,0.0,-2.807690484701976,88
2025-05-26 14:00:00,SACSI Full,0.3465294369685589,0.0034727156162261963,0.0,0.0,0.0,0.0,-2.6530139170879017,88
2025-05-26 15:00:00,SACSI Full,0.3452361579453884,0.0030162930488586426,0.0,0.0,0.0,0.0,-2.5236806846254924,88
2025-05-26 16:00:00,SACSI Full,0.34495128405769054,0.0035378336906433105,0.0,0.0,0.0,0.0,-2.4952043778492845,88
2025-05-26 17:00:00,SACSI Full,0.3447607138454853,0.004328936338424683,0.0,0.0,0.0,0.0,-2.4761658743017745,88
2025-05-26 18:00:00,SACSI Full,0.34455899917323773,0.00748559832572937,0.0,0.0,0.0,0.0,-2.4560811959101607,88
2025-05-26 19:00:00,SACSI Full,0.3444726732011575,0.008102208375930786,0.0,0.0,0.0,0.0,-2.447435530383769,88
2025-05-26 20:00:00,SACSI Full,0.3443550177689332,0.0072033703327178955,0.0,0.0,0.0,0.0,-2.4356548326804033,88
2025-05-26 21:00:00,SACSI Full,0.3442998161176779,0.008939504623413086,0.0,0.0,0.0,0.0,-2.430177763203165,88
2025-05-26 22:00:00,SACSI Full,0.34421168263474483,0.00755995512008667,0.0,0.0,0.0,0.0,-2.421333258071918,88
2025-05-26 23:00:00,SACSI Full,0.34415235336183886,0.007701218128204346,0.0,0.0,0.0,0.0,-2.4153907731765307,88
2025-05-27 00:00:00,SACSI Full,0.3441545589649616,0.009161680936813354,0.0,0.0,0.0,0.0,-2.4156537347429827,88
2025-05-27 01:00:00,SACSI Full,0.3441867469632564,0.009656399488449097,0.0,0.0,0.0,0.0,-2.4188727715009253,88
2025-05-27 02:00:00,SACSI Full,0.34421904970049244,0.009690821170806885,0.0,0.0,0.0,0.0,-2.422099130689483,88
2025-05-27 03:00:00,SACSI Full,0.34425028253435475,0.009369850158691406,0.0,0.0,0.0,0.0,-2.4252188601487688,88
2025-05-27 04:00:00,SACSI Full,0.3442542107117115,0.009678453207015991,0.0,0.0,0.0,0.0,-2.4256177262657697,88
2025-05-27 05:00:00,SACSI Full,0.34425624892512346,0.009111464023590088,0.0,0.0,0.0,0.0,-2.4258127916846517,88
2025-05-27 06:00:00,SACSI Full,0.3442318487362006,0.009679943323135376,0.0,0.0,0.0,0.0,-2.423384157279518,88
2025-05-27 07:00:00,SACSI Full,0.3439393509232937,0.0057506561279296875,0.0,0.0,0.0,0.0,-2.39408939832388,88
2025-05-27 08:00:00,SACSI Full,0.3431794898370841,0.0015416741371154785,0.0,0.0,0.0,0.0,-2.318021907011057,88
2025-05-27 09:00:00,SACSI Full,0.3420231622564731,0.0016017258167266846,0.0,0.0,0.0,0.0,-2.2023488606804413,88
2025-05-27 10:00:00,SACSI Full,0.34044220968841893,0.0017142295837402344,0.0,0.0,0.0,0.0,-2.0442563784712373,88
2025-05-27 11:00:00,SACSI Full,0.3386055870648164,0.0015132129192352295,0.0,0.0,0.0,0.0,-1.8605909809066707,88
2025-05-27 12:00:00,SACSI Full,0.33665661359110854,0.0018079578876495361,0.0,0.0,0.0,0.0,-1.6657004657182908,88
2025-05-27 13:00:00,SACSI Full,0.33482075589378063,0.0017426908016204834,0.0,0.0,0.0,0.0,-1.482111095864955,88
2025-05-27 14:00:00,SACSI Full,0.3331252928006588,0.001361072063446045,0.0,0.0,0.0,0.0,-1.3125603176945277,88
2025-05-27 15:00:00,SACSI Full,0.33171285657365507,0.0012691318988800049,0.0,0.0,0.0,0.0,-1.1713119594051296,88
2025-05-27 16:00:00,SACSI Full,0.33081018540500984,0.0011986494064331055,0.0,0.0,0.0,0.0,-1.0810432183140362,88
2025-05-27 17:00:00,SACSI Full,0.33030508093316735,0.001468658447265625,0.0,0.0,0.0,0.0,-1.030540166576088,88
2025-05-27 18:00:00,SACSI Full,0.33014488192358993,0.0029402971267700195,0.0,0.0,0.0,0.0,-1.0145617146883226,88
2025-05-27 19:00:00,SACSI Full,0.33006991437871636,0.0030097365379333496,0.0,0.0,0.0,0.0,-1.007052326996505,88
2025-05-27 20:00:00,SACSI Full,0.3298803767041304,0.002638697624206543,0.0,0.0,0.0,0.0,-0.9880941547546603,88
2025-05-27 21:00:00,SACSI Full,0.32966240238149347,0.00260770320892334,0.0,0.0,0.0,0.0,-0.9662927021576775,88
2025-05-27 22:00:00,SACSI Full,0.3294161717148561,0.0026308000087738037,0.0,0.0,0.0,0.0,-0.9416700184537832,88
2025-05-27 23:00:00,SACSI Full,0.3291411860120236,0.002504289150238037,0.0,0.0,0.0,0.0,-0.9141699520939474,88
2025-05-28 00:00:00,SACSI Full,0.3291987289798199,0.002262890338897705,0.0,0.0,0.0,0.0,-0.9199205697768795,88
2025-05-28 01:00:00,SACSI Full,0.3292558408073523,0.0021335482597351074,0.0,0.0,0.0,0.0,-0.9256280451212174,88
2025-05-28 02:00:00,SACSI Full,0.3290652605481882,0.0023259222507476807,0.0,0.0,0.0,0.0,-0.9065744970037432,88
2025-05-28 03:00:00,SACSI Full,0.328928959292962,0.0016096234321594238,0.0,0.0,0.0,0.0,-0.8929352847530293,88
2025-05-28 04:00:00,SACSI Full,0.3301418829627771,0.006377100944519043,0.0,0.0,0.0,0.0,-1.0143635130717212,88
2025-05-28 05:00:00,SACSI Full,0.3300095618077058,0.0028036534786224365,0.0,0.0,0.0,0.0,-1.0010479883148105,88
2025-05-28 06:00:00,SACSI Full,0.3298500482515433,0.003145933151245117,0.0,0.0,0.0,0.0,-0.9850711666140798,88
2025-05-28 07:00:00,SACSI Full,0.3294894575615663,0.0023227930068969727,0.0,0.0,0.0,0.0,-0.9490004434182087,88
2025-05-28 08:00:00,SACSI Full,0.32981617003797875,0.0020137429237365723,0.0,0.0,0.0,0.0,-0.9816603691571807,88
2025-05-28 09:00:00,SACSI Full,0.33222914823253336,0.004393458366394043,0.0,0.0,0.0,0.0,-1.2230264895750893,88
2025-05-28 10:00:00,SACSI Full,0.3323304939202406,0.0024037063121795654,0.0,0.0,0.0,0.0,-1.2331173636708461,88
2025-05-28 11:00:00,SACSI Full,0.33189895601311703,0.002038627862930298,0.0,0.0,0.0,0.0,-1.1899400246534535,88
2025-05-28 12:00:00,SACSI Full,0.3316749383890567,0.002794712781906128,0.0,0.0,0.0,0.0,-1.167557294010498,88
2025-05-28 13:00:00,SACSI Full,0.3316631976060011,0.0024777650833129883,0.0,0.0,0.0,0.0,-1.1663724853787618,88
2025-05-28 14:00:00,SACSI Full,0.3327178260195194,0.003388524055480957,0.0,0.0,0.0,0.0,-1.2718594800227687,88
2025-05-28 15:00:00,SACSI Full,0.33397630318283417,0.005043148994445801,0.0,0.0,0.0,0.0,-1.3977477275126946,88
2025-05-28 16:00:00,SACSI Full,0.3349241780062455,0.0033624470233917236,0.0,0.0,0.0,0.0,-1.49250185658473,88
2025-05-28 17:00:00,SACSI Full,0.33570990165511155,0.003717094659805298,0.0,0.0,0.0,0.0,-1.571068053880715,88
2025-05-28 18:00:00,SACSI Full,0.3362744262572068,0.0033573806285858154,0.0,0.0,0.0,0.0,-1.627513370473566,88
2025-05-28 19:00:00,SACSI Full,0.3365901575767932,0.003219395875930786,0.0,0.0,0.0,0.0,-1.659081525444367,88
2025-05-28 20:00:00,SACSI Full,0.3382864549370545,0.0173892080783844,0.0,0.0,0.0,0.0,-1.829134975989042,88
2025-05-28 21:00:00,SACSI Full,0.3389171114234068,0.006196945905685425,0.0,0.0,0.0,0.0,-1.8919470038805204,88
2025-05-28 22:00:00,SACSI Full,0.3388710156404911,0.003171265125274658,0.0,0.0,0.0,0.0,-1.8871952461594192,88
2025-05-28 23:00:00,SACSI Full,0.3387974979786017,0.0034447014331817627,0.0,0.0,0.0,0.0,-1.8798214262519124,88
2025-05-29 00:00:00,SACSI Full,0.3386982859790264,0.004236400127410889,0.0,0.0,0.0,0.0,-1.8699212428921301,88
2025-05-29 01:00:00,SACSI Full,0.33854551966865243,0.005170106887817383,0.0,0.0,0.0,0.0,-1.8546647060706025,88
2025-05-29 02:00:00,SACSI Full,0.3383931671138543,0.005294233560562134,0.0,0.0,0.0,0.0,-1.839423837323369,88
2025-05-29 03:00:00,SACSI Full,0.33858383464057623,0.008200258016586304,0.0,0.0,0.0,0.0,-1.8585765294625145,88
2025-05-29 04:00:00,SACSI Full,0.33840126921931285,0.0047303736209869385,0.0,0.0,0.0,0.0,-1.84025622824766,88
2025-05-29 05:00:00,SACSI Full,0.3382205118056077,0.005272775888442993,0.0,0.0,0.0,0.0,-1.822162060101212,88
2025-05-29 06:00:00,SACSI Full,0.33801012714107215,0.004884600639343262,0.0,0.0,0.0,0.0,-1.801114287872492,88
2025-05-29 07:00:00,SACSI Full,0.33833069052337983,0.0066690146923065186,0.0,0.0,0.0,0.0,-1.833220276772358,88
2025-05-29 08:00:00,SACSI Full,0.3521115601187889,0.006646215915679932,0.0,0.07038533729296291,0.0,0.0,-3.211289164184971,88
2025-05-29 09:00:00,SACSI Full,0.35572409596996996,0.07656395435333252,0.0,0.19080319899899933,1.4210854715202004e-14,0.0,-3.574640053468438,88
2025-05-29 10:00:00,SACSI Full,0.36012142735908176,0.07558032870292664,0.0,0.3373809119693917,0.0,0.0,-4.013664178738738,88
2025-05-29 11:00:00,SACSI Full,0.3625180245459355,0.07224664092063904,0.0,0.41726748486451726,1.4210854715202004e-14,0.0,-4.2532807242897865,88
2025-05-29 12:00:00,SACSI Full,0.3655007490750799,0.056008994579315186,0.0,0.516691635835997,0.0,0.0,-4.551357463862988,88
2025-05-29 13:00:00,SACSI Full,0.36700617402952757,0.05449995398521423,0.0,0.5668724676509186,0.0,0.0,-4.701722492438401,88
2025-05-29 14:00:00,SACSI Full,0.36886021076323244,0.03788471221923828,0.0,0.6286736921077491,0.0,0.0,-4.886944922985289,88
2025-05-29 15:00:00,SACSI Full,0.37158606937421845,0.06479322910308838,0.0,0.7195356458072824,0.0,0.0,-5.160171887172745,88
2025-05-29 16:00:00,SACSI Full,0.3702986984673753,0.026412010192871094,0.0,0.676623282245842,0.0,0.0,-5.030781899130488,88
2025-05-29 17:00:00,SACSI Full,0.3686333418993605,0.01500442624092102,0.0,0.6211113966453496,0.0,0.0,-4.863748354300386,88
2025-05-29 18:00:00,SACSI Full,0.36790898706166025,0.07315978407859802,0.0,0.5969662353886748,0.0,0.0,-4.792943455425973,88
2025-05-29 19:00:00,SACSI Full,0.366622767888499,0.036226511001586914,0.0,0.5540922629499662,0.0,0.0,-4.663370651800702,88
2025-05-29 20:00:00,SACSI Full,0.36517312293534815,0.038877278566360474,0.0,0.5057707645116054,0.0,0.0,-4.518116346781789,88
2025-05-29 21:00:00,SACSI Full,0.36592481811957367,0.09883582592010498,0.0,0.5308272706524548,0.0,0.0,-4.595058113949306,88
2025-05-29 22:00:00,SACSI Full,0.3648900827215625,0.02841547131538391,0.0,0.4963360907187479,0.0,0.0,-4.490280785128603,88
2025-05-29 23:00:00,SACSI Full,0.3649341153877836,0.05351364612579346,0.0,0.4978038462594526,0.0,0.0,-4.4947327934489785,88
2025-05-30 00:00:00,SACSI Full,0.36674652320902296,0.14443978667259216,0.0,0.5582174403007656,0.0,0.0,-4.678450378041215,88
2025-05-30 01:00:00,SACSI Full,0.36562961888206674,0.019915997982025146,0.0,0.5209872960688913,0.0,0.0,-4.56460544605322,88
2025-05-30 02:00:00,SACSI Full,0.3643053224117696,0.013555139303207397,0.0,0.4768440803923213,0.0,0.0,-4.430866952549811,88
2025-05-30 03:00:00,SACSI Full,0.37278036710755286,0.027358978986740112,0.0,0.7593455702517631,0.0,0.0,-5.278721928731856,88
2025-05-30 04:00:00,SACSI Full,0.3765720804475807,0.15725001692771912,0.0,0.8857360149193583,0.0,0.0,-5.661651955476035,88
2025-05-30 05:00:00,SACSI Full,0.3775372867817041,0.2329714596271515,0.0,0.9179095593901381,0.0,0.0,-5.759145321789949,88
2025-05-30 06:00:00,SACSI Full,0.3749913861336431,0.020276010036468506,0.0,0.8330462044547702,0.0,0.0,-5.501671088060943,88
2025-05-30 07:00:00,SACSI Full,0.3722310600803603,0.014937520027160645,0.0,0.7410353360120084,0.0,0.0,-5.223458143336663,88
2025-05-30 08:00:00,SACSI Full,0.36939106729563853,0.006871074438095093,0.0,0.6463689098546169,0.0,0.0,-4.939324815508505,88
2025-05-30 09:00:00,SACSI Full,0.36652155823972926,0.004365891218185425,0.0,0.5507186079909744,0.0,0.0,-4.652268193629489,88
2025-05-30 10:00:00,SACSI Full,0.36366177014923484,0.005455911159515381,0.0,0.4553923383078285,0.0,0.0,-4.366297033346087,88
2025-05-30 11:00:00,SACSI Full,0.3621946977166211,0.008368194103240967,0.0,0.4064899238873707,0.0,0.0,-4.219666258373612,88
2025-05-30 12:00:00,SACSI Full,0.360296700601209,0.00732421875,0.0,0.34322335337363374,0.0,0.0,-4.029826984249431,88
2025-05-30 13:00:00,SACSI Full,0.3579051269074936,0.0050321221351623535,0.0,0.26350423024978653,-1.4210854715202004e-14,0.0,-3.7906362541582106,88
2025-05-30 14:00:00,SACSI Full,0.35868829404133495,0.015559941530227661,0.0,0.2896098013778314,0.0,0.0,-3.8692458811580495,88
2025-05-30 15:00:00,SACSI Full,0.36065196633688745,0.02466723322868347,0.0,0.3550655445629161,0.0,0.0,-4.065781051270303,88
2025-05-30 16:00:00,SACSI Full,0.35939310480313424,0.005445033311843872,0.0,0.31310349343780786,0.0,0.0,-3.939611602978829,88
2025-05-30 17:00:00,SACSI Full,0.3720142243853532,0.013643354177474976,0.0,0.7338074795117735,0.0,0.0,-5.201777288827525,88
2025-05-30 18:00:00,SACSI Full,0.3710406746847024,0.06879091262817383,0.0,0.7013558228234147,0.0,0.0,-5.105994762307311,88
2025-05-30 19:00:00,SACSI Full,0.3695268912995986,0.030761361122131348,0.0,0.6508963766532858,0.0,0.0,-4.953684652697361,88
2025-05-30 20:00:00,SACSI Full,0.38457477685139757,0.009358227252960205,0.0,1.152492561713254,0.0,0.0,-6.457878881023507,88
2025-05-30 21:00:00,SACSI Full,0.39011938112335964,0.0601939857006073,0.0,1.3373127041119888,0.0,0.0,-7.013650349634452,88
2025-05-30 22:00:00,SACSI Full,0.3958796783048889,0.03391176462173462,0.0,1.529322610162963,0.0,0.0,-7.588908887992114,88
2025-05-30 23:00:00,SACSI Full,0.3998925199960751,0.05193650722503662,0.0,1.6630839998691713,0.0,0.0,-7.990470977178044,88
2025-05-31 00:00:00,SACSI Full,0.3950827031718865,0.07031172513961792,0.0,1.5027567723962152,0.0,0.0,-7.509860303870586,88
2025-05-31 01:00:00,SACSI Full,0.3903735591159321,0.04354208707809448,0.0,1.3457853038644032,0.0,0.0,-7.038494449715384,88
2025-05-31 02:00:00,SACSI Full,0.3862008087157658,0.03986850380897522,0.0,1.206693623858861,0.0,0.0,-6.620914977485449,88
2025-05-31 03:00:00,SACSI Full,0.3824706176766859,0.031296610832214355,0.0,1.082353922556196,0.0,0.0,-6.247773418815,88
2025-05-31 04:00:00,SACSI Full,0.3790994893139398,0.026644468307495117,0.0,0.9699829771313262,0.0,0.0,-5.9105283421853745,88
2025-05-31 05:00:00,SACSI Full,0.3760398512999233,0.026603639125823975,0.0,0.8679950433307767,0.0,0.0,-5.604517611066661,88
2025-05-31 06:00:00,SACSI Full,0.3731875086298003,0.019214153289794922,0.0,0.7729169543266778,0.0,0.0,-5.319209040904188,88
2025-05-31 07:00:00,SACSI Full,0.37050495297179353,0.014731734991073608,0.0,0.6834984323931181,0.0,0.0,-5.050834756062162,88
2025-05-31 08:00:00,SACSI Full,0.367704218317858,0.004920214414596558,0.0,0.590140610595266,0.0,0.0,-4.770618351279855,88
2025-05-31 09:00:00,SACSI Full,0.36502997866623843,0.004727393388748169,0.0,0.5009992888746141,0.0,0.0,-4.503094342701876,88
2025-05-31 10:00:00,SACSI Full,0.3621869870292536,0.0038354098796844482,0.0,0.406232900975121,0.0,0.0,-4.218784330958045,88
2025-05-31 11:00:00,SACSI Full,0.3594740558224373,0.0034224987030029297,0.0,0.31580186074790934,0.0,0.0,-3.947478161329556,88
2025-05-31 12:00:00,SACSI Full,0.3570286711373436,0.0021736323833465576,0.0,0.2342890379114536,0.0,0.0,-3.7029230750452227,88
2025-05-31 13:00:00,SACSI Full,0.35480441793786055,0.002871304750442505,0.0,0.1601472645953521,0.0,0.0,-3.4805061966047344,88
2025-05-31 14:00:00,SACSI Full,0.3529306747798911,0.0030662119388580322,0.0,0.0976891593297026,0.0,0.0,-3.2931307512997705,88
2025-05-31 15:00:00,SACSI Full,0.3515482983042709,0.002397000789642334,0.0,0.051609943475696696,0.0,0.0,-3.1548844625543766,88
2025-05-31 16:00:00,SACSI Full,0.35061038075845646,0.00247076153755188,0.0,0.020346025281882875,0.0,0.0,-3.0610882286838756,88
2025-05-31 17:00:00,SACSI Full,0.3500487433781732,0.0031335651874542236,0.0,0.00162477927243998,0.0,0.0,-3.004943637157569,88
2025-05-31 18:00:00,SACSI Full,0.34978367886846357,0.005480647087097168,0.0,0.0,0.0,0.0,-2.978500970607094,88
2025-05-31 19:00:00,SACSI Full,0.34962846032366246,0.004434436559677124,0.0,0.0,0.0,0.0,-2.9629451832027134,88
2025-05-31 20:00:00,SACSI Full,0.34948255699142905,0.0072290003299713135,0.0,0.0,0.0,0.0,-2.9484282247872065,88
2025-05-31 21:00:00,SACSI Full,0.3493633096184839,0.006725788116455078,0.0,0.0,0.0,0.0,-2.936470509732852,88
2025-05-31 22:00:00,SACSI Full,0.349239310265234,0.005300194025039673,0.0,0.0,0.0,0.0,-2.9240512863448167,88
2025-05-31 23:00:00,SACSI Full,0.34911469996437516,0.005116909742355347,0.0,0.0,0.0,0.0,-2.91157416747519,88
2025-06-01 00:00:00,SACSI Full,0.3489896436220913,0.004983097314834595,0.0,0.0,0.0,0.0,-2.8990653622797,88
2025-06-01 01:00:00,SACSI Full,0.34883680677955436,0.005148947238922119,0.0,0.0,0.0,0.0,-2.8837853153994555,88
2025-06-01 02:00:00,SACSI Full,0.34868329094077233,0.004945248365402222,0.0,0.0,0.0,0.0,-2.8684300360332755,88
2025-06-01 03:00:00,SACSI Full,0.34853274391000555,0.005835890769958496,0.0,0.0,0.0,0.0,-2.853400015239999,88
2025-06-01 04:00:00,SACSI Full,0.3483847817340005,0.006611347198486328,0.0,0.0,0.0,0.0,-2.8386181549083047,88
2025-06-01 05:00:00,SACSI Full,0.3482064159566669,0.005990266799926758,0.0,0.0,0.0,0.0,-2.820767611806674,88
2025-06-01 06:00:00,SACSI Full,0.3479968150932102,0.005119740962982178,0.0,0.0,0.0,0.0,-2.799792609398646,88
2025-06-01 07:00:00,SACSI Full,0.3476100641559073,0.0029747188091278076,0.0,0.0,0.0,0.0,-2.7610873601884487,88
2025-06-01 08:00:00,SACSI Full,0.34710826823855523,0.0024612247943878174,0.0,0.0,0.0,0.0,-2.7108811832915576,88
2025-06-01 09:00:00,SACSI Full,0.3459244114906101,0.0018429756164550781,0.0,0.0,0.0,0.0,-2.5924841910651173,88
2025-06-01 10:00:00,SACSI Full,0.3444573729044704,0.0018884241580963135,0.0,0.0,0.0,0.0,-2.44577551341562,88
2025-06-01 11:00:00,SACSI Full,0.3427638703074563,0.001949220895767212,0.0,0.0,0.0,0.0,-2.2764266231309223,88
2025-06-01 12:00:00,SACSI Full,0.34098613909388664,0.002180635929107666,0.0,0.0,0.0,0.0,-2.0986598362575792,88
2025-06-01 13:00:00,SACSI Full,0.33929296829606176,0.0020487606525421143,0.0,0.0,0.0,0.0,-1.9293391235719917,88
2025-06-01 14:00:00,SACSI Full,0.3377427223196137,0.0024262070655822754,0.0,0.0,0.0,0.0,-1.7743245305668134,88
2025-06-01 15:00:00,SACSI Full,0.33641971521442215,0.0025978684425354004,0.0,0.0,0.0,0.0,-1.642025195424835,88
2025-06-01 16:00:00,SACSI Full,0.33537600074435353,0.0013856589794158936,0.0,0.0,0.0,0.0,-1.5376399097095719,88
2025-06-01 17:00:00,SACSI Full,0.33470068467602215,0.001405179500579834,0.0,0.0,0.0,0.0,-1.4700967663974378,88
2025-06-01 18:00:00,SACSI Full,0.33428508035486026,0.0028187036514282227,0.0,0.0,0.0,0.0,-1.4285785448005628,88
2025-06-01 19:00:00,SACSI Full,0.33398286698485496,0.002835988998413086,0.0,0.0,0.0,0.0,-1.398343591118934,88
2025-06-01 20:00:00,SACSI Full,0.33370970568085795,0.0030516088008880615,0.0,0.0,0.0,0.0,-1.3710337564598367,88
2025-06-01 21:00:00,SACSI Full,0.3334354854010054,0.0027339160442352295,0.0,0.0,0.0,0.0,-1.3436063953489934,88
2025-06-01 22:00:00,SACSI Full,0.33316226995612275,0.0030353665351867676,0.0,0.0,0.0,0.0,-1.3162907174478873,88
2025-06-01 23:00:00,SACSI Full,0.3328893863104293,0.00313490629196167,0.0,0.0,0.0,0.0,-1.2890023245663365,88
2025-06-02 00:00:00,SACSI Full,0.3325575059531638,0.0024358928203582764,0.0,0.0,0.0,0.0,-1.2558063033075026,88
2025-06-02 01:00:00,SACSI Full,0.33225536361202684,0.002857297658920288,0.0,0.0,0.0,0.0,-1.2255977212042477,88
2025-06-02 02:00:00,SACSI Full,0.3319812694953391,0.0027717649936676025,0.0,0.0,0.0,0.0,-1.198183240160438,88
2025-06-02 03:00:00,SACSI Full,0.3327394152997443,0.003943741321563721,0.0,0.0,0.0,0.0,-1.274032124564142,88
2025-06-02 04:00:00,SACSI Full,0.3349199999386578,0.013675391674041748,0.0,0.0,0.0,0.0,-1.4923708182027835,88
2025-06-02 05:00:00,SACSI Full,0.3350367839970697,0.003035217523574829,0.0,0.0,0.0,0.0,-1.5038455057989464,88
2025-06-02 06:00:00,SACSI Full,0.3347640712180246,0.003186166286468506,0.0,0.0,0.0,0.0,-1.4764723546158172,88
2025-06-02 07:00:00,SACSI Full,0.3353239795532335,0.003972500562667847,0.0,0.0,0.0,0.0,-1.5324852686773656,88
2025-06-02 08:00:00,SACSI Full,0.3353460690290242,0.002126842737197876,0.0,0.0,0.0,0.0,-1.5346678963354174,88
2025-06-02 09:00:00,SACSI Full,0.3343027300682177,0.0014983117580413818,0.0,0.0,0.0,0.0,-1.4303092583667218,88
2025-06-02 10:00:00,SACSI Full,0.3329221910355995,0.0023382902145385742,0.0,0.0,0.0,0.0,-1.2922742691488054,88
2025-06-02 11:00:00,SACSI Full,0.3313716614403834,0.0023411214351654053,0.0,0.0,0.0,0.0,-1.137212994779247,88
2025-06-02 12:00:00,SACSI Full,0.32973641496722994,0.002426058053970337,0.0,0.0,0.0,0.0,-0.9736908672502609,88
2025-06-02 13:00:00,SACSI Full,0.32821476011420386,0.0025035440921783447,0.0,0.0,0.0,0.0,-0.8215268571626113,88
2025-06-02 14:00:00,SACSI Full,0.32678110784515835,0.0034043192863464355,0.0,0.0,0.0,0.0,-0.6781878786535027,88
2025-06-02 15:00:00,SACSI Full,0.3255444949919492,0.003016144037246704,0.0,0.0,0.0,0.0,-0.554513703828156,88
2025-06-02 16:00:00,SACSI Full,0.32461713779752555,0.002292841672897339,0.0,0.0,0.0,0.0,-0.4617668696096553,88
2025-06-02 17:00:00,SACSI Full,0.32405642315134503,0.0017856061458587646,0.0,0.0,0.0,0.0,-0.4056830996126899,88
2025-06-02 18:00:00,SACSI Full,0.32378391004785995,0.0032460689544677734,0.0,0.0,0.0,0.0,-0.37847053079316945,88
2025-06-02 19:00:00,SACSI Full,0.3236002891276787,0.004413723945617676,0.0,0.0,0.0,0.0,-0.36012886379669184,88
2025-06-02 20:00:00,SACSI Full,0.323417474360318,0.004655569791793823,0.0,0.0,0.0,0.0,-0.34184296588609503,88
2025-06-02 21:00:00,SACSI Full,0.3232069863810649,0.004853606224060059,0.0,0.0,0.0,0.0,-0.32079769059529073,88
2025-06-02 22:00:00,SACSI Full,0.32299480314637324,0.004345029592514038,0.0,0.0,0.0,0.0,-0.2995723009954895,88
2025-06-02 23:00:00,SACSI Full,0.3227528416624179,0.00391155481338501,0.0,0.0,0.0,0.0,-0.2753667320858494,88
2025-06-03 00:00:00,SACSI Full,0.32250957284992043,0.0035193562507629395,0.0,0.0,0.0,0.0,-0.2510315941026842,88
2025-06-03 01:00:00,SACSI Full,0.3222663934443902,0.0035461783409118652,0.0,0.0,0.0,0.0,-0.22671053622673662,88
2025-06-03 02:00:00,SACSI Full,0.3220226756102354,0.0033846497535705566,0.0,0.0,0.0,0.0,-0.202336869304484,88
2025-06-03 03:00:00,SACSI Full,0.32177926076635827,0.0034755468368530273,0.0,0.0,0.0,0.0,-0.17799649654339583,88
2025-06-03 04:00:00,SACSI Full,0.32153503827954444,0.0032332539558410645,0.0,0.0,0.0,0.0,-0.1535709159623701,88
2025-06-03 05:00:00,SACSI Full,0.3212619415472459,0.0030709803104400635,0.0,0.0,0.0,0.0,-0.12625719706725322,88
2025-06-03 06:00:00,SACSI Full,0.3212917492149781,0.002442300319671631,0.0,0.0,0.0,0.0,-0.12923005430411108,88
2025-06-03 07:00:00,SACSI Full,0.3221810972101004,0.002804398536682129,0.0,0.0,0.0,0.0,-0.21816942996294397,88
2025-06-03 08:00:00,SACSI Full,0.32169825942501534,0.0016486644744873047,0.0,0.0,0.0,0.0,-0.1698704731316453,88
2025-06-03 09:00:00,SACSI Full,0.3215428825384886,0.0018869340419769287,0.0,0.0,0.0,0.0,-0.15432837522537546,88
2025-06-03 10:00:00,SACSI Full,0.3202189704361072,0.002326369285583496,0.0,0.0,0.0,0.0,-0.021947965348866824,88
2025-06-03 11:00:00,SACSI Full,0.3186133293587477,0.0028076767921447754,0.0,0.0,0.0,0.0,0.9999390333890915,88
2025-06-03 12:00:00,SACSI Full,0.31725664547667015,0.002994835376739502,0.0,0.0,0.0,0.0,0.9999382317066192,88
2025-06-03 13:00:00,SACSI Full,0.31643227745518193,0.003189593553543091,0.0,0.0,0.0,0.0,0.9999342605471611,88
2025-06-03 14:00:00,SACSI Full,0.31533255804285515,0.0035841763019561768,0.0,0.0,0.0,0.0,0.9999243706464768,88
2025-06-03 15:00:00,SACSI Full,0.3156289852466693,0.003428161144256592,0.0,0.0,0.0,0.0,0.9999298766255378,88
2025-06-03 16:00:00,SACSI Full,0.3157589831525595,0.0024993717670440674,0.0,0.0,0.0,0.0,0.999940724670887,88
2025-06-03 17:00:00,SACSI Full,0.3152262471920759,0.0016792118549346924,0.0,0.0,0.0,0.0,0.9999582141637803,88
2025-06-03 18:00:00,SACSI Full,0.31495149891441176,0.002575516700744629,0.0,0.0,0.0,0.0,0.999939526617527,88
2025-06-03 19:00:00,SACSI Full,0.31476386411811025,0.0032095611095428467,0.0,0.0,0.0,0.0,0.9999294683337212,88
2025-06-03 20:00:00,SACSI Full,0.31460228724782774,0.0025269389152526855,0.0,0.0,0.0,0.0,0.999942634999752,88
2025-06-03 21:00:00,SACSI Full,0.3144406378585608,0.002505183219909668,0.0,0.0,0.0,0.0,0.9999496787786484,88
2025-06-03 22:00:00,SACSI Full,0.31425117319966467,0.002660602331161499,0.0,0.0,0.0,0.0,0.9999452337622643,88
2025-06-03 23:00:00,SACSI Full,0.3140338873106749,0.0028142333030700684,0.0,0.0,0.0,0.0,0.9999421790242194,88
2025-06-04 00:00:00,SACSI Full,0.3138153820099941,0.0024484097957611084,0.0,0.0,0.0,0.0,0.9999473735690116,88
2025-06-04 01:00:00,SACSI Full,0.3135982803986978,0.002869516611099243,0.0,0.0,0.0,0.0,0.9999383985996246,88
2025-06-04 02:00:00,SACSI Full,0.313742004035166,0.002617090940475464,0.0,0.0,0.0,0.0,0.9999451339244843,88
2025-06-04 03:00:00,SACSI Full,0.31388542865499963,0.002527385950088501,0.0,0.0,0.0,0.0,0.9999485552310943,88
2025-06-04 04:00:00,SACSI Full,0.31505945804183794,0.0032088160514831543,0.0,0.0,0.0,0.0,0.9999290093779565,88
2025-06-04 05:00:00,SACSI Full,0.3148736565850686,0.0037595629692077637,0.0,0.0,0.0,0.0,0.9999193012714386,88
2025-06-04 06:00:00,SACSI Full,0.31465443702206125,0.002234131097793579,0.0,0.0,0.0,0.0,0.9999400630593299,88
2025-06-04 07:00:00,SACSI Full,0.31423563342159105,0.0018589198589324951,0.0,0.0,0.0,0.0,0.9999590694904328,88
2025-06-04 08:00:00,SACSI Full,0.3134228294688971,0.0026588141918182373,0.0,0.0,0.0,0.0,0.9999388247728348,88
2025-06-04 09:00:00,SACSI Full,0.3122727405077727,0.00347331166267395,0.0,0.0,0.0,0.0,0.999922388792038,88
2025-06-04 10:00:00,SACSI Full,0.3108725063449652,0.00492975115776062,0.0,0.0,0.0,0.0,0.9998868405818939,88
2025-06-04 11:00:00,SACSI Full,0.30994133567238963,0.005148798227310181,0.0,0.0,0.0,0.0,0.9998948335647583,88
2025-06-04 12:00:00,SACSI Full,0.31046043675407875,0.0062303245067596436,0.0,0.0,0.0,0.0,0.9998645782470703,88
2025-06-04 13:00:00,SACSI Full,0.30964572357878195,0.004086047410964966,0.0,0.0,0.0,0.0,0.9998968362808227,88
2025-06-04 14:00:00,SACSI Full,0.30888584135994424,0.005535334348678589,0.0,0.0,0.0,0.0,0.9998748004436493,88
2025-06-04 15:00:00,SACSI Full,0.30774351143345346,0.005801022052764893,0.0,0.0,0.0,0.0,0.9998813226819039,88
2025-06-04 16:00:00,SACSI Full,0.30682129414623094,0.0038348138332366943,0.0,0.0,0.0,0.0,0.99990364164114,88
2025-06-04 17:00:00,SACSI Full,0.3061836762943378,0.004214644432067871,0.0,0.0,0.0,0.0,0.9999119088053704,88
2025-06-04 18:00:00,SACSI Full,0.30586147920832146,0.005340874195098877,0.0,0.0,0.0,0.0,0.9998819202184678,88
2025-06-04 19:00:00,SACSI Full,0.30623042570178816,0.004183948040008545,0.0,0.0,0.0,0.0,0.9999047517776489,88
2025-06-04 20:00:00,SACSI Full,0.30602318716908605,0.005828440189361572,0.0,0.0,0.0,0.0,0.9998669862747193,88
2025-06-04 21:00:00,SACSI Full,0.30578553609435866,0.005204677581787109,0.0,0.0,0.0,0.0,0.9998896688222885,88
2025-06-04 22:00:00,SACSI Full,0.3055506019980223,0.006019771099090576,0.0,0.0,0.0,0.0,0.9998714536428451,88
2025-06-04 23:00:00,SACSI Full,0.3053128163161388,0.005164295434951782,0.0,0.0,0.0,0.0,0.9998881593346596,88
2025-06-05 00:00:00,SACSI Full,0.3050763598178339,0.0055630505084991455,0.0,0.0,0.0,0.0,0.9998847514390945,88
2025-06-05 01:00:00,SACSI Full,0.3048096094900878,0.0049749016761779785,0.0,0.0,0.0,0.0,0.9998946204781531,88
2025-06-05 02:00:00,SACSI Full,0.3045700451062631,0.004630684852600098,0.0,0.0,0.0,0.0,0.9999039441347122,88
2025-06-05 03:00:00,SACSI Full,0.3056331218686215,0.0039230287075042725,0.0,0.0,0.0,0.0,0.999914462864399,88
2025-06-05 04:00:00,SACSI Full,0.30536698795224354,0.005159825086593628,0.0,0.0,0.0,0.0,0.9998844355344773,88
2025-06-05 05:00:00,SACSI Full,0.3051003593173139,0.005011409521102905,0.0,0.0,0.0,0.0,0.999898287653923,88
2025-06-05 06:00:00,SACSI Full,0.30480467215920615,0.0047938525676727295,0.0,0.0,0.0,0.0,0.9999019473791122,88
2025-06-05 07:00:00,SACSI Full,0.30428259797955676,0.004877746105194092,0.0,0.0,0.0,0.0,0.999901606142521,88
2025-06-05 08:00:00,SACSI Full,0.30344771967793627,0.0045365095138549805,0.0,0.0,0.0,0.0,0.9999058574438096,88
2025-06-05 09:00:00,SACSI Full,0.3023039587432655,0.005371719598770142,0.0,0.0,0.0,0.0,0.9998842135071755,88
2025-06-05 10:00:00,SACSI Full,0.30084697148705647,0.004903823137283325,0.0,0.0,0.0,0.0,0.9998972445726395,88
2025-06-05 11:00:00,SACSI Full,0.2991938945156845,0.005576908588409424,0.0,0.0,0.0,0.0,0.9998817309737205,88
2025-06-05 12:00:00,SACSI Full,0.29748568520054347,0.006037205457687378,0.0,0.0,0.0,0.0,0.9998746529221535,88
2025-06-05 13:00:00,SACSI Full,0.2959496906946612,0.006701648235321045,0.0,0.0,0.0,0.0,0.9998593226075173,88
2025-06-05 14:00:00,SACSI Full,0.2946427897578987,0.007429718971252441,0.0,0.0,0.0,0.0,0.9998441249132156,88
2025-06-05 15:00:00,SACSI Full,0.2935061098550273,0.0074960291385650635,0.0,0.0,0.0,0.0,0.9998494163155556,88
2025-06-05 16:00:00,SACSI Full,0.29339856137817233,0.005735456943511963,0.0,0.0,0.0,0.0,0.9998676851391792,88
2025-06-05 17:00:00,SACSI Full,0.29296925865079093,0.007209181785583496,0.0,0.0,0.0,0.0,0.9998410791158676,88
2025-06-05 18:00:00,SACSI Full,0.29332874711180856,0.009846538305282593,0.0,0.0,0.0,0.0,0.9997766956686974,88
2025-06-05 19:00:00,SACSI Full,0.29309112706408036,0.013713985681533813,0.0,0.0,0.0,0.0,0.9996870458126068,88
2025-06-05 20:00:00,SACSI Full,0.2928968393618378,0.01821368932723999,0.0,0.0,0.0,0.0,0.9995907291769981,88
2025-06-05 21:00:00,SACSI Full,0.29273300443475575,0.01884952187538147,0.0,0.0,0.0,0.0,0.9996166512370109,88
2025-06-05 22:00:00,SACSI Full,0.2926043871774786,0.020914822816848755,0.0,0.0,0.0,0.0,0.9995610505342484,88
2025-06-05 23:00:00,SACSI Full,0.2925014697216464,0.020124763250350952,0.0,0.0,0.0,0.0,0.999589604139328,88
2025-06-06 00:00:00,SACSI Full,0.2923345567113671,0.01792609691619873,0.0,0.0,0.0,0.0,0.9996194913983345,88
2025-06-06 01:00:00,SACSI Full,0.29318816832925015,0.01558348536491394,0.0,0.0,0.0,0.0,0.9996649041771889,88
2025-06-06 02:00:00,SACSI Full,0.2947105827123436,0.00772431492805481,0.0,0.0,0.0,0.0,0.9997669219970703,88
2025-06-06 03:00:00,SACSI Full,0.30861261048937966,0.004608333110809326,0.0,0.0,0.0,0.0,0.9998766735196113,88
2025-06-06 04:00:00,SACSI Full,0.3092032317605131,0.0026863813400268555,0.0,0.0,0.0,0.0,0.9999270528554917,88
2025-06-06 05:00:00,SACSI Full,0.30934570469285183,0.00224187970161438,0.0,0.0,0.0,0.0,0.9999507173895836,88
2025-06-06 06:00:00,SACSI Full,0.31321861533547574,0.00437319278717041,0.0,0.0,0.0,0.0,0.999891223013401,88
2025-06-06 07:00:00,SACSI Full,0.31864908130710456,0.005639791488647461,0.0,0.0,0.0,0.0,0.9998745381832123,88
2025-06-06 08:00:00,SACSI Full,0.3179755325164908,0.0019353628158569336,0.0,0.0,0.0,0.0,0.9999242484569549,88
2025-06-06 09:00:00,SACSI Full,0.317964234794628,0.0026106834411621094,0.0,0.0,0.0,0.0,0.9999410331249237,88
2025-06-06 10:00:00,SACSI Full,0.31783811412001783,0.002163797616958618,0.0,0.0,0.0,0.0,0.9999522551894188,88
2025-06-06 11:00:00,SACSI Full,0.3164362711285068,0.0044471025466918945,0.0,0.0,0.0,0.0,0.9998882248997689,88
2025-06-06 12:00:00,SACSI Full,0.31589656910086805,0.0035893917083740234,0.0,0.0,0.0,0.0,0.9999196350574493,88
2025-06-06 13:00:00,SACSI Full,0.3151348012755824,0.0029696524143218994,0.0,0.0,0.0,0.0,0.9999344095587731,88
2025-06-06 14:00:00,SACSI Full,0.3141224788505349,0.0023032724857330322,0.0,0.0,0.0,0.0,0.9999472707509994,88
2025-06-06 15:00:00,SACSI Full,0.31805393343513344,0.008936375379562378,0.0,0.0,0.0,0.0,0.9997549414634704,88
2025-06-06 16:00:00,SACSI Full,0.3269150660473618,0.011339783668518066,0.0,0.0,0.0,0.0,-0.6917574344924405,88
2025-06-06 17:00:00,SACSI Full,0.3273059289374464,0.002258867025375366,0.0,0.0,0.0,0.0,-0.7307288802515804,88
2025-06-06 18:00:00,SACSI Full,0.3278118983990464,0.0027908384799957275,0.0,0.0,0.0,0.0,-0.7812509763887852,88
2025-06-06 19:00:00,SACSI Full,0.32798764489635956,0.0037239491939544678,0.0,0.0,0.0,0.0,-0.7988482997269746,88
2025-06-06 20:00:00,SACSI Full,0.32782795948013793,0.0030943751335144043,0.0,0.0,0.0,0.0,-0.7828641312570672,88
2025-06-06 21:00:00,SACSI Full,0.32758283050601816,0.0029613077640533447,0.0,0.0,0.0,0.0,-0.7583436074307913,88
2025-06-06 22:00:00,SACSI Full,0.327366467992317,0.0030912458896636963,0.0,0.0,0.0,0.0,-0.7367099235307488,88
2025-06-06 23:00:00,SACSI Full,0.32717790386026235,0.002930760383605957,0.0,0.0,0.0,0.0,-0.7178506060889674,88
2025-06-07 00:00:00,SACSI Full,0.32726676238045227,0.0031575560569763184,0.0,0.0,0.0,0.0,-0.7267416571230996,88
2025-06-07 01:00:00,SACSI Full,0.32704902498627836,0.002678781747817993,0.0,0.0,0.0,0.0,-0.704960862005883,88
2025-06-07 02:00:00,SACSI Full,0.32819716632033524,0.003942400217056274,0.0,0.0,0.0,0.0,-0.8198081162225571,88
2025-06-07 03:00:00,SACSI Full,0.34340317932829395,0.0043039023876190186,0.0,0.0,0.0,0.0,-2.340407625898852,88
2025-06-07 04:00:00,SACSI Full,0.3435864007447673,0.0059664249420166016,0.0,0.0,0.0,0.0,-2.358776028201115,88
2025-06-07 05:00:00,SACSI Full,0.3433991245697452,0.0033171474933624268,0.0,0.0,0.0,0.0,-2.3400052926988724,88
2025-06-07 06:00:00,SACSI Full,0.34353228599771984,0.007948428392410278,0.0,0.0,0.0,0.0,-2.3534338811488222,88
2025-06-07 07:00:00,SACSI Full,0.34314869957034916,0.003924071788787842,0.0,0.0,0.0,0.0,-2.314988682036727,88
2025-06-07 08:00:00,SACSI Full,0.34242003333712745,0.002400130033493042,0.0,0.0,0.0,0.0,-2.242066575730967,88
2025-06-07 09:00:00,SACSI Full,0.3416856546082609,0.0026863813400268555,0.0,0.0,0.0,0.0,-2.168622050965954,88
2025-06-07 10:00:00,SACSI Full,0.3405055469924721,0.0029677152633666992,0.0,0.0,0.0,0.0,-2.0506168668917097,88
2025-06-07 11:00:00,SACSI Full,0.33982353953505684,0.0033977627754211426,0.0,0.0,0.0,0.0,-1.9824262092363123,88
2025-06-07 12:00:00,SACSI Full,0.3396458141182376,0.003682374954223633,0.0,0.0,0.0,0.0,-1.9646579054446296,88
2025-06-07 13:00:00,SACSI Full,0.3495035866417997,0.06533175706863403,0.0,0.0,0.0,0.0,-2.952281793142486,88
2025-06-07 14:00:00,SACSI Full,0.3514540974923235,0.01412317156791687,0.0,0.048469916410782334,0.0,0.0,-3.146204298518713,88
2025-06-07 15:00:00,SACSI Full,0.3515427782014842,0.007530152797698975,0.0,0.0514259400494737,0.0,0.0,-3.1544943533920775,88
2025-06-07 16:00:00,SACSI Full,0.3547154290381523,0.029976218938827515,0.0,0.15718096793840886,-1.4210854715202004e-14,0.0,-3.472366888855416,88
2025-06-07 17:00:00,SACSI Full,0.3542026521589266,0.005255341529846191,0.0,0.14008840529755276,0.0,0.0,-3.420617531497346,88
2025-06-07 18:00:00,SACSI Full,0.35654615317933924,0.1062554121017456,0.0,0.21820510597797382,0.0,0.0,-3.657750426881677,88
2025-06-07 19:00:00,SACSI Full,0.35668700737458314,0.0246565043926239,0.0,0.22290024581943868,0.0,0.0,-3.670009856623257,88
2025-06-07 20:00:00,SACSI Full,0.3558858760510252,0.006856471300125122,0.0,0.19619586836750644,0.0,0.0,-3.5889027348594444,88
2025-06-07 21:00:00,SACSI Full,0.35513220729872874,0.01297295093536377,0.0,0.17107357662429196,0.0,0.0,-3.513541353687933,88
2025-06-07 22:00:00,SACSI Full,0.3544561289729353,0.013714134693145752,0.0,0.14853763243117726,0.0,0.0,-3.4458945918249726,88
2025-06-07 23:00:00,SACSI Full,0.3538137202501604,0.010901391506195068,0.0,0.12712400833868004,0.0,0.0,-3.3816181802780316,88
2025-06-08 00:00:00,SACSI Full,0.35323649698427106,0.01121625304222107,0.0,0.10788323280903428,0.0,0.0,-3.3238771721033107,88
2025-06-08 01:00:00,SACSI Full,0.35271784496412384,0.011499226093292236,0.0,0.09059483213746092,0.0,0.0,-3.27201731066476,88
2025-06-08 02:00:00,SACSI Full,0.35225305102728943,0.012163519859313965,0.0,0.07510170090964721,0.0,0.0,-3.225555016063789,88
2025-06-08 03:00:00,SACSI Full,0.3534496622575206,0.024972110986709595,0.0,0.11498874191735382,0.0,0.0,-3.345593753883069,88
2025-06-08 04:00:00,SACSI Full,0.3535572323193147,0.010345429182052612,0.0,0.11857441064382357,0.0,0.0,-3.356076407333156,88
2025-06-08 05:00:00,SACSI Full,0.3533448753493423,0.007288753986358643,0.0,0.11149584497807581,0.0,0.0,-3.334663876765912,88
2025-06-08 06:00:00,SACSI Full,0.35475577389252727,0.04979535937309265,0.0,0.15852579641757672,0.0,0.0,-3.4769983624940553,88
2025-06-08 07:00:00,SACSI Full,0.3546345960351159,0.028633177280426025,0.0,0.15448653450386163,0.0,0.0,-3.4642438888781224,88
2025-06-08 08:00:00,SACSI Full,0.3549028371821936,0.01390025019645691,0.0,0.1634279060731217,0.0,0.0,-3.4907090524941298,88
2025-06-08 09:00:00,SACSI Full,0.3549253115265754,0.006919354200363159,0.0,0.1641770508858457,0.0,0.0,-3.4927393487015093,88
2025-06-08 10:00:00,SACSI Full,0.3558847587989438,0.02849280834197998,0.0,0.19615862663145978,0.0,0.0,-3.5892614706026373,88
2025-06-08 11:00:00,SACSI Full,0.3547197670966388,0.005328059196472168,0.0,0.15732556988796065,0.0,0.0,-3.4723149183392663,88
2025-06-08 12:00:00,SACSI Full,0.3530598502438666,0.0035199522972106934,0.0,0.10199500812888546,0.0,0.0,-3.3060735045015965,88
2025-06-08 13:00:00,SACSI Full,0.3522518806556524,0.004671812057495117,0.0,0.07506268852174572,0.0,0.0,-3.2252930204039907,88
2025-06-08 14:00:00,SACSI Full,0.3523910600288803,0.008455812931060791,0.0,0.07970200096267775,0.0,0.0,-3.2393129591553884,88
2025-06-08 15:00:00,SACSI Full,0.35194317195702446,0.008905977010726929,0.0,0.06477239856748156,0.0,0.0,-3.1944998168834564,88
2025-06-08 16:00:00,SACSI Full,0.35167154504390524,0.010230094194412231,0.0,0.05571816813017421,0.0,0.0,-3.1673723474462485,88
2025-06-08 17:00:00,SACSI Full,0.35120627957140177,0.011129677295684814,0.0,0.04020931904672551,0.0,0.0,-3.1208595465171025,88
2025-06-08 18:00:00,SACSI Full,0.3508670026989708,0.01211702823638916,0.0,0.028900089965692644,0.0,0.0,-3.086952483971215,88
2025-06-08 19:00:00,SACSI Full,0.3506134206255611,0.012372732162475586,0.0,0.02044735418537158,0.0,0.0,-3.0615920742386207,88
2025-06-08 20:00:00,SACSI Full,0.3504054964032474,0.010639280080795288,0.0,0.013516546774913252,0.0,0.0,-3.0407797604471742,88
2025-06-08 21:00:00,SACSI Full,0.3501589299498829,0.007827728986740112,0.0,0.0052976649960967855,0.0,0.0,-3.016077665078965,88
2025-06-08 22:00:00,SACSI Full,0.3499282357306116,0.007291734218597412,0.0,0.0,0.0,0.0,-2.9929747676932132,88
2025-06-08 23:00:00,SACSI Full,0.34972149688351484,0.00597834587097168,0.0,0.0,0.0,0.0,-2.972282389152379,88
2025-06-09 00:00:00,SACSI Full,0.3495362601807548,0.0039289891719818115,0.0,0.0,0.0,0.0,-2.9537250914259077,88
2025-06-09 01:00:00,SACSI Full,0.3493261983747118,0.0049814581871032715,0.0,0.0,0.0,0.0,-2.932729991325072,88
2025-06-09 02:00:00,SACSI Full,0.3491204251228604,0.006268024444580078,0.0,0.0,0.0,0.0,-2.912180738437506,88
2025-06-09 03:00:00,SACSI Full,0.3489163361989293,0.006773322820663452,0.0,0.0,0.0,0.0,-2.8917741393331045,88
2025-06-09 04:00:00,SACSI Full,0.3500145003869683,0.014932602643966675,0.0,0.0004833462322764604,0.0,0.0,-3.001830283547941,88
2025-06-09 05:00:00,SACSI Full,0.3526181033635036,0.04485100507736206,0.0,0.08727011211678644,0.0,0.0,-3.2630065404762383,88
2025-06-09 06:00:00,SACSI Full,0.3544949397516158,0.07238224148750305,0.0,0.14983132505385868,0.0,0.0,-3.451216932355429,88
2025-06-09 07:00:00,SACSI Full,0.354030661303035,0.005571842193603516,0.0,0.134355376767833,0.0,0.0,-3.4038456711403113,88
2025-06-09 08:00:00,SACSI Full,0.3538015406394883,0.00448182225227356,0.0,0.12671802131627743,0.0,0.0,-3.38025460059329,88
2025-06-09 09:00:00,SACSI Full,0.35298606198247234,0.0033918023109436035,0.0,0.09953539941574406,0.0,0.0,-3.298684934492866,88
2025-06-09 10:00:00,SACSI Full,0.35202980197539296,0.0037820637226104736,0.0,0.06766006584643094,0.0,0.0,-3.2030597414278645,88
2025-06-09 11:00:00,SACSI Full,0.35081443532970874,0.004537850618362427,0.0,0.027147844323624784,0.0,0.0,-3.081541847852198,88
2025-06-09 12:00:00,SACSI Full,0.3496072907816105,0.003356635570526123,0.0,0.0,0.0,0.0,-2.960808023022939,88
2025-06-09 13:00:00,SACSI Full,0.34834148281124566,0.0027576088905334473,0.0,0.0,0.0,0.0,-2.8342094235691757,88
2025-06-09 14:00:00,SACSI Full,0.3472173320701453,0.002754777669906616,0.0,0.0,0.0,0.0,-2.7217883308801363,88
2025-06-09 15:00:00,SACSI Full,0.34634752617465786,0.0025582313537597656,0.0,0.0,0.0,0.0,-2.634805747556022,88
2025-06-09 16:00:00,SACSI Full,0.345762487600916,0.0029884278774261475,0.0,0.0,0.0,0.0,-2.576312830614383,88
2025-06-09 17:00:00,SACSI Full,0.3453501123613848,0.003787428140640259,0.0,0.0,0.0,0.0,-2.535094974703924,88
2025-06-09 18:00:00,SACSI Full,0.34649934813447136,0.029770731925964355,0.0,0.0,0.0,0.0,-2.650790061123508,88
2025-06-09 19:00:00,SACSI Full,0.3463270520967974,0.007811188697814941,0.0,0.0,0.0,0.0,-2.63308102888598,88
2025-06-09 20:00:00,SACSI Full,0.3461880112459991,0.009287744760513306,0.0,0.0,0.0,0.0,-2.6190016450557496,88
2025-06-09 21:00:00,SACSI Full,0.34604121185727255,0.006960183382034302,0.0,0.0,0.0,0.0,-2.60428366500868,88
2025-06-09 22:00:00,SACSI Full,0.3458914481308792,0.006070882081985474,0.0,0.0,0.0,0.0,-2.589275123742558,88
2025-06-09 23:00:00,SACSI Full,0.3457366547658775,0.00456199049949646,0.0,0.0,0.0,0.0,-2.5737718053135645,88
2025-06-10 00:00:00,SACSI Full,0.34557934658157163,0.003807544708251953,0.0,0.0,0.0,0.0,-2.5580183535092407,88
2025-06-10 01:00:00,SACSI Full,0.3453913298188382,0.003094971179962158,0.0,0.0,0.0,0.0,-2.5392020070427,88
2025-06-10 02:00:00,SACSI Full,0.34520222378122145,0.002768188714981079,0.0,0.0,0.0,0.0,-2.5202810097210944,88
2025-06-10 03:00:00,SACSI Full,0.34501621370819546,0.0036969780921936035,0.0,0.0,0.0,0.0,-2.501704598275162,88
2025-06-10 04:00:00,SACSI Full,0.3448018921568725,0.0037035346031188965,0.0,0.0,0.0,0.0,-2.4802633519444224,88
2025-06-10 05:00:00,SACSI Full,0.3445905612686012,0.004600733518600464,0.0,0.0,0.0,0.0,-2.4591571135196477,88
2025-06-10 06:00:00,SACSI Full,0.3443263923186793,0.005749315023422241,0.0,0.0,0.0,0.0,-2.4327657039834447,88
2025-06-10 07:00:00,SACSI Full,0.34459547861205875,0.008225888013839722,0.0,0.0,0.0,0.0,-2.459737144696055,88
2025-06-10 08:00:00,SACSI Full,0.34386603503492813,0.002166926860809326,0.0,0.0,0.0,0.0,-2.386707431641559,88
2025-06-10 09:00:00,SACSI Full,0.3428818974283073,0.0022587180137634277,0.0,0.0,0.0,0.0,-2.2882358351025367,88
2025-06-10 10:00:00,SACSI Full,0.3427059502167239,0.004215836524963379,0.0,0.0,0.0,0.0,-2.270698909588001,88
2025-06-10 11:00:00,SACSI Full,0.3437044357167417,0.007545650005340576,0.0,0.0,0.0,0.0,-2.3706277828090796,88
2025-06-10 12:00:00,SACSI Full,0.34350386903789976,0.005329996347427368,0.0,0.0,0.0,0.0,-2.3505156602535027,88
2025-06-10 13:00:00,SACSI Full,0.34254598914570944,0.0036360323429107666,0.0,0.0,0.0,0.0,-2.2546885748578465,88
2025-06-10 14:00:00,SACSI Full,0.341701211618854,0.003566741943359375,0.0,0.0,0.0,0.0,-2.170193189628259,88
2025-06-10 15:00:00,SACSI Full,0.3412163498722249,0.003041476011276245,0.0,0.0,0.0,0.0,-2.1217010694020333,88
2025-06-10 16:00:00,SACSI Full,0.34115909682221546,0.003824084997177124,0.0,0.0,0.0,0.0,-2.1159939900113476,88
2025-06-10 17:00:00,SACSI Full,0.3423790907091631,0.01049816608428955,0.0,0.0,0.0,0.0,-2.238185775048868,88
2025-06-10 18:00:00,SACSI Full,0.35341084455013877,0.008220970630645752,0.0,0.11369481833795875,0.0,0.0,-3.3412716463810255,88
2025-06-10 19:00:00,SACSI Full,0.35288139200926366,0.0052106380462646484,0.0,0.09604640030878926,0.0,0.0,-3.2882735170131343,88
2025-06-10 20:00:00,SACSI Full,0.352682057304864,0.01460149884223938,0.0,0.0894019101621339,0.0,0.0,-3.268591669071206,88
2025-06-10 21:00:00,SACSI Full,0.3543341514324708,0.042099952697753906,0.0,0.14447171441569537,0.0,0.0,-3.434532126839592,88
2025-06-10 22:00:00,SACSI Full,0.3543144164862243,0.022893399000167847,0.0,0.14381388287414296,0.0,0.0,-3.4320915821394093,88
2025-06-10 23:00:00,SACSI Full,0.3618252822821743,0.01543581485748291,0.0,0.3941760760724776,0.0,0.0,-4.182911520356007,88
2025-06-11 00:00:00,SACSI Full,0.3710825006102389,0.022415518760681152,0.0,0.7027500203412971,0.0,0.0,-5.108768168438135,88
2025-06-11 01:00:00,SACSI Full,0.3704857747761189,0.0633414089679718,0.0,0.6828591592039643,0.0,0.0,-5.050253564693319,88
2025-06-11 02:00:00,SACSI Full,0.36923527838919573,0.02552703022956848,0.0,0.6411759463065239,0.0,0.0,-4.924416523311548,88
2025-06-11 03:00:00,SACSI Full,0.3671459326896728,0.01272737979888916,0.0,0.5715310896557612,0.0,0.0,-4.714975813067566,88
2025-06-11 04:00:00,SACSI Full,0.3652707527617509,0.014471113681793213,0.0,0.5090250920583642,0.0,0.0,-4.527382135787556,88
2025-06-11 05:00:00,SACSI Full,0.3638581429146434,0.014655143022537231,0.0,0.4619380971547813,0.0,0.0,-4.386109234618199,88
2025-06-11 06:00:00,SACSI Full,0.3631906807812487,0.024450719356536865,0.0,0.43968935937495673,0.0,0.0,-4.319655048275342,88
2025-06-11 07:00:00,SACSI Full,0.3715513767834098,0.028588026762008667,0.0,0.7183792261136617,1.4210854715202004e-14,0.0,-5.155750811950276,88
2025-06-11 08:00:00,SACSI Full,0.3688559582756392,0.006906390190124512,0.0,0.6285319425213075,0.0,0.0,-4.885950771733443,88
2025-06-11 09:00:00,SACSI Full,0.3661692871531038,0.0049749016761779785,0.0,0.5389762384367941,0.0,0.0,-4.617047528229044,88
2025-06-11 10:00:00,SACSI Full,0.36354724872113964,0.004963427782058716,0.0,0.4515749573713208,0.0,0.0,-4.354824255408546,88
2025-06-11 11:00:00,SACSI Full,0.3608793644776496,0.004280209541320801,0.0,0.3626454825883215,0.0,0.0,-4.088028884138196,88
2025-06-11 12:00:00,SACSI Full,0.3588351985756057,0.006256848573684692,0.0,0.29450661918685767,0.0,0.0,-3.8836647609223665,88
2025-06-11 13:00:00,SACSI Full,0.3566152737433461,0.005031675100326538,0.0,0.2205091247782036,0.0,0.0,-3.661640259571351,88
2025-06-11 14:00:00,SACSI Full,0.3547408297036959,0.0036944448947906494,0.0,0.1580276567898622,0.0,0.0,-3.474170231569542,88
2025-06-11 15:00:00,SACSI Full,0.3531286550284809,0.0031360983848571777,0.0,0.1042885009493631,0.0,0.0,-3.312933808280885,88
2025-06-11 16:00:00,SACSI Full,0.3519048499938297,0.002353489398956299,0.0,0.06349499979432238,0.0,0.0,-3.190539895260808,88
2025-06-11 17:00:00,SACSI Full,0.35113976014439297,0.003965049982070923,0.0,0.03799200481309839,0.0,0.0,-3.114071431044769,88
2025-06-11 18:00:00,SACSI Full,0.3506609746395114,0.005896836519241333,0.0,0.022032487983713624,0.0,0.0,-3.0662347185468963,88
2025-06-11 19:00:00,SACSI Full,0.3503341258335021,0.006582885980606079,0.0,0.011137527783402846,0.0,0.0,-3.033551101564435,88
2025-06-11 20:00:00,SACSI Full,0.3501621891322052,0.004825294017791748,0.0,0.005406304406841401,0.0,0.0,-3.016332995020504,88
2025-06-11 21:00:00,SACSI Full,0.35001357316049775,0.006867647171020508,0.0,0.00045243868325854923,0.0,0.0,-3.001515092524727,88
2025-06-11 22:00:00,SACSI Full,0.34989140217972636,0.005848705768585205,0.0,0.0,0.0,0.0,-2.9892673815020316,88
2025-06-11 23:00:00,SACSI Full,0.34979268340858655,0.004384368658065796,0.0,0.0,0.0,0.0,-2.9793706716029202,88
2025-06-12 00:00:00,SACSI Full,0.349664677629797,0.004098266363143921,0.0,0.0,0.0,0.0,-2.9665525893299143,88
2025-06-12 01:00:00,SACSI Full,0.349517772442826,0.006928443908691406,0.0,0.0,0.0,0.0,-2.9519441149362287,88
2025-06-12 02:00:00,SACSI Full,0.34925673571698707,0.006688982248306274,0.0,0.0,0.0,0.0,-2.925809745960276,88
2025-06-12 03:00:00,SACSI Full,0.3489631491259022,0.005424022674560547,0.0,0.0,0.0,0.0,-2.8964360426394484,88
2025-06-12 04:00:00,SACSI Full,0.3486686769091371,0.005158334970474243,0.0,0.0,0.0,0.0,-2.866973514490161,88
2025-06-12 05:00:00,SACSI Full,0.34837364093177353,0.004989206790924072,0.0,0.0,0.0,0.0,-2.8374655685949666,88
2025-06-12 06:00:00,SACSI Full,0.34804872885418764,0.004526376724243164,0.0,0.0,0.0,0.0,-2.8049680412539146,88
2025-06-12 07:00:00,SACSI Full,0.34755129003636864,0.003768354654312134,0.0,0.0,0.0,0.0,-2.755211950950649,88
2025-06-12 08:00:00,SACSI Full,0.3467071471861286,0.0017571449279785156,0.0,0.0,0.0,0.0,-2.670769973608683,88
2025-06-12 09:00:00,SACSI Full,0.3455518408317648,0.0019080936908721924,0.0,0.0,0.0,0.0,-2.555223754537928,88
2025-06-12 10:00:00,SACSI Full,0.34422904333624077,0.0026607513427734375,0.0,0.0,0.0,0.0,-2.4229650752274505,88
2025-06-12 11:00:00,SACSI Full,0.34276286653392346,0.0021469593048095703,0.0,0.0,0.0,0.0,-2.2763347304988213,88
2025-06-12 12:00:00,SACSI Full,0.3411276707247181,0.0024412572383880615,0.0,0.0,0.0,0.0,-2.112818840595914,88
2025-06-12 13:00:00,SACSI Full,0.3394909435728474,0.0019818544387817383,0.0,0.0,0.0,0.0,-1.9491385884015135,88
2025-06-12 14:00:00,SACSI Full,0.3379973453882618,0.0024205446243286133,0.0,0.0,0.0,0.0,-1.799787336620523,88
2025-06-12 15:00:00,SACSI Full,0.3367576837574724,0.002101510763168335,0.0,0.0,0.0,0.0,-1.6758135963011134,88
2025-06-12 16:00:00,SACSI Full,0.3357707775151018,0.0014281272888183594,0.0,0.0,0.0,0.0,-1.5771130478907007,88
2025-06-12 17:00:00,SACSI Full,0.3350686485285842,0.0018613040447235107,0.0,0.0,0.0,0.0,-1.506906410706873,88
2025-06-12 18:00:00,SACSI Full,0.33496222944689624,0.004074275493621826,0.0,0.0,0.0,0.0,-1.496326559913985,88
2025-06-12 19:00:00,SACSI Full,0.33505689445289805,0.004899501800537109,0.0,0.0,0.0,0.0,-1.5057956875888838,88
2025-06-12 20:00:00,SACSI Full,0.3351825437088095,0.005694776773452759,0.0,0.0,0.0,0.0,-1.5183762191661487,88
2025-06-12 21:00:00,SACSI Full,0.33496846603982483,0.0037766993045806885,0.0,0.0,0.0,0.0,-1.4969413187432627,88
2025-06-12 22:00:00,SACSI Full,0.3347767850815538,0.0019957125186920166,0.0,0.0,0.0,0.0,-1.4777362322736105,88
2025-06-12 23:00:00,SACSI Full,0.33461200048797163,0.001564621925354004,0.0,0.0,0.0,0.0,-1.4612356521416026,88
2025-06-13 00:00:00,SACSI Full,0.33444755613757005,0.0016666948795318604,0.0,0.0,0.0,0.0,-1.4447899683841363,88
2025-06-13 01:00:00,SACSI Full,0.3342551400553468,0.0017751753330230713,0.0,0.0,0.0,0.0,-1.4255505938458735,88
2025-06-13 02:00:00,SACSI Full,0.3340902655580921,0.0015376508235931396,0.0,0.0,0.0,0.0,-1.409059684070778,88
2025-06-13 03:00:00,SACSI Full,0.3339524076282266,0.0011426210403442383,0.0,0.0,0.0,0.0,-1.3952675655412974,88
2025-06-13 04:00:00,SACSI Full,0.33381469175609774,0.0011852383613586426,0.0,0.0,0.0,0.0,-1.3814933065502102,88
2025-06-13 05:00:00,SACSI Full,0.33367732308102477,0.0012893974781036377,0.0,0.0,0.0,0.0,-1.3677591376432057,88
2025-06-13 06:00:00,SACSI Full,0.3334857439473552,0.0020262598991394043,0.0,0.0,0.0,0.0,-1.348622288557712,88
2025-06-13 07:00:00,SACSI Full,0.3330937338935616,0.0013969838619232178,0.0,0.0,0.0,0.0,-1.3094076217937716,88
2025-06-13 08:00:00,SACSI Full,0.33236220415386386,0.0015410780906677246,0.0,0.0,0.0,0.0,-1.2362526778904863,88
2025-06-13 09:00:00,SACSI Full,0.3312918888588034,0.0019054114818572998,0.0,0.0,0.0,0.0,-1.129230637443888,88
2025-06-13 10:00:00,SACSI Full,0.3299394055012149,0.002254992723464966,0.0,0.0,0.0,0.0,-0.9939891457883769,88
2025-06-13 11:00:00,SACSI Full,0.32836475215070277,0.003603994846343994,0.0,0.0,0.0,0.0,-0.8365607849884316,88
2025-06-13 12:00:00,SACSI Full,0.3267078510446631,0.004429668188095093,0.0,0.0,0.0,0.0,-0.6708819545634888,88
2025-06-13 13:00:00,SACSI Full,0.32508092239968805,0.004921406507492065,0.0,0.0,0.0,0.0,-0.5081955854821486,88
2025-06-13 14:00:00,SACSI Full,0.32356487833055686,0.004186779260635376,0.0,0.0,0.0,0.0,-0.3565789149133666,88
2025-06-13 15:00:00,SACSI Full,0.3223023997763081,0.0037564337253570557,0.0,0.0,0.0,0.0,-0.23031940976066834,88
2025-06-13 16:00:00,SACSI Full,0.32137497850689123,0.0022736191749572754,0.0,0.0,0.0,0.0,-0.13755815121812537,88
2025-06-13 17:00:00,SACSI Full,0.32078686979723803,0.002067387104034424,0.0,0.0,0.0,0.0,-0.07873038978659204,88
2025-06-13 18:00:00,SACSI Full,0.32048686974637536,0.0034999847412109375,0.0,0.0,0.0,0.0,-0.048771300308731114,88
2025-06-13 19:00:00,SACSI Full,0.32033054056835997,0.00410124659538269,0.0,0.0,0.0,0.0,-0.03314209438644542,88
2025-06-13 20:00:00,SACSI Full,0.3201777355149669,0.005158483982086182,0.0,0.0,0.0,0.0,-0.017887293550200224,88
2025-06-13 21:00:00,SACSI Full,0.3200500982915643,0.0042088329792022705,0.0,0.0,0.0,0.0,-0.005103502326039999,88
2025-06-13 22:00:00,SACSI Full,0.3199227928673508,0.004308372735977173,0.0,0.0,0.0,0.0,0.9999128371477127,88
2025-06-13 23:00:00,SACSI Full,0.31979333571546104,0.0036628544330596924,0.0,0.0,0.0,0.0,0.9999202877283095,88
2025-06-14 00:00:00,SACSI Full,0.319661741737056,0.003021806478500366,0.0,0.0,0.0,0.0,0.9999331533908844,88
2025-06-14 01:00:00,SACSI Full,0.3195586916950625,0.0030849874019622803,0.0,0.0,0.0,0.0,0.9999376684427261,88
2025-06-14 02:00:00,SACSI Full,0.3194544763822637,0.0027354061603546143,0.0,0.0,0.0,0.0,0.9999417960643768,88
2025-06-14 03:00:00,SACSI Full,0.319378303830155,0.0026482343673706055,0.0,0.0,0.0,0.0,0.9999461635947228,88
2025-06-14 04:00:00,SACSI Full,0.3193299470443807,0.002492964267730713,0.0,0.0,0.0,0.0,0.9999485880136489,88
2025-06-14 05:00:00,SACSI Full,0.3193120887306613,0.0031425058841705322,0.0,0.0,0.0,0.0,0.9999306544661523,88
2025-06-14 06:00:00,SACSI Full,0.3192349913131478,0.002370774745941162,0.0,0.0,0.0,0.0,0.9999448671936989,88
2025-06-14 07:00:00,SACSI Full,0.3188995307035528,0.0013618171215057373,0.0,0.0,0.0,0.0,0.9999626740813256,88
2025-06-14 08:00:00,SACSI Full,0.31814314854177655,0.0025853514671325684,0.0,0.0,0.0,0.0,0.9999360576272011,88
2025-06-14 09:00:00,SACSI Full,0.317047116060583,0.002690255641937256,0.0,0.0,0.0,0.0,0.9999451458454133,88
2025-06-14 10:00:00,SACSI Full,0.31564190292311534,0.003436058759689331,0.0,0.0,0.0,0.0,0.9999238207936287,88
2025-06-14 11:00:00,SACSI Full,0.313985605314104,0.004610717296600342,0.0,0.0,0.0,0.0,0.999896039068699,88
2025-06-14 12:00:00,SACSI Full,0.3122524293346487,0.007047206163406372,0.0,0.0,0.0,0.0,0.9998346909880638,88
2025-06-14 13:00:00,SACSI Full,0.3106320954469127,0.006899833679199219,0.0,0.0,0.0,0.0,0.999860529601574,88
2025-06-14 14:00:00,SACSI Full,0.30906816298517414,0.006820261478424072,0.0,0.0,0.0,0.0,0.9998627990484238,88
2025-06-14 15:00:00,SACSI Full,0.3077241315662148,0.004790574312210083,0.0,0.0,0.0,0.0,0.9998838916420937,88
2025-06-14 16:00:00,SACSI Full,0.30674827453486947,0.0047428905963897705,0.0,0.0,0.0,0.0,0.999904665350914,88
2025-06-14 17:00:00,SACSI Full,0.30616888946168447,0.004684478044509888,0.0,0.0,0.0,0.0,0.999905726313591,88
2025-06-14 18:00:00,SACSI Full,0.3059640738577925,0.006555318832397461,0.0,0.0,0.0,0.0,0.9998501852154732,88
2025-06-14 19:00:00,SACSI Full,0.3058491334171377,0.008017867803573608,0.0,0.0,0.0,0.0,0.9998250171542168,88
2025-06-14 20:00:00,SACSI Full,0.3058278252191626,0.010607540607452393,0.0,0.0,0.0,0.0,0.9997619524598121,88
2025-06-14 21:00:00,SACSI Full,0.30580895137422115,0.011337846517562866,0.0,0.0,0.0,0.0,0.9997659400105476,88
2025-06-14 22:00:00,SACSI Full,0.3058173002293987,0.011004656553268433,0.0,0.0,0.0,0.0,0.9997765749692916,88
2025-06-14 23:00:00,SACSI Full,0.30582897601716547,0.012002736330032349,0.0,0.0,0.0,0.0,0.9997499644756318,88
2025-06-15 00:00:00,SACSI Full,0.30583249192906253,0.009554773569107056,0.0,0.0,0.0,0.0,0.9997844249010086,88
2025-06-15 01:00:00,SACSI Full,0.3058302932456417,0.007840394973754883,0.0,0.0,0.0,0.0,0.9998260483145713,88
2025-06-15 02:00:00,SACSI Full,0.3058265200061881,0.007368028163909912,0.0,0.0,0.0,0.0,0.9998479157686233,88
2025-06-15 03:00:00,SACSI Full,0.3058215338122133,0.007004141807556152,0.0,0.0,0.0,0.0,0.9998562783002853,88
2025-06-15 04:00:00,SACSI Full,0.3057854843921744,0.006185173988342285,0.0,0.0,0.0,0.0,0.999868106842041,88
2025-06-15 05:00:00,SACSI Full,0.30577865144762234,0.0064501166343688965,0.0,0.0,0.0,0.0,0.9998683482408524,88
2025-06-15 06:00:00,SACSI Full,0.3057422846328501,0.006089955568313599,0.0,0.0,0.0,0.0,0.9998745992779732,88
2025-06-15 07:00:00,SACSI Full,0.3054714419495348,0.00374719500541687,0.0,0.0,0.0,0.0,0.9999016284942627,88
2025-06-15 08:00:00,SACSI Full,0.30477295580022373,0.002954155206680298,0.0,0.0,0.0,0.0,0.999932986497879,88
2025-06-15 09:00:00,SACSI Full,0.30366137518200115,0.006525814533233643,0.0,0.0,0.0,0.0,0.9998337671160699,88
2025-06-15 10:00:00,SACSI Full,0.3021942494069818,0.01036226749420166,0.0,0.0,0.0,0.0,0.9997543901205063,88
2025-06-15 11:00:00,SACSI Full,0.30050672787063154,0.012243539094924927,0.0,0.0,0.0,0.0,0.9997363165020943,88
2025-06-15 12:00:00,SACSI Full,0.29870888800256284,0.01314803957939148,0.0,0.0,0.0,0.0,0.9997279942035675,88
2025-06-15 13:00:00,SACSI Full,0.29693135272217624,0.010739415884017944,0.0,0.0,0.0,0.0,0.9997611254453659,88
2025-06-15 14:00:00,SACSI Full,0.2953242808679028,0.010878443717956543,0.0,0.0,0.0,0.0,0.9997810408473016,88
2025-06-15 15:00:00,SACSI Full,0.29402141615900235,0.008640587329864502,0.0,0.0,0.0,0.0,0.9998048096895218,88
2025-06-15 16:00:00,SACSI Full,0.29305596560192937,0.007864832878112793,0.0,0.0,0.0,0.0,0.9998349457979202,88
2025-06-15 17:00:00,SACSI Full,0.2925285739258213,0.01178249716758728,0.0,0.0,0.0,0.0,0.9997251734137534,88
2025-06-15 18:00:00,SACSI Full,0.29243355431668794,0.030994117259979248,0.0,0.0,0.0,0.0,0.9991880014538764,88
2025-06-15 19:00:00,SACSI Full,0.2923722610365633,0.024112015962600708,0.0,0.0,0.0,0.0,0.9994489386677742,88
2025-06-15 20:00:00,SACSI Full,0.2923527158772234,0.019636452198028564,0.0,0.0,0.0,0.0,0.9995625153183937,88
2025-06-15 21:00:00,SACSI Full,0.29232956910722296,0.01855596899986267,0.0,0.0,0.0,0.0,0.9996180757880211,88
2025-06-15 22:00:00,SACSI Full,0.29227834977421,0.01863420009613037,0.0,0.0,0.0,0.0,0.9996265336871147,88
2025-06-15 23:00:00,SACSI Full,0.29222345134449834,0.017530471086502075,0.0,0.0,0.0,0.0,0.9996383532881736,88
2025-06-16 00:00:00,SACSI Full,0.2921434918764515,0.01851215958595276,0.0,0.0,0.0,0.0,0.9996199399232865,88
2025-06-16 01:00:00,SACSI Full,0.29202101614984705,0.014257282018661499,0.0,0.0,0.0,0.0,0.9996723055839539,88
2025-06-16 02:00:00,SACSI Full,0.291897830134559,0.014044195413589478,0.0,0.0,0.0,0.0,0.9997169852256775,88
2025-06-16 03:00:00,SACSI Full,0.2917798297233664,0.015599876642227173,0.0,0.0,0.0,0.0,0.9996724456548691,88
2025-06-16 04:00:00,SACSI Full,0.29205560625983107,0.01673296093940735,0.0,0.0,0.0,0.0,0.99965400993824,88
2025-06-16 05:00:00,SACSI Full,0.29207229006243574,0.022005140781402588,0.0,0.0,0.0,0.0,0.999507175385952,88
2025-06-16 06:00:00,SACSI Full,0.29231808072679066,0.016237199306488037,0.0,0.0,0.0,0.0,0.9996175765991211,88
2025-06-16 07:00:00,SACSI Full,0.29303346463474456,0.008115172386169434,0.0,0.0,0.0,0.0,0.9997564762830734,88
2025-06-16 08:00:00,SACSI Full,0.2951237135461253,0.005574673414230347,0.0,0.0,0.0,0.0,0.999863101541996,88
2025-06-16 09:00:00,SACSI Full,0.2987128037002963,0.006227046251296997,0.0,0.0,0.0,0.0,0.9998689353466035,88
2025-06-16 10:00:00,SACSI Full,0.2979641081670206,0.006891340017318726,0.0,0.0,0.0,0.0,0.9998555302619935,88
2025-06-16 11:00:00,SACSI Full,0.29640071883552094,0.015483200550079346,0.0,0.0,0.0,0.0,0.9996044173836708,88
2025-06-16 12:00:00,SACSI Full,0.2947087810916982,0.010918676853179932,0.0,0.0,0.0,0.0,0.9997359812259674,88
2025-06-16 13:00:00,SACSI Full,0.2930755370691699,0.011526793241500854,0.0,0.0,0.0,0.0,0.9997633829712868,88
2025-06-16 14:00:00,SACSI Full,0.2915112904241961,0.015226006507873535,0.0,0.0,0.0,0.0,0.9996584877371788,88
2025-06-16 15:00:00,SACSI Full,0.29023367424282254,0.016215145587921143,0.0,0.0,0.0,0.0,0.9996658056974411,88
2025-06-16 16:00:00,SACSI Full,0.2893024161556643,0.009622573852539062,0.0,0.0,0.0,0.0,0.9997416228055953,88
2025-06-16 17:00:00,SACSI Full,0.28881985118024367,0.008230507373809814,0.0,0.0,0.0,0.0,0.9998214691877365,88
2025-06-16 18:00:00,SACSI Full,0.288701050576695,0.015359818935394287,0.0,0.0,0.0,0.0,0.9996215105056763,88
2025-06-16 19:00:00,SACSI Full,0.28956962322585594,0.011571794748306274,0.0,0.0,0.0,0.0,0.999730683863163,88
2025-06-16 20:00:00,SACSI Full,0.28957422711961284,0.035381168127059937,0.0,0.0,0.0,0.0,0.9990542829036713,88
2025-06-16 21:00:00,SACSI Full,0.2898567705046416,0.027263015508651733,0.0,0.0,0.0,0.0,0.9993735581636429,88
2025-06-16 22:00:00,SACSI Full,0.2904852066838027,0.022530853748321533,0.0,0.0,0.0,0.0,0.9995020613074302,88
2025-06-16 23:00:00,SACSI Full,0.2911235928649982,0.025515854358673096,0.0,0.0,0.0,0.0,0.999459832906723,88
2025-06-17 00:00:00,SACSI Full,0.2937303282518467,0.007520616054534912,0.0,0.0,0.0,0.0,0.9996696352958679,88
2025-06-17 01:00:00,SACSI Full,0.29467480473550967,0.008842945098876953,0.0,0.0,0.0,0.0,0.9998099178075791,88
2025-06-17 02:00:00,SACSI Full,0.2946278414395731,0.011411011219024658,0.0,0.0,0.0,0.0,0.999746099114418,88
2025-06-17 03:00:00,SACSI Full,0.2958961999467295,0.006007552146911621,0.0,0.0,0.0,0.0,0.9998258143663405,88
2025-06-17 04:00:00,SACSI Full,0.30324795061859305,0.0055252015590667725,0.0,0.0,0.0,0.0,0.9998846724629402,88
2025-06-17 05:00:00,SACSI Full,0.3038422693645241,0.003795623779296875,0.0,0.0,0.0,0.0,0.9999067917466163,88
2025-06-17 06:00:00,SACSI Full,0.3151080688455981,0.00523984432220459,0.0,0.0,0.0,0.0,0.9998807609081268,88
2025-06-17 07:00:00,SACSI Full,0.3225932439680181,0.005052536725997925,0.0,0.0,0.0,0.0,-0.25942732061228974,88
2025-06-17 08:00:00,SACSI Full,0.3220877416351718,0.0013493001461029053,0.0,0.0,0.0,0.0,-0.20883818188589903,88
2025-06-17 09:00:00,SACSI Full,0.3211009168524824,0.0014525651931762695,0.0,0.0,0.0,0.0,-0.11012176920257123,88
2025-06-17 10:00:00,SACSI Full,0.3197766496057592,0.0022198259830474854,0.0,0.0,0.0,0.0,0.9999479308724404,88
2025-06-17 11:00:00,SACSI Full,0.3189262842563075,0.003890395164489746,0.0,0.0,0.0,0.0,0.9999054864048957,88
2025-06-17 12:00:00,SACSI Full,0.3204801927291634,0.008172541856765747,0.0,0.0,0.0,0.0,-0.04822554522039675,88
2025-06-17 13:00:00,SACSI Full,0.3223175090411586,0.008194893598556519,0.0,0.0,0.0,0.0,-0.23191502550524623,88
2025-06-17 14:00:00,SACSI Full,0.3222499941709918,0.0027455389499664307,0.0,0.0,0.0,0.0,-0.22510882142466615,88
2025-06-17 15:00:00,SACSI Full,0.3211505532975279,0.0016677379608154297,0.0,0.0,0.0,0.0,-0.1150994625218968,88
2025-06-17 16:00:00,SACSI Full,0.3203054319377028,0.0014635920524597168,0.0,0.0,0.0,0.0,-0.030574507070409894,88
2025-06-17 17:00:00,SACSI Full,0.31979902510437197,0.0010779500007629395,0.0,0.0,0.0,0.0,0.9999745845794679,88
2025-06-17 18:00:00,SACSI Full,0.3199407897348486,0.0020293891429901123,0.0,0.0,0.0,0.0,0.999949897825718,88
2025-06-17 19:00:00,SACSI Full,0.3204436637285632,0.0018621981143951416,0.0,0.0,0.0,0.0,-0.044405288728893134,88
2025-06-17 20:00:00,SACSI Full,0.3203129424614988,0.0032836198806762695,0.0,0.0,0.0,0.0,-0.031374132765152975,88
2025-06-17 21:00:00,SACSI Full,0.3225314058863403,0.008039027452468872,0.0,0.0,0.0,0.0,-0.25334892325879943,88
2025-06-17 22:00:00,SACSI Full,0.3311923775604647,0.006791502237319946,0.0,0.0,0.0,0.0,-1.1193860613433686,88
2025-06-17 23:00:00,SACSI Full,0.33618505310885927,0.014802664518356323,0.0,0.0,0.0,0.0,-1.6188814757991035,88
2025-06-18 00:00:00,SACSI Full,0.3402204433325213,0.027617067098617554,0.0,0.0,0.0,0.0,-2.0227248186199067,88
2025-06-18 01:00:00,SACSI Full,0.3401156275029264,0.002555251121520996,0.0,0.0,0.0,0.0,-2.0118644734748403,88
2025-06-18 02:00:00,SACSI Full,0.34000986544959566,0.0022713840007781982,0.0,0.0,0.0,0.0,-2.0010348113107885,88
2025-06-18 03:00:00,SACSI Full,0.341238340467938,0.011042505502700806,0.0,0.0,0.0,0.0,-2.1241426081188717,88
2025-06-18 04:00:00,SACSI Full,0.3627541171095922,0.005370229482650757,0.0,0.42513723698640576,0.0,0.0,-4.2755758383090745,88
2025-06-18 05:00:00,SACSI Full,0.37020045247967437,0.032749027013778687,0.0,0.6733484159891447,0.0,0.0,-5.020974016483024,88
2025-06-18 06:00:00,SACSI Full,0.37267283274211344,0.14847517013549805,0.0,0.755761091403781,0.0,0.0,-5.27141003904527,88
2025-06-18 07:00:00,SACSI Full,0.37480872084985245,0.21022379398345947,0.0,0.8269573616617478,0.0,0.0,-5.485694047103394,88
2025-06-18 08:00:00,SACSI Full,0.37245141437551443,0.011188536882400513,0.0,0.748380479183814,0.0,0.0,-5.247355560860101,88
2025-06-18 09:00:00,SACSI Full,0.369787003052423,0.006743371486663818,0.0,0.6595667684140992,0.0,0.0,-4.978879624325992,88
2025-06-18 10:00:00,SACSI Full,0.3669338213803079,0.006006211042404175,0.0,0.5644607126769302,0.0,0.0,-4.6935096338560784,88
2025-06-18 11:00:00,SACSI Full,0.3645718014470672,0.006620734930038452,0.0,0.48572671490224056,0.0,0.0,-4.457318704644195,88
2025-06-18 12:00:00,SACSI Full,0.36277235969542876,0.006912797689437866,0.0,0.4257453231809592,0.0,0.0,-4.277377146124258,88
2025-06-18 13:00:00,SACSI Full,0.3611981289987512,0.007001757621765137,0.0,0.37327096662504006,0.0,0.0,-4.1199538246268785,88
2025-06-18 14:00:00,SACSI Full,0.3595231527888251,0.005945563316345215,0.0,0.3174384262941701,0.0,0.0,-3.952444752091888,88
2025-06-18 15:00:00,SACSI Full,0.3576154068053489,0.004523098468780518,0.0,0.2538468935116313,0.0,0.0,-3.761645367152743,88
2025-06-18 16:00:00,SACSI Full,0.35607489694136907,0.0038436055183410645,0.0,0.20249656471230254,0.0,0.0,-3.6075733611767777,88
2025-06-18 17:00:00,SACSI Full,0.35497139630834934,0.004663020372390747,0.0,0.1657132102783109,0.0,0.0,-3.4972410853909217,88
2025-06-18 18:00:00,SACSI Full,0.3549257602838338,0.02700120210647583,0.0,0.16419200946112797,0.0,0.0,-3.493339434242852,88
2025-06-18 19:00:00,SACSI Full,0.36334057642659495,0.02013072371482849,0.0,0.4446858808864974,0.0,0.0,-4.334528961917708,88
2025-06-18 20:00:00,SACSI Full,0.3619221710258807,0.03138408064842224,0.0,0.39740570086269006,0.0,0.0,-4.192957317770373,88
2025-06-18 21:00:00,SACSI Full,0.3606585887428002,0.02721160650253296,0.0,0.355286291426674,0.0,0.0,-4.06644483115153,88
2025-06-18 22:00:00,SACSI Full,0.35954368179999674,0.026150643825531006,0.0,0.3181227266665587,0.0,0.0,-3.9549018025029543,88
2025-06-18 23:00:00,SACSI Full,0.35852880938973625,0.022331923246383667,0.0,0.28429364632454085,0.0,0.0,-3.853365764644343,88
2025-06-19 00:00:00,SACSI Full,0.3575914088231915,0.022826790809631348,0.0,0.25304696077304956,0.0,0.0,-3.7596023668109755,88
2025-06-19 01:00:00,SACSI Full,0.3567703859492475,0.021872669458389282,0.0,0.22567953164158328,0.0,0.0,-3.6774855895274277,88
2025-06-19 02:00:00,SACSI Full,0.35598333958855277,0.014330744743347168,0.0,0.1994446529517589,0.0,0.0,-3.598695992997294,88
2025-06-19 03:00:00,SACSI Full,0.3620665887705476,0.05269438028335571,0.0,0.4022196256849199,0.0,0.0,-4.208096401015825,88
2025-06-19 04:00:00,SACSI Full,0.36374889032411495,0.10548681020736694,0.0,0.45829634413716464,0.0,0.0,-4.3775266929148815,88
2025-06-19 05:00:00,SACSI Full,0.36505058996863293,0.11769622564315796,0.0,0.501686332287764,0.0,0.0,-4.507535015530514,88
2025-06-19 06:00:00,SACSI Full,0.3634254892702144,0.01948609948158264,0.0,0.4475163090071462,0.0,0.0,-4.343920750272686,88
2025-06-19 07:00:00,SACSI Full,0.3621080023198642,0.018853992223739624,0.0,0.4036000773288052,0.0,0.0,-4.211183632903469,88
2025-06-19 08:00:00,SACSI Full,0.3612435466313348,0.01094818115234375,0.0,0.37478488771115936,0.0,0.0,-4.124652684867239,88
2025-06-19 09:00:00,SACSI Full,0.3596964110710608,0.0055730342864990234,0.0,0.3232137023686932,0.0,0.0,-3.9698063192604693,88
2025-06-19 10:00:00,SACSI Full,0.35751467673680665,0.003968924283981323,0.0,0.2504892245602221,0.0,0.0,-3.751563093266369,88
2025-06-19 11:00:00,SACSI Full,0.35557666366870533,0.00398486852645874,0.0,0.18588878895684502,0.0,0.0,-3.5577462236834863,88
2025-06-19 12:00:00,SACSI Full,0.3540305524902522,0.0040183961391448975,0.0,0.13435174967507493,0.0,0.0,-3.403135952224132,88
2025-06-19 13:00:00,SACSI Full,0.354412159027068,0.00805392861366272,0.0,0.14707196756893381,0.0,0.0,-3.44141733660382,88
2025-06-19 14:00:00,SACSI Full,0.3535346931741907,0.007583349943161011,0.0,0.11782310580635597,0.0,0.0,-3.353625690204635,88
2025-06-19 15:00:00,SACSI Full,0.35300544605501954,0.004907399415969849,0.0,0.10018153516731872,0.0,0.0,-3.3006695129955452,88
2025-06-19 16:00:00,SACSI Full,0.3528311630206865,0.005587190389633179,0.0,0.09437210068955011,0.0,0.0,-3.28323484378618,88
2025-06-19 17:00:00,SACSI Full,0.3520268111531939,0.004754811525344849,0.0,0.0675603717731292,0.0,0.0,-3.2027845353385387,88
2025-06-19 18:00:00,SACSI Full,0.35161911926135475,0.016663074493408203,0.0,0.053970642045158,0.0,0.0,-3.1623642702550234,88
2025-06-19 19:00:00,SACSI Full,0.35127973906086435,0.017343908548355103,0.0,0.04265796869547814,0.0,0.0,-3.128327592597951,88
2025-06-19 20:00:00,SACSI Full,0.3510653461069454,0.005193650722503662,0.0,0.03551153689817994,0.0,0.0,-3.106759986287248,88
2025-06-19 21:00:00,SACSI Full,0.3547337399504115,0.1008094847202301,0.0,0.15779133168038442,0.0,0.0,-3.476346343075533,88
2025-06-19 22:00:00,SACSI Full,0.3600507491851029,0.06412774324417114,0.0,0.3350249728367629,0.0,0.0,-4.006724290789931,88
2025-06-19 23:00:00,SACSI Full,0.3595940372111956,0.01678764820098877,0.0,0.3198012403731852,0.0,0.0,-3.9602128750340104,88
2025-06-20 00:00:00,SACSI Full,0.35886982276510226,0.012396425008773804,0.0,0.2956607588367433,0.0,0.0,-3.8872741172423235,88
2025-06-20 01:00:00,SACSI Full,0.357888051815668,0.010903775691986084,0.0,0.2629350605222669,0.0,0.0,-3.7890381835738087,88
2025-06-20 02:00:00,SACSI Full,0.35699379618034294,0.007349848747253418,0.0,0.23312653934476515,0.0,0.0,-3.6995621542786856,88
2025-06-20 03:00:00,SACSI Full,0.3562087878720659,0.005457103252410889,0.0,0.206959595735529,0.0,0.0,-3.6210068567265847,88
2025-06-20 04:00:00,SACSI Full,0.36144091051107924,0.07650047540664673,0.0,0.38136368370264223,0.0,0.0,-4.1463314943375975,88
2025-06-20 05:00:00,SACSI Full,0.3635306154883469,0.11193200945854187,0.0,0.4510205162782313,0.0,0.0,-4.355654504364382,88
2025-06-20 06:00:00,SACSI Full,0.36888795047180933,0.0707988440990448,0.0,0.6295983490603121,0.0,0.0,-4.890622355716509,88
2025-06-20 07:00:00,SACSI Full,0.3700033283245899,0.16089096665382385,0.0,0.6667776108196635,0.0,0.0,-5.004451573017612,88
2025-06-20 08:00:00,SACSI Full,0.3674435263475482,0.009010285139083862,0.0,0.5814508782516058,0.0,0.0,-4.746051647272745,88
2025-06-20 09:00:00,SACSI Full,0.3648776011846695,0.00664249062538147,0.0,0.4959200394889834,0.0,0.0,-4.487916646224593,88
2025-06-20 10:00:00,SACSI Full,0.3633434458297104,0.007534921169281006,0.0,0.44478152765701395,0.0,0.0,-4.334504205699863,88
2025-06-20 11:00:00,SACSI Full,0.3614116554614553,0.006851404905319214,0.0,0.3803885153818442,0.0,0.0,-4.1413094094062775,88
2025-06-20 12:00:00,SACSI Full,0.36320825026005354,0.034253448247909546,0.0,0.44027500866845204,0.0,0.0,-4.321784115403737,88
2025-06-20 13:00:00,SACSI Full,0.3753795462944196,0.08637368679046631,0.0,0.8459848764806538,0.0,0.0,-5.540203305563195,88
2025-06-20 14:00:00,SACSI Full,0.3738097953936535,0.04173457622528076,0.0,0.7936598464551168,0.0,0.0,-5.382260621995506,88
2025-06-20 15:00:00,SACSI Full,0.371730077350832,0.012920498847961426,0.0,0.7243359116944007,0.0,0.0,-5.1735542858339345,88
2025-06-20 16:00:00,SACSI Full,0.3700834982117686,0.01997619867324829,0.0,0.6694499403922862,0.0,0.0,-5.008819902148579,88
2025-06-20 17:00:00,SACSI Full,0.36947121037155445,0.0673539936542511,0.0,0.6490403457184826,1.4210854715202004e-14,0.0,-4.948941894978339,88
2025-06-20 18:00:00,SACSI Full,0.3693815508302753,0.09565383195877075,0.0,0.6460516943425105,0.0,0.0,-4.940351158049749,88
2025-06-20 19:00:00,SACSI Full,0.3732514792597924,0.10402783751487732,0.0,0.7750493086597473,0.0,0.0,-5.327312222785099,88
2025-06-20 20:00:00,SACSI Full,0.373627969754395,0.1685461401939392,0.0,0.7875989918131666,0.0,0.0,-5.366813081270169,88
2025-06-20 21:00:00,SACSI Full,0.3718738572016869,0.07089480757713318,0.0,0.7291285733895635,0.0,0.0,-5.189780129646402,88
2025-06-20 22:00:00,SACSI Full,0.36958770103855554,0.026576519012451172,0.0,0.6529233679518527,0.0,0.0,-4.959744817121448,88
2025-06-20 23:00:00,SACSI Full,0.3682043231239643,0.051297396421432495,0.0,0.6068107707988105,0.0,0.0,-4.821705469098945,88
2025-06-21 00:00:00,SACSI Full,0.3694807356129938,0.18328160047531128,0.0,0.6493578537664604,0.0,0.0,-4.953059035349427,88
2025-06-21 01:00:00,SACSI Full,0.37207413105155707,0.24782299995422363,0.0,0.7358043683852359,0.0,0.0,-5.2130149791495795,88
2025-06-21 02:00:00,SACSI Full,0.3740548993080766,0.14706045389175415,0.0,0.8018299769358876,0.0,0.0,-5.409438765346121,88
2025-06-21 03:00:00,SACSI Full,0.37785835828464426,0.12064963579177856,0.0,0.9286119428214761,0.0,0.0,-5.78851292936126,88
2025-06-21 04:00:00,SACSI Full,0.3763959938325989,0.09215712547302246,0.0,0.8798664610866311,0.0,0.0,-5.641727450872539,88
2025-06-21 05:00:00,SACSI Full,0.3758868972233392,0.18666759133338928,0.0,0.8628965741113064,0.0,0.0,-5.593368178819189,88
2025-06-21 06:00:00,SACSI Full,0.37347117259461793,0.025655031204223633,0.0,0.782372419820598,0.0,0.0,-5.349240485687169,88
2025-06-21 07:00:00,SACSI Full,0.3719206720863501,0.06753891706466675,0.0,0.7306890695450037,0.0,0.0,-5.193836825834907,88
2025-06-21 08:00:00,SACSI Full,0.37170224668980123,0.07688060402870178,0.0,0.7234082229933734,0.0,0.0,-5.1718556979303365,88
2025-06-21 09:00:00,SACSI Full,0.37002461699343153,0.01719832420349121,0.0,0.6674872331143846,0.0,0.0,-5.003402488625475,88
2025-06-21 10:00:00,SACSI Full,0.36765533603659056,0.007226914167404175,0.0,0.5885112012196857,0.0,0.0,-4.765777856042765,88
2025-06-21 11:00:00,SACSI Full,0.3654144850770603,0.0050608813762664795,0.0,0.5138161692353436,0.0,0.0,-4.541571385661468,88
2025-06-21 12:00:00,SACSI Full,0.363196319615123,0.005927681922912598,0.0,0.4398773205040996,0.0,0.0,-4.319759183156224,88
2025-06-21 13:00:00,SACSI Full,0.3610031964688992,0.0063362717628479,0.0,0.36677321562997495,0.0,0.0,-4.100450458223578,88
2025-06-21 14:00:00,SACSI Full,0.35902500916625524,0.004877448081970215,0.0,0.3008336388751744,0.0,0.0,-3.902613053823971,88
2025-06-21 15:00:00,SACSI Full,0.35893932057272315,0.010270774364471436,0.0,0.297977352424104,0.0,0.0,-3.8941914060224287,88
2025-06-21 16:00:00,SACSI Full,0.36095489925549257,0.03983691334724426,0.0,0.3651633085164179,0.0,0.0,-4.096582325206028,88
2025-06-21 17:00:00,SACSI Full,0.36157916192203005,0.07525086402893066,0.0,0.3859720640676685,0.0,0.0,-4.159775348990399,88
2025-06-21 18:00:00,SACSI Full,0.36266337338843263,0.12387588620185852,0.0,0.42211244628108774,0.0,0.0,-4.269301106789029,88
2025-06-21 19:00:00,SACSI Full,0.3736424740452615,0.015812665224075317,0.0,0.7880824681753851,0.0,0.0,-5.36564429004041,88
2025-06-21 20:00:00,SACSI Full,0.3724293173139436,0.12619689106941223,0.0,0.7476439104647867,0.0,0.0,-5.246559511474199,88
2025-06-21 21:00:00,SACSI Full,0.38662577206764903,0.01379549503326416,0.0,1.2208590689216337,0.0,0.0,-6.66397713062593,88
2025-06-21 22:00:00,SACSI Full,0.3841005003516163,0.10460183024406433,0.0,1.1366833450538778,0.0,0.0,-6.4130501351186195,88
2025-06-21 23:00:00,SACSI Full,0.3807514103992241,0.045820027589797974,0.0,1.02504701330747,0.0,0.0,-6.07664525850075,88
2025-06-22 00:00:00,SACSI Full,0.37783574337215337,0.09565800428390503,0.0,0.927858112405113,0.0,0.0,-5.785985877067955,88
2025-06-22 01:00:00,SACSI Full,0.37514228779743114,0.08953958749771118,0.0,0.8380762599143723,0.0,0.0,-5.51608075566093,88
2025-06-22 02:00:00,SACSI Full,0.3726869662549794,0.07913574576377869,0.0,0.7562322084993127,0.0,0.0,-5.270383378830552,88
2025-06-22 03:00:00,SACSI Full,0.3704199054458171,0.0600452721118927,0.0,0.6806635148605708,0.0,0.0,-5.043382354760466,88
2025-06-22 04:00:00,SACSI Full,0.3683943592242983,0.047981441020965576,0.0,0.61314530747661,0.0,0.0,-4.840516189561159,88
2025-06-22 05:00:00,SACSI Full,0.36651998853939055,0.04785507917404175,0.0,0.5506662846463527,0.0,0.0,-4.652957219141005,88
2025-06-22 06:00:00,SACSI Full,0.3647370434323903,0.03285124897956848,0.0,0.4912347810796746,0.0,0.0,-4.474511406520562,88
2025-06-22 07:00:00,SACSI Full,0.3629941114888151,0.020757466554641724,0.0,0.4331370496271717,0.0,0.0,-4.299947236036852,88
2025-06-22 08:00:00,SACSI Full,0.3610504623919928,0.006254017353057861,0.0,0.3683487463997594,0.0,0.0,-4.105316354038355,88
2025-06-22 09:00:00,SACSI Full,0.358991662275869,0.005082041025161743,0.0,0.29972207586230015,0.0,0.0,-3.89927958817068,88
2025-06-22 10:00:00,SACSI Full,0.35695878304965345,0.004595667123794556,0.0,0.2319594349884497,0.0,0.0,-3.6959750820468336,88
2025-06-22 11:00:00,SACSI Full,0.355482774266306,0.005456507205963135,0.0,0.18275914221020031,0.0,0.0,-3.548395165175538,88
2025-06-22 12:00:00,SACSI Full,0.35380058714571905,0.004530102014541626,0.0,0.126686238190635,0.0,0.0,-3.3801585806641086,88
2025-06-22 13:00:00,SACSI Full,0.35205910938331464,0.005193650722503662,0.0,0.0686369794438221,0.0,0.0,-3.2060214468329935,88
2025-06-22 14:00:00,SACSI Full,0.3505916796745269,0.004493743181228638,0.0,0.019722655817562898,0.0,0.0,-3.059264841391729,88
2025-06-22 15:00:00,SACSI Full,0.3494722570718734,0.004173219203948975,0.0,0.0,0.0,0.0,-2.9473123768111913,88
2025-06-22 16:00:00,SACSI Full,0.34860566337003396,0.0035218894481658936,0.0,0.0,0.0,0.0,-2.8606432880899164,88
2025-06-22 17:00:00,SACSI Full,0.3480545043418217,0.004652291536331177,0.0,0.0,0.0,0.0,-2.8055547840337796,88
2025-06-22 18:00:00,SACSI Full,0.34781524417295145,0.013221949338912964,0.0,0.0,0.0,0.0,-2.7818745528599487,88
2025-06-22 19:00:00,SACSI Full,0.34764282816384323,0.01627519726753235,0.0,0.0,0.0,0.0,-2.764638852808959,88
2025-06-22 20:00:00,SACSI Full,0.3474234409456858,0.010683834552764893,0.0,0.0,0.0,0.0,-2.74261368488678,88
2025-06-22 21:00:00,SACSI Full,0.3472602857769935,0.010553449392318726,0.0,0.0,0.0,0.0,-2.7262409505388026,88
2025-06-22 22:00:00,SACSI Full,0.34712851420933094,0.01146852970123291,0.0,0.0,0.0,0.0,-2.7130899423302073,88
2025-06-22 23:00:00,SACSI Full,0.3470289840528775,0.012640953063964844,0.0,0.0,0.0,0.0,-2.703162948582658,88
2025-06-23 00:00:00,SACSI Full,0.34696657543792414,0.01527741551399231,0.0,0.0,0.0,0.0,-2.6969894567271937,88
2025-06-23 01:00:00,SACSI Full,0.34687495382442163,0.015013515949249268,0.0,0.0,0.0,0.0,-2.6877982917567946,88
2025-06-23 02:00:00,SACSI Full,0.34711580872748377,0.014756470918655396,0.0,0.0,0.0,0.0,-2.711878572617055,88
2025-06-23 03:00:00,SACSI Full,0.3469910277912426,0.01356571912765503,0.0,0.0,0.0,0.0,-2.6993860010247204,88
2025-06-23 04:00:00,SACSI Full,0.3468647204793898,0.01310780644416809,0.0,0.0,0.0,0.0,-2.6867387831947,88
2025-06-23 05:00:00,SACSI Full,0.34677005555206614,0.014100521802902222,0.0,0.0,0.0,0.0,-2.6772974927962583,88
2025-06-23 06:00:00,SACSI Full,0.3466466425424226,0.013976097106933594,0.0,0.0,0.0,0.0,-2.6649450204313587,88
2025-06-23 07:00:00,SACSI Full,0.34633815154447234,0.0094527006149292,0.0,0.0,0.0,0.0,-2.6340494424244514,88
2025-06-23 08:00:00,SACSI Full,0.3455849378662713,0.0035358965396881104,0.0,0.0,0.0,0.0,-2.558623672598677,88
2025-06-23 09:00:00,SACSI Full,0.3444603405870405,0.0026208162307739258,0.0,0.0,0.0,0.0,-2.446095625831754,88
2025-06-23 10:00:00,SACSI Full,0.34302583547486937,0.0031484663486480713,0.0,0.0,0.0,0.0,-2.302651793315088,88
2025-06-23 11:00:00,SACSI Full,0.3413643880245495,0.003065764904022217,0.0,0.0,0.0,0.0,-2.1365009447674757,88
2025-06-23 12:00:00,SACSI Full,0.33958716891421953,0.0023342669010162354,0.0,0.0,0.0,0.0,-1.9587708917400026,88
2025-06-23 13:00:00,SACSI Full,0.3378686484922377,0.002943873405456543,0.0,0.0,0.0,0.0,-1.7869298227569217,88
2025-06-23 14:00:00,SACSI Full,0.3363202105233478,0.00296860933303833,0.0,0.0,0.0,0.0,-1.6320806718807177,88
2025-06-23 15:00:00,SACSI Full,0.33496870915228205,0.002549588680267334,0.0,0.0,0.0,0.0,-1.4969260972083376,88
2025-06-23 16:00:00,SACSI Full,0.33395582346334135,0.0021342933177948,0.0,0.0,0.0,0.0,-1.395629185154115,88
2025-06-23 17:00:00,SACSI Full,0.3332859890355078,0.0030496716499328613,0.0,0.0,0.0,0.0,-1.3286690507671017,88
2025-06-23 18:00:00,SACSI Full,0.33295949991836227,0.004053264856338501,0.0,0.0,0.0,0.0,-1.296041093065417,88
2025-06-23 19:00:00,SACSI Full,0.3327162122310607,0.0035136938095092773,0.0,0.0,0.0,0.0,-1.271696892692726,88
2025-06-23 20:00:00,SACSI Full,0.33255917673800467,0.0038893520832061768,0.0,0.0,0.0,0.0,-1.2559992174248673,88
2025-06-23 21:00:00,SACSI Full,0.3323740726555792,0.003968775272369385,0.0,0.0,0.0,0.0,-1.2374874352952605,88
2025-06-23 22:00:00,SACSI Full,0.3321879279753971,0.0036565959453582764,0.0,0.0,0.0,0.0,-1.2188690512518856,88
2025-06-23 23:00:00,SACSI Full,0.33200152699524244,0.0035797059535980225,0.0,0.0,0.0,0.0,-1.2002250625432322,88
2025-06-24 00:00:00,SACSI Full,0.33181450563007675,0.0033935904502868652,0.0,0.0,0.0,0.0,-1.1815202959717133,88
2025-06-24 01:00:00,SACSI Full,0.3315989492691962,0.0033330917358398438,0.0,0.0,0.0,0.0,-1.1599621937414801,88
2025-06-24 02:00:00,SACSI Full,0.3313848785540867,0.003778785467147827,0.0,0.0,0.0,0.0,-1.1385678880553267,88
2025-06-24 03:00:00,SACSI Full,0.3311427313023218,0.0038558244705200195,0.0,0.0,0.0,0.0,-1.1143510171116238,88
2025-06-24 04:00:00,SACSI Full,0.33359406883372944,0.011901259422302246,0.0,0.0,0.0,0.0,-1.3597253629109072,88
2025-06-24 05:00:00,SACSI Full,0.3333841654767005,0.0050289928913116455,0.0,0.0,0.0,0.0,-1.3385858501931878,88
2025-06-24 06:00:00,SACSI Full,0.33311728054179834,0.004934519529342651,0.0,0.0,0.0,0.0,-1.3118276893040404,88
2025-06-24 07:00:00,SACSI Full,0.3372776922199536,0.01612350344657898,0.0,0.0,0.0,0.0,-1.7282035819034605,88
2025-06-24 08:00:00,SACSI Full,0.33805906285578097,0.004411190748214722,0.0,0.0,0.0,0.0,-1.806111632520044,88
2025-06-24 09:00:00,SACSI Full,0.3375504939768124,0.0024293363094329834,0.0,0.0,0.0,0.0,-1.7551178029518173,88
2025-06-24 10:00:00,SACSI Full,0.3369008952074655,0.0026203691959381104,0.0,0.0,0.0,0.0,-1.6901438384593355,88
2025-06-24 11:00:00,SACSI Full,0.3372880444571782,0.005144774913787842,0.0,0.0,0.0,0.0,-1.7289325852732729,88
2025-06-24 12:00:00,SACSI Full,0.33593661560509686,0.0025713443756103516,0.0,0.0,0.0,0.0,-1.593738721702579,88
2025-06-24 13:00:00,SACSI Full,0.3345002607621162,0.0025935471057891846,0.0,0.0,0.0,0.0,-1.4500781691810367,88
2025-06-24 14:00:00,SACSI Full,0.3330916938699691,0.0024299323558807373,0.0,0.0,0.0,0.0,-1.309219621791528,88
2025-06-24 15:00:00,SACSI Full,0.33185309965902654,0.002421736717224121,0.0,0.0,0.0,0.0,-1.1853584825933845,88
2025-06-24 16:00:00,SACSI Full,0.3308973564805,0.0022770464420318604,0.0,0.0,0.0,0.0,-1.0897826358815923,88
2025-06-24 17:00:00,SACSI Full,0.3302806789991666,0.001996755599975586,0.0,0.0,0.0,0.0,-1.028110637937077,88
2025-06-24 18:00:00,SACSI Full,0.3299525015804578,0.003546774387359619,0.0,0.0,0.0,0.0,-0.9953365937214006,88
2025-06-24 19:00:00,SACSI Full,0.32965406813834197,0.003969967365264893,0.0,0.0,0.0,0.0,-0.9654904451112808,88
2025-06-24 20:00:00,SACSI Full,0.3293820467731763,0.0033935904502868652,0.0,0.0,0.0,0.0,-0.9382783128957832,88
2025-06-24 21:00:00,SACSI Full,0.32908198314402587,0.0034809112548828125,0.0,0.0,0.0,0.0,-0.9082688058357299,88
2025-06-24 22:00:00,SACSI Full,0.32908681967709547,0.0034509599208831787,0.0,0.0,0.0,0.0,-0.9087512864213035,88
2025-06-24 23:00:00,SACSI Full,0.328757311584692,0.0031475722789764404,0.0,0.0,0.0,0.0,-0.8757971437911993,88
2025-06-25 00:00:00,SACSI Full,0.32845695589278223,0.0033932924270629883,0.0,0.0,0.0,0.0,-0.8457659123282446,88
2025-06-25 01:00:00,SACSI Full,0.32818466779683114,0.0033135712146759033,0.0,0.0,0.0,0.0,-0.8185338483195309,88
2025-06-25 02:00:00,SACSI Full,0.3279116892804115,0.003106445074081421,0.0,0.0,0.0,0.0,-0.7912331282040347,88
2025-06-25 03:00:00,SACSI Full,0.3276676053743967,0.0032748281955718994,0.0,0.0,0.0,0.0,-0.7668277178347965,88
2025-06-25 04:00:00,SACSI Full,0.3274503055776565,0.002810060977935791,0.0,0.0,0.0,0.0,-0.7450914066573819,88
2025-06-25 05:00:00,SACSI Full,0.3272321628718981,0.0025571882724761963,0.0,0.0,0.0,0.0,-0.7232699596823138,88
2025-06-25 06:00:00,SACSI Full,0.3269580826629608,0.00277593731880188,0.0,0.0,0.0,0.0,-0.6958659725329166,88
2025-06-25 07:00:00,SACSI Full,0.3265673402012794,0.00177726149559021,0.0,0.0,0.0,0.0,-0.6567795521160854,88
2025-06-25 08:00:00,SACSI Full,0.32600882297966965,0.002444833517074585,0.0,0.0,0.0,0.0,-0.6009378703575211,88
2025-06-25 09:00:00,SACSI Full,0.3252495057858436,0.0017048418521881104,0.0,0.0,0.0,0.0,-0.5249920753380527,88
2025-06-25 10:00:00,SACSI Full,0.3255150436104744,0.0026613473892211914,0.0,0.0,0.0,0.0,-0.5515671530505938,88
2025-06-25 11:00:00,SACSI Full,0.3247494099272697,0.0018098950386047363,0.0,0.0,0.0,0.0,-0.474985705151247,88
2025-06-25 12:00:00,SACSI Full,0.32521225351466826,0.004353076219558716,0.0,0.0,0.0,0.0,-0.521337844803026,88
2025-06-25 13:00:00,SACSI Full,0.32581282588853533,0.0031717121601104736,0.0,0.0,0.0,0.0,-0.5813578367373289,88
2025-06-25 14:00:00,SACSI Full,0.32540920060529405,0.0019124150276184082,0.0,0.0,0.0,0.0,-0.5409709018012813,88
2025-06-25 15:00:00,SACSI Full,0.32453716698620816,0.0018899142742156982,0.0,0.0,0.0,0.0,-0.4537547219138336,88
2025-06-25 16:00:00,SACSI Full,0.3248092845540652,0.002635270357131958,0.0,0.0,0.0,0.0,-0.48098861437449253,88
2025-06-25 17:00:00,SACSI Full,0.32469625680738784,0.0020916759967803955,0.0,0.0,0.0,0.0,-0.4696729502023224,88
2025-06-25 18:00:00,SACSI Full,0.325064477117599,0.003966093063354492,0.0,0.0,0.0,0.0,-0.5065457777918326,88
2025-06-25 19:00:00,SACSI Full,0.32478942485624646,0.0024843215942382812,0.0,0.0,0.0,0.0,-0.4790069897712208,88
2025-06-25 20:00:00,SACSI Full,0.3244586576157222,0.0027698278427124023,0.0,0.0,0.0,0.0,-0.4459240131915563,88
2025-06-25 21:00:00,SACSI Full,0.3241267658342331,0.0024324655532836914,0.0,0.0,0.0,0.0,-0.4127286063572703,88
2025-06-25 22:00:00,SACSI Full,0.3238223768946935,0.0021833181381225586,0.0,0.0,0.0,0.0,-0.38228384730626425,88
2025-06-25 23:00:00,SACSI Full,0.32354649712218936,0.0022360682487487793,0.0,0.0,0.0,0.0,-0.35469496108501636,88
2025-06-26 00:00:00,SACSI Full,0.3232428542341202,0.0024071335792541504,0.0,0.0,0.0,0.0,-0.32433527673690865,88
2025-06-26 01:00:00,SACSI Full,0.3228820186683942,0.0022493302822113037,0.0,0.0,0.0,0.0,-0.28824843147803614,88
2025-06-26 02:00:00,SACSI Full,0.322914096776387,0.0031234323978424072,0.0,0.0,0.0,0.0,-0.2914808873078119,88
2025-06-26 03:00:00,SACSI Full,0.3226953456065465,0.0023746490478515625,0.0,0.0,0.0,0.0,-0.26958954146910646,88
2025-06-26 04:00:00,SACSI Full,0.3224759015327105,0.0021667778491973877,0.0,0.0,0.0,0.0,-0.24763556754001942,88
2025-06-26 05:00:00,SACSI Full,0.3222304000295608,0.0028495490550994873,0.0,0.0,0.0,0.0,-0.22310382164924294,88
2025-06-26 06:00:00,SACSI Full,0.32195436876191785,0.002190619707107544,0.0,0.0,0.0,0.0,-0.19548727787940667,88
2025-06-26 07:00:00,SACSI Full,0.32162087063525213,0.0019505620002746582,0.0,0.0,0.0,0.0,-0.16212847534228633,88
2025-06-26 08:00:00,SACSI Full,0.32091783665154466,0.0015898048877716064,0.0,0.0,0.0,0.0,-0.09181906882334613,88
2025-06-26 09:00:00,SACSI Full,0.31996138815138825,0.0020654499530792236,0.0,0.0,0.0,0.0,0.9999539345502853,88
2025-06-26 10:00:00,SACSI Full,0.3193060858270932,0.0029093027114868164,0.0,0.0,0.0,0.0,0.9999333754181863,88
2025-06-26 11:00:00,SACSI Full,0.3179563830261835,0.0030891597270965576,0.0,0.0,0.0,0.0,0.9999364182353019,88
2025-06-26 12:00:00,SACSI Full,0.3166384860258707,0.004130899906158447,0.0,0.0,0.0,0.0,0.9999069646000862,88
2025-06-26 13:00:00,SACSI Full,0.3150103647912948,0.004563629627227783,0.0,0.0,0.0,0.0,0.9999044001102447,88
2025-06-26 14:00:00,SACSI Full,0.31360975958957366,0.004818439483642578,0.0,0.0,0.0,0.0,0.999901083111763,88
2025-06-26 15:00:00,SACSI Full,0.31351404350970274,0.0027851760387420654,0.0,0.0,0.0,0.0,0.9999239638447761,88
2025-06-26 16:00:00,SACSI Full,0.3161614901222198,0.006733983755111694,0.0,0.0,0.0,0.0,0.999825832247734,88
2025-06-26 17:00:00,SACSI Full,0.31883158489678387,0.011528432369232178,0.0,0.0,0.0,0.0,0.9997214868664741,88
2025-06-26 18:00:00,SACSI Full,0.32000633549982394,0.0034251809120178223,0.0,0.0,0.0,0.0,-0.0007830861152053447,88
2025-06-26 19:00:00,SACSI Full,0.3198417977688122,0.0016386806964874268,0.0,0.0,0.0,0.0,0.999949361383915,88
2025-06-26 20:00:00,SACSI Full,0.3196822866961766,0.0031466782093048096,0.0,0.0,0.0,0.0,0.9999219864606858,88
2025-06-26 21:00:00,SACSI Full,0.3195500152116426,0.002818554639816284,0.0,0.0,0.0,0.0,0.9999403476715087,88
2025-06-26 22:00:00,SACSI Full,0.31944422186587335,0.0022619962692260742,0.0,0.0,0.0,0.0,0.9999491944909096,88
2025-06-26 23:00:00,SACSI Full,0.31933915569677035,0.002480149269104004,0.0,0.0,0.0,0.0,0.9999482154846192,88
2025-06-27 00:00:00,SACSI Full,0.32051224233681047,0.0029259920120239258,0.0,0.0,0.0,0.0,-0.05128721194871613,88
2025-06-27 01:00:00,SACSI Full,0.3224390470367082,0.003541409969329834,0.0,0.0,0.0,0.0,-0.2439816860497816,88
2025-06-27 02:00:00,SACSI Full,0.3223330455713876,0.0021995604038238525,0.0,0.0,0.0,0.0,-0.23336196684248972,88
2025-06-27 03:00:00,SACSI Full,0.32423444948647495,0.0044211745262146,0.0,0.0,0.0,0.0,-0.42355558827924267,88
2025-06-27 04:00:00,SACSI Full,0.32412738904529886,0.0018818676471710205,0.0,0.0,0.0,0.0,-0.4128019349516196,88
2025-06-27 05:00:00,SACSI Full,0.3240497844915994,0.0022186338901519775,0.0,0.0,0.0,0.0,-0.40502618950017016,88
2025-06-27 06:00:00,SACSI Full,0.3239437949472077,0.002203136682510376,0.0,0.0,0.0,0.0,-0.39442371242649676,88
2025-06-27 07:00:00,SACSI Full,0.3243337324751822,0.0019812583923339844,0.0,0.0,0.0,0.0,-0.433415091468969,88
2025-06-27 08:00:00,SACSI Full,0.32500585506651875,0.003636777400970459,0.0,0.0,0.0,0.0,-0.5006747973899797,88
2025-06-27 09:00:00,SACSI Full,0.3245511325611082,0.0015832483768463135,0.0,0.0,0.0,0.0,-0.4551654563685955,88
2025-06-27 10:00:00,SACSI Full,0.32362061234686845,0.0013439357280731201,0.0,0.0,0.0,0.0,-0.3620905065278938,88
2025-06-27 11:00:00,SACSI Full,0.32311025036150287,0.001891404390335083,0.0,0.0,0.0,0.0,-0.31106833892471575,88
2025-06-27 12:00:00,SACSI Full,0.32187049584680866,0.00207364559173584,0.0,0.0,0.0,0.0,-0.1870928800047138,88
2025-06-27 13:00:00,SACSI Full,0.32099962104135826,0.002237558364868164,0.0,0.0,0.0,0.0,-0.10000849443085431,88
2025-06-27 14:00:00,SACSI Full,0.32001410656744317,0.0018456578254699707,0.0,0.0,0.0,0.0,-0.0014514889062195557,88
2025-06-27 15:00:00,SACSI Full,0.3191123076134331,0.0014603137969970703,0.0,0.0,0.0,0.0,0.9999669402837753,88
2025-06-27 16:00:00,SACSI Full,0.31852083223476085,0.0010573863983154297,0.0,0.0,0.0,0.0,0.9999748229980469,88
2025-06-27 17:00:00,SACSI Full,0.31807139903201737,0.001170039176940918,0.0,0.0,0.0,0.0,0.9999754726886749,88
2025-06-27 18:00:00,SACSI Full,0.31849081380579947,0.002324432134628296,0.0,0.0,0.0,0.0,0.9999419674277306,88
2025-06-27 19:00:00,SACSI Full,0.3182715987131405,0.0022354722023010254,0.0,0.0,0.0,0.0,0.9999544009566307,88
2025-06-27 20:00:00,SACSI Full,0.31811070977979977,0.0027333199977874756,0.0,0.0,0.0,0.0,0.9999403551220893,88
2025-06-27 21:00:00,SACSI Full,0.31798022146755534,0.003353506326675415,0.0,0.0,0.0,0.0,0.9999267280101776,88
2025-06-27 22:00:00,SACSI Full,0.3178484725170739,0.0029753148555755615,0.0,0.0,0.0,0.0,0.9999367117881776,88
2025-06-27 23:00:00,SACSI Full,0.31768753838354424,0.0027197599411010742,0.0,0.0,0.0,0.0,0.9999430492520333,88
2025-06-28 00:00:00,SACSI Full,0.3188649289756425,0.004217177629470825,0.0,0.0,0.0,0.0,0.9999006822705269,88
2025-06-28 01:00:00,SACSI Full,0.3186753158018398,0.0026160478591918945,0.0,0.0,0.0,0.0,0.9999316677451133,88
2025-06-28 02:00:00,SACSI Full,0.31851472290490146,0.0028221309185028076,0.0,0.0,0.0,0.0,0.9999414965510369,88
2025-06-28 03:00:00,SACSI Full,0.31835324438228285,0.002556443214416504,0.0,0.0,0.0,0.0,0.9999462142586708,88
2025-06-28 04:00:00,SACSI Full,0.318219709775985,0.0024396181106567383,0.0,0.0,0.0,0.0,0.9999500393867493,88
2025-06-28 05:00:00,SACSI Full,0.31805591312939,0.0018610060214996338,0.0,0.0,0.0,0.0,0.9999569937586785,88
2025-06-28 06:00:00,SACSI Full,0.31786636452728584,0.0026354193687438965,0.0,0.0,0.0,0.0,0.9999395474791526,88
2025-06-28 07:00:00,SACSI Full,0.3202976917860317,0.005898177623748779,0.0,0.0,0.0,0.0,-0.029919769738192326,88
2025-06-28 08:00:00,SACSI Full,0.319678165202678,0.0011420249938964844,0.0,0.0,0.0,0.0,0.9999295979738236,88
2025-06-28 09:00:00,SACSI Full,0.3187225740159956,0.002322643995285034,0.0,0.0,0.0,0.0,0.9999417409300805,88
2025-06-28 10:00:00,SACSI Full,0.31787435432090433,0.0025340914726257324,0.0,0.0,0.0,0.0,0.9999472036957741,88
2025-06-28 11:00:00,SACSI Full,0.3163869063422488,0.00426560640335083,0.0,0.0,0.0,0.0,0.9998973727226257,88
2025-06-28 12:00:00,SACSI Full,0.31484767778768213,0.005731433629989624,0.0,0.0,0.0,0.0,0.9998707130551338,88
2025-06-28 13:00:00,SACSI Full,0.31325192859782847,0.005775243043899536,0.0,0.0,0.0,0.0,0.999884057044983,88
2025-06-28 14:00:00,SACSI Full,0.3117953282751051,0.0050199031829833984,0.0,0.0,0.0,0.0,0.9998920485377312,88
2025-06-28 15:00:00,SACSI Full,0.3105634217053063,0.0044280290603637695,0.0,0.0,0.0,0.0,0.9999055206775664,88
2025-06-28 16:00:00,SACSI Full,0.30969443090333615,0.0028027594089508057,0.0,0.0,0.0,0.0,0.9999276921153069,88
2025-06-28 17:00:00,SACSI Full,0.30913420451853746,0.0019320845603942871,0.0,0.0,0.0,0.0,0.9999526515603065,88
2025-06-28 18:00:00,SACSI Full,0.3088886990417448,0.0028483569622039795,0.0,0.0,0.0,0.0,0.9999338701367378,88
2025-06-28 19:00:00,SACSI Full,0.30869965509229974,0.0027868151664733887,0.0,0.0,0.0,0.0,0.9999436482787133,88
2025-06-28 20:00:00,SACSI Full,0.30854976222250935,0.00603213906288147,0.0,0.0,0.0,0.0,0.9998469039797783,88
2025-06-28 21:00:00,SACSI Full,0.3083954546353626,0.00470772385597229,0.0,0.0,0.0,0.0,0.9998926013708115,88
2025-06-28 22:00:00,SACSI Full,0.3082712402086861,0.0052356719970703125,0.0,0.0,0.0,0.0,0.9998900070786476,88
2025-06-28 23:00:00,SACSI Full,0.30811674834384595,0.004652440547943115,0.0,0.0,0.0,0.0,0.9999011188745499,88
2025-06-29 00:00:00,SACSI Full,0.30796077977393144,0.004209429025650024,0.0,0.0,0.0,0.0,0.9999113813042642,88
2025-06-29 01:00:00,SACSI Full,0.30774231023603754,0.0024591386318206787,0.0,0.0,0.0,0.0,0.9999333143234252,88
2025-06-29 02:00:00,SACSI Full,0.3078335782739925,0.003880411386489868,0.0,0.0,0.0,0.0,0.9999081790447235,88
2025-06-29 03:00:00,SACSI Full,0.3079470219887701,0.0020331144332885742,0.0,0.0,0.0,0.0,0.9999408647418022,88
2025-06-29 04:00:00,SACSI Full,0.30834168616507523,0.0033992528915405273,0.0,0.0,0.0,0.0,0.9999183535575867,88
2025-06-29 05:00:00,SACSI Full,0.3081221968910503,0.0021532177925109863,0.0,0.0,0.0,0.0,0.9999444752931594,88
2025-06-29 06:00:00,SACSI Full,0.3082357613052336,0.002069324254989624,0.0,0.0,0.0,0.0,0.9999577745795251,88
2025-06-29 07:00:00,SACSI Full,0.30781885958963706,0.002429485321044922,0.0,0.0,0.0,0.0,0.9999478086829185,88
2025-06-29 08:00:00,SACSI Full,0.30933985338980036,0.002798140048980713,0.0,0.0,0.0,0.0,0.999940350651741,88
2025-06-29 09:00:00,SACSI Full,0.3083598612862237,0.003502368927001953,0.0,0.0,0.0,0.0,0.9999229103326798,88
2025-06-29 10:00:00,SACSI Full,0.3074644754081376,0.005384236574172974,0.0,0.0,0.0,0.0,0.9998734965920448,88
2025-06-29 11:00:00,SACSI Full,0.30598350198402086,0.006207972764968872,0.0,0.0,0.0,0.0,0.9998676031827927,88
2025-06-29 12:00:00,SACSI Full,0.30614414362563763,0.007192492485046387,0.0,0.0,0.0,0.0,0.9998463049530982,88
2025-06-29 13:00:00,SACSI Full,0.30571773878469144,0.005578547716140747,0.0,0.0,0.0,0.0,0.9998722895979881,88
2025-06-29 14:00:00,SACSI Full,0.30589974597666736,0.0051021575927734375,0.0,0.0,0.0,0.0,0.9998931929469108,88
2025-06-29 15:00:00,SACSI Full,0.3046731566378879,0.006023198366165161,0.0,0.0,0.0,0.0,0.9998703256249427,88
2025-06-29 16:00:00,SACSI Full,0.3036696333485253,0.0049430131912231445,0.0,0.0,0.0,0.0,0.9998903378844262,88
2025-06-29 17:00:00,SACSI Full,0.3029750294484106,0.004118829965591431,0.0,0.0,0.0,0.0,0.9999093815684318,88
2025-06-29 18:00:00,SACSI Full,0.30262420100583703,0.005251467227935791,0.0,0.0,0.0,0.0,0.9998836442828178,88
2025-06-29 19:00:00,SACSI Full,0.30236320749336554,0.006701946258544922,0.0,0.0,0.0,0.0,0.999851456284523,88
2025-06-29 20:00:00,SACSI Full,0.3021025427998511,0.006800591945648193,0.0,0.0,0.0,0.0,0.9998630017042159,88
2025-06-29 21:00:00,SACSI Full,0.3018697644048341,0.0066664814949035645,0.0,0.0,0.0,0.0,0.9998653292655945,88
2025-06-29 22:00:00,SACSI Full,0.301697778311313,0.00790417194366455,0.0,0.0,0.0,0.0,0.9998295396566391,88
2025-06-29 23:00:00,SACSI Full,0.3015263828004805,0.0080813467502594,0.0,0.0,0.0,0.0,0.9998366013169289,88
2025-06-30 00:00:00,SACSI Full,0.30135288523250897,0.007450729608535767,0.0,0.0,0.0,0.0,0.999844679236412,88
2025-06-30 01:00:00,SACSI Full,0.30117979198271116,0.0075720250606536865,0.0,0.0,0.0,0.0,0.9998473465442658,88
2025-06-30 02:00:00,SACSI Full,0.3009747300129541,0.0064814090728759766,0.0,0.0,0.0,0.0,0.9998594656586647,88
2025-06-30 03:00:00,SACSI Full,0.3007685971464125,0.006160140037536621,0.0,0.0,0.0,0.0,0.9998735845088959,88
2025-06-30 04:00:00,SACSI Full,0.3005632103313414,0.006383955478668213,0.0,0.0,0.0,0.0,0.9998700827360153,88
2025-06-30 05:00:00,SACSI Full,0.30038541278495473,0.006160736083984375,0.0,0.0,0.0,0.0,0.9998745530843736,88
2025-06-30 06:00:00,SACSI Full,0.30020844622665727,0.006410032510757446,0.0,0.0,0.0,0.0,0.9998693063855172,88
2025-06-30 07:00:00,SACSI Full,0.2998246735347716,0.003868192434310913,0.0,0.0,0.0,0.0,0.9998972177505494,88
2025-06-30 08:00:00,SACSI Full,0.2991085640133826,0.0061671435832977295,0.0,0.0,0.0,0.0,0.9998536676168442,88
2025-06-30 09:00:00,SACSI Full,0.2980227691266346,0.005761533975601196,0.0,0.0,0.0,0.0,0.999880713224411,88
2025-06-30 10:00:00,SACSI Full,0.29662999051147776,0.007166415452957153,0.0,0.0,0.0,0.0,0.9998426228761673,88
2025-06-30 11:00:00,SACSI Full,0.29540159427140233,0.007481127977371216,0.0,0.0,0.0,0.0,0.9998472303152084,88
2025-06-30 12:00:00,SACSI Full,0.2940565556467978,0.006488412618637085,0.0,0.0,0.0,0.0,0.9998603045940399,88
2025-06-30 13:00:00,SACSI Full,0.29333848982864696,0.009580254554748535,0.0,0.0,0.0,0.0,0.999777476489544,88
2025-06-30 14:00:00,SACSI Full,0.3000772994626967,0.012642890214920044,0.0,0.0,0.0,0.0,0.9997165158390999,88
2025-06-30 15:00:00,SACSI Full,0.29908150888258295,0.007262825965881348,0.0,0.0,0.0,0.0,0.999800942838192,88
2025-06-30 16:00:00,SACSI Full,0.3013084898055998,0.0060942769050598145,0.0,0.0,0.0,0.0,0.9998664289712905,88
2025-06-30 17:00:00,SACSI Full,0.3011714912888813,0.003400444984436035,0.0,0.0,0.0,0.0,0.9999050527811051,88
2025-06-30 18:00:00,SACSI Full,0.30093484902276674,0.005507320165634155,0.0,0.0,0.0,0.0,0.9998687848448754,88
2025-06-30 19:00:00,SACSI Full,0.3010545974188455,0.003924518823623657,0.0,0.0,0.0,0.0,0.9999056816101074,88
2025-06-30 20:00:00,SACSI Full,0.30082678210391683,0.008155405521392822,0.0,0.0,0.0,0.0,0.9997945830225945,88
2025-06-30 21:00:00,SACSI Full,0.3022277916913637,0.005302876234054565,0.0,0.0,0.0,0.0,0.9998654171824456,88
2025-06-30 22:00:00,SACSI Full,0.3020248297919242,0.0071114301681518555,0.0,0.0,0.0,0.0,0.999839685857296,88
2025-06-30 23:00:00,SACSI Full,0.3018456752464581,0.005753636360168457,0.0,0.0,0.0,0.0,0.9998713493347168,88
2025-07-01 00:00:00,SACSI Full,0.30169573767318414,0.006018728017807007,0.0,0.0,0.0,0.0,0.9998769745230675,88
2025-07-01 01:00:00,SACSI Full,0.30154476993296625,0.0057096779346466064,0.0,0.0,0.0,0.0,0.9998827159404755,88
2025-07-01 02:00:00,SACSI Full,0.3013930541544565,0.005485266447067261,0.0,0.0,0.0,0.0,0.9998880505561828,88
2025-07-01 03:00:00,SACSI Full,0.3012424360948213,0.005814582109451294,0.0,0.0,0.0,0.0,0.9998804152011871,88
2025-07-01 04:00:00,SACSI Full,0.30109043868436497,0.0054007768630981445,0.0,0.0,0.0,0.0,0.9998878464102745,88
2025-07-01 05:00:00,SACSI Full,0.3009409570866235,0.006155520677566528,0.0,0.0,0.0,0.0,0.999869342148304,88
2025-07-01 06:00:00,SACSI Full,0.30076185519192694,0.0057694315910339355,0.0,0.0,0.0,0.0,0.999880750477314,88
2025-07-01 07:00:00,SACSI Full,0.3003799039186446,0.004414618015289307,0.0,0.0,0.0,0.0,0.9998981595039367,88
2025-07-01 08:00:00,SACSI Full,0.29963359891547836,0.005608499050140381,0.0,0.0,0.0,0.0,0.9998758912086486,88
2025-07-01 09:00:00,SACSI Full,0.2985202554898866,0.005996972322463989,0.0,0.0,0.0,0.0,0.9998761758208274,88
2025-07-01 10:00:00,SACSI Full,0.2972153746538766,0.008035749197006226,0.0,0.0,0.0,0.0,0.9998188972473144,88
2025-07-01 11:00:00,SACSI Full,0.2956512479803371,0.006761997938156128,0.0,0.0,0.0,0.0,0.9998520225286485,88
2025-07-01 12:00:00,SACSI Full,0.29540099483543714,0.007424056529998779,0.0,0.0,0.0,0.0,0.9998448982834817,88
2025-07-01 13:00:00,SACSI Full,0.2941939202886232,0.020377635955810547,0.0,0.0,0.0,0.0,0.9994629114866257,88
2025-07-01 14:00:00,SACSI Full,0.2928762611760108,0.021202266216278076,0.0,0.0,0.0,0.0,0.9995677083730697,88
2025-07-01 15:00:00,SACSI Full,0.2931189619435279,0.012810230255126953,0.0,0.0,0.0,0.0,0.999659875035286,88
2025-07-01 16:00:00,SACSI Full,0.29234334410403257,0.005314648151397705,0.0,0.0,0.0,0.0,0.9998187512159347,88
2025-07-01 17:00:00,SACSI Full,0.2921291691936461,0.0057475268840789795,0.0,0.0,0.0,0.0,0.9998807206749916,88
2025-07-01 18:00:00,SACSI Full,0.29215170681609787,0.008761286735534668,0.0,0.0,0.0,0.0,0.9997946366667747,88
2025-07-01 19:00:00,SACSI Full,0.2929237698083528,0.008118897676467896,0.0,0.0,0.0,0.0,0.99983119815588,88
2025-07-01 20:00:00,SACSI Full,0.29677556722694715,0.0065392255783081055,0.0,0.0,0.0,0.0,0.9998534187674523,88
2025-07-01 21:00:00,SACSI Full,0.3023108286632506,0.0030784308910369873,0.0,0.0,0.0,0.0,0.9999038234353066,88
2025-07-01 22:00:00,SACSI Full,0.30451776653661405,0.004581362009048462,0.0,0.0,0.0,0.0,0.9998933434486389,88
2025-07-01 23:00:00,SACSI Full,0.30935933430804885,0.0034703314304351807,0.0,0.0,0.0,0.0,0.9999194830656052,88
2025-07-02 00:00:00,SACSI Full,0.31651007192109104,0.004721283912658691,0.0,0.0,0.0,0.0,0.9998930647969246,88
2025-07-02 01:00:00,SACSI Full,0.31628885957612674,0.0016362965106964111,0.0,0.0,0.0,0.0,0.9999364241957664,88
2025-07-02 02:00:00,SACSI Full,0.31642863688840545,0.0014331936836242676,0.0,0.0,0.0,0.0,0.9999693050980568,88
2025-07-02 03:00:00,SACSI Full,0.32127769000981327,0.0057159364223480225,0.0,0.0,0.0,0.0,-0.12792614713716013,88
2025-07-02 04:00:00,SACSI Full,0.326489166280171,0.005942881107330322,0.0,0.0,0.0,0.0,-0.6490377550860952,88
2025-07-02 05:00:00,SACSI Full,0.3493925441024112,0.0050133466720581055,0.0,0.0,0.0,0.0,-2.9393639725189153,88
2025-07-02 06:00:00,SACSI Full,0.352134670360095,0.05329355597496033,0.0,0.07115567866983241,0.0,0.0,-3.215015709222027,88
2025-07-02 07:00:00,SACSI Full,0.3622204744861186,0.009590387344360352,0.0,0.40734914953728635,0.0,0.0,-4.222676288045053,88
2025-07-02 08:00:00,SACSI Full,0.36613675475647994,0.0977759063243866,0.0,0.5378918252159978,0.0,0.0,-4.616512848964282,88
2025-07-02 09:00:00,SACSI Full,0.3667348154699589,0.06474539637565613,0.0,0.5578271823319639,0.0,0.0,-4.6751067600228895,88
2025-07-02 10:00:00,SACSI Full,0.3670390685328053,0.02924486994743347,0.0,0.5679689510935105,0.0,0.0,-4.704846755943763,88
2025-07-02 11:00:00,SACSI Full,0.372011817164678,0.10405182838439941,0.0,0.7337272388225998,0.0,0.0,-5.204010822619859,88
2025-07-02 12:00:00,SACSI Full,0.3783232350389885,0.09053319692611694,0.0,0.9441078346329519,0.0,0.0,-5.834269354151956,88
2025-07-02 13:00:00,SACSI Full,0.38415664186817955,0.0990767776966095,0.0,1.1385547289393174,0.0,0.0,-6.417731158179592,88
2025-07-02 14:00:00,SACSI Full,0.3864525802552332,0.12286752462387085,0.0,1.215086008507774,0.0,0.0,-6.64795328348507,88
2025-07-02 15:00:00,SACSI Full,0.3879395127540496,0.13823017477989197,0.0,1.2646504251349868,0.0,0.0,-6.796869505402116,88
2025-07-02 16:00:00,SACSI Full,0.38604181840065127,0.06808564066886902,0.0,1.2013939466883756,0.0,0.0,-6.606244998219614,88
2025-07-02 17:00:00,SACSI Full,0.383707148521331,0.05067065358161926,0.0,1.1235716173777008,0.0,0.0,-6.371902415075602,88
2025-07-02 18:00:00,SACSI Full,0.38045145720588003,0.02334117889404297,0.0,1.0150485735293344,0.0,0.0,-6.045885838912759,88
2025-07-02 19:00:00,SACSI Full,0.37755365409135966,0.02561420202255249,0.0,0.9184551363786554,0.0,0.0,-5.755900423407701,88
2025-07-02 20:00:00,SACSI Full,0.37466829196190965,0.016167759895324707,0.0,0.8222763987303225,0.0,0.0,-5.467247015810143,88
2025-07-02 21:00:00,SACSI Full,0.3721048045623553,0.027280598878860474,0.0,0.7368268187451762,0.0,0.0,-5.21113719660294,88
2025-07-02 22:00:00,SACSI Full,0.3697614866875636,0.023720860481262207,0.0,0.6587162229187854,0.0,0.0,-4.976658683349959,88
2025-07-02 23:00:00,SACSI Full,0.36761749794999005,0.03755331039428711,0.0,0.5872499316663351,0.0,0.0,-4.7626391857060195,88
2025-07-03 00:00:00,SACSI Full,0.36562411886655605,0.03329023718833923,0.0,0.5208039622185353,0.0,0.0,-4.56312032213143,88
2025-07-03 01:00:00,SACSI Full,0.36482259938922507,0.05563080310821533,0.0,0.49408664630750254,0.0,0.0,-4.483595960643869,88
2025-07-03 02:00:00,SACSI Full,0.36316557394856497,0.018244832754135132,0.0,0.4388524649521657,0.0,0.0,-4.31729615121512,88
2025-07-03 03:00:00,SACSI Full,0.36291912706024304,0.05020350217819214,0.0,0.43063756867476854,0.0,0.0,-4.293236362762109,88
2025-07-03 04:00:00,SACSI Full,0.3613785497011559,0.01911178231239319,0.0,0.37928499003853067,0.0,0.0,-4.138548122960495,88
2025-07-03 05:00:00,SACSI Full,0.36008331709627667,0.024040788412094116,0.0,0.3361105698758877,0.0,0.0,-4.008861815456905,88
2025-07-03 06:00:00,SACSI Full,0.36020461032680595,0.06154164671897888,0.0,0.3401536775601983,0.0,0.0,-4.0220668741980425,88
2025-07-03 07:00:00,SACSI Full,0.3592491209916942,0.023657232522964478,0.0,0.30830403305647425,0.0,0.0,-3.925764087961839,88
2025-07-03 08:00:00,SACSI Full,0.35808353824871836,0.00677645206451416,0.0,0.26945127495727805,0.0,0.0,-3.8086581617177098,88
2025-07-03 09:00:00,SACSI Full,0.35655249606291706,0.005603879690170288,0.0,0.21841653543056766,0.0,0.0,-3.6553734096092523,88
2025-07-03 10:00:00,SACSI Full,0.35804747136402354,0.014241635799407959,0.0,0.26824904546745215,0.0,0.0,-3.805118346679434,88
2025-07-03 11:00:00,SACSI Full,0.35842175623102385,0.01401066780090332,0.0,0.28072520770079595,0.0,0.0,-3.8424581461383873,88
2025-07-03 12:00:00,SACSI Full,0.3582484014077491,0.009940266609191895,0.0,0.2749467135916362,0.0,0.0,-3.8250796501190107,88
2025-07-03 13:00:00,SACSI Full,0.36222035080440396,0.03692984580993652,0.0,0.4073450268134664,1.4210854715202004e-14,0.0,-4.2230435731486,88
2025-07-03 14:00:00,SACSI Full,0.3614787030692776,0.013129115104675293,0.0,0.3826234356425857,0.0,0.0,-4.148370896536905,88
2025-07-03 15:00:00,SACSI Full,0.360188767783035,0.005645006895065308,0.0,0.33962559276783255,0.0,0.0,-4.019064519523496,88
2025-07-03 16:00:00,SACSI Full,0.3587493979303144,0.004335641860961914,0.0,0.29164659767714624,0.0,0.0,-3.875039599519,88
2025-07-03 17:00:00,SACSI Full,0.3574264408891292,0.003660917282104492,0.0,0.24754802963764178,0.0,0.0,-3.7427240545043525,88
2025-07-03 18:00:00,SACSI Full,0.35648665249570244,0.019285231828689575,0.0,0.2162217498567472,0.0,0.0,-3.6492071973522826,88
2025-07-03 19:00:00,SACSI Full,0.35560625740561513,0.016256719827651978,0.0,0.1868752468538375,-1.4210854715202004e-14,0.0,-3.560981160078076,88
2025-07-03 20:00:00,SACSI Full,0.35495802973228957,0.021799355745315552,0.0,0.16526765774298582,0.0,0.0,-3.496294386703039,88
2025-07-03 21:00:00,SACSI Full,0.35438922769699926,0.009666979312896729,0.0,0.14630758989997616,0.0,0.0,-3.439237433050508,88
2025-07-03 22:00:00,SACSI Full,0.3538464405531386,0.007878541946411133,0.0,0.12821468510461928,0.0,0.0,-3.38481951052645,88
2025-07-03 23:00:00,SACSI Full,0.35336124509883216,0.008982867002487183,0.0,0.11204150329440524,0.0,0.0,-3.336315210473825,88
2025-07-04 00:00:00,SACSI Full,0.3529074251651075,0.011768192052841187,0.0,0.0969141721702485,0.0,0.0,-3.2910057336023075,88
2025-07-04 01:00:00,SACSI Full,0.35246941563147066,0.010410994291305542,0.0,0.08231385438235464,0.0,0.0,-3.2471633550105072,88
2025-07-04 02:00:00,SACSI Full,0.3520871064633527,0.005877465009689331,0.0,0.06957021544508848,0.0,0.0,-3.2088735309282765,88
2025-07-04 03:00:00,SACSI Full,0.3517414783422707,0.005360841751098633,0.0,0.058049278075689874,0.0,0.0,-3.1742602172946777,88
2025-07-04 04:00:00,SACSI Full,0.3514306226926349,0.005430728197097778,0.0,0.047687423087830895,0.0,0.0,-3.143171582691893,88
2025-07-04 05:00:00,SACSI Full,0.35114897327351297,0.004804283380508423,0.0,0.038299109117097885,0.0,0.0,-3.114999677467072,88
2025-07-04 06:00:00,SACSI Full,0.35087348684389347,0.005970299243927002,0.0,0.02911622812978152,0.0,0.0,-3.0874797505328586,88
2025-07-04 07:00:00,SACSI Full,0.35046725169443144,0.004204511642456055,0.0,0.015575056481048934,0.0,0.0,-3.0468269175520066,88
2025-07-04 08:00:00,SACSI Full,0.34968616363866184,0.0036735832691192627,0.0,0.0,0.0,0.0,-2.968695144815299,88
2025-07-04 09:00:00,SACSI Full,0.34856022277139675,0.0022177398204803467,0.0,0.0,0.0,0.0,-2.856081190370571,88
2025-07-04 10:00:00,SACSI Full,0.34718176692111347,0.002963244915008545,0.0,0.0,0.0,0.0,-2.718243412060591,88
2025-07-04 11:00:00,SACSI Full,0.3455787837142056,0.0036050379276275635,0.0,0.0,0.0,0.0,-2.5579568901092364,88
2025-07-04 12:00:00,SACSI Full,0.34388696445170097,0.002454221248626709,0.0,0.0,0.0,0.0,-2.3887570377618594,88
2025-07-04 13:00:00,SACSI Full,0.3421972775453632,0.003093928098678589,0.0,0.0,0.0,0.0,-2.2197960301667954,88
2025-07-04 14:00:00,SACSI Full,0.3406756192153995,0.0025025010108947754,0.0,0.0,0.0,0.0,-2.067617885831047,88
2025-07-04 15:00:00,SACSI Full,0.3394368491707549,0.0023689866065979004,0.0,0.0,0.0,0.0,-1.9437336319516636,88
2025-07-04 16:00:00,SACSI Full,0.3384798011472131,0.0018855929374694824,0.0,0.0,0.0,0.0,-1.84802266051675,88
2025-07-04 17:00:00,SACSI Full,0.3378084433240002,0.0025926530361175537,0.0,0.0,0.0,0.0,-1.7809032560617255,88
2025-07-04 18:00:00,SACSI Full,0.33810048462493275,0.0066123902797698975,0.0,0.0,0.0,0.0,-1.8102209076713063,88
2025-07-04 19:00:00,SACSI Full,0.3378066914044127,0.005362033843994141,0.0,0.0,0.0,0.0,-1.7807888846825086,88
2025-07-04 20:00:00,SACSI Full,0.3379051517361706,0.006038099527359009,0.0,0.0,0.0,0.0,-1.7906426962644386,88
2025-07-04 21:00:00,SACSI Full,0.33769486343247745,0.004913508892059326,0.0,0.0,0.0,0.0,-1.769595859331939,88
2025-07-04 22:00:00,SACSI Full,0.3375089561774637,0.003727823495864868,0.0,0.0,0.0,0.0,-1.7509820310702469,88
2025-07-04 23:00:00,SACSI Full,0.3372970918276216,0.00444069504737854,0.0,0.0,0.0,0.0,-1.7298051253786197,88
2025-07-05 00:00:00,SACSI Full,0.3370858717046485,0.004633963108062744,0.0,0.0,0.0,0.0,-1.7086817824076161,88
2025-07-05 01:00:00,SACSI Full,0.33684471687021905,0.004153549671173096,0.0,0.0,0.0,0.0,-1.684559562149697,88
2025-07-05 02:00:00,SACSI Full,0.33654680943909343,0.004127770662307739,0.0,0.0,0.0,0.0,-1.6547637571126772,88
2025-07-05 03:00:00,SACSI Full,0.33624891641242355,0.004132091999053955,0.0,0.0,0.0,0.0,-1.6249743262957028,88
2025-07-05 04:00:00,SACSI Full,0.33595037170830416,0.003936588764190674,0.0,0.0,0.0,0.0,-1.595117857638048,88
2025-07-05 05:00:00,SACSI Full,0.33565314426683435,0.004331767559051514,0.0,0.0,0.0,0.0,-1.5654050138225637,88
2025-07-05 06:00:00,SACSI Full,0.33535481711966836,0.0040018558502197266,0.0,0.0,0.0,0.0,-1.535565048200928,88
2025-07-05 07:00:00,SACSI Full,0.33491083525839493,0.0028054416179656982,0.0,0.0,0.0,0.0,-1.4911515988141748,88
2025-07-05 08:00:00,SACSI Full,0.3341235319282914,0.0018090009689331055,0.0,0.0,0.0,0.0,-1.41239933725501,88
2025-07-05 09:00:00,SACSI Full,0.3329971624042893,0.0020891427993774414,0.0,0.0,0.0,0.0,-1.2997608247032195,88
2025-07-05 10:00:00,SACSI Full,0.33167211483342496,0.0019857287406921387,0.0,0.0,0.0,0.0,-1.167252232057896,88
2025-07-05 11:00:00,SACSI Full,0.330093982061774,0.002560168504714966,0.0,0.0,0.0,0.0,-1.0094551539451322,88
2025-07-05 12:00:00,SACSI Full,0.3284575608804131,0.00207364559173584,0.0,0.0,0.0,0.0,-0.8458024261822752,88
2025-07-05 13:00:00,SACSI Full,0.3267954538053577,0.00286787748336792,0.0,0.0,0.0,0.0,-0.6796106804043514,88
2025-07-05 14:00:00,SACSI Full,0.32524603583676664,0.002674609422683716,0.0,0.0,0.0,0.0,-0.5246590085457243,88
2025-07-05 15:00:00,SACSI Full,0.3239226934554482,0.0024972856044769287,0.0,0.0,0.0,0.0,-0.3923210644950928,88
2025-07-05 16:00:00,SACSI Full,0.32290841152770366,0.0017154216766357422,0.0,0.0,0.0,0.0,-0.2908832798431769,88
2025-07-05 17:00:00,SACSI Full,0.3222360448958779,0.002290010452270508,0.0,0.0,0.0,0.0,-0.22365603568459375,88
2025-07-05 18:00:00,SACSI Full,0.3232462890603448,0.005073249340057373,0.0,0.0,0.0,0.0,-0.3247582034101588,88
2025-07-05 19:00:00,SACSI Full,0.3236421860593861,0.003769099712371826,0.0,0.0,0.0,0.0,-0.3643070294291342,88
2025-07-05 20:00:00,SACSI Full,0.32344827986104346,0.0013281404972076416,0.0,0.0,0.0,0.0,-0.34487895850644157,88
2025-07-05 21:00:00,SACSI Full,0.32389502164307293,0.0020225346088409424,0.0,0.0,0.0,0.0,-0.38954955894058585,88
2025-07-05 22:00:00,SACSI Full,0.3244271145958012,0.0021278858184814453,0.0,0.0,0.0,0.0,-0.4427550708085856,88
2025-07-05 23:00:00,SACSI Full,0.3242897712527022,0.0012969970703125,0.0,0.0,0.0,0.0,-0.429011374099107,88
2025-07-06 00:00:00,SACSI Full,0.32747462209406547,0.014955252408981323,0.0,0.0,0.0,0.0,-0.7478978970081127,88
2025-07-06 01:00:00,SACSI Full,0.3292820135214235,0.010217428207397461,0.0,0.0,0.0,0.0,-0.9284530789485131,88
2025-07-06 02:00:00,SACSI Full,0.33310349896374397,0.014445632696151733,0.0,0.0,0.0,0.0,-1.310681091073207,88
2025-07-06 03:00:00,SACSI Full,0.3328903173512524,0.0040455162525177,0.0,0.0,0.0,0.0,-1.2892166466147268,88
2025-07-06 04:00:00,SACSI Full,0.3340282714893724,0.009386241436004639,0.0,0.0,0.0,0.0,-1.4030682810177961,88
2025-07-06 05:00:00,SACSI Full,0.33384068636360825,0.0032244622707366943,0.0,0.0,0.0,0.0,-1.3841947433978918,88
2025-07-06 06:00:00,SACSI Full,0.33359787899040244,0.003657788038253784,0.0,0.0,0.0,0.0,-1.3598653880586837,88
2025-07-06 07:00:00,SACSI Full,0.3332109631469156,0.0029252469539642334,0.0,0.0,0.0,0.0,-1.3211621450414832,88
2025-07-06 08:00:00,SACSI Full,0.33265601376000103,0.003515183925628662,0.0,0.0,0.0,0.0,-1.2656775790483321,88
2025-07-06 09:00:00,SACSI Full,0.3317552141772018,0.0017601251602172852,0.0,0.0,0.0,0.0,-1.1755741708110352,88
2025-07-06 10:00:00,SACSI Full,0.3304893495824244,0.002740621566772461,0.0,0.0,0.0,0.0,-1.0489995756378379,88
2025-07-06 11:00:00,SACSI Full,0.32899498349133194,0.0021901726722717285,0.0,0.0,0.0,0.0,-0.8995476570755836,88
2025-07-06 12:00:00,SACSI Full,0.3275580390590733,0.002416670322418213,0.0,0.0,0.0,0.0,-0.7558545042902817,88
2025-07-06 13:00:00,SACSI Full,0.33101492440008184,0.01106560230255127,0.0,0.0,0.0,0.0,-1.1018002413740362,88
2025-07-06 14:00:00,SACSI Full,0.3305054241985387,0.00214993953704834,0.0,0.0,0.0,0.0,-1.050674575272263,88
2025-07-06 15:00:00,SACSI Full,0.32937874522708915,0.0019963085651397705,0.0,0.0,0.0,0.0,-0.9379159851899366,88
2025-07-06 16:00:00,SACSI Full,0.3284509663298037,0.0021663308143615723,0.0,0.0,0.0,0.0,-0.8451416598191483,88
2025-07-06 17:00:00,SACSI Full,0.3278334191173619,0.0017358362674713135,0.0,0.0,0.0,0.0,-0.7833809334070089,88
2025-07-06 18:00:00,SACSI Full,0.3275315072475181,0.002926439046859741,0.0,0.0,0.0,0.0,-0.753221159560542,88
2025-07-06 19:00:00,SACSI Full,0.32725798980576853,0.002944767475128174,0.0,0.0,0.0,0.0,-0.725858059210638,88
2025-07-06 20:00:00,SACSI Full,0.327043310626577,0.0035962462425231934,0.0,0.0,0.0,0.0,-0.7044095023702226,88
2025-07-06 21:00:00,SACSI Full,0.32682911970876716,0.003742724657058716,0.0,0.0,0.0,0.0,-0.6829882901540015,88
2025-07-06 22:00:00,SACSI Full,0.32658394404434227,0.002947300672531128,0.0,0.0,0.0,0.0,-0.6584613046875218,88
2025-07-06 23:00:00,SACSI Full,0.3263385711878843,0.0028881430625915527,0.0,0.0,0.0,0.0,-0.6339154732257791,88
2025-07-07 00:00:00,SACSI Full,0.3267598759256111,0.0028914213180541992,0.0,0.0,0.0,0.0,-0.6760454537700271,88
2025-07-07 01:00:00,SACSI Full,0.3264858761829443,0.002800077199935913,0.0,0.0,0.0,0.0,-0.6486445332796071,88
2025-07-07 02:00:00,SACSI Full,0.3262400086079346,0.00273972749710083,0.0,0.0,0.0,0.0,-0.6240562588404315,88
2025-07-07 03:00:00,SACSI Full,0.3260220566370395,0.0026144087314605713,0.0,0.0,0.0,0.0,-0.6022592050662331,88
2025-07-07 04:00:00,SACSI Full,0.3264737297100134,0.0035019218921661377,0.0,0.0,0.0,0.0,-0.6474518845707925,88
2025-07-07 05:00:00,SACSI Full,0.3262828221220083,0.0022277235984802246,0.0,0.0,0.0,0.0,-0.6283395086557378,88
2025-07-07 06:00:00,SACSI Full,0.3277412608188696,0.005531609058380127,0.0,0.0,0.0,0.0,-0.7742697529227277,88
2025-07-07 07:00:00,SACSI Full,0.32741023181461365,0.002691298723220825,0.0,0.0,0.0,0.0,-0.7411054105391804,88
2025-07-07 08:00:00,SACSI Full,0.3267067647038209,0.0014598667621612549,0.0,0.0,0.0,0.0,-0.6707179820369404,88
2025-07-07 09:00:00,SACSI Full,0.3256635042224633,0.0015218555927276611,0.0,0.0,0.0,0.0,-0.5663814792464914,88
2025-07-07 10:00:00,SACSI Full,0.32431210566940977,0.0025804340839385986,0.0,0.0,0.0,0.0,-0.4312727614075669,88
2025-07-07 11:00:00,SACSI Full,0.3229907371952441,0.0030894577503204346,0.0,0.0,0.0,0.0,-0.29914059891608225,88
2025-07-07 12:00:00,SACSI Full,0.32320150836411193,0.005231350660324097,0.0,0.0,0.0,0.0,-0.32027688235349916,88
2025-07-07 13:00:00,SACSI Full,0.3227952089319932,0.003110170364379883,0.0,0.0,0.0,0.0,-0.27960430840956685,88
2025-07-07 14:00:00,SACSI Full,0.3236778744787283,0.00479966402053833,0.0,0.0,0.0,0.0,-0.3679003360898028,88
2025-07-07 15:00:00,SACSI Full,0.3236086961422669,0.0022464990615844727,0.0,0.0,0.0,0.0,-0.3609400758575099,88
2025-07-07 16:00:00,SACSI Full,0.32298709195318887,0.0025187432765960693,0.0,0.0,0.0,0.0,-0.2987622926265679,88
2025-07-07 17:00:00,SACSI Full,0.3240433505537418,0.003877580165863037,0.0,0.0,0.0,0.0,-0.40442619534638746,88
2025-07-07 18:00:00,SACSI Full,0.32914302506469756,0.014902353286743164,0.0,0.0,0.0,0.0,-0.9147108012666989,88
2025-07-07 19:00:00,SACSI Full,0.3295937509205249,0.003217756748199463,0.0,0.0,0.0,0.0,-0.9595562931528384,88
2025-07-07 20:00:00,SACSI Full,0.333018357490133,0.012381970882415771,0.0,0.0,0.0,0.0,-1.3021750305722875,88
2025-07-07 21:00:00,SACSI Full,0.334430772923063,0.008724629878997803,0.0,0.0,0.0,0.0,-1.4432883583139138,88
2025-07-07 22:00:00,SACSI Full,0.33424425621055637,0.0035449862480163574,0.0,0.0,0.0,0.0,-1.4245483172169062,88
2025-07-07 23:00:00,SACSI Full,0.33473118668976504,0.005579143762588501,0.0,0.0,0.0,0.0,-1.4732505934269005,88
2025-07-08 00:00:00,SACSI Full,0.3398973353149799,0.017844587564468384,0.0,0.0,0.0,0.0,-1.9902130776872973,88
2025-07-08 01:00:00,SACSI Full,0.34516178643805856,0.030335336923599243,0.0,0.0,0.0,0.0,-2.516910258037919,88
2025-07-08 02:00:00,SACSI Full,0.34676593594256117,0.023744851350784302,0.0,0.0,0.0,0.0,-2.67713439613886,88
2025-07-08 03:00:00,SACSI Full,0.3473491277259893,0.008957535028457642,0.0,0.0,0.0,0.0,-2.735239796462722,88
2025-07-08 04:00:00,SACSI Full,0.34759223893029556,0.006933361291885376,0.0,0.0,0.0,0.0,-2.7593828019927593,88
2025-07-08 05:00:00,SACSI Full,0.34749438541991573,0.004643946886062622,0.0,0.0,0.0,0.0,-2.7495543150733517,88
2025-07-08 06:00:00,SACSI Full,0.3473669419116086,0.004266947507858276,0.0,0.0,0.0,0.0,-2.736783300104799,88
2025-07-08 07:00:00,SACSI Full,0.3470414462052093,0.004351288080215454,0.0,0.0,0.0,0.0,-2.7042324896882595,88
2025-07-08 08:00:00,SACSI Full,0.346514654317926,0.0034624338150024414,0.0,0.0,0.0,0.0,-2.651543569011551,88
2025-07-08 09:00:00,SACSI Full,0.34544815521024724,0.0030502676963806152,0.0,0.0,0.0,0.0,-2.5448806480398374,88
2025-07-08 10:00:00,SACSI Full,0.3441008475226468,0.0038076937198638916,0.0,0.0,0.0,0.0,-2.4101684803993115,88
2025-07-08 11:00:00,SACSI Full,0.3424962977069921,0.0031350553035736084,0.0,0.0,0.0,0.0,-2.249699198189442,88
2025-07-08 12:00:00,SACSI Full,0.34080759427729307,0.0033889710903167725,0.0,0.0,0.0,0.0,-2.08082974630898,88
2025-07-08 13:00:00,SACSI Full,0.33911706297182104,0.0028406083583831787,0.0,0.0,0.0,0.0,-1.91176859297659,88
2025-07-08 14:00:00,SACSI Full,0.3375687755046592,0.0030137598514556885,0.0,0.0,0.0,0.0,-1.7569395571778783,88
2025-07-08 15:00:00,SACSI Full,0.3362727352963195,0.0021879374980926514,0.0,0.0,0.0,0.0,-1.6273255466054461,88
2025-07-08 16:00:00,SACSI Full,0.33562238401833233,0.0023946166038513184,0.0,0.0,0.0,0.0,-1.5622883609563671,88
2025-07-08 17:00:00,SACSI Full,0.3357354086266265,0.003907382488250732,0.0,0.0,0.0,0.0,-1.573634137971257,88
2025-07-08 18:00:00,SACSI Full,0.33541308587415075,0.005303174257278442,0.0,0.0,0.0,0.0,-1.5414286088179103,88
2025-07-08 19:00:00,SACSI Full,0.33517454271657326,0.0049370527267456055,0.0,0.0,0.0,0.0,-1.5175566739271662,88
2025-07-08 20:00:00,SACSI Full,0.334961868736973,0.004197806119918823,0.0,0.0,0.0,0.0,-1.4962782222857638,88
2025-07-08 21:00:00,SACSI Full,0.3347486180824345,0.004024803638458252,0.0,0.0,0.0,0.0,-1.4749440343410332,88
2025-07-08 22:00:00,SACSI Full,0.3345361318574653,0.004254132509231567,0.0,0.0,0.0,0.0,-1.4537005616854197,88
2025-07-08 23:00:00,SACSI Full,0.3343228812029268,0.004024803638458252,0.0,0.0,0.0,0.0,-1.4323709096541566,88
2025-07-09 00:00:00,SACSI Full,0.33410974926097253,0.004060417413711548,0.0,0.0,0.0,0.0,-1.4110564905832794,88
2025-07-09 01:00:00,SACSI Full,0.3338677867836064,0.003911256790161133,0.0,0.0,0.0,0.0,-1.386858395102678,88
2025-07-09 02:00:00,SACSI Full,0.3336523630430605,0.003372877836227417,0.0,0.0,0.0,0.0,-1.3653091456523139,88
2025-07-09 03:00:00,SACSI Full,0.33343576310419104,0.0030200183391571045,0.0,0.0,0.0,0.0,-1.3436402393808573,88
2025-07-09 04:00:00,SACSI Full,0.33321981235924425,0.0032147765159606934,0.0,0.0,0.0,0.0,-1.3220474790365115,88
2025-07-09 05:00:00,SACSI Full,0.3330067559165067,0.004083067178726196,0.0,0.0,0.0,0.0,-1.3007659359008708,88
2025-07-09 06:00:00,SACSI Full,0.3327633827958809,0.0034880638122558594,0.0,0.0,0.0,0.0,-1.2764139908980003,88
2025-07-09 07:00:00,SACSI Full,0.3323762940989243,0.0028733909130096436,0.0,0.0,0.0,0.0,-1.2376930244396793,88
2025-07-09 08:00:00,SACSI Full,0.33159042475723294,0.0022391974925994873,0.0,0.0,0.0,0.0,-1.1590936016073492,88
2025-07-09 09:00:00,SACSI Full,0.33046302109264397,0.0017789006233215332,0.0,0.0,0.0,0.0,-1.0463422902455557,88
2025-07-09 10:00:00,SACSI Full,0.3292220605773038,0.0017118453979492188,0.0,0.0,0.0,0.0,-0.922240965190592,88
2025-07-09 11:00:00,SACSI Full,0.3278122489414917,0.002056509256362915,0.0,0.0,0.0,0.0,-0.7812694709728798,88
2025-07-09 12:00:00,SACSI Full,0.3261192465267883,0.002099275588989258,0.0,0.0,0.0,0.0,-0.6119670658539363,88
2025-07-09 13:00:00,SACSI Full,0.3249873820640948,0.0024406611919403076,0.0,0.0,0.0,0.0,-0.4987904334893453,88
2025-07-09 14:00:00,SACSI Full,0.32503384387357104,0.00493854284286499,0.0,0.0,0.0,0.0,-0.5035081370304696,88
2025-07-09 15:00:00,SACSI Full,0.3243814138835973,0.001771003007888794,0.0,0.0,0.0,0.0,-0.43820848381823824,88
2025-07-09 16:00:00,SACSI Full,0.3277651411829697,0.019118189811706543,0.0,0.0,0.0,0.0,-0.7770699539612393,88
2025-07-09 17:00:00,SACSI Full,0.3282928999974635,0.0028276443481445312,0.0,0.0,0.0,0.0,-0.8295094580879506,88
2025-07-09 18:00:00,SACSI Full,0.32796185112499265,0.002685338258743286,0.0,0.0,0.0,0.0,-0.7962402423253336,88
2025-07-09 19:00:00,SACSI Full,0.3277126139007317,0.001728832721710205,0.0,0.0,0.0,0.0,-0.7713055317829736,88
2025-07-09 20:00:00,SACSI Full,0.327520317027798,0.0018109381198883057,0.0,0.0,0.0,0.0,-0.7520687425961781,88
2025-07-09 21:00:00,SACSI Full,0.32735504764977164,0.0014191865921020508,0.0,0.0,0.0,0.0,-0.7355370662242827,88
2025-07-09 22:00:00,SACSI Full,0.3272180460399694,0.0013995170593261719,0.0,0.0,0.0,0.0,-0.7218327910334538,88
2025-07-09 23:00:00,SACSI Full,0.32736382901691463,0.0032348930835723877,0.0,0.0,0.0,0.0,-0.7364659533133764,88
2025-07-10 00:00:00,SACSI Full,0.327171553502312,0.0018173456192016602,0.0,0.0,0.0,0.0,-0.7172058726182244,88
2025-07-10 01:00:00,SACSI Full,0.3270066318180468,0.0015234947204589844,0.0,0.0,0.0,0.0,-0.7006965902080748,88
2025-07-10 02:00:00,SACSI Full,0.32686953782104516,0.0013718008995056152,0.0,0.0,0.0,0.0,-0.6869827350607154,88
2025-07-10 03:00:00,SACSI Full,0.3267319044020083,0.0012099742889404297,0.0,0.0,0.0,0.0,-0.6732162579527116,88
2025-07-10 04:00:00,SACSI Full,0.32659488491081257,0.0013941526412963867,0.0,0.0,0.0,0.0,-0.6595182159176055,88
2025-07-10 05:00:00,SACSI Full,0.32645799903336226,0.001434236764907837,0.0,0.0,0.0,0.0,-0.6458289889127592,88
2025-07-10 06:00:00,SACSI Full,0.3262651890637781,0.0016570091247558594,0.0,0.0,0.0,0.0,-0.6265542742839034,88
2025-07-10 07:00:00,SACSI Full,0.3259026815877662,0.0017477571964263916,0.0,0.0,0.0,0.0,-0.5903040214012641,88
2025-07-10 08:00:00,SACSI Full,0.3268415999327407,0.0026755034923553467,0.0,0.0,0.0,0.0,-0.6842227808068758,88
2025-07-10 09:00:00,SACSI Full,0.3275268559052851,0.003076791763305664,0.0,0.0,0.0,0.0,-0.7527511392464824,88
2025-07-10 10:00:00,SACSI Full,0.32634436062676764,0.0022514164447784424,0.0,0.0,0.0,0.0,-0.6344893447588439,88
2025-07-10 11:00:00,SACSI Full,0.3249362765322433,0.0025747716426849365,0.0,0.0,0.0,0.0,-0.49368238220915944,88
2025-07-10 12:00:00,SACSI Full,0.3250597563992248,0.004543960094451904,0.0,0.0,0.0,0.0,-0.5060862110088857,88
2025-07-10 13:00:00,SACSI Full,0.33076315446717597,0.04251942038536072,0.0,0.0,0.0,0.0,-1.0775455897282125,88
2025-07-10 14:00:00,SACSI Full,0.32983517539762514,0.002106279134750366,0.0,0.0,0.0,0.0,-0.983963796757714,88
2025-07-10 15:00:00,SACSI Full,0.32879479928436933,0.0023871660232543945,0.0,0.0,0.0,0.0,-0.8795304806262827,88
2025-07-10 16:00:00,SACSI Full,0.32803589038236,0.001827329397201538,0.0,0.0,0.0,0.0,-0.8036311831902013,88
2025-07-10 17:00:00,SACSI Full,0.32752947063468946,0.001074075698852539,0.0,0.0,0.0,0.0,-0.7529760775199056,88
2025-07-10 18:00:00,SACSI Full,0.3271697918957775,0.0025963783264160156,0.0,0.0,0.0,0.0,-0.7170463401705528,88
2025-07-10 19:00:00,SACSI Full,0.3268685858442689,0.0031381845474243164,0.0,0.0,0.0,0.0,-0.6869267661800501,88
2025-07-10 20:00:00,SACSI Full,0.3267054582598115,0.0020617246627807617,0.0,0.0,0.0,0.0,-0.6705978250732524,88
2025-07-10 21:00:00,SACSI Full,0.3265704767507618,0.002005547285079956,0.0,0.0,0.0,0.0,-0.6570883477956564,88
2025-07-10 22:00:00,SACSI Full,0.32632188921712885,0.0019237399101257324,0.0,0.0,0.0,0.0,-0.632228214584836,88
2025-07-10 23:00:00,SACSI Full,0.326101307191283,0.0018253922462463379,0.0,0.0,0.0,0.0,-0.6101682104498627,88
2025-07-11 00:00:00,SACSI Full,0.32590711787087767,0.00124320387840271,0.0,0.0,0.0,0.0,-0.5907424730490131,88
2025-07-11 01:00:00,SACSI Full,0.32571266579332997,0.0011643767356872559,0.0,0.0,0.0,0.0,-0.5712906551391371,88
2025-07-11 02:00:00,SACSI Full,0.3255472791928356,0.0013840198516845703,0.0,0.0,0.0,0.0,-0.5547577961117534,88
2025-07-11 03:00:00,SACSI Full,0.32532434129340504,0.0011186301708221436,0.0,0.0,0.0,0.0,-0.5324591558407283,88
2025-07-11 04:00:00,SACSI Full,0.32510127176705056,0.0010791420936584473,0.0,0.0,0.0,0.0,-0.5101491544277,88
2025-07-11 05:00:00,SACSI Full,0.3249068961821303,0.0011873245239257812,0.0,0.0,0.0,0.0,-0.4907144465278117,88
2025-07-11 06:00:00,SACSI Full,0.32465643507583,0.0013616681098937988,0.0,0.0,0.0,0.0,-0.46567248438105435,88
2025-07-11 07:00:00,SACSI Full,0.32429271315518077,0.0013834238052368164,0.0,0.0,0.0,0.0,-0.42929920155113427,88
2025-07-11 08:00:00,SACSI Full,0.3235907808639909,0.0019203126430511475,0.0,0.0,0.0,0.0,-0.3591218615403286,88
2025-07-11 09:00:00,SACSI Full,0.3225222219191298,0.002432316541671753,0.0,0.0,0.0,0.0,-0.2522759582828016,88
2025-07-11 10:00:00,SACSI Full,0.32131275278988536,0.0026592612266540527,0.0,0.0,0.0,0.0,-0.1313307336599181,88
2025-07-11 11:00:00,SACSI Full,0.32200144458634705,0.006107538938522339,0.0,0.0,0.0,0.0,-0.20030109219059367,88
2025-07-11 12:00:00,SACSI Full,0.3212924910937056,0.0038139522075653076,0.0,0.0,0.0,0.0,-0.12934832428202142,88
2025-07-11 13:00:00,SACSI Full,0.32153087973061256,0.0030165910720825195,0.0,0.0,0.0,0.0,-0.15315627849405203,88
2025-07-11 14:00:00,SACSI Full,0.32043593900782913,0.0030177831649780273,0.0,0.0,0.0,0.0,-0.043654268367140765,88
2025-07-11 15:00:00,SACSI Full,0.32190452389978425,0.004075467586517334,0.0,0.0,0.0,0.0,-0.1905444761743696,88
2025-07-11 16:00:00,SACSI Full,0.3217544859864618,0.0014886260032653809,0.0,0.0,0.0,0.0,-0.17550423958207517,88
2025-07-11 17:00:00,SACSI Full,0.3215255599199042,0.0013221800327301025,0.0,0.0,0.0,0.0,-0.15258410005078174,88
2025-07-11 18:00:00,SACSI Full,0.32152557294709533,0.002003908157348633,0.0,0.0,0.0,0.0,-0.15260419015392532,88
2025-07-11 19:00:00,SACSI Full,0.3212228072407151,0.0026702880859375,0.0,0.0,0.0,0.0,-0.12234079363251534,88
2025-07-11 20:00:00,SACSI Full,0.3210076313561504,0.003447234630584717,0.0,0.0,0.0,0.0,-0.10083984977309775,88
2025-07-11 21:00:00,SACSI Full,0.32112436077697126,0.0030188262462615967,0.0,0.0,0.0,0.0,-0.11250073830589406,88
2025-07-11 22:00:00,SACSI Full,0.32093596602144886,0.0029815733432769775,0.0,0.0,0.0,0.0,-0.09365660614078068,88
2025-07-11 23:00:00,SACSI Full,0.320744507587185,0.002062469720840454,0.0,0.0,0.0,0.0,-0.07450119914913844,88
2025-07-12 00:00:00,SACSI Full,0.32055401127122884,0.002351105213165283,0.0,0.0,0.0,0.0,-0.05545103558207037,88
2025-07-12 01:00:00,SACSI Full,0.3203623015040462,0.001987069845199585,0.0,0.0,0.0,0.0,-0.036273532155203944,88
2025-07-12 02:00:00,SACSI Full,0.320170043870837,0.0018227100372314453,0.0,0.0,0.0,0.0,-0.01704248488252098,88
2025-07-12 03:00:00,SACSI Full,0.32000778899772014,0.002323538064956665,0.0,0.0,0.0,0.0,-0.0008303788135901157,88
2025-07-12 04:00:00,SACSI Full,0.3198159585311318,0.0019508600234985352,0.0,0.0,0.0,0.0,0.9999572560191154,88
2025-07-12 05:00:00,SACSI Full,0.3196222107818032,0.0013756752014160156,0.0,0.0,0.0,0.0,0.9999667346477509,88
2025-07-12 06:00:00,SACSI Full,0.3217492354148929,0.0061073899269104,0.0,0.0,0.0,0.0,-0.1750930064350845,88
2025-07-12 07:00:00,SACSI Full,0.32345733265502297,0.005929172039031982,0.0,0.0,0.0,0.0,-0.34585363112195544,88
2025-07-12 08:00:00,SACSI Full,0.32278245964788443,0.001538097858428955,0.0,0.0,0.0,0.0,-0.27832063748741737,88
2025-07-12 09:00:00,SACSI Full,0.3217700448356375,0.0022755563259124756,0.0,0.0,0.0,0.0,-0.1770573692749405,88
2025-07-12 10:00:00,SACSI Full,0.32114668639603305,0.0039924681186676025,0.0,0.0,0.0,0.0,-0.11476565808360566,88
2025-07-12 11:00:00,SACSI Full,0.31974362995329547,0.004083067178726196,0.0,0.0,0.0,0.0,0.9999174326658249,88
2025-07-12 12:00:00,SACSI Full,0.3202880334721312,0.00532105565071106,0.0,0.0,0.0,0.0,-0.028922148210852906,88
2025-07-12 13:00:00,SACSI Full,0.32130691743714657,0.005165189504623413,0.0,0.0,0.0,0.0,-0.1307966061662093,88
2025-07-12 14:00:00,SACSI Full,0.33863201646191926,0.012029707431793213,0.0,0.0,0.0,0.0,-1.863510885519833,88
2025-07-12 15:00:00,SACSI Full,0.341681144704253,0.012238472700119019,0.0,0.0,0.0,0.0,-2.168361327531983,88
2025-07-12 16:00:00,SACSI Full,0.3412591329966292,0.0028964877128601074,0.0,0.0,0.0,0.0,-2.126064649267048,88
2025-07-12 17:00:00,SACSI Full,0.34182094917717626,0.004544854164123535,0.0,0.0,0.0,0.0,-2.18220229846542,88
2025-07-12 18:00:00,SACSI Full,0.3429723595605597,0.013423115015029907,0.0,0.0,0.0,0.0,-2.2975932009647804,88
2025-07-12 19:00:00,SACSI Full,0.3430980803420449,0.005716234445571899,0.0,0.0,0.0,0.0,-2.309999427699097,88
2025-07-12 20:00:00,SACSI Full,0.34298232878151586,0.007774531841278076,0.0,0.0,0.0,0.0,-2.298408951762368,88
2025-07-12 21:00:00,SACSI Full,0.34286178997460054,0.006338357925415039,0.0,0.0,0.0,0.0,-2.28632012635772,88
2025-07-12 22:00:00,SACSI Full,0.34271008810384124,0.005489438772201538,0.0,0.0,0.0,0.0,-2.271127088351099,88
2025-07-12 23:00:00,SACSI Full,0.342557260202001,0.005151629447937012,0.0,0.0,0.0,0.0,-2.255832430882301,88
2025-07-13 00:00:00,SACSI Full,0.3423728450499281,0.004175454378128052,0.0,0.0,0.0,0.0,-2.2373777758310696,88
2025-07-13 01:00:00,SACSI Full,0.3422122720212047,0.0028280913829803467,0.0,0.0,0.0,0.0,-2.2212972375780793,88
2025-07-13 02:00:00,SACSI Full,0.3420230825370853,0.002743154764175415,0.0,0.0,0.0,0.0,-2.202363966170001,88
2025-07-13 03:00:00,SACSI Full,0.34181100510063817,0.004376769065856934,0.0,0.0,0.0,0.0,-2.18120438158815,88
2025-07-13 04:00:00,SACSI Full,0.3416030493253772,0.005613267421722412,0.0,0.0,0.0,0.0,-2.160429562869714,88
2025-07-13 05:00:00,SACSI Full,0.3424013915088082,0.016002655029296875,0.0,0.0,0.0,0.0,-2.2405630978574824,88
2025-07-13 06:00:00,SACSI Full,0.34252451303107584,0.0049364566802978516,0.0,0.0,0.0,0.0,-2.252660694224679,88
2025-07-13 07:00:00,SACSI Full,0.34908617627643596,0.04499897360801697,0.0,0.0,0.0,0.0,-2.9099182322850323,88
2025-07-13 08:00:00,SACSI Full,0.34836129692497897,0.0035361945629119873,0.0,0.0,0.0,0.0,-2.836615044179605,88
2025-07-13 09:00:00,SACSI Full,0.34813635007801697,0.004515945911407471,0.0,0.0,0.0,0.0,-2.8137351242334088,88
2025-07-13 10:00:00,SACSI Full,0.3480243616646831,0.006403475999832153,0.0,0.0,0.0,0.0,-2.8025831112891892,88
2025-07-13 11:00:00,SACSI Full,0.3467335621947352,0.0037601590156555176,0.0,0.0,0.0,0.0,-2.673457855823677,88
2025-07-13 12:00:00,SACSI Full,0.34527196352584205,0.003520399332046509,0.0,0.0,0.0,0.0,-2.5272691581676816,88
2025-07-13 13:00:00,SACSI Full,0.35140753471752745,0.061589181423187256,0.0,0.046917823917581813,0.0,0.0,-3.1425659432021193,88
2025-07-13 14:00:00,SACSI Full,0.35423023305375045,0.019317269325256348,0.0,0.14100776845834845,0.0,0.0,-3.423832369882529,88
2025-07-13 15:00:00,SACSI Full,0.3557473778873563,0.018722712993621826,0.0,0.19157926291187552,0.0,0.0,-3.5751181885588155,88
2025-07-13 16:00:00,SACSI Full,0.35477378653292774,0.005048811435699463,0.0,0.15912621776425767,0.0,0.0,-3.4776163685370665,88
2025-07-13 17:00:00,SACSI Full,0.35477528603534325,0.012626051902770996,0.0,0.15917620117810857,0.0,0.0,-3.4778568969770505,88
2025-07-13 18:00:00,SACSI Full,0.35408003656083725,0.012426376342773438,0.0,0.13600121869457524,0.0,0.0,-3.40825418036618,88
2025-07-13 19:00:00,SACSI Full,0.35350594324697004,0.012636780738830566,0.0,0.11686477489900114,0.0,0.0,-3.3508491643557408,88
2025-07-13 20:00:00,SACSI Full,0.3530368743167127,0.011508464813232422,0.0,0.10122914389042421,0.0,0.0,-3.303928884126791,88
2025-07-13 21:00:00,SACSI Full,0.3526023367752259,0.015883296728134155,0.0,0.0867445591741955,0.0,0.0,-3.260595091776301,88
2025-07-13 22:00:00,SACSI Full,0.3522262861142419,0.012394338846206665,0.0,0.0742095371413967,0.0,0.0,-3.2229113877799325,88
2025-07-13 23:00:00,SACSI Full,0.35185619736664253,0.01034662127494812,0.0,0.06187324555475158,0.0,0.0,-3.1858471462654636,88
2025-07-14 00:00:00,SACSI Full,0.3515174169055768,0.008446425199508667,0.0,0.05058056351922744,0.0,0.0,-3.151929621022424,88
2025-07-14 01:00:00,SACSI Full,0.35121231243087186,0.008379071950912476,0.0,0.04041041436239539,0.0,0.0,-3.1213994980586897,88
2025-07-14 02:00:00,SACSI Full,0.3509091946600079,0.00737115740776062,0.0,0.030306488666931843,0.0,0.0,-3.091076968294378,88
2025-07-14 03:00:00,SACSI Full,0.35065768385656476,0.00596955418586731,0.0,0.02192279521882483,0.0,0.0,-3.0659017927724115,88
2025-07-14 04:00:00,SACSI Full,0.3504298654587966,0.0054833292961120605,0.0,0.014328848626553281,0.0,0.0,-3.0431010747144813,88
2025-07-14 05:00:00,SACSI Full,0.35022787276100237,0.0064979493618011475,0.0,0.007595758700078648,0.0,0.0,-3.022927381288129,88
2025-07-14 06:00:00,SACSI Full,0.3499966545175624,0.007134526968002319,0.0,0.0,0.0,0.0,-2.9998145080716614,88
2025-07-14 07:00:00,SACSI Full,0.3495997332723053,0.00842362642288208,0.0,0.0,0.0,0.0,-2.9601546907535368,88
2025-07-14 08:00:00,SACSI Full,0.3495151909636569,0.004137307405471802,0.0,0.0,0.0,0.0,-2.9516447057039734,88
2025-07-14 09:00:00,SACSI Full,0.35001447365466765,0.0052672624588012695,0.0,0.00048245515558846823,0.0,0.0,-3.0015640102664736,88
2025-07-14 10:00:00,SACSI Full,0.356658300046897,0.02109125256538391,0.0,0.221943334896568,0.0,0.0,-3.666410069642075,88
2025-07-14 11:00:00,SACSI Full,0.3593669041211392,0.022311359643936157,0.0,0.3122301373713057,0.0,0.0,-3.9371488403775836,88
2025-07-14 12:00:00,SACSI Full,0.3576995141383694,0.004933476448059082,0.0,0.2566504712789808,-1.4210854715202004e-14,0.0,-3.770223862197861,88
2025-07-14 13:00:00,SACSI Full,0.35574416889184896,0.004368722438812256,0.0,0.19147229639496433,0.0,0.0,-3.5745099111737635,88
2025-07-14 14:00:00,SACSI Full,0.35403421331376594,0.003987103700637817,0.0,0.1344737771255325,0.0,0.0,-3.403504889637988,88
2025-07-14 15:00:00,SACSI Full,0.3526210867476234,0.0034315884113311768,0.0,0.08736955825411173,0.0,0.0,-3.262182861683457,88
2025-07-14 16:00:00,SACSI Full,0.35160569530294256,0.003905743360519409,0.0,0.05352317676475309,0.0,0.0,-3.160652386710957,88
2025-07-14 17:00:00,SACSI Full,0.3508966615235143,0.00417858362197876,0.0,0.02988871745047561,0.0,0.0,-3.089752452426482,88
2025-07-14 18:00:00,SACSI Full,0.35053161859852067,0.01020774245262146,0.0,0.017720619950689808,0.0,0.0,-3.053426306289425,88
2025-07-14 19:00:00,SACSI Full,0.35027495404954545,0.008665770292282104,0.0,0.009165134984849032,0.0,0.0,-3.027684140081994,88
2025-07-14 20:00:00,SACSI Full,0.35008616903873496,0.005736798048019409,0.0,0.0028723012911655134,0.0,0.0,-3.0087609295568987,88
2025-07-14 21:00:00,SACSI Full,0.3498846023846886,0.007530003786087036,0.0,0.0,0.0,0.0,-2.988628770601962,88
2025-07-14 22:00:00,SACSI Full,0.3496788763198477,0.006282180547714233,0.0,0.0,0.0,0.0,-2.968025753828105,88
2025-07-14 23:00:00,SACSI Full,0.3494704223490975,0.00546380877494812,0.0,0.0,0.0,0.0,-2.9471596948029735,88
2025-07-15 00:00:00,SACSI Full,0.34989246045522115,0.01161143183708191,0.0,0.0,0.0,0.0,-2.9895397503894774,88
2025-07-15 01:00:00,SACSI Full,0.3499777329938831,0.010581761598587036,0.0,0.0,0.0,0.0,-2.997995231322663,88
2025-07-15 02:00:00,SACSI Full,0.3504002195891042,0.016586631536483765,0.0,0.013340652970141776,0.0,0.0,-3.0404137402405302,88
2025-07-15 03:00:00,SACSI Full,0.35015831320717633,0.00920519232749939,0.0,0.005277106905877816,0.0,0.0,-3.016089238956272,88
2025-07-15 04:00:00,SACSI Full,0.35026204038341074,0.016352832317352295,0.0,0.008734679447024973,0.0,0.0,-3.0266025713873193,88
2025-07-15 05:00:00,SACSI Full,0.354510780540817,0.0674813985824585,0.0,0.15035935136056794,0.0,0.0,-3.4529389677160025,88
2025-07-15 06:00:00,SACSI Full,0.35481427880237676,0.0195254385471344,0.0,0.16047596007922493,0.0,0.0,-3.482297948608971,88
2025-07-15 07:00:00,SACSI Full,0.3543714209812001,0.006356686353683472,0.0,0.14571403270666963,0.0,0.0,-3.437400919369019,88
2025-07-15 08:00:00,SACSI Full,0.3534076708529993,0.0029639899730682373,0.0,0.11358902843331009,0.0,0.0,-3.340860292063196,88
2025-07-15 09:00:00,SACSI Full,0.35220806751787104,0.002721250057220459,0.0,0.07360225059570098,0.0,0.0,-3.2208636041874064,88
2025-07-15 10:00:00,SACSI Full,0.3598852716396401,0.05567029118537903,0.0,0.32950905465467034,0.0,0.0,-3.990170060199001,88
2025-07-15 11:00:00,SACSI Full,0.36126219810564664,0.019984543323516846,0.0,0.3754066035215544,0.0,0.0,-4.126976358909753,88
2025-07-15 12:00:00,SACSI Full,0.3602976230139674,0.010881572961807251,0.0,0.34325410046558036,0.0,0.0,-4.030070962559591,88
2025-07-15 13:00:00,SACSI Full,0.36061253306798413,0.01372411847114563,0.0,0.3537511022661363,0.0,0.0,-4.061556214622929,88
2025-07-15 14:00:00,SACSI Full,0.3668578625277186,0.058527588844299316,0.0,0.5619287509239541,0.0,0.0,-4.68740483925248,88
2025-07-15 15:00:00,SACSI Full,0.3652920808060918,0.010001510381698608,0.0,0.5097360268697287,0.0,0.0,-4.5298933716014425,88
2025-07-15 16:00:00,SACSI Full,0.3635995076384503,0.007044970989227295,0.0,0.45331692128167733,0.0,0.0,-4.360121228658738,88
2025-07-15 17:00:00,SACSI Full,0.361845174002739,0.004539042711257935,0.0,0.3948391334246353,0.0,0.0,-4.184633240410906,88
2025-07-15 18:00:00,SACSI Full,0.3604111110826363,0.010318160057067871,0.0,0.3470370360878775,0.0,0.0,-4.041375262638228,88
2025-07-15 19:00:00,SACSI Full,0.3591674952751425,0.017498433589935303,0.0,0.30558317583808337,0.0,0.0,-3.917171298921379,88
2025-07-15 20:00:00,SACSI Full,0.3590892043965483,0.0219862163066864,0.0,0.3029734798849433,0.0,0.0,-3.9094050418081294,88
2025-07-15 21:00:00,SACSI Full,0.3600800678821883,0.06726130843162537,0.0,0.3360022627396106,0.0,0.0,-4.009804765308715,88
2025-07-15 22:00:00,SACSI Full,0.35930028020183574,0.010073035955429077,0.0,0.31000934006119113,0.0,0.0,-3.9308013636274444,88
2025-07-15 23:00:00,SACSI Full,0.35861208862579164,0.02311214804649353,0.0,0.28706962085972093,0.0,0.0,-3.8618014966610037,88
2025-07-16 00:00:00,SACSI Full,0.35859614538082146,0.04125520586967468,0.0,0.28653817936071563,0.0,0.0,-3.860621072777771,88
2025-07-16 01:00:00,SACSI Full,0.3585384276146471,0.0182989239692688,0.0,0.2846142538215702,0.0,0.0,-3.854438302763099,88
2025-07-16 02:00:00,SACSI Full,0.36021346201373156,0.08545905351638794,0.0,0.340448733791051,0.0,0.0,-4.023726983738953,88
2025-07-16 03:00:00,SACSI Full,0.36098988656550357,0.05875691771507263,0.0,0.36632955218345276,0.0,0.0,-4.100430816262671,88
2025-07-16 04:00:00,SACSI Full,0.3639999969892774,0.137699693441391,0.0,0.46666656630924597,0.0,0.0,-4.403543120553827,88
2025-07-16 05:00:00,SACSI Full,0.3654881403023965,0.11371433734893799,0.0,0.5162713434132158,0.0,0.0,-4.551328170547555,88
2025-07-16 06:00:00,SACSI Full,0.3637824448768169,0.0072062015533447266,0.0,0.4594148292272294,0.0,0.0,-4.37945369307071,88
2025-07-16 07:00:00,SACSI Full,0.36213779807971747,0.004699230194091797,0.0,0.4045932693239152,0.0,0.0,-4.21389886228922,88
2025-07-16 08:00:00,SACSI Full,0.36636301938825994,0.06600037217140198,0.0,0.5454339796086644,0.0,0.0,-4.6382349576891935,88
2025-07-16 09:00:00,SACSI Full,0.3643126411130502,0.006474554538726807,0.0,0.47708803710167164,0.0,0.0,-4.431988860572118,88
2025-07-16 10:00:00,SACSI Full,0.36255930025218197,0.007141083478927612,0.0,0.41864334173939854,0.0,0.0,-4.256079512177178,88
2025-07-16 11:00:00,SACSI Full,0.36040231016503216,0.005646646022796631,0.0,0.34674367216773877,0.0,0.0,-4.040358893798232,88
2025-07-16 12:00:00,SACSI Full,0.3598337361066321,0.01421898603439331,0.0,0.32779120355440483,1.4210854715202004e-14,0.0,-3.983743713784014,88
2025-07-16 13:00:00,SACSI Full,0.35941210821087183,0.010248571634292603,0.0,0.3137369403623936,0.0,0.0,-3.941455496663869,88
2025-07-16 14:00:00,SACSI Full,0.35777209880937655,0.0050671398639678955,0.0,0.2590699603125515,-1.4210854715202004e-14,0.0,-3.777363038052637,88
2025-07-16 15:00:00,SACSI Full,0.356829909253146,0.00850677490234375,0.0,0.22766364177153237,0.0,0.0,-3.6831954571630305,88
2025-07-16 16:00:00,SACSI Full,0.3554922099299661,0.0027638673782348633,0.0,0.18307366433220268,0.0,0.0,-3.549333699419416,88
2025-07-16 17:00:00,SACSI Full,0.35485479839164896,0.006603151559829712,0.0,0.16182661305496568,0.0,0.0,-3.485650295037908,88
2025-07-16 18:00:00,SACSI Full,0.3547288762111564,0.021852552890777588,0.0,0.15762920703854633,-1.4210854715202004e-14,0.0,-3.473477166186764,88
2025-07-16 19:00:00,SACSI Full,0.3563390044806391,0.07083863019943237,0.0,0.21130014935463637,0.0,0.0,-3.6358070814409844,88
2025-07-16 20:00:00,SACSI Full,0.35829230448704863,0.10490015149116516,0.0,0.27641014956828797,0.0,0.0,-3.8316690669476032,88
2025-07-16 21:00:00,SACSI Full,0.3577009879599384,0.030304640531539917,0.0,0.256699598664612,0.0,0.0,-3.7714508439140637,88
2025-07-16 22:00:00,SACSI Full,0.357140586007807,0.029398947954177856,0.0,0.23801953359356817,0.0,0.0,-3.714655636665558,88
2025-07-16 23:00:00,SACSI Full,0.35663040925250056,0.010460615158081055,0.0,0.22101364175001806,0.0,0.0,-3.6634395208811776,88
2025-07-17 00:00:00,SACSI Full,0.35617478443013667,0.01163870096206665,0.0,0.20582614767122182,0.0,0.0,-3.6177229978909473,88
2025-07-17 01:00:00,SACSI Full,0.3557399628267321,0.011885613203048706,0.0,0.19133209422440417,0.0,0.0,-3.574236464059679,88
2025-07-17 02:00:00,SACSI Full,0.3553406411296397,0.009224861860275269,0.0,0.17802137098799023,0.0,0.0,-3.534275217714603,88
2025-07-17 03:00:00,SACSI Full,0.35500514540609146,0.008689463138580322,0.0,0.16683818020304814,0.0,0.0,-3.5006936838591343,88
2025-07-17 04:00:00,SACSI Full,0.3563476674720325,0.07384553551673889,0.0,0.21158891573441707,0.0,0.0,-3.636895218637366,88
2025-07-17 05:00:00,SACSI Full,0.35686451089972354,0.03487005829811096,0.0,0.22881702999078612,0.0,0.0,-3.687538245910502,88
2025-07-17 06:00:00,SACSI Full,0.3565984446352193,0.025128275156021118,0.0,0.21994815450730984,0.0,0.0,-3.6604444468564683,88
2025-07-17 07:00:00,SACSI Full,0.3556746203440549,0.005506724119186401,0.0,0.1891540114684972,0.0,0.0,-3.567768384398241,88
2025-07-17 08:00:00,SACSI Full,0.35956693685169117,0.08009284734725952,0.0,0.3188978950563723,0.0,0.0,-3.959041403348342,88
2025-07-17 09:00:00,SACSI Full,0.36039678298767003,0.0315132737159729,0.0,0.3465594329223336,0.0,0.0,-4.040794359977634,88
2025-07-17 10:00:00,SACSI Full,0.35936345502187844,0.006116777658462524,0.0,0.31211516739594747,0.0,0.0,-3.9367218027015882,88
2025-07-17 11:00:00,SACSI Full,0.357849748699874,0.003046393394470215,0.0,0.26165828999580043,0.0,0.0,-3.7850665016979304,88
2025-07-17 12:00:00,SACSI Full,0.35646692650575373,0.0047175586223602295,0.0,0.21556421685845778,0.0,0.0,-3.6468037134000992,88
2025-07-17 13:00:00,SACSI Full,0.35506674902551416,0.0038383901119232178,0.0,0.1688916341838052,0.0,0.0,-3.5067604620387582,88
2025-07-17 14:00:00,SACSI Full,0.3541337205234144,0.004382133483886719,0.0,0.13779068411381276,0.0,0.0,-3.4134651324448377,88
2025-07-17 15:00:00,SACSI Full,0.353118199330715,0.0032836198806762695,0.0,0.10393997769050003,0.0,0.0,-3.3118965906051425,88
2025-07-17 16:00:00,SACSI Full,0.3521776555855402,0.002925395965576172,0.0,0.07258851951800693,0.0,0.0,-3.2178276487124826,88
2025-07-17 17:00:00,SACSI Full,0.35160092506998736,0.007845014333724976,0.0,0.053364168999578965,0.0,0.0,-3.160298603469091,88
2025-07-17 18:00:00,SACSI Full,0.35121319735342826,0.009121596813201904,0.0,0.04043991178094189,0.0,0.0,-3.1215149331038843,88
2025-07-17 19:00:00,SACSI Full,0.3508837105674854,0.00711098313331604,0.0,0.02945701891618029,0.0,0.0,-3.0885333825480052,88
2025-07-17 20:00:00,SACSI Full,0.3511870162060837,0.015558898448944092,0.0,0.039567206869458006,0.0,0.0,-3.119097277730507,88
2025-07-17 21:00:00,SACSI Full,0.3511782345643324,0.013139992952346802,0.0,0.039274485477746174,0.0,0.0,-3.1181104453472512,88
2025-07-17 22:00:00,SACSI Full,0.35085154981219907,0.006879568099975586,0.0,0.02838499373996939,0.0,0.0,-3.0853551768304297,88
2025-07-17 23:00:00,SACSI Full,0.3506008762755764,0.004327148199081421,0.0,0.020029209185879894,0.0,0.0,-3.0601996947206302,88
2025-07-18 00:00:00,SACSI Full,0.35039716788590897,0.0031264126300811768,0.0,0.01323892953029997,0.0,0.0,-3.0397913241991876,88
2025-07-18 01:00:00,SACSI Full,0.3502122518552031,0.002600252628326416,0.0,0.007075061840102138,0.0,0.0,-3.0212824521728936,88
2025-07-18 02:00:00,SACSI Full,0.35002253086227353,0.003334730863571167,0.0,0.0007510287424494777,0.0,0.0,-3.002327125626976,88
2025-07-18 03:00:00,SACSI Full,0.34983345661380066,0.0027777254581451416,0.0,0.0,0.0,0.0,-2.983406785943283,88
2025-07-18 04:00:00,SACSI Full,0.34964577661731017,0.0031960010528564453,0.0,0.0,0.0,0.0,-2.96464576450802,88
2025-07-18 05:00:00,SACSI Full,0.34945961306232387,0.0036509335041046143,0.0,0.0,0.0,0.0,-2.946038874226981,88
2025-07-18 06:00:00,SACSI Full,0.34922491788127197,0.006091445684432983,0.0,0.0,0.0,0.0,-2.9226380221626886,88
2025-07-18 07:00:00,SACSI Full,0.34890369235096547,0.005632340908050537,0.0,0.0,0.0,0.0,-2.8904864729624706,88
2025-07-18 08:00:00,SACSI Full,0.3482673495417652,0.00459715723991394,0.0,0.0,0.0,0.0,-2.8268372491579976,88
2025-07-18 09:00:00,SACSI Full,0.3472833177333889,0.0022904574871063232,0.0,0.0,0.0,0.0,-2.728400649486158,88
2025-07-18 10:00:00,SACSI Full,0.34612796468872004,0.0018940865993499756,0.0,0.0,0.0,0.0,-2.6128383143128673,88
2025-07-18 11:00:00,SACSI Full,0.3452855667644558,0.002280622720718384,0.0,0.0,0.0,0.0,-2.5286061542612095,88
2025-07-18 12:00:00,SACSI Full,0.3443540065620162,0.0030319392681121826,0.0,0.0,0.0,0.0,-2.435468808152456,88
2025-07-18 13:00:00,SACSI Full,0.3430303507596073,0.00240325927734375,0.0,0.0,0.0,0.0,-2.303089427946184,88
2025-07-18 14:00:00,SACSI Full,0.34196049044666865,0.0020419061183929443,0.0,0.0,0.0,0.0,-2.1960934963208216,88
2025-07-18 15:00:00,SACSI Full,0.3410604607571977,0.001991093158721924,0.0,0.0,0.0,0.0,-2.106086405712541,88
2025-07-18 16:00:00,SACSI Full,0.3401029537778912,0.00174790620803833,0.0,0.0,0.0,0.0,-2.010332767782785,88
2025-07-18 17:00:00,SACSI Full,0.33945811780351576,0.0020492076873779297,0.0,0.0,0.0,0.0,-1.9458557775201162,88
2025-07-18 18:00:00,SACSI Full,0.3390760279494343,0.004373043775558472,0.0,0.0,0.0,0.0,-1.9077134941798235,88
2025-07-18 19:00:00,SACSI Full,0.3387502525979099,0.004267394542694092,0.0,0.0,0.0,0.0,-1.8751116641741736,88
2025-07-18 20:00:00,SACSI Full,0.33856370508967015,0.003535747528076172,0.0,0.0,0.0,0.0,-1.8564485403877222,88
2025-07-18 21:00:00,SACSI Full,0.3397452414160786,0.01396089792251587,0.0,0.0,0.0,0.0,-1.9749076110702533,88
2025-07-18 22:00:00,SACSI Full,0.3395340078820604,0.004629939794540405,0.0,0.0,0.0,0.0,-1.9535866965832096,88
2025-07-18 23:00:00,SACSI Full,0.33932127976157445,0.004181563854217529,0.0,0.0,0.0,0.0,-1.9322160911939317,88
2025-07-19 00:00:00,SACSI Full,0.33944458009777645,0.004990100860595703,0.0,0.0,0.0,0.0,-1.9445658971649198,88
2025-07-19 01:00:00,SACSI Full,0.3395671875299829,0.004782229661941528,0.0,0.0,0.0,0.0,-1.956816476303513,88
2025-07-19 02:00:00,SACSI Full,0.3393250964059251,0.0038726627826690674,0.0,0.0,0.0,0.0,-1.9325961895169574,88
2025-07-19 03:00:00,SACSI Full,0.33905595493851287,0.004257559776306152,0.0,0.0,0.0,0.0,-1.905684494016749,88
2025-07-19 04:00:00,SACSI Full,0.3387867866490104,0.004249513149261475,0.0,0.0,0.0,0.0,-1.8787637356302958,88
2025-07-19 05:00:00,SACSI Full,0.33851732977368615,0.00416293740272522,0.0,0.0,0.0,0.0,-1.851817101874134,88
2025-07-19 06:00:00,SACSI Full,0.33821829382795277,0.0037892162799835205,0.0,0.0,0.0,0.0,-1.8219089043321028,88
2025-07-19 07:00:00,SACSI Full,0.3378037007989306,0.003122091293334961,0.0,0.0,0.0,0.0,-1.78043919296879,88
2025-07-19 08:00:00,SACSI Full,0.33707191475926024,0.0014641880989074707,0.0,0.0,0.0,0.0,-1.7072373387199455,88
2025-07-19 09:00:00,SACSI Full,0.3362554053844828,0.0015471875667572021,0.0,0.0,0.0,0.0,-1.6255723121942915,88
2025-07-19 10:00:00,SACSI Full,0.3351847433890719,0.0018014013767242432,0.0,0.0,0.0,0.0,-1.5185129090728227,88
2025-07-19 11:00:00,SACSI Full,0.333804191442114,0.002334415912628174,0.0,0.0,0.0,0.0,-1.3804711626750095,88
2025-07-19 12:00:00,SACSI Full,0.33365162055709147,0.004728734493255615,0.0,0.0,0.0,0.0,-1.3652805735848172,88
2025-07-19 13:00:00,SACSI Full,0.3322439283631065,0.0026923418045043945,0.0,0.0,0.0,0.0,-1.2244670470736279,88
2025-07-19 14:00:00,SACSI Full,0.3309777771693288,0.00265464186668396,0.0,0.0,0.0,0.0,-1.0978311867695913,88
2025-07-19 15:00:00,SACSI Full,0.3299361945587217,0.002025216817855835,0.0,0.0,0.0,0.0,-0.9936662544590144,88
2025-07-19 16:00:00,SACSI Full,0.33003814424016265,0.002584904432296753,0.0,0.0,0.0,0.0,-1.0038717189810542,88
2025-07-19 17:00:00,SACSI Full,0.3297547052214363,0.001968294382095337,0.0,0.0,0.0,0.0,-0.9755160541317727,88
2025-07-19 18:00:00,SACSI Full,0.3300098147223213,0.00403285026550293,0.0,0.0,0.0,0.0,-1.001082774796276,88
2025-07-19 19:00:00,SACSI Full,0.3295951730161725,0.0031074881553649902,0.0,0.0,0.0,0.0,-0.9595887050014607,88
2025-07-19 20:00:00,SACSI Full,0.3337972197975535,0.020114034414291382,0.0,0.0,0.0,0.0,-1.3802943259062246,88
2025-07-19 21:00:00,SACSI Full,0.3413672977969864,0.013523399829864502,0.0,0.0,0.0,0.0,-2.137066154041079,88
2025-07-19 22:00:00,SACSI Full,0.3425343069813469,0.009602755308151245,0.0,0.0,0.0,0.0,-2.2536619596860694,88
2025-07-19 23:00:00,SACSI Full,0.3422073797700622,0.003921836614608765,0.0,0.0,0.0,0.0,-2.2208732229254484,88
2025-07-20 00:00:00,SACSI Full,0.3419084848886548,0.003831535577774048,0.0,0.0,0.0,0.0,-2.1909260225874005,88
2025-07-20 01:00:00,SACSI Full,0.34163632941303834,0.0033533573150634766,0.0,0.0,0.0,0.0,-2.1637047902327624,88
2025-07-20 02:00:00,SACSI Full,0.3413631447638888,0.003044605255126953,0.0,0.0,0.0,0.0,-2.1363784560145804,88
2025-07-20 03:00:00,SACSI Full,0.341118689322255,0.003163367509841919,0.0,0.0,0.0,0.0,-2.111933387198241,88
2025-07-20 04:00:00,SACSI Full,0.34089867950099895,0.001997053623199463,0.0,0.0,0.0,0.0,-2.089919554311224,88
2025-07-20 05:00:00,SACSI Full,0.34065293163198423,0.002775639295578003,0.0,0.0,0.0,0.0,-2.0653564618410583,88
2025-07-20 06:00:00,SACSI Full,0.34035380528587295,0.0037620961666107178,0.0,0.0,0.0,0.0,-2.0354656350793365,88
2025-07-20 07:00:00,SACSI Full,0.33988252572196914,0.003116130828857422,0.0,0.0,0.0,0.0,-1.9883213544668683,88
2025-07-20 08:00:00,SACSI Full,0.33920803915161085,0.0016540288925170898,0.0,0.0,0.0,0.0,-1.9208516167582983,88
2025-07-20 09:00:00,SACSI Full,0.3382781884962141,0.0015448033809661865,0.0,0.0,0.0,0.0,-1.8278508379441447,88
2025-07-20 10:00:00,SACSI Full,0.33709346797762507,0.0015838444232940674,0.0,0.0,0.0,0.0,-1.7093788650613957,88
2025-07-20 11:00:00,SACSI Full,0.3366309449400325,0.003243088722229004,0.0,0.0,0.0,0.0,-1.6631759482206816,88
2025-07-20 12:00:00,SACSI Full,0.33622791531938506,0.004091113805770874,0.0,0.0,0.0,0.0,-1.6228818344654563,88
2025-07-20 13:00:00,SACSI Full,0.3358499546843588,0.003111809492111206,0.0,0.0,0.0,0.0,-1.585067497668858,88
2025-07-20 14:00:00,SACSI Full,0.3345266336613714,0.002503693103790283,0.0,0.0,0.0,0.0,-1.4527195211631003,88
2025-07-20 15:00:00,SACSI Full,0.3333148712434192,0.0019712746143341064,0.0,0.0,0.0,0.0,-1.3315318740190991,88
2025-07-20 16:00:00,SACSI Full,0.3324415764893909,0.0015115737915039062,0.0,0.0,0.0,0.0,-1.2441924774231454,88
2025-07-20 17:00:00,SACSI Full,0.33171035868066745,0.0016346573829650879,0.0,0.0,0.0,0.0,-1.1710697920503181,88
2025-07-20 18:00:00,SACSI Full,0.33129436096885,0.0027006864547729492,0.0,0.0,0.0,0.0,-1.129500770904814,88
2025-07-20 19:00:00,SACSI Full,0.33096463482278776,0.0030821561813354492,0.0,0.0,0.0,0.0,-1.0965289400996678,88
2025-07-20 20:00:00,SACSI Full,0.33069313201803163,0.0035491585731506348,0.0,0.0,0.0,0.0,-1.0693888549985437,88
2025-07-20 21:00:00,SACSI Full,0.33039103686390514,0.0028714537620544434,0.0,0.0,0.0,0.0,-1.0391678925138654,88
2025-07-20 22:00:00,SACSI Full,0.3300890733367025,0.0029109418392181396,0.0,0.0,0.0,0.0,-1.0089659473878063,88
2025-07-20 23:00:00,SACSI Full,0.3297567255796809,0.00229567289352417,0.0,0.0,0.0,0.0,-0.9757246241154155,88
2025-07-21 00:00:00,SACSI Full,0.32942462915557813,0.002371072769165039,0.0,0.0,0.0,0.0,-0.9425110910119521,88
2025-07-21 01:00:00,SACSI Full,0.3291217914269188,0.002648681402206421,0.0,0.0,0.0,0.0,-0.9122348924062513,88
2025-07-21 02:00:00,SACSI Full,0.32873387273528365,0.0026243925094604492,0.0,0.0,0.0,0.0,-0.8734400042674809,88
2025-07-21 03:00:00,SACSI Full,0.32837405789909946,0.002555549144744873,0.0,0.0,0.0,0.0,-0.8374575893264873,88
2025-07-21 04:00:00,SACSI Full,0.33009175695079745,0.008809715509414673,0.0,0.0,0.0,0.0,-1.0094144310535798,88
2025-07-21 05:00:00,SACSI Full,0.33758289353110577,0.0068409740924835205,0.0,0.0,0.0,0.0,-1.7584458600065949,88
2025-07-21 06:00:00,SACSI Full,0.3383481258310694,0.006069689989089966,0.0,0.0,0.0,0.0,-1.8349416897477528,88
2025-07-21 07:00:00,SACSI Full,0.33938730285225494,0.005253106355667114,0.0,0.0,0.0,0.0,-1.9388435131889403,88
2025-07-21 08:00:00,SACSI Full,0.34002972865400893,0.003227740526199341,0.0,0.0,0.0,0.0,-2.0030576738697112,88
2025-07-21 09:00:00,SACSI Full,0.33955294956821386,0.0014662742614746094,0.0,0.0,0.0,0.0,-1.9553418969692618,88
2025-07-21 10:00:00,SACSI Full,0.3387938226125457,0.0017619132995605469,0.0,0.0,0.0,0.0,-1.8794204559109418,88
2025-07-21 11:00:00,SACSI Full,0.3376401380012252,0.0023946166038513184,0.0,0.0,0.0,0.0,-1.7640680194876412,88
2025-07-21 12:00:00,SACSI Full,0.33623161928949935,0.0024443864822387695,0.0,0.0,0.0,0.0,-1.623211314378363,88
2025-07-21 13:00:00,SACSI Full,0.33510535556374177,0.002120882272720337,0.0,0.0,0.0,0.0,-1.5105812090617257,88
2025-07-21 14:00:00,SACSI Full,0.3338390479077715,0.00260770320892334,0.0,0.0,0.0,0.0,-1.3839618130506923,88
2025-07-21 15:00:00,SACSI Full,0.33259878824371286,0.0019221007823944092,0.0,0.0,0.0,0.0,-1.2599241224111986,88
2025-07-21 16:00:00,SACSI Full,0.3315573114313502,0.0020569562911987305,0.0,0.0,0.0,0.0,-1.1557736308159312,88
2025-07-21 17:00:00,SACSI Full,0.33152243969418793,0.0020384788513183594,0.0,0.0,0.0,0.0,-1.1522849237702177,88
2025-07-21 18:00:00,SACSI Full,0.33105194095113066,0.003350377082824707,0.0,0.0,0.0,0.0,-1.1052742216370373,88
2025-07-21 19:00:00,SACSI Full,0.3306946543452957,0.0033140182495117188,0.0,0.0,0.0,0.0,-1.069532078482894,88
2025-07-21 20:00:00,SACSI Full,0.33039702556588435,0.004211366176605225,0.0,0.0,0.0,0.0,-1.0397957573912375,88
2025-07-21 21:00:00,SACSI Full,0.3301523004132329,0.003082454204559326,0.0,0.0,0.0,0.0,-1.0153029795271011,88
2025-07-21 22:00:00,SACSI Full,0.3299324887774208,0.002056509256362915,0.0,0.0,0.0,0.0,-0.9933002673766904,88
2025-07-21 23:00:00,SACSI Full,0.32968643841483386,0.0026848912239074707,0.0,0.0,0.0,0.0,-0.968703823127539,88
2025-07-22 00:00:00,SACSI Full,0.3294127709680616,0.002899765968322754,0.0,0.0,0.0,0.0,-0.9413372408729697,88
2025-07-22 01:00:00,SACSI Full,0.32910962130842797,0.0025551021099090576,0.0,0.0,0.0,0.0,-0.9110166795235785,88
2025-07-22 02:00:00,SACSI Full,0.3288363452654897,0.0030171871185302734,0.0,0.0,0.0,0.0,-0.8836994911414278,88
2025-07-22 03:00:00,SACSI Full,0.3285340603699107,0.0028145313262939453,0.0,0.0,0.0,0.0,-0.853464354175515,88
2025-07-22 04:00:00,SACSI Full,0.32823130459763794,0.0026732683181762695,0.0,0.0,0.0,0.0,-0.8231853377602381,88
2025-07-22 05:00:00,SACSI Full,0.327928692373218,0.0027163326740264893,0.0,0.0,0.0,0.0,-0.7929239946188361,88
2025-07-22 06:00:00,SACSI Full,0.32759690937020564,0.0024650990962982178,0.0,0.0,0.0,0.0,-0.7597427513382662,88
2025-07-22 07:00:00,SACSI Full,0.3270960467622497,0.002741217613220215,0.0,0.0,0.0,0.0,-0.7096622617624011,88
2025-07-22 08:00:00,SACSI Full,0.32661349954980795,0.0017358362674713135,0.0,0.0,0.0,0.0,-0.6613947255196013,88
2025-07-22 09:00:00,SACSI Full,0.3255438900730827,0.002117156982421875,0.0,0.0,0.0,0.0,-0.5544351636550682,88
2025-07-22 10:00:00,SACSI Full,0.3241915418193557,0.0022955238819122314,0.0,0.0,0.0,0.0,-0.41920187608220466,88
2025-07-22 11:00:00,SACSI Full,0.32278332411108596,0.0025346875190734863,0.0,0.0,0.0,0.0,-0.27838549649534805,88
2025-07-22 12:00:00,SACSI Full,0.3211764089844444,0.002425462007522583,0.0,0.0,0.0,0.0,-0.11769049993970367,88
2025-07-22 13:00:00,SACSI Full,0.32026596062876966,0.0028654932975769043,0.0,0.0,0.0,0.0,-0.02665777305581778,88
2025-07-22 14:00:00,SACSI Full,0.31905695442893295,0.002798140048980713,0.0,0.0,0.0,0.0,0.9999433636665344,88
2025-07-22 15:00:00,SACSI Full,0.31826652494806235,0.0028711557388305664,0.0,0.0,0.0,0.0,0.9999418467283249,88
2025-07-22 16:00:00,SACSI Full,0.31736592206059083,0.0018191337585449219,0.0,0.0,0.0,0.0,0.9999530971050262,88
2025-07-22 17:00:00,SACSI Full,0.3167505812134165,0.0023977458477020264,0.0,0.0,0.0,0.0,0.9999462589621544,88
2025-07-22 18:00:00,SACSI Full,0.31639049219586635,0.002473294734954834,0.0,0.0,0.0,0.0,0.9999497786164283,88
2025-07-22 19:00:00,SACSI Full,0.31606200433629933,0.0034536421298980713,0.0,0.0,0.0,0.0,0.9999211236834527,88
2025-07-22 20:00:00,SACSI Full,0.3158420655439117,0.002018362283706665,0.0,0.0,0.0,0.0,0.9999452799558639,88
2025-07-22 21:00:00,SACSI Full,0.3156210558547396,0.0016970932483673096,0.0,0.0,0.0,0.0,0.9999628454446793,88
2025-07-22 22:00:00,SACSI Full,0.31540221478122654,0.0023476779460906982,0.0,0.0,0.0,0.0,0.9999465405941009,88
2025-07-22 23:00:00,SACSI Full,0.3152127396915176,0.002657473087310791,0.0,0.0,0.0,0.0,0.9999437525868416,88
2025-07-23 00:00:00,SACSI Full,0.31502127529678925,0.0020606815814971924,0.0,0.0,0.0,0.0,0.999952818453312,88
2025-07-23 01:00:00,SACSI Full,0.31485836377916915,0.002126544713973999,0.0,0.0,0.0,0.0,0.9999568104743957,88
2025-07-23 02:00:00,SACSI Full,0.3146662765159029,0.0018738210201263428,0.0,0.0,0.0,0.0,0.999959996342659,88
2025-07-23 03:00:00,SACSI Full,0.3148073368181604,0.0018180906772613525,0.0,0.0,0.0,0.0,0.9999630808830261,88
2025-07-23 04:00:00,SACSI Full,0.3145603640736956,0.0024081766605377197,0.0,0.0,0.0,0.0,0.9999459356069564,88
2025-07-23 05:00:00,SACSI Full,0.31431376733519817,0.0025209784507751465,0.0,0.0,0.0,0.0,0.9999484524130821,88
2025-07-23 06:00:00,SACSI Full,0.3140672172870058,0.0025349855422973633,0.0,0.0,0.0,0.0,0.9999491602182389,88
2025-07-23 07:00:00,SACSI Full,0.3136487444923141,0.0019581615924835205,0.0,0.0,0.0,0.0,0.9999550685286521,88
2025-07-23 08:00:00,SACSI Full,0.312920422475916,0.0025033950805664062,0.0,0.0,0.0,0.0,0.9999444797635079,88
2025-07-23 09:00:00,SACSI Full,0.3119096408309359,0.0027655065059661865,0.0,0.0,0.0,0.0,0.9999420687556267,88
2025-07-23 10:00:00,SACSI Full,0.3105660390621244,0.004919469356536865,0.0,0.0,0.0,0.0,0.9998800709843636,88
2025-07-23 11:00:00,SACSI Full,0.30900133770046817,0.0065895915031433105,0.0,0.0,0.0,0.0,0.9998515069484711,88
2025-07-23 12:00:00,SACSI Full,0.3073227958692927,0.006437450647354126,0.0,0.0,0.0,0.0,0.999869729578495,88
2025-07-23 13:00:00,SACSI Full,0.3057256767660199,0.005364269018173218,0.0,0.0,0.0,0.0,0.9998819828033447,88
2025-07-23 14:00:00,SACSI Full,0.3042491791540204,0.007550716400146484,0.0,0.0,0.0,0.0,0.9998271211981774,88
2025-07-23 15:00:00,SACSI Full,0.30297145147937715,0.007681697607040405,0.0,0.0,0.0,0.0,0.9998450562357902,88
2025-07-23 16:00:00,SACSI Full,0.30199549212672494,0.004712194204330444,0.0,0.0,0.0,0.0,0.9998760610818863,88
2025-07-23 17:00:00,SACSI Full,0.3013311095370669,0.00468522310256958,0.0,0.0,0.0,0.0,0.999906025826931,88
2025-07-23 18:00:00,SACSI Full,0.30098151888428315,0.005622804164886475,0.0,0.0,0.0,0.0,0.9998781681060791,88
2025-07-23 19:00:00,SACSI Full,0.3006937447394747,0.0071677565574646,0.0,0.0,0.0,0.0,0.999841195344925,88
2025-07-23 20:00:00,SACSI Full,0.3004685952422836,0.008955150842666626,0.0,0.0,0.0,0.0,0.9998030230402947,88
2025-07-23 21:00:00,SACSI Full,0.3002768136840878,0.010465532541275024,0.0,0.0,0.0,0.0,0.9997755855321884,88
2025-07-23 22:00:00,SACSI Full,0.3000788089042722,0.008598566055297852,0.0,0.0,0.0,0.0,0.9998093590140343,88
2025-07-23 23:00:00,SACSI Full,0.29987630794741893,0.007249712944030762,0.0,0.0,0.0,0.0,0.9998415172100067,88
2025-07-24 00:00:00,SACSI Full,0.2997041400597313,0.007849633693695068,0.0,0.0,0.0,0.0,0.9998370081186294,88
2025-07-24 01:00:00,SACSI Full,0.29950377245245563,0.007889717817306519,0.0,0.0,0.0,0.0,0.9998418048024178,88
2025-07-24 02:00:00,SACSI Full,0.29927635996558455,0.008276253938674927,0.0,0.0,0.0,0.0,0.9998306095600128,88
2025-07-24 03:00:00,SACSI Full,0.2990180029652336,0.0074928998947143555,0.0,0.0,0.0,0.0,0.9998423084616661,88
2025-07-24 04:00:00,SACSI Full,0.2987596484484096,0.007493644952774048,0.0,0.0,0.0,0.0,0.999850119650364,88
2025-07-24 05:00:00,SACSI Full,0.29853193893172536,0.008187144994735718,0.0,0.0,0.0,0.0,0.9998293220996857,88
2025-07-24 06:00:00,SACSI Full,0.2982744953725556,0.007766932249069214,0.0,0.0,0.0,0.0,0.9998404592275619,88
2025-07-24 07:00:00,SACSI Full,0.2978996767884314,0.00655442476272583,0.0,0.0,0.0,0.0,0.999856786429882,88
2025-07-24 08:00:00,SACSI Full,0.2972366030174315,0.005077868700027466,0.0,0.0,0.0,0.0,0.9998836770653725,88
2025-07-24 09:00:00,SACSI Full,0.2962638548650165,0.005675554275512695,0.0,0.0,0.0,0.0,0.9998805120587348,88
2025-07-24 10:00:00,SACSI Full,0.2950207746424099,0.00957593321800232,0.0,0.0,0.0,0.0,0.999769477546215,88
2025-07-24 11:00:00,SACSI Full,0.2934984877147098,0.010813921689987183,0.0,0.0,0.0,0.0,0.9997713416814804,88
2025-07-24 12:00:00,SACSI Full,0.2919513473715206,0.01185789704322815,0.0,0.0,0.0,0.0,0.999752402305603,88
2025-07-24 13:00:00,SACSI Full,0.29048558008569675,0.010769814252853394,0.0,0.0,0.0,0.0,0.9997737228870391,88
2025-07-24 14:00:00,SACSI Full,0.2890022922458072,0.01401364803314209,0.0,0.0,0.0,0.0,0.9996872887015343,88
2025-07-24 15:00:00,SACSI Full,0.28770888480721113,0.011477768421173096,0.0,0.0,0.0,0.0,0.9997450858354568,88
2025-07-24 16:00:00,SACSI Full,0.2867534205116649,0.010860711336135864,0.0,0.0,0.0,0.0,0.9997766152024269,88
2025-07-24 17:00:00,SACSI Full,0.28611810760396916,0.013406127691268921,0.0,0.0,0.0,0.0,0.9997064232826233,88
2025-07-24 18:00:00,SACSI Full,0.28582984615701634,0.024021565914154053,0.0,0.0,0.0,0.0,0.999413414299488,88
2025-07-24 19:00:00,SACSI Full,0.2856405317002356,0.028205662965774536,0.0,0.0,0.0,0.0,0.9993940457701683,88
2025-07-24 20:00:00,SACSI Full,0.2854112356724163,0.024711191654205322,0.0,0.0,0.0,0.0,0.9994708314538002,88
2025-07-24 21:00:00,SACSI Full,0.2851739739805281,0.022321492433547974,0.0,0.0,0.0,0.0,0.9995296731591224,88
2025-07-24 22:00:00,SACSI Full,0.28498450653849244,0.028159767389297485,0.0,0.0,0.0,0.0,0.9993784219026566,88
2025-07-24 23:00:00,SACSI Full,0.28481998291232385,0.02714291214942932,0.0,0.0,0.0,0.0,0.9994469732046127,88
2025-07-25 00:00:00,SACSI Full,0.284624630008322,0.026394128799438477,0.0,0.0,0.0,0.0,0.9994646295905113,88
2025-07-25 01:00:00,SACSI Full,0.2844542278740625,0.02537935972213745,0.0,0.0,0.0,0.0,0.9994822651147842,88
2025-07-25 02:00:00,SACSI Full,0.2842584277039588,0.01775994896888733,0.0,0.0,0.0,0.0,0.9995686069130898,88
2025-07-25 03:00:00,SACSI Full,0.2840729396341066,0.02085357904434204,0.0,0.0,0.0,0.0,0.9995519921183585,88
2025-07-25 04:00:00,SACSI Full,0.2838836418340425,0.019710659980773926,0.0,0.0,0.0,0.0,0.9995943576097488,88
2025-07-25 05:00:00,SACSI Full,0.2837063061894795,0.023299306631088257,0.0,0.0,0.0,0.0,0.9994981274008752,88
2025-07-25 06:00:00,SACSI Full,0.28352154628970433,0.021072030067443848,0.0,0.0,0.0,0.0,0.9995562866330147,88
2025-07-25 07:00:00,SACSI Full,0.28317642124949105,0.015462487936019897,0.0,0.0,0.0,0.0,0.9996346548199654,88
2025-07-25 08:00:00,SACSI Full,0.282496778346481,0.017107129096984863,0.0,0.0,0.0,0.0,0.9996414110064507,88
2025-07-25 09:00:00,SACSI Full,0.2814006621533454,0.011165142059326172,0.0,0.0,0.0,0.0,0.9997172772884368,88
2025-07-25 10:00:00,SACSI Full,0.2800619670714757,0.014891475439071655,0.0,0.0,0.0,0.0,0.9996649071574211,88
2025-07-25 11:00:00,SACSI Full,0.27845966507890035,0.012309402227401733,0.0,0.0,0.0,0.0,0.9997279912233353,88
2025-07-25 12:00:00,SACSI Full,0.2769297013042193,0.017010867595672607,0.0,0.0,0.0,0.0,0.9996127679944038,88
2025-07-25 13:00:00,SACSI Full,0.2753169041583758,0.017660856246948242,0.0,0.0,0.0,0.0,0.9996402829885482,88
2025-07-25 14:00:00,SACSI Full,0.2737822062847834,0.015590637922286987,0.0,0.0,0.0,0.0,0.9996674850583077,88
2025-07-25 15:00:00,SACSI Full,0.2725420638090194,0.01895725727081299,0.0,0.0,0.0,0.0,0.9995871886610985,88
2025-07-25 16:00:00,SACSI Full,0.27161385496197354,0.02753734588623047,0.0,0.0,0.0,0.0,0.9993634521961212,88
2025-07-25 17:00:00,SACSI Full,0.2712422523742737,0.09251922369003296,0.0,0.0,0.0,0.0,0.9974997967481612,88
2025-07-25 18:00:00,SACSI Full,0.27096430153745626,0.02711474895477295,0.0,0.0,0.0,0.0,0.9988036602735519,88
2025-07-25 19:00:00,SACSI Full,0.27072954075712174,0.023071765899658203,0.0,0.0,0.0,0.0,0.9994981348514557,88
2025-07-25 20:00:00,SACSI Full,0.2705361587800405,0.02698540687561035,0.0,0.0,0.0,0.0,0.9994211554527282,88
2025-07-25 21:00:00,SACSI Full,0.27034816506284687,0.028601884841918945,0.0,0.0,0.0,0.0,0.9994117975234986,88
2025-07-25 22:00:00,SACSI Full,0.27017312022346474,0.02398654818534851,0.0,0.0,0.0,0.0,0.9994741156697273,88
2025-07-25 23:00:00,SACSI Full,0.26999583176591213,0.023313462734222412,0.0,0.0,0.0,0.0,0.9995269998908043,88
2025-07-26 00:00:00,SACSI Full,0.2697983120018067,0.017244070768356323,0.0,0.0,0.0,0.0,0.9995944246649742,88
2025-07-26 01:00:00,SACSI Full,0.26960320225217166,0.01796707510948181,0.0,0.0,0.0,0.0,0.9996334284543991,88
2025-07-26 02:00:00,SACSI Full,0.26942374693451543,0.014163404703140259,0.0,0.0,0.0,0.0,0.9996786952018738,88
2025-07-26 03:00:00,SACSI Full,0.26920933571078604,0.01217663288116455,0.0,0.0,0.0,0.0,0.999736599624157,88
2025-07-26 04:00:00,SACSI Full,0.26902580591895403,0.012941062450408936,0.0,0.0,0.0,0.0,0.9997335344552993,88
2025-07-26 05:00:00,SACSI Full,0.2688141538935723,0.013004392385482788,0.0,0.0,0.0,0.0,0.9997392788529396,88
2025-07-26 06:00:00,SACSI Full,0.2686119864572905,0.015849769115447998,0.0,0.0,0.0,0.0,0.9996545508503913,88
2025-07-26 07:00:00,SACSI Full,0.2682537615408324,0.020032525062561035,0.0,0.0,0.0,0.0,0.9995575219392776,88
2025-07-26 08:00:00,SACSI Full,0.26786505808093375,0.11288896203041077,0.0,0.0,0.0,0.0,0.9968136563897133,88
2025-07-26 09:00:00,SACSI Full,0.2668594011423809,0.029802918434143066,0.0,0.0,0.0,0.0,0.9985730811953545,88
2025-07-26 10:00:00,SACSI Full,0.2655677619407398,0.02900823950767517,0.0,0.0,0.0,0.0,0.9994118884205818,88
2025-07-26 11:00:00,SACSI Full,0.2641680549794259,0.03058791160583496,0.0,0.0,0.0,0.0,0.9993724450469017,88
2025-07-26 12:00:00,SACSI Full,0.26273550036090837,0.037733614444732666,0.0,0.0,0.0,0.0,0.9991738706827163,88
2025-07-26 13:00:00,SACSI Full,0.2612933811837258,0.03486424684524536,0.0,0.0,0.0,0.0,0.9992740213871002,88
2025-07-26 14:00:00,SACSI Full,0.2602000347826702,0.05449607968330383,0.0,0.0,0.0,0.0,0.9987137600779533,88
2025-07-26 15:00:00,SACSI Full,0.2599311030481083,0.05932047963142395,0.0,0.0,0.0,0.0,0.9987653464078903,88
2025-07-26 16:00:00,SACSI Full,0.2603359140950265,0.10194331407546997,0.0,0.0,0.0,0.0,0.9975349053740501,88
2025-07-26 17:00:00,SACSI Full,0.2603097298612021,0.1961447298526764,0.0,0.0,0.0,0.0,0.9951350912451744,88
2025-07-26 18:00:00,SACSI Full,0.26005065876144395,0.04977867007255554,0.0,0.0,0.0,0.0,0.9975407660007477,88
2025-07-26 19:00:00,SACSI Full,0.25977445857980075,0.01913994550704956,0.0,0.0,0.0,0.0,0.999310813844204,88
2025-07-26 20:00:00,SACSI Full,0.25954152643738415,0.015120357275009155,0.0,0.0,0.0,0.0,0.9996573969721794,88
2025-07-26 21:00:00,SACSI Full,0.25929513331391635,0.01958206295967102,0.0,0.0,0.0,0.0,0.9995637416839599,88
2025-07-26 22:00:00,SACSI Full,0.2590626491997463,0.015254765748977661,0.0,0.0,0.0,0.0,0.9996516317129135,88
2025-07-26 23:00:00,SACSI Full,0.2588023180268032,0.01540064811706543,0.0,0.0,0.0,0.0,0.9996905282139779,88
2025-07-27 00:00:00,SACSI Full,0.2585835144374592,0.010858923196792603,0.0,0.0,0.0,0.0,0.9997374042868614,88
2025-07-27 01:00:00,SACSI Full,0.2583194892666561,0.01429244875907898,0.0,0.0,0.0,0.0,0.9996798157691955,88
2025-07-27 02:00:00,SACSI Full,0.25807468089876795,0.01155748963356018,0.0,0.0,0.0,0.0,0.9997415006160736,88
2025-07-27 03:00:00,SACSI Full,0.2578353094678941,0.013188570737838745,0.0,0.0,0.0,0.0,0.9997199177742004,88
2025-07-27 04:00:00,SACSI Full,0.2575871870817565,0.010563284158706665,0.0,0.0,0.0,0.0,0.9997624814510346,88
2025-07-27 05:00:00,SACSI Full,0.257374347930533,0.012648254632949829,0.0,0.0,0.0,0.0,0.9997261852025985,88
2025-07-27 06:00:00,SACSI Full,0.2571529957459195,0.01009434461593628,0.0,0.0,0.0,0.0,0.9997725740075112,88
2025-07-27 07:00:00,SACSI Full,0.25679047210989625,0.01024290919303894,0.0,0.0,0.0,0.0,0.9997936561703682,88
2025-07-27 08:00:00,SACSI Full,0.257132967405103,0.3237485885620117,0.0,0.0,0.0,0.0,0.99038997143507,88
2025-07-27 09:00:00,SACSI Full,0.25660541001854575,0.16473278403282166,0.0,0.0,0.0,0.0,0.9951151862740516,88
2025-07-27 10:00:00,SACSI Full,0.2556628794604364,0.12524083256721497,0.0,0.0,0.0,0.0,0.9971002638339996,88
2025-07-27 11:00:00,SACSI Full,0.2544282430583063,0.09710907936096191,0.0,0.0,0.0,0.0,0.9977765008807182,88
2025-07-27 12:00:00,SACSI Full,0.2531438119083468,0.09917065501213074,0.0,0.0,0.0,0.0,0.9979959711432457,88
2025-07-27 13:00:00,SACSI Full,0.25189609943765634,0.1186862587928772,0.0,0.0,0.0,0.0,0.997431118786335,88
2025-07-27 14:00:00,SACSI Full,0.2511393609593137,0.21497845649719238,0.0,0.0,0.0,0.0,0.9947375088930129,88
2025-07-27 15:00:00,SACSI Full,0.2509268904763285,0.3272588551044464,0.0,0.0,0.0,0.0,0.9923320189118385,88
2025-07-27 16:00:00,SACSI Full,0.25118374789931613,0.374557226896286,0.0,0.0,0.0,0.0,0.9920358717441559,88
2025-07-27 17:00:00,SACSI Full,0.25139700198072434,0.26797622442245483,0.0,0.0,0.0,0.0,0.9935746654868126,88
2025-07-27 18:00:00,SACSI Full,0.2514054621765836,0.030038058757781982,0.0,0.0,0.0,0.0,0.9970198571681976,88
2025-07-27 19:00:00,SACSI Full,0.25208133982636766,0.02176329493522644,0.0,0.0,0.0,0.0,0.9994819864630698,88
2025-07-27 20:00:00,SACSI Full,0.2518542447000567,0.025371462106704712,0.0,0.0,0.0,0.0,0.9994564890861511,88
2025-07-27 21:00:00,SACSI Full,0.251619165531578,0.02297624945640564,0.0,0.0,0.0,0.0,0.9995165228843689,88
2025-07-27 22:00:00,SACSI Full,0.25138835481781,0.01575678586959839,0.0,0.0,0.0,0.0,0.99961266964674,88
2025-07-27 23:00:00,SACSI Full,0.25115230336565014,0.014184564352035522,0.0,0.0,0.0,0.0,0.9997005864977836,88
2025-07-28 00:00:00,SACSI Full,0.25091470070261,0.01371920108795166,0.0,0.0,0.0,0.0,0.9997209623456002,88
2025-07-28 01:00:00,SACSI Full,0.25071386420546216,0.007749050855636597,0.0,0.0,0.0,0.0,0.9997853174805641,88
2025-07-28 02:00:00,SACSI Full,0.25150902177948,0.006547272205352783,0.0,0.0,0.0,0.0,0.9998570367693901,88
2025-07-28 03:00:00,SACSI Full,0.2512802999772453,0.007883459329605103,0.0,0.0,0.0,0.0,0.9998289689421653,88
2025-07-28 04:00:00,SACSI Full,0.25207991250175477,0.00788375735282898,0.0,0.0,0.0,0.0,0.9998423218727112,88
2025-07-28 05:00:00,SACSI Full,0.2522114114568456,0.007449686527252197,0.0,0.0,0.0,0.0,0.9998466655611993,88
2025-07-28 06:00:00,SACSI Full,0.25329307990132016,0.00950053334236145,0.0,0.0,0.0,0.0,0.9997894808650017,88
2025-07-28 07:00:00,SACSI Full,0.25293171954928084,0.010591894388198853,0.0,0.0,0.0,0.0,0.9997772485017776,88
2025-07-28 08:00:00,SACSI Full,0.25331264016924543,0.3607761859893799,0.0,0.0,0.0,0.0,0.9892826333642005,88
2025-07-28 09:00:00,SACSI Full,0.25308074814615894,0.25343239307403564,0.0,0.0,0.0,0.0,0.9938579142093658,88
2025-07-28 10:00:00,SACSI Full,0.25259236153660464,0.25298401713371277,0.0,0.0,0.0,0.0,0.9949358358979226,88
2025-07-28 11:00:00,SACSI Full,0.2517339297840818,0.20997047424316406,0.0,0.0,0.0,0.0,0.9953704550862312,88
2025-07-28 12:00:00,SACSI Full,0.2511653670404181,0.32243117690086365,0.0,0.0,0.0,0.0,0.9924267694354058,88
2025-07-28 13:00:00,SACSI Full,0.250352813676777,0.24923399090766907,0.0,0.0,0.0,0.0,0.9942833483219147,88
2025-07-28 14:00:00,SACSI Full,0.24957358411369968,0.21673113107681274,0.0,0.0,0.0,0.0,0.9953403487801552,88
2025-07-28 15:00:00,SACSI Full,0.24933425329425182,0.3192007541656494,0.0,0.0,0.0,0.0,0.9925912886857986,88
2025-07-28 16:00:00,SACSI Full,0.24957188745715467,0.3772902488708496,0.0,0.0,0.0,0.0,0.991873300075531,88
2025-07-28 17:00:00,SACSI Full,0.2504188531205877,0.4750896990299225,0.0,0.0,0.0,0.0,0.9895202115178108,88
2025-07-28 18:00:00,SACSI Full,0.2501126004741415,0.03562420606613159,0.0,0.0,0.0,0.0,0.9948928609490395,88
2025-07-28 19:00:00,SACSI Full,0.24982282506921138,0.023567378520965576,0.0,0.0,0.0,0.0,0.999408084154129,88
2025-07-28 20:00:00,SACSI Full,0.24959308598019922,0.0245782732963562,0.0,0.0,0.0,0.0,0.999498325586319,88
2025-07-28 21:00:00,SACSI Full,0.24935832668998084,0.02307221293449402,0.0,0.0,0.0,0.0,0.9995234951376915,88
2025-07-28 22:00:00,SACSI Full,0.2491249159548505,0.023476779460906982,0.0,0.0,0.0,0.0,0.9995264187455177,88
2025-07-28 23:00:00,SACSI Full,0.24885001267093657,0.019529014825820923,0.0,0.0,0.0,0.0,0.9995699420571328,88
2025-07-29 00:00:00,SACSI Full,0.24859239847638445,0.016215741634368896,0.0,0.0,0.0,0.0,0.9996425524353981,88
2025-07-29 01:00:00,SACSI Full,0.24832482633251185,0.013228356838226318,0.0,0.0,0.0,0.0,0.9997055590152741,88
2025-07-29 02:00:00,SACSI Full,0.24806046141523352,0.014190524816513062,0.0,0.0,0.0,0.0,0.9997065678238868,88
2025-07-29 03:00:00,SACSI Full,0.24779065111694962,0.012556910514831543,0.0,0.0,0.0,0.0,0.9997325256466866,88
2025-07-29 04:00:00,SACSI Full,0.24753560565132132,0.008486360311508179,0.0,0.0,0.0,0.0,0.9997895672917365,88
2025-07-29 05:00:00,SACSI Full,0.2473388351843579,0.008968859910964966,0.0,0.0,0.0,0.0,0.9998157978057862,88
2025-07-29 06:00:00,SACSI Full,0.24713467274803155,0.006751269102096558,0.0,0.0,0.0,0.0,0.9998427987098694,88
2025-07-29 07:00:00,SACSI Full,0.2467637344262822,0.007718503475189209,0.0,0.0,0.0,0.0,0.9998359575867652,88
2025-07-29 08:00:00,SACSI Full,0.24723686273791623,0.3629384934902191,0.0,0.0,0.0,0.0,0.9891890302300453,88
2025-07-29 09:00:00,SACSI Full,0.2479129484023475,0.5173256993293762,0.0,0.0,0.0,0.0,0.988109613955021,88
2025-07-29 10:00:00,SACSI Full,0.2483827288092994,0.5404341220855713,0.0,0.0,0.0,0.0,0.9889602333307267,88
2025-07-29 11:00:00,SACSI Full,0.2482597155552927,0.4305960237979889,0.0,0.0,0.0,0.0,0.9902896985411643,88
2025-07-29 12:00:00,SACSI Full,0.24777704035578405,0.3566974401473999,0.0,0.0,0.0,0.0,0.9921270653605461,88
2025-07-29 13:00:00,SACSI Full,0.24764759148735044,0.45416533946990967,0.0,0.0,0.0,0.0,0.9899420142173767,88
2025-07-29 14:00:00,SACSI Full,0.24784824738321934,0.5106967687606812,0.0,0.0,0.0,0.0,0.9892207503318786,88
2025-07-29 15:00:00,SACSI Full,0.24826577067671451,0.5162569880485535,0.0,0.0,0.0,0.0,0.9896192580461503,88
2025-07-29 16:00:00,SACSI Full,0.2488738164144579,0.4884137213230133,0.0,0.0,0.0,0.0,0.9899532929062844,88
2025-07-29 17:00:00,SACSI Full,0.2492989558019065,0.3400418162345886,0.0,0.0,0.0,0.0,0.991715444624424,88
2025-07-29 18:00:00,SACSI Full,0.24900450663068127,0.03066524863243103,0.0,0.0,0.0,0.0,0.9962929293513297,88
2025-07-29 19:00:00,SACSI Full,0.24876619540033967,0.022006630897521973,0.0,0.0,0.0,0.0,0.9994732812047005,88
2025-07-29 20:00:00,SACSI Full,0.2485525654599888,0.029411017894744873,0.0,0.0,0.0,0.0,0.9993377357721329,88
2025-07-29 21:00:00,SACSI Full,0.24832604379711778,0.017043501138687134,0.0,0.0,0.0,0.0,0.9995354548096657,88
2025-07-29 22:00:00,SACSI Full,0.248097628196659,0.016475319862365723,0.0,0.0,0.0,0.0,0.9996648117899896,88
2025-07-29 23:00:00,SACSI Full,0.24789518806912733,0.015767961740493774,0.0,0.0,0.0,0.0,0.9996775671839714,88
2025-07-30 00:00:00,SACSI Full,0.2476803109357579,0.01203685998916626,0.0,0.0,0.0,0.0,0.9997219517827034,88
2025-07-30 01:00:00,SACSI Full,0.247485490037384,0.009553730487823486,0.0,0.0,0.0,0.0,0.9997840940952302,88
2025-07-30 02:00:00,SACSI Full,0.24729520902612048,0.010915696620941162,0.0,0.0,0.0,0.0,0.99976806640625,88
2025-07-30 03:00:00,SACSI Full,0.24713068841435748,0.010143816471099854,0.0,0.0,0.0,0.0,0.9997894048690796,88
2025-07-30 04:00:00,SACSI Full,0.24696226816871003,0.008973926305770874,0.0,0.0,0.0,0.0,0.9998088225722312,88
2025-07-30 05:00:00,SACSI Full,0.24771817704338073,0.01177266240119934,0.0,0.0,0.0,0.0,0.9997365593910217,88
2025-07-30 06:00:00,SACSI Full,0.2474930042010371,0.008948147296905518,0.0,0.0,0.0,0.0,0.999792791903019,88
2025-07-30 07:00:00,SACSI Full,0.24820309640703836,0.03202766180038452,0.0,0.0,0.0,0.0,0.9991286516189576,88
2025-07-30 08:00:00,SACSI Full,0.24890428404468537,0.4143562912940979,0.0,0.0,0.0,0.0,0.9878895878791809,88
2025-07-30 09:00:00,SACSI Full,0.24933594993569694,0.4439997673034668,0.0,0.0,0.0,0.0,0.990823569893837,88
2025-07-30 10:00:00,SACSI Full,0.24948605573155722,0.44453173875808716,0.0,0.0,0.0,0.0,0.9911040455102921,88
2025-07-30 11:00:00,SACSI Full,0.24929074181217192,0.4004058241844177,0.0,0.0,0.0,0.0,0.991550624370575,88
2025-07-30 12:00:00,SACSI Full,0.24865782840389253,0.3031259775161743,0.0,0.0,0.0,0.0,0.9929646819829941,88
2025-07-30 13:00:00,SACSI Full,0.24824927283901219,0.37043333053588867,0.0,0.0,0.0,0.0,0.991918259859085,88
2025-07-30 14:00:00,SACSI Full,0.2483000727238083,0.4657399654388428,0.0,0.0,0.0,0.0,0.9897321343421935,88
2025-07-30 15:00:00,SACSI Full,0.2499116899996821,0.574485182762146,0.0,0.0,0.0,0.0,0.987422844171524,88
2025-07-30 16:00:00,SACSI Full,0.24959842558680218,0.16952067613601685,0.0,0.0,0.0,0.0,0.9925599414110184,88
2025-07-30 17:00:00,SACSI Full,0.24916135153589886,0.0643777847290039,0.0,0.0,0.0,0.0,0.9976610153913498,88
2025-07-30 18:00:00,SACSI Full,0.24885919800180437,0.011353939771652222,0.0,0.0,0.0,0.0,0.9992426827549934,88
2025-07-30 19:00:00,SACSI Full,0.24864556809562685,0.012411028146743774,0.0,0.0,0.0,0.0,0.9997412085533143,88
2025-07-30 20:00:00,SACSI Full,0.24850920597690584,0.01009136438369751,0.0,0.0,0.0,0.0,0.9997749760746956,88
2025-07-30 21:00:00,SACSI Full,0.24834943161624912,0.020067691802978516,0.0,0.0,0.0,0.0,0.9994988828897476,88
2025-07-30 22:00:00,SACSI Full,0.24819516747373582,0.013220757246017456,0.0,0.0,0.0,0.0,0.99966711550951,88
2025-07-30 23:00:00,SACSI Full,0.2480706815804863,0.013654232025146484,0.0,0.0,0.0,0.0,0.9997225806117058,88
2025-07-31 00:00:00,SACSI Full,0.247948103532575,0.014226585626602173,0.0,0.0,0.0,0.0,0.9997097447514534,88
2025-07-31 01:00:00,SACSI Full,0.2477857197473272,0.01078486442565918,0.0,0.0,0.0,0.0,0.9997498854994773,88
2025-07-31 02:00:00,SACSI Full,0.24759573874610902,0.011005699634552002,0.0,0.0,0.0,0.0,0.99977767765522,88
2025-07-31 03:00:00,SACSI Full,0.24743739863930386,0.011997967958450317,0.0,0.0,0.0,0.0,0.999750117957592,88
2025-07-31 04:00:00,SACSI Full,0.24728213909922284,0.012922137975692749,0.0,0.0,0.0,0.0,0.9997323155403137,88
2025-07-31 05:00:00,SACSI Full,0.24711684064684553,0.0099104642868042,0.0,0.0,0.0,0.0,0.999771673977375,88
2025-07-31 06:00:00,SACSI Full,0.24693092418569568,0.012225061655044556,0.0,0.0,0.0,0.0,0.9997323527932167,88
2025-07-31 07:00:00,SACSI Full,0.2465872614461009,0.015901178121566772,0.0,0.0,0.0,0.0,0.9996452152729034,88
2025-07-31 08:00:00,SACSI Full,0.2480372479293569,0.6644959449768066,0.0,0.0,0.0,0.0,0.9802241334319115,88
2025-07-31 09:00:00,SACSI Full,0.24760709840593975,0.21095514297485352,0.0,0.0,0.0,0.0,0.9912454891204834,88
2025-07-31 10:00:00,SACSI Full,0.24697213897365572,0.22601217031478882,0.0,0.0,0.0,0.0,0.9953291863203049,88
2025-07-31 11:00:00,SACSI Full,0.24593513862508776,0.1733998954296112,0.0,0.0,0.0,0.0,0.996005879342556,88
2025-07-31 12:00:00,SACSI Full,0.24465561065095903,0.12614160776138306,0.0,0.0,0.0,0.0,0.9970045849680901,88
2025-07-31 13:00:00,SACSI Full,0.2437173431100273,0.2285197377204895,0.0,0.0,0.0,0.0,0.9944058239459992,88
2025-07-31 14:00:00,SACSI Full,0.24338879092035928,0.3774343430995941,0.0,0.0,0.0,0.0,0.9909621670842171,88
2025-07-31 15:00:00,SACSI Full,0.24395833685376483,0.5618637800216675,0.0,0.0,0.0,0.0,0.986918430030346,88
2025-07-31 16:00:00,SACSI Full,0.2453356644755427,0.7191982865333557,0.0,0.0,0.0,0.0,0.984042689204216,88
2025-07-31 17:00:00,SACSI Full,0.24613006185668945,0.44231921434402466,0.0,0.0,0.0,0.0,0.9883848249912263,88
2025-07-31 18:00:00,SACSI Full,0.246575785058918,0.04421696066856384,0.0,0.0,0.0,0.0,0.9951346382498741,88
2025-07-31 19:00:00,SACSI Full,0.24631898893811544,0.016461163759231567,0.0,0.0,0.0,0.0,0.9993932187557221,88
2025-07-31 20:00:00,SACSI Full,0.24643179561116535,0.010342001914978027,0.0,0.0,0.0,0.0,0.999731968343258,88
2025-07-31 21:00:00,SACSI Full,0.24623987368244168,0.03592342138290405,0.0,0.0,0.0,0.0,0.9990257173776627,88
2025-07-31 22:00:00,SACSI Full,0.24603495102145512,0.015023201704025269,0.0,0.0,0.0,0.0,0.9994905337691308,88
2025-07-31 23:00:00,SACSI Full,0.2458409494215075,0.018299520015716553,0.0,0.0,0.0,0.0,0.9996012464165687,88
2025-08-01 00:00:00,SACSI Full,0.2456291369602903,0.01295626163482666,0.0,0.0,0.0,0.0,0.9996874421834946,88
2025-08-01 01:00:00,SACSI Full,0.24542440751769387,0.015081167221069336,0.0,0.0,0.0,0.0,0.9996771275997162,88
2025-08-01 02:00:00,SACSI Full,0.24521471499500913,0.013592243194580078,0.0,0.0,0.0,0.0,0.9997132658958434,88
2025-08-01 03:00:00,SACSI Full,0.245025657865785,0.011282861232757568,0.0,0.0,0.0,0.0,0.9997512489557266,88
2025-08-01 04:00:00,SACSI Full,0.24485723463990533,0.008973032236099243,0.0,0.0,0.0,0.0,0.9997974410653114,88
2025-08-01 05:00:00,SACSI Full,0.2447122000453695,0.007489621639251709,0.0,0.0,0.0,0.0,0.9998353734612465,88
2025-08-01 06:00:00,SACSI Full,0.24453879138765974,0.007477402687072754,0.0,0.0,0.0,0.0,0.9998503297567367,88
2025-08-01 07:00:00,SACSI Full,0.24422352903662367,0.015921294689178467,0.0,0.0,0.0,0.0,0.9995971351861953,88
2025-08-01 08:00:00,SACSI Full,0.2459305154496257,0.7415959239006042,0.0,0.0,0.0,0.0,0.9779113352298736,88
2025-08-01 09:00:00,SACSI Full,0.24651734448808674,0.3160487115383148,0.0,0.0,0.0,0.0,0.9894235536456109,88
2025-08-01 10:00:00,SACSI Full,0.24559007367827737,0.14681875705718994,0.0,0.0,0.0,0.0,0.995371325314045,88
2025-08-01 11:00:00,SACSI Full,0.24455940383968994,0.1752990484237671,0.0,0.0,0.0,0.0,0.996209216117859,88
2025-08-01 12:00:00,SACSI Full,0.24383093570767086,0.2914595603942871,0.0,0.0,0.0,0.0,0.9930092036724091,88
2025-08-01 13:00:00,SACSI Full,0.24312657142855965,0.3071907162666321,0.0,0.0,0.0,0.0,0.9936988741159439,88
2025-08-01 14:00:00,SACSI Full,0.2430823229636574,0.4627254605293274,0.0,0.0,0.0,0.0,0.9891901433467865,88
2025-08-01 15:00:00,SACSI Full,0.24315221951701485,0.42896896600723267,0.0,0.0,0.0,0.0,0.9910830557346344,88
2025-08-01 16:00:00,SACSI Full,0.2442157836522484,0.6335692405700684,0.0,0.0,0.0,0.0,0.9852826124429702,88
2025-08-01 17:00:00,SACSI Full,0.24533931331215547,0.5410588979721069,0.0,0.0,0.0,0.0,0.9882537186145782,88
2025-08-01 18:00:00,SACSI Full,0.2450733613870367,0.030714422464370728,0.0,0.0,0.0,0.0,0.9942822667956351,88
2025-08-01 19:00:00,SACSI Full,0.24485026003736501,0.018069595098495483,0.0,0.0,0.0,0.0,0.9995121598243714,88
2025-08-01 20:00:00,SACSI Full,0.2447084261780803,0.02544984221458435,0.0,0.0,0.0,0.0,0.9994172006845474,88
2025-08-01 21:00:00,SACSI Full,0.2445723970832253,0.018691271543502808,0.0,0.0,0.0,0.0,0.9995585888624191,88
2025-08-01 22:00:00,SACSI Full,0.24445789347785957,0.016648918390274048,0.0,0.0,0.0,0.0,0.9996465981006623,88
2025-08-01 23:00:00,SACSI Full,0.2443334418572808,0.01366451382637024,0.0,0.0,0.0,0.0,0.9996968656778336,88
2025-08-02 00:00:00,SACSI Full,0.2442092420663262,0.013740062713623047,0.0,0.0,0.0,0.0,0.9997244432568549,88
2025-08-02 01:00:00,SACSI Full,0.24409859266338987,0.009305179119110107,0.0,0.0,0.0,0.0,0.9997695475816726,88
2025-08-02 02:00:00,SACSI Full,0.24398258380947752,0.007697343826293945,0.0,0.0,0.0,0.0,0.9998299747705459,88
2025-08-02 03:00:00,SACSI Full,0.2438711103723272,0.009057968854904175,0.0,0.0,0.0,0.0,0.9998052343726158,88
2025-08-02 04:00:00,SACSI Full,0.24375919089375178,0.008924156427383423,0.0,0.0,0.0,0.0,0.9998201787471772,88
2025-08-02 05:00:00,SACSI Full,0.24364630581993102,0.008634477853775024,0.0,0.0,0.0,0.0,0.9998244136571884,88
2025-08-02 06:00:00,SACSI Full,0.2435066873007838,0.009114444255828857,0.0,0.0,0.0,0.0,0.9998129114508628,88
2025-08-02 07:00:00,SACSI Full,0.2431679163811429,0.00886872410774231,0.0,0.0,0.0,0.0,0.9998201683163643,88
2025-08-02 08:00:00,SACSI Full,0.24465706497091289,0.6677445769309998,0.0,0.0,0.0,0.0,0.9800563499331474,88
2025-08-02 09:00:00,SACSI Full,0.24508230495033895,0.4590719938278198,0.0,0.0,0.0,0.0,0.9887318342924118,88
2025-08-02 10:00:00,SACSI Full,0.24489959897178645,0.3701882064342499,0.0,0.0,0.0,0.0,0.9917073979973793,88
2025-08-02 11:00:00,SACSI Full,0.24430982147910432,0.2990667521953583,0.0,0.0,0.0,0.0,0.9933074504137039,88
2025-08-02 12:00:00,SACSI Full,0.2438195131085141,0.379907488822937,0.0,0.0,0.0,0.0,0.9915934428572655,88
2025-08-02 13:00:00,SACSI Full,0.24339640278317765,0.3915669023990631,0.0,0.0,0.0,0.0,0.9920520678162574,88
2025-08-02 14:00:00,SACSI Full,0.24341165140925086,0.48907458782196045,0.0,0.0,0.0,0.0,0.9892434313893319,88
2025-08-02 15:00:00,SACSI Full,0.24333659416812892,0.39398282766342163,0.0,0.0,0.0,0.0,0.9911694258451462,88
2025-08-02 16:00:00,SACSI Full,0.24465985070842738,0.6944769620895386,0.0,0.0,0.0,0.0,0.983105519413948,88
2025-08-02 17:00:00,SACSI Full,0.24555316799221671,0.45499518513679504,0.0,0.0,0.0,0.0,0.9885052785277366,88
2025-08-02 18:00:00,SACSI Full,0.2453406156370862,0.03823429346084595,0.0,0.0,0.0,0.0,0.9950677052140235,88
2025-08-02 19:00:00,SACSI Full,0.24515630724249518,0.021207481622695923,0.0,0.0,0.0,0.0,0.9994055822491645,88
2025-08-02 20:00:00,SACSI Full,0.24504771443106965,0.01842215657234192,0.0,0.0,0.0,0.0,0.9996037036180496,88
2025-08-02 21:00:00,SACSI Full,0.24494058193344112,0.01886025071144104,0.0,0.0,0.0,0.0,0.9996184140443802,88
2025-08-02 22:00:00,SACSI Full,0.24482210865873333,0.015458017587661743,0.0,0.0,0.0,0.0,0.999656817317009,88
2025-08-02 23:00:00,SACSI Full,0.24469611178773876,0.013200938701629639,0.0,0.0,0.0,0.0,0.999713410437107,88
2025-08-03 00:00:00,SACSI Full,0.24457224826632176,0.013840943574905396,0.0,0.0,0.0,0.0,0.9997167810797691,88
2025-08-03 01:00:00,SACSI Full,0.2444075493373298,0.01009032130241394,0.0,0.0,0.0,0.0,0.9997606873512268,88
2025-08-03 02:00:00,SACSI Full,0.24424270934401188,0.010048002004623413,0.0,0.0,0.0,0.0,0.9997986167669296,88
2025-08-03 03:00:00,SACSI Full,0.24409929003534947,0.007974207401275635,0.0,0.0,0.0,0.0,0.999819777905941,88
2025-08-03 04:00:00,SACSI Full,0.24395143663782112,0.0066439807415008545,0.0,0.0,0.0,0.0,0.9998538181185722,88
2025-08-03 05:00:00,SACSI Full,0.2438364639113171,0.008008182048797607,0.0,0.0,0.0,0.0,0.9998261943459511,88
2025-08-03 06:00:00,SACSI Full,0.24369604569651912,0.00887453556060791,0.0,0.0,0.0,0.0,0.9998138457536697,88
2025-08-03 07:00:00,SACSI Full,0.2433760365976714,0.005997270345687866,0.0,0.0,0.0,0.0,0.9998512819409371,88
2025-08-03 08:00:00,SACSI Full,0.24430851853507984,0.5007445812225342,0.0,0.0,0.0,0.0,0.9850376352667809,88
2025-08-03 09:00:00,SACSI Full,0.24530490015485115,0.6304144859313965,0.0,0.0,0.0,0.0,0.9860950112342834,88
2025-08-03 10:00:00,SACSI Full,0.24536354927756615,0.4425947368144989,0.0,0.0,0.0,0.0,0.989269907772541,88
2025-08-03 11:00:00,SACSI Full,0.24467310894308714,0.2858678996562958,0.0,0.0,0.0,0.0,0.992715373635292,88
2025-08-03 12:00:00,SACSI Full,0.2436376937442842,0.2163754403591156,0.0,0.0,0.0,0.0,0.9949775665998458,88
2025-08-03 13:00:00,SACSI Full,0.24317220756509134,0.3448541462421417,0.0,0.0,0.0,0.0,0.9918181300163269,88
2025-08-03 14:00:00,SACSI Full,0.24317039221185677,0.4414553940296173,0.0,0.0,0.0,0.0,0.9902048796415329,88
2025-08-03 15:00:00,SACSI Full,0.24415360895214708,0.6519650220870972,0.0,0.0,0.0,0.0,0.9848556032776833,88
2025-08-03 16:00:00,SACSI Full,0.24546370041587187,0.6905274391174316,0.0,0.0,0.0,0.0,0.985803827047348,88
2025-08-03 17:00:00,SACSI Full,0.24632851797002786,0.45494526624679565,0.0,0.0,0.0,0.0,0.9885452729463576,88
2025-08-03 18:00:00,SACSI Full,0.24614287515936528,0.029307156801223755,0.0,0.0,0.0,0.0,0.9951574757695199,88
2025-08-03 19:00:00,SACSI Full,0.24600305818933482,0.017554908990859985,0.0,0.0,0.0,0.0,0.9995313793420793,88
2025-08-03 20:00:00,SACSI Full,0.24590955753940577,0.01444980502128601,0.0,0.0,0.0,0.0,0.9996799528598785,88
2025-08-03 21:00:00,SACSI Full,0.2458273137233479,0.017826855182647705,0.0,0.0,0.0,0.0,0.9996096923947335,88
2025-08-03 22:00:00,SACSI Full,0.24571427738565438,0.017089098691940308,0.0,0.0,0.0,0.0,0.9996508404612541,88
2025-08-03 23:00:00,SACSI Full,0.24557242144006722,0.01694321632385254,0.0,0.0,0.0,0.0,0.9996596768498421,88
2025-08-04 00:00:00,SACSI Full,0.24542291821855539,0.014649033546447754,0.0,0.0,0.0,0.0,0.999684077501297,88
2025-08-04 01:00:00,SACSI Full,0.2452681424695078,0.013067275285720825,0.0,0.0,0.0,0.0,0.9997228369116783,88
2025-08-04 02:00:00,SACSI Full,0.24510111001867288,0.009390264749526978,0.0,0.0,0.0,0.0,0.9997754245996475,88
2025-08-04 03:00:00,SACSI Full,0.24496011910257967,0.008702725172042847,0.0,0.0,0.0,0.0,0.9998190701007843,88
2025-08-04 04:00:00,SACSI Full,0.24484051012812288,0.006617307662963867,0.0,0.0,0.0,0.0,0.9998467996716499,88
2025-08-04 05:00:00,SACSI Full,0.24474467920202245,0.005250722169876099,0.0,0.0,0.0,0.0,0.9998813197016716,88
2025-08-04 06:00:00,SACSI Full,0.24462114824193942,0.005440711975097656,0.0,0.0,0.0,0.0,0.9998892858624459,88
2025-08-04 07:00:00,SACSI Full,0.24432959913629518,0.006035268306732178,0.0,0.0,0.0,0.0,0.999873349070549,88
2025-08-04 08:00:00,SACSI Full,0.24530160024621314,0.4871003329753876,0.0,0.0,0.0,0.0,0.9854473426938057,88
2025-08-04 09:00:00,SACSI Full,0.24569920178312288,0.45928046107292175,0.0,0.0,0.0,0.0,0.9905361920595169,88
2025-08-04 10:00:00,SACSI Full,0.2453853750234666,0.3308519721031189,0.0,0.0,0.0,0.0,0.9920986756682396,88
2025-08-04 11:00:00,SACSI Full,0.24443713764645883,0.2085287868976593,0.0,0.0,0.0,0.0,0.9946061924099922,88
2025-08-04 12:00:00,SACSI Full,0.24296851433096553,0.12041300535202026,0.0,0.0,0.0,0.0,0.9967105820775032,88
2025-08-04 13:00:00,SACSI Full,0.24183679021257384,0.17898276448249817,0.0,0.0,0.0,0.0,0.9958346471190452,88
2025-08-04 14:00:00,SACSI Full,0.2409760949394924,0.22629141807556152,0.0,0.0,0.0,0.0,0.9950010851025581,88
2025-08-04 15:00:00,SACSI Full,0.24077253084637945,0.34693077206611633,0.0,0.0,0.0,0.0,0.9918549910187721,88
2025-08-04 16:00:00,SACSI Full,0.24099086582162205,0.3460004925727844,0.0,0.0,0.0,0.0,0.993070687353611,88
2025-08-04 17:00:00,SACSI Full,0.24043454228220607,0.011602938175201416,0.0,0.0,0.0,0.0,0.9964239656925201,88
2025-08-04 18:00:00,SACSI Full,0.2401714760182125,0.006080120801925659,0.0,0.0,0.0,0.0,0.9998231694102288,88
2025-08-04 19:00:00,SACSI Full,0.23999298060077653,0.005951374769210815,0.0,0.0,0.0,0.0,0.9998796850442887,88
2025-08-04 20:00:00,SACSI Full,0.23994713008779514,0.05424484610557556,0.0,0.0,0.0,0.0,0.9984321683645248,88
2025-08-04 21:00:00,SACSI Full,0.23982656190691617,0.040329545736312866,0.0,0.0,0.0,0.0,0.9990542560815812,88
2025-08-04 22:00:00,SACSI Full,0.23961034515915544,0.011634975671768188,0.0,0.0,0.0,0.0,0.9994803547859191,88
2025-08-04 23:00:00,SACSI Full,0.23945950209198624,0.005747079849243164,0.0,0.0,0.0,0.0,0.9998261794447899,88
2025-08-05 00:00:00,SACSI Full,0.2416556184766514,0.009834915399551392,0.0,0.0,0.0,0.0,0.9997624233365059,88
2025-08-05 01:00:00,SACSI Full,0.24149962159453064,0.004200935363769531,0.0,0.0,0.0,0.0,0.9998596414923668,88
2025-08-05 02:00:00,SACSI Full,0.24602601978598268,0.01741945743560791,0.0,0.0,0.0,0.0,0.9995194256305695,88
2025-08-05 03:00:00,SACSI Full,0.2507709634429041,0.048983097076416016,0.0,0.0,0.0,0.0,0.9987047016620636,88
2025-08-05 04:00:00,SACSI Full,0.2509523356252733,0.005411654710769653,0.0,0.0,0.0,0.0,0.9994560524821282,88
2025-08-05 05:00:00,SACSI Full,0.2507386930701955,0.003907233476638794,0.0,0.0,0.0,0.0,0.9999068111181258,88
2025-08-05 06:00:00,SACSI Full,0.2504927902291043,0.0027291476726531982,0.0,0.0,0.0,0.0,0.9999336361885071,88
2025-08-05 07:00:00,SACSI Full,0.2501372555031204,0.0038395822048187256,0.0,0.0,0.0,0.0,0.999912104010582,88
2025-08-05 08:00:00,SACSI Full,0.2633632381667518,0.012294799089431763,0.0,0.0,0.0,0.0,0.9996695518493652,88
2025-08-05 09:00:00,SACSI Full,0.26483243011691404,0.027757585048675537,0.0,0.0,0.0,0.0,0.999290220439434,88
2025-08-05 10:00:00,SACSI Full,0.26569090547619495,0.19754260778427124,0.0,0.0,0.0,0.0,0.9943512976169586,88
2025-08-05 11:00:00,SACSI Full,0.2739004764578564,0.019871294498443604,0.0,0.0,0.0,0.0,0.9978258609771729,88
2025-08-05 12:00:00,SACSI Full,0.27623403495608007,0.03806754946708679,0.0,0.0,0.0,0.0,0.9990566864609719,88
2025-08-05 13:00:00,SACSI Full,0.2754260103970591,0.08059263229370117,0.0,0.0,0.0,0.0,0.9979628965258598,88
2025-08-05 14:00:00,SACSI Full,0.2745998049996121,0.04113838076591492,0.0,0.0,0.0,0.0,0.9987826898694039,88
2025-08-05 15:00:00,SACSI Full,0.27382935335852937,0.0238645076751709,0.0,0.0,0.0,0.0,0.9993499711155892,88
2025-08-05 16:00:00,SACSI Full,0.2731796374509557,0.026085227727890015,0.0,0.0,0.0,0.0,0.999456088244915,88
2025-08-05 17:00:00,SACSI Full,0.27271406003056203,0.02182677388191223,0.0,0.0,0.0,0.0,0.999520879983902,88
2025-08-05 18:00:00,SACSI Full,0.27243611541964846,0.01861661672592163,0.0,0.0,0.0,0.0,0.9995955660939218,88
2025-08-05 19:00:00,SACSI Full,0.27220138619719186,0.014581233263015747,0.0,0.0,0.0,0.0,0.9996680215001106,88
2025-08-05 20:00:00,SACSI Full,0.272049569553318,0.02245500683784485,0.0,0.0,0.0,0.0,0.9994721621274948,88
2025-08-05 21:00:00,SACSI Full,0.27186066315708796,0.019828081130981445,0.0,0.0,0.0,0.0,0.9995771691203118,88
2025-08-05 22:00:00,SACSI Full,0.2717208307891909,0.017550289630889893,0.0,0.0,0.0,0.0,0.9996262162923812,88
2025-08-05 23:00:00,SACSI Full,0.2722665853577677,0.014726370573043823,0.0,0.0,0.0,0.0,0.9996772333979607,88
2025-08-06 00:00:00,SACSI Full,0.2721463388448779,0.014926046133041382,0.0,0.0,0.0,0.0,0.9996994823217392,88
2025-08-06 01:00:00,SACSI Full,0.27203067096211747,0.01629963517189026,0.0,0.0,0.0,0.0,0.9996602714061738,88
2025-08-06 02:00:00,SACSI Full,0.27192108175971347,0.018123239278793335,0.0,0.0,0.0,0.0,0.9996192991733551,88
2025-08-06 03:00:00,SACSI Full,0.27174699433702465,0.015773773193359375,0.0,0.0,0.0,0.0,0.9996610298752784,88
2025-08-06 04:00:00,SACSI Full,0.2715684162010574,0.014426559209823608,0.0,0.0,0.0,0.0,0.9996979966759681,88
2025-08-06 05:00:00,SACSI Full,0.27141165065028505,0.012470334768295288,0.0,0.0,0.0,0.0,0.9997310310602189,88
2025-08-06 06:00:00,SACSI Full,0.2725567325105095,0.011524558067321777,0.0,0.0,0.0,0.0,0.9997600510716438,88
2025-08-06 07:00:00,SACSI Full,0.2739403755225563,0.00859290361404419,0.0,0.0,0.0,0.0,0.9997988253831863,88
2025-08-06 08:00:00,SACSI Full,0.2745644942201996,0.014735609292984009,0.0,0.0,0.0,0.0,0.999643860757351,88
2025-08-06 09:00:00,SACSI Full,0.27399785732168197,0.017008930444717407,0.0,0.0,0.0,0.0,0.9996370881795883,88
2025-08-06 10:00:00,SACSI Full,0.2728781999744797,0.029602795839309692,0.0,0.0,0.0,0.0,0.9992820054292678,88
2025-08-06 11:00:00,SACSI Full,0.2715018396558189,0.037591904401779175,0.0,0.0,0.0,0.0,0.9991682708263397,88
2025-08-06 12:00:00,SACSI Full,0.2698299859283193,0.02544388175010681,0.0,0.0,0.0,0.0,0.9993696421384811,88
2025-08-06 13:00:00,SACSI Full,0.26814150697527567,0.020456314086914062,0.0,0.0,0.0,0.0,0.9995409980416298,88
2025-08-06 14:00:00,SACSI Full,0.2669941549394353,0.023294389247894287,0.0,0.0,0.0,0.0,0.9995057314634322,88
2025-08-06 15:00:00,SACSI Full,0.2681057202035013,0.07346957921981812,0.0,0.0,0.0,0.0,0.9980288565158844,88
2025-08-06 16:00:00,SACSI Full,0.269265399517002,0.060403794050216675,0.0,0.0,0.0,0.0,0.9986612662672997,88
2025-08-06 17:00:00,SACSI Full,0.26875538286028533,0.00849500298500061,0.0,0.0,0.0,0.0,0.9993110120296479,88
2025-08-06 18:00:00,SACSI Full,0.26852682149388624,0.00793159008026123,0.0,0.0,0.0,0.0,0.9998357340693473,88
2025-08-06 19:00:00,SACSI Full,0.26868365666208893,0.00655055046081543,0.0,0.0,0.0,0.0,0.9998551785945893,88
2025-08-06 20:00:00,SACSI Full,0.2685113775123977,0.00781625509262085,0.0,0.0,0.0,0.0,0.9998310178518296,88
2025-08-06 21:00:00,SACSI Full,0.2683946891655349,0.007493495941162109,0.0,0.0,0.0,0.0,0.9998469024896621,88
2025-08-06 22:00:00,SACSI Full,0.26830332709767646,0.006591379642486572,0.0,0.0,0.0,0.0,0.9998591512441636,88
2025-08-06 23:00:00,SACSI Full,0.26821430202859864,0.0072924792766571045,0.0,0.0,0.0,0.0,0.9998471394181252,88
2025-08-07 00:00:00,SACSI Full,0.2681196646855098,0.005608797073364258,0.0,0.0,0.0,0.0,0.9998709872364998,88
2025-08-07 01:00:00,SACSI Full,0.2680283801036896,0.006614625453948975,0.0,0.0,0.0,0.0,0.9998576492071152,88
2025-08-07 02:00:00,SACSI Full,0.26797432286161404,0.009282827377319336,0.0,0.0,0.0,0.0,0.9997876614332198,88
2025-08-07 03:00:00,SACSI Full,0.26788501765070577,0.007208436727523804,0.0,0.0,0.0,0.0,0.9998350873589515,88
2025-08-07 04:00:00,SACSI Full,0.267789477793954,0.005338042974472046,0.0,0.0,0.0,0.0,0.99987453520298,88
2025-08-07 05:00:00,SACSI Full,0.2676936374304515,0.005247890949249268,0.0,0.0,0.0,0.0,0.9998941406607628,88
2025-08-07 06:00:00,SACSI Full,0.2676016534874659,0.0064048171043396,0.0,0.0,0.0,0.0,0.9998603343963623,88
2025-08-07 07:00:00,SACSI Full,0.26731024693626376,0.0060780346393585205,0.0,0.0,0.0,0.0,0.9998751714825631,88
2025-08-07 08:00:00,SACSI Full,0.2668889335439425,0.09460598230361938,0.0,0.0,0.0,0.0,0.997222600877285,88
2025-08-07 09:00:00,SACSI Full,0.26579074085690785,0.01904219388961792,0.0,0.0,0.0,0.0,0.9988635182380676,88
2025-08-07 10:00:00,SACSI Full,0.26434283731438923,0.024628937244415283,0.0,0.0,0.0,0.0,0.9994515538215637,88
2025-08-07 11:00:00,SACSI Full,0.26264115146217953,0.01649424433708191,0.0,0.0,0.0,0.0,0.999588768184185,88
2025-08-07 12:00:00,SACSI Full,0.26080736399867344,0.019363760948181152,0.0,0.0,0.0,0.0,0.9995840296149253,88
2025-08-07 13:00:00,SACSI Full,0.2590290446517687,0.01900419592857361,0.0,0.0,0.0,0.0,0.9996163204312325,88
2025-08-07 14:00:00,SACSI Full,0.2574119472620707,0.02487078309059143,0.0,0.0,0.0,0.0,0.999443918466568,88
2025-08-07 15:00:00,SACSI Full,0.2561536893762967,0.04752263426780701,0.0,0.0,0.0,0.0,0.9988230288028718,88
2025-08-07 16:00:00,SACSI Full,0.25543270028172144,0.09820327162742615,0.0,0.0,0.0,0.0,0.9975291281938552,88
2025-08-07 17:00:00,SACSI Full,0.2554371729689659,0.19684180617332458,0.0,0.0,0.0,0.0,0.9950767785310745,88
2025-08-07 18:00:00,SACSI Full,0.255285135522467,0.030888766050338745,0.0,0.0,0.0,0.0,0.9977226942777633,88
2025-08-07 19:00:00,SACSI Full,0.255208007275047,0.019361525774002075,0.0,0.0,0.0,0.0,0.9994974970817566,88
2025-08-07 20:00:00,SACSI Full,0.25522726825056685,0.014278292655944824,0.0,0.0,0.0,0.0,0.9996636018157006,88
2025-08-07 21:00:00,SACSI Full,0.25524323209581984,0.013289153575897217,0.0,0.0,0.0,0.0,0.9997243255376816,88
2025-08-07 22:00:00,SACSI Full,0.25528740211783063,0.013251006603240967,0.0,0.0,0.0,0.0,0.9997345983982086,88
2025-08-07 23:00:00,SACSI Full,0.25533894771792703,0.015463680028915405,0.0,0.0,0.0,0.0,0.999668599665165,88
2025-08-08 00:00:00,SACSI Full,0.25534431087710674,0.01010894775390625,0.0,0.0,0.0,0.0,0.9997442737221718,88
2025-08-08 01:00:00,SACSI Full,0.2553806125893018,0.01089051365852356,0.0,0.0,0.0,0.0,0.9997743740677834,88
2025-08-08 02:00:00,SACSI Full,0.2553901535373749,0.011362284421920776,0.0,0.0,0.0,0.0,0.9997680366039275,88
2025-08-08 03:00:00,SACSI Full,0.2553329983438871,0.008353441953659058,0.0,0.0,0.0,0.0,0.9998028427362442,88
2025-08-08 04:00:00,SACSI Full,0.2553042052926443,0.00836208462715149,0.0,0.0,0.0,0.0,0.9998326718807221,88
2025-08-08 05:00:00,SACSI Full,0.2552794117130659,0.009561926126480103,0.0,0.0,0.0,0.0,0.9997967630624771,88
2025-08-08 06:00:00,SACSI Full,0.2552538830095353,0.009341388940811157,0.0,0.0,0.0,0.0,0.9998109668493271,88
2025-08-08 07:00:00,SACSI Full,0.25503922194300316,0.012101680040359497,0.0,0.0,0.0,0.0,0.9997303634881973,88
2025-08-08 08:00:00,SACSI Full,0.2548459512199781,0.15451878309249878,0.0,0.0,0.0,0.0,0.9954854533076286,88
2025-08-08 09:00:00,SACSI Full,0.25390697197654066,0.06680622696876526,0.0,0.0,0.0,0.0,0.9977867498993874,88
2025-08-08 10:00:00,SACSI Full,0.25250518653450627,0.038464367389678955,0.0,0.0,0.0,0.0,0.9989472940564156,88
2025-08-08 11:00:00,SACSI Full,0.25081577847697556,0.02867758274078369,0.0,0.0,0.0,0.0,0.9993285804986954,88
2025-08-08 12:00:00,SACSI Full,0.2495092031921766,0.03502741456031799,0.0,0.0,0.0,0.0,0.9992359533905983,88
2025-08-08 13:00:00,SACSI Full,0.24805005317825296,0.055254995822906494,0.0,0.0,0.0,0.0,0.998692624270916,88
2025-08-08 14:00:00,SACSI Full,0.24692762579975744,0.10527178645133972,0.0,0.0,0.0,0.0,0.9973943963646889,88
2025-08-08 15:00:00,SACSI Full,0.24620387167511604,0.15687376260757446,0.0,0.0,0.0,0.0,0.9963465049862862,88
2025-08-08 16:00:00,SACSI Full,0.24589647921063726,0.2222822606563568,0.0,0.0,0.0,0.0,0.994900269806385,88
2025-08-08 17:00:00,SACSI Full,0.24622785330671296,0.30341222882270813,0.0,0.0,0.0,0.0,0.9931204557418823,88
2025-08-08 18:00:00,SACSI Full,0.24603180945136371,0.043186843395233154,0.0,0.0,0.0,0.0,0.9965340092778207,88
2025-08-08 19:00:00,SACSI Full,0.24583927114544538,0.018738508224487305,0.0,0.0,0.0,0.0,0.9993807464838028,88
2025-08-08 20:00:00,SACSI Full,0.24570662583885816,0.02820640802383423,0.0,0.0,0.0,0.0,0.9993411928415299,88
2025-08-08 21:00:00,SACSI Full,0.24561582474845872,0.03225967288017273,0.0,0.0,0.0,0.0,0.9993142738938331,88
2025-08-08 22:00:00,SACSI Full,0.24554312635082232,0.029190480709075928,0.0,0.0,0.0,0.0,0.9993854984641075,88
2025-08-08 23:00:00,SACSI Full,0.24545241046248104,0.02378523349761963,0.0,0.0,0.0,0.0,0.9994702428579331,88
2025-08-09 00:00:00,SACSI Full,0.24531324666001622,0.017750859260559082,0.0,0.0,0.0,0.0,0.9995846390724182,88
2025-08-09 01:00:00,SACSI Full,0.24516116702773397,0.013876110315322876,0.0,0.0,0.0,0.0,0.9996837303042412,88
2025-08-09 02:00:00,SACSI Full,0.24496996214447644,0.010638535022735596,0.0,0.0,0.0,0.0,0.9997548535466194,88
2025-08-09 03:00:00,SACSI Full,0.2447680527637226,0.007427185773849487,0.0,0.0,0.0,0.0,0.9998193427920341,88
2025-08-09 04:00:00,SACSI Full,0.24456751727003084,0.007839351892471313,0.0,0.0,0.0,0.0,0.9998390913009644,88
2025-08-09 05:00:00,SACSI Full,0.2443640482344054,0.006959289312362671,0.0,0.0,0.0,0.0,0.9998520135879516,88
2025-08-09 06:00:00,SACSI Full,0.24413778115012477,0.008619874715805054,0.0,0.0,0.0,0.0,0.9998109966516495,88
2025-08-09 07:00:00,SACSI Full,0.24387110824007024,0.03899812698364258,0.0,0.0,0.0,0.0,0.9989162549376488,88
2025-08-09 08:00:00,SACSI Full,0.24452968127149569,0.4100719094276428,0.0,0.0,0.0,0.0,0.9880878239870071,88
2025-08-09 09:00:00,SACSI Full,0.24471676943677892,0.37062644958496094,0.0,0.0,0.0,0.0,0.992193016409874,88
2025-08-09 10:00:00,SACSI Full,0.24391148449955613,0.1834145188331604,0.0,0.0,0.0,0.0,0.9944595903158189,88
2025-08-09 11:00:00,SACSI Full,0.24459503380833297,0.37256479263305664,0.0,0.0,0.0,0.0,0.9906572014093399,88
2025-08-09 12:00:00,SACSI Full,0.24392363219080598,0.2915795147418976,0.0,0.0,0.0,0.0,0.9933585569262505,88
2025-08-09 13:00:00,SACSI Full,0.24418480757294328,0.18835261464118958,0.0,0.0,0.0,0.0,0.9952006787061691,88
2025-08-09 14:00:00,SACSI Full,0.24741266464768083,0.9678571224212646,0.0,0.0,0.0,0.0,0.9728478124737739,88
2025-08-09 15:00:00,SACSI Full,0.2502234119214439,0.6407241821289062,0.0,0.0,0.0,0.0,0.9839141869544983,88
2025-08-09 16:00:00,SACSI Full,0.24992999532439542,0.19247502088546753,0.0,0.0,0.0,0.0,0.9916680079698562,88
2025-08-09 17:00:00,SACSI Full,0.2493912874068641,0.033887624740600586,0.0,0.0,0.0,0.0,0.9977363735437392,88
2025-08-09 18:00:00,SACSI Full,0.2494033912362479,0.005631148815155029,0.0,0.0,0.0,0.0,0.9996048122644424,88
2025-08-09 19:00:00,SACSI Full,0.24919110120990107,0.004312992095947266,0.0,0.0,0.0,0.0,0.999900558590889,88
2025-08-09 20:00:00,SACSI Full,0.24894983435132337,0.012619942426681519,0.0,0.0,0.0,0.0,0.9996645316481589,88
2025-08-09 21:00:00,SACSI Full,0.2559358010973357,0.03829002380371094,0.0,0.0,0.0,0.0,0.9989774987101555,88
2025-08-09 22:00:00,SACSI Full,0.2623011850386682,0.035115182399749756,0.0,0.0,0.0,0.0,0.9992659479379654,88
2025-08-09 23:00:00,SACSI Full,0.2621838564385795,0.007301419973373413,0.0,0.0,0.0,0.0,0.9995758339762688,88
2025-08-10 00:00:00,SACSI Full,0.26332030357259745,0.0089341402053833,0.0,0.0,0.0,0.0,0.9998049899935721,88
2025-08-10 01:00:00,SACSI Full,0.2661767131318473,0.01642286777496338,0.0,0.0,0.0,0.0,0.9995966553688049,88
2025-08-10 02:00:00,SACSI Full,0.2663348302966181,0.006935149431228638,0.0,0.0,0.0,0.0,0.999766419827938,88
2025-08-10 03:00:00,SACSI Full,0.2713003459610366,0.023654699325561523,0.0,0.0,0.0,0.0,0.9993597105145455,88
2025-08-10 04:00:00,SACSI Full,0.27213703134991957,0.010505616664886475,0.0,0.0,0.0,0.0,0.9996583968400955,88
2025-08-10 05:00:00,SACSI Full,0.27501429783322645,0.01417994499206543,0.0,0.0,0.0,0.0,0.999679657816887,88
2025-08-10 06:00:00,SACSI Full,0.27818802297093703,0.011617541313171387,0.0,0.0,0.0,0.0,0.9997420251369477,88
2025-08-10 07:00:00,SACSI Full,0.28664631811994545,0.005488544702529907,0.0,0.0,0.0,0.0,0.9998289391398429,88
2025-08-10 08:00:00,SACSI Full,0.2860609166858418,0.01137956976890564,0.0,0.0,0.0,0.0,0.9997134983539582,88
2025-08-10 09:00:00,SACSI Full,0.28512520315148665,0.008285939693450928,0.0,0.0,0.0,0.0,0.9998033449053764,88
2025-08-10 10:00:00,SACSI Full,0.28698440082528426,0.014759302139282227,0.0,0.0,0.0,0.0,0.999640080332756,88
2025-08-10 11:00:00,SACSI Full,0.28600708730119695,0.01480594277381897,0.0,0.0,0.0,0.0,0.9997034147381783,88
2025-08-10 12:00:00,SACSI Full,0.28632424633799225,0.020147711038589478,0.0,0.0,0.0,0.0,0.9995436280965806,88
2025-08-10 13:00:00,SACSI Full,0.2921875949785931,0.016004592180252075,0.0,0.0,0.0,0.0,0.9996384769678116,88
2025-08-10 14:00:00,SACSI Full,0.29185541457154585,0.014845877885818481,0.0,0.0,0.0,0.0,0.9996914952993393,88
2025-08-10 15:00:00,SACSI Full,0.29908191468376155,0.005950033664703369,0.0,0.0,0.0,0.0,0.9997920408844948,88
2025-08-10 16:00:00,SACSI Full,0.30025291130044296,0.004298985004425049,0.0,0.0,0.0,0.0,0.9998975098133087,88
2025-08-10 17:00:00,SACSI Full,0.3012355701698684,0.005297660827636719,0.0,0.0,0.0,0.0,0.9998840600252151,88
2025-08-10 18:00:00,SACSI Full,0.3016602594580078,0.0039067864418029785,0.0,0.0,0.0,0.0,0.9999079555273056,88
2025-08-10 19:00:00,SACSI Full,0.30214100098826724,0.003722459077835083,0.0,0.0,0.0,0.0,0.9999237075448035,88
2025-08-10 20:00:00,SACSI Full,0.3069832566966438,0.0036767125129699707,0.0,0.0,0.0,0.0,0.999926008284092,88
2025-08-10 21:00:00,SACSI Full,0.31185665063359574,0.004518181085586548,0.0,0.0,0.0,0.0,0.999901221692562,88
2025-08-10 22:00:00,SACSI Full,0.31700889674085614,0.005173832178115845,0.0,0.0,0.0,0.0,0.9998899668455123,88
2025-08-10 23:00:00,SACSI Full,0.32776638788757956,0.0037473440170288086,0.0,0.0,0.0,0.0,-0.7767280005199065,88
2025-08-11 00:00:00,SACSI Full,0.3392500813378715,0.004608035087585449,0.0,0.0,0.0,0.0,-1.9251089013996054,88
2025-08-11 01:00:00,SACSI Full,0.3461693631352805,0.026784539222717285,0.0,0.0,0.0,0.0,-2.6176937693538567,88
2025-08-11 02:00:00,SACSI Full,0.37106494740728946,0.004840195178985596,0.0,0.7021649135763142,0.0,0.0,-5.106810988072962,88
2025-08-11 03:00:00,SACSI Full,0.392569647107879,0.012898147106170654,0.0,1.4189882369293003,0.0,0.0,-7.257303253249296,88
2025-08-11 04:00:00,SACSI Full,0.3948542808935282,0.22303283214569092,0.0,1.4951426964509396,0.0,0.0,-7.4919900928461285,88
2025-08-11 05:00:00,SACSI Full,0.39777353853201003,0.2022285759449005,0.0,1.5924512844003347,0.0,0.0,-7.781606467281908,88
2025-08-11 06:00:00,SACSI Full,0.40489865296937644,0.02698943018913269,0.0,1.829955098979214,0.0,0.0,-8.492157476998983,88
2025-08-11 07:00:00,SACSI Full,0.4032997258056785,0.19897937774658203,0.0,1.7766575268559508,0.0,0.0,-8.335672067598358,88
2025-08-11 08:00:00,SACSI Full,0.3974176386668907,0.028461813926696777,0.0,1.5805879555630242,0.0,0.0,-7.744038278605805,88
2025-08-11 09:00:00,SACSI Full,0.3918094557065928,0.0086936354637146,0.0,1.393648523553094,0.0,0.0,-7.181317125153185,88
2025-08-11 10:00:00,SACSI Full,0.38769551930670415,0.013336390256881714,0.0,1.2565173102234724,0.0,0.0,-6.769865086023484,88
2025-08-11 11:00:00,SACSI Full,0.3970432762010498,0.09543627500534058,0.0,1.5681092067016593,0.0,0.0,-7.707057344452569,88
2025-08-11 12:00:00,SACSI Full,0.3918339503163936,0.012167245149612427,0.0,1.3944650105464533,0.0,0.0,-7.184471066840911,88
2025-08-11 13:00:00,SACSI Full,0.3894858631575264,0.028269290924072266,0.0,1.3161954385842152,0.0,0.0,-6.949312722028867,88
2025-08-11 14:00:00,SACSI Full,0.4058014271415613,0.23521676659584045,0.0,1.860047571385377,0.0,0.0,-8.586916524244765,88
2025-08-11 15:00:00,SACSI Full,0.4011601748423584,0.03396347165107727,0.0,1.7053391614119464,0.0,0.0,-8.118709286618307,88
2025-08-11 16:00:00,SACSI Full,0.3996648572539813,0.09389996528625488,0.0,1.6554952417993776,0.0,0.0,-7.968963089640208,88
2025-08-11 17:00:00,SACSI Full,0.3967662804398114,0.1253029704093933,0.0,1.5588760146603804,0.0,0.0,-7.679448133440557,88
2025-08-11 18:00:00,SACSI Full,0.3971511639503099,0.35517051815986633,0.0,1.5717054650103295,0.0,0.0,-7.724518480871693,88
2025-08-11 19:00:00,SACSI Full,0.39382162098033346,0.12985780835151672,0.0,1.4607206993444493,0.0,0.0,-7.38701238129846,88
2025-08-11 20:00:00,SACSI Full,0.3950370861382167,0.2083757519721985,0.0,1.501236204607224,0.0,0.0,-7.508661308297319,88
2025-08-11 21:00:00,SACSI Full,0.39292699588467606,0.2488727867603302,0.0,1.430899862822534,0.0,0.0,-7.298082014550693,88
2025-08-11 22:00:00,SACSI Full,0.39202577079018885,0.28999149799346924,0.0,1.4008590263396288,0.0,0.0,-7.2087880960910855,88
2025-08-11 23:00:00,SACSI Full,0.39134128127373097,0.23219585418701172,0.0,1.3780427091243668,0.0,0.0,-7.1393500008949005,88
2025-08-12 00:00:00,SACSI Full,0.39433777048739943,0.13637244701385498,0.0,1.4779256829133147,0.0,0.0,-7.4374627317519515,88
2025-08-12 01:00:00,SACSI Full,0.3982827115198954,0.14390602707862854,0.0,1.6094237173298467,0.0,0.0,-7.831224608331761,88
2025-08-12 02:00:00,SACSI Full,0.39708284852835396,0.2689693868160248,0.0,1.5694282842784646,0.0,0.0,-7.71491487416909,88
2025-08-12 03:00:00,SACSI Full,0.39316570134317447,0.13171255588531494,0.0,1.4388567114391506,0.0,0.0,-7.32057695374446,88
2025-08-12 04:00:00,SACSI Full,0.38924940457578516,0.1014244556427002,0.0,1.3083134858595047,0.0,0.0,-6.927271827693796,88
2025-08-12 05:00:00,SACSI Full,0.3857959937049986,0.13367652893066406,0.0,1.1931997901666207,0.0,0.0,-6.582595421811354,88
2025-08-12 06:00:00,SACSI Full,0.3821953739168085,0.08649319410324097,0.0,1.0731791305602827,0.0,0.0,-6.221739088911191,88
2025-08-12 07:00:00,SACSI Full,0.3841705281843398,0.11656388640403748,0.0,1.1390176061446595,0.0,0.0,-6.419684803085065,88
2025-08-12 08:00:00,SACSI Full,0.38381124078395845,0.1297551393508911,0.0,1.1270413594652824,0.0,0.0,-6.38385109371233,88
2025-08-12 09:00:00,SACSI Full,0.3894336797434349,0.15418767929077148,0.0,1.3144559914478309,0.0,0.0,-6.946696053328703,88
2025-08-12 10:00:00,SACSI Full,0.38953148554261857,0.06805792450904846,0.0,1.3177161847539525,0.0,0.0,-6.955371010299855,88
2025-08-12 11:00:00,SACSI Full,0.3863908151713878,0.019326061010360718,0.0,1.213027172379593,0.0,0.0,-6.639955356993973,88
2025-08-12 12:00:00,SACSI Full,0.38436484900234963,0.026705116033554077,0.0,1.145494966744988,0.0,0.0,-6.437092793105865,88
2025-08-12 13:00:00,SACSI Full,0.3906420474991694,0.04189446568489075,0.0,1.3547349166389795,0.0,0.0,-7.065194532727152,88
2025-08-12 14:00:00,SACSI Full,0.387054462794676,0.022373348474502563,0.0,1.2351487598225335,0.0,0.0,-6.706088957609191,88
2025-08-12 15:00:00,SACSI Full,0.38279110091824636,0.0115281343460083,0.0,1.09303669727488,0.0,0.0,-6.279449106652842,88
2025-08-12 16:00:00,SACSI Full,0.37893136617451284,0.018958449363708496,0.0,0.9643788724837621,0.0,0.0,-5.893590089588734,88
2025-08-12 17:00:00,SACSI Full,0.37574851944496673,0.03942996263504028,0.0,0.8582839814988902,0.0,0.0,-5.575845258882087,88
2025-08-12 18:00:00,SACSI Full,0.37306012338874134,0.055651962757110596,0.0,0.7686707796247121,0.0,0.0,-5.307287598130496,88
2025-08-12 19:00:00,SACSI Full,0.3706305160457855,0.04380166530609131,0.0,0.6876838681928504,0.0,0.0,-5.064046140859183,88
2025-08-12 20:00:00,SACSI Full,0.36839385586562445,0.01863047480583191,0.0,0.6131285288541491,0.0,0.0,-4.840009907963564,88
2025-08-12 21:00:00,SACSI Full,0.3663459453616979,0.015491694211959839,0.0,0.544864845389931,0.0,0.0,-4.634935757859967,88
2025-08-12 22:00:00,SACSI Full,0.3644760183312692,0.015055835247039795,0.0,0.48253394437564057,0.0,0.0,-4.447907308421509,88
2025-08-12 23:00:00,SACSI Full,0.36276171845980265,0.013100653886795044,0.0,0.42539061532675504,-1.4210854715202004e-14,0.0,-4.276453410871603,88
2025-08-13 00:00:00,SACSI Full,0.3612266734732489,0.015708953142166138,0.0,0.3742224491082965,0.0,0.0,-4.123007609380284,88
2025-08-13 01:00:00,SACSI Full,0.35995048953103725,0.02532780170440674,0.0,0.3316829843679074,0.0,0.0,-3.995651697623435,88
2025-08-13 02:00:00,SACSI Full,0.3590663969916794,0.02198547124862671,0.0,0.3022132330559799,0.0,0.0,-3.907112831897471,88
2025-08-13 03:00:00,SACSI Full,0.3578919680421376,0.012736916542053223,0.0,0.26306560140458685,0.0,0.0,-3.7895440280916635,88
2025-08-13 04:00:00,SACSI Full,0.3568789874416134,0.0189054012298584,0.0,0.229299581387113,0.0,0.0,-3.6883385370328137,88
2025-08-13 05:00:00,SACSI Full,0.35606811286737394,0.027008056640625,0.0,0.20227042891246472,0.0,0.0,-3.6074324744243134,88
2025-08-13 06:00:00,SACSI Full,0.3559163749682594,0.036691129207611084,0.0,0.19721249894197967,0.0,0.0,-3.592468150135761,88
2025-08-13 07:00:00,SACSI Full,0.35504186413273414,0.016208887100219727,0.0,0.16806213775780351,0.0,0.0,-3.5047154134364917,88
2025-08-13 08:00:00,SACSI Full,0.3635290122281181,0.02461150288581848,0.0,0.45096707427060495,0.0,0.0,-4.353477479027383,88
2025-08-13 09:00:00,SACSI Full,0.3623450833160878,0.009324103593826294,0.0,0.4115027772029265,0.0,0.0,-4.234847687673574,88
2025-08-13 10:00:00,SACSI Full,0.3611138359612704,0.007086992263793945,0.0,0.37046119870901323,0.0,0.0,-4.111547707085615,88
2025-08-13 11:00:00,SACSI Full,0.3594998822872473,0.006476640701293945,0.0,0.3166627429082425,-1.4210854715202004e-14,0.0,-3.9501238650543775,88
2025-08-13 12:00:00,SACSI Full,0.35928457026797234,0.010392069816589355,0.0,0.3094856755990776,0.0,0.0,-3.9287040224847174,88
2025-08-13 13:00:00,SACSI Full,0.36069553489969103,0.01980721950531006,0.0,0.35651782998969994,0.0,0.0,-4.070043785856096,88
2025-08-13 14:00:00,SACSI Full,0.3595904709228807,0.00916317105293274,0.0,0.3196823640960233,0.0,0.0,-3.9593367961936528,88
2025-08-13 15:00:00,SACSI Full,0.35765344132074117,0.0055058300495147705,0.0,0.25511471069137176,0.0,0.0,-3.7654908220851415,88
2025-08-13 16:00:00,SACSI Full,0.35624326155515074,0.006054788827896118,0.0,0.20810871850502366,-1.4210854715202004e-14,0.0,-3.6244527408794145,88
2025-08-13 17:00:00,SACSI Full,0.3557417019201359,0.019422173500061035,0.0,0.19139006400452843,0.0,0.0,-3.5746923093303096,88
2025-08-13 18:00:00,SACSI Full,0.3548947291902042,0.019565820693969727,0.0,0.16315763967347297,0.0,0.0,-3.4898656719062386,88
2025-08-13 19:00:00,SACSI Full,0.35421711524826316,0.022286325693130493,0.0,0.14057050827543946,0.0,0.0,-3.422184456390169,88
2025-08-13 20:00:00,SACSI Full,0.3534745768882813,0.012057721614837646,0.0,0.11581922960937874,1.4210854715202004e-14,0.0,-3.3478011293012115,88
2025-08-13 21:00:00,SACSI Full,0.35280086267918187,0.01024782657623291,0.0,0.09336208930606348,0.0,0.0,-3.280309323400097,88
2025-08-13 22:00:00,SACSI Full,0.35216081769582486,0.007513761520385742,0.0,0.07202725652749535,0.0,0.0,-3.2162593854634514,88
2025-08-13 23:00:00,SACSI Full,0.35163908392748405,0.008616000413894653,0.0,0.054636130916135534,0.0,0.0,-3.1640917351456173,88
2025-08-14 00:00:00,SACSI Full,0.3518054506235227,0.01209169626235962,0.0,0.06018168745075769,1.4210854715202004e-14,0.0,-3.1808216532360007,88
2025-08-14 01:00:00,SACSI Full,0.3519529678275202,0.01135408878326416,0.0,0.06509892758400752,0.0,0.0,-3.195531240602478,88
2025-08-14 02:00:00,SACSI Full,0.3514813590752496,0.009896010160446167,0.0,0.04937863584165143,0.0,0.0,-3.1483484085143942,88
2025-08-14 03:00:00,SACSI Full,0.36237380144769665,0.014192759990692139,0.0,0.41246004825655547,0.0,0.0,-4.237706967467781,88
2025-08-14 04:00:00,SACSI Full,0.36165953995145605,0.016872882843017578,0.0,0.3886513317152009,0.0,0.0,-4.166318254030989,88
2025-08-14 05:00:00,SACSI Full,0.3760146355194799,0.00768318772315979,0.0,0.867154517315997,0.0,0.0,-5.6017091126536505,88
2025-08-14 06:00:00,SACSI Full,0.38740910931804345,0.016312450170516968,0.0,1.2469703106014494,0.0,0.0,-6.741323473432229,88
2025-08-14 07:00:00,SACSI Full,0.3856206711168757,0.11882424354553223,0.0,1.1873557038958567,0.0,0.0,-6.56546871449223,88
2025-08-14 08:00:00,SACSI Full,0.3929972320526544,0.056709349155426025,0.0,1.4332410684218133,0.0,0.0,-7.30147854119245,88
2025-08-14 09:00:00,SACSI Full,0.39267101321474046,0.086001455783844,0.0,1.422367107158017,0.0,0.0,-7.269114271656007,88
2025-08-14 10:00:00,SACSI Full,0.39626479813231824,0.14979541301727295,0.0,1.542159937743942,0.0,0.0,-7.630113661064502,88
2025-08-14 11:00:00,SACSI Full,0.39209042039847786,0.020700693130493164,0.0,1.4030140132825963,0.0,0.0,-7.2107470009092625,88
2025-08-14 12:00:00,SACSI Full,0.3970697977633752,0.2263064682483673,0.0,1.568993258779173,0.0,0.0,-7.713561963453665,88
2025-08-14 13:00:00,SACSI Full,0.39597353174908256,0.11607125401496887,0.0,1.532451058302752,0.0,0.0,-7.600776952130889,88
2025-08-14 14:00:00,SACSI Full,0.3922408377216753,0.01771971583366394,0.0,1.4080279240558427,0.0,0.0,-7.225421681866014,88
2025-08-14 15:00:00,SACSI Full,0.3886279320198145,0.01622602343559265,0.0,1.2875977339938176,0.0,0.0,-6.86313265937414,88
2025-08-14 16:00:00,SACSI Full,0.38940990703539663,0.10125607252120972,0.0,1.3136635678465554,0.0,0.0,-6.943866125480943,88
2025-08-14 17:00:00,SACSI Full,0.39405895630654647,0.06534665822982788,0.0,1.4686318768848823,0.0,0.0,-7.407561657962156,88
2025-08-14 18:00:00,SACSI Full,0.3905619120507564,0.07945045828819275,0.0,1.3520637350252132,0.0,0.0,-7.057921252241988,88
2025-08-14 19:00:00,SACSI Full,0.3867660620579534,0.03778040409088135,0.0,1.2255354019317792,0.0,0.0,-6.677778514419129,88
2025-08-14 20:00:00,SACSI Full,0.38373410309446576,0.09138241410255432,0.0,1.1244701031488575,0.0,0.0,-6.375773977828743,88
2025-08-14 21:00:00,SACSI Full,0.3833294711933081,0.18309280276298523,0.0,1.1109823731102708,0.0,0.0,-6.337526079272676,88
2025-08-14 22:00:00,SACSI Full,0.3817348230227421,0.14743298292160034,0.0,1.0578274340914036,0.0,0.0,-6.176787560131054,88
2025-08-14 23:00:00,SACSI Full,0.37884945283895044,0.05553737282752991,0.0,0.9616484279650153,0.0,0.0,-5.886974987452535,88
2025-08-15 00:00:00,SACSI Full,0.37666718370347,0.1192253828048706,0.0,0.8889061234490016,0.0,0.0,-5.669739758102873,88
2025-08-15 01:00:00,SACSI Full,0.3745664185592125,0.07365107536315918,0.0,0.818880618640418,0.0,0.0,-5.458570620502932,88
2025-08-15 02:00:00,SACSI Full,0.3722650450288585,0.01975610852241516,0.0,0.742168167628617,0.0,0.0,-5.227438574724704,88
2025-08-15 03:00:00,SACSI Full,0.38458567931491117,0.008546262979507446,0.0,1.1528559771637064,0.0,0.0,-6.4588509552061355,88
2025-08-15 04:00:00,SACSI Full,0.3883642305590926,0.08887305855751038,0.0,1.2788076853030874,0.0,0.0,-6.839003785036187,88
2025-08-15 05:00:00,SACSI Full,0.38907465897985266,0.2751171588897705,0.0,1.3024886326617549,0.0,0.0,-6.914830682166383,88
2025-08-15 06:00:00,SACSI Full,0.391557966719639,0.10675787925720215,0.0,1.3852655573213,0.0,0.0,-7.159615422345368,88
2025-08-15 07:00:00,SACSI Full,0.398318431631957,0.03225386142730713,0.0,1.6106143877319,0.0,0.0,-7.8332332806025455,88
2025-08-15 08:00:00,SACSI Full,0.39462844465324387,0.042118728160858154,0.0,1.4876148217747955,0.0,0.0,-7.463785488554939,88
2025-08-15 09:00:00,SACSI Full,0.38977912959375177,0.01567646861076355,0.0,1.3259709864583926,0.0,0.0,-6.9784909113428935,88
2025-08-15 10:00:00,SACSI Full,0.38533478687964257,0.010023415088653564,0.0,1.17782622932142,0.0,0.0,-6.53373568680125,88
2025-08-15 11:00:00,SACSI Full,0.38431595428862314,0.029215365648269653,0.0,1.143865142954104,0.0,0.0,-6.432371655680875,88
2025-08-15 12:00:00,SACSI Full,0.3800931550896001,0.01026540994644165,0.0,1.0031051696533382,0.0,0.0,-6.0097103167159585,88
2025-08-15 13:00:00,SACSI Full,0.37651328551636626,0.009315311908721924,0.0,0.8837761838788766,0.0,0.0,-5.651524358855178,88
2025-08-15 14:00:00,SACSI Full,0.3857100089013561,0.14685064554214478,0.0,1.1903336300452025,0.0,0.0,-6.575313256382786,88
2025-08-15 15:00:00,SACSI Full,0.39536039237892484,0.06012812256813049,0.0,1.5120130792974948,0.0,0.0,-7.538109025573586,88
2025-08-15 16:00:00,SACSI Full,0.39255051102563016,0.10288596153259277,0.0,1.418350367521005,0.0,0.0,-7.257536400183311,88
2025-08-15 17:00:00,SACSI Full,0.3905432074339772,0.15124917030334473,0.0,1.351440247799239,-1.4210854715202004e-14,0.0,-7.057829358891492,88
2025-08-15 18:00:00,SACSI Full,0.3873176902196036,0.05276784300804138,0.0,1.2439230073201202,0.0,0.0,-6.7338091920934735,88
2025-08-15 19:00:00,SACSI Full,0.39175634047602653,0.08297309279441833,0.0,1.3918780158675503,0.0,0.0,-7.177595561956405,88
2025-08-15 20:00:00,SACSI Full,0.39126799444116683,0.2885960042476654,0.0,1.3755998147055621,0.0,0.0,-7.134627593316169,88
2025-08-15 21:00:00,SACSI Full,0.38822836052129445,0.13888850808143616,0.0,1.2742786840431493,0.0,0.0,-6.8271108972527355,88
2025-08-15 22:00:00,SACSI Full,0.39784517223074833,0.02238258719444275,0.0,1.5948390743582779,0.0,0.0,-7.786129934027591,88
2025-08-15 23:00:00,SACSI Full,0.3974409675851595,0.40260419249534607,0.0,1.5813655861719838,0.0,0.0,-7.755951058418866,88
2025-08-16 00:00:00,SACSI Full,0.39615646988407954,0.29569968581199646,0.0,1.5385489961359853,0.0,0.0,-7.622630027191026,88
2025-08-16 01:00:00,SACSI Full,0.39447372185530827,0.22863298654556274,0.0,1.4824573951769424,0.0,0.0,-7.452615512254401,88
2025-08-16 02:00:00,SACSI Full,0.395853871550881,0.20200729370117188,0.0,1.5284623850293657,0.0,0.0,-7.589693557890564,88
2025-08-16 03:00:00,SACSI Full,0.39335852226238527,0.16467928886413574,0.0,1.4452840754128418,0.0,0.0,-7.339519092064179,88
2025-08-16 04:00:00,SACSI Full,0.3958360353615976,0.22212177515029907,0.0,1.5278678453865866,0.0,0.0,-7.588620396525629,88
2025-08-16 05:00:00,SACSI Full,0.4020637099750426,0.05475938320159912,0.0,1.7354569991680877,0.0,0.0,-8.209139809087777,88
2025-08-16 06:00:00,SACSI Full,0.40062907118483665,0.32524406909942627,0.0,1.6876357061612213,0.0,0.0,-8.072116846724633,88
2025-08-16 07:00:00,SACSI Full,0.402173065350094,0.27880042791366577,0.0,1.7391021783364664,0.0,0.0,-8.22334697997953,88
2025-08-16 08:00:00,SACSI Full,0.40262622543505294,0.19215553998947144,0.0,1.7542075145017664,0.0,0.0,-8.267332103184325,88
2025-08-16 09:00:00,SACSI Full,0.4048434673331809,0.11228814721107483,0.0,1.8281155777726967,0.0,0.0,-8.487391170190094,88
2025-08-16 10:00:00,SACSI Full,0.41102799159156966,0.09162366390228271,0.0,2.034266386385656,0.0,0.0,-9.104838277268101,88
2025-08-16 11:00:00,SACSI Full,0.423812227104673,0.10617822408676147,0.0,2.460407570155766,0.0,0.0,-10.383491820550876,88
2025-08-16 12:00:00,SACSI Full,0.42670110013523926,0.1423652470111847,0.0,2.5567033378413075,0.0,0.0,-10.673319188693394,88
2025-08-16 13:00:00,SACSI Full,0.4254766450318029,0.16755163669586182,0.0,2.515888167726763,0.0,0.0,-10.551267399811051,88
2025-08-16 14:00:00,SACSI Full,0.42479304637864207,0.390021950006485,0.0,2.4931015459547354,0.0,0.0,-10.489329779997442,88
2025-08-16 15:00:00,SACSI Full,0.42023387401206774,0.11787742376327515,0.0,2.341129133735592,0.0,0.0,-10.028466394944472,88
2025-08-16 16:00:00,SACSI Full,0.4142132025003149,0.07873862981796265,0.0,2.1404400833438304,0.0,0.0,-9.423286410567304,88
2025-08-16 17:00:00,SACSI Full,0.40904685861799545,0.12882545590400696,0.0,1.968228620599848,0.0,0.0,-8.907763239178486,88
2025-08-16 18:00:00,SACSI Full,0.4042544325501927,0.16425326466560364,0.0,1.808481085006423,0.0,0.0,-8.4290825984002,88
2025-08-16 19:00:00,SACSI Full,0.39942424203126503,0.1749175786972046,0.0,1.6474747343755014,0.0,0.0,-7.946029197840762,88
2025-08-16 20:00:00,SACSI Full,0.3960007810530264,0.19132107496261597,0.0,1.5333593684342135,0.0,0.0,-7.604068561764544,88
2025-08-16 21:00:00,SACSI Full,0.3917824681476234,0.11225506663322449,0.0,1.392748938254114,0.0,0.0,-7.181282576178298,88
2025-08-16 22:00:00,SACSI Full,0.3876317569757234,0.08567854762077332,0.0,1.2543918991907803,0.0,0.0,-6.765155033714878,88
2025-08-16 23:00:00,SACSI Full,0.38378712285286765,0.07484719157218933,0.0,1.126237428428921,0.0,0.0,-6.380317542678694,88
2025-08-17 00:00:00,SACSI Full,0.3802793710954777,0.0589868426322937,0.0,1.0093123698492577,0.0,0.0,-6.029275449889815,88
2025-08-17 01:00:00,SACSI Full,0.3771506294729523,0.0598984956741333,0.0,0.9050209824317449,0.0,0.0,-5.71627003373913,88
2025-08-17 02:00:00,SACSI Full,0.3743337023319792,0.05104526877403259,0.0,0.8111234110659737,0.0,0.0,-5.434479670842403,88
2025-08-17 03:00:00,SACSI Full,0.3717752891488664,0.04331901669502258,0.0,0.7258429716288788,0.0,0.0,-5.178472557741327,88
2025-08-17 04:00:00,SACSI Full,0.36946157047043376,0.03960341215133667,0.0,0.6487190156811252,0.0,0.0,-4.9469862713318395,88
2025-08-17 05:00:00,SACSI Full,0.36739266310700897,0.03558322787284851,0.0,0.5797554369002981,0.0,0.0,-4.740018177101137,88
2025-08-17 06:00:00,SACSI Full,0.36552130076964906,0.03246799111366272,0.0,0.5173766923216349,0.0,0.0,-4.552810589154771,88
2025-08-17 07:00:00,SACSI Full,0.36374435624218177,0.02706184983253479,0.0,0.45814520807272463,0.0,0.0,-4.375030922627638,88
2025-08-17 08:00:00,SACSI Full,0.3623104430135744,0.009674131870269775,0.0,0.41034810045247955,0.0,0.0,-4.231411661174467,88
2025-08-17 09:00:00,SACSI Full,0.3604249564016453,0.004852563142776489,0.0,0.3474985467215092,0.0,0.0,-4.0426409071146585,88
2025-08-17 10:00:00,SACSI Full,0.3581207010392479,0.004413425922393799,0.0,0.2706900346415978,0.0,0.0,-3.812162763815443,88
2025-08-17 11:00:00,SACSI Full,0.35619499952901584,0.004789531230926514,0.0,0.20649998430052963,0.0,0.0,-3.6195995045792877,88
2025-08-17 12:00:00,SACSI Full,0.3543830198958145,0.004006773233413696,0.0,0.1461006631938176,0.0,0.0,-3.438389952626093,88
2025-08-17 13:00:00,SACSI Full,0.35269702626371024,0.00260278582572937,0.0,0.0899008754570076,0.0,0.0,-3.2697687219616154,88
2025-08-17 14:00:00,SACSI Full,0.3523399186287848,0.004364997148513794,0.0,0.07799728762615957,0.0,0.0,-3.2340967849346747,88
2025-08-17 15:00:00,SACSI Full,0.35167211046837515,0.0038945674896240234,0.0,0.05573701561250602,0.0,0.0,-3.1672936424838958,88
2025-08-17 16:00:00,SACSI Full,0.3517096789079554,0.006259828805923462,0.0,0.05698929693184738,0.0,0.0,-3.1711167399848215,88
2025-08-17 17:00:00,SACSI Full,0.35163414716890284,0.010312050580978394,0.0,0.054471572296760945,0.0,0.0,-3.1636614801196536,88
2025-08-17 18:00:00,SACSI Full,0.3521950205467715,0.034929364919662476,0.0,0.07316735155905008,0.0,0.0,-3.2204468151189283,88
2025-08-17 19:00:00,SACSI Full,0.3518803415540374,0.019274353981018066,0.0,0.06267805180124668,0.0,0.0,-3.1885761925927474,88
2025-08-17 20:00:00,SACSI Full,0.3515947432945534,0.0184786319732666,0.0,0.05315810981844891,0.0,0.0,-3.1598518593148843,88
2025-08-17 21:00:00,SACSI Full,0.3513398171006171,0.019182711839675903,0.0,0.04466057002057085,0.0,0.0,-3.1343724050971695,88
2025-08-17 22:00:00,SACSI Full,0.3511105404353018,0.01923501491546631,0.0,0.03701801451006048,0.0,0.0,-3.1114392668592488,88
2025-08-17 23:00:00,SACSI Full,0.35092754209302746,0.018518567085266113,0.0,0.03091806976758136,0.0,0.0,-3.0931317451227525,88
2025-08-18 00:00:00,SACSI Full,0.3507657220422883,0.019478052854537964,0.0,0.025524068076276763,0.0,0.0,-3.0769713601436117,88
2025-08-18 01:00:00,SACSI Full,0.3506122756391459,0.016875267028808594,0.0,0.020409187971529266,0.0,0.0,-3.06159109711342,88
2025-08-18 02:00:00,SACSI Full,0.35046776116159795,0.014737695455551147,0.0,0.015592038719931624,0.0,0.0,-3.0470922457846377,88
2025-08-18 03:00:00,SACSI Full,0.35036260134029895,0.014538764953613281,0.0,0.012086711343299328,0.0,0.0,-3.036552898633986,88
2025-08-18 04:00:00,SACSI Full,0.3502723156437443,0.01599147915840149,0.0,0.0090771881248088,0.0,0.0,-3.0275659210996437,88
2025-08-18 05:00:00,SACSI Full,0.3501878300312608,0.014915317296981812,0.0,0.006261001042025783,0.0,0.0,-3.0190920710906335,88
2025-08-18 06:00:00,SACSI Full,0.35008861800820673,0.015690326690673828,0.0,0.0029539336068907574,0.0,0.0,-3.0091833574484226,88
2025-08-18 07:00:00,SACSI Full,0.3498161274877294,0.011752843856811523,0.0,0.0,0.0,0.0,-2.981887180478413,88
2025-08-18 08:00:00,SACSI Full,0.34912312446903226,0.004599094390869141,0.0,0.0,0.0,0.0,-2.9124759662857027,88
2025-08-18 09:00:00,SACSI Full,0.34799676438243227,0.0020919740200042725,0.0,0.0,0.0,0.0,-2.799743348927335,88
2025-08-18 10:00:00,SACSI Full,0.3465008152913157,0.0017152726650238037,0.0,0.0,0.0,0.0,-2.650119601598421,88
2025-08-18 11:00:00,SACSI Full,0.3447214166378085,0.0016804039478302002,0.0,0.0,0.0,0.0,-2.4721756205469756,88
2025-08-18 12:00:00,SACSI Full,0.34277199016880033,0.0016720592975616455,0.0,0.0,0.0,0.0,-2.2772325415124866,88
2025-08-18 13:00:00,SACSI Full,0.34102148811251953,0.0018493831157684326,0.0,0.0,0.0,0.0,-2.1021875721524497,88
2025-08-18 14:00:00,SACSI Full,0.339355010526886,0.0015567243099212646,0.0,0.0,0.0,0.0,-1.9355351137628556,88
2025-08-18 15:00:00,SACSI Full,0.33808558852822623,0.0016734004020690918,0.0,0.0,0.0,0.0,-1.8085934875915854,88
2025-08-18 16:00:00,SACSI Full,0.3370717486682638,0.0018480420112609863,0.0,0.0,0.0,0.0,-1.7072135740826948,88
2025-08-18 17:00:00,SACSI Full,0.33648505407880785,0.0024916231632232666,0.0,0.0,0.0,0.0,-1.648561676155569,88
2025-08-18 18:00:00,SACSI Full,0.3362406925144895,0.003191530704498291,0.0,0.0,0.0,0.0,-1.6241400811384534,88
2025-08-18 19:00:00,SACSI Full,0.33608259605875657,0.003571063280105591,0.0,0.0,0.0,0.0,-1.6083348224670142,88
2025-08-18 20:00:00,SACSI Full,0.3359240734298134,0.003443211317062378,0.0,0.0,0.0,0.0,-1.5924774857273107,88
2025-08-18 21:00:00,SACSI Full,0.33576495276760104,0.003263801336288452,0.0,0.0,0.0,0.0,-1.5765623468866372,88
2025-08-18 22:00:00,SACSI Full,0.335634431672802,0.0033436715602874756,0.0,0.0,0.0,0.0,-1.563510839413644,88
2025-08-18 23:00:00,SACSI Full,0.33550355394354503,0.0032366812229156494,0.0,0.0,0.0,0.0,-1.5504211978823343,88
2025-08-19 00:00:00,SACSI Full,0.3353445430532201,0.0032967329025268555,0.0,0.0,0.0,0.0,-1.5345208404968549,88
2025-08-19 01:00:00,SACSI Full,0.33515819323371887,0.0035950541496276855,0.0,0.0,0.0,0.0,-1.51589420766735,88
2025-08-19 02:00:00,SACSI Full,0.3349711361057663,0.003382861614227295,0.0,0.0,0.0,0.0,-1.4971833897342668,88
2025-08-19 03:00:00,SACSI Full,0.3347837228400612,0.0032760202884674072,0.0,0.0,0.0,0.0,-1.4784388728251456,88
2025-08-19 04:00:00,SACSI Full,0.3345970148959859,0.003487616777420044,0.0,0.0,0.0,0.0,-1.4597733578990295,88
2025-08-19 05:00:00,SACSI Full,0.3344398745980962,0.003857910633087158,0.0,0.0,0.0,0.0,-1.4440683209608387,88
2025-08-19 06:00:00,SACSI Full,0.33428255945991514,0.0038054585456848145,0.0,0.0,0.0,0.0,-1.428332579683301,88
2025-08-19 07:00:00,SACSI Full,0.33395496070296604,0.0037203729152679443,0.0,0.0,0.0,0.0,-1.395571328611213,88
2025-08-19 08:00:00,SACSI Full,0.3332258742569987,0.002274066209793091,0.0,0.0,0.0,0.0,-1.3226473700911177,88
2025-08-19 09:00:00,SACSI Full,0.3320698297984504,0.0016866624355316162,0.0,0.0,0.0,0.0,-1.2070225871314926,88
2025-08-19 10:00:00,SACSI Full,0.3305472202776972,0.0022171437740325928,0.0,0.0,0.0,0.0,-1.0547716754585823,88
2025-08-19 11:00:00,SACSI Full,0.3287418511183166,0.002389252185821533,0.0,0.0,0.0,0.0,-0.8742346179594944,88
2025-08-19 12:00:00,SACSI Full,0.3268241738254928,0.002696812152862549,0.0,0.0,0.0,0.0,-0.6824743943920051,88
2025-08-19 13:00:00,SACSI Full,0.3249053541103108,0.0023540854454040527,0.0,0.0,0.0,0.0,-0.4905859200070616,88
2025-08-19 14:00:00,SACSI Full,0.32318559738865527,0.002572983503341675,0.0,0.0,0.0,0.0,-0.3186133875161721,88
2025-08-19 15:00:00,SACSI Full,0.321749959291528,0.0028085708618164062,0.0,0.0,0.0,0.0,-0.17505445644362022,88
2025-08-19 16:00:00,SACSI Full,0.32070841542393996,0.002036839723587036,0.0,0.0,0.0,0.0,-0.07088999649984969,88
2025-08-19 17:00:00,SACSI Full,0.32012178391606644,0.002510547637939453,0.0,0.0,0.0,0.0,-0.012233339638545448,88
2025-08-19 18:00:00,SACSI Full,0.3199046217067146,0.002851337194442749,0.0,0.0,0.0,0.0,0.9999395653605461,88
2025-08-19 19:00:00,SACSI Full,0.319801965552082,0.003203153610229492,0.0,0.0,0.0,0.0,0.9999324187636375,88
2025-08-19 20:00:00,SACSI Full,0.31969783914954497,0.0027620792388916016,0.0,0.0,0.0,0.0,0.9999403476715087,88
2025-08-19 21:00:00,SACSI Full,0.3196224061917368,0.002870112657546997,0.0,0.0,0.0,0.0,0.9999415174126625,88
2025-08-19 22:00:00,SACSI Full,0.31951816852719617,0.002728700637817383,0.0,0.0,0.0,0.0,0.9999440118670464,88
2025-08-19 23:00:00,SACSI Full,0.31941313365053164,0.002489537000656128,0.0,0.0,0.0,0.0,0.9999478176236153,88
2025-08-20 00:00:00,SACSI Full,0.3192791902557118,0.002316981554031372,0.0,0.0,0.0,0.0,0.9999519348144532,88
2025-08-20 01:00:00,SACSI Full,0.3191455175653202,0.002398192882537842,0.0,0.0,0.0,0.0,0.9999512240290642,88
2025-08-20 02:00:00,SACSI Full,0.3190103393609427,0.0019465386867523193,0.0,0.0,0.0,0.0,0.999956552684307,88
2025-08-20 03:00:00,SACSI Full,0.3188467702054086,0.001929253339767456,0.0,0.0,0.0,0.0,0.9999612420797348,88
2025-08-20 04:00:00,SACSI Full,0.31868342357388163,0.0019960105419158936,0.0,0.0,0.0,0.0,0.9999594122171402,88
2025-08-20 05:00:00,SACSI Full,0.3185203506270153,0.002078115940093994,0.0,0.0,0.0,0.0,0.9999576166272163,88
2025-08-20 06:00:00,SACSI Full,0.318328791858266,0.002032369375228882,0.0,0.0,0.0,0.0,0.9999588951468468,88
2025-08-20 07:00:00,SACSI Full,0.317999172503859,0.0031141936779022217,0.0,0.0,0.0,0.0,0.9999268978834153,88
2025-08-20 08:00:00,SACSI Full,0.31730080953748047,0.00299111008644104,0.0,0.0,0.0,0.0,0.9999389469623565,88
2025-08-20 09:00:00,SACSI Full,0.316145948231131,0.0020416080951690674,0.0,0.0,0.0,0.0,0.9999496728181838,88
2025-08-20 10:00:00,SACSI Full,0.31462417367211004,0.002467632293701172,0.0,0.0,0.0,0.0,0.9999463871121407,88
2025-08-20 11:00:00,SACSI Full,0.3135691196440758,0.0019837915897369385,0.0,0.0,0.0,0.0,0.9999554857611656,88
2025-08-20 12:00:00,SACSI Full,0.31179372195234917,0.002880692481994629,0.0,0.0,0.0,0.0,0.9999334171414376,88
2025-08-20 13:00:00,SACSI Full,0.3100740745058757,0.0026057660579681396,0.0,0.0,0.0,0.0,0.9999451354146004,88
2025-08-20 14:00:00,SACSI Full,0.30863954505514124,0.003141164779663086,0.0,0.0,0.0,0.0,0.9999318227171898,88
2025-08-20 15:00:00,SACSI Full,0.30918515297165533,0.003682374954223633,0.0,0.0,0.0,0.0,0.9999209403991699,88
2025-08-20 16:00:00,SACSI Full,0.31035020303160965,0.0025150179862976074,0.0,0.0,0.0,0.0,0.9999380260705948,88
2025-08-20 17:00:00,SACSI Full,0.31638030176869053,0.002529621124267578,0.0,0.0,0.0,0.0,0.999949261546135,88
2025-08-20 18:00:00,SACSI Full,0.3279258355688156,0.006160140037536621,0.0,0.0,0.0,0.0,-0.7927430648714432,88
2025-08-20 19:00:00,SACSI Full,0.33091778569609936,0.006085038185119629,0.0,0.0,0.0,0.0,-1.0919010213921625,88
2025-08-20 20:00:00,SACSI Full,0.3378549869361621,0.006660372018814087,0.0,0.0,0.0,0.0,-1.7856376543949242,88
2025-08-20 21:00:00,SACSI Full,0.34345963738512014,0.015395134687423706,0.0,0.0,0.0,0.0,-2.3463589888324483,88
2025-08-20 22:00:00,SACSI Full,0.35276504671565606,0.009291023015975952,0.0,0.09216822385520373,1.4210854715202004e-14,0.0,-3.2767515331426393,88
2025-08-20 23:00:00,SACSI Full,0.3573609444305174,0.04963412880897522,0.0,0.24536481435058022,0.0,0.0,-3.7374905566858505,88
2025-08-21 00:00:00,SACSI Full,0.3613509036113804,0.10085120797157288,0.0,0.3783634537126801,0.0,0.0,-4.137619556089096,88
2025-08-21 01:00:00,SACSI Full,0.36304471210735906,0.0769662857055664,0.0,0.43482373691196874,0.0,0.0,-4.306249385672675,88
2025-08-21 02:00:00,SACSI Full,0.36393527886120564,0.07417932152748108,0.0,0.46450929537352015,0.0,0.0,-4.395039342192893,88
2025-08-21 03:00:00,SACSI Full,0.36488425813241077,0.12333571910858154,0.0,0.4961419377470264,0.0,0.0,-4.491384091599058,88
2025-08-21 04:00:00,SACSI Full,0.3660756257580811,0.135764479637146,0.0,0.5358541919360377,0.0,0.0,-4.610402153006139,88
2025-08-21 05:00:00,SACSI Full,0.36686925662580977,0.1428978145122528,0.0,0.562308554193659,0.0,0.0,-4.689854952219973,88
2025-08-21 06:00:00,SACSI Full,0.36718621159777504,0.12746021151542664,0.0,0.5728737199258348,0.0,0.0,-4.72132474003778,88
2025-08-21 07:00:00,SACSI Full,0.3659320611837995,0.03132358193397522,0.0,0.5310687061266492,0.0,0.0,-4.594793956314444,88
2025-08-21 08:00:00,SACSI Full,0.3638777705112241,0.016305148601531982,0.0,0.4625923503741376,0.0,0.0,-4.388253338427765,88
2025-08-21 09:00:00,SACSI Full,0.3629697010735699,0.02140253782272339,0.0,0.43232336911899555,0.0,0.0,-4.2974491320056565,88
2025-08-21 10:00:00,SACSI Full,0.3625236615415837,0.02814352512359619,0.0,0.41745538471945737,0.0,0.0,-4.252996434533853,88
2025-08-21 11:00:00,SACSI Full,0.36154149495235915,0.034566521644592285,0.0,0.38471649841197153,0.0,0.0,-4.154905055634016,88
2025-08-21 12:00:00,SACSI Full,0.35965972427491993,0.012459605932235718,0.0,0.32199080916399797,0.0,0.0,-3.966442688767761,88
2025-08-21 13:00:00,SACSI Full,0.35732690937296735,0.0033858418464660645,0.0,0.24423031243224502,0.0,0.0,-3.7328493917745216,88
2025-08-21 14:00:00,SACSI Full,0.3552788113731401,0.0035309791564941406,0.0,0.17596037910467005,0.0,0.0,-3.52795320827024,88
2025-08-21 15:00:00,SACSI Full,0.356664743720018,0.041937828063964844,0.0,0.2221581240006003,0.0,0.0,-3.6676971970521532,88
2025-08-21 16:00:00,SACSI Full,0.35790698069130467,0.05523711442947388,0.0,0.263566023043488,-1.4210854715202004e-14,0.0,-3.7919358042827103,88
2025-08-21 17:00:00,SACSI Full,0.3597326690419473,0.07412880659103394,0.0,0.32442230139824346,0.0,0.0,-3.974938397248164,88
2025-08-21 18:00:00,SACSI Full,0.3605717614257298,0.06361976265907288,0.0,0.35239204752432585,0.0,0.0,-4.058553628265478,88
2025-08-21 19:00:00,SACSI Full,0.359466955448028,0.018123388290405273,0.0,0.3155651816009325,0.0,0.0,-3.9475129763122925,88
2025-08-21 20:00:00,SACSI Full,0.35856317500856805,0.02280503511428833,0.0,0.2854391669522684,0.0,0.0,-3.8568204180273287,88
2025-08-21 21:00:00,SACSI Full,0.35774075791669446,0.02830013632774353,0.0,0.2580252638898159,0.0,0.0,-3.774696745408135,88
2025-08-21 22:00:00,SACSI Full,0.35703955258768105,0.032790154218673706,0.0,0.23465175292270146,0.0,0.0,-3.704655962031387,88
2025-08-21 23:00:00,SACSI Full,0.3563715862846491,0.028996318578720093,0.0,0.21238620948830375,0.0,0.0,-3.637776493192883,88
2025-08-22 00:00:00,SACSI Full,0.3557488601451025,0.021810829639434814,0.0,0.19162867150341756,0.0,0.0,-3.5753940859924294,88
2025-08-22 01:00:00,SACSI Full,0.3552287951147174,0.026773661375045776,0.0,0.17429317049058002,0.0,0.0,-3.5234646130165954,88
2025-08-22 02:00:00,SACSI Full,0.3547541964677228,0.024593621492385864,0.0,0.15847321559076022,0.0,0.0,-3.4759333196009563,88
2025-08-22 03:00:00,SACSI Full,0.3543141962543059,0.028806477785110474,0.0,0.14380654181019567,0.0,0.0,-3.4320378835492167,88
2025-08-22 04:00:00,SACSI Full,0.35389746815910295,0.03039717674255371,0.0,0.12991560530343235,0.0,0.0,-3.3903706664347193,88
2025-08-22 05:00:00,SACSI Full,0.35345728412929495,0.01718759536743164,0.0,0.11524280430983112,0.0,0.0,-3.346204260650594,88
2025-08-22 06:00:00,SACSI Full,0.35297816600164755,0.01503676176071167,0.0,0.09927220005491932,0.0,0.0,-3.298138843736036,88
2025-08-22 07:00:00,SACSI Full,0.35238962747217106,0.013592690229415894,0.0,0.0796542490723681,0.0,0.0,-3.2392490417370072,88
2025-08-22 08:00:00,SACSI Full,0.35154015579427084,0.008997023105621338,0.0,0.05133852647569342,0.0,0.0,-3.154241476560433,88
2025-08-22 09:00:00,SACSI Full,0.3503249937566948,0.0032845139503479004,0.0,0.010833125223159358,0.0,0.0,-3.032622191040038,88
2025-08-22 10:00:00,SACSI Full,0.3488053311889203,0.0031012296676635742,0.0,0.0,0.0,0.0,-2.8805969763282113,88
2025-08-22 11:00:00,SACSI Full,0.3470293578156662,0.0027079880237579346,0.0,0.0,0.0,0.0,-2.702993873743532,88
2025-08-22 12:00:00,SACSI Full,0.34519445081242245,0.0020278990268707275,0.0,0.0,0.0,0.0,-2.5194924401127508,88
2025-08-22 13:00:00,SACSI Full,0.3433594181427193,0.001990199089050293,0.0,0.0,0.0,0.0,-2.335981995253089,88
2025-08-22 14:00:00,SACSI Full,0.3416674910951487,0.0024218857288360596,0.0,0.0,0.0,0.0,-2.1668018640958446,88
2025-08-22 15:00:00,SACSI Full,0.34025781158296586,0.00209614634513855,0.0,0.0,0.0,0.0,-2.0258263386173256,88
2025-08-22 16:00:00,SACSI Full,0.3392170197273128,0.0022624433040618896,0.0,0.0,0.0,0.0,-1.921748884566947,88
2025-08-22 17:00:00,SACSI Full,0.3385801161377462,0.0044289231300354,0.0,0.0,0.0,0.0,-1.858121857035479,88
2025-08-22 18:00:00,SACSI Full,0.3383149304319255,0.00544428825378418,0.0,0.0,0.0,0.0,-1.8316120826088635,88
2025-08-22 19:00:00,SACSI Full,0.3381619401074283,0.00510290265083313,0.0,0.0,0.0,0.0,-1.8162994826518737,88
2025-08-22 20:00:00,SACSI Full,0.33800839347291317,0.004936009645462036,0.0,0.0,0.0,0.0,-1.8009397364142794,88
2025-08-22 21:00:00,SACSI Full,0.33782192643094383,0.003559887409210205,0.0,0.0,0.0,0.0,-1.7822776020649291,88
2025-08-22 22:00:00,SACSI Full,0.3376378818210793,0.004286617040634155,0.0,0.0,0.0,0.0,-1.7638811817450553,88
2025-08-22 23:00:00,SACSI Full,0.33745163183935806,0.0036250054836273193,0.0,0.0,0.0,0.0,-1.7452423001610478,88
2025-08-23 00:00:00,SACSI Full,0.3372677645533117,0.004339814186096191,0.0,0.0,0.0,0.0,-1.726870399701916,88
2025-08-23 01:00:00,SACSI Full,0.33708447245208745,0.004512369632720947,0.0,0.0,0.0,0.0,-1.7085392181558647,88
2025-08-23 02:00:00,SACSI Full,0.3369303049358559,0.00474974513053894,0.0,0.0,0.0,0.0,-1.693127862243179,88
2025-08-23 03:00:00,SACSI Full,0.3367770290057691,0.005017220973968506,0.0,0.0,0.0,0.0,-1.6778059197548243,88
2025-08-23 04:00:00,SACSI Full,0.3366208046325875,0.004132688045501709,0.0,0.0,0.0,0.0,-1.6621719623489417,88
2025-08-23 05:00:00,SACSI Full,0.3364963602313233,0.005166679620742798,0.0,0.0,0.0,0.0,-1.6497496966404954,88
2025-08-23 06:00:00,SACSI Full,0.33631343867230734,0.004623532295227051,0.0,0.0,0.0,0.0,-1.631441769349893,88
2025-08-23 07:00:00,SACSI Full,0.33596236684410097,0.0051784515380859375,0.0,0.0,0.0,0.0,-1.5963458026332866,88
2025-08-23 08:00:00,SACSI Full,0.3351489648581378,0.0024794042110443115,0.0,0.0,0.0,0.0,-1.5149730643712682,88
2025-08-23 09:00:00,SACSI Full,0.33393610670813245,0.0016425549983978271,0.0,0.0,0.0,0.0,-1.3936518904053388,88
2025-08-23 10:00:00,SACSI Full,0.33238277718472803,0.0015011429786682129,0.0,0.0,0.0,0.0,-1.238309155452573,88
2025-08-23 11:00:00,SACSI Full,0.3306596681985092,0.0015673041343688965,0.0,0.0,0.0,0.0,-1.0659988275451664,88
2025-08-23 12:00:00,SACSI Full,0.3287952561339569,0.0016763806343078613,0.0,0.0,0.0,0.0,-0.8795602317733731,88
2025-08-23 13:00:00,SACSI Full,0.3270166854883067,0.0019288063049316406,0.0,0.0,0.0,0.0,-0.7017096492134743,88
2025-08-23 14:00:00,SACSI Full,0.3253229062263997,0.0018662214279174805,0.0,0.0,0.0,0.0,-0.5323285729172977,88
2025-08-23 15:00:00,SACSI Full,0.3238831678264173,0.0015784800052642822,0.0,0.0,0.0,0.0,-0.3883512296560607,88
2025-08-23 16:00:00,SACSI Full,0.32278433740385687,0.0018508732318878174,0.0,0.0,0.0,0.0,-0.27847348178259024,88
2025-08-23 17:00:00,SACSI Full,0.3220839637741279,0.002387911081314087,0.0,0.0,0.0,0.0,-0.20844950601291004,88
2025-08-23 18:00:00,SACSI Full,0.32172478472082133,0.002746284008026123,0.0,0.0,0.0,0.0,-0.17253698149156027,88
2025-08-23 19:00:00,SACSI Full,0.321505901924057,0.002335160970687866,0.0,0.0,0.0,0.0,-0.1506410068554845,88
2025-08-23 20:00:00,SACSI Full,0.321315602800134,0.0024102628231048584,0.0,0.0,0.0,0.0,-0.13160923628838486,88
2025-08-23 21:00:00,SACSI Full,0.3211251809899838,0.0023734569549560547,0.0,0.0,0.0,0.0,-0.11256593619616266,88
2025-08-23 22:00:00,SACSI Full,0.32090567731150305,0.0021488964557647705,0.0,0.0,0.0,0.0,-0.09061295468441113,88
2025-08-23 23:00:00,SACSI Full,0.32065806133358,0.0022152066230773926,0.0,0.0,0.0,0.0,-0.06585110059213313,88
2025-08-24 00:00:00,SACSI Full,0.3203814399799538,0.002013593912124634,0.0,0.0,0.0,0.0,-0.03818628600072884,88
2025-08-24 01:00:00,SACSI Full,0.32010578869192124,0.0023046135902404785,0.0,0.0,0.0,0.0,-0.010627871660709776,88
2025-08-24 02:00:00,SACSI Full,0.3198293138663801,0.0020575523376464844,0.0,0.0,0.0,0.0,0.9999563783407212,88
2025-08-24 03:00:00,SACSI Full,0.3195526329081091,0.0019957125186920166,0.0,0.0,0.0,0.0,0.9999594673514366,88
2025-08-24 04:00:00,SACSI Full,0.3192767983357939,0.0022496283054351807,0.0,0.0,0.0,0.0,0.9999524682760239,88
2025-08-24 05:00:00,SACSI Full,0.3190288152926001,0.0021050870418548584,0.0,0.0,0.0,0.0,0.9999564528465271,88
2025-08-24 06:00:00,SACSI Full,0.318752923599167,0.002232491970062256,0.0,0.0,0.0,0.0,0.9999540761113167,88
2025-08-24 07:00:00,SACSI Full,0.31830719879873925,0.002282559871673584,0.0,0.0,0.0,0.0,0.9999538481235504,88
2025-08-24 08:00:00,SACSI Full,0.3177426531768673,0.0026363134384155273,0.0,0.0,0.0,0.0,0.9999437361955643,88
2025-08-24 09:00:00,SACSI Full,0.3169494386689695,0.0020356476306915283,0.0,0.0,0.0,0.0,0.9999532803893089,88
2025-08-24 10:00:00,SACSI Full,0.3155129700804584,0.0025594234466552734,0.0,0.0,0.0,0.0,0.9999435737729072,88
2025-08-24 11:00:00,SACSI Full,0.31460570709634156,0.0038211047649383545,0.0,0.0,0.0,0.0,0.9999109610915183,88
2025-08-24 12:00:00,SACSI Full,0.3156318802127076,0.007351934909820557,0.0,0.0,0.0,0.0,0.9998176530003547,88
2025-08-24 13:00:00,SACSI Full,0.3146186548901431,0.004032403230667114,0.0,0.0,0.0,0.0,0.999886156618595,88
2025-08-24 14:00:00,SACSI Full,0.3139671632894707,0.004052519798278809,0.0,0.0,0.0,0.0,0.9999187484383583,88
2025-08-24 15:00:00,SACSI Full,0.3128440650670561,0.003070533275604248,0.0,0.0,0.0,0.0,0.9999287694692611,88
2025-08-24 16:00:00,SACSI Full,0.3119743758973313,0.0025932490825653076,0.0,0.0,0.0,0.0,0.9999433621764183,88
2025-08-24 17:00:00,SACSI Full,0.3126653627436194,0.0027960538864135742,0.0,0.0,0.0,0.0,0.9999420508742333,88
2025-08-24 18:00:00,SACSI Full,0.31330900746035906,0.0035934150218963623,0.0,0.0,0.0,0.0,0.9999201580882072,88
2025-08-24 19:00:00,SACSI Full,0.3130888302493923,0.0019468367099761963,0.0,0.0,0.0,0.0,0.9999445974826813,88
2025-08-24 20:00:00,SACSI Full,0.31375797608542766,0.002743750810623169,0.0,0.0,0.0,0.0,0.9999371558427811,88
2025-08-24 21:00:00,SACSI Full,0.3134577107938958,0.003420412540435791,0.0,0.0,0.0,0.0,0.9999248251318932,88
2025-08-24 22:00:00,SACSI Full,0.31315714698243463,0.0033308565616607666,0.0,0.0,0.0,0.0,0.999932487308979,88
2025-08-24 23:00:00,SACSI Full,0.31318765301792145,0.002651810646057129,0.0,0.0,0.0,0.0,0.9999401733279227,88
2025-08-25 00:00:00,SACSI Full,0.31321762857206975,0.002492666244506836,0.0,0.0,0.0,0.0,0.9999485552310944,88
2025-08-25 01:00:00,SACSI Full,0.3129433293160629,0.0027102231979370117,0.0,0.0,0.0,0.0,0.9999436199665069,88
2025-08-25 02:00:00,SACSI Full,0.3133058504288228,0.002256333827972412,0.0,0.0,0.0,0.0,0.9999503344297409,88
2025-08-25 03:00:00,SACSI Full,0.3129735255202484,0.00230252742767334,0.0,0.0,0.0,0.0,0.9999534875154495,88
2025-08-25 04:00:00,SACSI Full,0.3126405851937166,0.0021179020404815674,0.0,0.0,0.0,0.0,0.9999557957053185,88
2025-08-25 05:00:00,SACSI Full,0.3122796939969889,0.0022326409816741943,0.0,0.0,0.0,0.0,0.9999541997909546,88
2025-08-25 06:00:00,SACSI Full,0.3118913734707069,0.0025038421154022217,0.0,0.0,0.0,0.0,0.9999472111463547,88
2025-08-25 07:00:00,SACSI Full,0.3137844104966354,0.003911107778549194,0.0,0.0,0.0,0.0,0.9999077051877976,88
2025-08-25 08:00:00,SACSI Full,0.31460850092180886,0.0022271275520324707,0.0,0.0,0.0,0.0,0.9999386176466941,88
2025-08-25 09:00:00,SACSI Full,0.3136268950224749,0.0030182301998138428,0.0,0.0,0.0,0.0,0.9999317243695259,88
2025-08-25 10:00:00,SACSI Full,0.31227658028054556,0.0029055774211883545,0.0,0.0,0.0,0.0,0.99994076192379,88
2025-08-25 11:00:00,SACSI Full,0.31126396391876854,0.0042150914669036865,0.0,0.0,0.0,0.0,0.9999026030302048,88
2025-08-25 12:00:00,SACSI Full,0.30963834955621083,0.005315691232681274,0.0,0.0,0.0,0.0,0.9998826801776886,88
2025-08-25 13:00:00,SACSI Full,0.30798270213453294,0.004805773496627808,0.0,0.0,0.0,0.0,0.9998987853527068,88
2025-08-25 14:00:00,SACSI Full,0.30649966142265317,0.005587786436080933,0.0,0.0,0.0,0.0,0.9998804241418839,88
2025-08-25 15:00:00,SACSI Full,0.30521613918312707,0.005943328142166138,0.0,0.0,0.0,0.0,0.9998775780200958,88
2025-08-25 16:00:00,SACSI Full,0.3042645842243067,0.0035335123538970947,0.0,0.0,0.0,0.0,0.9999052315950393,88
2025-08-25 17:00:00,SACSI Full,0.3036496248468589,0.0025121867656707764,0.0,0.0,0.0,0.0,0.9999395430088044,88
2025-08-25 18:00:00,SACSI Full,0.30324063614456176,0.004803389310836792,0.0,0.0,0.0,0.0,0.9998810201883316,88
2025-08-25 19:00:00,SACSI Full,0.3029179453334045,0.005192756652832031,0.0,0.0,0.0,0.0,0.9998922511935234,88
2025-08-25 20:00:00,SACSI Full,0.30254257043926236,0.006387531757354736,0.0,0.0,0.0,0.0,0.9998603016138077,88
2025-08-25 21:00:00,SACSI Full,0.30216225531347907,0.0049054622650146484,0.0,0.0,0.0,0.0,0.9998870700597763,88
2025-08-25 22:00:00,SACSI Full,0.3017845275259844,0.005681663751602173,0.0,0.0,0.0,0.0,0.9998786047101021,88
2025-08-25 23:00:00,SACSI Full,0.30143463338621773,0.005531758069992065,0.0,0.0,0.0,0.0,0.999887865781784,88
2025-08-26 00:00:00,SACSI Full,0.3010843349282773,0.0054104626178741455,0.0,0.0,0.0,0.0,0.9998905777931214,88
2025-08-26 01:00:00,SACSI Full,0.3007607505441538,0.004924684762954712,0.0,0.0,0.0,0.0,0.9998966485261918,88
2025-08-26 02:00:00,SACSI Full,0.30050049314904526,0.006922781467437744,0.0,0.0,0.0,0.0,0.9998415634036064,88
2025-08-26 03:00:00,SACSI Full,0.3002306692084503,0.0040528178215026855,0.0,0.0,0.0,0.0,0.9998902440071106,88
2025-08-26 04:00:00,SACSI Full,0.2999613896569443,0.004216134548187256,0.0,0.0,0.0,0.0,0.9999140441417694,88
2025-08-26 05:00:00,SACSI Full,0.30477263131308874,0.0028724968433380127,0.0,0.0,0.0,0.0,0.9999291136860847,88
2025-08-26 06:00:00,SACSI Full,0.3088615762600136,0.0031834840774536133,0.0,0.0,0.0,0.0,0.9999332204461098,88
2025-08-26 07:00:00,SACSI Full,0.30916657388933816,0.00199928879737854,0.0,0.0,0.0,0.0,0.9999481722712517,88
2025-08-26 08:00:00,SACSI Full,0.30858285406836194,0.0033840537071228027,0.0,0.0,0.0,0.0,0.9999184712767601,88
2025-08-26 09:00:00,SACSI Full,0.308217819468263,0.0029896199703216553,0.0,0.0,0.0,0.0,0.9999362632632255,88
2025-08-26 10:00:00,SACSI Full,0.3072912694200706,0.0025349855422973633,0.0,0.0,0.0,0.0,0.9999447539448738,88
2025-08-26 11:00:00,SACSI Full,0.30675838666049954,0.005635172128677368,0.0,0.0,0.0,0.0,0.9998562946915627,88
2025-08-26 12:00:00,SACSI Full,0.3058912228537432,0.005350857973098755,0.0,0.0,0.0,0.0,0.9998901396989823,88
2025-08-26 13:00:00,SACSI Full,0.30452361852574666,0.006218701601028442,0.0,0.0,0.0,0.0,0.9998669475317001,88
2025-08-26 14:00:00,SACSI Full,0.30304487034170147,0.006875544786453247,0.0,0.0,0.0,0.0,0.9998559206724167,88
2025-08-26 15:00:00,SACSI Full,0.30190493254828765,0.006518661975860596,0.0,0.0,0.0,0.0,0.9998660579323768,88
2025-08-26 16:00:00,SACSI Full,0.30095886866736726,0.005180835723876953,0.0,0.0,0.0,0.0,0.9998830050230026,88
2025-08-26 17:00:00,SACSI Full,0.30035282068101876,0.005185604095458984,0.0,0.0,0.0,0.0,0.999896240234375,88
2025-08-26 18:00:00,SACSI Full,0.3000349717538388,0.006645321846008301,0.0,0.0,0.0,0.0,0.9998524963855743,88
2025-08-26 19:00:00,SACSI Full,0.29981015455254234,0.009054839611053467,0.0,0.0,0.0,0.0,0.9997948080301284,88
2025-08-26 20:00:00,SACSI Full,0.2995225408435694,0.0072158873081207275,0.0,0.0,0.0,0.0,0.9998372927308082,88
2025-08-26 21:00:00,SACSI Full,0.29953423389760964,0.005507916212081909,0.0,0.0,0.0,0.0,0.9998727619647979,88
2025-08-26 22:00:00,SACSI Full,0.29918778987336464,0.006566792726516724,0.0,0.0,0.0,0.0,0.9998580753803253,88
2025-08-26 23:00:00,SACSI Full,0.3002553205928039,0.005259215831756592,0.0,0.0,0.0,0.0,0.9998817399144173,88
2025-08-27 00:00:00,SACSI Full,0.3033734730745188,0.003445744514465332,0.0,0.0,0.0,0.0,0.9999129503965378,88
2025-08-27 01:00:00,SACSI Full,0.3155479489994875,0.0033427774906158447,0.0,0.0,0.0,0.0,0.9999321147799491,88
2025-08-27 02:00:00,SACSI Full,0.32611442913063676,0.003944039344787598,0.0,0.0,0.0,0.0,-0.6115278064691131,88
2025-08-27 03:00:00,SACSI Full,0.32865350400535576,0.01272246241569519,0.0,0.0,0.0,0.0,-0.865692634014598,88
2025-08-27 04:00:00,SACSI Full,0.32882257875609705,0.0017224252223968506,0.0,0.0,0.0,0.0,-0.8824023244860852,88
2025-08-27 05:00:00,SACSI Full,0.3296470069464873,0.0068284571170806885,0.0,0.0,0.0,0.0,-0.9648883241100176,88
2025-08-27 06:00:00,SACSI Full,0.32974013514606465,0.004438459873199463,0.0,0.0,0.0,0.0,-0.9741261837763672,88
2025-08-27 07:00:00,SACSI Full,0.32980300577569316,0.0038611888885498047,0.0,0.0,0.0,0.0,-0.9803835740569327,88
2025-08-27 08:00:00,SACSI Full,0.3293581740515263,0.002550482749938965,0.0,0.0,0.0,0.0,-0.935881521869013,88
2025-08-27 09:00:00,SACSI Full,0.3287686522150865,0.001643449068069458,0.0,0.0,0.0,0.0,-0.8769071608268293,88
2025-08-27 10:00:00,SACSI Full,0.3277829196875126,0.0017802417278289795,0.0,0.0,0.0,0.0,-0.7783289415124143,88
2025-08-27 11:00:00,SACSI Full,0.32665632217574425,0.0020207464694976807,0.0,0.0,0.0,0.0,-0.6656750375512311,88
2025-08-27 12:00:00,SACSI Full,0.32524729086407334,0.0022906064987182617,0.0,0.0,0.0,0.0,-0.5247775971375994,88
2025-08-27 13:00:00,SACSI Full,0.32489776538698184,0.0031423568725585938,0.0,0.0,0.0,0.0,-0.489847903339373,88
2025-08-27 14:00:00,SACSI Full,0.32429693131137205,0.002249777317047119,0.0,0.0,0.0,0.0,-0.4297470524791004,88
2025-08-27 15:00:00,SACSI Full,0.32319851116744985,0.001973956823348999,0.0,0.0,0.0,0.0,-0.31989335408638864,88
2025-08-27 16:00:00,SACSI Full,0.3223561639071337,0.0022958219051361084,0.0,0.0,0.0,0.0,-0.23566552580228742,88
2025-08-27 17:00:00,SACSI Full,0.3228524973973464,0.0019000470638275146,0.0,0.0,0.0,0.0,-0.2852916984243284,88
2025-08-27 18:00:00,SACSI Full,0.3236061390774281,0.0025925040245056152,0.0,0.0,0.0,0.0,-0.3606726823929041,88
2025-08-27 19:00:00,SACSI Full,0.32347181123264934,0.002201646566390991,0.0,0.0,0.0,0.0,-0.34722906477084253,88
2025-08-27 20:00:00,SACSI Full,0.3233349899268976,0.0014536082744598389,0.0,0.0,0.0,0.0,-0.3335355452381654,88
2025-08-27 21:00:00,SACSI Full,0.32319793914326334,0.0013847649097442627,0.0,0.0,0.0,0.0,-0.3198222980581749,88
2025-08-27 22:00:00,SACSI Full,0.32306097379295334,0.0014103949069976807,0.0,0.0,0.0,0.0,-0.3061258434934461,88
2025-08-27 23:00:00,SACSI Full,0.32292413013545973,0.0014469027519226074,0.0,0.0,0.0,0.0,-0.2924423166794601,88
2025-08-28 00:00:00,SACSI Full,0.32306594841011665,0.0020454823970794678,0.0,0.0,0.0,0.0,-0.3066417364560579,88
2025-08-28 01:00:00,SACSI Full,0.3235169300692112,0.0032944977283477783,0.0,0.0,0.0,0.0,-0.35177138702899624,88
2025-08-28 02:00:00,SACSI Full,0.32466456873743044,0.003791600465774536,0.0,0.0,0.0,0.0,-0.4665376767797328,88
2025-08-28 03:00:00,SACSI Full,0.34156679718343713,0.004668533802032471,0.0,0.0,0.0,0.0,-2.1567818583531158,88
2025-08-28 04:00:00,SACSI Full,0.34137901983269353,0.003166794776916504,0.0,0.0,0.0,0.0,-2.137980336555142,88
2025-08-28 05:00:00,SACSI Full,0.34187234638699193,0.007497966289520264,0.0,0.0,0.0,0.0,-2.1874279097401086,88
2025-08-28 06:00:00,SACSI Full,0.34163368103989267,0.00490039587020874,0.0,0.0,0.0,0.0,-2.163492087610863,88
2025-08-28 07:00:00,SACSI Full,0.3429934714636038,0.026937127113342285,0.0,0.0,0.0,0.0,-2.300106256215079,88
2025-08-28 08:00:00,SACSI Full,0.34355717860150636,0.005112141370773315,0.0,0.0,0.0,0.0,-2.3560383528354767,88
2025-08-28 09:00:00,SACSI Full,0.34308180232453644,0.0038871169090270996,0.0,0.0,0.0,0.0,-2.3082702250364417,88
2025-08-28 10:00:00,SACSI Full,0.34223839868474304,0.003978908061981201,0.0,0.0,0.0,0.0,-2.223920364547072,88
2025-08-28 11:00:00,SACSI Full,0.3409185565861891,0.003547370433807373,0.0,0.0,0.0,0.0,-2.0919309214038653,88
2025-08-28 12:00:00,SACSI Full,0.3404910445889662,0.005246400833129883,0.0,0.0,0.0,0.0,-2.049226377217272,88
2025-08-28 13:00:00,SACSI Full,0.3434360995762378,0.015016496181488037,0.0,0.0,0.0,0.0,-2.34400798850089,88
2025-08-28 14:00:00,SACSI Full,0.3439737990682155,0.007809847593307495,0.0,0.0,0.0,0.0,-2.3976081702592986,88
2025-08-28 15:00:00,SACSI Full,0.3446465397867392,0.007822215557098389,0.0,0.0,0.0,0.0,-2.4648105466647,88
2025-08-28 16:00:00,SACSI Full,0.3473983541664313,0.02104431390762329,0.0,0.0,0.0,0.0,-2.7403885239047847,88
2025-08-28 17:00:00,SACSI Full,0.35112384148247516,0.06560757756233215,0.0,0.037461382749171435,0.0,0.0,-3.1141419324353095,88
2025-08-28 18:00:00,SACSI Full,0.35108185293621547,0.008465200662612915,0.0,0.03606176454051564,0.0,0.0,-3.1089260214037955,88
2025-08-28 19:00:00,SACSI Full,0.3507937708668714,0.00803440809249878,0.0,0.026459028895713745,0.0,0.0,-3.0795420827746915,88
2025-08-28 20:00:00,SACSI Full,0.35040767292113356,0.008259713649749756,0.0,0.01358909737111702,-1.4210854715202004e-14,0.0,-3.040934739441923,88
2025-08-28 21:00:00,SACSI Full,0.35008588638268034,0.008326917886734009,0.0,0.0028628794226790433,0.0,0.0,-3.008755848668138,88
2025-08-28 22:00:00,SACSI Full,0.34976987327855946,0.00719606876373291,0.0,0.0,0.0,0.0,-2.97714255772245,88
2025-08-28 23:00:00,SACSI Full,0.34949135871531684,0.00994563102722168,0.0,0.0,0.0,0.0,-2.949362279774862,88
2025-08-29 00:00:00,SACSI Full,0.3501650460699986,0.018107742071151733,0.0,0.005501535666620328,0.0,0.0,-3.0169483829517216,88
2025-08-29 01:00:00,SACSI Full,0.35139272267256294,0.025227069854736328,0.0,0.04642408908543132,0.0,0.0,-3.139848001931224,88
2025-08-29 02:00:00,SACSI Full,0.352017794671006,0.014281421899795532,0.0,0.06725982236686719,0.0,0.0,-3.202174552018147,88
2025-08-29 03:00:00,SACSI Full,0.35290808164901766,0.0320221483707428,0.0,0.09693605496725582,0.0,0.0,-3.2916260151338896,88
2025-08-29 04:00:00,SACSI Full,0.35339629703271896,0.019174516201019287,0.0,0.11320990109063161,0.0,0.0,-3.3401416699176134,88
2025-08-29 05:00:00,SACSI Full,0.35546494250716426,0.062258392572402954,0.0,0.1821647502388089,0.0,0.0,-3.5481702573315874,88
2025-08-29 06:00:00,SACSI Full,0.3592640757979899,0.033542513847351074,0.0,0.30880252659966345,0.0,0.0,-3.927365588863188,88
2025-08-29 07:00:00,SACSI Full,0.36036968255954527,0.06233811378479004,0.0,0.34565608531817704,0.0,0.0,-4.038502974229596,88
2025-08-29 08:00:00,SACSI Full,0.3606984893904705,0.025258362293243408,0.0,0.35661631301568236,0.0,0.0,-4.07072490380783,88
2025-08-29 09:00:00,SACSI Full,0.3600203304512422,0.00906333327293396,0.0,0.33401101504140773,0.0,0.0,-4.002376262079882,88
2025-08-29 10:00:00,SACSI Full,0.35829171894804723,0.004307180643081665,0.0,0.2763906316015749,0.0,0.0,-3.8293055999438828,88
2025-08-29 11:00:00,SACSI Full,0.356380541710759,0.004831552505493164,0.0,0.2126847236919673,0.0,0.0,-3.638156045844634,88
2025-08-29 12:00:00,SACSI Full,0.3544805530268295,0.0043551623821258545,0.0,0.14935176756098373,0.0,0.0,-3.448147169831827,88
2025-08-29 13:00:00,SACSI Full,0.3555583170743892,0.016606450080871582,0.0,0.18527723581297267,0.0,0.0,-3.5562863493175216,88
2025-08-29 14:00:00,SACSI Full,0.35617308550084614,0.013200044631958008,0.0,0.20576951669487187,0.0,0.0,-3.6176066150317423,88
2025-08-29 15:00:00,SACSI Full,0.35561137769095585,0.00753358006477356,0.0,0.18704592303186163,0.0,0.0,-3.561345105342552,88
2025-08-29 16:00:00,SACSI Full,0.355692920567803,0.009726881980895996,0.0,0.1897640189267662,0.0,0.0,-3.5695085274390776,88
2025-08-29 17:00:00,SACSI Full,0.35507918080217754,0.004184097051620483,0.0,0.1693060267392511,0.0,0.0,-3.5080571900080786,88
2025-08-29 18:00:00,SACSI Full,0.35435632935208483,0.004855543375015259,0.0,0.14521097840282807,0.0,0.0,-3.4357367605392164,88
2025-08-29 19:00:00,SACSI Full,0.3546243493836141,0.028050988912582397,0.0,0.15414497945380248,0.0,0.0,-3.4632279125950354,88
2025-08-29 20:00:00,SACSI Full,0.35375309255632903,0.00822603702545166,0.0,0.12510308521096788,0.0,0.0,-3.3756720258922828,88
2025-08-29 21:00:00,SACSI Full,0.3529665836334808,0.007433444261550903,0.0,0.09888612111602697,0.0,0.0,-3.296814958160952,88
2025-08-29 22:00:00,SACSI Full,0.3523094104433581,0.007328391075134277,0.0,0.07698034811193821,1.4210854715202004e-14,0.0,-3.231088662689178,88
2025-08-29 23:00:00,SACSI Full,0.351716483380603,0.006837993860244751,0.0,0.057216112686768385,0.0,0.0,-3.1717900019096548,88
2025-08-30 00:00:00,SACSI Full,0.3511581827440923,0.00711590051651001,0.0,0.038606091469742414,0.0,0.0,-3.11596337148612,88
2025-08-30 01:00:00,SACSI Full,0.35090996259537915,0.008866041898727417,0.0,0.03033208651263948,0.0,0.0,-3.0911910817897117,88
2025-08-30 02:00:00,SACSI Full,0.35084362398488145,0.010219216346740723,0.0,0.028120799496048222,0.0,0.0,-3.084580314559559,88
2025-08-30 03:00:00,SACSI Full,0.3507014401445045,0.008226186037063599,0.0,0.023381338150149134,0.0,0.0,-3.070328468474287,88
2025-08-30 04:00:00,SACSI Full,0.3502694634445835,0.0068891048431396484,0.0,0.00898211481944884,0.0,0.0,-3.02709749736715,88
2025-08-30 05:00:00,SACSI Full,0.34989484354260847,0.006614029407501221,0.0,0.0,0.0,0.0,-2.9896193856033526,88
2025-08-30 06:00:00,SACSI Full,0.34949061278108046,0.006230771541595459,0.0,0.0,0.0,0.0,-2.949189726117536,88
2025-08-30 07:00:00,SACSI Full,0.35058784013321953,0.010262876749038696,0.0,0.019594671107317652,0.0,0.0,-3.059029591909008,88
2025-08-30 08:00:00,SACSI Full,0.34977737516612767,0.0033605098724365234,0.0,0.0,0.0,0.0,-2.977873750478981,88
2025-08-30 09:00:00,SACSI Full,0.3486799196240401,0.0022633373737335205,0.0,0.0,0.0,0.0,-2.868048200876472,88
2025-08-30 10:00:00,SACSI Full,0.3476110234162307,0.0023311376571655273,0.0,0.0,0.0,0.0,-2.761149642379045,88
2025-08-30 11:00:00,SACSI Full,0.34634592275431714,0.002969801425933838,0.0,0.0,0.0,0.0,-2.6346580580979193,88
2025-08-30 12:00:00,SACSI Full,0.3456543414136863,0.0025255978107452393,0.0,0.0,0.0,0.0,-2.5654890953609946,88
2025-08-30 13:00:00,SACSI Full,0.3451112395506199,0.004569441080093384,0.0,0.0,0.0,0.0,-2.5112357823162843,88
2025-08-30 14:00:00,SACSI Full,0.3435043711142834,0.0024394690990448,0.0,0.0,0.0,0.0,-2.3505072005301297,88
2025-08-30 15:00:00,SACSI Full,0.34212296284726224,0.0020775198936462402,0.0,0.0,0.0,0.0,-2.21234145461615,88
2025-08-30 16:00:00,SACSI Full,0.3414440085249241,0.0023137032985687256,0.0,0.0,0.0,0.0,-2.1444494883924325,88
2025-08-30 17:00:00,SACSI Full,0.3411369777223563,0.003390759229660034,0.0,0.0,0.0,0.0,-2.113776357979533,88
2025-08-30 18:00:00,SACSI Full,0.340701144312729,0.005249977111816406,0.0,0.0,0.0,0.0,-2.070238022993959,88
2025-08-30 19:00:00,SACSI Full,0.3422095617696738,0.012025237083435059,0.0,0.0,0.0,0.0,-2.2212644343087664,88
2025-08-30 20:00:00,SACSI Full,0.34292838387222047,0.009146630764007568,0.0,0.0,0.0,0.0,-2.293050105900521,88
2025-08-30 21:00:00,SACSI Full,0.34407315353603124,0.019930899143218994,0.0,0.0,0.0,0.0,-2.40782181426978,88
2025-08-30 22:00:00,SACSI Full,0.34387161320736964,0.007537901401519775,0.0,0.0,0.0,0.0,-2.387436008742411,88
2025-08-30 23:00:00,SACSI Full,0.3436920627877212,0.005634874105453491,0.0,0.0,0.0,0.0,-2.3693380065271876,88
2025-08-31 00:00:00,SACSI Full,0.3455934301437036,0.02991020679473877,0.0,0.0,0.0,0.0,-2.5601839718331454,88
2025-08-31 01:00:00,SACSI Full,0.3457041119111673,0.009704530239105225,0.0,0.0,0.0,0.0,-2.5708073384870667,88
2025-08-31 02:00:00,SACSI Full,0.345854577329665,0.004639625549316406,0.0,0.0,0.0,0.0,-2.5856011745243848,88
2025-08-31 03:00:00,SACSI Full,0.3494530121705031,0.056030452251434326,0.0,0.0,0.0,0.0,-2.9469357343623614,88
2025-08-31 04:00:00,SACSI Full,0.35096935524151585,0.055214762687683105,0.0,0.03231184138386141,0.0,0.0,-3.098047976300975,88
2025-08-31 05:00:00,SACSI Full,0.3516623904939222,0.014323592185974121,0.0,0.055413016464072484,0.0,0.0,-3.1669344329409532,88
2025-08-31 06:00:00,SACSI Full,0.35133058639750425,0.004311650991439819,0.0,0.04435287991680923,0.0,0.0,-3.1332449921821985,88
2025-08-31 07:00:00,SACSI Full,0.36448951225196313,0.007161498069763184,0.0,0.4829837417321045,0.0,0.0,-4.449122953628491,88
2025-08-31 08:00:00,SACSI Full,0.37772760826320945,0.014682412147521973,0.0,0.9242536087736468,-1.4210854715202004e-14,0.0,-5.7731296837046715,88
2025-08-31 09:00:00,SACSI Full,0.37634811203692703,0.03442153334617615,0.0,0.8782704012308997,0.0,0.0,-5.635697025571613,88
2025-08-31 10:00:00,SACSI Full,0.3746327794463725,0.018992871046066284,0.0,0.8210926482124166,0.0,0.0,-5.463812088681174,88
2025-08-31 11:00:00,SACSI Full,0.37532850281637525,0.06550043821334839,0.0,0.8442834272125097,1.4210854715202004e-14,0.0,-5.534625366073464,88
2025-08-31 12:00:00,SACSI Full,0.37256663698317066,0.010661482810974121,0.0,0.7522212327723552,0.0,0.0,-5.25742531752731,88
2025-08-31 13:00:00,SACSI Full,0.37302986973823415,0.029632151126861572,0.0,0.7676623246078066,0.0,0.0,-5.303769323529111,88
2025-08-31 14:00:00,SACSI Full,0.37058905532987096,0.00905752182006836,0.0,0.686301844329033,0.0,0.0,-5.059292429716565,88
2025-08-31 15:00:00,SACSI Full,0.3684434224981473,0.009090900421142578,0.0,0.6147807499382438,0.0,0.0,-4.844524401609165,88
2025-08-31 16:00:00,SACSI Full,0.3672539604749447,0.013793408870697021,0.0,0.5751320158314898,0.0,0.0,-4.725718940756377,88
2025-08-31 17:00:00,SACSI Full,0.36543205676825335,0.020830780267715454,0.0,0.5144018922751116,0.0,0.0,-4.5436926661446595,88
2025-08-31 18:00:00,SACSI Full,0.36432021151618504,0.028786808252334595,0.0,0.47734038387283423,0.0,0.0,-4.432676448063396,88
2025-08-31 19:00:00,SACSI Full,0.36275743097206664,0.032913535833358765,0.0,0.42524769906888765,0.0,0.0,-4.276442635199141,88
2025-08-31 20:00:00,SACSI Full,0.36157757426649967,0.033962130546569824,0.0,0.38591914221665463,0.0,0.0,-4.158447155208029,88
2025-08-31 21:00:00,SACSI Full,0.3612690252739546,0.059569478034973145,0.0,0.37563417579848707,0.0,0.0,-4.128349990431044,88
2025-08-31 22:00:00,SACSI Full,0.3603194569197617,0.03561139106750488,0.0,0.34398189732538925,0.0,0.0,-4.032897500667194,88
2025-08-31 23:00:00,SACSI Full,0.3594785416542878,0.04017680883407593,0.0,0.3159513884762575,0.0,0.0,-3.9487033557831244,88
2025-09-01 00:00:00,SACSI Full,0.36463783541900424,0.06971597671508789,0.0,0.48792784730014066,0.0,0.0,-4.465473253113535,88
2025-09-01 01:00:00,SACSI Full,0.36650217693432424,0.15187501907348633,0.0,0.5500725644774747,0.0,0.0,-4.6540767842374775,88
2025-09-01 02:00:00,SACSI Full,0.3650469377016805,0.015992820262908936,0.0,0.5015645900560174,0.0,0.0,-4.506372448561414,88
2025-09-01 03:00:00,SACSI Full,0.3790360429062649,0.007099658250808716,0.0,0.9678680968754961,0.0,0.0,-5.903835215411628,88
2025-09-01 04:00:00,SACSI Full,0.38255091343649067,0.1819916069507599,0.0,1.0850304478830226,0.0,0.0,-6.260480095275081,88
2025-09-01 05:00:00,SACSI Full,0.3843220099573836,0.21789595484733582,0.0,1.144066998579453,0.0,0.0,-6.43691795831427,88
2025-09-01 06:00:00,SACSI Full,0.3898375527014886,0.05058124661445618,0.0,1.327918423382954,0.0,0.0,-6.98644004216348,88
2025-09-01 07:00:00,SACSI Full,0.3886579677618642,0.2027234435081482,0.0,1.2885989253954735,0.0,0.0,-6.871372667025517,88
2025-09-01 08:00:00,SACSI Full,0.3908048278901368,0.18921896815299988,0.0,1.360160929671227,0.0,0.0,-7.084402213130292,88
2025-09-01 09:00:00,SACSI Full,0.40064638165879757,0.059678852558135986,0.0,1.6882127219599186,0.0,0.0,-8.067127144086868,88
2025-09-01 10:00:00,SACSI Full,0.40998741282875995,0.03788977861404419,0.0,1.9995804276253324,0.0,0.0,-8.999716969187714,88
2025-09-01 11:00:00,SACSI Full,0.40575822155275043,0.10885000228881836,0.0,1.8586073850916804,-1.4210854715202004e-14,0.0,-8.578708757557568,88
2025-09-01 12:00:00,SACSI Full,0.4008431601284572,0.02425357699394226,0.0,1.6947720042819086,0.0,0.0,-8.08564704863855,88
2025-09-01 13:00:00,SACSI Full,0.395282769243833,0.01330837607383728,0.0,1.5094256414610996,0.0,0.0,-7.528652543913975,88
2025-09-01 14:00:00,SACSI Full,0.38978444780717775,0.008151829242706299,0.0,1.3261482602392591,0.0,0.0,-6.97865938277094,88
2025-09-01 15:00:00,SACSI Full,0.38506279910394986,0.007265359163284302,0.0,1.1687599701316616,0.0,0.0,-6.5064340822790445,88
2025-09-01 16:00:00,SACSI Full,0.381054756465579,0.011245757341384888,0.0,1.035158548852634,0.0,0.0,-6.1057403656865095,88
2025-09-01 17:00:00,SACSI Full,0.3776228700409755,0.027196407318115234,0.0,0.9207623346991824,0.0,0.0,-5.762990438743679,88
2025-09-01 18:00:00,SACSI Full,0.3754489731495164,0.08963003754615784,0.0,0.8482991049838802,0.0,0.0,-5.547314252004845,88
2025-09-01 19:00:00,SACSI Full,0.37284076508884867,0.03839641809463501,0.0,0.7613588362949557,0.0,0.0,-5.285356773441275,88
2025-09-01 20:00:00,SACSI Full,0.3704664587067834,0.046423375606536865,0.0,0.6822152902261138,0.0,0.0,-5.0476546077655895,88
2025-09-01 21:00:00,SACSI Full,0.3682974652981107,0.03571748733520508,0.0,0.6099155099370237,0.0,0.0,-4.8305679384404865,88
2025-09-01 22:00:00,SACSI Full,0.36631189681476456,0.024559348821640015,0.0,0.5437298938254855,0.0,0.0,-4.631792449838024,88
2025-09-01 23:00:00,SACSI Full,0.3645652571346709,0.029516667127609253,0.0,0.4855085711556981,0.0,0.0,-4.457165619992703,88
2025-09-02 00:00:00,SACSI Full,0.36298306667658825,0.026111751794815063,0.0,0.4327688892196093,0.0,0.0,-4.298862951848049,88
2025-09-02 01:00:00,SACSI Full,0.36156054768049545,0.026595890522003174,0.0,0.38535158934984826,0.0,0.0,-4.156591527247255,88
2025-09-02 02:00:00,SACSI Full,0.3606250974063023,0.033034831285476685,0.0,0.3541699135434101,0.0,0.0,-4.063234826663572,88
2025-09-02 03:00:00,SACSI Full,0.3608407681547353,0.07706016302108765,0.0,0.3613589384911777,0.0,0.0,-4.086058272051308,88
2025-09-02 04:00:00,SACSI Full,0.3603109260556772,0.03574490547180176,0.0,0.34369753518924,0.0,0.0,-4.03222065625265,88
2025-09-02 05:00:00,SACSI Full,0.3598822744069405,0.0433136522769928,0.0,0.3294091468980156,0.0,0.0,-3.9891694012076395,88
2025-09-02 06:00:00,SACSI Full,0.3594559246372498,0.03829255700111389,0.0,0.3151974879083255,0.0,0.0,-3.9464085258177595,88
2025-09-02 07:00:00,SACSI Full,0.35927752711886013,0.049231648445129395,0.0,0.3092509039620055,0.0,0.0,-3.928846735769355,88
2025-09-02 08:00:00,SACSI Full,0.35797886612183316,0.00586390495300293,0.0,0.26596220406110405,-1.4210854715202004e-14,0.0,-3.798437567717297,88
2025-09-02 09:00:00,SACSI Full,0.36633196751671854,0.05432933568954468,0.0,0.5443989172239497,0.0,0.0,-4.6347679926930105,88
2025-09-02 10:00:00,SACSI Full,0.3729575210993095,0.11441677808761597,0.0,0.7652507033103163,0.0,0.0,-5.298641319916685,88
2025-09-02 11:00:00,SACSI Full,0.36998913301616343,0.00728800892829895,0.0,0.6663044338721136,0.0,0.0,-5.0001303494865015,88
2025-09-02 12:00:00,SACSI Full,0.3670439420482167,0.007574111223220825,0.0,0.568131401607225,0.0,0.0,-4.704548548069085,88
2025-09-02 13:00:00,SACSI Full,0.36429254243820747,0.00799819827079773,0.0,0.47641808127358165,0.0,0.0,-4.429418448656638,88
2025-09-02 14:00:00,SACSI Full,0.3619849547283337,0.004722177982330322,0.0,0.39949849094445683,0.0,0.0,-4.1986226765959005,88
2025-09-02 15:00:00,SACSI Full,0.36326933971719316,0.03162682056427002,0.0,0.44231132390643924,0.0,0.0,-4.32783555455642,88
2025-09-02 16:00:00,SACSI Full,0.3617656713957462,0.011088550090789795,0.0,0.3921890465248737,0.0,0.0,-4.176994293281172,88
2025-09-02 17:00:00,SACSI Full,0.3604750737254804,0.01498982310295105,0.0,0.34916912418268,0.0,0.0,-4.047846181740218,88
2025-09-02 18:00:00,SACSI Full,0.3592585722790646,0.028668642044067383,0.0,0.3086190759688194,0.0,0.0,-3.926567388936752,88
2025-09-02 19:00:00,SACSI Full,0.35819184888695066,0.021044611930847168,0.0,0.2730616295650222,0.0,0.0,-3.819682021234814,88
2025-09-02 20:00:00,SACSI Full,0.35795022678054317,0.04352092742919922,0.0,0.26500755935144016,0.0,0.0,-3.7961178597578837,88
2025-09-02 21:00:00,SACSI Full,0.3573591223659242,0.01897275447845459,0.0,0.24530407886414027,0.0,0.0,-3.736537173411497,88
2025-09-02 22:00:00,SACSI Full,0.3565252072759382,0.009832382202148438,0.0,0.21750690919794097,0.0,0.0,-3.6528087789606283,88
2025-09-02 23:00:00,SACSI Full,0.3564276036788147,0.027472376823425293,0.0,0.21425345596048972,0.0,0.0,-3.6434862153641516,88
2025-09-03 00:00:00,SACSI Full,0.3556490641950179,0.014240294694900513,0.0,0.18830213983393096,0.0,0.0,-3.5653235462169732,88
2025-09-03 01:00:00,SACSI Full,0.3549541755992123,0.007672607898712158,0.0,0.1651391866404083,0.0,0.0,-3.4956366889471626,88
2025-09-03 02:00:00,SACSI Full,0.35432139531784784,0.00521242618560791,0.0,0.14404651059492865,0.0,0.0,-3.432268382125627,88
2025-09-03 03:00:00,SACSI Full,0.3543640287193078,0.009257644414901733,0.0,0.14546762397692561,0.0,0.0,-3.436628477001368,88
2025-09-03 04:00:00,SACSI Full,0.35723446733716885,0.15328049659729004,0.0,0.24114891123896173,0.0,0.0,-3.7279525721706537,88
2025-09-03 05:00:00,SACSI Full,0.3645983171530106,0.02976551651954651,0.0,0.4866105717670195,0.0,0.0,-4.461662175432229,88
2025-09-03 06:00:00,SACSI Full,0.3633432933004681,0.019269287586212158,0.0,0.4447764433489383,0.0,0.0,-4.334819678087867,88
2025-09-03 07:00:00,SACSI Full,0.3621118123052106,0.010782778263092041,0.0,0.4037270768403531,0.0,0.0,-4.211481751179553,88
2025-09-03 08:00:00,SACSI Full,0.36354773257210127,0.0928671658039093,0.0,0.4515910857367089,0.0,0.0,-4.357451444401612,88
2025-09-03 09:00:00,SACSI Full,0.36772177145654805,0.12993738055229187,0.0,0.590725715218268,0.0,0.0,-4.775146595413334,88
2025-09-03 10:00:00,SACSI Full,0.3698633376587765,0.10008111596107483,0.0,0.6621112552925497,0.0,0.0,-4.988633950842782,88
2025-09-03 11:00:00,SACSI Full,0.37339616784477264,0.09472131729125977,0.0,0.7798722614924216,1.4210854715202004e-14,0.0,-5.341564808809786,88
2025-09-03 12:00:00,SACSI Full,0.3711501441889765,0.011697709560394287,0.0,0.7050048062992176,0.0,0.0,-5.116078609166167,88
2025-09-03 13:00:00,SACSI Full,0.36993475656179453,0.01437559723854065,0.0,0.6644918853931501,0.0,0.0,-4.993789947001005,88
2025-09-03 14:00:00,SACSI Full,0.3672946563402521,0.007458478212356567,0.0,0.576488544675071,0.0,0.0,-4.729683974779719,88
2025-09-03 15:00:00,SACSI Full,0.3650431706962324,0.006493330001831055,0.0,0.501439023207746,0.0,0.0,-4.504456587705379,88
2025-09-03 16:00:00,SACSI Full,0.3631952933834794,0.006479918956756592,0.0,0.4398431127826456,0.0,0.0,-4.319659070837524,88
2025-09-03 17:00:00,SACSI Full,0.3620439231995466,0.009053051471710205,0.0,0.4014641066515523,0.0,0.0,-4.204599112309243,88
2025-09-03 18:00:00,SACSI Full,0.3606619859541407,0.008818358182907104,0.0,0.35539953180468875,0.0,0.0,-4.066377309510613,88
2025-09-03 19:00:00,SACSI Full,0.35947586927768144,0.011027306318283081,0.0,0.3158623092560475,0.0,0.0,-3.9478295633758624,88
2025-09-03 20:00:00,SACSI Full,0.3584136084345271,0.01277536153793335,0.0,0.28045361448423595,0.0,0.0,-3.841633831235662,88
2025-09-03 21:00:00,SACSI Full,0.3574416409071049,0.0074644386768341064,0.0,0.24805469690349613,0.0,0.0,-3.7443664887126364,88
2025-09-03 22:00:00,SACSI Full,0.3565666488501812,0.0073906779289245605,0.0,0.2188882950060389,0.0,0.0,-3.656813436184176,88
2025-09-03 23:00:00,SACSI Full,0.35577418988895876,0.005735307931900024,0.0,0.19247299629862483,0.0,0.0,-3.5775502487544837,88
2025-09-04 00:00:00,SACSI Full,0.35506762199669295,0.007950365543365479,0.0,0.16892073322309928,0.0,0.0,-3.5069433575562767,88
2025-09-04 01:00:00,SACSI Full,0.3544304408676852,0.007527023553848267,0.0,0.14768136225617354,0.0,0.0,-3.4431988606594928,88
2025-09-04 02:00:00,SACSI Full,0.35385484102506304,0.006814748048782349,0.0,0.12849470083543366,0.0,0.0,-3.385627520222329,88
2025-09-04 03:00:00,SACSI Full,0.35335411259071997,0.012585222721099854,0.0,0.11180375302400024,0.0,0.0,-3.3357206682731415,88
2025-09-04 04:00:00,SACSI Full,0.3529013241966096,0.011874288320541382,0.0,0.09671080655365359,0.0,0.0,-3.290377014771374,88
2025-09-04 05:00:00,SACSI Full,0.3531370929784352,0.026300400495529175,0.0,0.10456976594784068,0.0,0.0,-3.3143795669751803,88
2025-09-04 06:00:00,SACSI Full,0.3526758582773305,0.010324865579605103,0.0,0.08919527591101684,0.0,0.0,-3.267952080393801,88
2025-09-04 07:00:00,SACSI Full,0.35303619524107843,0.011307597160339355,0.0,0.10120650803594772,0.0,0.0,-3.303855503366857,88
2025-09-04 08:00:00,SACSI Full,0.3521344968287928,0.004640370607376099,0.0,0.07114989429309163,0.0,0.0,-3.213609162556954,88
2025-09-04 09:00:00,SACSI Full,0.35099022773606625,0.004226863384246826,0.0,0.03300759120220818,0.0,0.0,-3.0991114459465408,88
2025-09-04 10:00:00,SACSI Full,0.3506902285637532,0.007007867097854614,0.0,0.023007618791773154,-1.4210854715202004e-14,0.0,-3.069190823754413,88
2025-09-04 11:00:00,SACSI Full,0.3526834767897792,0.012423694133758545,0.0,0.08944922632597213,0.0,0.0,-3.268650311130952,88
2025-09-04 12:00:00,SACSI Full,0.360552239650476,0.0948701798915863,0.0,0.3517413216825347,0.0,0.0,-4.05794583350301,88
2025-09-04 13:00:00,SACSI Full,0.35854476081787473,0.0075817108154296875,0.0,0.2848253605958235,0.0,0.0,-3.8555006006945427,88
2025-09-04 14:00:00,SACSI Full,0.35648036275713674,0.004692673683166504,0.0,0.2160120919045582,0.0,0.0,-3.6481590195586593,88
2025-09-04 15:00:00,SACSI Full,0.35479950528343646,0.004226267337799072,0.0,0.159983509447882,0.0,0.0,-3.4800397177538547,88
2025-09-04 16:00:00,SACSI Full,0.35356783079564685,0.004425346851348877,0.0,0.118927693188229,0.0,0.0,-3.356873577296847,88
2025-09-04 17:00:00,SACSI Full,0.353092406259955,0.004952847957611084,0.0,0.10308020866516757,0.0,0.0,-3.309344957965717,88
2025-09-04 18:00:00,SACSI Full,0.35259671845678786,0.005850940942764282,0.0,0.08655728189292802,0.0,0.0,-3.2597978454274923,88
2025-09-04 19:00:00,SACSI Full,0.35218993382100133,0.010462403297424316,0.0,0.07299779403337824,0.0,0.0,-3.2192487447896276,88
2025-09-04 20:00:00,SACSI Full,0.35178987755743146,0.016145706176757812,0.0,0.05966258524771604,0.0,0.0,-3.179367502895474,88
2025-09-04 21:00:00,SACSI Full,0.35144848505205645,0.013865083456039429,0.0,0.048282835068548025,0.0,0.0,-3.145148613101972,88
2025-09-04 22:00:00,SACSI Full,0.3511358892838961,0.012084245681762695,0.0,0.03786297612986971,0.0,0.0,-3.113848421680988,88
2025-09-04 23:00:00,SACSI Full,0.35085784773929174,0.013182461261749268,0.0,0.028594924643057597,0.0,0.0,-3.086059405310208,88
2025-09-05 00:00:00,SACSI Full,0.3505997040910416,0.010547041893005371,0.0,0.019990136368052448,0.0,0.0,-3.060207704135704,88
2025-09-05 01:00:00,SACSI Full,0.350391416579982,0.01006096601486206,0.0,0.013047219332733562,0.0,0.0,-3.0393477380772795,88
2025-09-05 02:00:00,SACSI Full,0.3552406737640801,0.06346628069877625,0.0,0.17468912546933668,0.0,0.0,-3.525870755168822,88
2025-09-05 03:00:00,SACSI Full,0.36486638285642586,0.017258822917938232,0.0,0.49554609521419624,0.0,0.0,-4.487445536678753,88
2025-09-05 04:00:00,SACSI Full,0.36361991715126385,0.02255752682685852,0.0,0.45399723837546163,0.0,0.0,-4.36249585270201,88
2025-09-05 05:00:00,SACSI Full,0.366474451280473,0.14800861477851868,0.0,0.5491483760157664,0.0,0.0,-4.6516598112223875,88
2025-09-05 06:00:00,SACSI Full,0.3684345412013873,0.16201168298721313,0.0,0.6144847067129107,0.0,0.0,-4.846834384480561,88
2025-09-05 07:00:00,SACSI Full,0.38383092242317896,0.014611780643463135,0.0,1.1276974141059655,0.0,0.0,-6.384858476954202,88
2025-09-05 08:00:00,SACSI Full,0.3930769351098314,0.037201642990112305,0.0,1.43589783699438,0.0,0.0,-7.308663442466406,88
2025-09-05 09:00:00,SACSI Full,0.38848777115703,0.0186765193939209,0.0,1.2829257052343324,0.0,0.0,-6.849335897326838,88
2025-09-05 10:00:00,SACSI Full,0.3842773502076897,0.01095205545425415,0.0,1.142578340256324,0.0,0.0,-6.428031306517453,88
2025-09-05 11:00:00,SACSI Full,0.3811625374498278,0.0273074209690094,0.0,1.0387512483275942,0.0,0.0,-6.116963447057307,88
2025-09-05 12:00:00,SACSI Full,0.3785068535130897,0.019023269414901733,0.0,0.9502284504363246,0.0,0.0,-5.85114865821281,88
2025-09-05 13:00:00,SACSI Full,0.37528910179558506,0.00914454460144043,0.0,0.8429700598528357,0.0,0.0,-5.5291918576986685,88
2025-09-05 14:00:00,SACSI Full,0.3724947197892348,0.009009391069412231,0.0,0.7498239929744941,0.0,0.0,-5.249653518280189,88
2025-09-05 15:00:00,SACSI Full,0.36978057122463703,0.008607804775238037,0.0,0.6593523741545682,0.0,0.0,-4.978233294422149,88
2025-09-05 16:00:00,SACSI Full,0.3671595515446191,0.006679147481918335,0.0,0.571985051487303,0.0,0.0,-4.716108023984481,88
2025-09-05 17:00:00,SACSI Full,0.3667146392370753,0.042680948972702026,0.0,0.557154641235843,0.0,0.0,-4.672677560701892,88
2025-09-05 18:00:00,SACSI Full,0.36603311389006604,0.10647952556610107,0.0,0.5344371296688692,0.0,0.0,-4.606078965283859,88
2025-09-05 19:00:00,SACSI Full,0.36437465034923644,0.049615949392318726,0.0,0.479155011641214,0.0,0.0,-4.439025989673227,88
2025-09-05 20:00:00,SACSI Full,0.3628421306556614,0.01081511378288269,0.0,0.4280710218553807,0.0,0.0,-4.284817376197892,88
2025-09-05 21:00:00,SACSI Full,0.3620767355246084,0.023939311504364014,0.0,0.40255785082027845,0.0,0.0,-4.208283580668141,88
2025-09-05 22:00:00,SACSI Full,0.3607487496063772,0.010895878076553345,0.0,0.3582916535459063,0.0,0.0,-4.075223312533529,88
2025-09-05 23:00:00,SACSI Full,0.35956223833206263,0.013787895441055298,0.0,0.31874127773542116,0.0,0.0,-3.956528511288729,88
2025-09-06 00:00:00,SACSI Full,0.3584810422419575,0.009342581033706665,0.0,0.28270140806524896,0.0,0.0,-3.848335528960495,88
2025-09-06 01:00:00,SACSI Full,0.35749906574431656,0.006375908851623535,0.0,0.24996885814388606,0.0,0.0,-3.7500637593305086,88
2025-09-06 02:00:00,SACSI Full,0.35790774305746204,0.054194629192352295,0.0,0.26359143524873335,0.0,0.0,-3.7923363855334573,88
2025-09-06 03:00:00,SACSI Full,0.35827724487428586,0.06325870752334595,0.0,0.27590816247619615,0.0,0.0,-3.8290803023623625,88
2025-09-06 04:00:00,SACSI Full,0.36090245737854887,0.11047899723052979,0.0,0.36341524595162866,0.0,0.0,-4.092927520696568,88
2025-09-06 05:00:00,SACSI Full,0.3603544651375793,0.04025116562843323,0.0,0.34514883791930945,0.0,0.0,-4.036953815386519,88
2025-09-06 06:00:00,SACSI Full,0.36219031488918507,0.11659875512123108,0.0,0.40634382963950205,0.0,0.0,-4.222126939915859,88
2025-09-06 07:00:00,SACSI Full,0.3730991207742385,0.010612457990646362,0.0,0.7699706924746167,0.0,0.0,-5.31118418955497,88
2025-09-06 08:00:00,SACSI Full,0.3757270790037833,0.130956768989563,0.0,0.8575693001261115,0.0,0.0,-5.576530478868112,88
2025-09-06 09:00:00,SACSI Full,0.38840963809406664,0.05508899688720703,0.0,1.2803212698022208,0.0,0.0,-6.842824267065431,88
2025-09-06 10:00:00,SACSI Full,0.3863928434097401,0.08655637502670288,0.0,1.2130947803246699,0.0,0.0,-6.641330142255939,88
2025-09-06 11:00:00,SACSI Full,0.38316196032795,0.018633753061294556,0.0,1.1053986775983333,0.0,0.0,-6.3172479340758825,88
2025-09-06 12:00:00,SACSI Full,0.3786440829563679,0.007439553737640381,0.0,0.9548027652122641,0.0,0.0,-5.864669028704781,88
2025-09-06 13:00:00,SACSI Full,0.3755617817779072,0.009869039058685303,0.0,0.8520593925969067,-1.4210854715202004e-14,0.0,-5.556399853425106,88
2025-09-06 14:00:00,SACSI Full,0.3721047514093836,0.0057159364223480225,0.0,0.7368250469794518,0.0,0.0,-5.210630990693169,88
2025-09-06 15:00:00,SACSI Full,0.3694051393842327,0.006954371929168701,0.0,0.6468379794744238,0.0,0.0,-4.940665410216921,88
2025-09-06 16:00:00,SACSI Full,0.3670006260163451,0.006833523511886597,0.0,0.5666875338781694,0.0,0.0,-4.7002004805889195,88
2025-09-06 17:00:00,SACSI Full,0.3649314880789695,0.01297488808631897,0.0,0.49771626929898505,0.0,0.0,-4.493469719304422,88
2025-09-06 18:00:00,SACSI Full,0.3632530686588328,0.02324312925338745,0.0,0.44176895529442534,0.0,0.0,-4.325874410880015,88
2025-09-06 19:00:00,SACSI Full,0.36180326068001156,0.026499629020690918,0.0,0.3934420226670525,0.0,0.0,-4.180888625579242,88
2025-09-06 20:00:00,SACSI Full,0.3605257808551535,0.03561541438102722,0.0,0.3508593618384495,0.0,0.0,-4.053381551656575,88
2025-09-06 21:00:00,SACSI Full,0.35928829917299854,0.02336546778678894,0.0,0.30960997243328453,0.0,0.0,-3.9294197261215316,88
2025-09-06 22:00:00,SACSI Full,0.35813095001937245,0.017326921224594116,0.0,0.27103166731241546,0.0,0.0,-3.813501925827359,88
2025-09-06 23:00:00,SACSI Full,0.3571122045340654,0.016449838876724243,0.0,0.2370734844688471,0.0,0.0,-3.7115582210075515,88
2025-09-07 00:00:00,SACSI Full,0.35619140460811705,0.015140175819396973,0.0,0.20638015360390227,0.0,0.0,-3.6194563609586656,88
2025-09-07 01:00:00,SACSI Full,0.3553936085484265,0.01694813370704651,0.0,0.17978695161421712,0.0,0.0,-3.539717897095667,88
2025-09-07 02:00:00,SACSI Full,0.3546503585274671,0.01703694462776184,0.0,0.15501195091557207,0.0,0.0,-3.465377479748474,88
2025-09-07 03:00:00,SACSI Full,0.35404454502341043,0.021074116230010986,0.0,0.13481816744701547,0.0,0.0,-3.4049163563816647,88
2025-09-07 04:00:00,SACSI Full,0.3540972480158528,0.020385831594467163,0.0,0.13657493386176042,0.0,0.0,-3.4101394010635238,88
2025-09-07 05:00:00,SACSI Full,0.364440296843456,0.0097578763961792,0.0,0.4813432281152018,0.0,0.0,-4.444331121425509,88
2025-09-07 06:00:00,SACSI Full,0.364662307397014,0.12334674596786499,0.0,0.4887435799004678,0.0,0.0,-4.469833563316473,88
2025-09-07 07:00:00,SACSI Full,0.36386546818830323,0.025130510330200195,0.0,0.46218227294343994,0.0,0.0,-4.388031591393304,88
2025-09-07 08:00:00,SACSI Full,0.362746975883881,0.008351504802703857,0.0,0.4248991961293669,1.4210854715202004e-14,0.0,-4.275032408539428,88
2025-09-07 09:00:00,SACSI Full,0.3609747438618896,0.004155188798904419,0.0,0.3658247953963198,0.0,0.0,-4.097599453124976,88
2025-09-07 10:00:00,SACSI Full,0.3589975104155562,0.0042469799518585205,0.0,0.2999170138518736,0.0,0.0,-3.899836899066188,88
2025-09-07 11:00:00,SACSI Full,0.3571670485936185,0.004263073205947876,0.0,0.23890161978728203,0.0,0.0,-3.716790281758507,88
2025-09-07 12:00:00,SACSI Full,0.35557407780431927,0.005411356687545776,0.0,0.18580259347730818,0.0,0.0,-3.5575274904004925,88
2025-09-07 13:00:00,SACSI Full,0.3546654293768098,0.005919784307479858,0.0,0.15551431256032658,0.0,0.0,-3.4666664176433266,88
2025-09-07 14:00:00,SACSI Full,0.35357103891687003,0.005217492580413818,0.0,0.11903463056233506,0.0,0.0,-3.3572152644558813,88
2025-09-07 15:00:00,SACSI Full,0.3527108306390918,0.004298537969589233,0.0,0.09036102130305892,0.0,0.0,-3.27117822421468,88
2025-09-07 16:00:00,SACSI Full,0.3521159179004618,0.004556775093078613,0.0,0.07053059668206033,0.0,0.0,-3.2116855079192774,88
2025-09-07 17:00:00,SACSI Full,0.35181103266244423,0.004902184009552002,0.0,0.06036775541480921,1.4210854715202004e-14,0.0,-3.1812047640137786,88
2025-09-07 18:00:00,SACSI Full,0.35269347075657814,0.031013786792755127,0.0,0.08978235855260408,0.0,0.0,-3.2702284674215005,88
2025-09-07 19:00:00,SACSI Full,0.35589794593200175,0.10894075036048889,0.0,0.19659819773339252,0.0,0.0,-3.592752677843061,88
2025-09-07 20:00:00,SACSI Full,0.35545697321389697,0.00910729169845581,0.0,0.18189910712989815,0.0,0.0,-3.546877801810285,88
2025-09-07 21:00:00,SACSI Full,0.355049430383455,0.014051496982574463,0.0,0.16831434611516585,0.0,0.0,-3.505273510337991,88
2025-09-07 22:00:00,SACSI Full,0.35440920110047863,0.005904585123062134,0.0,0.14697337001595515,0.0,0.0,-3.441119670868919,88
2025-09-07 23:00:00,SACSI Full,0.35444849880797574,0.011072605848312378,0.0,0.14828329359919082,0.0,0.0,-3.4451230131217923,88
2025-09-08 00:00:00,SACSI Full,0.35688303181382636,0.1277942955493927,0.0,0.22943439379421166,0.0,0.0,-3.6920262841906335,88
2025-09-08 01:00:00,SACSI Full,0.3566961392385896,0.026636868715286255,0.0,0.22320464128631984,0.0,0.0,-3.6711582355016077,88
2025-09-08 02:00:00,SACSI Full,0.3558606195964041,0.0211980938911438,0.0,0.19535398654680308,0.0,0.0,-3.586540309266472,88
2025-09-08 03:00:00,SACSI Full,0.3551518193903228,0.03558725118637085,0.0,0.17172731301076,0.0,0.0,-3.5160375756289604,88
2025-09-08 04:00:00,SACSI Full,0.3544646616550678,0.027674734592437744,0.0,0.1488220551689281,0.0,0.0,-3.4470987853645667,88
2025-09-08 05:00:00,SACSI Full,0.3538713093153591,0.027537941932678223,0.0,0.12904364384530284,0.0,0.0,-3.3876830583011603,88
2025-09-08 06:00:00,SACSI Full,0.35332476274799895,0.006361454725265503,0.0,0.11082542493329868,0.0,0.0,-3.332815268766474,88
2025-09-08 07:00:00,SACSI Full,0.35278434517519114,0.007186233997344971,0.0,0.09281150583970402,0.0,0.0,-3.2785864899917807,88
2025-09-08 08:00:00,SACSI Full,0.3519379679677764,0.006185770034790039,0.0,0.06459893225921291,0.0,0.0,-3.1939305168179586,88
2025-09-08 09:00:00,SACSI Full,0.35086231283526537,0.0035472214221954346,0.0,0.028743761175510942,0.0,0.0,-3.086328613441106,88
2025-09-08 10:00:00,SACSI Full,0.3494278717980873,0.0031676888465881348,0.0,0.0,0.0,0.0,-2.942854328911419,88
2025-09-08 11:00:00,SACSI Full,0.347937044236073,0.0032517313957214355,0.0,0.0,0.0,0.0,-2.7937702986607076,88
2025-09-08 12:00:00,SACSI Full,0.3465609179339897,0.003662109375,0.0,0.0,0.0,0.0,-2.6561691393662605,88
2025-09-08 13:00:00,SACSI Full,0.3520426124503098,0.052595436573028564,0.0,0.06808708167699394,0.0,0.0,-3.2058024870344224,88
2025-09-08 14:00:00,SACSI Full,0.3534126673735871,0.028772056102752686,0.0,0.11375557911957089,0.0,0.0,-3.3420804122854686,88
2025-09-08 15:00:00,SACSI Full,0.35254595499828706,0.005351454019546509,0.0,0.08486516660956767,0.0,0.0,-3.2549367349299283,88
2025-09-08 16:00:00,SACSI Full,0.35270444214220564,0.007694214582443237,0.0,0.09014807140685549,0.0,0.0,-3.270621526117841,88
2025-09-08 17:00:00,SACSI Full,0.3537198743155812,0.030625462532043457,0.0,0.12399581051937361,0.0,0.0,-3.3728292532882582,88
2025-09-08 18:00:00,SACSI Full,0.35324689873199594,0.008837282657623291,0.0,0.10822995773319805,0.0,0.0,-3.32508450065149,88
2025-09-08 19:00:00,SACSI Full,0.35289757854969145,0.008789896965026855,0.0,0.09658595165638105,0.0,0.0,-3.289934126765371,88
2025-09-08 20:00:00,SACSI Full,0.3525301212695018,0.016600191593170166,0.0,0.0843373756500597,0.0,0.0,-3.2534222337283225,88
2025-09-08 21:00:00,SACSI Full,0.35222337638784423,0.01608908176422119,0.0,0.07411254626147468,0.0,0.0,-3.2226645315179967,88
2025-09-08 22:00:00,SACSI Full,0.35198866276701374,0.021374672651290894,0.0,0.06628875890045692,0.0,0.0,-3.1993466260632695,88
2025-09-08 23:00:00,SACSI Full,0.351812788355232,0.024663954973220825,0.0,0.060426278507733855,0.0,0.0,-3.181805007445883,88
2025-09-09 00:00:00,SACSI Full,0.3516755489176638,0.0231797993183136,0.0,0.055851630588792035,0.0,0.0,-3.168033329309293,88
2025-09-09 01:00:00,SACSI Full,0.3515557599062437,0.02442196011543274,0.0,0.051858663541456455,0.0,0.0,-3.1560768514346504,88
2025-09-09 02:00:00,SACSI Full,0.35144068056250044,0.021998882293701172,0.0,0.04802268541668156,0.0,0.0,-3.144532264674135,88
2025-09-09 03:00:00,SACSI Full,0.3513352369712391,0.021374821662902832,0.0,0.04450789904130375,0.0,0.0,-3.133957434163474,88
2025-09-09 04:00:00,SACSI Full,0.351236686358565,0.020157694816589355,0.0,0.041222878618832226,-1.4210854715202004e-14,0.0,-3.1240839610212916,88
2025-09-09 05:00:00,SACSI Full,0.35114197371826816,0.01815199851989746,0.0,0.038065790608939665,0.0,0.0,-3.11458046876018,88
2025-09-09 06:00:00,SACSI Full,0.35101903028726206,0.022584646940231323,0.0,0.03396767624206944,0.0,0.0,-3.1023990481492127,88
2025-09-09 07:00:00,SACSI Full,0.3516183731815782,0.01874864101409912,0.0,0.05394577271927262,0.0,0.0,-3.162250651037361,88
2025-09-09 08:00:00,SACSI Full,0.3513092897503584,0.003917962312698364,0.0,0.0436429916786139,0.0,0.0,-3.131155641069108,88
2025-09-09 09:00:00,SACSI Full,0.3543439307890841,0.08469000458717346,0.0,0.1447976929694704,0.0,0.0,-3.4368945994228977,88
2025-09-09 10:00:00,SACSI Full,0.3537837953088142,0.006585866212844849,0.0,0.12612651029380686,0.0,0.0,-3.379292289589421,88
2025-09-09 11:00:00,SACSI Full,0.3522465711360089,0.00471845269203186,0.0,0.0748857045336294,0.0,0.0,-3.224770156789936,88
2025-09-09 12:00:00,SACSI Full,0.35088701504036,0.004200339317321777,0.0,0.02956716801199946,0.0,0.0,-3.088790691956094,88
2025-09-09 13:00:00,SACSI Full,0.34945175543272705,0.0029221177101135254,0.0,0.0,0.0,0.0,-2.945246767842979,88
2025-09-09 14:00:00,SACSI Full,0.3486408102643908,0.005216449499130249,0.0,0.0,0.0,0.0,-2.864208298746953,88
2025-09-09 15:00:00,SACSI Full,0.34763386815194497,0.00391736626625061,0.0,0.0,0.0,0.0,-2.7634781533521506,88
2025-09-09 16:00:00,SACSI Full,0.3468786626851977,0.0029383599758148193,0.0,0.0,0.0,0.0,-2.6879348257821882,88
2025-09-09 17:00:00,SACSI Full,0.3474815121933243,0.016854852437973022,0.0,0.0,0.0,0.0,-2.7486274813058094,88
2025-09-09 18:00:00,SACSI Full,0.34808022422993395,0.0391136109828949,0.0,0.0,0.0,0.0,-2.809027282798502,88
2025-09-09 19:00:00,SACSI Full,0.3480535354539177,0.017493367195129395,0.0,0.0,0.0,0.0,-2.80591961517355,88
2025-09-09 20:00:00,SACSI Full,0.3480915060961665,0.01139119267463684,0.0,0.0,0.0,0.0,-2.8094394552153483,88
2025-09-09 21:00:00,SACSI Full,0.34919353136662856,0.03060758113861084,0.0,0.0,0.0,0.0,-2.9201574521702676,88
2025-09-09 22:00:00,SACSI Full,0.34922579211517385,0.018178224563598633,0.0,0.0,0.0,0.0,-2.9230670695744063,88
2025-09-09 23:00:00,SACSI Full,0.349277638222021,0.015553832054138184,0.0,0.0,0.0,0.0,-2.928101142768278,88
2025-09-10 00:00:00,SACSI Full,0.34929208562576985,0.012834221124649048,0.0,0.0,0.0,0.0,-2.929492443108773,88
2025-09-10 01:00:00,SACSI Full,0.3499997354186,0.0292949378490448,0.0,0.0,0.0,0.0,-3.0007240477842263,88
2025-09-10 02:00:00,SACSI Full,0.3500155057577272,0.013747960329055786,0.0,0.0005168585909061107,-1.4210854715202004e-14,0.0,-3.001981004754502,88
2025-09-10 03:00:00,SACSI Full,0.3500333969351035,0.014980584383010864,0.0,0.0011132311701175014,0.0,0.0,-3.0036516314385477,88
2025-09-10 04:00:00,SACSI Full,0.35005599396387177,0.01714557409286499,0.0,0.0018664654623918864,-1.4210854715202004e-14,0.0,-3.0059639577661326,88
2025-09-10 05:00:00,SACSI Full,0.3500695444068858,0.014883279800415039,0.0,0.002318146896195117,0.0,0.0,-3.0072747292275133,88
2025-09-10 06:00:00,SACSI Full,0.35008925043787503,0.017386823892593384,0.0,0.00297501459583458,0.0,0.0,-3.009297815706276,88
2025-09-10 07:00:00,SACSI Full,0.3498814448989028,0.01415833830833435,0.0,0.0,0.0,0.0,-2.9884599415122914,88
2025-09-10 08:00:00,SACSI Full,0.3498916832157567,0.007071495056152344,0.0,0.0,0.0,0.0,-2.9893806199093143,88
2025-09-10 09:00:00,SACSI Full,0.34879775875216673,0.0033226609230041504,0.0,0.0,0.0,0.0,-2.879879816776464,88
2025-09-10 10:00:00,SACSI Full,0.34727825165317405,0.0031478703022003174,0.0,0.0,0.0,0.0,-2.7278898706296566,88
2025-09-10 11:00:00,SACSI Full,0.34558719731694404,0.002683699131011963,0.0,0.0,0.0,0.0,-2.5587780473887354,88
2025-09-10 12:00:00,SACSI Full,0.34384065896954086,0.0030384957790374756,0.0,0.0,0.0,0.0,-2.3841302148361456,88
2025-09-10 13:00:00,SACSI Full,0.342180693191349,0.0035102665424346924,0.0,0.0,0.0,0.0,-2.2181442421733792,88
2025-09-10 14:00:00,SACSI Full,0.3406891568307672,0.0030390918254852295,0.0,0.0,0.0,0.0,-2.068981176660401,88
2025-09-10 15:00:00,SACSI Full,0.3393944353751932,0.0025835633277893066,0.0,0.0,0.0,0.0,-1.9394997640708525,88
2025-09-10 16:00:00,SACSI Full,0.33846722818579217,0.002337843179702759,0.0,0.0,0.0,0.0,-1.8467720326442911,88
2025-09-10 17:00:00,SACSI Full,0.33794501890228135,0.004837214946746826,0.0,0.0,0.0,0.0,-1.7946236282447394,88
2025-09-10 18:00:00,SACSI Full,0.33774072235550423,0.006711035966873169,0.0,0.0,0.0,0.0,-1.7742251944799612,88
2025-09-10 19:00:00,SACSI Full,0.3376173836204006,0.005498379468917847,0.0,0.0,0.0,0.0,-1.7618604561944184,88
2025-09-10 20:00:00,SACSI Full,0.33743263517902233,0.004075467586517334,0.0,0.0,0.0,0.0,-1.743359256372787,88
2025-09-10 21:00:00,SACSI Full,0.33727728500729737,0.004394948482513428,0.0,0.0,0.0,0.0,-1.7278195945083463,88
2025-09-10 22:00:00,SACSI Full,0.33715219588245887,0.004973262548446655,0.0,0.0,0.0,0.0,-1.7153248366375147,88
2025-09-10 23:00:00,SACSI Full,0.3370283132549717,0.005335211753845215,0.0,0.0,0.0,0.0,-1.7029416492242981,88
2025-09-11 00:00:00,SACSI Full,0.33690717442796564,0.006158351898193359,0.0,0.0,0.0,0.0,-1.6908488412359706,88
2025-09-11 01:00:00,SACSI Full,0.3367881351745718,0.0067882239818573,0.0,0.0,0.0,0.0,-1.6789555806576522,88
2025-09-11 02:00:00,SACSI Full,0.33703220054989985,0.0072196125984191895,0.0,0.0,0.0,0.0,-1.7033687611281185,88
2025-09-11 03:00:00,SACSI Full,0.33696534470047484,0.00544324517250061,0.0,0.0,0.0,0.0,-1.6966610986251929,88
2025-09-11 04:00:00,SACSI Full,0.3369000117497239,0.0059001147747039795,0.0,0.0,0.0,0.0,-1.6901237459639047,88
2025-09-11 05:00:00,SACSI Full,0.33745749330089425,0.009744465351104736,0.0,0.0,0.0,0.0,-1.7459826629022106,88
2025-09-11 06:00:00,SACSI Full,0.33736885764882896,0.00740930438041687,0.0,0.0,0.0,0.0,-1.73705730258021,88
2025-09-11 07:00:00,SACSI Full,0.33707839285101426,0.006360560655593872,0.0,0.0,0.0,0.0,-1.7079769837517857,88
2025-09-11 08:00:00,SACSI Full,0.3363212204309894,0.002348273992538452,0.0,0.0,0.0,0.0,-1.6322091314454192,88
2025-09-11 09:00:00,SACSI Full,0.3351682803810232,0.0026179850101470947,0.0,0.0,0.0,0.0,-1.5168830949126981,88
2025-09-11 10:00:00,SACSI Full,0.3339819655510379,0.00310555100440979,0.0,0.0,0.0,0.0,-1.3982635417838176,88
2025-09-11 11:00:00,SACSI Full,0.33265440923418527,0.003233104944229126,0.0,0.0,0.0,0.0,-1.2655068610568088,88
2025-09-11 12:00:00,SACSI Full,0.33141140985613987,0.003100186586380005,0.0,0.0,0.0,0.0,-1.1412043185292926,88
2025-09-11 13:00:00,SACSI Full,0.3342011046191645,0.01290842890739441,0.0,0.0,0.0,0.0,-1.42046671291781,88
2025-09-11 14:00:00,SACSI Full,0.3332662031925313,0.004029572010040283,0.0,0.0,0.0,0.0,-1.3267896992623045,88
2025-09-11 15:00:00,SACSI Full,0.33278226581460163,0.00331878662109375,0.0,0.0,0.0,0.0,-1.2783000650464738,88
2025-09-11 16:00:00,SACSI Full,0.3323870834164413,0.0024452805519104004,0.0,0.0,0.0,0.0,-1.2387659823158592,88
2025-09-11 17:00:00,SACSI Full,0.3319685162477287,0.00192984938621521,0.0,0.0,0.0,0.0,-1.1968953760722525,88
2025-09-11 18:00:00,SACSI Full,0.33186352855807466,0.002503693103790283,0.0,0.0,0.0,0.0,-1.186408668106717,88
2025-09-11 19:00:00,SACSI Full,0.33181394789026103,0.0021257996559143066,0.0,0.0,0.0,0.0,-1.1814410839536993,88
2025-09-11 20:00:00,SACSI Full,0.3317648043231758,0.002256929874420166,0.0,0.0,0.0,0.0,-1.1765268822172517,88
2025-09-11 21:00:00,SACSI Full,0.33168786883161394,0.0024193525314331055,0.0,0.0,0.0,0.0,-1.1688368944385923,88
2025-09-11 22:00:00,SACSI Full,0.3316391757763021,0.0023920834064483643,0.0,0.0,0.0,0.0,-1.1639656919895867,88
2025-09-11 23:00:00,SACSI Full,0.331905564846654,0.0054167211055755615,0.0,0.0,0.0,0.0,-1.1906950654645032,88
2025-09-12 00:00:00,SACSI Full,0.3332286086627437,0.005413144826889038,0.0,0.0,0.0,0.0,-1.3229691649336917,88
2025-09-12 01:00:00,SACSI Full,0.3412742280710333,0.013685822486877441,0.0,0.0,0.0,0.0,-2.127779250329667,88
2025-09-12 02:00:00,SACSI Full,0.342294240827222,0.006003826856613159,0.0,0.0,0.0,0.0,-2.2296209792156327,88
2025-09-12 03:00:00,SACSI Full,0.34264191652820436,0.004302710294723511,0.0,0.0,0.0,0.0,-2.2642947181919486,88
2025-09-12 04:00:00,SACSI Full,0.34598632983412275,0.020323991775512695,0.0,0.0,0.0,0.0,-2.5991996760625926,88
2025-09-12 05:00:00,SACSI Full,0.3480199152958982,0.01857563853263855,0.0,0.0,0.0,0.0,-2.802380525892902,88
2025-09-12 06:00:00,SACSI Full,0.3550888170584971,0.01579776406288147,0.0,0.16962723528323523,0.0,0.0,-3.509225439875664,88
2025-09-12 07:00:00,SACSI Full,0.3566423570650459,0.03847390413284302,0.0,0.22141190216819667,0.0,0.0,-3.6652319459879434,88
2025-09-12 08:00:00,SACSI Full,0.36472448025217424,0.051452964544296265,0.0,0.4908160084058068,0.0,0.0,-4.4736068751124245,88
2025-09-12 09:00:00,SACSI Full,0.36347514316932056,0.010370314121246338,0.0,0.449171438977352,1.4210854715202004e-14,0.0,-4.348132549718711,88
2025-09-12 10:00:00,SACSI Full,0.36148611289956295,0.007161349058151245,0.0,0.38287042998543086,0.0,0.0,-4.1487866065880885,88
2025-09-12 11:00:00,SACSI Full,0.3590259073071908,0.004801899194717407,0.0,0.30086357690636023,0.0,0.0,-3.9027103632016087,88
2025-09-12 12:00:00,SACSI Full,0.3589060496101288,0.011411011219024658,0.0,0.29686832033762584,0.0,0.0,-3.8908992723575015,88
2025-09-12 13:00:00,SACSI Full,0.3575348510426439,0.005302131175994873,0.0,0.2511617014214636,0.0,0.0,-3.753652235688337,88
2025-09-12 14:00:00,SACSI Full,0.3555715324723265,0.004722177982330322,0.0,0.18571774907754987,0.0,0.0,-3.5572534903242303,88
2025-09-12 15:00:00,SACSI Full,0.35461214930685236,0.005923360586166382,0.0,0.15373831022841103,0.0,0.0,-3.461345409722997,88
2025-09-12 16:00:00,SACSI Full,0.3560641186742056,0.03322809934616089,0.0,0.20213728914018675,0.0,0.0,-3.607349476795085,88
2025-09-12 17:00:00,SACSI Full,0.3558857612007918,0.019184798002243042,0.0,0.1961920400263935,0.0,0.0,-3.589100249052663,88
2025-09-12 18:00:00,SACSI Full,0.35583435448116624,0.021556466817855835,0.0,0.19447848270554005,0.0,0.0,-3.583890294141136,88
2025-09-12 19:00:00,SACSI Full,0.3552254006738653,0.01699388027191162,0.0,0.1741800224621784,0.0,0.0,-3.522925570857429,88
2025-09-12 20:00:00,SACSI Full,0.35472479478697694,0.02431139349937439,0.0,0.15749315956589813,0.0,0.0,-3.4730388816999547,88
2025-09-12 21:00:00,SACSI Full,0.35428528409666465,0.027989596128463745,0.0,0.14284280322215467,0.0,0.0,-3.429124983615325,88
2025-09-12 22:00:00,SACSI Full,0.35386410243487343,0.02794891595840454,0.0,0.12880341449578056,0.0,0.0,-3.386969628608211,88
2025-09-12 23:00:00,SACSI Full,0.35346555537297714,0.02145439386367798,0.0,0.11551851243257119,0.0,0.0,-3.3470495703959338,88
2025-09-13 00:00:00,SACSI Full,0.35340840460152373,0.030468255281448364,0.0,0.11361348671745759,0.0,0.0,-3.341539963872179,88
2025-09-13 01:00:00,SACSI Full,0.3530353069401766,0.023247599601745605,0.0,0.10117689800588608,0.0,0.0,-3.3040678525664906,88
2025-09-13 02:00:00,SACSI Full,0.3526585476163314,0.01809045672416687,0.0,0.08861825387771348,0.0,0.0,-3.2662681421964006,88
2025-09-13 03:00:00,SACSI Full,0.3526235391555386,0.027948766946792603,0.0,0.08745130518462077,0.0,0.0,-3.263011473995024,88
2025-09-13 04:00:00,SACSI Full,0.3526029798709891,0.03159821033477783,0.0,0.08676599569963628,0.0,0.0,-3.2609664457394842,88
2025-09-13 05:00:00,SACSI Full,0.3571953306949921,0.04304960370063782,0.0,0.23984435649973648,0.0,0.0,-3.7205085755068805,88
2025-09-13 06:00:00,SACSI Full,0.36899770102519874,0.00796779990196228,0.0,0.6332567008399593,0.0,0.0,-4.9002802765558995,88
2025-09-13 07:00:00,SACSI Full,0.3692488194572248,0.08496284484863281,0.0,0.6416273152408266,0.0,0.0,-4.92735115306892,88
2025-09-13 08:00:00,SACSI Full,0.3703248718236075,0.053311437368392944,0.0,0.6774957274535822,0.0,0.0,-5.033869925182921,88
2025-09-13 09:00:00,SACSI Full,0.3674679005752372,0.005671977996826172,0.0,0.582263352507907,0.0,0.0,-4.747379891677372,88
2025-09-13 10:00:00,SACSI Full,0.36453912085530465,0.005503445863723755,0.0,0.4846373618434882,0.0,0.0,-4.4540238397690715,88
2025-09-13 11:00:00,SACSI Full,0.36265767162511325,0.007987618446350098,0.0,0.42192238750377414,0.0,0.0,-4.2659517566060785,88
2025-09-13 12:00:00,SACSI Full,0.36647791897990917,0.1758381724357605,0.0,0.5492639659969726,0.0,0.0,-4.652987166979526,88
2025-09-13 13:00:00,SACSI Full,0.36666669824938725,0.05019038915634155,0.0,0.5555566083129094,0.0,0.0,-4.668930110554645,88
2025-09-13 14:00:00,SACSI Full,0.3648615568127103,0.008842796087265015,0.0,0.4953852270903454,1.4210854715202004e-14,0.0,-4.486746013123467,88
2025-09-13 15:00:00,SACSI Full,0.3628295637605668,0.0070542097091674805,0.0,0.4276521253522262,0.0,0.0,-4.283115346114644,88
2025-09-13 16:00:00,SACSI Full,0.3609231304202748,0.004674345254898071,0.0,0.364104347342493,0.0,0.0,-4.09243032757712,88
2025-09-13 17:00:00,SACSI Full,0.3595085063874369,0.011563003063201904,0.0,0.31695021291456416,0.0,0.0,-3.9511507853830388,88
2025-09-13 18:00:00,SACSI Full,0.3584236126771848,0.023318976163864136,0.0,0.2807870892394945,0.0,0.0,-3.8429452069727645,88
2025-09-13 19:00:00,SACSI Full,0.357519707137282,0.03048524260520935,0.0,0.25065690457606565,0.0,0.0,-3.752652081244715,88
2025-09-13 20:00:00,SACSI Full,0.35667450542813717,0.019923001527786255,0.0,0.22248351427123794,0.0,0.0,-3.667954625255046,88
2025-09-13 21:00:00,SACSI Full,0.3559196290842847,0.02185806632041931,0.0,0.19732096947615646,0.0,0.0,-3.5924194204028046,88
2025-09-13 22:00:00,SACSI Full,0.355191703089728,0.02267897129058838,0.0,0.1730567696576003,0.0,0.0,-3.51963209744831,88
2025-09-13 23:00:00,SACSI Full,0.35457054994546233,0.02550572156906128,0.0,0.15235166484874585,0.0,0.0,-3.457593376480398,88
2025-09-14 00:00:00,SACSI Full,0.3539864551271456,0.02565339207649231,0.0,0.13288183757152014,0.0,0.0,-3.399160057261164,88
2025-09-14 01:00:00,SACSI Full,0.3534285618248097,0.01491740345954895,0.0,0.11428539416032352,0.0,0.0,-3.3432618904363296,88
2025-09-14 02:00:00,SACSI Full,0.35290846356760075,0.01741930842399597,0.0,0.09694878558669161,0.0,0.0,-3.2912197619781987,88
2025-09-14 03:00:00,SACSI Full,0.35244961871430824,0.012000501155853271,0.0,0.08165395714360812,0.0,0.0,-3.245256069526622,88
2025-09-14 04:00:00,SACSI Full,0.3586061940387983,0.06784573197364807,0.0,0.28687313462661024,0.0,0.0,-3.862534770827479,88
2025-09-14 05:00:00,SACSI Full,0.3599685146950572,0.10048002004623413,0.0,0.33228382316857225,0.0,0.0,-3.9991874127873697,88
2025-09-14 06:00:00,SACSI Full,0.36526697349896037,0.05793675780296326,0.0,0.5088991166320114,0.0,0.0,-4.528281517674528,88
2025-09-14 07:00:00,SACSI Full,0.3645006735134423,0.02996578812599182,0.0,0.4833557837814098,0.0,0.0,-4.450946376803517,88
2025-09-14 08:00:00,SACSI Full,0.36291038743665516,0.006260424852371216,0.0,0.43034624788850523,0.0,0.0,-4.291401005795299,88
2025-09-14 09:00:00,SACSI Full,0.3607674383538726,0.005029886960983276,0.0,0.3589146117957526,0.0,0.0,-4.076856738505392,88
2025-09-14 10:00:00,SACSI Full,0.35858409352747467,0.005133002996444702,0.0,0.2861364509158221,0.0,0.0,-3.8585130439677493,88
2025-09-14 11:00:00,SACSI Full,0.35636678327412485,0.006033033132553101,0.0,0.2122261091374952,0.0,0.0,-3.6368079883764968,88
2025-09-14 12:00:00,SACSI Full,0.3542398836864032,0.00475957989692688,0.0,0.14132945621343965,0.0,0.0,-3.424096294770613,88
2025-09-14 13:00:00,SACSI Full,0.3523494172105489,0.004173964262008667,0.0,0.07831390701829691,0.0,0.0,-3.2350310564964797,88
2025-09-14 14:00:00,SACSI Full,0.35087872449290436,0.004583001136779785,0.0,0.02929081643014513,0.0,0.0,-3.087968199681918,88
2025-09-14 15:00:00,SACSI Full,0.3497010139772463,0.003686845302581787,0.0,0.0,0.0,0.0,-2.970184096189022,88
2025-09-14 16:00:00,SACSI Full,0.34877717147004283,0.003347247838973999,0.0,0.0,0.0,0.0,-2.8777874879356986,88
2025-09-14 17:00:00,SACSI Full,0.34814948871902307,0.007195174694061279,0.0,0.0,0.0,0.0,-2.8151312546647382,88
2025-09-14 18:00:00,SACSI Full,0.3478631416087516,0.007595866918563843,0.0,0.0,0.0,0.0,-2.786470085135775,88
2025-09-14 19:00:00,SACSI Full,0.3476314877546994,0.007003843784332275,0.0,0.0,0.0,0.0,-2.763294772576966,88
2025-09-14 20:00:00,SACSI Full,0.34736765805454733,0.005851089954376221,0.0,0.0,0.0,0.0,-2.7368943547921196,88
2025-09-14 21:00:00,SACSI Full,0.34710419343284454,0.005960613489151001,0.0,0.0,0.0,0.0,-2.7105396507895843,88
2025-09-14 22:00:00,SACSI Full,0.3468400771336922,0.00576511025428772,0.0,0.0,0.0,0.0,-2.684124970606653,88
2025-09-14 23:00:00,SACSI Full,0.346604637391286,0.005868077278137207,0.0,0.0,0.0,0.0,-2.6605821303444004,88
2025-09-15 00:00:00,SACSI Full,0.34636889267178067,0.005776584148406982,0.0,0.0,0.0,0.0,-2.6370057137923317,88
2025-09-15 01:00:00,SACSI Full,0.34610537192237073,0.005943775177001953,0.0,0.0,0.0,0.0,-2.610657739650898,88
2025-09-15 02:00:00,SACSI Full,0.3458140065977145,0.006090402603149414,0.0,0.0,0.0,0.0,-2.5815239340977736,88
2025-09-15 03:00:00,SACSI Full,0.3455230187691419,0.006203651428222656,0.0,0.0,0.0,0.0,-2.5524270824310022,88
2025-09-15 04:00:00,SACSI Full,0.34523422985525615,0.006863325834274292,0.0,0.0,0.0,0.0,-2.52356684878636,88
2025-09-15 05:00:00,SACSI Full,0.3449756120845843,0.007414668798446655,0.0,0.0,0.0,0.0,-2.497715015264043,88
2025-09-15 06:00:00,SACSI Full,0.3447167275831271,0.007334649562835693,0.0,0.0,0.0,0.0,-2.471820251496322,88
2025-09-15 07:00:00,SACSI Full,0.34429105279179106,0.008297562599182129,0.0,0.0,0.0,0.0,-2.4292808595614526,88
2025-09-15 08:00:00,SACSI Full,0.34342437266321674,0.0034959614276885986,0.0,0.0,0.0,0.0,-2.3425552015619417,88
2025-09-15 09:00:00,SACSI Full,0.342155741419511,0.0019106268882751465,0.0,0.0,0.0,0.0,-2.215628207834259,88
2025-09-15 10:00:00,SACSI Full,0.3406038642626176,0.0019368529319763184,0.0,0.0,0.0,0.0,-2.060425425580833,88
2025-09-15 11:00:00,SACSI Full,0.3388269665206641,0.0024306774139404297,0.0,0.0,0.0,0.0,-1.8827502038595054,88
2025-09-15 12:00:00,SACSI Full,0.33693540278486106,0.002030879259109497,0.0,0.0,0.0,0.0,-1.6935848940528357,88
2025-09-15 13:00:00,SACSI Full,0.3354344584406584,0.0022166967391967773,0.0,0.0,0.0,0.0,-1.5434920361754232,88
2025-09-15 14:00:00,SACSI Full,0.334187498830673,0.0019121170043945312,0.0,0.0,0.0,0.0,-1.4187911712047356,88
2025-09-15 15:00:00,SACSI Full,0.33294762908033226,0.0020390748977661133,0.0,0.0,0.0,0.0,-1.2948049591101147,88
2025-09-15 16:00:00,SACSI Full,0.33226857442350877,0.0022836029529571533,0.0,0.0,0.0,0.0,-1.226905559690487,88
2025-09-15 17:00:00,SACSI Full,0.33210294355682224,0.0033107399940490723,0.0,0.0,0.0,0.0,-1.210370841852515,88
2025-09-15 18:00:00,SACSI Full,0.3318618940239319,0.004185140132904053,0.0,0.0,0.0,0.0,-1.1862818491972362,88
2025-09-15 19:00:00,SACSI Full,0.3316755417209038,0.003594309091567993,0.0,0.0,0.0,0.0,-1.167631966582624,88
2025-09-15 20:00:00,SACSI Full,0.33146308778178385,0.004263818264007568,0.0,0.0,0.0,0.0,-1.1464007496353887,88
2025-09-15 21:00:00,SACSI Full,0.3363151928922702,0.015131533145904541,0.0,0.0,0.0,0.0,-1.6319305970387552,88
2025-09-15 22:00:00,SACSI Full,0.336544456447479,0.002779066562652588,0.0,0.0,0.0,0.0,-1.6546247507449838,88
2025-09-15 23:00:00,SACSI Full,0.337761132726388,0.007502883672714233,0.0,0.0,0.0,0.0,-1.7763105684833567,88
2025-09-16 00:00:00,SACSI Full,0.3393360913528173,0.014987587928771973,0.0,0.0,0.0,0.0,-1.9339837340828636,88
2025-09-16 01:00:00,SACSI Full,0.339909150843339,0.005917847156524658,0.0,0.0,0.0,0.0,-1.9911241386847525,88
2025-09-16 02:00:00,SACSI Full,0.3397547439151176,0.004677921533584595,0.0,0.0,0.0,0.0,-1.975580349198662,88
2025-09-16 03:00:00,SACSI Full,0.33993551856092297,0.005232393741607666,0.0,0.0,0.0,0.0,-1.9936620486892083,88
2025-09-16 04:00:00,SACSI Full,0.34011479116967996,0.004781782627105713,0.0,0.0,0.0,0.0,-2.011579258731683,88
2025-09-16 05:00:00,SACSI Full,0.3403208309997288,0.004311949014663696,0.0,0.0,0.0,0.0,-2.032174037289299,88
2025-09-16 06:00:00,SACSI Full,0.34047541807941273,0.005876123905181885,0.0,0.0,0.0,0.0,-2.0476749721682808,88
2025-09-16 07:00:00,SACSI Full,0.3401189823298819,0.003569275140762329,0.0,0.0,0.0,0.0,-2.01199268697865,88
2025-09-16 08:00:00,SACSI Full,0.3396146270025936,0.00369340181350708,0.0,0.0,0.0,0.0,-1.9615378095623563,88
2025-09-16 09:00:00,SACSI Full,0.3388525000593232,0.002861917018890381,0.0,0.0,0.0,0.0,-1.8853155591206447,88
2025-09-16 10:00:00,SACSI Full,0.33789470361363555,0.0036610662937164307,0.0,0.0,0.0,0.0,-1.7895515741821768,88
2025-09-16 11:00:00,SACSI Full,0.33628936850678587,0.002899467945098877,0.0,0.0,0.0,0.0,-1.6290024560209742,88
2025-09-16 12:00:00,SACSI Full,0.3345996662025816,0.003089308738708496,0.0,0.0,0.0,0.0,-1.4600303048408678,88
2025-09-16 13:00:00,SACSI Full,0.33366391441634957,0.0037744641304016113,0.0,0.0,0.0,0.0,-1.3664737824714814,88
2025-09-16 14:00:00,SACSI Full,0.3323695947954224,0.002704113721847534,0.0,0.0,0.0,0.0,-1.2370242653207604,88
2025-09-16 15:00:00,SACSI Full,0.3314643940191633,0.0024397671222686768,0.0,0.0,0.0,0.0,-1.1464908407247683,88
2025-09-16 16:00:00,SACSI Full,0.3305640081919398,0.0018842518329620361,0.0,0.0,0.0,0.0,-1.0564440593835334,88
2025-09-16 17:00:00,SACSI Full,0.3300066487905548,0.002792179584503174,0.0,0.0,0.0,0.0,-1.0007298019246849,88
2025-09-16 18:00:00,SACSI Full,0.3297079590484665,0.0038930773735046387,0.0,0.0,0.0,0.0,-0.9708847753720098,88
2025-09-16 19:00:00,SACSI Full,0.3294921607920692,0.0032605230808258057,0.0,0.0,0.0,0.0,-0.9492876152114649,88
2025-09-16 20:00:00,SACSI Full,0.32924645861994883,0.0027893483638763428,0.0,0.0,0.0,0.0,-0.9247063607093298,88
2025-09-16 21:00:00,SACSI Full,0.32897224877090914,0.0027370452880859375,0.0,0.0,0.0,0.0,-0.8972801410274327,88
2025-09-16 22:00:00,SACSI Full,0.32866874893398745,0.0024500489234924316,0.0,0.0,0.0,0.0,-0.8669267643408605,88
2025-09-16 23:00:00,SACSI Full,0.3283662002878553,0.0027354061603546143,0.0,0.0,0.0,0.0,-0.8366775904811042,88
2025-09-17 00:00:00,SACSI Full,0.32840020958633875,0.003702789545059204,0.0,0.0,0.0,0.0,-0.840104688258623,88
2025-09-17 01:00:00,SACSI Full,0.3315108948307401,0.009705573320388794,0.0,0.0,0.0,0.0,-1.1513436223781692,88
2025-09-17 02:00:00,SACSI Full,0.3335878276861872,0.008079856634140015,0.0,0.0,0.0,0.0,-1.3589606229182667,88
2025-09-17 03:00:00,SACSI Full,0.33395966351480944,0.005050748586654663,0.0,0.0,0.0,0.0,-1.3960976575331507,88
2025-09-17 04:00:00,SACSI Full,0.3336899145767258,0.0040753185749053955,0.0,0.0,0.0,0.0,-1.3690827183441958,88
2025-09-17 05:00:00,SACSI Full,0.3334771144339607,0.00415995717048645,0.0,0.0,0.0,0.0,-1.3477954889254369,88
2025-09-17 06:00:00,SACSI Full,0.3339390265914963,0.0065736472606658936,0.0,0.0,0.0,0.0,-1.3940582689957468,88
2025-09-17 07:00:00,SACSI Full,0.3349399622318314,0.010780692100524902,0.0,0.0,0.0,0.0,-1.4942539074735506,88
2025-09-17 08:00:00,SACSI Full,0.33429484661233094,0.0019653141498565674,0.0,0.0,0.0,0.0,-1.4296121212955974,88
2025-09-17 09:00:00,SACSI Full,0.3340076993041403,0.0028558075428009033,0.0,0.0,0.0,0.0,-1.4008359514988162,88
2025-09-17 10:00:00,SACSI Full,0.3353995791758266,0.006563961505889893,0.0,0.0,0.0,0.0,-1.540126278352406,88
2025-09-17 11:00:00,SACSI Full,0.3424606029809681,0.03280714154243469,0.0,0.0,0.0,0.0,-2.246978872728022,88
2025-09-17 12:00:00,SACSI Full,0.34113858034582606,0.002893209457397461,0.0,0.0,0.0,0.0,-2.1142150380926035,88
2025-09-17 13:00:00,SACSI Full,0.3397635373581615,0.003987103700637817,0.0,0.0,0.0,0.0,-1.976444416832595,88
2025-09-17 14:00:00,SACSI Full,0.33846923859886,0.00271037220954895,0.0,0.0,0.0,0.0,-1.8469908346451034,88
2025-09-17 15:00:00,SACSI Full,0.3373721198230154,0.0023643672466278076,0.0,0.0,0.0,0.0,-1.7372627296961016,88
2025-09-17 16:00:00,SACSI Full,0.3481844783827828,0.030707567930221558,0.0,0.0,0.0,0.0,-2.8193454216437224,88
2025-09-17 17:00:00,SACSI Full,0.34887856975606746,0.010227411985397339,0.0,0.0,0.0,0.0,-2.888266325405901,88
2025-09-17 18:00:00,SACSI Full,0.34904406200221844,0.009147673845291138,0.0,0.0,0.0,0.0,-2.90459995108015,88
2025-09-17 19:00:00,SACSI Full,0.3492383773332006,0.009294599294662476,0.0,0.0,0.0,0.0,-2.9240250945604482,88
2025-09-17 20:00:00,SACSI Full,0.3533059398338645,0.06446674466133118,0.0,0.11019799446215046,0.0,0.0,-3.3324350397333418,88
2025-09-17 21:00:00,SACSI Full,0.3544835079591378,0.04522070288658142,0.0,0.14945026530459274,0.0,0.0,-3.4494476703892585,88
2025-09-17 22:00:00,SACSI Full,0.35652246813066935,0.07160365581512451,0.0,0.2174156043556451,0.0,0.0,-3.653942715712522,88
2025-09-17 23:00:00,SACSI Full,0.3583431163056624,0.06679832935333252,0.0,0.2781038768554126,0.0,0.0,-3.8356956504179243,88
2025-09-18 00:00:00,SACSI Full,0.35740497740482674,0.007890909910202026,0.0,0.24683258016089127,0.0,0.0,-3.7412446328753086,88
2025-09-18 01:00:00,SACSI Full,0.3574786329984848,0.03088444471359253,0.0,0.24928776661616042,0.0,0.0,-3.7487109240907865,88
2025-09-18 02:00:00,SACSI Full,0.35753302609469156,0.026918798685073853,0.0,0.2511008698230512,0.0,0.0,-3.7538806419031427,88
2025-09-18 03:00:00,SACSI Full,0.3597196474363714,0.1309746503829956,0.0,0.32398824787904634,0.0,0.0,-3.97562479516178,88
2025-09-18 04:00:00,SACSI Full,0.3592565706116834,0.03762930631637573,0.0,0.30855235372278006,0.0,0.0,-3.927343100735335,88
2025-09-18 05:00:00,SACSI Full,0.35852740206422323,0.03349617123603821,0.0,0.28424673547410606,0.0,0.0,-3.8534514611978468,88
2025-09-18 06:00:00,SACSI Full,0.3574961673996024,0.02550184726715088,0.0,0.2498722466534119,0.0,0.0,-3.7502067201452696,88
2025-09-18 07:00:00,SACSI Full,0.3564817075769757,0.022218972444534302,0.0,0.2160569192325241,0.0,0.0,-3.6486479658946886,88
2025-09-18 08:00:00,SACSI Full,0.35593848611122264,0.004983097314834595,0.0,0.19794953704075482,0.0,0.0,-3.594120631819857,88
2025-09-18 09:00:00,SACSI Full,0.355095753139787,0.006038546562194824,0.0,0.16985843799289882,0.0,0.0,-3.5097066394024146,88
2025-09-18 10:00:00,SACSI Full,0.3604220434011218,0.059788525104522705,0.0,0.3474014467040618,0.0,0.0,-4.043937610399696,88
2025-09-18 11:00:00,SACSI Full,0.3776298039181111,0.09582161903381348,0.0,0.9209934639370361,0.0,0.0,-5.765257155131076,88
2025-09-18 12:00:00,SACSI Full,0.37805868507567736,0.11695384979248047,0.0,0.9352895025225791,0.0,0.0,-5.8084189068711725,88
2025-09-18 13:00:00,SACSI Full,0.38024837862679683,0.0776873528957367,0.0,1.008279287559894,-1.4210854715202004e-14,0.0,-6.026784274706565,88
2025-09-18 14:00:00,SACSI Full,0.3826426843378781,0.1423811912536621,0.0,1.0880894779292718,0.0,0.0,-6.267762995996465,88
2025-09-18 15:00:00,SACSI Full,0.39232238787059537,0.04215732216835022,0.0,1.4107462623531803,0.0,0.0,-7.234084172193757,88
2025-09-18 16:00:00,SACSI Full,0.39019020498649376,0.11051863431930542,0.0,1.3396734995497923,0.0,0.0,-7.021914484457271,88
2025-09-18 17:00:00,SACSI Full,0.3957603305363902,0.0898820161819458,0.0,1.5253443512130076,0.0,0.0,-7.578037060144032,88
2025-09-18 18:00:00,SACSI Full,0.39592988431527454,0.349862277507782,0.0,1.530996143842485,0.0,0.0,-7.602585479690867,88
2025-09-18 19:00:00,SACSI Full,0.39848286191053006,0.22448867559432983,0.0,1.6160953970176692,0.0,0.0,-7.854029700584027,88
2025-09-18 20:00:00,SACSI Full,0.3966865623017563,0.2023288607597351,0.0,1.5562187433918766,0.0,0.0,-7.67292440553917,88
2025-09-18 21:00:00,SACSI Full,0.3947469034403932,0.194665789604187,0.0,1.4915634480131077,0.0,0.0,-7.478660290542959,88
2025-09-18 22:00:00,SACSI Full,0.39087410953399887,0.06013214588165283,0.0,1.3624703177999622,0.0,0.0,-7.089958932754745,88
2025-09-18 23:00:00,SACSI Full,0.3874834374819757,0.09174630045890808,0.0,1.2494479160658571,0.0,0.0,-6.750494815752522,88
2025-09-19 00:00:00,SACSI Full,0.385882949536791,0.17545193433761597,0.0,1.196098317893032,0.0,0.0,-6.592641048704636,88
2025-09-19 01:00:00,SACSI Full,0.38448078863801105,0.1882113516330719,0.0,1.1493596212670354,0.0,0.0,-6.45197068500672,88
2025-09-19 02:00:00,SACSI Full,0.3809594292575855,0.035073161125183105,0.0,1.03198097525285,0.0,0.0,-6.098175770886134,88
2025-09-19 03:00:00,SACSI Full,0.377830377498514,0.039963722229003906,0.0,0.9276792499504651,0.0,0.0,-5.783885929907018,88
2025-09-19 04:00:00,SACSI Full,0.3749748462522446,0.026835501194000244,0.0,0.8324948750748192,0.0,0.0,-5.498152617458688,88
2025-09-19 05:00:00,SACSI Full,0.3723898162287848,0.03031820058822632,0.0,0.7463272076261603,0.0,0.0,-5.2396228138841865,88
2025-09-19 06:00:00,SACSI Full,0.3700312984699944,0.03665462136268616,0.0,0.6677099489998128,0.0,0.0,-5.003926303634437,88
2025-09-19 07:00:00,SACSI Full,0.36775326189210467,0.018864423036575317,0.0,0.5917753964034888,0.0,0.0,-4.775881379654458,88
2025-09-19 08:00:00,SACSI Full,0.36546574320516395,0.007769167423248291,0.0,0.5155247735054644,0.0,0.0,-4.546840656420993,88
2025-09-19 09:00:00,SACSI Full,0.3632689223414785,0.004251152276992798,0.0,0.4422974113826172,0.0,0.0,-4.327012437344853,88
2025-09-19 10:00:00,SACSI Full,0.36133841702945174,0.004795640707015991,0.0,0.37794723431505733,0.0,0.0,-4.133943060643614,88
2025-09-19 11:00:00,SACSI Full,0.3598769540038747,0.0052928924560546875,0.0,0.32923180012915765,0.0,0.0,-3.987806230754081,88
2025-09-19 12:00:00,SACSI Full,0.35785661130205176,0.00428423285484314,0.0,0.26188704340172536,0.0,0.0,-3.7857569014582846,88
2025-09-19 13:00:00,SACSI Full,0.3560902465609495,0.004598796367645264,0.0,0.20300821869831653,0.0,0.0,-3.609119777657431,88
2025-09-19 14:00:00,SACSI Full,0.354269249824147,0.00400930643081665,0.0,0.14230832747156655,0.0,0.0,-3.427011063442682,88
2025-09-19 15:00:00,SACSI Full,0.3528078075935786,0.003660917282104492,0.0,0.09359358645262006,1.4210854715202004e-14,0.0,-3.280857461594989,88
2025-09-19 16:00:00,SACSI Full,0.35174781178161607,0.0037616491317749023,0.0,0.058260392720535494,0.0,0.0,-3.174857418462739,88
2025-09-19 17:00:00,SACSI Full,0.35115894756154814,0.0064723193645477295,0.0,0.03863158538493679,0.0,0.0,-3.116051309244432,88
2025-09-19 18:00:00,SACSI Full,0.3509002650773221,0.011904090642929077,0.0,0.03000883591073631,0.0,0.0,-3.0903189072578496,88
2025-09-19 19:00:00,SACSI Full,0.35074014925727487,0.010636895895004272,0.0,0.024671641909162646,0.0,0.0,-3.0742403355928656,88
2025-09-19 20:00:00,SACSI Full,0.35058019381912864,0.01385316252708435,0.0,0.019339793970954134,0.0,0.0,-3.0583286078297256,88
2025-09-19 21:00:00,SACSI Full,0.35043435548441687,0.013227015733718872,0.0,0.014478516147229926,0.0,0.0,-3.0437063502242943,88
2025-09-19 22:00:00,SACSI Full,0.35030049164083965,0.012357234954833984,0.0,0.010016388027989365,0.0,0.0,-3.0303050065908494,88
2025-09-19 23:00:00,SACSI Full,0.35018130790043506,0.012788474559783936,0.0,0.00604359668116814,0.0,0.0,-3.0183908719307504,88
2025-09-20 00:00:00,SACSI Full,0.3500749254278716,0.013082772493362427,0.0,0.0024975142623873126,0.0,0.0,-3.0077571412163633,88
2025-09-20 01:00:00,SACSI Full,0.34995369941198595,0.014632195234298706,0.0,0.0,0.0,0.0,-2.9956780793306903,88
2025-09-20 02:00:00,SACSI Full,0.34983545760198204,0.015527456998825073,0.0,0.0,0.0,0.0,-2.983865261955825,88
2025-09-20 03:00:00,SACSI Full,0.3497471996772663,0.01602262258529663,0.0,0.0,0.0,0.0,-2.9750453718342005,88
2025-09-20 04:00:00,SACSI Full,0.3496580879160142,0.01576647162437439,0.0,0.0,0.0,0.0,-2.9661266825435177,88
2025-09-20 05:00:00,SACSI Full,0.3495689756580568,0.01576632261276245,0.0,0.0,0.0,0.0,-2.9572128937480486,88
2025-09-20 06:00:00,SACSI Full,0.34944265841209654,0.013104826211929321,0.0,0.0,0.0,0.0,-2.9445545526979005,88
2025-09-20 07:00:00,SACSI Full,0.3490993709504978,0.007513761520385742,0.0,0.0,0.0,0.0,-2.910143280927104,88
2025-09-20 08:00:00,SACSI Full,0.3482864999425785,0.002638697624206543,0.0,0.0,0.0,0.0,-2.8287515188492938,88
2025-09-20 09:00:00,SACSI Full,0.34704783867641054,0.0024016201496124268,0.0,0.0,0.0,0.0,-2.7048342708187914,88
2025-09-20 10:00:00,SACSI Full,0.3455005456134057,0.0033120810985565186,0.0,0.0,0.0,0.0,-2.5501299075720305,88
2025-09-20 11:00:00,SACSI Full,0.3437236175724244,0.0024215877056121826,0.0,0.0,0.0,0.0,-2.3724190939304832,88
2025-09-20 12:00:00,SACSI Full,0.3418343128526585,0.0027085840702056885,0.0,0.0,0.0,0.0,-2.1834883269108967,88
2025-09-20 13:00:00,SACSI Full,0.340029976840454,0.0026991963386535645,0.0,0.0,0.0,0.0,-2.0030517618494876,88
2025-09-20 14:00:00,SACSI Full,0.3383660369225717,0.0023180246353149414,0.0,0.0,0.0,0.0,-1.8366538644669113,88
2025-09-20 15:00:00,SACSI Full,0.336986302552658,0.0025796890258789062,0.0,0.0,0.0,0.0,-1.6986844656902216,88
2025-09-20 16:00:00,SACSI Full,0.33597172955556476,0.001628100872039795,0.0,0.0,0.0,0.0,-1.5972150334554542,88
2025-09-20 17:00:00,SACSI Full,0.33535770547433463,0.0027927756309509277,0.0,0.0,0.0,0.0,-1.5358380496936708,88
2025-09-20 18:00:00,SACSI Full,0.33505914785587554,0.0039327144622802734,0.0,0.0,0.0,0.0,-1.5060048392651122,88
2025-09-20 19:00:00,SACSI Full,0.33478757004860804,0.003526657819747925,0.0,0.0,0.0,0.0,-1.4788315985836238,88
2025-09-20 20:00:00,SACSI Full,0.3345434305115915,0.00325813889503479,0.0,0.0,0.0,0.0,-1.4544108991262994,88
2025-09-20 21:00:00,SACSI Full,0.3342992199457066,0.003236830234527588,0.0,0.0,0.0,0.0,-1.4299869442619555,88
2025-09-20 22:00:00,SACSI Full,0.3340834435443458,0.0032670795917510986,0.0,0.0,0.0,0.0,-1.4084099985199892,88
2025-09-20 23:00:00,SACSI Full,0.3338671148066101,0.0031013786792755127,0.0,0.0,0.0,0.0,-1.3867751652437172,88
2025-09-21 00:00:00,SACSI Full,0.3336526248721656,0.003653019666671753,0.0,0.0,0.0,0.0,-1.3653410640197694,88
2025-09-21 01:00:00,SACSI Full,0.3334393717341003,0.00402405858039856,0.0,0.0,0.0,0.0,-1.3440213649707766,88
2025-09-21 02:00:00,SACSI Full,0.33325307257854714,0.00361025333404541,0.0,0.0,0.0,0.0,-1.3253836009738575,88
2025-09-21 03:00:00,SACSI Full,0.33303948217753343,0.003922879695892334,0.0,0.0,0.0,0.0,-1.3040298016108787,88
2025-09-21 04:00:00,SACSI Full,0.3328258137937762,0.003899484872817993,0.0,0.0,0.0,0.0,-1.2826596030233046,88
2025-09-21 05:00:00,SACSI Full,0.3326127811928965,0.004090219736099243,0.0,0.0,0.0,0.0,-1.2613618310330041,88
2025-09-21 06:00:00,SACSI Full,0.3323699872307358,0.003661811351776123,0.0,0.0,0.0,0.0,-1.2370762433844578,88
2025-09-21 07:00:00,SACSI Full,0.331924740260877,0.0024259090423583984,0.0,0.0,0.0,0.0,-1.192534903291639,88
2025-09-21 08:00:00,SACSI Full,0.3311084439727046,0.0016111135482788086,0.0,0.0,0.0,0.0,-1.110884767496367,88
2025-09-21 09:00:00,SACSI Full,0.3299242534387487,0.0017428398132324219,0.0,0.0,0.0,0.0,-0.992461517933784,88
2025-09-21 10:00:00,SACSI Full,0.3284579117302476,0.002097487449645996,0.0,0.0,0.0,0.0,-0.845836669250114,88
2025-09-21 11:00:00,SACSI Full,0.3267940468148766,0.0023405253887176514,0.0,0.0,0.0,0.0,-0.6794539223748259,88
2025-09-21 12:00:00,SACSI Full,0.3257168603233872,0.00384405255317688,0.0,0.0,0.0,0.0,-0.5717779486614277,88
2025-09-21 13:00:00,SACSI Full,0.3240564778093873,0.0033852458000183105,0.0,0.0,0.0,0.0,-0.40572007392226017,88
2025-09-21 14:00:00,SACSI Full,0.3225082807426034,0.003040879964828491,0.0,0.0,0.0,0.0,-0.2508923355179882,88
2025-09-21 15:00:00,SACSI Full,0.3213291829288382,0.003270655870437622,0.0,0.0,0.0,0.0,-0.13298600376028613,88
2025-09-21 16:00:00,SACSI Full,0.3203734233590343,0.0022721290588378906,0.0,0.0,0.0,0.0,-0.03739776375272137,88
2025-09-21 17:00:00,SACSI Full,0.3204264195986965,0.002898871898651123,0.0,0.0,0.0,0.0,-0.0427062047360204,88
2025-09-21 18:00:00,SACSI Full,0.3207645626430093,0.003442913293838501,0.0,0.0,0.0,0.0,-0.07653056298075675,88
2025-09-21 19:00:00,SACSI Full,0.3211875174359857,0.0033864378929138184,0.0,0.0,0.0,0.0,-0.11882003711043941,88
2025-09-21 20:00:00,SACSI Full,0.32124926402135484,0.0035239756107330322,0.0,0.0,0.0,0.0,-0.1249982570248763,88
2025-09-21 21:00:00,SACSI Full,0.32100398454550694,0.0029161572456359863,0.0,0.0,0.0,0.0,-0.10046285587925677,88
2025-09-21 22:00:00,SACSI Full,0.32078591187520616,0.0025781989097595215,0.0,0.0,0.0,0.0,-0.07864613108216974,88
2025-09-21 23:00:00,SACSI Full,0.3205395063682774,0.00257834792137146,0.0,0.0,0.0,0.0,-0.05400220527628115,88
2025-09-22 00:00:00,SACSI Full,0.3202918769793093,0.0022111833095550537,0.0,0.0,0.0,0.0,-0.029235593243236168,88
2025-09-22 01:00:00,SACSI Full,0.32001735768282213,0.0026442110538482666,0.0,0.0,0.0,0.0,-0.0017929827807326771,88
2025-09-22 02:00:00,SACSI Full,0.3197966162145515,0.001777559518814087,0.0,0.0,0.0,0.0,0.9999557822942734,88
2025-09-22 03:00:00,SACSI Full,0.3196035380240659,0.001576542854309082,0.0,0.0,0.0,0.0,0.9999664589762688,88
2025-09-22 04:00:00,SACSI Full,0.3193828253647069,0.0017862021923065186,0.0,0.0,0.0,0.0,0.9999621793627739,88
2025-09-22 05:00:00,SACSI Full,0.3191630271399399,0.002060532569885254,0.0,0.0,0.0,0.0,0.9999560460448265,88
2025-09-22 06:00:00,SACSI Full,0.31891421608888904,0.001856684684753418,0.0,0.0,0.0,0.0,0.9999608278274537,88
2025-09-22 07:00:00,SACSI Full,0.3185251177219927,0.0022704899311065674,0.0,0.0,0.0,0.0,0.9999504521489143,88
2025-09-22 08:00:00,SACSI Full,0.3177683734619995,0.002476722002029419,0.0,0.0,0.0,0.0,0.9999484032392502,88
2025-09-22 09:00:00,SACSI Full,0.31675644144737525,0.002420395612716675,0.0,0.0,0.0,0.0,0.9999510288238526,88
2025-09-22 10:00:00,SACSI Full,0.31557513379140495,0.00260770320892334,0.0,0.0,0.0,0.0,0.9999459728598594,88
2025-09-22 11:00:00,SACSI Full,0.31439542055968245,0.0030860304832458496,0.0,0.0,0.0,0.0,0.9999334961175919,88
2025-09-22 12:00:00,SACSI Full,0.31307599370682043,0.0036719441413879395,0.0,0.0,0.0,0.0,0.9999207019805908,88
2025-09-22 13:00:00,SACSI Full,0.31164168827020927,0.003208369016647339,0.0,0.0,0.0,0.0,0.9999311968684196,88
2025-09-22 14:00:00,SACSI Full,0.3105187470066925,0.0031176209449768066,0.0,0.0,0.0,0.0,0.9999367401003838,88
2025-09-22 15:00:00,SACSI Full,0.30970777490341467,0.003208369016647339,0.0,0.0,0.0,0.0,0.9999349251389503,88
2025-09-22 16:00:00,SACSI Full,0.30901140918934145,0.0035902857780456543,0.0,0.0,0.0,0.0,0.9999243751168252,88
2025-09-22 17:00:00,SACSI Full,0.3084587088843564,0.004189908504486084,0.0,0.0,0.0,0.0,0.9999102056026459,88
2025-09-22 18:00:00,SACSI Full,0.30804470494790676,0.003298819065093994,0.0,0.0,0.0,0.0,0.9999251127243042,88
2025-09-22 19:00:00,SACSI Full,0.3076592191191892,0.0033542513847351074,0.0,0.0,0.0,0.0,0.9999323606491088,88
2025-09-22 20:00:00,SACSI Full,0.3073294239310801,0.003061443567276001,0.0,0.0,0.0,0.0,0.9999358430504799,88
2025-09-22 21:00:00,SACSI Full,0.3070002034310877,0.0032338500022888184,0.0,0.0,0.0,0.0,0.9999335989356041,88
2025-09-22 22:00:00,SACSI Full,0.3066992780181149,0.0032223761081695557,0.0,0.0,0.0,0.0,0.9999354377388954,88
2025-09-22 23:00:00,SACSI Full,0.3063995809575299,0.003590881824493408,0.0,0.0,0.0,0.0,0.9999244973063469,88
2025-09-23 00:00:00,SACSI Full,0.3061008450218418,0.0038792192935943604,0.0,0.0,0.0,0.0,0.9999195322394371,88
2025-09-23 01:00:00,SACSI Full,0.3058313017197827,0.004137009382247925,0.0,0.0,0.0,0.0,0.9999146819114685,88
2025-09-23 02:00:00,SACSI Full,0.3055895091156542,0.003962218761444092,0.0,0.0,0.0,0.0,0.9999190077185631,88
2025-09-23 03:00:00,SACSI Full,0.30537509716395334,0.0036764144897460938,0.0,0.0,0.0,0.0,0.9999236136674882,88
2025-09-23 04:00:00,SACSI Full,0.3051603549031794,0.003577321767807007,0.0,0.0,0.0,0.0,0.9999274626374245,88
2025-09-23 05:00:00,SACSI Full,0.30494530667189557,0.0034855306148529053,0.0,0.0,0.0,0.0,0.9999293714761733,88
2025-09-23 06:00:00,SACSI Full,0.304701204387782,0.0032693147659301758,0.0,0.0,0.0,0.0,0.9999324515461921,88
2025-09-23 07:00:00,SACSI Full,0.30425637812737427,0.002552121877670288,0.0,0.0,0.0,0.0,0.9999417856335641,88
2025-09-23 08:00:00,SACSI Full,0.3035072493541618,0.004761368036270142,0.0,0.0,0.0,0.0,0.9998826801776886,88
2025-09-23 09:00:00,SACSI Full,0.3024481109234075,0.005258470773696899,0.0,0.0,0.0,0.0,0.9998898595571518,88
2025-09-23 10:00:00,SACSI Full,0.3012220947826286,0.006195157766342163,0.0,0.0,0.0,0.0,0.9998667299747467,88
2025-09-23 11:00:00,SACSI Full,0.2998788630593201,0.00503048300743103,0.0,0.0,0.0,0.0,0.9998877435922623,88
2025-09-23 12:00:00,SACSI Full,0.29859742648565574,0.006569027900695801,0.0,0.0,0.0,0.0,0.9998532339930535,88
2025-09-23 13:00:00,SACSI Full,0.2972574650705238,0.00601157546043396,0.0,0.0,0.0,0.0,0.9998741939663887,88
2025-09-23 14:00:00,SACSI Full,0.2958905680509786,0.006430894136428833,0.0,0.0,0.0,0.0,0.9998671889305115,88
2025-09-23 15:00:00,SACSI Full,0.2947205410707375,0.005991905927658081,0.0,0.0,0.0,0.0,0.9998757719993591,88
2025-09-23 16:00:00,SACSI Full,0.2938369180564463,0.006913095712661743,0.0,0.0,0.0,0.0,0.9998525261878967,88
2025-09-23 17:00:00,SACSI Full,0.2932940877839307,0.007150918245315552,0.0,0.0,0.0,0.0,0.9998546034097672,88
2025-09-23 18:00:00,SACSI Full,0.2929956366916875,0.012464672327041626,0.0,0.0,0.0,0.0,0.999697569012642,88
2025-09-23 19:00:00,SACSI Full,0.29276330059571865,0.015299171209335327,0.0,0.0,0.0,0.0,0.9996656715869903,88
2025-09-23 20:00:00,SACSI Full,0.29246355359915693,0.01207590103149414,0.0,0.0,0.0,0.0,0.9997262492775917,88
2025-09-23 21:00:00,SACSI Full,0.29219412377718884,0.012671053409576416,0.0,0.0,0.0,0.0,0.9997406274080277,88
2025-09-23 22:00:00,SACSI Full,0.29195792132659554,0.014139264822006226,0.0,0.0,0.0,0.0,0.9997025325894356,88
2025-09-23 23:00:00,SACSI Full,0.2917277801716705,0.015957653522491455,0.0,0.0,0.0,0.0,0.9996626630425454,88
2025-09-24 00:00:00,SACSI Full,0.29149990101301476,0.016636252403259277,0.0,0.0,0.0,0.0,0.9996604889631272,88
2025-09-24 01:00:00,SACSI Full,0.2912679434065402,0.015412718057632446,0.0,0.0,0.0,0.0,0.999679510295391,88
2025-09-24 02:00:00,SACSI Full,0.2910327239358803,0.01443415880203247,0.0,0.0,0.0,0.0,0.9997015312314033,88
2025-09-24 03:00:00,SACSI Full,0.2907956487739465,0.013877451419830322,0.0,0.0,0.0,0.0,0.9997168838977813,88
2025-09-24 04:00:00,SACSI Full,0.2905612806562961,0.01468956470489502,0.0,0.0,0.0,0.0,0.9996980875730515,88
2025-09-24 05:00:00,SACSI Full,0.29034629027410164,0.012002885341644287,0.0,0.0,0.0,0.0,0.9997330754995346,88
2025-09-24 06:00:00,SACSI Full,0.2901332315791032,0.012582391500473022,0.0,0.0,0.0,0.0,0.9997425571084023,88
2025-09-24 07:00:00,SACSI Full,0.28970241092010157,0.006753802299499512,0.0,0.0,0.0,0.0,0.9998066380620003,88
2025-09-24 08:00:00,SACSI Full,0.2889380429606022,0.00868961215019226,0.0,0.0,0.0,0.0,0.9998068496584892,88
2025-09-24 09:00:00,SACSI Full,0.29024896872881867,0.016277730464935303,0.0,0.0,0.0,0.0,0.9995985642075539,88
2025-09-24 10:00:00,SACSI Full,0.28885193407658555,0.014389604330062866,0.0,0.0,0.0,0.0,0.99969332665205,88
2025-09-24 11:00:00,SACSI Full,0.2873263668724281,0.026829838752746582,0.0,0.0,0.0,0.0,0.9993390008807183,88
2025-09-24 12:00:00,SACSI Full,0.2856588163690152,0.018234848976135254,0.0,0.0,0.0,0.0,0.9995493531227112,88
2025-09-24 13:00:00,SACSI Full,0.28400925282601336,0.015130937099456787,0.0,0.0,0.0,0.0,0.9996663421392441,88
2025-09-24 14:00:00,SACSI Full,0.28255126692656496,0.013104230165481567,0.0,0.0,0.0,0.0,0.9997176483273505,88
2025-09-24 15:00:00,SACSI Full,0.2813773584250988,0.013327449560165405,0.0,0.0,0.0,0.0,0.9997312188148499,88
2025-09-24 16:00:00,SACSI Full,0.2804607754981897,0.014025121927261353,0.0,0.0,0.0,0.0,0.9997125208377837,88
2025-09-24 17:00:00,SACSI Full,0.2799258482706926,0.02652183175086975,0.0,0.0,0.0,0.0,0.9993445962667465,88
2025-09-24 18:00:00,SACSI Full,0.2796069045706969,0.023316890001296997,0.0,0.0,0.0,0.0,0.9995016127824784,88
2025-09-24 19:00:00,SACSI Full,0.2793882444950324,0.02790197730064392,0.0,0.0,0.0,0.0,0.9993961095809937,88
2025-09-24 20:00:00,SACSI Full,0.27909844574494974,0.023560374975204468,0.0,0.0,0.0,0.0,0.9994853764772414,88
2025-09-24 21:00:00,SACSI Full,0.27880508859757397,0.02249285578727722,0.0,0.0,0.0,0.0,0.9995394676923752,88
2025-09-24 22:00:00,SACSI Full,0.2784937581662716,0.017100870609283447,0.0,0.0,0.0,0.0,0.9996040627360344,88
2025-09-24 23:00:00,SACSI Full,0.2782111529688419,0.017218440771102905,0.0,0.0,0.0,0.0,0.9996544554829597,88
2025-09-25 00:00:00,SACSI Full,0.27855100987795806,0.012457072734832764,0.0,0.0,0.0,0.0,0.9997032448649407,88
2025-09-25 01:00:00,SACSI Full,0.27929077556256265,0.015429705381393433,0.0,0.0,0.0,0.0,0.9996616795659066,88
2025-09-25 02:00:00,SACSI Full,0.2804267831123254,0.008802264928817749,0.0,0.0,0.0,0.0,0.9997576802968978,88
2025-09-25 03:00:00,SACSI Full,0.28053199092113784,0.016562342643737793,0.0,0.0,0.0,0.0,0.999591152369976,88
2025-09-25 04:00:00,SACSI Full,0.28023198712789826,0.011998862028121948,0.0,0.0,0.0,0.0,0.9997143879532814,88
2025-09-25 05:00:00,SACSI Full,0.2823408151909094,0.00914841890335083,0.0,0.0,0.0,0.0,0.9997885271906853,88
2025-09-25 06:00:00,SACSI Full,0.2824470201528451,0.008361488580703735,0.0,0.0,0.0,0.0,0.9998249009251594,88
2025-09-25 07:00:00,SACSI Full,0.2821002890328945,0.006480664014816284,0.0,0.0,0.0,0.0,0.9998515784740447,88
2025-09-25 08:00:00,SACSI Full,0.28191864461624433,0.0070066750049591064,0.0,0.0,0.0,0.0,0.9998546063899993,88
2025-09-25 09:00:00,SACSI Full,0.2870231798804185,0.011860579252243042,0.0,0.0,0.0,0.0,0.9997142493724823,88
2025-09-25 10:00:00,SACSI Full,0.28790469219569176,0.010953694581985474,0.0,0.0,0.0,0.0,0.9997718572616577,88
2025-09-25 11:00:00,SACSI Full,0.287745146195529,0.009136199951171875,0.0,0.0,0.0,0.0,0.9997991010546684,88
2025-09-25 12:00:00,SACSI Full,0.2870839320894461,0.005635768175125122,0.0,0.0,0.0,0.0,0.999852280318737,88
2025-09-25 13:00:00,SACSI Full,0.2862403641585888,0.010429620742797852,0.0,0.0,0.0,0.0,0.9997434690594673,88
2025-09-25 14:00:00,SACSI Full,0.28558172795339243,0.006409138441085815,0.0,0.0,0.0,0.0,0.9998316124081611,88
2025-09-25 15:00:00,SACSI Full,0.2851204296839616,0.006110519170761108,0.0,0.0,0.0,0.0,0.9998748034238816,88
2025-09-25 16:00:00,SACSI Full,0.2847129112295689,0.005244463682174683,0.0,0.0,0.0,0.0,0.9998864501714706,88
2025-09-25 17:00:00,SACSI Full,0.28445800931179344,0.008529424667358398,0.0,0.0,0.0,0.0,0.999796561896801,88
2025-09-25 18:00:00,SACSI Full,0.2842833472009879,0.015601366758346558,0.0,0.0,0.0,0.0,0.9996172532439233,88
2025-09-25 19:00:00,SACSI Full,0.2841192375958345,0.018767118453979492,0.0,0.0,0.0,0.0,0.9995930001139641,88
2025-09-25 20:00:00,SACSI Full,0.2839552208745859,0.018794983625411987,0.0,0.0,0.0,0.0,0.9996238216757773,88
2025-09-25 21:00:00,SACSI Full,0.2837962432293477,0.020306706428527832,0.0,0.0,0.0,0.0,0.9995787486433982,88
2025-09-25 22:00:00,SACSI Full,0.28349144199017506,0.01905962824821472,0.0,0.0,0.0,0.0,0.9996063366532326,88
2025-09-25 23:00:00,SACSI Full,0.2832004762479049,0.014710277318954468,0.0,0.0,0.0,0.0,0.9996623009443284,88
2025-09-26 00:00:00,SACSI Full,0.2832465596918644,0.01582503318786621,0.0,0.0,0.0,0.0,0.9996723517775535,88
2025-09-26 01:00:00,SACSI Full,0.28328909665945984,0.014761090278625488,0.0,0.0,0.0,0.0,0.9996941387653351,88
2025-09-26 02:00:00,SACSI Full,0.2837015038796645,0.017222166061401367,0.0,0.0,0.0,0.0,0.9996309459209441,88
2025-09-26 03:00:00,SACSI Full,0.28344060894612283,0.015231519937515259,0.0,0.0,0.0,0.0,0.9996754631400109,88
2025-09-26 04:00:00,SACSI Full,0.28316131008509604,0.009710341691970825,0.0,0.0,0.0,0.0,0.9997505813837051,88
2025-09-26 05:00:00,SACSI Full,0.2832075832705081,0.01588195562362671,0.0,0.0,0.0,0.0,0.9996206447482109,88
2025-09-26 06:00:00,SACSI Full,0.28326921011570894,0.020488053560256958,0.0,0.0,0.0,0.0,0.9995441779494285,88
2025-09-26 07:00:00,SACSI Full,0.2832673843054354,0.01845225691795349,0.0,0.0,0.0,0.0,0.9996105968952178,88
2025-09-26 08:00:00,SACSI Full,0.282720936262248,0.014565587043762207,0.0,0.0,0.0,0.0,0.9996698215603829,88
2025-09-26 09:00:00,SACSI Full,0.2819091080701729,0.011451542377471924,0.0,0.0,0.0,0.0,0.9997398287057877,88
2025-09-26 10:00:00,SACSI Full,0.28115149530374806,0.010716170072555542,0.0,0.0,0.0,0.0,0.9997783228754997,88
2025-09-26 11:00:00,SACSI Full,0.28029299564722976,0.014450103044509888,0.0,0.0,0.0,0.0,0.9996736586093903,88
2025-09-26 12:00:00,SACSI Full,0.27971062591596246,0.03978908061981201,0.0,0.0,0.0,0.0,0.9989508286118507,88
2025-09-26 13:00:00,SACSI Full,0.27909553022030786,0.046971291303634644,0.0,0.0,0.0,0.0,0.9989887520670891,88
2025-09-26 14:00:00,SACSI Full,0.27868899012291226,0.016037970781326294,0.0,0.0,0.0,0.0,0.9993699073791504,88
2025-09-26 15:00:00,SACSI Full,0.2784317547961453,0.009829401969909668,0.0,0.0,0.0,0.0,0.9997413262724877,88
2025-09-26 16:00:00,SACSI Full,0.2789925062716384,0.01272544264793396,0.0,0.0,0.0,0.0,0.9997165307402611,88
2025-09-26 17:00:00,SACSI Full,0.28102411522431964,0.011482685804367065,0.0,0.0,0.0,0.0,0.999757918715477,88
2025-09-26 18:00:00,SACSI Full,0.2821832761983454,0.015748292207717896,0.0,0.0,0.0,0.0,0.9996423780918121,88
2025-09-26 19:00:00,SACSI Full,0.282374367911456,0.008327513933181763,0.0,0.0,0.0,0.0,0.999759241938591,88
2025-09-26 20:00:00,SACSI Full,0.28218928018613454,0.020973682403564453,0.0,0.0,0.0,0.0,0.9994540646672249,88
2025-09-26 21:00:00,SACSI Full,0.2819989189398666,0.019391626119613647,0.0,0.0,0.0,0.0,0.9995963469147682,88
2025-09-26 22:00:00,SACSI Full,0.2817803460530817,0.019428133964538574,0.0,0.0,0.0,0.0,0.99961107224226,88
2025-09-26 23:00:00,SACSI Full,0.2815310248514394,0.0187036395072937,0.0,0.0,0.0,0.0,0.9996186822652816,88
2025-09-27 00:00:00,SACSI Full,0.2812761008131881,0.017022788524627686,0.0,0.0,0.0,0.0,0.9996427357196808,88
2025-09-27 01:00:00,SACSI Full,0.28106145736261007,0.020606964826583862,0.0,0.0,0.0,0.0,0.9995520189404488,88
2025-09-27 02:00:00,SACSI Full,0.2808301107037445,0.015596002340316772,0.0,0.0,0.0,0.0,0.999637970328331,88
2025-09-27 03:00:00,SACSI Full,0.2805640465573847,0.013680756092071533,0.0,0.0,0.0,0.0,0.9997072324156762,88
2025-09-27 04:00:00,SACSI Full,0.28059071974877314,0.010001957416534424,0.0,0.0,0.0,0.0,0.999763172864914,88
2025-09-27 05:00:00,SACSI Full,0.2807309055841346,0.010055750608444214,0.0,0.0,0.0,0.0,0.999798347055912,88
2025-09-27 06:00:00,SACSI Full,0.2814731654918571,0.007677972316741943,0.0,0.0,0.0,0.0,0.999822662770748,88
2025-09-27 07:00:00,SACSI Full,0.2811794596914827,0.0053882598876953125,0.0,0.0,0.0,0.0,0.9998693376779556,88
2025-09-27 08:00:00,SACSI Full,0.28663701833927424,0.007267594337463379,0.0,0.0,0.0,0.0,0.999835854768753,88
2025-09-27 09:00:00,SACSI Full,0.2862610619159916,0.008213073015213013,0.0,0.0,0.0,0.0,0.9998262837529183,88
2025-09-27 10:00:00,SACSI Full,0.28683843402826575,0.011211633682250977,0.0,0.0,0.0,0.0,0.9997457817196846,88
2025-09-27 11:00:00,SACSI Full,0.2865797250895082,0.01138731837272644,0.0,0.0,0.0,0.0,0.9997704967856408,88
2025-09-27 12:00:00,SACSI Full,0.2856574439585585,0.01231566071510315,0.0,0.0,0.0,0.0,0.9997444033622742,88
2025-09-27 13:00:00,SACSI Full,0.2857128580073892,0.01412421464920044,0.0,0.0,0.0,0.0,0.9996994301676749,88
2025-09-27 14:00:00,SACSI Full,0.28896761767510365,0.014427900314331055,0.0,0.0,0.0,0.0,0.9997084051370622,88
2025-09-27 15:00:00,SACSI Full,0.2889322668485223,0.010394752025604248,0.0,0.0,0.0,0.0,0.9997517734766006,88
2025-09-27 16:00:00,SACSI Full,0.28829972929918557,0.005738735198974609,0.0,0.0,0.0,0.0,0.9998386651277542,88
2025-09-27 17:00:00,SACSI Full,0.29095763442718775,0.007871538400650024,0.0,0.0,0.0,0.0,0.9998212411999703,88
2025-09-27 18:00:00,SACSI Full,0.29103301408493315,0.0076138973236083984,0.0,0.0,0.0,0.0,0.9998451456427574,88
2025-09-27 19:00:00,SACSI Full,0.2914431491434951,0.008040517568588257,0.0,0.0,0.0,0.0,0.9998349234461785,88
2025-09-27 20:00:00,SACSI Full,0.2911712795047342,0.01193910837173462,0.0,0.0,0.0,0.0,0.9997222319245339,88
2025-09-27 21:00:00,SACSI Full,0.29096139773730234,0.013535469770431519,0.0,0.0,0.0,0.0,0.9997133269906044,88
2025-09-27 22:00:00,SACSI Full,0.2906980093427876,0.014483481645584106,0.0,0.0,0.0,0.0,0.9997008502483368,88
2025-09-27 23:00:00,SACSI Full,0.2904776118259012,0.010380744934082031,0.0,0.0,0.0,0.0,0.9997513577342034,88
2025-09-28 00:00:00,SACSI Full,0.29025581906362175,0.00996217131614685,0.0,0.0,0.0,0.0,0.9997965708374977,88
2025-09-28 01:00:00,SACSI Full,0.29102963045879005,0.008643418550491333,0.0,0.0,0.0,0.0,0.9998139441013336,88
2025-09-28 02:00:00,SACSI Full,0.29339979338371547,0.004548877477645874,0.0,0.0,0.0,0.0,0.9998680770397187,88
2025-09-28 03:00:00,SACSI Full,0.2968791366883496,0.0033029913902282715,0.0,0.0,0.0,0.0,0.9999214813113212,88
2025-09-28 04:00:00,SACSI Full,0.304750211011209,0.0038222968578338623,0.0,0.0,0.0,0.0,0.9999183610081672,88
2025-09-28 05:00:00,SACSI Full,0.3052568957285463,0.003005415201187134,0.0,0.0,0.0,0.0,0.9999317228794098,88
2025-09-28 06:00:00,SACSI Full,0.3050697730354845,0.003363192081451416,0.0,0.0,0.0,0.0,0.9999291583895683,88
2025-09-28 07:00:00,SACSI Full,0.30476829776966363,0.003057420253753662,0.0,0.0,0.0,0.0,0.9999357938766479,88
2025-09-28 08:00:00,SACSI Full,0.304069962618786,0.0029994547367095947,0.0,0.0,0.0,0.0,0.9999394312500954,88
2025-09-28 09:00:00,SACSI Full,0.30378639953656783,0.00393107533454895,0.0,0.0,0.0,0.0,0.9999120622873305,88
2025-09-28 10:00:00,SACSI Full,0.30366793607198983,0.004460960626602173,0.0,0.0,0.0,0.0,0.9999054819345474,88
2025-09-28 11:00:00,SACSI Full,0.30388706320249825,0.0057381391525268555,0.0,0.0,0.0,0.0,0.9998724654316902,88
2025-09-28 12:00:00,SACSI Full,0.30269013389710375,0.006421208381652832,0.0,0.0,0.0,0.0,0.9998647451400757,88
2025-09-28 13:00:00,SACSI Full,0.3014664562452216,0.006896704435348511,0.0,0.0,0.0,0.0,0.999857310950756,88
2025-09-28 14:00:00,SACSI Full,0.3014095569622893,0.005930215120315552,0.0,0.0,0.0,0.0,0.9998717308044434,88
2025-09-28 15:00:00,SACSI Full,0.30074444681211104,0.006466954946517944,0.0,0.0,0.0,0.0,0.9998652935028076,88
2025-09-28 16:00:00,SACSI Full,0.3009101824383318,0.0047206878662109375,0.0,0.0,0.0,0.0,0.9998881235718727,88
2025-09-28 17:00:00,SACSI Full,0.3020850618009149,0.00546380877494812,0.0,0.0,0.0,0.0,0.9998832926154136,88
2025-09-28 18:00:00,SACSI Full,0.30181755697770707,0.004748553037643433,0.0,0.0,0.0,0.0,0.9998978763818741,88
2025-09-28 19:00:00,SACSI Full,0.30158392921650207,0.0064116716384887695,0.0,0.0,0.0,0.0,0.9998551353812217,88
2025-09-28 20:00:00,SACSI Full,0.3013749939382453,0.005319416522979736,0.0,0.0,0.0,0.0,0.9998826891183853,88
2025-09-28 21:00:00,SACSI Full,0.3011658758724113,0.005264580249786377,0.0,0.0,0.0,0.0,0.9998941600322724,88
2025-09-28 22:00:00,SACSI Full,0.3009857765933255,0.005470216274261475,0.0,0.0,0.0,0.0,0.99988853931427,88
2025-09-28 23:00:00,SACSI Full,0.3008316448398808,0.004760473966598511,0.0,0.0,0.0,0.0,0.9998976930975915,88
2025-09-29 00:00:00,SACSI Full,0.30067767799262,0.004809945821762085,0.0,0.0,0.0,0.0,0.9999033063650131,88
2025-09-29 01:00:00,SACSI Full,0.3005263695125162,0.0056074559688568115,0.0,0.0,0.0,0.0,0.9998798757791518,88
2025-09-29 02:00:00,SACSI Full,0.30037448435747416,0.00543445348739624,0.0,0.0,0.0,0.0,0.9998895809054374,88
2025-09-29 03:00:00,SACSI Full,0.30022312571012766,0.005592405796051025,0.0,0.0,0.0,0.0,0.9998865723609924,88
2025-09-29 04:00:00,SACSI Full,0.3000715922224898,0.005539953708648682,0.0,0.0,0.0,0.0,0.9998886764049529,88
2025-09-29 05:00:00,SACSI Full,0.2999188050504902,0.005163848400115967,0.0,0.0,0.0,0.0,0.9998929619789124,88
2025-09-29 06:00:00,SACSI Full,0.29976693429990403,0.005438774824142456,0.0,0.0,0.0,0.0,0.9998884752392769,88
2025-09-29 07:00:00,SACSI Full,0.30074687470082234,0.0044821202754974365,0.0,0.0,0.0,0.0,0.9999007910490036,88
2025-09-29 08:00:00,SACSI Full,0.3016628802582005,0.004301667213439941,0.0,0.0,0.0,0.0,0.9999121621251106,88
2025-09-29 09:00:00,SACSI Full,0.30065972155058174,0.005052387714385986,0.0,0.0,0.0,0.0,0.9998914450407028,88
2025-09-29 10:00:00,SACSI Full,0.2999117205242693,0.009099692106246948,0.0,0.0,0.0,0.0,0.9997775331139565,88
2025-09-29 11:00:00,SACSI Full,0.29911209836447034,0.010613352060317993,0.0,0.0,0.0,0.0,0.999772596359253,88
2025-09-29 12:00:00,SACSI Full,0.3026736965644736,0.01897946000099182,0.0,0.0,0.0,0.0,0.9995367497205735,88
2025-09-29 13:00:00,SACSI Full,0.30412281293674104,0.008734911680221558,0.0,0.0,0.0,0.0,0.9997228562831879,88
2025-09-29 14:00:00,SACSI Full,0.30971728798671355,0.009842514991760254,0.0,0.0,0.0,0.0,0.9997920736670495,88
2025-09-29 15:00:00,SACSI Full,0.31316308675094234,0.00573962926864624,0.0,0.0,0.0,0.0,0.9998441785573959,88
2025-09-29 16:00:00,SACSI Full,0.3215904888912418,0.01522064208984375,0.0,0.0,0.0,0.0,-0.15944811209418921,88
2025-09-29 17:00:00,SACSI Full,0.32360369490984864,0.005961805582046509,0.0,0.0,0.0,0.0,-0.36058131546158206,88
2025-09-29 18:00:00,SACSI Full,0.32444338612838375,0.002907365560531616,0.0,0.0,0.0,0.0,-0.44442730454979995,88
2025-09-29 19:00:00,SACSI Full,0.32464076490684135,0.0017136335372924805,0.0,0.0,0.0,0.0,-0.46412270067511263,88
2025-09-29 20:00:00,SACSI Full,0.3349081275197246,0.005708783864974976,0.0,0.0,0.0,0.0,-1.4909668791530353,88
2025-09-29 21:00:00,SACSI Full,0.33483139468395495,0.002480149269104004,0.0,0.0,0.0,0.0,-1.4832213577268354,88
2025-09-29 22:00:00,SACSI Full,0.33478404670679357,0.002795606851577759,0.0,0.0,0.0,0.0,-1.4784637373922127,88
2025-09-29 23:00:00,SACSI Full,0.3347359705595552,0.002577155828475952,0.0,0.0,0.0,0.0,-1.4736507835823172,88
2025-09-30 00:00:00,SACSI Full,0.33465871866667063,0.002324432134628296,0.0,0.0,0.0,0.0,-1.4659208825466932,88
2025-09-30 01:00:00,SACSI Full,0.33461000276291164,0.0023852288722991943,0.0,0.0,0.0,0.0,-1.461048588835986,88
2025-09-30 02:00:00,SACSI Full,0.33557399059577575,0.006196349859237671,0.0,0.0,0.0,0.0,-1.5575610977846284,88
2025-09-30 03:00:00,SACSI Full,0.33682676718993776,0.009832978248596191,0.0,0.0,0.0,0.0,-1.6829097448426407,88
2025-09-30 04:00:00,SACSI Full,0.3367216568140565,0.0024668872356414795,0.0,0.0,0.0,0.0,-1.6722886800604941,88
2025-09-30 05:00:00,SACSI Full,0.3386282425908624,0.014475733041763306,0.0,0.0,0.0,0.0,-1.863233862205134,88
2025-09-30 06:00:00,SACSI Full,0.33849732313835407,0.0032241642475128174,0.0,0.0,0.0,0.0,-1.8499093128082988,88
2025-09-30 07:00:00,SACSI Full,0.3388373640938976,0.00401228666305542,0.0,0.0,0.0,0.0,-1.8838245363471746,88
2025-09-30 08:00:00,SACSI Full,0.33819333178881594,0.0022903084754943848,0.0,0.0,0.0,0.0,-1.819396204832979,88
2025-09-30 09:00:00,SACSI Full,0.34066561637365605,0.013685375452041626,0.0,0.0,0.0,0.0,-2.066949295544411,88
2025-09-30 10:00:00,SACSI Full,0.3395432478114345,0.00328943133354187,0.0,0.0,0.0,0.0,-1.9544945292113074,88
2025-09-30 11:00:00,SACSI Full,0.3383910578994332,0.004843026399612427,0.0,0.0,0.0,0.0,-1.8392181864219712,88
2025-09-30 12:00:00,SACSI Full,0.33759881257656993,0.0043264031410217285,0.0,0.0,0.0,0.0,-1.7599729519523986,88
2025-09-30 13:00:00,SACSI Full,0.3380637429360924,0.006979107856750488,0.0,0.0,0.0,0.0,-1.8065404028135343,88
2025-09-30 14:00:00,SACSI Full,0.3369340972563007,0.0031062960624694824,0.0,0.0,0.0,0.0,-1.6935105796692607,88
2025-09-30 15:00:00,SACSI Full,0.33575371744596744,0.002886056900024414,0.0,0.0,0.0,0.0,-1.5754316681263678,88
2025-09-30 16:00:00,SACSI Full,0.33488418970548894,0.0026416778564453125,0.0,0.0,0.0,0.0,-1.4884742478964583,88
2025-09-30 17:00:00,SACSI Full,0.3344749620879072,0.004731714725494385,0.0,0.0,0.0,0.0,-1.447611743453922,88
2025-09-30 18:00:00,SACSI Full,0.334407733212747,0.0053313374519348145,0.0,0.0,0.0,0.0,-1.4408859442510051,88
2025-09-30 19:00:00,SACSI Full,0.3343649837339301,0.004175156354904175,0.0,0.0,0.0,0.0,-1.4365934383310766,88
2025-09-30 20:00:00,SACSI Full,0.3342890053936222,0.00270649790763855,0.0,0.0,0.0,0.0,-1.4289693559048464,88
2025-09-30 21:00:00,SACSI Full,0.33421141971472695,0.0022242963314056396,0.0,0.0,0.0,0.0,-1.4211912794150852,88
2025-09-30 22:00:00,SACSI Full,0.33413596241835547,0.0028628110885620117,0.0,0.0,0.0,0.0,-1.4136598832048892,88
2025-09-30 23:00:00,SACSI Full,0.334060409257847,0.0028340518474578857,0.0,0.0,0.0,0.0,-1.4060978944140619,88
2025-10-01 00:00:00,SACSI Full,0.3339864376072466,0.003308504819869995,0.0,0.0,0.0,0.0,-1.398714675350782,88
2025-10-01 01:00:00,SACSI Full,0.3339110354451716,0.0028793513774871826,0.0,0.0,0.0,0.0,-1.3911654230791317,88
2025-10-01 02:00:00,SACSI Full,0.3338638523741941,0.002845078706741333,0.0,0.0,0.0,0.0,-1.3864424817202496,88
2025-10-01 03:00:00,SACSI Full,0.3338163007478297,0.0027345120906829834,0.0,0.0,0.0,0.0,-1.3816858706909434,88
2025-10-01 04:00:00,SACSI Full,0.33379665528817776,0.0026063621044158936,0.0,0.0,0.0,0.0,-1.379718937559726,88
2025-10-01 05:00:00,SACSI Full,0.33374891988082533,0.002679377794265747,0.0,0.0,0.0,0.0,-1.3749463057953166,88
2025-10-01 06:00:00,SACSI Full,0.33364480142557423,0.002764463424682617,0.0,0.0,0.0,0.0,-1.3645362826822205,88
2025-10-01 07:00:00,SACSI Full,0.33328948127631153,0.0039039552211761475,0.0,0.0,0.0,0.0,-1.3290376016535406,88
2025-10-01 08:00:00,SACSI Full,0.33252995943987174,0.001643449068069458,0.0,0.0,0.0,0.0,-1.2530514180300654,88
2025-10-01 09:00:00,SACSI Full,0.33134825342619223,0.0024881958961486816,0.0,0.0,0.0,0.0,-1.134883554005426,88
2025-10-01 10:00:00,SACSI Full,0.32982797941410347,0.0029177963733673096,0.0,0.0,0.0,0.0,-0.9828605933425856,88
2025-10-01 11:00:00,SACSI Full,0.32810981314305265,0.0030501186847686768,0.0,0.0,0.0,0.0,-0.811043639902074,88
2025-10-01 12:00:00,SACSI Full,0.32630767902576724,0.003359764814376831,0.0,0.0,0.0,0.0,-0.6308381943343068,88
2025-10-01 13:00:00,SACSI Full,0.3252285280645271,0.003254711627960205,0.0,0.0,0.0,0.0,-0.5229189512171349,88
2025-10-01 14:00:00,SACSI Full,0.3237932550458491,0.0029180943965911865,0.0,0.0,0.0,0.0,-0.3793872326451553,88
2025-10-01 15:00:00,SACSI Full,0.3224984054402888,0.0025451183319091797,0.0,0.0,0.0,0.0,-0.2498951761561637,88
2025-10-01 16:00:00,SACSI Full,0.3216575408455114,0.002740621566772461,0.0,0.0,0.0,0.0,-0.16581085201482368,88
2025-10-01 17:00:00,SACSI Full,0.32119031936450604,0.004333555698394775,0.0,0.0,0.0,0.0,-0.1191345369058873,88
2025-10-01 18:00:00,SACSI Full,0.32100079162402756,0.0026416778564453125,0.0,0.0,0.0,0.0,-0.10014891473830367,88
2025-10-01 19:00:00,SACSI Full,0.3209500958526513,0.0017912685871124268,0.0,0.0,0.0,0.0,-0.09505391472956229,88
2025-10-01 20:00:00,SACSI Full,0.32095689823273627,0.0020407140254974365,0.0,0.0,0.0,0.0,-0.09573313200851966,88
2025-10-01 21:00:00,SACSI Full,0.3212990431193889,0.0026434659957885742,0.0,0.0,0.0,0.0,-0.12996320877850742,88
2025-10-01 22:00:00,SACSI Full,0.32130793265545177,0.002666860818862915,0.0,0.0,0.0,0.0,-0.130846836709784,88
2025-10-01 23:00:00,SACSI Full,0.32131498239481254,0.002114921808242798,0.0,0.0,0.0,0.0,-0.13154605730752467,88
2025-10-02 00:00:00,SACSI Full,0.3213216526512683,0.0020010769367218018,0.0,0.0,0.0,0.0,-0.13220642511427647,88
2025-10-02 01:00:00,SACSI Full,0.3299773373934011,0.005205422639846802,0.0,0.0,0.0,0.0,-0.9978698912499402,88
2025-10-02 02:00:00,SACSI Full,0.3303185519508898,0.0023643672466278076,0.0,0.0,0.0,0.0,-1.0319308929878468,88
2025-10-02 03:00:00,SACSI Full,0.3303241994909823,0.0016942620277404785,0.0,0.0,0.0,0.0,-1.0324605353909726,88
2025-10-02 04:00:00,SACSI Full,0.33662788991017945,0.008107125759124756,0.0,0.0,0.0,0.0,-1.6630152621704402,88
2025-10-02 05:00:00,SACSI Full,0.34230558416410095,0.011808276176452637,0.0,0.0,0.0,0.0,-2.230831593437797,88
2025-10-02 06:00:00,SACSI Full,0.3425689850549281,0.0045202672481536865,0.0,0.0,0.0,0.0,-2.2570617909270565,88
2025-10-02 07:00:00,SACSI Full,0.3483875843735914,0.022079795598983765,0.0,0.0,0.0,0.0,-2.8393756285546283,88
2025-10-02 08:00:00,SACSI Full,0.34892964085225076,0.007116943597793579,0.0,0.0,0.0,0.0,-2.8932560526170428,88
2025-10-02 09:00:00,SACSI Full,0.3484853019726655,0.004698336124420166,0.0,0.0,0.0,0.0,-2.8486483500637685,88
2025-10-02 10:00:00,SACSI Full,0.3475001199074964,0.003945380449295044,0.0,0.0,0.0,0.0,-2.7500984279153777,88
2025-10-02 11:00:00,SACSI Full,0.34657090228044796,0.0057347118854522705,0.0,0.0,0.0,0.0,-2.6572228155968656,88
2025-10-02 12:00:00,SACSI Full,0.34544200761918037,0.003331601619720459,0.0,0.0,0.0,0.0,-2.5442914250530877,88
2025-10-02 13:00:00,SACSI Full,0.3437258296597382,0.0036466121673583984,0.0,0.0,0.0,0.0,-2.3726590483226424,88
2025-10-02 14:00:00,SACSI Full,0.34206489878300633,0.0032207369804382324,0.0,0.0,0.0,0.0,-2.206558551792111,88
2025-10-02 15:00:00,SACSI Full,0.34079949612422594,0.002879202365875244,0.0,0.0,0.0,0.0,-2.0800106118160566,88
2025-10-02 16:00:00,SACSI Full,0.3399601037641745,0.0031822919845581055,0.0,0.0,0.0,0.0,-1.996077053153329,88
2025-10-02 17:00:00,SACSI Full,0.3395804303817333,0.00509798526763916,0.0,0.0,0.0,0.0,-1.958164154811513,88
2025-10-02 18:00:00,SACSI Full,0.3394940855348489,0.008096545934677124,0.0,0.0,0.0,0.0,-1.949600470010252,88
2025-10-02 19:00:00,SACSI Full,0.33947294174635223,0.010656863451004028,0.0,0.0,0.0,0.0,-1.9475329150794058,88
2025-10-02 20:00:00,SACSI Full,0.3394512749270977,0.010499954223632812,0.0,0.0,0.0,0.0,-1.9453390608865158,88
2025-10-02 21:00:00,SACSI Full,0.33939536100033735,0.00872582197189331,0.0,0.0,0.0,0.0,-1.9397283577956892,88
2025-10-02 22:00:00,SACSI Full,0.33933797285202955,0.008283555507659912,0.0,0.0,0.0,0.0,-1.9339673789777494,88
2025-10-02 23:00:00,SACSI Full,0.33930360279285726,0.006688982248306274,0.0,0.0,0.0,0.0,-1.930510004663285,88
2025-10-03 00:00:00,SACSI Full,0.3392748827573043,0.008383989334106445,0.0,0.0,0.0,0.0,-1.927672905587967,88
2025-10-03 01:00:00,SACSI Full,0.3392682122354092,0.006498843431472778,0.0,0.0,0.0,0.0,-1.9269700518685755,88
2025-10-03 02:00:00,SACSI Full,0.33923793800874374,0.007917732000350952,0.0,0.0,0.0,0.0,-1.9239663444000696,88
2025-10-03 03:00:00,SACSI Full,0.33923116069519343,0.006466805934906006,0.0,0.0,0.0,0.0,-1.9232599148986953,88
2025-10-03 04:00:00,SACSI Full,0.34060652821743315,0.012610256671905518,0.0,0.0,0.0,0.0,-2.060966461384122,88
2025-10-03 05:00:00,SACSI Full,0.34163901970271093,0.009747445583343506,0.0,0.0,0.0,0.0,-2.1641255472936454,88
2025-10-03 06:00:00,SACSI Full,0.34161164921565673,0.008788853883743286,0.0,0.0,0.0,0.0,-2.1613502845603434,88
2025-10-03 07:00:00,SACSI Full,0.3413539771720154,0.007698386907577515,0.0,0.0,0.0,0.0,-2.1355625896094503,88
2025-10-03 08:00:00,SACSI Full,0.34060070239905343,0.0035175681114196777,0.0,0.0,0.0,0.0,-2.0601823994555324,88
2025-10-03 09:00:00,SACSI Full,0.33936121759537685,0.0021545588970184326,0.0,0.0,0.0,0.0,-1.9361784808077689,88
2025-10-03 10:00:00,SACSI Full,0.33772494840586015,0.0021192431449890137,0.0,0.0,0.0,0.0,-1.7725375786064343,88
2025-10-03 11:00:00,SACSI Full,0.33961852828546196,0.01207396388053894,0.0,0.0,0.0,0.0,-1.962193855031162,88
2025-10-03 12:00:00,SACSI Full,0.33979836537166264,0.004451125860214233,0.0,0.0,0.0,0.0,-1.9800017880636704,88
2025-10-03 13:00:00,SACSI Full,0.33980569806937205,0.0036998093128204346,0.0,0.0,0.0,0.0,-1.980651316288935,88
2025-10-03 14:00:00,SACSI Full,0.33825586733861596,0.002550780773162842,0.0,0.0,0.0,0.0,-1.8256492397624546,88
2025-10-03 15:00:00,SACSI Full,0.350541031664525,0.0670836865901947,0.0,0.018034388817498838,0.0,0.0,-3.0560901692424727,88
2025-10-03 16:00:00,SACSI Full,0.350946969946904,0.006347149610519409,0.0,0.031565664896800176,0.0,0.0,-3.0954313030524063,88
2025-10-03 17:00:00,SACSI Full,0.35050660394419697,0.0037769973278045654,0.0,0.01688679813990035,1.4210854715202004e-14,0.0,-3.05076163588908,88
2025-10-03 18:00:00,SACSI Full,0.3504039124485505,0.008156299591064453,0.0,0.013463748285016664,0.0,0.0,-3.0405981638695043,88
2025-10-03 19:00:00,SACSI Full,0.3503406218134748,0.009366869926452637,0.0,0.011354060449160387,0.0,0.0,-3.0342616244493628,88
2025-10-03 20:00:00,SACSI Full,0.35027027578002695,0.013405382633209229,0.0,0.009009192667565459,0.0,0.0,-3.027336070782426,88
2025-10-03 21:00:00,SACSI Full,0.3501926073791369,0.008619725704193115,0.0,0.006420245971229122,0.0,0.0,-3.019480988997061,88
2025-10-03 22:00:00,SACSI Full,0.3501240500520871,0.009067803621292114,0.0,0.004135001736236177,0.0,0.0,-3.0125908420603036,88
2025-10-03 23:00:00,SACSI Full,0.3500566603864914,0.0071717798709869385,0.0,0.0018886795497124354,0.0,0.0,-3.0058284344840636,88
2025-10-04 00:00:00,SACSI Full,0.35001243866470627,0.01264810562133789,0.0,0.00041462215687602114,0.0,0.0,-3.0015515918405566,88
2025-10-04 01:00:00,SACSI Full,0.3500007719113872,0.022025704383850098,0.0,2.573037957347424e-05,0.0,0.0,-3.000611481214019,88
2025-10-04 02:00:00,SACSI Full,0.3499865971305416,0.021247565746307373,0.0,0.0,0.0,0.0,-2.9990924457554593,88
2025-10-04 03:00:00,SACSI Full,0.3499499409678028,0.014503151178359985,0.0,0.0,0.0,0.0,-2.995351603949526,88
2025-10-04 04:00:00,SACSI Full,0.3498957215343362,0.017734169960021973,0.0,0.0,0.0,0.0,-2.9899591470206346,88
2025-10-04 05:00:00,SACSI Full,0.3498346028632368,0.015664398670196533,0.0,0.0,0.0,0.0,-2.9837942720099826,88
2025-10-04 06:00:00,SACSI Full,0.35031684359333926,0.014733672142028809,0.0,0.010561453111307628,0.0,0.0,-3.0319883400420466,88
2025-10-04 07:00:00,SACSI Full,0.357816301123339,0.012380629777908325,0.0,0.26054337077796674,0.0,0.0,-3.7819012553530995,88
2025-10-04 08:00:00,SACSI Full,0.35631058477214406,0.005137920379638672,0.0,0.21035282573813419,-1.4210854715202004e-14,0.0,-3.6312336627159807,88
2025-10-04 09:00:00,SACSI Full,0.3546459214448759,0.003965049982070923,0.0,0.15486404816252844,0.0,0.0,-3.4646831741912054,88
2025-10-04 10:00:00,SACSI Full,0.3528677537395801,0.004141479730606079,0.0,0.09559179131933747,0.0,0.0,-3.286859967850109,88
2025-10-04 11:00:00,SACSI Full,0.35138838692661345,0.003969520330429077,0.0,0.046279564220446906,0.0,0.0,-3.1389198026619547,88
2025-10-04 12:00:00,SACSI Full,0.35173251461979343,0.011488795280456543,0.0,0.057750487326447345,0.0,0.0,-3.173556430634452,88
2025-10-04 13:00:00,SACSI Full,0.35118005095669563,0.007095932960510254,0.0,0.03933503188985413,0.0,0.0,-3.1181909429519723,88
2025-10-04 14:00:00,SACSI Full,0.3507836445472443,0.006699562072753906,0.0,0.026121484908144057,0.0,0.0,-3.078502409674763,88
2025-10-04 15:00:00,SACSI Full,0.35055017128686344,0.005297064781188965,0.0,0.018339042895448188,0.0,0.0,-3.055137094954883,88
2025-10-04 16:00:00,SACSI Full,0.34979852918446297,0.00400736927986145,0.0,0.0,0.0,0.0,-2.9799459627869065,88
2025-10-04 17:00:00,SACSI Full,0.34937528675933915,0.009027272462844849,0.0,0.0,0.0,0.0,-2.9377594204150013,88
2025-10-04 18:00:00,SACSI Full,0.3492458350370351,0.020664483308792114,0.0,0.0,0.0,0.0,-2.9251131654781446,88
2025-10-04 19:00:00,SACSI Full,0.34912297486047184,0.014141947031021118,0.0,0.0,0.0,0.0,-2.9126455503505806,88
2025-10-04 20:00:00,SACSI Full,0.34899923551539813,0.013878196477890015,0.0,0.0,0.0,0.0,-2.9002037529749014,88
2025-10-04 21:00:00,SACSI Full,0.34889912868400647,0.012467950582504272,0.0,0.0,0.0,0.0,-2.8901763298712497,88
2025-10-04 22:00:00,SACSI Full,0.3488280744153284,0.012683719396591187,0.0,0.0,0.0,0.0,-2.883063273608915,88
2025-10-04 23:00:00,SACSI Full,0.3487277400928759,0.01239970326423645,0.0,0.0,0.0,0.0,-2.8730248435141954,88
2025-10-05 00:00:00,SACSI Full,0.3485979161069813,0.012052804231643677,0.0,0.0,0.0,0.0,-2.8600361357730906,88
2025-10-05 01:00:00,SACSI Full,0.3484745562448127,0.01399204134941101,0.0,0.0,0.0,0.0,-2.8477548576794374,88
2025-10-05 02:00:00,SACSI Full,0.348378039599858,0.013545006513595581,0.0,0.0,0.0,0.0,-2.8380793304644323,88
2025-10-05 03:00:00,SACSI Full,0.3482483293594939,0.012086927890777588,0.0,0.0,0.0,0.0,-2.8250892552934337,88
2025-10-05 04:00:00,SACSI Full,0.3481222371210677,0.013172328472137451,0.0,0.0,0.0,0.0,-2.8124980126820267,88
2025-10-05 05:00:00,SACSI Full,0.34799446949541796,0.01266971230506897,0.0,0.0,0.0,0.0,-2.7997053699495673,88
2025-10-05 06:00:00,SACSI Full,0.3478378574266059,0.012516379356384277,0.0,0.0,0.0,0.0,-2.7840376035772025,88
2025-10-05 07:00:00,SACSI Full,0.3475054751314742,0.010785311460494995,0.0,0.0,0.0,0.0,-2.7507805300555854,88
2025-10-05 08:00:00,SACSI Full,0.3468087418554249,0.0034800171852111816,0.0,0.0,0.0,0.0,-2.6810168388289437,88
2025-10-05 09:00:00,SACSI Full,0.34585571515858393,0.0030919909477233887,0.0,0.0,0.0,0.0,-2.5856372359397217,88
2025-10-05 10:00:00,SACSI Full,0.344756959354681,0.0038732588291168213,0.0,0.0,0.0,0.0,-2.475781213323494,88
2025-10-05 11:00:00,SACSI Full,0.3431796684986375,0.0028127431869506836,0.0,0.0,0.0,0.0,-2.318033709883911,88
2025-10-05 12:00:00,SACSI Full,0.3421307751073462,0.0038319826126098633,0.0,0.0,0.0,0.0,-2.2131643427811265,88
2025-10-05 13:00:00,SACSI Full,0.3414269098645471,0.0053404271602630615,0.0,0.0,0.0,0.0,-2.1428128794433916,88
2025-10-05 14:00:00,SACSI Full,0.3401329533352477,0.0028130412101745605,0.0,0.0,0.0,0.0,-2.0133768682084714,88
2025-10-05 15:00:00,SACSI Full,0.3389234757620118,0.0026567280292510986,0.0,0.0,0.0,0.0,-1.8924022738935753,88
2025-10-05 16:00:00,SACSI Full,0.3380828133263213,0.002801269292831421,0.0,0.0,0.0,0.0,-1.8083388034306203,88
2025-10-05 17:00:00,SACSI Full,0.33764459275067077,0.004533827304840088,0.0,0.0,0.0,0.0,-1.7645672771932932,88
2025-10-05 18:00:00,SACSI Full,0.3375290498063984,0.007837116718292236,0.0,0.0,0.0,0.0,-1.7530947558683414,88
2025-10-05 19:00:00,SACSI Full,0.3373445382934831,0.004146546125411987,0.0,0.0,0.0,0.0,-1.7345736659767463,88
2025-10-05 20:00:00,SACSI Full,0.33718820464511934,0.004099905490875244,0.0,0.0,0.0,0.0,-1.718902929028096,88
2025-10-05 21:00:00,SACSI Full,0.33708901102364286,0.004241913557052612,0.0,0.0,0.0,0.0,-1.7089873607160881,88
2025-10-05 22:00:00,SACSI Full,0.336990566433869,0.004466623067855835,0.0,0.0,0.0,0.0,-1.6991482229433632,88
2025-10-05 23:00:00,SACSI Full,0.33689222615222353,0.004497915506362915,0.0,0.0,0.0,0.0,-1.6893128864568645,88
2025-10-06 00:00:00,SACSI Full,0.3367943547604503,0.004638582468032837,0.0,0.0,0.0,0.0,-1.6795296543640044,88
2025-10-06 01:00:00,SACSI Full,0.33672698233743725,0.005288273096084595,0.0,0.0,0.0,0.0,-1.6728104961119268,88
2025-10-06 02:00:00,SACSI Full,0.33663245923658425,0.005643069744110107,0.0,0.0,0.0,0.0,-1.6633623330197864,88
2025-10-06 03:00:00,SACSI Full,0.3365360064353567,0.005064159631729126,0.0,0.0,0.0,0.0,-1.653707715829427,88
2025-10-06 04:00:00,SACSI Full,0.33641182081759186,0.005244314670562744,0.0,0.0,0.0,0.0,-1.6412887696029845,88
2025-10-06 05:00:00,SACSI Full,0.3362921115086497,0.006587207317352295,0.0,0.0,0.0,0.0,-1.6293563239377826,88
2025-10-06 06:00:00,SACSI Full,0.33617284774442724,0.006720870733261108,0.0,0.0,0.0,0.0,-1.6174205284915475,88
2025-10-06 07:00:00,SACSI Full,0.33584981768350014,0.005090981721878052,0.0,0.0,0.0,0.0,-1.5850998868745647,88
2025-10-06 08:00:00,SACSI Full,0.3350363153630516,0.0024493038654327393,0.0,0.0,0.0,0.0,-1.5037069391610343,88
2025-10-06 09:00:00,SACSI Full,0.3337682488733551,0.0020800530910491943,0.0,0.0,0.0,0.0,-1.376870180905074,88
2025-10-06 10:00:00,SACSI Full,0.3321618483334801,0.0025798380374908447,0.0,0.0,0.0,0.0,-1.216241427958225,88
2025-10-06 11:00:00,SACSI Full,0.33032736849685723,0.0021560490131378174,0.0,0.0,0.0,0.0,-1.0327842085562289,88
2025-10-06 12:00:00,SACSI Full,0.32840769494513883,0.0020979344844818115,0.0,0.0,0.0,0.0,-0.8408120343488583,88
2025-10-06 13:00:00,SACSI Full,0.3265468373042366,0.0027427077293395996,0.0,0.0,0.0,0.0,-0.6547450323106963,88
2025-10-06 14:00:00,SACSI Full,0.32491142691831004,0.0023768842220306396,0.0,0.0,0.0,0.0,-0.49119388775051726,88
2025-10-06 15:00:00,SACSI Full,0.3236164039625745,0.0024931132793426514,0.0,0.0,0.0,0.0,-0.361691420813611,88
2025-10-06 16:00:00,SACSI Full,0.32265912695785576,0.0018168985843658447,0.0,0.0,0.0,0.0,-0.2659557959042122,88
2025-10-06 17:00:00,SACSI Full,0.32216016722818425,0.0033120810985565186,0.0,0.0,0.0,0.0,-0.21609791626553704,88
2025-10-06 18:00:00,SACSI Full,0.3219987681784253,0.00258028507232666,0.0,0.0,0.0,0.0,-0.19993574150424023,88
2025-10-06 19:00:00,SACSI Full,0.3218653041042905,0.002460777759552002,0.0,0.0,0.0,0.0,-0.1865808210573665,88
2025-10-06 20:00:00,SACSI Full,0.32173213556985264,0.0025494396686553955,0.0,0.0,0.0,0.0,-0.17326543239772746,88
2025-10-06 21:00:00,SACSI Full,0.32159850410600704,0.0024105608463287354,0.0,0.0,0.0,0.0,-0.15990001060585354,88
2025-10-06 22:00:00,SACSI Full,0.32146434414764447,0.0022520124912261963,0.0,0.0,0.0,0.0,-0.1464810404978214,88
2025-10-06 23:00:00,SACSI Full,0.32127339135945043,0.0022141635417938232,0.0,0.0,0.0,0.0,-0.12738379770537286,88
2025-10-07 00:00:00,SACSI Full,0.3210537242649019,0.0020998716354370117,0.0,0.0,0.0,0.0,-0.1054155668419635,88
2025-10-07 01:00:00,SACSI Full,0.320863375967147,0.0023955106735229492,0.0,0.0,0.0,0.0,-0.08638846331854864,88
2025-10-07 02:00:00,SACSI Full,0.3206723024795473,0.0021779537200927734,0.0,0.0,0.0,0.0,-0.06727598259866659,88
2025-10-07 03:00:00,SACSI Full,0.3204536089275301,0.0023919343948364258,0.0,0.0,0.0,0.0,-0.045410871247654416,88
2025-10-07 04:00:00,SACSI Full,0.3202353743312777,0.002529621124267578,0.0,0.0,0.0,0.0,-0.023589402417547898,88
2025-10-07 05:00:00,SACSI Full,0.32001810930391356,0.0028204917907714844,0.0,0.0,0.0,0.0,-0.0018702489338354056,88
2025-10-07 06:00:00,SACSI Full,0.3197996725485743,0.002468973398208618,0.0,0.0,0.0,0.0,0.9999471053481103,88
2025-10-07 07:00:00,SACSI Full,0.31935548902491934,0.0027449429035186768,0.0,0.0,0.0,0.0,0.9999423414468764,88
2025-10-07 08:00:00,SACSI Full,0.31854137824038875,0.0022667646408081055,0.0,0.0,0.0,0.0,0.9999498829245568,88
2025-10-07 09:00:00,SACSI Full,0.3173318544735532,0.0026428699493408203,0.0,0.0,0.0,0.0,0.9999433815479278,88
2025-10-07 10:00:00,SACSI Full,0.3158126866243304,0.003249645233154297,0.0,0.0,0.0,0.0,0.9999289393424987,88
2025-10-07 11:00:00,SACSI Full,0.3141245375178278,0.0035552680492401123,0.0,0.0,0.0,0.0,0.9999258384108544,88
2025-10-07 12:00:00,SACSI Full,0.31271222607672416,0.003306567668914795,0.0,0.0,0.0,0.0,0.9999313816428185,88
2025-10-07 13:00:00,SACSI Full,0.31149547039250736,0.002473294734954834,0.0,0.0,0.0,0.0,0.9999422013759612,88
2025-10-07 14:00:00,SACSI Full,0.30992069137553574,0.0035662949085235596,0.0,0.0,0.0,0.0,0.9999177441000938,88
2025-10-07 15:00:00,SACSI Full,0.3085991604787131,0.0030407309532165527,0.0,0.0,0.0,0.0,0.9999339297413825,88
2025-10-07 16:00:00,SACSI Full,0.3077610327305417,0.003561675548553467,0.0,0.0,0.0,0.0,0.9999235570430756,88
2025-10-07 17:00:00,SACSI Full,0.307903129273059,0.004128962755203247,0.0,0.0,0.0,0.0,0.9999117478728294,88
2025-10-07 18:00:00,SACSI Full,0.3078230984264632,0.003490746021270752,0.0,0.0,0.0,0.0,0.9999238029122353,88
2025-10-07 19:00:00,SACSI Full,0.30963452336689035,0.0029274821281433105,0.0,0.0,0.0,0.0,0.9999358177185058,88
2025-10-07 20:00:00,SACSI Full,0.30944103191753425,0.0014525651931762695,0.0,0.0,0.0,0.0,0.9999561995267868,88
2025-10-07 21:00:00,SACSI Full,0.30924884580989875,0.001844167709350586,0.0,0.0,0.0,0.0,0.9999592006206512,88
2025-10-07 22:00:00,SACSI Full,0.31006014806409876,0.002890676259994507,0.0,0.0,0.0,0.0,0.9999317213892938,88
2025-10-07 23:00:00,SACSI Full,0.30986857340077756,0.0020276010036468506,0.0,0.0,0.0,0.0,0.9999508172273636,88
2025-10-08 00:00:00,SACSI Full,0.31128941620250744,0.002752840518951416,0.0,0.0,0.0,0.0,0.9999376907944679,88
2025-10-08 01:00:00,SACSI Full,0.3110973249655982,0.001872628927230835,0.0,0.0,0.0,0.0,0.9999537453055382,88
2025-10-08 02:00:00,SACSI Full,0.3112650720228771,0.0013241171836853027,0.0,0.0,0.0,0.0,0.9999680325388908,88
2025-10-08 03:00:00,SACSI Full,0.3110468473607321,0.0025326013565063477,0.0,0.0,0.0,0.0,0.9999372631311416,88
2025-10-08 04:00:00,SACSI Full,0.3107708195700268,0.0021916627883911133,0.0,0.0,0.0,0.0,0.999952757358551,88
2025-10-08 05:00:00,SACSI Full,0.3104946184291462,0.002139657735824585,0.0,0.0,0.0,0.0,0.9999566867947579,88
2025-10-08 06:00:00,SACSI Full,0.3102191270802439,0.002352595329284668,0.0,0.0,0.0,0.0,0.9999508187174797,88
2025-10-08 07:00:00,SACSI Full,0.3096668842409075,0.004327148199081421,0.0,0.0,0.0,0.0,0.9998937115073204,88
2025-10-08 08:00:00,SACSI Full,0.30894293422520364,0.003814995288848877,0.0,0.0,0.0,0.0,0.9999185785651207,88
2025-10-08 09:00:00,SACSI Full,0.3080456726747771,0.0028215348720550537,0.0,0.0,0.0,0.0,0.9999336346983909,88
2025-10-08 10:00:00,SACSI Full,0.31115406313479144,0.0045171380043029785,0.0,0.0,0.0,0.0,0.9998927012085915,88
2025-10-08 11:00:00,SACSI Full,0.3144852207404395,0.0053472816944122314,0.0,0.0,0.0,0.0,0.9998847529292106,88
2025-10-08 12:00:00,SACSI Full,0.3160105413411081,0.004096180200576782,0.0,0.0,0.0,0.0,0.9999055653810501,88
2025-10-08 13:00:00,SACSI Full,0.31949385626216925,0.016994476318359375,0.0,0.0,0.0,0.0,0.999531127512455,88
2025-10-08 14:00:00,SACSI Full,0.32899236300130885,0.045052021741867065,0.0,0.0,0.0,0.0,-0.9004179160199569,88
2025-10-08 15:00:00,SACSI Full,0.3527460680361408,0.011147111654281616,0.0,0.0915356012046928,0.0,0.0,-3.275168794948039,88
2025-10-08 16:00:00,SACSI Full,0.36701525149164954,0.015930086374282837,0.0,0.5671750497216522,0.0,0.0,-4.701891580639639,88
2025-10-08 17:00:00,SACSI Full,0.37517358499603,0.029119551181793213,0.0,0.8391194998676653,0.0,0.0,-5.518072785274709,88
2025-10-08 18:00:00,SACSI Full,0.3805401169922041,0.06196349859237671,0.0,1.0180038997401355,0.0,0.0,-6.05557940866636,88
2025-10-08 19:00:00,SACSI Full,0.38056693820066034,0.17794430255889893,0.0,1.018897940022012,0.0,0.0,-6.061412514156877,88
2025-10-08 20:00:00,SACSI Full,0.3807423758286248,0.1368771493434906,0.0,1.0247458609541595,0.0,0.0,-6.077385797381503,88
2025-10-08 21:00:00,SACSI Full,0.3815673562116036,0.15923932194709778,0.0,1.0522452070534543,0.0,0.0,-6.160144029325336,88
2025-10-08 22:00:00,SACSI Full,0.3831949992349097,0.15429288148880005,0.0,1.1064999744969881,0.0,0.0,-6.322635245525326,88
2025-10-08 23:00:00,SACSI Full,0.3834387276048376,0.15574276447296143,0.0,1.1146242534945856,0.0,0.0,-6.34700211460306,88
2025-10-09 00:00:00,SACSI Full,0.38565853250315013,0.12255921959877014,0.0,1.1886177501050044,0.0,0.0,-6.5686362701557295,88
2025-10-09 01:00:00,SACSI Full,0.3882955410949906,0.12712061405181885,0.0,1.2765180364996853,0.0,0.0,-6.8321421357246255,88
2025-10-09 02:00:00,SACSI Full,0.3872691781015861,0.1938970386981964,0.0,1.2423059367195366,0.0,0.0,-6.731463515179039,88
2025-10-09 03:00:00,SACSI Full,0.3842244097639026,0.08688315749168396,0.0,1.140813658796752,0.0,0.0,-6.425248778352159,88
2025-10-09 04:00:00,SACSI Full,0.3821327833662839,0.1031048595905304,0.0,1.071092778876131,0.0,0.0,-6.215502650841191,88
2025-10-09 05:00:00,SACSI Full,0.37983837806222537,0.06579101085662842,0.0,0.9946126020741801,0.0,0.0,-5.985526764927007,88
2025-10-09 06:00:00,SACSI Full,0.3798172951395306,0.15558496117591858,0.0,0.9939098379843543,0.0,0.0,-5.985739152679772,88
2025-10-09 07:00:00,SACSI Full,0.3865262378028923,0.032224059104919434,0.0,1.2175412600964095,0.0,0.0,-6.654501870492038,88
2025-10-09 08:00:00,SACSI Full,0.3822624694083834,0.008785128593444824,0.0,1.0754156469461122,0.0,0.0,-6.226657032715321,88
2025-10-09 09:00:00,SACSI Full,0.382786686443213,0.0476546585559845,0.0,1.0928895481070995,0.0,0.0,-6.280010432792045,88
2025-10-09 10:00:00,SACSI Full,0.3872685752787501,0.08435249328613281,0.0,1.2422858426250032,0.0,0.0,-6.728911556088032,88
2025-10-09 11:00:00,SACSI Full,0.3838999807916561,0.016921013593673706,0.0,1.1299993597218703,0.0,0.0,-6.3910108142344075,88
2025-10-09 12:00:00,SACSI Full,0.40164141979335066,0.6668123602867126,0.0,1.721380659778356,0.0,0.0,-8.18397714000773,88
2025-10-09 13:00:00,SACSI Full,0.39754308116565623,0.027267783880233765,0.0,1.584769372188542,0.0,0.0,-7.7612489180072926,88
2025-10-09 14:00:00,SACSI Full,0.3920850036494477,0.011910200119018555,0.0,1.4028334549815895,0.0,0.0,-7.208892144784763,88
2025-10-09 15:00:00,SACSI Full,0.3873868282719144,0.008774995803833008,0.0,1.246227609063813,0.0,0.0,-6.738889679150668,88
2025-10-09 16:00:00,SACSI Full,0.38345068185076314,0.012678802013397217,0.0,1.115022728358771,0.0,0.0,-6.345360799178677,88
2025-10-09 17:00:00,SACSI Full,0.3799076302152741,0.05300551652908325,0.0,0.9969210071758028,0.0,0.0,-5.992226399003146,88
2025-10-09 18:00:00,SACSI Full,0.3770909236603261,0.12601882219314575,0.0,0.9030307886775376,0.0,0.0,-5.712342875533112,88
2025-10-09 19:00:00,SACSI Full,0.3744358873095466,0.07751867175102234,0.0,0.8145295769848858,0.0,0.0,-5.445624105894098,88
2025-10-09 20:00:00,SACSI Full,0.37306223499474106,0.09914547204971313,0.0,0.7687411664913683,0.0,0.0,-5.308422676918087,88
2025-10-09 21:00:00,SACSI Full,0.37116583868256664,0.0961090624332428,0.0,0.7055279560855553,0.0,0.0,-5.118536413601492,88
2025-10-09 22:00:00,SACSI Full,0.3690560286409091,0.05325794219970703,0.0,0.6352009546969697,0.0,0.0,-4.907096534137237,88
2025-10-09 23:00:00,SACSI Full,0.3681322279032258,0.08676737546920776,0.0,0.6044075967741933,0.0,0.0,-4.8152932321646595,88
2025-10-10 00:00:00,SACSI Full,0.36658604758550417,0.04851415753364563,0.0,0.5528682528501377,0.0,0.0,-4.659957573880446,88
2025-10-10 01:00:00,SACSI Full,0.3684776868161829,0.12591466307640076,0.0,0.6159228938727637,0.0,0.0,-4.851060979935248,88
2025-10-10 02:00:00,SACSI Full,0.36772191682207034,0.11499956250190735,0.0,0.5907305607356775,0.0,0.0,-4.774600824462817,88
2025-10-10 03:00:00,SACSI Full,0.3662399995658467,0.05625814199447632,0.0,0.5413333188615568,0.0,0.0,-4.625712533629631,88
2025-10-10 04:00:00,SACSI Full,0.3659194578912559,0.09398609399795532,0.0,0.5306485963751968,0.0,0.0,-4.594202790525584,88
2025-10-10 05:00:00,SACSI Full,0.37051545219111764,0.09664669632911682,0.0,0.6838484063705877,0.0,0.0,-5.053504759061658,88
2025-10-10 06:00:00,SACSI Full,0.36928086074049765,0.040317922830581665,0.0,0.6426953580165873,0.0,0.0,-4.929455720241362,88
2025-10-10 07:00:00,SACSI Full,0.36748168826140903,0.019471198320388794,0.0,0.5827229420469678,0.0,0.0,-4.748766717352413,88
2025-10-10 08:00:00,SACSI Full,0.37252235837398123,0.10744631290435791,0.0,0.7507452791327069,0.0,0.0,-5.25526451480205,88
2025-10-10 09:00:00,SACSI Full,0.3700590418144895,0.008139759302139282,0.0,0.6686347271496502,0.0,0.0,-5.007060042171015,88
2025-10-10 10:00:00,SACSI Full,0.36768493892760573,0.008767098188400269,0.0,0.5894979642535247,0.0,0.0,-4.768675508113203,88
2025-10-10 11:00:00,SACSI Full,0.3653932731176451,0.008109360933303833,0.0,0.5131091039215037,0.0,0.0,-4.539496076355724,88
2025-10-10 12:00:00,SACSI Full,0.3654156238473387,0.02005934715270996,0.0,0.5138541282446241,0.0,0.0,-4.542083071539119,88
2025-10-10 13:00:00,SACSI Full,0.3661878459879993,0.026261508464813232,0.0,0.5395948662666428,0.0,0.0,-4.619371850582348,88
2025-10-10 14:00:00,SACSI Full,0.3635639217212115,0.004953444004058838,0.0,0.4521307240403843,0.0,0.0,-4.356704321645838,88
2025-10-10 15:00:00,SACSI Full,0.36176171002575586,0.006393492221832275,0.0,0.3920570008585287,0.0,0.0,-4.176313272902199,88
2025-10-10 16:00:00,SACSI Full,0.3600637254417136,0.0045621395111083984,0.0,0.3354575147237867,0.0,0.0,-4.0064821004886895,88
2025-10-10 17:00:00,SACSI Full,0.3587403987251694,0.013348609209060669,0.0,0.2913466241723143,0.0,0.0,-3.874394709398098,88
2025-10-10 18:00:00,SACSI Full,0.35775789848258865,0.023346543312072754,0.0,0.25859661608628953,0.0,0.0,-3.776356758466136,88
2025-10-10 19:00:00,SACSI Full,0.35690318609104255,0.03319248557090759,0.0,0.23010620303475093,0.0,0.0,-3.69108091823826,88
2025-10-10 20:00:00,SACSI Full,0.35612118656443686,0.02893969416618347,0.0,0.2040395521478942,0.0,0.0,-3.6127399782410565,88
2025-10-10 21:00:00,SACSI Full,0.355358589600746,0.017840564250946045,0.0,0.17861965335820004,0.0,0.0,-3.5363267626587715,88
2025-10-10 22:00:00,SACSI Full,0.3546841738584258,0.021814405918121338,0.0,0.15613912861419266,0.0,0.0,-3.468893412377616,88
2025-10-10 23:00:00,SACSI Full,0.354089554392095,0.025932639837265015,0.0,0.13631847973650082,0.0,0.0,-3.409515274345435,88
2025-10-11 00:00:00,SACSI Full,0.354821219670411,0.031206905841827393,0.0,0.16070732234703372,0.0,0.0,-3.4827988478179837,88
2025-10-11 01:00:00,SACSI Full,0.35451693729558825,0.010279864072799683,0.0,0.15056457651960928,0.0,0.0,-3.452108597257971,88
2025-10-11 02:00:00,SACSI Full,0.3538997641107968,0.012840181589126587,0.0,0.1299921370265608,0.0,0.0,-3.390258817886627,88
2025-10-11 03:00:00,SACSI Full,0.3572324879410444,0.09190008044242859,0.0,0.2410829313681475,0.0,0.0,-3.7258773947018202,88
2025-10-11 04:00:00,SACSI Full,0.3580522410929124,0.08233398199081421,0.0,0.2684080364304137,0.0,0.0,-3.806966449915571,88
2025-10-11 05:00:00,SACSI Full,0.3580897773872543,0.05742013454437256,0.0,0.2696592462418096,0.0,0.0,-3.8103752798907795,88
2025-10-11 06:00:00,SACSI Full,0.35743093711639,0.026545822620391846,0.0,0.2476979038796671,0.0,0.0,-3.743933371210648,88
2025-10-11 07:00:00,SACSI Full,0.3567804193260481,0.007358640432357788,0.0,0.22601397753493588,0.0,0.0,-3.6783809772353364,88
2025-10-11 08:00:00,SACSI Full,0.35679483416457863,0.015818923711776733,0.0,0.22649447215262059,0.0,0.0,-3.6798843977648925,88
2025-10-11 09:00:00,SACSI Full,0.35680979537659785,0.009981542825698853,0.0,0.22699317921992873,0.0,0.0,-3.681237542325159,88
2025-10-11 10:00:00,SACSI Full,0.35610458080518753,0.0064216554164886475,0.0,0.2034860268395846,0.0,0.0,-3.6106221125011744,88
2025-10-11 11:00:00,SACSI Full,0.35471342808832385,0.005268454551696777,0.0,0.15711426961079555,0.0,0.0,-3.471459709932066,88
2025-10-11 12:00:00,SACSI Full,0.3530320443892746,0.004653036594390869,0.0,0.10106814630915438,0.0,0.0,-3.3033036538389204,88
2025-10-11 13:00:00,SACSI Full,0.3517447429995777,0.0054676830768585205,0.0,0.05815809998592414,0.0,0.0,-3.1745918000841304,88
2025-10-11 14:00:00,SACSI Full,0.35220461805889386,0.00894978642463684,0.0,0.07348726862979475,0.0,0.0,-3.2206756226513558,88
2025-10-11 15:00:00,SACSI Full,0.3548553752235417,0.02057299017906189,0.0,0.16184584078472286,0.0,0.0,-3.4860652141952957,88
2025-10-11 16:00:00,SACSI Full,0.3544787061475376,0.006289482116699219,0.0,0.14929020491792075,0.0,0.0,-3.448139239476719,88
2025-10-11 17:00:00,SACSI Full,0.35503865128791273,0.02943858504295349,0.0,0.1679550429304243,0.0,0.0,-3.5046853915213942,88
2025-10-11 18:00:00,SACSI Full,0.35443496968539895,0.009227842092514038,0.0,0.14783232284663228,0.0,0.0,-3.4438836328112488,88
2025-10-11 19:00:00,SACSI Full,0.3539308974080593,0.02230823040008545,0.0,0.1310299136019765,0.0,0.0,-3.393666709297004,88
2025-10-11 20:00:00,SACSI Full,0.3544794008290747,0.05636438727378845,0.0,0.14931336096915687,0.0,0.0,-3.449407932221682,88
2025-10-11 21:00:00,SACSI Full,0.3539460519663077,0.022530406713485718,0.0,0.13153506554358926,0.0,0.0,-3.395394144570641,88
2025-10-11 22:00:00,SACSI Full,0.35342384213276934,0.016965121030807495,0.0,0.11412807109231125,0.0,0.0,-3.342779168554376,88
2025-10-11 23:00:00,SACSI Full,0.35391378524674383,0.028442442417144775,0.0,0.13045950822479427,0.0,0.0,-3.392062146736589,88
2025-10-12 00:00:00,SACSI Full,0.3543613843476779,0.03915920853614807,0.0,0.14537947825592995,0.0,0.0,-3.437028786599701,88
2025-10-12 01:00:00,SACSI Full,0.35410979436504897,0.02101615071296692,0.0,0.1369931455016328,0.0,0.0,-3.4115811900973876,88
2025-10-12 02:00:00,SACSI Full,0.35354641526557257,0.017200112342834473,0.0,0.11821384218575304,0.0,0.0,-3.355023689187814,88
2025-10-12 03:00:00,SACSI Full,0.35337579021969956,0.020838826894760132,0.0,0.11252634065665319,0.0,0.0,-3.33803218565337,88
2025-10-12 04:00:00,SACSI Full,0.35478085987340974,0.04038289189338684,0.0,0.1593619957803256,0.0,0.0,-3.4790890858288273,88
2025-10-12 05:00:00,SACSI Full,0.35420850576983304,0.01957729458808899,0.0,0.1402835256611013,0.0,0.0,-3.4214501788481178,88
2025-10-12 06:00:00,SACSI Full,0.35363024426936873,0.01552969217300415,0.0,0.12100814231229151,0.0,0.0,-3.3633754968044838,88
2025-10-12 07:00:00,SACSI Full,0.352850641452072,0.005640536546707153,0.0,0.09502138173573371,0.0,0.0,-3.2852758474943973,88
2025-10-12 08:00:00,SACSI Full,0.3518623204480391,0.0035810470581054688,0.0,0.062077348267970935,0.0,0.0,-3.1863242606399584,88
2025-10-12 09:00:00,SACSI Full,0.35093948037315437,0.0029639899730682373,0.0,0.03131601243847939,0.0,0.0,-3.0940134876857477,88
2025-10-12 10:00:00,SACSI Full,0.3495021534777585,0.002301931381225586,0.0,0.0,0.0,0.0,-2.9502680069893903,88
2025-10-12 11:00:00,SACSI Full,0.3477531912081344,0.00231131911277771,0.0,0.0,0.0,0.0,-2.7753654410730118,88
2025-10-12 12:00:00,SACSI Full,0.3460035951424542,0.002121180295944214,0.0,0.0,0.0,0.0,-2.6004038392395077,88
2025-10-12 13:00:00,SACSI Full,0.34430947911430426,0.0017651915550231934,0.0,0.0,0.0,0.0,-2.430986775148935,88
2025-10-12 14:00:00,SACSI Full,0.3427007803186678,0.0018903613090515137,0.0,0.0,0.0,0.0,-2.2701170907905004,88
2025-10-12 15:00:00,SACSI Full,0.34137589666057655,0.002034902572631836,0.0,0.0,0.0,0.0,-2.137631809521743,88
2025-10-12 16:00:00,SACSI Full,0.34044846545705226,0.002270638942718506,0.0,0.0,0.0,0.0,-2.0448943158477806,88
2025-10-12 17:00:00,SACSI Full,0.3399226356880767,0.0037510693073272705,0.0,0.0,0.0,0.0,-1.9923533944974599,88
2025-10-12 18:00:00,SACSI Full,0.33965472555328435,0.004626959562301636,0.0,0.0,0.0,0.0,-1.9655738534222305,88
2025-10-12 19:00:00,SACSI Full,0.3394111174910171,0.00341758131980896,0.0,0.0,0.0,0.0,-1.9411921945105304,88
2025-10-12 20:00:00,SACSI Full,0.33919537585903237,0.003277510404586792,0.0,0.0,0.0,0.0,-1.91960453682048,88
2025-10-12 21:00:00,SACSI Full,0.3390078920611643,0.0032548606395721436,0.0,0.0,0.0,0.0,-1.9008545298268682,88
2025-10-12 22:00:00,SACSI Full,0.3388515355643534,0.004093050956726074,0.0,0.0,0.0,0.0,-1.8852437993576432,88
2025-10-12 23:00:00,SACSI Full,0.34005093467482955,0.010819733142852783,0.0,0.0,0.0,0.0,-2.0053771289676727,88
2025-10-13 00:00:00,SACSI Full,0.3399001621398233,0.005768239498138428,0.0,0.0,0.0,0.0,-1.9901820937087418,88
2025-10-13 01:00:00,SACSI Full,0.34009241365998016,0.008675456047058105,0.0,0.0,0.0,0.0,-2.009443947284446,88
2025-10-13 02:00:00,SACSI Full,0.34031193159032885,0.008355379104614258,0.0,0.0,0.0,0.0,-2.0313634673844017,88
2025-10-13 03:00:00,SACSI Full,0.3402000746966305,0.008942931890487671,0.0,0.0,0.0,0.0,-2.0201922038287172,88
2025-10-13 04:00:00,SACSI Full,0.3400877086799246,0.008790194988250732,0.0,0.0,0.0,0.0,-2.0089481992612472,88
2025-10-13 05:00:00,SACSI Full,0.3400056816928488,0.0093919038772583,0.0,0.0,0.0,0.0,-2.000762024451313,88
2025-10-13 06:00:00,SACSI Full,0.33991674007027367,0.0073175132274627686,0.0,0.0,0.0,0.0,-1.9918411011984136,88
2025-10-13 07:00:00,SACSI Full,0.33959299177337704,0.004875510931015015,0.0,0.0,0.0,0.0,-1.959421107579288,88
2025-10-13 08:00:00,SACSI Full,0.3387796280337276,0.0024908781051635742,0.0,0.0,0.0,0.0,-1.8780364672631187,88
2025-10-13 09:00:00,SACSI Full,0.33751139663784724,0.00203058123588562,0.0,0.0,0.0,0.0,-1.7511848783781339,88
2025-10-13 10:00:00,SACSI Full,0.33590478450148326,0.0025163590908050537,0.0,0.0,0.0,0.0,-1.5905336351086903,88
2025-10-13 11:00:00,SACSI Full,0.33404127246706705,0.0019463896751403809,0.0,0.0,0.0,0.0,-1.404171874194364,88
2025-10-13 12:00:00,SACSI Full,0.3321221000910701,0.0022482872009277344,0.0,0.0,0.0,0.0,-1.2122579938262883,88
2025-10-13 13:00:00,SACSI Full,0.33022893199691195,0.0015495717525482178,0.0,0.0,0.0,0.0,-1.0229311782807287,88
2025-10-13 14:00:00,SACSI Full,0.3285632203309637,0.0017865002155303955,0.0,0.0,0.0,0.0,-0.8563601323853087,88
2025-10-13 15:00:00,SACSI Full,0.3272367447321516,0.0015573203563690186,0.0,0.0,0.0,0.0,-0.7237079114208769,88
2025-10-13 16:00:00,SACSI Full,0.3263367016316356,0.001987069845199585,0.0,0.0,0.0,0.0,-0.63371420205535,88
2025-10-13 17:00:00,SACSI Full,0.32589281166085615,0.0028330087661743164,0.0,0.0,0.0,0.0,-0.5893462856501478,88
2025-10-13 18:00:00,SACSI Full,0.32575838050135986,0.002170652151107788,0.0,0.0,0.0,0.0,-0.5758880867451578,88
2025-10-13 19:00:00,SACSI Full,0.3256829440666141,0.0028690695762634277,0.0,0.0,0.0,0.0,-0.5683587722271839,88
2025-10-13 20:00:00,SACSI Full,0.32557766034055763,0.002414882183074951,0.0,0.0,0.0,0.0,-0.5578188735733556,88
2025-10-13 21:00:00,SACSI Full,0.3254149951888026,0.0022004544734954834,0.0,0.0,0.0,0.0,-0.5415456722468275,88
2025-10-13 22:00:00,SACSI Full,0.32525242888141687,0.0022301077842712402,0.0,0.0,0.0,0.0,-0.5252877868304792,88
2025-10-13 23:00:00,SACSI Full,0.3250897259800535,0.002189129590988159,0.0,0.0,0.0,0.0,-0.5090167903790999,88
2025-10-14 00:00:00,SACSI Full,0.32495614865709355,0.0024268031120300293,0.0,0.0,0.0,0.0,-0.495665778506805,88
2025-10-14 01:00:00,SACSI Full,0.32482164001155905,0.0021474063396453857,0.0,0.0,0.0,0.0,-0.4822097432504215,88
2025-10-14 02:00:00,SACSI Full,0.3247153137009244,0.002102106809616089,0.0,0.0,0.0,0.0,-0.47157386522392986,88
2025-10-14 03:00:00,SACSI Full,0.3246081201427083,0.0018419325351715088,0.0,0.0,0.0,0.0,-0.4608514546642762,88
2025-10-14 04:00:00,SACSI Full,0.32447279392012957,0.0019021332263946533,0.0,0.0,0.0,0.0,-0.44731803668439596,88
2025-10-14 05:00:00,SACSI Full,0.3243095610341331,0.0020301342010498047,0.0,0.0,0.0,0.0,-0.4309979861070778,88
2025-10-14 06:00:00,SACSI Full,0.32409027590601647,0.0022144615650177,0.0,0.0,0.0,0.0,-0.4090737231065861,88
2025-10-14 07:00:00,SACSI Full,0.3236182304224273,0.002886354923248291,0.0,0.0,0.0,0.0,-0.3618874882747788,88
2025-10-14 08:00:00,SACSI Full,0.3227473779687187,0.0022442638874053955,0.0,0.0,0.0,0.0,-0.27478910305997767,88
2025-10-14 09:00:00,SACSI Full,0.3214495873706441,0.00166282057762146,0.0,0.0,0.0,0.0,-0.14499780790906036,88
2025-10-14 10:00:00,SACSI Full,0.3198400108966133,0.0016270577907562256,0.0,0.0,0.0,0.0,0.9999671012163163,88
2025-10-14 11:00:00,SACSI Full,0.31800725363422444,0.002672821283340454,0.0,0.0,0.0,0.0,0.9999360859394074,88
2025-10-14 12:00:00,SACSI Full,0.3160903094785314,0.0029167532920837402,0.0,0.0,0.0,0.0,0.9999392256140709,88
2025-10-14 13:00:00,SACSI Full,0.31428543255417557,0.0025369226932525635,0.0,0.0,0.0,0.0,0.9999454632401467,88
2025-10-14 14:00:00,SACSI Full,0.31270982006558784,0.003316253423690796,0.0,0.0,0.0,0.0,0.9999258816242218,88
2025-10-14 15:00:00,SACSI Full,0.31147379580824586,0.003192722797393799,0.0,0.0,0.0,0.0,0.9999349102377891,88
2025-10-14 16:00:00,SACSI Full,0.31060492818920826,0.002839714288711548,0.0,0.0,0.0,0.0,0.999939675629139,88
2025-10-14 17:00:00,SACSI Full,0.31013607006399846,0.003842562437057495,0.0,0.0,0.0,0.0,0.9999131202697754,88
2025-10-14 18:00:00,SACSI Full,0.3099208862321478,0.003444850444793701,0.0,0.0,0.0,0.0,0.9999271258711815,88
2025-10-14 19:00:00,SACSI Full,0.3100703989697398,0.004353821277618408,0.0,0.0,0.0,0.0,0.9999038338661194,88
2025-10-14 20:00:00,SACSI Full,0.3098850882578792,0.0039067864418029785,0.0,0.0,0.0,0.0,0.9999173939228058,88
2025-10-14 21:00:00,SACSI Full,0.30967099221079564,0.003771185874938965,0.0,0.0,0.0,0.0,0.9999232202768326,88
2025-10-14 22:00:00,SACSI Full,0.3094575225091876,0.003959089517593384,0.0,0.0,0.0,0.0,0.9999189391732216,88
2025-10-14 23:00:00,SACSI Full,0.3092419130008322,0.0033171474933624268,0.0,0.0,0.0,0.0,0.9999272376298904,88
2025-10-15 00:00:00,SACSI Full,0.30905596302915633,0.003715008497238159,0.0,0.0,0.0,0.0,0.9999217212200164,88
2025-10-15 01:00:00,SACSI Full,0.30884151283114175,0.003664940595626831,0.0,0.0,0.0,0.0,0.9999262005090713,88
2025-10-15 02:00:00,SACSI Full,0.3086260801498991,0.0033701956272125244,0.0,0.0,0.0,0.0,0.9999296486377717,88
2025-10-15 03:00:00,SACSI Full,0.3084088121423028,0.0028195977210998535,0.0,0.0,0.0,0.0,0.9999381020665169,88
2025-10-15 04:00:00,SACSI Full,0.3081916986100775,0.0028659403324127197,0.0,0.0,0.0,0.0,0.9999422177672386,88
2025-10-15 05:00:00,SACSI Full,0.30800228113819184,0.0026747584342956543,0.0,0.0,0.0,0.0,0.999944593012333,88
2025-10-15 06:00:00,SACSI Full,0.3077830948544445,0.002244114875793457,0.0,0.0,0.0,0.0,0.9999508112668991,88
2025-10-15 07:00:00,SACSI Full,0.3073171255676848,0.004709213972091675,0.0,0.0,0.0,0.0,0.9998811647295952,88
2025-10-15 08:00:00,SACSI Full,0.30645234931080567,0.004067122936248779,0.0,0.0,0.0,0.0,0.9999122366309167,88
2025-10-15 09:00:00,SACSI Full,0.3052530397932631,0.005707144737243652,0.0,0.0,0.0,0.0,0.9998694568872452,88
2025-10-15 10:00:00,SACSI Full,0.30374474184442585,0.006510615348815918,0.0,0.0,0.0,0.0,0.9998617529869079,88
2025-10-15 11:00:00,SACSI Full,0.3020643115394217,0.005870908498764038,0.0,0.0,0.0,0.0,0.9998761847615243,88
2025-10-15 12:00:00,SACSI Full,0.3011168903884195,0.008773654699325562,0.0,0.0,0.0,0.0,0.9997954994440079,88
2025-10-15 13:00:00,SACSI Full,0.30045306085754464,0.00885114073753357,0.0,0.0,0.0,0.0,0.9998222023248673,88
2025-10-15 14:00:00,SACSI Full,0.29997975347130523,0.006507784128189087,0.0,0.0,0.0,0.0,0.9998464107513427,88
2025-10-15 15:00:00,SACSI Full,0.3081975343832277,0.02033427357673645,0.0,0.0,0.0,0.0,0.9994550496339798,88
2025-10-15 16:00:00,SACSI Full,0.30841957198151976,0.0026112794876098633,0.0,0.0,0.0,0.0,0.9997705444693565,88
2025-10-15 17:00:00,SACSI Full,0.30842017757822104,0.0021816790103912354,0.0,0.0,0.0,0.0,0.99995207041502,88
2025-10-15 18:00:00,SACSI Full,0.30856446795552,0.0027871131896972656,0.0,0.0,0.0,0.0,0.9999382033944131,88
2025-10-15 19:00:00,SACSI Full,0.30871581999310876,0.004905611276626587,0.0,0.0,0.0,0.0,0.9998807027935981,88
2025-10-15 20:00:00,SACSI Full,0.3085351023158334,0.005284696817398071,0.0,0.0,0.0,0.0,0.9998905152082443,88
2025-10-15 21:00:00,SACSI Full,0.3083527246492011,0.004786700010299683,0.0,0.0,0.0,0.0,0.999899286031723,88
2025-10-15 22:00:00,SACSI Full,0.30919290810276095,0.0030550360679626465,0.0,0.0,0.0,0.0,0.9999215826392174,88
2025-10-15 23:00:00,SACSI Full,0.31006127140769385,0.0030089914798736572,0.0,0.0,0.0,0.0,0.9999393597245216,88
2025-10-16 00:00:00,SACSI Full,0.3179608385063114,0.0038701295852661133,0.0,0.0,0.0,0.0,0.9999139860272408,88
2025-10-16 01:00:00,SACSI Full,0.3228450854556662,0.007774084806442261,0.0,0.0,0.0,0.0,-0.2847030668149602,88
2025-10-16 02:00:00,SACSI Full,0.3240761311897538,0.003313720226287842,0.0,0.0,0.0,0.0,-0.407723997025708,88
2025-10-16 03:00:00,SACSI Full,0.3280147535038891,0.007086694240570068,0.0,0.0,0.0,0.0,-0.8016548140138625,88
2025-10-16 04:00:00,SACSI Full,0.32830098770945293,0.0028702616691589355,0.0,0.0,0.0,0.0,-0.8301983405043896,88
2025-10-16 05:00:00,SACSI Full,0.3282217693599962,0.0017344951629638672,0.0,0.0,0.0,0.0,-0.8222229835679402,88
2025-10-16 06:00:00,SACSI Full,0.3397605062437954,0.004121065139770508,0.0,0.0,0.0,0.0,-1.9761569113821018,88
2025-10-16 07:00:00,SACSI Full,0.3426077957273426,0.04768684506416321,0.0,0.0,0.0,0.0,-2.2621689674347887,88
2025-10-16 08:00:00,SACSI Full,0.34188139794755995,0.0030806660652160645,0.0,0.0,0.0,0.0,-2.188647469867288,88
2025-10-16 09:00:00,SACSI Full,0.3422450636952025,0.006599724292755127,0.0,0.0,0.0,0.0,-2.224673554588382,88
2025-10-16 10:00:00,SACSI Full,0.34325435911267027,0.017288625240325928,0.0,0.0,0.0,0.0,-2.3258885727813086,88
2025-10-16 11:00:00,SACSI Full,0.342157738148461,0.0045137107372283936,0.0,0.0,0.0,0.0,-2.2159918382058756,88
2025-10-16 12:00:00,SACSI Full,0.3411441696024837,0.003929436206817627,0.0,0.0,0.0,0.0,-2.114501391717812,88
2025-10-16 13:00:00,SACSI Full,0.3419553838945331,0.010864287614822388,0.0,0.0,0.0,0.0,-2.1958250237196877,88
2025-10-16 14:00:00,SACSI Full,0.3413604064719779,0.004006773233413696,0.0,0.0,0.0,0.0,-2.1361893578062725,88
2025-10-16 15:00:00,SACSI Full,0.34136001540669825,0.005882680416107178,0.0,0.0,0.0,0.0,-2.136137953349973,88
2025-10-16 16:00:00,SACSI Full,0.34096570224294087,0.0027060508728027344,0.0,0.0,0.0,0.0,-2.0966561116069755,88
2025-10-16 17:00:00,SACSI Full,0.3405277697564068,0.004620254039764404,0.0,0.0,0.0,0.0,-2.0528885227531446,88
2025-10-16 18:00:00,SACSI Full,0.3402972647818826,0.007348507642745972,0.0,0.0,0.0,0.0,-2.0299007308771446,88
2025-10-16 19:00:00,SACSI Full,0.34005780669300784,0.004662573337554932,0.0,0.0,0.0,0.0,-2.005900780110586,88
2025-10-16 20:00:00,SACSI Full,0.3397866138324045,0.003642141819000244,0.0,0.0,0.0,0.0,-1.9787444303920143,88
2025-10-16 21:00:00,SACSI Full,0.33948494435478277,0.0029991567134857178,0.0,0.0,0.0,0.0,-1.9485608484636012,88
2025-10-16 22:00:00,SACSI Full,0.3391838247300091,0.0031641125679016113,0.0,0.0,0.0,0.0,-1.918447404810809,88
2025-10-16 23:00:00,SACSI Full,0.3389114795129401,0.0032964348793029785,0.0,0.0,0.0,0.0,-1.891215203214709,88
2025-10-17 00:00:00,SACSI Full,0.3386408136567377,0.0038002431392669678,0.0,0.0,0.0,0.0,-1.8641624086191546,88
2025-10-17 01:00:00,SACSI Full,0.33843005596646697,0.004772692918777466,0.0,0.0,0.0,0.0,-1.8431107750028668,88
2025-10-17 02:00:00,SACSI Full,0.33822024201640516,0.005055814981460571,0.0,0.0,0.0,0.0,-1.8221281491607713,88
2025-10-17 03:00:00,SACSI Full,0.3380106009198132,0.005107671022415161,0.0,0.0,0.0,0.0,-1.8011627639621792,88
2025-10-17 04:00:00,SACSI Full,0.3378010735687517,0.005141794681549072,0.0,0.0,0.0,0.0,-1.7802105340053938,88
2025-10-17 05:00:00,SACSI Full,0.33759238515306544,0.005393475294113159,0.0,0.0,0.0,0.0,-1.7593489016185517,88
2025-10-17 06:00:00,SACSI Full,0.3373531610124214,0.004732757806777954,0.0,0.0,0.0,0.0,-1.7354173635731494,88
2025-10-17 07:00:00,SACSI Full,0.3369411364468836,0.0038926303386688232,0.0,0.0,0.0,0.0,-1.6941998985698152,88
2025-10-17 08:00:00,SACSI Full,0.33612586337177985,0.0019180774688720703,0.0,0.0,0.0,0.0,-1.6126444442560601,88
2025-10-17 09:00:00,SACSI Full,0.33494179701416726,0.001780092716217041,0.0,0.0,0.0,0.0,-1.4942166831185766,88
2025-10-17 10:00:00,SACSI Full,0.33462073848415447,0.003182440996170044,0.0,0.0,0.0,0.0,-1.462151520718169,88
2025-10-17 11:00:00,SACSI Full,0.3330994546700421,0.0026148557662963867,0.0,0.0,0.0,0.0,-1.3100034399718334,88
2025-10-17 12:00:00,SACSI Full,0.332163280684243,0.0036478042602539062,0.0,0.0,0.0,0.0,-1.2164113539944441,88
2025-10-17 13:00:00,SACSI Full,0.3319844666020973,0.005355775356292725,0.0,0.0,0.0,0.0,-1.1985708554278152,88
2025-10-17 14:00:00,SACSI Full,0.3321983619349106,0.004168599843978882,0.0,0.0,0.0,0.0,-1.2199314372430612,88
2025-10-17 15:00:00,SACSI Full,0.3314066067473991,0.0024734437465667725,0.0,0.0,0.0,0.0,-1.1407270951758126,88
2025-10-17 16:00:00,SACSI Full,0.3324361040871246,0.004349201917648315,0.0,0.0,0.0,0.0,-1.2437161503325227,88
2025-10-17 17:00:00,SACSI Full,0.3320717771793309,0.001201927661895752,0.0,0.0,0.0,0.0,-1.2072332292288843,88
2025-10-17 18:00:00,SACSI Full,0.33254045049040554,0.008601993322372437,0.0,0.0,0.0,0.0,-1.2542910895636052,88
2025-10-17 19:00:00,SACSI Full,0.3331077546557688,0.00419124960899353,0.0,0.0,0.0,0.0,-1.3109033980061937,88
2025-10-17 20:00:00,SACSI Full,0.3340021254540387,0.01081123948097229,0.0,0.0,0.0,0.0,-1.4004949700922062,88
2025-10-17 21:00:00,SACSI Full,0.3339282004937434,0.003322511911392212,0.0,0.0,0.0,0.0,-1.3929613868882618,88
2025-10-17 22:00:00,SACSI Full,0.33488685222078396,0.004595518112182617,0.0,0.0,0.0,0.0,-1.4887898625026468,88
2025-10-17 23:00:00,SACSI Full,0.3389228164045914,0.019289255142211914,0.0,0.0,0.0,0.0,-1.8928143629322813,88
2025-10-18 00:00:00,SACSI Full,0.33924226854412787,0.004335641860961914,0.0,0.0,0.0,0.0,-1.924463103382818,88
2025-10-18 01:00:00,SACSI Full,0.3392247604076965,0.003247559070587158,0.0,0.0,0.0,0.0,-1.922551872778965,88
2025-10-18 02:00:00,SACSI Full,0.33918572429824906,0.005289167165756226,0.0,0.0,0.0,0.0,-1.918698629249172,88
2025-10-18 03:00:00,SACSI Full,0.33981241111525934,0.00500604510307312,0.0,0.0,0.0,0.0,-1.9813440636486215,88
2025-10-18 04:00:00,SACSI Full,0.34514166546989516,0.01577630639076233,0.0,0.0,0.0,0.0,-2.514589775730208,88
2025-10-18 05:00:00,SACSI Full,0.34888130212951735,0.021890997886657715,0.0,0.0,0.0,0.0,-2.888629179824426,88
2025-10-18 06:00:00,SACSI Full,0.34915987637608287,0.009072273969650269,0.0,0.0,0.0,0.0,-2.916297270326849,88
2025-10-18 07:00:00,SACSI Full,0.3489434654165212,0.011576712131500244,0.0,0.0,0.0,0.0,-2.8946031202763693,88
2025-10-18 08:00:00,SACSI Full,0.3482757186413709,0.0036759674549102783,0.0,0.0,0.0,0.0,-2.827724390932955,88
2025-10-18 09:00:00,SACSI Full,0.3471833841316803,0.003799647092819214,0.0,0.0,0.0,0.0,-2.7184156429062667,88
2025-10-18 10:00:00,SACSI Full,0.34589108510821104,0.003310292959213257,0.0,0.0,0.0,0.0,-2.5891796102216236,88
2025-10-18 11:00:00,SACSI Full,0.344201062429041,0.0029931962490081787,0.0,0.0,0.0,0.0,-2.4201692777961843,88
2025-10-18 12:00:00,SACSI Full,0.34240456542103526,0.0050508975982666016,0.0,0.0,0.0,0.0,-2.2405781370689826,88
2025-10-18 13:00:00,SACSI Full,0.34063018647202886,0.0031863152980804443,0.0,0.0,0.0,0.0,-2.063101019331849,88
2025-10-18 14:00:00,SACSI Full,0.33902614627608696,0.0032879412174224854,0.0,0.0,0.0,0.0,-1.9026814026922372,88
2025-10-18 15:00:00,SACSI Full,0.33857463707058666,0.004547238349914551,0.0,0.0,0.0,0.0,-1.8575672447969884,88
2025-10-18 16:00:00,SACSI Full,0.33798632967878417,0.002007782459259033,0.0,0.0,0.0,0.0,-1.798698518086508,88
2025-10-18 17:00:00,SACSI Full,0.3380758979909523,0.0033704936504364014,0.0,0.0,0.0,0.0,-1.8076708360801477,88
2025-10-18 18:00:00,SACSI Full,0.337945677402904,0.003433823585510254,0.0,0.0,0.0,0.0,-1.794637050061459,88
2025-10-18 19:00:00,SACSI Full,0.33787088420161643,0.003062039613723755,0.0,0.0,0.0,0.0,-1.7871533787936345,88
2025-10-18 20:00:00,SACSI Full,0.33779516464480797,0.002784132957458496,0.0,0.0,0.0,0.0,-1.7795749262065077,88
2025-10-18 21:00:00,SACSI Full,0.33772015984703146,0.002998560667037964,0.0,0.0,0.0,0.0,-1.7720781001935824,88
2025-10-18 22:00:00,SACSI Full,0.33764629300126475,0.0033399462699890137,0.0,0.0,0.0,0.0,-1.7646995129079037,88
2025-10-18 23:00:00,SACSI Full,0.3375717009656533,0.003122389316558838,0.0,0.0,0.0,0.0,-1.7572347199211957,88
2025-10-19 00:00:00,SACSI Full,0.3374959863758986,0.002785623073577881,0.0,0.0,0.0,0.0,-1.7496577177137622,88
2025-10-19 01:00:00,SACSI Full,0.33740278252451666,0.006038844585418701,0.0,0.0,0.0,0.0,-1.7404315615584927,88
2025-10-19 02:00:00,SACSI Full,0.33731092375128513,0.006442368030548096,0.0,0.0,0.0,0.0,-1.7312252577235745,88
2025-10-19 03:00:00,SACSI Full,0.33788914947439275,0.007467716932296753,0.0,0.0,0.0,0.0,-1.7890745552669374,88
2025-10-19 04:00:00,SACSI Full,0.34124640360761727,0.02417623996734619,0.0,0.0,0.0,0.0,-2.1252909707914234,88
2025-10-19 05:00:00,SACSI Full,0.34153825803447807,0.004556328058242798,0.0,0.0,0.0,0.0,-2.154113129128062,88
2025-10-19 06:00:00,SACSI Full,0.3427766035819952,0.014003664255142212,0.0,0.0,0.0,0.0,-2.27803490484659,88
2025-10-19 07:00:00,SACSI Full,0.3424937175147637,0.008634179830551147,0.0,0.0,0.0,0.0,-2.249598129917227,88
2025-10-19 08:00:00,SACSI Full,0.3418530657864515,0.0033044815063476562,0.0,0.0,0.0,0.0,-2.1854259652585206,88
2025-10-19 09:00:00,SACSI Full,0.3406718872738783,0.0026464462280273438,0.0,0.0,0.0,0.0,-2.0672482366651743,88
2025-10-19 10:00:00,SACSI Full,0.33917815001178825,0.00237882137298584,0.0,0.0,0.0,0.0,-1.9178652538548342,88
2025-10-19 11:00:00,SACSI Full,0.33793520725815535,0.003117173910140991,0.0,0.0,0.0,0.0,-1.7935904528191082,88
2025-10-19 12:00:00,SACSI Full,0.3368314287695193,0.0023664534091949463,0.0,0.0,0.0,0.0,-1.6831977132251252,88
2025-10-19 13:00:00,SACSI Full,0.3351681688412929,0.002522021532058716,0.0,0.0,0.0,0.0,-1.5168688802411605,88
2025-10-19 14:00:00,SACSI Full,0.33378850102989915,0.002599656581878662,0.0,0.0,0.0,0.0,-1.3789028724720505,88
2025-10-19 15:00:00,SACSI Full,0.33254958545058017,0.0023253262042999268,0.0,0.0,0.0,0.0,-1.2550077948858775,88
2025-10-19 16:00:00,SACSI Full,0.3317056695946956,0.0018252432346343994,0.0,0.0,0.0,0.0,-1.1706084651639492,88
2025-10-19 17:00:00,SACSI Full,0.33123636691817687,0.0037091970443725586,0.0,0.0,0.0,0.0,-1.1237297152966714,88
2025-10-19 18:00:00,SACSI Full,0.33102353945661633,0.004151761531829834,0.0,0.0,0.0,0.0,-1.102441406537144,88
2025-10-19 19:00:00,SACSI Full,0.3318689353363618,0.0046187639236450195,0.0,0.0,0.0,0.0,-1.1869905789385709,88
2025-10-19 20:00:00,SACSI Full,0.3317320996261542,0.001449286937713623,0.0,0.0,0.0,0.0,-1.1732706431240316,88
2025-10-19 21:00:00,SACSI Full,0.3316232267070715,0.0013381242752075195,0.0,0.0,0.0,0.0,-1.162350544819279,88
2025-10-19 22:00:00,SACSI Full,0.3321939452251697,0.005215555429458618,0.0,0.0,0.0,0.0,-1.2195376079371016,88
2025-10-19 23:00:00,SACSI Full,0.33245556493052886,0.00398591160774231,0.0,0.0,0.0,0.0,-1.245648507723257,88
2025-10-20 00:00:00,SACSI Full,0.3377824390730167,0.01506224274635315,0.0,0.0,0.0,0.0,-1.778655915467982,88
2025-10-20 01:00:00,SACSI Full,0.33836677874256216,0.009301900863647461,0.0,0.0,0.0,0.0,-1.836921515692315,88
2025-10-20 02:00:00,SACSI Full,0.3382995930807694,0.005344301462173462,0.0,0.0,0.0,0.0,-1.8301057701001977,88
2025-10-20 03:00:00,SACSI Full,0.3385515073944036,0.009574294090270996,0.0,0.0,0.0,0.0,-1.8553845252484453,88
2025-10-20 04:00:00,SACSI Full,0.33913143334000345,0.007977783679962158,0.0,0.0,0.0,0.0,-1.9133188547780469,88
2025-10-20 05:00:00,SACSI Full,0.33937205654709574,0.006186962127685547,0.0,0.0,0.0,0.0,-1.9373473021676493,88
2025-10-20 06:00:00,SACSI Full,0.3413122866623504,0.024569034576416016,0.0,0.0,0.0,0.0,-2.1319038676510567,88
2025-10-20 07:00:00,SACSI Full,0.34203754010606835,0.011076033115386963,0.0,0.0,0.0,0.0,-2.2041104612837525,88
2025-10-20 08:00:00,SACSI Full,0.3413654585831268,0.0023755431175231934,0.0,0.0,0.0,0.0,-2.1366803740750067,88
2025-10-20 09:00:00,SACSI Full,0.34023985994586375,0.002320408821105957,0.0,0.0,0.0,0.0,-2.024032954105761,88
2025-10-20 10:00:00,SACSI Full,0.33871722658325265,0.002209991216659546,0.0,0.0,0.0,0.0,-1.871767962325642,88
2025-10-20 11:00:00,SACSI Full,0.3376395150741838,0.00368654727935791,0.0,0.0,0.0,0.0,-1.7640400039245963,88
2025-10-20 12:00:00,SACSI Full,0.3475661110600733,0.10297879576683044,0.0,0.0,0.0,0.0,-2.75966360440754,88
2025-10-20 13:00:00,SACSI Full,0.35000806242354837,0.015354156494140625,0.0,0.00026874745161222793,0.0,0.0,-3.0019895718774463,88
2025-10-20 14:00:00,SACSI Full,0.3487451119991951,0.003614872694015503,0.0,0.0,0.0,0.0,-2.874700890211392,88
2025-10-20 15:00:00,SACSI Full,0.34762254624494043,0.003230273723602295,0.0,0.0,0.0,0.0,-2.7623230759582187,88
2025-10-20 16:00:00,SACSI Full,0.3468666836369845,0.002741217613220215,0.0,0.0,0.0,0.0,-2.6867280786118144,88
2025-10-20 17:00:00,SACSI Full,0.346488853528183,0.005650967359542847,0.0,0.0,0.0,0.0,-2.6490274696629514,88
2025-10-20 18:00:00,SACSI Full,0.34667940929619595,0.008166730403900146,0.0,0.0,0.0,0.0,-2.668129421858116,88
2025-10-20 19:00:00,SACSI Full,0.34694997589000187,0.015169978141784668,0.0,0.0,0.0,0.0,-2.695371021040401,88
2025-10-20 20:00:00,SACSI Full,0.34686325603056073,0.007984042167663574,0.0,0.0,0.0,0.0,-2.686557143259167,88
2025-10-20 21:00:00,SACSI Full,0.347823052629313,0.021938979625701904,0.0,0.0,0.0,0.0,-2.782883591898395,88
2025-10-20 22:00:00,SACSI Full,0.34778703698523955,0.0061953067779541016,0.0,0.0,0.0,0.0,-2.778985041387991,88
2025-10-20 23:00:00,SACSI Full,0.34879426451095064,0.01916825771331787,0.0,0.0,0.0,0.0,-2.879939545758683,88
2025-10-21 00:00:00,SACSI Full,0.34944121045001464,0.011083781719207764,0.0,0.0,0.0,0.0,-2.9444235653957884,88
2025-10-21 01:00:00,SACSI Full,0.3503945285198222,0.024646371603012085,0.0,0.013150950660741501,0.0,0.0,-3.0400814053131198,88
2025-10-21 02:00:00,SACSI Full,0.3515475672092257,0.031497180461883545,0.0,0.05158557364085539,0.0,0.0,-3.1554551726203957,88
2025-10-21 03:00:00,SACSI Full,0.3533101977513627,0.0731290876865387,0.0,0.11033992504542312,0.0,0.0,-3.332898675962245,88
2025-10-21 04:00:00,SACSI Full,0.35682376030001606,0.10702744126319885,0.0,0.2274586766672016,0.0,0.0,-3.6848555623626362,88
2025-10-21 05:00:00,SACSI Full,0.3570184911075255,0.026368945837020874,0.0,0.23394970358418307,0.0,0.0,-3.70318307462355,88
2025-10-21 06:00:00,SACSI Full,0.3757209060570318,0.010588020086288452,0.0,0.8573635352343928,0.0,0.0,-5.572460175362411,88
2025-10-21 07:00:00,SACSI Full,0.3736818922171043,0.03719225525856018,0.0,0.7893964072368093,0.0,0.0,-5.369199109167323,88
2025-10-21 08:00:00,SACSI Full,0.37088120187935647,0.008832961320877075,0.0,0.6960400626452157,0.0,0.0,-5.088580440101441,88
2025-10-21 09:00:00,SACSI Full,0.3679735990511544,0.007339119911193848,0.0,0.5991199683718137,0.0,0.0,-4.797521625927759,88
2025-10-21 10:00:00,SACSI Full,0.36515210383491226,0.007121562957763672,0.0,0.5050701278304089,0.0,0.0,-4.515354990319914,88
2025-10-21 11:00:00,SACSI Full,0.36768483267590263,0.048813074827194214,0.0,0.5894944225300875,0.0,0.0,-4.769876444205501,88
2025-10-21 12:00:00,SACSI Full,0.3693304882272917,0.03554627299308777,0.0,0.6443496075763889,0.0,0.0,-4.933892416207372,88
2025-10-21 13:00:00,SACSI Full,0.372979249477223,0.11560335755348206,0.0,0.7659749825740989,0.0,0.0,-5.301037585718972,88
2025-10-21 14:00:00,SACSI Full,0.3701941363717038,0.009603947401046753,0.0,0.6731378790567931,0.0,0.0,-5.020665710219923,88
2025-10-21 15:00:00,SACSI Full,0.3673481621917115,0.004979819059371948,0.0,0.5782720730570503,0.0,0.0,-4.734962056835755,88
2025-10-21 16:00:00,SACSI Full,0.36499092758679624,0.005027204751968384,0.0,0.4996975862265416,0.0,0.0,-4.499193776631588,88
2025-10-21 17:00:00,SACSI Full,0.36322807023236964,0.014078468084335327,0.0,0.4409356744123201,0.0,0.0,-4.323179105231974,88
2025-10-21 18:00:00,SACSI Full,0.36186728640535304,0.029841065406799316,0.0,0.3955762135117681,0.0,0.0,-4.1874830878166645,88
2025-10-21 19:00:00,SACSI Full,0.36094257157330656,0.02983793616294861,0.0,0.3647523857768846,0.0,0.0,-4.094853947346353,88
2025-10-21 20:00:00,SACSI Full,0.36006834673599847,0.015844106674194336,0.0,0.3356115578666149,0.0,0.0,-4.007291494028218,88
2025-10-21 21:00:00,SACSI Full,0.3589805338755528,0.00700727105140686,0.0,0.2993511291850936,0.0,0.0,-3.8982819013325343,88
2025-10-21 22:00:00,SACSI Full,0.35828419755190133,0.01823902130126953,0.0,0.27613991839671004,0.0,0.0,-3.828896853118656,88
2025-10-21 23:00:00,SACSI Full,0.3673151293046133,0.020450502634048462,0.0,0.5771709768204432,0.0,0.0,-4.731944055327338,88
2025-10-22 00:00:00,SACSI Full,0.3693307132862976,0.1830323040485382,0.0,0.6443571095432518,0.0,0.0,-4.938357792724872,88
2025-10-22 01:00:00,SACSI Full,0.37486080550899836,0.04722118377685547,0.0,0.8286935169666123,0.0,0.0,-5.488383085778089,88
2025-10-22 02:00:00,SACSI Full,0.37759352343217195,0.18209949135780334,0.0,0.9197841144057307,0.0,0.0,-5.764343116120161,88
2025-10-22 03:00:00,SACSI Full,0.3753938913698404,0.037573426961898804,0.0,0.8464630456613478,0.0,0.0,-5.541585866167238,88
2025-10-22 04:00:00,SACSI Full,0.3731039029534527,0.025633573532104492,0.0,0.7701300984484221,0.0,0.0,-5.311022365350208,88
2025-10-22 05:00:00,SACSI Full,0.3707437674541355,0.017418265342712402,0.0,0.6914589151378507,0.0,0.0,-5.074807263802298,88
2025-10-22 06:00:00,SACSI Full,0.3688714394724739,0.01834958791732788,0.0,0.6290479824157971,0.0,0.0,-4.887520252231483,88
2025-10-22 07:00:00,SACSI Full,0.37012067517915714,0.1389598846435547,0.0,0.6706891726385721,0.0,0.0,-5.016052818575847,88
2025-10-22 08:00:00,SACSI Full,0.3699435032405795,0.04763185977935791,0.0,0.6647834413526511,0.0,0.0,-4.996216241502179,88
2025-10-22 09:00:00,SACSI Full,0.3680514836865373,0.012610256671905518,0.0,0.6017161228845765,0.0,0.0,-4.805750789818241,88
2025-10-22 10:00:00,SACSI Full,0.3660037393966056,0.008134692907333374,0.0,0.5334579798868518,0.0,0.0,-4.600581389156349,88
2025-10-22 11:00:00,SACSI Full,0.36335155576837685,0.006396770477294922,0.0,0.4450518589458966,0.0,0.0,-4.335300891471531,88
2025-10-22 12:00:00,SACSI Full,0.36136131325673426,0.004637688398361206,0.0,0.3787104418911426,0.0,0.0,-4.136241670262183,88
2025-10-22 13:00:00,SACSI Full,0.36544542590479284,0.03758132457733154,0.0,0.5148475301597614,0.0,0.0,-4.54562365333262,88
2025-10-22 14:00:00,SACSI Full,0.36340139688271494,0.007504522800445557,0.0,0.4467132294238312,0.0,0.0,-4.340590546745271,88
2025-10-22 15:00:00,SACSI Full,0.3615114523894031,0.005731731653213501,0.0,0.38371507964676826,0.0,0.0,-4.151277601484844,88
2025-10-22 16:00:00,SACSI Full,0.3600398230844532,0.005671977996826172,0.0,0.3346607694817735,0.0,0.0,-4.004096345541821,88
2025-10-22 17:00:00,SACSI Full,0.35999490556339575,0.030188262462615967,0.0,0.3331635187798583,0.0,0.0,-4.000339484433485,88
2025-10-22 18:00:00,SACSI Full,0.3587863029248132,0.006795972585678101,0.0,0.29287676416044095,0.0,0.0,-3.8790001348318053,88
2025-10-22 19:00:00,SACSI Full,0.3598683057757569,0.1130443811416626,0.0,0.3289435258585627,0.0,0.0,-3.9901539492840827,88
2025-10-22 20:00:00,SACSI Full,0.3590984410366135,0.040321946144104004,0.0,0.30328136788711646,0.0,0.0,-3.911377766934205,88
2025-10-22 21:00:00,SACSI Full,0.3580871179059193,0.025673657655715942,0.0,0.2695705968639757,0.0,0.0,-3.809371746629927,88
2025-10-22 22:00:00,SACSI Full,0.35748954688170953,0.029880255460739136,0.0,0.24965156272365194,0.0,0.0,-3.7495943592582175,88
2025-10-22 23:00:00,SACSI Full,0.35944181445544426,0.1514074206352234,0.0,0.3147271485148082,0.0,0.0,-3.948424865608875,88
2025-10-23 00:00:00,SACSI Full,0.36112630825423114,0.11022508144378662,0.0,0.3708769418077054,0.0,0.0,-4.1152471504439045,88
2025-10-23 01:00:00,SACSI Full,0.3609056454924009,0.03132268786430359,0.0,0.36352151641336405,0.0,0.0,-4.09198002693317,88
2025-10-23 02:00:00,SACSI Full,0.36455233702116563,0.11308535933494568,0.0,0.4850779007055209,0.0,0.0,-4.458313036017968,88
2025-10-23 03:00:00,SACSI Full,0.36335332647717017,0.019407719373703003,0.0,0.4451108825723381,0.0,0.0,-4.336657578504103,88
2025-10-23 04:00:00,SACSI Full,0.3737303485004546,0.021118223667144775,0.0,0.79101161668182,0.0,0.0,-5.373474319561737,88
2025-10-23 05:00:00,SACSI Full,0.3746940674047865,0.1377512514591217,0.0,0.8231355801595512,1.4210854715202004e-14,0.0,-5.473328095785752,88
2025-10-23 06:00:00,SACSI Full,0.3872125537972329,0.021464377641677856,0.0,1.240418459907764,0.0,0.0,-6.7228475360142985,88
2025-10-23 07:00:00,SACSI Full,0.3837644923283468,0.04206463694572449,0.0,1.1254830776115596,0.0,0.0,-6.377496528166636,88
2025-10-23 08:00:00,SACSI Full,0.38875485731570214,0.39093807339668274,0.0,1.2918285771900715,0.0,0.0,-6.886793227402657,88
2025-10-23 09:00:00,SACSI Full,0.3882392089328315,0.10694578289985657,0.0,1.2746402977610503,0.0,0.0,-6.828899731846112,88
2025-10-23 10:00:00,SACSI Full,0.3836970415183138,0.009084492921829224,0.0,1.123234717277127,0.0,0.0,-6.370864454589596,88
2025-10-23 11:00:00,SACSI Full,0.3830133321856467,0.06083160638809204,0.0,1.100444406188224,1.4210854715202004e-14,0.0,-6.303067321827094,88
2025-10-23 12:00:00,SACSI Full,0.37883939122477245,0.008630752563476562,0.0,0.9613130408257476,0.0,0.0,-5.8846337460667595,88
2025-10-23 13:00:00,SACSI Full,0.3750672071880019,0.009918361902236938,0.0,0.8355735729333973,0.0,0.0,-5.506931962131622,88
2025-10-23 14:00:00,SACSI Full,0.37213215003126116,0.012221187353134155,0.0,0.7377383343753707,0.0,0.0,-5.213482455127686,88
2025-10-23 15:00:00,SACSI Full,0.3693000258658521,0.006196945905685425,0.0,0.6433341955284022,0.0,0.0,-4.930186767917796,88
2025-10-23 16:00:00,SACSI Full,0.3668762698663049,0.005415529012680054,0.0,0.5625423288768303,0.0,0.0,-4.687743111379673,88
2025-10-23 17:00:00,SACSI Full,0.36499109624380827,0.019151121377944946,0.0,0.4997032081269424,0.0,0.0,-4.4996300027320375,88
2025-10-23 18:00:00,SACSI Full,0.36340587063045765,0.022294670343399048,0.0,0.4468623543485876,0.0,0.0,-4.341064391942287,88
2025-10-23 19:00:00,SACSI Full,0.36206510937045333,0.04244193434715271,0.0,0.4021703123484443,0.0,0.0,-4.207561248372314,88
2025-10-23 20:00:00,SACSI Full,0.36078218131223605,0.025527626276016235,0.0,0.35940604374120116,0.0,0.0,-4.078897826829836,88
2025-10-23 21:00:00,SACSI Full,0.3596268867142136,0.008307844400405884,0.0,0.3208962238071209,0.0,0.0,-3.9630270261281244,88
2025-10-23 22:00:00,SACSI Full,0.3589235010627927,0.011934340000152588,0.0,0.2974500354264237,0.0,0.0,-3.892625058035269,88
2025-10-23 23:00:00,SACSI Full,0.3596284694846888,0.06643950939178467,0.0,0.3209489828229593,0.0,0.0,-3.964720790350631,88
2025-10-24 00:00:00,SACSI Full,0.3614011896212476,0.14585569500923157,0.0,0.3800396540415861,0.0,0.0,-4.1438302378811205,88
2025-10-24 01:00:00,SACSI Full,0.3612089625725369,0.04146397113800049,0.0,0.3736320857512283,0.0,0.0,-4.12276945391516,88
2025-10-24 02:00:00,SACSI Full,0.3606841455501217,0.02419307827949524,0.0,0.35613818500405614,0.0,0.0,-4.069071125506342,88
2025-10-24 03:00:00,SACSI Full,0.3620232316839008,0.12800022959709167,0.0,0.40077438946336064,0.0,0.0,-4.2059212444952,88
2025-10-24 04:00:00,SACSI Full,0.3639728412423708,0.17614424228668213,0.0,0.4657613747456935,0.0,0.0,-4.401288449209707,88
2025-10-24 05:00:00,SACSI Full,0.36326673899097844,0.05589395761489868,0.0,0.44222463303261467,0.0,0.0,-4.32899428109686,88
2025-10-24 06:00:00,SACSI Full,0.36257575003317244,0.04589498043060303,0.0,0.41919166777241373,0.0,0.0,-4.258592892697698,88
2025-10-24 07:00:00,SACSI Full,0.36108447847495595,0.007101148366928101,0.0,0.36948261583186626,0.0,0.0,-4.10897780878357,88
2025-10-24 08:00:00,SACSI Full,0.3600851789176177,0.006382763385772705,0.0,0.33617263058725655,0.0,0.0,-4.008652730879298,88
2025-10-24 09:00:00,SACSI Full,0.3687366510072688,0.057996660470962524,0.0,0.6245550335756278,0.0,0.0,-4.875341172907153,88
2025-10-24 10:00:00,SACSI Full,0.3664462243334657,0.00757947564125061,0.0,0.5482074777821894,0.0,0.0,-4.645278194707689,88
2025-10-24 11:00:00,SACSI Full,0.3639766360321229,0.0075113773345947266,0.0,0.4658878677374304,0.0,0.0,-4.3978145117420455,88
2025-10-24 12:00:00,SACSI Full,0.3619034218901323,0.008316487073898315,0.0,0.3967807296710774,0.0,0.0,-4.1905165698521,88
2025-10-24 13:00:00,SACSI Full,0.3610670832566554,0.026001185178756714,0.0,0.36890277522184506,0.0,0.0,-4.10740519635016,88
2025-10-24 14:00:00,SACSI Full,0.3599884928327919,0.015372633934020996,0.0,0.33294976109306307,0.0,0.0,-3.9992630214703153,88
2025-10-24 15:00:00,SACSI Full,0.3587306634610403,0.009173303842544556,0.0,0.2910221153680112,0.0,0.0,-3.873311805481797,88
2025-10-24 16:00:00,SACSI Full,0.35797534680236953,0.009249895811080933,0.0,0.2658448934123186,0.0,0.0,-3.79772044407286,88
2025-10-24 17:00:00,SACSI Full,0.3576013326888345,0.017673522233963013,0.0,0.25337775629448345,0.0,0.0,-3.7605709755923558,88
2025-10-24 18:00:00,SACSI Full,0.3577096525571104,0.023484379053115845,0.0,0.2569884185703458,0.0,0.0,-3.771493051860293,88
2025-10-24 19:00:00,SACSI Full,0.35725613706731996,0.014316588640213013,0.0,0.2418712355773323,0.0,0.0,-3.7259917164089282,88
2025-10-24 20:00:00,SACSI Full,0.35813319698057355,0.03422453999519348,0.0,0.27110656601911814,0.0,0.0,-3.8142032683708087,88
2025-10-24 21:00:00,SACSI Full,0.3586376325167577,0.039251744747161865,0.0,0.2879210838919235,1.4210854715202004e-14,0.0,-3.86459855861823,88
2025-10-24 22:00:00,SACSI Full,0.35812476999259235,0.016966909170150757,0.0,0.270825666419745,0.0,0.0,-3.8130391857984076,88
2025-10-24 23:00:00,SACSI Full,0.35735486188557364,0.01418963074684143,0.0,0.24516206285245518,0.0,0.0,-3.7357977539565335,88
2025-10-25 00:00:00,SACSI Full,0.35663812186396077,0.014748722314834595,0.0,0.22127072879869303,1.4210854715202004e-14,0.0,-3.6641127517580525,88
2025-10-25 01:00:00,SACSI Full,0.3560212255365487,0.015638619661331177,0.0,0.20070751788495614,0.0,0.0,-3.60244422502156,88
2025-10-25 02:00:00,SACSI Full,0.3554782492679509,0.019715428352355957,0.0,0.1826083089316967,0.0,0.0,-3.5482600034490472,88
2025-10-25 03:00:00,SACSI Full,0.3569033930561083,0.06615623831748962,0.0,0.2301131018702762,0.0,0.0,-3.69212683847683,88
2025-10-25 04:00:00,SACSI Full,0.35778942002556957,0.03395542502403259,0.0,0.25964733418565233,0.0,0.0,-3.779943119190371,88
2025-10-25 05:00:00,SACSI Full,0.357615375258883,0.01863241195678711,0.0,0.25384584196276594,0.0,0.0,-3.762063404258106,88
2025-10-25 06:00:00,SACSI Full,0.35706386630746134,0.012509524822235107,0.0,0.2354622102487113,0.0,0.0,-3.706698050113924,88
2025-10-25 07:00:00,SACSI Full,0.356541421024791,0.037813782691955566,0.0,0.21804736749303544,0.0,0.0,-3.6551514207116385,88
2025-10-25 08:00:00,SACSI Full,0.357230995969288,0.01790568232536316,0.0,0.24103319897626677,0.0,0.0,-3.7236567915789704,88
2025-10-25 09:00:00,SACSI Full,0.35740327265528954,0.010958760976791382,0.0,0.24677575517631853,0.0,0.0,-3.7406159099619747,88
2025-10-25 10:00:00,SACSI Full,0.35608612290145264,0.005225837230682373,0.0,0.2028707633817547,0.0,0.0,-3.608774136127338,88
2025-10-25 11:00:00,SACSI Full,0.3541142542502997,0.0045812129974365234,0.0,0.13714180834332268,-1.4210854715202004e-14,0.0,-3.4115234955322493,88
2025-10-25 12:00:00,SACSI Full,0.3541299622159348,0.00787779688835144,0.0,0.13766540719782655,0.0,0.0,-3.413186743370155,88
2025-10-25 13:00:00,SACSI Full,0.3648266031756233,0.05171239376068115,0.0,0.4942201058541116,0.0,0.0,-4.484132911406268,88
2025-10-25 14:00:00,SACSI Full,0.36345249714048783,0.008184760808944702,0.0,0.44841657134959406,0.0,0.0,-4.345848685594477,88
2025-10-25 15:00:00,SACSI Full,0.3623608361016996,0.012029558420181274,0.0,0.41202787005665303,0.0,0.0,-4.236362649314477,88
2025-10-25 16:00:00,SACSI Full,0.36208795795446225,0.023068487644195557,0.0,0.40293193181540804,0.0,0.0,-4.209367554491348,88
2025-10-25 17:00:00,SACSI Full,0.36070992179970973,0.011586546897888184,0.0,0.3569973933236568,0.0,0.0,-4.071338730316393,88
2025-10-25 18:00:00,SACSI Full,0.35987193712587084,0.020169168710708618,0.0,0.32906457086236146,0.0,0.0,-3.987682922179426,88
2025-10-25 19:00:00,SACSI Full,0.35874776043255563,0.013839006423950195,0.0,0.2915920144185208,0.0,0.0,-3.875116125006909,88
2025-10-25 20:00:00,SACSI Full,0.35907998733663055,0.04483431577682495,0.0,0.3026662445543508,0.0,0.0,-3.909205373072119,88
2025-10-25 21:00:00,SACSI Full,0.3583758125420525,0.01894131302833557,0.0,0.27919375140174907,0.0,0.0,-3.8382190104932983,88
2025-10-25 22:00:00,SACSI Full,0.35744669434631887,0.011987686157226562,0.0,0.24822314487729644,0.0,0.0,-3.744978724623742,88
2025-10-25 23:00:00,SACSI Full,0.35826648321943005,0.07248610258102417,0.0,0.27554944064766856,0.0,0.0,-3.828703028158863,88
2025-10-26 00:00:00,SACSI Full,0.35977099026033155,0.1280517876148224,0.0,0.3256996753443844,0.0,0.0,-3.9802157186357885,88
2025-10-26 01:00:00,SACSI Full,0.36000361236157,0.05424037575721741,0.0,0.3334537453856683,0.0,0.0,-4.002184157790722,88
2025-10-26 02:00:00,SACSI Full,0.35888580648811447,0.011851787567138672,0.0,0.29619354960381516,0.0,0.0,-3.8892415704446894,88
2025-10-26 03:00:00,SACSI Full,0.35852283423297215,0.026202797889709473,0.0,0.2840944744324048,0.0,0.0,-3.852950989358235,88
2025-10-26 04:00:00,SACSI Full,0.35786666295080727,0.016370713710784912,0.0,0.2622220983602418,0.0,0.0,-3.7870920301967312,88
2025-10-26 05:00:00,SACSI Full,0.35727569394853126,0.016232430934906006,0.0,0.24252313161770758,0.0,0.0,-3.7278954262995825,88
2025-10-26 06:00:00,SACSI Full,0.3563990720794178,0.009815841913223267,0.0,0.21330240264725975,0.0,0.0,-3.6401676906702596,88
2025-10-26 07:00:00,SACSI Full,0.3555247910588006,0.006875395774841309,0.0,0.18415970196001866,0.0,0.0,-3.5526460182569384,88
2025-10-26 08:00:00,SACSI Full,0.3544985126257854,0.0035668909549713135,0.0,0.14995042085951413,0.0,0.0,-3.449955685445839,88
2025-10-26 09:00:00,SACSI Full,0.35354928971799465,0.005542784929275513,0.0,0.11830965726648941,0.0,0.0,-3.3550595864377932,88
2025-10-26 10:00:00,SACSI Full,0.3521100965366863,0.004078596830368042,0.0,0.07033655122287712,0.0,0.0,-3.2111058674862245,88
2025-10-26 11:00:00,SACSI Full,0.3506907277378532,0.005213618278503418,0.0,0.023024257928439342,0.0,0.0,-3.0691883963653708,88
2025-10-26 12:00:00,SACSI Full,0.3491501878811014,0.005338042974472046,0.0,0.0,0.0,0.0,-2.9151267932165896,88
2025-10-26 13:00:00,SACSI Full,0.34760467352003777,0.003845691680908203,0.0,0.0,0.0,0.0,-2.7605591893503294,88
2025-10-26 14:00:00,SACSI Full,0.3462287215615404,0.0037144124507904053,0.0,0.0,0.0,0.0,-2.6229477571953552,88
2025-10-26 15:00:00,SACSI Full,0.34510675235043886,0.0034092366695404053,0.0,0.0,0.0,0.0,-2.5107464715350893,88
2025-10-26 16:00:00,SACSI Full,0.34435345323891364,0.0035102665424346924,0.0,0.0,0.0,0.0,-2.4354165395209413,88
2025-10-26 17:00:00,SACSI Full,0.34407662350029666,0.010451078414916992,0.0,0.0,0.0,0.0,-2.407940779716689,88
2025-10-26 18:00:00,SACSI Full,0.3440814005471361,0.009933114051818848,0.0,0.0,0.0,0.0,-2.4083438966382764,88
2025-10-26 19:00:00,SACSI Full,0.34403664560328845,0.012073516845703125,0.0,0.0,0.0,0.0,-2.4039274346936974,88
2025-10-26 20:00:00,SACSI Full,0.3446795073653353,0.01835852861404419,0.0,0.0,0.0,0.0,-2.4683807572234953,88
2025-10-26 21:00:00,SACSI Full,0.34640392742167836,0.034326016902923584,0.0,0.0,0.0,0.0,-2.641238937388782,88
2025-10-26 22:00:00,SACSI Full,0.3462395801600906,0.010195821523666382,0.0,0.0,0.0,0.0,-2.624403234393325,88
2025-10-26 23:00:00,SACSI Full,0.3460166310677025,0.009615272283554077,0.0,0.0,0.0,0.0,-2.601861217708319,88
2025-10-27 00:00:00,SACSI Full,0.34657946660608974,0.011350661516189575,0.0,0.0,0.0,0.0,-2.6581910277316227,88
2025-10-27 01:00:00,SACSI Full,0.35352109096942186,0.02535700798034668,0.0,0.1173696989807283,0.0,0.0,-3.352756300566434,88
2025-10-27 02:00:00,SACSI Full,0.35373304179016807,0.013519972562789917,0.0,0.12443472633893578,0.0,0.0,-3.373692948822237,88
2025-10-27 03:00:00,SACSI Full,0.3545463180109029,0.02952679991722107,0.0,0.15154393369676455,0.0,0.0,-3.4553824053621796,88
2025-10-27 04:00:00,SACSI Full,0.3546314043947606,0.01390606164932251,0.0,0.15438014649201934,0.0,0.0,-3.463574768091725,88
2025-10-27 05:00:00,SACSI Full,0.35437391203539503,0.011049360036849976,0.0,0.1457970678465017,0.0,0.0,-3.437640757756364,88
2025-10-27 06:00:00,SACSI Full,0.3540811233532751,0.01620084047317505,0.0,0.13603744510916868,0.0,0.0,-3.4084878669413334,88
2025-10-27 07:00:00,SACSI Full,0.35336325523939643,0.0072480738162994385,0.0,0.11210850797988173,0.0,0.0,-3.3365600130825372,88
2025-10-27 08:00:00,SACSI Full,0.3527051626594685,0.005244314670562744,0.0,0.09017208864894855,-1.4210854715202004e-14,0.0,-3.270641189831718,88
2025-10-27 09:00:00,SACSI Full,0.3532080761902174,0.012809932231903076,0.0,0.10693587300724516,0.0,0.0,-3.3211394738419884,88
2025-10-27 10:00:00,SACSI Full,0.35451727516132353,0.015335530042648315,0.0,0.15057583871078464,0.0,0.0,-3.452059482711313,88
2025-10-27 11:00:00,SACSI Full,0.353312422231535,0.003958195447921753,0.0,0.11041407438449938,0.0,0.0,-3.331435160408402,88
2025-10-27 12:00:00,SACSI Full,0.35706969878002986,0.026339590549468994,0.0,0.23565662600099702,0.0,0.0,-3.707720483764991,88
2025-10-27 13:00:00,SACSI Full,0.35867364256970574,0.025304555892944336,0.0,0.2891214189901916,0.0,0.0,-3.8678806984349974,88
2025-10-27 14:00:00,SACSI Full,0.3590976599293276,0.027960538864135742,0.0,0.3032553309775864,0.0,0.0,-3.9103517635397513,88
2025-10-27 15:00:00,SACSI Full,0.3581980905570976,0.007398873567581177,0.0,0.27326968523658623,0.0,0.0,-3.8201626498340775,88
2025-10-27 16:00:00,SACSI Full,0.3571859559176914,0.005891472101211548,0.0,0.23953186392304815,0.0,0.0,-3.7187284952258297,88
2025-10-27 17:00:00,SACSI Full,0.3568562055026191,0.014615058898925781,0.0,0.22854018342063684,0.0,0.0,-3.686000087307865,88
2025-10-27 18:00:00,SACSI Full,0.35606824630809103,0.008387118577957153,0.0,0.20227487693636875,0.0,0.0,-3.607054652583871,88
2025-10-27 19:00:00,SACSI Full,0.3560250700840259,0.0218828022480011,0.0,0.2008356694675314,0.0,0.0,-3.6030796212842495,88
2025-10-27 20:00:00,SACSI Full,0.35536113595732194,0.013524293899536133,0.0,0.17870453191073069,0.0,0.0,-3.5364676666936687,88
2025-10-27 21:00:00,SACSI Full,0.35603892463643677,0.03863409161567688,0.0,0.20129748788122584,0.0,0.0,-3.6049162434531516,88
2025-10-27 22:00:00,SACSI Full,0.35703151093065133,0.07465958595275879,0.0,0.2343836976883793,0.0,0.0,-3.705004539727559,88
2025-10-27 23:00:00,SACSI Full,0.3562503448057716,0.0164949893951416,0.0,0.20834482685905442,0.0,0.0,-3.6259460263306393,88
2025-10-28 00:00:00,SACSI Full,0.3571449755342494,0.0490550696849823,0.0,0.23816585114164612,0.0,0.0,-3.715804255621537,88
2025-10-28 01:00:00,SACSI Full,0.3719263409154138,0.007787644863128662,0.0,0.7308780305137944,0.0,0.0,-5.193202518686863,88
2025-10-28 02:00:00,SACSI Full,0.37037090587215316,0.04639968276023865,0.0,0.6790301957384387,0.0,0.0,-5.038404701249491,88
2025-10-28 03:00:00,SACSI Full,0.368609907561511,0.03453075885772705,0.0,0.620330252050367,0.0,0.0,-4.861800060567281,88
2025-10-28 04:00:00,SACSI Full,0.368055079470727,0.06938755512237549,0.0,0.601835982357568,0.0,0.0,-4.807244266137795,88
2025-10-28 05:00:00,SACSI Full,0.3668355790328859,0.03783583641052246,0.0,0.561185967762863,0.0,0.0,-4.684630137203916,88
2025-10-28 06:00:00,SACSI Full,0.3657485098175894,0.04132956266403198,0.0,0.5249503272529793,0.0,0.0,-4.575712510274754,88
2025-10-28 07:00:00,SACSI Full,0.36394282419795015,0.008055120706558228,0.0,0.46476080659833774,0.0,0.0,-4.394776266628721,88
2025-10-28 08:00:00,SACSI Full,0.36793326887089806,0.16290903091430664,0.0,0.5977756290299354,0.0,0.0,-4.798133606810168,88
2025-10-28 09:00:00,SACSI Full,0.3695124257849347,0.14316126704216003,0.0,0.6504141928311569,-1.4210854715202004e-14,0.0,-4.954303281473035,88
2025-10-28 10:00:00,SACSI Full,0.369576766096475,0.06536096334457397,0.0,0.652558869882499,0.0,0.0,-4.959761831951366,88
2025-10-28 11:00:00,SACSI Full,0.369529334814777,0.06424844264984131,0.0,0.6509778271592339,0.0,0.0,-4.954229575537645,88
2025-10-28 12:00:00,SACSI Full,0.369267381138292,0.033659934997558594,0.0,0.6422460379430661,0.0,0.0,-4.9277171976056735,88
2025-10-28 13:00:00,SACSI Full,0.36931851955248746,0.03779217600822449,0.0,0.6439506517495815,0.0,0.0,-4.932649121179017,88
2025-10-28 14:00:00,SACSI Full,0.3707143252190992,0.11971920728683472,0.0,0.6904775073033065,-1.4210854715202004e-14,0.0,-5.074646176368441,88
2025-10-28 15:00:00,SACSI Full,0.3722382777412872,0.1174616813659668,0.0,0.7412759247095736,0.0,0.0,-5.226199583015248,88
2025-10-28 16:00:00,SACSI Full,0.3720497247417099,0.07192492485046387,0.0,0.7349908247236627,0.0,0.0,-5.2068663402331525,88
2025-10-28 17:00:00,SACSI Full,0.3702405658232564,0.016937851905822754,0.0,0.6746855274418793,0.0,0.0,-5.0249452100931995,88
2025-10-28 18:00:00,SACSI Full,0.3681278874135667,0.012959390878677368,0.0,0.6042629137855585,0.0,0.0,-4.813087713784516,88
2025-10-28 19:00:00,SACSI Full,0.3665484544184793,0.02028524875640869,0.0,0.5516151472826423,0.0,0.0,-4.655324405401832,88
2025-10-28 20:00:00,SACSI Full,0.36480373411062256,0.012541711330413818,0.0,0.4934578036874186,0.0,0.0,-4.480701680663123,88
2025-10-28 21:00:00,SACSI Full,0.36322841601147854,0.010851770639419556,0.0,0.44094720038261814,0.0,0.0,-4.323075535967552,88
2025-10-28 22:00:00,SACSI Full,0.3618312588306779,0.009228140115737915,0.0,0.39437529435592894,0.0,0.0,-4.183326682175342,88
2025-10-28 23:00:00,SACSI Full,0.36059917074053116,0.009179264307022095,0.0,0.3533056913510393,0.0,0.0,-4.060101148097343,88
2025-10-29 00:00:00,SACSI Full,0.35948635665877426,0.007867664098739624,0.0,0.31621188862580996,0.0,0.0,-3.948806135161483,88
2025-10-29 01:00:00,SACSI Full,0.3584830568564871,0.007278621196746826,0.0,0.28276856188290367,0.0,0.0,-3.8484571485016668,88
2025-10-29 02:00:00,SACSI Full,0.35757934182735734,0.007030218839645386,0.0,0.2526447275785785,0.0,0.0,-3.7580772711360977,88
2025-10-29 03:00:00,SACSI Full,0.35673879599248576,0.006462782621383667,0.0,0.22462653308285782,0.0,0.0,-3.6740145292631854,88
2025-10-29 04:00:00,SACSI Full,0.35632055122275835,0.036211609840393066,0.0,0.21068504075861086,0.0,0.0,-3.6330768427448326,88
2025-10-29 05:00:00,SACSI Full,0.3588716010299297,0.11203497648239136,0.0,0.2957200343309893,0.0,0.0,-3.890159036189038,88
2025-10-29 06:00:00,SACSI Full,0.3588283455316101,0.04930153489112854,0.0,0.2942781843870037,0.0,0.0,-3.8844479182747427,88
2025-10-29 07:00:00,SACSI Full,0.3648511175355799,0.08686885237693787,0.0,0.4950372511859968,0.0,0.0,-4.4872248037803875,88
2025-10-29 08:00:00,SACSI Full,0.3642334577950377,0.010150671005249023,0.0,0.4744485931679222,0.0,0.0,-4.424315974737589,88
2025-10-29 09:00:00,SACSI Full,0.37404299908785865,0.1397956907749176,0.0,0.801433302928622,0.0,0.0,-5.40839227279906,88
2025-10-29 10:00:00,SACSI Full,0.3766622104779676,0.24450376629829407,0.0,0.8887403492655879,0.0,0.0,-5.672158203877959,88
2025-10-29 11:00:00,SACSI Full,0.3751110994138535,0.026703327894210815,0.0,0.8370366471284498,-1.4210854715202004e-14,0.0,-5.513822012327275,88
2025-10-29 12:00:00,SACSI Full,0.37269795123370436,0.0216539204120636,0.0,0.7565983744568116,0.0,0.0,-5.270278695853499,88
2025-10-29 13:00:00,SACSI Full,0.37098949533824876,0.025113075971603394,0.0,0.699649844608291,0.0,0.0,-5.099486386899903,88
2025-10-29 14:00:00,SACSI Full,0.3723840612761207,0.11100515723228455,0.0,0.7461353758706907,0.0,0.0,-5.241485151569324,88
2025-10-29 15:00:00,SACSI Full,0.3720104598016764,0.0661015510559082,0.0,0.733681993389213,0.0,0.0,-5.202817047250522,88
2025-10-29 16:00:00,SACSI Full,0.3738911569741272,0.23708105087280273,0.0,0.7963718991375729,0.0,0.0,-5.3955671134283465,88
2025-10-29 17:00:00,SACSI Full,0.3723000622258398,0.034006983041763306,0.0,0.7433354075279923,0.0,0.0,-5.2327171029231225,88
2025-10-29 18:00:00,SACSI Full,0.3699360337342453,0.014825910329818726,0.0,0.6645344578081748,0.0,0.0,-4.994091702358243,88
2025-10-29 19:00:00,SACSI Full,0.3678770015948085,0.02069041132926941,0.0,0.5959000531602839,0.0,0.0,-4.788172612717431,88
2025-10-29 20:00:00,SACSI Full,0.36600890773115174,0.015702098608016968,0.0,0.5336302577050575,0.0,0.0,-4.601254698214547,88
2025-10-29 21:00:00,SACSI Full,0.36432623208145154,0.015238374471664429,0.0,0.4775410693817179,0.0,0.0,-4.43293261287595,88
2025-10-29 22:00:00,SACSI Full,0.36279203620785344,0.017142444849014282,0.0,0.42640120692844763,0.0,0.0,-4.279565510386098,88
2025-10-29 23:00:00,SACSI Full,0.3617743358510184,0.04666775465011597,0.0,0.39247786170061405,0.0,0.0,-4.178662193292855,88
2025-10-30 00:00:00,SACSI Full,0.36052437679112986,0.03532484173774719,0.0,0.3508125597043275,0.0,0.0,-4.0532576050768645,88
2025-10-30 01:00:00,SACSI Full,0.3619627691684458,0.0557766854763031,0.0,0.39875897228152585,0.0,0.0,-4.197596968991488,88
2025-10-30 02:00:00,SACSI Full,0.3607269969012403,0.012334883213043213,0.0,0.35756656337467807,0.0,0.0,-4.073380805810926,88
2025-10-30 03:00:00,SACSI Full,0.359607843763536,0.010015517473220825,0.0,0.3202614587845332,0.0,0.0,-3.9610078803604614,88
2025-10-30 04:00:00,SACSI Full,0.35887647228619973,0.018970966339111328,0.0,0.2958824095399905,0.0,0.0,-3.888116202435414,88
2025-10-30 05:00:00,SACSI Full,0.3585568740752475,0.023349672555923462,0.0,0.28522913584158405,0.0,0.0,-3.8561981880380363,88
2025-10-30 06:00:00,SACSI Full,0.35824176157955556,0.02269163727760315,0.0,0.27472538598518526,0.0,0.0,-3.8246365710538908,88
2025-10-30 07:00:00,SACSI Full,0.3572647279949567,0.017047524452209473,0.0,0.24215759983188861,0.0,0.0,-3.7268701911129654,88
2025-10-30 08:00:00,SACSI Full,0.3559370752266271,0.0036066770553588867,0.0,0.19790250755423672,0.0,0.0,-3.5939140646777847,88
2025-10-30 09:00:00,SACSI Full,0.35443976982526987,0.004800707101821899,0.0,0.1479923275089959,0.0,0.0,-3.4440849369694875,88
2025-10-30 10:00:00,SACSI Full,0.35293643810021585,0.0038817524909973145,0.0,0.09788127000719556,0.0,0.0,-3.293730634617513,88
2025-10-30 11:00:00,SACSI Full,0.3515351897059772,0.004798471927642822,0.0,0.05117299019924104,1.4210854715202004e-14,0.0,-3.153624107230638,88
2025-10-30 12:00:00,SACSI Full,0.3500409702029431,0.003599822521209717,0.0,0.0013656734314366759,0.0,0.0,-3.0041810032387994,88
2025-10-30 13:00:00,SACSI Full,0.3492078154689674,0.005053579807281494,0.0,0.0,0.0,0.0,-2.9208971560657457,88
2025-10-30 14:00:00,SACSI Full,0.34834313022202296,0.006094425916671753,0.0,0.0,0.0,0.0,-2.8344453191817225,88
2025-10-30 15:00:00,SACSI Full,0.34725004469380816,0.0035743415355682373,0.0,0.0,0.0,0.0,-2.7251011570553376,88
2025-10-30 16:00:00,SACSI Full,0.3465231939187252,0.002944767475128174,0.0,0.0,0.0,0.0,-2.6523845829626276,88
2025-10-30 17:00:00,SACSI Full,0.3462787757299944,0.0031745433807373047,0.0,0.0,0.0,0.0,-2.6279433616261083,88
2025-10-30 18:00:00,SACSI Full,0.3462363431492055,0.004270225763320923,0.0,0.0,0.0,0.0,-2.62373067625964,88
2025-10-30 19:00:00,SACSI Full,0.3462027797395591,0.00693097710609436,0.0,0.0,0.0,0.0,-2.6204432010114584,88
2025-10-30 20:00:00,SACSI Full,0.34619614547715627,0.006509721279144287,0.0,0.0,0.0,0.0,-2.619748954699478,88
2025-10-30 21:00:00,SACSI Full,0.3461864231974487,0.005583316087722778,0.0,0.0,0.0,0.0,-2.618763250118537,88
2025-10-30 22:00:00,SACSI Full,0.34617331189698025,0.004566609859466553,0.0,0.0,0.0,0.0,-2.6174326889574964,88
2025-10-30 23:00:00,SACSI Full,0.34615878150926077,0.004140883684158325,0.0,0.0,0.0,0.0,-2.6159652258615127,88
2025-10-31 00:00:00,SACSI Full,0.34614513426369475,0.0044058263301849365,0.0,0.0,0.0,0.0,-2.6146041923225387,88
2025-10-31 01:00:00,SACSI Full,0.3460512335346743,0.0058297812938690186,0.0,0.0,0.0,0.0,-2.6052541886429452,88
2025-10-31 02:00:00,SACSI Full,0.345961532946289,0.007089823484420776,0.0,0.0,0.0,0.0,-2.596307691520494,88
2025-10-31 03:00:00,SACSI Full,0.34587906885848485,0.009260773658752441,0.0,0.0,0.0,0.0,-2.588113810823403,88
2025-10-31 04:00:00,SACSI Full,0.3458000822049979,0.010304003953933716,0.0,0.0,0.0,0.0,-2.5802247328818217,88
2025-10-31 05:00:00,SACSI Full,0.34571878934846356,0.00961214303970337,0.0,0.0,0.0,0.0,-2.572078096316292,88
2025-10-31 06:00:00,SACSI Full,0.3456111524636153,0.010208934545516968,0.0,0.0,0.0,0.0,-2.561325392967497,88
2025-10-31 07:00:00,SACSI Full,0.34526828124111925,0.0076386332511901855,0.0,0.0,0.0,0.0,-2.527006599789891,88
2025-10-31 08:00:00,SACSI Full,0.3445140711719397,0.0032369792461395264,0.0,0.0,0.0,0.0,-2.4515158733189444,88
2025-10-31 09:00:00,SACSI Full,0.34333450695182915,0.0031307339668273926,0.0,0.0,0.0,0.0,-2.3335143723150447,88
2025-10-31 10:00:00,SACSI Full,0.34181661563541527,0.0036326050758361816,0.0,0.0,0.0,0.0,-2.181739234354133,88
2025-10-31 11:00:00,SACSI Full,0.3401535976027055,0.002594590187072754,0.0,0.0,0.0,0.0,-2.015422032223181,88
2025-10-31 12:00:00,SACSI Full,0.338409393770556,0.0037388503551483154,0.0,0.0,0.0,0.0,-1.8410255966643843,88
2025-10-31 13:00:00,SACSI Full,0.3367486710133755,0.003283172845840454,0.0,0.0,0.0,0.0,-1.6749373215695613,88
2025-10-31 14:00:00,SACSI Full,0.3352846538860206,0.0027948617935180664,0.0,0.0,0.0,0.0,-1.5285261689484508,88
2025-10-31 15:00:00,SACSI Full,0.3341019326065584,0.0021836161613464355,0.0,0.0,0.0,0.0,-1.4102430454353885,88
2025-10-31 16:00:00,SACSI Full,0.33360226755525707,0.003100484609603882,0.0,0.0,0.0,0.0,-1.360297933902381,88
2025-10-31 17:00:00,SACSI Full,0.33333845374967697,0.005855858325958252,0.0,0.0,0.0,0.0,-1.3339900458713785,88
2025-10-31 18:00:00,SACSI Full,0.3332740208290621,0.006170123815536499,0.0,0.0,0.0,0.0,-1.3275286280374161,88
2025-10-31 19:00:00,SACSI Full,0.3332578741620585,0.0036559998989105225,0.0,0.0,0.0,0.0,-1.3258856774429926,88
2025-10-31 20:00:00,SACSI Full,0.33324512644992316,0.004675686359405518,0.0,0.0,0.0,0.0,-1.324616355584108,88
2025-10-31 21:00:00,SACSI Full,0.33320352386381275,0.004519224166870117,0.0,0.0,0.0,0.0,-1.3204443354865365,88
2025-10-31 22:00:00,SACSI Full,0.33316228983308915,0.004629790782928467,0.0,0.0,0.0,0.0,-1.3163226847907339,88
2025-10-31 23:00:00,SACSI Full,0.3331180045412585,0.0037144124507904053,0.0,0.0,0.0,0.0,-1.3118838961581871,88
2025-11-01 00:00:00,SACSI Full,0.3330694207611288,0.002424865961074829,0.0,0.0,0.0,0.0,-1.3070034688969956,88
2025-11-01 01:00:00,SACSI Full,0.3329985793477898,0.004247575998306274,0.0,0.0,0.0,0.0,-1.2999611133993192,88
2025-11-01 02:00:00,SACSI Full,0.3329289643000171,0.004615485668182373,0.0,0.0,0.0,0.0,-1.2929924188117734,88
2025-11-01 03:00:00,SACSI Full,0.33285841345932143,0.004334747791290283,0.0,0.0,0.0,0.0,-1.2859308482667375,88
2025-11-01 04:00:00,SACSI Full,0.33278543571617264,0.0036066770553588867,0.0,0.0,0.0,0.0,-1.2786229858657296,88
2025-11-01 05:00:00,SACSI Full,0.3327136888089385,0.003975927829742432,0.0,0.0,0.0,0.0,-1.271452091958186,88
2025-11-01 06:00:00,SACSI Full,0.33261470380371866,0.0043044984340667725,0.0,0.0,0.0,0.0,-1.2615597560465899,88
2025-11-01 07:00:00,SACSI Full,0.33234825795636636,0.005066245794296265,0.0,0.0,0.0,0.0,-1.234934738026123,88
2025-11-01 08:00:00,SACSI Full,0.33159025603836834,0.0020994246006011963,0.0,0.0,0.0,0.0,-1.1590972605407819,88
2025-11-01 09:00:00,SACSI Full,0.3303791358604636,0.0021639466285705566,0.0,0.0,0.0,0.0,-1.0379575101992085,88
2025-11-01 10:00:00,SACSI Full,0.3288292375777767,0.002530515193939209,0.0,0.0,0.0,0.0,-0.882978033767203,88
2025-11-01 11:00:00,SACSI Full,0.32716791827744307,0.0031042098999023438,0.0,0.0,0.0,0.0,-0.716859648889364,88
2025-11-01 12:00:00,SACSI Full,0.3253932785581158,0.003108084201812744,0.0,0.0,0.0,0.0,-0.5393900562386331,88
2025-11-01 13:00:00,SACSI Full,0.3236208288127786,0.0037650763988494873,0.0,0.0,0.0,0.0,-0.362164752727806,88
2025-11-01 14:00:00,SACSI Full,0.32204546914722587,0.0033921003341674805,0.0,0.0,0.0,0.0,-0.20461848648991665,88
2025-11-01 15:00:00,SACSI Full,0.32083699889248674,0.002958923578262329,0.0,0.0,0.0,0.0,-0.0837633994877972,88
2025-11-01 16:00:00,SACSI Full,0.3200797370654947,0.0023214519023895264,0.0,0.0,0.0,0.0,-0.00802651030427546,88
2025-11-01 17:00:00,SACSI Full,0.319809309131166,0.003871619701385498,0.0,0.0,0.0,0.0,0.9999070659279824,88
2025-11-01 18:00:00,SACSI Full,0.3197898270875818,0.0026553869247436523,0.0,0.0,0.0,0.0,0.9999347299337387,88
2025-11-01 19:00:00,SACSI Full,0.3197740296044555,0.0037607550621032715,0.0,0.0,0.0,0.0,0.9999137312173844,88
2025-11-01 20:00:00,SACSI Full,0.3197264148965087,0.002715587615966797,0.0,0.0,0.0,0.0,0.9999352365732194,88
2025-11-01 21:00:00,SACSI Full,0.31967856375680437,0.002644658088684082,0.0,0.0,0.0,0.0,0.9999463975429534,88
2025-11-01 22:00:00,SACSI Full,0.3196306912587689,0.0026382505893707275,0.0,0.0,0.0,0.0,0.9999471709132195,88
2025-11-01 23:00:00,SACSI Full,0.3195818924052126,0.0023603439331054688,0.0,0.0,0.0,0.0,0.9999500140547752,88
2025-11-02 00:00:00,SACSI Full,0.31953194566553905,0.0020159780979156494,0.0,0.0,0.0,0.0,0.9999562367796898,88
2025-11-02 01:00:00,SACSI Full,0.31948043380723473,0.0015464425086975098,0.0,0.0,0.0,0.0,0.9999643757939338,88
2025-11-02 02:00:00,SACSI Full,0.31942826480772174,0.0013493001461029053,0.0,0.0,0.0,0.0,0.999971042573452,88
2025-11-02 03:00:00,SACSI Full,0.31937625674074965,0.0013975799083709717,0.0,0.0,0.0,0.0,0.99997156560421,88
2025-11-02 04:00:00,SACSI Full,0.3193240385674047,0.001334547996520996,0.0,0.0,0.0,0.0,0.9999726787209511,88
2025-11-02 05:00:00,SACSI Full,0.3192719872870652,0.0013846158981323242,0.0,0.0,0.0,0.0,0.9999718070030212,88
2025-11-02 06:00:00,SACSI Full,0.3191919722221899,0.0014954805374145508,0.0,0.0,0.0,0.0,0.9999689817428589,88
2025-11-02 07:00:00,SACSI Full,0.3188913656940667,0.0033180415630340576,0.0,0.0,0.0,0.0,0.9999154135584831,88
2025-11-02 08:00:00,SACSI Full,0.3181922010452159,0.002750605344772339,0.0,0.0,0.0,0.0,0.999939313530922,88
2025-11-02 09:00:00,SACSI Full,0.3170389306861766,0.002518892288208008,0.0,0.0,0.0,0.0,0.9999473050236702,88
2025-11-02 10:00:00,SACSI Full,0.3156043555385478,0.003127455711364746,0.0,0.0,0.0,0.0,0.9999313652515411,88
2025-11-02 11:00:00,SACSI Full,0.3140011512977489,0.0035387277603149414,0.0,0.0,0.0,0.0,0.9999251127243042,88
2025-11-02 12:00:00,SACSI Full,0.3123731611933915,0.004602968692779541,0.0,0.0,0.0,0.0,0.9998972982168197,88
2025-11-02 13:00:00,SACSI Full,0.3106574938470729,0.0037997961044311523,0.0,0.0,0.0,0.0,0.9999159723520279,88
2025-11-02 14:00:00,SACSI Full,0.3091413236147769,0.004148930311203003,0.0,0.0,0.0,0.0,0.9999135300517082,88
2025-11-02 15:00:00,SACSI Full,0.30796442868934154,0.003931522369384766,0.0,0.0,0.0,0.0,0.9999191954731942,88
2025-11-02 16:00:00,SACSI Full,0.30715334880099776,0.0031760334968566895,0.0,0.0,0.0,0.0,0.9999289244413376,88
2025-11-02 17:00:00,SACSI Full,0.30674231516267936,0.004189908504486084,0.0,0.0,0.0,0.0,0.999906063079834,88
2025-11-02 18:00:00,SACSI Full,0.3065583078057178,0.004297792911529541,0.0,0.0,0.0,0.0,0.999912965297699,88
2025-11-02 19:00:00,SACSI Full,0.30643177873200256,0.004541277885437012,0.0,0.0,0.0,0.0,0.9999067395925522,88
2025-11-02 20:00:00,SACSI Full,0.3063033954571295,0.003985017538070679,0.0,0.0,0.0,0.0,0.999914737045765,88
2025-11-02 21:00:00,SACSI Full,0.30623667024121765,0.00548243522644043,0.0,0.0,0.0,0.0,0.9998753771185875,88
2025-11-02 22:00:00,SACSI Full,0.3062019087782113,0.006571561098098755,0.0,0.0,0.0,0.0,0.9998576775193214,88
2025-11-02 23:00:00,SACSI Full,0.3061664588815578,0.006365031003952026,0.0,0.0,0.0,0.0,0.9998706340789795,88
2025-11-03 00:00:00,SACSI Full,0.3060933033178855,0.003553330898284912,0.0,0.0,0.0,0.0,0.9999008163809776,88
2025-11-03 01:00:00,SACSI Full,0.30596167606022046,0.0030118227005004883,0.0,0.0,0.0,0.0,0.9999343484640122,88
2025-11-03 02:00:00,SACSI Full,0.3058321806620169,0.0036513805389404297,0.0,0.0,0.0,0.0,0.9999205768108368,88
2025-11-03 03:00:00,SACSI Full,0.3060323280762243,0.002544224262237549,0.0,0.0,0.0,0.0,0.9999380439519883,88
2025-11-03 04:00:00,SACSI Full,0.3072894853805113,0.002647191286087036,0.0,0.0,0.0,0.0,0.9999460265040397,88
2025-11-03 05:00:00,SACSI Full,0.3072406368564177,0.002345442771911621,0.0,0.0,0.0,0.0,0.99995007365942,88
2025-11-03 06:00:00,SACSI Full,0.3071912474201728,0.00218316912651062,0.0,0.0,0.0,0.0,0.9999547138810158,88
2025-11-03 07:00:00,SACSI Full,0.3068615381620932,0.0030872225761413574,0.0,0.0,0.0,0.0,0.9999292150139808,88
2025-11-03 08:00:00,SACSI Full,0.30627747462099875,0.003280937671661377,0.0,0.0,0.0,0.0,0.9999324440956116,88
2025-11-03 09:00:00,SACSI Full,0.30562966250087903,0.0031563639640808105,0.0,0.0,0.0,0.0,0.9999356269836426,88
2025-11-03 10:00:00,SACSI Full,0.3045377675754436,0.003931522369384766,0.0,0.0,0.0,0.0,0.9999136179685593,88
2025-11-03 11:00:00,SACSI Full,0.3032265378513543,0.006131082773208618,0.0,0.0,0.0,0.0,0.9998553827404976,88
2025-11-03 12:00:00,SACSI Full,0.3030885720911233,0.00911027193069458,0.0,0.0,0.0,0.0,0.9997880026698113,88
2025-11-03 13:00:00,SACSI Full,0.3030911012695837,0.008758753538131714,0.0,0.0,0.0,0.0,0.9998213097453118,88
2025-11-03 14:00:00,SACSI Full,0.3018993968080092,0.007988661527633667,0.0,0.0,0.0,0.0,0.9998325258493423,88
2025-11-03 15:00:00,SACSI Full,0.3008936979491123,0.004290342330932617,0.0,0.0,0.0,0.0,0.9998772099614144,88
2025-11-03 16:00:00,SACSI Full,0.3002278590193002,0.004248321056365967,0.0,0.0,0.0,0.0,0.999914613366127,88
2025-11-03 17:00:00,SACSI Full,0.2999064392771928,0.005574077367782593,0.0,0.0,0.0,0.0,0.9998752608895302,88
2025-11-03 18:00:00,SACSI Full,0.29978620495067126,0.006429702043533325,0.0,0.0,0.0,0.0,0.9998628497123718,88
2025-11-03 19:00:00,SACSI Full,0.29963769341852353,0.006446540355682373,0.0,0.0,0.0,0.0,0.9998709008097649,88
2025-11-03 20:00:00,SACSI Full,0.29948926334605697,0.006470978260040283,0.0,0.0,0.0,0.0,0.9998703360557556,88
2025-11-03 21:00:00,SACSI Full,0.2993705226125924,0.006877779960632324,0.0,0.0,0.0,0.0,0.9998583763837814,88
2025-11-03 22:00:00,SACSI Full,0.299248418190341,0.005868673324584961,0.0,0.0,0.0,0.0,0.9998725354671478,88
2025-11-03 23:00:00,SACSI Full,0.29912152552829263,0.004432201385498047,0.0,0.0,0.0,0.0,0.9998969912528992,88
2025-11-04 00:00:00,SACSI Full,0.2990243579680331,0.004849731922149658,0.0,0.0,0.0,0.0,0.9998988300561904,88
2025-11-04 01:00:00,SACSI Full,0.2989297896669912,0.005629509687423706,0.0,0.0,0.0,0.0,0.9998796120285989,88
2025-11-04 02:00:00,SACSI Full,0.29880346970623806,0.00460401177406311,0.0,0.0,0.0,0.0,0.9998976647853851,88
2025-11-04 03:00:00,SACSI Full,0.2986742961731163,0.0037479400634765625,0.0,0.0,0.0,0.0,0.9999164804816246,88
2025-11-04 04:00:00,SACSI Full,0.29854427873756556,0.003494769334793091,0.0,0.0,0.0,0.0,0.9999275729060173,88
2025-11-04 05:00:00,SACSI Full,0.2990552495255676,0.004291236400604248,0.0,0.0,0.0,0.0,0.9999062106013298,88
2025-11-04 06:00:00,SACSI Full,0.298869727217218,0.0038433074951171875,0.0,0.0,0.0,0.0,0.9999186545610428,88
2025-11-04 07:00:00,SACSI Full,0.2998224916083224,0.004829317331314087,0.0,0.0,0.0,0.0,0.9998935535550117,88
2025-11-04 08:00:00,SACSI Full,0.2991257921082385,0.003490149974822998,0.0,0.0,0.0,0.0,0.9999168053269386,88
2025-11-04 09:00:00,SACSI Full,0.29806071258451616,0.0034761428833007812,0.0,0.0,0.0,0.0,0.9999303370714188,88
2025-11-04 10:00:00,SACSI Full,0.30583572994059394,0.021505206823349,0.0,0.0,0.0,0.0,0.9993896052241326,88
2025-11-04 11:00:00,SACSI Full,0.30675236841346887,0.006491541862487793,0.0,0.0,0.0,0.0,0.9997200325131417,88
2025-11-04 12:00:00,SACSI Full,0.309324396585485,0.01160845160484314,0.0,0.0,0.0,0.0,0.9997166618704796,88
2025-11-04 13:00:00,SACSI Full,0.30803989682978455,0.005650073289871216,0.0,0.0,0.0,0.0,0.9998274147510529,88
2025-11-04 14:00:00,SACSI Full,0.30683677509850327,0.004563480615615845,0.0,0.0,0.0,0.0,0.9998978644609451,88
2025-11-04 15:00:00,SACSI Full,0.3091176629931337,0.005266368389129639,0.0,0.0,0.0,0.0,0.9998876437544822,88
2025-11-04 16:00:00,SACSI Full,0.3089200698636578,0.0022220611572265625,0.0,0.0,0.0,0.0,0.9999251157045365,88
2025-11-04 17:00:00,SACSI Full,0.30861995855079155,0.0034666061401367188,0.0,0.0,0.0,0.0,0.9999182224273682,88
2025-11-04 18:00:00,SACSI Full,0.308460719175995,0.0032281875610351562,0.0,0.0,0.0,0.0,0.9999330520629883,88
2025-11-04 19:00:00,SACSI Full,0.3083883131407307,0.0037781894207000732,0.0,0.0,0.0,0.0,0.9999189361929893,88
2025-11-04 20:00:00,SACSI Full,0.3082854717149939,0.0031475722789764404,0.0,0.0,0.0,0.0,0.9999307423830032,88
2025-11-04 21:00:00,SACSI Full,0.30818094347781,0.002641528844833374,0.0,0.0,0.0,0.0,0.9999421089887619,88
2025-11-04 22:00:00,SACSI Full,0.30807815867648575,0.0031645596027374268,0.0,0.0,0.0,0.0,0.9999314785003662,88
2025-11-04 23:00:00,SACSI Full,0.3123382351182506,0.003522932529449463,0.0,0.0,0.0,0.0,0.9999259576201439,88
2025-11-05 00:00:00,SACSI Full,0.32866239552801907,0.005748122930526733,0.0,0.0,0.0,0.0,-0.8663767671645275,88
2025-11-05 01:00:00,SACSI Full,0.3306061135425772,0.0086154043674469,0.0,0.0,0.0,0.0,-1.060812335159436,88
2025-11-05 02:00:00,SACSI Full,0.3325204645799205,0.00830531120300293,0.0,0.0,0.0,0.0,-1.2522156651477554,88
2025-11-05 03:00:00,SACSI Full,0.3327805360546316,0.003521442413330078,0.0,0.0,0.0,0.0,-1.2781718729993221,88
2025-11-05 04:00:00,SACSI Full,0.33304425881054056,0.004616826772689819,0.0,0.0,0.0,0.0,-1.3045291714331027,88
2025-11-05 05:00:00,SACSI Full,0.33327461213733806,0.0031059980392456055,0.0,0.0,0.0,0.0,-1.3275384419819243,88
2025-11-05 06:00:00,SACSI Full,0.3334477876876399,0.002952665090560913,0.0,0.0,0.0,0.0,-1.344839355395286,88
2025-11-05 07:00:00,SACSI Full,0.33356476049409356,0.00309184193611145,0.0,0.0,0.0,0.0,-1.356539278016533,88
2025-11-05 08:00:00,SACSI Full,0.3353625481230621,0.007336288690567017,0.0,0.0,0.0,0.0,-1.536443982547565,88
2025-11-05 09:00:00,SACSI Full,0.3384582690905138,0.02221629023551941,0.0,0.0,0.0,0.0,-1.846420034871539,88
2025-11-05 10:00:00,SACSI Full,0.34148673336730445,0.02753928303718567,0.0,0.0,0.0,0.0,-2.1492773523192046,88
2025-11-05 11:00:00,SACSI Full,0.3433515440828208,0.012443214654922485,0.0,0.0,0.0,0.0,-2.335554233259002,88
2025-11-05 12:00:00,SACSI Full,0.3483731321333452,0.06797641515731812,0.0,0.0,0.0,0.0,-2.839228073642689,88
2025-11-05 13:00:00,SACSI Full,0.3492271876874173,0.009216666221618652,0.0,0.0,0.0,0.0,-2.923490699555517,88
2025-11-05 14:00:00,SACSI Full,0.348837090558867,0.0039708614349365234,0.0,0.0,0.0,0.0,-2.8838409311632676,88
2025-11-05 15:00:00,SACSI Full,0.34915326107885475,0.005351155996322632,0.0,0.0,0.0,0.0,-2.9154469339510145,88
2025-11-05 16:00:00,SACSI Full,0.35123184629809295,0.04963710904121399,0.0,0.04106154326976537,0.0,0.0,-3.1246202315205682,88
2025-11-05 17:00:00,SACSI Full,0.35508540917180276,0.08508250117301941,0.0,0.1695136390600908,0.0,0.0,-3.5105970211250535,88
2025-11-05 18:00:00,SACSI Full,0.3591834359027949,0.08652254939079285,0.0,0.30611453009316136,0.0,0.0,-3.920088441749482,88
2025-11-05 19:00:00,SACSI Full,0.36201981458395777,0.08557409048080444,0.0,0.40066048613192606,0.0,0.0,-4.203702424794493,88
2025-11-05 20:00:00,SACSI Full,0.36553564339634825,0.11510342359542847,0.0,0.5178547798782759,0.0,0.0,-4.55616170143788,88
2025-11-05 21:00:00,SACSI Full,0.3668536129364704,0.10817795991897583,0.0,0.5617870978823462,0.0,0.0,-4.687594107482184,88
2025-11-05 22:00:00,SACSI Full,0.3722905810359718,0.025109797716140747,0.0,0.7430193678657262,0.0,0.0,-5.23039098117353,88
2025-11-05 23:00:00,SACSI Full,0.3781051495121361,0.03220885992050171,0.0,0.9368383170712037,0.0,0.0,-5.811230119034062,88
2025-11-06 00:00:00,SACSI Full,0.3800553224333323,0.046395957469940186,0.0,1.0018440811110765,0.0,0.0,-6.006602033458122,88
2025-11-06 01:00:00,SACSI Full,0.38341773113800853,0.06514698266983032,0.0,1.113924371266951,0.0,0.0,-6.343263563706249,88
2025-11-06 02:00:00,SACSI Full,0.3856697129034439,0.1070849597454071,0.0,1.1889904301147964,0.0,0.0,-6.569532369310051,88
2025-11-06 03:00:00,SACSI Full,0.38695587269682635,0.1517103612422943,0.0,1.2318624232275455,0.0,0.0,-6.69906773092245,88
2025-11-06 04:00:00,SACSI Full,0.3898642174060847,0.14381065964698792,0.0,1.3288072468694894,0.0,0.0,-6.989376950817359,88
2025-11-06 05:00:00,SACSI Full,0.39256015722415194,0.169953852891922,0.0,1.4186719074717318,0.0,0.0,-7.25967623140548,88
2025-11-06 06:00:00,SACSI Full,0.3917256154485465,0.19999131560325623,0.0,1.390853848284884,0.0,0.0,-7.176861745793829,88
2025-11-06 07:00:00,SACSI Full,0.3892498049877811,0.1335836946964264,0.0,1.3083268329260378,0.0,0.0,-6.9283162488811065,88
2025-11-06 08:00:00,SACSI Full,0.38499201330507354,0.016562938690185547,0.0,1.1664004435024524,0.0,0.0,-6.50070279684122,88
2025-11-06 09:00:00,SACSI Full,0.38100452579764627,0.007237941026687622,0.0,1.0334841932548755,0.0,0.0,-6.100690588561795,88
2025-11-06 10:00:00,SACSI Full,0.3772596734433302,0.006200075149536133,0.0,0.908655781444341,0.0,0.0,-5.726101724494784,88
2025-11-06 11:00:00,SACSI Full,0.3736387672850724,0.00768706202507019,0.0,0.7879589095024144,0.0,0.0,-5.364045339616495,88
2025-11-06 12:00:00,SACSI Full,0.37047953104900444,0.00688016414642334,0.0,0.6826510349668141,0.0,0.0,-5.048098777162158,88
2025-11-06 13:00:00,SACSI Full,0.3675031671579521,0.005029737949371338,0.0,0.5834389052650707,0.0,0.0,-4.75043581481617,88
2025-11-06 14:00:00,SACSI Full,0.36505611269234195,0.0057540833950042725,0.0,0.5018704230780643,0.0,0.0,-4.505733594356551,88
2025-11-06 15:00:00,SACSI Full,0.3628002674307696,0.004922002553939819,0.0,0.4266755810256527,0.0,0.0,-4.280133503936448,88
2025-11-06 16:00:00,SACSI Full,0.36099554417856977,0.003601163625717163,0.0,0.36651813928565957,0.0,0.0,-4.099639649518773,88
2025-11-06 17:00:00,SACSI Full,0.35961710015757486,0.02603679895401001,0.0,0.3205700052524947,0.0,0.0,-3.9624551080898494,88
2025-11-06 18:00:00,SACSI Full,0.3584797028542483,0.017937570810317993,0.0,0.2826567618082777,0.0,0.0,-3.8484100291224723,88
2025-11-06 19:00:00,SACSI Full,0.35784133958944,0.012369006872177124,0.0,0.2613779863146661,0.0,0.0,-3.784437024720822,88
2025-11-06 20:00:00,SACSI Full,0.35695310075159353,0.007798373699188232,0.0,0.2317700250531175,0.0,0.0,-3.6955117489650666,88
2025-11-06 21:00:00,SACSI Full,0.3561767552691294,0.006988197565078735,0.0,0.20589184230431246,0.0,0.0,-3.617823392625582,88
2025-11-06 22:00:00,SACSI Full,0.3554137367630237,0.011052340269088745,0.0,0.18045789210079022,0.0,0.0,-3.541635364534789,88
2025-11-06 23:00:00,SACSI Full,0.35601877514054486,0.033137351274490356,0.0,0.2006258380181606,0.0,0.0,-3.6027611111900293,88
2025-11-07 00:00:00,SACSI Full,0.35533463868483994,0.006580352783203125,0.0,0.17782128949466483,0.0,0.0,-3.5338610455245703,88
2025-11-07 01:00:00,SACSI Full,0.3550032908742287,0.009872019290924072,0.0,0.16677636247429037,0.0,0.0,-3.5005594444737667,88
2025-11-07 02:00:00,SACSI Full,0.35565135018163846,0.03379613161087036,0.0,0.18837833938794832,0.0,0.0,-3.566050181919262,88
2025-11-07 03:00:00,SACSI Full,0.3572787700576835,0.08185163140296936,0.0,0.2426256685894501,0.0,0.0,-3.7299945933943293,88
2025-11-07 04:00:00,SACSI Full,0.3661152348096895,0.022113919258117676,0.0,0.5371744936563161,0.0,0.0,-4.6125631364755595,88
2025-11-07 05:00:00,SACSI Full,0.36712508694121787,0.10779187083244324,0.0,0.5708362313739287,0.0,0.0,-4.715521311054179,88
2025-11-07 06:00:00,SACSI Full,0.3656314395439882,0.023953765630722046,0.0,0.5210479847996069,0.0,0.0,-4.56446141076345,88
2025-11-07 07:00:00,SACSI Full,0.3686232578746312,0.19482076168060303,0.0,0.6207752624877074,0.0,0.0,-4.867930872657228,88
2025-11-07 08:00:00,SACSI Full,0.3929315080523341,0.01702532172203064,0.0,1.4310502684111386,0.0,0.0,-7.295269266067438,88
2025-11-07 09:00:00,SACSI Full,0.38931945122526734,0.04603132605552673,0.0,1.3106483741755768,0.0,0.0,-6.933155809091179,88
2025-11-07 10:00:00,SACSI Full,0.3856719685530065,0.0308208167552948,0.0,1.1890656184335497,0.0,0.0,-6.5679653767287585,88
2025-11-07 11:00:00,SACSI Full,0.38151488135475503,0.015869885683059692,0.0,1.0504960451585006,0.0,0.0,-6.1519550424998855,88
2025-11-07 12:00:00,SACSI Full,0.3775108228178494,0.013309866189956665,0.0,0.9170274272616468,0.0,0.0,-5.751374079303671,88
2025-11-07 13:00:00,SACSI Full,0.37356703029236255,0.010429918766021729,0.0,0.7855676764120845,0.0,0.0,-5.356940427085814,88
2025-11-07 14:00:00,SACSI Full,0.37127593642736423,0.01936972141265869,0.0,0.7091978809121415,0.0,0.0,-5.128070435191142,88
2025-11-07 15:00:00,SACSI Full,0.3682846711671199,0.009609460830688477,0.0,0.6094890389039961,0.0,0.0,-4.828756908534421,88
2025-11-07 16:00:00,SACSI Full,0.36589421005307243,0.008168667554855347,0.0,0.5298070017690819,0.0,0.0,-4.589598786591098,88
2025-11-07 17:00:00,SACSI Full,0.36407396871499964,0.008059889078140259,0.0,0.46913229049998795,0.0,0.0,-4.407559157066293,88
2025-11-07 18:00:00,SACSI Full,0.36265967764150575,0.014701932668685913,0.0,0.42198925471685844,0.0,0.0,-4.266328223239854,88
2025-11-07 19:00:00,SACSI Full,0.3614246855763031,0.018825232982635498,0.0,0.3808228525434359,0.0,0.0,-4.1428862952931,88
2025-11-07 20:00:00,SACSI Full,0.36030154433090383,0.014942437410354614,0.0,0.3433848110301284,0.0,0.0,-4.030492109794312,88
2025-11-07 21:00:00,SACSI Full,0.3592531508457562,0.010920315980911255,0.0,0.30843836152520654,0.0,0.0,-3.9255737121095327,88
2025-11-07 22:00:00,SACSI Full,0.3583315570872933,0.009740442037582397,0.0,0.2777185695764445,0.0,0.0,-3.833362316309515,88
2025-11-07 23:00:00,SACSI Full,0.3575006908520976,0.009263157844543457,0.0,0.250023028403254,0.0,0.0,-3.7502591212085834,88
2025-11-08 00:00:00,SACSI Full,0.3567569135433066,0.010597258806228638,0.0,0.22523045144355225,0.0,0.0,-3.6759166405163985,88
2025-11-08 01:00:00,SACSI Full,0.356088128191259,0.010802000761032104,0.0,0.20293760637530056,0.0,0.0,-3.6090309065606694,88
2025-11-08 02:00:00,SACSI Full,0.3555113065260886,0.010663717985153198,0.0,0.18371021753628583,0.0,0.0,-3.55134530979632,88
2025-11-08 03:00:00,SACSI Full,0.35499090638919817,0.010243505239486694,0.0,0.16636354630660577,1.4210854715202004e-14,0.0,-3.4992997111520627,88
2025-11-08 04:00:00,SACSI Full,0.3545241989537848,0.010794401168823242,0.0,0.15080663179282683,0.0,0.0,-3.4526412923611476,88
2025-11-08 05:00:00,SACSI Full,0.3541014349023795,0.009885281324386597,0.0,0.1367144967459822,0.0,0.0,-3.4103502870628812,88
2025-11-08 06:00:00,SACSI Full,0.35369351919486786,0.009242594242095947,0.0,0.12311730649559394,-1.4210854715202004e-14,0.0,-3.3695431982424497,88
2025-11-08 07:00:00,SACSI Full,0.3530851467437267,0.013826489448547363,0.0,0.1028382247908894,0.0,0.0,-3.3088370431137055,88
2025-11-08 08:00:00,SACSI Full,0.3522028895494986,0.004252493381500244,0.0,0.07342965164995122,0.0,0.0,-3.2204697447781574,88
2025-11-08 09:00:00,SACSI Full,0.350950008278398,0.004302561283111572,0.0,0.03166694261326768,0.0,0.0,-3.0950873797444785,88
2025-11-08 10:00:00,SACSI Full,0.34948849901647205,0.0035472214221954346,0.0,0.0,0.0,0.0,-2.948928399474258,88
2025-11-08 11:00:00,SACSI Full,0.34780190161755514,0.004020780324935913,0.0,0.0,0.0,0.0,-2.78027531295104,88
2025-11-08 12:00:00,SACSI Full,0.34603084215055735,0.004182159900665283,0.0,0.0,0.0,0.0,-2.6031694720495047,88
2025-11-08 13:00:00,SACSI Full,0.34428543976834247,0.0033792853355407715,0.0,0.0,0.0,0.0,-2.428619591286609,88
2025-11-08 14:00:00,SACSI Full,0.34276729612559903,0.0035569071769714355,0.0,0.0,0.0,0.0,-2.276802526921856,88
2025-11-08 15:00:00,SACSI Full,0.34158870495131444,0.003422647714614868,0.0,0.0,0.0,0.0,-2.1589402906803588,88
2025-11-08 16:00:00,SACSI Full,0.3408345366053862,0.0032494962215423584,0.0,0.0,0.0,0.0,-2.0835203819779813,88
2025-11-08 17:00:00,SACSI Full,0.3405286652315739,0.010238587856292725,0.0,0.0,0.0,0.0,-2.053141185830861,88
2025-11-08 18:00:00,SACSI Full,0.3405084592228217,0.010938197374343872,0.0,0.0,0.0,0.0,-2.051071682324836,88
2025-11-08 19:00:00,SACSI Full,0.34050998930663695,0.008959025144577026,0.0,0.0,0.0,0.0,-2.0511979028888834,88
2025-11-08 20:00:00,SACSI Full,0.34046839417110714,0.004521459341049194,0.0,0.0,0.0,0.0,-2.046974221955569,88
2025-11-08 21:00:00,SACSI Full,0.3404778047511064,0.002823173999786377,0.0,0.0,0.0,0.0,-2.0478539214440468,88
2025-11-08 22:00:00,SACSI Full,0.34048697790593735,0.002751946449279785,0.0,0.0,0.0,0.0,-2.048753541798225,88
2025-11-08 23:00:00,SACSI Full,0.3404980176795605,0.00331193208694458,0.0,0.0,0.0,0.0,-2.0498736064541654,88
2025-11-09 00:00:00,SACSI Full,0.3405102003722472,0.0036548078060150146,0.0,0.0,0.0,0.0,-2.0510965621380324,88
2025-11-09 01:00:00,SACSI Full,0.34049555772911344,0.0041072070598602295,0.0,0.0,0.0,0.0,-2.049642441045079,88
2025-11-09 02:00:00,SACSI Full,0.3404802057907068,0.003894418478012085,0.0,0.0,0.0,0.0,-2.0481005953260594,88
2025-11-09 03:00:00,SACSI Full,0.34043760283997493,0.004219114780426025,0.0,0.0,0.0,0.0,-2.043847913256125,88
2025-11-09 04:00:00,SACSI Full,0.3403951007204338,0.004249364137649536,0.0,0.0,0.0,0.0,-2.039595361819702,88
2025-11-09 05:00:00,SACSI Full,0.34032273640842076,0.0037907063961029053,0.0,0.0,0.0,0.0,-2.032354041547413,88
2025-11-09 06:00:00,SACSI Full,0.34025230130007705,0.004369467496871948,0.0,0.0,0.0,0.0,-2.02532330696865,88
2025-11-09 07:00:00,SACSI Full,0.34000678141882856,0.0028440356254577637,0.0,0.0,0.0,0.0,-2.0007502769140784,88
2025-11-09 08:00:00,SACSI Full,0.33933262416413273,0.0017528235912322998,0.0,0.0,0.0,0.0,-1.9333083850054396,88
2025-11-09 09:00:00,SACSI Full,0.3382661737335806,0.003064870834350586,0.0,0.0,0.0,0.0,-1.8266917912471763,88
2025-11-09 10:00:00,SACSI Full,0.3368586792283341,0.002751648426055908,0.0,0.0,0.0,0.0,-1.6859260880260158,88
2025-11-09 11:00:00,SACSI Full,0.3351715116116489,0.003849714994430542,0.0,0.0,0.0,0.0,-1.5172391361304594,88
2025-11-09 12:00:00,SACSI Full,0.3334860486878042,0.0043611228466033936,0.0,0.0,0.0,0.0,-1.3486972053158715,88
2025-11-09 13:00:00,SACSI Full,0.33179723498951236,0.0033558905124664307,0.0,0.0,0.0,0.0,-1.1798006690848257,88
2025-11-09 14:00:00,SACSI Full,0.3303617806733732,0.0028637051582336426,0.0,0.0,0.0,0.0,-1.0362402632940246,88
2025-11-09 15:00:00,SACSI Full,0.32932156946630126,0.0024366378784179688,0.0,0.0,0.0,0.0,-0.9322099500604915,88
2025-11-09 16:00:00,SACSI Full,0.3286489664027179,0.002219080924987793,0.0,0.0,0.0,0.0,-0.8649431974598235,88
2025-11-09 17:00:00,SACSI Full,0.3283152914489393,0.0018975138664245605,0.0,0.0,0.0,0.0,-0.8315703108418417,88
2025-11-09 18:00:00,SACSI Full,0.3281796433612788,0.0018055737018585205,0.0,0.0,0.0,0.0,-0.8180013670035627,88
2025-11-09 19:00:00,SACSI Full,0.32810455213676737,0.002972632646560669,0.0,0.0,0.0,0.0,-0.8105263369191145,88
2025-11-09 20:00:00,SACSI Full,0.3280565514887457,0.0025998055934906006,0.0,0.0,0.0,0.0,-0.8057108732569683,88
2025-11-09 21:00:00,SACSI Full,0.3280362672659839,0.0024147331714630127,0.0,0.0,0.0,0.0,-0.8036768719860383,88
2025-11-09 22:00:00,SACSI Full,0.32798689918807,0.0021895766258239746,0.0,0.0,0.0,0.0,-0.7987359619049724,88
2025-11-09 23:00:00,SACSI Full,0.32793528053811044,0.0015144050121307373,0.0,0.0,0.0,0.0,-0.793565093627423,88
2025-11-10 00:00:00,SACSI Full,0.3279125634524311,0.0016848742961883545,0.0,0.0,0.0,0.0,-0.7912917474218719,88
2025-11-10 01:00:00,SACSI Full,0.32791781362822503,0.0015750527381896973,0.0,0.0,0.0,0.0,-0.7918139620928462,88
2025-11-10 02:00:00,SACSI Full,0.32825822153618783,0.0021223723888397217,0.0,0.0,0.0,0.0,-0.8258700742630659,88
2025-11-10 03:00:00,SACSI Full,0.32826501596898683,0.002038329839706421,0.0,0.0,0.0,0.0,-0.8265432039209676,88
2025-11-10 04:00:00,SACSI Full,0.32824306678981435,0.0019152462482452393,0.0,0.0,0.0,0.0,-0.8243462147423142,88
2025-11-10 05:00:00,SACSI Full,0.3282227373668636,0.0024011731147766113,0.0,0.0,0.0,0.0,-0.8223266194173183,88
2025-11-10 06:00:00,SACSI Full,0.3281732317015613,0.0021483004093170166,0.0,0.0,0.0,0.0,-0.8173686648913722,88
2025-11-10 07:00:00,SACSI Full,0.32789503330837544,0.0015404820442199707,0.0,0.0,0.0,0.0,-0.7895402186620786,88
2025-11-10 08:00:00,SACSI Full,0.3272194981929745,0.0013394653797149658,0.0,0.0,0.0,0.0,-0.7219786187716909,88
2025-11-10 09:00:00,SACSI Full,0.3261791916184709,0.0024080276489257812,0.0,0.0,0.0,0.0,-0.617978008022762,88
2025-11-10 10:00:00,SACSI Full,0.32471597965052584,0.003036409616470337,0.0,0.0,0.0,0.0,-0.4716649770645885,88
2025-11-10 11:00:00,SACSI Full,0.32300130521824816,0.004097670316696167,0.0,0.0,0.0,0.0,-0.3002230878381513,88
2025-11-10 12:00:00,SACSI Full,0.3212273156862543,0.00330314040184021,0.0,0.0,0.0,0.0,-0.1228055767326136,88
2025-11-10 13:00:00,SACSI Full,0.31948461985161763,0.00419124960899353,0.0,0.0,0.0,0.0,0.9999072939157486,88
2025-11-10 14:00:00,SACSI Full,0.3180502245113339,0.0031813979148864746,0.0,0.0,0.0,0.0,0.9999262735247612,88
2025-11-10 15:00:00,SACSI Full,0.31687175403645496,0.003458857536315918,0.0,0.0,0.0,0.0,0.9999280482530594,88
2025-11-10 16:00:00,SACSI Full,0.31611599076957364,0.00277101993560791,0.0,0.0,0.0,0.0,0.9999377012252807,88
2025-11-10 17:00:00,SACSI Full,0.315815665873397,0.003402531147003174,0.0,0.0,0.0,0.0,0.9999256342649461,88
2025-11-10 18:00:00,SACSI Full,0.3157380945989575,0.0022286176681518555,0.0,0.0,0.0,0.0,0.9999436885118484,88
2025-11-10 19:00:00,SACSI Full,0.3157193302946375,0.002870708703994751,0.0,0.0,0.0,0.0,0.9999361649155617,88
2025-11-10 20:00:00,SACSI Full,0.3163667935694343,0.0027389824390411377,0.0,0.0,0.0,0.0,0.9999439030885696,88
2025-11-10 21:00:00,SACSI Full,0.3163463787131594,0.0023755431175231934,0.0,0.0,0.0,0.0,0.9999488547444344,88
2025-11-10 22:00:00,SACSI Full,0.31632526002537076,0.002164393663406372,0.0,0.0,0.0,0.0,0.9999546006321907,88
2025-11-10 23:00:00,SACSI Full,0.3163021793513583,0.0015757977962493896,0.0,0.0,0.0,0.0,0.9999625980854034,88
2025-11-11 00:00:00,SACSI Full,0.31627965250383683,0.001741945743560791,0.0,0.0,0.0,0.0,0.9999634996056557,88
2025-11-11 01:00:00,SACSI Full,0.31628755160938565,0.0023697316646575928,0.0,0.0,0.0,0.0,0.9999463275074959,88
2025-11-11 02:00:00,SACSI Full,0.3162655020957278,0.001885145902633667,0.0,0.0,0.0,0.0,0.999957451224327,88
2025-11-11 03:00:00,SACSI Full,0.31624333684971795,0.001850426197052002,0.0,0.0,0.0,0.0,0.9999626442790032,88
2025-11-11 04:00:00,SACSI Full,0.31622074245026577,0.0017216801643371582,0.0,0.0,0.0,0.0,0.9999642789363862,88
2025-11-11 05:00:00,SACSI Full,0.31619728129993746,0.0014616549015045166,0.0,0.0,0.0,0.0,0.9999681666493416,88
2025-11-11 06:00:00,SACSI Full,0.3161158228092479,0.0010624527931213379,0.0,0.0,0.0,0.0,0.9999747589230538,88
2025-11-11 07:00:00,SACSI Full,0.31583976571292555,0.002182871103286743,0.0,0.0,0.0,0.0,0.9999451383948327,88
2025-11-11 08:00:00,SACSI Full,0.3151105536004988,0.0022363662719726562,0.0,0.0,0.0,0.0,0.9999547377228737,88
2025-11-11 09:00:00,SACSI Full,0.3139557573625532,0.002061128616333008,0.0,0.0,0.0,0.0,0.9999570250511169,88
2025-11-11 10:00:00,SACSI Full,0.3126343600794759,0.003080815076828003,0.0,0.0,0.0,0.0,0.9999281868338585,88
2025-11-11 11:00:00,SACSI Full,0.3110612425419775,0.004064738750457764,0.0,0.0,0.0,0.0,0.9999088659882546,88
2025-11-11 12:00:00,SACSI Full,0.309409173882513,0.005879402160644531,0.0,0.0,0.0,0.0,0.9998642653226852,88
2025-11-11 13:00:00,SACSI Full,0.30773037227442734,0.006359517574310303,0.0,0.0,0.0,0.0,0.9998680084943771,88
2025-11-11 14:00:00,SACSI Full,0.3062741072278308,0.00512048602104187,0.0,0.0,0.0,0.0,0.9998851999640465,88
2025-11-11 15:00:00,SACSI Full,0.3052119105820941,0.004341006278991699,0.0,0.0,0.0,0.0,0.9999053850769997,88
2025-11-11 16:00:00,SACSI Full,0.30457090668967246,0.0031988322734832764,0.0,0.0,0.0,0.0,0.9999246016144753,88
2025-11-11 17:00:00,SACSI Full,0.30429790035775184,0.003098100423812866,0.0,0.0,0.0,0.0,0.999937030673027,88
2025-11-11 18:00:00,SACSI Full,0.3041664380062707,0.0030612945556640625,0.0,0.0,0.0,0.0,0.9999384060502052,88
2025-11-11 19:00:00,SACSI Full,0.30410093220204987,0.00584825873374939,0.0,0.0,0.0,0.0,0.9998551651835442,88
2025-11-11 20:00:00,SACSI Full,0.3040028492137877,0.004575103521347046,0.0,0.0,0.0,0.0,0.999895766377449,88
2025-11-11 21:00:00,SACSI Full,0.30390348869930583,0.004191845655441284,0.0,0.0,0.0,0.0,0.999912330508232,88
2025-11-11 22:00:00,SACSI Full,0.30380261074990905,0.0037366151809692383,0.0,0.0,0.0,0.0,0.9999207153916359,88
2025-11-11 23:00:00,SACSI Full,0.30372879009774206,0.003353804349899292,0.0,0.0,0.0,0.0,0.9999290958046914,88
2025-11-12 00:00:00,SACSI Full,0.30365445734233537,0.0032001733779907227,0.0,0.0,0.0,0.0,0.999934460222721,88
2025-11-12 01:00:00,SACSI Full,0.3035538476138401,0.0038170814514160156,0.0,0.0,0.0,0.0,0.9999174892902374,88
2025-11-12 02:00:00,SACSI Full,0.30345443047494564,0.004174858331680298,0.0,0.0,0.0,0.0,0.9999129250645638,88
2025-11-12 03:00:00,SACSI Full,0.3033823174958515,0.0038661062717437744,0.0,0.0,0.0,0.0,0.9999195903539657,88
2025-11-12 04:00:00,SACSI Full,0.30330899851611137,0.0035043060779571533,0.0,0.0,0.0,0.0,0.9999262958765031,88
2025-11-12 05:00:00,SACSI Full,0.30323583997220677,0.0035524368286132812,0.0,0.0,0.0,0.0,0.9999284699559212,88
2025-11-12 06:00:00,SACSI Full,0.30313363333593685,0.0033380091190338135,0.0,0.0,0.0,0.0,0.9999310955405235,88
2025-11-12 07:00:00,SACSI Full,0.30280531882654504,0.0035056471824645996,0.0,0.0,0.0,0.0,0.9999282106757164,88
2025-11-12 08:00:00,SACSI Full,0.3020803604989338,0.0035125017166137695,0.0,0.0,0.0,0.0,0.9999296814203262,88
2025-11-12 09:00:00,SACSI Full,0.3009638466029453,0.005045831203460693,0.0,0.0,0.0,0.0,0.9998837500810623,88
2025-11-12 10:00:00,SACSI Full,0.2995394161658573,0.006170868873596191,0.0,0.0,0.0,0.0,0.9998653322458267,88
2025-11-12 11:00:00,SACSI Full,0.2979186570983219,0.006772279739379883,0.0,0.0,0.0,0.0,0.9998585402965545,88
2025-11-12 12:00:00,SACSI Full,0.2962152380097993,0.007474273443222046,0.0,0.0,0.0,0.0,0.9998434945940972,88
2025-11-12 13:00:00,SACSI Full,0.2945342558651256,0.005705356597900391,0.0,0.0,0.0,0.0,0.9998682036995887,88
2025-11-12 14:00:00,SACSI Full,0.2932021120958614,0.008356869220733643,0.0,0.0,0.0,0.0,0.999806347489357,88
2025-11-12 15:00:00,SACSI Full,0.29217895824800805,0.007553845643997192,0.0,0.0,0.0,0.0,0.9998408928513527,88
2025-11-12 16:00:00,SACSI Full,0.291467133803873,0.007452666759490967,0.0,0.0,0.0,0.0,0.9998499348759652,88
2025-11-12 17:00:00,SACSI Full,0.29106712950836494,0.007498711347579956,0.0,0.0,0.0,0.0,0.9998495653271675,88
2025-11-12 18:00:00,SACSI Full,0.2908769910515435,0.010958462953567505,0.0,0.0,0.0,0.0,0.9997462332248688,88
2025-11-12 19:00:00,SACSI Full,0.2907730566085465,0.011319667100906372,0.0,0.0,0.0,0.0,0.9997699946165085,88
2025-11-12 20:00:00,SACSI Full,0.2906375359087276,0.010343790054321289,0.0,0.0,0.0,0.0,0.9997833654284477,88
2025-11-12 21:00:00,SACSI Full,0.29053169610391927,0.010748058557510376,0.0,0.0,0.0,0.0,0.999780996143818,88
2025-11-12 22:00:00,SACSI Full,0.29042080331535014,0.009232163429260254,0.0,0.0,0.0,0.0,0.9998001977801323,88
2025-11-12 23:00:00,SACSI Full,0.29032419925024977,0.01351878046989441,0.0,0.0,0.0,0.0,0.9996867582201957,88
2025-11-13 00:00:00,SACSI Full,0.29029822920690845,0.01770898699760437,0.0,0.0,0.0,0.0,0.9996039181947708,88
2025-11-13 01:00:00,SACSI Full,0.2912527217544205,0.011847764253616333,0.0,0.0,0.0,0.0,0.9997044324874879,88
2025-11-13 02:00:00,SACSI Full,0.2922357800933806,0.01191750168800354,0.0,0.0,0.0,0.0,0.9997609525918961,88
2025-11-13 03:00:00,SACSI Full,0.2944804807548808,0.007410198450088501,0.0,0.0,0.0,0.0,0.9998067229986192,88
2025-11-13 04:00:00,SACSI Full,0.299387544627695,0.00611916184425354,0.0,0.0,0.0,0.0,0.9998647063970566,88
2025-11-13 05:00:00,SACSI Full,0.29996394942890475,0.006921440362930298,0.0,0.0,0.0,0.0,0.9998535484075547,88
2025-11-13 06:00:00,SACSI Full,0.30353510107408826,0.00534549355506897,0.0,0.0,0.0,0.0,0.99987733066082,88
2025-11-13 07:00:00,SACSI Full,0.30431988992344206,0.003436654806137085,0.0,0.0,0.0,0.0,0.9999121785163879,88
2025-11-13 08:00:00,SACSI Full,0.3045137094240474,0.00264585018157959,0.0,0.0,0.0,0.0,0.9999391749501227,88
2025-11-13 09:00:00,SACSI Full,0.3051775644672997,0.003156512975692749,0.0,0.0,0.0,0.0,0.999931763112545,88
2025-11-13 10:00:00,SACSI Full,0.31214752093763026,0.01198694109916687,0.0,0.0,0.0,0.0,0.9996719568967819,88
2025-11-13 11:00:00,SACSI Full,0.3166606626722303,0.015442520380020142,0.0,0.0,0.0,0.0,0.999656593799591,88
2025-11-13 12:00:00,SACSI Full,0.31629159085085856,0.0017784535884857178,0.0,0.0,0.0,0.0,0.999827790260315,88
2025-11-13 13:00:00,SACSI Full,0.3161981849476781,0.00347822904586792,0.0,0.0,0.0,0.0,0.9999134376645088,88
2025-11-13 14:00:00,SACSI Full,0.31607937218637133,0.0023561716079711914,0.0,0.0,0.0,0.0,0.9999416559934616,88
2025-11-13 15:00:00,SACSI Full,0.3157104349721557,0.001818835735321045,0.0,0.0,0.0,0.0,0.999958249926567,88
2025-11-13 16:00:00,SACSI Full,0.3172187281343426,0.005487948656082153,0.0,0.0,0.0,0.0,0.9998535498976708,88
2025-11-13 17:00:00,SACSI Full,0.3230469009865409,0.007951855659484863,0.0,0.0,0.0,0.0,-0.30487377483731054,88
2025-11-13 18:00:00,SACSI Full,0.3231910721545503,0.0027513504028320312,0.0,0.0,0.0,0.0,-0.31921424751565103,88
2025-11-13 19:00:00,SACSI Full,0.3230929866827612,0.0045743584632873535,0.0,0.0,0.0,0.0,-0.30940838552599037,88
2025-11-13 20:00:00,SACSI Full,0.3236285506126369,0.0031691789627075195,0.0,0.0,0.0,0.0,-0.36293249663794935,88
2025-11-13 21:00:00,SACSI Full,0.32349722982218715,0.0031037628650665283,0.0,0.0,0.0,0.0,-0.34978571163699196,88
2025-11-13 22:00:00,SACSI Full,0.3233657356815621,0.0030517578125,0.0,0.0,0.0,0.0,-0.33663512336298773,88
2025-11-13 23:00:00,SACSI Full,0.3232024749800647,0.00202178955078125,0.0,0.0,0.0,0.0,-0.3202982334801035,88
2025-11-14 00:00:00,SACSI Full,0.3232111118059441,0.004591047763824463,0.0,0.0,0.0,0.0,-0.3212286941318147,88
2025-11-14 01:00:00,SACSI Full,0.3228579498415276,0.004551410675048828,0.0,0.0,0.0,0.0,-0.2858864087371484,88
2025-11-14 02:00:00,SACSI Full,0.3225316703340495,0.004116147756576538,0.0,0.0,0.0,0.0,-0.2532537089892659,88
2025-11-14 03:00:00,SACSI Full,0.32220629284352903,0.0043867528438568115,0.0,0.0,0.0,0.0,-0.22071972546065224,88
2025-11-14 04:00:00,SACSI Full,0.32188271839351296,0.0049276649951934814,0.0,0.0,0.0,0.0,-0.18837580177271224,88
2025-11-14 05:00:00,SACSI Full,0.3215569763212486,0.00427737832069397,0.0,0.0,0.0,0.0,-0.15578968255801598,88
2025-11-14 06:00:00,SACSI Full,0.32117364172350205,0.003999620676040649,0.0,0.0,0.0,0.0,-0.11744694234017126,88
2025-11-14 07:00:00,SACSI Full,0.32067685656995415,0.003964453935623169,0.0,0.0,0.0,0.0,-0.06776529774153092,88
2025-11-14 08:00:00,SACSI Full,0.31991943281701046,0.002272874116897583,0.0,0.0,0.0,0.0,0.9999376267194747,88
2025-11-14 09:00:00,SACSI Full,0.31882387568285897,0.002832859754562378,0.0,0.0,0.0,0.0,0.9999377429485321,88
2025-11-14 10:00:00,SACSI Full,0.31750519537817273,0.0038959085941314697,0.0,0.0,0.0,0.0,0.9999114513397217,88
2025-11-14 11:00:00,SACSI Full,0.3160167231930378,0.003958344459533691,0.0,0.0,0.0,0.0,0.9999202087521554,88
2025-11-14 12:00:00,SACSI Full,0.3144714159581148,0.003907829523086548,0.0,0.0,0.0,0.0,0.9999213382601738,88
2025-11-14 13:00:00,SACSI Full,0.3130132728685025,0.00455707311630249,0.0,0.0,0.0,0.0,0.9999023661017418,88
2025-11-14 14:00:00,SACSI Full,0.31169402482957476,0.003725588321685791,0.0,0.0,0.0,0.0,0.9999171733856201,88
2025-11-14 15:00:00,SACSI Full,0.31093257936607627,0.0030663609504699707,0.0,0.0,0.0,0.0,0.9999320805072784,88
2025-11-14 16:00:00,SACSI Full,0.3100926535444541,0.0030222535133361816,0.0,0.0,0.0,0.0,0.9999391138553619,88
2025-11-14 17:00:00,SACSI Full,0.30951405127893716,0.004919320344924927,0.0,0.0,0.0,0.0,0.9998826429247856,88
2025-11-14 18:00:00,SACSI Full,0.3090406547567331,0.0024810433387756348,0.0,0.0,0.0,0.0,0.999925996363163,88
2025-11-14 19:00:00,SACSI Full,0.308596377852468,0.002716928720474243,0.0,0.0,0.0,0.0,0.9999433025717736,88
2025-11-14 20:00:00,SACSI Full,0.3081257484758977,0.0033111870288848877,0.0,0.0,0.0,0.0,0.9999278336763382,88
2025-11-14 21:00:00,SACSI Full,0.3076513729474032,0.0021873414516448975,0.0,0.0,0.0,0.0,0.9999450147151947,88
2025-11-14 22:00:00,SACSI Full,0.3072038818626686,0.0017526745796203613,0.0,0.0,0.0,0.0,0.9999605998396873,88
2025-11-14 23:00:00,SACSI Full,0.30675633316011075,0.001735389232635498,0.0,0.0,0.0,0.0,0.9999651193618774,88
2025-11-15 00:00:00,SACSI Full,0.3063089131042445,0.0017739832401275635,0.0,0.0,0.0,0.0,0.9999641343951226,88
2025-11-15 01:00:00,SACSI Full,0.30586058407754546,0.0015012919902801514,0.0,0.0,0.0,0.0,0.9999672472476959,88
2025-11-15 02:00:00,SACSI Full,0.30541196795514075,0.001415163278579712,0.0,0.0,0.0,0.0,0.9999708354473115,88
2025-11-15 03:00:00,SACSI Full,0.30499111743182783,0.0012448430061340332,0.0,0.0,0.0,0.0,0.999973399937153,88
2025-11-15 04:00:00,SACSI Full,0.30459955192934324,0.0015303492546081543,0.0,0.0,0.0,0.0,0.9999665379524231,88
2025-11-15 05:00:00,SACSI Full,0.3042070327525422,0.0012442469596862793,0.0,0.0,0.0,0.0,0.9999722540378571,88
2025-11-15 06:00:00,SACSI Full,0.3038428493926013,0.0012449920177459717,0.0,0.0,0.0,0.0,0.9999750927090645,88
2025-11-15 07:00:00,SACSI Full,0.30336882602821635,0.0022929906845092773,0.0,0.0,0.0,0.0,0.9999436601996422,88
2025-11-15 08:00:00,SACSI Full,0.30275435739567724,0.002659410238265991,0.0,0.0,0.0,0.0,0.9999431475996972,88
2025-11-15 09:00:00,SACSI Full,0.30191555512160906,0.0033593177795410156,0.0,0.0,0.0,0.0,0.9999258145689964,88
2025-11-15 10:00:00,SACSI Full,0.3007978839021012,0.004698634147644043,0.0,0.0,0.0,0.0,0.9998926341533662,88
2025-11-15 11:00:00,SACSI Full,0.2993737038045213,0.006245970726013184,0.0,0.0,0.0,0.0,0.999859607219696,88
2025-11-15 12:00:00,SACSI Full,0.298148930420586,0.0065679848194122314,0.0,0.0,0.0,0.0,0.9998654201626778,88
2025-11-15 13:00:00,SACSI Full,0.2972874707783347,0.00706210732460022,0.0,0.0,0.0,0.0,0.9998538166284561,88
2025-11-15 14:00:00,SACSI Full,0.29625910549770645,0.005990415811538696,0.0,0.0,0.0,0.0,0.9998694747686385,88
2025-11-15 15:00:00,SACSI Full,0.2955106239315952,0.0049555301666259766,0.0,0.0,0.0,0.0,0.9998905405402183,88
2025-11-15 16:00:00,SACSI Full,0.2949539077636684,0.002985149621963501,0.0,0.0,0.0,0.0,0.9999205932021141,88
2025-11-15 17:00:00,SACSI Full,0.2948987030137663,0.002438575029373169,0.0,0.0,0.0,0.0,0.9999457627534867,88
2025-11-15 18:00:00,SACSI Full,0.2949327689366623,0.0037197768688201904,0.0,0.0,0.0,0.0,0.9999127924442291,88
2025-11-15 19:00:00,SACSI Full,0.294727903662233,0.006540417671203613,0.0,0.0,0.0,0.0,0.9998409852385521,88
2025-11-15 20:00:00,SACSI Full,0.29458525623372045,0.008205771446228027,0.0,0.0,0.0,0.0,0.9998192310333252,88
2025-11-15 21:00:00,SACSI Full,0.2944455920176789,0.009100735187530518,0.0,0.0,0.0,0.0,0.9998090356588364,88
2025-11-15 22:00:00,SACSI Full,0.29427358208229987,0.007897019386291504,0.0,0.0,0.0,0.0,0.9998300224542618,88
2025-11-15 23:00:00,SACSI Full,0.29449421362609507,0.008689463138580322,0.0,0.0,0.0,0.0,0.9998182862997056,88
2025-11-16 00:00:00,SACSI Full,0.29471364165277125,0.008328408002853394,0.0,0.0,0.0,0.0,0.9998298212885857,88
2025-11-16 01:00:00,SACSI Full,0.29487542649001713,0.008035451173782349,0.0,0.0,0.0,0.0,0.9998363614082336,88
2025-11-16 02:00:00,SACSI Full,0.29575916232954297,0.007620751857757568,0.0,0.0,0.0,0.0,0.9998434379696847,88
2025-11-16 03:00:00,SACSI Full,0.29564897237907684,0.009443014860153198,0.0,0.0,0.0,0.0,0.999792917072773,88
2025-11-16 04:00:00,SACSI Full,0.29882880477478935,0.004949718713760376,0.0,0.0,0.0,0.0,0.9998560726642609,88
2025-11-16 05:00:00,SACSI Full,0.302367759215542,0.0041863322257995605,0.0,0.0,0.0,0.0,0.9999086394906045,88
2025-11-16 06:00:00,SACSI Full,0.3028491837156895,0.003927350044250488,0.0,0.0,0.0,0.0,0.9999188631772995,88
2025-11-16 07:00:00,SACSI Full,0.3029131009035392,0.004175156354904175,0.0,0.0,0.0,0.0,0.9999140188097955,88
2025-11-16 08:00:00,SACSI Full,0.30305212830355593,0.0032082200050354004,0.0,0.0,0.0,0.0,0.9999261662364006,88
2025-11-16 09:00:00,SACSI Full,0.3025191282086654,0.0035999715328216553,0.0,0.0,0.0,0.0,0.9999240830540658,88
2025-11-16 10:00:00,SACSI Full,0.30443339590679436,0.005780309438705444,0.0,0.0,0.0,0.0,0.999862590432167,88
2025-11-16 11:00:00,SACSI Full,0.3062398043486559,0.005422532558441162,0.0,0.0,0.0,0.0,0.9998879715800285,88
2025-11-16 12:00:00,SACSI Full,0.30495583110065094,0.005808025598526001,0.0,0.0,0.0,0.0,0.9998799845576286,88
2025-11-16 13:00:00,SACSI Full,0.3035361392328226,0.007592439651489258,0.0,0.0,0.0,0.0,0.9998303070664406,88
2025-11-16 14:00:00,SACSI Full,0.3033923082626942,0.005350708961486816,0.0,0.0,0.0,0.0,0.9998705685138702,88
2025-11-16 15:00:00,SACSI Full,0.30497553977698916,0.004469454288482666,0.0,0.0,0.0,0.0,0.9999017983675004,88
2025-11-16 16:00:00,SACSI Full,0.30483889839143385,0.0035075843334198,0.0,0.0,0.0,0.0,0.999920229613781,88
2025-11-16 17:00:00,SACSI Full,0.3049306904535575,0.004037618637084961,0.0,0.0,0.0,0.0,0.9999139472842216,88
2025-11-16 18:00:00,SACSI Full,0.30483095542322425,0.004079490900039673,0.0,0.0,0.0,0.0,0.9999179914593697,88
2025-11-16 19:00:00,SACSI Full,0.3047916699676795,0.00521436333656311,0.0,0.0,0.0,0.0,0.9998843640089035,88
2025-11-16 20:00:00,SACSI Full,0.30575154408664335,0.004962235689163208,0.0,0.0,0.0,0.0,0.9998982340097426,88
2025-11-16 21:00:00,SACSI Full,0.31371334740927653,0.005540996789932251,0.0,0.0,0.0,0.0,0.9998833924531937,88
2025-11-16 22:00:00,SACSI Full,0.3149717708155596,0.003027021884918213,0.0,0.0,0.0,0.0,0.9999143198132515,88
2025-11-16 23:00:00,SACSI Full,0.3165958578766469,0.004226118326187134,0.0,0.0,0.0,0.0,0.9999034866690635,88
2025-11-17 00:00:00,SACSI Full,0.3172154840267782,0.0028878450393676758,0.0,0.0,0.0,0.0,0.9999288603663444,88
2025-11-17 01:00:00,SACSI Full,0.31784134233922606,0.004757493734359741,0.0,0.0,0.0,0.0,0.9998861536383629,88
2025-11-17 02:00:00,SACSI Full,0.31812949233741405,0.0034449994564056396,0.0,0.0,0.0,0.0,0.9999179750680924,88
2025-11-17 03:00:00,SACSI Full,0.3190550955070142,0.003180950880050659,0.0,0.0,0.0,0.0,0.9999337404966354,88
2025-11-17 04:00:00,SACSI Full,0.31931258659731193,0.0027473270893096924,0.0,0.0,0.0,0.0,0.9999407172203064,88
2025-11-17 05:00:00,SACSI Full,0.3192378366093918,0.0030750036239624023,0.0,0.0,0.0,0.0,0.9999352231621742,88
2025-11-17 06:00:00,SACSI Full,0.328418625659653,0.005236715078353882,0.0,0.0,0.0,0.0,-0.8419889173814122,88
2025-11-17 07:00:00,SACSI Full,0.3289267607566798,0.0034405291080474854,0.0,0.0,0.0,0.0,-0.8927628481098447,88
2025-11-17 08:00:00,SACSI Full,0.3284489246818508,0.0011491775512695312,0.0,0.0,0.0,0.0,-0.8449383652516699,88
2025-11-17 09:00:00,SACSI Full,0.32760374918113994,0.0014473497867584229,0.0,0.0,0.0,0.0,-0.760406846832083,88
2025-11-17 10:00:00,SACSI Full,0.33496106872132275,0.03019586205482483,0.0,0.0,0.0,0.0,-1.4969982744960517,88
2025-11-17 11:00:00,SACSI Full,0.34432937085122717,0.07199063897132874,0.0,0.0,0.0,0.0,-2.4347948456713073,88
2025-11-17 12:00:00,SACSI Full,0.34447254276087735,0.004451572895050049,0.0,0.0,0.0,0.0,-2.4480186982063987,88
2025-11-17 13:00:00,SACSI Full,0.3444774260971035,0.005465000867843628,0.0,0.0,0.0,0.0,-2.447862044007436,88
2025-11-17 14:00:00,SACSI Full,0.3448766893813099,0.006778985261917114,0.0,0.0,0.0,0.0,-2.4878176576801674,88
2025-11-17 15:00:00,SACSI Full,0.34804253696889537,0.034754276275634766,0.0,0.0,0.0,0.0,-2.805228535325186,88
2025-11-17 16:00:00,SACSI Full,0.3490416492038057,0.010233670473098755,0.0,0.0,0.0,0.0,-2.904614799848057,88
2025-11-17 17:00:00,SACSI Full,0.3491737536427464,0.0076313316822052,0.0,0.0,0.0,0.0,-2.917554014296191,88
2025-11-17 18:00:00,SACSI Full,0.3493355732493684,0.008045881986618042,0.0,0.0,0.0,0.0,-2.933722388079618,88
2025-11-17 19:00:00,SACSI Full,0.3505797810361164,0.01808837056159973,0.0,0.019326034537213845,0.0,0.0,-3.0584402959086234,88
2025-11-17 20:00:00,SACSI Full,0.3510846509387533,0.013116002082824707,0.0,0.036155031291775684,0.0,0.0,-3.108777137601773,88
2025-11-17 21:00:00,SACSI Full,0.35439961546967386,0.06664320826530457,0.0,0.1466538489891292,0.0,0.0,-3.441829683194516,88
2025-11-17 22:00:00,SACSI Full,0.35806834560766776,0.09506389498710632,0.0,0.26894485358892695,1.4210854715202004e-14,0.0,-3.8090200455337357,88
2025-11-17 23:00:00,SACSI Full,0.3582095770957615,0.033022016286849976,0.0,0.27365256985871866,1.4210854715202004e-14,0.0,-3.8222385686888902,88
2025-11-18 00:00:00,SACSI Full,0.3673533361723315,0.021572262048721313,0.0,0.578444539077718,0.0,0.0,-4.735879560016507,88
2025-11-18 01:00:00,SACSI Full,0.381794711770501,0.01773640513420105,0.0,1.0598237256833671,0.0,0.0,-6.179864263721929,88
2025-11-18 02:00:00,SACSI Full,0.38409251484848816,0.2597580850124359,0.0,1.1364171616162722,0.0,0.0,-6.416866863347846,88
2025-11-18 03:00:00,SACSI Full,0.38362994154767177,0.20772606134414673,0.0,1.1209980515890592,0.0,0.0,-6.3676689962307425,88
2025-11-18 04:00:00,SACSI Full,0.3806072117590545,0.04742145538330078,0.0,1.0202403919684826,0.0,0.0,-6.063272651072722,88
2025-11-18 05:00:00,SACSI Full,0.37892790685388195,0.10297209024429321,0.0,0.9642635617960637,0.0,0.0,-5.89540563354169,88
2025-11-18 06:00:00,SACSI Full,0.3762661186926312,0.03650084137916565,0.0,0.8755372897543737,0.0,0.0,-5.628006598579356,88
2025-11-18 07:00:00,SACSI Full,0.3741480183389855,0.037503838539123535,0.0,0.804933944632849,0.0,0.0,-5.41556194064093,88
2025-11-18 08:00:00,SACSI Full,0.37680808927778053,0.21912425756454468,0.0,0.893602975926018,0.0,0.0,-5.687007617119598,88
2025-11-18 09:00:00,SACSI Full,0.37351720012572687,0.009139925241470337,0.0,0.7839066708575629,0.0,0.0,-5.354002654400746,88
2025-11-18 10:00:00,SACSI Full,0.3702275754092987,0.010365098714828491,0.0,0.6742525136432903,0.0,0.0,-5.022977094638898,88
2025-11-18 11:00:00,SACSI Full,0.37057675952305097,0.030647218227386475,0.0,0.6858919841016985,0.0,0.0,-5.05849171786477,88
2025-11-18 12:00:00,SACSI Full,0.36906417442348327,0.019696950912475586,0.0,0.6354724807827765,0.0,0.0,-4.906920884039725,88
2025-11-18 13:00:00,SACSI Full,0.36676497737932257,0.009073466062545776,0.0,0.5588325793107529,1.4210854715202004e-14,0.0,-4.676785442102006,88
2025-11-18 14:00:00,SACSI Full,0.36564554466266674,0.017188340425491333,0.0,0.5215181554222256,0.0,0.0,-4.564979381818813,88
2025-11-18 15:00:00,SACSI Full,0.37331453085201305,0.3648468852043152,0.0,0.777151028400435,0.0,0.0,-5.342226608353179,88
2025-11-18 16:00:00,SACSI Full,0.37097934086529005,0.009254366159439087,0.0,0.6993113621763343,0.0,0.0,-5.101675099042643,88
2025-11-18 17:00:00,SACSI Full,0.36899458048529254,0.022724568843841553,0.0,0.6331526828430853,0.0,0.0,-4.900047241932974,88
2025-11-18 18:00:00,SACSI Full,0.3669959610772147,0.017946213483810425,0.0,0.5665320359071572,0.0,0.0,-4.700002815544747,88
2025-11-18 19:00:00,SACSI Full,0.36521464154482014,0.02375885844230652,0.0,0.5071547181606718,0.0,0.0,-4.5219974581004445,88
2025-11-18 20:00:00,SACSI Full,0.3636403391215813,0.03338724374771118,0.0,0.454677970719375,0.0,0.0,-4.364797940886136,88
2025-11-18 21:00:00,SACSI Full,0.3622185370404969,0.03174394369125366,0.0,0.4072845680165628,0.0,0.0,-4.222505015924078,88
2025-11-18 22:00:00,SACSI Full,0.3609224184798703,0.01774504780769348,0.0,0.3640806159956753,0.0,0.0,-4.092736737902016,88
2025-11-18 23:00:00,SACSI Full,0.36081251925416336,0.06994754076004028,0.0,0.3604173084721112,0.0,0.0,-4.083172901161059,88
2025-11-19 00:00:00,SACSI Full,0.3599751339969713,0.015288889408111572,0.0,0.3325044665657103,0.0,0.0,-3.9983657639988097,88
2025-11-19 01:00:00,SACSI Full,0.35989668141523107,0.04885360598564148,0.0,0.3298893805077029,0.0,0.0,-3.990980860808594,88
2025-11-19 02:00:00,SACSI Full,0.3591400793414035,0.02018868923187256,0.0,0.3046693113801183,0.0,0.0,-3.9146983570925262,88
2025-11-19 03:00:00,SACSI Full,0.35813921402639615,0.013547539710998535,0.0,0.27130713421320535,0.0,0.0,-3.8142587649290425,88
2025-11-19 04:00:00,SACSI Full,0.3591275494022351,0.043252259492874146,0.0,0.30425164674117156,0.0,0.0,-3.913917032611188,88
2025-11-19 05:00:00,SACSI Full,0.3590921813822253,0.01796230673789978,0.0,0.303072712740844,0.0,0.0,-3.909830283884839,88
2025-11-19 06:00:00,SACSI Full,0.358413854934257,0.01946389675140381,0.0,0.28046183114189915,0.0,0.0,-3.8417897872608604,88
2025-11-19 07:00:00,SACSI Full,0.35765740172161015,0.013310760259628296,0.0,0.2552467240536728,0.0,0.0,-3.7660679187311246,88
2025-11-19 08:00:00,SACSI Full,0.3566718220738174,0.005220174789428711,0.0,0.22239406912724746,0.0,0.0,-3.667367516732232,88
2025-11-19 09:00:00,SACSI Full,0.3556623268504978,0.006895661354064941,0.0,0.1887442283499283,0.0,0.0,-3.5663873531425083,88
2025-11-19 10:00:00,SACSI Full,0.3545266946905888,0.007700175046920776,0.0,0.1508898230196266,0.0,0.0,-3.452831517696745,88
2025-11-19 11:00:00,SACSI Full,0.35363108917445274,0.009354650974273682,0.0,0.1210363058150918,0.0,0.0,-3.363312555224032,88
2025-11-19 12:00:00,SACSI Full,0.35277195029875935,0.008656680583953857,0.0,0.09239834329197834,0.0,0.0,-3.277375143191517,88
2025-11-19 13:00:00,SACSI Full,0.3517441767142531,0.006807148456573486,0.0,0.05813922380843764,0.0,0.0,-3.1745723097157166,88
2025-11-19 14:00:00,SACSI Full,0.3611559337051794,0.18239155411720276,0.0,0.37186445683931457,0.0,0.0,-4.12099704565689,88
2025-11-19 15:00:00,SACSI Full,0.3610505140919762,0.02372458577156067,0.0,0.368350469732539,0.0,0.0,-4.107112570596507,88
2025-11-19 16:00:00,SACSI Full,0.3598440705128262,0.01070261001586914,0.0,0.32813568376087265,0.0,0.0,-3.9847513232404927,88
2025-11-19 17:00:00,SACSI Full,0.35897274710593363,0.0141945481300354,0.0,0.2990915701977883,0.0,0.0,-3.8975935209371046,88
2025-11-19 18:00:00,SACSI Full,0.3582710431772865,0.016190260648727417,0.0,0.2757014392428815,0.0,0.0,-3.8274480800668083,88
2025-11-19 19:00:00,SACSI Full,0.3573501193581578,0.011226832866668701,0.0,0.24500397860525994,0.0,0.0,-3.7352861067509338,88
2025-11-19 20:00:00,SACSI Full,0.35652149534510585,0.011295974254608154,0.0,0.21738317817019492,0.0,0.0,-3.6523761454095562,88
2025-11-19 21:00:00,SACSI Full,0.3557473280069263,0.010327398777008057,0.0,0.19157760023087606,0.0,0.0,-3.5749490344229473,88
2025-11-19 22:00:00,SACSI Full,0.35504679817006274,0.009067654609680176,0.0,0.1682266056687567,0.0,0.0,-3.5048737675401402,88
2025-11-19 23:00:00,SACSI Full,0.35443377156059697,0.006384402513504028,0.0,0.14779238535323175,0.0,0.0,-3.4435316766309274,88
2025-11-20 00:00:00,SACSI Full,0.35391028525341234,0.007296949625015259,0.0,0.13034284178040992,0.0,0.0,-3.391183589804849,88
2025-11-20 01:00:00,SACSI Full,0.35341042982019794,0.0062243640422821045,0.0,0.11368099400659731,0.0,0.0,-3.341178195156466,88
2025-11-20 02:00:00,SACSI Full,0.3529332530154986,0.005622059106826782,0.0,0.09777510051661978,0.0,0.0,-3.293443765781351,88
2025-11-20 03:00:00,SACSI Full,0.35281514365871575,0.009405314922332764,0.0,0.09383812195719088,0.0,0.0,-3.2817403047281757,88
2025-11-20 04:00:00,SACSI Full,0.3552217644489988,0.04704505205154419,0.0,0.1740588149666266,0.0,0.0,-3.5234937433122,88
2025-11-20 05:00:00,SACSI Full,0.3552218085596428,0.01657351851463318,0.0,0.174060285321427,0.0,0.0,-3.522817041669941,88
2025-11-20 06:00:00,SACSI Full,0.3551660419488072,0.023471415042877197,0.0,0.1722013982935721,0.0,0.0,-3.517142602146858,88
2025-11-20 07:00:00,SACSI Full,0.35539639167858234,0.016984641551971436,0.0,0.17987972261941254,0.0,0.0,-3.5400437284241812,88
2025-11-20 08:00:00,SACSI Full,0.3547952908641672,0.007012784481048584,0.0,0.15984302880557522,1.4210854715202004e-14,0.0,-3.479769060677052,88
2025-11-20 09:00:00,SACSI Full,0.35425472446881917,0.00915423035621643,0.0,0.14182414896063875,0.0,0.0,-3.4256769459477923,88
2025-11-20 10:00:00,SACSI Full,0.35347829747715465,0.006015151739120483,0.0,0.11594324923848803,0.0,0.0,-3.347981441536417,88
2025-11-20 11:00:00,SACSI Full,0.35366263937698783,0.017390549182891846,0.0,0.1220879792329285,0.0,0.0,-3.366725502656878,88
2025-11-20 12:00:00,SACSI Full,0.35587441665351677,0.06334707140922546,0.0,0.1958138884505587,0.0,0.0,-3.589168172002124,88
2025-11-20 13:00:00,SACSI Full,0.35905362281722086,0.1425492763519287,0.0,0.3017874272406957,0.0,0.0,-3.9090052892985514,88
2025-11-20 14:00:00,SACSI Full,0.35949615017487635,0.036296546459198,0.0,0.3165383391625454,0.0,0.0,-3.9514034757157455,88
2025-11-20 15:00:00,SACSI Full,0.3589397674273911,0.009577423334121704,0.0,0.2979922475797025,0.0,0.0,-3.894435482437041,88
2025-11-20 16:00:00,SACSI Full,0.3576264666063305,0.00472530722618103,0.0,0.25421555354435127,0.0,0.0,-3.7627896879386538,88
2025-11-20 17:00:00,SACSI Full,0.3569498483558938,0.01367613673210144,0.0,0.23166161186312595,0.0,0.0,-3.695347866619078,88
2025-11-20 18:00:00,SACSI Full,0.36117827567998567,0.08363738656044006,0.0,0.3726091893328558,0.0,0.0,-4.120199928228058,88
2025-11-20 19:00:00,SACSI Full,0.35998232042739386,0.016457438468933105,0.0,0.33274401424646244,0.0,0.0,-3.9992329909896798,88
2025-11-20 20:00:00,SACSI Full,0.3598582886016631,0.0254000723361969,0.0,0.3286096200554354,0.0,0.0,-3.986426287951704,88
2025-11-20 21:00:00,SACSI Full,0.3594383486868379,0.022629648447036743,0.0,0.31461162289459565,0.0,0.0,-3.94431516589162,88
2025-11-20 22:00:00,SACSI Full,0.35872116851223446,0.018051564693450928,0.0,0.29070561707448095,0.0,0.0,-3.87252366335485,88
2025-11-20 23:00:00,SACSI Full,0.35840054584574343,0.026331394910812378,0.0,0.28001819485811413,0.0,0.0,-3.840664010774733,88
2025-11-21 00:00:00,SACSI Full,0.357811582459375,0.017697066068649292,0.0,0.2603860819791663,0.0,0.0,-3.781598530547294,88
2025-11-21 01:00:00,SACSI Full,0.35695924726536693,0.010274350643157959,0.0,0.23197490884556515,0.0,0.0,-3.6962044407038106,88
2025-11-21 02:00:00,SACSI Full,0.3561717198831811,0.011965781450271606,0.0,0.2057239961060347,0.0,0.0,-3.6174282182551836,88
2025-11-21 03:00:00,SACSI Full,0.3554656953975237,0.012882500886917114,0.0,0.18218984658412296,0.0,0.0,-3.5468363569644743,88
2025-11-21 04:00:00,SACSI Full,0.35484620592087596,0.009693354368209839,0.0,0.16154019736253106,0.0,0.0,-3.484846350640146,88
2025-11-21 05:00:00,SACSI Full,0.35488143928191146,0.015784651041030884,0.0,0.16271464273038136,0.0,0.0,-3.4885205341786945,88
2025-11-21 06:00:00,SACSI Full,0.35421785015089285,0.009518265724182129,0.0,0.14059500502976194,0.0,0.0,-3.422038044256937,88
2025-11-21 07:00:00,SACSI Full,0.3541504293826488,0.011621415615081787,0.0,0.13834764608829317,0.0,0.0,-3.415296398076089,88
2025-11-21 08:00:00,SACSI Full,0.35514008399110436,0.021232515573501587,0.0,0.17133613303681303,0.0,0.0,-3.51452916042149,88
2025-11-21 09:00:00,SACSI Full,0.3543565611276156,0.0056618452072143555,0.0,0.1452187042538526,0.0,0.0,-3.435925056369366,88
2025-11-21 10:00:00,SACSI Full,0.3531697863405758,0.004627108573913574,0.0,0.10565954468585943,0.0,0.0,-3.3170815235953883,88
2025-11-21 11:00:00,SACSI Full,0.35194510023657805,0.0034308433532714844,0.0,0.06483667455260048,0.0,0.0,-3.194590603177076,88
2025-11-21 12:00:00,SACSI Full,0.3511479494358092,0.005119740962982178,0.0,0.03826498119363891,0.0,0.0,-3.114914227376274,88
2025-11-21 13:00:00,SACSI Full,0.3509673161307265,0.009553879499435425,0.0,0.032243871024218156,0.0,0.0,-3.0969670320480036,88
2025-11-21 14:00:00,SACSI Full,0.34996037302487,0.003917068243026733,0.0,0.0,0.0,0.0,-2.996172011964423,88
2025-11-21 15:00:00,SACSI Full,0.34920643018318115,0.0033171474933624268,0.0,0.0,0.0,0.0,-2.920715360475478,88
2025-11-21 16:00:00,SACSI Full,0.34864891183607677,0.0027444958686828613,0.0,0.0,0.0,0.0,-2.864951800041297,88
2025-11-21 17:00:00,SACSI Full,0.35192856365674346,0.05018100142478943,0.0,0.06428545522478117,0.0,0.0,-3.1943343507584028,88
2025-11-21 18:00:00,SACSI Full,0.3615257983199978,0.014363676309585571,0.0,0.3841932773332616,0.0,0.0,-4.153225278777125,88
2025-11-21 19:00:00,SACSI Full,0.3602939070551596,0.01606285572052002,0.0,0.3431302351719865,0.0,0.0,-4.029728954424481,88
2025-11-21 20:00:00,SACSI Full,0.35917745333275214,0.013478994369506836,0.0,0.3059151110917384,0.0,0.0,-3.9180407517761133,88
2025-11-21 21:00:00,SACSI Full,0.3584663053426833,0.01986578106880188,0.0,0.28221017808944426,0.0,0.0,-3.8470917177566992,88
2025-11-21 22:00:00,SACSI Full,0.35784097402516224,0.01626640558242798,0.0,0.2613658008387418,0.0,0.0,-3.7844587243827355,88
2025-11-21 23:00:00,SACSI Full,0.36165506618282095,0.07522985339164734,0.0,0.3885022060940315,0.0,0.0,-4.16760084982802,88
2025-11-22 00:00:00,SACSI Full,0.3638793585197409,0.06393298506736755,0.0,0.46264528399136395,0.0,0.0,-4.38932748035868,88
2025-11-22 01:00:00,SACSI Full,0.3732104357483637,0.01550436019897461,0.0,0.7736811916121241,0.0,0.0,-5.3218379482890334,88
2025-11-22 02:00:00,SACSI Full,0.38613901933264594,0.01720905303955078,0.0,1.2046339777548654,0.0,0.0,-6.61426316125379,88
2025-11-22 03:00:00,SACSI Full,0.3908136797608601,0.09685412049293518,0.0,1.3604559920286718,0.0,0.0,-7.084101509170403,88
2025-11-22 04:00:00,SACSI Full,0.38981082969072467,0.26017263531684875,0.0,1.3270276563574883,0.0,0.0,-6.987919606927043,88
2025-11-22 05:00:00,SACSI Full,0.3887916338941127,0.22979572415351868,0.0,1.2930544631370908,0.0,0.0,-6.884063073005974,88
2025-11-22 06:00:00,SACSI Full,0.3859286677302721,0.08973240852355957,0.0,1.1976222576757365,0.0,0.0,-6.5960620543539825,88
2025-11-22 07:00:00,SACSI Full,0.3850785969810906,0.18226534128189087,0.0,1.1692865660363523,0.0,0.0,-6.512430334262279,88
2025-11-22 08:00:00,SACSI Full,0.3976827356395623,0.05566611886024475,0.0,1.5894245213187432,0.0,0.0,-7.770652878557652,88
2025-11-22 09:00:00,SACSI Full,0.4073363786987216,0.09230554103851318,0.0,1.9112126232907203,0.0,0.0,-8.73585037491471,88
2025-11-22 10:00:00,SACSI Full,0.4136064190078751,0.20322605967521667,0.0,2.1202139669291697,0.0,0.0,-9.365815627167379,88
2025-11-22 11:00:00,SACSI Full,0.4127542569077887,0.2976599335670471,0.0,2.091808563592957,0.0,0.0,-9.28232322818913,88
2025-11-22 12:00:00,SACSI Full,0.41291867878266075,0.24211585521697998,0.0,2.097289292755359,0.0,0.0,-9.297265636153915,88
2025-11-22 13:00:00,SACSI Full,0.41225962488735823,0.505104660987854,0.0,2.075320829578608,1.4210854715202004e-14,0.0,-9.238694470013288,88
2025-11-22 14:00:00,SACSI Full,0.40541683439163956,0.015390664339065552,0.0,1.847227813054653,0.0,0.0,-8.546888392417225,88
2025-11-22 15:00:00,SACSI Full,0.3997998756598406,0.027908235788345337,0.0,1.6599958553280203,0.0,0.0,-7.980670906414319,88
2025-11-22 16:00:00,SACSI Full,0.39481981640019775,0.027476102113723755,0.0,1.4939938800065904,0.0,0.0,-7.482535483398796,88
2025-11-22 17:00:00,SACSI Full,0.39091193075655783,0.05936533212661743,0.0,1.3637310252185941,0.0,0.0,-7.092699274598444,88
2025-11-22 18:00:00,SACSI Full,0.38710373885010674,0.053833723068237305,0.0,1.2367912950035576,0.0,0.0,-6.711505875562621,88
2025-11-22 19:00:00,SACSI Full,0.3841632081898599,0.09061440825462341,0.0,1.138773606328664,0.0,0.0,-6.418500914002944,88
2025-11-22 20:00:00,SACSI Full,0.3807215759580626,0.034062862396240234,0.0,1.0240525319354206,0.0,0.0,-6.073404368512769,88
2025-11-22 21:00:00,SACSI Full,0.377951598697778,0.043226778507232666,0.0,0.9317199565926004,0.0,0.0,-5.796116044509055,88
2025-11-22 22:00:00,SACSI Full,0.3769330033342925,0.13468816876411438,0.0,0.8977667778097512,0.0,0.0,-5.696908710707103,88
2025-11-22 23:00:00,SACSI Full,0.37972559816177676,0.16263172030448914,0.0,0.9908532720592249,0.0,0.0,-5.976091886099169,88
2025-11-23 00:00:00,SACSI Full,0.37774761005284774,0.07402390241622925,0.0,0.9249203350949244,0.0,0.0,-5.77712756151198,88
2025-11-23 01:00:00,SACSI Full,0.37558096800198304,0.05370631814002991,0.0,0.8526989333994351,0.0,0.0,-5.559374102403865,88
2025-11-23 02:00:00,SACSI Full,0.3770891639979197,0.1979309320449829,0.0,0.9029721332639895,0.0,0.0,-5.714317264571918,88
2025-11-23 03:00:00,SACSI Full,0.3746207936608356,0.031182020902633667,0.0,0.8206931220278535,0.0,0.0,-5.4643704956130374,88
2025-11-23 04:00:00,SACSI Full,0.37207116555913344,0.02181708812713623,0.0,0.7357055186377821,0.0,0.0,-5.207646547003641,88
2025-11-23 05:00:00,SACSI Full,0.36977582211575555,0.02159103751182556,0.0,0.6591940705251859,0.0,0.0,-4.978016292831944,88
2025-11-23 06:00:00,SACSI Full,0.3683396163187174,0.039958804845809937,0.0,0.6113205439572482,0.0,0.0,-4.834944485641997,88
2025-11-23 07:00:00,SACSI Full,0.3686142851957454,0.09637683629989624,0.0,0.6204761731915127,-1.4210854715202004e-14,0.0,-4.863920236615079,88
2025-11-23 08:00:00,SACSI Full,0.36623143693239457,0.004693418741226196,0.0,0.5410478977464849,0.0,0.0,-4.624154395789867,88
2025-11-23 09:00:00,SACSI Full,0.36538910760430365,0.01527145504951477,0.0,0.5129702534767887,0.0,0.0,-4.539321969894438,88
2025-11-23 10:00:00,SACSI Full,0.3659709845523942,0.04492923617362976,0.0,0.5323661517464728,0.0,0.0,-4.598293617774131,88
2025-11-23 11:00:00,SACSI Full,0.3715009376895048,0.1796838641166687,0.0,0.7166979229834937,0.0,0.0,-5.155034992512245,88
2025-11-23 12:00:00,SACSI Full,0.36899387105235015,0.01050904393196106,0.0,0.6331290350783392,0.0,0.0,-4.901289034315501,88
2025-11-23 13:00:00,SACSI Full,0.3670028715532591,0.009462535381317139,0.0,0.5667623851086362,0.0,0.0,-4.700486871119043,88
2025-11-23 14:00:00,SACSI Full,0.3642481452504608,0.005520284175872803,0.0,0.4749381750153603,1.4210854715202004e-14,0.0,-4.42496435324165,88
2025-11-23 15:00:00,SACSI Full,0.36197293181107754,0.005533695220947266,0.0,0.39909772703591817,0.0,0.0,-4.1974039891226225,88
2025-11-23 16:00:00,SACSI Full,0.36020131720000187,0.004059523344039917,0.0,0.34004390666673034,0.0,0.0,-4.020227652185837,88
2025-11-23 17:00:00,SACSI Full,0.3588695789772303,0.0066311657428741455,0.0,0.295652632574344,0.0,0.0,-3.887116237461877,88
2025-11-23 18:00:00,SACSI Full,0.3578634674280314,0.011282116174697876,0.0,0.26211558093437903,0.0,0.0,-3.786618894630949,88
2025-11-23 19:00:00,SACSI Full,0.35700269781721483,0.00919237732887268,0.0,0.23342326057382792,0.0,0.0,-3.7004745266565187,88
2025-11-23 20:00:00,SACSI Full,0.35622673782372044,0.0087699294090271,0.0,0.2075579274573471,0.0,0.0,-3.6228534054394226,88
2025-11-23 21:00:00,SACSI Full,0.3558593960509023,0.0106106698513031,0.0,0.19531320169674304,0.0,0.0,-3.586170225891676,88
2025-11-23 22:00:00,SACSI Full,0.35519570138013246,0.008081644773483276,0.0,0.1731900460044159,0.0,0.0,-3.519757061159493,88
2025-11-23 23:00:00,SACSI Full,0.3549086530602802,0.011507272720336914,0.0,0.16362176867600625,0.0,0.0,-3.491129707761894,88
2025-11-24 00:00:00,SACSI Full,0.35557502231331134,0.028244853019714355,0.0,0.18583407711037694,0.0,0.0,-3.5582345041945214,88
2025-11-24 01:00:00,SACSI Full,0.3565356711840462,0.04855036735534668,0.0,0.2178557061348741,0.0,0.0,-3.6547411808950847,88
2025-11-24 02:00:00,SACSI Full,0.3558108444161265,0.01024678349494934,0.0,0.19369481387088144,0.0,0.0,-3.5816724131211504,88
2025-11-24 03:00:00,SACSI Full,0.3557420400245531,0.021760016679763794,0.0,0.19140133415177019,0.0,0.0,-3.574754335120755,88
2025-11-24 04:00:00,SACSI Full,0.35600454920812347,0.02990439534187317,0.0,0.20015164027078072,0.0,0.0,-3.6011344525058044,88
2025-11-24 05:00:00,SACSI Full,0.36000175232306625,0.07505267858505249,0.0,0.33339174410220807,0.0,0.0,-4.002127768710757,88
2025-11-24 06:00:00,SACSI Full,0.3667269536814884,0.03462553024291992,0.0,0.5575651227162794,0.0,0.0,-4.6737921502371185,88
2025-11-24 07:00:00,SACSI Full,0.36548419606510957,0.019812583923339844,0.0,0.5161398688369857,0.0,0.0,-4.548963987652619,88
2025-11-24 08:00:00,SACSI Full,0.36377635287771365,0.008358806371688843,0.0,0.459211762590455,0.0,0.0,-4.377917001674314,88
2025-11-24 09:00:00,SACSI Full,0.3616837910948671,0.008191168308258057,0.0,0.3894597031622354,0.0,0.0,-4.168544609233508,88
2025-11-24 10:00:00,SACSI Full,0.3595190413527319,0.007876455783843994,0.0,0.3173013784243963,1.4210854715202004e-14,0.0,-3.9520648115141084,88
2025-11-24 11:00:00,SACSI Full,0.35751663242357634,0.006831735372543335,0.0,0.25055441411921037,0.0,0.0,-3.751810324269197,88
2025-11-24 12:00:00,SACSI Full,0.3589285855657249,0.020705461502075195,0.0,0.29761951885749627,0.0,0.0,-3.893411403063824,88
2025-11-24 13:00:00,SACSI Full,0.3585663416343679,0.016871541738510132,0.0,0.28554472114559676,0.0,0.0,-3.8570099334691954,88
2025-11-24 14:00:00,SACSI Full,0.3595364782178775,0.023423582315444946,0.0,0.31788260726258244,0.0,0.0,-3.9541818138398264,88
2025-11-24 15:00:00,SACSI Full,0.3687704134878256,0.15736103057861328,0.0,0.6256804495941864,0.0,0.0,-4.88152794387676,88
2025-11-24 16:00:00,SACSI Full,0.37186574673754613,0.1934581995010376,0.0,0.7288582245848716,0.0,0.0,-5.190804809433857,88
2025-11-24 17:00:00,SACSI Full,0.37756184180685265,0.19555658102035522,0.0,0.9187280602284205,0.0,0.0,-5.760116296120865,88
2025-11-24 18:00:00,SACSI Full,0.3746895176446591,0.020786672830581665,0.0,0.8229839214886369,0.0,0.0,-5.4711151970044165,88
2025-11-24 19:00:00,SACSI Full,0.37603162380351013,0.30435264110565186,0.0,0.8677207934503373,0.0,0.0,-5.612085092855875,88
2025-11-24 20:00:00,SACSI Full,0.3751034336867337,0.10082408785820007,0.0,0.8367811228911237,0.0,0.0,-5.514395135963009,88
2025-11-24 21:00:00,SACSI Full,0.37804445671639486,0.15962213277816772,0.0,0.9348152238798279,0.0,0.0,-5.808226094744248,88
2025-11-24 22:00:00,SACSI Full,0.38874392769433536,0.02680554986000061,0.0,1.2914642564778462,0.0,0.0,-6.876257046259917,88
2025-11-24 23:00:00,SACSI Full,0.3856246076716555,0.08569091558456421,0.0,1.1874869223885172,0.0,0.0,-6.564763439134488,88
2025-11-25 00:00:00,SACSI Full,0.38773110599066973,0.20665302872657776,0.0,1.257703533022324,0.0,0.0,-6.778453280772925,88
2025-11-25 01:00:00,SACSI Full,0.3899837783861115,0.24259433150291443,0.0,1.3327926128703824,0.0,0.0,-7.0035891382689694,88
2025-11-25 02:00:00,SACSI Full,0.39121784008144916,0.17814651131629944,0.0,1.3739280027149734,0.0,0.0,-7.1259914165731075,88
2025-11-25 03:00:00,SACSI Full,0.39452066277563197,0.21736890077590942,0.0,1.4840220925210659,0.0,0.0,-7.45680587947331,88
2025-11-25 04:00:00,SACSI Full,0.3957924642701711,0.44195592403411865,0.0,1.52641547567237,0.0,0.0,-7.590331415730375,88
2025-11-25 05:00:00,SACSI Full,0.39673858402786544,0.3842887282371521,0.0,1.5579528009288481,0.0,0.0,-7.682120849309256,88
2025-11-25 06:00:00,SACSI Full,0.3941424449997356,0.16057312488555908,0.0,1.4714148333245192,0.0,0.0,-7.419693118504788,88
2025-11-25 07:00:00,SACSI Full,0.39096165175460673,0.08765041828155518,0.0,1.365388391820224,0.0,0.0,-7.098647410892344,88
2025-11-25 08:00:00,SACSI Full,0.3896824262065551,0.15797987580299377,0.0,1.3227475402185023,0.0,0.0,-6.972105512746782,88
2025-11-25 09:00:00,SACSI Full,0.3864091577117617,0.018658041954040527,0.0,1.213638590392057,0.0,0.0,-6.64268215035374,88
2025-11-25 10:00:00,SACSI Full,0.39046919969829696,0.47098591923713684,0.0,1.348973323276566,0.0,0.0,-7.06086296698727,88
2025-11-25 11:00:00,SACSI Full,0.40043729048472143,0.08417025208473206,0.0,1.6812430161573815,0.0,0.0,-8.049280610185361,88
2025-11-25 12:00:00,SACSI Full,0.3976678594032064,0.12809932231903076,0.0,1.588928646773546,0.0,0.0,-7.769787217469365,88
2025-11-25 13:00:00,SACSI Full,0.39860312452237023,0.14718368649482727,0.0,1.620104150745675,0.0,0.0,-7.8634469696086775,88
2025-11-25 14:00:00,SACSI Full,0.3934408558099289,0.011847913265228271,0.0,1.4480285269976294,0.0,0.0,-7.345675896990488,88
2025-11-25 15:00:00,SACSI Full,0.39178932503397634,0.1505182683467865,0.0,1.3929775011325447,0.0,0.0,-7.183329572315385,88
2025-11-25 16:00:00,SACSI Full,0.3891545093506757,0.09970560669898987,0.0,1.3051503116891894,0.0,0.0,-6.917953173818026,88
2025-11-25 17:00:00,SACSI Full,0.3876491935965583,0.18837839365005493,0.0,1.254973119885277,0.0,0.0,-6.769573655398341,88
2025-11-25 18:00:00,SACSI Full,0.3854692755219786,0.11333376169204712,0.0,1.1823091840659543,0.0,0.0,-6.549944673751283,88
2025-11-25 19:00:00,SACSI Full,0.3852113984973534,0.26435017585754395,0.0,1.1737132832451138,0.0,0.0,-6.527937017394147,88
2025-11-25 20:00:00,SACSI Full,0.3822099069032047,0.04971608519554138,0.0,1.0736635634401581,0.0,0.0,-6.2241313529310025,88
2025-11-25 21:00:00,SACSI Full,0.37922261495074394,0.07989957928657532,0.0,0.9740871650247982,0.0,0.0,-5.924161321601035,88
2025-11-25 22:00:00,SACSI Full,0.37613729284442154,0.04764646291732788,0.0,0.8712430948140508,0.0,0.0,-5.615004744864192,88
2025-11-25 23:00:00,SACSI Full,0.3733691904155912,0.042042285203933716,0.0,0.7789730138530389,0.0,0.0,-5.337815929040331,88
2025-11-26 00:00:00,SACSI Full,0.37087738390068725,0.05037084221839905,0.0,0.6959127966895751,0.0,0.0,-5.088829092483238,88
2025-11-26 01:00:00,SACSI Full,0.36861053745097383,0.05079731345176697,0.0,0.6203512483657946,0.0,0.0,-4.862073956078751,88
2025-11-26 02:00:00,SACSI Full,0.36654560368859584,0.02553999423980713,0.0,0.5515201229531954,0.0,0.0,-4.655323741936499,88
2025-11-26 03:00:00,SACSI Full,0.3646707984593256,0.028585046529769897,0.0,0.48902661531085273,0.0,0.0,-4.4676819973860535,88
2025-11-26 04:00:00,SACSI Full,0.36300559705997204,0.035959482192993164,0.0,0.4335199019990668,0.0,0.0,-4.301352639997695,88
2025-11-26 05:00:00,SACSI Full,0.3615153710174384,0.03877788782119751,0.0,0.3838457005812799,0.0,0.0,-4.152340843556547,88
2025-11-26 06:00:00,SACSI Full,0.3601262861249288,0.022817403078079224,0.0,0.3375428708309599,0.0,0.0,-4.013244565401872,88
2025-11-26 07:00:00,SACSI Full,0.3587429310381508,0.020924508571624756,0.0,0.2914310346050272,0.0,0.0,-3.874730522931577,88
2025-11-26 08:00:00,SACSI Full,0.3572475235492077,0.00546187162399292,0.0,0.2415841183069233,0.0,0.0,-3.725016218722725,88
2025-11-26 09:00:00,SACSI Full,0.355694933919974,0.004554241895675659,0.0,0.18983113066579876,0.0,0.0,-3.5695935531325933,88
2025-11-26 10:00:00,SACSI Full,0.3541234806187759,0.006013363599777222,0.0,0.1374493539591967,0.0,0.0,-3.4124829203666267,88
2025-11-26 11:00:00,SACSI Full,0.3526564882204363,0.005451887845993042,0.0,0.08854960734787626,0.0,0.0,-3.26576347455809,88
2025-11-26 12:00:00,SACSI Full,0.3513331677420225,0.004442781209945679,0.0,0.04443892473408369,0.0,0.0,-3.133415720892809,88
2025-11-26 13:00:00,SACSI Full,0.3501471002709228,0.006083101034164429,0.0,0.004903342364092112,0.0,0.0,-3.0148480923112024,88
2025-11-26 14:00:00,SACSI Full,0.3491163373934585,0.00527113676071167,0.0,0.0,0.0,0.0,-2.911747281723797,88
2025-11-26 15:00:00,SACSI Full,0.3482495400424161,0.003460794687271118,0.0,0.0,0.0,0.0,-2.8250413235560887,88
2025-11-26 16:00:00,SACSI Full,0.3476360176336128,0.002943277359008789,0.0,0.0,0.0,0.0,-2.7636658040817417,88
2025-11-26 17:00:00,SACSI Full,0.34723741454396234,0.007919073104858398,0.0,0.0,0.0,0.0,-2.723949593815789,88
2025-11-26 18:00:00,SACSI Full,0.34693749767416304,0.012024939060211182,0.0,0.0,0.0,0.0,-2.694031324857061,88
2025-11-26 19:00:00,SACSI Full,0.3466918858682472,0.019816458225250244,0.0,0.0,0.0,0.0,-2.6696628311808723,88
2025-11-26 20:00:00,SACSI Full,0.34713991954677886,0.01941010355949402,0.0,0.0,0.0,0.0,-2.714384220295733,88
2025-11-26 21:00:00,SACSI Full,0.3468624738934992,0.010266304016113281,0.0,0.0,0.0,0.0,-2.686544153425678,88
2025-11-26 22:00:00,SACSI Full,0.34658198244287153,0.009352564811706543,0.0,0.0,0.0,0.0,-2.65839443297543,88
2025-11-26 23:00:00,SACSI Full,0.34631813088768304,0.005844533443450928,0.0,0.0,0.0,0.0,-2.6319650597508546,88
2025-11-27 00:00:00,SACSI Full,0.3460327871222653,0.007896870374679565,0.0,0.0,0.0,0.0,-2.603457173003337,88
2025-11-27 01:00:00,SACSI Full,0.34577367065939885,0.007265061140060425,0.0,0.0,0.0,0.0,-2.5775186852550314,88
2025-11-27 02:00:00,SACSI Full,0.3455107087035337,0.006111413240432739,0.0,0.0,0.0,0.0,-2.5512046350971715,88
2025-11-27 03:00:00,SACSI Full,0.34527199567271855,0.0048860907554626465,0.0,0.0,0.0,0.0,-2.527309542311813,88
2025-11-27 04:00:00,SACSI Full,0.34503401081198043,0.005104541778564453,0.0,0.0,0.0,0.0,-2.5035053565438443,88
2025-11-27 05:00:00,SACSI Full,0.3447972304617722,0.005465894937515259,0.0,0.0,0.0,0.0,-2.4798359776075576,88
2025-11-27 06:00:00,SACSI Full,0.3445313816542784,0.0052453577518463135,0.0,0.0,0.0,0.0,-2.4532452779547307,88
2025-11-27 07:00:00,SACSI Full,0.34414959727400135,0.004464685916900635,0.0,0.0,0.0,0.0,-2.415056827836822,88
2025-11-27 08:00:00,SACSI Full,0.34350495352460536,0.00210687518119812,0.0,0.0,0.0,0.0,-2.3505610680715168,88
2025-11-27 09:00:00,SACSI Full,0.34263903385195726,0.0037240982055664062,0.0,0.0,0.0,0.0,-2.2639940393900813,88
2025-11-27 10:00:00,SACSI Full,0.3415738073034445,0.003432035446166992,0.0,0.0,0.0,0.0,-2.1574522916809666,88
2025-11-27 11:00:00,SACSI Full,0.3403130771521091,0.004280954599380493,0.0,0.0,0.0,0.0,-2.0314018234944315,88
2025-11-27 12:00:00,SACSI Full,0.3389950122653802,0.004080533981323242,0.0,0.0,0.0,0.0,-1.8995848414238266,88
2025-11-27 13:00:00,SACSI Full,0.33773163070076306,0.0034855306148529053,0.0,0.0,0.0,0.0,-1.7732387307222675,88
2025-11-27 14:00:00,SACSI Full,0.33663914668275513,0.0037547945976257324,0.0,0.0,0.0,0.0,-1.6639924568072926,88
2025-11-27 15:00:00,SACSI Full,0.33568618952466645,0.0031128525733947754,0.0,0.0,0.0,0.0,-1.568687628938354,88
2025-11-27 16:00:00,SACSI Full,0.3350134607946237,0.0021813809871673584,0.0,0.0,0.0,0.0,-1.5013990217979734,88
2025-11-27 17:00:00,SACSI Full,0.3345692082289219,0.0027242302894592285,0.0,0.0,0.0,0.0,-1.4569807359910003,88
2025-11-27 18:00:00,SACSI Full,0.33426745232456523,0.002973228693008423,0.0,0.0,0.0,0.0,-1.4268071870144177,88
2025-11-27 19:00:00,SACSI Full,0.33389993630283676,0.008745193481445312,0.0,0.0,0.0,0.0,-1.390226253801189,88
2025-11-27 20:00:00,SACSI Full,0.3335537167894204,0.006634145975112915,0.0,0.0,0.0,0.0,-1.3555254723366068,88
2025-11-27 21:00:00,SACSI Full,0.3331758027374109,0.005625784397125244,0.0,0.0,0.0,0.0,-1.3177028730448093,88
2025-11-27 22:00:00,SACSI Full,0.33277363926364584,0.0068509578704833984,0.0,0.0,0.0,0.0,-1.2775131972567264,88
2025-11-27 23:00:00,SACSI Full,0.33244664201690355,0.0039008259773254395,0.0,0.0,0.0,0.0,-1.2447717195288321,88
2025-11-28 00:00:00,SACSI Full,0.3320949686784903,0.004997998476028442,0.0,0.0,0.0,0.0,-1.209607799543538,88
2025-11-28 01:00:00,SACSI Full,0.33176794560306866,0.0038930773735046387,0.0,0.0,0.0,0.0,-1.1768834710653606,88
2025-11-28 02:00:00,SACSI Full,0.3314662026130517,0.0029771029949188232,0.0,0.0,0.0,0.0,-1.1466889631088544,88
2025-11-28 03:00:00,SACSI Full,0.3311651222280025,0.003175884485244751,0.0,0.0,0.0,0.0,-1.116577728304856,88
2025-11-28 04:00:00,SACSI Full,0.3308889474125067,0.0021475553512573242,0.0,0.0,0.0,0.0,-1.0889479756490328,88
2025-11-28 05:00:00,SACSI Full,0.330613314502573,0.002310127019882202,0.0,0.0,0.0,0.0,-1.0613792785143805,88
2025-11-28 06:00:00,SACSI Full,0.3303101136822859,0.0025397539138793945,0.0,0.0,0.0,0.0,-1.0310644595758078,88
2025-11-28 07:00:00,SACSI Full,0.32995289363497093,0.0033339858055114746,0.0,0.0,0.0,0.0,-0.9953639855321192,88
2025-11-28 08:00:00,SACSI Full,0.32928017235550877,0.0021836161613464355,0.0,0.0,0.0,0.0,-0.928072411570545,88
2025-11-28 09:00:00,SACSI Full,0.3283524505793412,0.002183467149734497,0.0,0.0,0.0,0.0,-0.8352887287672306,88
2025-11-28 10:00:00,SACSI Full,0.3273108774061362,0.002028048038482666,0.0,0.0,0.0,0.0,-0.7311298557654995,88
2025-11-28 11:00:00,SACSI Full,0.32644059815042814,0.0024162232875823975,0.0,0.0,0.0,0.0,-0.644112021261056,88
2025-11-28 12:00:00,SACSI Full,0.32534618045840263,0.003174692392349243,0.0,0.0,0.0,0.0,-0.5346891243791574,88
2025-11-28 13:00:00,SACSI Full,0.3241383420128981,0.0031484663486480713,0.0,0.0,0.0,0.0,-0.41389743287721886,88
2025-11-28 14:00:00,SACSI Full,0.3232711254425208,0.003335028886795044,0.0,0.0,0.0,0.0,-0.3271811104551957,88
2025-11-28 15:00:00,SACSI Full,0.32260303395384154,0.0035725533962249756,0.0,0.0,0.0,0.0,-0.2603772216971726,88
2025-11-28 16:00:00,SACSI Full,0.3220723940900326,0.0023080408573150635,0.0,0.0,0.0,0.0,-0.2072982149457924,88
2025-11-28 17:00:00,SACSI Full,0.3217137643928687,0.002911090850830078,0.0,0.0,0.0,0.0,-0.17144069160382058,88
2025-11-28 18:00:00,SACSI Full,0.3214658464180788,0.002124607563018799,0.0,0.0,0.0,0.0,-0.14663499879201716,88
2025-11-28 19:00:00,SACSI Full,0.3213012987529596,0.0016357004642486572,0.0,0.0,0.0,0.0,-0.13016747837623166,88
2025-11-28 20:00:00,SACSI Full,0.32116567649397854,0.0018133223056793213,0.0,0.0,0.0,0.0,-0.1166056920623808,88
2025-11-28 21:00:00,SACSI Full,0.32102948997769354,0.001644045114517212,0.0,0.0,0.0,0.0,-0.10298357144355513,88
2025-11-28 22:00:00,SACSI Full,0.3208937415555477,0.0017754733562469482,0.0,0.0,0.0,0.0,-0.08941097930430893,88
2025-11-28 23:00:00,SACSI Full,0.32081421723558107,0.0016427040100097656,0.0,0.0,0.0,0.0,-0.08145590533176862,88
2025-11-29 00:00:00,SACSI Full,0.3207338554703554,0.0013914704322814941,0.0,0.0,0.0,0.0,-0.07341588877996003,88
2025-11-29 01:00:00,SACSI Full,0.32065450847420696,0.0016959011554718018,0.0,0.0,0.0,0.0,-0.0654878097510363,88
2025-11-29 02:00:00,SACSI Full,0.3206037938280265,0.0017856061458587646,0.0,0.0,0.0,0.0,-0.06041599197547103,88
2025-11-29 03:00:00,SACSI Full,0.3205807265650591,0.0015798211097717285,0.0,0.0,0.0,0.0,-0.058106310778464954,88
2025-11-29 04:00:00,SACSI Full,0.32055819226695703,0.0017397105693817139,0.0,0.0,0.0,0.0,-0.05585561980168623,88
2025-11-29 05:00:00,SACSI Full,0.3205353097783884,0.0016352534294128418,0.0,0.0,0.0,0.0,-0.053564727478827255,88
2025-11-29 06:00:00,SACSI Full,0.32045587734891584,0.0016702711582183838,0.0,0.0,0.0,0.0,-0.04562149049203583,88
2025-11-29 07:00:00,SACSI Full,0.32023451946927717,0.0015926361083984375,0.0,0.0,0.0,0.0,-0.0234845760003823,88
2025-11-29 08:00:00,SACSI Full,0.3197580786398412,0.001567751169204712,0.0,0.0,0.0,0.0,0.9999683961272239,88
2025-11-29 09:00:00,SACSI Full,0.31899926609867424,0.0018562376499176025,0.0,0.0,0.0,0.0,0.9999599903821945,88
2025-11-29 10:00:00,SACSI Full,0.31809983344906184,0.0021702051162719727,0.0,0.0,0.0,0.0,0.999953456223011,88
2025-11-29 11:00:00,SACSI Full,0.3167779806871574,0.00294417142868042,0.0,0.0,0.0,0.0,0.9999333769083023,88
2025-11-29 12:00:00,SACSI Full,0.31517791115396826,0.004479140043258667,0.0,0.0,0.0,0.0,0.9998950675129891,88
2025-11-29 13:00:00,SACSI Full,0.31368901577585545,0.0038313865661621094,0.0,0.0,0.0,0.0,0.9999168947339058,88
2025-11-29 14:00:00,SACSI Full,0.31541551594449685,0.006950050592422485,0.0,0.0,0.0,0.0,0.9998298123478889,88
2025-11-29 15:00:00,SACSI Full,0.31510990709656084,0.0018173456192016602,0.0,0.0,0.0,0.0,0.9999123260378837,88
2025-11-29 16:00:00,SACSI Full,0.3148263399278482,0.00192984938621521,0.0,0.0,0.0,0.0,0.9999602779746055,88
2025-11-29 17:00:00,SACSI Full,0.31452085426284476,0.0018543004989624023,0.0,0.0,0.0,0.0,0.9999621585011482,88
2025-11-29 18:00:00,SACSI Full,0.31438688305252394,0.0023086369037628174,0.0,0.0,0.0,0.0,0.9999492838978767,88
2025-11-29 19:00:00,SACSI Full,0.31533849596772195,0.002483874559402466,0.0,0.0,0.0,0.0,0.9999485701322556,88
2025-11-29 20:00:00,SACSI Full,0.3152594976587455,0.0018005073070526123,0.0,0.0,0.0,0.0,0.9999571561813354,88
2025-11-29 21:00:00,SACSI Full,0.3152085157850743,0.0017054378986358643,0.0,0.0,0.0,0.0,0.9999649405479432,88
2025-11-29 22:00:00,SACSI Full,0.31518625517163285,0.0018218159675598145,0.0,0.0,0.0,0.0,0.9999623998999595,88
2025-11-29 23:00:00,SACSI Full,0.31516439986977585,0.0019434094429016113,0.0,0.0,0.0,0.0,0.9999599158763885,88
2025-11-30 00:00:00,SACSI Full,0.3157839261821271,0.002857893705368042,0.0,0.0,0.0,0.0,0.999933697283268,88
2025-11-30 01:00:00,SACSI Full,0.31673859383536984,0.0034002959728240967,0.0,0.0,0.0,0.0,0.999926570057869,88
2025-11-30 02:00:00,SACSI Full,0.31866618332975716,0.003776848316192627,0.0,0.0,0.0,0.0,0.9999206975102424,88
2025-11-30 03:00:00,SACSI Full,0.320596804713742,0.004686415195465088,0.0,0.0,0.0,0.0,-0.05978329534690365,88
2025-11-30 04:00:00,SACSI Full,0.32259730165038114,0.008649080991744995,0.0,0.0,0.0,0.0,-0.25994277331591115,88
2025-11-30 05:00:00,SACSI Full,0.3229477956576507,0.005148202180862427,0.0,0.0,0.0,0.0,-0.29491753859679476,88
2025-11-30 06:00:00,SACSI Full,0.3228781175282956,0.0045965611934661865,0.0,0.0,0.0,0.0,-0.287909200463302,88
2025-11-30 07:00:00,SACSI Full,0.32272035088493034,0.0036700069904327393,0.0,0.0,0.0,0.0,-0.2721177541748724,88
2025-11-30 08:00:00,SACSI Full,0.3302412393891176,0.00726655125617981,0.0,0.0,0.0,0.0,-1.0243052353795394,88
2025-11-30 09:00:00,SACSI Full,0.34270098342769945,0.005923211574554443,0.0,0.0,0.0,0.0,-2.2702302403982513,88
2025-11-30 10:00:00,SACSI Full,0.35588016964108,0.009261518716812134,0.0,0.19600565470266532,0.0,0.0,-3.5882355775537573,88
2025-11-30 11:00:00,SACSI Full,0.3573057945725046,0.04771396517753601,0.0,0.24352648575015368,0.0,0.0,-3.731918261018618,88
2025-11-30 12:00:00,SACSI Full,0.357878354647105,0.036379843950271606,0.0,0.2626118215701652,0.0,0.0,-3.788676402801776,88
2025-11-30 13:00:00,SACSI Full,0.35734081812829827,0.010932981967926025,0.0,0.24469393760994224,0.0,0.0,-3.7345549410890078,88
2025-11-30 14:00:00,SACSI Full,0.35990279662106384,0.10918676853179932,0.0,0.33009322070212765,0.0,0.0,-3.993445935342658,88
2025-11-30 15:00:00,SACSI Full,0.35907719594717574,0.007892996072769165,0.0,0.30257319823919177,0.0,0.0,-3.9088903923636193,88
2025-11-30 16:00:00,SACSI Full,0.35774170888829726,0.010410845279693604,0.0,0.2580569629432418,0.0,0.0,-3.774404284227388,88
2025-11-30 17:00:00,SACSI Full,0.3566845401461884,0.02466738224029541,0.0,0.22281800487294703,0.0,0.0,-3.6690899276332503,88
2025-11-30 18:00:00,SACSI Full,0.35587571373271626,0.012709200382232666,0.0,0.19585712442387548,0.0,0.0,-3.5879451390978505,88
2025-11-30 19:00:00,SACSI Full,0.3552017881009073,0.02221524715423584,0.0,0.17339293669691075,0.0,0.0,-3.520718175501534,88
2025-11-30 20:00:00,SACSI Full,0.3545850881190083,0.018826276063919067,0.0,0.1528362706336111,0.0,0.0,-3.4589192271330105,88
2025-11-30 21:00:00,SACSI Full,0.354043694485931,0.023371726274490356,0.0,0.13478981619769856,0.0,0.0,-3.4048823376206934,88
2025-11-30 22:00:00,SACSI Full,0.35356968252096327,0.01928582787513733,0.0,0.11898941736544232,0.0,0.0,-3.3573948276378225,88
2025-11-30 23:00:00,SACSI Full,0.35315341771859304,0.014234483242034912,0.0,0.10511392395310111,0.0,0.0,-3.3156769749704753,88
2025-12-01 00:00:00,SACSI Full,0.35279208339206913,0.010169148445129395,0.0,0.09306944640230484,0.0,0.0,-3.2794523755237845,88
2025-12-01 01:00:00,SACSI Full,0.3524907919482518,0.009638965129852295,0.0,0.08302639827505942,1.4210854715202004e-14,0.0,-3.249277275960927,88
2025-12-01 02:00:00,SACSI Full,0.3522169326876517,0.008739978075027466,0.0,0.07389775625505593,0.0,0.0,-3.221877058197218,88
2025-12-01 03:00:00,SACSI Full,0.35196557370939097,0.0071114301681518555,0.0,0.0655191236463665,0.0,0.0,-3.196715885021528,88
2025-12-01 04:00:00,SACSI Full,0.3517381534696661,0.006712377071380615,0.0,0.05793844898886818,0.0,0.0,-3.173953585039003,88
2025-12-01 05:00:00,SACSI Full,0.3515333523193338,0.006671398878097534,0.0,0.051111743977791946,-1.4210854715202004e-14,0.0,-3.153469069692874,88
2025-12-01 06:00:00,SACSI Full,0.3513518771077995,0.007620006799697876,0.0,0.04506257025998366,0.0,0.0,-3.135349596995162,88
2025-12-01 07:00:00,SACSI Full,0.35105925901214524,0.024023205041885376,0.0,0.035308633738173965,0.0,0.0,-3.106570397297783,88
2025-12-01 08:00:00,SACSI Full,0.35038243328559615,0.005200058221817017,0.0,0.012747776186539285,0.0,0.0,-3.0385355611922518,88
2025-12-01 09:00:00,SACSI Full,0.3493213363455556,0.004670917987823486,0.0,0.0,0.0,0.0,-2.9322323443176574,88
2025-12-01 10:00:00,SACSI Full,0.3479466932057164,0.004107058048248291,0.0,0.0,0.0,0.0,-2.794757100332002,88
2025-12-01 11:00:00,SACSI Full,0.34637289021480305,0.003859102725982666,0.0,0.0,0.0,0.0,-2.637368683088047,88
2025-12-01 12:00:00,SACSI Full,0.3447133068997485,0.0036250054836273193,0.0,0.0,0.0,0.0,-2.471405531056945,88
2025-12-01 13:00:00,SACSI Full,0.34310916934955343,0.003258734941482544,0.0,0.0,0.0,0.0,-2.310985772359594,88
2025-12-01 14:00:00,SACSI Full,0.3417053897037926,0.0038661062717437744,0.0,0.0,0.0,0.0,-2.1706223662179975,88
2025-12-01 15:00:00,SACSI Full,0.3405845966910146,0.0037620961666107178,0.0,0.0,0.0,0.0,-2.0585359511258425,88
2025-12-01 16:00:00,SACSI Full,0.3398596731327794,0.003522932529449463,0.0,0.0,0.0,0.0,-1.9860401635649028,88
2025-12-01 17:00:00,SACSI Full,0.33954799576986056,0.008496791124343872,0.0,0.0,0.0,0.0,-1.9550192513944908,88
2025-12-01 18:00:00,SACSI Full,0.33948658877837884,0.007077902555465698,0.0,0.0,0.0,0.0,-1.9488146247746814,88
2025-12-01 19:00:00,SACSI Full,0.33945190976846445,0.006596297025680542,0.0,0.0,0.0,0.0,-1.9453277188422564,88
2025-12-01 20:00:00,SACSI Full,0.3394164221222026,0.006353706121444702,0.0,0.0,0.0,0.0,-1.9417717122517282,88
2025-12-01 21:00:00,SACSI Full,0.339406470861318,0.005514621734619141,0.0,0.0,0.0,0.0,-1.9407657694103575,88
2025-12-01 22:00:00,SACSI Full,0.3393958803406182,0.005322843790054321,0.0,0.0,0.0,0.0,-1.9396964087170645,88
2025-12-01 23:00:00,SACSI Full,0.3394102847964389,0.00432133674621582,0.0,0.0,0.0,0.0,-1.941124921449254,88
2025-12-02 00:00:00,SACSI Full,0.3394233267894211,0.003912597894668579,0.0,0.0,0.0,0.0,-1.9424150182885191,88
2025-12-02 01:00:00,SACSI Full,0.3394329981397413,0.002901405096054077,0.0,0.0,0.0,0.0,-1.943367954004038,88
2025-12-02 02:00:00,SACSI Full,0.3394433286180916,0.0030991435050964355,0.0,0.0,0.0,0.0,-1.9443968220633538,88
2025-12-02 03:00:00,SACSI Full,0.3394534628978196,0.0030402839183807373,0.0,0.0,0.0,0.0,-1.945407684056192,88
2025-12-02 04:00:00,SACSI Full,0.33946320776053496,0.0029234588146209717,0.0,0.0,0.0,0.0,-1.9463804134808251,88
2025-12-02 05:00:00,SACSI Full,0.33947273357618085,0.0028577446937561035,0.0,0.0,0.0,0.0,-1.947331169653168,88
2025-12-02 06:00:00,SACSI Full,0.33948165043103923,0.0026750564575195312,0.0,0.0,0.0,0.0,-1.948220371115435,88
2025-12-02 07:00:00,SACSI Full,0.33930200067031613,0.005605071783065796,0.0,0.0,0.0,0.0,-1.930341468620529,88
2025-12-02 08:00:00,SACSI Full,0.3386594326526744,0.0027295947074890137,0.0,0.0,0.0,0.0,-1.8660266119323445,88
2025-12-02 09:00:00,SACSI Full,0.33758992351043454,0.0021472573280334473,0.0,0.0,0.0,0.0,-1.7590411195638087,88
2025-12-02 10:00:00,SACSI Full,0.33618195167132453,0.0026084482669830322,0.0,0.0,0.0,0.0,-1.6182519480071815,88
2025-12-02 11:00:00,SACSI Full,0.3345498875894967,0.0033807754516601562,0.0,0.0,0.0,0.0,-1.4550640977305511,88
2025-12-02 12:00:00,SACSI Full,0.3328330013281925,0.003434121608734131,0.0,0.0,0.0,0.0,-1.2833693487129938,88
2025-12-02 13:00:00,SACSI Full,0.3311722358543499,0.003270357847213745,0.0,0.0,0.0,0.0,-1.1172906302295496,88
2025-12-02 14:00:00,SACSI Full,0.329707948519272,0.002713799476623535,0.0,0.0,0.0,0.0,-0.9708546935004364,88
2025-12-02 15:00:00,SACSI Full,0.32855329433906316,0.002103745937347412,0.0,0.0,0.0,0.0,-0.8553776093604553,88
2025-12-02 16:00:00,SACSI Full,0.3278230759015504,0.0019344687461853027,0.0,0.0,0.0,0.0,-0.7823479723018756,88
2025-12-02 17:00:00,SACSI Full,0.32751910965828335,0.002310127019882202,0.0,0.0,0.0,0.0,-0.7519609249514687,88
2025-12-02 18:00:00,SACSI Full,0.32744045407601435,0.0019033253192901611,0.0,0.0,0.0,0.0,-0.7440875421248264,88
2025-12-02 19:00:00,SACSI Full,0.3274209248454197,0.002641230821609497,0.0,0.0,0.0,0.0,-0.7421526882134228,88
2025-12-02 20:00:00,SACSI Full,0.3273993943888767,0.002040863037109375,0.0,0.0,0.0,0.0,-0.7399862598262584,88
2025-12-02 21:00:00,SACSI Full,0.3274051363029901,0.001722574234008789,0.0,0.0,0.0,0.0,-0.7405512646717224,88
2025-12-02 22:00:00,SACSI Full,0.32741082109598557,0.0017054378986358643,0.0,0.0,0.0,0.0,-0.7411163897198829,88
2025-12-02 23:00:00,SACSI Full,0.32741727230537176,0.0019353628158569336,0.0,0.0,0.0,0.0,-0.7417682370426651,88
2025-12-03 00:00:00,SACSI Full,0.3274233971793278,0.0018374621868133545,0.0,0.0,0.0,0.0,-0.7423774461828041,88
2025-12-03 01:00:00,SACSI Full,0.32743186600593965,0.0025406479835510254,0.0,0.0,0.0,0.0,-0.7432444454116031,88
2025-12-03 02:00:00,SACSI Full,0.32777649143922566,0.003387629985809326,0.0,0.0,0.0,0.0,-0.7777253663423039,88
2025-12-03 03:00:00,SACSI Full,0.3277875644921088,0.003321915864944458,0.0,0.0,0.0,0.0,-0.7788235446693843,88
2025-12-03 04:00:00,SACSI Full,0.32813375852096316,0.003858208656311035,0.0,0.0,0.0,0.0,-0.8134583791973551,88
2025-12-03 05:00:00,SACSI Full,0.3281508595902546,0.00513032078742981,0.0,0.0,0.0,0.0,-0.8152012865625176,88
2025-12-03 06:00:00,SACSI Full,0.3284736178007546,0.005327463150024414,0.0,0.0,0.0,0.0,-0.8474703007620882,88
2025-12-03 07:00:00,SACSI Full,0.3282599101772729,0.0038877129554748535,0.0,0.0,0.0,0.0,-0.826083169488345,88
2025-12-03 08:00:00,SACSI Full,0.3276156200821026,0.0022129714488983154,0.0,0.0,0.0,0.0,-0.761623015054303,88
2025-12-03 09:00:00,SACSI Full,0.32654853436537823,0.0028742849826812744,0.0,0.0,0.0,0.0,-0.6549175353728136,88
2025-12-03 10:00:00,SACSI Full,0.32514179336218274,0.002977699041366577,0.0,0.0,0.0,0.0,-0.5142399243396876,88
2025-12-03 11:00:00,SACSI Full,0.3235116415960415,0.003954470157623291,0.0,0.0,0.0,0.0,-0.3512530167184654,88
2025-12-03 12:00:00,SACSI Full,0.3217971345534746,0.004147887229919434,0.0,0.0,0.0,0.0,-0.1797983472627791,88
2025-12-03 13:00:00,SACSI Full,0.320113233271323,0.004829615354537964,0.0,0.0,0.0,0.0,-0.011426736720637942,88
2025-12-03 14:00:00,SACSI Full,0.31865183576810596,0.003580749034881592,0.0,0.0,0.0,0.0,0.9999158963561058,88
2025-12-03 15:00:00,SACSI Full,0.31750124612796543,0.003323107957839966,0.0,0.0,0.0,0.0,0.9999309614300728,88
2025-12-03 16:00:00,SACSI Full,0.31677301004159686,0.0025291740894317627,0.0,0.0,0.0,0.0,0.9999414771795273,88
2025-12-03 17:00:00,SACSI Full,0.3164722157588426,0.0032617151737213135,0.0,0.0,0.0,0.0,0.9999274402856827,88
2025-12-03 18:00:00,SACSI Full,0.31642227895327646,0.002018958330154419,0.0,0.0,0.0,0.0,0.9999471932649613,88
2025-12-03 19:00:00,SACSI Full,0.3164311982916617,0.0026758015155792236,0.0,0.0,0.0,0.0,0.9999399155378342,88
2025-12-03 20:00:00,SACSI Full,0.3164388843106055,0.0023058056831359863,0.0,0.0,0.0,0.0,0.9999501839280129,88
2025-12-03 21:00:00,SACSI Full,0.3164469940192326,0.002432912588119507,0.0,0.0,0.0,0.0,0.9999500706791878,88
2025-12-03 22:00:00,SACSI Full,0.31645357139178354,0.0019732117652893066,0.0,0.0,0.0,0.0,0.9999559387564659,88
2025-12-03 23:00:00,SACSI Full,0.3164601423071646,0.0019712746143341064,0.0,0.0,0.0,0.0,0.9999605551362039,88
2025-12-04 00:00:00,SACSI Full,0.3164662572470132,0.001834481954574585,0.0,0.0,0.0,0.0,0.9999619424343109,88
2025-12-04 01:00:00,SACSI Full,0.3164151199045602,0.001658797264099121,0.0,0.0,0.0,0.0,0.9999650672078133,88
2025-12-04 02:00:00,SACSI Full,0.31630807237772385,0.001885741949081421,0.0,0.0,0.0,0.0,0.9999600157141686,88
2025-12-04 03:00:00,SACSI Full,0.3161992655204558,0.001357942819595337,0.0,0.0,0.0,0.0,0.9999675631523132,88
2025-12-04 04:00:00,SACSI Full,0.31609084509996804,0.0014738738536834717,0.0,0.0,0.0,0.0,0.9999693632125854,88
2025-12-04 05:00:00,SACSI Full,0.3159825284909033,0.0015050172805786133,0.0,0.0,0.0,0.0,0.9999695882201195,88
2025-12-04 06:00:00,SACSI Full,0.3158731499257508,0.0011864304542541504,0.0,0.0,0.0,0.0,0.9999730855226517,88
2025-12-04 07:00:00,SACSI Full,0.31557293331134545,0.0034350156784057617,0.0,0.0,0.0,0.0,0.9999088138341904,88
2025-12-04 08:00:00,SACSI Full,0.3149325016235136,0.0033704936504364014,0.0,0.0,0.0,0.0,0.9999319449067117,88
2025-12-04 09:00:00,SACSI Full,0.31392265328792957,0.003045499324798584,0.0,0.0,0.0,0.0,0.9999358400702476,88
2025-12-04 10:00:00,SACSI Full,0.31263469646283215,0.004612952470779419,0.0,0.0,0.0,0.0,0.9998920664191246,88
2025-12-04 11:00:00,SACSI Full,0.31114990436780676,0.005062371492385864,0.0,0.0,0.0,0.0,0.9998942583799362,88
2025-12-04 12:00:00,SACSI Full,0.31008023986963656,0.0041006505489349365,0.0,0.0,0.0,0.0,0.9999083697795869,88
2025-12-04 13:00:00,SACSI Full,0.3089593555759214,0.0057347118854522705,0.0,0.0,0.0,0.0,0.9998689651489258,88
2025-12-04 14:00:00,SACSI Full,0.3083378255087954,0.004540979862213135,0.0,0.0,0.0,0.0,0.9998972430825234,88
2025-12-04 15:00:00,SACSI Full,0.3076657296942495,0.00437125563621521,0.0,0.0,0.0,0.0,0.9999108776450157,88
2025-12-04 16:00:00,SACSI Full,0.30702250652222063,0.002533048391342163,0.0,0.0,0.0,0.0,0.9999309569597244,88
2025-12-04 17:00:00,SACSI Full,0.30699576971280795,0.002478957176208496,0.0,0.0,0.0,0.0,0.9999498799443245,88
2025-12-04 18:00:00,SACSI Full,0.3071391968161684,0.0025281310081481934,0.0,0.0,0.0,0.0,0.9999489456415176,88
2025-12-04 19:00:00,SACSI Full,0.3069198530768178,0.00219687819480896,0.0,0.0,0.0,0.0,0.9999527499079705,88
2025-12-04 20:00:00,SACSI Full,0.30669969623077137,0.0019529461860656738,0.0,0.0,0.0,0.0,0.9999585017561912,88
2025-12-04 21:00:00,SACSI Full,0.3064546348085823,0.0029815733432769775,0.0,0.0,0.0,0.0,0.9999300822615624,88
2025-12-04 22:00:00,SACSI Full,0.30626394477753066,0.0022929906845092773,0.0,0.0,0.0,0.0,0.9999472543597221,88
2025-12-04 23:00:00,SACSI Full,0.3060723810417277,0.002030879259109497,0.0,0.0,0.0,0.0,0.9999567613005639,88
2025-12-05 00:00:00,SACSI Full,0.30585237718093616,0.0019988417625427246,0.0,0.0,0.0,0.0,0.9999597027897835,88
2025-12-05 01:00:00,SACSI Full,0.3056035825211627,0.0018616020679473877,0.0,0.0,0.0,0.0,0.999961395561695,88
2025-12-05 02:00:00,SACSI Full,0.30538445484864934,0.0022616982460021973,0.0,0.0,0.0,0.0,0.9999507650732994,88
2025-12-05 03:00:00,SACSI Full,0.30516504206725187,0.0021761655807495117,0.0,0.0,0.0,0.0,0.9999556213617325,88
2025-12-05 04:00:00,SACSI Full,0.30867425600834913,0.0037641823291778564,0.0,0.0,0.0,0.0,0.9999088361859321,88
2025-12-05 05:00:00,SACSI Full,0.3109091283606313,0.004461705684661865,0.0,0.0,0.0,0.0,0.9999037906527519,88
2025-12-05 06:00:00,SACSI Full,0.3274515219893875,0.005218088626861572,0.0,0.0,0.0,0.0,-0.745264124540707,88
2025-12-05 07:00:00,SACSI Full,0.3281528565858624,0.003900378942489624,0.0,0.0,0.0,0.0,-0.8153768432619335,88
2025-12-05 08:00:00,SACSI Full,0.3275621729555549,0.0012949109077453613,0.0,0.0,0.0,0.0,-0.7562692484539915,88
2025-12-05 09:00:00,SACSI Full,0.32666187802541474,0.0019115209579467773,0.0,0.0,0.0,0.0,-0.6662321990611345,88
2025-12-05 10:00:00,SACSI Full,0.3255380173602523,0.0028418004512786865,0.0,0.0,0.0,0.0,-0.5538678748291868,88
2025-12-05 11:00:00,SACSI Full,0.32460995744057713,0.004082024097442627,0.0,0.0,0.0,0.0,-0.46108978677612333,88
2025-12-05 12:00:00,SACSI Full,0.32340428661732096,0.003798753023147583,0.0,0.0,0.0,0.0,-0.340507469503301,88
2025-12-05 13:00:00,SACSI Full,0.32216828818865834,0.0032004714012145996,0.0,0.0,0.0,0.0,-0.21689881111007656,88
2025-12-05 14:00:00,SACSI Full,0.32552152037449894,0.011969655752182007,0.0,0.0,0.0,0.0,-0.5524791224084467,88
2025-12-05 15:00:00,SACSI Full,0.3285700323238792,0.018553584814071655,0.0,0.0,0.0,0.0,-0.857440143374821,88
2025-12-05 16:00:00,SACSI Full,0.32984736839680096,0.010700821876525879,0.0,0.0,0.0,0.0,-0.9850293837470008,88
2025-12-05 17:00:00,SACSI Full,0.3305513201338869,0.004685521125793457,0.0,0.0,0.0,0.0,-1.0552858768187108,88
2025-12-05 18:00:00,SACSI Full,0.33167484100727457,0.005056262016296387,0.0,0.0,0.0,0.0,-1.1675889333766871,88
2025-12-05 19:00:00,SACSI Full,0.332709381515068,0.012362152338027954,0.0,0.0,0.0,0.0,-1.2712584534567788,88
2025-12-05 20:00:00,SACSI Full,0.332365349492115,0.007290393114089966,0.0,0.0,0.0,0.0,-1.2367314746660196,88
2025-12-05 21:00:00,SACSI Full,0.3320453637384198,0.006004273891448975,0.0,0.0,0.0,0.0,-1.2046693205120353,88
2025-12-05 22:00:00,SACSI Full,0.33170029658146916,0.006979852914810181,0.0,0.0,0.0,0.0,-1.1701790109954449,88
2025-12-05 23:00:00,SACSI Full,0.33137622244584775,0.004777759313583374,0.0,0.0,0.0,0.0,-1.1377398207070577,88
2025-12-06 00:00:00,SACSI Full,0.3310276276873372,0.00592157244682312,0.0,0.0,0.0,0.0,-1.1028926383139859,88
2025-12-06 01:00:00,SACSI Full,0.3305916090066057,0.0051943957805633545,0.0,0.0,0.0,0.0,-1.0592720603428456,88
2025-12-06 02:00:00,SACSI Full,0.3301557487748883,0.0052419304847717285,0.0,0.0,0.0,0.0,-1.015680191445566,88
2025-12-06 03:00:00,SACSI Full,0.32971632567552944,0.004173070192337036,0.0,0.0,0.0,0.0,-0.9717267175597146,88
2025-12-06 04:00:00,SACSI Full,0.32930681344576895,0.004646331071853638,0.0,0.0,0.0,0.0,-0.930779003807127,88
2025-12-06 05:00:00,SACSI Full,0.3289288382989985,0.0056074559688568115,0.0,0.0,0.0,0.0,-0.8930055902681959,88
2025-12-06 06:00:00,SACSI Full,0.32854998050677997,0.005342662334442139,0.0,0.0,0.0,0.0,-0.8551075518610294,88
2025-12-06 07:00:00,SACSI Full,0.3279749127966982,0.005979686975479126,0.0,0.0,0.0,0.0,-0.7976172436557407,88
2025-12-06 08:00:00,SACSI Full,0.32722806141762156,0.005444586277008057,0.0,0.0,0.0,0.0,-0.7229203844946805,88
2025-12-06 09:00:00,SACSI Full,0.3261906258001747,0.0032693147659301758,0.0,0.0,0.0,0.0,-0.6191497190279003,88
2025-12-06 10:00:00,SACSI Full,0.3248669064194781,0.002384185791015625,0.0,0.0,0.0,0.0,-0.4867471769533762,88
2025-12-06 11:00:00,SACSI Full,0.32340394727456795,0.0031122565269470215,0.0,0.0,0.0,0.0,-0.3404642532946925,88
2025-12-06 12:00:00,SACSI Full,0.3219419671359482,0.003405958414077759,0.0,0.0,0.0,0.0,-0.19426776978197147,88
2025-12-06 13:00:00,SACSI Full,0.32059130271343617,0.002800673246383667,0.0,0.0,0.0,0.0,-0.05919233766022054,88
2025-12-06 14:00:00,SACSI Full,0.3194432507410469,0.004084408283233643,0.0,0.0,0.0,0.0,0.9999054744839668,88
2025-12-06 15:00:00,SACSI Full,0.3184046587934914,0.0029224157333374023,0.0,0.0,0.0,0.0,0.9999299317598344,88
2025-12-06 16:00:00,SACSI Full,0.31764998678831485,0.003098398447036743,0.0,0.0,0.0,0.0,0.9999362722039222,88
2025-12-06 17:00:00,SACSI Full,0.31715369237967556,0.004111677408218384,0.0,0.0,0.0,0.0,0.9999076336622238,88
2025-12-06 18:00:00,SACSI Full,0.3167718329968872,0.004442185163497925,0.0,0.0,0.0,0.0,0.9999078512191772,88
2025-12-06 19:00:00,SACSI Full,0.31644064852384945,0.002644658088684082,0.0,0.0,0.0,0.0,0.9999291315674782,88
2025-12-06 20:00:00,SACSI Full,0.31611270356325527,0.003616511821746826,0.0,0.0,0.0,0.0,0.9999179512262344,88
2025-12-06 21:00:00,SACSI Full,0.3157844501486244,0.0035239756107330322,0.0,0.0,0.0,0.0,0.9999285951256752,88
2025-12-06 22:00:00,SACSI Full,0.3154258954539718,0.002933591604232788,0.0,0.0,0.0,0.0,0.9999354243278503,88
2025-12-06 23:00:00,SACSI Full,0.3151217027130546,0.002242177724838257,0.0,0.0,0.0,0.0,0.9999482423067093,88
2025-12-07 00:00:00,SACSI Full,0.31484517970709225,0.002043098211288452,0.0,0.0,0.0,0.0,0.9999571472406387,88
2025-12-07 01:00:00,SACSI Full,0.31454110865899143,0.0022786855697631836,0.0,0.0,0.0,0.0,0.99995207041502,88
2025-12-07 02:00:00,SACSI Full,0.3141806962862434,0.0023762881755828857,0.0,0.0,0.0,0.0,0.9999514982104302,88
2025-12-07 03:00:00,SACSI Full,0.3137907530235074,0.0020170211791992188,0.0,0.0,0.0,0.0,0.9999560669064521,88
2025-12-07 04:00:00,SACSI Full,0.3134026003836415,0.0025542080402374268,0.0,0.0,0.0,0.0,0.9999435439705848,88
2025-12-07 05:00:00,SACSI Full,0.3130399533334197,0.0017058849334716797,0.0,0.0,0.0,0.0,0.9999573990702629,88
2025-12-07 06:00:00,SACSI Full,0.3126502251441103,0.002081543207168579,0.0,0.0,0.0,0.0,0.9999546125531197,88
2025-12-07 07:00:00,SACSI Full,0.312317361310206,0.0021408498287200928,0.0,0.0,0.0,0.0,0.9999565899372101,88
2025-12-07 08:00:00,SACSI Full,0.311701574918312,0.002264082431793213,0.0,0.0,0.0,0.0,0.9999534860253334,88
2025-12-07 09:00:00,SACSI Full,0.3107220387902679,0.0036391615867614746,0.0,0.0,0.0,0.0,0.9999134659767152,88
2025-12-07 10:00:00,SACSI Full,0.30942818706580216,0.002844482660293579,0.0,0.0,0.0,0.0,0.9999351635575295,88
2025-12-07 11:00:00,SACSI Full,0.30799729796874736,0.004233270883560181,0.0,0.0,0.0,0.0,0.9999014467000962,88
2025-12-07 12:00:00,SACSI Full,0.30648120820272184,0.004173070192337036,0.0,0.0,0.0,0.0,0.999915936589241,88
2025-12-07 13:00:00,SACSI Full,0.30499500496773135,0.004639029502868652,0.0,0.0,0.0,0.0,0.9999025598168373,88
2025-12-07 14:00:00,SACSI Full,0.3037622331371726,0.004168450832366943,0.0,0.0,0.0,0.0,0.9999119251966477,88
2025-12-07 15:00:00,SACSI Full,0.3028704050468228,0.004451572895050049,0.0,0.0,0.0,0.0,0.9999081373214722,88
2025-12-07 16:00:00,SACSI Full,0.30216993157931377,0.002357959747314453,0.0,0.0,0.0,0.0,0.9999319046735764,88
2025-12-07 17:00:00,SACSI Full,0.30163740224826546,0.0017412006855010986,0.0,0.0,0.0,0.0,0.9999590083956719,88
2025-12-07 18:00:00,SACSI Full,0.30116047216403696,0.0014209747314453125,0.0,0.0,0.0,0.0,0.9999683782458305,88
2025-12-07 19:00:00,SACSI Full,0.30068260330665325,0.0011393427848815918,0.0,0.0,0.0,0.0,0.9999743968248367,88
2025-12-07 20:00:00,SACSI Full,0.30020406489042656,0.0009384751319885254,0.0,0.0,0.0,0.0,0.9999792218208313,88
2025-12-07 21:00:00,SACSI Full,0.2996976888528289,0.001087188720703125,0.0,0.0,0.0,0.0,0.9999767690896988,88
2025-12-07 22:00:00,SACSI Full,0.2992190704670371,0.0009144842624664307,0.0,0.0,0.0,0.0,0.9999799832701683,88
2025-12-07 23:00:00,SACSI Full,0.29882581666298924,0.0010238587856292725,0.0,0.0,0.0,0.0,0.9999784290790558,88
2025-12-08 00:00:00,SACSI Full,0.29843246600139356,0.0009948015213012695,0.0,0.0,0.0,0.0,0.9999798133969307,88
2025-12-08 01:00:00,SACSI Full,0.29798242979832706,0.0009891390800476074,0.0,0.0,0.0,0.0,0.9999801605939865,88
2025-12-08 02:00:00,SACSI Full,0.29753212934800205,0.0009098649024963379,0.0,0.0,0.0,0.0,0.9999810099601745,88
2025-12-08 03:00:00,SACSI Full,0.2971101850794576,0.0009167194366455078,0.0,0.0,0.0,0.0,0.9999815970659256,88
2025-12-08 04:00:00,SACSI Full,0.2967166918634198,0.0009520351886749268,0.0,0.0,0.0,0.0,0.9999806061387062,88
2025-12-08 05:00:00,SACSI Full,0.29638071865387977,0.0012080371379852295,0.0,0.0,0.0,0.0,0.9999732792377473,88
2025-12-08 06:00:00,SACSI Full,0.296046247481388,0.0016586482524871826,0.0,0.0,0.0,0.0,0.9999623209238052,88
2025-12-08 07:00:00,SACSI Full,0.29595870992648815,0.0012387335300445557,0.0,0.0,0.0,0.0,0.9999710261821747,88
2025-12-08 08:00:00,SACSI Full,0.2953137408350728,0.002009272575378418,0.0,0.0,0.0,0.0,0.9999521091580391,88
2025-12-08 09:00:00,SACSI Full,0.29443182350703295,0.007424801588058472,0.0,0.0,0.0,0.0,0.9997973486781121,88
2025-12-08 10:00:00,SACSI Full,0.29338593816904446,0.009234398603439331,0.0,0.0,0.0,0.0,0.9997972160577774,88
2025-12-08 11:00:00,SACSI Full,0.2922032121537946,0.01068219542503357,0.0,0.0,0.0,0.0,0.9997718781232834,88
2025-12-08 12:00:00,SACSI Full,0.2909361358291727,0.010877102613449097,0.0,0.0,0.0,0.0,0.9997805088758469,88
2025-12-08 13:00:00,SACSI Full,0.2898645268478812,0.010017305612564087,0.0,0.0,0.0,0.0,0.9997910559177399,88
2025-12-08 14:00:00,SACSI Full,0.28885178218909324,0.019176602363586426,0.0,0.0,0.0,0.0,0.999524874985218,88
2025-12-08 15:00:00,SACSI Full,0.2880319478343747,0.01754969358444214,0.0,0.0,0.0,0.0,0.9996327370405198,88
2025-12-08 16:00:00,SACSI Full,0.28737060210136794,0.005596280097961426,0.0,0.0,0.0,0.0,0.999768540263176,88
2025-12-08 17:00:00,SACSI Full,0.2869901146188202,0.004853755235671997,0.0,0.0,0.0,0.0,0.9998954996466637,88
2025-12-08 18:00:00,SACSI Full,0.2866926641566378,0.004264861345291138,0.0,0.0,0.0,0.0,0.9999088138341903,88
2025-12-08 19:00:00,SACSI Full,0.2864172368827286,0.0023718178272247314,0.0,0.0,0.0,0.0,0.9999336332082749,88
2025-12-08 20:00:00,SACSI Full,0.28617835844902423,0.004836469888687134,0.0,0.0,0.0,0.0,0.9998786240816117,88
2025-12-08 21:00:00,SACSI Full,0.2859385486927452,0.00455707311630249,0.0,0.0,0.0,0.0,0.9999060645699501,88
2025-12-08 22:00:00,SACSI Full,0.2860439698536021,0.00812634825706482,0.0,0.0,0.0,0.0,0.9998017802834511,88
2025-12-08 23:00:00,SACSI Full,0.28577360599426654,0.0038908421993255615,0.0,0.0,0.0,0.0,0.9998798280954361,88
2025-12-09 00:00:00,SACSI Full,0.28588711053836574,0.010551363229751587,0.0,0.0,0.0,0.0,0.9997223675251008,88
2025-12-09 01:00:00,SACSI Full,0.28599271200327303,0.008180439472198486,0.0,0.0,0.0,0.0,0.9998126819729805,88
2025-12-09 02:00:00,SACSI Full,0.286108352877182,0.011192262172698975,0.0,0.0,0.0,0.0,0.999746036529541,88
2025-12-09 03:00:00,SACSI Full,0.28584334449517956,0.005497485399246216,0.0,0.0,0.0,0.0,0.9998331025242805,88
2025-12-09 04:00:00,SACSI Full,0.2859516664154155,0.008996576070785522,0.0,0.0,0.0,0.0,0.9997850775718689,88
2025-12-09 05:00:00,SACSI Full,0.2863909335095508,0.008280128240585327,0.0,0.0,0.0,0.0,0.9998272329568864,88
2025-12-09 06:00:00,SACSI Full,0.28650478177376815,0.010654479265213013,0.0,0.0,0.0,0.0,0.9997631669044494,88
2025-12-09 07:00:00,SACSI Full,0.2875456227579537,0.005752295255661011,0.0,0.0,0.0,0.0,0.9998359322547913,88
2025-12-09 08:00:00,SACSI Full,0.29049088689792385,0.002579241991043091,0.0,0.0,0.0,0.0,0.999916684627533,88
2025-12-09 09:00:00,SACSI Full,0.28996175453492234,0.00276029109954834,0.0,0.0,0.0,0.0,0.999942983686924,88
2025-12-09 10:00:00,SACSI Full,0.2891649879398766,0.01597002148628235,0.0,0.0,0.0,0.0,0.999548502266407,88
2025-12-09 11:00:00,SACSI Full,0.2881941336908761,0.023243725299835205,0.0,0.0,0.0,0.0,0.9994623884558678,88
2025-12-09 12:00:00,SACSI Full,0.2878371280676944,0.013898313045501709,0.0,0.0,0.0,0.0,0.9996285796165466,88
2025-12-09 13:00:00,SACSI Full,0.29201506365843843,0.006380677223205566,0.0,0.0,0.0,0.0,0.9997972100973129,88
2025-12-09 14:00:00,SACSI Full,0.29142213713793186,0.00912204384803772,0.0,0.0,0.0,0.0,0.9997901454567909,88
2025-12-09 15:00:00,SACSI Full,0.2912156735784633,0.008060932159423828,0.0,0.0,0.0,0.0,0.9998281702399253,88
2025-12-09 16:00:00,SACSI Full,0.2907564560078405,0.006734728813171387,0.0,0.0,0.0,0.0,0.999852043390274,88
2025-12-09 17:00:00,SACSI Full,0.29044471655675,0.008478164672851562,0.0,0.0,0.0,0.0,0.9998130023479461,88
2025-12-09 18:00:00,SACSI Full,0.2902294301381531,0.011914074420928955,0.0,0.0,0.0,0.0,0.9997273594141007,88
2025-12-09 19:00:00,SACSI Full,0.29007212665546167,0.012308955192565918,0.0,0.0,0.0,0.0,0.9997498720884324,88
2025-12-09 20:00:00,SACSI Full,0.2902159180751267,0.011137425899505615,0.0,0.0,0.0,0.0,0.9997655361890793,88
2025-12-09 21:00:00,SACSI Full,0.29006039230096564,0.012842267751693726,0.0,0.0,0.0,0.0,0.9997261062264442,88
2025-12-09 22:00:00,SACSI Full,0.28993548470485436,0.013527721166610718,0.0,0.0,0.0,0.0,0.9997225910425186,88
2025-12-09 23:00:00,SACSI Full,0.2898084437591655,0.012887716293334961,0.0,0.0,0.0,0.0,0.9997358456254005,88
2025-12-10 00:00:00,SACSI Full,0.28968564964441684,0.014161765575408936,0.0,0.0,0.0,0.0,0.9997040241956711,88
2025-12-10 01:00:00,SACSI Full,0.2895944845031522,0.015150457620620728,0.0,0.0,0.0,0.0,0.9996871039271354,88
2025-12-10 02:00:00,SACSI Full,0.2904651592094523,0.012202411890029907,0.0,0.0,0.0,0.0,0.9997264713048936,88
2025-12-10 03:00:00,SACSI Full,0.2933182614730619,0.006930679082870483,0.0,0.0,0.0,0.0,0.999808669090271,88
2025-12-10 04:00:00,SACSI Full,0.29484237558194226,0.008234232664108276,0.0,0.0,0.0,0.0,0.9998222798109055,88
2025-12-10 05:00:00,SACSI Full,0.2947314917340698,0.009234845638275146,0.0,0.0,0.0,0.0,0.9998052969574929,88
2025-12-10 06:00:00,SACSI Full,0.29464782561926267,0.008900165557861328,0.0,0.0,0.0,0.0,0.9998186498880386,88
2025-12-10 07:00:00,SACSI Full,0.29444946321157833,0.008491277694702148,0.0,0.0,0.0,0.0,0.9998260855674744,88
2025-12-10 08:00:00,SACSI Full,0.3000141001819394,0.0053910911083221436,0.0,0.0,0.0,0.0,0.9998611763119698,88
2025-12-10 09:00:00,SACSI Full,0.3121956085744323,0.007452517747879028,0.0,0.0,0.0,0.0,0.9998303353786469,88
2025-12-10 10:00:00,SACSI Full,0.3153514427287203,0.016750246286392212,0.0,0.0,0.0,0.0,0.999572017788887,88
2025-12-10 11:00:00,SACSI Full,0.31526643500713725,0.003997683525085449,0.0,0.0,0.0,0.0,0.9997925207018852,88
2025-12-10 12:00:00,SACSI Full,0.3161852520297787,0.007145106792449951,0.0,0.0,0.0,0.0,0.9998256236314773,88
2025-12-10 13:00:00,SACSI Full,0.3156487342674356,0.0025446712970733643,0.0,0.0,0.0,0.0,0.9999031022191048,88
2025-12-10 14:00:00,SACSI Full,0.3153601758192799,0.0024324655532836914,0.0,0.0,0.0,0.0,0.9999502286314965,88
2025-12-10 15:00:00,SACSI Full,0.3144601396726391,0.0019891560077667236,0.0,0.0,0.0,0.0,0.9999557837843895,88
2025-12-10 16:00:00,SACSI Full,0.313930126651011,0.002496093511581421,0.0,0.0,0.0,0.0,0.9999450087547301,88
2025-12-10 17:00:00,SACSI Full,0.31369392843950006,0.005640536546707153,0.0,0.0,0.0,0.0,0.9998557448387145,88
2025-12-10 18:00:00,SACSI Full,0.3136294085954449,0.006144046783447266,0.0,0.0,0.0,0.0,0.9998720839619637,88
2025-12-10 19:00:00,SACSI Full,0.3139223210047505,0.004873722791671753,0.0,0.0,0.0,0.0,0.9998898223042488,88
2025-12-10 20:00:00,SACSI Full,0.3138793306238275,0.004102885723114014,0.0,0.0,0.0,0.0,0.9999102339148522,88
2025-12-10 21:00:00,SACSI Full,0.3138385376674753,0.004762113094329834,0.0,0.0,0.0,0.0,0.9998981654644012,88
2025-12-10 22:00:00,SACSI Full,0.3137682769027175,0.0044217705726623535,0.0,0.0,0.0,0.0,0.9999081611633301,88
2025-12-10 23:00:00,SACSI Full,0.313696355155192,0.003923475742340088,0.0,0.0,0.0,0.0,0.99991654753685,88
2025-12-11 00:00:00,SACSI Full,0.3136283817186775,0.005107969045639038,0.0,0.0,0.0,0.0,0.9998859956860543,88
2025-12-11 01:00:00,SACSI Full,0.3135915663789533,0.005955398082733154,0.0,0.0,0.0,0.0,0.9998724177479743,88
2025-12-11 02:00:00,SACSI Full,0.31389069853294116,0.0067396461963653564,0.0,0.0,0.0,0.0,0.9998573645949365,88
2025-12-11 03:00:00,SACSI Full,0.31419226702678427,0.007470548152923584,0.0,0.0,0.0,0.0,0.999843280017376,88
2025-12-11 04:00:00,SACSI Full,0.3141579362073364,0.006700754165649414,0.0,0.0,0.0,0.0,0.9998582869768142,88
2025-12-11 05:00:00,SACSI Full,0.3141235403194847,0.006681233644485474,0.0,0.0,0.0,0.0,0.9998661801218987,88
2025-12-11 06:00:00,SACSI Full,0.31405836035398865,0.00594601035118103,0.0,0.0,0.0,0.0,0.9998737275600433,88
2025-12-11 07:00:00,SACSI Full,0.3138747930779877,0.004429817199707031,0.0,0.0,0.0,0.0,0.9998962417244911,88
2025-12-11 08:00:00,SACSI Full,0.31334541732935334,0.0026872754096984863,0.0,0.0,0.0,0.0,0.999928829073906,88
2025-12-11 09:00:00,SACSI Full,0.3124462305489006,0.0022439658641815186,0.0,0.0,0.0,0.0,0.9999506875872612,88
2025-12-11 10:00:00,SACSI Full,0.31126851158925123,0.003684312105178833,0.0,0.0,0.0,0.0,0.9999119102954864,88
2025-12-11 11:00:00,SACSI Full,0.30995943011590066,0.006775557994842529,0.0,0.0,0.0,0.0,0.9998335763812065,88
2025-12-11 12:00:00,SACSI Full,0.3085757715080999,0.009902417659759521,0.0,0.0,0.0,0.0,0.9997706830501557,88
2025-12-11 13:00:00,SACSI Full,0.3071580098373515,0.008171498775482178,0.0,0.0,0.0,0.0,0.9998192608356475,88
2025-12-11 14:00:00,SACSI Full,0.30593023188261415,0.005666613578796387,0.0,0.0,0.0,0.0,0.9998616188764572,88
2025-12-11 15:00:00,SACSI Full,0.30492329175698984,0.003917962312698364,0.0,0.0,0.0,0.0,0.999904154241085,88
2025-12-11 16:00:00,SACSI Full,0.3046189769394023,0.004205554723739624,0.0,0.0,0.0,0.0,0.9999130129814148,88
2025-12-11 17:00:00,SACSI Full,0.30434057910192236,0.009980648756027222,0.0,0.0,0.0,0.0,0.9997426360845566,88
2025-12-11 18:00:00,SACSI Full,0.304881704641861,0.004837661981582642,0.0,0.0,0.0,0.0,0.9998518168926239,88
2025-12-11 19:00:00,SACSI Full,0.30545031911599857,0.0045843422412872314,0.0,0.0,0.0,0.0,0.9999057799577713,88
2025-12-11 20:00:00,SACSI Full,0.30535267273175937,0.004706084728240967,0.0,0.0,0.0,0.0,0.9999046608805656,88
2025-12-11 21:00:00,SACSI Full,0.3058902354040565,0.0037688016891479492,0.0,0.0,0.0,0.0,0.9999152511358261,88
2025-12-11 22:00:00,SACSI Full,0.3061239603669268,0.004117488861083984,0.0,0.0,0.0,0.0,0.999914163351059,88
2025-12-11 23:00:00,SACSI Full,0.30671970118034103,0.004222244024276733,0.0,0.0,0.0,0.0,0.9999145075678826,88
2025-12-12 00:00:00,SACSI Full,0.30692313032694873,0.0035287439823150635,0.0,0.0,0.0,0.0,0.9999224901199341,88
2025-12-12 01:00:00,SACSI Full,0.3068249504811388,0.004546046257019043,0.0,0.0,0.0,0.0,0.9998989060521125,88
2025-12-12 02:00:00,SACSI Full,0.30672890199808495,0.005185455083847046,0.0,0.0,0.0,0.0,0.9998898968100548,88
2025-12-12 03:00:00,SACSI Full,0.306660599245908,0.005009174346923828,0.0,0.0,0.0,0.0,0.9998980537056923,88
2025-12-12 04:00:00,SACSI Full,0.3065621233636957,0.004457235336303711,0.0,0.0,0.0,0.0,0.9999053359031678,88
2025-12-12 05:00:00,SACSI Full,0.3064956559378725,0.005559772253036499,0.0,0.0,0.0,0.0,0.9998777791857719,88
2025-12-12 06:00:00,SACSI Full,0.3067011270402691,0.004141330718994141,0.0,0.0,0.0,0.0,0.9999029889702797,88
2025-12-12 07:00:00,SACSI Full,0.30682227316526783,0.00434383749961853,0.0,0.0,0.0,0.0,0.9999110981822014,88
2025-12-12 08:00:00,SACSI Full,0.3062645442150852,0.0026813149452209473,0.0,0.0,0.0,0.0,0.9999297484755516,88
2025-12-12 09:00:00,SACSI Full,0.30539760728983295,0.0034189224243164062,0.0,0.0,0.0,0.0,0.9999242454767228,88
2025-12-12 10:00:00,SACSI Full,0.30425430034387324,0.005507916212081909,0.0,0.0,0.0,0.0,0.9998689517378807,88
2025-12-12 11:00:00,SACSI Full,0.3029525124922217,0.00896364450454712,0.0,0.0,0.0,0.0,0.9997861698269844,88
2025-12-12 12:00:00,SACSI Full,0.30158191127526973,0.013819634914398193,0.0,0.0,0.0,0.0,0.9996750473976136,88
2025-12-12 13:00:00,SACSI Full,0.3002281079060655,0.010358989238739014,0.0,0.0,0.0,0.0,0.9997582137584686,88
2025-12-12 14:00:00,SACSI Full,0.2990235305626016,0.012626796960830688,0.0,0.0,0.0,0.0,0.9997247859835625,88
2025-12-12 15:00:00,SACSI Full,0.29805790268171045,0.007811635732650757,0.0,0.0,0.0,0.0,0.9997956156730652,88
2025-12-12 16:00:00,SACSI Full,0.29739793282258725,0.006009042263031006,0.0,0.0,0.0,0.0,0.9998617932200431,88
2025-12-12 17:00:00,SACSI Full,0.2970563371394894,0.008021295070648193,0.0,0.0,0.0,0.0,0.9998194515705109,88
2025-12-12 18:00:00,SACSI Full,0.29691254132815414,0.00786125659942627,0.0,0.0,0.0,0.0,0.9998411744832992,88
2025-12-12 19:00:00,SACSI Full,0.29679960012662626,0.008617639541625977,0.0,0.0,0.0,0.0,0.9998200833797455,88
2025-12-12 20:00:00,SACSI Full,0.2966899952950896,0.009618550539016724,0.0,0.0,0.0,0.0,0.9997976198792458,88
2025-12-12 21:00:00,SACSI Full,0.29654499596663525,0.007500201463699341,0.0,0.0,0.0,0.0,0.9998288124799728,88
2025-12-12 22:00:00,SACSI Full,0.2964333273242733,0.008999407291412354,0.0,0.0,0.0,0.0,0.9998050197958946,88
2025-12-12 23:00:00,SACSI Full,0.29629018269368224,0.008056610822677612,0.0,0.0,0.0,0.0,0.9998294398188591,88
2025-12-13 00:00:00,SACSI Full,0.29614736539193204,0.008154809474945068,0.0,0.0,0.0,0.0,0.9998359218239784,88
2025-12-13 01:00:00,SACSI Full,0.29604303656486874,0.011201351881027222,0.0,0.0,0.0,0.0,0.9997455075383186,88
2025-12-13 02:00:00,SACSI Full,0.2962970241267304,0.010196268558502197,0.0,0.0,0.0,0.0,0.9997860237956047,88
2025-12-13 03:00:00,SACSI Full,0.29621783332733514,0.010242760181427002,0.0,0.0,0.0,0.0,0.9997946798801421,88
2025-12-13 04:00:00,SACSI Full,0.29709975072848993,0.007075220346450806,0.0,0.0,0.0,0.0,0.9998268201947211,88
2025-12-13 05:00:00,SACSI Full,0.2982558587200264,0.0063323974609375,0.0,0.0,0.0,0.0,0.9998659238219261,88
2025-12-13 06:00:00,SACSI Full,0.2987124173870504,0.004967600107192993,0.0,0.0,0.0,0.0,0.9998870000243187,88
2025-12-13 07:00:00,SACSI Full,0.2998076382063648,0.005066245794296265,0.0,0.0,0.0,0.0,0.999897688627243,88
2025-12-13 08:00:00,SACSI Full,0.30031318160760606,0.004663020372390747,0.0,0.0,0.0,0.0,0.9999027073383331,88
2025-12-13 09:00:00,SACSI Full,0.29987202064899804,0.005651712417602539,0.0,0.0,0.0,0.0,0.9998770788311958,88
2025-12-13 10:00:00,SACSI Full,0.29885486551193596,0.009353458881378174,0.0,0.0,0.0,0.0,0.9997759133577346,88
2025-12-13 11:00:00,SACSI Full,0.29781412107455935,0.010776668787002563,0.0,0.0,0.0,0.0,0.9997702345252036,88
2025-12-13 12:00:00,SACSI Full,0.29704141278255186,0.016687512397766113,0.0,0.0,0.0,0.0,0.999607141315937,88
2025-12-13 13:00:00,SACSI Full,0.2964202734755298,0.019658207893371582,0.0,0.0,0.0,0.0,0.9995771288871765,88
2025-12-13 14:00:00,SACSI Full,0.29665603267260593,0.00872775912284851,0.0,0.0,0.0,0.0,0.9997161403298378,88
2025-12-13 15:00:00,SACSI Full,0.29633251346973777,0.006944239139556885,0.0,0.0,0.0,0.0,0.999843280017376,88
2025-12-13 16:00:00,SACSI Full,0.2961188019854645,0.005886554718017578,0.0,0.0,0.0,0.0,0.9998716920614243,88
2025-12-13 17:00:00,SACSI Full,0.29616886927195585,0.008520185947418213,0.0,0.0,0.0,0.0,0.9998032599687576,88
2025-12-13 18:00:00,SACSI Full,0.2976590228723307,0.006546080112457275,0.0,0.0,0.0,0.0,0.9998493373394013,88
2025-12-13 19:00:00,SACSI Full,0.2998697039173861,0.005704313516616821,0.0,0.0,0.0,0.0,0.9998774960637092,88
2025-12-13 20:00:00,SACSI Full,0.29969001243341165,0.005592554807662964,0.0,0.0,0.0,0.0,0.9998870313167572,88
2025-12-13 21:00:00,SACSI Full,0.2995115309237261,0.005955547094345093,0.0,0.0,0.0,0.0,0.9998772591352463,88
2025-12-13 22:00:00,SACSI Full,0.299664133168739,0.005280673503875732,0.0,0.0,0.0,0.0,0.9998876377940178,88
2025-12-13 23:00:00,SACSI Full,0.2994818906059682,0.004827231168746948,0.0,0.0,0.0,0.0,0.9998989209532738,88
2025-12-14 00:00:00,SACSI Full,0.2993315199056088,0.005888789892196655,0.0,0.0,0.0,0.0,0.9998716086149216,88
2025-12-14 01:00:00,SACSI Full,0.29918205022879635,0.006159096956253052,0.0,0.0,0.0,0.0,0.9998741149902344,88
2025-12-14 02:00:00,SACSI Full,0.2993681237275222,0.006822049617767334,0.0,0.0,0.0,0.0,0.9998569294810296,88
2025-12-14 03:00:00,SACSI Full,0.2995526231669206,0.006349831819534302,0.0,0.0,0.0,0.0,0.999868281185627,88
2025-12-14 04:00:00,SACSI Full,0.2997336317609567,0.0053025782108306885,0.0,0.0,0.0,0.0,0.9998834758996964,88
2025-12-14 05:00:00,SACSI Full,0.30018848325161324,0.004455447196960449,0.0,0.0,0.0,0.0,0.9999024197459221,88
2025-12-14 06:00:00,SACSI Full,0.30091850433894185,0.004006326198577881,0.0,0.0,0.0,0.0,0.9999153822660446,88
2025-12-14 07:00:00,SACSI Full,0.3005917743196903,0.00398099422454834,0.0,0.0,0.0,0.0,0.9999201267957687,88
2025-12-14 08:00:00,SACSI Full,0.300009064797443,0.003687143325805664,0.0,0.0,0.0,0.0,0.9999233186244965,88
2025-12-14 09:00:00,SACSI Full,0.2992331087015886,0.0052131712436676025,0.0,0.0,0.0,0.0,0.999880476295948,88
2025-12-14 10:00:00,SACSI Full,0.29824139060882915,0.008484572172164917,0.0,0.0,0.0,0.0,0.9997975945472718,88
2025-12-14 11:00:00,SACSI Full,0.29715347204117165,0.013624429702758789,0.0,0.0,0.0,0.0,0.999676112830639,88
2025-12-14 12:00:00,SACSI Full,0.2960700414378264,0.023470818996429443,0.0,0.0,0.0,0.0,0.9994321197271347,88
2025-12-14 13:00:00,SACSI Full,0.2953830265465199,0.016895532608032227,0.0,0.0,0.0,0.0,0.9995963364839554,88
2025-12-14 14:00:00,SACSI Full,0.29439882383732185,0.019239187240600586,0.0,0.0,0.0,0.0,0.9995917797088624,88
2025-12-14 15:00:00,SACSI Full,0.29363690264849057,0.009423643350601196,0.0,0.0,0.0,0.0,0.9997133716940879,88
2025-12-14 16:00:00,SACSI Full,0.2944032029778579,0.008390098810195923,0.0,0.0,0.0,0.0,0.999821862578392,88
2025-12-14 17:00:00,SACSI Full,0.2940327792428751,0.00787287950515747,0.0,0.0,0.0,0.0,0.9998373702168465,88
2025-12-14 18:00:00,SACSI Full,0.29414076290675195,0.00889509916305542,0.0,0.0,0.0,0.0,0.99981187582016,88
2025-12-14 19:00:00,SACSI Full,0.2939736162136812,0.009355992078781128,0.0,0.0,0.0,0.0,0.9998082712292672,88
2025-12-14 20:00:00,SACSI Full,0.2938062733219881,0.00929713249206543,0.0,0.0,0.0,0.0,0.9998134687542916,88
2025-12-14 21:00:00,SACSI Full,0.2936395950220842,0.009496510028839111,0.0,0.0,0.0,0.0,0.9998080760240555,88
2025-12-14 22:00:00,SACSI Full,0.2934427122997064,0.00893518328666687,0.0,0.0,0.0,0.0,0.9998156830668449,88
2025-12-14 23:00:00,SACSI Full,0.29324670129525854,0.009196698665618896,0.0,0.0,0.0,0.0,0.9998134508728981,88
2025-12-15 00:00:00,SACSI Full,0.29338294627018957,0.00887349247932434,0.0,0.0,0.0,0.0,0.9998192980885506,88
2025-12-15 01:00:00,SACSI Full,0.2932156177829523,0.009301453828811646,0.0,0.0,0.0,0.0,0.9998096913099288,88
2025-12-15 02:00:00,SACSI Full,0.2937119101650337,0.008387714624404907,0.0,0.0,0.0,0.0,0.9998231083154678,88
2025-12-15 03:00:00,SACSI Full,0.2938738991481879,0.008096694946289062,0.0,0.0,0.0,0.0,0.9998351559042931,88
2025-12-15 04:00:00,SACSI Full,0.29401074613003125,0.009054094552993774,0.0,0.0,0.0,0.0,0.999809344112873,88
2025-12-15 05:00:00,SACSI Full,0.2941451647193053,0.008325576782226562,0.0,0.0,0.0,0.0,0.9998262032866478,88
2025-12-15 06:00:00,SACSI Full,0.29457821852592814,0.006416141986846924,0.0,0.0,0.0,0.0,0.9998525828123093,88
2025-12-15 07:00:00,SACSI Full,0.2945600071675399,0.005036592483520508,0.0,0.0,0.0,0.0,0.9998854726552964,88
2025-12-15 08:00:00,SACSI Full,0.294038326378546,0.004995763301849365,0.0,0.0,0.0,0.0,0.9998996764421463,88
2025-12-15 09:00:00,SACSI Full,0.29324924408106195,0.009775310754776001,0.0,0.0,0.0,0.0,0.9997566983103752,88
2025-12-15 10:00:00,SACSI Full,0.2923912162946481,0.01459166407585144,0.0,0.0,0.0,0.0,0.9996600031852722,88
2025-12-15 11:00:00,SACSI Full,0.29135972544419947,0.03055274486541748,0.0,0.0,0.0,0.0,0.999229334294796,88
2025-12-15 12:00:00,SACSI Full,0.2902778216789979,0.04092887043952942,0.0,0.0,0.0,0.0,0.9990776613354684,88
2025-12-15 13:00:00,SACSI Full,0.28924381200142885,0.046797096729278564,0.0,0.0,0.0,0.0,0.9990053758025169,88
2025-12-15 14:00:00,SACSI Full,0.28824087972311363,0.03912031650543213,0.0,0.0,0.0,0.0,0.999140825867653,88
2025-12-15 15:00:00,SACSI Full,0.28745673341818834,0.01975610852241516,0.0,0.0,0.0,0.0,0.9994112357497215,88
2025-12-15 16:00:00,SACSI Full,0.28687406138011,0.012198388576507568,0.0,0.0,0.0,0.0,0.9996804550290108,88
2025-12-15 17:00:00,SACSI Full,0.2865065314506311,0.008741021156311035,0.0,0.0,0.0,0.0,0.9997906059026718,88
2025-12-15 18:00:00,SACSI Full,0.2866367148644545,0.015555024147033691,0.0,0.0,0.0,0.0,0.9996207594871521,88
2025-12-15 19:00:00,SACSI Full,0.28650995280174596,0.021471381187438965,0.0,0.0,0.0,0.0,0.9995114088058472,88
2025-12-15 20:00:00,SACSI Full,0.2863758067169605,0.019256174564361572,0.0,0.0,0.0,0.0,0.9995927244424819,88
2025-12-15 21:00:00,SACSI Full,0.28626489677496936,0.017727017402648926,0.0,0.0,0.0,0.0,0.9996301680803299,88
2025-12-15 22:00:00,SACSI Full,0.2861346393965501,0.020422786474227905,0.0,0.0,0.0,0.0,0.9995645865797996,88
2025-12-15 23:00:00,SACSI Full,0.2863563962092815,0.01752704381942749,0.0,0.0,0.0,0.0,0.9996205016970635,88
2025-12-16 00:00:00,SACSI Full,0.2862440155226805,0.017285794019699097,0.0,0.0,0.0,0.0,0.9996518716216087,88
2025-12-16 01:00:00,SACSI Full,0.28611061052231174,0.01947849988937378,0.0,0.0,0.0,0.0,0.9995885029435158,88
2025-12-16 02:00:00,SACSI Full,0.2859730297198711,0.018225759267807007,0.0,0.0,0.0,0.0,0.9996229574084281,88
2025-12-16 03:00:00,SACSI Full,0.2858655470449545,0.018755197525024414,0.0,0.0,0.0,0.0,0.9996196016669274,88
2025-12-16 04:00:00,SACSI Full,0.28572923433133146,0.018606185913085938,0.0,0.0,0.0,0.0,0.9996263861656189,88
2025-12-16 05:00:00,SACSI Full,0.28559798999933583,0.020126700401306152,0.0,0.0,0.0,0.0,0.9995822608470917,88
2025-12-16 06:00:00,SACSI Full,0.28539625916707695,0.01598075032234192,0.0,0.0,0.0,0.0,0.9996389254927636,88
2025-12-16 07:00:00,SACSI Full,0.2851304682086724,0.013762712478637695,0.0,0.0,0.0,0.0,0.9997025653719902,88
2025-12-16 08:00:00,SACSI Full,0.28501869884797115,0.010969191789627075,0.0,0.0,0.0,0.0,0.9997526809573173,88
2025-12-16 09:00:00,SACSI Full,0.2843869671860157,0.014480501413345337,0.0,0.0,0.0,0.0,0.999675276875496,88
2025-12-16 10:00:00,SACSI Full,0.2835789526636221,0.029595643281936646,0.0,0.0,0.0,0.0,0.9992569357156753,88
2025-12-16 11:00:00,SACSI Full,0.28319504991360683,0.022829174995422363,0.0,0.0,0.0,0.0,0.9994757518172265,88
2025-12-16 12:00:00,SACSI Full,0.28285706214575146,0.0196036696434021,0.0,0.0,0.0,0.0,0.9995756715536117,88
2025-12-16 13:00:00,SACSI Full,0.2825183501814621,0.0193864107131958,0.0,0.0,0.0,0.0,0.9996100991964341,88
2025-12-16 14:00:00,SACSI Full,0.2819131065923788,0.013926923274993896,0.0,0.0,0.0,0.0,0.9996668666601182,88
2025-12-16 15:00:00,SACSI Full,0.2812815085441686,0.014520585536956787,0.0,0.0,0.0,0.0,0.9997036516666412,88
2025-12-16 16:00:00,SACSI Full,0.2811802236404834,0.014114528894424438,0.0,0.0,0.0,0.0,0.9997136488556861,88
2025-12-16 17:00:00,SACSI Full,0.280928888298553,0.01809939742088318,0.0,0.0,0.0,0.0,0.9995981633663177,88
2025-12-16 18:00:00,SACSI Full,0.28073734588690774,0.01903727650642395,0.0,0.0,0.0,0.0,0.9996098756790162,88
2025-12-16 19:00:00,SACSI Full,0.28097924509593025,0.023569762706756592,0.0,0.0,0.0,0.0,0.9994832798838615,88
2025-12-16 20:00:00,SACSI Full,0.2808849444849111,0.022709816694259644,0.0,0.0,0.0,0.0,0.9995372042059898,88
2025-12-16 21:00:00,SACSI Full,0.28079246280896836,0.023255497217178345,0.0,0.0,0.0,0.0,0.9995294332504272,88
2025-12-16 22:00:00,SACSI Full,0.2806987393695928,0.022882968187332153,0.0,0.0,0.0,0.0,0.9995386153459549,88
2025-12-16 23:00:00,SACSI Full,0.2806335106927968,0.022931396961212158,0.0,0.0,0.0,0.0,0.999540887773037,88
2025-12-17 00:00:00,SACSI Full,0.2809306604614672,0.023144930601119995,0.0,0.0,0.0,0.0,0.9995349660515785,88
2025-12-17 01:00:00,SACSI Full,0.28120105691659614,0.02361893653869629,0.0,0.0,0.0,0.0,0.9995228812098503,88
2025-12-17 02:00:00,SACSI Full,0.2814988111757056,0.02332627773284912,0.0,0.0,0.0,0.0,0.9995305478572846,88
2025-12-17 03:00:00,SACSI Full,0.2817939453139718,0.022540241479873657,0.0,0.0,0.0,0.0,0.9995413348078728,88
2025-12-17 04:00:00,SACSI Full,0.28205672230867695,0.02133309841156006,0.0,0.0,0.0,0.0,0.9995612666010857,88
2025-12-17 05:00:00,SACSI Full,0.28200231485513994,0.02617776393890381,0.0,0.0,0.0,0.0,0.9994279980659484,88
2025-12-17 06:00:00,SACSI Full,0.2825282014400577,0.01726597547531128,0.0,0.0,0.0,0.0,0.9995655626058578,88
2025-12-17 07:00:00,SACSI Full,0.28933158743528675,0.009015798568725586,0.0,0.0,0.0,0.0,0.9997371822595597,88
2025-12-17 08:00:00,SACSI Full,0.28901020915099135,0.014086514711380005,0.0,0.0,0.0,0.0,0.9996675625443459,88
2025-12-17 09:00:00,SACSI Full,0.28860334111519803,0.013939589262008667,0.0,0.0,0.0,0.0,0.9997197389602661,88
2025-12-17 10:00:00,SACSI Full,0.2879339355753675,0.011678338050842285,0.0,0.0,0.0,0.0,0.9997438207268715,88
2025-12-17 11:00:00,SACSI Full,0.28723976354348807,0.012748390436172485,0.0,0.0,0.0,0.0,0.9997343316674232,88
2025-12-17 12:00:00,SACSI Full,0.28634509029058763,0.020598024129867554,0.0,0.0,0.0,0.0,0.9995095431804657,88
2025-12-17 13:00:00,SACSI Full,0.28568383518922474,0.014123469591140747,0.0,0.0,0.0,0.0,0.9996527850627899,88
2025-12-17 14:00:00,SACSI Full,0.28507057932444557,0.030523240566253662,0.0,0.0,0.0,0.0,0.9992255374789237,88
2025-12-17 15:00:00,SACSI Full,0.2846291381898338,0.022567659616470337,0.0,0.0,0.0,0.0,0.9994690909981728,88
2025-12-17 16:00:00,SACSI Full,0.2844069983433499,0.011858046054840088,0.0,0.0,0.0,0.0,0.9996557429432869,88
2025-12-17 17:00:00,SACSI Full,0.2841257243163202,0.017617791891098022,0.0,0.0,0.0,0.0,0.9995900467038155,88
2025-12-17 18:00:00,SACSI Full,0.28403238035984973,0.02299681305885315,0.0,0.0,0.0,0.0,0.9994862735271455,88
2025-12-17 19:00:00,SACSI Full,0.284291913371763,0.020359903573989868,0.0,0.0,0.0,0.0,0.9995664328336715,88
2025-12-17 20:00:00,SACSI Full,0.2842257498954548,0.022650957107543945,0.0,0.0,0.0,0.0,0.9995240703225136,88
2025-12-17 21:00:00,SACSI Full,0.28415638018596306,0.02168908715248108,0.0,0.0,0.0,0.0,0.9995565995573997,88
2025-12-17 22:00:00,SACSI Full,0.2840839001074248,0.02075597643852234,0.0,0.0,0.0,0.0,0.9995755493640899,88
2025-12-17 23:00:00,SACSI Full,0.28401604236908884,0.022142678499221802,0.0,0.0,0.0,0.0,0.9995432794094086,88
2025-12-18 00:00:00,SACSI Full,0.283947457950792,0.02192467451095581,0.0,0.0,0.0,0.0,0.9995593264698983,88
2025-12-18 01:00:00,SACSI Full,0.2838611945294155,0.025120973587036133,0.0,0.0,0.0,0.0,0.9994656175374985,88
2025-12-18 02:00:00,SACSI Full,0.2837724744032634,0.024383962154388428,0.0,0.0,0.0,0.0,0.9995049506425857,88
2025-12-18 03:00:00,SACSI Full,0.2840288578064057,0.01941502094268799,0.0,0.0,0.0,0.0,0.9995620101690292,88
2025-12-18 04:00:00,SACSI Full,0.284288790169439,0.020479708909988403,0.0,0.0,0.0,0.0,0.9995797589421272,88
2025-12-18 05:00:00,SACSI Full,0.2841739912556422,0.025060325860977173,0.0,0.0,0.0,0.0,0.9994529873132706,88
2025-12-18 06:00:00,SACSI Full,0.283982906806351,0.019174665212631226,0.0,0.0,0.0,0.0,0.999557650089264,88
2025-12-18 07:00:00,SACSI Full,0.28379553473301855,0.0202883780002594,0.0,0.0,0.0,0.0,0.9995830953121185,88
2025-12-18 08:00:00,SACSI Full,0.2833254350756419,0.011970102787017822,0.0,0.0,0.0,0.0,0.9996774151921273,88
2025-12-18 09:00:00,SACSI Full,0.2826447947882426,0.016807913780212402,0.0,0.0,0.0,0.0,0.9996154636144637,88
2025-12-18 10:00:00,SACSI Full,0.28182665194658557,0.02655714750289917,0.0,0.0,0.0,0.0,0.9993713647127151,88
2025-12-18 11:00:00,SACSI Full,0.2809414694403422,0.04894524812698364,0.0,0.0,0.0,0.0,0.9987972140312195,88
2025-12-18 12:00:00,SACSI Full,0.27995736577260616,0.04476889967918396,0.0,0.0,0.0,0.0,0.9990628585219383,88
2025-12-18 13:00:00,SACSI Full,0.27937421790111183,0.06505563855171204,0.0,0.0,0.0,0.0,0.9984960198402404,88
2025-12-18 14:00:00,SACSI Full,0.27848008105584104,0.03775894641876221,0.0,0.0,0.0,0.0,0.9989718541502952,88
2025-12-18 15:00:00,SACSI Full,0.2777247600538345,0.02840369939804077,0.0,0.0,0.0,0.0,0.999338373541832,88
2025-12-18 16:00:00,SACSI Full,0.2771765352955274,0.014032572507858276,0.0,0.0,0.0,0.0,0.999575637280941,88
2025-12-18 17:00:00,SACSI Full,0.2769402272779556,0.02260759472846985,0.0,0.0,0.0,0.0,0.9994620978832245,88
2025-12-18 18:00:00,SACSI Full,0.276839621720196,0.02931833267211914,0.0,0.0,0.0,0.0,0.9993465259671211,88
2025-12-18 19:00:00,SACSI Full,0.27680152160076416,0.031069964170455933,0.0,0.0,0.0,0.0,0.9993610844016075,88
2025-12-18 20:00:00,SACSI Full,0.2767689915353866,0.03274098038673401,0.0,0.0,0.0,0.0,0.9993284702301025,88
2025-12-18 21:00:00,SACSI Full,0.2766904205901237,0.02742871642112732,0.0,0.0,0.0,0.0,0.9993983030319213,88
2025-12-18 22:00:00,SACSI Full,0.2766223738383066,0.03058597445487976,0.0,0.0,0.0,0.0,0.999356707930565,88
2025-12-18 23:00:00,SACSI Full,0.2765755654802731,0.02845749258995056,0.0,0.0,0.0,0.0,0.9994095653295517,88
2025-12-19 00:00:00,SACSI Full,0.27653342664945235,0.02985835075378418,0.0,0.0,0.0,0.0,0.9993888244032859,88
2025-12-19 01:00:00,SACSI Full,0.2764834979882649,0.027521401643753052,0.0,0.0,0.0,0.0,0.9994262024760246,88
2025-12-19 02:00:00,SACSI Full,0.27644308918225874,0.030377358198165894,0.0,0.0,0.0,0.0,0.9993638932704926,88
2025-12-19 03:00:00,SACSI Full,0.276437774863125,0.032405704259872437,0.0,0.0,0.0,0.0,0.9993316024541854,88
2025-12-19 04:00:00,SACSI Full,0.2764013352297555,0.03156810998916626,0.0,0.0,0.0,0.0,0.9993602618575096,88
2025-12-19 05:00:00,SACSI Full,0.2763597949289094,0.030037909746170044,0.0,0.0,0.0,0.0,0.9993839398026466,88
2025-12-19 06:00:00,SACSI Full,0.2762550577758561,0.028078854084014893,0.0,0.0,0.0,0.0,0.9994188323616982,88
2025-12-19 07:00:00,SACSI Full,0.2761164400838624,0.026414692401885986,0.0,0.0,0.0,0.0,0.999455064535141,88
2025-12-19 08:00:00,SACSI Full,0.2759870945380936,0.014196336269378662,0.0,0.0,0.0,0.0,0.9995938897132873,88
2025-12-19 09:00:00,SACSI Full,0.27564914872475565,0.02811625599861145,0.0,0.0,0.0,0.0,0.9992984756827354,88
2025-12-19 10:00:00,SACSI Full,0.27598663291680914,0.04774525761604309,0.0,0.0,0.0,0.0,0.9988488048315048,88
2025-12-19 11:00:00,SACSI Full,0.2750764092404455,0.049932897090911865,0.0,0.0,0.0,0.0,0.9989794656634331,88
2025-12-19 12:00:00,SACSI Full,0.2740995656497091,0.05544692277908325,0.0,0.0,0.0,0.0,0.9988359212875366,88
2025-12-19 13:00:00,SACSI Full,0.27317392165251675,0.09630680084228516,0.0,0.0,0.0,0.0,0.9976652652025223,88
2025-12-19 14:00:00,SACSI Full,0.2722349863845915,0.058319419622421265,0.0,0.0,0.0,0.0,0.998453737795353,88
2025-12-19 15:00:00,SACSI Full,0.2714134239577065,0.03403127193450928,0.0,0.0,0.0,0.0,0.9990764930844307,88
2025-12-19 16:00:00,SACSI Full,0.27082569817372265,0.019182264804840088,0.0,0.0,0.0,0.0,0.9994678646326065,88
2025-12-19 17:00:00,SACSI Full,0.27055156329302094,0.019759535789489746,0.0,0.0,0.0,0.0,0.9995990365743638,88
2025-12-19 18:00:00,SACSI Full,0.27082258731830217,0.032307207584381104,0.0,0.0,0.0,0.0,0.9992283791303634,88
2025-12-19 19:00:00,SACSI Full,0.27112492788938775,0.033202171325683594,0.0,0.0,0.0,0.0,0.9993270069360732,88
2025-12-19 20:00:00,SACSI Full,0.2710850262195676,0.030529499053955078,0.0,0.0,0.0,0.0,0.9993626832962036,88
2025-12-19 21:00:00,SACSI Full,0.2710769527020861,0.0315779447555542,0.0,0.0,0.0,0.0,0.9993579566478729,88
2025-12-19 22:00:00,SACSI Full,0.2710578622594286,0.02827286720275879,0.0,0.0,0.0,0.0,0.9994014918804168,88
2025-12-19 23:00:00,SACSI Full,0.2710446985052833,0.03005087375640869,0.0,0.0,0.0,0.0,0.9993812024593353,88
2025-12-20 00:00:00,SACSI Full,0.27103299705175643,0.030489563941955566,0.0,0.0,0.0,0.0,0.9993858218193055,88
2025-12-20 01:00:00,SACSI Full,0.27102344881602214,0.031135529279708862,0.0,0.0,0.0,0.0,0.9993708297610283,88
2025-12-20 02:00:00,SACSI Full,0.2710180371426352,0.032376497983932495,0.0,0.0,0.0,0.0,0.9993400603532792,88
2025-12-20 03:00:00,SACSI Full,0.2710151651238211,0.033138394355773926,0.0,0.0,0.0,0.0,0.9993296131491661,88
2025-12-20 04:00:00,SACSI Full,0.2710491186101047,0.03568604588508606,0.0,0.0,0.0,0.0,0.9992608025670051,88
2025-12-20 05:00:00,SACSI Full,0.27109424449034614,0.03903776407241821,0.0,0.0,0.0,0.0,0.9991857275366783,88
2025-12-20 06:00:00,SACSI Full,0.271375918872238,0.03550231456756592,0.0,0.0,0.0,0.0,0.9992545992136002,88
2025-12-20 07:00:00,SACSI Full,0.271230503767213,0.024375468492507935,0.0,0.0,0.0,0.0,0.9994012221693992,88
2025-12-20 08:00:00,SACSI Full,0.27082826800572957,0.0153292715549469,0.0,0.0,0.0,0.0,0.9996029525995255,88
2025-12-20 09:00:00,SACSI Full,0.2701337966917761,0.021158605813980103,0.0,0.0,0.0,0.0,0.99951853454113,88
2025-12-20 10:00:00,SACSI Full,0.26925409884043616,0.0335906445980072,0.0,0.0,0.0,0.0,0.9992038667201996,88
2025-12-20 11:00:00,SACSI Full,0.26834340604293433,0.041292160749435425,0.0,0.0,0.0,0.0,0.999097141623497,88
2025-12-20 12:00:00,SACSI Full,0.26733275840588494,0.05380570888519287,0.0,0.0,0.0,0.0,0.9987987503409386,88
2025-12-20 13:00:00,SACSI Full,0.2663663900318552,0.0840894877910614,0.0,0.0,0.0,0.0,0.9980153724551201,88
2025-12-20 14:00:00,SACSI Full,0.2661674689879824,0.046323686838150024,0.0,0.0,0.0,0.0,0.9986958682537078,88
2025-12-20 15:00:00,SACSI Full,0.26580233524390146,0.028459876775741577,0.0,0.0,0.0,0.0,0.999252164363861,88
2025-12-20 16:00:00,SACSI Full,0.2652697616719016,0.018727928400039673,0.0,0.0,0.0,0.0,0.9995281219482421,88
2025-12-20 17:00:00,SACSI Full,0.26503144100415793,0.02200379967689514,0.0,0.0,0.0,0.0,0.9995271652936936,88
2025-12-20 18:00:00,SACSI Full,0.26499117127565625,0.030419081449508667,0.0,0.0,0.0,0.0,0.9993074655532838,88
2025-12-20 19:00:00,SACSI Full,0.2649718970520107,0.028217732906341553,0.0,0.0,0.0,0.0,0.9994136318564415,88
2025-12-20 20:00:00,SACSI Full,0.26495965418962714,0.030327141284942627,0.0,0.0,0.0,0.0,0.9993723630905151,88
2025-12-20 21:00:00,SACSI Full,0.26493462662764466,0.02649173140525818,0.0,0.0,0.0,0.0,0.999431811273098,88
2025-12-20 22:00:00,SACSI Full,0.2649089344738729,0.026292353868484497,0.0,0.0,0.0,0.0,0.9994721591472626,88
2025-12-20 23:00:00,SACSI Full,0.26489346153644794,0.029358118772506714,0.0,0.0,0.0,0.0,0.9993821799755097,88
2025-12-21 00:00:00,SACSI Full,0.2648687200767604,0.02657756209373474,0.0,0.0,0.0,0.0,0.9994406431913376,88
2025-12-21 01:00:00,SACSI Full,0.26481872386364214,0.02750113606452942,0.0,0.0,0.0,0.0,0.9994407415390015,88
2025-12-21 02:00:00,SACSI Full,0.26475042058058645,0.02200901508331299,0.0,0.0,0.0,0.0,0.9995048984885215,88
2025-12-21 03:00:00,SACSI Full,0.26473129189161526,0.028261393308639526,0.0,0.0,0.0,0.0,0.999372248351574,88
2025-12-21 04:00:00,SACSI Full,0.26468187881060506,0.02767607569694519,0.0,0.0,0.0,0.0,0.9994406253099442,88
2025-12-21 05:00:00,SACSI Full,0.26467538382279937,0.03205150365829468,0.0,0.0,0.0,0.0,0.9993152156472207,88
2025-12-21 06:00:00,SACSI Full,0.26462747327554287,0.028126835823059082,0.0,0.0,0.0,0.0,0.9993982166051865,88
2025-12-21 07:00:00,SACSI Full,0.2644850637347307,0.025277137756347656,0.0,0.0,0.0,0.0,0.999465960264206,88
2025-12-21 08:00:00,SACSI Full,0.2640586709386911,0.01658216118812561,0.0,0.0,0.0,0.0,0.9995814070105552,88
2025-12-21 09:00:00,SACSI Full,0.2633950353597409,0.021909326314926147,0.0,0.0,0.0,0.0,0.9995085418224334,88
2025-12-21 10:00:00,SACSI Full,0.2625623074927734,0.030681639909744263,0.0,0.0,0.0,0.0,0.9992986440658569,88
2025-12-21 11:00:00,SACSI Full,0.2616132166209625,0.038272738456726074,0.0,0.0,0.0,0.0,0.9991586342453957,88
2025-12-21 12:00:00,SACSI Full,0.26062760919479594,0.03581777215003967,0.0,0.0,0.0,0.0,0.9992590948939324,88
2025-12-21 13:00:00,SACSI Full,0.2596661515496975,0.0600627064704895,0.0,0.0,0.0,0.0,0.9985562965273858,88
2025-12-21 14:00:00,SACSI Full,0.25874482329674625,0.038101524114608765,0.0,0.0,0.0,0.0,0.999018357694149,88
2025-12-21 15:00:00,SACSI Full,0.25793127150285305,0.02793446183204651,0.0,0.0,0.0,0.0,0.9993396401405334,88
2025-12-21 16:00:00,SACSI Full,0.2573714106590357,0.019041746854782104,0.0,0.0,0.0,0.0,0.9995302379131318,88
2025-12-21 17:00:00,SACSI Full,0.2571281969466613,0.02053588628768921,0.0,0.0,0.0,0.0,0.9995743408799171,88
2025-12-21 18:00:00,SACSI Full,0.2570728551903174,0.025897473096847534,0.0,0.0,0.0,0.0,0.9994284346699714,88
2025-12-21 19:00:00,SACSI Full,0.25701726683684245,0.01732349395751953,0.0,0.0,0.0,0.0,0.9995677903294563,88
2025-12-21 20:00:00,SACSI Full,0.25697648725736194,0.02176612615585327,0.0,0.0,0.0,0.0,0.9995202511548996,88
2025-12-21 21:00:00,SACSI Full,0.25688388961780123,0.014720708131790161,0.0,0.0,0.0,0.0,0.9996351316571236,88
2025-12-21 22:00:00,SACSI Full,0.2567904460889901,0.014466941356658936,0.0,0.0,0.0,0.0,0.9997081235051155,88
2025-12-21 23:00:00,SACSI Full,0.2567305115635003,0.01601964235305786,0.0,0.0,0.0,0.0,0.9996640801429748,88
2025-12-22 00:00:00,SACSI Full,0.25669334650902004,0.022850483655929565,0.0,0.0,0.0,0.0,0.9994746819138527,88
2025-12-22 01:00:00,SACSI Full,0.25706009191978024,0.03552362322807312,0.0,0.0,0.0,0.0,0.9991627961397171,88
2025-12-22 02:00:00,SACSI Full,0.25707619431165907,0.03033071756362915,0.0,0.0,0.0,0.0,0.999341456592083,88
2025-12-22 03:00:00,SACSI Full,0.2570676538911268,0.03143787384033203,0.0,0.0,0.0,0.0,0.9993601709604263,88
2025-12-22 04:00:00,SACSI Full,0.2574054371395513,0.03533497452735901,0.0,0.0,0.0,0.0,0.9992543295025826,88
2025-12-22 05:00:00,SACSI Full,0.25850985772041524,0.05682617425918579,0.0,0.0,0.0,0.0,0.9986485645174981,88
2025-12-22 06:00:00,SACSI Full,0.26651379278330056,0.04368051886558533,0.0,0.0,0.0,0.0,0.9989949330687523,88
2025-12-22 07:00:00,SACSI Full,0.26769550441253237,0.03101348876953125,0.0,0.0,0.0,0.0,0.9992530599236488,88
2025-12-22 08:00:00,SACSI Full,0.26826813857066684,0.016290247440338135,0.0,0.0,0.0,0.0,0.9995269626379013,88
2025-12-22 09:00:00,SACSI Full,0.26772591600008855,0.015833228826522827,0.0,0.0,0.0,0.0,0.9996787652373313,88
2025-12-22 10:00:00,SACSI Full,0.2669653741279051,0.026837438344955444,0.0,0.0,0.0,0.0,0.9993532091379166,88
2025-12-22 11:00:00,SACSI Full,0.26614436205057357,0.03419637680053711,0.0,0.0,0.0,0.0,0.9992424830794334,88
2025-12-22 12:00:00,SACSI Full,0.2652075606631046,0.04195958375930786,0.0,0.0,0.0,0.0,0.9990831762552261,88
2025-12-22 13:00:00,SACSI Full,0.26434697828678344,0.030825287103652954,0.0,0.0,0.0,0.0,0.9992721512913704,88
2025-12-22 14:00:00,SACSI Full,0.2638460391520267,0.019718259572982788,0.0,0.0,0.0,0.0,0.9994945645332337,88
2025-12-22 15:00:00,SACSI Full,0.2632294863095686,0.019034147262573242,0.0,0.0,0.0,0.0,0.9996124759316444,88
2025-12-22 16:00:00,SACSI Full,0.2628003780252542,0.01576751470565796,0.0,0.0,0.0,0.0,0.9996519833803177,88
2025-12-22 17:00:00,SACSI Full,0.2626171102284199,0.02151966094970703,0.0,0.0,0.0,0.0,0.9995120853185653,88
2025-12-22 18:00:00,SACSI Full,0.2625483412669903,0.030369311571121216,0.0,0.0,0.0,0.0,0.9993041172623635,88
2025-12-22 19:00:00,SACSI Full,0.2624431111509408,0.019430965185165405,0.0,0.0,0.0,0.0,0.9995019972324372,88
2025-12-22 20:00:00,SACSI Full,0.26745195117938575,0.04515200853347778,0.0,0.0,0.0,0.0,0.9988397493958473,88
2025-12-22 21:00:00,SACSI Full,0.26742609759636776,0.026243925094604492,0.0,0.0,0.0,0.0,0.9992860406637192,88
2025-12-22 22:00:00,SACSI Full,0.2674109753329362,0.02946332097053528,0.0,0.0,0.0,0.0,0.99937853962183,88
2025-12-22 23:00:00,SACSI Full,0.26739273624328824,0.028528273105621338,0.0,0.0,0.0,0.0,0.9994200840592384,88
2025-12-23 00:00:00,SACSI Full,0.2673745890441343,0.028555840253829956,0.0,0.0,0.0,0.0,0.9994286075234413,88
2025-12-23 01:00:00,SACSI Full,0.26740212658711326,0.03376126289367676,0.0,0.0,0.0,0.0,0.999272720515728,88
2025-12-23 02:00:00,SACSI Full,0.2674285708815659,0.03343328833580017,0.0,0.0,0.0,0.0,0.9993280544877052,88
2025-12-23 03:00:00,SACSI Full,0.26746395438261883,0.036115050315856934,0.0,0.0,0.0,0.0,0.9992508813738823,88
2025-12-23 04:00:00,SACSI Full,0.26746611845958285,0.03464922308921814,0.0,0.0,0.0,0.0,0.9992923572659492,88
2025-12-23 05:00:00,SACSI Full,0.2674495130339071,0.029018372297286987,0.0,0.0,0.0,0.0,0.999363324046135,88
2025-12-23 06:00:00,SACSI Full,0.26733286637612236,0.02450600266456604,0.0,0.0,0.0,0.0,0.9994647562503814,88
2025-12-23 07:00:00,SACSI Full,0.2672351287951872,0.030178725719451904,0.0,0.0,0.0,0.0,0.9993396982550621,88
2025-12-23 08:00:00,SACSI Full,0.27366199560550897,0.02156004309654236,0.0,0.0,0.0,0.0,0.9994826123118401,88
2025-12-23 09:00:00,SACSI Full,0.27600622696467286,0.030769407749176025,0.0,0.0,0.0,0.0,0.9992925181984902,88
2025-12-23 10:00:00,SACSI Full,0.2773108934886063,0.027399957180023193,0.0,0.0,0.0,0.0,0.9994183063507079,88
2025-12-23 11:00:00,SACSI Full,0.27848433982201465,0.022033900022506714,0.0,0.0,0.0,0.0,0.9995056614279747,88
2025-12-23 12:00:00,SACSI Full,0.27870490465470205,0.01916944980621338,0.0,0.0,0.0,0.0,0.9995879665017129,88
2025-12-23 13:00:00,SACSI Full,0.2789319281473562,0.02110704779624939,0.0,0.0,0.0,0.0,0.9995584830641747,88
2025-12-23 14:00:00,SACSI Full,0.2788222774663373,0.020104795694351196,0.0,0.0,0.0,0.0,0.9995878815650939,88
2025-12-23 15:00:00,SACSI Full,0.27822530799535955,0.01640915870666504,0.0,0.0,0.0,0.0,0.9996348604559898,88
2025-12-23 16:00:00,SACSI Full,0.277825397808433,0.016026943922042847,0.0,0.0,0.0,0.0,0.9996756389737129,88
2025-12-23 17:00:00,SACSI Full,0.27758146536338374,0.020320266485214233,0.0,0.0,0.0,0.0,0.999550661444664,88
2025-12-23 18:00:00,SACSI Full,0.27751393419174397,0.0307406485080719,0.0,0.0,0.0,0.0,0.99928098320961,88
2025-12-23 19:00:00,SACSI Full,0.27753691942997816,0.03239557147026062,0.0,0.0,0.0,0.0,0.9993355393409729,88
2025-12-23 20:00:00,SACSI Full,0.2778864430720413,0.03035709261894226,0.0,0.0,0.0,0.0,0.999372473359108,88
2025-12-23 21:00:00,SACSI Full,0.2782320968825424,0.02919614315032959,0.0,0.0,0.0,0.0,0.9994044676423073,88
2025-12-23 22:00:00,SACSI Full,0.2782449051243866,0.029342472553253174,0.0,0.0,0.0,0.0,0.9994116872549057,88
2025-12-23 23:00:00,SACSI Full,0.278221972665668,0.027120262384414673,0.0,0.0,0.0,0.0,0.9994353726506233,88
2025-12-24 00:00:00,SACSI Full,0.2782017959283595,0.02794697880744934,0.0,0.0,0.0,0.0,0.9994327932596208,88
2025-12-24 01:00:00,SACSI Full,0.27821177791663054,0.028494596481323242,0.0,0.0,0.0,0.0,0.9994246318936348,88
2025-12-24 02:00:00,SACSI Full,0.27822804471798784,0.030380040407180786,0.0,0.0,0.0,0.0,0.9993735447525979,88
2025-12-24 03:00:00,SACSI Full,0.2785684026558007,0.027607381343841553,0.0,0.0,0.0,0.0,0.9994201257824897,88
2025-12-24 04:00:00,SACSI Full,0.2785775551460986,0.028245747089385986,0.0,0.0,0.0,0.0,0.9994287014007569,88
2025-12-24 05:00:00,SACSI Full,0.27856529291220555,0.030321329832077026,0.0,0.0,0.0,0.0,0.9993728175759315,88
2025-12-24 06:00:00,SACSI Full,0.27912737690119,0.02812519669532776,0.0,0.0,0.0,0.0,0.999415534734726,88
2025-12-24 07:00:00,SACSI Full,0.2789757122491603,0.022500604391098022,0.0,0.0,0.0,0.0,0.9994937419891358,88
2025-12-24 08:00:00,SACSI Full,0.28061615467218604,0.019632726907730103,0.0,0.0,0.0,0.0,0.9995786666870117,88
2025-12-24 09:00:00,SACSI Full,0.2800644817851787,0.012998133897781372,0.0,0.0,0.0,0.0,0.999673691391945,88
2025-12-24 10:00:00,SACSI Full,0.2793046939117516,0.027063637971878052,0.0,0.0,0.0,0.0,0.9993180721998214,88
2025-12-24 11:00:00,SACSI Full,0.27866369002966135,0.056198835372924805,0.0,0.0,0.0,0.0,0.9985846713185311,88
2025-12-24 12:00:00,SACSI Full,0.27763487241335755,0.04835471510887146,0.0,0.0,0.0,0.0,0.998954464495182,88
2025-12-24 13:00:00,SACSI Full,0.2766040847951973,0.08176371455192566,0.0,0.0,0.0,0.0,0.998030635714531,88
2025-12-24 14:00:00,SACSI Full,0.27596238406964185,0.03898978233337402,0.0,0.0,0.0,0.0,0.9987924650311469,88
2025-12-24 15:00:00,SACSI Full,0.2751016953983708,0.03079339861869812,0.0,0.0,0.0,0.0,0.9993021681904792,88
2025-12-24 16:00:00,SACSI Full,0.2745012599172994,0.01536935567855835,0.0,0.0,0.0,0.0,0.9995383724570275,88
2025-12-24 17:00:00,SACSI Full,0.27426165377605005,0.021618157625198364,0.0,0.0,0.0,0.0,0.9995051488280297,88
2025-12-24 18:00:00,SACSI Full,0.27425716498124636,0.032653361558914185,0.0,0.0,0.0,0.0,0.9992365807294845,88
2025-12-24 19:00:00,SACSI Full,0.2743005968648994,0.03002956509590149,0.0,0.0,0.0,0.0,0.9993731707334519,88
2025-12-24 20:00:00,SACSI Full,0.2743388242696528,0.028468221426010132,0.0,0.0,0.0,0.0,0.999415022134781,88
2025-12-24 21:00:00,SACSI Full,0.27505528263557,0.03193750977516174,0.0,0.0,0.0,0.0,0.9993265569210052,88
2025-12-24 22:00:00,SACSI Full,0.2760777582540914,0.03224268555641174,0.0,0.0,0.0,0.0,0.9993520945310593,88
2025-12-24 23:00:00,SACSI Full,0.276088245391727,0.028646141290664673,0.0,0.0,0.0,0.0,0.9993911117315292,88
2025-12-25 00:00:00,SACSI Full,0.27645690984078297,0.027599334716796875,0.0,0.0,0.0,0.0,0.9994375452399253,88
2025-12-25 01:00:00,SACSI Full,0.277468389164488,0.02044379711151123,0.0,0.0,0.0,0.0,0.9995195686817169,88
2025-12-25 02:00:00,SACSI Full,0.2887442091797595,0.008246004581451416,0.0,0.0,0.0,0.0,0.9997131019830704,88
2025-12-25 03:00:00,SACSI Full,0.2912983141278033,0.008731484413146973,0.0,0.0,0.0,0.0,0.9998205155134201,88
2025-12-25 04:00:00,SACSI Full,0.2912607768097326,0.014238804578781128,0.0,0.0,0.0,0.0,0.9996601507067681,88
2025-12-25 05:00:00,SACSI Full,0.2912227427862888,0.014089792966842651,0.0,0.0,0.0,0.0,0.9997167140245438,88
2025-12-25 06:00:00,SACSI Full,0.29112363582281325,0.012767910957336426,0.0,0.0,0.0,0.0,0.9997314229607582,88
2025-12-25 07:00:00,SACSI Full,0.29101434116669544,0.01821160316467285,0.0,0.0,0.0,0.0,0.9995813310146331,88
2025-12-25 08:00:00,SACSI Full,0.29060388890492966,0.01286432147026062,0.0,0.0,0.0,0.0,0.9996892407536506,88
2025-12-25 09:00:00,SACSI Full,0.28987680242606056,0.011374056339263916,0.0,0.0,0.0,0.0,0.9997576162219047,88
2025-12-25 10:00:00,SACSI Full,0.2899315744661098,0.022431612014770508,0.0,0.0,0.0,0.0,0.9994407922029495,88
2025-12-25 11:00:00,SACSI Full,0.28890201507159124,0.022632181644439697,0.0,0.0,0.0,0.0,0.9995453506708145,88
2025-12-25 12:00:00,SACSI Full,0.28813231578656084,0.0345902144908905,0.0,0.0,0.0,0.0,0.9991886153817177,88
2025-12-25 13:00:00,SACSI Full,0.2880511975779936,0.03266453742980957,0.0,0.0,0.0,0.0,0.999327452480793,88
2025-12-25 14:00:00,SACSI Full,0.2870688222478633,0.01978740096092224,0.0,0.0,0.0,0.0,0.9994754806160926,88
2025-12-25 15:00:00,SACSI Full,0.2872051491394445,0.021398067474365234,0.0,0.0,0.0,0.0,0.9995559319853783,88
2025-12-25 16:00:00,SACSI Full,0.28661585552203706,0.010211914777755737,0.0,0.0,0.0,0.0,0.9996839001774788,88
2025-12-25 17:00:00,SACSI Full,0.28632266056605227,0.014041513204574585,0.0,0.0,0.0,0.0,0.9996808737516403,88
2025-12-25 18:00:00,SACSI Full,0.2869000947720612,0.01573026180267334,0.0,0.0,0.0,0.0,0.9996685072779656,88
2025-12-25 19:00:00,SACSI Full,0.28717982806352815,0.017919987440109253,0.0,0.0,0.0,0.0,0.9996197029948235,88
2025-12-25 20:00:00,SACSI Full,0.287124657439272,0.01744881272315979,0.0,0.0,0.0,0.0,0.9996463119983673,88
2025-12-25 21:00:00,SACSI Full,0.29134281439689835,0.007947087287902832,0.0,0.0,0.0,0.0,0.9997460409998894,88
2025-12-25 22:00:00,SACSI Full,0.2922732273958925,0.013123899698257446,0.0,0.0,0.0,0.0,0.9996857538819313,88
2025-12-25 23:00:00,SACSI Full,0.2928674465353095,0.01226574182510376,0.0,0.0,0.0,0.0,0.9997461035847665,88
2025-12-26 00:00:00,SACSI Full,0.2947223940593802,0.007484257221221924,0.0,0.0,0.0,0.0,0.9998025000095367,88
2025-12-26 01:00:00,SACSI Full,0.29796240780897965,0.006004124879837036,0.0,0.0,0.0,0.0,0.9998651161789894,88
2025-12-26 02:00:00,SACSI Full,0.3075341912633978,0.005535036325454712,0.0,0.0,0.0,0.0,0.9998846083879471,88
2025-12-26 03:00:00,SACSI Full,0.32407945882944295,0.006080269813537598,0.0,0.0,0.0,0.0,-0.4080729406754455,88
2025-12-26 04:00:00,SACSI Full,0.325619703710755,0.004573464393615723,0.0,0.0,0.0,0.0,-0.5620769084175702,88
2025-12-26 05:00:00,SACSI Full,0.32615654914049336,0.003553628921508789,0.0,0.0,0.0,0.0,-0.6157361849824863,88
2025-12-26 06:00:00,SACSI Full,0.32599676935025085,0.0030660629272460938,0.0,0.0,0.0,0.0,-0.5997431319435718,88
2025-12-26 07:00:00,SACSI Full,0.32572052896964576,0.0021278858184814453,0.0,0.0,0.0,0.0,-0.5721048364520328,88
2025-12-26 08:00:00,SACSI Full,0.3252431940705382,0.001299530267715454,0.0,0.0,0.0,0.0,-0.5243536812146813,88
2025-12-26 09:00:00,SACSI Full,0.32454019336609075,0.0015997886657714844,0.0,0.0,0.0,0.0,-0.4540543349663699,88
2025-12-26 10:00:00,SACSI Full,0.323583078784029,0.0018656253814697266,0.0,0.0,0.0,0.0,-0.3583478492776834,88
2025-12-26 11:00:00,SACSI Full,0.3229615123445593,0.0025300681591033936,0.0,0.0,0.0,0.0,-0.29620848024688534,88
2025-12-26 12:00:00,SACSI Full,0.32203221849588576,0.0017118453979492188,0.0,0.0,0.0,0.0,-0.20326426872414566,88
2025-12-26 13:00:00,SACSI Full,0.32104627586193907,0.001717209815979004,0.0,0.0,0.0,0.0,-0.10466198403440598,88
2025-12-26 14:00:00,SACSI Full,0.32067724786349167,0.003791600465774536,0.0,0.0,0.0,0.0,-0.06782136226497934,88
2025-12-26 15:00:00,SACSI Full,0.3203378142204685,0.0021699070930480957,0.0,0.0,0.0,0.0,-0.03384103712243509,88
2025-12-26 16:00:00,SACSI Full,0.3197485864336096,0.0017316639423370361,0.0,0.0,0.0,0.0,0.9999609842896461,88
2025-12-26 17:00:00,SACSI Full,0.31933097591944565,0.002216845750808716,0.0,0.0,0.0,0.0,0.9999508112668991,88
2025-12-26 18:00:00,SACSI Full,0.31902899500755494,0.002905726432800293,0.0,0.0,0.0,0.0,0.9999349966645241,88
2025-12-26 19:00:00,SACSI Full,0.3187549207590821,0.0027777254581451416,0.0,0.0,0.0,0.0,0.9999431654810905,88
2025-12-26 20:00:00,SACSI Full,0.3188130597733262,0.002441704273223877,0.0,0.0,0.0,0.0,0.9999478057026863,88
2025-12-26 21:00:00,SACSI Full,0.3185375137868328,0.0023362040519714355,0.0,0.0,0.0,0.0,0.9999522209167481,88
2025-12-26 22:00:00,SACSI Full,0.3185956652187112,0.002445429563522339,0.0,0.0,0.0,0.0,0.999949999153614,88
2025-12-26 23:00:00,SACSI Full,0.31832061444747484,0.0024847686290740967,0.0,0.0,0.0,0.0,0.999949911236763,88
2025-12-27 00:00:00,SACSI Full,0.31804541118768886,0.0024390220642089844,0.0,0.0,0.0,0.0,0.9999507620930671,88
2025-12-27 01:00:00,SACSI Full,0.3177712877653841,0.0027629733085632324,0.0,0.0,0.0,0.0,0.9999415010213852,88
2025-12-27 02:00:00,SACSI Full,0.31746835466929313,0.0026200711727142334,0.0,0.0,0.0,0.0,0.9999461695551872,88
2025-12-27 03:00:00,SACSI Full,0.3171652824956977,0.00257834792137146,0.0,0.0,0.0,0.0,0.9999480158090591,88
2025-12-27 04:00:00,SACSI Full,0.31686100978521536,0.002218186855316162,0.0,0.0,0.0,0.0,0.999952034652233,88
2025-12-27 05:00:00,SACSI Full,0.31655875568536945,0.002823770046234131,0.0,0.0,0.0,0.0,0.9999374687671662,88
2025-12-27 06:00:00,SACSI Full,0.31625586033888686,0.0026313960552215576,0.0,0.0,0.0,0.0,0.9999454483389855,88
2025-12-27 07:00:00,SACSI Full,0.3158400632960402,0.0027608871459960938,0.0,0.0,0.0,0.0,0.9999434873461723,88
2025-12-27 08:00:00,SACSI Full,0.31519491539069044,0.0019556283950805664,0.0,0.0,0.0,0.0,0.9999528348445893,88
2025-12-27 09:00:00,SACSI Full,0.31438154171693355,0.0024878978729248047,0.0,0.0,0.0,0.0,0.999944919347763,88
2025-12-27 10:00:00,SACSI Full,0.31345511634178985,0.002572387456893921,0.0,0.0,0.0,0.0,0.9999477073550224,88
2025-12-27 11:00:00,SACSI Full,0.3127552597823543,0.002543032169342041,0.0,0.0,0.0,0.0,0.9999488458037376,88
2025-12-27 12:00:00,SACSI Full,0.31194062646377113,0.002110004425048828,0.0,0.0,0.0,0.0,0.9999534696340561,88
2025-12-27 13:00:00,SACSI Full,0.3108192085956338,0.0035746395587921143,0.0,0.0,0.0,0.0,0.9999138608574868,88
2025-12-27 14:00:00,SACSI Full,0.3101990855819784,0.0029630959033966064,0.0,0.0,0.0,0.0,0.9999346226453781,88
2025-12-27 15:00:00,SACSI Full,0.32556854230471477,0.006337016820907593,0.0,0.0,0.0,0.0,-0.5570147100170696,88
2025-12-27 16:00:00,SACSI Full,0.32990880777108694,0.004079639911651611,0.0,0.0,0.0,0.0,-0.9909849436760192,88
2025-12-27 17:00:00,SACSI Full,0.334917203198155,0.004518628120422363,0.0,0.0,0.0,0.0,-1.4918150822599943,88
2025-12-27 18:00:00,SACSI Full,0.33492161504813056,0.0033235549926757812,0.0,0.0,0.0,0.0,-1.4922399266441864,88
2025-12-27 19:00:00,SACSI Full,0.33467647613990326,0.002958327531814575,0.0,0.0,0.0,0.0,-1.4677104328155697,88
2025-12-27 20:00:00,SACSI Full,0.33437687295663376,0.0036190450191497803,0.0,0.0,0.0,0.0,-1.4377662837386322,88
2025-12-27 21:00:00,SACSI Full,0.33405276206481477,0.004766732454299927,0.0,0.0,0.0,0.0,-1.4053830180049136,88
2025-12-27 22:00:00,SACSI Full,0.33378019929079233,0.0032311677932739258,0.0,0.0,0.0,0.0,-1.3780999080817085,88
2025-12-27 23:00:00,SACSI Full,0.3335057430758876,0.002663135528564453,0.0,0.0,0.0,0.0,-1.3506332506219774,88
2025-12-28 00:00:00,SACSI Full,0.33320496121076765,0.0032654404640197754,0.0,0.0,0.0,0.0,-1.320567452935399,88
2025-12-28 01:00:00,SACSI Full,0.33293093911635896,0.0027933716773986816,0.0,0.0,0.0,0.0,-1.2931544997573095,88
2025-12-28 02:00:00,SACSI Full,0.33265496049948556,0.0022064149379730225,0.0,0.0,0.0,0.0,-1.2655460478147096,88
2025-12-28 03:00:00,SACSI Full,0.33235370080379667,0.003122091293334961,0.0,0.0,0.0,0.0,-1.2354416789690867,88
2025-12-28 04:00:00,SACSI Full,0.332078846727888,0.0025437772274017334,0.0,0.0,0.0,0.0,-1.2079413314740077,88
2025-12-28 05:00:00,SACSI Full,0.33180475658484326,0.0027729570865631104,0.0,0.0,0.0,0.0,-1.1805334094246485,88
2025-12-28 06:00:00,SACSI Full,0.33158627760954723,0.0024563074111938477,0.0,0.0,0.0,0.0,-1.1586800535997,88
2025-12-28 07:00:00,SACSI Full,0.3315898907572828,0.003083944320678711,0.0,0.0,0.0,0.0,-1.1590570309837869,88
2025-12-28 08:00:00,SACSI Full,0.33102862526484356,0.0016203522682189941,0.0,0.0,0.0,0.0,-1.102909569450244,88
2025-12-28 09:00:00,SACSI Full,0.33024204911140626,0.002027153968811035,0.0,0.0,0.0,0.0,-1.024249522237007,88
2025-12-28 10:00:00,SACSI Full,0.3292582641656004,0.002364516258239746,0.0,0.0,0.0,0.0,-0.9258770805080974,88
2025-12-28 11:00:00,SACSI Full,0.32824718499410177,0.002676248550415039,0.0,0.0,0.0,0.0,-0.8247751417041065,88
2025-12-28 12:00:00,SACSI Full,0.32706731331336525,0.0030384957790374756,0.0,0.0,0.0,0.0,-0.7067957237243913,88
2025-12-28 13:00:00,SACSI Full,0.32574775582699006,0.00363275408744812,0.0,0.0,0.0,0.0,-0.5748541803638383,88
2025-12-28 14:00:00,SACSI Full,0.32453888423430943,0.00283852219581604,0.0,0.0,0.0,0.0,-0.45395313619377525,88
2025-12-28 15:00:00,SACSI Full,0.3235823353996677,0.0020353496074676514,0.0,0.0,0.0,0.0,-0.35828227868480084,88
2025-12-28 16:00:00,SACSI Full,0.3229359054977499,0.0015710294246673584,0.0,0.0,0.0,0.0,-0.2936266135653127,88
2025-12-28 17:00:00,SACSI Full,0.32251667175042653,0.0017298758029937744,0.0,0.0,0.0,0.0,-0.25170336102249563,88
2025-12-28 18:00:00,SACSI Full,0.3222707212256196,0.0027148425579071045,0.0,0.0,0.0,0.0,-0.22713626908066825,88
2025-12-28 19:00:00,SACSI Full,0.32208101119426913,0.0025869905948638916,0.0,0.0,0.0,0.0,-0.20815413775843994,88
2025-12-28 20:00:00,SACSI Full,0.321890489546339,0.002343505620956421,0.0,0.0,0.0,0.0,-0.18909825959605514,88
2025-12-28 21:00:00,SACSI Full,0.32169952434051063,0.0022104382514953613,0.0,0.0,0.0,0.0,-0.1699979734897873,88
2025-12-28 22:00:00,SACSI Full,0.3214803678590857,0.0022530555725097656,0.0,0.0,0.0,0.0,-0.14808227319322773,88
2025-12-28 23:00:00,SACSI Full,0.3212042894044323,0.0021764636039733887,0.0,0.0,0.0,0.0,-0.12047323563499389,88
2025-12-29 00:00:00,SACSI Full,0.32095857829161517,0.00278666615486145,0.0,0.0,0.0,0.0,-0.09591966451012253,88
2025-12-29 01:00:00,SACSI Full,0.3207120163224939,0.00253140926361084,0.0,0.0,0.0,0.0,-0.07125481300357496,88
2025-12-29 02:00:00,SACSI Full,0.3204946589079304,0.0027927756309509277,0.0,0.0,0.0,0.0,-0.04952435996933029,88
2025-12-29 03:00:00,SACSI Full,0.32027680329787767,0.0026433169841766357,0.0,0.0,0.0,0.0,-0.02773469071391719,88
2025-12-29 04:00:00,SACSI Full,0.3200314955098235,0.002907663583755493,0.0,0.0,0.0,0.0,-0.0032103477200218222,88
2025-12-29 05:00:00,SACSI Full,0.31978395900476014,0.002239048480987549,0.0,0.0,0.0,0.0,0.9999485328793525,88
2025-12-29 06:00:00,SACSI Full,0.31953768214452305,0.0026169419288635254,0.0,0.0,0.0,0.0,0.999943882226944,88
2025-12-29 07:00:00,SACSI Full,0.31920603821901516,0.002506822347640991,0.0,0.0,0.0,0.0,0.999948762357235,88
2025-12-29 08:00:00,SACSI Full,0.3187309409776135,0.001970827579498291,0.0,0.0,0.0,0.0,0.9999552235007285,88
2025-12-29 09:00:00,SACSI Full,0.3180588763426547,0.0023806095123291016,0.0,0.0,0.0,0.0,0.9999482899904251,88
2025-12-29 10:00:00,SACSI Full,0.3171315449769104,0.0023005902767181396,0.0,0.0,0.0,0.0,0.9999531880021095,88
2025-12-29 11:00:00,SACSI Full,0.31601259424436134,0.004314780235290527,0.0,0.0,0.0,0.0,0.9998935624957084,88
2025-12-29 12:00:00,SACSI Full,0.3150584822462801,0.0027664005756378174,0.0,0.0,0.0,0.0,0.9999291881918907,88
2025-12-29 13:00:00,SACSI Full,0.3140463957562848,0.0023740530014038086,0.0,0.0,0.0,0.0,0.9999485954642297,88
2025-12-29 14:00:00,SACSI Full,0.31343148257243675,0.0025260448455810547,0.0,0.0,0.0,0.0,0.9999479591846466,88
2025-12-29 15:00:00,SACSI Full,0.31278774233011447,0.002377927303314209,0.0,0.0,0.0,0.0,0.999950960278511,88
2025-12-29 16:00:00,SACSI Full,0.3122849942285621,0.002175569534301758,0.0,0.0,0.0,0.0,0.9999544650316239,88
2025-12-29 17:00:00,SACSI Full,0.3118976820141876,0.002806335687637329,0.0,0.0,0.0,0.0,0.9999375656247139,88
2025-12-29 18:00:00,SACSI Full,0.311596538547556,0.0031569600105285645,0.0,0.0,0.0,0.0,0.9999333545565605,88
2025-12-29 19:00:00,SACSI Full,0.31135289223897494,0.0034061074256896973,0.0,0.0,0.0,0.0,0.9999293863773345,88
2025-12-29 20:00:00,SACSI Full,0.311106250796994,0.0025075674057006836,0.0,0.0,0.0,0.0,0.9999408632516861,88
2025-12-29 21:00:00,SACSI Full,0.31086040855395836,0.0027473270893096924,0.0,0.0,0.0,0.0,0.9999426558613778,88
2025-12-29 22:00:00,SACSI Full,0.31064341125079037,0.0029008090496063232,0.0,0.0,0.0,0.0,0.9999404489994049,88
2025-12-29 23:00:00,SACSI Full,0.3104272235773806,0.00314369797706604,0.0,0.0,0.0,0.0,0.9999346971511841,88
2025-12-30 00:00:00,SACSI Full,0.31020927409001237,0.0026151537895202637,0.0,0.0,0.0,0.0,0.9999424114823341,88
2025-12-30 01:00:00,SACSI Full,0.31002093496549177,0.002998262643814087,0.0,0.0,0.0,0.0,0.9999362036585807,88
2025-12-30 02:00:00,SACSI Full,0.3098325526276037,0.0029852986335754395,0.0,0.0,0.0,0.0,0.9999401643872261,88
2025-12-30 03:00:00,SACSI Full,0.30961551658141656,0.002889186143875122,0.0,0.0,0.0,0.0,0.9999412551522255,88
2025-12-30 04:00:00,SACSI Full,0.3093676000967428,0.0021250545978546143,0.0,0.0,0.0,0.0,0.9999498575925827,88
2025-12-30 05:00:00,SACSI Full,0.3091183762835269,0.001732856035232544,0.0,0.0,0.0,0.0,0.9999614208936691,88
2025-12-30 06:00:00,SACSI Full,0.3088396344946628,0.0013774633407592773,0.0,0.0,0.0,0.0,0.9999688968062401,88
2025-12-30 07:00:00,SACSI Full,0.30853540698436943,0.0022317469120025635,0.0,0.0,0.0,0.0,0.9999468222260476,88
2025-12-30 08:00:00,SACSI Full,0.3079446334503894,0.001267939805984497,0.0,0.0,0.0,0.0,0.9999650031328202,88
2025-12-30 09:00:00,SACSI Full,0.3071353133891826,0.003703981637954712,0.0,0.0,0.0,0.0,0.9999015599489213,88
2025-12-30 10:00:00,SACSI Full,0.3061270003699069,0.003506094217300415,0.0,0.0,0.0,0.0,0.9999278992414475,88
2025-12-30 11:00:00,SACSI Full,0.30481257981050064,0.005173832178115845,0.0,0.0,0.0,0.0,0.9998798459768294,88
2025-12-30 12:00:00,SACSI Full,0.30338292005924433,0.00460207462310791,0.0,0.0,0.0,0.0,0.9999022409319878,88
2025-12-30 13:00:00,SACSI Full,0.30201689028728057,0.006691068410873413,0.0,0.0,0.0,0.0,0.9998452886939049,88
2025-12-30 14:00:00,SACSI Full,0.30079089451142205,0.006201267242431641,0.0,0.0,0.0,0.0,0.9998710766434669,88
2025-12-30 15:00:00,SACSI Full,0.2997866907356983,0.004738867282867432,0.0,0.0,0.0,0.0,0.999890598654747,88
2025-12-30 16:00:00,SACSI Full,0.2990267625942633,0.0015215575695037842,0.0,0.0,0.0,0.0,0.9999373957514762,88
2025-12-30 17:00:00,SACSI Full,0.29852093640951366,0.0012521445751190186,0.0,0.0,0.0,0.0,0.9999722629785538,88
2025-12-30 18:00:00,SACSI Full,0.2982183028267627,0.0027099251747131348,0.0,0.0,0.0,0.0,0.9999312236905098,88
2025-12-30 19:00:00,SACSI Full,0.2979707201280996,0.0022251904010772705,0.0,0.0,0.0,0.0,0.9999506488442421,88
2025-12-30 20:00:00,SACSI Full,0.29769206029562206,0.001402050256729126,0.0,0.0,0.0,0.0,0.999963727593422,88
2025-12-30 21:00:00,SACSI Full,0.2974151920794254,0.001939535140991211,0.0,0.0,0.0,0.0,0.9999558344483375,88
2025-12-30 22:00:00,SACSI Full,0.2971374998290147,0.0016923248767852783,0.0,0.0,0.0,0.0,0.9999636813998223,88
2025-12-30 23:00:00,SACSI Full,0.29685846995103415,0.001291036605834961,0.0,0.0,0.0,0.0,0.9999701663851739,88
2025-12-31 00:00:00,SACSI Full,0.29658082985468764,0.0017079710960388184,0.0,0.0,0.0,0.0,0.9999616712331773,88
2025-12-31 01:00:00,SACSI Full,0.2963314674606727,0.001691281795501709,0.0,0.0,0.0,0.0,0.9999660074710846,88
2025-12-31 02:00:00,SACSI Full,0.29608254018056457,0.0018218159675598145,0.0,0.0,0.0,0.0,0.9999622583389282,88
2025-12-31 03:00:00,SACSI Full,0.29590066368965373,0.0049370527267456055,0.0,0.0,0.0,0.0,0.9998701065778732,88
2025-12-31 04:00:00,SACSI Full,0.2956898409309791,0.004753172397613525,0.0,0.0,0.0,0.0,0.9999030977487564,88
2025-12-31 05:00:00,SACSI Full,0.29551269108839895,0.0063550472259521484,0.0,0.0,0.0,0.0,0.9998568803071975,88
2025-12-31 06:00:00,SACSI Full,0.2953355084632642,0.006345212459564209,0.0,0.0,0.0,0.0,0.9998729974031448,88
2025-12-31 07:00:00,SACSI Full,0.29507523616699444,0.00691831111907959,0.0,0.0,0.0,0.0,0.9998559027910232,88
2025-12-31 08:00:00,SACSI Full,0.29454654090472127,0.0028914213180541992,0.0,0.0,0.0,0.0,0.9999019026756287,88
2025-12-31 09:00:00,SACSI Full,0.2937315546598839,0.01050412654876709,0.0,0.0,0.0,0.0,0.9997137904167176,88
2025-12-31 10:00:00,SACSI Full,0.29274540585903397,0.018655359745025635,0.0,0.0,0.0,0.0,0.9995453804731369,88
2025-12-31 11:00:00,SACSI Full,0.2915900587406563,0.018895864486694336,0.0,0.0,0.0,0.0,0.9996196776628494,88
2025-12-31 12:00:00,SACSI Full,0.29034501874991325,0.01748800277709961,0.0,0.0,0.0,0.0,0.9996361613273621,88
2025-12-31 13:00:00,SACSI Full,0.2890038873281883,0.014160573482513428,0.0,0.0,0.0,0.0,0.9996835142374039,88
2025-12-31 14:00:00,SACSI Full,0.2877091730577555,0.011085718870162964,0.0,0.0,0.0,0.0,0.9997475370764732,88
2025-12-31 15:00:00,SACSI Full,0.2866387412681983,0.010370463132858276,0.0,0.0,0.0,0.0,0.9997854381799698,88
2025-12-31 16:00:00,SACSI Full,0.28582910132873124,0.003608018159866333,0.0,0.0,0.0,0.0,0.9998602151870727,88
2025-12-31 17:00:00,SACSI Full,0.28532648336398664,0.0022146105766296387,0.0,0.0,0.0,0.0,0.999941773712635,88
2025-12-31 18:00:00,SACSI Full,0.2849917116847442,0.0015684962272644043,0.0,0.0,0.0,0.0,0.999962168931961,88
2025-12-31 19:00:00,SACSI Full,0.2847431052763071,0.0019180774688720703,0.0,0.0,0.0,0.0,0.9999581426382065,88
2025-12-31 20:00:00,SACSI Full,0.28446524364936415,0.0016415119171142578,0.0,0.0,0.0,0.0,0.9999644041061401,88
2025-12-31 21:00:00,SACSI Full,0.2841589061346458,0.001598745584487915,0.0,0.0,0.0,0.0,0.999967597424984,88
2025-12-31 22:00:00,SACSI Full,0.2838522909616238,0.0015154480934143066,0.0,0.0,0.0,0.0,0.999968858063221,88
2025-12-31 23:00:00,SACSI Full,0.28354582579362453,0.0015604496002197266,0.0,0.0,0.0,0.0,0.9999683409929275,88
