timestamp,controller,theta,irrigation_mm,runoff_mm,drainage_mm,mass_balance_error_mm,decision_latency_ms,reward,seed
2025-01-01 00:00:00,SAC Basic,0.26983292930285135,0.009378790855407715,0.0,0.0,0.0,0.0,0.9997186362743378,110
2025-01-01 01:00:00,SAC Basic,0.2696647201569875,0.009037256240844727,0.0,0.0,0.0,0.0,0.9998158395290374,110
2025-01-01 02:00:00,SAC Basic,0.2694958896327019,0.008850842714309692,0.0,0.0,0.0,0.0,0.9998211190104485,110
2025-01-01 03:00:00,SAC Basic,0.2693279228790601,0.009109973907470703,0.0,0.0,0.0,0.0,0.999815209209919,110
2025-01-01 04:00:00,SAC Basic,0.26918719770034155,0.008782446384429932,0.0,0.0,0.0,0.0,0.999821075797081,110
2025-01-01 05:00:00,SAC Basic,0.26901696497678756,0.008430182933807373,0.0,0.0,0.0,0.0,0.9998278737068177,110
2025-01-01 06:00:00,SAC Basic,0.26914587013641994,0.006671547889709473,0.0,0.0,0.0,0.0,0.9998489826917648,110
2025-01-01 07:00:00,SAC Basic,0.2692800001398722,0.008239001035690308,0.0,0.0,0.0,0.0,0.9998195454478264,110
2025-01-01 08:00:00,SAC Basic,0.2689268393659592,0.030051767826080322,0.0,0.0,0.0,0.0,0.9991808369755746,110
2025-01-01 09:00:00,SAC Basic,0.26824021798372266,0.023513585329055786,0.0,0.0,0.0,0.0,0.9994643464684486,110
2025-01-01 10:00:00,SAC Basic,0.267364959719181,0.017922520637512207,0.0,0.0,0.0,0.0,0.9995856389403343,110
2025-01-01 11:00:00,SAC Basic,0.2663390454141299,0.015225708484649658,0.0,0.0,0.0,0.0,0.9996685177087784,110
2025-01-01 12:00:00,SAC Basic,0.2652619748918215,0.016878843307495117,0.0,0.0,0.0,0.0,0.9996458917856217,110
2025-01-01 13:00:00,SAC Basic,0.264251816081206,0.019952356815338135,0.0,0.0,0.0,0.0,0.9995702177286148,110
2025-01-01 14:00:00,SAC Basic,0.2633620284223557,0.02206370234489441,0.0,0.0,0.0,0.0,0.9995376124978066,110
2025-01-01 15:00:00,SAC Basic,0.26273543265978494,0.03302127122879028,0.0,0.0,0.0,0.0,0.9992299988865853,110
2025-01-01 16:00:00,SAC Basic,0.26225043127616243,0.041499584913253784,0.0,0.0,0.0,0.0,0.9990852251648903,110
2025-01-01 17:00:00,SAC Basic,0.26201938383102413,0.04118576645851135,0.0,0.0,0.0,0.0,0.9991731464862823,110
2025-01-01 18:00:00,SAC Basic,0.2618144040489197,0.015006065368652344,0.0,0.0,0.0,0.0,0.9994380816817284,110
2025-01-01 19:00:00,SAC Basic,0.2616365302411715,0.014637857675552368,0.0,0.0,0.0,0.0,0.9997035607695579,110
2025-01-01 20:00:00,SAC Basic,0.2615243129706383,0.017334818840026855,0.0,0.0,0.0,0.0,0.9996263340115548,110
2025-01-01 21:00:00,SAC Basic,0.26137311300357186,0.014140009880065918,0.0,0.0,0.0,0.0,0.9996852517127991,110
2025-01-01 22:00:00,SAC Basic,0.2611899085537593,0.013038665056228638,0.0,0.0,0.0,0.0,0.999728213250637,110
2025-01-01 23:00:00,SAC Basic,0.2610131036559741,0.01495853066444397,0.0,0.0,0.0,0.0,0.999681630730629,110
2025-01-02 00:00:00,SAC Basic,0.2609005436587334,0.017232000827789307,0.0,0.0,0.0,0.0,0.9996326252818107,110
2025-01-02 01:00:00,SAC Basic,0.26079431864182157,0.019132494926452637,0.0,0.0,0.0,0.0,0.9995983451604843,110
2025-01-02 02:00:00,SAC Basic,0.26065243984778724,0.01693636178970337,0.0,0.0,0.0,0.0,0.9996393114328385,110
2025-01-02 03:00:00,SAC Basic,0.2605125702269872,0.017539113759994507,0.0,0.0,0.0,0.0,0.9996431902050972,110
2025-01-02 04:00:00,SAC Basic,0.2603746228559812,0.01811578869819641,0.0,0.0,0.0,0.0,0.999631917476654,110
2025-01-02 05:00:00,SAC Basic,0.26027122806628544,0.019981563091278076,0.0,0.0,0.0,0.0,0.9995817109942436,110
2025-01-02 06:00:00,SAC Basic,0.26016527425050734,0.019213855266571045,0.0,0.0,0.0,0.0,0.9996080458164215,110
2025-01-02 07:00:00,SAC Basic,0.2600102896197637,0.021504610776901245,0.0,0.0,0.0,0.0,0.9995470002293587,110
2025-01-02 08:00:00,SAC Basic,0.2598228320789337,0.03726273775100708,0.0,0.0,0.0,0.0,0.9990971639752387,110
2025-01-02 09:00:00,SAC Basic,0.25953408455451327,0.0493757426738739,0.0,0.0,0.0,0.0,0.9988913550972939,110
2025-01-02 10:00:00,SAC Basic,0.2590825246222814,0.04303202033042908,0.0,0.0,0.0,0.0,0.9990759223699569,110
2025-01-02 11:00:00,SAC Basic,0.2581402123228709,0.023306310176849365,0.0,0.0,0.0,0.0,0.9993366166949271,110
2025-01-02 12:00:00,SAC Basic,0.25705623087326684,0.023305565118789673,0.0,0.0,0.0,0.0,0.9995338812470436,110
2025-01-02 13:00:00,SAC Basic,0.25608713049093884,0.023769885301589966,0.0,0.0,0.0,0.0,0.9995199590921402,110
2025-01-02 14:00:00,SAC Basic,0.2554660754768054,0.03468349575996399,0.0,0.0,0.0,0.0,0.999197193980217,110
2025-01-02 15:00:00,SAC Basic,0.2550604774141312,0.06532058119773865,0.0,0.0,0.0,0.0,0.9983872175216675,110
2025-01-02 16:00:00,SAC Basic,0.25482898164113366,0.06655126810073853,0.0,0.0,0.0,0.0,0.9986566677689552,110
2025-01-02 17:00:00,SAC Basic,0.2546982873249054,0.06279170513153076,0.0,0.0,0.0,0.0,0.9987065702676773,110
2025-01-02 18:00:00,SAC Basic,0.2546023537778854,0.03071993589401245,0.0,0.0,0.0,0.0,0.9990648835897445,110
2025-01-02 19:00:00,SAC Basic,0.25452256242752075,0.027062594890594482,0.0,0.0,0.0,0.0,0.999422174692154,110
2025-01-02 20:00:00,SAC Basic,0.2544287257393201,0.02284899353981018,0.0,0.0,0.0,0.0,0.9995008841156959,110
2025-01-02 21:00:00,SAC Basic,0.2543417242137591,0.024899542331695557,0.0,0.0,0.0,0.0,0.9994815036654472,110
2025-01-02 22:00:00,SAC Basic,0.2542869601257642,0.026070773601531982,0.0,0.0,0.0,0.0,0.999466872215271,110
2025-01-02 23:00:00,SAC Basic,0.2542302529263496,0.025487840175628662,0.0,0.0,0.0,0.0,0.9994844138622283,110
2025-01-03 00:00:00,SAC Basic,0.25414828004598616,0.026408135890960693,0.0,0.0,0.0,0.0,0.9994626343250275,110
2025-01-03 01:00:00,SAC Basic,0.253981885330677,0.02658158540725708,0.0,0.0,0.0,0.0,0.9994666337966919,110
2025-01-03 02:00:00,SAC Basic,0.2538885316713651,0.0314939022064209,0.0,0.0,0.0,0.0,0.9993209987878799,110
2025-01-03 03:00:00,SAC Basic,0.25381957098166147,0.030311793088912964,0.0,0.0,0.0,0.0,0.9993819430470468,110
2025-01-03 04:00:00,SAC Basic,0.2540648800730705,0.024592727422714233,0.0,0.0,0.0,0.0,0.9994509547948838,110
2025-01-03 05:00:00,SAC Basic,0.2540223443746566,0.029739290475845337,0.0,0.0,0.0,0.0,0.9993537485599518,110
2025-01-03 06:00:00,SAC Basic,0.25398485718965524,0.03125384449958801,0.0,0.0,0.0,0.0,0.9993597775697708,110
2025-01-03 07:00:00,SAC Basic,0.25388412619670225,0.037780702114105225,0.0,0.0,0.0,0.0,0.9991791173815727,110
2025-01-03 08:00:00,SAC Basic,0.2537072474185625,0.07443636655807495,0.0,0.0,0.0,0.0,0.9981447160243988,110
2025-01-03 09:00:00,SAC Basic,0.25321923997402185,0.040597766637802124,0.0,0.0,0.0,0.0,0.9988496586680412,110
2025-01-03 10:00:00,SAC Basic,0.2525422419929504,0.03490060567855835,0.0,0.0,0.0,0.0,0.9992450162768365,110
2025-01-03 11:00:00,SAC Basic,0.25206008290449766,0.02735227346420288,0.0,0.0,0.0,0.0,0.9993774712085723,110
2025-01-03 12:00:00,SAC Basic,0.2516130749273299,0.02939760684967041,0.0,0.0,0.0,0.0,0.9993915945291519,110
2025-01-03 13:00:00,SAC Basic,0.25086739597002655,0.03129631280899048,0.0,0.0,0.0,0.0,0.9993550866842269,110
2025-01-03 14:00:00,SAC Basic,0.2502560063457488,0.037583112716674805,0.0,0.0,0.0,0.0,0.9991854697465896,110
2025-01-03 15:00:00,SAC Basic,0.24989137929121644,0.0691118836402893,0.0,0.0,0.0,0.0,0.9983024746179581,110
2025-01-03 16:00:00,SAC Basic,0.24958663583278645,0.0615769624710083,0.0,0.0,0.0,0.0,0.998693111538887,110
2025-01-03 17:00:00,SAC Basic,0.24983765693346646,0.07730633020401001,0.0,0.0,0.0,0.0,0.9982965797185899,110
2025-01-03 18:00:00,SAC Basic,0.24980494205951675,0.049685537815093994,0.0,0.0,0.0,0.0,0.998730081319809,110
2025-01-03 19:00:00,SAC Basic,0.2497751758941013,0.04207015037536621,0.0,0.0,0.0,0.0,0.9990824431180954,110
2025-01-03 20:00:00,SAC Basic,0.2497701439348855,0.04099041223526001,0.0,0.0,0.0,0.0,0.9991693943738937,110
2025-01-03 21:00:00,SAC Basic,0.2497755368280409,0.044117867946624756,0.0,0.0,0.0,0.0,0.9990863680839539,110
2025-01-03 22:00:00,SAC Basic,0.24977611018896084,0.04267200827598572,0.0,0.0,0.0,0.0,0.999132101237774,110
2025-01-03 23:00:00,SAC Basic,0.24977763027032196,0.042956024408340454,0.0,0.0,0.0,0.0,0.9991380393505096,110
2025-01-04 00:00:00,SAC Basic,0.24978947288274744,0.046052783727645874,0.0,0.0,0.0,0.0,0.999047976732254,110
2025-01-04 01:00:00,SAC Basic,0.24976692980686802,0.04423707723617554,0.0,0.0,0.0,0.0,0.9990971013903618,110
2025-01-04 02:00:00,SAC Basic,0.24976770632028555,0.042732954025268555,0.0,0.0,0.0,0.0,0.9991302996873855,110
2025-01-04 03:00:00,SAC Basic,0.24975811261892295,0.03962188959121704,0.0,0.0,0.0,0.0,0.9991764515638352,110
2025-01-04 04:00:00,SAC Basic,0.24975258296092326,0.040841102600097656,0.0,0.0,0.0,0.0,0.9991709858179092,110
2025-01-04 05:00:00,SAC Basic,0.2497179053727783,0.040596723556518555,0.0,0.0,0.0,0.0,0.9991856217384338,110
2025-01-04 06:00:00,SAC Basic,0.24968222592989575,0.04029616713523865,0.0,0.0,0.0,0.0,0.9991910710930824,110
2025-01-04 07:00:00,SAC Basic,0.24963299235661798,0.0532299280166626,0.0,0.0,0.0,0.0,0.9988060638308525,110
2025-01-04 08:00:00,SAC Basic,0.24954644567648543,0.0930359959602356,0.0,0.0,0.0,0.0,0.9977412194013596,110
2025-01-04 09:00:00,SAC Basic,0.24913006039778365,0.07058441638946533,0.0,0.0,0.0,0.0,0.998363795876503,110
2025-01-04 10:00:00,SAC Basic,0.2484981923047699,0.05693957209587097,0.0,0.0,0.0,0.0,0.9987247601151467,110
2025-01-04 11:00:00,SAC Basic,0.24770718070109662,0.060196518898010254,0.0,0.0,0.0,0.0,0.9987635001540184,110
2025-01-04 12:00:00,SAC Basic,0.2468098574566839,0.05380302667617798,0.0,0.0,0.0,0.0,0.998860004544258,110
2025-01-04 13:00:00,SAC Basic,0.24592662375688534,0.058029890060424805,0.0,0.0,0.0,0.0,0.998797133564949,110
2025-01-04 14:00:00,SAC Basic,0.2453380780069031,0.09543627500534058,0.0,0.0,0.0,0.0,0.997717210650444,110
2025-01-04 15:00:00,SAC Basic,0.24557771234194414,0.28439030051231384,0.0,0.0,0.0,0.0,0.992422653734684,110
2025-01-04 16:00:00,SAC Basic,0.24684771028518654,0.5594993829727173,0.0,0.0,0.0,0.0,0.9860589215159417,110
2025-01-04 17:00:00,SAC Basic,0.24729018910010633,0.2517436444759369,0.0,0.0,0.0,0.0,0.9918875697255134,110
2025-01-04 18:00:00,SAC Basic,0.24730483180363952,0.08939281105995178,0.0,0.0,0.0,0.0,0.9965886354446412,110
2025-01-04 19:00:00,SAC Basic,0.2472705097881951,0.0747033953666687,0.0,0.0,0.0,0.0,0.9983590379357338,110
2025-01-04 20:00:00,SAC Basic,0.24756739053964594,0.04856422543525696,0.0,0.0,0.0,0.0,0.9987673237919807,110
2025-01-04 21:00:00,SAC Basic,0.24787711135625817,0.060916244983673096,0.0,0.0,0.0,0.0,0.9986581549048424,110
2025-01-04 22:00:00,SAC Basic,0.24785726783990839,0.062046945095062256,0.0,0.0,0.0,0.0,0.9987477540969849,110
2025-01-04 23:00:00,SAC Basic,0.2478354417411484,0.05295217037200928,0.0,0.0,0.0,0.0,0.9988500088453293,110
2025-01-05 00:00:00,SAC Basic,0.24779280617078125,0.0467093288898468,0.0,0.0,0.0,0.0,0.9990033850073814,110
2025-01-05 01:00:00,SAC Basic,0.24775934623877185,0.04946202039718628,0.0,0.0,0.0,0.0,0.998983232676983,110
2025-01-05 02:00:00,SAC Basic,0.24777438955227515,0.08101299405097961,0.0,0.0,0.0,0.0,0.9980642303824425,110
2025-01-05 03:00:00,SAC Basic,0.2477536157067615,0.06176784634590149,0.0,0.0,0.0,0.0,0.9985721915960312,110
2025-01-05 04:00:00,SAC Basic,0.2477326153635977,0.061699897050857544,0.0,0.0,0.0,0.0,0.9987653225660323,110
2025-01-05 05:00:00,SAC Basic,0.24781700421094877,0.10181665420532227,0.0,0.0,0.0,0.0,0.9975624993443489,110
2025-01-05 06:00:00,SAC Basic,0.2481279434458413,0.06128177046775818,0.0,0.0,0.0,0.0,0.9983690157532692,110
2025-01-05 07:00:00,SAC Basic,0.24812338302294398,0.08363187313079834,0.0,0.0,0.0,0.0,0.9981038615107537,110
2025-01-05 08:00:00,SAC Basic,0.24825423858960452,0.14975666999816895,0.0,0.0,0.0,0.0,0.9963436186313629,110
2025-01-05 09:00:00,SAC Basic,0.24795703183889373,0.08933797478675842,0.0,0.0,0.0,0.0,0.9976090535521508,110
2025-01-05 10:00:00,SAC Basic,0.24791674411853137,0.2089136838912964,0.0,0.0,0.0,0.0,0.9946259692311287,110
2025-01-05 11:00:00,SAC Basic,0.2472394626816112,0.0773155689239502,0.0,0.0,0.0,0.0,0.9971377074718475,110
2025-01-05 12:00:00,SAC Basic,0.24659062226057035,0.12834787368774414,0.0,0.0,0.0,0.0,0.9969227194786071,110
2025-01-05 13:00:00,SAC Basic,0.2461865755716958,0.10828599333763123,0.0,0.0,0.0,0.0,0.9976336613297463,110
2025-01-05 14:00:00,SAC Basic,0.2458335764503477,0.16610026359558105,0.0,0.0,0.0,0.0,0.9960998520255089,110
2025-01-05 15:00:00,SAC Basic,0.24568337746540686,0.20144030451774597,0.0,0.0,0.0,0.0,0.9956177935004235,110
2025-01-05 16:00:00,SAC Basic,0.24577704085588437,0.1980990171432495,0.0,0.0,0.0,0.0,0.9960046067833901,110
2025-01-05 17:00:00,SAC Basic,0.2464369929122923,0.32548561692237854,0.0,0.0,0.0,0.0,0.9922164216637611,110
2025-01-05 18:00:00,SAC Basic,0.24653815248568833,0.12384787201881409,0.0,0.0,0.0,0.0,0.9955066651105882,110
2025-01-05 19:00:00,SAC Basic,0.24655086923122388,0.08031502366065979,0.0,0.0,0.0,0.0,0.9979583710432053,110
2025-01-05 20:00:00,SAC Basic,0.2465643397442498,0.07204115390777588,0.0,0.0,0.0,0.0,0.9984764382243156,110
2025-01-05 21:00:00,SAC Basic,0.24657934458017333,0.07250145077705383,0.0,0.0,0.0,0.0,0.9985453680157662,110
2025-01-05 22:00:00,SAC Basic,0.2465885315060614,0.07075607776641846,0.0,0.0,0.0,0.0,0.9985674247145653,110
2025-01-05 23:00:00,SAC Basic,0.24660990884065612,0.06591320037841797,0.0,0.0,0.0,0.0,0.9986333072185516,110
2025-01-06 00:00:00,SAC Basic,0.2466223452130952,0.07173091173171997,0.0,0.0,0.0,0.0,0.9985072046518325,110
2025-01-06 01:00:00,SAC Basic,0.2467031287415821,0.09223505854606628,0.0,0.0,0.0,0.0,0.9979502573609352,110
2025-01-06 02:00:00,SAC Basic,0.24675382606347387,0.0917091965675354,0.0,0.0,0.0,0.0,0.998160557448864,110
2025-01-06 03:00:00,SAC Basic,0.24681189051945993,0.09391933679580688,0.0,0.0,0.0,0.0,0.9980995118618011,110
2025-01-06 04:00:00,SAC Basic,0.2468452831228573,0.08651778101921082,0.0,0.0,0.0,0.0,0.9981956288218498,110
2025-01-06 05:00:00,SAC Basic,0.24687826173941285,0.07789358496665955,0.0,0.0,0.0,0.0,0.9983558863401413,110
2025-01-06 06:00:00,SAC Basic,0.24694885684728612,0.08917853236198425,0.0,0.0,0.0,0.0,0.998103579878807,110
2025-01-06 07:00:00,SAC Basic,0.24711672593911477,0.14386072754859924,0.0,0.0,0.0,0.0,0.9965759634971618,110
2025-01-06 08:00:00,SAC Basic,0.24785630529642097,0.36637380719184875,0.0,0.0,0.0,0.0,0.9904473930597305,110
2025-01-06 09:00:00,SAC Basic,0.2478191977151234,0.21836772561073303,0.0,0.0,0.0,0.0,0.9941525846719741,110
2025-01-06 10:00:00,SAC Basic,0.247242199072043,0.12440040707588196,0.0,0.0,0.0,0.0,0.9965723186731339,110
2025-01-06 11:00:00,SAC Basic,0.2464719213382402,0.11741667985916138,0.0,0.0,0.0,0.0,0.9975818291306495,110
2025-01-06 12:00:00,SAC Basic,0.24558446530898403,0.09926319122314453,0.0,0.0,0.0,0.0,0.997833201289177,110
2025-01-06 13:00:00,SAC Basic,0.2447596795900662,0.118064284324646,0.0,0.0,0.0,0.0,0.997450703382492,110
2025-01-06 14:00:00,SAC Basic,0.24420489946921659,0.1820659637451172,0.0,0.0,0.0,0.0,0.995718663930893,110
2025-01-06 15:00:00,SAC Basic,0.24460313838164002,0.4084716737270355,0.0,0.0,0.0,0.0,0.9895665094256402,110
2025-01-06 16:00:00,SAC Basic,0.24513398713747653,0.35475462675094604,0.0,0.0,0.0,0.0,0.9923677369952202,110
2025-01-06 17:00:00,SAC Basic,0.24594251966555908,0.3700597584247589,0.0,0.0,0.0,0.0,0.9924457535147667,110
2025-01-06 18:00:00,SAC Basic,0.2461369669993718,0.1348342001438141,0.0,0.0,0.0,0.0,0.9949510604143142,110
2025-01-06 19:00:00,SAC Basic,0.24617081710259114,0.06965503096580505,0.0,0.0,0.0,0.0,0.9979551076889038,110
2025-01-06 20:00:00,SAC Basic,0.2462676502434412,0.06304994225502014,0.0,0.0,0.0,0.0,0.9986729502677917,110
2025-01-06 21:00:00,SAC Basic,0.24635365868409465,0.05980253219604492,0.0,0.0,0.0,0.0,0.9987714752554894,110
2025-01-06 22:00:00,SAC Basic,0.24670506182511634,0.047920942306518555,0.0,0.0,0.0,0.0,0.9989227652549744,110
2025-01-06 23:00:00,SAC Basic,0.24673602064053204,0.05178764462471008,0.0,0.0,0.0,0.0,0.9989255800843239,110
2025-01-07 00:00:00,SAC Basic,0.2467671021421749,0.05182445049285889,0.0,0.0,0.0,0.0,0.9989631429314613,110
2025-01-07 01:00:00,SAC Basic,0.24678871892293278,0.048985034227371216,0.0,0.0,0.0,0.0,0.9989919051527977,110
2025-01-07 02:00:00,SAC Basic,0.2468063685178755,0.047794878482818604,0.0,0.0,0.0,0.0,0.999032200872898,110
2025-01-07 03:00:00,SAC Basic,0.24682716126441936,0.04873782396316528,0.0,0.0,0.0,0.0,0.9990158140659333,110
2025-01-07 04:00:00,SAC Basic,0.2468508349021274,0.04960209131240845,0.0,0.0,0.0,0.0,0.9989993155002594,110
2025-01-07 05:00:00,SAC Basic,0.24687414495150226,0.04949301481246948,0.0,0.0,0.0,0.0,0.9990090489387512,110
2025-01-07 06:00:00,SAC Basic,0.24689044797817844,0.047390908002853394,0.0,0.0,0.0,0.0,0.9990311607718467,110
2025-01-07 07:00:00,SAC Basic,0.24687360853592533,0.06294816732406616,0.0,0.0,0.0,0.0,0.9985854640603066,110
2025-01-07 08:00:00,SAC Basic,0.24704195860147454,0.1865050196647644,0.0,0.0,0.0,0.0,0.9950343310832978,110
2025-01-07 09:00:00,SAC Basic,0.247020253425439,0.18898844718933105,0.0,0.0,0.0,0.0,0.9961953967809677,110
2025-01-07 10:00:00,SAC Basic,0.2463989884678521,0.07712051272392273,0.0,0.0,0.0,0.0,0.9973389104008675,110
2025-01-07 11:00:00,SAC Basic,0.24591834818363173,0.15330791473388672,0.0,0.0,0.0,0.0,0.9961719676852226,110
2025-01-07 12:00:00,SAC Basic,0.24515261735916122,0.084780752658844,0.0,0.0,0.0,0.0,0.9976191133260728,110
2025-01-07 13:00:00,SAC Basic,0.2443687835764883,0.09634986519813538,0.0,0.0,0.0,0.0,0.9979573115706444,110
2025-01-07 14:00:00,SAC Basic,0.24365132804393752,0.09926334023475647,0.0,0.0,0.0,0.0,0.9979855984449386,110
2025-01-07 15:00:00,SAC Basic,0.24322029982248924,0.10019153356552124,0.0,0.0,0.0,0.0,0.997986887395382,110
2025-01-07 16:00:00,SAC Basic,0.24311123023430492,0.111779123544693,0.0,0.0,0.0,0.0,0.9976485416293145,110
2025-01-07 17:00:00,SAC Basic,0.24382064830621067,0.21482542157173157,0.0,0.0,0.0,0.0,0.994673028588295,110
2025-01-07 18:00:00,SAC Basic,0.24396373955011352,0.11092737317085266,0.0,0.0,0.0,0.0,0.9967424720525742,110
2025-01-07 19:00:00,SAC Basic,0.24405654288609804,0.07884100079536438,0.0,0.0,0.0,0.0,0.9981023162603379,110
2025-01-07 20:00:00,SAC Basic,0.2441870730161665,0.07315903902053833,0.0,0.0,0.0,0.0,0.998479999601841,110
2025-01-07 21:00:00,SAC Basic,0.2443145007244744,0.0722283124923706,0.0,0.0,0.0,0.0,0.9985461264848708,110
2025-01-07 22:00:00,SAC Basic,0.2444391528431572,0.0713956356048584,0.0,0.0,0.0,0.0,0.9985637605190277,110
2025-01-07 23:00:00,SAC Basic,0.24455349137147242,0.06830155849456787,0.0,0.0,0.0,0.0,0.9986030280590058,110
2025-01-08 00:00:00,SAC Basic,0.24465802890936506,0.06536126136779785,0.0,0.0,0.0,0.0,0.9986633718013763,110
2025-01-08 01:00:00,SAC Basic,0.24475186963160803,0.07065221667289734,0.0,0.0,0.0,0.0,0.9985340461134911,110
2025-01-08 02:00:00,SAC Basic,0.24483596102078725,0.06772741675376892,0.0,0.0,0.0,0.0,0.9986162036657333,110
2025-01-08 03:00:00,SAC Basic,0.24492931470632523,0.07900610566139221,0.0,0.0,0.0,0.0,0.9983070909976959,110
2025-01-08 04:00:00,SAC Basic,0.24502587263822526,0.07996737957000732,0.0,0.0,0.0,0.0,0.9983910396695137,110
2025-01-08 05:00:00,SAC Basic,0.24511716625531482,0.06988808512687683,0.0,0.0,0.0,0.0,0.9985014453530311,110
2025-01-08 06:00:00,SAC Basic,0.24517410299301115,0.06808102130889893,0.0,0.0,0.0,0.0,0.9986203089356422,110
2025-01-08 07:00:00,SAC Basic,0.245272277170022,0.09745225310325623,0.0,0.0,0.0,0.0,0.9977572426199912,110
2025-01-08 08:00:00,SAC Basic,0.24558735029458967,0.2220219373703003,0.0,0.0,0.0,0.0,0.9943138644099236,110
2025-01-08 09:00:00,SAC Basic,0.24588674994150764,0.3108198940753937,0.0,0.0,0.0,0.0,0.9928956225514413,110
2025-01-08 10:00:00,SAC Basic,0.24567600422461794,0.2257762849330902,0.0,0.0,0.0,0.0,0.9946340382099152,110
2025-01-08 11:00:00,SAC Basic,0.24507773831049567,0.16052022576332092,0.0,0.0,0.0,0.0,0.9961370348930358,110
2025-01-08 12:00:00,SAC Basic,0.24423822948217358,0.12214735150337219,0.0,0.0,0.0,0.0,0.9971733242273331,110
2025-01-08 13:00:00,SAC Basic,0.2434996092311538,0.14391392469406128,0.0,0.0,0.0,0.0,0.9969040557742119,110
2025-01-08 14:00:00,SAC Basic,0.2429792224804557,0.19238397479057312,0.0,0.0,0.0,0.0,0.9956676200032234,110
2025-01-08 15:00:00,SAC Basic,0.2435699724745747,0.4662249982357025,0.0,0.0,0.0,0.0,0.9879370898008346,110
2025-01-08 16:00:00,SAC Basic,0.2452397541340189,0.696434497833252,0.0,0.0,0.0,0.0,0.9837692150473595,110
2025-01-08 17:00:00,SAC Basic,0.24627205789645482,0.4371911287307739,0.0,0.0,0.0,0.0,0.9886637437343597,110
2025-01-08 18:00:00,SAC Basic,0.2464509541130063,0.13866886496543884,0.0,0.0,0.0,0.0,0.9942414000630379,110
2025-01-08 19:00:00,SAC Basic,0.2465411280878382,0.1035521924495697,0.0,0.0,0.0,0.0,0.99757778942585,110
2025-01-08 20:00:00,SAC Basic,0.2466571980627375,0.1028209924697876,0.0,0.0,0.0,0.0,0.9979362681508064,110
2025-01-08 21:00:00,SAC Basic,0.24673539696772867,0.09995967149734497,0.0,0.0,0.0,0.0,0.9979721933603286,110
2025-01-08 22:00:00,SAC Basic,0.24698567471345242,0.1600833237171173,0.0,0.0,0.0,0.0,0.9961970970034599,110
2025-01-08 23:00:00,SAC Basic,0.24721202467123646,0.15290498733520508,0.0,0.0,0.0,0.0,0.9968701168894768,110
2025-01-09 00:00:00,SAC Basic,0.24742019819259625,0.14745205640792847,0.0,0.0,0.0,0.0,0.9969964295625687,110
2025-01-09 01:00:00,SAC Basic,0.24766092108249646,0.14871686697006226,0.0,0.0,0.0,0.0,0.9970130145549775,110
2025-01-09 02:00:00,SAC Basic,0.24777662395795172,0.11971086263656616,0.0,0.0,0.0,0.0,0.9973157227039336,110
2025-01-09 03:00:00,SAC Basic,0.24782764688730224,0.08330687880516052,0.0,0.0,0.0,0.0,0.9979698225855828,110
2025-01-09 04:00:00,SAC Basic,0.2478835881932575,0.08478239178657532,0.0,0.0,0.0,0.0,0.9982895970344543,110
2025-01-09 05:00:00,SAC Basic,0.2479260124246278,0.07222726941108704,0.0,0.0,0.0,0.0,0.9984299033880234,110
2025-01-09 06:00:00,SAC Basic,0.24795702584346122,0.06880402565002441,0.0,0.0,0.0,0.0,0.9985896870493889,110
2025-01-09 07:00:00,SAC Basic,0.24801857988595952,0.1034662127494812,0.0,0.0,0.0,0.0,0.9975840538740158,110
2025-01-09 08:00:00,SAC Basic,0.2489309655261039,0.41821569204330444,0.0,0.0,0.0,0.0,0.9884881913661957,110
2025-01-09 09:00:00,SAC Basic,0.2492094223531086,0.29603704810142517,0.0,0.0,0.0,0.0,0.9928574725985526,110
2025-01-09 10:00:00,SAC Basic,0.24907674067656188,0.20669549703598022,0.0,0.0,0.0,0.0,0.9949726745486259,110
2025-01-09 11:00:00,SAC Basic,0.24873954870700823,0.17084240913391113,0.0,0.0,0.0,0.0,0.9962246209383011,110
2025-01-09 12:00:00,SAC Basic,0.24812330113331466,0.121125727891922,0.0,0.0,0.0,0.0,0.9970803186297417,110
2025-01-09 13:00:00,SAC Basic,0.2483094963932036,0.28535857796669006,0.0,0.0,0.0,0.0,0.9926504999399186,110
2025-01-09 14:00:00,SAC Basic,0.24889235218842815,0.3703567385673523,0.0,0.0,0.0,0.0,0.9917428836226464,110
2025-01-09 15:00:00,SAC Basic,0.24946033523718508,0.3148949146270752,0.0,0.0,0.0,0.0,0.9931474834680558,110
2025-01-09 16:00:00,SAC Basic,0.24976110374371202,0.2177305519580841,0.0,0.0,0.0,0.0,0.9946737453341484,110
2025-01-09 17:00:00,SAC Basic,0.24987216040293367,0.13531699776649475,0.0,0.0,0.0,0.0,0.9964695245027543,110
2025-01-09 18:00:00,SAC Basic,0.2497820077101389,0.05795419216156006,0.0,0.0,0.0,0.0,0.9980672881007195,110
2025-01-09 19:00:00,SAC Basic,0.24969342414379114,0.04142493009567261,0.0,0.0,0.0,0.0,0.9990062087774276,110
2025-01-09 20:00:00,SAC Basic,0.24961490111351006,0.03594309091567993,0.0,0.0,0.0,0.0,0.9992263197898865,110
2025-01-09 21:00:00,SAC Basic,0.24954917321364078,0.03978163003921509,0.0,0.0,0.0,0.0,0.9991659820079803,110
2025-01-09 22:00:00,SAC Basic,0.249476707505385,0.03776028752326965,0.0,0.0,0.0,0.0,0.9992245808243752,110
2025-01-09 23:00:00,SAC Basic,0.24944064632733656,0.04868164658546448,0.0,0.0,0.0,0.0,0.9989171534776687,110
2025-01-10 00:00:00,SAC Basic,0.24937099965333934,0.047105997800827026,0.0,0.0,0.0,0.0,0.9990421235561371,110
2025-01-10 01:00:00,SAC Basic,0.24932466236909226,0.054098814725875854,0.0,0.0,0.0,0.0,0.998848095536232,110
2025-01-10 02:00:00,SAC Basic,0.24924288439432776,0.05196660757064819,0.0,0.0,0.0,0.0,0.9989393457770348,110
2025-01-10 03:00:00,SAC Basic,0.24919777619043984,0.06296753883361816,0.0,0.0,0.0,0.0,0.9986306399106979,110
2025-01-10 04:00:00,SAC Basic,0.24914143900235491,0.042598843574523926,0.0,0.0,0.0,0.0,0.9989443361759185,110
2025-01-10 05:00:00,SAC Basic,0.24908523344119388,0.04263833165168762,0.0,0.0,0.0,0.0,0.9991468384861946,110
2025-01-10 06:00:00,SAC Basic,0.24902084959189097,0.057184845209121704,0.0,0.0,0.0,0.0,0.9987108379602432,110
2025-01-10 07:00:00,SAC Basic,0.24929685328563053,0.05930110812187195,0.0,0.0,0.0,0.0,0.998792815208435,110
2025-01-10 08:00:00,SAC Basic,0.24942739294767377,0.14966189861297607,0.0,0.0,0.0,0.0,0.9961031541228295,110
2025-01-10 09:00:00,SAC Basic,0.24957704331477482,0.17239511013031006,0.0,0.0,0.0,0.0,0.9963247656822205,110
2025-01-10 10:00:00,SAC Basic,0.25052375142494837,0.488012433052063,0.0,0.0,0.0,0.0,0.9870835781097411,110
2025-01-10 11:00:00,SAC Basic,0.2514620744840304,0.5194969177246094,0.0,0.0,0.0,0.0,0.9892952167987823,110
2025-01-10 12:00:00,SAC Basic,0.2522182223057747,0.4393443465232849,0.0,0.0,0.0,0.0,0.9904115873575211,110
2025-01-10 13:00:00,SAC Basic,0.25255785525083546,0.365389883518219,0.0,0.0,0.0,0.0,0.991952657699585,110
2025-01-10 14:00:00,SAC Basic,0.2529044187259675,0.36746904253959656,0.0,0.0,0.0,0.0,0.9926298275589943,110
2025-01-10 15:00:00,SAC Basic,0.2536914516878128,0.4486098885536194,0.0,0.0,0.0,0.0,0.9902163937687873,110
2025-01-10 16:00:00,SAC Basic,0.2541747049101194,0.3319759666919708,0.0,0.0,0.0,0.0,0.992194141447544,110
2025-01-10 17:00:00,SAC Basic,0.25411880365848544,0.1277296245098114,0.0,0.0,0.0,0.0,0.9954029440879822,110
2025-01-10 18:00:00,SAC Basic,0.25384316915591565,0.05330964922904968,0.0,0.0,0.0,0.0,0.9981896072626114,110
2025-01-10 19:00:00,SAC Basic,0.25364768780231484,0.05185559391975403,0.0,0.0,0.0,0.0,0.998948347568512,110
2025-01-10 20:00:00,SAC Basic,0.2533176114106179,0.03697708249092102,0.0,0.0,0.0,0.0,0.9991116732358933,110
2025-01-10 21:00:00,SAC Basic,0.25299815159956623,0.04016205668449402,0.0,0.0,0.0,0.0,0.9991649091243744,110
2025-01-10 22:00:00,SAC Basic,0.25266045177380253,0.03469005227088928,0.0,0.0,0.0,0.0,0.9992514789104461,110
2025-01-10 23:00:00,SAC Basic,0.2523669545213382,0.03945082426071167,0.0,0.0,0.0,0.0,0.9991633757948876,110
2025-01-11 00:00:00,SAC Basic,0.2522416740624111,0.05591586232185364,0.0,0.0,0.0,0.0,0.9987170323729515,110
2025-01-11 01:00:00,SAC Basic,0.25212657232125607,0.06746947765350342,0.0,0.0,0.0,0.0,0.9985350742936134,110
2025-01-11 02:00:00,SAC Basic,0.25197768716414776,0.057334452867507935,0.0,0.0,0.0,0.0,0.9987519606947899,110
2025-01-11 03:00:00,SAC Basic,0.2518723069405556,0.07038593292236328,0.0,0.0,0.0,0.0,0.9984617665410042,110
2025-01-11 04:00:00,SAC Basic,0.2517433719889324,0.04631951451301575,0.0,0.0,0.0,0.0,0.9988329455256462,110
2025-01-11 05:00:00,SAC Basic,0.25161674274365115,0.047011226415634155,0.0,0.0,0.0,0.0,0.9990528583526611,110
2025-01-11 06:00:00,SAC Basic,0.2515011232384047,0.04181414842605591,0.0,0.0,0.0,0.0,0.999111746251583,110
2025-01-11 07:00:00,SAC Basic,0.25137404321591067,0.05537599325180054,0.0,0.0,0.0,0.0,0.9987568616867065,110
2025-01-11 08:00:00,SAC Basic,0.2515983220410348,0.21178364753723145,0.0,0.0,0.0,0.0,0.994200250506401,110
2025-01-11 09:00:00,SAC Basic,0.2517424350341162,0.22173389792442322,0.0,0.0,0.0,0.0,0.9954658195376396,110
2025-01-11 10:00:00,SAC Basic,0.2513342365821204,0.13254046440124512,0.0,0.0,0.0,0.0,0.9964572563767433,110
2025-01-11 11:00:00,SAC Basic,0.2508639872113865,0.11392518877983093,0.0,0.0,0.0,0.0,0.9975353434681893,110
2025-01-11 12:00:00,SAC Basic,0.25032295854965864,0.10119140148162842,0.0,0.0,0.0,0.0,0.9978488340973855,110
2025-01-11 13:00:00,SAC Basic,0.2502182062562308,0.14707431197166443,0.0,0.0,0.0,0.0,0.9965996846556664,110
2025-01-11 14:00:00,SAC Basic,0.25075023993015305,0.08711010217666626,0.0,0.0,0.0,0.0,0.9976581558585167,110
2025-01-11 15:00:00,SAC Basic,0.2521959963774683,0.06122693419456482,0.0,0.0,0.0,0.0,0.9985166296362877,110
2025-01-11 16:00:00,SAC Basic,0.25300178158839565,0.06923556327819824,0.0,0.0,0.0,0.0,0.9985352024435997,110
2025-01-11 17:00:00,SAC Basic,0.2547770018712681,0.01756608486175537,0.0,0.0,0.0,0.0,0.9991319835186006,110
2025-01-11 18:00:00,SAC Basic,0.25554123503128706,0.01426994800567627,0.0,0.0,0.0,0.0,0.9996816396713257,110
2025-01-11 19:00:00,SAC Basic,0.25635922664801297,0.01339748501777649,0.0,0.0,0.0,0.0,0.9997233256697655,110
2025-01-11 20:00:00,SAC Basic,0.2562295548852287,0.02059847116470337,0.0,0.0,0.0,0.0,0.9995160207152367,110
2025-01-11 21:00:00,SAC Basic,0.25604694770654063,0.021717846393585205,0.0,0.0,0.0,0.0,0.9995544493198394,110
2025-01-11 22:00:00,SAC Basic,0.2558651908874514,0.021972954273223877,0.0,0.0,0.0,0.0,0.9995579898357391,110
2025-01-11 23:00:00,SAC Basic,0.2556872572096191,0.02311989665031433,0.0,0.0,0.0,0.0,0.9995261326432228,110
2025-01-12 00:00:00,SAC Basic,0.25551437899907453,0.024636536836624146,0.0,0.0,0.0,0.0,0.9994921028614044,110
2025-01-12 01:00:00,SAC Basic,0.25565072751998924,0.017404556274414062,0.0,0.0,0.0,0.0,0.9995795890688897,110
2025-01-12 02:00:00,SAC Basic,0.2564087295111023,0.012400597333908081,0.0,0.0,0.0,0.0,0.9997019484639168,110
2025-01-12 03:00:00,SAC Basic,0.25749160743316046,0.00986337661743164,0.0,0.0,0.0,0.0,0.9997773602604866,110
2025-01-12 04:00:00,SAC Basic,0.25824086492617954,0.009777247905731201,0.0,0.0,0.0,0.0,0.9998035937547685,110
2025-01-12 05:00:00,SAC Basic,0.2583332840617501,0.012725740671157837,0.0,0.0,0.0,0.0,0.9997160002589225,110
2025-01-12 06:00:00,SAC Basic,0.2590781486924493,0.008459389209747314,0.0,0.0,0.0,0.0,0.9997881487011909,110
2025-01-12 07:00:00,SAC Basic,0.25884352649291387,0.023113340139389038,0.0,0.0,0.0,0.0,0.9993911936879157,110
2025-01-12 08:00:00,SAC Basic,0.2585738341108961,0.03809228539466858,0.0,0.0,0.0,0.0,0.9990883648395538,110
2025-01-12 09:00:00,SAC Basic,0.25845621344010067,0.1347137987613678,0.0,0.0,0.0,0.0,0.9963395088911057,110
2025-01-12 10:00:00,SAC Basic,0.2579874495180451,0.0888708233833313,0.0,0.0,0.0,0.0,0.997764153778553,110
2025-01-12 11:00:00,SAC Basic,0.257510178985596,0.10331884026527405,0.0,0.0,0.0,0.0,0.9977891430258751,110
2025-01-12 12:00:00,SAC Basic,0.25672865716934234,0.07154345512390137,0.0,0.0,0.0,0.0,0.9982513770461082,110
2025-01-12 13:00:00,SAC Basic,0.2561874141963326,0.09262710809707642,0.0,0.0,0.0,0.0,0.9979366213083267,110
2025-01-12 14:00:00,SAC Basic,0.2555684385879838,0.06080731749534607,0.0,0.0,0.0,0.0,0.9984656557440758,110
2025-01-12 15:00:00,SAC Basic,0.2556420882471406,0.1175948977470398,0.0,0.0,0.0,0.0,0.9970802262425422,110
2025-01-12 16:00:00,SAC Basic,0.2555080910031004,0.10430082678794861,0.0,0.0,0.0,0.0,0.9977810427546501,110
2025-01-12 17:00:00,SAC Basic,0.25526365608930623,0.04566952586174011,0.0,0.0,0.0,0.0,0.9985002964735031,110
2025-01-12 18:00:00,SAC Basic,0.25501178304672273,0.026438087224960327,0.0,0.0,0.0,0.0,0.999278923869133,110
2025-01-12 19:00:00,SAC Basic,0.25480515393734016,0.02301126718521118,0.0,0.0,0.0,0.0,0.9995055064558982,110
2025-01-12 20:00:00,SAC Basic,0.2546050659410163,0.02497360110282898,0.0,0.0,0.0,0.0,0.9994809046387673,110
2025-01-12 21:00:00,SAC Basic,0.2544345401271188,0.02534225583076477,0.0,0.0,0.0,0.0,0.9994894683361054,110
2025-01-12 22:00:00,SAC Basic,0.2542606004571919,0.02431809902191162,0.0,0.0,0.0,0.0,0.9995033964514732,110
2025-01-12 23:00:00,SAC Basic,0.25409009302139324,0.025347769260406494,0.0,0.0,0.0,0.0,0.9994827479124069,110
2025-01-13 00:00:00,SAC Basic,0.2542336224118873,0.019558817148208618,0.0,0.0,0.0,0.0,0.9995509341359139,110
2025-01-13 01:00:00,SAC Basic,0.25440706267197966,0.02003207802772522,0.0,0.0,0.0,0.0,0.9995946258306503,110
2025-01-13 02:00:00,SAC Basic,0.25426732490936954,0.02607867121696472,0.0,0.0,0.0,0.0,0.9994179606437683,110
2025-01-13 03:00:00,SAC Basic,0.25408956557512324,0.023172199726104736,0.0,0.0,0.0,0.0,0.9995074912905693,110
2025-01-13 04:00:00,SAC Basic,0.25394780572493914,0.025472044944763184,0.0,0.0,0.0,0.0,0.9994675606489182,110
2025-01-13 05:00:00,SAC Basic,0.2537874643580123,0.028397589921951294,0.0,0.0,0.0,0.0,0.9994027927517891,110
2025-01-13 06:00:00,SAC Basic,0.25359727321624803,0.027942657470703125,0.0,0.0,0.0,0.0,0.9994365975260735,110
2025-01-13 07:00:00,SAC Basic,0.25335791241327965,0.03869175910949707,0.0,0.0,0.0,0.0,0.999118673801422,110
2025-01-13 08:00:00,SAC Basic,0.25354975924730344,0.06805405020713806,0.0,0.0,0.0,0.0,0.9983452960848808,110
2025-01-13 09:00:00,SAC Basic,0.25352656329552375,0.14604121446609497,0.0,0.0,0.0,0.0,0.9962993040680885,110
2025-01-13 10:00:00,SAC Basic,0.25300523545901027,0.10710164904594421,0.0,0.0,0.0,0.0,0.9974685713648797,110
2025-01-13 11:00:00,SAC Basic,0.2527462393879895,0.16030117869377136,0.0,0.0,0.0,0.0,0.9962619811296463,110
2025-01-13 12:00:00,SAC Basic,0.25239609688758896,0.13295724987983704,0.0,0.0,0.0,0.0,0.9970674157142638,110
2025-01-13 13:00:00,SAC Basic,0.25203804185469986,0.07308349013328552,0.0,0.0,0.0,0.0,0.9979395925998688,110
2025-01-13 14:00:00,SAC Basic,0.2513145132080718,0.04644140601158142,0.0,0.0,0.0,0.0,0.9988047510385513,110
2025-01-13 15:00:00,SAC Basic,0.250865570647717,0.05231723189353943,0.0,0.0,0.0,0.0,0.9988948971033096,110
2025-01-13 16:00:00,SAC Basic,0.2506050915853187,0.07485628128051758,0.0,0.0,0.0,0.0,0.9982774838805198,110
2025-01-13 17:00:00,SAC Basic,0.25053004290660263,0.08798539638519287,0.0,0.0,0.0,0.0,0.9981090009212494,110
2025-01-13 18:00:00,SAC Basic,0.2510212201825782,0.023853182792663574,0.0,0.0,0.0,0.0,0.9988816142082214,110
2025-01-13 19:00:00,SAC Basic,0.25790858395814936,0.008709132671356201,0.0,0.0,0.0,0.0,0.9996743768453598,110
2025-01-13 20:00:00,SAC Basic,0.25943100976546646,0.0077277421951293945,0.0,0.0,0.0,0.0,0.9998356312513351,110
2025-01-13 21:00:00,SAC Basic,0.2599722944823905,0.013385415077209473,0.0,0.0,0.0,0.0,0.999675714969635,110
2025-01-13 22:00:00,SAC Basic,0.2621241521660491,0.005057305097579956,0.0,0.0,0.0,0.0,0.9998155727982522,110
2025-01-13 23:00:00,SAC Basic,0.2626245567719146,0.009621381759643555,0.0,0.0,0.0,0.0,0.9997619315981865,110
2025-01-14 00:00:00,SAC Basic,0.26276688688437183,0.010699033737182617,0.0,0.0,0.0,0.0,0.9997752428054809,110
2025-01-14 01:00:00,SAC Basic,0.26290811133066855,0.010367333889007568,0.0,0.0,0.0,0.0,0.9997893363237381,110
2025-01-14 02:00:00,SAC Basic,0.26376392014185623,0.007742643356323242,0.0,0.0,0.0,0.0,0.9998189002275467,110
2025-01-14 03:00:00,SAC Basic,0.2656081239287062,0.004261136054992676,0.0,0.0,0.0,0.0,0.9998799622058868,110
2025-01-14 04:00:00,SAC Basic,0.2668502988433841,0.006652474403381348,0.0,0.0,0.0,0.0,0.9998430371284486,110
2025-01-14 05:00:00,SAC Basic,0.27273007445097003,0.006432682275772095,0.0,0.0,0.0,0.0,0.9998691484332085,110
2025-01-14 06:00:00,SAC Basic,0.27523552286863356,0.0026345252990722656,0.0,0.0,0.0,0.0,0.9999093279242516,110
2025-01-14 07:00:00,SAC Basic,0.2763808503667517,0.0030982494354248047,0.0,0.0,0.0,0.0,0.999933397769928,110
2025-01-14 08:00:00,SAC Basic,0.27651063717842134,0.0069360435009002686,0.0,0.0,0.0,0.0,0.9998229011893273,110
2025-01-14 09:00:00,SAC Basic,0.27655974979718556,0.008233785629272461,0.0,0.0,0.0,0.0,0.9998223468661308,110
2025-01-14 10:00:00,SAC Basic,0.27617041721661917,0.010700225830078125,0.0,0.0,0.0,0.0,0.9997613310813903,110
2025-01-14 11:00:00,SAC Basic,0.27551947199742033,0.008716434240341187,0.0,0.0,0.0,0.0,0.9998058333992959,110
2025-01-14 12:00:00,SAC Basic,0.2743219779380166,0.006251782178878784,0.0,0.0,0.0,0.0,0.9998503178358078,110
2025-01-14 13:00:00,SAC Basic,0.2731518396957719,0.005958527326583862,0.0,0.0,0.0,0.0,0.9998778969049454,110
2025-01-14 14:00:00,SAC Basic,0.2724862636359536,0.006327182054519653,0.0,0.0,0.0,0.0,0.9998697698116302,110
2025-01-14 15:00:00,SAC Basic,0.2719670252601309,0.007728487253189087,0.0,0.0,0.0,0.0,0.9998314172029495,110
2025-01-14 16:00:00,SAC Basic,0.27171402782360743,0.01110076904296875,0.0,0.0,0.0,0.0,0.9997442618012428,110
2025-01-14 17:00:00,SAC Basic,0.2714685098950071,0.019844621419906616,0.0,0.0,0.0,0.0,0.9995156690478325,110
2025-01-14 18:00:00,SAC Basic,0.2713687194649381,0.012562870979309082,0.0,0.0,0.0,0.0,0.9996759250760078,110
2025-01-14 19:00:00,SAC Basic,0.2716449487654371,0.00836879014968872,0.0,0.0,0.0,0.0,0.99979068338871,110
2025-01-14 20:00:00,SAC Basic,0.272604411612352,0.004838854074478149,0.0,0.0,0.0,0.0,0.9998679235577583,110
2025-01-14 21:00:00,SAC Basic,0.2725525820938749,0.009951144456863403,0.0,0.0,0.0,0.0,0.9997498542070389,110
2025-01-14 22:00:00,SAC Basic,0.272528597150644,0.009804517030715942,0.0,0.0,0.0,0.0,0.9998024433851243,110
2025-01-14 23:00:00,SAC Basic,0.2724746193814281,0.009306669235229492,0.0,0.0,0.0,0.0,0.9998088881373405,110
2025-01-15 00:00:00,SAC Basic,0.2724216568779949,0.009611248970031738,0.0,0.0,0.0,0.0,0.9998047292232514,110
2025-01-15 01:00:00,SAC Basic,0.27239541391213773,0.009127110242843628,0.0,0.0,0.0,0.0,0.9998126164078712,110
2025-01-15 02:00:00,SAC Basic,0.27240219466845234,0.010534226894378662,0.0,0.0,0.0,0.0,0.9997752442955972,110
2025-01-15 03:00:00,SAC Basic,0.27237571080048917,0.009054839611053467,0.0,0.0,0.0,0.0,0.9998041093349457,110
2025-01-15 04:00:00,SAC Basic,0.27235447263797163,0.010628551244735718,0.0,0.0,0.0,0.0,0.9997716918587685,110
2025-01-15 05:00:00,SAC Basic,0.2723005574536328,0.00932544469833374,0.0,0.0,0.0,0.0,0.9998004600405693,110
2025-01-15 06:00:00,SAC Basic,0.2725766620810831,0.008331388235092163,0.0,0.0,0.0,0.0,0.9998234316706657,110
2025-01-15 07:00:00,SAC Basic,0.27279723998069805,0.008673369884490967,0.0,0.0,0.0,0.0,0.9998231127858161,110
2025-01-15 08:00:00,SAC Basic,0.274138892248472,0.004495680332183838,0.0,0.0,0.0,0.0,0.9998683094978332,110
2025-01-15 09:00:00,SAC Basic,0.2740825761032108,0.010605156421661377,0.0,0.0,0.0,0.0,0.999726802110672,110
2025-01-15 10:00:00,SAC Basic,0.27454916473627133,0.0034765899181365967,0.0,0.0,0.0,0.0,0.999859182536602,110
2025-01-15 11:00:00,SAC Basic,0.2753505589373911,0.003918260335922241,0.0,0.0,0.0,0.0,0.9999172180891037,110
2025-01-15 12:00:00,SAC Basic,0.2759045252990727,0.004189908504486084,0.0,0.0,0.0,0.0,0.9999134853482247,110
2025-01-15 13:00:00,SAC Basic,0.27499316897153897,0.007093101739883423,0.0,0.0,0.0,0.0,0.9998291060328484,110
2025-01-15 14:00:00,SAC Basic,0.2760729424794519,0.004432052373886108,0.0,0.0,0.0,0.0,0.9998847484588623,110
2025-01-15 15:00:00,SAC Basic,0.2764629099226002,0.003990232944488525,0.0,0.0,0.0,0.0,0.9999157771468162,110
2025-01-15 16:00:00,SAC Basic,0.27733253695885385,0.005388110876083374,0.0,0.0,0.0,0.0,0.9998782590031624,110
2025-01-15 17:00:00,SAC Basic,0.27869670862356866,0.0027514994144439697,0.0,0.0,0.0,0.0,0.9999186038970947,110
2025-01-15 18:00:00,SAC Basic,0.27956468747854274,0.0028936564922332764,0.0,0.0,0.0,0.0,0.9999407052993775,110
2025-01-15 19:00:00,SAC Basic,0.2794702016305927,0.005654245615005493,0.0,0.0,0.0,0.0,0.9998593091964721,110
2025-01-15 20:00:00,SAC Basic,0.2800650071477894,0.003941655158996582,0.0,0.0,0.0,0.0,0.99990404099226,110
2025-01-15 21:00:00,SAC Basic,0.2803273922761286,0.004215538501739502,0.0,0.0,0.0,0.0,0.9999129503965378,110
2025-01-15 22:00:00,SAC Basic,0.2802339738480254,0.005974471569061279,0.0,0.0,0.0,0.0,0.9998629212379456,110
2025-01-15 23:00:00,SAC Basic,0.2801680408771837,0.0057201087474823,0.0,0.0,0.0,0.0,0.9998830541968345,110
2025-01-16 00:00:00,SAC Basic,0.28007325799942057,0.005565136671066284,0.0,0.0,0.0,0.0,0.9998871475458145,110
2025-01-16 01:00:00,SAC Basic,0.2800079285256072,0.005901157855987549,0.0,0.0,0.0,0.0,0.9998786166310311,110
2025-01-16 02:00:00,SAC Basic,0.27994049898147627,0.00527113676071167,0.0,0.0,0.0,0.0,0.9998882770538331,110
2025-01-16 03:00:00,SAC Basic,0.27987492314179785,0.0058272480964660645,0.0,0.0,0.0,0.0,0.999877893924713,110
2025-01-16 04:00:00,SAC Basic,0.27980941833098777,0.005848556756973267,0.0,0.0,0.0,0.0,0.9998828157782556,110
2025-01-16 05:00:00,SAC Basic,0.27971304152568227,0.005086958408355713,0.0,0.0,0.0,0.0,0.9998906448483467,110
2025-01-16 06:00:00,SAC Basic,0.279619267456532,0.00586777925491333,0.0,0.0,0.0,0.0,0.9998748362064361,110
2025-01-16 07:00:00,SAC Basic,0.279469404389064,0.006041079759597778,0.0,0.0,0.0,0.0,0.9998774453997612,110
2025-01-16 08:00:00,SAC Basic,0.27916780021111215,0.011518746614456177,0.0,0.0,0.0,0.0,0.9997148483991622,110
2025-01-16 09:00:00,SAC Basic,0.27862765661795974,0.007956922054290771,0.0,0.0,0.0,0.0,0.9998052433133126,110
2025-01-16 10:00:00,SAC Basic,0.2777177968637153,0.007542073726654053,0.0,0.0,0.0,0.0,0.9998450100421906,110
2025-01-16 11:00:00,SAC Basic,0.27675283655484556,0.00801190733909607,0.0,0.0,0.0,0.0,0.9998350635170937,110
2025-01-16 12:00:00,SAC Basic,0.27570525695482934,0.008726119995117188,0.0,0.0,0.0,0.0,0.9998183354735375,110
2025-01-16 13:00:00,SAC Basic,0.27471785572846774,0.009779632091522217,0.0,0.0,0.0,0.0,0.9997938722372055,110
2025-01-16 14:00:00,SAC Basic,0.27370118040879615,0.009497404098510742,0.0,0.0,0.0,0.0,0.9998072296380996,110
2025-01-16 15:00:00,SAC Basic,0.2729473887968068,0.011862516403198242,0.0,0.0,0.0,0.0,0.9997390985488891,110
2025-01-16 16:00:00,SAC Basic,0.27322790279070586,0.011654198169708252,0.0,0.0,0.0,0.0,0.999764832854271,110
2025-01-16 17:00:00,SAC Basic,0.2738751719665532,0.004680752754211426,0.0,0.0,0.0,0.0,0.9998366504907609,110
2025-01-16 18:00:00,SAC Basic,0.2743009251976018,0.004225969314575195,0.0,0.0,0.0,0.0,0.9999109327793121,110
2025-01-16 19:00:00,SAC Basic,0.2741233322938288,0.006222128868103027,0.0,0.0,0.0,0.0,0.9998555958271026,110
2025-01-16 20:00:00,SAC Basic,0.2743049985257789,0.0054998695850372314,0.0,0.0,0.0,0.0,0.9998827800154686,110
2025-01-16 21:00:00,SAC Basic,0.27421988699833594,0.008466541767120361,0.0,0.0,0.0,0.0,0.9998010024428368,110
2025-01-16 22:00:00,SAC Basic,0.27407180908997897,0.006576627492904663,0.0,0.0,0.0,0.0,0.9998495683073998,110
2025-01-16 23:00:00,SAC Basic,0.2739240063563987,0.006659179925918579,0.0,0.0,0.0,0.0,0.9998659908771516,110
2025-01-17 00:00:00,SAC Basic,0.2744647270814582,0.004716217517852783,0.0,0.0,0.0,0.0,0.9998862460255623,110
2025-01-17 01:00:00,SAC Basic,0.27464662378470145,0.005569010972976685,0.0,0.0,0.0,0.0,0.9998800918459892,110
2025-01-17 02:00:00,SAC Basic,0.27450117593129514,0.0073656439781188965,0.0,0.0,0.0,0.0,0.9998347207903862,110
2025-01-17 03:00:00,SAC Basic,0.2747129477413499,0.006031543016433716,0.0,0.0,0.0,0.0,0.9998660281300545,110
2025-01-17 04:00:00,SAC Basic,0.27456636988321975,0.007026642560958862,0.0,0.0,0.0,0.0,0.9998495161533356,110
2025-01-17 05:00:00,SAC Basic,0.2747498287248615,0.006037652492523193,0.0,0.0,0.0,0.0,0.9998693570494651,110
2025-01-17 06:00:00,SAC Basic,0.27493144131263125,0.005483776330947876,0.0,0.0,0.0,0.0,0.9998847857117652,110
2025-01-17 07:00:00,SAC Basic,0.27538723505338064,0.004738122224807739,0.0,0.0,0.0,0.0,0.9998977810144425,110
2025-01-17 08:00:00,SAC Basic,0.27504807892163624,0.01725316047668457,0.0,0.0,0.0,0.0,0.9995297864079475,110
2025-01-17 09:00:00,SAC Basic,0.27457479859431616,0.019515901803970337,0.0,0.0,0.0,0.0,0.9995870545506478,110
2025-01-17 10:00:00,SAC Basic,0.27382420973857274,0.012823343276977539,0.0,0.0,0.0,0.0,0.9996766075491905,110
2025-01-17 11:00:00,SAC Basic,0.2731994200309121,0.016563087701797485,0.0,0.0,0.0,0.0,0.9996313408017158,110
2025-01-17 12:00:00,SAC Basic,0.2724266763599717,0.014676898717880249,0.0,0.0,0.0,0.0,0.9996876001358033,110
2025-01-17 13:00:00,SAC Basic,0.2714524209380153,0.013723373413085938,0.0,0.0,0.0,0.0,0.9997159972786903,110
2025-01-17 14:00:00,SAC Basic,0.27065288670063053,0.015139728784561157,0.0,0.0,0.0,0.0,0.999683041870594,110
2025-01-17 15:00:00,SAC Basic,0.26988394431591073,0.01581728458404541,0.0,0.0,0.0,0.0,0.9996768787503242,110
2025-01-17 16:00:00,SAC Basic,0.26935816368659377,0.02076581120491028,0.0,0.0,0.0,0.0,0.9995351985096932,110
2025-01-17 17:00:00,SAC Basic,0.26907917599439657,0.01830369234085083,0.0,0.0,0.0,0.0,0.9996093049645425,110
2025-01-17 18:00:00,SAC Basic,0.2691878436215722,0.009100288152694702,0.0,0.0,0.0,0.0,0.9997259601950645,110
2025-01-17 19:00:00,SAC Basic,0.2689872505100572,0.00782206654548645,0.0,0.0,0.0,0.0,0.9998307764530182,110
2025-01-17 20:00:00,SAC Basic,0.2687880129075054,0.008228719234466553,0.0,0.0,0.0,0.0,0.9998313590884209,110
2025-01-17 21:00:00,SAC Basic,0.26859054506619806,0.008759647607803345,0.0,0.0,0.0,0.0,0.9998194977641106,110
2025-01-17 22:00:00,SAC Basic,0.26842144880453783,0.008771121501922607,0.0,0.0,0.0,0.0,0.9998244628310203,110
2025-01-17 23:00:00,SAC Basic,0.2682216290632887,0.008054077625274658,0.0,0.0,0.0,0.0,0.999831748008728,110
2025-01-18 00:00:00,SAC Basic,0.26805231375455896,0.00870540738105774,0.0,0.0,0.0,0.0,0.999819378554821,110
2025-01-18 01:00:00,SAC Basic,0.26821223992029863,0.007477849721908569,0.0,0.0,0.0,0.0,0.9998381674289704,110
2025-01-18 02:00:00,SAC Basic,0.26807310370206866,0.009259134531021118,0.0,0.0,0.0,0.0,0.9997970044612885,110
2025-01-18 03:00:00,SAC Basic,0.2689521203438444,0.0062049925327301025,0.0,0.0,0.0,0.0,0.9998453587293624,110
2025-01-18 04:00:00,SAC Basic,0.26917214143673607,0.008506327867507935,0.0,0.0,0.0,0.0,0.9998068600893021,110
2025-01-18 05:00:00,SAC Basic,0.26906317834854154,0.009811073541641235,0.0,0.0,0.0,0.0,0.9997907310724258,110
2025-01-18 06:00:00,SAC Basic,0.2689249406703316,0.009528696537017822,0.0,0.0,0.0,0.0,0.9998066022992134,110
2025-01-18 07:00:00,SAC Basic,0.26873373380025256,0.010637938976287842,0.0,0.0,0.0,0.0,0.9997761487960816,110
2025-01-18 08:00:00,SAC Basic,0.26839366942564674,0.025480687618255615,0.0,0.0,0.0,0.0,0.9993419587612152,110
2025-01-18 09:00:00,SAC Basic,0.26783641032457384,0.019822269678115845,0.0,0.0,0.0,0.0,0.9995469704270363,110
2025-01-18 10:00:00,SAC Basic,0.2670365368374192,0.015037953853607178,0.0,0.0,0.0,0.0,0.9996513977646827,110
2025-01-18 11:00:00,SAC Basic,0.266068703319232,0.0156499445438385,0.0,0.0,0.0,0.0,0.9996808812022209,110
2025-01-18 12:00:00,SAC Basic,0.2649639014705025,0.01705944538116455,0.0,0.0,0.0,0.0,0.9996447160840035,110
2025-01-18 13:00:00,SAC Basic,0.26385961172501277,0.01721307635307312,0.0,0.0,0.0,0.0,0.9996542021632194,110
2025-01-18 14:00:00,SAC Basic,0.2629548041923844,0.017557740211486816,0.0,0.0,0.0,0.0,0.9996453985571861,110
2025-01-18 15:00:00,SAC Basic,0.2623896700588865,0.025959759950637817,0.0,0.0,0.0,0.0,0.9993967846035957,110
2025-01-18 16:00:00,SAC Basic,0.26202403625090953,0.03480985760688782,0.0,0.0,0.0,0.0,0.9992153018712997,110
2025-01-18 17:00:00,SAC Basic,0.2618017785382274,0.026822686195373535,0.0,0.0,0.0,0.0,0.9993836745619774,110
2025-01-18 18:00:00,SAC Basic,0.2616255791242921,0.015140175819396973,0.0,0.0,0.0,0.0,0.9995803713798523,110
2025-01-18 19:00:00,SAC Basic,0.2615061571423216,0.015173405408859253,0.0,0.0,0.0,0.0,0.9996961995959283,110
2025-01-18 20:00:00,SAC Basic,0.2614220770064993,0.017275959253311157,0.0,0.0,0.0,0.0,0.9996334552764893,110
2025-01-18 21:00:00,SAC Basic,0.2613033151459697,0.015371441841125488,0.0,0.0,0.0,0.0,0.9996735259890556,110
2025-01-18 22:00:00,SAC Basic,0.2611869121392571,0.016079097986221313,0.0,0.0,0.0,0.0,0.9996713414788246,110
2025-01-18 23:00:00,SAC Basic,0.26106879996935556,0.015566349029541016,0.0,0.0,0.0,0.0,0.9996835455298424,110
2025-01-19 00:00:00,SAC Basic,0.26095210688670506,0.015992075204849243,0.0,0.0,0.0,0.0,0.9996759012341498,110
2025-01-19 01:00:00,SAC Basic,0.2608621144668264,0.01550227403640747,0.0,0.0,0.0,0.0,0.9996850565075874,110
2025-01-19 02:00:00,SAC Basic,0.26074503941774396,0.015877485275268555,0.0,0.0,0.0,0.0,0.9996786981821061,110
2025-01-19 03:00:00,SAC Basic,0.26060459063847885,0.017365366220474243,0.0,0.0,0.0,0.0,0.9996378138661385,110
2025-01-19 04:00:00,SAC Basic,0.26046810755491284,0.01855507493019104,0.0,0.0,0.0,0.0,0.999617001414299,110
2025-01-19 05:00:00,SAC Basic,0.26033050489743575,0.018219202756881714,0.0,0.0,0.0,0.0,0.9996322572231293,110
2025-01-19 06:00:00,SAC Basic,0.2601593256847066,0.016646236181259155,0.0,0.0,0.0,0.0,0.9996513456106185,110
2025-01-19 07:00:00,SAC Basic,0.2600220431367559,0.02681523561477661,0.0,0.0,0.0,0.0,0.9993620052933694,110
2025-01-19 08:00:00,SAC Basic,0.2597680500872933,0.059802085161209106,0.0,0.0,0.0,0.0,0.9984740898013115,110
2025-01-19 09:00:00,SAC Basic,0.2592192793814344,0.04786878824234009,0.0,0.0,0.0,0.0,0.9989232912659646,110
2025-01-19 10:00:00,SAC Basic,0.2585112956603371,0.034104883670806885,0.0,0.0,0.0,0.0,0.9991802632808686,110
2025-01-19 11:00:00,SAC Basic,0.257620325080554,0.030208826065063477,0.0,0.0,0.0,0.0,0.9993568629026413,110
2025-01-19 12:00:00,SAC Basic,0.25661622680346197,0.030270516872406006,0.0,0.0,0.0,0.0,0.9993939727544785,110
2025-01-19 13:00:00,SAC Basic,0.25561387047211354,0.030793100595474243,0.0,0.0,0.0,0.0,0.9993789121508598,110
2025-01-19 14:00:00,SAC Basic,0.2546524017024043,0.03455936908721924,0.0,0.0,0.0,0.0,0.9992711499333382,110
2025-01-19 15:00:00,SAC Basic,0.25394460146268233,0.0596599280834198,0.0,0.0,0.0,0.0,0.9985557958483695,110
2025-01-19 16:00:00,SAC Basic,0.2535905111821495,0.11477291584014893,0.0,0.0,0.0,0.0,0.9971534118056297,110
2025-01-19 17:00:00,SAC Basic,0.253524006032944,0.11604845523834229,0.0,0.0,0.0,0.0,0.9976662755012512,110
2025-01-19 18:00:00,SAC Basic,0.2534057375979426,0.04101946949958801,0.0,0.0,0.0,0.0,0.9984293207526207,110
2025-01-19 19:00:00,SAC Basic,0.2532733908112847,0.028295964002609253,0.0,0.0,0.0,0.0,0.999306845664978,110
2025-01-19 20:00:00,SAC Basic,0.253224263335864,0.027761757373809814,0.0,0.0,0.0,0.0,0.9994394227862358,110
2025-01-19 21:00:00,SAC Basic,0.25317250282526044,0.02697184681892395,0.0,0.0,0.0,0.0,0.9994526639580726,110
2025-01-19 22:00:00,SAC Basic,0.25309388518969245,0.027414709329605103,0.0,0.0,0.0,0.0,0.9994472771883011,110
2025-01-19 23:00:00,SAC Basic,0.252977080579599,0.024458616971969604,0.0,0.0,0.0,0.0,0.9994812667369843,110
2025-01-20 00:00:00,SAC Basic,0.25285953488508883,0.024236291646957397,0.0,0.0,0.0,0.0,0.9995130509138107,110
2025-01-20 01:00:00,SAC Basic,0.25275174597422306,0.027163326740264893,0.0,0.0,0.0,0.0,0.9994274631142617,110
2025-01-20 02:00:00,SAC Basic,0.25264463307937013,0.02736613154411316,0.0,0.0,0.0,0.0,0.9994506493210792,110
2025-01-20 03:00:00,SAC Basic,0.25253390665292763,0.026282072067260742,0.0,0.0,0.0,0.0,0.9994635179638862,110
2025-01-20 04:00:00,SAC Basic,0.25242378372351354,0.02646312117576599,0.0,0.0,0.0,0.0,0.9994689270853996,110
2025-01-20 05:00:00,SAC Basic,0.25233251274983115,0.03211870789527893,0.0,0.0,0.0,0.0,0.9993010699748993,110
2025-01-20 06:00:00,SAC Basic,0.25220262117783254,0.029032528400421143,0.0,0.0,0.0,0.0,0.999388487637043,110
2025-01-20 07:00:00,SAC Basic,0.25213100453615217,0.06351500749588013,0.0,0.0,0.0,0.0,0.9983848750591279,110
2025-01-20 08:00:00,SAC Basic,0.2524580424968404,0.25111138820648193,0.0,0.0,0.0,0.0,0.9931018084287644,110
2025-01-20 09:00:00,SAC Basic,0.25217592131376293,0.1533636450767517,0.0,0.0,0.0,0.0,0.9959552496671676,110
2025-01-20 10:00:00,SAC Basic,0.25137560936450987,0.07440641522407532,0.0,0.0,0.0,0.0,0.9977222993969918,110
2025-01-20 11:00:00,SAC Basic,0.2504331735483808,0.0657692551612854,0.0,0.0,0.0,0.0,0.9985982432961464,110
2025-01-20 12:00:00,SAC Basic,0.24932469822963105,0.058457404375076294,0.0,0.0,0.0,0.0,0.9987577334046364,110
2025-01-20 13:00:00,SAC Basic,0.24833981122334825,0.06153389811515808,0.0,0.0,0.0,0.0,0.998738557100296,110
2025-01-20 14:00:00,SAC Basic,0.24763671593983996,0.10357141494750977,0.0,0.0,0.0,0.0,0.9975081965327263,110
2025-01-20 15:00:00,SAC Basic,0.24711915332714743,0.13373121619224548,0.0,0.0,0.0,0.0,0.9970237776637078,110
2025-01-20 16:00:00,SAC Basic,0.24760678500731814,0.3332895040512085,0.0,0.0,0.0,0.0,0.9913386270403862,110
2025-01-20 17:00:00,SAC Basic,0.24809698376337716,0.28305962681770325,0.0,0.0,0.0,0.0,0.9938365086913108,110
2025-01-20 18:00:00,SAC Basic,0.24814033802429866,0.09800627827644348,0.0,0.0,0.0,0.0,0.9961893409490585,110
2025-01-20 19:00:00,SAC Basic,0.24812383137464555,0.06304800510406494,0.0,0.0,0.0,0.0,0.9983894571661949,110
2025-01-20 20:00:00,SAC Basic,0.2481067858338359,0.045886337757110596,0.0,0.0,0.0,0.0,0.9989106565713882,110
2025-01-20 21:00:00,SAC Basic,0.24809277069250774,0.04679545760154724,0.0,0.0,0.0,0.0,0.9990549996495247,110
2025-01-20 22:00:00,SAC Basic,0.2480927154556913,0.050983428955078125,0.0,0.0,0.0,0.0,0.9989384517073632,110
2025-01-20 23:00:00,SAC Basic,0.24808797304153474,0.05807727575302124,0.0,0.0,0.0,0.0,0.9987675160169601,110
2025-01-21 00:00:00,SAC Basic,0.24804304964621893,0.04602298140525818,0.0,0.0,0.0,0.0,0.9989589974284172,110
2025-01-21 01:00:00,SAC Basic,0.24801545706351627,0.042722225189208984,0.0,0.0,0.0,0.0,0.9991125479340554,110
2025-01-21 02:00:00,SAC Basic,0.24796777297973663,0.045194774866104126,0.0,0.0,0.0,0.0,0.999071379005909,110
2025-01-21 03:00:00,SAC Basic,0.24795331279039412,0.046661943197250366,0.0,0.0,0.0,0.0,0.9990520894527435,110
2025-01-21 04:00:00,SAC Basic,0.24793930807987877,0.04679858684539795,0.0,0.0,0.0,0.0,0.9990626618266105,110
2025-01-21 05:00:00,SAC Basic,0.2479256644741697,0.04690691828727722,0.0,0.0,0.0,0.0,0.9990607783198356,110
2025-01-21 06:00:00,SAC Basic,0.24791237154245405,0.047012120485305786,0.0,0.0,0.0,0.0,0.9990587055683136,110
2025-01-21 07:00:00,SAC Basic,0.2480434767548246,0.12433156371116638,0.0,0.0,0.0,0.0,0.996740174293518,110
2025-01-21 08:00:00,SAC Basic,0.24839292136033408,0.24933338165283203,0.0,0.0,0.0,0.0,0.9937633141875267,110
2025-01-21 09:00:00,SAC Basic,0.2486130897776289,0.29555052518844604,0.0,0.0,0.0,0.0,0.9936268180608749,110
2025-01-21 10:00:00,SAC Basic,0.24827422533273727,0.20434066653251648,0.0,0.0,0.0,0.0,0.9950010880827904,110
2025-01-21 11:00:00,SAC Basic,0.24771668150901827,0.1982368528842926,0.0,0.0,0.0,0.0,0.9959742248058319,110
2025-01-21 12:00:00,SAC Basic,0.24711985944906906,0.19495338201522827,0.0,0.0,0.0,0.0,0.9960680976510048,110
2025-01-21 13:00:00,SAC Basic,0.24656570391813948,0.19075334072113037,0.0,0.0,0.0,0.0,0.9961429327726364,110
2025-01-21 14:00:00,SAC Basic,0.24621161290168794,0.23377269506454468,0.0,0.0,0.0,0.0,0.994894352555275,110
2025-01-21 15:00:00,SAC Basic,0.24680138716936148,0.44043228030204773,0.0,0.0,0.0,0.0,0.989124758541584,110
2025-01-21 16:00:00,SAC Basic,0.2484182951378826,0.6805723905563354,0.0,0.0,0.0,0.0,0.9839871510863305,110
2025-01-21 17:00:00,SAC Basic,0.2494617580803239,0.46603888273239136,0.0,0.0,0.0,0.0,0.9885338872671128,110
2025-01-21 18:00:00,SAC Basic,0.24954192390441926,0.11754974722862244,0.0,0.0,0.0,0.0,0.9941641137003898,110
2025-01-21 19:00:00,SAC Basic,0.24948623263041214,0.06829261779785156,0.0,0.0,0.0,0.0,0.9981415763497353,110
2025-01-21 20:00:00,SAC Basic,0.24945188581387237,0.05769595503807068,0.0,0.0,0.0,0.0,0.9987401142716408,110
2025-01-21 21:00:00,SAC Basic,0.24940415725787518,0.05368143320083618,0.0,0.0,0.0,0.0,0.9988862261176109,110
2025-01-21 22:00:00,SAC Basic,0.24935190172910726,0.052323341369628906,0.0,0.0,0.0,0.0,0.9989399522542953,110
2025-01-21 23:00:00,SAC Basic,0.24934769251108208,0.06673723459243774,0.0,0.0,0.0,0.0,0.9985211163759231,110
2025-01-22 00:00:00,SAC Basic,0.2493486244591081,0.059779584407806396,0.0,0.0,0.0,0.0,0.9987348318099976,110
2025-01-22 01:00:00,SAC Basic,0.2493482120911284,0.05087628960609436,0.0,0.0,0.0,0.0,0.998893441259861,110
2025-01-22 02:00:00,SAC Basic,0.2493540254282955,0.052744001150131226,0.0,0.0,0.0,0.0,0.9989264428615571,110
2025-01-22 03:00:00,SAC Basic,0.2493719807283087,0.056386590003967285,0.0,0.0,0.0,0.0,0.9988358423113823,110
2025-01-22 04:00:00,SAC Basic,0.24937434394995406,0.05170896649360657,0.0,0.0,0.0,0.0,0.9989190444350242,110
2025-01-22 05:00:00,SAC Basic,0.2493732118558887,0.05066037178039551,0.0,0.0,0.0,0.0,0.9989763066172599,110
2025-01-22 06:00:00,SAC Basic,0.24936977107524905,0.04996776580810547,0.0,0.0,0.0,0.0,0.998993718624115,110
2025-01-22 07:00:00,SAC Basic,0.2493458334477746,0.06931871175765991,0.0,0.0,0.0,0.0,0.9984201163053512,110
2025-01-22 08:00:00,SAC Basic,0.24949784568309818,0.15610367059707642,0.0,0.0,0.0,0.0,0.9960100769996644,110
2025-01-22 09:00:00,SAC Basic,0.2494816922855381,0.1396539807319641,0.0,0.0,0.0,0.0,0.9970424234867096,110
2025-01-22 10:00:00,SAC Basic,0.24871980006853775,0.051932334899902344,0.0,0.0,0.0,0.0,0.9980841368436814,110
2025-01-22 11:00:00,SAC Basic,0.24759808934132294,0.02898678183555603,0.0,0.0,0.0,0.0,0.9991908088326454,110
2025-01-22 12:00:00,SAC Basic,0.24661286338488295,0.03593221306800842,0.0,0.0,0.0,0.0,0.9992119014263153,110
2025-01-22 13:00:00,SAC Basic,0.24570011048475937,0.04917412996292114,0.0,0.0,0.0,0.0,0.9988840982317925,110
2025-01-22 14:00:00,SAC Basic,0.24506394516229665,0.04715040326118469,0.0,0.0,0.0,0.0,0.9990367546677589,110
2025-01-22 15:00:00,SAC Basic,0.2443373669759436,0.05402654409408569,0.0,0.0,0.0,0.0,0.9988507077097892,110
2025-01-22 16:00:00,SAC Basic,0.24448909721136128,0.21551907062530518,0.0,0.0,0.0,0.0,0.9940746933221818,110
2025-01-22 17:00:00,SAC Basic,0.2446622793293003,0.1369546353816986,0.0,0.0,0.0,0.0,0.9964752629399299,110
2025-01-22 18:00:00,SAC Basic,0.24534026431878445,0.05439549684524536,0.0,0.0,0.0,0.0,0.9980864986777306,110
2025-01-22 19:00:00,SAC Basic,0.2464082744089766,0.045903027057647705,0.0,0.0,0.0,0.0,0.998997014760971,110
2025-01-22 20:00:00,SAC Basic,0.2464930942336722,0.05944594740867615,0.0,0.0,0.0,0.0,0.9986756518483162,110
2025-01-22 21:00:00,SAC Basic,0.24691049961884853,0.05072161555290222,0.0,0.0,0.0,0.0,0.9988983243703843,110
2025-01-22 22:00:00,SAC Basic,0.2469797129607204,0.054764002561569214,0.0,0.0,0.0,0.0,0.998864296078682,110
2025-01-22 23:00:00,SAC Basic,0.2470405270147327,0.052244216203689575,0.0,0.0,0.0,0.0,0.9989299178123474,110
2025-01-23 00:00:00,SAC Basic,0.24710869032144578,0.054448992013931274,0.0,0.0,0.0,0.0,0.9988889724016189,110
2025-01-23 01:00:00,SAC Basic,0.24716966679811506,0.05229294300079346,0.0,0.0,0.0,0.0,0.9989325806498528,110
2025-01-23 02:00:00,SAC Basic,0.24725592584371597,0.051377713680267334,0.0,0.0,0.0,0.0,0.9989632934331893,110
2025-01-23 03:00:00,SAC Basic,0.2473340071320537,0.048924386501312256,0.0,0.0,0.0,0.0,0.9989969789981842,110
2025-01-23 04:00:00,SAC Basic,0.24741491070032154,0.04977107048034668,0.0,0.0,0.0,0.0,0.9989961117506027,110
2025-01-23 05:00:00,SAC Basic,0.24749159723997152,0.048505961894989014,0.0,0.0,0.0,0.0,0.9990172296762466,110
2025-01-23 06:00:00,SAC Basic,0.24757237166484236,0.049732327461242676,0.0,0.0,0.0,0.0,0.9989930897951126,110
2025-01-23 07:00:00,SAC Basic,0.247632000314395,0.06038859486579895,0.0,0.0,0.0,0.0,0.9986856654286385,110
2025-01-23 08:00:00,SAC Basic,0.24757155358314553,0.06686598062515259,0.0,0.0,0.0,0.0,0.9985979065299034,110
2025-01-23 09:00:00,SAC Basic,0.24721406272888222,0.0542527437210083,0.0,0.0,0.0,0.0,0.9987888127565384,110
2025-01-23 10:00:00,SAC Basic,0.24653004156510075,0.04129365086555481,0.0,0.0,0.0,0.0,0.9990445360541343,110
2025-01-23 11:00:00,SAC Basic,0.2456931113052372,0.03792092204093933,0.0,0.0,0.0,0.0,0.9992078542709351,110
2025-01-23 12:00:00,SAC Basic,0.24498338189601937,0.04208117723464966,0.0,0.0,0.0,0.0,0.99911677390337,110
2025-01-23 13:00:00,SAC Basic,0.24391705159982086,0.037100911140441895,0.0,0.0,0.0,0.0,0.999208179116249,110
2025-01-23 14:00:00,SAC Basic,0.24324421968380652,0.06165042519569397,0.0,0.0,0.0,0.0,0.9985214963555337,110
2025-01-23 15:00:00,SAC Basic,0.24261181908845947,0.07377982139587402,0.0,0.0,0.0,0.0,0.9984031096100807,110
2025-01-23 16:00:00,SAC Basic,0.24240306486845062,0.12437373399734497,0.0,0.0,0.0,0.0,0.9970065861940384,110
2025-01-23 17:00:00,SAC Basic,0.242947076752981,0.2652035653591156,0.0,0.0,0.0,0.0,0.9932876303792,110
2025-01-23 18:00:00,SAC Basic,0.24310728449821514,0.09906232357025146,0.0,0.0,0.0,0.0,0.9963573411107063,110
2025-01-23 19:00:00,SAC Basic,0.24330597429513975,0.08510693907737732,0.0,0.0,0.0,0.0,0.9981583073735237,110
2025-01-23 20:00:00,SAC Basic,0.2453735060580576,0.04575952887535095,0.0,0.0,0.0,0.0,0.9986913353204727,110
2025-01-23 21:00:00,SAC Basic,0.24805990354935376,0.03141924738883972,0.0,0.0,0.0,0.0,0.999228212237358,110
2025-01-23 22:00:00,SAC Basic,0.25338414266983716,0.014271736145019531,0.0,0.0,0.0,0.0,0.9995430901646614,110
2025-01-23 23:00:00,SAC Basic,0.25732678929090547,0.008293986320495605,0.0,0.0,0.0,0.0,0.9997743427753448,110
2025-01-24 00:00:00,SAC Basic,0.26095673995892255,0.00598520040512085,0.0,0.0,0.0,0.0,0.9998572081327438,110
2025-01-24 01:00:00,SAC Basic,0.26160864599784267,0.01257181167602539,0.0,0.0,0.0,0.0,0.9996826976537704,110
2025-01-24 02:00:00,SAC Basic,0.261611121543249,0.017742663621902466,0.0,0.0,0.0,0.0,0.9995934382081032,110
2025-01-24 03:00:00,SAC Basic,0.2615807159209257,0.016378313302993774,0.0,0.0,0.0,0.0,0.999658790230751,110
2025-01-24 04:00:00,SAC Basic,0.2615573794094727,0.018499046564102173,0.0,0.0,0.0,0.0,0.9996088117361068,110
2025-01-24 05:00:00,SAC Basic,0.26153084113518454,0.017538517713546753,0.0,0.0,0.0,0.0,0.9996396243572235,110
2025-01-24 06:00:00,SAC Basic,0.26150439077774745,0.017564892768859863,0.0,0.0,0.0,0.0,0.9996484383940696,110
2025-01-24 07:00:00,SAC Basic,0.2614292309737211,0.019952058792114258,0.0,0.0,0.0,0.0,0.9995770871639251,110
2025-01-24 08:00:00,SAC Basic,0.26189603193680505,0.0165402889251709,0.0,0.0,0.0,0.0,0.9996350765228271,110
2025-01-24 09:00:00,SAC Basic,0.2622274286945667,0.01841902732849121,0.0,0.0,0.0,0.0,0.999612832069397,110
2025-01-24 10:00:00,SAC Basic,0.26166385398467445,0.017927587032318115,0.0,0.0,0.0,0.0,0.999636533856392,110
2025-01-24 11:00:00,SAC Basic,0.26104182893912065,0.017392486333847046,0.0,0.0,0.0,0.0,0.9996467992663384,110
2025-01-24 12:00:00,SAC Basic,0.2603313398702946,0.01635327935218811,0.0,0.0,0.0,0.0,0.9996625423431397,110
2025-01-24 13:00:00,SAC Basic,0.25962170066436197,0.016608238220214844,0.0,0.0,0.0,0.0,0.9996652856469154,110
2025-01-24 14:00:00,SAC Basic,0.2588272422591852,0.01666247844696045,0.0,0.0,0.0,0.0,0.9996662080287934,110
2025-01-24 15:00:00,SAC Basic,0.2586718559066461,0.02338409423828125,0.0,0.0,0.0,0.0,0.9994651019573212,110
2025-01-24 16:00:00,SAC Basic,0.25931316210031574,0.019891858100891113,0.0,0.0,0.0,0.0,0.9995672404766083,110
2025-01-24 17:00:00,SAC Basic,0.2595084479594237,0.026585757732391357,0.0,0.0,0.0,0.0,0.9994013458490372,110
2025-01-24 18:00:00,SAC Basic,0.2597627248350785,0.01878306269645691,0.0,0.0,0.0,0.0,0.9995463117957115,110
2025-01-24 19:00:00,SAC Basic,0.2597807005683587,0.022392719984054565,0.0,0.0,0.0,0.0,0.999516049027443,110
2025-01-24 20:00:00,SAC Basic,0.2598049248552329,0.0242672860622406,0.0,0.0,0.0,0.0,0.9994959086179733,110
2025-01-24 21:00:00,SAC Basic,0.2598290577483183,0.02423986792564392,0.0,0.0,0.0,0.0,0.9995149284601211,110
2025-01-24 22:00:00,SAC Basic,0.25987943582534856,0.023613423109054565,0.0,0.0,0.0,0.0,0.9995214670896531,110
2025-01-24 23:00:00,SAC Basic,0.25993237839222016,0.02438277006149292,0.0,0.0,0.0,0.0,0.9995046511292458,110
2025-01-25 00:00:00,SAC Basic,0.2599883920884139,0.02530410885810852,0.0,0.0,0.0,0.0,0.9994847044348717,110
2025-01-25 01:00:00,SAC Basic,0.26003473195076054,0.02240195870399475,0.0,0.0,0.0,0.0,0.999522939324379,110
2025-01-25 02:00:00,SAC Basic,0.2600868241580334,0.024127662181854248,0.0,0.0,0.0,0.0,0.9995001897215843,110
2025-01-25 03:00:00,SAC Basic,0.2601326911568648,0.02226009964942932,0.0,0.0,0.0,0.0,0.9995361223816872,110
2025-01-25 04:00:00,SAC Basic,0.26017557842016287,0.0213661789894104,0.0,0.0,0.0,0.0,0.9995637372136116,110
2025-01-25 05:00:00,SAC Basic,0.26022100086768535,0.022126734256744385,0.0,0.0,0.0,0.0,0.9995498597621918,110
2025-01-25 06:00:00,SAC Basic,0.2602662231429425,0.02206668257713318,0.0,0.0,0.0,0.0,0.9995580658316613,110
2025-01-25 07:00:00,SAC Basic,0.2602697698163993,0.02656400203704834,0.0,0.0,0.0,0.0,0.9994237467646598,110
2025-01-25 08:00:00,SAC Basic,0.26009797614495034,0.03346189856529236,0.0,0.0,0.0,0.0,0.9992617830634117,110
2025-01-25 09:00:00,SAC Basic,0.2599756540131576,0.01630336046218872,0.0,0.0,0.0,0.0,0.9995023474097252,110
2025-01-25 10:00:00,SAC Basic,0.259643991556963,0.01300126314163208,0.0,0.0,0.0,0.0,0.9997069537639618,110
2025-01-25 11:00:00,SAC Basic,0.2590483437005685,0.010305643081665039,0.0,0.0,0.0,0.0,0.999766930937767,110
2025-01-25 12:00:00,SAC Basic,0.25810710393508335,0.00862807035446167,0.0,0.0,0.0,0.0,0.9998106628656388,110
2025-01-25 13:00:00,SAC Basic,0.2567820655361817,0.01048848032951355,0.0,0.0,0.0,0.0,0.9997716262936592,110
2025-01-25 14:00:00,SAC Basic,0.25758153275171974,0.01184016466140747,0.0,0.0,0.0,0.0,0.9997496798634529,110
2025-01-25 15:00:00,SAC Basic,0.2574473777206745,0.014753490686416626,0.0,0.0,0.0,0.0,0.9996757969260216,110
2025-01-25 16:00:00,SAC Basic,0.2572207061656322,0.018998533487319946,0.0,0.0,0.0,0.0,0.9995775789022446,110
2025-01-25 17:00:00,SAC Basic,0.2572673200567569,0.0329841673374176,0.0,0.0,0.0,0.0,0.9992004603147506,110
2025-01-25 18:00:00,SAC Basic,0.2575423756082858,0.0250166654586792,0.0,0.0,0.0,0.0,0.9994199916720391,110
2025-01-25 19:00:00,SAC Basic,0.25753946064154365,0.024625509977340698,0.0,0.0,0.0,0.0,0.9995035782456398,110
2025-01-25 20:00:00,SAC Basic,0.2576073997370408,0.028881728649139404,0.0,0.0,0.0,0.0,0.9993798032402993,110
2025-01-25 21:00:00,SAC Basic,0.25767887537479456,0.029942691326141357,0.0,0.0,0.0,0.0,0.9993905365467072,110
2025-01-25 22:00:00,SAC Basic,0.25772161435445207,0.029821693897247314,0.0,0.0,0.0,0.0,0.9994023561477661,110
2025-01-25 23:00:00,SAC Basic,0.2577562793882694,0.027399510145187378,0.0,0.0,0.0,0.0,0.9994277879595757,110
2025-01-26 00:00:00,SAC Basic,0.2577872101910915,0.02627924084663391,0.0,0.0,0.0,0.0,0.9994632124900819,110
2025-01-26 01:00:00,SAC Basic,0.2578550429916388,0.02884984016418457,0.0,0.0,0.0,0.0,0.9993972972035408,110
2025-01-26 02:00:00,SAC Basic,0.25791537454764113,0.026599466800689697,0.0,0.0,0.0,0.0,0.9994455069303512,110
2025-01-26 03:00:00,SAC Basic,0.25798246477365555,0.028627067804336548,0.0,0.0,0.0,0.0,0.9994071826338767,110
2025-01-26 04:00:00,SAC Basic,0.25804920134544435,0.028520971536636353,0.0,0.0,0.0,0.0,0.9994285196065902,110
2025-01-26 05:00:00,SAC Basic,0.25807852878332205,0.02579823136329651,0.0,0.0,0.0,0.0,0.9994568079710007,110
2025-01-26 06:00:00,SAC Basic,0.25810765952587195,0.025739222764968872,0.0,0.0,0.0,0.0,0.9994846254587173,110
2025-01-26 07:00:00,SAC Basic,0.25808666819175147,0.02770259976387024,0.0,0.0,0.0,0.0,0.9994263142347336,110
2025-01-26 08:00:00,SAC Basic,0.2578741923292484,0.03825724124908447,0.0,0.0,0.0,0.0,0.9991293087601661,110
2025-01-26 09:00:00,SAC Basic,0.25728725282987025,0.019418150186538696,0.0,0.0,0.0,0.0,0.9994232460856437,110
2025-01-26 10:00:00,SAC Basic,0.2564015269962953,0.014782249927520752,0.0,0.0,0.0,0.0,0.9996579959988594,110
2025-01-26 11:00:00,SAC Basic,0.2560011275490131,0.011380165815353394,0.0,0.0,0.0,0.0,0.9997383758425712,110
2025-01-26 12:00:00,SAC Basic,0.25530776029268964,0.01498982310295105,0.0,0.0,0.0,0.0,0.999664106965065,110
2025-01-26 13:00:00,SAC Basic,0.25467535097201727,0.024777203798294067,0.0,0.0,0.0,0.0,0.9994065821170807,110
2025-01-26 14:00:00,SAC Basic,0.254661223603885,0.025261789560317993,0.0,0.0,0.0,0.0,0.9994899183511734,110
2025-01-26 15:00:00,SAC Basic,0.2579333608587589,0.03464117646217346,0.0,0.0,0.0,0.0,0.999213382601738,110
2025-01-26 16:00:00,SAC Basic,0.2580561165062592,0.03032669425010681,0.0,0.0,0.0,0.0,0.9993503212928773,110
2025-01-26 17:00:00,SAC Basic,0.25824386436462454,0.024324357509613037,0.0,0.0,0.0,0.0,0.9994534894824028,110
2025-01-26 18:00:00,SAC Basic,0.25911260589361246,0.011622458696365356,0.0,0.0,0.0,0.0,0.9996405318379402,110
2025-01-26 19:00:00,SAC Basic,0.25994985504309387,0.010674744844436646,0.0,0.0,0.0,0.0,0.999777027964592,110
2025-01-26 20:00:00,SAC Basic,0.25980734394311955,0.01674667000770569,0.0,0.0,0.0,0.0,0.9996043473482132,110
2025-01-26 21:00:00,SAC Basic,0.2596039685193703,0.015487372875213623,0.0,0.0,0.0,0.0,0.9996776595711708,110
2025-01-26 22:00:00,SAC Basic,0.2594026176667219,0.016094744205474854,0.0,0.0,0.0,0.0,0.9996720314025879,110
2025-01-26 23:00:00,SAC Basic,0.25920568103472447,0.017419010400772095,0.0,0.0,0.0,0.0,0.9996383771300316,110
2025-01-27 00:00:00,SAC Basic,0.2590144406199461,0.019127875566482544,0.0,0.0,0.0,0.0,0.9996003538370133,110
2025-01-27 01:00:00,SAC Basic,0.2587964826544132,0.019612610340118408,0.0,0.0,0.0,0.0,0.9996029004454613,110
2025-01-27 02:00:00,SAC Basic,0.2585711193084723,0.01739099621772766,0.0,0.0,0.0,0.0,0.9996299639344216,110
2025-01-27 03:00:00,SAC Basic,0.25837680975119337,0.018207132816314697,0.0,0.0,0.0,0.0,0.9996276959776877,110
2025-01-27 04:00:00,SAC Basic,0.25815754445711836,0.019220411777496338,0.0,0.0,0.0,0.0,0.9996054589748382,110
2025-01-27 05:00:00,SAC Basic,0.25794149185339676,0.020184218883514404,0.0,0.0,0.0,0.0,0.9995866775512696,110
2025-01-27 06:00:00,SAC Basic,0.2577187958153096,0.01819118857383728,0.0,0.0,0.0,0.0,0.9996162459254265,110
2025-01-27 07:00:00,SAC Basic,0.25742236803531715,0.02157166600227356,0.0,0.0,0.0,0.0,0.9995347619056701,110
2025-01-27 08:00:00,SAC Basic,0.2573193321243929,0.13908922672271729,0.0,0.0,0.0,0.0,0.9960430398583412,110
2025-01-27 09:00:00,SAC Basic,0.25738010007143086,0.2562303841114044,0.0,0.0,0.0,0.0,0.993703980743885,110
2025-01-27 10:00:00,SAC Basic,0.25680518235842453,0.13352468609809875,0.0,0.0,0.0,0.0,0.996102449297905,110
2025-01-27 11:00:00,SAC Basic,0.2559814472397175,0.08437946438789368,0.0,0.0,0.0,0.0,0.9978209584951401,110
2025-01-27 12:00:00,SAC Basic,0.2552144162376728,0.10989069938659668,0.0,0.0,0.0,0.0,0.9975470736622811,110
2025-01-27 13:00:00,SAC Basic,0.2544963927054412,0.10759294033050537,0.0,0.0,0.0,0.0,0.997825163602829,110
2025-01-27 14:00:00,SAC Basic,0.254023743451437,0.13870522379875183,0.0,0.0,0.0,0.0,0.9969147726893425,110
2025-01-27 15:00:00,SAC Basic,0.2539260236072547,0.2256840467453003,0.0,0.0,0.0,0.0,0.9946165308356285,110
2025-01-27 16:00:00,SAC Basic,0.2541942202568061,0.2844589948654175,0.0,0.0,0.0,0.0,0.9937230706214905,110
2025-01-27 17:00:00,SAC Basic,0.2543406081946698,0.20541638135910034,0.0,0.0,0.0,0.0,0.9951012462377548,110
2025-01-27 18:00:00,SAC Basic,0.25416191425800394,0.04839181900024414,0.0,0.0,0.0,0.0,0.9974619179964066,110
2025-01-27 19:00:00,SAC Basic,0.25396553588867254,0.03458648920059204,0.0,0.0,0.0,0.0,0.9991702169179916,110
2025-01-27 20:00:00,SAC Basic,0.25379400447766054,0.033540576696395874,0.0,0.0,0.0,0.0,0.9993187293410302,110
2025-01-27 21:00:00,SAC Basic,0.2536275481367118,0.04356309771537781,0.0,0.0,0.0,0.0,0.9990285128355026,110
2025-01-27 22:00:00,SAC Basic,0.2534442358334866,0.047006309032440186,0.0,0.0,0.0,0.0,0.9990254417061806,110
2025-01-27 23:00:00,SAC Basic,0.253200324712595,0.037326663732528687,0.0,0.0,0.0,0.0,0.9991566702723503,110
2025-01-28 00:00:00,SAC Basic,0.2529217234230048,0.035419613122940063,0.0,0.0,0.0,0.0,0.9992725372314454,110
2025-01-28 01:00:00,SAC Basic,0.2526824584841735,0.038720518350601196,0.0,0.0,0.0,0.0,0.9991925805807114,110
2025-01-28 02:00:00,SAC Basic,0.25244100406805736,0.03806367516517639,0.0,0.0,0.0,0.0,0.9992321580648422,110
2025-01-28 03:00:00,SAC Basic,0.25223322207133037,0.039665400981903076,0.0,0.0,0.0,0.0,0.9991906747221947,110
2025-01-28 04:00:00,SAC Basic,0.2519979451799399,0.039916932582855225,0.0,0.0,0.0,0.0,0.9991991460323334,110
2025-01-28 05:00:00,SAC Basic,0.251800153915088,0.042662620544433594,0.0,0.0,0.0,0.0,0.9991192907094956,110
2025-01-28 06:00:00,SAC Basic,0.25162137332042117,0.03986582159996033,0.0,0.0,0.0,0.0,0.9991747155785561,110
2025-01-28 07:00:00,SAC Basic,0.2514985527777677,0.06515383720397949,0.0,0.0,0.0,0.0,0.9984440430998802,110
2025-01-28 08:00:00,SAC Basic,0.25171235161622424,0.20863965153694153,0.0,0.0,0.0,0.0,0.9943923488259315,110
2025-01-28 09:00:00,SAC Basic,0.25186921642383,0.276559442281723,0.0,0.0,0.0,0.0,0.9937896132469177,110
2025-01-28 10:00:00,SAC Basic,0.25162964490731615,0.21712854504585266,0.0,0.0,0.0,0.0,0.9950631201267243,110
2025-01-28 11:00:00,SAC Basic,0.2510135656483974,0.15517622232437134,0.0,0.0,0.0,0.0,0.9962769523262978,110
2025-01-28 12:00:00,SAC Basic,0.2503902851208057,0.1700158417224884,0.0,0.0,0.0,0.0,0.996451286971569,110
2025-01-28 13:00:00,SAC Basic,0.24979794735113836,0.17929866909980774,0.0,0.0,0.0,0.0,0.9963211983442306,110
2025-01-28 14:00:00,SAC Basic,0.2491725180419292,0.18637120723724365,0.0,0.0,0.0,0.0,0.9962018504738808,110
2025-01-28 15:00:00,SAC Basic,0.24931440972646138,0.36556750535964966,0.0,0.0,0.0,0.0,0.990896686911583,110
2025-01-28 16:00:00,SAC Basic,0.2500617627803491,0.48770591616630554,0.0,0.0,0.0,0.0,0.9890244975686073,110
2025-01-28 17:00:00,SAC Basic,0.25049821244875653,0.31793490052223206,0.0,0.0,0.0,0.0,0.9919435918331146,110
2025-01-28 18:00:00,SAC Basic,0.2503660905671126,0.07936343550682068,0.0,0.0,0.0,0.0,0.9960270166397095,110
2025-01-28 19:00:00,SAC Basic,0.25019794168551823,0.051555335521698,0.0,0.0,0.0,0.0,0.9986908122897148,110
2025-01-28 20:00:00,SAC Basic,0.2500418100937214,0.0551605224609375,0.0,0.0,0.0,0.0,0.9988607376813888,110
2025-01-28 21:00:00,SAC Basic,0.24987703682184279,0.052568018436431885,0.0,0.0,0.0,0.0,0.9989227145910263,110
2025-01-28 22:00:00,SAC Basic,0.2497687918670978,0.06102651357650757,0.0,0.0,0.0,0.0,0.9986948847770691,110
2025-01-28 23:00:00,SAC Basic,0.24964983844121355,0.05781397223472595,0.0,0.0,0.0,0.0,0.9988115951418877,110
2025-01-29 00:00:00,SAC Basic,0.24953481196800922,0.05899205803871155,0.0,0.0,0.0,0.0,0.9988083779811859,110
2025-01-29 01:00:00,SAC Basic,0.249432209355037,0.054219216108322144,0.0,0.0,0.0,0.0,0.9988678872585297,110
2025-01-29 02:00:00,SAC Basic,0.2492969384296741,0.04441872239112854,0.0,0.0,0.0,0.0,0.9990136206150055,110
2025-01-29 03:00:00,SAC Basic,0.24919039869864842,0.04453808069229126,0.0,0.0,0.0,0.0,0.9991080448031425,110
2025-01-29 04:00:00,SAC Basic,0.2490671212212251,0.048016756772994995,0.0,0.0,0.0,0.0,0.9990048781037331,110
2025-01-29 05:00:00,SAC Basic,0.24896834148407043,0.06386607885360718,0.0,0.0,0.0,0.0,0.9985641852021218,110
2025-01-29 06:00:00,SAC Basic,0.24882546348174472,0.05913659930229187,0.0,0.0,0.0,0.0,0.9987699732184411,110
2025-01-29 07:00:00,SAC Basic,0.2488102578663832,0.10593831539154053,0.0,0.0,0.0,0.0,0.9974132165312767,110
2025-01-29 08:00:00,SAC Basic,0.2492096153672542,0.28130725026130676,0.0,0.0,0.0,0.0,0.9926201656460761,110
2025-01-29 09:00:00,SAC Basic,0.24986914283514083,0.40185824036598206,0.0,0.0,0.0,0.0,0.9907573252916336,110
2025-01-29 10:00:00,SAC Basic,0.2503630407452589,0.4371693730354309,0.0,0.0,0.0,0.0,0.990903501212597,110
2025-01-29 11:00:00,SAC Basic,0.25065536144177175,0.3851962089538574,0.0,0.0,0.0,0.0,0.9917763441801071,110
2025-01-29 12:00:00,SAC Basic,0.25106896990855593,0.4130825400352478,0.0,0.0,0.0,0.0,0.9914594858884811,110
2025-01-29 13:00:00,SAC Basic,0.25136664764086464,0.3528033196926117,0.0,0.0,0.0,0.0,0.9923411414027213,110
2025-01-29 14:00:00,SAC Basic,0.2516890513666477,0.36022111773490906,0.0,0.0,0.0,0.0,0.9927213996648788,110
2025-01-29 15:00:00,SAC Basic,0.25214144478082723,0.3227180242538452,0.0,0.0,0.0,0.0,0.9931706085801125,110
2025-01-29 16:00:00,SAC Basic,0.25216617791732215,0.16041994094848633,0.0,0.0,0.0,0.0,0.9951686203479767,110
2025-01-29 17:00:00,SAC Basic,0.25214603723446594,0.12995779514312744,0.0,0.0,0.0,0.0,0.9970962226390839,110
2025-01-29 18:00:00,SAC Basic,0.25199905170997045,0.06640434265136719,0.0,0.0,0.0,0.0,0.9980363786220551,110
2025-01-29 19:00:00,SAC Basic,0.25182937423467694,0.04259675741195679,0.0,0.0,0.0,0.0,0.9989099889993668,110
2025-01-29 20:00:00,SAC Basic,0.2517196223100033,0.04357442259788513,0.0,0.0,0.0,0.0,0.999118734896183,110
2025-01-29 21:00:00,SAC Basic,0.25159124641736413,0.03798723220825195,0.0,0.0,0.0,0.0,0.9991843834519386,110
2025-01-29 22:00:00,SAC Basic,0.25144829271872904,0.033613890409469604,0.0,0.0,0.0,0.0,0.9992839887738229,110
2025-01-29 23:00:00,SAC Basic,0.2513196058885263,0.03789395093917847,0.0,0.0,0.0,0.0,0.9991993203759194,110
2025-01-30 00:00:00,SAC Basic,0.2511891905236251,0.03737539052963257,0.0,0.0,0.0,0.0,0.9992473065853119,110
2025-01-30 01:00:00,SAC Basic,0.25105751700401374,0.03699794411659241,0.0,0.0,0.0,0.0,0.9992562666535378,110
2025-01-30 02:00:00,SAC Basic,0.2509232695571589,0.03622576594352722,0.0,0.0,0.0,0.0,0.9992677628993988,110
2025-01-30 03:00:00,SAC Basic,0.25079196707646123,0.03710925579071045,0.0,0.0,0.0,0.0,0.9992489799857139,110
2025-01-30 04:00:00,SAC Basic,0.2506531002696363,0.03483995795249939,0.0,0.0,0.0,0.0,0.999280507862568,110
2025-01-30 05:00:00,SAC Basic,0.2505201368061709,0.036610960960388184,0.0,0.0,0.0,0.0,0.9992500707507134,110
2025-01-30 06:00:00,SAC Basic,0.2504017809510239,0.04099324345588684,0.0,0.0,0.0,0.0,0.9991363123059273,110
2025-01-30 07:00:00,SAC Basic,0.2503083894737569,0.06548255681991577,0.0,0.0,0.0,0.0,0.9984454557299614,110
2025-01-30 08:00:00,SAC Basic,0.25072489476839777,0.2694515883922577,0.0,0.0,0.0,0.0,0.9925712779164315,110
2025-01-30 09:00:00,SAC Basic,0.25103138657172597,0.33844754099845886,0.0,0.0,0.0,0.0,0.9925410896539688,110
2025-01-30 10:00:00,SAC Basic,0.2507345819131541,0.20845860242843628,0.0,0.0,0.0,0.0,0.994530938565731,110
2025-01-30 11:00:00,SAC Basic,0.2500133622447657,0.14913409948349,0.0,0.0,0.0,0.0,0.9964240729808808,110
2025-01-30 12:00:00,SAC Basic,0.24931651395638862,0.13944551348686218,0.0,0.0,0.0,0.0,0.9971142038702965,110
2025-01-30 13:00:00,SAC Basic,0.24883681115230005,0.17908915877342224,0.0,0.0,0.0,0.0,0.996021780371666,110
2025-01-30 14:00:00,SAC Basic,0.24874181272268373,0.2435004711151123,0.0,0.0,0.0,0.0,0.9944858774542809,110
2025-01-30 15:00:00,SAC Basic,0.24954301768223522,0.452861487865448,0.0,0.0,0.0,0.0,0.9888491600751877,110
2025-01-30 16:00:00,SAC Basic,0.2502184820103653,0.3726392984390259,0.0,0.0,0.0,0.0,0.9917449921369552,110
2025-01-30 17:00:00,SAC Basic,0.2506289903497704,0.25915250182151794,0.0,0.0,0.0,0.0,0.9936820819973945,110
2025-01-30 18:00:00,SAC Basic,0.2505839337690679,0.07998302578926086,0.0,0.0,0.0,0.0,0.9966086447238922,110
2025-01-30 19:00:00,SAC Basic,0.2504985638864843,0.04238903522491455,0.0,0.0,0.0,0.0,0.9987762793898582,110
2025-01-30 20:00:00,SAC Basic,0.2504676096018163,0.041713714599609375,0.0,0.0,0.0,0.0,0.9991589725017547,110
2025-01-30 21:00:00,SAC Basic,0.2504024459592509,0.0399509072303772,0.0,0.0,0.0,0.0,0.9991833537817001,110
2025-01-30 22:00:00,SAC Basic,0.25037357783715003,0.04233956336975098,0.0,0.0,0.0,0.0,0.9991293221712112,110
2025-01-30 23:00:00,SAC Basic,0.2503584533214576,0.037962645292282104,0.0,0.0,0.0,0.0,0.9991969779133797,110
2025-01-31 00:00:00,SAC Basic,0.2503469776034362,0.03905728459358215,0.0,0.0,0.0,0.0,0.9992079079151154,110
2025-01-31 01:00:00,SAC Basic,0.2503310831944155,0.037731677293777466,0.0,0.0,0.0,0.0,0.9992321103811264,110
2025-01-31 02:00:00,SAC Basic,0.25031390182177293,0.03734558820724487,0.0,0.0,0.0,0.0,0.9992492273449898,110
2025-01-31 03:00:00,SAC Basic,0.2502614610560742,0.035267770290374756,0.0,0.0,0.0,0.0,0.9992738664150238,110
2025-01-31 04:00:00,SAC Basic,0.25020122648636567,0.03292962908744812,0.0,0.0,0.0,0.0,0.9993180260062218,110
2025-01-31 05:00:00,SAC Basic,0.2501356028946248,0.03981292247772217,0.0,0.0,0.0,0.0,0.9991349086165429,110
2025-01-31 06:00:00,SAC Basic,0.2500965652267145,0.03928869962692261,0.0,0.0,0.0,0.0,0.9992089837789536,110
2025-01-31 07:00:00,SAC Basic,0.2500672646713264,0.06770983338356018,0.0,0.0,0.0,0.0,0.9983615919947624,110
2025-01-31 08:00:00,SAC Basic,0.25019812517086737,0.16675814986228943,0.0,0.0,0.0,0.0,0.9956743538379669,110
2025-01-31 09:00:00,SAC Basic,0.25042467165311244,0.2379639446735382,0.0,0.0,0.0,0.0,0.9945286631584168,110
2025-01-31 10:00:00,SAC Basic,0.2498657902439442,0.05333557724952698,0.0,0.0,0.0,0.0,0.9970870047807694,110
2025-01-31 11:00:00,SAC Basic,0.2489288043475158,0.03340423107147217,0.0,0.0,0.0,0.0,0.99913260191679,110
2025-01-31 12:00:00,SAC Basic,0.24792228585640658,0.03804445266723633,0.0,0.0,0.0,0.0,0.9991927087306977,110
2025-01-31 13:00:00,SAC Basic,0.24723389735937185,0.0654834508895874,0.0,0.0,0.0,0.0,0.9984159409999848,110
2025-01-31 14:00:00,SAC Basic,0.24652923331737583,0.06060078740119934,0.0,0.0,0.0,0.0,0.9987391576170921,110
2025-01-31 15:00:00,SAC Basic,0.24765012300570874,0.07226690649986267,0.0,0.0,0.0,0.0,0.9984380006790161,110
2025-01-31 16:00:00,SAC Basic,0.2478323335242278,0.0566631555557251,0.0,0.0,0.0,0.0,0.9987106993794441,110
2025-01-31 17:00:00,SAC Basic,0.24778258980035847,0.07007688283920288,0.0,0.0,0.0,0.0,0.9984643250703812,110
2025-01-31 18:00:00,SAC Basic,0.24773596866607733,0.045513659715652466,0.0,0.0,0.0,0.0,0.9988440945744514,110
2025-01-31 19:00:00,SAC Basic,0.24773611138343876,0.04254281520843506,0.0,0.0,0.0,0.0,0.9991194352507591,110
2025-01-31 20:00:00,SAC Basic,0.24776438130140369,0.04248097538948059,0.0,0.0,0.0,0.0,0.9991497620940208,110
2025-01-31 21:00:00,SAC Basic,0.24781362039883997,0.04027172923088074,0.0,0.0,0.0,0.0,0.9991724729537964,110
2025-01-31 22:00:00,SAC Basic,0.24785915606101422,0.039160698652267456,0.0,0.0,0.0,0.0,0.9992056757211685,110
2025-01-31 23:00:00,SAC Basic,0.24793485392570563,0.03970935940742493,0.0,0.0,0.0,0.0,0.9992003262042999,110
2025-02-01 00:00:00,SAC Basic,0.24800024515390467,0.03661736845970154,0.0,0.0,0.0,0.0,0.9992367327213287,110
2025-02-01 01:00:00,SAC Basic,0.2480793345228838,0.040726810693740845,0.0,0.0,0.0,0.0,0.9991443693637848,110
2025-02-01 02:00:00,SAC Basic,0.2481532308371869,0.03916889429092407,0.0,0.0,0.0,0.0,0.9992010429501533,110
2025-02-01 03:00:00,SAC Basic,0.24818854281266606,0.03609359264373779,0.0,0.0,0.0,0.0,0.9992473751306534,110
2025-02-01 04:00:00,SAC Basic,0.2482660129221288,0.04024103283882141,0.0,0.0,0.0,0.0,0.9991537049412728,110
2025-02-01 05:00:00,SAC Basic,0.2483169800575582,0.0407901406288147,0.0,0.0,0.0,0.0,0.9991787061095238,110
2025-02-01 06:00:00,SAC Basic,0.24833891648531037,0.040580928325653076,0.0,0.0,0.0,0.0,0.9991862893104554,110
2025-02-01 07:00:00,SAC Basic,0.2483297640895851,0.04825428128242493,0.0,0.0,0.0,0.0,0.9989581808447838,110
2025-02-01 08:00:00,SAC Basic,0.2481741011222211,0.063801109790802,0.0,0.0,0.0,0.0,0.9985685095191003,110
2025-02-01 09:00:00,SAC Basic,0.24764659165859298,0.04574716091156006,0.0,0.0,0.0,0.0,0.9989045172929765,110
2025-02-01 10:00:00,SAC Basic,0.24674462822675783,0.03541097044944763,0.0,0.0,0.0,0.0,0.99918841868639,110
2025-02-01 11:00:00,SAC Basic,0.2456977298069008,0.034430474042892456,0.0,0.0,0.0,0.0,0.9993015855550766,110
2025-02-01 12:00:00,SAC Basic,0.2449057014473287,0.05989149212837219,0.0,0.0,0.0,0.0,0.9985475599765777,110
2025-02-01 13:00:00,SAC Basic,0.24412253133138098,0.06254896521568298,0.0,0.0,0.0,0.0,0.9987224459648133,110
2025-02-01 14:00:00,SAC Basic,0.244152336223921,0.2129414677619934,0.0,0.0,0.0,0.0,0.9942372456192969,110
2025-02-01 15:00:00,SAC Basic,0.24419832129399063,0.21779552102088928,0.0,0.0,0.0,0.0,0.9955955490469932,110
2025-02-01 16:00:00,SAC Basic,0.24411627306938252,0.19638553261756897,0.0,0.0,0.0,0.0,0.9958581894636154,110
2025-02-01 17:00:00,SAC Basic,0.24470274945259177,0.32044291496276855,0.0,0.0,0.0,0.0,0.9923505678772926,110
2025-02-01 18:00:00,SAC Basic,0.24506745152791423,0.16891062259674072,0.0,0.0,0.0,0.0,0.9951064646244049,110
2025-02-01 19:00:00,SAC Basic,0.24523237923304322,0.09197831153869629,0.0,0.0,0.0,0.0,0.9973911106586456,110
2025-02-01 20:00:00,SAC Basic,0.24537809566736304,0.060714930295944214,0.0,0.0,0.0,0.0,0.9984730675816536,110
2025-02-01 21:00:00,SAC Basic,0.2455203495685268,0.059676170349121094,0.0,0.0,0.0,0.0,0.9987960889935493,110
2025-02-01 22:00:00,SAC Basic,0.24562310866991766,0.05632773041725159,0.0,0.0,0.0,0.0,0.9988399609923363,110
2025-02-01 23:00:00,SAC Basic,0.2457227852177629,0.0554029643535614,0.0,0.0,0.0,0.0,0.9988826930522918,110
2025-02-02 00:00:00,SAC Basic,0.24584595967213402,0.05395233631134033,0.0,0.0,0.0,0.0,0.998906446993351,110
2025-02-02 01:00:00,SAC Basic,0.2459610447827984,0.0515255331993103,0.0,0.0,0.0,0.0,0.9989452213048935,110
2025-02-02 02:00:00,SAC Basic,0.24607410681247804,0.05091860890388489,0.0,0.0,0.0,0.0,0.9989755585789681,110
2025-02-02 03:00:00,SAC Basic,0.24619359571298058,0.052846670150756836,0.0,0.0,0.0,0.0,0.9989237859845161,110
2025-02-02 04:00:00,SAC Basic,0.2463142310094843,0.05319058895111084,0.0,0.0,0.0,0.0,0.9989327490329742,110
2025-02-02 05:00:00,SAC Basic,0.24643277915001013,0.05256444215774536,0.0,0.0,0.0,0.0,0.9989424496889114,110
2025-02-02 06:00:00,SAC Basic,0.24654926645994285,0.05194619297981262,0.0,0.0,0.0,0.0,0.9989548936486244,110
2025-02-02 07:00:00,SAC Basic,0.24662715697924392,0.06586715579032898,0.0,0.0,0.0,0.0,0.9985434472560882,110
2025-02-02 08:00:00,SAC Basic,0.24645360811392564,0.0754353404045105,0.0,0.0,0.0,0.0,0.9983956113457679,110
2025-02-02 09:00:00,SAC Basic,0.24579714840332764,0.04106208682060242,0.0,0.0,0.0,0.0,0.9988350257277488,110
2025-02-02 10:00:00,SAC Basic,0.2448076706488937,0.034656673669815063,0.0,0.0,0.0,0.0,0.9992428123950958,110
2025-02-02 11:00:00,SAC Basic,0.24355287036339537,0.031559914350509644,0.0,0.0,0.0,0.0,0.9993378341197967,110
2025-02-02 12:00:00,SAC Basic,0.24227914533774153,0.03438249230384827,0.0,0.0,0.0,0.0,0.9992841243743896,110
2025-02-02 13:00:00,SAC Basic,0.2410316684420913,0.05075693130493164,0.0,0.0,0.0,0.0,0.9988211169838905,110
2025-02-02 14:00:00,SAC Basic,0.2401392008868863,0.10625973343849182,0.0,0.0,0.0,0.0,0.9973197773098946,110
2025-02-02 15:00:00,SAC Basic,0.2397717227355649,0.19575655460357666,0.0,0.0,0.0,0.0,0.9951899006962777,110
2025-02-02 16:00:00,SAC Basic,0.24141152186791204,0.6874397397041321,0.0,0.0,0.0,0.0,0.9813343733549118,110
2025-02-02 17:00:00,SAC Basic,0.2432100833408048,0.6585684418678284,0.0,0.0,0.0,0.0,0.9865399181842803,110
2025-02-02 18:00:00,SAC Basic,0.2439007628083239,0.1582038402557373,0.0,0.0,0.0,0.0,0.9918322771787643,110
2025-02-02 19:00:00,SAC Basic,0.24408493562857406,0.08925184607505798,0.0,0.0,0.0,0.0,0.9975254431366921,110
2025-02-02 20:00:00,SAC Basic,0.24430974073807496,0.0759415328502655,0.0,0.0,0.0,0.0,0.9983480662107468,110
2025-02-02 21:00:00,SAC Basic,0.2445287577398628,0.07420510053634644,0.0,0.0,0.0,0.0,0.998498533666134,110
2025-02-02 22:00:00,SAC Basic,0.24474539899985093,0.0734923779964447,0.0,0.0,0.0,0.0,0.9985230252146722,110
2025-02-02 23:00:00,SAC Basic,0.2449398703122149,0.06684139370918274,0.0,0.0,0.0,0.0,0.9985966622829437,110
2025-02-03 00:00:00,SAC Basic,0.24513415039301018,0.06678402423858643,0.0,0.0,0.0,0.0,0.9986637458205223,110
2025-02-03 01:00:00,SAC Basic,0.2453161394993474,0.06309673190116882,0.0,0.0,0.0,0.0,0.9987011924386024,110
2025-02-03 02:00:00,SAC Basic,0.24549426572799785,0.06193786859512329,0.0,0.0,0.0,0.0,0.998749653995037,110
2025-02-03 03:00:00,SAC Basic,0.2456687848822286,0.060855746269226074,0.0,0.0,0.0,0.0,0.9987720638513564,110
2025-02-03 04:00:00,SAC Basic,0.24584292604367042,0.060742348432540894,0.0,0.0,0.0,0.0,0.9987840190529823,110
2025-02-03 05:00:00,SAC Basic,0.24598679274718072,0.06016001105308533,0.0,0.0,0.0,0.0,0.9987909764051438,110
2025-02-03 06:00:00,SAC Basic,0.24612781183878685,0.05930572748184204,0.0,0.0,0.0,0.0,0.9988053426146508,110
2025-02-03 07:00:00,SAC Basic,0.24624940895398562,0.07897913455963135,0.0,0.0,0.0,0.0,0.9982236832380295,110
2025-02-03 08:00:00,SAC Basic,0.24618541839281824,0.10830283164978027,0.0,0.0,0.0,0.0,0.9975407063961029,110
2025-02-03 09:00:00,SAC Basic,0.2456775252803177,0.06863206624984741,0.0,0.0,0.0,0.0,0.9982306510210037,110
2025-02-03 10:00:00,SAC Basic,0.2447777108271927,0.0445556640625,0.0,0.0,0.0,0.0,0.9988681226968765,110
2025-02-03 11:00:00,SAC Basic,0.24365547829389678,0.03733024001121521,0.0,0.0,0.0,0.0,0.9991811409592629,110
2025-02-03 12:00:00,SAC Basic,0.2427999137481064,0.03433063626289368,0.0,0.0,0.0,0.0,0.999283391237259,110
2025-02-03 13:00:00,SAC Basic,0.24234686717112963,0.03808602690696716,0.0,0.0,0.0,0.0,0.9992007255554198,110
2025-02-03 14:00:00,SAC Basic,0.24173770856062674,0.06575241684913635,0.0,0.0,0.0,0.0,0.9984082877635956,110
2025-02-03 15:00:00,SAC Basic,0.24146001148223978,0.11419087648391724,0.0,0.0,0.0,0.0,0.9972317978739739,110
2025-02-03 16:00:00,SAC Basic,0.24235783494790497,0.29034703969955444,0.0,0.0,0.0,0.0,0.9924314975738525,110
2025-02-03 17:00:00,SAC Basic,0.24380905717372997,0.5713666677474976,0.0,0.0,0.0,0.0,0.9857624703645707,110
2025-02-03 18:00:00,SAC Basic,0.24430179870128735,0.21582245826721191,0.0,0.0,0.0,0.0,0.9921281087398529,110
2025-02-03 19:00:00,SAC Basic,0.2444130782524755,0.07588386535644531,0.0,0.0,0.0,0.0,0.9970829367637634,110
2025-02-03 20:00:00,SAC Basic,0.2445134444586446,0.06410986185073853,0.0,0.0,0.0,0.0,0.9986000627279282,110
2025-02-03 21:00:00,SAC Basic,0.24464330105622709,0.07295697927474976,0.0,0.0,0.0,0.0,0.9984523892402648,110
2025-02-03 22:00:00,SAC Basic,0.24477060309807555,0.07219061255455017,0.0,0.0,0.0,0.0,0.998548524081707,110
2025-02-03 23:00:00,SAC Basic,0.24488136584440962,0.06722882390022278,0.0,0.0,0.0,0.0,0.9986058056354523,110
2025-02-04 00:00:00,SAC Basic,0.24499802746375493,0.06899848580360413,0.0,0.0,0.0,0.0,0.998602333664894,110
2025-02-04 01:00:00,SAC Basic,0.24508579669078281,0.07733076810836792,0.0,0.0,0.0,0.0,0.9983700618147849,110
2025-02-04 02:00:00,SAC Basic,0.24515803023258934,0.06417006254196167,0.0,0.0,0.0,0.0,0.9985849916934967,110
2025-02-04 03:00:00,SAC Basic,0.245242368484339,0.06780147552490234,0.0,0.0,0.0,0.0,0.9986076563596725,110
2025-02-04 04:00:00,SAC Basic,0.24530018488725114,0.06834492087364197,0.0,0.0,0.0,0.0,0.9986276671290397,110
2025-02-04 05:00:00,SAC Basic,0.2457007568589855,0.07967159152030945,0.0,0.0,0.0,0.0,0.9982933014631271,110
2025-02-04 06:00:00,SAC Basic,0.24577860015710282,0.08285298943519592,0.0,0.0,0.0,0.0,0.9983111262321472,110
2025-02-04 07:00:00,SAC Basic,0.2459565305471429,0.12987911701202393,0.0,0.0,0.0,0.0,0.9969321563839912,110
2025-02-04 08:00:00,SAC Basic,0.24688102536757878,0.42184844613075256,0.0,0.0,0.0,0.0,0.9886433377861977,110
2025-02-04 09:00:00,SAC Basic,0.24675983950853436,0.17614424228668213,0.0,0.0,0.0,0.0,0.9940200731158257,110
2025-02-04 10:00:00,SAC Basic,0.24658765084584644,0.21184340119361877,0.0,0.0,0.0,0.0,0.9954061403870583,110
2025-02-04 11:00:00,SAC Basic,0.24586663340489157,0.11519476771354675,0.0,0.0,0.0,0.0,0.9967296183109284,110
2025-02-04 12:00:00,SAC Basic,0.24512104888200847,0.1248246431350708,0.0,0.0,0.0,0.0,0.9974072083830834,110
2025-02-04 13:00:00,SAC Basic,0.24627150250276017,0.059636086225509644,0.0,0.0,0.0,0.0,0.9981553927063942,110
2025-02-04 14:00:00,SAC Basic,0.24786255882978522,0.08981689810752869,0.0,0.0,0.0,0.0,0.9979018539190292,110
2025-02-04 15:00:00,SAC Basic,0.2538652548384675,0.04730880260467529,0.0,0.0,0.0,0.0,0.998628742992878,110
2025-02-04 16:00:00,SAC Basic,0.2590616387605676,0.03741517663002014,0.0,0.0,0.0,0.0,0.9991527602076531,110
2025-02-04 17:00:00,SAC Basic,0.2588504435674358,0.08114144206047058,0.0,0.0,0.0,0.0,0.997939908504486,110
2025-02-04 18:00:00,SAC Basic,0.25863176958402084,0.027897804975509644,0.0,0.0,0.0,0.0,0.9989096075296402,110
2025-02-04 19:00:00,SAC Basic,0.2584659493255624,0.01825392246246338,0.0,0.0,0.0,0.0,0.9995384827256203,110
2025-02-04 20:00:00,SAC Basic,0.2582646039366731,0.016096383333206177,0.0,0.0,0.0,0.0,0.9996564969420433,110
2025-02-04 21:00:00,SAC Basic,0.2580428342541068,0.01846909523010254,0.0,0.0,0.0,0.0,0.9996068909764291,110
2025-02-04 22:00:00,SAC Basic,0.25782016652822587,0.018199682235717773,0.0,0.0,0.0,0.0,0.9996333122253418,110
2025-02-04 23:00:00,SAC Basic,0.257633400932154,0.02047032117843628,0.0,0.0,0.0,0.0,0.9995678871870042,110
2025-02-05 00:00:00,SAC Basic,0.2574087145956367,0.017594099044799805,0.0,0.0,0.0,0.0,0.9996193557977676,110
2025-02-05 01:00:00,SAC Basic,0.2571655868132918,0.020561665296554565,0.0,0.0,0.0,0.0,0.9995590910315514,110
2025-02-05 02:00:00,SAC Basic,0.25689357882499786,0.020397603511810303,0.0,0.0,0.0,0.0,0.9995904073119163,110
2025-02-05 03:00:00,SAC Basic,0.256619025718372,0.01963406801223755,0.0,0.0,0.0,0.0,0.9995996832847596,110
2025-02-05 04:00:00,SAC Basic,0.25634596670150844,0.020082294940948486,0.0,0.0,0.0,0.0,0.999593871831894,110
2025-02-05 05:00:00,SAC Basic,0.2560400443983087,0.01872330904006958,0.0,0.0,0.0,0.0,0.9996119439601898,110
2025-02-05 06:00:00,SAC Basic,0.255736457107068,0.01942381262779236,0.0,0.0,0.0,0.0,0.9996045187115669,110
2025-02-05 07:00:00,SAC Basic,0.25542870937744866,0.03517568111419678,0.0,0.0,0.0,0.0,0.999138967692852,110
2025-02-05 08:00:00,SAC Basic,0.25526740989208313,0.13861015439033508,0.0,0.0,0.0,0.0,0.9961934521794319,110
2025-02-05 09:00:00,SAC Basic,0.2552526184527088,0.2675625681877136,0.0,0.0,0.0,0.0,0.993359224498272,110
2025-02-05 10:00:00,SAC Basic,0.2548130544098227,0.19113078713417053,0.0,0.0,0.0,0.0,0.9954130664467812,110
2025-02-05 11:00:00,SAC Basic,0.25392104951858613,0.11489853262901306,0.0,0.0,0.0,0.0,0.9969397068023681,110
2025-02-05 12:00:00,SAC Basic,0.2529716562477757,0.11468201875686646,0.0,0.0,0.0,0.0,0.9977041944861412,110
2025-02-05 13:00:00,SAC Basic,0.2525531095306088,0.2059359848499298,0.0,0.0,0.0,0.0,0.9949687406420707,110
2025-02-05 14:00:00,SAC Basic,0.252068271255494,0.19454851746559143,0.0,0.0,0.0,0.0,0.9959951549768448,110
2025-02-05 15:00:00,SAC Basic,0.25217625068028854,0.3298938274383545,0.0,0.0,0.0,0.0,0.9920486703515052,110
2025-02-05 16:00:00,SAC Basic,0.2527027993210166,0.42146459221839905,0.0,0.0,0.0,0.0,0.9906550005078315,110
2025-02-05 17:00:00,SAC Basic,0.25294210758606683,0.2757924795150757,0.0,0.0,0.0,0.0,0.9930274292826653,110
2025-02-05 18:00:00,SAC Basic,0.25281114799499604,0.07971212267875671,0.0,0.0,0.0,0.0,0.9964449539780618,110
2025-02-05 19:00:00,SAC Basic,0.2526776937524487,0.05346372723579407,0.0,0.0,0.0,0.0,0.9986682415008545,110
2025-02-05 20:00:00,SAC Basic,0.2526274297467877,0.06142079830169678,0.0,0.0,0.0,0.0,0.998692013323307,110
2025-02-05 21:00:00,SAC Basic,0.2525788110947618,0.05341440439224243,0.0,0.0,0.0,0.0,0.9988516479730606,110
2025-02-05 22:00:00,SAC Basic,0.2525215433120737,0.05081966519355774,0.0,0.0,0.0,0.0,0.998957659304142,110
2025-02-05 23:00:00,SAC Basic,0.2524236343336115,0.04712730646133423,0.0,0.0,0.0,0.0,0.9990205302834511,110
2025-02-06 00:00:00,SAC Basic,0.25231390254259206,0.03508046269416809,0.0,0.0,0.0,0.0,0.9991779223084449,110
2025-02-06 01:00:00,SAC Basic,0.25220226588646666,0.03450900316238403,0.0,0.0,0.0,0.0,0.9993041053414344,110
2025-02-06 02:00:00,SAC Basic,0.25208836971759896,0.0338311493396759,0.0,0.0,0.0,0.0,0.9993165984749794,110
2025-02-06 03:00:00,SAC Basic,0.25198753342310687,0.03774911165237427,0.0,0.0,0.0,0.0,0.9992058381438256,110
2025-02-06 04:00:00,SAC Basic,0.2518752202542633,0.03430604934692383,0.0,0.0,0.0,0.0,0.999279448390007,110
2025-02-06 05:00:00,SAC Basic,0.25178361102422175,0.03201723098754883,0.0,0.0,0.0,0.0,0.9993367671966553,110
2025-02-06 06:00:00,SAC Basic,0.2516932212058713,0.03238305449485779,0.0,0.0,0.0,0.0,0.9993486806750298,110
2025-02-06 07:00:00,SAC Basic,0.2516344846312215,0.06737902760505676,0.0,0.0,0.0,0.0,0.9983024597167969,110
2025-02-06 08:00:00,SAC Basic,0.2522769148405403,0.35422906279563904,0.0,0.0,0.0,0.0,0.9900469183921814,110
2025-02-06 09:00:00,SAC Basic,0.25254275925636394,0.32625332474708557,0.0,0.0,0.0,0.0,0.9931951761245728,110
2025-02-06 10:00:00,SAC Basic,0.2519488010708501,0.1363125443458557,0.0,0.0,0.0,0.0,0.9953743413090705,110
2025-02-06 11:00:00,SAC Basic,0.2508575711313894,0.05513101816177368,0.0,0.0,0.0,0.0,0.9980855643749237,110
2025-02-06 12:00:00,SAC Basic,0.24958645553032663,0.0436653196811676,0.0,0.0,0.0,0.0,0.9990120366215706,110
2025-02-06 13:00:00,SAC Basic,0.2483583757416418,0.04807606339454651,0.0,0.0,0.0,0.0,0.9989943712949753,110
2025-02-06 14:00:00,SAC Basic,0.24747078686078494,0.09072333574295044,0.0,0.0,0.0,0.0,0.997759060561657,110
2025-02-06 15:00:00,SAC Basic,0.2470695216194799,0.16012042760849,0.0,0.0,0.0,0.0,0.9961036205291748,110
2025-02-06 16:00:00,SAC Basic,0.24704124592224863,0.23801729083061218,0.0,0.0,0.0,0.0,0.9944606855511665,110
2025-02-06 17:00:00,SAC Basic,0.2477360306334506,0.3614354133605957,0.0,0.0,0.0,0.0,0.9915371105074883,110
2025-02-06 18:00:00,SAC Basic,0.24798600290536987,0.15999168157577515,0.0,0.0,0.0,0.0,0.9947857290506362,110
2025-02-06 19:00:00,SAC Basic,0.24803388069629775,0.08236333727836609,0.0,0.0,0.0,0.0,0.9975764498114585,110
2025-02-06 20:00:00,SAC Basic,0.24805802915016917,0.06674453616142273,0.0,0.0,0.0,0.0,0.9985089212656021,110
2025-02-06 21:00:00,SAC Basic,0.248049522702695,0.056948065757751465,0.0,0.0,0.0,0.0,0.9987630739808083,110
2025-02-06 22:00:00,SAC Basic,0.24802727490107326,0.05282565951347351,0.0,0.0,0.0,0.0,0.9989022627472878,110
2025-02-06 23:00:00,SAC Basic,0.24803808956464238,0.054244399070739746,0.0,0.0,0.0,0.0,0.9989009246230125,110
2025-02-07 00:00:00,SAC Basic,0.2480159679261854,0.052863508462905884,0.0,0.0,0.0,0.0,0.9989289209246635,110
2025-02-07 01:00:00,SAC Basic,0.24803102319479095,0.06401658058166504,0.0,0.0,0.0,0.0,0.998608137667179,110
2025-02-07 02:00:00,SAC Basic,0.24804772057136007,0.06450921297073364,0.0,0.0,0.0,0.0,0.9987048894166947,110
2025-02-07 03:00:00,SAC Basic,0.24806600369691953,0.05648493766784668,0.0,0.0,0.0,0.0,0.9987900584936142,110
2025-02-07 04:00:00,SAC Basic,0.24805303163687492,0.04710838198661804,0.0,0.0,0.0,0.0,0.9989640668034554,110
2025-02-07 05:00:00,SAC Basic,0.2480497547690084,0.050016939640045166,0.0,0.0,0.0,0.0,0.9989705756306648,110
2025-02-07 06:00:00,SAC Basic,0.24806548830588762,0.05572006106376648,0.0,0.0,0.0,0.0,0.9988285675644875,110
2025-02-07 07:00:00,SAC Basic,0.248072802652519,0.0701943039894104,0.0,0.0,0.0,0.0,0.9984513714909553,110
2025-02-07 08:00:00,SAC Basic,0.2485293985621145,0.26447877287864685,0.0,0.0,0.0,0.0,0.9927675798535347,110
2025-02-07 09:00:00,SAC Basic,0.24854736375411457,0.20088955760002136,0.0,0.0,0.0,0.0,0.9953463166952133,110
2025-02-07 10:00:00,SAC Basic,0.24800085914691394,0.10804861783981323,0.0,0.0,0.0,0.0,0.9969106182456017,110
2025-02-07 11:00:00,SAC Basic,0.24688703109979737,0.04835158586502075,0.0,0.0,0.0,0.0,0.9984359979629517,110
2025-02-07 12:00:00,SAC Basic,0.24571793682972698,0.057271718978881836,0.0,0.0,0.0,0.0,0.9987653642892838,110
2025-02-07 13:00:00,SAC Basic,0.24462199411551264,0.07071718573570251,0.0,0.0,0.0,0.0,0.9984512016177177,110
2025-02-07 14:00:00,SAC Basic,0.24390784783125027,0.12575611472129822,0.0,0.0,0.0,0.0,0.9969344884157181,110
2025-02-07 15:00:00,SAC Basic,0.24361803208271765,0.20205527544021606,0.0,0.0,0.0,0.0,0.9951959028840065,110
2025-02-07 16:00:00,SAC Basic,0.24417160083611908,0.3870706260204315,0.0,0.0,0.0,0.0,0.9904084339737892,110
2025-02-07 17:00:00,SAC Basic,0.24584860055446725,0.6560999155044556,0.0,0.0,0.0,0.0,0.9841877087950707,110
2025-02-07 18:00:00,SAC Basic,0.24623398265838725,0.20061463117599487,0.0,0.0,0.0,0.0,0.9914328545331955,110
2025-02-07 19:00:00,SAC Basic,0.2463180722578377,0.09322687983512878,0.0,0.0,0.0,0.0,0.9970615848898887,110
2025-02-07 20:00:00,SAC Basic,0.24641692619323835,0.08915618062019348,0.0,0.0,0.0,0.0,0.9981761693954468,110
2025-02-07 21:00:00,SAC Basic,0.24650848153988625,0.0869666039943695,0.0,0.0,0.0,0.0,0.9982387721538544,110
2025-02-07 22:00:00,SAC Basic,0.24655490597089236,0.0819273293018341,0.0,0.0,0.0,0.0,0.998311060667038,110
2025-02-07 23:00:00,SAC Basic,0.24658729675372545,0.06921723484992981,0.0,0.0,0.0,0.0,0.9984885543584824,110
2025-02-08 00:00:00,SAC Basic,0.24661712950388695,0.06844982504844666,0.0,0.0,0.0,0.0,0.9986233294010163,110
2025-02-08 01:00:00,SAC Basic,0.24662292270739977,0.06123796105384827,0.0,0.0,0.0,0.0,0.998703122138977,110
2025-02-08 02:00:00,SAC Basic,0.2466195755386363,0.05849584937095642,0.0,0.0,0.0,0.0,0.998802661895752,110
2025-02-08 03:00:00,SAC Basic,0.2466453186821948,0.05872294306755066,0.0,0.0,0.0,0.0,0.998823270201683,110
2025-02-08 04:00:00,SAC Basic,0.24666699380874738,0.057502537965774536,0.0,0.0,0.0,0.0,0.9988377451896667,110
2025-02-08 05:00:00,SAC Basic,0.24668042534748816,0.06352946162223816,0.0,0.0,0.0,0.0,0.9986691415309906,110
2025-02-08 06:00:00,SAC Basic,0.24669931518157426,0.06516695022583008,0.0,0.0,0.0,0.0,0.9986802861094475,110
2025-02-08 07:00:00,SAC Basic,0.2468514729857455,0.1391473412513733,0.0,0.0,0.0,0.0,0.9964772492647171,110
2025-02-08 08:00:00,SAC Basic,0.24744976056019566,0.3069862723350525,0.0,0.0,0.0,0.0,0.9921818852424622,110
2025-02-08 09:00:00,SAC Basic,0.24824325237115322,0.2910475432872772,0.0,0.0,0.0,0.0,0.9940196618437768,110
2025-02-08 10:00:00,SAC Basic,0.2480987235776593,0.177641361951828,0.0,0.0,0.0,0.0,0.9953131109476089,110
2025-02-08 11:00:00,SAC Basic,0.24762078865051365,0.12861952185630798,0.0,0.0,0.0,0.0,0.9969373911619186,110
2025-02-08 12:00:00,SAC Basic,0.24761394312779203,0.14444634318351746,0.0,0.0,0.0,0.0,0.9969528049230575,110
2025-02-08 13:00:00,SAC Basic,0.24694307382345296,0.1217392086982727,0.0,0.0,0.0,0.0,0.9973381444811821,110
2025-02-08 14:00:00,SAC Basic,0.2470712452046086,0.20195141434669495,0.0,0.0,0.0,0.0,0.9951588496565819,110
2025-02-08 15:00:00,SAC Basic,0.2475413391772916,0.34502819180488586,0.0,0.0,0.0,0.0,0.9916686683893203,110
2025-02-08 16:00:00,SAC Basic,0.24882945936520998,0.13093605637550354,0.0,0.0,0.0,0.0,0.9952403575181962,110
2025-02-08 17:00:00,SAC Basic,0.24907784459511542,0.1935155689716339,0.0,0.0,0.0,0.0,0.995503893494606,110
2025-02-08 18:00:00,SAC Basic,0.24899740173022053,0.06936714053153992,0.0,0.0,0.0,0.0,0.9973711729049682,110
2025-02-08 19:00:00,SAC Basic,0.24894560737530494,0.06096169352531433,0.0,0.0,0.0,0.0,0.9986967116594315,110
2025-02-08 20:00:00,SAC Basic,0.24890053072929486,0.05447700619697571,0.0,0.0,0.0,0.0,0.9988456130027772,110
2025-02-08 21:00:00,SAC Basic,0.24883096849521105,0.04713132977485657,0.0,0.0,0.0,0.0,0.9989839166402816,110
2025-02-08 22:00:00,SAC Basic,0.24875162066857123,0.04419565200805664,0.0,0.0,0.0,0.0,0.9990867301821709,110
2025-02-08 23:00:00,SAC Basic,0.24871099278132225,0.047311633825302124,0.0,0.0,0.0,0.0,0.9990226075053215,110
2025-02-09 00:00:00,SAC Basic,0.24866140903075643,0.05312487483024597,0.0,0.0,0.0,0.0,0.9988793700933456,110
2025-02-09 01:00:00,SAC Basic,0.24861349745591588,0.045126527547836304,0.0,0.0,0.0,0.0,0.9990174859762192,110
2025-02-09 02:00:00,SAC Basic,0.2485311619464567,0.043299347162246704,0.0,0.0,0.0,0.0,0.9991157412528991,110
2025-02-09 03:00:00,SAC Basic,0.24844803270181126,0.04306122660636902,0.0,0.0,0.0,0.0,0.9991363942623139,110
2025-02-09 04:00:00,SAC Basic,0.2483661799899748,0.0434441864490509,0.0,0.0,0.0,0.0,0.9991272866725922,110
2025-02-09 05:00:00,SAC Basic,0.24829911840200533,0.05638152360916138,0.0,0.0,0.0,0.0,0.9987429961562156,110
2025-02-09 06:00:00,SAC Basic,0.24821412724018208,0.05100265145301819,0.0,0.0,0.0,0.0,0.9989261582493781,110
2025-02-09 07:00:00,SAC Basic,0.24811893619934827,0.06494268774986267,0.0,0.0,0.0,0.0,0.9985617458820343,110
2025-02-09 08:00:00,SAC Basic,0.24836435950676705,0.22662699222564697,0.0,0.0,0.0,0.0,0.9938506171107292,110
2025-02-09 09:00:00,SAC Basic,0.24884551931301857,0.35684794187545776,0.0,0.0,0.0,0.0,0.9915608316659927,110
2025-02-09 10:00:00,SAC Basic,0.24883535643975047,0.26045113801956177,0.0,0.0,0.0,0.0,0.9938270092010498,110
2025-02-09 11:00:00,SAC Basic,0.24848100349664795,0.19119411706924438,0.0,0.0,0.0,0.0,0.9954835474491119,110
2025-02-09 12:00:00,SAC Basic,0.24771320826212673,0.13516142964363098,0.0,0.0,0.0,0.0,0.9967364445328712,110
2025-02-09 13:00:00,SAC Basic,0.24715578838348495,0.1897740364074707,0.0,0.0,0.0,0.0,0.9956583932042122,110
2025-02-09 14:00:00,SAC Basic,0.24708193966865646,0.24984538555145264,0.0,0.0,0.0,0.0,0.9944023787975311,110
2025-02-09 15:00:00,SAC Basic,0.24723322369178244,0.3003852069377899,0.0,0.0,0.0,0.0,0.9934868976473807,110
2025-02-09 16:00:00,SAC Basic,0.24775418117761716,0.22628724575042725,0.0,0.0,0.0,0.0,0.9947332754731179,110
2025-02-09 17:00:00,SAC Basic,0.2479306111836444,0.1719290018081665,0.0,0.0,0.0,0.0,0.996017837524414,110
2025-02-09 18:00:00,SAC Basic,0.24794462032238745,0.0977027416229248,0.0,0.0,0.0,0.0,0.9973036825656891,110
2025-02-09 19:00:00,SAC Basic,0.24791447811683123,0.05895733833312988,0.0,0.0,0.0,0.0,0.9984333992004394,110
2025-02-09 20:00:00,SAC Basic,0.24788793828408026,0.051538050174713135,0.0,0.0,0.0,0.0,0.9988950461149215,110
2025-02-09 21:00:00,SAC Basic,0.2478530227398883,0.05752533674240112,0.0,0.0,0.0,0.0,0.998789620399475,110
2025-02-09 22:00:00,SAC Basic,0.2478245320796977,0.05945280194282532,0.0,0.0,0.0,0.0,0.9987916693091392,110
2025-02-09 23:00:00,SAC Basic,0.2477654483421654,0.05027487874031067,0.0,0.0,0.0,0.0,0.9989027231931686,110
2025-02-10 00:00:00,SAC Basic,0.24770393174171554,0.04954501986503601,0.0,0.0,0.0,0.0,0.9990018010139465,110
2025-02-10 01:00:00,SAC Basic,0.24762352692604173,0.04387855529785156,0.0,0.0,0.0,0.0,0.9990657642483711,110
2025-02-10 02:00:00,SAC Basic,0.2475539766128869,0.04713490605354309,0.0,0.0,0.0,0.0,0.9990247383713723,110
2025-02-10 03:00:00,SAC Basic,0.24749925818761298,0.04308447241783142,0.0,0.0,0.0,0.0,0.9990978062152862,110
2025-02-10 04:00:00,SAC Basic,0.2474420880246173,0.0423489511013031,0.0,0.0,0.0,0.0,0.9991456657648087,110
2025-02-10 05:00:00,SAC Basic,0.24737442370176424,0.047700703144073486,0.0,0.0,0.0,0.0,0.9989924684166909,110
2025-02-10 06:00:00,SAC Basic,0.24731838973522297,0.051189810037612915,0.0,0.0,0.0,0.0,0.9989413127303124,110
2025-02-10 07:00:00,SAC Basic,0.24737982307831557,0.10343000292778015,0.0,0.0,0.0,0.0,0.9974089980125428,110
2025-02-10 08:00:00,SAC Basic,0.24826202714443316,0.41766121983528137,0.0,0.0,0.0,0.0,0.9885044634342194,110
2025-02-10 09:00:00,SAC Basic,0.24846732847611222,0.2655903995037079,0.0,0.0,0.0,0.0,0.9931674838066101,110
2025-02-10 10:00:00,SAC Basic,0.24818235292434807,0.1780073344707489,0.0,0.0,0.0,0.0,0.9955640226602555,110
2025-02-10 11:00:00,SAC Basic,0.247463854344687,0.08195042610168457,0.0,0.0,0.0,0.0,0.9974004223942756,110
2025-02-10 12:00:00,SAC Basic,0.24671973070065298,0.09126290678977966,0.0,0.0,0.0,0.0,0.9980816170573235,110
2025-02-10 13:00:00,SAC Basic,0.24646346954186873,0.06962165236473083,0.0,0.0,0.0,0.0,0.9983911544084548,110
2025-02-10 14:00:00,SAC Basic,0.24601105765740192,0.09377643465995789,0.0,0.0,0.0,0.0,0.9978829234838485,110
2025-02-10 15:00:00,SAC Basic,0.2456841685557377,0.07193326950073242,0.0,0.0,0.0,0.0,0.998342902958393,110
2025-02-10 16:00:00,SAC Basic,0.2459313196698836,0.21864533424377441,0.0,0.0,0.0,0.0,0.9941599726676942,110
2025-02-10 17:00:00,SAC Basic,0.24616001798232512,0.1876094937324524,0.0,0.0,0.0,0.0,0.9959374517202377,110
2025-02-10 18:00:00,SAC Basic,0.24618169304053106,0.09150251746177673,0.0,0.0,0.0,0.0,0.9972088798880577,110
2025-02-10 19:00:00,SAC Basic,0.24621083636363467,0.06824299693107605,0.0,0.0,0.0,0.0,0.9984025448560714,110
2025-02-10 20:00:00,SAC Basic,0.24623531539201854,0.058343708515167236,0.0,0.0,0.0,0.0,0.9987341329455376,110
2025-02-10 21:00:00,SAC Basic,0.24629195360978562,0.0679914653301239,0.0,0.0,0.0,0.0,0.9985436931252479,110
2025-02-10 22:00:00,SAC Basic,0.2463166134389253,0.05839794874191284,0.0,0.0,0.0,0.0,0.9987361058592796,110
2025-02-10 23:00:00,SAC Basic,0.24663128991921857,0.04540294408798218,0.0,0.0,0.0,0.0,0.9989619910717011,110
2025-02-11 00:00:00,SAC Basic,0.24667036913951348,0.04572376608848572,0.0,0.0,0.0,0.0,0.9990823164582253,110
2025-02-11 01:00:00,SAC Basic,0.24671176300684722,0.04641816020011902,0.0,0.0,0.0,0.0,0.9990646928548813,110
2025-02-11 02:00:00,SAC Basic,0.24674674987157294,0.04449605941772461,0.0,0.0,0.0,0.0,0.9990908578038216,110
2025-02-11 03:00:00,SAC Basic,0.24673921226501572,0.048738718032836914,0.0,0.0,0.0,0.0,0.9989827990531921,110
2025-02-11 04:00:00,SAC Basic,0.24675119266192225,0.07159411907196045,0.0,0.0,0.0,0.0,0.9983395636081696,110
2025-02-11 05:00:00,SAC Basic,0.24675806023915717,0.06156027317047119,0.0,0.0,0.0,0.0,0.9986684560775757,110
2025-02-11 06:00:00,SAC Basic,0.24675183840513337,0.04913344979286194,0.0,0.0,0.0,0.0,0.9988930627703667,110
2025-02-11 07:00:00,SAC Basic,0.24688657479922085,0.11692091822624207,0.0,0.0,0.0,0.0,0.9969837069511414,110
2025-02-11 08:00:00,SAC Basic,0.24726862092733493,0.25061383843421936,0.0,0.0,0.0,0.0,0.9936507940292358,110
2025-02-11 09:00:00,SAC Basic,0.2471792239467314,0.1941809058189392,0.0,0.0,0.0,0.0,0.9955520525574684,110
2025-02-11 10:00:00,SAC Basic,0.2467702314599366,0.1578022539615631,0.0,0.0,0.0,0.0,0.996480168402195,110
2025-02-11 11:00:00,SAC Basic,0.24593914417664317,0.04817381501197815,0.0,0.0,0.0,0.0,0.9979402393102647,110
2025-02-11 12:00:00,SAC Basic,0.24507795353333264,0.05614280700683594,0.0,0.0,0.0,0.0,0.9987974539399147,110
2025-02-11 13:00:00,SAC Basic,0.24415163782755642,0.05360528826713562,0.0,0.0,0.0,0.0,0.9989025190472604,110
2025-02-11 14:00:00,SAC Basic,0.24329110505342594,0.064840167760849,0.0,0.0,0.0,0.0,0.9985908478498459,110
2025-02-11 15:00:00,SAC Basic,0.24274131871382504,0.10706409811973572,0.0,0.0,0.0,0.0,0.9974364787340164,110
2025-02-11 16:00:00,SAC Basic,0.24282806965271742,0.22152528166770935,0.0,0.0,0.0,0.0,0.994424882531166,110
2025-02-11 17:00:00,SAC Basic,0.2435803115884474,0.33617258071899414,0.0,0.0,0.0,0.0,0.9921300753951072,110
2025-02-11 18:00:00,SAC Basic,0.24384285328944633,0.13826251029968262,0.0,0.0,0.0,0.0,0.9952556490898132,110
2025-02-11 19:00:00,SAC Basic,0.2441076339070013,0.13043418526649475,0.0,0.0,0.0,0.0,0.9973130330443383,110
2025-02-11 20:00:00,SAC Basic,0.2443210584346464,0.10652735829353333,0.0,0.0,0.0,0.0,0.9976303845643997,110
2025-02-11 21:00:00,SAC Basic,0.24451731189171583,0.08437603712081909,0.0,0.0,0.0,0.0,0.9980909660458565,110
2025-02-11 22:00:00,SAC Basic,0.24470002913395675,0.08031517267227173,0.0,0.0,0.0,0.0,0.998353087902069,110
2025-02-11 23:00:00,SAC Basic,0.24482550677696974,0.07164329290390015,0.0,0.0,0.0,0.0,0.9984804153442383,110
2025-02-12 00:00:00,SAC Basic,0.24493139386336116,0.06576612591743469,0.0,0.0,0.0,0.0,0.9986259058117867,110
2025-02-12 01:00:00,SAC Basic,0.2450626027584087,0.06486266851425171,0.0,0.0,0.0,0.0,0.9986937120556831,110
2025-02-12 02:00:00,SAC Basic,0.2451897510870309,0.06364449858665466,0.0,0.0,0.0,0.0,0.9987149283289909,110
2025-02-12 03:00:00,SAC Basic,0.2453140339223555,0.06278485059738159,0.0,0.0,0.0,0.0,0.9987357065081597,110
2025-02-12 04:00:00,SAC Basic,0.24545925116777534,0.060565173625946045,0.0,0.0,0.0,0.0,0.9987664997577667,110
2025-02-12 05:00:00,SAC Basic,0.2455775645979257,0.06099402904510498,0.0,0.0,0.0,0.0,0.9987758308649064,110
2025-02-12 06:00:00,SAC Basic,0.24567285447518145,0.0625869631767273,0.0,0.0,0.0,0.0,0.9987323313951493,110
2025-02-12 07:00:00,SAC Basic,0.24578505266587053,0.08465945720672607,0.0,0.0,0.0,0.0,0.9980860859155655,110
2025-02-12 08:00:00,SAC Basic,0.24653267169634618,0.36878570914268494,0.0,0.0,0.0,0.0,0.9897830232977868,110
2025-02-12 09:00:00,SAC Basic,0.24600656933069345,0.08016929030418396,0.0,0.0,0.0,0.0,0.9955104500055313,110
2025-02-12 10:00:00,SAC Basic,0.24507363032420595,0.043118298053741455,0.0,0.0,0.0,0.0,0.9987671241164208,110
2025-02-12 11:00:00,SAC Basic,0.2438503077483189,0.04100322723388672,0.0,0.0,0.0,0.0,0.9991587847471237,110
2025-02-12 12:00:00,SAC Basic,0.2424473649827651,0.038117170333862305,0.0,0.0,0.0,0.0,0.9992087960243226,110
2025-02-12 13:00:00,SAC Basic,0.24106198522249975,0.0433860719203949,0.0,0.0,0.0,0.0,0.9990795895457268,110
2025-02-12 14:00:00,SAC Basic,0.239856173960369,0.06325662136077881,0.0,0.0,0.0,0.0,0.9985361620783806,110
2025-02-12 15:00:00,SAC Basic,0.23914440487384914,0.14346927404403687,0.0,0.0,0.0,0.0,0.9963284879922867,110
2025-02-12 16:00:00,SAC Basic,0.23927999048948403,0.31267568469047546,0.0,0.0,0.0,0.0,0.9920544221997261,110
2025-02-12 17:00:00,SAC Basic,0.24093237348953997,0.6487149000167847,0.0,0.0,0.0,0.0,0.9836653098464012,110
2025-02-12 18:00:00,SAC Basic,0.24185972529888267,0.32920554280281067,0.0,0.0,0.0,0.0,0.990220795571804,110
2025-02-12 19:00:00,SAC Basic,0.24215912509044127,0.11531993746757507,0.0,0.0,0.0,0.0,0.9955547451972961,110
2025-02-12 20:00:00,SAC Basic,0.24242116743962086,0.09561270475387573,0.0,0.0,0.0,0.0,0.9978906735777855,110
2025-02-12 21:00:00,SAC Basic,0.24262796075344203,0.07903799414634705,0.0,0.0,0.0,0.0,0.9982534930109978,110
2025-02-12 22:00:00,SAC Basic,0.2428320425526313,0.0782245397567749,0.0,0.0,0.0,0.0,0.9984273746609688,110
2025-02-12 23:00:00,SAC Basic,0.24303146227518838,0.07682591676712036,0.0,0.0,0.0,0.0,0.998449495434761,110
2025-02-13 00:00:00,SAC Basic,0.24327982413371524,0.08300855755805969,0.0,0.0,0.0,0.0,0.9982780024409293,110
2025-02-13 01:00:00,SAC Basic,0.2435320940701179,0.08418098092079163,0.0,0.0,0.0,0.0,0.9983046561479569,110
2025-02-13 02:00:00,SAC Basic,0.24377861364841583,0.08245587348937988,0.0,0.0,0.0,0.0,0.9983336314558983,110
2025-02-13 03:00:00,SAC Basic,0.24401426133950674,0.07919430732727051,0.0,0.0,0.0,0.0,0.9983834981918336,110
2025-02-13 04:00:00,SAC Basic,0.24424375038067622,0.07734671235084534,0.0,0.0,0.0,0.0,0.9984345898032189,110
2025-02-13 05:00:00,SAC Basic,0.24445613735914354,0.07221609354019165,0.0,0.0,0.0,0.0,0.9985043719410897,110
2025-02-13 06:00:00,SAC Basic,0.24462457657416786,0.0675317645072937,0.0,0.0,0.0,0.0,0.9986025214195251,110
2025-02-13 07:00:00,SAC Basic,0.2448281166648877,0.10356202721595764,0.0,0.0,0.0,0.0,0.9975684568285942,110
2025-02-13 08:00:00,SAC Basic,0.24476189861138786,0.11613458395004272,0.0,0.0,0.0,0.0,0.9975515827536583,110
2025-02-13 09:00:00,SAC Basic,0.24419983603557077,0.060881227254867554,0.0,0.0,0.0,0.0,0.9982298418879509,110
2025-02-13 10:00:00,SAC Basic,0.24330589611689377,0.04631802439689636,0.0,0.0,0.0,0.0,0.9989280074834823,110
2025-02-13 11:00:00,SAC Basic,0.24203071226755904,0.03394484519958496,0.0,0.0,0.0,0.0,0.9991973713040352,110
2025-02-13 12:00:00,SAC Basic,0.24064261629104738,0.03407120704650879,0.0,0.0,0.0,0.0,0.9993173122406006,110
2025-02-13 13:00:00,SAC Basic,0.23935325219710796,0.05519077181816101,0.0,0.0,0.0,0.0,0.9986849889159203,110
2025-02-13 14:00:00,SAC Basic,0.23853326733271407,0.145004540681839,0.0,0.0,0.0,0.0,0.9962017714977265,110
2025-02-13 15:00:00,SAC Basic,0.23856677141348645,0.35005122423171997,0.0,0.0,0.0,0.0,0.9909485086798668,110
2025-02-13 16:00:00,SAC Basic,0.24029404843807348,0.7731831073760986,0.0,0.0,0.0,0.0,0.9803050190210343,110
2025-02-13 17:00:00,SAC Basic,0.2439600098530464,1.2527884244918823,0.0,0.0,0.0,0.0,0.9701481783390046,110
2025-02-13 18:00:00,SAC Basic,0.24494372527043148,0.3631146252155304,0.0,0.0,0.0,0.0,0.9838409695029259,110
2025-02-13 19:00:00,SAC Basic,0.24515585935751721,0.10614022612571716,0.0,0.0,0.0,0.0,0.9953074514865875,110
2025-02-13 20:00:00,SAC Basic,0.24529345263799154,0.07527798414230347,0.0,0.0,0.0,0.0,0.9981858178973199,110
2025-02-13 21:00:00,SAC Basic,0.2454297957110417,0.07490292191505432,0.0,0.0,0.0,0.0,0.9984981909394264,110
2025-02-13 22:00:00,SAC Basic,0.24556129093965012,0.07344856858253479,0.0,0.0,0.0,0.0,0.9985164850950241,110
2025-02-13 23:00:00,SAC Basic,0.2457043638738008,0.07692188024520874,0.0,0.0,0.0,0.0,0.9984268292784692,110
2025-02-14 00:00:00,SAC Basic,0.2458378725147259,0.06555259227752686,0.0,0.0,0.0,0.0,0.9985752552747726,110
2025-02-14 01:00:00,SAC Basic,0.2459805185476951,0.06829380989074707,0.0,0.0,0.0,0.0,0.9986067116260529,110
2025-02-14 02:00:00,SAC Basic,0.24611922968069833,0.06711333990097046,0.0,0.0,0.0,0.0,0.9986459285020828,110
2025-02-14 03:00:00,SAC Basic,0.24624184110244238,0.06228342652320862,0.0,0.0,0.0,0.0,0.9987060323357583,110
2025-02-14 04:00:00,SAC Basic,0.24635290114402897,0.05881801247596741,0.0,0.0,0.0,0.0,0.9987889856100082,110
2025-02-14 05:00:00,SAC Basic,0.24646223265091705,0.05829945206642151,0.0,0.0,0.0,0.0,0.9988288253545761,110
2025-02-14 06:00:00,SAC Basic,0.24657076694568128,0.058060288429260254,0.0,0.0,0.0,0.0,0.9988364025950431,110
2025-02-14 07:00:00,SAC Basic,0.24667138097365826,0.08118420839309692,0.0,0.0,0.0,0.0,0.9981450766324996,110
2025-02-14 08:00:00,SAC Basic,0.24672614865938955,0.1609303057193756,0.0,0.0,0.0,0.0,0.9959839329123497,110
2025-02-14 09:00:00,SAC Basic,0.2461538310702655,0.07480472326278687,0.0,0.0,0.0,0.0,0.9976426497101784,110
2025-02-14 10:00:00,SAC Basic,0.24513440592130156,0.04267245531082153,0.0,0.0,0.0,0.0,0.9988252282142639,110
2025-02-14 11:00:00,SAC Basic,0.24384528971751662,0.03826513886451721,0.0,0.0,0.0,0.0,0.9991906240582465,110
2025-02-14 12:00:00,SAC Basic,0.24240582692066961,0.035661160945892334,0.0,0.0,0.0,0.0,0.9992607370018959,110
2025-02-14 13:00:00,SAC Basic,0.24093286528587474,0.042611509561538696,0.0,0.0,0.0,0.0,0.9990782663226128,110
2025-02-14 14:00:00,SAC Basic,0.23963420409202707,0.060901641845703125,0.0,0.0,0.0,0.0,0.9985990658402444,110
2025-02-14 15:00:00,SAC Basic,0.239114462261996,0.21807745099067688,0.0,0.0,0.0,0.0,0.9940666928887367,110
2025-02-14 16:00:00,SAC Basic,0.2407210840535177,0.7539865374565125,0.0,0.0,0.0,0.0,0.9795611783862114,110
2025-02-14 17:00:00,SAC Basic,0.24450982143322755,1.2981212139129639,0.0,0.0,0.0,0.0,0.9685962289571762,110
2025-02-14 18:00:00,SAC Basic,0.24553853613933058,0.3681144118309021,0.0,0.0,0.0,0.0,0.9833376437425614,110
2025-02-14 19:00:00,SAC Basic,0.24585717680692803,0.12109220027923584,0.0,0.0,0.0,0.0,0.9951079338788986,110
2025-02-14 20:00:00,SAC Basic,0.2460531173737857,0.06728217005729675,0.0,0.0,0.0,0.0,0.9981162562966347,110
2025-02-14 21:00:00,SAC Basic,0.2462237617294007,0.05969330668449402,0.0,0.0,0.0,0.0,0.9987302452325821,110
2025-02-14 22:00:00,SAC Basic,0.24643177746931846,0.06240472197532654,0.0,0.0,0.0,0.0,0.9987247914075851,110
2025-02-14 23:00:00,SAC Basic,0.24665709892114138,0.067596435546875,0.0,0.0,0.0,0.0,0.998596154153347,110
2025-02-15 00:00:00,SAC Basic,0.24686386793057258,0.06203070282936096,0.0,0.0,0.0,0.0,0.9987037286162376,110
2025-02-15 01:00:00,SAC Basic,0.2470588123718911,0.05848333239555359,0.0,0.0,0.0,0.0,0.9987948596477508,110
2025-02-15 02:00:00,SAC Basic,0.24723720112641787,0.05351662635803223,0.0,0.0,0.0,0.0,0.9988800004124642,110
2025-02-15 03:00:00,SAC Basic,0.24740966219902172,0.05173832178115845,0.0,0.0,0.0,0.0,0.9989474505186081,110
2025-02-15 04:00:00,SAC Basic,0.24757879882256323,0.050740987062454224,0.0,0.0,0.0,0.0,0.9989752069115639,110
2025-02-15 05:00:00,SAC Basic,0.24774611154397463,0.05019381642341614,0.0,0.0,0.0,0.0,0.9989906519651413,110
2025-02-15 06:00:00,SAC Basic,0.24791165053049857,0.04966169595718384,0.0,0.0,0.0,0.0,0.999001444876194,110
2025-02-15 07:00:00,SAC Basic,0.24830666268189877,0.05250364542007446,0.0,0.0,0.0,0.0,0.9989215075969695,110
2025-02-15 08:00:00,SAC Basic,0.24865978349050016,0.14193624258041382,0.0,0.0,0.0,0.0,0.9962669491767883,110
2025-02-15 09:00:00,SAC Basic,0.24832135310570527,0.1109708845615387,0.0,0.0,0.0,0.0,0.9974709287285805,110
2025-02-15 10:00:00,SAC Basic,0.24746529962062966,0.06618395447731018,0.0,0.0,0.0,0.0,0.9982284516096115,110
2025-02-15 11:00:00,SAC Basic,0.24631359778881204,0.036989450454711914,0.0,0.0,0.0,0.0,0.9989682659506798,110
2025-02-15 12:00:00,SAC Basic,0.24484432074864837,0.026716887950897217,0.0,0.0,0.0,0.0,0.999362936615944,110
2025-02-15 13:00:00,SAC Basic,0.24361691078424585,0.039777010679244995,0.0,0.0,0.0,0.0,0.9990738585591317,110
2025-02-15 14:00:00,SAC Basic,0.2426112073183073,0.07228896021842957,0.0,0.0,0.0,0.0,0.9982291013002396,110
2025-02-15 15:00:00,SAC Basic,0.2420259744906439,0.1474301517009735,0.0,0.0,0.0,0.0,0.9962999850511551,110
2025-02-15 16:00:00,SAC Basic,0.2430218073566768,0.5282498598098755,0.0,0.0,0.0,0.0,0.9856268057227134,110
2025-02-15 17:00:00,SAC Basic,0.24413267325242496,0.46925976872444153,0.0,0.0,0.0,0.0,0.9900249037146569,110
2025-02-15 18:00:00,SAC Basic,0.24451517946640786,0.18275186419487,0.0,0.0,0.0,0.0,0.9934798836708069,110
2025-02-15 19:00:00,SAC Basic,0.24463590883731978,0.07871881127357483,0.0,0.0,0.0,0.0,0.9973852932453156,110
2025-02-15 20:00:00,SAC Basic,0.24507995945135885,0.07571518421173096,0.0,0.0,0.0,0.0,0.9984556600451469,110
2025-02-15 21:00:00,SAC Basic,0.2455059685015691,0.06180271506309509,0.0,0.0,0.0,0.0,0.9986248210072517,110
2025-02-15 22:00:00,SAC Basic,0.24592203251679862,0.058819204568862915,0.0,0.0,0.0,0.0,0.9987937808036804,110
2025-02-15 23:00:00,SAC Basic,0.2463363190889371,0.04978597164154053,0.0,0.0,0.0,0.0,0.9989139482378959,110
2025-02-16 00:00:00,SAC Basic,0.24675417399247612,0.05085647106170654,0.0,0.0,0.0,0.0,0.9989721655845643,110
2025-02-16 01:00:00,SAC Basic,0.2468553779093437,0.05586117506027222,0.0,0.0,0.0,0.0,0.9988327294588089,110
2025-02-16 02:00:00,SAC Basic,0.24726164318641153,0.04737958312034607,0.0,0.0,0.0,0.0,0.9989675924181939,110
2025-02-16 03:00:00,SAC Basic,0.2476304635667813,0.044646114110946655,0.0,0.0,0.0,0.0,0.9990797430276871,110
2025-02-16 04:00:00,SAC Basic,0.2545548371251436,0.01131206750869751,0.0,0.0,0.0,0.0,0.9994404181838036,110
2025-02-16 05:00:00,SAC Basic,0.2588201366551729,0.013589859008789062,0.0,0.0,0.0,0.0,0.9997054249048233,110
2025-02-16 06:00:00,SAC Basic,0.2591002270778031,0.018027126789093018,0.0,0.0,0.0,0.0,0.9995950847864151,110
2025-02-16 07:00:00,SAC Basic,0.2593358976014466,0.021701157093048096,0.0,0.0,0.0,0.0,0.9995292365550995,110
2025-02-16 08:00:00,SAC Basic,0.2623128276681911,0.029079020023345947,0.0,0.0,0.0,0.0,0.99934464097023,110
2025-02-16 09:00:00,SAC Basic,0.2637699792488427,0.015645474195480347,0.0,0.0,0.0,0.0,0.9995527550578117,110
2025-02-16 10:00:00,SAC Basic,0.26422551840543856,0.008661746978759766,0.0,0.0,0.0,0.0,0.9997569277882575,110
2025-02-16 11:00:00,SAC Basic,0.2645444036459934,0.010165572166442871,0.0,0.0,0.0,0.0,0.9997816503047943,110
2025-02-16 12:00:00,SAC Basic,0.2637264253608397,0.01160651445388794,0.0,0.0,0.0,0.0,0.9997534602880478,110
2025-02-16 13:00:00,SAC Basic,0.262446636590164,0.015563368797302246,0.0,0.0,0.0,0.0,0.9996491640806199,110
2025-02-16 14:00:00,SAC Basic,0.26168473687251514,0.011430084705352783,0.0,0.0,0.0,0.0,0.9997300654649734,110
2025-02-16 15:00:00,SAC Basic,0.2606950674239805,0.017599165439605713,0.0,0.0,0.0,0.0,0.9995863258838653,110
2025-02-16 16:00:00,SAC Basic,0.26000839064200826,0.031996965408325195,0.0,0.0,0.0,0.0,0.9992160826921462,110
2025-02-16 17:00:00,SAC Basic,0.2598146204042446,0.06936892867088318,0.0,0.0,0.0,0.0,0.9982389017939568,110
2025-02-16 18:00:00,SAC Basic,0.2596951407702775,0.03215610980987549,0.0,0.0,0.0,0.0,0.9989847496151923,110
2025-02-16 19:00:00,SAC Basic,0.2595877162098896,0.018772631883621216,0.0,0.0,0.0,0.0,0.999490712583065,110
2025-02-16 20:00:00,SAC Basic,0.25954989699443287,0.022654235363006592,0.0,0.0,0.0,0.0,0.999508099257946,110
2025-02-16 21:00:00,SAC Basic,0.25951120308081416,0.022391825914382935,0.0,0.0,0.0,0.0,0.9995495393872261,110
2025-02-16 22:00:00,SAC Basic,0.2595044709332795,0.023480355739593506,0.0,0.0,0.0,0.0,0.9995195075869561,110
2025-02-16 23:00:00,SAC Basic,0.25949537993192784,0.02277269959449768,0.0,0.0,0.0,0.0,0.9995374694466591,110
2025-02-17 00:00:00,SAC Basic,0.2594539461914709,0.021569877862930298,0.0,0.0,0.0,0.0,0.9995565742254257,110
2025-02-17 01:00:00,SAC Basic,0.25944145772536703,0.0217534601688385,0.0,0.0,0.0,0.0,0.9995630949735641,110
2025-02-17 02:00:00,SAC Basic,0.2597507541926713,0.01828894019126892,0.0,0.0,0.0,0.0,0.9995995759963989,110
2025-02-17 03:00:00,SAC Basic,0.25974044626315546,0.022407621145248413,0.0,0.0,0.0,0.0,0.9995106607675552,110
2025-02-17 04:00:00,SAC Basic,0.2600471494317066,0.017510950565338135,0.0,0.0,0.0,0.0,0.9996008142828942,110
2025-02-17 05:00:00,SAC Basic,0.26002915349642547,0.020101219415664673,0.0,0.0,0.0,0.0,0.9995720729231835,110
2025-02-17 06:00:00,SAC Basic,0.2603612902323416,0.01664102077484131,0.0,0.0,0.0,0.0,0.9996325775980949,110
2025-02-17 07:00:00,SAC Basic,0.260612628599009,0.017901510000228882,0.0,0.0,0.0,0.0,0.9996293649077416,110
2025-02-17 08:00:00,SAC Basic,0.2603211062471083,0.04004329442977905,0.0,0.0,0.0,0.0,0.9989777162671089,110
2025-02-17 09:00:00,SAC Basic,0.2596674445120504,0.024901479482650757,0.0,0.0,0.0,0.0,0.9993505522608757,110
2025-02-17 10:00:00,SAC Basic,0.2587133920844407,0.019784271717071533,0.0,0.0,0.0,0.0,0.9995531424880028,110
2025-02-17 11:00:00,SAC Basic,0.25749390685717377,0.01665443181991577,0.0,0.0,0.0,0.0,0.9996356129646301,110
2025-02-17 12:00:00,SAC Basic,0.25616432284196333,0.01762479543685913,0.0,0.0,0.0,0.0,0.9996378004550933,110
2025-02-17 13:00:00,SAC Basic,0.25483832454284144,0.018700510263442993,0.0,0.0,0.0,0.0,0.9996152326464653,110
2025-02-17 14:00:00,SAC Basic,0.25361262029886356,0.023288726806640625,0.0,0.0,0.0,0.0,0.9994883432984352,110
2025-02-17 15:00:00,SAC Basic,0.25262373289585227,0.026333779096603394,0.0,0.0,0.0,0.0,0.9994428738951683,110
2025-02-17 16:00:00,SAC Basic,0.2526689819534631,0.0345747172832489,0.0,0.0,0.0,0.0,0.9992260962724686,110
2025-02-17 17:00:00,SAC Basic,0.2524514684367191,0.07074594497680664,0.0,0.0,0.0,0.0,0.9982233688235282,110
2025-02-17 18:00:00,SAC Basic,0.2527440770252557,0.04728257656097412,0.0,0.0,0.0,0.0,0.9988197147846222,110
2025-02-17 19:00:00,SAC Basic,0.2530959376660994,0.031058192253112793,0.0,0.0,0.0,0.0,0.9992165923118591,110
2025-02-17 20:00:00,SAC Basic,0.25310916214704626,0.029467344284057617,0.0,0.0,0.0,0.0,0.9993947446346283,110
2025-02-17 21:00:00,SAC Basic,0.25314081737756844,0.03499656915664673,0.0,0.0,0.0,0.0,0.9992447763681411,110
2025-02-17 22:00:00,SAC Basic,0.2531739244778963,0.035432130098342896,0.0,0.0,0.0,0.0,0.9992870017886162,110
2025-02-17 23:00:00,SAC Basic,0.25319982388655465,0.03326982259750366,0.0,0.0,0.0,0.0,0.9993129804730415,110
2025-02-18 00:00:00,SAC Basic,0.2532255042481435,0.033204108476638794,0.0,0.0,0.0,0.0,0.9993352606892586,110
2025-02-18 01:00:00,SAC Basic,0.2532856477840754,0.03504306077957153,0.0,0.0,0.0,0.0,0.9992807492613792,110
2025-02-18 02:00:00,SAC Basic,0.25334072790543366,0.0335240364074707,0.0,0.0,0.0,0.0,0.9993143290281296,110
2025-02-18 03:00:00,SAC Basic,0.25339539675474293,0.033400654792785645,0.0,0.0,0.0,0.0,0.9993307530879975,110
2025-02-18 04:00:00,SAC Basic,0.25344598765293885,0.03217726945877075,0.0,0.0,0.0,0.0,0.9993442207574844,110
2025-02-18 05:00:00,SAC Basic,0.2534962179430339,0.03206908702850342,0.0,0.0,0.0,0.0,0.9993575364351273,110
2025-02-18 06:00:00,SAC Basic,0.2535194326591505,0.032464414834976196,0.0,0.0,0.0,0.0,0.9993467584252358,110
2025-02-18 07:00:00,SAC Basic,0.25352704880555604,0.04478484392166138,0.0,0.0,0.0,0.0,0.9989810988306999,110
2025-02-18 08:00:00,SAC Basic,0.25333439817587666,0.052704811096191406,0.0,0.0,0.0,0.0,0.9988667041063308,110
2025-02-18 09:00:00,SAC Basic,0.25265543897072607,0.025812238454818726,0.0,0.0,0.0,0.0,0.9992148295044899,110
2025-02-18 10:00:00,SAC Basic,0.2516688947923991,0.018536746501922607,0.0,0.0,0.0,0.0,0.9995565101504326,110
2025-02-18 11:00:00,SAC Basic,0.2508114621718738,0.016770213842391968,0.0,0.0,0.0,0.0,0.9996469303965568,110
2025-02-18 12:00:00,SAC Basic,0.24950972074508798,0.017477571964263916,0.0,0.0,0.0,0.0,0.999643374979496,110
2025-02-18 13:00:00,SAC Basic,0.24855965873003133,0.014481395483016968,0.0,0.0,0.0,0.0,0.9996804103255271,110
2025-02-18 14:00:00,SAC Basic,0.2477373250667267,0.018799901008605957,0.0,0.0,0.0,0.0,0.999580816924572,110
2025-02-18 15:00:00,SAC Basic,0.24724147945881014,0.048746317625045776,0.0,0.0,0.0,0.0,0.9987256094813346,110
2025-02-18 16:00:00,SAC Basic,0.24676729701201244,0.07024526596069336,0.0,0.0,0.0,0.0,0.9983801051974296,110
2025-02-18 17:00:00,SAC Basic,0.24678068669080858,0.13151690363883972,0.0,0.0,0.0,0.0,0.9967569455504417,110
2025-02-18 18:00:00,SAC Basic,0.24692562422275666,0.09448125958442688,0.0,0.0,0.0,0.0,0.9977400183677673,110
2025-02-18 19:00:00,SAC Basic,0.2470323520000788,0.057518333196640015,0.0,0.0,0.0,0.0,0.9984800040721894,110
2025-02-18 20:00:00,SAC Basic,0.24713678946892548,0.0568312406539917,0.0,0.0,0.0,0.0,0.9988565042614936,110
2025-02-18 21:00:00,SAC Basic,0.24723859588941066,0.05604192614555359,0.0,0.0,0.0,0.0,0.9988712683320045,110
2025-02-18 22:00:00,SAC Basic,0.2473615344087296,0.053881555795669556,0.0,0.0,0.0,0.0,0.9989007651805878,110
2025-02-18 23:00:00,SAC Basic,0.2474824374294294,0.05327090620994568,0.0,0.0,0.0,0.0,0.9989284753799439,110
2025-02-19 00:00:00,SAC Basic,0.24760826280037695,0.05474761128425598,0.0,0.0,0.0,0.0,0.9988902807235718,110
2025-02-19 01:00:00,SAC Basic,0.24772521204630668,0.052084773778915405,0.0,0.0,0.0,0.0,0.9989316761493683,110
2025-02-19 02:00:00,SAC Basic,0.24812028754472867,0.04402264952659607,0.0,0.0,0.0,0.0,0.9990389257669449,110
2025-02-19 03:00:00,SAC Basic,0.24820273089965322,0.05023300647735596,0.0,0.0,0.0,0.0,0.9989332363009452,110
2025-02-19 04:00:00,SAC Basic,0.24824650646925106,0.047132670879364014,0.0,0.0,0.0,0.0,0.9990263432264328,110
2025-02-19 05:00:00,SAC Basic,0.24888957880020277,0.0354216992855072,0.0,0.0,0.0,0.0,0.9991744562983512,110
2025-02-19 06:00:00,SAC Basic,0.2489439190618211,0.04180207848548889,0.0,0.0,0.0,0.0,0.9991001546382905,110
2025-02-19 07:00:00,SAC Basic,0.24900198408285912,0.059919506311416626,0.0,0.0,0.0,0.0,0.9986204355955124,110
2025-02-19 08:00:00,SAC Basic,0.24877314247210958,0.058847516775131226,0.0,0.0,0.0,0.0,0.9988123297691346,110
2025-02-19 09:00:00,SAC Basic,0.24811943427801267,0.03338754177093506,0.0,0.0,0.0,0.0,0.9990776494145394,110
2025-02-19 10:00:00,SAC Basic,0.2471363911104216,0.02808704972267151,0.0,0.0,0.0,0.0,0.999385254085064,110
2025-02-19 11:00:00,SAC Basic,0.2459225303093606,0.02684175968170166,0.0,0.0,0.0,0.0,0.9994507119059562,110
2025-02-19 12:00:00,SAC Basic,0.24459221636851766,0.02590581774711609,0.0,0.0,0.0,0.0,0.9994725242257118,110
2025-02-19 13:00:00,SAC Basic,0.24327170540491877,0.028846710920333862,0.0,0.0,0.0,0.0,0.9993936568498611,110
2025-02-19 14:00:00,SAC Basic,0.24209703813473518,0.03859981894493103,0.0,0.0,0.0,0.0,0.9991304725408554,110
2025-02-19 15:00:00,SAC Basic,0.24124897465229173,0.06858095526695251,0.0,0.0,0.0,0.0,0.9983285695314408,110
2025-02-19 16:00:00,SAC Basic,0.24093890760024525,0.13647988438606262,0.0,0.0,0.0,0.0,0.9965914130210876,110
2025-02-19 17:00:00,SAC Basic,0.24176627028147515,0.2842088043689728,0.0,0.0,0.0,0.0,0.9928385347127914,110
2025-02-19 18:00:00,SAC Basic,0.24227514456828572,0.21216228604316711,0.0,0.0,0.0,0.0,0.9950362890958786,110
2025-02-19 19:00:00,SAC Basic,0.24245947732766604,0.08929982781410217,0.0,0.0,0.0,0.0,0.9969853788614272,110
2025-02-19 20:00:00,SAC Basic,0.2426417097854628,0.08016973733901978,0.0,0.0,0.0,0.0,0.9983053043484688,110
2025-02-19 21:00:00,SAC Basic,0.24284743591070315,0.08721783757209778,0.0,0.0,0.0,0.0,0.9981851622462273,110
2025-02-19 22:00:00,SAC Basic,0.24308334311326485,0.08777216076850891,0.0,0.0,0.0,0.0,0.9982390135526658,110
2025-02-19 23:00:00,SAC Basic,0.24326817930062755,0.08095085620880127,0.0,0.0,0.0,0.0,0.9983127698302269,110
2025-02-20 00:00:00,SAC Basic,0.24347785549243436,0.07990285754203796,0.0,0.0,0.0,0.0,0.9983914628624917,110
2025-02-20 01:00:00,SAC Basic,0.24365905109485136,0.07135868072509766,0.0,0.0,0.0,0.0,0.9984873846173287,110
2025-02-20 02:00:00,SAC Basic,0.2438118070689852,0.07132679224014282,0.0,0.0,0.0,0.0,0.9985731452703476,110
2025-02-20 03:00:00,SAC Basic,0.24395925425609102,0.06973415613174438,0.0,0.0,0.0,0.0,0.9985893905162812,110
2025-02-20 04:00:00,SAC Basic,0.24410320861101303,0.06868630647659302,0.0,0.0,0.0,0.0,0.9986157953739165,110
2025-02-20 05:00:00,SAC Basic,0.24425904763539785,0.07225170731544495,0.0,0.0,0.0,0.0,0.9985193118453025,110
2025-02-20 06:00:00,SAC Basic,0.24439632726351576,0.06668388843536377,0.0,0.0,0.0,0.0,0.9986106440424919,110
2025-02-20 07:00:00,SAC Basic,0.24481250648021852,0.07585376501083374,0.0,0.0,0.0,0.0,0.9983912259340286,110
2025-02-20 08:00:00,SAC Basic,0.24552076990922445,0.23997902870178223,0.0,0.0,0.0,0.0,0.9935591667890549,110
2025-02-20 09:00:00,SAC Basic,0.24535909786065574,0.15549838542938232,0.0,0.0,0.0,0.0,0.9960452258586884,110
2025-02-20 10:00:00,SAC Basic,0.2450365053733205,0.07522225379943848,0.0,0.0,0.0,0.0,0.9976927936077118,110
2025-02-20 11:00:00,SAC Basic,0.2441305732313807,0.0512203574180603,0.0,0.0,0.0,0.0,0.9987355738878251,110
2025-02-20 12:00:00,SAC Basic,0.24386524261077397,0.060400813817977905,0.0,0.0,0.0,0.0,0.9987001791596413,110
2025-02-20 13:00:00,SAC Basic,0.2431665704727188,0.04739835858345032,0.0,0.0,0.0,0.0,0.9989220082759858,110
2025-02-20 14:00:00,SAC Basic,0.2420934027616198,0.043549686670303345,0.0,0.0,0.0,0.0,0.9990905195474625,110
2025-02-20 15:00:00,SAC Basic,0.24144846426089756,0.1040184497833252,0.0,0.0,0.0,0.0,0.9973149433732033,110
2025-02-20 16:00:00,SAC Basic,0.2414149938217814,0.21095886826515198,0.0,0.0,0.0,0.0,0.9947114184498786,110
2025-02-20 17:00:00,SAC Basic,0.24218424837907307,0.3582763671875,0.0,0.0,0.0,0.0,0.9913612976670265,110
2025-02-20 18:00:00,SAC Basic,0.24266533918539834,0.212327241897583,0.0,0.0,0.0,0.0,0.9942939639091493,110
2025-02-20 19:00:00,SAC Basic,0.24287588182846856,0.10566279292106628,0.0,0.0,0.0,0.0,0.9968200996518135,110
2025-02-20 20:00:00,SAC Basic,0.2430408463239685,0.07498934864997864,0.0,0.0,0.0,0.0,0.9981934785842895,110
2025-02-20 21:00:00,SAC Basic,0.24320130868196643,0.07363870739936829,0.0,0.0,0.0,0.0,0.9985137194395065,110
2025-02-20 22:00:00,SAC Basic,0.24341259221236067,0.08038505911827087,0.0,0.0,0.0,0.0,0.9983248353004456,110
2025-02-20 23:00:00,SAC Basic,0.24360664476792177,0.0837157666683197,0.0,0.0,0.0,0.0,0.9982923775911331,110
2025-02-21 00:00:00,SAC Basic,0.24437225236177607,0.05518227815628052,0.0,0.0,0.0,0.0,0.998611019551754,110
2025-02-21 01:00:00,SAC Basic,0.24512770382086602,0.05213543772697449,0.0,0.0,0.0,0.0,0.9989268228411674,110
2025-02-21 02:00:00,SAC Basic,0.24526319878657826,0.06614848971366882,0.0,0.0,0.0,0.0,0.9985368996858597,110
2025-02-21 03:00:00,SAC Basic,0.24537650218089585,0.06799101829528809,0.0,0.0,0.0,0.0,0.998621754348278,110
2025-02-21 04:00:00,SAC Basic,0.2461502693851805,0.06613016128540039,0.0,0.0,0.0,0.0,0.9986587882041932,110
2025-02-21 05:00:00,SAC Basic,0.24786841601848764,0.049443989992141724,0.0,0.0,0.0,0.0,0.9988442584872246,110
2025-02-21 06:00:00,SAC Basic,0.24923323692719304,0.04344627261161804,0.0,0.0,0.0,0.0,0.9990710973739624,110
2025-02-21 07:00:00,SAC Basic,0.24990609416167103,0.06135717034339905,0.0,0.0,0.0,0.0,0.9985937476158142,110
2025-02-21 08:00:00,SAC Basic,0.2503484029769914,0.060192644596099854,0.0,0.0,0.0,0.0,0.998784501850605,110
2025-02-21 09:00:00,SAC Basic,0.2581259457016008,0.0287628173828125,0.0,0.0,0.0,0.0,0.9991104453802109,110
2025-02-21 10:00:00,SAC Basic,0.2576376778992034,0.017019659280776978,0.0,0.0,0.0,0.0,0.9995421752333641,110
2025-02-21 11:00:00,SAC Basic,0.25640900958299806,0.013899505138397217,0.0,0.0,0.0,0.0,0.9996908083558083,110
2025-02-21 12:00:00,SAC Basic,0.2550510251792289,0.017604678869247437,0.0,0.0,0.0,0.0,0.9996108546853065,110
2025-02-21 13:00:00,SAC Basic,0.2537378021423039,0.02253308892250061,0.0,0.0,0.0,0.0,0.9995000541210175,110
2025-02-21 14:00:00,SAC Basic,0.2529204777526872,0.020302683115005493,0.0,0.0,0.0,0.0,0.999571642279625,110
2025-02-21 15:00:00,SAC Basic,0.25243430674076245,0.043148696422576904,0.0,0.0,0.0,0.0,0.9989085659384727,110
2025-02-21 16:00:00,SAC Basic,0.25195422194401584,0.06847456097602844,0.0,0.0,0.0,0.0,0.9983772501349449,110
2025-02-21 17:00:00,SAC Basic,0.2518560399063445,0.10654538869857788,0.0,0.0,0.0,0.0,0.997488383948803,110
2025-02-21 18:00:00,SAC Basic,0.2518270369116482,0.05079910159111023,0.0,0.0,0.0,0.0,0.9984265550971031,110
2025-02-21 19:00:00,SAC Basic,0.2518274655000385,0.0341285765171051,0.0,0.0,0.0,0.0,0.9991507232189178,110
2025-02-21 20:00:00,SAC Basic,0.25185382833481,0.03340885043144226,0.0,0.0,0.0,0.0,0.9993246257305145,110
2025-02-21 21:00:00,SAC Basic,0.2518887086733199,0.03596410155296326,0.0,0.0,0.0,0.0,0.9992551654577255,110
2025-02-21 22:00:00,SAC Basic,0.2519311453906712,0.0382310152053833,0.0,0.0,0.0,0.0,0.9992127105593682,110
2025-02-21 23:00:00,SAC Basic,0.2519704081606882,0.037278831005096436,0.0,0.0,0.0,0.0,0.9992449015378952,110
2025-02-22 00:00:00,SAC Basic,0.252004991469385,0.03587499260902405,0.0,0.0,0.0,0.0,0.9992684617638588,110
2025-02-22 01:00:00,SAC Basic,0.25204658229748583,0.037977248430252075,0.0,0.0,0.0,0.0,0.9992194324731827,110
2025-02-22 02:00:00,SAC Basic,0.2520856742008545,0.0372275710105896,0.0,0.0,0.0,0.0,0.9992479518055916,110
2025-02-22 03:00:00,SAC Basic,0.2521199902820605,0.03579482436180115,0.0,0.0,0.0,0.0,0.9992697760462761,110
2025-02-22 04:00:00,SAC Basic,0.2524105003245689,0.02965301275253296,0.0,0.0,0.0,0.0,0.9993455216288566,110
2025-02-22 05:00:00,SAC Basic,0.25402771344582414,0.019163936376571655,0.0,0.0,0.0,0.0,0.999511830508709,110
2025-02-22 06:00:00,SAC Basic,0.25434149042686,0.028133094310760498,0.0,0.0,0.0,0.0,0.9993476465344429,110
2025-02-22 07:00:00,SAC Basic,0.25488823317368997,0.02352282404899597,0.0,0.0,0.0,0.0,0.9994834408164025,110
2025-02-22 08:00:00,SAC Basic,0.25471280580282385,0.05787178874015808,0.0,0.0,0.0,0.0,0.9984990745782851,110
2025-02-22 09:00:00,SAC Basic,0.25417573303938085,0.03437817096710205,0.0,0.0,0.0,0.0,0.9990775004029274,110
2025-02-22 10:00:00,SAC Basic,0.2532834176468866,0.021305382251739502,0.0,0.0,0.0,0.0,0.9994431644678116,110
2025-02-22 11:00:00,SAC Basic,0.2523163289213198,0.024373382329940796,0.0,0.0,0.0,0.0,0.9994818523526192,110
2025-02-22 12:00:00,SAC Basic,0.25129316907882865,0.02455204725265503,0.0,0.0,0.0,0.0,0.9995071724057197,110
2025-02-22 13:00:00,SAC Basic,0.2503256973934191,0.02425849437713623,0.0,0.0,0.0,0.0,0.999511894583702,110
2025-02-22 14:00:00,SAC Basic,0.24951315540154947,0.02823740243911743,0.0,0.0,0.0,0.0,0.9993954628705978,110
2025-02-22 15:00:00,SAC Basic,0.24875213096300935,0.035192668437957764,0.0,0.0,0.0,0.0,0.9992265939712525,110
2025-02-22 16:00:00,SAC Basic,0.2506433976626414,0.03738000988960266,0.0,0.0,0.0,0.0,0.9992305263876915,110
2025-02-22 17:00:00,SAC Basic,0.2511611759607014,0.048833489418029785,0.0,0.0,0.0,0.0,0.9989087954163551,110
2025-02-22 18:00:00,SAC Basic,0.2514797947915412,0.046585649251937866,0.0,0.0,0.0,0.0,0.9990458086133003,110
2025-02-22 19:00:00,SAC Basic,0.251524326115451,0.038859397172927856,0.0,0.0,0.0,0.0,0.9991455495357513,110
2025-02-22 20:00:00,SAC Basic,0.2516023972384152,0.04042133688926697,0.0,0.0,0.0,0.0,0.9991759538650512,110
2025-02-22 21:00:00,SAC Basic,0.2516658721772847,0.036042481660842896,0.0,0.0,0.0,0.0,0.9992353618144989,110
2025-02-22 22:00:00,SAC Basic,0.2517027234427152,0.03655537962913513,0.0,0.0,0.0,0.0,0.9992637634277344,110
2025-02-22 23:00:00,SAC Basic,0.2517795085954684,0.04003554582595825,0.0,0.0,0.0,0.0,0.9991644874215126,110
2025-02-23 00:00:00,SAC Basic,0.25184165137052716,0.0356428325176239,0.0,0.0,0.0,0.0,0.9992432162165642,110
2025-02-23 01:00:00,SAC Basic,0.2518985116839427,0.0340580940246582,0.0,0.0,0.0,0.0,0.9993029907345772,110
2025-02-23 02:00:00,SAC Basic,0.2519690050697345,0.03814801573753357,0.0,0.0,0.0,0.0,0.9991961404681206,110
2025-02-23 03:00:00,SAC Basic,0.2556112961173076,0.01818731427192688,0.0,0.0,0.0,0.0,0.9994366466999054,110
2025-02-23 04:00:00,SAC Basic,0.2559735798891404,0.025685131549835205,0.0,0.0,0.0,0.0,0.9994113191962242,110
2025-02-23 05:00:00,SAC Basic,0.2575909830172875,0.010720938444137573,0.0,0.0,0.0,0.0,0.9996359393000603,110
2025-02-23 06:00:00,SAC Basic,0.2578775941880562,0.019983351230621338,0.0,0.0,0.0,0.0,0.9995077088475227,110
2025-02-23 07:00:00,SAC Basic,0.25780650461912336,0.029673129320144653,0.0,0.0,0.0,0.0,0.9993096396327018,110
2025-02-23 08:00:00,SAC Basic,0.25747885115623653,0.03770396113395691,0.0,0.0,0.0,0.0,0.9991656124591828,110
2025-02-23 09:00:00,SAC Basic,0.2567705741477031,0.025516897439956665,0.0,0.0,0.0,0.0,0.9993677914142608,110
2025-02-23 10:00:00,SAC Basic,0.2558277124921499,0.02314150333404541,0.0,0.0,0.0,0.0,0.99951341599226,110
2025-02-23 11:00:00,SAC Basic,0.25473375372171586,0.020312368869781494,0.0,0.0,0.0,0.0,0.9995654612779618,110
2025-02-23 12:00:00,SAC Basic,0.25354902869860513,0.01858249306678772,0.0,0.0,0.0,0.0,0.9996110513806343,110
2025-02-23 13:00:00,SAC Basic,0.2524077681446094,0.02312183380126953,0.0,0.0,0.0,0.0,0.9994921699166298,110
2025-02-23 14:00:00,SAC Basic,0.2516344098965345,0.024992525577545166,0.0,0.0,0.0,0.0,0.9994814425706864,110
2025-02-23 15:00:00,SAC Basic,0.25083118185838243,0.039531588554382324,0.0,0.0,0.0,0.0,0.999063977599144,110
2025-02-23 16:00:00,SAC Basic,0.2502510325185476,0.04695519804954529,0.0,0.0,0.0,0.0,0.9989866599440574,110
2025-02-23 17:00:00,SAC Basic,0.2500397208650925,0.07260650396347046,0.0,0.0,0.0,0.0,0.9982913568615914,110
2025-02-23 18:00:00,SAC Basic,0.2500609491880753,0.06586849689483643,0.0,0.0,0.0,0.0,0.9986152499914169,110
2025-02-23 19:00:00,SAC Basic,0.2500868696896253,0.0417761504650116,0.0,0.0,0.0,0.0,0.9989235535264015,110
2025-02-23 20:00:00,SAC Basic,0.2501271502089519,0.037584155797958374,0.0,0.0,0.0,0.0,0.9992063969373702,110
2025-02-23 21:00:00,SAC Basic,0.2501513218108831,0.04125148057937622,0.0,0.0,0.0,0.0,0.9991382971405983,110
2025-02-23 22:00:00,SAC Basic,0.25177503531535644,0.021114051342010498,0.0,0.0,0.0,0.0,0.9993763446807862,110
2025-02-23 23:00:00,SAC Basic,0.2533748264956492,0.01393735408782959,0.0,0.0,0.0,0.0,0.9996494859457016,110
2025-02-24 00:00:00,SAC Basic,0.25336803149779813,0.03196150064468384,0.0,0.0,0.0,0.0,0.9991805285215378,110
2025-02-24 01:00:00,SAC Basic,0.25428738260269335,0.018305331468582153,0.0,0.0,0.0,0.0,0.9994973316788673,110
2025-02-24 02:00:00,SAC Basic,0.2545569162805892,0.023360103368759155,0.0,0.0,0.0,0.0,0.999482250213623,110
2025-02-24 03:00:00,SAC Basic,0.2548623893411971,0.025641918182373047,0.0,0.0,0.0,0.0,0.9994643434882164,110
2025-02-24 04:00:00,SAC Basic,0.25517095836639564,0.02657070755958557,0.0,0.0,0.0,0.0,0.9994592979550362,110
2025-02-24 05:00:00,SAC Basic,0.25516331201553505,0.03170609474182129,0.0,0.0,0.0,0.0,0.9993145242333412,110
2025-02-24 06:00:00,SAC Basic,0.25514289735635276,0.02787560224533081,0.0,0.0,0.0,0.0,0.9994041830301285,110
2025-02-24 07:00:00,SAC Basic,0.25568830644925594,0.023122727870941162,0.0,0.0,0.0,0.0,0.9994900166988373,110
2025-02-24 08:00:00,SAC Basic,0.2560983617353455,0.03351658582687378,0.0,0.0,0.0,0.0,0.9992257297039031,110
2025-02-24 09:00:00,SAC Basic,0.25555699495395184,0.03308996558189392,0.0,0.0,0.0,0.0,0.9993339344859123,110
2025-02-24 10:00:00,SAC Basic,0.2546671061984714,0.03053337335586548,0.0,0.0,0.0,0.0,0.9993637666106223,110
2025-02-24 11:00:00,SAC Basic,0.2536339690351502,0.02155885100364685,0.0,0.0,0.0,0.0,0.9994790777564049,110
2025-02-24 12:00:00,SAC Basic,0.25248321048100947,0.020272433757781982,0.0,0.0,0.0,0.0,0.9995816871523857,110
2025-02-24 13:00:00,SAC Basic,0.25137035875956376,0.02314448356628418,0.0,0.0,0.0,0.0,0.9995083898305893,110
2025-02-24 14:00:00,SAC Basic,0.2504290222207721,0.03209903836250305,0.0,0.0,0.0,0.0,0.9992684736847878,110
2025-02-24 15:00:00,SAC Basic,0.24961369195620378,0.03590092062950134,0.0,0.0,0.0,0.0,0.99924396276474,110
2025-02-24 16:00:00,SAC Basic,0.24902808183749675,0.04531696438789368,0.0,0.0,0.0,0.0,0.9989995002746582,110
2025-02-24 17:00:00,SAC Basic,0.24888065990607103,0.09177342057228088,0.0,0.0,0.0,0.0,0.9976999670267105,110
2025-02-24 18:00:00,SAC Basic,0.2489528422530508,0.0811547040939331,0.0,0.0,0.0,0.0,0.9982707187533378,110
2025-02-24 19:00:00,SAC Basic,0.2489846805024163,0.043551474809646606,0.0,0.0,0.0,0.0,0.9987529382109642,110
2025-02-24 20:00:00,SAC Basic,0.24896254499038217,0.03585934638977051,0.0,0.0,0.0,0.0,0.9992058917880058,110
2025-02-24 21:00:00,SAC Basic,0.2489436360764519,0.03682732582092285,0.0,0.0,0.0,0.0,0.99925377368927,110
2025-02-24 22:00:00,SAC Basic,0.24893970878998592,0.04132181406021118,0.0,0.0,0.0,0.0,0.9991286188364028,110
2025-02-24 23:00:00,SAC Basic,0.24894036808093542,0.042697787284851074,0.0,0.0,0.0,0.0,0.9991322845220566,110
2025-02-25 00:00:00,SAC Basic,0.2489810824553187,0.04621431231498718,0.0,0.0,0.0,0.0,0.999040548503399,110
2025-02-25 01:00:00,SAC Basic,0.2493563259983078,0.038073062896728516,0.0,0.0,0.0,0.0,0.9991571262478829,110
2025-02-25 02:00:00,SAC Basic,0.24970240919351724,0.03782495856285095,0.0,0.0,0.0,0.0,0.9992410197854042,110
2025-02-25 03:00:00,SAC Basic,0.24970575069348164,0.04350244998931885,0.0,0.0,0.0,0.0,0.9990731760859489,110
2025-02-25 04:00:00,SAC Basic,0.24976837898095597,0.04428848624229431,0.0,0.0,0.0,0.0,0.9991063699126244,110
2025-02-25 05:00:00,SAC Basic,0.24983013058344672,0.0440254807472229,0.0,0.0,0.0,0.0,0.9991168603301048,110
2025-02-25 06:00:00,SAC Basic,0.24988437895457102,0.04177451133728027,0.0,0.0,0.0,0.0,0.999142000079155,110
2025-02-25 07:00:00,SAC Basic,0.25017413645426584,0.046427249908447266,0.0,0.0,0.0,0.0,0.9990249276161194,110
2025-02-25 08:00:00,SAC Basic,0.24998758804718804,0.08003547787666321,0.0,0.0,0.0,0.0,0.9980632081627846,110
2025-02-25 09:00:00,SAC Basic,0.24938561767816694,0.048908889293670654,0.0,0.0,0.0,0.0,0.9987105563282966,110
2025-02-25 10:00:00,SAC Basic,0.24843227202812984,0.036996304988861084,0.0,0.0,0.0,0.0,0.9991409480571747,110
2025-02-25 11:00:00,SAC Basic,0.24730100939115043,0.034621208906173706,0.0,0.0,0.0,0.0,0.9992838248610497,110
2025-02-25 12:00:00,SAC Basic,0.24609002822240347,0.03620564937591553,0.0,0.0,0.0,0.0,0.9992600426077843,110
2025-02-25 13:00:00,SAC Basic,0.24498628604332762,0.04287734627723694,0.0,0.0,0.0,0.0,0.9990757361054421,110
2025-02-25 14:00:00,SAC Basic,0.24403499450127436,0.0461125373840332,0.0,0.0,0.0,0.0,0.9990453973412513,110
2025-02-25 15:00:00,SAC Basic,0.2433683288828547,0.08900031447410583,0.0,0.0,0.0,0.0,0.9977911159396171,110
2025-02-25 16:00:00,SAC Basic,0.24311075365464044,0.15222743153572083,0.0,0.0,0.0,0.0,0.9963231801986694,110
2025-02-25 17:00:00,SAC Basic,0.24386588810285084,0.3625403344631195,0.0,0.0,0.0,0.0,0.9906460642814636,110
2025-02-25 18:00:00,SAC Basic,0.244084426178139,0.12506142258644104,0.0,0.0,0.0,0.0,0.9951239824295044,110
2025-02-25 19:00:00,SAC Basic,0.24417119060437037,0.06002932786941528,0.0,0.0,0.0,0.0,0.9981490924954415,110
2025-02-25 20:00:00,SAC Basic,0.2442907373539622,0.06136402487754822,0.0,0.0,0.0,0.0,0.9987593725323677,110
2025-02-25 21:00:00,SAC Basic,0.24441672686894889,0.0632968544960022,0.0,0.0,0.0,0.0,0.9987147346138954,110
2025-02-25 22:00:00,SAC Basic,0.24482614248275908,0.056824684143066406,0.0,0.0,0.0,0.0,0.9987987846136094,110
2025-02-25 23:00:00,SAC Basic,0.24520803763866572,0.048568546772003174,0.0,0.0,0.0,0.0,0.9989460676908493,110
2025-02-26 00:00:00,SAC Basic,0.24530103820085672,0.061900168657302856,0.0,0.0,0.0,0.0,0.9986286804080009,110
2025-02-26 01:00:00,SAC Basic,0.24538881166696694,0.06883203983306885,0.0,0.0,0.0,0.0,0.998554040491581,110
2025-02-26 02:00:00,SAC Basic,0.24548027840296568,0.06144002079963684,0.0,0.0,0.0,0.0,0.9986972793936729,110
2025-02-26 03:00:00,SAC Basic,0.2455841160829876,0.06515130400657654,0.0,0.0,0.0,0.0,0.998659861087799,110
2025-02-26 04:00:00,SAC Basic,0.24568888657570023,0.065431147813797,0.0,0.0,0.0,0.0,0.9986885786056519,110
2025-02-26 05:00:00,SAC Basic,0.24578675733407473,0.06336122751235962,0.0,0.0,0.0,0.0,0.9987120762467384,110
2025-02-26 06:00:00,SAC Basic,0.2458512119730327,0.06183639168739319,0.0,0.0,0.0,0.0,0.9987480238080025,110
2025-02-26 07:00:00,SAC Basic,0.24596545036395526,0.09377151727676392,0.0,0.0,0.0,0.0,0.9978052183985711,110
2025-02-26 08:00:00,SAC Basic,0.24637101873715855,0.24917051196098328,0.0,0.0,0.0,0.0,0.9934625998139381,110
2025-02-26 09:00:00,SAC Basic,0.24614055203517415,0.11785998940467834,0.0,0.0,0.0,0.0,0.9963296949863434,110
2025-02-26 10:00:00,SAC Basic,0.24572200307369366,0.08693531155586243,0.0,0.0,0.0,0.0,0.9979520469903945,110
2025-02-26 11:00:00,SAC Basic,0.24515187893549736,0.07546275854110718,0.0,0.0,0.0,0.0,0.9983760192990303,110
2025-02-26 12:00:00,SAC Basic,0.2444260160048816,0.0542411208152771,0.0,0.0,0.0,0.0,0.9987029612064361,110
2025-02-26 13:00:00,SAC Basic,0.2436427773777657,0.045528411865234375,0.0,0.0,0.0,0.0,0.9990023046731948,110
2025-02-26 14:00:00,SAC Basic,0.24303336334784958,0.06367579102516174,0.0,0.0,0.0,0.0,0.9985450103878974,110
2025-02-26 15:00:00,SAC Basic,0.242594817259313,0.08943617343902588,0.0,0.0,0.0,0.0,0.9979536727070808,110
2025-02-26 16:00:00,SAC Basic,0.24282946235974762,0.19789353013038635,0.0,0.0,0.0,0.0,0.9949575558304786,110
2025-02-26 17:00:00,SAC Basic,0.24325985911607872,0.22261902689933777,0.0,0.0,0.0,0.0,0.9953003644943237,110
2025-02-26 18:00:00,SAC Basic,0.243434342901708,0.11184513568878174,0.0,0.0,0.0,0.0,0.9966553583741188,110
2025-02-26 19:00:00,SAC Basic,0.24355314234097927,0.06963983178138733,0.0,0.0,0.0,0.0,0.9981851503252983,110
2025-02-26 20:00:00,SAC Basic,0.24366480859438705,0.06749987602233887,0.0,0.0,0.0,0.0,0.9986286029219628,110
2025-02-26 21:00:00,SAC Basic,0.24378875688155616,0.07118448615074158,0.0,0.0,0.0,0.0,0.998539464175701,110
2025-02-26 22:00:00,SAC Basic,0.24392659652789556,0.07535189390182495,0.0,0.0,0.0,0.0,0.9984512880444526,110
2025-02-26 23:00:00,SAC Basic,0.24405346792618554,0.07206141948699951,0.0,0.0,0.0,0.0,0.9985258668661117,110
2025-02-27 00:00:00,SAC Basic,0.24417122974793234,0.06932854652404785,0.0,0.0,0.0,0.0,0.9985861003398895,110
2025-02-27 01:00:00,SAC Basic,0.24429434406678,0.07093429565429688,0.0,0.0,0.0,0.0,0.9985652565956116,110
2025-02-27 02:00:00,SAC Basic,0.244415004164379,0.07019802927970886,0.0,0.0,0.0,0.0,0.9985886767506599,110
2025-02-27 03:00:00,SAC Basic,0.24453316434383504,0.06944805383682251,0.0,0.0,0.0,0.0,0.9986035391688347,110
2025-02-27 04:00:00,SAC Basic,0.24468468848864353,0.0709572434425354,0.0,0.0,0.0,0.0,0.9985657632350922,110
2025-02-27 05:00:00,SAC Basic,0.24484002882083375,0.07210209965705872,0.0,0.0,0.0,0.0,0.9985465094447137,110
2025-02-27 06:00:00,SAC Basic,0.24495765355189755,0.06928741931915283,0.0,0.0,0.0,0.0,0.9985861048102379,110
2025-02-27 07:00:00,SAC Basic,0.24513575908184165,0.10443165898323059,0.0,0.0,0.0,0.0,0.9975599244236947,110
2025-02-27 08:00:00,SAC Basic,0.24531402288993315,0.18947914242744446,0.0,0.0,0.0,0.0,0.995359942317009,110
2025-02-27 09:00:00,SAC Basic,0.24479603967030958,0.0826050341129303,0.0,0.0,0.0,0.0,0.9972791582345962,110
2025-02-27 10:00:00,SAC Basic,0.2439143475127232,0.04999235272407532,0.0,0.0,0.0,0.0,0.9986740261316299,110
2025-02-27 11:00:00,SAC Basic,0.24277499626000842,0.040694624185562134,0.0,0.0,0.0,0.0,0.9990931302309036,110
2025-02-27 12:00:00,SAC Basic,0.24153213826179623,0.035142600536346436,0.0,0.0,0.0,0.0,0.9992416277527809,110
2025-02-27 13:00:00,SAC Basic,0.24026815164168794,0.03730401396751404,0.0,0.0,0.0,0.0,0.999232305586338,110
2025-02-27 14:00:00,SAC Basic,0.23914501384576284,0.045558661222457886,0.0,0.0,0.0,0.0,0.9990062803030014,110
2025-02-27 15:00:00,SAC Basic,0.23832808064460878,0.06942003965377808,0.0,0.0,0.0,0.0,0.9983729854226112,110
2025-02-27 16:00:00,SAC Basic,0.23810595703443013,0.15436291694641113,0.0,0.0,0.0,0.0,0.9960633128881454,110
2025-02-27 17:00:00,SAC Basic,0.23949321354230368,0.5521769523620605,0.0,0.0,0.0,0.0,0.9849783205986024,110
2025-02-27 18:00:00,SAC Basic,0.24010903594652935,0.2442467212677002,0.0,0.0,0.0,0.0,0.9920357632637025,110
2025-02-27 19:00:00,SAC Basic,0.24029371689637624,0.08940428495407104,0.0,0.0,0.0,0.0,0.9966634899377823,110
2025-02-27 20:00:00,SAC Basic,0.24047664027134702,0.0803770124912262,0.0,0.0,0.0,0.0,0.998302187025547,110
2025-02-27 21:00:00,SAC Basic,0.24065513551791634,0.07904857397079468,0.0,0.0,0.0,0.0,0.9984057441353797,110
2025-02-27 22:00:00,SAC Basic,0.24084285110632705,0.08181467652320862,0.0,0.0,0.0,0.0,0.9983360454440118,110
2025-02-27 23:00:00,SAC Basic,0.24102669537305962,0.08065328001976013,0.0,0.0,0.0,0.0,0.9983753204345703,110
2025-02-28 00:00:00,SAC Basic,0.24123542159875366,0.08811786770820618,0.0,0.0,0.0,0.0,0.9981629967689515,110
2025-02-28 01:00:00,SAC Basic,0.24147846596082184,0.08991330862045288,0.0,0.0,0.0,0.0,0.9981837794184685,110
2025-02-28 02:00:00,SAC Basic,0.24174556675752137,0.09713023900985718,0.0,0.0,0.0,0.0,0.9979852259159088,110
2025-02-28 03:00:00,SAC Basic,0.24198361327012516,0.08841395378112793,0.0,0.0,0.0,0.0,0.9981445580720901,110
2025-02-28 04:00:00,SAC Basic,0.24221490160942213,0.08638650178909302,0.0,0.0,0.0,0.0,0.9982519954442978,110
2025-02-28 05:00:00,SAC Basic,0.24242150441964608,0.08748084306716919,0.0,0.0,0.0,0.0,0.9982394397258759,110
2025-02-28 06:00:00,SAC Basic,0.24266133658806624,0.08894965052604675,0.0,0.0,0.0,0.0,0.9982063189148902,110
2025-02-28 07:00:00,SAC Basic,0.24293318283955395,0.13255387544631958,0.0,0.0,0.0,0.0,0.996912880241871,110
2025-02-28 08:00:00,SAC Basic,0.24335020868142587,0.2696077525615692,0.0,0.0,0.0,0.0,0.9932373061776162,110
2025-02-28 09:00:00,SAC Basic,0.24280844741344595,0.08397161960601807,0.0,0.0,0.0,0.0,0.9964642062783242,110
2025-02-28 10:00:00,SAC Basic,0.2418755292685841,0.04312455654144287,0.0,0.0,0.0,0.0,0.9987290382385254,110
2025-02-28 11:00:00,SAC Basic,0.2407768075219805,0.05288347601890564,0.0,0.0,0.0,0.0,0.9988447412848472,110
2025-02-28 12:00:00,SAC Basic,0.23951713574727526,0.05559846758842468,0.0,0.0,0.0,0.0,0.9988608807325363,110
2025-02-28 13:00:00,SAC Basic,0.2383736560424184,0.08195608854293823,0.0,0.0,0.0,0.0,0.9980973020195961,110
2025-02-28 14:00:00,SAC Basic,0.23760851341168235,0.16145721077919006,0.0,0.0,0.0,0.0,0.9959758445620537,110
2025-02-28 15:00:00,SAC Basic,0.23753713643153654,0.3100869059562683,0.0,0.0,0.0,0.0,0.9923119649291038,110
2025-02-28 16:00:00,SAC Basic,0.23900873635212727,0.6964799761772156,0.0,0.0,0.0,0.0,0.9822064697742462,110
2025-02-28 17:00:00,SAC Basic,0.24275087806622334,1.2756425142288208,0.0,0.0,0.0,0.0,0.9686955243349076,110
2025-02-28 18:00:00,SAC Basic,0.24369173847198633,0.3587581217288971,0.0,0.0,0.0,0.0,0.9836559936404228,110
2025-02-28 19:00:00,SAC Basic,0.24375993601719684,0.07145926356315613,0.0,0.0,0.0,0.0,0.9956978261470795,110
2025-02-28 20:00:00,SAC Basic,0.24389305325428792,0.06543517112731934,0.0,0.0,0.0,0.0,0.9986310556530952,110
2025-02-28 21:00:00,SAC Basic,0.2440157550764099,0.06231054663658142,0.0,0.0,0.0,0.0,0.9987225428223611,110
2025-02-28 22:00:00,SAC Basic,0.2441181210184112,0.06470978260040283,0.0,0.0,0.0,0.0,0.9986818119883537,110
2025-02-28 23:00:00,SAC Basic,0.24421360262394098,0.06264448165893555,0.0,0.0,0.0,0.0,0.9987264573574066,110
2025-03-01 00:00:00,SAC Basic,0.24435654121637493,0.06838157773017883,0.0,0.0,0.0,0.0,0.9985749974846839,110
2025-03-01 01:00:00,SAC Basic,0.24451169776757709,0.07204696536064148,0.0,0.0,0.0,0.0,0.9985224068164826,110
2025-03-01 02:00:00,SAC Basic,0.24464798398494872,0.06638586521148682,0.0,0.0,0.0,0.0,0.9986156716942787,110
2025-03-01 03:00:00,SAC Basic,0.24476864457925313,0.0701981782913208,0.0,0.0,0.0,0.0,0.9985579133033753,110
2025-03-01 04:00:00,SAC Basic,0.2449068120511388,0.07545024156570435,0.0,0.0,0.0,0.0,0.998438474535942,110
2025-03-01 05:00:00,SAC Basic,0.2450458045506492,0.07569774985313416,0.0,0.0,0.0,0.0,0.998483569920063,110
2025-03-01 06:00:00,SAC Basic,0.2451641097680742,0.06949156522750854,0.0,0.0,0.0,0.0,0.9985481068491936,110
2025-03-01 07:00:00,SAC Basic,0.2453544156066591,0.11659175157546997,0.0,0.0,0.0,0.0,0.997197163105011,110
2025-03-01 08:00:00,SAC Basic,0.24593873377084877,0.336795449256897,0.0,0.0,0.0,0.0,0.9910620540380477,110
2025-03-01 09:00:00,SAC Basic,0.24566735453526325,0.18208622932434082,0.0,0.0,0.0,0.0,0.9948111832141876,110
2025-03-01 10:00:00,SAC Basic,0.24474529579162743,0.08038237690925598,0.0,0.0,0.0,0.0,0.9973753139376641,110
2025-03-01 11:00:00,SAC Basic,0.24346202554464488,0.04851892590522766,0.0,0.0,0.0,0.0,0.9987109869718551,110
2025-03-01 12:00:00,SAC Basic,0.24204933963775782,0.04369422793388367,0.0,0.0,0.0,0.0,0.999077868461609,110
2025-03-01 13:00:00,SAC Basic,0.24069615582307327,0.05304485559463501,0.0,0.0,0.0,0.0,0.9988455966114997,110
2025-03-01 14:00:00,SAC Basic,0.2396155803767855,0.10082736611366272,0.0,0.0,0.0,0.0,0.9975056275725365,110
2025-03-01 15:00:00,SAC Basic,0.23963689825376022,0.3633953630924225,0.0,0.0,0.0,0.0,0.990106412768364,110
2025-03-01 16:00:00,SAC Basic,0.24187666780154055,0.9439308643341064,0.0,0.0,0.0,0.0,0.975316027700901,110
2025-03-01 17:00:00,SAC Basic,0.2459544288317377,1.393328309059143,0.0,0.0,0.0,0.0,0.9676394593715667,110
2025-03-01 18:00:00,SAC Basic,0.24655975681066658,0.25809839367866516,0.0,0.0,0.0,0.0,0.983485732972622,110
2025-03-01 19:00:00,SAC Basic,0.24663055113156782,0.07223829627037048,0.0,0.0,0.0,0.0,0.9966966331005096,110
2025-03-01 20:00:00,SAC Basic,0.24673229248364914,0.05602240562438965,0.0,0.0,0.0,0.0,0.9987173929810524,110
2025-03-01 21:00:00,SAC Basic,0.24682865401983412,0.05440846085548401,0.0,0.0,0.0,0.0,0.9988956913352013,110
2025-03-01 22:00:00,SAC Basic,0.246930473354659,0.05604580044746399,0.0,0.0,0.0,0.0,0.998862710595131,110
2025-03-01 23:00:00,SAC Basic,0.24703065058152035,0.055553168058395386,0.0,0.0,0.0,0.0,0.9988840103149413,110
2025-03-02 00:00:00,SAC Basic,0.24709172292232665,0.05232170224189758,0.0,0.0,0.0,0.0,0.998921251296997,110
2025-03-02 01:00:00,SAC Basic,0.247183242077829,0.0529557466506958,0.0,0.0,0.0,0.0,0.9989345446228981,110
2025-03-02 02:00:00,SAC Basic,0.24730151527484415,0.060981959104537964,0.0,0.0,0.0,0.0,0.9987000986933708,110
2025-03-02 03:00:00,SAC Basic,0.24741683181603905,0.06859496235847473,0.0,0.0,0.0,0.0,0.9985519707202911,110
2025-03-02 04:00:00,SAC Basic,0.24752575377226027,0.06667658686637878,0.0,0.0,0.0,0.0,0.9986472845077515,110
2025-03-02 05:00:00,SAC Basic,0.24762197795232288,0.06286725401878357,0.0,0.0,0.0,0.0,0.9987045615911484,110
2025-03-02 06:00:00,SAC Basic,0.24774995501677344,0.07239311933517456,0.0,0.0,0.0,0.0,0.9984568789601326,110
2025-03-02 07:00:00,SAC Basic,0.2479700956948613,0.13404220342636108,0.0,0.0,0.0,0.0,0.9967026650905609,110
2025-03-02 08:00:00,SAC Basic,0.2500138764349634,0.7831342220306396,0.0,0.0,0.0,0.0,0.9778463953733444,110
2025-03-02 09:00:00,SAC Basic,0.2505533676934257,0.44234737753868103,0.0,0.0,0.0,0.0,0.9877451840043068,110
2025-03-02 10:00:00,SAC Basic,0.24950229313771075,0.07567763328552246,0.0,0.0,0.0,0.0,0.994819749891758,110
2025-03-02 11:00:00,SAC Basic,0.24813714941978599,0.04095688462257385,0.0,0.0,0.0,0.0,0.998833654820919,110
2025-03-02 12:00:00,SAC Basic,0.2465735390202219,0.03241688013076782,0.0,0.0,0.0,0.0,0.9992662623524665,110
2025-03-02 13:00:00,SAC Basic,0.24509787408352043,0.03330051898956299,0.0,0.0,0.0,0.0,0.9993251532316207,110
2025-03-02 14:00:00,SAC Basic,0.24374440890232865,0.044460445642471313,0.0,0.0,0.0,0.0,0.9989991918206216,110
2025-03-02 15:00:00,SAC Basic,0.24309771464268512,0.1799917221069336,0.0,0.0,0.0,0.0,0.9950448527932167,110
2025-03-02 16:00:00,SAC Basic,0.24453234398603585,0.7108888030052185,0.0,0.0,0.0,0.0,0.9804732531309128,110
2025-03-02 17:00:00,SAC Basic,0.24801655163208788,1.2152622938156128,0.0,0.0,0.0,0.0,0.9706510192155838,110
2025-03-02 18:00:00,SAC Basic,0.24838227589289494,0.1862172782421112,0.0,0.0,0.0,0.0,0.9859852042794227,110
2025-03-02 19:00:00,SAC Basic,0.24838419383525992,0.043075382709503174,0.0,0.0,0.0,0.0,0.9977070733904839,110
2025-03-02 20:00:00,SAC Basic,0.24845900110721733,0.03944218158721924,0.0,0.0,0.0,0.0,0.9991748243570328,110
2025-03-02 21:00:00,SAC Basic,0.24853262969732431,0.03908857703208923,0.0,0.0,0.0,0.0,0.999214692413807,110
2025-03-02 22:00:00,SAC Basic,0.2486112640841817,0.0405903160572052,0.0,0.0,0.0,0.0,0.9991731762886048,110
2025-03-02 23:00:00,SAC Basic,0.24868527861436357,0.03920435905456543,0.0,0.0,0.0,0.0,0.9992020532488822,110
2025-03-03 00:00:00,SAC Basic,0.2487709066128746,0.04268839955329895,0.0,0.0,0.0,0.0,0.9991113916039467,110
2025-03-03 01:00:00,SAC Basic,0.24885557199637248,0.04239961504936218,0.0,0.0,0.0,0.0,0.9991491198539735,110
2025-03-03 02:00:00,SAC Basic,0.24897978930076117,0.045765191316604614,0.0,0.0,0.0,0.0,0.9990510404109955,110
2025-03-03 03:00:00,SAC Basic,0.24909692209641293,0.04363983869552612,0.0,0.0,0.0,0.0,0.9991059496998788,110
2025-03-03 04:00:00,SAC Basic,0.2492080954209979,0.04185199737548828,0.0,0.0,0.0,0.0,0.99914508163929,110
2025-03-03 05:00:00,SAC Basic,0.24931785313526944,0.04142731428146362,0.0,0.0,0.0,0.0,0.9991672068834305,110
2025-03-03 06:00:00,SAC Basic,0.24943057816744008,0.04231750965118408,0.0,0.0,0.0,0.0,0.9991447478532791,110
2025-03-03 07:00:00,SAC Basic,0.24952580122073645,0.07106691598892212,0.0,0.0,0.0,0.0,0.9982911676168442,110
2025-03-03 08:00:00,SAC Basic,0.2493000331886625,0.07676959037780762,0.0,0.0,0.0,0.0,0.998407581448555,110
2025-03-03 09:00:00,SAC Basic,0.24858757438341936,0.04126235842704773,0.0,0.0,0.0,0.0,0.9988196805119515,110
2025-03-03 10:00:00,SAC Basic,0.2475141220943149,0.0264643132686615,0.0,0.0,0.0,0.0,0.999322733283043,110
2025-03-03 11:00:00,SAC Basic,0.2461683839615202,0.021278560161590576,0.0,0.0,0.0,0.0,0.9995225712656974,110
2025-03-03 12:00:00,SAC Basic,0.24470755862871962,0.020752400159835815,0.0,0.0,0.0,0.0,0.9995796903967857,110
2025-03-03 13:00:00,SAC Basic,0.24326378568808393,0.025868117809295654,0.0,0.0,0.0,0.0,0.9994314804673194,110
2025-03-03 14:00:00,SAC Basic,0.24197573491732438,0.038584768772125244,0.0,0.0,0.0,0.0,0.9991011381149292,110
2025-03-03 15:00:00,SAC Basic,0.24100589659373123,0.0660485029220581,0.0,0.0,0.0,0.0,0.9984043926000595,110
2025-03-03 16:00:00,SAC Basic,0.2411715495411571,0.3131958842277527,0.0,0.0,0.0,0.0,0.9912646085023881,110
2025-03-03 17:00:00,SAC Basic,0.24330101248900254,0.7918388843536377,0.0,0.0,0.0,0.0,0.9793767923116684,110
2025-03-03 18:00:00,SAC Basic,0.24371809959650198,0.18462613224983215,0.0,0.0,0.0,0.0,0.9902353498339653,110
2025-03-03 19:00:00,SAC Basic,0.24378201733112495,0.0446753203868866,0.0,0.0,0.0,0.0,0.9977069854736328,110
2025-03-03 20:00:00,SAC Basic,0.24394290688991707,0.05676686763763428,0.0,0.0,0.0,0.0,0.9987437471747398,110
2025-03-03 21:00:00,SAC Basic,0.24409557448466782,0.054300278425216675,0.0,0.0,0.0,0.0,0.9988893285393715,110
2025-03-03 22:00:00,SAC Basic,0.24424304058075114,0.05273982882499695,0.0,0.0,0.0,0.0,0.9989295989274978,110
2025-03-03 23:00:00,SAC Basic,0.24444074422041737,0.059311091899871826,0.0,0.0,0.0,0.0,0.9987480655312538,110
2025-03-04 00:00:00,SAC Basic,0.2446240414174414,0.05498915910720825,0.0,0.0,0.0,0.0,0.9988569974899292,110
2025-03-04 01:00:00,SAC Basic,0.24480436434269112,0.054096877574920654,0.0,0.0,0.0,0.0,0.9989091396331787,110
2025-03-04 02:00:00,SAC Basic,0.2449923703066524,0.05640178918838501,0.0,0.0,0.0,0.0,0.9988489151000977,110
2025-03-04 03:00:00,SAC Basic,0.2451682800046619,0.05277290940284729,0.0,0.0,0.0,0.0,0.9989082530140877,110
2025-03-04 04:00:00,SAC Basic,0.24534751415173375,0.053770244121551514,0.0,0.0,0.0,0.0,0.9989146217703819,110
2025-03-04 05:00:00,SAC Basic,0.24552831292073093,0.054239630699157715,0.0,0.0,0.0,0.0,0.9989105135202407,110
2025-03-04 06:00:00,SAC Basic,0.24570236494064493,0.05221560597419739,0.0,0.0,0.0,0.0,0.9989354476332665,110
2025-03-04 07:00:00,SAC Basic,0.24591465724547865,0.09768769145011902,0.0,0.0,0.0,0.0,0.9975915253162384,110
2025-03-04 08:00:00,SAC Basic,0.246078129004639,0.1425415277481079,0.0,0.0,0.0,0.0,0.996700631082058,110
2025-03-04 09:00:00,SAC Basic,0.24540707181692284,0.062182843685150146,0.0,0.0,0.0,0.0,0.9979527562856675,110
2025-03-04 10:00:00,SAC Basic,0.24420771133581956,0.031191855669021606,0.0,0.0,0.0,0.0,0.9990662530064582,110
2025-03-04 11:00:00,SAC Basic,0.24271587714910667,0.02844974398612976,0.0,0.0,0.0,0.0,0.9994035840034484,110
2025-03-04 12:00:00,SAC Basic,0.24151462418635844,0.04762411117553711,0.0,0.0,0.0,0.0,0.9988557741045951,110
2025-03-04 13:00:00,SAC Basic,0.24025636057138602,0.056020915508270264,0.0,0.0,0.0,0.0,0.9987956136465073,110
2025-03-04 14:00:00,SAC Basic,0.23889803062359652,0.06000101566314697,0.0,0.0,0.0,0.0,0.9987601786851883,110
2025-03-04 15:00:00,SAC Basic,0.2379393641289091,0.10340005159378052,0.0,0.0,0.0,0.0,0.997498008608818,110
2025-03-04 16:00:00,SAC Basic,0.23837839374542394,0.4122088849544525,0.0,0.0,0.0,0.0,0.9886677339673042,110
2025-03-04 17:00:00,SAC Basic,0.24203617972056227,1.258835792541504,0.0,0.0,0.0,0.0,0.9663570150732994,110
2025-03-04 18:00:00,SAC Basic,0.24257584232409948,0.20439878106117249,0.0,0.0,0.0,0.0,0.9853676542639732,110
2025-03-04 19:00:00,SAC Basic,0.24267207696914828,0.04587039351463318,0.0,0.0,0.0,0.0,0.9974973082542419,110
2025-03-04 20:00:00,SAC Basic,0.24288110350450035,0.06270796060562134,0.0,0.0,0.0,0.0,0.9985774651169776,110
2025-03-04 21:00:00,SAC Basic,0.24307253226518785,0.05742862820625305,0.0,0.0,0.0,0.0,0.9987986341118813,110
2025-03-04 22:00:00,SAC Basic,0.24328044220686115,0.06237298250198364,0.0,0.0,0.0,0.0,0.998703096807003,110
2025-03-04 23:00:00,SAC Basic,0.24349035486459888,0.06297379732131958,0.0,0.0,0.0,0.0,0.9987345159053802,110
2025-03-05 00:00:00,SAC Basic,0.2436885636536296,0.05946263670921326,0.0,0.0,0.0,0.0,0.9987756356596947,110
2025-03-05 01:00:00,SAC Basic,0.24387990251064456,0.05740165710449219,0.0,0.0,0.0,0.0,0.9988313570618629,110
2025-03-05 02:00:00,SAC Basic,0.2440960756429052,0.06485193967819214,0.0,0.0,0.0,0.0,0.9986284583806992,110
2025-03-05 03:00:00,SAC Basic,0.24431001807133512,0.06418272852897644,0.0,0.0,0.0,0.0,0.9987096533179283,110
2025-03-05 04:00:00,SAC Basic,0.24449858084201967,0.05656883120536804,0.0,0.0,0.0,0.0,0.9987924844026566,110
2025-03-05 05:00:00,SAC Basic,0.2446948192008352,0.05887150764465332,0.0,0.0,0.0,0.0,0.9987995430827141,110
2025-03-05 06:00:00,SAC Basic,0.2448934680708265,0.05959466099739075,0.0,0.0,0.0,0.0,0.9988008752465248,110
2025-03-05 07:00:00,SAC Basic,0.24517278977235313,0.11779651045799255,0.0,0.0,0.0,0.0,0.9970620512962342,110
2025-03-05 08:00:00,SAC Basic,0.2452107288829501,0.1303817331790924,0.0,0.0,0.0,0.0,0.9972665131092072,110
2025-03-05 09:00:00,SAC Basic,0.24479399488290302,0.08747979998588562,0.0,0.0,0.0,0.0,0.9978213846683502,110
2025-03-05 10:00:00,SAC Basic,0.24382710354646198,0.04993259906768799,0.0,0.0,0.0,0.0,0.9986258760094643,110
2025-03-05 11:00:00,SAC Basic,0.24237903383890938,0.03307908773422241,0.0,0.0,0.0,0.0,0.9991698831319809,110
2025-03-05 12:00:00,SAC Basic,0.24083230248133494,0.03748059272766113,0.0,0.0,0.0,0.0,0.9992063730955124,110
2025-03-05 13:00:00,SAC Basic,0.23928523011843514,0.04587829113006592,0.0,0.0,0.0,0.0,0.9989984571933747,110
2025-03-05 14:00:00,SAC Basic,0.2379314452560758,0.06986454129219055,0.0,0.0,0.0,0.0,0.9983628466725349,110
2025-03-05 15:00:00,SAC Basic,0.2372928882209475,0.20793288946151733,0.0,0.0,0.0,0.0,0.9944606587290764,110
2025-03-05 16:00:00,SAC Basic,0.2391082927632347,0.8421213626861572,0.0,0.0,0.0,0.0,0.9768156880140305,110
2025-03-05 17:00:00,SAC Basic,0.24418037218650332,1.6831238269805908,0.0,0.0,0.0,0.0,0.9579274988174438,110
2025-03-05 18:00:00,SAC Basic,0.24482513711611578,0.2529294788837433,0.0,0.0,0.0,0.0,0.9806394669413566,110
2025-03-05 19:00:00,SAC Basic,0.24486006735642898,0.04447907209396362,0.0,0.0,0.0,0.0,0.9970259144902229,110
2025-03-05 20:00:00,SAC Basic,0.24500959852218776,0.044859349727630615,0.0,0.0,0.0,0.0,0.9990990102291106,110
2025-03-05 21:00:00,SAC Basic,0.24547372481107857,0.03923788666725159,0.0,0.0,0.0,0.0,0.9991590276360511,110
2025-03-05 22:00:00,SAC Basic,0.24594023975610876,0.03995448350906372,0.0,0.0,0.0,0.0,0.9991937443614006,110
2025-03-05 23:00:00,SAC Basic,0.24641319398959619,0.04188627004623413,0.0,0.0,0.0,0.0,0.9991429567337037,110
2025-03-06 00:00:00,SAC Basic,0.24656757001956445,0.046312808990478516,0.0,0.0,0.0,0.0,0.999029478430748,110
2025-03-06 01:00:00,SAC Basic,0.2470380506602937,0.04114419221878052,0.0,0.0,0.0,0.0,0.9991254299879074,110
2025-03-06 02:00:00,SAC Basic,0.24718950308243573,0.04543572664260864,0.0,0.0,0.0,0.0,0.9990483701229096,110
2025-03-06 03:00:00,SAC Basic,0.24793867125272892,0.03325045108795166,0.0,0.0,0.0,0.0,0.9992131382226944,110
2025-03-06 04:00:00,SAC Basic,0.24805017438968163,0.04195094108581543,0.0,0.0,0.0,0.0,0.9990739762783051,110
2025-03-06 05:00:00,SAC Basic,0.24815481951554758,0.039893537759780884,0.0,0.0,0.0,0.0,0.999181555211544,110
2025-03-06 06:00:00,SAC Basic,0.2482578384280219,0.03940567374229431,0.0,0.0,0.0,0.0,0.9992070078849793,110
2025-03-06 07:00:00,SAC Basic,0.24835647109826547,0.08058980107307434,0.0,0.0,0.0,0.0,0.9979763627052307,110
2025-03-06 08:00:00,SAC Basic,0.24874455464601658,0.26942506432533264,0.0,0.0,0.0,0.0,0.9927231460809707,110
2025-03-06 09:00:00,SAC Basic,0.24817071458657722,0.10834798216819763,0.0,0.0,0.0,0.0,0.9962222695350647,110
2025-03-06 10:00:00,SAC Basic,0.2469874316962574,0.044515132904052734,0.0,0.0,0.0,0.0,0.9984713688492775,110
2025-03-06 11:00:00,SAC Basic,0.245450927767755,0.032048821449279785,0.0,0.0,0.0,0.0,0.9992343604564666,110
2025-03-06 12:00:00,SAC Basic,0.2438369653169328,0.034311264753341675,0.0,0.0,0.0,0.0,0.9992911502718926,110
2025-03-06 13:00:00,SAC Basic,0.24230758040110412,0.04268452525138855,0.0,0.0,0.0,0.0,0.9990625768899917,110
2025-03-06 14:00:00,SAC Basic,0.24102019739945868,0.06428509950637817,0.0,0.0,0.0,0.0,0.9984982922673226,110
2025-03-06 15:00:00,SAC Basic,0.2409114340996756,0.32437101006507874,0.0,0.0,0.0,0.0,0.9909117206931114,110
2025-03-06 16:00:00,SAC Basic,0.24520473406394463,1.5344899892807007,0.0,0.0,0.0,0.0,0.9572090104222297,110
2025-03-06 17:00:00,SAC Basic,0.2472935323389385,0.779639482498169,0.0,0.0,0.0,0.0,0.9768587052822113,110
2025-03-06 18:00:00,SAC Basic,0.247320714900495,0.07615476846694946,0.0,0.0,0.0,0.0,0.9914420574903487,110
2025-03-06 19:00:00,SAC Basic,0.2476403341301296,0.02988576889038086,0.0,0.0,0.0,0.0,0.9989395946264267,110
2025-03-06 20:00:00,SAC Basic,0.24763335661014058,0.0234067440032959,0.0,0.0,0.0,0.0,0.9994670748710632,110
2025-03-06 21:00:00,SAC Basic,0.24763427322864673,0.025774985551834106,0.0,0.0,0.0,0.0,0.999460817873478,110
2025-03-06 22:00:00,SAC Basic,0.24763564780950686,0.025912374258041382,0.0,0.0,0.0,0.0,0.999480378627777,110
2025-03-06 23:00:00,SAC Basic,0.24799929156065129,0.026093125343322754,0.0,0.0,0.0,0.0,0.9994763299822808,110
2025-03-07 00:00:00,SAC Basic,0.24901379085302494,0.021349787712097168,0.0,0.0,0.0,0.0,0.9995255708694457,110
2025-03-07 01:00:00,SAC Basic,0.24967998087962612,0.02535700798034668,0.0,0.0,0.0,0.0,0.9994527876377105,110
2025-03-07 02:00:00,SAC Basic,0.2500490357391054,0.027716457843780518,0.0,0.0,0.0,0.0,0.9994220763444901,110
2025-03-07 03:00:00,SAC Basic,0.2501092150378242,0.035053789615631104,0.0,0.0,0.0,0.0,0.9992255508899689,110
2025-03-07 04:00:00,SAC Basic,0.2517667916965499,0.022772997617721558,0.0,0.0,0.0,0.0,0.9994217321276665,110
2025-03-07 05:00:00,SAC Basic,0.2521240567572926,0.024179518222808838,0.0,0.0,0.0,0.0,0.9995023444294929,110
2025-03-07 06:00:00,SAC Basic,0.2527737035147364,0.02039402723312378,0.0,0.0,0.0,0.0,0.9995542645454407,110
2025-03-07 07:00:00,SAC Basic,0.253681292867662,0.023276805877685547,0.0,0.0,0.0,0.0,0.9995056360960006,110
2025-03-07 08:00:00,SAC Basic,0.2538144643584902,0.06745144724845886,0.0,0.0,0.0,0.0,0.9982092246413231,110
2025-03-07 09:00:00,SAC Basic,0.2531705926179901,0.06183847784996033,0.0,0.0,0.0,0.0,0.9987071007490158,110
2025-03-07 10:00:00,SAC Basic,0.2524403461782152,0.02942606806755066,0.0,0.0,0.0,0.0,0.9990873545408249,110
2025-03-07 11:00:00,SAC Basic,0.2512133472545956,0.031400322914123535,0.0,0.0,0.0,0.0,0.9993522509932519,110
2025-03-07 12:00:00,SAC Basic,0.250588259749414,0.020473748445510864,0.0,0.0,0.0,0.0,0.9994812592864036,110
2025-03-07 13:00:00,SAC Basic,0.25321342607736735,0.03404989838600159,0.0,0.0,0.0,0.0,0.9991832405328751,110
2025-03-07 14:00:00,SAC Basic,0.2537046291764592,0.01936092972755432,0.0,0.0,0.0,0.0,0.9994658917188645,110
2025-03-07 15:00:00,SAC Basic,0.26253152610540537,0.00956907868385315,0.0,0.0,0.0,0.0,0.9997106999158859,110
2025-03-07 16:00:00,SAC Basic,0.27129876509507644,0.006671696901321411,0.0,0.0,0.0,0.0,0.9998375922441483,110
2025-03-07 17:00:00,SAC Basic,0.27242188065687967,0.00493466854095459,0.0,0.0,0.0,0.0,0.9998839363455772,110
2025-03-07 18:00:00,SAC Basic,0.2742618311556195,0.002985149621963501,0.0,0.0,0.0,0.0,0.9999208018183708,110
2025-03-07 19:00:00,SAC Basic,0.27489185285250495,0.006006509065628052,0.0,0.0,0.0,0.0,0.9998496562242508,110
2025-03-07 20:00:00,SAC Basic,0.27585425768534494,0.005721449851989746,0.0,0.0,0.0,0.0,0.9998827204108238,110
2025-03-07 21:00:00,SAC Basic,0.27645238169113945,0.004937201738357544,0.0,0.0,0.0,0.0,0.9998934134840965,110
2025-03-07 22:00:00,SAC Basic,0.27737984452565667,0.0037388503551483154,0.0,0.0,0.0,0.0,0.9999132394790649,110
2025-03-07 23:00:00,SAC Basic,0.28431048081080273,0.004690885543823242,0.0,0.0,0.0,0.0,0.9998966619372368,110
2025-03-08 00:00:00,SAC Basic,0.28723262144724687,0.002142190933227539,0.0,0.0,0.0,0.0,0.9999316692352295,110
2025-03-08 01:00:00,SAC Basic,0.28752323013703185,0.004182606935501099,0.0,0.0,0.0,0.0,0.9998959437012673,110
2025-03-08 02:00:00,SAC Basic,0.2877842622399346,0.003809630870819092,0.0,0.0,0.0,0.0,0.9999200776219368,110
2025-03-08 03:00:00,SAC Basic,0.2880460269832627,0.004029422998428345,0.0,0.0,0.0,0.0,0.9999172136187553,110
2025-03-08 04:00:00,SAC Basic,0.2889427067335462,0.003003925085067749,0.0,0.0,0.0,0.0,0.999929666519165,110
2025-03-08 05:00:00,SAC Basic,0.2905027982401863,0.002027451992034912,0.0,0.0,0.0,0.0,0.999949686229229,110
2025-03-08 06:00:00,SAC Basic,0.29275683673143543,0.0017115473747253418,0.0,0.0,0.0,0.0,0.9999626100063324,110
2025-03-08 07:00:00,SAC Basic,0.29620530506134185,0.002540498971939087,0.0,0.0,0.0,0.0,0.9999409005045892,110
2025-03-08 08:00:00,SAC Basic,0.3036840597701088,0.0031264126300811768,0.0,0.0,0.0,0.0,0.9999316126108169,110
2025-03-08 09:00:00,SAC Basic,0.30368458291371814,0.0021569430828094482,0.0,0.0,0.0,0.0,0.9999471664428711,110
2025-03-08 10:00:00,SAC Basic,0.3029044847917572,0.0039705634117126465,0.0,0.0,0.0,0.0,0.9999024525284766,110
2025-03-08 11:00:00,SAC Basic,0.302094028765362,0.003363192081451416,0.0,0.0,0.0,0.0,0.9999266624450683,110
2025-03-08 12:00:00,SAC Basic,0.3028881199073807,0.0017273426055908203,0.0,0.0,0.0,0.0,0.9999490946531296,110
2025-03-08 13:00:00,SAC Basic,0.3048474184521055,0.0022895634174346924,0.0,0.0,0.0,0.0,0.9999485865235329,110
2025-03-08 14:00:00,SAC Basic,0.3059800443132734,0.0012877583503723145,0.0,0.0,0.0,0.0,0.999964226782322,110
2025-03-08 15:00:00,SAC Basic,0.3093151698724444,0.002537667751312256,0.0,0.0,0.0,0.0,0.9999367475509644,110
2025-03-08 16:00:00,SAC Basic,0.3146827260875717,0.003766864538192749,0.0,0.0,0.0,0.0,0.9999123707413674,110
2025-03-08 17:00:00,SAC Basic,0.3184659945217784,0.002980530261993408,0.0,0.0,0.0,0.0,0.9999325260519981,110
2025-03-08 18:00:00,SAC Basic,0.3202738054339106,0.001843273639678955,0.0,0.0,0.0,0.0,-0.02742878143007572,110
2025-03-08 19:00:00,SAC Basic,0.32380822942495496,0.002827197313308716,0.0,0.0,0.0,0.0,-0.38088932567849815,110
2025-03-08 20:00:00,SAC Basic,0.32361911245982,0.0027649104595184326,0.0,0.0,0.0,0.0,-0.3619671670597278,110
2025-03-08 21:00:00,SAC Basic,0.3234298966503158,0.0027352571487426758,0.0,0.0,0.0,0.0,-0.3430446667076615,110
2025-03-08 22:00:00,SAC Basic,0.3235730421217297,0.002443641424179077,0.0,0.0,0.0,0.0,-0.35735600115870003,110
2025-03-08 23:00:00,SAC Basic,0.3237446758985534,0.002490133047103882,0.0,0.0,0.0,0.0,-0.37451785743250865,110
2025-03-09 00:00:00,SAC Basic,0.3249137546229377,0.0017236173152923584,0.0,0.0,0.0,0.0,-0.4914175997973933,110
2025-03-09 01:00:00,SAC Basic,0.3257502887821212,0.001960247755050659,0.0,0.0,0.0,0.0,-0.5750704494716179,110
2025-03-09 02:00:00,SAC Basic,0.32761542151530726,0.0020398199558258057,0.0,0.0,0.0,0.0,-0.7615837436518494,110
2025-03-09 03:00:00,SAC Basic,0.32914735055526234,0.002078711986541748,0.0,0.0,0.0,0.0,-0.9147770186862715,110
2025-03-09 04:00:00,SAC Basic,0.33805910928726335,0.0075276196002960205,0.0,0.0,0.0,0.0,-1.8061159701944778,110
2025-03-09 05:00:00,SAC Basic,0.3389567402283364,0.0032892823219299316,0.0,0.0,0.0,0.0,-1.89578219185286,110
2025-03-09 06:00:00,SAC Basic,0.3414930924296392,0.003405660390853882,0.0,0.0,0.0,0.0,-2.149378519952427,110
2025-03-09 07:00:00,SAC Basic,0.3422778981669757,0.003441721200942993,0.0,0.0,0.0,0.0,-2.227859011729687,110
2025-03-09 08:00:00,SAC Basic,0.34313997130791485,0.0031219422817230225,0.0,0.0,0.0,0.0,-2.3140627674263103,110
2025-03-09 09:00:00,SAC Basic,0.34286276147127287,0.0038370490074157715,0.0,0.0,0.0,0.0,-2.2863600391746917,110
2025-03-09 10:00:00,SAC Basic,0.34248979062557355,0.002608746290206909,0.0,0.0,0.0,0.0,-2.249043520510331,110
2025-03-09 11:00:00,SAC Basic,0.3430580659572297,0.0019825994968414307,0.0,0.0,0.0,0.0,-2.3058525091808404,110
2025-03-09 12:00:00,SAC Basic,0.34187469896078243,0.001989901065826416,0.0,0.0,0.0,0.0,-2.187509767115249,110
2025-03-09 13:00:00,SAC Basic,0.3404068567053491,0.0016473233699798584,0.0,0.0,0.0,0.0,-2.0407220427792665,110
2025-03-09 14:00:00,SAC Basic,0.33958518866141774,0.001999586820602417,0.0,0.0,0.0,0.0,-1.9585623805126913,110
2025-03-09 15:00:00,SAC Basic,0.3389349466586126,0.002427399158477783,0.0,0.0,0.0,0.0,-1.89354749196781,110
2025-03-09 16:00:00,SAC Basic,0.33823911291599407,0.0037498772144317627,0.0,0.0,0.0,0.0,-1.8239995139242542,110
2025-03-09 17:00:00,SAC Basic,0.3381600590888672,0.0037838518619537354,0.0,0.0,0.0,0.0,-1.816081925670434,110
2025-03-09 18:00:00,SAC Basic,0.3449616499908778,0.008477270603179932,0.0,0.0,0.0,0.0,-2.4963814786872556,110
2025-03-09 19:00:00,SAC Basic,0.3455292318145447,0.004274547100067139,0.0,0.0,0.0,0.0,-2.553050699631502,110
2025-03-09 20:00:00,SAC Basic,0.3454321293226891,0.004869252443313599,0.0,0.0,0.0,0.0,-2.5433162643712057,110
2025-03-09 21:00:00,SAC Basic,0.34533494139750925,0.004843622446060181,0.0,0.0,0.0,0.0,-2.5335912684998183,110
2025-03-09 22:00:00,SAC Basic,0.3455426352564506,0.004808157682418823,0.0,0.0,0.0,0.0,-2.554360043446347,110
2025-03-09 23:00:00,SAC Basic,0.3457788064932835,0.0048513710498809814,0.0,0.0,0.0,0.0,-2.577978108883024,110
2025-03-10 00:00:00,SAC Basic,0.3460149961082152,0.004856884479522705,0.0,0.0,0.0,0.0,-2.6015968036454042,110
2025-03-10 01:00:00,SAC Basic,0.3462231479295106,0.004945546388626099,0.0,0.0,0.0,0.0,-2.6224145904979217,110
2025-03-10 02:00:00,SAC Basic,0.34612681781451016,0.00510096549987793,0.0,0.0,0.0,0.0,-2.6127853549521256,110
2025-03-10 03:00:00,SAC Basic,0.346030449453196,0.005089491605758667,0.0,0.0,0.0,0.0,-2.6031468498906554,110
2025-03-10 04:00:00,SAC Basic,0.3459337641938538,0.004994422197341919,0.0,0.0,0.0,0.0,-2.5934772585234103,110
2025-03-10 05:00:00,SAC Basic,0.3458370913521459,0.004998147487640381,0.0,0.0,0.0,0.0,-2.5838091354172463,110
2025-03-10 06:00:00,SAC Basic,0.34568307185411556,0.0047941505908966064,0.0,0.0,0.0,0.0,-2.568405108392341,110
2025-03-10 07:00:00,SAC Basic,0.34547767361482085,0.006380528211593628,0.0,0.0,0.0,0.0,-2.5479108358225226,110
2025-03-10 08:00:00,SAC Basic,0.3450094428284973,0.004030764102935791,0.0,0.0,0.0,0.0,-2.501048395772877,110
2025-03-10 09:00:00,SAC Basic,0.3443137605810176,0.003795325756072998,0.0,0.0,0.0,0.0,-2.4314543190003484,110
2025-03-10 10:00:00,SAC Basic,0.34333040180842184,0.002492368221282959,0.0,0.0,0.0,0.0,-2.3331030577819565,110
2025-03-10 11:00:00,SAC Basic,0.34208849357922977,0.0014275312423706055,0.0,0.0,0.0,0.0,-2.208888556917613,110
2025-03-10 12:00:00,SAC Basic,0.3407618381730726,0.00150337815284729,0.0,0.0,0.0,0.0,-2.0762146433394206,110
2025-03-10 13:00:00,SAC Basic,0.33949180174986626,0.0014890730381011963,0.0,0.0,0.0,0.0,-1.9492100994985349,110
2025-03-10 14:00:00,SAC Basic,0.3388691827917109,0.0022143125534057617,0.0,0.0,0.0,0.0,-1.8869698178173115,110
2025-03-10 15:00:00,SAC Basic,0.33925310036341455,0.002175271511077881,0.0,0.0,0.0,0.0,-1.9253539321820992,110
2025-03-10 16:00:00,SAC Basic,0.33895604577541455,0.0043836236000061035,0.0,0.0,0.0,0.0,-1.8957143335343436,110
2025-03-10 17:00:00,SAC Basic,0.338633027138711,0.005094408988952637,0.0,0.0,0.0,0.0,-1.8634117099047696,110
2025-03-10 18:00:00,SAC Basic,0.33877942503690817,0.0034193694591522217,0.0,0.0,0.0,0.0,-1.878027641475297,110
2025-03-10 19:00:00,SAC Basic,0.33864908126592735,0.0033968687057495117,0.0,0.0,0.0,0.0,-1.8649762889743837,110
2025-03-10 20:00:00,SAC Basic,0.3392108272981653,0.0025238096714019775,0.0,0.0,0.0,0.0,-1.9211419366003029,110
2025-03-10 21:00:00,SAC Basic,0.3394405940159171,0.0029300153255462646,0.0,0.0,0.0,0.0,-1.94412206395476,110
2025-03-10 22:00:00,SAC Basic,0.339308532637756,0.0028815865516662598,0.0,0.0,0.0,0.0,-1.9309113797943724,110
2025-03-10 23:00:00,SAC Basic,0.33920512496789385,0.002977699041366577,0.0,0.0,0.0,0.0,-1.920573011895108,110
2025-03-11 00:00:00,SAC Basic,0.33912907857894986,0.0026860833168029785,0.0,0.0,0.0,0.0,-1.9129644957185672,110
2025-03-11 01:00:00,SAC Basic,0.3390530157987286,0.002681165933609009,0.0,0.0,0.0,0.0,-1.905355252365363,110
2025-03-11 02:00:00,SAC Basic,0.3389760480213175,0.0024096667766571045,0.0,0.0,0.0,0.0,-1.8976557104588498,110
2025-03-11 03:00:00,SAC Basic,0.33925924288670317,0.0019584596157073975,0.0,0.0,0.0,0.0,-1.92596796993424,110
2025-03-11 04:00:00,SAC Basic,0.33918157972176965,0.0022010505199432373,0.0,0.0,0.0,0.0,-1.918204419096406,110
2025-03-11 05:00:00,SAC Basic,0.3391062520655006,0.002901703119277954,0.0,0.0,0.0,0.0,-1.9106902471384384,110
2025-03-11 06:00:00,SAC Basic,0.3389739433280637,0.0028073787689208984,0.0,0.0,0.0,0.0,-1.89745142362525,110
2025-03-11 07:00:00,SAC Basic,0.33878880397955674,0.003958195447921753,0.0,0.0,0.0,0.0,-1.8789710700314217,110
2025-03-11 08:00:00,SAC Basic,0.33828656847794947,0.0023293495178222656,0.0,0.0,0.0,0.0,-1.8287197232446035,110
2025-03-11 09:00:00,SAC Basic,0.3374452344965944,0.0025998055934906006,0.0,0.0,0.0,0.0,-1.7445781503320674,110
2025-03-11 10:00:00,SAC Basic,0.33631835684299566,0.0019367039203643799,0.0,0.0,0.0,0.0,-1.6318810493947038,110
2025-03-11 11:00:00,SAC Basic,0.3349072289379447,0.0016616284847259521,0.0,0.0,0.0,0.0,-1.4907588771185225,110
2025-03-11 12:00:00,SAC Basic,0.3335253453238815,0.0019349157810211182,0.0,0.0,0.0,0.0,-1.3525759635767334,110
2025-03-11 13:00:00,SAC Basic,0.3326184771076848,0.001939535140991211,0.0,0.0,0.0,0.0,-1.2618865476648962,110
2025-03-11 14:00:00,SAC Basic,0.33207348516782226,0.002002418041229248,0.0,0.0,0.0,0.0,-1.207389193972052,110
2025-03-11 15:00:00,SAC Basic,0.3310335938390106,0.0025326013565063477,0.0,0.0,0.0,0.0,-1.103415337761342,110
2025-03-11 16:00:00,SAC Basic,0.3305823159853627,0.0026166439056396484,0.0,0.0,0.0,0.0,-1.0582847718398731,110
2025-03-11 17:00:00,SAC Basic,0.3301105029598882,0.002956092357635498,0.0,0.0,0.0,0.0,-1.0111128123204915,110
2025-03-11 18:00:00,SAC Basic,0.32992171829064787,0.0028645992279052734,0.0,0.0,0.0,0.0,-0.9922300359806416,110
2025-03-11 19:00:00,SAC Basic,0.32984480813106004,0.0024269521236419678,0.0,0.0,0.0,0.0,-0.9845337286195189,110
2025-03-11 20:00:00,SAC Basic,0.32979351482311986,0.0016120076179504395,0.0,0.0,0.0,0.0,-0.9793918719094012,110
2025-03-11 21:00:00,SAC Basic,0.3297148805991819,0.0019097328186035156,0.0,0.0,0.0,0.0,-0.9715292318265694,110
2025-03-11 22:00:00,SAC Basic,0.32966368166526266,0.00164031982421875,0.0,0.0,0.0,0.0,-0.966403667052694,110
2025-03-11 23:00:00,SAC Basic,0.329585230228902,0.001964569091796875,0.0,0.0,0.0,0.0,-0.9585655567647126,110
2025-03-12 00:00:00,SAC Basic,0.32950796244144553,0.0023196637630462646,0.0,0.0,0.0,0.0,-0.9508461883665261,110
2025-03-12 01:00:00,SAC Basic,0.3304295835240693,0.0019863247871398926,0.0,0.0,0.0,0.0,-1.0430014122924327,110
2025-03-12 02:00:00,SAC Basic,0.3303546328671785,0.003014802932739258,0.0,0.0,0.0,0.0,-1.035533867557958,110
2025-03-12 03:00:00,SAC Basic,0.33027867439508557,0.002712458372116089,0.0,0.0,0.0,0.0,-1.0279247121216049,110
2025-03-12 04:00:00,SAC Basic,0.33020368400176486,0.0030028820037841797,0.0,0.0,0.0,0.0,-1.0204313620528782,110
2025-03-12 05:00:00,SAC Basic,0.33012763959964236,0.0026866793632507324,0.0,0.0,0.0,0.0,-1.0128208555779061,110
2025-03-12 06:00:00,SAC Basic,0.33002196546316265,0.0022977590560913086,0.0,0.0,0.0,0.0,-1.0022463907004575,110
2025-03-12 07:00:00,SAC Basic,0.3298324580876044,0.00264778733253479,0.0,0.0,0.0,0.0,-0.9833022647898563,110
2025-03-12 08:00:00,SAC Basic,0.32930348765055456,0.002808868885040283,0.0,0.0,0.0,0.0,-0.9304065532486813,110
2025-03-12 09:00:00,SAC Basic,0.328405302228134,0.0025443732738494873,0.0,0.0,0.0,0.0,-0.8405837552349904,110
2025-03-12 10:00:00,SAC Basic,0.327221084872088,0.0017347931861877441,0.0,0.0,0.0,0.0,-0.7221512788734005,110
2025-03-12 11:00:00,SAC Basic,0.32581059225320935,0.0018522143363952637,0.0,0.0,0.0,0.0,-0.5810974438191645,110
2025-03-12 12:00:00,SAC Basic,0.3242884079122555,0.0023446977138519287,0.0,0.0,0.0,0.0,-0.42889261001360035,110
2025-03-12 13:00:00,SAC Basic,0.3227947059162469,0.0023894011974334717,0.0,0.0,0.0,0.0,-0.2795188266834765,110
2025-03-12 14:00:00,SAC Basic,0.32141444553534304,0.0024218857288360596,0.0,0.0,0.0,0.0,-0.14149331609419416,110
2025-03-12 15:00:00,SAC Basic,0.3202600988157602,0.002195984125137329,0.0,0.0,0.0,0.0,-0.026056060274556536,110
2025-03-12 16:00:00,SAC Basic,0.3193898915823312,0.0024378299713134766,0.0,0.0,0.0,0.0,0.999948824942112,110
2025-03-12 17:00:00,SAC Basic,0.3188584932494175,0.0020805001258850098,0.0,0.0,0.0,0.0,0.9999548166990281,110
2025-03-12 18:00:00,SAC Basic,0.31863813424428417,0.0018922984600067139,0.0,0.0,0.0,0.0,0.9999602720141412,110
2025-03-12 19:00:00,SAC Basic,0.31850240966399623,0.0017826259136199951,0.0,0.0,0.0,0.0,0.9999632507562637,110
2025-03-12 20:00:00,SAC Basic,0.31845059779564655,0.00145643949508667,0.0,0.0,0.0,0.0,0.999967609345913,110
2025-03-12 21:00:00,SAC Basic,0.318398979145687,0.0015144050121307373,0.0,0.0,0.0,0.0,0.999969132244587,110
2025-03-12 22:00:00,SAC Basic,0.31834696462154505,0.0013956427574157715,0.0,0.0,0.0,0.0,0.9999708995223044,110
2025-03-12 23:00:00,SAC Basic,0.31829580989440404,0.0016535818576812744,0.0,0.0,0.0,0.0,0.9999643489718437,110
2025-03-13 00:00:00,SAC Basic,0.31824403031190357,0.001466125249862671,0.0,0.0,0.0,0.0,0.9999688029289246,110
2025-03-13 01:00:00,SAC Basic,0.3181931095329933,0.0017237663269042969,0.0,0.0,0.0,0.0,0.9999629482626915,110
2025-03-13 02:00:00,SAC Basic,0.3181139110517514,0.0017404556274414062,0.0,0.0,0.0,0.0,0.9999650239944458,110
2025-03-13 03:00:00,SAC Basic,0.3180350438729935,0.0018398463726043701,0.0,0.0,0.0,0.0,0.9999622091650963,110
2025-03-13 04:00:00,SAC Basic,0.31795694112380474,0.0020691752433776855,0.0,0.0,0.0,0.0,0.9999563232064247,110
2025-03-13 05:00:00,SAC Basic,0.31787891735077034,0.0020928680896759033,0.0,0.0,0.0,0.0,0.9999579057097435,110
2025-03-13 06:00:00,SAC Basic,0.31774411763588717,0.0020600855350494385,0.0,0.0,0.0,0.0,0.9999584704637527,110
2025-03-13 07:00:00,SAC Basic,0.3175281043060634,0.0031960010528564453,0.0,0.0,0.0,0.0,0.9999247208237648,110
2025-03-13 08:00:00,SAC Basic,0.3169425029651337,0.0028195977210998535,0.0,0.0,0.0,0.0,0.9999398440122604,110
2025-03-13 09:00:00,SAC Basic,0.31598828467210266,0.0027345120906829834,0.0,0.0,0.0,0.0,0.9999444589018821,110
2025-03-13 10:00:00,SAC Basic,0.3147238977758103,0.0031839311122894287,0.0,0.0,0.0,0.0,0.9999318271875381,110
2025-03-13 11:00:00,SAC Basic,0.3132367304356906,0.004349797964096069,0.0,0.0,0.0,0.0,0.9999013453722,110
2025-03-13 12:00:00,SAC Basic,0.31161012812614575,0.0050193071365356445,0.0,0.0,0.0,0.0,0.999892918765545,110
2025-03-13 13:00:00,SAC Basic,0.31031924482584133,0.0057350099086761475,0.0,0.0,0.0,0.0,0.9998781427741051,110
2025-03-13 14:00:00,SAC Basic,0.3091675521159185,0.004992187023162842,0.0,0.0,0.0,0.0,0.9998927280306816,110
2025-03-13 15:00:00,SAC Basic,0.30895959545453516,0.003113001585006714,0.0,0.0,0.0,0.0,0.9999189481139182,110
2025-03-13 16:00:00,SAC Basic,0.30883878693103917,0.0017574429512023926,0.0,0.0,0.0,0.0,0.9999512955546379,110
2025-03-13 17:00:00,SAC Basic,0.3086421514495226,0.0025093555450439453,0.0,0.0,0.0,0.0,0.9999422937631607,110
2025-03-13 18:00:00,SAC Basic,0.30842477168321736,0.0027860701084136963,0.0,0.0,0.0,0.0,0.999941511452198,110
2025-03-13 19:00:00,SAC Basic,0.3082896610307706,0.001966804265975952,0.0,0.0,0.0,0.0,0.9999524712562562,110
2025-03-13 20:00:00,SAC Basic,0.3082138500801735,0.0027567148208618164,0.0,0.0,0.0,0.0,0.9999369665980339,110
2025-03-13 21:00:00,SAC Basic,0.30813565196355314,0.002040565013885498,0.0,0.0,0.0,0.0,0.9999520272016525,110
2025-03-13 22:00:00,SAC Basic,0.30805723976691696,0.0019763410091400146,0.0,0.0,0.0,0.0,0.9999598309397697,110
2025-03-13 23:00:00,SAC Basic,0.3080069006299986,0.001898258924484253,0.0,0.0,0.0,0.0,0.9999612540006638,110
2025-03-14 00:00:00,SAC Basic,0.30792800315221286,0.001830756664276123,0.0,0.0,0.0,0.0,0.9999627098441124,110
2025-03-14 01:00:00,SAC Basic,0.30785017011404175,0.0021500885486602783,0.0,0.0,0.0,0.0,0.999953804910183,110
2025-03-14 02:00:00,SAC Basic,0.308048530879022,0.0020082294940948486,0.0,0.0,0.0,0.0,0.9999584168195724,110
2025-03-14 03:00:00,SAC Basic,0.3083054477779084,0.0025750696659088135,0.0,0.0,0.0,0.0,0.9999428302049637,110
2025-03-14 04:00:00,SAC Basic,0.308230070451102,0.0028868019580841064,0.0,0.0,0.0,0.0,0.9999391466379165,110
2025-03-14 05:00:00,SAC Basic,0.30815470454851923,0.0028902292251586914,0.0,0.0,0.0,0.0,0.9999421611428261,110
2025-03-14 06:00:00,SAC Basic,0.3080196922437364,0.0019963085651397705,0.0,0.0,0.0,0.0,0.9999511346220971,110
2025-03-14 07:00:00,SAC Basic,0.3077730393775318,0.0025041401386260986,0.0,0.0,0.0,0.0,0.9999448388814927,110
2025-03-14 08:00:00,SAC Basic,0.30724484330415863,0.003041177988052368,0.0,0.0,0.0,0.0,0.9999338060617448,110
2025-03-14 09:00:00,SAC Basic,0.30632165595134236,0.0035437941551208496,0.0,0.0,0.0,0.0,0.999924097955227,110
2025-03-14 10:00:00,SAC Basic,0.3051178279050205,0.004351586103439331,0.0,0.0,0.0,0.0,0.999904890358448,110
2025-03-14 11:00:00,SAC Basic,0.3036398471307768,0.007105767726898193,0.0,0.0,0.0,0.0,0.9998303428292274,110
2025-03-14 12:00:00,SAC Basic,0.3020739238739027,0.006223022937774658,0.0,0.0,0.0,0.0,0.9998667120933533,110
2025-03-14 13:00:00,SAC Basic,0.3005072714535409,0.006004273891448975,0.0,0.0,0.0,0.0,0.9998777270317079,110
2025-03-14 14:00:00,SAC Basic,0.29908344401677583,0.006351768970489502,0.0,0.0,0.0,0.0,0.9998694896697997,110
2025-03-14 15:00:00,SAC Basic,0.29786088693221546,0.007232874631881714,0.0,0.0,0.0,0.0,0.9998465314507485,110
2025-03-14 16:00:00,SAC Basic,0.2969597031307234,0.010144859552383423,0.0,0.0,0.0,0.0,0.9997679829597472,110
2025-03-14 17:00:00,SAC Basic,0.29644305347045397,0.006505101919174194,0.0,0.0,0.0,0.0,0.9998335003852844,110
2025-03-14 18:00:00,SAC Basic,0.2962231390166296,0.0020256638526916504,0.0,0.0,0.0,0.0,0.9999146923422814,110
2025-03-14 19:00:00,SAC Basic,0.29608659288565453,0.0015361607074737549,0.0,0.0,0.0,0.0,0.9999643817543984,110
2025-03-14 20:00:00,SAC Basic,0.29600786230087417,0.0018808245658874512,0.0,0.0,0.0,0.0,0.9999589368700982,110
2025-03-14 21:00:00,SAC Basic,0.29592881481806577,0.0017857551574707031,0.0,0.0,0.0,0.0,0.9999633342027665,110
2025-03-14 22:00:00,SAC Basic,0.2958218224255258,0.0019022822380065918,0.0,0.0,0.0,0.0,0.9999607890844344,110
2025-03-14 23:00:00,SAC Basic,0.29574304862737794,0.0018678605556488037,0.0,0.0,0.0,0.0,0.9999622985720634,110
2025-03-15 00:00:00,SAC Basic,0.2956634408609087,0.0016176700592041016,0.0,0.0,0.0,0.0,0.9999651446938514,110
2025-03-15 01:00:00,SAC Basic,0.2955841450254137,0.0017112493515014648,0.0,0.0,0.0,0.0,0.9999648392200471,110
2025-03-15 02:00:00,SAC Basic,0.2955053255303715,0.0018541514873504639,0.0,0.0,0.0,0.0,0.9999614879488945,110
2025-03-15 03:00:00,SAC Basic,0.29542708469708906,0.002027750015258789,0.0,0.0,0.0,0.0,0.9999577090144157,110
2025-03-15 04:00:00,SAC Basic,0.29534948759397023,0.0022208690643310547,0.0,0.0,0.0,0.0,0.9999536514282227,110
2025-03-15 05:00:00,SAC Basic,0.29527211599509073,0.002288520336151123,0.0,0.0,0.0,0.0,0.9999535530805588,110
2025-03-15 06:00:00,SAC Basic,0.2951367803351099,0.0018993020057678223,0.0,0.0,0.0,0.0,0.9999581217765807,110
2025-03-15 07:00:00,SAC Basic,0.2949183301687256,0.0024649500846862793,0.0,0.0,0.0,0.0,0.9999450445175171,110
2025-03-15 08:00:00,SAC Basic,0.2943492234198267,0.007767975330352783,0.0,0.0,0.0,0.0,0.9997916102409363,110
2025-03-15 09:00:00,SAC Basic,0.29345042082389344,0.01085922122001648,0.0,0.0,0.0,0.0,0.999751903116703,110
2025-03-15 10:00:00,SAC Basic,0.292181872761251,0.01043558120727539,0.0,0.0,0.0,0.0,0.9997870519757271,110
2025-03-15 11:00:00,SAC Basic,0.29060201466639984,0.010542571544647217,0.0,0.0,0.0,0.0,0.9997880786657334,110
2025-03-15 12:00:00,SAC Basic,0.2888231511958455,0.010340958833694458,0.0,0.0,0.0,0.0,0.9997911646962166,110
2025-03-15 13:00:00,SAC Basic,0.2870184245077784,0.011081993579864502,0.0,0.0,0.0,0.0,0.999770949780941,110
2025-03-15 14:00:00,SAC Basic,0.285386298569045,0.011862218379974365,0.0,0.0,0.0,0.0,0.9997549533843993,110
2025-03-15 15:00:00,SAC Basic,0.2841282920845365,0.013598054647445679,0.0,0.0,0.0,0.0,0.9997106805443764,110
2025-03-15 16:00:00,SAC Basic,0.2832355693936363,0.02118319272994995,0.0,0.0,0.0,0.0,0.999500484764576,110
2025-03-15 17:00:00,SAC Basic,0.2827036678640063,0.01892954111099243,0.0,0.0,0.0,0.0,0.9995988726615906,110
2025-03-15 18:00:00,SAC Basic,0.2825212176783895,0.004764944314956665,0.0,0.0,0.0,0.0,0.9997630551457405,110
2025-03-15 19:00:00,SAC Basic,0.2824503976233816,0.004253983497619629,0.0,0.0,0.0,0.0,0.9999098107218742,110
2025-03-15 20:00:00,SAC Basic,0.28235177570978953,0.004413425922393799,0.0,0.0,0.0,0.0,0.9999101370573044,110
2025-03-15 21:00:00,SAC Basic,0.282221581447126,0.003441721200942993,0.0,0.0,0.0,0.0,0.9999214485287666,110
2025-03-15 22:00:00,SAC Basic,0.2820927118976926,0.00383913516998291,0.0,0.0,0.0,0.0,0.9999192431569099,110
2025-03-15 23:00:00,SAC Basic,0.2819619240721082,0.0032636523246765137,0.0,0.0,0.0,0.0,0.9999289721250534,110
2025-03-16 00:00:00,SAC Basic,0.28186122245311884,0.0037895143032073975,0.0,0.0,0.0,0.0,0.9999189510941505,110
2025-03-16 01:00:00,SAC Basic,0.2817615698758775,0.00410422682762146,0.0,0.0,0.0,0.0,0.9999147683382034,110
2025-03-16 02:00:00,SAC Basic,0.28168857623815685,0.0036019086837768555,0.0,0.0,0.0,0.0,0.999922938644886,110
2025-03-16 03:00:00,SAC Basic,0.2816167528382952,0.003952980041503906,0.0,0.0,0.0,0.0,0.9999174296855926,110
2025-03-16 04:00:00,SAC Basic,0.28154518474499535,0.004029572010040283,0.0,0.0,0.0,0.0,0.9999186426401139,110
2025-03-16 05:00:00,SAC Basic,0.28147455045779696,0.004309713840484619,0.0,0.0,0.0,0.0,0.9999110043048859,110
2025-03-16 06:00:00,SAC Basic,0.2813446825305636,0.0035396218299865723,0.0,0.0,0.0,0.0,0.9999215066432954,110
2025-03-16 07:00:00,SAC Basic,0.28113685738881583,0.0056524574756622314,0.0,0.0,0.0,0.0,0.99986582249403,110
2025-03-16 08:00:00,SAC Basic,0.2806639580345169,0.01963019371032715,0.0,0.0,0.0,0.0,0.9994676187634468,110
2025-03-16 09:00:00,SAC Basic,0.2804616485349352,0.01130715012550354,0.0,0.0,0.0,0.0,0.9996906265616416,110
2025-03-16 10:00:00,SAC Basic,0.2795270462433512,0.010619312524795532,0.0,0.0,0.0,0.0,0.999780735373497,110
2025-03-16 11:00:00,SAC Basic,0.2780134615937883,0.013424605131149292,0.0,0.0,0.0,0.0,0.9997034549713134,110
2025-03-16 12:00:00,SAC Basic,0.2763061540301655,0.014807730913162231,0.0,0.0,0.0,0.0,0.9996900141239166,110
2025-03-16 13:00:00,SAC Basic,0.2745992314132069,0.01492321491241455,0.0,0.0,0.0,0.0,0.9997003808617592,110
2025-03-16 14:00:00,SAC Basic,0.2730951308560386,0.016269832849502563,0.0,0.0,0.0,0.0,0.999661137163639,110
2025-03-16 15:00:00,SAC Basic,0.2718280214834228,0.019367188215255737,0.0,0.0,0.0,0.0,0.9995816826820373,110
2025-03-16 16:00:00,SAC Basic,0.2709728221344962,0.04094019532203674,0.0,0.0,0.0,0.0,0.9989654660224915,110
2025-03-16 17:00:00,SAC Basic,0.270594097622237,0.047882646322250366,0.0,0.0,0.0,0.0,0.9989729225635529,110
2025-03-16 18:00:00,SAC Basic,0.27036188298781855,0.006835609674453735,0.0,0.0,0.0,0.0,0.9994528174400329,110
2025-03-16 19:00:00,SAC Basic,0.2702076474229509,0.004729330539703369,0.0,0.0,0.0,0.0,0.9998843505978584,110
2025-03-16 20:00:00,SAC Basic,0.27008415073553865,0.005450993776321411,0.0,0.0,0.0,0.0,0.9998837634921074,110
2025-03-16 21:00:00,SAC Basic,0.2699352045861894,0.006316155195236206,0.0,0.0,0.0,0.0,0.9998650252819061,110
2025-03-16 22:00:00,SAC Basic,0.2697850479658459,0.005953013896942139,0.0,0.0,0.0,0.0,0.9998773083090782,110
2025-03-16 23:00:00,SAC Basic,0.2696311526441588,0.004831403493881226,0.0,0.0,0.0,0.0,0.9998921558260917,110
2025-03-17 00:00:00,SAC Basic,0.2694800900332147,0.005681216716766357,0.0,0.0,0.0,0.0,0.9998778775334358,110
2025-03-17 01:00:00,SAC Basic,0.26963047150850433,0.004614442586898804,0.0,0.0,0.0,0.0,0.9998970434069634,110
2025-03-17 02:00:00,SAC Basic,0.26947902792453904,0.005566924810409546,0.0,0.0,0.0,0.0,0.9998791366815567,110
2025-03-17 03:00:00,SAC Basic,0.26932769957622027,0.0056014955043792725,0.0,0.0,0.0,0.0,0.9998876243829726,110
2025-03-17 04:00:00,SAC Basic,0.2691761785062168,0.0055436789989471436,0.0,0.0,0.0,0.0,0.9998885482549668,110
2025-03-17 05:00:00,SAC Basic,0.2690542608451857,0.005924701690673828,0.0,0.0,0.0,0.0,0.9998776957392692,110
2025-03-17 06:00:00,SAC Basic,0.2688733439890557,0.005224943161010742,0.0,0.0,0.0,0.0,0.9998885035514832,110
2025-03-17 07:00:00,SAC Basic,0.2686257640051855,0.010726004838943481,0.0,0.0,0.0,0.0,0.9997304692864417,110
2025-03-17 08:00:00,SAC Basic,0.2680766480890923,0.04776522517204285,0.0,0.0,0.0,0.0,0.9986743032932281,110
2025-03-17 09:00:00,SAC Basic,0.2671722552712772,0.03468215465545654,0.0,0.0,0.0,0.0,0.999175526201725,110
2025-03-17 10:00:00,SAC Basic,0.26592999335368606,0.01832142472267151,0.0,0.0,0.0,0.0,0.9994699642062187,110
2025-03-17 11:00:00,SAC Basic,0.26460036215146515,0.017610639333724976,0.0,0.0,0.0,0.0,0.999640679359436,110
2025-03-17 12:00:00,SAC Basic,0.26300180482069785,0.013432800769805908,0.0,0.0,0.0,0.0,0.9996895655989646,110
2025-03-17 13:00:00,SAC Basic,0.2614744412986451,0.017790943384170532,0.0,0.0,0.0,0.0,0.9996005997061729,110
2025-03-17 14:00:00,SAC Basic,0.26028189561526116,0.033236294984817505,0.0,0.0,0.0,0.0,0.9991808205842971,110
2025-03-17 15:00:00,SAC Basic,0.25919030235290663,0.04652202129364014,0.0,0.0,0.0,0.0,0.998936702311039,110
2025-03-17 16:00:00,SAC Basic,0.2584515821353608,0.08438393473625183,0.0,0.0,0.0,0.0,0.9979337021708488,110
2025-03-17 17:00:00,SAC Basic,0.25825066393931845,0.12672454118728638,0.0,0.0,0.0,0.0,0.997042103111744,110
2025-03-17 18:00:00,SAC Basic,0.25795519082705315,0.02185806632041931,0.0,0.0,0.0,0.0,0.9985141739249229,110
2025-03-17 19:00:00,SAC Basic,0.25770178273360067,0.017477571964263916,0.0,0.0,0.0,0.0,0.9996066436171531,110
2025-03-17 20:00:00,SAC Basic,0.25749210259437694,0.03059595823287964,0.0,0.0,0.0,0.0,0.9992568969726562,110
2025-03-17 21:00:00,SAC Basic,0.2572802690060947,0.021449923515319824,0.0,0.0,0.0,0.0,0.999479541182518,110
2025-03-17 22:00:00,SAC Basic,0.25704157706817127,0.013392418622970581,0.0,0.0,0.0,0.0,0.9996515765786171,110
2025-03-17 23:00:00,SAC Basic,0.2568228350702935,0.010877400636672974,0.0,0.0,0.0,0.0,0.9997573018074036,110
2025-03-18 00:00:00,SAC Basic,0.25660289799928804,0.010518878698348999,0.0,0.0,0.0,0.0,0.9997860372066497,110
2025-03-18 01:00:00,SAC Basic,0.2563818378774339,0.010181963443756104,0.0,0.0,0.0,0.0,0.9997929915785789,110
2025-03-18 02:00:00,SAC Basic,0.2561678364356373,0.012299567461013794,0.0,0.0,0.0,0.0,0.9997328326106071,110
2025-03-18 03:00:00,SAC Basic,0.2559267026940996,0.01265987753868103,0.0,0.0,0.0,0.0,0.9997431993484498,110
2025-03-18 04:00:00,SAC Basic,0.25599428579886896,0.01377493143081665,0.0,0.0,0.0,0.0,0.9997133508324624,110
2025-03-18 05:00:00,SAC Basic,0.25574293280681115,0.026594102382659912,0.0,0.0,0.0,0.0,0.9993399262428284,110
2025-03-18 06:00:00,SAC Basic,0.25543572602351644,0.01833796501159668,0.0,0.0,0.0,0.0,0.9995506793260575,110
2025-03-18 07:00:00,SAC Basic,0.2551167239435528,0.031799376010894775,0.0,0.0,0.0,0.0,0.9992293983697892,110
2025-03-18 08:00:00,SAC Basic,0.25469947535673915,0.08732542395591736,0.0,0.0,0.0,0.0,0.9976982310414314,110
2025-03-18 09:00:00,SAC Basic,0.2539363788263017,0.07707104086875916,0.0,0.0,0.0,0.0,0.9983560353517532,110
2025-03-18 10:00:00,SAC Basic,0.2528361363991115,0.06092727184295654,0.0,0.0,0.0,0.0,0.9986200168728828,110
2025-03-18 11:00:00,SAC Basic,0.2515236084842696,0.031241625547409058,0.0,0.0,0.0,0.0,0.9990783110260963,110
2025-03-18 12:00:00,SAC Basic,0.2500107318711295,0.02213701605796814,0.0,0.0,0.0,0.0,0.9994662135839463,110
2025-03-18 13:00:00,SAC Basic,0.24853877858241535,0.025914013385772705,0.0,0.0,0.0,0.0,0.9994439497590064,110
2025-03-18 14:00:00,SAC Basic,0.24729793121338028,0.05274578928947449,0.0,0.0,0.0,0.0,0.9986767664551734,110
2025-03-18 15:00:00,SAC Basic,0.24673421360731262,0.18788471817970276,0.0,0.0,0.0,0.0,0.9948909163475036,110
2025-03-18 16:00:00,SAC Basic,0.24842332564433553,0.7787336111068726,0.0,0.0,0.0,0.0,0.9785168388485909,110
2025-03-18 17:00:00,SAC Basic,0.24996856267055012,0.6505711078643799,0.0,0.0,0.0,0.0,0.9857069528102875,110
2025-03-18 18:00:00,SAC Basic,0.24973803352038204,0.0498412549495697,0.0,0.0,0.0,0.0,0.9929958763718606,110
2025-03-18 19:00:00,SAC Basic,0.24947888126055537,0.024254322052001953,0.0,0.0,0.0,0.0,0.9992590442299842,110
2025-03-18 20:00:00,SAC Basic,0.24923825985352333,0.021313577890396118,0.0,0.0,0.0,0.0,0.999544321000576,110
2025-03-18 21:00:00,SAC Basic,0.24901421797514095,0.026287436485290527,0.0,0.0,0.0,0.0,0.9994245126843453,110
2025-03-18 22:00:00,SAC Basic,0.24876393637657296,0.026915520429611206,0.0,0.0,0.0,0.0,0.9994554087519646,110
2025-03-18 23:00:00,SAC Basic,0.2485258359805756,0.030569881200790405,0.0,0.0,0.0,0.0,0.9993520587682724,110
2025-03-19 00:00:00,SAC Basic,0.2482746292511635,0.03513798117637634,0.0,0.0,0.0,0.0,0.9992515593767166,110
2025-03-19 01:00:00,SAC Basic,0.2480451168910675,0.033146291971206665,0.0,0.0,0.0,0.0,0.9993171572685241,110
2025-03-19 02:00:00,SAC Basic,0.247840124391716,0.04050225019454956,0.0,0.0,0.0,0.0,0.9991163954138755,110
2025-03-19 03:00:00,SAC Basic,0.2476333762701365,0.048475563526153564,0.0,0.0,0.0,0.0,0.998950755596161,110
2025-03-19 04:00:00,SAC Basic,0.2474328531257324,0.04184305667877197,0.0,0.0,0.0,0.0,0.9990968137979508,110
2025-03-19 05:00:00,SAC Basic,0.247236445450784,0.03457769751548767,0.0,0.0,0.0,0.0,0.9992357924580574,110
2025-03-19 06:00:00,SAC Basic,0.247024219927789,0.038332343101501465,0.0,0.0,0.0,0.0,0.9991958066821098,110
2025-03-19 07:00:00,SAC Basic,0.24696727390766265,0.10191619396209717,0.0,0.0,0.0,0.0,0.9973258376121521,110
2025-03-19 08:00:00,SAC Basic,0.2490665321985893,0.8337774872779846,0.0,0.0,0.0,0.0,0.9760058373212814,110
2025-03-19 09:00:00,SAC Basic,0.2503322442309074,0.6517136096954346,0.0,0.0,0.0,0.0,0.9851450890302658,110
2025-03-19 10:00:00,SAC Basic,0.24970463418801747,0.16021698713302612,0.0,0.0,0.0,0.0,0.9918806940317154,110
2025-03-19 11:00:00,SAC Basic,0.24849528565565868,0.0536954402923584,0.0,0.0,0.0,0.0,0.9978608757257462,110
2025-03-19 12:00:00,SAC Basic,0.24720317504644518,0.045866817235946655,0.0,0.0,0.0,0.0,0.9990043774247169,110
2025-03-19 13:00:00,SAC Basic,0.24603662910620494,0.06653621792793274,0.0,0.0,0.0,0.0,0.9984625816345215,110
2025-03-19 14:00:00,SAC Basic,0.2455103245735181,0.2076086401939392,0.0,0.0,0.0,0.0,0.9944371029734611,110
2025-03-19 15:00:00,SAC Basic,0.24613605653365578,0.47671958804130554,0.0,0.0,0.0,0.0,0.9877744987607002,110
2025-03-19 16:00:00,SAC Basic,0.24745031992832944,0.6407790184020996,0.0,0.0,0.0,0.0,0.98554382532835,110
2025-03-19 17:00:00,SAC Basic,0.2499938128304494,0.9415478706359863,0.0,0.0,0.0,0.0,0.9781613540649414,110
2025-03-19 18:00:00,SAC Basic,0.24980120021581773,0.04421621561050415,0.0,0.0,0.0,0.0,0.9901423591375351,110
2025-03-19 19:00:00,SAC Basic,0.24961705821752672,0.021257400512695312,0.0,0.0,0.0,0.0,0.999345263838768,110
2025-03-19 20:00:00,SAC Basic,0.24943835712989298,0.022889673709869385,0.0,0.0,0.0,0.0,0.9995258837938309,110
2025-03-19 21:00:00,SAC Basic,0.24959810593764112,0.024424642324447632,0.0,0.0,0.0,0.0,0.9994961574673652,110
2025-03-19 22:00:00,SAC Basic,0.24975741565783943,0.02429291605949402,0.0,0.0,0.0,0.0,0.9995128244161606,110
2025-03-19 23:00:00,SAC Basic,0.24992463888804242,0.026666969060897827,0.0,0.0,0.0,0.0,0.999442920088768,110
2025-03-20 00:00:00,SAC Basic,0.2500697336284332,0.028528422117233276,0.0,0.0,0.0,0.0,0.9994108170270919,110
2025-03-20 01:00:00,SAC Basic,0.2498749514389051,0.026565343141555786,0.0,0.0,0.0,0.0,0.9994490623474122,110
2025-03-20 02:00:00,SAC Basic,0.25002840523402026,0.0310361385345459,0.0,0.0,0.0,0.0,0.9993345692753792,110
2025-03-20 03:00:00,SAC Basic,0.249881513655187,0.03243252635002136,0.0,0.0,0.0,0.0,0.9993373855948448,110
2025-03-20 04:00:00,SAC Basic,0.24974063370148472,0.034236013889312744,0.0,0.0,0.0,0.0,0.9992972448468209,110
2025-03-20 05:00:00,SAC Basic,0.24958965695222352,0.03970697522163391,0.0,0.0,0.0,0.0,0.9991511508822442,110
2025-03-20 06:00:00,SAC Basic,0.2494135357181244,0.04066362977027893,0.0,0.0,0.0,0.0,0.999177160859108,110
2025-03-20 07:00:00,SAC Basic,0.24938941205740106,0.0777629017829895,0.0,0.0,0.0,0.0,0.9980737492442131,110
2025-03-20 08:00:00,SAC Basic,0.2500081342879944,0.33861666917800903,0.0,0.0,0.0,0.0,0.9906191289424896,110
2025-03-20 09:00:00,SAC Basic,0.2505153934439036,0.3816777467727661,0.0,0.0,0.0,0.0,0.9919358342885971,110
2025-03-20 10:00:00,SAC Basic,0.25075399633725615,0.23508086800575256,0.0,0.0,0.0,0.0,0.9938324138522148,110
2025-03-20 11:00:00,SAC Basic,0.2507085264237735,0.1093590259552002,0.0,0.0,0.0,0.0,0.9965556010603904,110
2025-03-20 12:00:00,SAC Basic,0.25032608802159756,0.116768479347229,0.0,0.0,0.0,0.0,0.9975905358791352,110
2025-03-20 13:00:00,SAC Basic,0.2493311963415159,0.07553249597549438,0.0,0.0,0.0,0.0,0.9980769902467728,110
2025-03-20 14:00:00,SAC Basic,0.2487286701854083,0.1592421531677246,0.0,0.0,0.0,0.0,0.9959780603647231,110
2025-03-20 15:00:00,SAC Basic,0.24938505757649868,0.4774162173271179,0.0,0.0,0.0,0.0,0.9872699350118637,110
2025-03-20 16:00:00,SAC Basic,0.25122294943491746,0.7383675575256348,0.0,0.0,0.0,0.0,0.9826231354475022,110
2025-03-20 17:00:00,SAC Basic,0.2521842454743398,0.33288881182670593,0.0,0.0,0.0,0.0,0.9892874363064766,110
2025-03-20 18:00:00,SAC Basic,0.2519419066572202,0.04629835486412048,0.0,0.0,0.0,0.0,0.9962081283330917,110
2025-03-20 19:00:00,SAC Basic,0.2524117298070603,0.02594694495201111,0.0,0.0,0.0,0.0,0.9992775470018387,110
2025-03-20 20:00:00,SAC Basic,0.25228461806376906,0.021366477012634277,0.0,0.0,0.0,0.0,0.9995268657803535,110
2025-03-20 21:00:00,SAC Basic,0.2520975231520348,0.02037152647972107,0.0,0.0,0.0,0.0,0.9995826199650764,110
2025-03-20 22:00:00,SAC Basic,0.25194765558004517,0.02303972840309143,0.0,0.0,0.0,0.0,0.9995125234127045,110
2025-03-20 23:00:00,SAC Basic,0.2517838084665948,0.027345865964889526,0.0,0.0,0.0,0.0,0.9994100213050843,110
2025-03-21 00:00:00,SAC Basic,0.25161629417737463,0.026245713233947754,0.0,0.0,0.0,0.0,0.9994640842080117,110
2025-03-21 01:00:00,SAC Basic,0.25180265546560426,0.03240838646888733,0.0,0.0,0.0,0.0,0.9992902055382729,110
2025-03-21 02:00:00,SAC Basic,0.25196531993389265,0.02529934048652649,0.0,0.0,0.0,0.0,0.9994229227304459,110
2025-03-21 03:00:00,SAC Basic,0.2521690170017892,0.02910912036895752,0.0,0.0,0.0,0.0,0.9993797197937965,110
2025-03-21 04:00:00,SAC Basic,0.2526710961985602,0.035623759031295776,0.0,0.0,0.0,0.0,0.9992223784327507,110
2025-03-21 05:00:00,SAC Basic,0.25255563987811547,0.03336310386657715,0.0,0.0,0.0,0.0,0.9993101313710212,110
2025-03-21 06:00:00,SAC Basic,0.2523757057023063,0.031019747257232666,0.0,0.0,0.0,0.0,0.9993561714887619,110
2025-03-21 07:00:00,SAC Basic,0.2532138637201005,0.061947405338287354,0.0,0.0,0.0,0.0,0.9984517753124237,110
2025-03-21 08:00:00,SAC Basic,0.25373925451437773,0.31061723828315735,0.0,0.0,0.0,0.0,0.9913009569048882,110
2025-03-21 09:00:00,SAC Basic,0.25384412278175494,0.22696048021316528,0.0,0.0,0.0,0.0,0.9946242228150367,110
2025-03-21 10:00:00,SAC Basic,0.2537967018413558,0.22377371788024902,0.0,0.0,0.0,0.0,0.9954926580190658,110
2025-03-21 11:00:00,SAC Basic,0.253802315889201,0.2311842143535614,0.0,0.0,0.0,0.0,0.9953022107481956,110
2025-03-21 12:00:00,SAC Basic,0.25371170198043325,0.19381582736968994,0.0,0.0,0.0,0.0,0.9957499995827674,110
2025-03-21 13:00:00,SAC Basic,0.2552026754204446,0.05129203200340271,0.0,0.0,0.0,0.0,0.997548921406269,110
2025-03-21 14:00:00,SAC Basic,0.2575317942531917,0.034735649824142456,0.0,0.0,0.0,0.0,0.9991397231817246,110
2025-03-21 15:00:00,SAC Basic,0.2576865204207116,0.058917850255966187,0.0,0.0,0.0,0.0,0.9985798209905624,110
2025-03-21 16:00:00,SAC Basic,0.257738571976822,0.043115466833114624,0.0,0.0,0.0,0.0,0.9989796668291092,110
2025-03-21 17:00:00,SAC Basic,0.25780527637561296,0.030511319637298584,0.0,0.0,0.0,0.0,0.9992637321352958,110
2025-03-21 18:00:00,SAC Basic,0.2575883560276045,0.019923895597457886,0.0,0.0,0.0,0.0,0.9994956478476524,110
2025-03-21 19:00:00,SAC Basic,0.25737829395612216,0.013481378555297852,0.0,0.0,0.0,0.0,0.9996659472584725,110
2025-03-21 20:00:00,SAC Basic,0.2572306250675533,0.015199333429336548,0.0,0.0,0.0,0.0,0.9996788337826729,110
2025-03-21 21:00:00,SAC Basic,0.2570580466357881,0.016226470470428467,0.0,0.0,0.0,0.0,0.9996651992201806,110
2025-03-21 22:00:00,SAC Basic,0.25689288947900274,0.018452852964401245,0.0,0.0,0.0,0.0,0.9996086791157722,110
2025-03-21 23:00:00,SAC Basic,0.25672193229357543,0.016712844371795654,0.0,0.0,0.0,0.0,0.999648343026638,110
2025-03-22 00:00:00,SAC Basic,0.2568676057298992,0.011702030897140503,0.0,0.0,0.0,0.0,0.9997158512473105,110
2025-03-22 01:00:00,SAC Basic,0.257016620503268,0.012704432010650635,0.0,0.0,0.0,0.0,0.9997358873486518,110
2025-03-22 02:00:00,SAC Basic,0.25687371998628117,0.016629844903945923,0.0,0.0,0.0,0.0,0.9996281489729881,110
2025-03-22 03:00:00,SAC Basic,0.25672970883608004,0.01629665493965149,0.0,0.0,0.0,0.0,0.999670735001564,110
2025-03-22 04:00:00,SAC Basic,0.2565212297646218,0.013956278562545776,0.0,0.0,0.0,0.0,0.999697470664978,110
2025-03-22 05:00:00,SAC Basic,0.2563432417146379,0.014603585004806519,0.0,0.0,0.0,0.0,0.9997014552354813,110
2025-03-22 06:00:00,SAC Basic,0.25610781660795356,0.014372467994689941,0.0,0.0,0.0,0.0,0.999710239470005,110
2025-03-22 07:00:00,SAC Basic,0.2558786755522106,0.024757683277130127,0.0,0.0,0.0,0.0,0.999400994181633,110
2025-03-22 08:00:00,SAC Basic,0.2556765100002303,0.06685033440589905,0.0,0.0,0.0,0.0,0.9982420668005944,110
2025-03-22 09:00:00,SAC Basic,0.25559585708936194,0.16280412673950195,0.0,0.0,0.0,0.0,0.9957843795418739,110
2025-03-22 10:00:00,SAC Basic,0.2551633541496609,0.0997491180896759,0.0,0.0,0.0,0.0,0.9973744675517082,110
2025-03-22 11:00:00,SAC Basic,0.25485444013198355,0.10482579469680786,0.0,0.0,0.0,0.0,0.9978527173399926,110
2025-03-22 12:00:00,SAC Basic,0.2540804627736424,0.07380679249763489,0.0,0.0,0.0,0.0,0.9982136741280556,110
2025-03-22 13:00:00,SAC Basic,0.2534737355701142,0.0494818389415741,0.0,0.0,0.0,0.0,0.9987671136856079,110
2025-03-22 14:00:00,SAC Basic,0.252927143030168,0.05052223801612854,0.0,0.0,0.0,0.0,0.9989791512489319,110
2025-03-22 15:00:00,SAC Basic,0.25283012602647287,0.09389489889144897,0.0,0.0,0.0,0.0,0.9976883754134178,110
2025-03-22 16:00:00,SAC Basic,0.252841155618828,0.2498088777065277,0.0,0.0,0.0,0.0,0.9934446826577187,110
2025-03-22 17:00:00,SAC Basic,0.2532488910492275,0.28382062911987305,0.0,0.0,0.0,0.0,0.9939834699034691,110
2025-03-22 18:00:00,SAC Basic,0.25302330491384006,0.025824159383773804,0.0,0.0,0.0,0.0,0.9969035521149635,110
2025-03-22 19:00:00,SAC Basic,0.25317285314877963,0.012864470481872559,0.0,0.0,0.0,0.0,0.9996131137013435,110
2025-03-22 20:00:00,SAC Basic,0.25298980665127574,0.013086050748825073,0.0,0.0,0.0,0.0,0.999736063182354,110
2025-03-22 21:00:00,SAC Basic,0.2528030641690904,0.01197725534439087,0.0,0.0,0.0,0.0,0.9997493669390678,110
2025-03-22 22:00:00,SAC Basic,0.2526193371852253,0.01288190484046936,0.0,0.0,0.0,0.0,0.9997333154082299,110
2025-03-22 23:00:00,SAC Basic,0.25243916561842106,0.013948529958724976,0.0,0.0,0.0,0.0,0.999710363149643,110
2025-03-23 00:00:00,SAC Basic,0.2522563123393073,0.01314401626586914,0.0,0.0,0.0,0.0,0.9997290745377541,110
2025-03-23 01:00:00,SAC Basic,0.25208153995990895,0.015568286180496216,0.0,0.0,0.0,0.0,0.9996643915772438,110
2025-03-23 02:00:00,SAC Basic,0.2519442124772086,0.01830175518989563,0.0,0.0,0.0,0.0,0.9996066302061081,110
2025-03-23 03:00:00,SAC Basic,0.25178451957623305,0.020092129707336426,0.0,0.0,0.0,0.0,0.9995802536606788,110
2025-03-23 04:00:00,SAC Basic,0.25162891456047837,0.021318495273590088,0.0,0.0,0.0,0.0,0.9995613664388656,110
2025-03-23 05:00:00,SAC Basic,0.25149665893634304,0.019823312759399414,0.0,0.0,0.0,0.0,0.9995885819196701,110
2025-03-23 06:00:00,SAC Basic,0.25137392366409445,0.022679418325424194,0.0,0.0,0.0,0.0,0.9995178505778313,110
2025-03-23 07:00:00,SAC Basic,0.251328318489394,0.07131844758987427,0.0,0.0,0.0,0.0,0.998087240755558,110
2025-03-23 08:00:00,SAC Basic,0.2522447571770364,0.4534316062927246,0.0,0.0,0.0,0.0,0.987110236287117,110
2025-03-23 09:00:00,SAC Basic,0.25226092488686386,0.27685031294822693,0.0,0.0,0.0,0.0,0.9926971808075904,110
2025-03-23 10:00:00,SAC Basic,0.2515008671315525,0.11198267340660095,0.0,0.0,0.0,0.0,0.9961116701364517,110
2025-03-23 11:00:00,SAC Basic,0.25034627940734366,0.053123682737350464,0.0,0.0,0.0,0.0,0.9983489364385605,110
2025-03-23 12:00:00,SAC Basic,0.2489876075291648,0.034398436546325684,0.0,0.0,0.0,0.0,0.9991247788071633,110
2025-03-23 13:00:00,SAC Basic,0.24760687719663124,0.03628090023994446,0.0,0.0,0.0,0.0,0.999255557358265,110
2025-03-23 14:00:00,SAC Basic,0.246384849994184,0.058391839265823364,0.0,0.0,0.0,0.0,0.9986110538244247,110
2025-03-23 15:00:00,SAC Basic,0.24578719274123653,0.18620282411575317,0.0,0.0,0.0,0.0,0.9949978336691856,110
2025-03-23 16:00:00,SAC Basic,0.24700805810531123,0.6552596092224121,0.0,0.0,0.0,0.0,0.9822042399644851,110
2025-03-23 17:00:00,SAC Basic,0.24957326107104763,0.9650608897209167,0.0,0.0,0.0,0.0,0.9776007694005967,110
2025-03-23 18:00:00,SAC Basic,0.24950377973159296,0.08115559816360474,0.0,0.0,0.0,0.0,0.9895378351211548,110
2025-03-23 19:00:00,SAC Basic,0.24934567502896135,0.029068589210510254,0.0,0.0,0.0,0.0,0.9988977581262588,110
2025-03-23 20:00:00,SAC Basic,0.24917818011125073,0.026251524686813354,0.0,0.0,0.0,0.0,0.9994467988610267,110
2025-03-23 21:00:00,SAC Basic,0.24900990337928283,0.026016980409622192,0.0,0.0,0.0,0.0,0.9994773149490357,110
2025-03-23 22:00:00,SAC Basic,0.2488879178667083,0.031404346227645874,0.0,0.0,0.0,0.0,0.9993180394172668,110
2025-03-23 23:00:00,SAC Basic,0.2487563220985745,0.02852126955986023,0.0,0.0,0.0,0.0,0.999400743842125,110
2025-03-24 00:00:00,SAC Basic,0.24867910639683552,0.036335289478302,0.0,0.0,0.0,0.0,0.9991951540112496,110
2025-03-24 01:00:00,SAC Basic,0.24860985215425638,0.030223727226257324,0.0,0.0,0.0,0.0,0.9993344098329544,110
2025-03-24 02:00:00,SAC Basic,0.2485635730187113,0.03711625933647156,0.0,0.0,0.0,0.0,0.9991887494921684,110
2025-03-24 03:00:00,SAC Basic,0.24855311206976718,0.03936171531677246,0.0,0.0,0.0,0.0,0.9991903111338616,110
2025-03-24 04:00:00,SAC Basic,0.2488913962284738,0.04398524761199951,0.0,0.0,0.0,0.0,0.9990740597248078,110
2025-03-24 05:00:00,SAC Basic,0.24886772463798665,0.04389852285385132,0.0,0.0,0.0,0.0,0.9991211622953414,110
2025-03-24 06:00:00,SAC Basic,0.24884655693928542,0.04464969038963318,0.0,0.0,0.0,0.0,0.9990994945168495,110
2025-03-24 07:00:00,SAC Basic,0.24894795546213927,0.1069195568561554,0.0,0.0,0.0,0.0,0.9972389101982116,110
2025-03-24 08:00:00,SAC Basic,0.25012507069269957,0.5316345691680908,0.0,0.0,0.0,0.0,0.9851201584935187,110
2025-03-24 09:00:00,SAC Basic,0.2499845215972279,0.25533527135849,0.0,0.0,0.0,0.0,0.9921303015947341,110
2025-03-24 10:00:00,SAC Basic,0.24886678394794606,0.0641787052154541,0.0,0.0,0.0,0.0,0.9968048602342605,110
2025-03-24 11:00:00,SAC Basic,0.24746562485138715,0.038652271032333374,0.0,0.0,0.0,0.0,0.9989716902375221,110
2025-03-24 12:00:00,SAC Basic,0.2464948407324169,0.09976476430892944,0.0,0.0,0.0,0.0,0.9973935797810555,110
2025-03-24 13:00:00,SAC Basic,0.24526032956838748,0.06314665079116821,0.0,0.0,0.0,0.0,0.998370885848999,110
2025-03-24 14:00:00,SAC Basic,0.2440131288067514,0.06783977150917053,0.0,0.0,0.0,0.0,0.9985962733626366,110
2025-03-24 15:00:00,SAC Basic,0.24335718761444236,0.1857176423072815,0.0,0.0,0.0,0.0,0.9951068684458733,110
2025-03-24 16:00:00,SAC Basic,0.24519636494000896,0.8407531976699829,0.0,0.0,0.0,0.0,0.9766345804929732,110
2025-03-24 17:00:00,SAC Basic,0.2488567792797103,1.2851243019104004,0.0,0.0,0.0,0.0,0.9698538029193878,110
2025-03-24 18:00:00,SAC Basic,0.2491368717312827,0.18602773547172546,0.0,0.0,0.0,0.0,0.9852884796261787,110
2025-03-24 19:00:00,SAC Basic,0.24906582308928316,0.055185407400131226,0.0,0.0,0.0,0.0,0.9975878685712815,110
2025-03-24 20:00:00,SAC Basic,0.24894431888421523,0.03154873847961426,0.0,0.0,0.0,0.0,0.9991326585412026,110
2025-03-24 21:00:00,SAC Basic,0.24883507237434532,0.03522604703903198,0.0,0.0,0.0,0.0,0.9992587059736252,110
2025-03-24 22:00:00,SAC Basic,0.24871721521139292,0.04114285111427307,0.0,0.0,0.0,0.0,0.9991179749369621,110
2025-03-24 23:00:00,SAC Basic,0.2486148557527875,0.04579216241836548,0.0,0.0,0.0,0.0,0.9990376636385917,110
2025-03-25 00:00:00,SAC Basic,0.24855670979499966,0.05055621266365051,0.0,0.0,0.0,0.0,0.9989412352442741,110
2025-03-25 01:00:00,SAC Basic,0.24851856146097334,0.048055499792099,0.0,0.0,0.0,0.0,0.9990138828754425,110
2025-03-25 02:00:00,SAC Basic,0.2485586695551887,0.07153242826461792,0.0,0.0,0.0,0.0,0.9983345821499824,110
2025-03-25 03:00:00,SAC Basic,0.2486131411441182,0.06734147667884827,0.0,0.0,0.0,0.0,0.9986112609505653,110
2025-03-25 04:00:00,SAC Basic,0.24865152716080496,0.07101580500602722,0.0,0.0,0.0,0.0,0.9985429406166078,110
2025-03-25 05:00:00,SAC Basic,0.24877009460449367,0.08657023310661316,0.0,0.0,0.0,0.0,0.9981130510568619,110
2025-03-25 06:00:00,SAC Basic,0.24916082141320056,0.059718042612075806,0.0,0.0,0.0,0.0,0.998537117242813,110
2025-03-25 07:00:00,SAC Basic,0.2496737072896972,0.23886576294898987,0.0,0.0,0.0,0.0,0.993431207537651,110
2025-03-25 08:00:00,SAC Basic,0.25073287264744587,0.4367496073246002,0.0,0.0,0.0,0.0,0.9892861694097519,110
2025-03-25 09:00:00,SAC Basic,0.25143147241592556,0.43057993054389954,0.0,0.0,0.0,0.0,0.991326704621315,110
2025-03-25 10:00:00,SAC Basic,0.25016634410143046,0.045461505651474,0.0,0.0,0.0,0.0,0.9952395856380463,110
2025-03-25 11:00:00,SAC Basic,0.2486928934772824,0.03396481275558472,0.0,0.0,0.0,0.0,0.9992057368159295,110
2025-03-25 12:00:00,SAC Basic,0.24703059139410802,0.028309375047683716,0.0,0.0,0.0,0.0,0.9993772581219673,110
2025-03-25 13:00:00,SAC Basic,0.24531262251218308,0.02860933542251587,0.0,0.0,0.0,0.0,0.9994248136878014,110
2025-03-25 14:00:00,SAC Basic,0.24403901563406138,0.06841793656349182,0.0,0.0,0.0,0.0,0.9982335552573204,110
2025-03-25 15:00:00,SAC Basic,0.24400641491810626,0.33871978521347046,0.0,0.0,0.0,0.0,0.9905225858092308,110
2025-03-25 16:00:00,SAC Basic,0.24594921743631507,0.8548407554626465,0.0,0.0,0.0,0.0,0.9777419751882552,110
2025-03-25 17:00:00,SAC Basic,0.24806797876596595,0.8141283988952637,0.0,0.0,0.0,0.0,0.9833103084564209,110
2025-03-25 18:00:00,SAC Basic,0.24800467203935134,0.04900798201560974,0.0,0.0,0.0,0.0,0.9913686361908913,110
2025-03-25 19:00:00,SAC Basic,0.2479340513602907,0.029813796281814575,0.0,0.0,0.0,0.0,0.9992117822170258,110
2025-03-25 20:00:00,SAC Basic,0.24788690398375338,0.0368557870388031,0.0,0.0,0.0,0.0,0.9991924643516541,110
2025-03-25 21:00:00,SAC Basic,0.24782363951126876,0.03202065825462341,0.0,0.0,0.0,0.0,0.9993112355470658,110
2025-03-25 22:00:00,SAC Basic,0.24775777329603973,0.031240135431289673,0.0,0.0,0.0,0.0,0.999367392063141,110
2025-03-25 23:00:00,SAC Basic,0.24768890648365163,0.030339956283569336,0.0,0.0,0.0,0.0,0.9993841990828514,110
2025-03-26 00:00:00,SAC Basic,0.2476345444615696,0.03469139337539673,0.0,0.0,0.0,0.0,0.9992626577615737,110
2025-03-26 01:00:00,SAC Basic,0.24765772066593308,0.040952861309051514,0.0,0.0,0.0,0.0,0.9991183280944824,110
2025-03-26 02:00:00,SAC Basic,0.24772911504109837,0.055418312549591064,0.0,0.0,0.0,0.0,0.9987469792366027,110
2025-03-26 03:00:00,SAC Basic,0.24783031548102835,0.05586013197898865,0.0,0.0,0.0,0.0,0.9988783791661262,110
2025-03-26 04:00:00,SAC Basic,0.2479364188996965,0.05733102560043335,0.0,0.0,0.0,0.0,0.9988386705517769,110
2025-03-26 05:00:00,SAC Basic,0.24800648409128329,0.0550195574760437,0.0,0.0,0.0,0.0,0.9988764941692352,110
2025-03-26 06:00:00,SAC Basic,0.24807145457585789,0.05349114537239075,0.0,0.0,0.0,0.0,0.9989148929715156,110
2025-03-26 07:00:00,SAC Basic,0.24851160341421902,0.2170446515083313,0.0,0.0,0.0,0.0,0.994023571908474,110
2025-03-26 08:00:00,SAC Basic,0.2510656529601429,0.9617148637771606,0.0,0.0,0.0,0.0,0.9733190006017685,110
2025-03-26 09:00:00,SAC Basic,0.25074258245309333,0.23457884788513184,0.0,0.0,0.0,0.0,0.9880370628833771,110
2025-03-26 10:00:00,SAC Basic,0.24941159444888575,0.042703598737716675,0.0,0.0,0.0,0.0,0.9972271755337716,110
2025-03-26 11:00:00,SAC Basic,0.24771235609531544,0.025728493928909302,0.0,0.0,0.0,0.0,0.9993156790733337,110
2025-03-26 12:00:00,SAC Basic,0.2458644485227281,0.02362772822380066,0.0,0.0,0.0,0.0,0.9995064377784729,110
2025-03-26 13:00:00,SAC Basic,0.24405606753905754,0.02698570489883423,0.0,0.0,0.0,0.0,0.999426706135273,110
2025-03-26 14:00:00,SAC Basic,0.24241873831192792,0.0358012318611145,0.0,0.0,0.0,0.0,0.9991958200931549,110
2025-03-26 15:00:00,SAC Basic,0.2414694507710153,0.14871373772621155,0.0,0.0,0.0,0.0,0.9958966001868248,110
2025-03-26 16:00:00,SAC Basic,0.24279446140925232,0.7035031914710999,0.0,0.0,0.0,0.0,0.9803820416331291,110
2025-03-26 17:00:00,SAC Basic,0.24400418203671914,0.5329161882400513,0.0,0.0,0.0,0.0,0.9876358062028885,110
2025-03-26 18:00:00,SAC Basic,0.24407401225249112,0.0719490647315979,0.0,0.0,0.0,0.0,0.9939513474702836,110
2025-03-26 19:00:00,SAC Basic,0.24413115442911926,0.04264265298843384,0.0,0.0,0.0,0.0,0.9988540828227996,110
2025-03-26 20:00:00,SAC Basic,0.24419766274770244,0.03695249557495117,0.0,0.0,0.0,0.0,0.9992040485143662,110
2025-03-26 21:00:00,SAC Basic,0.24423947609981048,0.03804400563240051,0.0,0.0,0.0,0.0,0.9992282047867775,110
2025-03-26 22:00:00,SAC Basic,0.24427106775204488,0.034977495670318604,0.0,0.0,0.0,0.0,0.9992697849869728,110
2025-03-26 23:00:00,SAC Basic,0.24432555381377688,0.033345818519592285,0.0,0.0,0.0,0.0,0.9993167668581009,110
2025-03-27 00:00:00,SAC Basic,0.24439613362630358,0.038173943758010864,0.0,0.0,0.0,0.0,0.9991882398724555,110
2025-03-27 01:00:00,SAC Basic,0.24447582500219497,0.04090741276741028,0.0,0.0,0.0,0.0,0.9991545170545578,110
2025-03-27 02:00:00,SAC Basic,0.2445856206973409,0.049938708543777466,0.0,0.0,0.0,0.0,0.9989109128713608,110
2025-03-27 03:00:00,SAC Basic,0.24480401506185687,0.0825183093547821,0.0,0.0,0.0,0.0,0.9980238378047943,110
2025-03-27 04:00:00,SAC Basic,0.24506749411424159,0.10454371571540833,0.0,0.0,0.0,0.0,0.9976888716220855,110
2025-03-27 05:00:00,SAC Basic,0.2454043551937755,0.11805832386016846,0.0,0.0,0.0,0.0,0.997503687441349,110
2025-03-27 06:00:00,SAC Basic,0.2456715438731527,0.11415660381317139,0.0,0.0,0.0,0.0,0.9976778507232666,110
2025-03-27 07:00:00,SAC Basic,0.24686126532634256,0.44191643595695496,0.0,0.0,0.0,0.0,0.987884072959423,110
2025-03-27 08:00:00,SAC Basic,0.2494643706202523,0.9849315881729126,0.0,0.0,0.0,0.0,0.9748712167143823,110
2025-03-27 09:00:00,SAC Basic,0.24923757426341533,0.2719610929489136,0.0,0.0,0.0,0.0,0.9874310731887818,110
2025-03-27 10:00:00,SAC Basic,0.24784293194135187,0.040607303380966187,0.0,0.0,0.0,0.0,0.9968743160367012,110
2025-03-27 11:00:00,SAC Basic,0.2461193279369688,0.026918798685073853,0.0,0.0,0.0,0.0,0.9993247389793396,110
2025-03-27 12:00:00,SAC Basic,0.24428358368555864,0.027276724576950073,0.0,0.0,0.0,0.0,0.9994508862495421,110
2025-03-27 13:00:00,SAC Basic,0.24249288342634992,0.03228992223739624,0.0,0.0,0.0,0.0,0.9993040695786477,110
2025-03-27 14:00:00,SAC Basic,0.24091302029609835,0.04454106092453003,0.0,0.0,0.0,0.0,0.998986667394638,110
2025-03-27 15:00:00,SAC Basic,0.2399452195525185,0.14315977692604065,0.0,0.0,0.0,0.0,0.9961506173014641,110
2025-03-27 16:00:00,SAC Basic,0.24213245568355082,0.9621708393096924,0.0,0.0,0.0,0.0,0.9725664725899695,110
2025-03-27 17:00:00,SAC Basic,0.24691194219668863,1.6038459539413452,0.0,0.0,0.0,0.0,0.9615063297748565,110
2025-03-27 18:00:00,SAC Basic,0.24705323440790333,0.0933876633644104,0.0,0.0,0.0,0.0,0.9830276638269425,110
2025-03-27 19:00:00,SAC Basic,0.24704746560335314,0.03226935863494873,0.0,0.0,0.0,0.0,0.9987434297800064,110
2025-03-27 20:00:00,SAC Basic,0.24708594308217524,0.037043243646621704,0.0,0.0,0.0,0.0,0.9992113962769508,110
2025-03-27 21:00:00,SAC Basic,0.247124012765886,0.036920905113220215,0.0,0.0,0.0,0.0,0.9992603585124016,110
2025-03-27 22:00:00,SAC Basic,0.24710318805933157,0.03625258803367615,0.0,0.0,0.0,0.0,0.9992682650685311,110
2025-03-27 23:00:00,SAC Basic,0.24707905357360996,0.02675965428352356,0.0,0.0,0.0,0.0,0.9993698775768279,110
2025-03-28 00:00:00,SAC Basic,0.24709579075495558,0.030521154403686523,0.0,0.0,0.0,0.0,0.9993519619107247,110
2025-03-28 01:00:00,SAC Basic,0.24713282878160636,0.036611407995224,0.0,0.0,0.0,0.0,0.9992068693041801,110
2025-03-28 02:00:00,SAC Basic,0.24720113169670266,0.03749087452888489,0.0,0.0,0.0,0.0,0.9992413878440857,110
2025-03-28 03:00:00,SAC Basic,0.24729836322943533,0.0461694598197937,0.0,0.0,0.0,0.0,0.998989824950695,110
2025-03-28 04:00:00,SAC Basic,0.24737444206714793,0.03982365131378174,0.0,0.0,0.0,0.0,0.9991400688886642,110
2025-03-28 05:00:00,SAC Basic,0.2474535642186817,0.040736645460128784,0.0,0.0,0.0,0.0,0.999176137149334,110
2025-03-28 06:00:00,SAC Basic,0.24751594614029096,0.04421457648277283,0.0,0.0,0.0,0.0,0.9990809291601181,110
2025-03-28 07:00:00,SAC Basic,0.24799726642449865,0.21239608526229858,0.0,0.0,0.0,0.0,0.9940702632069587,110
2025-03-28 08:00:00,SAC Basic,0.24957025941213143,0.6758978962898254,0.0,0.0,0.0,0.0,0.9818470239639283,110
2025-03-28 09:00:00,SAC Basic,0.24911916730006703,0.20467236638069153,0.0,0.0,0.0,0.0,0.9911942973732948,110
2025-03-28 10:00:00,SAC Basic,0.24773226563453843,0.042929500341415405,0.0,0.0,0.0,0.0,0.997523981332779,110
2025-03-28 11:00:00,SAC Basic,0.24602161868651876,0.030805915594100952,0.0,0.0,0.0,0.0,0.9992626458406448,110
2025-03-28 12:00:00,SAC Basic,0.24416407575766413,0.02923712134361267,0.0,0.0,0.0,0.0,0.9993995696306229,110
2025-03-28 13:00:00,SAC Basic,0.24235541039308078,0.035400390625,0.0,0.0,0.0,0.0,0.9992303594946861,110
2025-03-28 14:00:00,SAC Basic,0.24074636555671858,0.04428654909133911,0.0,0.0,0.0,0.0,0.9990254074335099,110
2025-03-28 15:00:00,SAC Basic,0.23974228767077296,0.1407766342163086,0.0,0.0,0.0,0.0,0.9962195664644241,110
2025-03-28 16:00:00,SAC Basic,0.24109865366300118,0.721409797668457,0.0,0.0,0.0,0.0,0.9797654724121093,110
2025-03-28 17:00:00,SAC Basic,0.24359251702308826,0.918159008026123,0.0,0.0,0.0,0.0,0.979669327735901,110
2025-03-28 18:00:00,SAC Basic,0.2437007870364206,0.07498100399971008,0.0,0.0,0.0,0.0,0.9900685998797417,110
2025-03-28 19:00:00,SAC Basic,0.2437905051724133,0.035415440797805786,0.0,0.0,0.0,0.0,0.9988960355520249,110
2025-03-28 20:00:00,SAC Basic,0.24394960483630668,0.06472989916801453,0.0,0.0,0.0,0.0,0.9984122574329376,110
2025-03-28 21:00:00,SAC Basic,0.2440911392426508,0.06796032190322876,0.0,0.0,0.0,0.0,0.9986084893345833,110
2025-03-28 22:00:00,SAC Basic,0.24425973117749072,0.07607758045196533,0.0,0.0,0.0,0.0,0.9983972758054733,110
2025-03-28 23:00:00,SAC Basic,0.2443487876677531,0.052216947078704834,0.0,0.0,0.0,0.0,0.9987170547246933,110
2025-03-29 00:00:00,SAC Basic,0.24440516392469586,0.04241287708282471,0.0,0.0,0.0,0.0,0.9990537017583847,110
2025-03-29 01:00:00,SAC Basic,0.24445871988853,0.04156678915023804,0.0,0.0,0.0,0.0,0.9991602033376694,110
2025-03-29 02:00:00,SAC Basic,0.2445239424681682,0.045066773891448975,0.0,0.0,0.0,0.0,0.9990636646747589,110
2025-03-29 03:00:00,SAC Basic,0.24461946308215643,0.05415618419647217,0.0,0.0,0.0,0.0,0.9988259822130203,110
2025-03-29 04:00:00,SAC Basic,0.2447652401145318,0.06073310971260071,0.0,0.0,0.0,0.0,0.9987195685505866,110
2025-03-29 05:00:00,SAC Basic,0.24491964614391515,0.07182180881500244,0.0,0.0,0.0,0.0,0.9984526768326759,110
2025-03-29 06:00:00,SAC Basic,0.24504205563783832,0.07072284817695618,0.0,0.0,0.0,0.0,0.9985745534300804,110
2025-03-29 07:00:00,SAC Basic,0.24629494808038263,0.4608677327632904,0.0,0.0,0.0,0.0,0.9868811964988708,110
2025-03-29 08:00:00,SAC Basic,0.24823651705106287,0.794970691204071,0.0,0.0,0.0,0.0,0.9807595565915107,110
2025-03-29 09:00:00,SAC Basic,0.24796949749310998,0.25989413261413574,0.0,0.0,0.0,0.0,0.989451351761818,110
2025-03-29 10:00:00,SAC Basic,0.2466474201178569,0.053876787424087524,0.0,0.0,0.0,0.0,0.9968622907996177,110
2025-03-29 11:00:00,SAC Basic,0.24502965836763566,0.03317147493362427,0.0,0.0,0.0,0.0,0.9991295173764229,110
2025-03-29 12:00:00,SAC Basic,0.24326778019984743,0.0324365496635437,0.0,0.0,0.0,0.0,0.9993439197540283,110
2025-03-29 13:00:00,SAC Basic,0.241517573614917,0.03593802452087402,0.0,0.0,0.0,0.0,0.9992462247610092,110
2025-03-29 14:00:00,SAC Basic,0.24003548918962656,0.06537467241287231,0.0,0.0,0.0,0.0,0.9983981400728226,110
2025-03-29 15:00:00,SAC Basic,0.2391332220315951,0.1543198525905609,0.0,0.0,0.0,0.0,0.9960241511464119,110
2025-03-29 16:00:00,SAC Basic,0.2398172961092013,0.5197222232818604,0.0,0.0,0.0,0.0,0.9859515318274498,110
2025-03-29 17:00:00,SAC Basic,0.24111652052720567,0.5767673254013062,0.0,0.0,0.0,0.0,0.9878942024707794,110
2025-03-29 18:00:00,SAC Basic,0.24119942743698938,0.10987207293510437,0.0,0.0,0.0,0.0,0.9931336060166359,110
2025-03-29 19:00:00,SAC Basic,0.24129197298288527,0.07876366376876831,0.0,0.0,0.0,0.0,0.9981136426329613,110
2025-03-29 20:00:00,SAC Basic,0.241422377643587,0.09862139821052551,0.0,0.0,0.0,0.0,0.997828994691372,110
2025-03-29 21:00:00,SAC Basic,0.24166404927492324,0.13200148940086365,0.0,0.0,0.0,0.0,0.9970261693000794,110
2025-03-29 22:00:00,SAC Basic,0.24171510551770709,0.0663168728351593,0.0,0.0,0.0,0.0,0.9980168163776397,110
2025-03-29 23:00:00,SAC Basic,0.2417706924756386,0.059176087379455566,0.0,0.0,0.0,0.0,0.9987450703978539,110
2025-03-30 00:00:00,SAC Basic,0.24183282130877354,0.05263864994049072,0.0,0.0,0.0,0.0,0.9988818526268005,110
2025-03-30 01:00:00,SAC Basic,0.2418613897466677,0.042570531368255615,0.0,0.0,0.0,0.0,0.9990479081869125,110
2025-03-30 02:00:00,SAC Basic,0.24184753083626603,0.03834232687950134,0.0,0.0,0.0,0.0,0.9991908714175224,110
2025-03-30 03:00:00,SAC Basic,0.2418979736820874,0.049132853746414185,0.0,0.0,0.0,0.0,0.9989094376564026,110
2025-03-30 04:00:00,SAC Basic,0.24194888641119172,0.04927381873130798,0.0,0.0,0.0,0.0,0.9990131139755248,110
2025-03-30 05:00:00,SAC Basic,0.2420214624484397,0.0557728111743927,0.0,0.0,0.0,0.0,0.9988195538520813,110
2025-03-30 06:00:00,SAC Basic,0.2420396859693544,0.05646705627441406,0.0,0.0,0.0,0.0,0.9988637164235116,110
2025-03-30 07:00:00,SAC Basic,0.24255052045266004,0.23825034499168396,0.0,0.0,0.0,0.0,0.9934171602129935,110
2025-03-30 08:00:00,SAC Basic,0.24602106936216525,1.2281646728515625,0.0,0.0,0.0,0.0,0.96553756326437,110
2025-03-30 09:00:00,SAC Basic,0.24852725928704114,1.0323569774627686,0.0,0.0,0.0,0.0,0.9773947834968567,110
2025-03-30 10:00:00,SAC Basic,0.2477352145965911,0.15338659286499023,0.0,0.0,0.0,0.0,0.9881425642967224,110
2025-03-30 11:00:00,SAC Basic,0.24636466596206194,0.04783540964126587,0.0,0.0,0.0,0.0,0.9979877799749374,110
2025-03-30 12:00:00,SAC Basic,0.24486983015060593,0.044549256563186646,0.0,0.0,0.0,0.0,0.9990761533379555,110
2025-03-30 13:00:00,SAC Basic,0.24331761490027276,0.04433542490005493,0.0,0.0,0.0,0.0,0.9991111531853676,110
2025-03-30 14:00:00,SAC Basic,0.24195940886338718,0.06853818893432617,0.0,0.0,0.0,0.0,0.9983872085809707,110
2025-03-30 15:00:00,SAC Basic,0.24141807246764665,0.2370990812778473,0.0,0.0,0.0,0.0,0.9935724094510079,110
2025-03-30 16:00:00,SAC Basic,0.2453938176242527,1.4817235469818115,0.0,0.0,0.0,0.0,0.9579192844033241,110
2025-03-30 17:00:00,SAC Basic,0.24784089491446978,0.9041231870651245,0.0,0.0,0.0,0.0,0.9761415326595306,110
2025-03-30 18:00:00,SAC Basic,0.24808603134950166,0.05004093050956726,0.0,0.0,0.0,0.0,0.9904583588242531,110
2025-03-30 19:00:00,SAC Basic,0.2480073352344847,0.027391165494918823,0.0,0.0,0.0,0.0,0.9992256790399552,110
2025-03-30 20:00:00,SAC Basic,0.24795182211478714,0.02584606409072876,0.0,0.0,0.0,0.0,0.9994676277041435,110
2025-03-30 21:00:00,SAC Basic,0.24787758469263874,0.02022877335548401,0.0,0.0,0.0,0.0,0.9995392516255378,110
2025-03-30 22:00:00,SAC Basic,0.2484643450387335,0.018528103828430176,0.0,0.0,0.0,0.0,0.9996124312281609,110
2025-03-30 23:00:00,SAC Basic,0.2483805366007503,0.017357468605041504,0.0,0.0,0.0,0.0,0.9996411442756653,110
2025-03-31 00:00:00,SAC Basic,0.2486317488042529,0.01786366105079651,0.0,0.0,0.0,0.0,0.9996376648545264,110
2025-03-31 01:00:00,SAC Basic,0.24858648496866378,0.020420849323272705,0.0,0.0,0.0,0.0,0.9995660111308098,110
2025-03-31 02:00:00,SAC Basic,0.24856910445134,0.020285844802856445,0.0,0.0,0.0,0.0,0.9995929330587386,110
2025-03-31 03:00:00,SAC Basic,0.24855959919770718,0.02264842391014099,0.0,0.0,0.0,0.0,0.9995234057307243,110
2025-03-31 04:00:00,SAC Basic,0.24854718374729315,0.021775364875793457,0.0,0.0,0.0,0.0,0.9995557621121407,110
2025-03-31 05:00:00,SAC Basic,0.2485481038427369,0.025776028633117676,0.0,0.0,0.0,0.0,0.9994444727897644,110
2025-03-31 06:00:00,SAC Basic,0.2484550281071679,0.023077279329299927,0.0,0.0,0.0,0.0,0.9995114669203758,110
2025-03-31 07:00:00,SAC Basic,0.24852506614287856,0.0975114107131958,0.0,0.0,0.0,0.0,0.9973054304718971,110
2025-03-31 08:00:00,SAC Basic,0.24954491342544718,0.4844541847705841,0.0,0.0,0.0,0.0,0.9864414885640145,110
2025-03-31 09:00:00,SAC Basic,0.24927867379745008,0.20912811160087585,0.0,0.0,0.0,0.0,0.9930641770362854,110
2025-03-31 10:00:00,SAC Basic,0.24863022602319879,0.062465667724609375,0.0,0.0,0.0,0.0,0.9972840622067451,110
2025-03-31 11:00:00,SAC Basic,0.24750590133269787,0.053702592849731445,0.0,0.0,0.0,0.0,0.9988383173942567,110
2025-03-31 12:00:00,SAC Basic,0.24623052201271217,0.04238620400428772,0.0,0.0,0.0,0.0,0.9990391120314599,110
2025-03-31 13:00:00,SAC Basic,0.24555012459039843,0.08688077330589294,0.0,0.0,0.0,0.0,0.9978174388408662,110
2025-03-31 14:00:00,SAC Basic,0.2446860904717461,0.09778976440429688,0.0,0.0,0.0,0.0,0.99793511480093,110
2025-03-31 15:00:00,SAC Basic,0.2445046807233508,0.1430770754814148,0.0,0.0,0.0,0.0,0.9966855853796006,110
2025-03-31 16:00:00,SAC Basic,0.24479917411168572,0.334848016500473,0.0,0.0,0.0,0.0,0.9913853302598,110
2025-03-31 17:00:00,SAC Basic,0.24638530971527256,0.5203406810760498,0.0,0.0,0.0,0.0,0.9877382597327232,110
2025-03-31 18:00:00,SAC Basic,0.2463561278724686,0.06774544715881348,0.0,0.0,0.0,0.0,0.9941191387176513,110
2025-03-31 19:00:00,SAC Basic,0.24622459369580108,0.0285397469997406,0.0,0.0,0.0,0.0,0.9990371480584145,110
2025-03-31 20:00:00,SAC Basic,0.24610718856891153,0.024278461933135986,0.0,0.0,0.0,0.0,0.9994718179106712,110
2025-03-31 21:00:00,SAC Basic,0.2463922353490209,0.028014034032821655,0.0,0.0,0.0,0.0,0.9994023635983468,110
2025-03-31 22:00:00,SAC Basic,0.24766982459465817,0.025776773691177368,0.0,0.0,0.0,0.0,0.99946209192276,110
2025-03-31 23:00:00,SAC Basic,0.24792919071356606,0.02030983567237854,0.0,0.0,0.0,0.0,0.9995391339063645,110
2025-04-01 00:00:00,SAC Basic,0.24822347548564422,0.022285431623458862,0.0,0.0,0.0,0.0,0.9995345354080201,110
2025-04-01 01:00:00,SAC Basic,0.24819129288276182,0.024345219135284424,0.0,0.0,0.0,0.0,0.9994924977421761,110
2025-04-01 02:00:00,SAC Basic,0.2481595742026979,0.02448439598083496,0.0,0.0,0.0,0.0,0.9995089203119278,110
2025-04-01 03:00:00,SAC Basic,0.24817692878882236,0.03070637583732605,0.0,0.0,0.0,0.0,0.9993236526846886,110
2025-04-01 04:00:00,SAC Basic,0.2481693035650268,0.023212432861328125,0.0,0.0,0.0,0.0,0.9994608119130134,110
2025-04-01 05:00:00,SAC Basic,0.24813597804308082,0.02400234341621399,0.0,0.0,0.0,0.0,0.9995120540261269,110
2025-04-01 06:00:00,SAC Basic,0.24809405554453676,0.021423250436782837,0.0,0.0,0.0,0.0,0.9995457440614701,110
2025-04-01 07:00:00,SAC Basic,0.24847361757278585,0.09886860847473145,0.0,0.0,0.0,0.0,0.9972481742501258,110
2025-04-01 08:00:00,SAC Basic,0.24922646386226163,0.40435388684272766,0.0,0.0,0.0,0.0,0.9888580694794654,110
2025-04-01 09:00:00,SAC Basic,0.24887507525682595,0.1920834183692932,0.0,0.0,0.0,0.0,0.9940356269478798,110
2025-04-01 10:00:00,SAC Basic,0.24786123621940756,0.08684828877449036,0.0,0.0,0.0,0.0,0.9972106829285622,110
2025-04-01 11:00:00,SAC Basic,0.2464477034298593,0.043440163135528564,0.0,0.0,0.0,0.0,0.9986971154808998,110
2025-04-01 12:00:00,SAC Basic,0.24496299024264162,0.03908604383468628,0.0,0.0,0.0,0.0,0.9991747379302979,110
2025-04-01 13:00:00,SAC Basic,0.2464435497180635,0.060667842626571655,0.0,0.0,0.0,0.0,0.9985708251595498,110
2025-04-01 14:00:00,SAC Basic,0.25010568398714206,0.030140280723571777,0.0,0.0,0.0,0.0,0.9990919187664985,110
2025-04-01 15:00:00,SAC Basic,0.25418916098038496,0.04604309797286987,0.0,0.0,0.0,0.0,0.9989201098680496,110
2025-04-01 16:00:00,SAC Basic,0.26018629155794926,0.03513917326927185,0.0,0.0,0.0,0.0,0.9991881772875786,110
2025-04-01 17:00:00,SAC Basic,0.26395238461415116,0.023327916860580444,0.0,0.0,0.0,0.0,0.9994153290987015,110
2025-04-01 18:00:00,SAC Basic,0.26376904406706636,0.012997835874557495,0.0,0.0,0.0,0.0,0.9996367424726487,110
2025-04-01 19:00:00,SAC Basic,0.26365190669854627,0.0073587894439697266,0.0,0.0,0.0,0.0,0.9997964337468148,110
2025-04-01 20:00:00,SAC Basic,0.2638403658731793,0.007537752389907837,0.0,0.0,0.0,0.0,0.9998474553227424,110
2025-04-01 21:00:00,SAC Basic,0.26535533166249736,0.005489736795425415,0.0,0.0,0.0,0.0,0.9998697251081466,110
2025-04-01 22:00:00,SAC Basic,0.26957548140208065,0.008544921875,0.0,0.0,0.0,0.0,0.9997985497117043,110
2025-04-01 23:00:00,SAC Basic,0.26979012913624584,0.006894320249557495,0.0,0.0,0.0,0.0,0.9998456075787544,110
2025-04-02 00:00:00,SAC Basic,0.26966900223016876,0.006161928176879883,0.0,0.0,0.0,0.0,0.9998694375157356,110
2025-04-02 01:00:00,SAC Basic,0.2699109322690977,0.006579011678695679,0.0,0.0,0.0,0.0,0.9998642489314079,110
2025-04-02 02:00:00,SAC Basic,0.2697902990881615,0.0063100457191467285,0.0,0.0,0.0,0.0,0.9998711094260215,110
2025-04-02 03:00:00,SAC Basic,0.2703313133660965,0.004804283380508423,0.0,0.0,0.0,0.0,0.9998888567090034,110
2025-04-02 04:00:00,SAC Basic,0.27487887869119776,0.00676959753036499,0.0,0.0,0.0,0.0,0.9998449549078942,110
2025-04-02 05:00:00,SAC Basic,0.2784214536174151,0.005272477865219116,0.0,0.0,0.0,0.0,0.9998795792460441,110
2025-04-02 06:00:00,SAC Basic,0.27826564747015764,0.004258155822753906,0.0,0.0,0.0,0.0,0.9999046936631202,110
2025-04-02 07:00:00,SAC Basic,0.2779784048000984,0.0073271989822387695,0.0,0.0,0.0,0.0,0.9998227655887604,110
2025-04-02 08:00:00,SAC Basic,0.2774795577883733,0.02034589648246765,0.0,0.0,0.0,0.0,0.9994628950953484,110
2025-04-02 09:00:00,SAC Basic,0.276601358034612,0.01704007387161255,0.0,0.0,0.0,0.0,0.9996261402964592,110
2025-04-02 10:00:00,SAC Basic,0.2754315428821258,0.01455545425415039,0.0,0.0,0.0,0.0,0.9996840447187424,110
2025-04-02 11:00:00,SAC Basic,0.2740360445396118,0.014850497245788574,0.0,0.0,0.0,0.0,0.9997000396251678,110
2025-04-02 12:00:00,SAC Basic,0.27258556038141374,0.015354752540588379,0.0,0.0,0.0,0.0,0.9996878623962403,110
2025-04-02 13:00:00,SAC Basic,0.2711091375064862,0.016073137521743774,0.0,0.0,0.0,0.0,0.9996713533997535,110
2025-04-02 14:00:00,SAC Basic,0.2697883491500231,0.020263493061065674,0.0,0.0,0.0,0.0,0.9995528265833854,110
2025-04-02 15:00:00,SAC Basic,0.26870072883685553,0.022213906049728394,0.0,0.0,0.0,0.0,0.9995362177491188,110
2025-04-02 16:00:00,SAC Basic,0.2683935623312009,0.054350048303604126,0.0,0.0,0.0,0.0,0.9985916376113891,110
2025-04-02 17:00:00,SAC Basic,0.2679847218441975,0.030347853899002075,0.0,0.0,0.0,0.0,0.9991530209779739,110
2025-04-02 18:00:00,SAC Basic,0.26871839371601863,0.005101561546325684,0.0,0.0,0.0,0.0,0.9996455058455467,110
2025-04-02 19:00:00,SAC Basic,0.27051100021124,0.005781948566436768,0.0,0.0,0.0,0.0,0.9998775571584702,110
2025-04-02 20:00:00,SAC Basic,0.27038843583981315,0.005730688571929932,0.0,0.0,0.0,0.0,0.9998848736286163,110
2025-04-02 21:00:00,SAC Basic,0.2702363976995162,0.0053885579109191895,0.0,0.0,0.0,0.0,0.9998888075351715,110
2025-04-02 22:00:00,SAC Basic,0.27005583151737966,0.005330145359039307,0.0,0.0,0.0,0.0,0.9998928129673004,110
2025-04-02 23:00:00,SAC Basic,0.2698462927420946,0.005138367414474487,0.0,0.0,0.0,0.0,0.9998953148722648,110
2025-04-03 00:00:00,SAC Basic,0.26963538107315815,0.004726499319076538,0.0,0.0,0.0,0.0,0.9999013513326646,110
2025-04-03 01:00:00,SAC Basic,0.2694529820481948,0.004780292510986328,0.0,0.0,0.0,0.0,0.9999038562178612,110
2025-04-03 02:00:00,SAC Basic,0.2692999927171083,0.005103200674057007,0.0,0.0,0.0,0.0,0.9998947069048881,110
2025-04-03 03:00:00,SAC Basic,0.27117217618306594,0.0041550397872924805,0.0,0.0,0.0,0.0,0.9999074175953866,110
2025-04-03 04:00:00,SAC Basic,0.27340452129840964,0.0037035346031188965,0.0,0.0,0.0,0.0,0.9999214142560959,110
2025-04-03 05:00:00,SAC Basic,0.2759708171518655,0.003888756036758423,0.0,0.0,0.0,0.0,0.9999203726649285,110
2025-04-03 06:00:00,SAC Basic,0.27981560754776114,0.004437118768692017,0.0,0.0,0.0,0.0,0.9999057739973068,110
2025-04-03 07:00:00,SAC Basic,0.2912358195336671,0.0025635957717895508,0.0,0.0,0.0,0.0,0.9999299928545953,110
2025-04-03 08:00:00,SAC Basic,0.29099303561846523,0.005664825439453125,0.0,0.0,0.0,0.0,0.9998556911945342,110
2025-04-03 09:00:00,SAC Basic,0.29118610023975483,0.004419386386871338,0.0,0.0,0.0,0.0,0.9998991578817368,110
2025-04-03 10:00:00,SAC Basic,0.2900780318252256,0.00757947564125061,0.0,0.0,0.0,0.0,0.9998168095946312,110
2025-04-03 11:00:00,SAC Basic,0.2887694947409641,0.0069388747215271,0.0,0.0,0.0,0.0,0.9998548164963722,110
2025-04-03 12:00:00,SAC Basic,0.2873223621193579,0.0078602135181427,0.0,0.0,0.0,0.0,0.9998335823416711,110
2025-04-03 13:00:00,SAC Basic,0.2863544355988513,0.00912204384803772,0.0,0.0,0.0,0.0,0.9998049408197404,110
2025-04-03 14:00:00,SAC Basic,0.2859656404479356,0.006361454725265503,0.0,0.0,0.0,0.0,0.9998451650142669,110
2025-04-03 15:00:00,SAC Basic,0.2851937619193406,0.008436441421508789,0.0,0.0,0.0,0.0,0.9998105213046073,110
2025-04-03 16:00:00,SAC Basic,0.28515196981748053,0.008462369441986084,0.0,0.0,0.0,0.0,0.9998304933309555,110
2025-04-03 17:00:00,SAC Basic,0.2852983047469468,0.005400478839874268,0.0,0.0,0.0,0.0,0.9998613715171815,110
2025-04-03 18:00:00,SAC Basic,0.28571854107141603,0.002570897340774536,0.0,0.0,0.0,0.0,0.9999202862381935,110
2025-04-03 19:00:00,SAC Basic,0.2855573223257076,0.002634376287460327,0.0,0.0,0.0,0.0,0.999946677684784,110
2025-04-03 20:00:00,SAC Basic,0.2853400289861372,0.002811998128890991,0.0,0.0,0.0,0.0,0.9999419838190078,110
2025-04-03 21:00:00,SAC Basic,0.28515061449448376,0.002675652503967285,0.0,0.0,0.0,0.0,0.9999451234936714,110
2025-04-03 22:00:00,SAC Basic,0.28496194506089,0.002899169921875,0.0,0.0,0.0,0.0,0.9999397814273834,110
2025-04-03 23:00:00,SAC Basic,0.2847427970234564,0.0022555887699127197,0.0,0.0,0.0,0.0,0.9999484524130822,110
2025-04-04 00:00:00,SAC Basic,0.28488532409668077,0.002258121967315674,0.0,0.0,0.0,0.0,0.9999548122286797,110
2025-04-04 01:00:00,SAC Basic,0.28469676294485835,0.002931654453277588,0.0,0.0,0.0,0.0,0.9999346315860749,110
2025-04-04 02:00:00,SAC Basic,0.2852013520622264,0.002376735210418701,0.0,0.0,0.0,0.0,0.9999469161033631,110
2025-04-04 03:00:00,SAC Basic,0.2853437971790642,0.002233535051345825,0.0,0.0,0.0,0.0,0.9999538972973824,110
2025-04-04 04:00:00,SAC Basic,0.28521383537451533,0.0035114586353302,0.0,0.0,0.0,0.0,0.9999169915914535,110
2025-04-04 05:00:00,SAC Basic,0.28508205413818466,0.0029656291007995605,0.0,0.0,0.0,0.0,0.9999352291226388,110
2025-04-04 06:00:00,SAC Basic,0.2849230531819672,0.003299713134765625,0.0,0.0,0.0,0.0,0.999930664896965,110
2025-04-04 07:00:00,SAC Basic,0.2846280584311495,0.005001574754714966,0.0,0.0,0.0,0.0,0.9998829498887062,110
2025-04-04 08:00:00,SAC Basic,0.28438009311676127,0.012610405683517456,0.0,0.0,0.0,0.0,0.9996717035770416,110
2025-04-04 09:00:00,SAC Basic,0.2838701515754074,0.010517537593841553,0.0,0.0,0.0,0.0,0.9997687205672264,110
2025-04-04 10:00:00,SAC Basic,0.2828300329868009,0.010964423418045044,0.0,0.0,0.0,0.0,0.999776242673397,110
2025-04-04 11:00:00,SAC Basic,0.2818396009771039,0.010870397090911865,0.0,0.0,0.0,0.0,0.9997816517949104,110
2025-04-04 12:00:00,SAC Basic,0.28073513676961365,0.010660737752914429,0.0,0.0,0.0,0.0,0.9997846886515617,110
2025-04-04 13:00:00,SAC Basic,0.2793562311355283,0.011328309774398804,0.0,0.0,0.0,0.0,0.9997667580842972,110
2025-04-04 14:00:00,SAC Basic,0.27806546815633876,0.012271106243133545,0.0,0.0,0.0,0.0,0.9997451499104499,110
2025-04-04 15:00:00,SAC Basic,0.2769669228084892,0.0189363956451416,0.0,0.0,0.0,0.0,0.9995546191930771,110
2025-04-04 16:00:00,SAC Basic,0.2761814877843867,0.027869492769241333,0.0,0.0,0.0,0.0,0.9993532791733742,110
2025-04-04 17:00:00,SAC Basic,0.2757107796287547,0.028787553310394287,0.0,0.0,0.0,0.0,0.9994150683283806,110
2025-04-04 18:00:00,SAC Basic,0.2754434958394379,0.004814863204956055,0.0,0.0,0.0,0.0,0.9996639758348466,110
2025-04-04 19:00:00,SAC Basic,0.2752571688683838,0.0036019086837768555,0.0,0.0,0.0,0.0,0.9999158322811127,110
2025-04-04 20:00:00,SAC Basic,0.2751010045965523,0.004150718450546265,0.0,0.0,0.0,0.0,0.9999114975333214,110
2025-04-04 21:00:00,SAC Basic,0.27494460637649004,0.004080533981323242,0.0,0.0,0.0,0.0,0.9999176874756813,110
2025-04-04 22:00:00,SAC Basic,0.2747873568034182,0.0038251280784606934,0.0,0.0,0.0,0.0,0.9999209433794022,110
2025-04-04 23:00:00,SAC Basic,0.27466096184015376,0.0045815110206604,0.0,0.0,0.0,0.0,0.9999008059501647,110
2025-04-05 00:00:00,SAC Basic,0.27489945865154364,0.005549043416976929,0.0,0.0,0.0,0.0,0.9998793438076974,110
2025-04-05 01:00:00,SAC Basic,0.27547022236983076,0.0052291154861450195,0.0,0.0,0.0,0.0,0.9998922184109688,110
2025-04-05 02:00:00,SAC Basic,0.2753754449558267,0.005566775798797607,0.0,0.0,0.0,0.0,0.9998852878808975,110
2025-04-05 03:00:00,SAC Basic,0.2752790453020741,0.005080103874206543,0.0,0.0,0.0,0.0,0.99989353120327,110
2025-04-05 04:00:00,SAC Basic,0.27518303307851244,0.005196332931518555,0.0,0.0,0.0,0.0,0.9998949110507965,110
2025-04-05 05:00:00,SAC Basic,0.275057928059102,0.004968494176864624,0.0,0.0,0.0,0.0,0.9998983517289162,110
2025-04-05 06:00:00,SAC Basic,0.2749057170653352,0.0053367018699646,0.0,0.0,0.0,0.0,0.9998895838856697,110
2025-04-05 07:00:00,SAC Basic,0.2746236768873541,0.008887946605682373,0.0,0.0,0.0,0.0,0.9997867286205291,110
2025-04-05 08:00:00,SAC Basic,0.2741268914341935,0.029464364051818848,0.0,0.0,0.0,0.0,0.9992049485445023,110
2025-04-05 09:00:00,SAC Basic,0.2732272089076051,0.019095242023468018,0.0,0.0,0.0,0.0,0.9995144039392471,110
2025-04-05 10:00:00,SAC Basic,0.27204190969308306,0.01841023564338684,0.0,0.0,0.0,0.0,0.9996249452233315,110
2025-04-05 11:00:00,SAC Basic,0.2706589779965092,0.01862049102783203,0.0,0.0,0.0,0.0,0.9996254876255989,110
2025-04-05 12:00:00,SAC Basic,0.26913416455984207,0.01855596899986267,0.0,0.0,0.0,0.0,0.9996282353997231,110
2025-04-05 13:00:00,SAC Basic,0.267671685198149,0.02025619149208069,0.0,0.0,0.0,0.0,0.9995778739452362,110
2025-04-05 14:00:00,SAC Basic,0.26629896129369823,0.021682828664779663,0.0,0.0,0.0,0.0,0.9995520770549774,110
2025-04-05 15:00:00,SAC Basic,0.2652128124531119,0.03115534782409668,0.0,0.0,0.0,0.0,0.9992821678519249,110
2025-04-05 16:00:00,SAC Basic,0.2644700918388376,0.049183815717697144,0.0,0.0,0.0,0.0,0.99883603900671,110
2025-04-05 17:00:00,SAC Basic,0.26407778044780184,0.04380658268928528,0.0,0.0,0.0,0.0,0.9990700960159301,110
2025-04-05 18:00:00,SAC Basic,0.2638804243652035,0.008793175220489502,0.0,0.0,0.0,0.0,0.9994740024209022,110
2025-04-05 19:00:00,SAC Basic,0.26376162651062096,0.006860643625259399,0.0,0.0,0.0,0.0,0.9998434618115425,110
2025-04-05 20:00:00,SAC Basic,0.2636413390366245,0.006413757801055908,0.0,0.0,0.0,0.0,0.9998672559857369,110
2025-04-05 21:00:00,SAC Basic,0.26352124080737516,0.006470531225204468,0.0,0.0,0.0,0.0,0.9998700216412544,110
2025-04-05 22:00:00,SAC Basic,0.2634013089744258,0.006520450115203857,0.0,0.0,0.0,0.0,0.9998690918087959,110
2025-04-05 23:00:00,SAC Basic,0.26328157383680423,0.006579458713531494,0.0,0.0,0.0,0.0,0.9998678207397461,110
2025-04-06 00:00:00,SAC Basic,0.2631641856320707,0.007283538579940796,0.0,0.0,0.0,0.0,0.9998472884297371,110
2025-04-06 01:00:00,SAC Basic,0.26307696559031885,0.007833987474441528,0.0,0.0,0.0,0.0,0.9998378157615662,110
2025-04-06 02:00:00,SAC Basic,0.2629882206630714,0.007376521825790405,0.0,0.0,0.0,0.0,0.9998478949069977,110
2025-04-06 03:00:00,SAC Basic,0.2628726474197713,0.00782802700996399,0.0,0.0,0.0,0.0,0.999838924407959,110
2025-04-06 04:00:00,SAC Basic,0.26278261602560754,0.006990581750869751,0.0,0.0,0.0,0.0,0.9998518139123916,110
2025-04-06 05:00:00,SAC Basic,0.2626972054815299,0.008376836776733398,0.0,0.0,0.0,0.0,0.9998186007142067,110
2025-04-06 06:00:00,SAC Basic,0.2629493810621904,0.009652674198150635,0.0,0.0,0.0,0.0,0.9997941881418227,110
2025-04-06 07:00:00,SAC Basic,0.2633861658541368,0.01603543758392334,0.0,0.0,0.0,0.0,0.9996154636144639,110
2025-04-06 08:00:00,SAC Basic,0.26291138785759677,0.07006660103797913,0.0,0.0,0.0,0.0,0.9980583563446999,110
2025-04-06 09:00:00,SAC Basic,0.26206863942225844,0.044675469398498535,0.0,0.0,0.0,0.0,0.9988525792956352,110
2025-04-06 10:00:00,SAC Basic,0.26088626951058774,0.027789026498794556,0.0,0.0,0.0,0.0,0.9992753550410272,110
2025-04-06 11:00:00,SAC Basic,0.2594344941496856,0.02346739172935486,0.0,0.0,0.0,0.0,0.9994874358177185,110
2025-04-06 12:00:00,SAC Basic,0.25789446536858945,0.022491365671157837,0.0,0.0,0.0,0.0,0.9995404124259949,110
2025-04-06 13:00:00,SAC Basic,0.2563861966911959,0.023519396781921387,0.0,0.0,0.0,0.0,0.9995193317532539,110
2025-04-06 14:00:00,SAC Basic,0.25500648834705425,0.028087496757507324,0.0,0.0,0.0,0.0,0.999392569065094,110
2025-04-06 15:00:00,SAC Basic,0.25394167720715277,0.046056658029556274,0.0,0.0,0.0,0.0,0.9988991752266884,110
2025-04-06 16:00:00,SAC Basic,0.25359685633977325,0.16855373978614807,0.0,0.0,0.0,0.0,0.9954039543867111,110
2025-04-06 17:00:00,SAC Basic,0.2537777295382825,0.2157619595527649,0.0,0.0,0.0,0.0,0.9952126786112786,110
2025-04-06 18:00:00,SAC Basic,0.25361471814870906,0.019096583127975464,0.0,0.0,0.0,0.0,0.9976514145731926,110
2025-04-06 19:00:00,SAC Basic,0.25348862740039896,0.013172775506973267,0.0,0.0,0.0,0.0,0.9996773064136505,110
2025-04-06 20:00:00,SAC Basic,0.25331696737686865,0.01650199294090271,0.0,0.0,0.0,0.0,0.9996366679668426,110
2025-04-06 21:00:00,SAC Basic,0.2531429445258784,0.015793144702911377,0.0,0.0,0.0,0.0,0.9996770486235618,110
2025-04-06 22:00:00,SAC Basic,0.25298773664315616,0.01293763518333435,0.0,0.0,0.0,0.0,0.9997126922011376,110
2025-04-06 23:00:00,SAC Basic,0.25282894552787216,0.01186266541481018,0.0,0.0,0.0,0.0,0.9997519969940186,110
2025-04-07 00:00:00,SAC Basic,0.2527013080390301,0.01270875334739685,0.0,0.0,0.0,0.0,0.9997373640537263,110
2025-04-07 01:00:00,SAC Basic,0.25257625490824454,0.013484060764312744,0.0,0.0,0.0,0.0,0.9997225657105446,110
2025-04-07 02:00:00,SAC Basic,0.2524862843434023,0.015508830547332764,0.0,0.0,0.0,0.0,0.9996695756912232,110
2025-04-07 03:00:00,SAC Basic,0.25239328586260545,0.01460045576095581,0.0,0.0,0.0,0.0,0.9996989071369171,110
2025-04-07 04:00:00,SAC Basic,0.2522719038812326,0.014585405588150024,0.0,0.0,0.0,0.0,0.9997081413865089,110
2025-04-07 05:00:00,SAC Basic,0.2521535518026359,0.015494376420974731,0.0,0.0,0.0,0.0,0.9996810227632522,110
2025-04-07 06:00:00,SAC Basic,0.2539813647747046,0.016343891620635986,0.0,0.0,0.0,0.0,0.9996646270155907,110
2025-04-07 07:00:00,SAC Basic,0.2548290300329533,0.039299577474594116,0.0,0.0,0.0,0.0,0.9989844515919686,110
2025-04-07 08:00:00,SAC Basic,0.25545095106442833,0.26507630944252014,0.0,0.0,0.0,0.0,0.9924407064914703,110
2025-04-07 09:00:00,SAC Basic,0.2553036484209703,0.11080920696258545,0.0,0.0,0.0,0.0,0.9962411448359489,110
2025-04-07 10:00:00,SAC Basic,0.2542925801086432,0.03667950630187988,0.0,0.0,0.0,0.0,0.9985251128673553,110
2025-04-07 11:00:00,SAC Basic,0.2530446909817066,0.033633261919021606,0.0,0.0,0.0,0.0,0.9992968723177911,110
2025-04-07 12:00:00,SAC Basic,0.2516655627894408,0.028261542320251465,0.0,0.0,0.0,0.0,0.9993810519576073,110
2025-04-07 13:00:00,SAC Basic,0.25050324881315295,0.05080580711364746,0.0,0.0,0.0,0.0,0.9987584412097931,110
2025-04-07 14:00:00,SAC Basic,0.25842943545341557,0.009355992078781128,0.0,0.0,0.0,0.0,0.9993983820080757,110
2025-04-07 15:00:00,SAC Basic,0.2611485575318343,0.026236623525619507,0.0,0.0,0.0,0.0,0.9993064612150192,110
2025-04-07 16:00:00,SAC Basic,0.2612379436135298,0.09681582450866699,0.0,0.0,0.0,0.0,0.9973578914999962,110
2025-04-07 17:00:00,SAC Basic,0.2608968696339931,0.05067780613899231,0.0,0.0,0.0,0.0,0.9985250636935233,110
2025-04-07 18:00:00,SAC Basic,0.26064986582835575,0.010898858308792114,0.0,0.0,0.0,0.0,0.9993842333555221,110
2025-04-07 19:00:00,SAC Basic,0.26045385830084544,0.009197741746902466,0.0,0.0,0.0,0.0,0.999799033999443,110
2025-04-07 20:00:00,SAC Basic,0.26025372116486295,0.007958859205245972,0.0,0.0,0.0,0.0,0.9998284339904785,110
2025-04-07 21:00:00,SAC Basic,0.26011030533313817,0.007975250482559204,0.0,0.0,0.0,0.0,0.9998403310775756,110
2025-04-07 22:00:00,SAC Basic,0.25994027774890327,0.008491724729537964,0.0,0.0,0.0,0.0,0.9998250007629395,110
2025-04-07 23:00:00,SAC Basic,0.259771680676143,0.008920878171920776,0.0,0.0,0.0,0.0,0.9998172909021378,110
2025-04-08 00:00:00,SAC Basic,0.25960337765296365,0.009009093046188354,0.0,0.0,0.0,0.0,0.9998189359903336,110
2025-04-08 01:00:00,SAC Basic,0.25945985800981586,0.007944107055664062,0.0,0.0,0.0,0.0,0.9998304679989815,110
2025-04-08 02:00:00,SAC Basic,0.25934727691968346,0.008725672960281372,0.0,0.0,0.0,0.0,0.9998176708817482,110
2025-04-08 03:00:00,SAC Basic,0.25923687835296055,0.009380429983139038,0.0,0.0,0.0,0.0,0.9998058438301086,110
2025-04-08 04:00:00,SAC Basic,0.2591259840742753,0.009231716394424438,0.0,0.0,0.0,0.0,0.9998138785362244,110
2025-04-08 05:00:00,SAC Basic,0.25901308310588256,0.008629709482192993,0.0,0.0,0.0,0.0,0.9998213857412338,110
2025-04-08 06:00:00,SAC Basic,0.2588455286177005,0.009233653545379639,0.0,0.0,0.0,0.0,0.9998092874884605,110
2025-04-08 07:00:00,SAC Basic,0.25957213856379246,0.011482983827590942,0.0,0.0,0.0,0.0,0.999747847020626,110
2025-04-08 08:00:00,SAC Basic,0.2593525402720775,0.12112051248550415,0.0,0.0,0.0,0.0,0.9964812144637107,110
2025-04-08 09:00:00,SAC Basic,0.2623905651783949,0.0664074718952179,0.0,0.0,0.0,0.0,0.9981247201561928,110
2025-04-08 10:00:00,SAC Basic,0.26171520994901715,0.020393431186676025,0.0,0.0,0.0,0.0,0.999131990969181,110
2025-04-08 11:00:00,SAC Basic,0.26511924305518525,0.02070993185043335,0.0,0.0,0.0,0.0,0.9995826363563538,110
2025-04-08 12:00:00,SAC Basic,0.2850185276357338,0.0012853741645812988,0.0,0.0,0.0,0.0,0.9997800469398498,110
2025-04-08 13:00:00,SAC Basic,0.29461696566661255,0.00253140926361084,0.0,0.0,0.0,0.0,0.9999369114637374,110
2025-04-08 14:00:00,SAC Basic,0.29344731717586575,0.0061054527759552,0.0,0.0,0.0,0.0,0.9998421505093574,110
2025-04-08 15:00:00,SAC Basic,0.2922774183456109,0.006030350923538208,0.0,0.0,0.0,0.0,0.9998786419630051,110
2025-04-08 16:00:00,SAC Basic,0.29305074483792043,0.0019979476928710938,0.0,0.0,0.0,0.0,0.9999197170138359,110
2025-04-08 17:00:00,SAC Basic,0.29338462118307806,0.0021629035472869873,0.0,0.0,0.0,0.0,0.9999550923705101,110
2025-04-08 18:00:00,SAC Basic,0.29319503383795475,0.0026237964630126953,0.0,0.0,0.0,0.0,0.9999429151415825,110
2025-04-08 19:00:00,SAC Basic,0.293450375684103,0.0021025538444519043,0.0,0.0,0.0,0.0,0.9999527364969254,110
2025-04-08 20:00:00,SAC Basic,0.2953424380612379,0.001618713140487671,0.0,0.0,0.0,0.0,0.9999627873301505,110
2025-04-08 21:00:00,SAC Basic,0.29623487296740264,0.0017304718494415283,0.0,0.0,0.0,0.0,0.9999642729759216,110
2025-04-08 22:00:00,SAC Basic,0.2964609735027954,0.0018301606178283691,0.0,0.0,0.0,0.0,0.9999623998999596,110
2025-04-08 23:00:00,SAC Basic,0.2966876427658403,0.002000778913497925,0.0,0.0,0.0,0.0,0.9999582782387734,110
2025-04-09 00:00:00,SAC Basic,0.29658118284146034,0.0020620226860046387,0.0,0.0,0.0,0.0,0.9999581471085548,110
2025-04-09 01:00:00,SAC Basic,0.29647358695189197,0.0017212331295013428,0.0,0.0,0.0,0.0,0.9999621674418449,110
2025-04-09 02:00:00,SAC Basic,0.2963670306666696,0.0020331144332885742,0.0,0.0,0.0,0.0,0.9999562188982964,110
2025-04-09 03:00:00,SAC Basic,0.29626026675860123,0.001970827579498291,0.0,0.0,0.0,0.0,0.9999599605798721,110
2025-04-09 04:00:00,SAC Basic,0.29684730281035143,0.0016108155250549316,0.0,0.0,0.0,0.0,0.9999641835689544,110
2025-04-09 05:00:00,SAC Basic,0.29809898344119434,0.0010041892528533936,0.0,0.0,0.0,0.0,0.9999738499522209,110
2025-04-09 06:00:00,SAC Basic,0.3002946167969708,0.0011900067329406738,0.0,0.0,0.0,0.0,0.9999743416905402,110
2025-04-09 07:00:00,SAC Basic,0.30112793826580087,0.0009964406490325928,0.0,0.0,0.0,0.0,0.9999781355261803,110
2025-04-09 08:00:00,SAC Basic,0.30574019491116244,0.0026769936084747314,0.0,0.0,0.0,0.0,0.9999296545982361,110
2025-04-09 09:00:00,SAC Basic,0.3134896152051294,0.0033260881900787354,0.0,0.0,0.0,0.0,0.9999269872903823,110
2025-04-09 10:00:00,SAC Basic,0.31290339347918866,0.0026334822177886963,0.0,0.0,0.0,0.0,0.9999404042959213,110
2025-04-09 11:00:00,SAC Basic,0.3119409478712086,0.00226631760597229,0.0,0.0,0.0,0.0,0.9999510020017625,110
2025-04-09 12:00:00,SAC Basic,0.3107297066100442,0.004127621650695801,0.0,0.0,0.0,0.0,0.9998988345265388,110
2025-04-09 13:00:00,SAC Basic,0.3107965809051199,0.004562288522720337,0.0,0.0,0.0,0.0,0.9999044075608253,110
2025-04-09 14:00:00,SAC Basic,0.31372611610174217,0.0018605589866638184,0.0,0.0,0.0,0.0,0.9999357715249061,110
2025-04-09 15:00:00,SAC Basic,0.3151018123189612,0.0017088651657104492,0.0,0.0,0.0,0.0,0.9999643057584763,110
2025-04-09 16:00:00,SAC Basic,0.315703818568389,0.001601874828338623,0.0,0.0,0.0,0.0,0.9999668926000596,110
2025-04-09 17:00:00,SAC Basic,0.31523062569538796,0.00254213809967041,0.0,0.0,0.0,0.0,0.9999397546052933,110
2025-04-09 18:00:00,SAC Basic,0.3150993063950543,0.0031042098999023438,0.0,0.0,0.0,0.0,0.9999322950839996,110
2025-04-09 19:00:00,SAC Basic,0.31508017800569577,0.0027614831924438477,0.0,0.0,0.0,0.0,0.9999413430690766,110
2025-04-09 20:00:00,SAC Basic,0.3150592391252522,0.0022183358669281006,0.0,0.0,0.0,0.0,0.9999502018094063,110
2025-04-09 21:00:00,SAC Basic,0.3150659516016647,0.0020137429237365723,0.0,0.0,0.0,0.0,0.9999576792120934,110
2025-04-09 22:00:00,SAC Basic,0.31507326509157857,0.002194046974182129,0.0,0.0,0.0,0.0,0.999954316020012,110
2025-04-09 23:00:00,SAC Basic,0.31505159605423655,0.00199928879737854,0.0,0.0,0.0,0.0,0.9999580666422844,110
2025-04-10 00:00:00,SAC Basic,0.315030645252864,0.002214759588241577,0.0,0.0,0.0,0.0,0.9999535501003265,110
2025-04-10 01:00:00,SAC Basic,0.31501028453747476,0.0023917853832244873,0.0,0.0,0.0,0.0,0.9999503940343857,110
2025-04-10 02:00:00,SAC Basic,0.3150190985743209,0.0026442110538482666,0.0,0.0,0.0,0.0,0.9999445915222168,110
2025-04-10 03:00:00,SAC Basic,0.3150278505229954,0.002625584602355957,0.0,0.0,0.0,0.0,0.999947302043438,110
2025-04-10 04:00:00,SAC Basic,0.31503669684569086,0.0026538968086242676,0.0,0.0,0.0,0.0,0.9999466389417648,110
2025-04-10 05:00:00,SAC Basic,0.3150453574005767,0.0025981664657592773,0.0,0.0,0.0,0.0,0.9999474793672561,110
2025-04-10 06:00:00,SAC Basic,0.31502587535699256,0.0026553869247436523,0.0,0.0,0.0,0.0,0.9999463200569153,110
2025-04-10 07:00:00,SAC Basic,0.3148104044294362,0.0033587217330932617,0.0,0.0,0.0,0.0,0.9999257922172546,110
2025-04-10 08:00:00,SAC Basic,0.31413946234862056,0.0027173757553100586,0.0,0.0,0.0,0.0,0.999939239025116,110
2025-04-10 09:00:00,SAC Basic,0.3129894906099642,0.0035084784030914307,0.0,0.0,0.0,0.0,0.9999219194054604,110
2025-04-10 10:00:00,SAC Basic,0.3114229578955973,0.0060401856899261475,0.0,0.0,0.0,0.0,0.9998538792133331,110
2025-04-10 11:00:00,SAC Basic,0.3096044441564883,0.006945878267288208,0.0,0.0,0.0,0.0,0.9998520255088806,110
2025-04-10 12:00:00,SAC Basic,0.3077020465143526,0.007280707359313965,0.0,0.0,0.0,0.0,0.9998510375618934,110
2025-04-10 13:00:00,SAC Basic,0.305829371490479,0.007697492837905884,0.0,0.0,0.0,0.0,0.9998418822884559,110
2025-04-10 14:00:00,SAC Basic,0.3045721367677057,0.007329583168029785,0.0,0.0,0.0,0.0,0.9998497292399406,110
2025-04-10 15:00:00,SAC Basic,0.3032360481643681,0.007173418998718262,0.0,0.0,0.0,0.0,0.9998549699783326,110
2025-04-10 16:00:00,SAC Basic,0.30229485298951514,0.0066414475440979,0.0,0.0,0.0,0.0,0.9998618513345718,110
2025-04-10 17:00:00,SAC Basic,0.3018264528266594,0.0039799511432647705,0.0,0.0,0.0,0.0,0.9998937860131264,110
2025-04-10 18:00:00,SAC Basic,0.30169319885889734,0.0025238096714019775,0.0,0.0,0.0,0.0,0.9999349623918533,110
2025-04-10 19:00:00,SAC Basic,0.30161354142189073,0.001602768898010254,0.0,0.0,0.0,0.0,0.9999587342143058,110
2025-04-10 20:00:00,SAC Basic,0.30156286800225623,0.0017979741096496582,0.0,0.0,0.0,0.0,0.9999620884656906,110
2025-04-10 21:00:00,SAC Basic,0.30154108670949986,0.0019656121730804443,0.0,0.0,0.0,0.0,0.999959011375904,110
2025-04-10 22:00:00,SAC Basic,0.30154835102558186,0.0021792948246002197,0.0,0.0,0.0,0.0,0.9999542772769928,110
2025-04-10 23:00:00,SAC Basic,0.3015268051711723,0.0020362436771392822,0.0,0.0,0.0,0.0,0.9999578446149826,110
2025-04-11 00:00:00,SAC Basic,0.30147662249644647,0.001945197582244873,0.0,0.0,0.0,0.0,0.9999601855874062,110
2025-04-11 01:00:00,SAC Basic,0.3014550895563767,0.0020401179790496826,0.0,0.0,0.0,0.0,0.9999582484364509,110
2025-04-11 02:00:00,SAC Basic,0.3014638375314082,0.0026243925094604492,0.0,0.0,0.0,0.0,0.9999416694045067,110
2025-04-11 03:00:00,SAC Basic,0.3014429905414587,0.0022459030151367188,0.0,0.0,0.0,0.0,0.999951297044754,110
2025-04-11 04:00:00,SAC Basic,0.30142234869082823,0.0023074448108673096,0.0,0.0,0.0,0.0,0.9999532356858254,110
2025-04-11 05:00:00,SAC Basic,0.30140171131054616,0.002308785915374756,0.0,0.0,0.0,0.0,0.9999538108706475,110
2025-04-11 06:00:00,SAC Basic,0.30135117498159464,0.0018391013145446777,0.0,0.0,0.0,0.0,0.9999585211277008,110
2025-04-11 07:00:00,SAC Basic,0.3010769676160818,0.00273779034614563,0.0,0.0,0.0,0.0,0.999936257302761,110
2025-04-11 08:00:00,SAC Basic,0.3003933170628553,0.007404834032058716,0.0,0.0,0.0,0.0,0.9998052328824997,110
2025-04-11 09:00:00,SAC Basic,0.2992557721304899,0.015736520290374756,0.0,0.0,0.0,0.0,0.9996019527316093,110
2025-04-11 10:00:00,SAC Basic,0.29774586061716135,0.014526546001434326,0.0,0.0,0.0,0.0,0.9996973693370819,110
2025-04-11 11:00:00,SAC Basic,0.29596757729848283,0.010515004396438599,0.0,0.0,0.0,0.0,0.9997495844960212,110
2025-04-11 12:00:00,SAC Basic,0.294070544074377,0.008890032768249512,0.0,0.0,0.0,0.0,0.9998059496283531,110
2025-04-11 13:00:00,SAC Basic,0.2922061744610474,0.01018911600112915,0.0,0.0,0.0,0.0,0.9997832268476486,110
2025-04-11 14:00:00,SAC Basic,0.29054727285703075,0.012329518795013428,0.0,0.0,0.0,0.0,0.9997320055961609,110
2025-04-11 15:00:00,SAC Basic,0.2892226683131859,0.01911863684654236,0.0,0.0,0.0,0.0,0.9995497360825538,110
2025-04-11 16:00:00,SAC Basic,0.2883313242109622,0.030096769332885742,0.0,0.0,0.0,0.0,0.9992882832884789,110
2025-04-11 17:00:00,SAC Basic,0.28817612885872573,0.014941394329071045,0.0,0.0,0.0,0.0,0.9995496183633804,110
2025-04-11 18:00:00,SAC Basic,0.2880531616592412,0.005609840154647827,0.0,0.0,0.0,0.0,0.9997944876551629,110
2025-04-11 19:00:00,SAC Basic,0.28834448957840647,0.004398375749588013,0.0,0.0,0.0,0.0,0.9998999178409577,110
2025-04-11 20:00:00,SAC Basic,0.2883592804710075,0.004437267780303955,0.0,0.0,0.0,0.0,0.9999108657240867,110
2025-04-11 21:00:00,SAC Basic,0.28837530617316615,0.004807710647583008,0.0,0.0,0.0,0.0,0.9999001413583756,110
2025-04-11 22:00:00,SAC Basic,0.2883913209478065,0.004804432392120361,0.0,0.0,0.0,0.0,0.9999038785696029,110
2025-04-11 23:00:00,SAC Basic,0.2884061560471857,0.0044505298137664795,0.0,0.0,0.0,0.0,0.9999074503779412,110
2025-04-12 00:00:00,SAC Basic,0.28842076762914703,0.004383474588394165,0.0,0.0,0.0,0.0,0.9999116599559784,110
2025-04-12 01:00:00,SAC Basic,0.2884334663987165,0.003809630870819092,0.0,0.0,0.0,0.0,0.9999180689454078,110
2025-04-12 02:00:00,SAC Basic,0.28841759291966806,0.0037379562854766846,0.0,0.0,0.0,0.0,0.999924524128437,110
2025-04-12 03:00:00,SAC Basic,0.28842976269801507,0.0036509335041046143,0.0,0.0,0.0,0.0,0.9999261111021042,110
2025-04-12 04:00:00,SAC Basic,0.28844303317546893,0.003981143236160278,0.0,0.0,0.0,0.0,0.9999170750379562,110
2025-04-12 05:00:00,SAC Basic,0.2884555486607556,0.003754645586013794,0.0,0.0,0.0,0.0,0.9999226421117783,110
2025-04-12 06:00:00,SAC Basic,0.2884700211652125,0.004341751337051392,0.0,0.0,0.0,0.0,0.9999072939157486,110
2025-04-12 07:00:00,SAC Basic,0.28823221213817646,0.005157291889190674,0.0,0.0,0.0,0.0,0.9998886987566948,110
2025-04-12 08:00:00,SAC Basic,0.2875842846353854,0.01812174916267395,0.0,0.0,0.0,0.0,0.9995079204440117,110
2025-04-12 09:00:00,SAC Basic,0.28644343313535103,0.014744549989700317,0.0,0.0,0.0,0.0,0.9996713370084763,110
2025-04-12 10:00:00,SAC Basic,0.2848703247698153,0.012567490339279175,0.0,0.0,0.0,0.0,0.9997268795967102,110
2025-04-12 11:00:00,SAC Basic,0.28300885541915943,0.011059194803237915,0.0,0.0,0.0,0.0,0.9997637331485748,110
2025-04-12 12:00:00,SAC Basic,0.28108795771996226,0.010230690240859985,0.0,0.0,0.0,0.0,0.999787101149559,110
2025-04-12 13:00:00,SAC Basic,0.27916839764833495,0.010631978511810303,0.0,0.0,0.0,0.0,0.9997833475470543,110
2025-04-12 14:00:00,SAC Basic,0.27746252854347275,0.01523926854133606,0.0,0.0,0.0,0.0,0.9996491417288781,110
2025-04-12 15:00:00,SAC Basic,0.2760877020851776,0.021052062511444092,0.0,0.0,0.0,0.0,0.99952083081007,110
2025-04-12 16:00:00,SAC Basic,0.27522940402269414,0.048510581254959106,0.0,0.0,0.0,0.0,0.9987552031874657,110
2025-04-12 17:00:00,SAC Basic,0.2747656544780736,0.022375136613845825,0.0,0.0,0.0,0.0,0.9992911428213119,110
2025-04-12 18:00:00,SAC Basic,0.274758765371641,0.023433268070220947,0.0,0.0,0.0,0.0,0.9995207533240318,110
2025-04-12 19:00:00,SAC Basic,0.2748185845931376,0.01794576644897461,0.0,0.0,0.0,0.0,0.999586209654808,110
2025-04-12 20:00:00,SAC Basic,0.2748729869771009,0.024820715188980103,0.0,0.0,0.0,0.0,0.9994348362088203,110
2025-04-12 21:00:00,SAC Basic,0.27491849187771533,0.022151470184326172,0.0,0.0,0.0,0.0,0.9995302781462669,110
2025-04-12 22:00:00,SAC Basic,0.27496195730606765,0.021539628505706787,0.0,0.0,0.0,0.0,0.9995630890130996,110
2025-04-12 23:00:00,SAC Basic,0.27502916501998953,0.020162314176559448,0.0,0.0,0.0,0.0,0.9995829805731774,110
2025-04-13 00:00:00,SAC Basic,0.27509301301876754,0.019154399633407593,0.0,0.0,0.0,0.0,0.9996068328619003,110
2025-04-13 01:00:00,SAC Basic,0.27515744613647514,0.019329935312271118,0.0,0.0,0.0,0.0,0.9996116459369659,110
2025-04-13 02:00:00,SAC Basic,0.27520732529004466,0.014963746070861816,0.0,0.0,0.0,0.0,0.9996570631861686,110
2025-04-13 03:00:00,SAC Basic,0.27525595224936855,0.014588087797164917,0.0,0.0,0.0,0.0,0.9997044816613198,110
2025-04-13 04:00:00,SAC Basic,0.2752974445327128,0.01244768500328064,0.0,0.0,0.0,0.0,0.9997296422719956,110
2025-04-13 05:00:00,SAC Basic,0.27526718520720855,0.007922202348709106,0.0,0.0,0.0,0.0,0.9997963011264801,110
2025-04-13 06:00:00,SAC Basic,0.27518222219467214,0.008511096239089966,0.0,0.0,0.0,0.0,0.9998238891363144,110
2025-04-13 07:00:00,SAC Basic,0.27490952007770586,0.011689364910125732,0.0,0.0,0.0,0.0,0.9997344300150871,110
2025-04-13 08:00:00,SAC Basic,0.2742753063448275,0.030735880136489868,0.0,0.0,0.0,0.0,0.9991948172450066,110
2025-04-13 09:00:00,SAC Basic,0.2732437382396067,0.0390295684337616,0.0,0.0,0.0,0.0,0.9991364717483521,110
2025-04-13 10:00:00,SAC Basic,0.27181089655955676,0.020647495985031128,0.0,0.0,0.0,0.0,0.999403229355812,110
2025-04-13 11:00:00,SAC Basic,0.2701626646836603,0.015530437231063843,0.0,0.0,0.0,0.0,0.999638220667839,110
2025-04-13 12:00:00,SAC Basic,0.2683989308587715,0.014879852533340454,0.0,0.0,0.0,0.0,0.999695897102356,110
2025-04-13 13:00:00,SAC Basic,0.2666054545474057,0.014457106590270996,0.0,0.0,0.0,0.0,0.9997066304087638,110
2025-04-13 14:00:00,SAC Basic,0.26502898024082233,0.020057708024978638,0.0,0.0,0.0,0.0,0.9995428398251534,110
2025-04-13 15:00:00,SAC Basic,0.2637993996739392,0.03912582993507385,0.0,0.0,0.0,0.0,0.9990268021821976,110
2025-04-13 16:00:00,SAC Basic,0.2631940314722066,0.10738953948020935,0.0,0.0,0.0,0.0,0.9971695721149445,110
2025-04-13 17:00:00,SAC Basic,0.26286887636899997,0.07245346903800964,0.0,0.0,0.0,0.0,0.9982015699148178,110
2025-04-13 18:00:00,SAC Basic,0.26270710127910024,0.019467473030090332,0.0,0.0,0.0,0.0,0.9990807905793191,110
2025-04-13 19:00:00,SAC Basic,0.26261298123757093,0.01426398754119873,0.0,0.0,0.0,0.0,0.9996626853942872,110
2025-04-13 20:00:00,SAC Basic,0.2625736252156898,0.022193193435668945,0.0,0.0,0.0,0.0,0.9994768440723418,110
2025-04-13 21:00:00,SAC Basic,0.2624876655467356,0.016712099313735962,0.0,0.0,0.0,0.0,0.999610947072506,110
2025-04-13 22:00:00,SAC Basic,0.262448075045745,0.03912284970283508,0.0,0.0,0.0,0.0,0.9989934355020523,110
2025-04-13 23:00:00,SAC Basic,0.26233321007013366,0.025040507316589355,0.0,0.0,0.0,0.0,0.9993583664298058,110
2025-04-14 00:00:00,SAC Basic,0.2622336600454652,0.012634992599487305,0.0,0.0,0.0,0.0,0.9996232450008392,110
2025-04-14 01:00:00,SAC Basic,0.2621611290717129,0.012240707874298096,0.0,0.0,0.0,0.0,0.9997512429952621,110
2025-04-14 02:00:00,SAC Basic,0.26205707343260487,0.011283308267593384,0.0,0.0,0.0,0.0,0.999764759838581,110
2025-04-14 03:00:00,SAC Basic,0.26195164738337234,0.010872185230255127,0.0,0.0,0.0,0.0,0.9997784450650216,110
2025-04-14 04:00:00,SAC Basic,0.2621623589587215,0.014213472604751587,0.0,0.0,0.0,0.0,0.99968231767416,110
2025-04-14 05:00:00,SAC Basic,0.26271145960013104,0.007230192422866821,0.0,0.0,0.0,0.0,0.9997855633497238,110
2025-04-14 06:00:00,SAC Basic,0.2629267013939225,0.007072538137435913,0.0,0.0,0.0,0.0,0.999856972694397,110
2025-04-14 07:00:00,SAC Basic,0.27102059600989054,0.004668384790420532,0.0,0.0,0.0,0.0,0.9998825907707215,110
2025-04-14 08:00:00,SAC Basic,0.27158536831537916,0.013931691646575928,0.0,0.0,0.0,0.0,0.999628733098507,110
2025-04-14 09:00:00,SAC Basic,0.2709482867527011,0.014875531196594238,0.0,0.0,0.0,0.0,0.9996930509805679,110
2025-04-14 10:00:00,SAC Basic,0.27410908436536824,0.011739283800125122,0.0,0.0,0.0,0.0,0.9997338518500327,110
2025-04-14 11:00:00,SAC Basic,0.27460225457032555,0.009451061487197876,0.0,0.0,0.0,0.0,0.9997880965471267,110
2025-04-14 12:00:00,SAC Basic,0.28448668678522143,0.003329664468765259,0.0,0.0,0.0,0.0,0.9998721927404404,110
2025-04-14 13:00:00,SAC Basic,0.28595936640342107,0.0033038854598999023,0.0,0.0,0.0,0.0,0.9999336645007134,110
2025-04-14 14:00:00,SAC Basic,0.291380799900691,0.004930049180984497,0.0,0.0,0.0,0.0,0.9998851373791695,110
2025-04-14 15:00:00,SAC Basic,0.2971895919187867,0.004137605428695679,0.0,0.0,0.0,0.0,0.9999093234539033,110
2025-04-14 16:00:00,SAC Basic,0.3009138696018858,0.0022833049297332764,0.0,0.0,0.0,0.0,0.9999357908964157,110
2025-04-14 17:00:00,SAC Basic,0.3056986937173211,0.003447234630584717,0.0,0.0,0.0,0.0,0.9999194160103798,110
2025-04-14 18:00:00,SAC Basic,0.3105126424177491,0.00368461012840271,0.0,0.0,0.0,0.0,0.9999239340424538,110
2025-04-14 19:00:00,SAC Basic,0.311709528961182,0.0015659630298614502,0.0,0.0,0.0,0.0,0.9999474942684174,110
2025-04-14 20:00:00,SAC Basic,0.3115736295406027,0.0017301738262176514,0.0,0.0,0.0,0.0,0.999963754415512,110
2025-04-14 21:00:00,SAC Basic,0.3114380311234795,0.0018204748630523682,0.0,0.0,0.0,0.0,0.9999626874923706,110
2025-04-14 22:00:00,SAC Basic,0.31127366872946455,0.001691281795501709,0.0,0.0,0.0,0.0,0.9999648824334144,110
2025-04-14 23:00:00,SAC Basic,0.3114711488358183,0.0017440319061279297,0.0,0.0,0.0,0.0,0.9999645918607712,110
2025-04-15 00:00:00,SAC Basic,0.31166873672723794,0.001776367425918579,0.0,0.0,0.0,0.0,0.9999641492962836,110
2025-04-15 01:00:00,SAC Basic,0.3115333936166766,0.0018970668315887451,0.0,0.0,0.0,0.0,0.9999608516693115,110
2025-04-15 02:00:00,SAC Basic,0.3113983440589907,0.0019851326942443848,0.0,0.0,0.0,0.0,0.9999594166874886,110
2025-04-15 03:00:00,SAC Basic,0.3112634335788093,0.002026855945587158,0.0,0.0,0.0,0.0,0.9999590456485749,110
2025-04-15 04:00:00,SAC Basic,0.31412904811620734,0.002184361219406128,0.0,0.0,0.0,0.0,0.9999547377228737,110
2025-04-15 05:00:00,SAC Basic,0.3193343870949747,0.004101693630218506,0.0,0.0,0.0,0.0,0.9998987928032874,110
2025-04-15 06:00:00,SAC Basic,0.32283909144798933,0.0024113059043884277,0.0,0.0,0.0,0.0,-0.28397427479427884,110
2025-04-15 07:00:00,SAC Basic,0.3376026791564625,0.00557631254196167,0.0,0.0,0.0,0.0,-1.760411091963467,110
2025-04-15 08:00:00,SAC Basic,0.33699731165647523,0.005389750003814697,0.0,0.0,0.0,0.0,-1.69984082627298,110
2025-04-15 09:00:00,SAC Basic,0.33610028852462787,0.0028930604457855225,0.0,0.0,0.0,0.0,-1.610111680567282,110
2025-04-15 10:00:00,SAC Basic,0.334973992513021,0.002111196517944336,0.0,0.0,0.0,0.0,-1.4974492938717379,110
2025-04-15 11:00:00,SAC Basic,0.33365066850980135,0.0025027990341186523,0.0,0.0,0.0,0.0,-1.3651208229859786,110
2025-04-15 12:00:00,SAC Basic,0.33251854526360847,0.0023630261421203613,0.0,0.0,0.0,0.0,-1.2519031846126083,110
2025-04-15 13:00:00,SAC Basic,0.33144299828370427,0.0023359060287475586,0.0,0.0,0.0,0.0,-1.1443468176921352,110
2025-04-15 14:00:00,SAC Basic,0.33026033114512776,0.0021998584270477295,0.0,0.0,0.0,0.0,-1.0260784721573333,110
2025-04-15 15:00:00,SAC Basic,0.3297223888317745,0.0021173059940338135,0.0,0.0,0.0,0.0,-0.9722820548216616,110
2025-04-15 16:00:00,SAC Basic,0.3298033120997748,0.0027769804000854492,0.0,0.0,0.0,0.0,-0.9803933463295431,110
2025-04-15 17:00:00,SAC Basic,0.32972202260176353,0.0031131505966186523,0.0,0.0,0.0,0.0,-0.9722678848902502,110
2025-04-15 18:00:00,SAC Basic,0.33011852905829764,0.003951936960220337,0.0,0.0,0.0,0.0,-1.0119403324326037,110
2025-04-15 19:00:00,SAC Basic,0.3302898141479494,0.0023855268955230713,0.0,0.0,0.0,0.0,-1.0290447894334958,110
2025-04-15 20:00:00,SAC Basic,0.3304892865395547,0.002341717481613159,0.0,0.0,0.0,0.0,-1.0489759263992435,110
2025-04-15 21:00:00,SAC Basic,0.3307474983493488,0.002963542938232422,0.0,0.0,0.0,0.0,-1.0748153240482101,110
2025-04-15 22:00:00,SAC Basic,0.3309775367649397,0.0030115246772766113,0.0,0.0,0.0,0.0,-1.0978143868049037,110
2025-04-15 23:00:00,SAC Basic,0.33087399498462683,0.0029374659061431885,0.0,0.0,0.0,0.0,-1.0874589883685164,110
2025-04-16 00:00:00,SAC Basic,0.3307713487641017,0.0032061338424682617,0.0,0.0,0.0,0.0,-1.077201685766381,110
2025-04-16 01:00:00,SAC Basic,0.331305734012127,0.0028155744075775146,0.0,0.0,0.0,0.0,-1.1306336182951982,110
2025-04-16 02:00:00,SAC Basic,0.3312307336846988,0.00299990177154541,0.0,0.0,0.0,0.0,-1.1231352097789498,110
2025-04-16 03:00:00,SAC Basic,0.33115474789381033,0.0027042627334594727,0.0,0.0,0.0,0.0,-1.1155318310260824,110
2025-04-16 04:00:00,SAC Basic,0.33105081421295807,0.0028198957443237305,0.0,0.0,0.0,0.0,-1.105138975540801,110
2025-04-16 05:00:00,SAC Basic,0.33094689692338314,0.0028248131275177,0.0,0.0,0.0,0.0,-1.0947462377746955,110
2025-04-16 06:00:00,SAC Basic,0.3311474208402634,0.002657175064086914,0.0,0.0,0.0,0.0,-1.114796903908254,110
2025-04-16 07:00:00,SAC Basic,0.3311845941519737,0.0046519935131073,0.0,0.0,0.0,0.0,-1.1185724032521227,110
2025-04-16 08:00:00,SAC Basic,0.3305181224195162,0.004058480262756348,0.0,0.0,0.0,0.0,-1.0518993466893805,110
2025-04-16 09:00:00,SAC Basic,0.3294776429915428,0.0023561716079711914,0.0,0.0,0.0,0.0,-0.9478284456729873,110
2025-04-16 10:00:00,SAC Basic,0.32804252246141435,0.002963840961456299,0.0,0.0,0.0,0.0,-0.8043175996541987,110
2025-04-16 11:00:00,SAC Basic,0.3264398785042763,0.003706812858581543,0.0,0.0,0.0,0.0,-0.6440694164037727,110
2025-04-16 12:00:00,SAC Basic,0.32481076783259716,0.004266798496246338,0.0,0.0,0.0,0.0,-0.48116771908601674,110
2025-04-16 13:00:00,SAC Basic,0.3243494387618701,0.0016012787818908691,0.0,0.0,0.0,0.0,-0.43500255695979195,110
2025-04-16 14:00:00,SAC Basic,0.32411680937290194,0.0022111833095550537,0.0,0.0,0.0,0.0,-0.4117312600016608,110
2025-04-16 15:00:00,SAC Basic,0.3238067238322894,0.0024743378162384033,0.0,0.0,0.0,0.0,-0.3807245015303332,110
2025-04-16 16:00:00,SAC Basic,0.3235804154030482,0.002107471227645874,0.0,0.0,0.0,0.0,-0.3580873583952598,110
2025-04-16 17:00:00,SAC Basic,0.32328150015672047,0.0038254261016845703,0.0,0.0,0.0,0.0,-0.3282437037428203,110
2025-04-16 18:00:00,SAC Basic,0.32315058120091755,0.003224313259124756,0.0,0.0,0.0,0.0,-0.3151286174853627,110
2025-04-16 19:00:00,SAC Basic,0.32307476279973985,0.0027544796466827393,0.0,0.0,0.0,0.0,-0.30753606790304194,110
2025-04-16 20:00:00,SAC Basic,0.3229969819156329,0.0021657347679138184,0.0,0.0,0.0,0.0,-0.29974739370743725,110
2025-04-16 21:00:00,SAC Basic,0.3228903262893359,0.002003312110900879,0.0,0.0,0.0,0.0,-0.2890743194023769,110
2025-04-16 22:00:00,SAC Basic,0.3228115589483579,0.001869797706604004,0.0,0.0,0.0,0.0,-0.2811946259339635,110
2025-04-16 23:00:00,SAC Basic,0.32273302307208385,0.001939237117767334,0.0,0.0,0.0,0.0,-0.273341786344851,110
2025-04-17 00:00:00,SAC Basic,0.3226828597688675,0.0019510090351104736,0.0,0.0,0.0,0.0,-0.26832511478662635,110
2025-04-17 01:00:00,SAC Basic,0.3226334281126659,0.0021705031394958496,0.0,0.0,0.0,0.0,-0.26338841627042076,110
2025-04-17 02:00:00,SAC Basic,0.32258444498141614,0.002305060625076294,0.0,0.0,0.0,0.0,-0.25849194492897076,110
2025-04-17 03:00:00,SAC Basic,0.32253545290946967,0.0023023784160614014,0.0,0.0,0.0,0.0,-0.25359136533737736,110
2025-04-17 04:00:00,SAC Basic,0.32248644792318354,0.002298504114151001,0.0,0.0,0.0,0.0,-0.24869080114365535,110
2025-04-17 05:00:00,SAC Basic,0.3224655154999098,0.0022202730178833008,0.0,0.0,0.0,0.0,-0.2465967377623013,110
2025-04-17 06:00:00,SAC Basic,0.32238693541685753,0.0019259750843048096,0.0,0.0,0.0,0.0,-0.23873500416677462,110
2025-04-17 07:00:00,SAC Basic,0.3227784465074541,0.002453327178955078,0.0,0.0,0.0,0.0,-0.27789899080993247,110
2025-04-17 08:00:00,SAC Basic,0.322831126842499,0.002804100513458252,0.0,0.0,0.0,0.0,-0.28317227399351186,110
2025-04-17 09:00:00,SAC Basic,0.3217899182510378,0.002137422561645508,0.0,0.0,0.0,0.0,-0.17904124033453137,110
2025-04-17 10:00:00,SAC Basic,0.32122190226157527,0.003595203161239624,0.0,0.0,0.0,0.0,-0.12227670802674658,110
2025-04-17 11:00:00,SAC Basic,0.31959842075188977,0.005955547094345093,0.0,0.0,0.0,0.0,0.9998572856187821,110
2025-04-17 12:00:00,SAC Basic,0.3177506448403996,0.006667226552963257,0.0,0.0,0.0,0.0,0.9998595386743545,110
2025-04-17 13:00:00,SAC Basic,0.31724069396893206,0.0080147385597229,0.0,0.0,0.0,0.0,0.999826230108738,110
2025-04-17 14:00:00,SAC Basic,0.31561758002122264,0.006065815687179565,0.0,0.0,0.0,0.0,0.999859194457531,110
2025-04-17 15:00:00,SAC Basic,0.3144160641384127,0.0050452351570129395,0.0,0.0,0.0,0.0,0.9998888894915581,110
2025-04-17 16:00:00,SAC Basic,0.3138542434422177,0.0034537911415100098,0.0,0.0,0.0,0.0,0.9999150097370147,110
2025-04-17 17:00:00,SAC Basic,0.31335125145832715,0.002102404832839966,0.0,0.0,0.0,0.0,0.9999444380402566,110
2025-04-17 18:00:00,SAC Basic,0.31318922606309274,0.002392381429672241,0.0,0.0,0.0,0.0,0.9999492526054382,110
2025-04-17 19:00:00,SAC Basic,0.31308264394919094,0.0020253658294677734,0.0,0.0,0.0,0.0,0.9999558225274087,110
2025-04-17 20:00:00,SAC Basic,0.31300345589876194,0.0017435848712921143,0.0,0.0,0.0,0.0,0.9999623104929923,110
2025-04-17 21:00:00,SAC Basic,0.31292462895313916,0.0018519163131713867,0.0,0.0,0.0,0.0,0.9999618783593177,110
2025-04-17 22:00:00,SAC Basic,0.3128739813621841,0.001805722713470459,0.0,0.0,0.0,0.0,0.9999634236097336,110
2025-04-17 23:00:00,SAC Basic,0.31285189707915007,0.0018747150897979736,0.0,0.0,0.0,0.0,0.9999618157744408,110
2025-04-18 00:00:00,SAC Basic,0.31283018532514595,0.001986473798751831,0.0,0.0,0.0,0.0,0.9999591529369354,110
2025-04-18 01:00:00,SAC Basic,0.31347467234134696,0.0018461048603057861,0.0,0.0,0.0,0.0,0.9999616742134094,110
2025-04-18 02:00:00,SAC Basic,0.3134534255035721,0.002125948667526245,0.0,0.0,0.0,0.0,0.9999546825885773,110
2025-04-18 03:00:00,SAC Basic,0.3154357614016535,0.0032007694244384766,0.0,0.0,0.0,0.0,0.9999252364039422,110
2025-04-18 04:00:00,SAC Basic,0.31808164018631,0.0022636353969573975,0.0,0.0,0.0,0.0,0.999945355951786,110
2025-04-18 05:00:00,SAC Basic,0.31809209285418216,0.0031358003616333008,0.0,0.0,0.0,0.0,0.9999285623431207,110
2025-04-18 06:00:00,SAC Basic,0.3180451362808548,0.0029130280017852783,0.0,0.0,0.0,0.0,0.9999395117163659,110
2025-04-18 07:00:00,SAC Basic,0.31777274338007,0.0032821297645568848,0.0,0.0,0.0,0.0,0.9999306663870811,110
2025-04-18 08:00:00,SAC Basic,0.3170727472464246,0.002501159906387329,0.0,0.0,0.0,0.0,0.9999421671032905,110
2025-04-18 09:00:00,SAC Basic,0.31594837348461174,0.0026878714561462402,0.0,0.0,0.0,0.0,0.9999443754553795,110
2025-04-18 10:00:00,SAC Basic,0.3144872218505544,0.0036545097827911377,0.0,0.0,0.0,0.0,0.9999172434210777,110
2025-04-18 11:00:00,SAC Basic,0.3127761982027692,0.00519290566444397,0.0,0.0,0.0,0.0,0.9998807579278947,110
2025-04-18 12:00:00,SAC Basic,0.3109257996869089,0.005880445241928101,0.0,0.0,0.0,0.0,0.9998755156993866,110
2025-04-18 13:00:00,SAC Basic,0.30910840701182707,0.00728219747543335,0.0,0.0,0.0,0.0,0.9998403385281562,110
2025-04-18 14:00:00,SAC Basic,0.3074962906177841,0.009365081787109375,0.0,0.0,0.0,0.0,0.9997918695211411,110
2025-04-18 15:00:00,SAC Basic,0.3061825090527537,0.013865530490875244,0.0,0.0,0.0,0.0,0.9996776849031448,110
2025-04-18 16:00:00,SAC Basic,0.3052365064978602,0.013699233531951904,0.0,0.0,0.0,0.0,0.9997243523597718,110
2025-04-18 17:00:00,SAC Basic,0.3046910859068237,0.0063738226890563965,0.0,0.0,0.0,0.0,0.99979926943779,110
2025-04-18 18:00:00,SAC Basic,0.30447324420452143,0.002647489309310913,0.0,0.0,0.0,0.0,0.9999097868800163,110
2025-04-18 19:00:00,SAC Basic,0.3043384509468081,0.0020620226860046387,0.0,0.0,0.0,0.0,0.9999529048800468,110
2025-04-18 20:00:00,SAC Basic,0.304261949079037,0.0025494396686553955,0.0,0.0,0.0,0.0,0.9999441370368004,110
2025-04-18 21:00:00,SAC Basic,0.30418425611178107,0.0021921098232269287,0.0,0.0,0.0,0.0,0.9999525845050812,110
2025-04-18 22:00:00,SAC Basic,0.30413698810418477,0.0028195977210998535,0.0,0.0,0.0,0.0,0.9999373331665993,110
2025-04-18 23:00:00,SAC Basic,0.3040899157985055,0.0028783082962036133,0.0,0.0,0.0,0.0,0.9999418467283249,110
2025-04-19 00:00:00,SAC Basic,0.3040409848213199,0.002320706844329834,0.0,0.0,0.0,0.0,0.9999480098485947,110
2025-04-19 01:00:00,SAC Basic,0.3039629605515801,0.002092719078063965,0.0,0.0,0.0,0.0,0.9999558657407761,110
2025-04-19 02:00:00,SAC Basic,0.30388509075721143,0.002139061689376831,0.0,0.0,0.0,0.0,0.9999567553400993,110
2025-04-19 03:00:00,SAC Basic,0.3038072209628427,0.002139061689376831,0.0,0.0,0.0,0.0,0.9999572187662125,110
2025-04-19 04:00:00,SAC Basic,0.3037291082795465,0.002066195011138916,0.0,0.0,0.0,0.0,0.9999579474329948,110
2025-04-19 05:00:00,SAC Basic,0.30367884116490723,0.001919865608215332,0.0,0.0,0.0,0.0,0.9999601393938065,110
2025-04-19 06:00:00,SAC Basic,0.30359955576022507,0.0017143785953521729,0.0,0.0,0.0,0.0,0.9999636575579643,110
2025-04-19 07:00:00,SAC Basic,0.30329722715457325,0.0028014183044433594,0.0,0.0,0.0,0.0,0.9999331012368202,110
2025-04-19 08:00:00,SAC Basic,0.302547772542636,0.004663616418838501,0.0,0.0,0.0,0.0,0.9998881056904793,110
2025-04-19 09:00:00,SAC Basic,0.30139207749923114,0.010291486978530884,0.0,0.0,0.0,0.0,0.9997378915548325,110
2025-04-19 10:00:00,SAC Basic,0.29986611445506456,0.009711086750030518,0.0,0.0,0.0,0.0,0.9997999742627144,110
2025-04-19 11:00:00,SAC Basic,0.29811297015746474,0.009556710720062256,0.0,0.0,0.0,0.0,0.9998073220252991,110
2025-04-19 12:00:00,SAC Basic,0.2962395610030496,0.007477253675460815,0.0,0.0,0.0,0.0,0.9998296603560448,110
2025-04-19 13:00:00,SAC Basic,0.29442492553949395,0.008109360933303833,0.0,0.0,0.0,0.0,0.9998314917087554,110
2025-04-19 14:00:00,SAC Basic,0.2927839622187619,0.00921100378036499,0.0,0.0,0.0,0.0,0.9998047634959222,110
2025-04-19 15:00:00,SAC Basic,0.2914547060290977,0.017723143100738525,0.0,0.0,0.0,0.0,0.9995604157447815,110
2025-04-19 16:00:00,SAC Basic,0.2904879518516863,0.01597374677658081,0.0,0.0,0.0,0.0,0.9996630311012268,110
2025-04-19 17:00:00,SAC Basic,0.28991959711472237,0.007993578910827637,0.0,0.0,0.0,0.0,0.999760326743126,110
2025-04-19 18:00:00,SAC Basic,0.28969026486158417,0.007700324058532715,0.0,0.0,0.0,0.0,0.9998430609703064,110
2025-04-19 19:00:00,SAC Basic,0.2895397779321675,0.005853921175003052,0.0,0.0,0.0,0.0,0.9998644575476646,110
2025-04-19 20:00:00,SAC Basic,0.2893915758474672,0.006539374589920044,0.0,0.0,0.0,0.0,0.9998623579740524,110
2025-04-19 21:00:00,SAC Basic,0.2892395570786798,0.00539436936378479,0.0,0.0,0.0,0.0,0.9998806625604629,110
2025-04-19 22:00:00,SAC Basic,0.2890924666206046,0.0068728625774383545,0.0,0.0,0.0,0.0,0.9998477578163146,110
2025-04-19 23:00:00,SAC Basic,0.28896626586914104,0.004639774560928345,0.0,0.0,0.0,0.0,0.9998848736286163,110
2025-04-20 00:00:00,SAC Basic,0.28887007234811823,0.005141943693161011,0.0,0.0,0.0,0.0,0.9998921394348145,110
2025-04-20 01:00:00,SAC Basic,0.28880212623039925,0.005116164684295654,0.0,0.0,0.0,0.0,0.9998974189162255,110
2025-04-20 02:00:00,SAC Basic,0.28876198395808583,0.004957318305969238,0.0,0.0,0.0,0.0,0.9998992651700973,110
2025-04-20 03:00:00,SAC Basic,0.28869271809419045,0.004720240831375122,0.0,0.0,0.0,0.0,0.9999032244086266,110
2025-04-20 04:00:00,SAC Basic,0.28862349445025176,0.004732906818389893,0.0,0.0,0.0,0.0,0.9999052152037621,110
2025-04-20 05:00:00,SAC Basic,0.2885223810625081,0.0036659836769104004,0.0,0.0,0.0,0.0,0.999916011095047,110
2025-04-20 06:00:00,SAC Basic,0.2883936039002741,0.003866851329803467,0.0,0.0,0.0,0.0,0.999920654296875,110
2025-04-20 07:00:00,SAC Basic,0.2880734726119046,0.005960613489151001,0.0,0.0,0.0,0.0,0.9998598501086234,110
2025-04-20 08:00:00,SAC Basic,0.2884253866600994,0.018074214458465576,0.0,0.0,0.0,0.0,0.9995173797011376,110
2025-04-20 09:00:00,SAC Basic,0.2873733319759373,0.015883594751358032,0.0,0.0,0.0,0.0,0.9996604219079017,110
2025-04-20 10:00:00,SAC Basic,0.28599358614762665,0.01957625150680542,0.0,0.0,0.0,0.0,0.9995715484023094,110
2025-04-20 11:00:00,SAC Basic,0.28434731576124866,0.016118884086608887,0.0,0.0,0.0,0.0,0.9996430486440658,110
2025-04-20 12:00:00,SAC Basic,0.28254966613133786,0.013205111026763916,0.0,0.0,0.0,0.0,0.9997067600488663,110
2025-04-20 13:00:00,SAC Basic,0.2807470797467236,0.011724084615707397,0.0,0.0,0.0,0.0,0.9997507080435754,110
2025-04-20 14:00:00,SAC Basic,0.2791604741406445,0.01701831817626953,0.0,0.0,0.0,0.0,0.999606691300869,110
2025-04-20 15:00:00,SAC Basic,0.2778826793766026,0.02466157078742981,0.0,0.0,0.0,0.0,0.9994303360581398,110
2025-04-20 16:00:00,SAC Basic,0.2770085950581237,0.026774704456329346,0.0,0.0,0.0,0.0,0.9994433745741844,110
2025-04-20 17:00:00,SAC Basic,0.2764750474468871,0.01843571662902832,0.0,0.0,0.0,0.0,0.9995478957891464,110
2025-04-20 18:00:00,SAC Basic,0.27628549781719886,0.019635111093521118,0.0,0.0,0.0,0.0,0.9995953038334847,110
2025-04-20 19:00:00,SAC Basic,0.2762178387610122,0.022202283143997192,0.0,0.0,0.0,0.0,0.9995302826166154,110
2025-04-20 20:00:00,SAC Basic,0.2760927674833938,0.02197861671447754,0.0,0.0,0.0,0.0,0.9995581910014152,110
2025-04-20 21:00:00,SAC Basic,0.275957510765394,0.01892298460006714,0.0,0.0,0.0,0.0,0.9995909839868545,110
2025-04-20 22:00:00,SAC Basic,0.27581005446672485,0.015263110399246216,0.0,0.0,0.0,0.0,0.9996581390500069,110
2025-04-20 23:00:00,SAC Basic,0.2756935133759185,0.016037672758102417,0.0,0.0,0.0,0.0,0.9996715009212495,110
2025-04-21 00:00:00,SAC Basic,0.2755773204755787,0.01614212989807129,0.0,0.0,0.0,0.0,0.9996761128306388,110
2025-04-21 01:00:00,SAC Basic,0.27545644761721333,0.014738142490386963,0.0,0.0,0.0,0.0,0.9996911972761153,110
2025-04-21 02:00:00,SAC Basic,0.27532674482742986,0.012089163064956665,0.0,0.0,0.0,0.0,0.9997317269444466,110
2025-04-21 03:00:00,SAC Basic,0.2752151278424267,0.009014904499053955,0.0,0.0,0.0,0.0,0.9997889593243598,110
2025-04-21 04:00:00,SAC Basic,0.27509298567056695,0.005857348442077637,0.0,0.0,0.0,0.0,0.9998512774705887,110
2025-04-21 05:00:00,SAC Basic,0.2749846509146694,0.009999573230743408,0.0,0.0,0.0,0.0,0.9997585862874985,110
2025-04-21 06:00:00,SAC Basic,0.2748466799672448,0.009608715772628784,0.0,0.0,0.0,0.0,0.9998039171099663,110
2025-04-21 07:00:00,SAC Basic,0.27451726548671757,0.011675655841827393,0.0,0.0,0.0,0.0,0.9997458174824715,110
2025-04-21 08:00:00,SAC Basic,0.2738439205423994,0.027496516704559326,0.0,0.0,0.0,0.0,0.9992918610572814,110
2025-04-21 09:00:00,SAC Basic,0.27321759980201754,0.04360377788543701,0.0,0.0,0.0,0.0,0.9989668518304825,110
2025-04-21 10:00:00,SAC Basic,0.27746857889254917,0.023793727159500122,0.0,0.0,0.0,0.0,0.9993260249495507,110
2025-04-21 11:00:00,SAC Basic,0.2769513398687048,0.010328292846679688,0.0,0.0,0.0,0.0,0.9996587797999382,110
2025-04-21 12:00:00,SAC Basic,0.2754654463124278,0.013231933116912842,0.0,0.0,0.0,0.0,0.9997063249349594,110
2025-04-21 13:00:00,SAC Basic,0.27404314548254044,0.015309751033782959,0.0,0.0,0.0,0.0,0.9996730268001557,110
2025-04-21 14:00:00,SAC Basic,0.2726857645757996,0.017785727977752686,0.0,0.0,0.0,0.0,0.9996195256710052,110
2025-04-21 15:00:00,SAC Basic,0.27155165061871245,0.025265812873840332,0.0,0.0,0.0,0.0,0.9994198828935623,110
2025-04-21 16:00:00,SAC Basic,0.2709055322798097,0.0611644983291626,0.0,0.0,0.0,0.0,0.9984177231788635,110
2025-04-21 17:00:00,SAC Basic,0.2705017348424597,0.03186076879501343,0.0,0.0,0.0,0.0,0.9990697473287583,110
2025-04-21 18:00:00,SAC Basic,0.2702887670445446,0.012609660625457764,0.0,0.0,0.0,0.0,0.9995552957057953,110
2025-04-21 19:00:00,SAC Basic,0.2701774605003996,0.009108036756515503,0.0,0.0,0.0,0.0,0.9997828230261803,110
2025-04-21 20:00:00,SAC Basic,0.27012924371719393,0.03653496503829956,0.0,0.0,0.0,0.0,0.9989950314164162,110
2025-04-21 21:00:00,SAC Basic,0.2700692373665177,0.0414980947971344,0.0,0.0,0.0,0.0,0.999120406806469,110
2025-04-21 22:00:00,SAC Basic,0.27002693386077914,0.038308948278427124,0.0,0.0,0.0,0.0,0.9992019295692444,110
2025-04-21 23:00:00,SAC Basic,0.2699485389804843,0.03598153591156006,0.0,0.0,0.0,0.0,0.9992570951581001,110
2025-04-22 00:00:00,SAC Basic,0.2698850773159666,0.03196150064468384,0.0,0.0,0.0,0.0,0.9993205696344376,110
2025-04-22 01:00:00,SAC Basic,0.2698187645626071,0.031106173992156982,0.0,0.0,0.0,0.0,0.9993693232536316,110
2025-04-22 02:00:00,SAC Basic,0.27005599030494715,0.005167722702026367,0.0,0.0,0.0,0.0,0.9996372610330582,110
2025-04-22 03:00:00,SAC Basic,0.27632269279638955,0.00551074743270874,0.0,0.0,0.0,0.0,0.999886354804039,110
2025-04-22 04:00:00,SAC Basic,0.2789195015263561,0.004542618989944458,0.0,0.0,0.0,0.0,0.9998994663357734,110
2025-04-22 05:00:00,SAC Basic,0.280513141276042,0.0035919249057769775,0.0,0.0,0.0,0.0,0.9999186545610428,110
2025-04-22 06:00:00,SAC Basic,0.28104805551528966,0.002974271774291992,0.0,0.0,0.0,0.0,0.9999343380331993,110
2025-04-22 07:00:00,SAC Basic,0.28114186618804965,0.00464320182800293,0.0,0.0,0.0,0.0,0.9998904466629028,110
2025-04-22 08:00:00,SAC Basic,0.28055034060796136,0.018042325973510742,0.0,0.0,0.0,0.0,0.9995051622390747,110
2025-04-22 09:00:00,SAC Basic,0.27958886389096615,0.03455698490142822,0.0,0.0,0.0,0.0,0.9991437137126923,110
2025-04-22 10:00:00,SAC Basic,0.2781689800294244,0.016034841537475586,0.0,0.0,0.0,0.0,0.9994940817356109,110
2025-04-22 11:00:00,SAC Basic,0.2767226095851266,0.016588866710662842,0.0,0.0,0.0,0.0,0.9996626824140549,110
2025-04-22 12:00:00,SAC Basic,0.27500864865303076,0.012811720371246338,0.0,0.0,0.0,0.0,0.9997059941291809,110
2025-04-22 13:00:00,SAC Basic,0.2733261204957966,0.013741552829742432,0.0,0.0,0.0,0.0,0.9997158706188202,110
2025-04-22 14:00:00,SAC Basic,0.2716784444332126,0.015697181224822998,0.0,0.0,0.0,0.0,0.9996665000915528,110
2025-04-22 15:00:00,SAC Basic,0.27041055645783774,0.027633607387542725,0.0,0.0,0.0,0.0,0.9993279635906219,110
2025-04-22 16:00:00,SAC Basic,0.2695248266164465,0.03178104758262634,0.0,0.0,0.0,0.0,0.9993229046463967,110
2025-04-22 17:00:00,SAC Basic,0.26912190563281413,0.02362370491027832,0.0,0.0,0.0,0.0,0.999445952475071,110
2025-04-22 18:00:00,SAC Basic,0.26909280333121655,0.033769309520721436,0.0,0.0,0.0,0.0,0.9992231577634811,110
2025-04-22 19:00:00,SAC Basic,0.2691997715481126,0.04059046506881714,0.0,0.0,0.0,0.0,0.9991199791431427,110
2025-04-22 20:00:00,SAC Basic,0.2693546959408128,0.046477317810058594,0.0,0.0,0.0,0.0,0.9990115851163864,110
2025-04-22 21:00:00,SAC Basic,0.2694769472853346,0.045175403356552124,0.0,0.0,0.0,0.0,0.9990834727883339,110
2025-04-22 22:00:00,SAC Basic,0.2695379483660066,0.04380032420158386,0.0,0.0,0.0,0.0,0.9991102427244187,110
2025-04-22 23:00:00,SAC Basic,0.2696082889978095,0.04660218954086304,0.0,0.0,0.0,0.0,0.99903993755579,110
2025-04-23 00:00:00,SAC Basic,0.2696263302620256,0.03941237926483154,0.0,0.0,0.0,0.0,0.9991398543119431,110
2025-04-23 01:00:00,SAC Basic,0.26992678659836483,0.024136900901794434,0.0,0.0,0.0,0.0,0.9993645071983337,110
2025-04-23 02:00:00,SAC Basic,0.27022077261924776,0.01369580626487732,0.0,0.0,0.0,0.0,0.9996216729283333,110
2025-04-23 03:00:00,SAC Basic,0.2701485178136829,0.012323558330535889,0.0,0.0,0.0,0.0,0.9997398063540459,110
2025-04-23 04:00:00,SAC Basic,0.2700729812757177,0.011339038610458374,0.0,0.0,0.0,0.0,0.99976337403059,110
2025-04-23 05:00:00,SAC Basic,0.26996831766923296,0.011100918054580688,0.0,0.0,0.0,0.0,0.9997756004333497,110
2025-04-23 06:00:00,SAC Basic,0.2698403871242208,0.01262083649635315,0.0,0.0,0.0,0.0,0.9997323840856552,110
2025-04-23 07:00:00,SAC Basic,0.2695298156587286,0.01732856035232544,0.0,0.0,0.0,0.0,0.9996063515543938,110
2025-04-23 08:00:00,SAC Basic,0.26889673640092243,0.03107622265815735,0.0,0.0,0.0,0.0,0.9992409989237786,110
2025-04-23 09:00:00,SAC Basic,0.26792764118274076,0.04927143454551697,0.0,0.0,0.0,0.0,0.998832619190216,110
2025-04-23 10:00:00,SAC Basic,0.26652493859132154,0.02968922257423401,0.0,0.0,0.0,0.0,0.9992103934288025,110
2025-04-23 11:00:00,SAC Basic,0.26496108556826936,0.023844093084335327,0.0,0.0,0.0,0.0,0.9994646668434143,110
2025-04-23 12:00:00,SAC Basic,0.2635464786704384,0.03461793065071106,0.0,0.0,0.0,0.0,0.999199903011322,110
2025-04-23 13:00:00,SAC Basic,0.2620033223668737,0.03005310893058777,0.0,0.0,0.0,0.0,0.999353289604187,110
2025-04-23 14:00:00,SAC Basic,0.26080208652337417,0.056129246950149536,0.0,0.0,0.0,0.0,0.9986166536808014,110
2025-04-23 15:00:00,SAC Basic,0.25984115783532485,0.07722139358520508,0.0,0.0,0.0,0.0,0.9982446506619453,110
2025-04-23 16:00:00,SAC Basic,0.25909718048810987,0.082806795835495,0.0,0.0,0.0,0.0,0.9982880100607873,110
2025-04-23 17:00:00,SAC Basic,0.25869148384650575,0.05679100751876831,0.0,0.0,0.0,0.0,0.9986040219664574,110
2025-04-23 18:00:00,SAC Basic,0.25879547023852695,0.09069591760635376,0.0,0.0,0.0,0.0,0.997847032546997,110
2025-04-23 19:00:00,SAC Basic,0.2590091481200857,0.08960336446762085,0.0,0.0,0.0,0.0,0.9981970071792602,110
2025-04-23 20:00:00,SAC Basic,0.2592555648461981,0.09942501783370972,0.0,0.0,0.0,0.0,0.9979132831096649,110
2025-04-23 21:00:00,SAC Basic,0.25949462635914516,0.09721845388412476,0.0,0.0,0.0,0.0,0.9980335652828217,110
2025-04-23 22:00:00,SAC Basic,0.2597463881317778,0.10102853178977966,0.0,0.0,0.0,0.0,0.9979413285851478,110
2025-04-23 23:00:00,SAC Basic,0.2599739891616507,0.09378030896186829,0.0,0.0,0.0,0.0,0.9980519115924835,110
2025-04-24 00:00:00,SAC Basic,0.260129076902072,0.08052632212638855,0.0,0.0,0.0,0.0,0.9982569336891174,110
2025-04-24 01:00:00,SAC Basic,0.2602711291066809,0.07661566138267517,0.0,0.0,0.0,0.0,0.9984285801649094,110
2025-04-24 02:00:00,SAC Basic,0.260345932370822,0.05644097924232483,0.0,0.0,0.0,0.0,0.99866943359375,110
2025-04-24 03:00:00,SAC Basic,0.2604270952192946,0.049848854541778564,0.0,0.0,0.0,0.0,0.998937101662159,110
2025-04-24 04:00:00,SAC Basic,0.26050535432815586,0.04897773265838623,0.0,0.0,0.0,0.0,0.9990117341279984,110
2025-04-24 05:00:00,SAC Basic,0.26055402443250053,0.04860103130340576,0.0,0.0,0.0,0.0,0.9990242123603821,110
2025-04-24 06:00:00,SAC Basic,0.26056161673704814,0.04477769136428833,0.0,0.0,0.0,0.0,0.9990662127733231,110
2025-04-24 07:00:00,SAC Basic,0.26037356857935623,0.05408555269241333,0.0,0.0,0.0,0.0,0.9988252103328705,110
2025-04-24 08:00:00,SAC Basic,0.2597953071824713,0.06452158093452454,0.0,0.0,0.0,0.0,0.9986052080988884,110
2025-04-24 09:00:00,SAC Basic,0.2588351593152685,0.07745563983917236,0.0,0.0,0.0,0.0,0.99832154661417,110
2025-04-24 10:00:00,SAC Basic,0.2574577566432956,0.04577919840812683,0.0,0.0,0.0,0.0,0.998767651617527,110
2025-04-24 11:00:00,SAC Basic,0.2558127741797768,0.033505260944366455,0.0,0.0,0.0,0.0,0.9992071554064751,110
2025-04-24 12:00:00,SAC Basic,0.2540412713519735,0.02954915165901184,0.0,0.0,0.0,0.0,0.9993694558739662,110
2025-04-24 13:00:00,SAC Basic,0.2523231656106316,0.03706827759742737,0.0,0.0,0.0,0.0,0.9991834431886673,110
2025-04-24 14:00:00,SAC Basic,0.2508253706598285,0.05216151475906372,0.0,0.0,0.0,0.0,0.9988058373332024,110
2025-04-24 15:00:00,SAC Basic,0.24979371426979735,0.09850308299064636,0.0,0.0,0.0,0.0,0.9975665226578713,110
2025-04-24 16:00:00,SAC Basic,0.24938512606700294,0.17492353916168213,0.0,0.0,0.0,0.0,0.995737324655056,110
2025-04-24 17:00:00,SAC Basic,0.24924042376041447,0.13508930802345276,0.0,0.0,0.0,0.0,0.9968998715281487,110
2025-04-24 18:00:00,SAC Basic,0.24960914689699842,0.1786169409751892,0.0,0.0,0.0,0.0,0.9959923848509789,110
2025-04-24 19:00:00,SAC Basic,0.25000960954109863,0.17113879323005676,0.0,0.0,0.0,0.0,0.9965024426579475,110
2025-04-24 20:00:00,SAC Basic,0.25059727103710205,0.21029844880104065,0.0,0.0,0.0,0.0,0.9954024344682694,110
2025-04-24 21:00:00,SAC Basic,0.2511046624612811,0.18621742725372314,0.0,0.0,0.0,0.0,0.9960348412394524,110
2025-04-24 22:00:00,SAC Basic,0.2514834814341866,0.15614569187164307,0.0,0.0,0.0,0.0,0.9965763688087463,110
2025-04-24 23:00:00,SAC Basic,0.25171643072207794,0.10388478636741638,0.0,0.0,0.0,0.0,0.9973996952176094,110
2025-04-25 00:00:00,SAC Basic,0.25184584551731776,0.06432443857192993,0.0,0.0,0.0,0.0,0.9983179077506066,110
2025-04-25 01:00:00,SAC Basic,0.25188412653207803,0.045484304428100586,0.0,0.0,0.0,0.0,0.9989019125699997,110
2025-04-25 02:00:00,SAC Basic,0.25187819381475474,0.03222018480300903,0.0,0.0,0.0,0.0,0.9992229551076889,110
2025-04-25 03:00:00,SAC Basic,0.25189518580595677,0.030597597360610962,0.0,0.0,0.0,0.0,0.9993718221783638,110
2025-04-25 04:00:00,SAC Basic,0.2519046959241234,0.02835303544998169,0.0,0.0,0.0,0.0,0.9994104936718942,110
2025-04-25 05:00:00,SAC Basic,0.25190062164704036,0.024277716875076294,0.0,0.0,0.0,0.0,0.9994736924767494,110
2025-04-25 06:00:00,SAC Basic,0.25186767411788336,0.02411574125289917,0.0,0.0,0.0,0.0,0.9995160654187202,110
2025-04-25 07:00:00,SAC Basic,0.25168542228062973,0.04732444882392883,0.0,0.0,0.0,0.0,0.9988214239478111,110
2025-04-25 08:00:00,SAC Basic,0.25251915620962806,0.4711201786994934,0.0,0.0,0.0,0.0,0.9863396391272545,110
2025-04-25 09:00:00,SAC Basic,0.25271436322132773,0.39856210350990295,0.0,0.0,0.0,0.0,0.9913031771779061,110
2025-04-25 10:00:00,SAC Basic,0.25153876651287105,0.08932098746299744,0.0,0.0,0.0,0.0,0.9951211690902709,110
2025-04-25 11:00:00,SAC Basic,0.24988947337468492,0.040712058544158936,0.0,0.0,0.0,0.0,0.9986996695399285,110
2025-04-25 12:00:00,SAC Basic,0.24811753864447303,0.037919580936431885,0.0,0.0,0.0,0.0,0.9992136836051941,110
2025-04-25 13:00:00,SAC Basic,0.24638999573230766,0.04273712635040283,0.0,0.0,0.0,0.0,0.9990970820188523,110
2025-04-25 14:00:00,SAC Basic,0.24494511503616992,0.07653579115867615,0.0,0.0,0.0,0.0,0.9981312975287437,110
2025-04-25 15:00:00,SAC Basic,0.24437113910277708,0.24430721998214722,0.0,0.0,0.0,0.0,0.9934361413121223,110
2025-04-25 16:00:00,SAC Basic,0.24524751776615802,0.5604135990142822,0.0,0.0,0.0,0.0,0.985630664229393,110
2025-04-25 17:00:00,SAC Basic,0.24565703388532023,0.2843548357486725,0.0,0.0,0.0,0.0,0.9915523156523705,110
2025-04-25 18:00:00,SAC Basic,0.24626587734778743,0.23365303874015808,0.0,0.0,0.0,0.0,0.9948199212551118,110
2025-04-25 19:00:00,SAC Basic,0.24702085802237211,0.260494202375412,0.0,0.0,0.0,0.0,0.9945217043161393,110
2025-04-25 20:00:00,SAC Basic,0.24779133070627868,0.25664180517196655,0.0,0.0,0.0,0.0,0.9948286399245263,110
2025-04-25 21:00:00,SAC Basic,0.248453397673766,0.23262009024620056,0.0,0.0,0.0,0.0,0.9951073810458183,110
2025-04-25 22:00:00,SAC Basic,0.24908191666364687,0.22255569696426392,0.0,0.0,0.0,0.0,0.9954482421278953,110
2025-04-25 23:00:00,SAC Basic,0.2496320277301472,0.19903331995010376,0.0,0.0,0.0,0.0,0.9957841098308563,110
2025-04-26 00:00:00,SAC Basic,0.2500093071818353,0.1471838355064392,0.0,0.0,0.0,0.0,0.9965378284454346,110
2025-04-26 01:00:00,SAC Basic,0.2503137348564467,0.12532830238342285,0.0,0.0,0.0,0.0,0.9972748786211014,110
2025-04-26 02:00:00,SAC Basic,0.25046248264948534,0.07862433791160583,0.0,0.0,0.0,0.0,0.9979604735970498,110
2025-04-26 03:00:00,SAC Basic,0.2505760425750415,0.07656797766685486,0.0,0.0,0.0,0.0,0.9984480768442154,110
2025-04-26 04:00:00,SAC Basic,0.2506193067693711,0.0554792582988739,0.0,0.0,0.0,0.0,0.9986795276403427,110
2025-04-26 05:00:00,SAC Basic,0.2506600829664867,0.05473285913467407,0.0,0.0,0.0,0.0,0.9988978788256645,110
2025-04-26 06:00:00,SAC Basic,0.2506263312371572,0.040874481201171875,0.0,0.0,0.0,0.0,0.9990439265966415,110
2025-04-26 07:00:00,SAC Basic,0.2504660153651238,0.07090523838996887,0.0,0.0,0.0,0.0,0.9982815876603127,110
2025-04-26 08:00:00,SAC Basic,0.25008772678931557,0.13301342725753784,0.0,0.0,0.0,0.0,0.9967186495661735,110
2025-04-26 09:00:00,SAC Basic,0.24929677465359376,0.12821435928344727,0.0,0.0,0.0,0.0,0.9973877221345901,110
2025-04-26 10:00:00,SAC Basic,0.24800851493279144,0.08102208375930786,0.0,0.0,0.0,0.0,0.9979076355695724,110
2025-04-26 11:00:00,SAC Basic,0.246409157075882,0.0556926429271698,0.0,0.0,0.0,0.0,0.9986328527331353,110
2025-04-26 12:00:00,SAC Basic,0.24467129285732908,0.04814073443412781,0.0,0.0,0.0,0.0,0.998961666226387,110
2025-04-26 13:00:00,SAC Basic,0.24295369123776756,0.05421951413154602,0.0,0.0,0.0,0.0,0.9988548219203949,110
2025-04-26 14:00:00,SAC Basic,0.24150018151044847,0.08244708180427551,0.0,0.0,0.0,0.0,0.9980687826871871,110
2025-04-26 15:00:00,SAC Basic,0.2406541615343094,0.16269400715827942,0.0,0.0,0.0,0.0,0.9959436506032944,110
2025-04-26 16:00:00,SAC Basic,0.24076693714618685,0.3313326835632324,0.0,0.0,0.0,0.0,0.9916869595646858,110
2025-04-26 17:00:00,SAC Basic,0.2409922870651881,0.23760497570037842,0.0,0.0,0.0,0.0,0.9943106234073639,110
2025-04-26 18:00:00,SAC Basic,0.24161161296367648,0.2537977695465088,0.0,0.0,0.0,0.0,0.9947621166706085,110
2025-04-26 19:00:00,SAC Basic,0.24263172038316724,0.24003222584724426,0.0,0.0,0.0,0.0,0.9950617000460625,110
2025-04-26 20:00:00,SAC Basic,0.24380390476226801,0.38565531373023987,0.0,0.0,0.0,0.0,0.9908306628465653,110
2025-04-26 21:00:00,SAC Basic,0.2448167897677421,0.3378655016422272,0.0,0.0,0.0,0.0,0.9927647918462753,110
2025-04-26 22:00:00,SAC Basic,0.24582858102798455,0.33753737807273865,0.0,0.0,0.0,0.0,0.9932459712028503,110
2025-04-26 23:00:00,SAC Basic,0.24669297546545654,0.29331833124160767,0.0,0.0,0.0,0.0,0.9936914429068565,110
2025-04-27 00:00:00,SAC Basic,0.24754853228966386,0.2821670472621918,0.0,0.0,0.0,0.0,0.994245146214962,110
2025-04-27 01:00:00,SAC Basic,0.24833371914227798,0.25255605578422546,0.0,0.0,0.0,0.0,0.9946527689695358,110
2025-04-27 02:00:00,SAC Basic,0.24887075993776317,0.1781122386455536,0.0,0.0,0.0,0.0,0.9956933170557022,110
2025-04-27 03:00:00,SAC Basic,0.2492024667056401,0.11651203036308289,0.0,0.0,0.0,0.0,0.9970537573099136,110
2025-04-27 04:00:00,SAC Basic,0.24949887335062026,0.11442199349403381,0.0,0.0,0.0,0.0,0.9976906597614288,110
2025-04-27 05:00:00,SAC Basic,0.2497606290666262,0.11252671480178833,0.0,0.0,0.0,0.0,0.9977305129170418,110
2025-04-27 06:00:00,SAC Basic,0.24970826380014416,0.035290420055389404,0.0,0.0,0.0,0.0,0.9985218286514282,110
2025-04-27 07:00:00,SAC Basic,0.2497461314193407,0.11336028575897217,0.0,0.0,0.0,0.0,0.9969520956277848,110
2025-04-27 08:00:00,SAC Basic,0.2518256574591,0.8448578119277954,0.0,0.0,0.0,0.0,0.9757878684997559,110
2025-04-27 09:00:00,SAC Basic,0.2514329594866434,0.23919060826301575,0.0,0.0,0.0,0.0,0.9891595157980918,110
2025-04-27 10:00:00,SAC Basic,0.25016855904261265,0.07117986679077148,0.0,0.0,0.0,0.0,0.9968962952494621,110
2025-04-27 11:00:00,SAC Basic,0.24859452773014695,0.04629060626029968,0.0,0.0,0.0,0.0,0.9988252952694893,110
2025-04-27 12:00:00,SAC Basic,0.2469552481722831,0.04371613264083862,0.0,0.0,0.0,0.0,0.9990999326109886,110
2025-04-27 13:00:00,SAC Basic,0.24539896884441367,0.060116201639175415,0.0,0.0,0.0,0.0,0.9986336752772331,110
2025-04-27 14:00:00,SAC Basic,0.24419368895451218,0.11441603302955627,0.0,0.0,0.0,0.0,0.997168681025505,110
2025-04-27 15:00:00,SAC Basic,0.2436066246032714,0.23188069462776184,0.0,0.0,0.0,0.0,0.9941877394914627,110
2025-04-27 16:00:00,SAC Basic,0.2439003624002138,0.3856213390827179,0.0,0.0,0.0,0.0,0.990750166773796,110
2025-04-27 17:00:00,SAC Basic,0.2441079727180798,0.24078309535980225,0.0,0.0,0.0,0.0,0.9937359556555748,110
2025-04-27 18:00:00,SAC Basic,0.2444630001632372,0.1915082335472107,0.0,0.0,0.0,0.0,0.9956770867109299,110
2025-04-27 19:00:00,SAC Basic,0.244861311310927,0.1789933443069458,0.0,0.0,0.0,0.0,0.9962949842214585,110
2025-04-27 20:00:00,SAC Basic,0.24568716531674062,0.3157562017440796,0.0,0.0,0.0,0.0,0.9923172473907471,110
2025-04-27 21:00:00,SAC Basic,0.2464128035497665,0.2856914699077606,0.0,0.0,0.0,0.0,0.9939855232834816,110
2025-04-27 22:00:00,SAC Basic,0.24700401642084116,0.24536386132240295,0.0,0.0,0.0,0.0,0.9946894466876984,110
2025-04-27 23:00:00,SAC Basic,0.2475481274835268,0.22273331880569458,0.0,0.0,0.0,0.0,0.995319028198719,110
2025-04-28 00:00:00,SAC Basic,0.24813058072408037,0.2342359721660614,0.0,0.0,0.0,0.0,0.9952002540230751,110
2025-04-28 01:00:00,SAC Basic,0.24861553169329956,0.20498529076576233,0.0,0.0,0.0,0.0,0.9956077873706818,110
2025-04-28 02:00:00,SAC Basic,0.25047701595226923,0.21794527769088745,0.0,0.0,0.0,0.0,0.995511494576931,110
2025-04-28 03:00:00,SAC Basic,0.2529454574282964,0.20003244280815125,0.0,0.0,0.0,0.0,0.9958202227950096,110
2025-04-28 04:00:00,SAC Basic,0.2532232526858647,0.1513385772705078,0.0,0.0,0.0,0.0,0.9964862897992134,110
2025-04-28 05:00:00,SAC Basic,0.25322562534491216,0.0517117977142334,0.0,0.0,0.0,0.0,0.9979694962501526,110
2025-04-28 06:00:00,SAC Basic,0.2531641435480117,0.032555460929870605,0.0,0.0,0.0,0.0,0.9991573274135589,110
2025-04-28 07:00:00,SAC Basic,0.253286864888668,0.047316402196884155,0.0,0.0,0.0,0.0,0.9989060625433922,110
2025-04-28 08:00:00,SAC Basic,0.25323391462405515,0.2221149206161499,0.0,0.0,0.0,0.0,0.9938097164034844,110
2025-04-28 09:00:00,SAC Basic,0.252780574423472,0.20399793982505798,0.0,0.0,0.0,0.0,0.9957388713955879,110
2025-04-28 10:00:00,SAC Basic,0.25159412619272864,0.08606553077697754,0.0,0.0,0.0,0.0,0.9970993652939796,110
2025-04-28 11:00:00,SAC Basic,0.25002378589789065,0.0473979115486145,0.0,0.0,0.0,0.0,0.9986653655767441,110
2025-04-28 12:00:00,SAC Basic,0.24835033771196996,0.0419655442237854,0.0,0.0,0.0,0.0,0.9991063654422759,110
2025-04-28 13:00:00,SAC Basic,0.24688865373849864,0.0629948079586029,0.0,0.0,0.0,0.0,0.9985298112034797,110
2025-04-28 14:00:00,SAC Basic,0.24714493066231402,0.2273830771446228,0.0,0.0,0.0,0.0,0.9938084557652473,110
2025-04-28 15:00:00,SAC Basic,0.24731454194386795,0.07388338446617126,0.0,0.0,0.0,0.0,0.9969873353838921,110
2025-04-28 16:00:00,SAC Basic,0.2486435364278157,0.6451983451843262,0.0,0.0,0.0,0.0,0.9813828834891319,110
2025-04-28 17:00:00,SAC Basic,0.24950059726794555,0.4101182520389557,0.0,0.0,0.0,0.0,0.9894468340277672,110
2025-04-28 18:00:00,SAC Basic,0.2495664572834968,0.08775800466537476,0.0,0.0,0.0,0.0,0.9950212374329568,110
2025-04-28 19:00:00,SAC Basic,0.24981785295009606,0.1179186999797821,0.0,0.0,0.0,0.0,0.9973400190472603,110
2025-04-28 20:00:00,SAC Basic,0.25027924892584474,0.18941879272460938,0.0,0.0,0.0,0.0,0.9954966232180595,110
2025-04-28 21:00:00,SAC Basic,0.2504855161603291,0.1128801703453064,0.0,0.0,0.0,0.0,0.9969770103693008,110
2025-04-28 22:00:00,SAC Basic,0.25214942279815666,0.0416719913482666,0.0,0.0,0.0,0.0,0.9984544783830642,110
2025-04-28 23:00:00,SAC Basic,0.25310671130021406,0.012686550617218018,0.0,0.0,0.0,0.0,0.9994564145803452,110
2025-04-29 00:00:00,SAC Basic,0.2531008893823623,0.015253424644470215,0.0,0.0,0.0,0.0,0.9996692627668381,110
2025-04-29 01:00:00,SAC Basic,0.25309512061198547,0.015269368886947632,0.0,0.0,0.0,0.0,0.9996944531798362,110
2025-04-29 02:00:00,SAC Basic,0.25308995732545847,0.015451014041900635,0.0,0.0,0.0,0.0,0.9996891632676125,110
2025-04-29 03:00:00,SAC Basic,0.25504720211744303,0.012673437595367432,0.0,0.0,0.0,0.0,0.9997187554836273,110
2025-04-29 04:00:00,SAC Basic,0.25700142545064286,0.011766999959945679,0.0,0.0,0.0,0.0,0.9997555956244469,110
2025-04-29 05:00:00,SAC Basic,0.25957481349468225,0.01451641321182251,0.0,0.0,0.0,0.0,0.9996821776032447,110
2025-04-29 06:00:00,SAC Basic,0.26045669165611257,0.007063448429107666,0.0,0.0,0.0,0.0,0.9997842013835907,110
2025-04-29 07:00:00,SAC Basic,0.2609552991819381,0.009082257747650146,0.0,0.0,0.0,0.0,0.9997981667518616,110
2025-04-29 08:00:00,SAC Basic,0.2657581425094604,0.01735299825668335,0.0,0.0,0.0,0.0,0.9995702326297761,110
2025-04-29 09:00:00,SAC Basic,0.2687869505405425,0.010642409324645996,0.0,0.0,0.0,0.0,0.9997200459241867,110
2025-04-29 10:00:00,SAC Basic,0.26859599963108693,0.04871472716331482,0.0,0.0,0.0,0.0,0.9986449822783471,110
2025-04-29 11:00:00,SAC Basic,0.26803224221229544,0.03687277436256409,0.0,0.0,0.0,0.0,0.9991441249847413,110
2025-04-29 12:00:00,SAC Basic,0.2691946877908706,0.06323367357254028,0.0,0.0,0.0,0.0,0.9984717175364495,110
2025-04-29 13:00:00,SAC Basic,0.2761489065353075,0.005265623331069946,0.0,0.0,0.0,0.0,0.9993150070309639,110
2025-04-29 14:00:00,SAC Basic,0.2828197818994521,0.0032626092433929443,0.0,0.0,0.0,0.0,0.9999147176742553,110
2025-04-29 15:00:00,SAC Basic,0.2883811743903159,0.004417747259140015,0.0,0.0,0.0,0.0,0.9999000936746597,110
2025-04-29 16:00:00,SAC Basic,0.2943830252273877,0.002555251121520996,0.0,0.0,0.0,0.0,0.9999302700161934,110
2025-04-29 17:00:00,SAC Basic,0.2974108088207244,0.0018350780010223389,0.0,0.0,0.0,0.0,0.9999560967087746,110
2025-04-29 18:00:00,SAC Basic,0.2978272001489003,0.001417398452758789,0.0,0.0,0.0,0.0,0.9999674752354623,110
2025-04-29 19:00:00,SAC Basic,0.29791110750993083,0.001672208309173584,0.0,0.0,0.0,0.0,0.9999640077352524,110
2025-04-29 20:00:00,SAC Basic,0.29772025257269535,0.002243518829345703,0.0,0.0,0.0,0.0,0.9999494165182113,110
2025-04-29 21:00:00,SAC Basic,0.2975286396630604,0.002016127109527588,0.0,0.0,0.0,0.0,0.9999574035406112,110
2025-04-29 22:00:00,SAC Basic,0.2973098398160934,0.002360045909881592,0.0,0.0,0.0,0.0,0.9999493598937989,110
2025-04-29 23:00:00,SAC Basic,0.2970910737450917,0.002370178699493408,0.0,0.0,0.0,0.0,0.999952495098114,110
2025-04-30 00:00:00,SAC Basic,0.2969013423554102,0.002580583095550537,0.0,0.0,0.0,0.0,0.9999462842941284,110
2025-04-30 01:00:00,SAC Basic,0.2966858217573165,0.003343820571899414,0.0,0.0,0.0,0.0,0.9999254912137985,110
2025-04-30 02:00:00,SAC Basic,0.2964668932636578,0.0023214519023895264,0.0,0.0,0.0,0.0,0.9999433472752571,110
2025-04-30 03:00:00,SAC Basic,0.29660626476764673,0.0013114511966705322,0.0,0.0,0.0,0.0,0.9999636709690094,110
2025-04-30 04:00:00,SAC Basic,0.29680408809741327,0.001846998929977417,0.0,0.0,0.0,0.0,0.9999577045440674,110
2025-04-30 05:00:00,SAC Basic,0.29725223108530036,0.0024428963661193848,0.0,0.0,0.0,0.0,0.9999451830983163,110
2025-04-30 06:00:00,SAC Basic,0.2969790181239445,0.00303611159324646,0.0,0.0,0.0,0.0,0.9999333456158638,110
2025-04-30 07:00:00,SAC Basic,0.29656632499297453,0.003692060708999634,0.0,0.0,0.0,0.0,0.9999195992946625,110
2025-04-30 08:00:00,SAC Basic,0.29728784531195956,0.011956095695495605,0.0,0.0,0.0,0.0,0.9996782377362251,110
2025-04-30 09:00:00,SAC Basic,0.2967125375405947,0.016407668590545654,0.0,0.0,0.0,0.0,0.9996273308992386,110
2025-04-30 10:00:00,SAC Basic,0.2957767736864089,0.018770843744277954,0.0,0.0,0.0,0.0,0.9996009513735772,110
2025-04-30 11:00:00,SAC Basic,0.29466239745775846,0.01618713140487671,0.0,0.0,0.0,0.0,0.9996504202485085,110
2025-04-30 12:00:00,SAC Basic,0.2930904816818236,0.012925267219543457,0.0,0.0,0.0,0.0,0.9997088760137558,110
2025-04-30 13:00:00,SAC Basic,0.2922950681066512,0.011875927448272705,0.0,0.0,0.0,0.0,0.9997519880533218,110
2025-04-30 14:00:00,SAC Basic,0.291404482389291,0.006824284791946411,0.0,0.0,0.0,0.0,0.9998129978775978,110
2025-04-30 15:00:00,SAC Basic,0.29321409905115753,0.006384998559951782,0.0,0.0,0.0,0.0,0.9998679071664811,110
2025-04-30 16:00:00,SAC Basic,0.2930791489473978,0.0040149688720703125,0.0,0.0,0.0,0.0,0.9998960003256798,110
2025-04-30 17:00:00,SAC Basic,0.29266549717505763,0.003404468297958374,0.0,0.0,0.0,0.0,0.9999258056282997,110
2025-04-30 18:00:00,SAC Basic,0.29241906434933335,0.0025701522827148438,0.0,0.0,0.0,0.0,0.9999402537941933,110
2025-04-30 19:00:00,SAC Basic,0.2922579270633061,0.0026588141918182373,0.0,0.0,0.0,0.0,0.9999459370970726,110
2025-04-30 20:00:00,SAC Basic,0.2921526661856968,0.002421736717224121,0.0,0.0,0.0,0.0,0.9999491944909096,110
2025-04-30 21:00:00,SAC Basic,0.29201838751475007,0.0022163987159729004,0.0,0.0,0.0,0.0,0.9999536186456681,110
2025-04-30 22:00:00,SAC Basic,0.292883123380343,0.0019207596778869629,0.0,0.0,0.0,0.0,0.9999586284160614,110
2025-04-30 23:00:00,SAC Basic,0.2934420168336231,0.0016680359840393066,0.0,0.0,0.0,0.0,0.9999641120433808,110
2025-05-01 00:00:00,SAC Basic,0.29397264947255436,0.0016897916793823242,0.0,0.0,0.0,0.0,0.9999659866094589,110
2025-05-01 01:00:00,SAC Basic,0.2958375403102237,0.0019672513008117676,0.0,0.0,0.0,0.0,0.9999578803777694,110
2025-05-01 02:00:00,SAC Basic,0.30042650059858944,0.00218808650970459,0.0,0.0,0.0,0.0,0.999954029917717,110
2025-05-01 03:00:00,SAC Basic,0.30234898843208935,0.002246350049972534,0.0,0.0,0.0,0.0,0.9999544903635978,110
2025-05-01 04:00:00,SAC Basic,0.30527074859221764,0.002028048038482666,0.0,0.0,0.0,0.0,0.9999572560191154,110
2025-05-01 05:00:00,SAC Basic,0.3052206881070136,0.0019818544387817383,0.0,0.0,0.0,0.0,0.9999599009752274,110
2025-05-01 06:00:00,SAC Basic,0.30511267995198554,0.0015975534915924072,0.0,0.0,0.0,0.0,0.9999642059206962,110
2025-05-01 07:00:00,SAC Basic,0.3051410084311166,0.0019985437393188477,0.0,0.0,0.0,0.0,0.9999560192227364,110
2025-05-01 08:00:00,SAC Basic,0.30443150757471704,0.00814974308013916,0.0,0.0,0.0,0.0,0.999775493144989,110
2025-05-01 09:00:00,SAC Basic,0.30373628661394103,0.014433711767196655,0.0,0.0,0.0,0.0,0.9996484860777854,110
2025-05-01 10:00:00,SAC Basic,0.3065197403923669,0.017536133527755737,0.0,0.0,0.0,0.0,0.9996182531118393,110
2025-05-01 11:00:00,SAC Basic,0.31109232101360945,0.013774186372756958,0.0,0.0,0.0,0.0,0.9996868968009949,110
2025-05-01 12:00:00,SAC Basic,0.31834230684041964,0.008495748043060303,0.0,0.0,0.0,0.0,0.9997773006558419,110
2025-05-01 13:00:00,SAC Basic,0.3210790602668125,0.0015260279178619385,0.0,0.0,0.0,0.0,-0.10800624444085738,110
2025-05-01 14:00:00,SAC Basic,0.3203141383624075,0.0020234286785125732,0.0,0.0,0.0,0.0,-0.03145927882192798,110
2025-05-01 15:00:00,SAC Basic,0.32118737942139286,0.0019723176956176758,0.0,0.0,0.0,0.0,-0.11877789960302665,110
2025-05-01 16:00:00,SAC Basic,0.3214581981046992,0.002245604991912842,0.0,0.0,0.0,0.0,-0.14586745544272275,110
2025-05-01 17:00:00,SAC Basic,0.3233171410083769,0.002182871103286743,0.0,0.0,0.0,0.0,-0.33175838559863985,110
2025-05-01 18:00:00,SAC Basic,0.3251882193048793,0.00382348895072937,0.0,0.0,0.0,0.0,-0.5189148064454172,110
2025-05-01 19:00:00,SAC Basic,0.32577809899489063,0.00246390700340271,0.0,0.0,0.0,0.0,-0.5778727734486037,110
2025-05-01 20:00:00,SAC Basic,0.3310664511521655,0.0035056471824645996,0.0,0.0,0.0,0.0,-1.1067256455619878,110
2025-05-01 21:00:00,SAC Basic,0.33266144790093083,0.0039990246295928955,0.0,0.0,0.0,0.0,-1.2662297043601454,110
2025-05-01 22:00:00,SAC Basic,0.33289309365510916,0.0034937262535095215,0.0,0.0,0.0,0.0,-1.2893842930197466,110
2025-05-01 23:00:00,SAC Basic,0.3338199639201162,0.003561079502105713,0.0,0.0,0.0,0.0,-1.3820682871341476,110
2025-05-02 00:00:00,SAC Basic,0.3374478378629682,0.005362182855606079,0.0,0.0,0.0,0.0,-1.744909040987469,110
2025-05-02 01:00:00,SAC Basic,0.34007491161346415,0.005122125148773193,0.0,0.0,0.0,0.0,-2.0075960044264582,110
2025-05-02 02:00:00,SAC Basic,0.3400346118855474,0.004910081624984741,0.0,0.0,0.0,0.0,-2.003561510622477,110
2025-05-02 03:00:00,SAC Basic,0.33999512874126414,0.005155056715011597,0.0,0.0,0.0,0.0,-1.999618425011614,110
2025-05-02 04:00:00,SAC Basic,0.33998370474894823,0.005072802305221558,0.0,0.0,0.0,0.0,-1.998472753485025,110
2025-05-02 05:00:00,SAC Basic,0.3399437700994808,0.0050196051597595215,0.0,0.0,0.0,0.0,-1.9944779340227283,110
2025-05-02 06:00:00,SAC Basic,0.3398766092729567,0.005351752042770386,0.0,0.0,0.0,0.0,-1.9877712838053558,110
2025-05-02 07:00:00,SAC Basic,0.3409042669343947,0.010297298431396484,0.0,0.0,0.0,0.0,-2.090682094871982,110
2025-05-02 08:00:00,SAC Basic,0.34127281766653045,0.0060652196407318115,0.0,0.0,0.0,0.0,-2.1274453918337652,110
2025-05-02 09:00:00,SAC Basic,0.34216860059261306,0.006734877824783325,0.0,0.0,0.0,0.0,-2.2170014533996416,110
2025-05-02 10:00:00,SAC Basic,0.3413049538437524,0.004405975341796875,0.0,0.0,0.0,0.0,-2.1306067929069075,110
2025-05-02 11:00:00,SAC Basic,0.33992730911334346,0.003206580877304077,0.0,0.0,0.0,0.0,-1.992807036896536,110
2025-05-02 12:00:00,SAC Basic,0.33846579190413145,0.003544837236404419,0.0,0.0,0.0,0.0,-1.8466534697214636,110
2025-05-02 13:00:00,SAC Basic,0.33797345485448826,0.0027988851070404053,0.0,0.0,0.0,0.0,-1.79740892267226,110
2025-05-02 14:00:00,SAC Basic,0.3367917125813165,0.002477318048477173,0.0,0.0,0.0,0.0,-1.679224020163206,110
2025-05-02 15:00:00,SAC Basic,0.33575210487127294,0.0026176869869232178,0.0,0.0,0.0,0.0,-1.5752642445564162,110
2025-05-02 16:00:00,SAC Basic,0.3349144147205352,0.0036929547786712646,0.0,0.0,0.0,0.0,-1.4915260838270081,110
2025-05-02 17:00:00,SAC Basic,0.3344464769903818,0.004118680953979492,0.0,0.0,0.0,0.0,-1.4447343299190145,110
2025-05-02 18:00:00,SAC Basic,0.3342615864912668,0.00403285026550293,0.0,0.0,0.0,0.0,-1.4262401644388745,110
2025-05-02 19:00:00,SAC Basic,0.3341591990542411,0.003283768892288208,0.0,0.0,0.0,0.0,-1.4159930716156848,110
2025-05-02 20:00:00,SAC Basic,0.3340582470957437,0.0037144124507904053,0.0,0.0,0.0,0.0,-1.4059033042589724,110
2025-05-02 21:00:00,SAC Basic,0.33395774564901975,0.0038495659828186035,0.0,0.0,0.0,0.0,-1.3958529077569515,110
2025-05-02 22:00:00,SAC Basic,0.3338563069192567,0.0035683810710906982,0.0,0.0,0.0,0.0,-1.3857048713962103,110
2025-05-02 23:00:00,SAC Basic,0.33378527179082224,0.0041894614696502686,0.0,0.0,0.0,0.0,-1.3786171791156014,110
2025-05-03 00:00:00,SAC Basic,0.33374216865777956,0.0040690600872039795,0.0,0.0,0.0,0.0,-1.3742994509935238,110
2025-05-03 01:00:00,SAC Basic,0.3336988365435599,0.004000365734100342,0.0,0.0,0.0,0.0,-1.3699643486142041,110
2025-05-03 02:00:00,SAC Basic,0.33365549946228656,0.003998875617980957,0.0,0.0,0.0,0.0,-1.3656299386421766,110
2025-05-03 03:00:00,SAC Basic,0.3336128885642687,0.00421673059463501,0.0,0.0,0.0,0.0,-1.361375369588527,110
2025-05-03 04:00:00,SAC Basic,0.3335690304390589,0.003842562437057495,0.0,0.0,0.0,0.0,-1.3569836368362052,110
2025-05-03 05:00:00,SAC Basic,0.3334962712462743,0.0036722421646118164,0.0,0.0,0.0,0.0,-1.349702272673445,110
2025-05-03 06:00:00,SAC Basic,0.3333667778348922,0.0036519765853881836,0.0,0.0,0.0,0.0,-1.3367510256767206,110
2025-05-03 07:00:00,SAC Basic,0.3330418404253323,0.004518777132034302,0.0,0.0,0.0,0.0,-1.3042830860813368,110
2025-05-03 08:00:00,SAC Basic,0.3323133296608924,0.002446770668029785,0.0,0.0,0.0,0.0,-1.2314026215672387,110
2025-05-03 09:00:00,SAC Basic,0.33121713823397947,0.0026425719261169434,0.0,0.0,0.0,0.0,-1.1217686328490495,110
2025-05-03 10:00:00,SAC Basic,0.3296940300210316,0.0020675361156463623,0.0,0.0,0.0,0.0,-0.9694501031835762,110
2025-05-03 11:00:00,SAC Basic,0.3278618762556711,0.002853870391845703,0.0,0.0,0.0,0.0,-0.7862525663177075,110
2025-05-03 12:00:00,SAC Basic,0.32600132359186795,0.0028342008590698242,0.0,0.0,0.0,0.0,-0.6001892398993038,110
2025-05-03 13:00:00,SAC Basic,0.32411426497379925,0.0033824145793914795,0.0,0.0,0.0,0.0,-0.41149962780871524,110
2025-05-03 14:00:00,SAC Basic,0.32242390205144866,0.0028911232948303223,0.0,0.0,0.0,0.0,-0.24245294052360786,110
2025-05-03 15:00:00,SAC Basic,0.3210143407551446,0.0021316111087799072,0.0,0.0,0.0,0.0,-0.1014843028584977,110
2025-05-03 16:00:00,SAC Basic,0.3200330909935632,0.0031250715255737305,0.0,0.0,0.0,0.0,-0.0033815353909983693,110
2025-05-03 17:00:00,SAC Basic,0.31953836319367074,0.004581660032272339,0.0,0.0,0.0,0.0,0.9998938009142876,110
2025-05-03 18:00:00,SAC Basic,0.3194124127817152,0.004714876413345337,0.0,0.0,0.0,0.0,0.9999043703079223,110
2025-05-03 19:00:00,SAC Basic,0.3193420039987563,0.0043773651123046875,0.0,0.0,0.0,0.0,0.9999090775847435,110
2025-05-03 20:00:00,SAC Basic,0.3193000825277963,0.004423558712005615,0.0,0.0,0.0,0.0,0.9999110668897628,110
2025-05-03 21:00:00,SAC Basic,0.3192286535120009,0.004071295261383057,0.0,0.0,0.0,0.0,0.9999150514602662,110
2025-05-03 22:00:00,SAC Basic,0.31915941546360643,0.004728585481643677,0.0,0.0,0.0,0.0,0.9998988553881645,110
2025-05-03 23:00:00,SAC Basic,0.31911767479340225,0.004477798938751221,0.0,0.0,0.0,0.0,0.9999079361557961,110
2025-05-04 00:00:00,SAC Basic,0.31907641195376707,0.004621148109436035,0.0,0.0,0.0,0.0,0.9999061435461044,110
2025-05-04 01:00:00,SAC Basic,0.31903504430929813,0.004589706659317017,0.0,0.0,0.0,0.0,0.9999078914523124,110
2025-05-04 02:00:00,SAC Basic,0.3189962699635823,0.005367696285247803,0.0,0.0,0.0,0.0,0.9998848661780357,110
2025-05-04 03:00:00,SAC Basic,0.3189549375851949,0.0046002864837646484,0.0,0.0,0.0,0.0,0.9999003201723099,110
2025-05-04 04:00:00,SAC Basic,0.31894400682131446,0.005220770835876465,0.0,0.0,0.0,0.0,0.9998893797397613,110
2025-05-04 05:00:00,SAC Basic,0.3189025418225924,0.004560500383377075,0.0,0.0,0.0,0.0,0.9999021872878074,110
2025-05-04 06:00:00,SAC Basic,0.31886206626097363,0.0048573315143585205,0.0,0.0,0.0,0.0,0.999899885058403,110
2025-05-04 07:00:00,SAC Basic,0.31856620724280676,0.004742294549942017,0.0,0.0,0.0,0.0,0.999904003739357,110
2025-05-04 08:00:00,SAC Basic,0.3177871169360479,0.004272907972335815,0.0,0.0,0.0,0.0,0.9999098479747772,110
2025-05-04 09:00:00,SAC Basic,0.31655223162412643,0.0035344064235687256,0.0,0.0,0.0,0.0,0.999921926856041,110
2025-05-04 10:00:00,SAC Basic,0.3149756381424268,0.0030219554901123047,0.0,0.0,0.0,0.0,0.9999344363808632,110
2025-05-04 11:00:00,SAC Basic,0.3131450256538391,0.003316253423690796,0.0,0.0,0.0,0.0,0.9999307319521904,110
2025-05-04 12:00:00,SAC Basic,0.31123507659991584,0.005015283823013306,0.0,0.0,0.0,0.0,0.9998827040195465,110
2025-05-04 13:00:00,SAC Basic,0.3093530704689026,0.004898160696029663,0.0,0.0,0.0,0.0,0.9999008655548095,110
2025-05-04 14:00:00,SAC Basic,0.30766902216196057,0.004785507917404175,0.0,0.0,0.0,0.0,0.9999031633138656,110
2025-05-04 15:00:00,SAC Basic,0.30626559915065765,0.003973096609115601,0.0,0.0,0.0,0.0,0.9999124139547347,110
2025-05-04 16:00:00,SAC Basic,0.3052572160959244,0.00348508358001709,0.0,0.0,0.0,0.0,0.9999254181981087,110
2025-05-04 17:00:00,SAC Basic,0.3046762559700012,0.0042119622230529785,0.0,0.0,0.0,0.0,0.9999084919691086,110
2025-05-04 18:00:00,SAC Basic,0.3044889733378092,0.0033152103424072266,0.0,0.0,0.0,0.0,0.9999247282743454,110
2025-05-04 19:00:00,SAC Basic,0.30441550236622494,0.0034587085247039795,0.0,0.0,0.0,0.0,0.999929390847683,110
2025-05-04 20:00:00,SAC Basic,0.3043738555733363,0.004505962133407593,0.0,0.0,0.0,0.0,0.9998994082212449,110
2025-05-04 21:00:00,SAC Basic,0.304303217312495,0.004308521747589111,0.0,0.0,0.0,0.0,0.9999118551611901,110
2025-05-04 22:00:00,SAC Basic,0.3042611925268174,0.004392564296722412,0.0,0.0,0.0,0.0,0.9999113082885742,110
2025-05-04 23:00:00,SAC Basic,0.3042215102036795,0.005095303058624268,0.0,0.0,0.0,0.0,0.9998910665512085,110
2025-05-05 00:00:00,SAC Basic,0.3042101319082579,0.0050865113735198975,0.0,0.0,0.0,0.0,0.9998981818556786,110
2025-05-05 01:00:00,SAC Basic,0.30417282135327667,0.005806833505630493,0.0,0.0,0.0,0.0,0.9998766601085664,110
2025-05-05 02:00:00,SAC Basic,0.3041624717346828,0.005395114421844482,0.0,0.0,0.0,0.0,0.9998879805207253,110
2025-05-05 03:00:00,SAC Basic,0.30412429144859326,0.005545914173126221,0.0,0.0,0.0,0.0,0.9998875737190246,110
2025-05-05 04:00:00,SAC Basic,0.30436069415013006,0.0049208104610443115,0.0,0.0,0.0,0.0,0.9998953327536583,110
2025-05-05 05:00:00,SAC Basic,0.3043382000851632,0.0017517805099487305,0.0,0.0,0.0,0.0,0.99993327409029,110
2025-05-05 06:00:00,SAC Basic,0.30428795134862274,0.0019253790378570557,0.0,0.0,0.0,0.0,0.9999597564339637,110
2025-05-05 07:00:00,SAC Basic,0.3040136501057944,0.002709627151489258,0.0,0.0,0.0,0.0,0.999937964975834,110
2025-05-05 08:00:00,SAC Basic,0.3032979548366866,0.006291419267654419,0.0,0.0,0.0,0.0,0.9998383536934852,110
2025-05-05 09:00:00,SAC Basic,0.3022533788140616,0.009627193212509155,0.0,0.0,0.0,0.0,0.9997740983963013,110
2025-05-05 10:00:00,SAC Basic,0.300874227807522,0.011254698038101196,0.0,0.0,0.0,0.0,0.9997586309909821,110
2025-05-05 11:00:00,SAC Basic,0.2992455852635703,0.012907236814498901,0.0,0.0,0.0,0.0,0.9997253298759461,110
2025-05-05 12:00:00,SAC Basic,0.29747395282983796,0.0125102698802948,0.0,0.0,0.0,0.0,0.9997458249330521,110
2025-05-05 13:00:00,SAC Basic,0.2957702324724199,0.01588389277458191,0.0,0.0,0.0,0.0,0.9996485859155655,110
2025-05-05 14:00:00,SAC Basic,0.2945800428096455,0.018943101167678833,0.0,0.0,0.0,0.0,0.9995905458927155,110
2025-05-05 15:00:00,SAC Basic,0.29373192513624846,0.028064697980880737,0.0,0.0,0.0,0.0,0.9993474900722504,110
2025-05-05 16:00:00,SAC Basic,0.29285572114467634,0.017638802528381348,0.0,0.0,0.0,0.0,0.9995429649949074,110
2025-05-05 17:00:00,SAC Basic,0.29231893478314097,0.008964091539382935,0.0,0.0,0.0,0.0,0.9997339710593224,110
2025-05-05 18:00:00,SAC Basic,0.29214002958377217,0.005828440189361572,0.0,0.0,0.0,0.0,0.9998520746827126,110
2025-05-05 19:00:00,SAC Basic,0.2920431496159237,0.004936009645462036,0.0,0.0,0.0,0.0,0.9998923555016518,110
2025-05-05 20:00:00,SAC Basic,0.29195799487511326,0.008453577756881714,0.0,0.0,0.0,0.0,0.9997957527637481,110
2025-05-05 21:00:00,SAC Basic,0.2918995720895133,0.007973164319992065,0.0,0.0,0.0,0.0,0.9998357325792313,110
2025-05-05 22:00:00,SAC Basic,0.291808665500482,0.006728023290634155,0.0,0.0,0.0,0.0,0.9998529881238937,110
2025-05-05 23:00:00,SAC Basic,0.2916897891664506,0.00683709979057312,0.0,0.0,0.0,0.0,0.9998621672391891,110
2025-05-06 00:00:00,SAC Basic,0.29160011738697694,0.007098466157913208,0.0,0.0,0.0,0.0,0.9998554170131684,110
2025-05-06 01:00:00,SAC Basic,0.2915080206918717,0.006370991468429565,0.0,0.0,0.0,0.0,0.9998653054237365,110
2025-05-06 02:00:00,SAC Basic,0.29141309277613964,0.005521625280380249,0.0,0.0,0.0,0.0,0.9998810738325119,110
2025-05-06 03:00:00,SAC Basic,0.29128661436637243,0.004556477069854736,0.0,0.0,0.0,0.0,0.9998992189764976,110
2025-05-06 04:00:00,SAC Basic,0.29115929900805154,0.004305392503738403,0.0,0.0,0.0,0.0,0.999911381304264,110
2025-05-06 05:00:00,SAC Basic,0.2910337941408157,0.00484853982925415,0.0,0.0,0.0,0.0,0.9998975977301597,110
2025-05-06 06:00:00,SAC Basic,0.29087856218496955,0.004430413246154785,0.0,0.0,0.0,0.0,0.9999072104692459,110
2025-05-06 07:00:00,SAC Basic,0.29050435007810593,0.00673636794090271,0.0,0.0,0.0,0.0,0.9998422130942345,110
2025-05-06 08:00:00,SAC Basic,0.2897463762068748,0.01060783863067627,0.0,0.0,0.0,0.0,0.9997491285204887,110
2025-05-06 09:00:00,SAC Basic,0.28861691962480546,0.018163025379180908,0.0,0.0,0.0,0.0,0.9995611876249313,110
2025-05-06 10:00:00,SAC Basic,0.2871674532159169,0.015660077333450317,0.0,0.0,0.0,0.0,0.9996617689728736,110
2025-05-06 11:00:00,SAC Basic,0.2855148900691668,0.014231055974960327,0.0,0.0,0.0,0.0,0.9997010886669159,110
2025-05-06 12:00:00,SAC Basic,0.2837433619435628,0.01254156231880188,0.0,0.0,0.0,0.0,0.9997322738170624,110
2025-05-06 13:00:00,SAC Basic,0.2820380859049161,0.0154171884059906,0.0,0.0,0.0,0.0,0.9996628999710083,110
2025-05-06 14:00:00,SAC Basic,0.28048725924571355,0.019252002239227295,0.0,0.0,0.0,0.0,0.9995766118168831,110
2025-05-06 15:00:00,SAC Basic,0.279201427292029,0.02225041389465332,0.0,0.0,0.0,0.0,0.9995250076055526,110
2025-05-06 16:00:00,SAC Basic,0.27826808675050735,0.01749783754348755,0.0,0.0,0.0,0.0,0.9996025174856186,110
2025-05-06 17:00:00,SAC Basic,0.27773635757764176,0.018981248140335083,0.0,0.0,0.0,0.0,0.9996055409312248,110
2025-05-06 18:00:00,SAC Basic,0.2775764421526591,0.02002537250518799,0.0,0.0,0.0,0.0,0.9995890513062476,110
2025-05-06 19:00:00,SAC Basic,0.27751563415368397,0.0242576003074646,0.0,0.0,0.0,0.0,0.9994725257158279,110
2025-05-06 20:00:00,SAC Basic,0.2774746797339121,0.021713674068450928,0.0,0.0,0.0,0.0,0.9995402872562408,110
2025-05-06 21:00:00,SAC Basic,0.277411929616928,0.023674964904785156,0.0,0.0,0.0,0.0,0.9995068877935409,110
2025-05-06 22:00:00,SAC Basic,0.2773416429893175,0.02141401171684265,0.0,0.0,0.0,0.0,0.9995491102337838,110
2025-05-06 23:00:00,SAC Basic,0.27727799979607254,0.023407042026519775,0.0,0.0,0.0,0.0,0.9995119288563729,110
2025-05-07 00:00:00,SAC Basic,0.2771909240301449,0.016377270221710205,0.0,0.0,0.0,0.0,0.9996021568775176,110
2025-05-07 01:00:00,SAC Basic,0.2771374128985404,0.01794666051864624,0.0,0.0,0.0,0.0,0.9996253728866576,110
2025-05-07 02:00:00,SAC Basic,0.2770665960550307,0.012754946947097778,0.0,0.0,0.0,0.0,0.9996929839253426,110
2025-05-07 03:00:00,SAC Basic,0.2770037106029191,0.015134364366531372,0.0,0.0,0.0,0.0,0.9996735185384751,110
2025-05-07 04:00:00,SAC Basic,0.2769343525830903,0.013192594051361084,0.0,0.0,0.0,0.0,0.9997167304158211,110
2025-05-07 05:00:00,SAC Basic,0.2768579269425072,0.011072307825088501,0.0,0.0,0.0,0.0,0.9997573509812355,110
2025-05-07 06:00:00,SAC Basic,0.2767554756617544,0.011764615774154663,0.0,0.0,0.0,0.0,0.9997577846050262,110
2025-05-07 07:00:00,SAC Basic,0.27641621770540853,0.017222613096237183,0.0,0.0,0.0,0.0,0.9996009677648545,110
2025-05-07 08:00:00,SAC Basic,0.27565125989119194,0.01701265573501587,0.0,0.0,0.0,0.0,0.9996576473116875,110
2025-05-07 09:00:00,SAC Basic,0.2745125787281988,0.02389565110206604,0.0,0.0,0.0,0.0,0.9994532570242881,110
2025-05-07 10:00:00,SAC Basic,0.2730184793337184,0.01927018165588379,0.0,0.0,0.0,0.0,0.9995683416724205,110
2025-05-07 11:00:00,SAC Basic,0.2712857531038918,0.015682131052017212,0.0,0.0,0.0,0.0,0.999650476872921,110
2025-05-07 12:00:00,SAC Basic,0.26943640336434027,0.014695078134536743,0.0,0.0,0.0,0.0,0.9996962279081345,110
2025-05-07 13:00:00,SAC Basic,0.2676541943176585,0.0178372859954834,0.0,0.0,0.0,0.0,0.9996118322014809,110
2025-05-07 14:00:00,SAC Basic,0.26603118812084176,0.023098140954971313,0.0,0.0,0.0,0.0,0.9994854286313057,110
2025-05-07 15:00:00,SAC Basic,0.2647785378074644,0.04070490598678589,0.0,0.0,0.0,0.0,0.999009834229946,110
2025-05-07 16:00:00,SAC Basic,0.2638930749281245,0.04036113619804382,0.0,0.0,0.0,0.0,0.9991893395781517,110
2025-05-07 17:00:00,SAC Basic,0.26356168766260124,0.07058382034301758,0.0,0.0,0.0,0.0,0.9982860967516899,110
2025-05-07 18:00:00,SAC Basic,0.26364091080824514,0.08326694369316101,0.0,0.0,0.0,0.0,0.9982078298926353,110
2025-05-07 19:00:00,SAC Basic,0.2638582449380555,0.09070023894309998,0.0,0.0,0.0,0.0,0.9981116622686387,110
2025-05-07 20:00:00,SAC Basic,0.26411961249589905,0.10391026735305786,0.0,0.0,0.0,0.0,0.9977896943688392,110
2025-05-07 21:00:00,SAC Basic,0.2643166517408687,0.08461177349090576,0.0,0.0,0.0,0.0,0.9981147795915604,110
2025-05-07 22:00:00,SAC Basic,0.26447653119802456,0.08196383714675903,0.0,0.0,0.0,0.0,0.9983342438936234,110
2025-05-07 23:00:00,SAC Basic,0.26464741516272206,0.08526518940925598,0.0,0.0,0.0,0.0,0.9982616826891899,110
2025-05-08 00:00:00,SAC Basic,0.26477632901350634,0.07267415523529053,0.0,0.0,0.0,0.0,0.9984206065535545,110
2025-05-08 01:00:00,SAC Basic,0.26492573990821816,0.0788232684135437,0.0,0.0,0.0,0.0,0.9983620434999466,110
2025-05-08 02:00:00,SAC Basic,0.2650182686003047,0.061758607625961304,0.0,0.0,0.0,0.0,0.998594181239605,110
2025-05-08 03:00:00,SAC Basic,0.2650971381600696,0.04916086792945862,0.0,0.0,0.0,0.0,0.9988908052444457,110
2025-05-08 04:00:00,SAC Basic,0.26516701834599155,0.04646405577659607,0.0,0.0,0.0,0.0,0.9990437507629395,110
2025-05-08 05:00:00,SAC Basic,0.2652359329366682,0.04617437720298767,0.0,0.0,0.0,0.0,0.9990736156702041,110
2025-05-08 06:00:00,SAC Basic,0.26524682164351127,0.03726661205291748,0.0,0.0,0.0,0.0,0.999165590107441,110
2025-05-08 07:00:00,SAC Basic,0.26502836021582266,0.04496157169342041,0.0,0.0,0.0,0.0,0.9990238189697266,110
2025-05-08 08:00:00,SAC Basic,0.26441362773021043,0.053580254316329956,0.0,0.0,0.0,0.0,0.9988422080874443,110
2025-05-08 09:00:00,SAC Basic,0.2633962042697269,0.06027296185493469,0.0,0.0,0.0,0.0,0.9987276136875153,110
2025-05-08 10:00:00,SAC Basic,0.2619801293420789,0.04267752170562744,0.0,0.0,0.0,0.0,0.9989704951643944,110
2025-05-08 11:00:00,SAC Basic,0.2602555453379947,0.02662479877471924,0.0,0.0,0.0,0.0,0.9993069767951965,110
2025-05-08 12:00:00,SAC Basic,0.2584097383324303,0.024257898330688477,0.0,0.0,0.0,0.0,0.999491173028946,110
2025-05-08 13:00:00,SAC Basic,0.25663337375243483,0.028090626001358032,0.0,0.0,0.0,0.0,0.9993998602032661,110
2025-05-08 14:00:00,SAC Basic,0.2551040941381452,0.04271611571311951,0.0,0.0,0.0,0.0,0.99899942278862,110
2025-05-08 15:00:00,SAC Basic,0.25392945809205353,0.07260918617248535,0.0,0.0,0.0,0.0,0.9982488855719567,110
2025-05-08 16:00:00,SAC Basic,0.2531495828541118,0.07203742861747742,0.0,0.0,0.0,0.0,0.9985535338521003,110
2025-05-08 17:00:00,SAC Basic,0.2529890398852028,0.12183710932731628,0.0,0.0,0.0,0.0,0.9970652610063553,110
2025-05-08 18:00:00,SAC Basic,0.2534487376252808,0.18890932202339172,0.0,0.0,0.0,0.0,0.9955510914325715,110
2025-05-08 19:00:00,SAC Basic,0.25417062583525957,0.23356646299362183,0.0,0.0,0.0,0.0,0.9948820993304253,110
2025-05-08 20:00:00,SAC Basic,0.2548870684329667,0.2234327793121338,0.0,0.0,0.0,0.0,0.9954300075769424,110
2025-05-08 21:00:00,SAC Basic,0.2554391603946684,0.1826275885105133,0.0,0.0,0.0,0.0,0.9959393963217735,110
2025-05-08 22:00:00,SAC Basic,0.2559915990567206,0.18273159861564636,0.0,0.0,0.0,0.0,0.9963443279266357,110
2025-05-08 23:00:00,SAC Basic,0.2564862823081015,0.16540497541427612,0.0,0.0,0.0,0.0,0.9965186342597008,110
2025-05-09 00:00:00,SAC Basic,0.25684674507141103,0.13363882899284363,0.0,0.0,0.0,0.0,0.9970095619559288,110
2025-05-09 01:00:00,SAC Basic,0.2571275094366072,0.1267293095588684,0.0,0.0,0.0,0.0,0.9973963186144829,110
2025-05-09 02:00:00,SAC Basic,0.2573094865536688,0.0970931351184845,0.0,0.0,0.0,0.0,0.9977617755532264,110
2025-05-09 03:00:00,SAC Basic,0.2574052862819034,0.07123991847038269,0.0,0.0,0.0,0.0,0.9983166694641114,110
2025-05-09 04:00:00,SAC Basic,0.25753349183082563,0.07246166467666626,0.0,0.0,0.0,0.0,0.9985385492444039,110
2025-05-09 05:00:00,SAC Basic,0.25767286358197516,0.06731152534484863,0.0,0.0,0.0,0.0,0.9986022680997848,110
2025-05-09 06:00:00,SAC Basic,0.25778279732704146,0.06698012351989746,0.0,0.0,0.0,0.0,0.9986570835113525,110
2025-05-09 07:00:00,SAC Basic,0.2576884874073663,0.08220702409744263,0.0,0.0,0.0,0.0,0.9982035905122757,110
2025-05-09 08:00:00,SAC Basic,0.25719947899897877,0.09129747748374939,0.0,0.0,0.0,0.0,0.998083145916462,110
2025-05-09 09:00:00,SAC Basic,0.2562652497148512,0.08523121476173401,0.0,0.0,0.0,0.0,0.9982347130775452,110
2025-05-09 10:00:00,SAC Basic,0.2548963806724547,0.05683928728103638,0.0,0.0,0.0,0.0,0.9985792949795723,110
2025-05-09 11:00:00,SAC Basic,0.25355074023803054,0.03180786967277527,0.0,0.0,0.0,0.0,0.999113528430462,110
2025-05-09 12:00:00,SAC Basic,0.2518123177568116,0.03097325563430786,0.0,0.0,0.0,0.0,0.9993721887469291,110
2025-05-09 13:00:00,SAC Basic,0.25028961154143,0.044688135385513306,0.0,0.0,0.0,0.0,0.9989690884947777,110
2025-05-09 14:00:00,SAC Basic,0.24885769167820598,0.05492404103279114,0.0,0.0,0.0,0.0,0.9987991601228714,110
2025-05-09 15:00:00,SAC Basic,0.24779336598237342,0.08870229125022888,0.0,0.0,0.0,0.0,0.997888171672821,110
2025-05-09 16:00:00,SAC Basic,0.24707251599947597,0.08124500513076782,0.0,0.0,0.0,0.0,0.99830052703619,110
2025-05-09 17:00:00,SAC Basic,0.24695301526466992,0.15114977955818176,0.0,0.0,0.0,0.0,0.9962779566645623,110
2025-05-09 18:00:00,SAC Basic,0.24764869991143532,0.2852053940296173,0.0,0.0,0.0,0.0,0.9929553359746932,110
2025-05-09 19:00:00,SAC Basic,0.24849518934488282,0.296446830034256,0.0,0.0,0.0,0.0,0.9939586490392684,110
2025-05-09 20:00:00,SAC Basic,0.24936889747063304,0.31311243772506714,0.0,0.0,0.0,0.0,0.9935710951685905,110
2025-05-09 21:00:00,SAC Basic,0.2501416559584934,0.2743275463581085,0.0,0.0,0.0,0.0,0.9941256001591682,110
2025-05-09 22:00:00,SAC Basic,0.25093893381039284,0.2816833555698395,0.0,0.0,0.0,0.0,0.9942927747964859,110
2025-05-09 23:00:00,SAC Basic,0.25166056717634183,0.2504900097846985,0.0,0.0,0.0,0.0,0.9946782663464546,110
2025-05-10 00:00:00,SAC Basic,0.2523331280382472,0.23576825857162476,0.0,0.0,0.0,0.0,0.9951374173164368,110
2025-05-10 01:00:00,SAC Basic,0.25287236794551193,0.20427197217941284,0.0,0.0,0.0,0.0,0.9955995976924896,110
2025-05-10 02:00:00,SAC Basic,0.25321690977732314,0.14586254954338074,0.0,0.0,0.0,0.0,0.9964986547827721,110
2025-05-10 03:00:00,SAC Basic,0.2534173777453102,0.10264039039611816,0.0,0.0,0.0,0.0,0.997514970600605,110
2025-05-10 04:00:00,SAC Basic,0.2535361900989212,0.06964370608329773,0.0,0.0,0.0,0.0,0.9982771590352058,110
2025-05-10 05:00:00,SAC Basic,0.25363277091344166,0.0629742443561554,0.0,0.0,0.0,0.0,0.9986738204956055,110
2025-05-10 06:00:00,SAC Basic,0.2536745085008936,0.046521276235580444,0.0,0.0,0.0,0.0,0.9989050447940827,110
2025-05-10 07:00:00,SAC Basic,0.2536792260034876,0.10341525077819824,0.0,0.0,0.0,0.0,0.9973627552390099,110
2025-05-10 08:00:00,SAC Basic,0.25322428337097136,0.11001721024513245,0.0,0.0,0.0,0.0,0.997733636200428,110
2025-05-10 09:00:00,SAC Basic,0.25235920292536385,0.10597586631774902,0.0,0.0,0.0,0.0,0.9978400692343712,110
2025-05-10 10:00:00,SAC Basic,0.25100656422773965,0.06170839071273804,0.0,0.0,0.0,0.0,0.9983231574296951,110
2025-05-10 11:00:00,SAC Basic,0.24940136190414397,0.045439302921295166,0.0,0.0,0.0,0.0,0.9989285230636596,110
2025-05-10 12:00:00,SAC Basic,0.24759438682794538,0.035907477140426636,0.0,0.0,0.0,0.0,0.9991865321993827,110
2025-05-10 13:00:00,SAC Basic,0.2458951424797373,0.04272669553756714,0.0,0.0,0.0,0.0,0.9990772739052773,110
2025-05-10 14:00:00,SAC Basic,0.24442407872199984,0.060180872678756714,0.0,0.0,0.0,0.0,0.998621840775013,110
2025-05-10 15:00:00,SAC Basic,0.24339361366271944,0.10736048221588135,0.0,0.0,0.0,0.0,0.9973809942603111,110
2025-05-10 16:00:00,SAC Basic,0.24272357687075904,0.1049889624118805,0.0,0.0,0.0,0.0,0.9978765055537224,110
2025-05-10 17:00:00,SAC Basic,0.24252622998634948,0.12779593467712402,0.0,0.0,0.0,0.0,0.9972160115838051,110
2025-05-10 18:00:00,SAC Basic,0.24341955744345958,0.3359982371330261,0.0,0.0,0.0,0.0,0.9911980122327804,110
2025-05-10 19:00:00,SAC Basic,0.24453578792810413,0.3858691453933716,0.0,0.0,0.0,0.0,0.9917839080095292,110
2025-05-10 20:00:00,SAC Basic,0.24573569442748996,0.3939719498157501,0.0,0.0,0.0,0.0,0.9920395329594611,110
2025-05-10 21:00:00,SAC Basic,0.24670096873283356,0.3235822916030884,0.0,0.0,0.0,0.0,0.9928244575858116,110
2025-05-10 22:00:00,SAC Basic,0.24760922993659942,0.31497836112976074,0.0,0.0,0.0,0.0,0.9936143934726716,110
2025-05-10 23:00:00,SAC Basic,0.24843662127971616,0.2992174029350281,0.0,0.0,0.0,0.0,0.9938580423593522,110
2025-05-11 00:00:00,SAC Basic,0.24922713125546742,0.2881529927253723,0.0,0.0,0.0,0.0,0.994126296043396,110
2025-05-11 01:00:00,SAC Basic,0.2503320587650931,0.29097825288772583,0.0,0.0,0.0,0.0,0.994152182340622,110
2025-05-11 02:00:00,SAC Basic,0.2506249774765965,0.14737561345100403,0.0,0.0,0.0,0.0,0.9956164613366126,110
2025-05-11 03:00:00,SAC Basic,0.25069286411841674,0.05436599254608154,0.0,0.0,0.0,0.0,0.9979825839400291,110
2025-05-11 04:00:00,SAC Basic,0.2507720821340875,0.04076540470123291,0.0,0.0,0.0,0.0,0.9990486860275268,110
2025-05-11 05:00:00,SAC Basic,0.25082504082679713,0.03288760781288147,0.0,0.0,0.0,0.0,0.9992634698748588,110
2025-05-11 06:00:00,SAC Basic,0.2508734375119206,0.04001900553703308,0.0,0.0,0.0,0.0,0.9991283059120178,110
2025-05-11 07:00:00,SAC Basic,0.2507863688286142,0.07587939500808716,0.0,0.0,0.0,0.0,0.9981238082051277,110
2025-05-11 08:00:00,SAC Basic,0.251067018575668,0.31369492411613464,0.0,0.0,0.0,0.0,0.9913479462265968,110
2025-05-11 09:00:00,SAC Basic,0.25101075443983045,0.20612075924873352,0.0,0.0,0.0,0.0,0.9948018431663513,110
2025-05-11 10:00:00,SAC Basic,0.2497936617056525,0.08537217974662781,0.0,0.0,0.0,0.0,0.9970850706100464,110
2025-05-11 11:00:00,SAC Basic,0.24828718358278237,0.05805656313896179,0.0,0.0,0.0,0.0,0.998565712571144,110
2025-05-11 12:00:00,SAC Basic,0.2473451202901201,0.061381012201309204,0.0,0.0,0.0,0.0,0.9987391352653503,110
2025-05-11 13:00:00,SAC Basic,0.2460048544891672,0.08242025971412659,0.0,0.0,0.0,0.0,0.9981412023305892,110
2025-05-11 14:00:00,SAC Basic,0.24463820045312212,0.08300378918647766,0.0,0.0,0.0,0.0,0.998334088921547,110
2025-05-11 15:00:00,SAC Basic,0.2436558465758956,0.09629383683204651,0.0,0.0,0.0,0.0,0.9979412227869034,110
2025-05-11 16:00:00,SAC Basic,0.24301844607591594,0.10627985000610352,0.0,0.0,0.0,0.0,0.9977745428681374,110
2025-05-11 17:00:00,SAC Basic,0.24285379283587105,0.1376040279865265,0.0,0.0,0.0,0.0,0.9969346776604653,110
2025-05-11 18:00:00,SAC Basic,0.24345498249689707,0.2653568983078003,0.0,0.0,0.0,0.0,0.9934153333306313,110
2025-05-11 19:00:00,SAC Basic,0.24467525613466867,0.40858209133148193,0.0,0.0,0.0,0.0,0.9903961062431336,110
2025-05-11 20:00:00,SAC Basic,0.24572807423114743,0.36684542894363403,0.0,0.0,0.0,0.0,0.9922457247972488,110
2025-05-11 21:00:00,SAC Basic,0.24686497411648398,0.3920699656009674,0.0,0.0,0.0,0.0,0.9919063553214074,110
2025-05-11 22:00:00,SAC Basic,0.24854562446673678,0.3551951050758362,0.0,0.0,0.0,0.0,0.992527349293232,110
2025-05-11 23:00:00,SAC Basic,0.2500974016276992,0.3165331482887268,0.0,0.0,0.0,0.0,0.9932827174663543,110
2025-05-12 00:00:00,SAC Basic,0.2520132472912467,0.30875369906425476,0.0,0.0,0.0,0.0,0.9937471315264701,110
2025-05-12 01:00:00,SAC Basic,0.2525803707480427,0.2126370370388031,0.0,0.0,0.0,0.0,0.9947860926389694,110
2025-05-12 02:00:00,SAC Basic,0.25317105168183607,0.22820428013801575,0.0,0.0,0.0,0.0,0.9952802419662475,110
2025-05-12 03:00:00,SAC Basic,0.25545203112045883,0.12679383158683777,0.0,0.0,0.0,0.0,0.9964500188827515,110
2025-05-12 04:00:00,SAC Basic,0.27145701953252116,0.0014965236186981201,0.0,0.0,0.0,0.0,0.9987170964479446,110
2025-05-12 05:00:00,SAC Basic,0.2724504831210768,0.006539076566696167,0.0,0.0,0.0,0.0,0.9998187929391861,110
2025-05-12 06:00:00,SAC Basic,0.27272340039014775,0.007375180721282959,0.0,0.0,0.0,0.0,0.9998441353440285,110
2025-05-12 07:00:00,SAC Basic,0.27246906792799586,0.01720026135444641,0.0,0.0,0.0,0.0,0.9995577439665795,110
2025-05-12 08:00:00,SAC Basic,0.27176767326911244,0.027581602334976196,0.0,0.0,0.0,0.0,0.9993445545434952,110
2025-05-12 09:00:00,SAC Basic,0.2707434474627172,0.04123225808143616,0.0,0.0,0.0,0.0,0.9990388482809067,110
2025-05-12 10:00:00,SAC Basic,0.27050759698390914,0.03724485635757446,0.0,0.0,0.0,0.0,0.9992152288556099,110
2025-05-12 11:00:00,SAC Basic,0.27652875705003693,0.03134801983833313,0.0,0.0,0.0,0.0,0.999314071238041,110
2025-05-12 12:00:00,SAC Basic,0.2753876016791657,0.016653388738632202,0.0,0.0,0.0,0.0,0.9995199859142304,110
2025-05-12 13:00:00,SAC Basic,0.27414220168987863,0.019380003213882446,0.0,0.0,0.0,0.0,0.9995851337909699,110
2025-05-12 14:00:00,SAC Basic,0.2726937199823057,0.024455487728118896,0.0,0.0,0.0,0.0,0.9994601354002952,110
2025-05-12 15:00:00,SAC Basic,0.2715689085205391,0.05355656147003174,0.0,0.0,0.0,0.0,0.9986378580331803,110
2025-05-12 16:00:00,SAC Basic,0.2708732057714457,0.07178917527198792,0.0,0.0,0.0,0.0,0.9983818903565407,110
2025-05-12 17:00:00,SAC Basic,0.2704670022932683,0.031138956546783447,0.0,0.0,0.0,0.0,0.9989707186818123,110
2025-05-12 18:00:00,SAC Basic,0.27038088066418914,0.03366351127624512,0.0,0.0,0.0,0.0,0.9993014842271805,110
2025-05-12 19:00:00,SAC Basic,0.2704356585232412,0.04193335771560669,0.0,0.0,0.0,0.0,0.9990786343812943,110
2025-05-12 20:00:00,SAC Basic,0.270536749919255,0.0643274188041687,0.0,0.0,0.0,0.0,0.9984895110130311,110
2025-05-12 21:00:00,SAC Basic,0.2706390182757373,0.05618050694465637,0.0,0.0,0.0,0.0,0.9987949207425117,110
2025-05-12 22:00:00,SAC Basic,0.2710787386465068,0.05741611123085022,0.0,0.0,0.0,0.0,0.998839321732521,110
2025-05-12 23:00:00,SAC Basic,0.272201960022449,0.06246641278266907,0.0,0.0,0.0,0.0,0.9987001687288284,110
2025-05-13 00:00:00,SAC Basic,0.27290117052555035,0.03526315093040466,0.0,0.0,0.0,0.0,0.9990227043628693,110
2025-05-13 01:00:00,SAC Basic,0.27287926949262575,0.01892969012260437,0.0,0.0,0.0,0.0,0.9994580715894699,110
2025-05-13 02:00:00,SAC Basic,0.2729140219465887,0.02742573618888855,0.0,0.0,0.0,0.0,0.9993665248155593,110
2025-05-13 03:00:00,SAC Basic,0.27299474723180095,0.03271758556365967,0.0,0.0,0.0,0.0,0.9992927297949792,110
2025-05-13 04:00:00,SAC Basic,0.27597233038743296,0.010274946689605713,0.0,0.0,0.0,0.0,0.9995700746774674,110
2025-05-13 05:00:00,SAC Basic,0.2876453831950819,0.0019158422946929932,0.0,0.0,0.0,0.0,0.999878092110157,110
2025-05-13 06:00:00,SAC Basic,0.28793128609816193,0.0027708709239959717,0.0,0.0,0.0,0.0,0.9999360322952271,110
2025-05-13 07:00:00,SAC Basic,0.2876966972120599,0.006123334169387817,0.0,0.0,0.0,0.0,0.9998440086841583,110
2025-05-13 08:00:00,SAC Basic,0.28709790009657504,0.024360865354537964,0.0,0.0,0.0,0.0,0.9993304073810577,110
2025-05-13 09:00:00,SAC Basic,0.28614360027551616,0.03671005368232727,0.0,0.0,0.0,0.0,0.9991423070430756,110
2025-05-13 10:00:00,SAC Basic,0.2849078163552281,0.03726482391357422,0.0,0.0,0.0,0.0,0.9992491558194161,110
2025-05-13 11:00:00,SAC Basic,0.2833696713121729,0.03155648708343506,0.0,0.0,0.0,0.0,0.99931178689003,110
2025-05-13 12:00:00,SAC Basic,0.2816232387288408,0.02007022500038147,0.0,0.0,0.0,0.0,0.9994837328791619,110
2025-05-13 13:00:00,SAC Basic,0.2798990290093419,0.01823708415031433,0.0,0.0,0.0,0.0,0.999616926908493,110
2025-05-13 14:00:00,SAC Basic,0.2783570938730237,0.021919459104537964,0.0,0.0,0.0,0.0,0.999524787068367,110
2025-05-13 15:00:00,SAC Basic,0.27712900170087784,0.031072348356246948,0.0,0.0,0.0,0.0,0.999287024140358,110
2025-05-13 16:00:00,SAC Basic,0.27632970558245945,0.040711164474487305,0.0,0.0,0.0,0.0,0.9990893885493278,110
2025-05-13 17:00:00,SAC Basic,0.27585412004550264,0.018824338912963867,0.0,0.0,0.0,0.0,0.9994046449661255,110
2025-05-13 18:00:00,SAC Basic,0.2757273639432586,0.021473169326782227,0.0,0.0,0.0,0.0,0.9995440483093262,110
2025-05-13 19:00:00,SAC Basic,0.27570743555863664,0.02802148461341858,0.0,0.0,0.0,0.0,0.9993740871548653,110
2025-05-13 20:00:00,SAC Basic,0.2756770609633124,0.02488762140274048,0.0,0.0,0.0,0.0,0.9994709089398384,110
2025-05-13 21:00:00,SAC Basic,0.27562955324411353,0.028247684240341187,0.0,0.0,0.0,0.0,0.9994014456868172,110
2025-05-13 22:00:00,SAC Basic,0.27558357537746386,0.028706640005111694,0.0,0.0,0.0,0.0,0.9994212776422501,110
2025-05-13 23:00:00,SAC Basic,0.2755247333383556,0.02484738826751709,0.0,0.0,0.0,0.0,0.9994644597172737,110
2025-05-14 00:00:00,SAC Basic,0.2754864119537667,0.022503584623336792,0.0,0.0,0.0,0.0,0.9995264902710915,110
2025-05-14 01:00:00,SAC Basic,0.27543576631545974,0.01880630850791931,0.0,0.0,0.0,0.0,0.9995869010686874,110
2025-05-14 02:00:00,SAC Basic,0.275379394160906,0.017088353633880615,0.0,0.0,0.0,0.0,0.999641053378582,110
2025-05-14 03:00:00,SAC Basic,0.27633860017696965,0.021761804819107056,0.0,0.0,0.0,0.0,0.9995180293917656,110
2025-05-14 04:00:00,SAC Basic,0.27732683888753207,0.02197161316871643,0.0,0.0,0.0,0.0,0.9995584696531297,110
2025-05-14 05:00:00,SAC Basic,0.2772920255017276,0.015055984258651733,0.0,0.0,0.0,0.0,0.9996297240257264,110
2025-05-14 06:00:00,SAC Basic,0.27718765617608976,0.019689202308654785,0.0,0.0,0.0,0.0,0.9995598837733269,110
2025-05-14 07:00:00,SAC Basic,0.27683085706949184,0.011960268020629883,0.0,0.0,0.0,0.0,0.9996835052967072,110
2025-05-14 08:00:00,SAC Basic,0.2761873797814046,0.02795681357383728,0.0,0.0,0.0,0.0,0.9992808982729912,110
2025-05-14 09:00:00,SAC Basic,0.27512698686997045,0.030382126569747925,0.0,0.0,0.0,0.0,0.9993681043386459,110
2025-05-14 10:00:00,SAC Basic,0.27373012728929474,0.02294212579727173,0.0,0.0,0.0,0.0,0.9994667574763298,110
2025-05-14 11:00:00,SAC Basic,0.27211271575053486,0.016276538372039795,0.0,0.0,0.0,0.0,0.9996078133583068,110
2025-05-14 12:00:00,SAC Basic,0.270441050539811,0.017000436782836914,0.0,0.0,0.0,0.0,0.9996527522802353,110
2025-05-14 13:00:00,SAC Basic,0.26883775785128233,0.02051219344139099,0.0,0.0,0.0,0.0,0.9995546385645866,110
2025-05-14 14:00:00,SAC Basic,0.26746543303251225,0.03030255436897278,0.0,0.0,0.0,0.0,0.9992960453033447,110
2025-05-14 15:00:00,SAC Basic,0.2663321485392249,0.042514652013778687,0.0,0.0,0.0,0.0,0.9990275859832763,110
2025-05-14 16:00:00,SAC Basic,0.2655162346458431,0.03572583198547363,0.0,0.0,0.0,0.0,0.9992175951600075,110
2025-05-14 17:00:00,SAC Basic,0.26509715477466544,0.052776038646698,0.0,0.0,0.0,0.0,0.9987739771604538,110
2025-05-14 18:00:00,SAC Basic,0.265064492748578,0.07520139217376709,0.0,0.0,0.0,0.0,0.998271718621254,110
2025-05-14 19:00:00,SAC Basic,0.2651400457382198,0.08216589689254761,0.0,0.0,0.0,0.0,0.9982870370149612,110
2025-05-14 20:00:00,SAC Basic,0.2653250857718782,0.10651201009750366,0.0,0.0,0.0,0.0,0.9976262986660004,110
2025-05-14 21:00:00,SAC Basic,0.2654888054553664,0.10861590504646301,0.0,0.0,0.0,0.0,0.9978066429495812,110
2025-05-14 22:00:00,SAC Basic,0.26564931569417277,0.099153071641922,0.0,0.0,0.0,0.0,0.9979223102331162,110
2025-05-14 23:00:00,SAC Basic,0.2657394810279206,0.07804960012435913,0.0,0.0,0.0,0.0,0.9982279732823373,110
2025-05-15 00:00:00,SAC Basic,0.2665854406158125,0.09628787636756897,0.0,0.0,0.0,0.0,0.9978918597102165,110
2025-05-15 01:00:00,SAC Basic,0.2666438101172443,0.06001085042953491,0.0,0.0,0.0,0.0,0.9984370127320289,110
2025-05-15 02:00:00,SAC Basic,0.2666602812957759,0.03894135355949402,0.0,0.0,0.0,0.0,0.9990104779601097,110
2025-05-15 03:00:00,SAC Basic,0.2669367368284856,0.016936659812927246,0.0,0.0,0.0,0.0,0.9994412198662758,110
2025-05-15 04:00:00,SAC Basic,0.26721219994385986,0.01663893461227417,0.0,0.0,0.0,0.0,0.999664244055748,110
2025-05-15 05:00:00,SAC Basic,0.26917139480113933,0.01325845718383789,0.0,0.0,0.0,0.0,0.9997010260820388,110
2025-05-15 06:00:00,SAC Basic,0.2737183675567304,0.006591826677322388,0.0,0.0,0.0,0.0,0.9998014971613884,110
2025-05-15 07:00:00,SAC Basic,0.2734449044871325,0.011461079120635986,0.0,0.0,0.0,0.0,0.9997220858931541,110
2025-05-15 08:00:00,SAC Basic,0.2738797616100306,0.05145713686943054,0.0,0.0,0.0,0.0,0.9985708966851234,110
2025-05-15 09:00:00,SAC Basic,0.2738103602345779,0.07667958736419678,0.0,0.0,0.0,0.0,0.9982141837477684,110
2025-05-15 10:00:00,SAC Basic,0.2786038515535985,0.027047395706176758,0.0,0.0,0.0,0.0,0.9989627301692963,110
2025-05-15 11:00:00,SAC Basic,0.2787974978955582,0.023593902587890625,0.0,0.0,0.0,0.0,0.9994935870170593,110
2025-05-15 12:00:00,SAC Basic,0.27785815080881066,0.017695873975753784,0.0,0.0,0.0,0.0,0.9995871022343635,110
2025-05-15 13:00:00,SAC Basic,0.27998051492849935,0.019209235906600952,0.0,0.0,0.0,0.0,0.9996006816625594,110
2025-05-15 14:00:00,SAC Basic,0.28000288191000566,0.012710094451904297,0.0,0.0,0.0,0.0,0.9996808066964149,110
2025-05-15 15:00:00,SAC Basic,0.27939401917298584,0.02334117889404297,0.0,0.0,0.0,0.0,0.9994268655776978,110
2025-05-15 16:00:00,SAC Basic,0.27887558481613745,0.022969692945480347,0.0,0.0,0.0,0.0,0.9995368912816048,110
2025-05-15 17:00:00,SAC Basic,0.27859636542797034,0.009734183549880981,0.0,0.0,0.0,0.0,0.9996729612350463,110
2025-05-15 18:00:00,SAC Basic,0.27843622724771444,0.011458545923233032,0.0,0.0,0.0,0.0,0.9997535854578018,110
2025-05-15 19:00:00,SAC Basic,0.27834636794487577,0.015542209148406982,0.0,0.0,0.0,0.0,0.9996483191847801,110
2025-05-15 20:00:00,SAC Basic,0.2783474447679514,0.017323046922683716,0.0,0.0,0.0,0.0,0.9996357306838035,110
2025-05-15 21:00:00,SAC Basic,0.27830591592550225,0.01304134726524353,0.0,0.0,0.0,0.0,0.9996963560581208,110
2025-05-15 22:00:00,SAC Basic,0.2782572762489314,0.0109080970287323,0.0,0.0,0.0,0.0,0.9997605055570602,110
2025-05-15 23:00:00,SAC Basic,0.278233056364059,0.009734034538269043,0.0,0.0,0.0,0.0,0.99979357868433,110
2025-05-16 00:00:00,SAC Basic,0.27820887472550027,0.009745508432388306,0.0,0.0,0.0,0.0,0.999804975092411,110
2025-05-16 01:00:00,SAC Basic,0.27820241950829777,0.015063434839248657,0.0,0.0,0.0,0.0,0.9996455520391465,110
2025-05-16 02:00:00,SAC Basic,0.27820259282429965,0.017051994800567627,0.0,0.0,0.0,0.0,0.9996390745043755,110
2025-05-16 03:00:00,SAC Basic,0.27919374173164324,0.022844672203063965,0.0,0.0,0.0,0.0,0.9994851797819138,110
2025-05-16 04:00:00,SAC Basic,0.279111330791314,0.009276717901229858,0.0,0.0,0.0,0.0,0.9996787860989571,110
2025-05-16 05:00:00,SAC Basic,0.2803766127053892,0.005084574222564697,0.0,0.0,0.0,0.0,0.9998563870787621,110
2025-05-16 06:00:00,SAC Basic,0.2806113941605881,0.004434436559677124,0.0,0.0,0.0,0.0,0.9999048098921777,110
2025-05-16 07:00:00,SAC Basic,0.28029455553213706,0.006948411464691162,0.0,0.0,0.0,0.0,0.999835892021656,110
2025-05-16 08:00:00,SAC Basic,0.2796509217818573,0.02790987491607666,0.0,0.0,0.0,0.0,0.9992321878671646,110
2025-05-16 09:00:00,SAC Basic,0.2786570422244067,0.033336132764816284,0.0,0.0,0.0,0.0,0.9992790147662163,110
2025-05-16 10:00:00,SAC Basic,0.27728172303438137,0.020904242992401123,0.0,0.0,0.0,0.0,0.9994575962424278,110
2025-05-16 11:00:00,SAC Basic,0.2764304496733343,0.02061799168586731,0.0,0.0,0.0,0.0,0.9995847776532173,110
2025-05-16 12:00:00,SAC Basic,0.2753525678785637,0.027135461568832397,0.0,0.0,0.0,0.0,0.9993921160697937,110
2025-05-16 13:00:00,SAC Basic,0.27390062287568995,0.03191649913787842,0.0,0.0,0.0,0.0,0.999313859641552,110
2025-05-16 14:00:00,SAC Basic,0.27274995854298223,0.030800700187683105,0.0,0.0,0.0,0.0,0.9993728280067444,110
2025-05-16 15:00:00,SAC Basic,0.27194059183597513,0.039689987897872925,0.0,0.0,0.0,0.0,0.9991173073649406,110
2025-05-16 16:00:00,SAC Basic,0.27156955968141505,0.04369035363197327,0.0,0.0,0.0,0.0,0.9990861892700195,110
2025-05-16 17:00:00,SAC Basic,0.27109873728354716,0.028753280639648438,0.0,0.0,0.0,0.0,0.9992755636572838,110
2025-05-16 18:00:00,SAC Basic,0.2709589798839882,0.0345727801322937,0.0,0.0,0.0,0.0,0.9992503494024277,110
2025-05-16 19:00:00,SAC Basic,0.2709023573557531,0.03401324152946472,0.0,0.0,0.0,0.0,0.9993141397833825,110
2025-05-16 20:00:00,SAC Basic,0.27095356115420605,0.04936113953590393,0.0,0.0,0.0,0.0,0.9988592982292176,110
2025-05-16 21:00:00,SAC Basic,0.2709438080104187,0.03957405686378479,0.0,0.0,0.0,0.0,0.9991106480360031,110
2025-05-16 22:00:00,SAC Basic,0.2709532744185124,0.028339922428131104,0.0,0.0,0.0,0.0,0.9993208602070808,110
2025-05-16 23:00:00,SAC Basic,0.2748894658565516,0.006357431411743164,0.0,0.0,0.0,0.0,0.9996530264616013,110
2025-05-17 00:00:00,SAC Basic,0.2875042699909205,0.0014412403106689453,0.0,0.0,0.0,0.0,0.9999220132827759,110
2025-05-17 01:00:00,SAC Basic,0.2947608252882953,0.0024665892124176025,0.0,0.0,0.0,0.0,0.9999404147267341,110
2025-05-17 02:00:00,SAC Basic,0.29504486157258303,0.0022108852863311768,0.0,0.0,0.0,0.0,0.9999532252550125,110
2025-05-17 03:00:00,SAC Basic,0.31532755526224726,0.0018081068992614746,0.0,0.0,0.0,0.0,0.9999598100781442,110
2025-05-17 04:00:00,SAC Basic,0.31666738848209336,0.0019499659538269043,0.0,0.0,0.0,0.0,0.9999595820903777,110
2025-05-17 05:00:00,SAC Basic,0.3170101602109268,0.0028315186500549316,0.0,0.0,0.0,0.0,0.9999345541000366,110
2025-05-17 06:00:00,SAC Basic,0.31696251619736304,0.0027067959308624268,0.0,0.0,0.0,0.0,0.9999446168541908,110
2025-05-17 07:00:00,SAC Basic,0.3166898396778102,0.0031970441341400146,0.0,0.0,0.0,0.0,0.9999311566352844,110
2025-05-17 08:00:00,SAC Basic,0.3160782082263624,0.0035105645656585693,0.0,0.0,0.0,0.0,0.9999266535043717,110
2025-05-17 09:00:00,SAC Basic,0.3149855324800805,0.0036972761154174805,0.0,0.0,0.0,0.0,0.9999241873621941,110
2025-05-17 10:00:00,SAC Basic,0.3136727654528613,0.005669891834259033,0.0,0.0,0.0,0.0,0.9998668760061264,110
2025-05-17 11:00:00,SAC Basic,0.3119992388558383,0.007942020893096924,0.0,0.0,0.0,0.0,0.9998184382915497,110
2025-05-17 12:00:00,SAC Basic,0.3103301220091179,0.009264945983886719,0.0,0.0,0.0,0.0,0.9998014718294144,110
2025-05-17 13:00:00,SAC Basic,0.30860866777976304,0.01056373119354248,0.0,0.0,0.0,0.0,0.9997757375240326,110
2025-05-17 14:00:00,SAC Basic,0.30711863964796016,0.011991560459136963,0.0,0.0,0.0,0.0,0.9997458904981613,110
2025-05-17 15:00:00,SAC Basic,0.30585208337386394,0.011033117771148682,0.0,0.0,0.0,0.0,0.9997697532176971,110
2025-05-17 16:00:00,SAC Basic,0.3049076079567268,0.005657374858856201,0.0,0.0,0.0,0.0,0.9998330950736999,110
2025-05-17 17:00:00,SAC Basic,0.3043551257054006,0.004255324602127075,0.0,0.0,0.0,0.0,0.9999008730053902,110
2025-05-17 18:00:00,SAC Basic,0.3041695686276748,0.003832876682281494,0.0,0.0,0.0,0.0,0.9999191179871559,110
2025-05-17 19:00:00,SAC Basic,0.3040400603151316,0.0036475062370300293,0.0,0.0,0.0,0.0,0.9999251961708069,110
2025-05-17 20:00:00,SAC Basic,0.3039387586760515,0.0036095082759857178,0.0,0.0,0.0,0.0,0.9999274298548698,110
2025-05-17 21:00:00,SAC Basic,0.30381090886274914,0.0041450560092926025,0.0,0.0,0.0,0.0,0.9999117434024811,110
2025-05-17 22:00:00,SAC Basic,0.3037105261286094,0.0038851797580718994,0.0,0.0,0.0,0.0,0.9999196976423264,110
2025-05-17 23:00:00,SAC Basic,0.30361138962825074,0.004259049892425537,0.0,0.0,0.0,0.0,0.999911080300808,110
2025-05-18 00:00:00,SAC Basic,0.3034834663025532,0.004123002290725708,0.0,0.0,0.0,0.0,0.9999161794781686,110
2025-05-18 01:00:00,SAC Basic,0.3033843774859104,0.004273355007171631,0.0,0.0,0.0,0.0,0.9999130293726921,110
2025-05-18 02:00:00,SAC Basic,0.3033108096567783,0.0034296512603759766,0.0,0.0,0.0,0.0,0.9999229699373244,110
2025-05-18 03:00:00,SAC Basic,0.30390380418618457,0.0033983588218688965,0.0,0.0,0.0,0.0,0.9999317198991775,110
2025-05-18 04:00:00,SAC Basic,0.3038299572086328,0.0033459067344665527,0.0,0.0,0.0,0.0,0.9999325573444366,110
2025-05-18 05:00:00,SAC Basic,0.3037845394285514,0.0033746659755706787,0.0,0.0,0.0,0.0,0.9999322190880776,110
2025-05-18 06:00:00,SAC Basic,0.3063248215627664,0.004584640264511108,0.0,0.0,0.0,0.0,0.9998962074518204,110
2025-05-18 07:00:00,SAC Basic,0.3063531882882112,0.0020100176334381104,0.0,0.0,0.0,0.0,0.9999340534210206,110
2025-05-18 08:00:00,SAC Basic,0.30629815142472516,0.002488940954208374,0.0,0.0,0.0,0.0,0.9999454319477081,110
2025-05-18 09:00:00,SAC Basic,0.30568077866872084,0.003788173198699951,0.0,0.0,0.0,0.0,0.9999112442135811,110
2025-05-18 10:00:00,SAC Basic,0.3045963735636068,0.006178468465805054,0.0,0.0,0.0,0.0,0.9998525276780128,110
2025-05-18 11:00:00,SAC Basic,0.3033486183500283,0.008173435926437378,0.0,0.0,0.0,0.0,0.9998165816068649,110
2025-05-18 12:00:00,SAC Basic,0.3017944540961577,0.009750723838806152,0.0,0.0,0.0,0.0,0.9997892126441001,110
2025-05-18 13:00:00,SAC Basic,0.30022155782381627,0.012631118297576904,0.0,0.0,0.0,0.0,0.9997185736894607,110
2025-05-18 14:00:00,SAC Basic,0.2987660514775905,0.013848096132278442,0.0,0.0,0.0,0.0,0.9997108682990073,110
2025-05-18 15:00:00,SAC Basic,0.29771405937830536,0.01590237021446228,0.0,0.0,0.0,0.0,0.9996614098548889,110
2025-05-18 16:00:00,SAC Basic,0.2968889321311308,0.015961825847625732,0.0,0.0,0.0,0.0,0.9996801689267159,110
2025-05-18 17:00:00,SAC Basic,0.2964861557229353,0.006667077541351318,0.0,0.0,0.0,0.0,0.9997737109661102,110
2025-05-18 18:00:00,SAC Basic,0.29633090737581186,0.004425495862960815,0.0,0.0,0.0,0.0,0.999889074265957,110
2025-05-18 19:00:00,SAC Basic,0.29626116815169584,0.004578232765197754,0.0,0.0,0.0,0.0,0.9999069079756737,110
2025-05-18 20:00:00,SAC Basic,0.2961116075778001,0.0061318278312683105,0.0,0.0,0.0,0.0,0.9998618274927139,110
2025-05-18 21:00:00,SAC Basic,0.29593298053344025,0.005911886692047119,0.0,0.0,0.0,0.0,0.9998795628547669,110
2025-05-18 22:00:00,SAC Basic,0.2957841525999698,0.0063516199588775635,0.0,0.0,0.0,0.0,0.9998685702681541,110
2025-05-18 23:00:00,SAC Basic,0.29566189419905275,0.005822479724884033,0.0,0.0,0.0,0.0,0.9998782590031624,110
2025-05-19 00:00:00,SAC Basic,0.29556717837651497,0.0055852532386779785,0.0,0.0,0.0,0.0,0.9998859226703644,110
2025-05-19 01:00:00,SAC Basic,0.29544341346820124,0.005370527505874634,0.0,0.0,0.0,0.0,0.9998904421925544,110
2025-05-19 02:00:00,SAC Basic,0.2952922460524234,0.005649775266647339,0.0,0.0,0.0,0.0,0.9998842120170593,110
2025-05-19 03:00:00,SAC Basic,0.2961771541166298,0.007972419261932373,0.0,0.0,0.0,0.0,0.9998173251748085,110
2025-05-19 04:00:00,SAC Basic,0.2970513412920626,0.004756152629852295,0.0,0.0,0.0,0.0,0.9998727142810822,110
2025-05-19 05:00:00,SAC Basic,0.29895516018867413,0.005145668983459473,0.0,0.0,0.0,0.0,0.9998931914567948,110
2025-05-19 06:00:00,SAC Basic,0.29951470382928763,0.0018630921840667725,0.0,0.0,0.0,0.0,0.9999299123883247,110
2025-05-19 07:00:00,SAC Basic,0.3069074641338976,0.0028280913829803467,0.0,0.0,0.0,0.0,0.9999337881803513,110
2025-05-19 08:00:00,SAC Basic,0.3069401264802607,0.005298703908920288,0.0,0.0,0.0,0.0,0.9998693197965622,110
2025-05-19 09:00:00,SAC Basic,0.30790858664274134,0.00303804874420166,0.0,0.0,0.0,0.0,0.9999166324734687,110
2025-05-19 10:00:00,SAC Basic,0.3075698812826467,0.004388391971588135,0.0,0.0,0.0,0.0,0.9998987287282943,110
2025-05-19 11:00:00,SAC Basic,0.3086130002649617,0.003935694694519043,0.0,0.0,0.0,0.0,0.999916759133339,110
2025-05-19 12:00:00,SAC Basic,0.30721549400806347,0.005748122930526733,0.0,0.0,0.0,0.0,0.9998669132590294,110
2025-05-19 13:00:00,SAC Basic,0.30567919700860896,0.006610900163650513,0.0,0.0,0.0,0.0,0.9998591542243958,110
2025-05-19 14:00:00,SAC Basic,0.3047283072511347,0.005733072757720947,0.0,0.0,0.0,0.0,0.9998765602707863,110
2025-05-19 15:00:00,SAC Basic,0.30390873007138486,0.011126846075057983,0.0,0.0,0.0,0.0,0.9997235253453254,110
2025-05-19 16:00:00,SAC Basic,0.30306056115865626,0.009049326181411743,0.0,0.0,0.0,0.0,0.9997982382774353,110
2025-05-19 17:00:00,SAC Basic,0.3025965017040563,0.005282163619995117,0.0,0.0,0.0,0.0,0.9998566851019859,110
2025-05-19 18:00:00,SAC Basic,0.3024360374538096,0.002860724925994873,0.0,0.0,0.0,0.0,0.9999185711145401,110
2025-05-19 19:00:00,SAC Basic,0.30238831645091296,0.002683699131011963,0.0,0.0,0.0,0.0,0.99994455575943,110
2025-05-19 20:00:00,SAC Basic,0.30231496419191284,0.0034943222999572754,0.0,0.0,0.0,0.0,0.9999220073223114,110
2025-05-19 21:00:00,SAC Basic,0.30229850460052415,0.0035621225833892822,0.0,0.0,0.0,0.0,0.9999280795454979,110
2025-05-19 22:00:00,SAC Basic,0.30225429679473165,0.0037376582622528076,0.0,0.0,0.0,0.0,0.9999234914779663,110
2025-05-19 23:00:00,SAC Basic,0.3022408839941017,0.0044761598110198975,0.0,0.0,0.0,0.0,0.999903091788292,110
2025-05-20 00:00:00,SAC Basic,0.302254434613386,0.004065185785293579,0.0,0.0,0.0,0.0,0.9999145865440369,110
2025-05-20 01:00:00,SAC Basic,0.3022388129639618,0.003813505172729492,0.0,0.0,0.0,0.0,0.9999212130904198,110
2025-05-20 02:00:00,SAC Basic,0.30219670175154933,0.004366636276245117,0.0,0.0,0.0,0.0,0.9999071359634399,110
2025-05-20 03:00:00,SAC Basic,0.3021242018389695,0.003750026226043701,0.0,0.0,0.0,0.0,0.9999188333749771,110
2025-05-20 04:00:00,SAC Basic,0.30202300649483926,0.0036413967609405518,0.0,0.0,0.0,0.0,0.9999260857701302,110
2025-05-20 05:00:00,SAC Basic,0.3019191428494446,0.0028409063816070557,0.0,0.0,0.0,0.0,0.9999351769685745,110
2025-05-20 06:00:00,SAC Basic,0.3021162082068118,0.0016196072101593018,0.0,0.0,0.0,0.0,0.9999553948640824,110
2025-05-20 07:00:00,SAC Basic,0.30175710216919505,0.002768188714981079,0.0,0.0,0.0,0.0,0.9999331504106522,110
2025-05-20 08:00:00,SAC Basic,0.3009219884292277,0.004465878009796143,0.0,0.0,0.0,0.0,0.999893705546856,110
2025-05-20 09:00:00,SAC Basic,0.30005720384120865,0.006064623594284058,0.0,0.0,0.0,0.0,0.9998627200722695,110
2025-05-20 10:00:00,SAC Basic,0.3039278414018941,0.0096912682056427,0.0,0.0,0.0,0.0,0.9997699081897736,110
2025-05-20 11:00:00,SAC Basic,0.30332201417843424,0.009251832962036133,0.0,0.0,0.0,0.0,0.9998105689883232,110
2025-05-20 12:00:00,SAC Basic,0.3034988007314992,0.012035965919494629,0.0,0.0,0.0,0.0,0.9997314393520356,110
2025-05-20 13:00:00,SAC Basic,0.30227931676308234,0.008154809474945068,0.0,0.0,0.0,0.0,0.9997980922460555,110
2025-05-20 14:00:00,SAC Basic,0.3019734408005071,0.003737211227416992,0.0,0.0,0.0,0.0,0.9998810797929764,110
2025-05-20 15:00:00,SAC Basic,0.31002897669474205,0.0036607682704925537,0.0,0.0,0.0,0.0,0.999926020205021,110
2025-05-20 16:00:00,SAC Basic,0.3116672227207811,0.0019738078117370605,0.0,0.0,0.0,0.0,0.9999436542391776,110
2025-05-20 17:00:00,SAC Basic,0.31170201035658435,0.003936290740966797,0.0,0.0,0.0,0.0,0.9999016493558883,110
2025-05-20 18:00:00,SAC Basic,0.31190192531267713,0.002474486827850342,0.0,0.0,0.0,0.0,0.9999358922243118,110
2025-05-20 19:00:00,SAC Basic,0.3118821760416022,0.002575218677520752,0.0,0.0,0.0,0.0,0.9999474883079529,110
2025-05-20 20:00:00,SAC Basic,0.3155287169345211,0.0024622678756713867,0.0,0.0,0.0,0.0,0.9999496251344682,110
2025-05-20 21:00:00,SAC Basic,0.31817493695576893,0.002366006374359131,0.0,0.0,0.0,0.0,0.9999517172574997,110
2025-05-20 22:00:00,SAC Basic,0.32082424449761615,0.003292262554168701,0.0,0.0,0.0,0.0,-0.08249955757449591,110
2025-05-20 23:00:00,SAC Basic,0.3261436285885166,0.004315227270126343,0.0,0.0,0.0,0.0,-0.6144593930442201,110
2025-05-21 00:00:00,SAC Basic,0.32943308839877355,0.0038379430770874023,0.0,0.0,0.0,0.0,-0.943390371580827,110
2025-05-21 01:00:00,SAC Basic,0.3330582955304772,0.0045621395111083984,0.0,0.0,0.0,0.0,-1.305928037802284,110
2025-05-21 02:00:00,SAC Basic,0.3363839763553928,0.00620424747467041,0.0,0.0,0.0,0.0,-1.6385381415684084,110
2025-05-21 03:00:00,SAC Basic,0.33937911185423447,0.007040649652481079,0.0,0.0,0.0,0.0,-1.9380603624382742,110
2025-05-21 04:00:00,SAC Basic,0.3410380182274174,0.006171911954879761,0.0,0.0,0.0,0.0,-2.103933948357815,110
2025-05-21 05:00:00,SAC Basic,0.34436169732967925,0.00560373067855835,0.0,0.0,0.0,0.0,-2.4362874893942585,110
2025-05-21 06:00:00,SAC Basic,0.34729350732962205,0.005042999982833862,0.0,0.0,0.0,0.0,-2.729457200268819,110
2025-05-21 07:00:00,SAC Basic,0.3481741506814948,0.006693005561828613,0.0,0.0,0.0,0.0,-2.8175654283165077,110
2025-05-21 08:00:00,SAC Basic,0.3476457804958017,0.011488944292068481,0.0,0.0,0.0,0.0,-2.764855787853312,110
2025-05-21 09:00:00,SAC Basic,0.34700534208536066,0.011868476867675781,0.0,0.0,0.0,0.0,-2.7007753733991744,110
2025-05-21 10:00:00,SAC Basic,0.3461814121635747,0.00782102346420288,0.0,0.0,0.0,0.0,-2.618338111360785,110
2025-05-21 11:00:00,SAC Basic,0.3445291842929514,0.014331638813018799,0.0,0.0,0.0,0.0,-2.453270168224885,110
2025-05-21 12:00:00,SAC Basic,0.3427882172242792,0.013209879398345947,0.0,0.0,0.0,0.0,-2.2790971376100346,110
2025-05-21 13:00:00,SAC Basic,0.3410462170084309,0.012899935245513916,0.0,0.0,0.0,0.0,-2.1048827989895287,110
2025-05-21 14:00:00,SAC Basic,0.33950278159061986,0.012969374656677246,0.0,0.0,0.0,0.0,-1.9505382409492307,110
2025-05-21 15:00:00,SAC Basic,0.3403685206429155,0.008221715688705444,0.0,0.0,0.0,0.0,-2.0370639751950037,110
2025-05-21 16:00:00,SAC Basic,0.3413574877834311,0.009190142154693604,0.0,0.0,0.0,0.0,-2.1359422654508644,110
2025-05-21 17:00:00,SAC Basic,0.3409268509054175,0.006808936595916748,0.0,0.0,0.0,0.0,-2.0928450813292576,110
2025-05-21 18:00:00,SAC Basic,0.3418053862396867,0.006060600280761719,0.0,0.0,0.0,0.0,-2.1806673193374366,110
2025-05-21 19:00:00,SAC Basic,0.3421517501417787,0.003909170627593994,0.0,0.0,0.0,0.0,-2.215274711886951,110
2025-05-21 20:00:00,SAC Basic,0.34208415420134775,0.00522121787071228,0.0,0.0,0.0,0.0,-2.2085329649646193,110
2025-05-21 21:00:00,SAC Basic,0.3420160094014795,0.005056560039520264,0.0,0.0,0.0,0.0,-2.2017037179270544,110
2025-05-21 22:00:00,SAC Basic,0.3419460635479283,0.004516243934631348,0.0,0.0,0.0,0.0,-2.1947020828325687,110
2025-05-21 23:00:00,SAC Basic,0.3419043646009755,0.004490315914154053,0.0,0.0,0.0,0.0,-2.1905265256960385,110
2025-05-22 00:00:00,SAC Basic,0.34180769672632133,0.004999637603759766,0.0,0.0,0.0,0.0,-2.180874758601104,110
2025-05-22 01:00:00,SAC Basic,0.34165396482070204,0.004880428314208984,0.0,0.0,0.0,0.0,-2.165495282729383,110
2025-05-22 02:00:00,SAC Basic,0.34790582201321835,0.009557157754898071,0.0,0.0,0.0,0.0,-2.790820111771339,110
2025-05-22 03:00:00,SAC Basic,0.35464173872971455,0.00949963927268982,0.0,0.15472462432381917,0.0,0.0,-3.46436444094173,110
2025-05-22 04:00:00,SAC Basic,0.35439610074303074,0.006845295429229736,0.0,0.14653669143435907,0.0,0.0,-3.4397735236500924,110
2025-05-22 05:00:00,SAC Basic,0.35387650534625226,0.007338225841522217,0.0,0.12921684487507434,0.0,0.0,-3.387802228446178,110
2025-05-22 06:00:00,SAC Basic,0.3542276516916338,0.014265626668930054,0.0,0.14092172305445985,0.0,0.0,-3.4231197557050304,110
2025-05-22 07:00:00,SAC Basic,0.35450919308489415,0.011268854141235352,0.0,0.1503064361631374,0.0,0.0,-3.451174653297516,110
2025-05-22 08:00:00,SAC Basic,0.35434454004298915,0.014422088861465454,0.0,0.1448180014329708,0.0,0.0,-3.434773978423346,110
2025-05-22 09:00:00,SAC Basic,0.3541273119755799,0.016908645629882812,0.0,0.13757706585266335,0.0,0.0,-3.4130942360382703,110
2025-05-22 10:00:00,SAC Basic,0.3531691166812373,0.007178634405136108,0.0,0.10563722270790948,0.0,0.0,-3.317152540924079,110
2025-05-22 11:00:00,SAC Basic,0.35172430212624606,0.0065323710441589355,0.0,0.05747673754153482,0.0,0.0,-3.172567322679098,110
2025-05-22 12:00:00,SAC Basic,0.35055141225332975,0.006513446569442749,0.0,0.01838040844432527,0.0,0.0,-3.05527168350911,110
2025-05-22 13:00:00,SAC Basic,0.3494958992750939,0.00634610652923584,0.0,0.0,0.0,0.0,-2.9497185230403753,110
2025-05-22 14:00:00,SAC Basic,0.34821406136348804,0.006448626518249512,0.0,0.0,0.0,0.0,-2.821536134079058,110
2025-05-22 15:00:00,SAC Basic,0.3471002271929876,0.005849748849868774,0.0,0.0,0.0,0.0,-2.710145703052442,110
2025-05-22 16:00:00,SAC Basic,0.34636121630822575,0.007796734571456909,0.0,0.0,0.0,0.0,-2.636297035371219,110
2025-05-22 17:00:00,SAC Basic,0.3458443937944865,0.0064532458782196045,0.0,0.0,0.0,0.0,-2.5845818792531468,110
2025-05-22 18:00:00,SAC Basic,0.34557786102369387,0.005040168762207031,0.0,0.0,0.0,0.0,-2.5579010365157906,110
2025-05-22 19:00:00,SAC Basic,0.3454252819712456,0.0052262842655181885,0.0,0.0,0.0,0.0,-2.542634583964904,110
2025-05-22 20:00:00,SAC Basic,0.3452736685140427,0.005515962839126587,0.0,0.0,0.0,0.0,-2.5274800674467857,110
2025-05-22 21:00:00,SAC Basic,0.34512568398629584,0.006604641675949097,0.0,0.0,0.0,0.0,-2.5127113782514705,110
2025-05-22 22:00:00,SAC Basic,0.34564442175621746,0.006621330976486206,0.0,0.0,0.0,0.0,-2.56457476913428,110
2025-05-22 23:00:00,SAC Basic,0.3458341832923388,0.007928460836410522,0.0,0.0,0.0,0.0,-2.583589969749205,110
2025-05-23 00:00:00,SAC Basic,0.34571774478827866,0.007568448781967163,0.0,0.0,0.0,0.0,-2.5719294479240484,110
2025-05-23 01:00:00,SAC Basic,0.34626126295799964,0.005555450916290283,0.0,0.0,0.0,0.0,-2.626257534796946,110
2025-05-23 02:00:00,SAC Basic,0.3471151281610623,0.007159560918807983,0.0,0.0,0.0,0.0,-2.7116720484246333,110
2025-05-23 03:00:00,SAC Basic,0.3483697753476595,0.010394155979156494,0.0,0.0,0.0,0.0,-2.8372177638361364,110
2025-05-23 04:00:00,SAC Basic,0.3483100109608467,0.00757068395614624,0.0,0.0,0.0,0.0,-2.831180744484021,110
2025-05-23 05:00:00,SAC Basic,0.34956301653618566,0.009901672601699829,0.0,0.0,0.0,0.0,-2.956522996957055,110
2025-05-23 06:00:00,SAC Basic,0.35943583253045336,0.010372549295425415,0.0,0.3145277510151118,0.0,0.0,-3.943795412798181,110
2025-05-23 07:00:00,SAC Basic,0.36015112428003065,0.02095833420753479,0.0,0.3383708093343543,0.0,0.0,-4.015637452536336,110
2025-05-23 08:00:00,SAC Basic,0.35894107489895977,0.013521015644073486,0.0,0.2980358299653261,0.0,0.0,-3.894452283394492,110
2025-05-23 09:00:00,SAC Basic,0.3572259045006528,0.006812363862991333,0.0,0.240863483355092,0.0,0.0,-3.722793783860348,110
2025-05-23 10:00:00,SAC Basic,0.3553975280040826,0.005404651165008545,0.0,0.17991760013608485,0.0,0.0,-3.5398749705585377,110
2025-05-23 11:00:00,SAC Basic,0.3535033169352703,0.007513910531997681,0.0,0.11677723117567639,0.0,0.0,-3.350503064331341,110
2025-05-23 12:00:00,SAC Basic,0.3517777038517915,0.009072870016098022,0.0,0.05925679505971857,0.0,0.0,-3.1779674321743143,110
2025-05-23 13:00:00,SAC Basic,0.35027517732566504,0.00891461968421936,0.0,0.009172577522167559,0.0,0.0,-3.027697607463507,110
2025-05-23 14:00:00,SAC Basic,0.34902274761782,0.006771087646484375,0.0,0.0,0.0,0.0,-2.9024316188553048,110
2025-05-23 15:00:00,SAC Basic,0.3481561748904577,0.005528181791305542,0.0,0.0,0.0,0.0,-2.815740481740147,110
2025-05-23 16:00:00,SAC Basic,0.34802880412683795,0.008288770914077759,0.0,0.0,0.0,0.0,-2.803073793993304,110
2025-05-23 17:00:00,SAC Basic,0.34829852421627355,0.008416026830673218,0.0,0.0,0.0,0.0,-2.8300220147231343,110
2025-05-23 18:00:00,SAC Basic,0.3480939788201045,0.006636381149291992,0.0,0.0,0.0,0.0,-2.80954840609025,110
2025-05-23 19:00:00,SAC Basic,0.34797264131094924,0.006098747253417969,0.0,0.0,0.0,0.0,-2.7973914823789503,110
2025-05-23 20:00:00,SAC Basic,0.34919717099851283,0.009858906269073486,0.0,0.0,0.0,0.0,-2.9199518795668205,110
2025-05-23 21:00:00,SAC Basic,0.35250278873776714,0.009111613035202026,0.0,0.08342629125890398,0.0,0.0,-3.250468578969756,110
2025-05-23 22:00:00,SAC Basic,0.35967490231980664,0.008130818605422974,0.0,0.32249674399355543,0.0,0.0,-3.96766265629707,110
2025-05-23 23:00:00,SAC Basic,0.36283301067748475,0.009199529886245728,0.0,0.42776702258282456,0.0,0.0,-4.283495745459007,110
2025-05-24 00:00:00,SAC Basic,0.37318716445731054,0.013151615858078003,0.0,0.7729054819103496,0.0,0.0,-5.319018998907933,110
2025-05-24 01:00:00,SAC Basic,0.3749782785496139,0.012443512678146362,0.0,0.8326092849871302,0.0,0.0,-5.498083806246751,110
2025-05-24 02:00:00,SAC Basic,0.3750822602947674,0.018269866704940796,0.0,0.8360753431589117,0.0,0.0,-5.5086496903511035,110
2025-05-24 03:00:00,SAC Basic,0.3778750208742727,0.01799553632736206,0.0,0.9291673624757565,0.0,0.0,-5.787864741457594,110
2025-05-24 04:00:00,SAC Basic,0.377711817607341,0.017266273498535156,0.0,0.923727253578035,0.0,0.0,-5.771534378832359,110
2025-05-24 05:00:00,SAC Basic,0.38566700333618326,0.009455829858779907,0.0,1.1889001112061082,0.0,0.0,-6.566967554651898,110
2025-05-24 06:00:00,SAC Basic,0.388578140806644,0.010279268026351929,0.0,1.2859380268881324,0.0,0.0,-6.858027900406602,110
2025-05-24 07:00:00,SAC Basic,0.38790730436541626,0.0218258798122406,0.0,1.2635768121805429,0.0,0.0,-6.79128242025573,110
2025-05-24 08:00:00,SAC Basic,0.38877468065599785,0.046202242374420166,0.0,1.292489355199929,0.0,0.0,-6.878635874072895,110
2025-05-24 09:00:00,SAC Basic,0.3889470203239338,0.05193591117858887,0.0,1.2982340107977948,0.0,0.0,-6.895798087304993,110
2025-05-24 10:00:00,SAC Basic,0.38844541202580485,0.05003124475479126,0.0,1.2815137341934943,0.0,0.0,-6.845560874139818,110
2025-05-24 11:00:00,SAC Basic,0.3869315318835576,0.055387020111083984,0.0,1.2310510627852538,0.0,0.0,-6.694314486511544,110
2025-05-24 12:00:00,SAC Basic,0.384583559064579,0.04389345645904541,0.0,1.1527853021526326,0.0,0.0,-6.459348711223598,110
2025-05-24 13:00:00,SAC Basic,0.3811828822390842,0.03172636032104492,0.0,1.0394294079694733,0.0,0.0,-6.119044422076219,110
2025-05-24 14:00:00,SAC Basic,0.3785037244539804,0.03337681293487549,0.0,0.9501241484660128,0.0,0.0,-5.851056486182875,110
2025-05-24 15:00:00,SAC Basic,0.3768998897469055,0.03451257944107056,0.0,0.8966629915635181,0.0,0.0,-5.690690583944435,110
2025-05-24 16:00:00,SAC Basic,0.37667767111599554,0.03309011459350586,0.0,0.8892557038665174,-1.4210854715202004e-14,0.0,-5.6684431385398995,110
2025-05-24 17:00:00,SAC Basic,0.3759915053332458,0.04553377628326416,0.0,0.8663835111081938,0.0,0.0,-5.600185645467144,110
2025-05-24 18:00:00,SAC Basic,0.3760344820248434,0.03170907497406006,0.0,0.8678160674947805,0.0,0.0,-5.604220630996914,110
2025-05-24 19:00:00,SAC Basic,0.3761589665244236,0.03481090068817139,0.0,0.8719655508141202,0.0,0.0,-5.616623888713264,110
2025-05-24 20:00:00,SAC Basic,0.37350642636497744,0.021785497665405273,0.0,0.7835475454992477,0.0,0.0,-5.351208600481279,110
2025-05-24 21:00:00,SAC Basic,0.37113747291195326,0.01939639449119568,0.0,0.7045824303984433,0.0,0.0,-5.1141591101168915,110
2025-05-24 22:00:00,SAC Basic,0.36900229315997307,0.018355846405029297,0.0,0.6334097719991022,0.0,0.0,-4.900606838406269,110
2025-05-24 23:00:00,SAC Basic,0.3670930028641326,0.013979673385620117,0.0,0.5697667621377548,0.0,0.0,-4.709623641611166,110
2025-05-25 00:00:00,SAC Basic,0.365375595123181,0.014297515153884888,0.0,0.5125198374393677,0.0,0.0,-4.537848641038861,110
2025-05-25 01:00:00,SAC Basic,0.36384769400663014,0.011719465255737305,0.0,0.46158980022100454,0.0,0.0,-4.38502957046711,110
2025-05-25 02:00:00,SAC Basic,0.36249243471658377,0.009836703538894653,0.0,0.4164144905527934,0.0,0.0,-4.249459033346323,110
2025-05-25 03:00:00,SAC Basic,0.3612719816294564,0.009596794843673706,0.0,0.37573272098188115,0.0,0.0,-4.127392497929465,110
2025-05-25 04:00:00,SAC Basic,0.3622462358519364,0.01748412847518921,0.0,0.4082078617312121,0.0,0.0,-4.225052141099457,110
2025-05-25 05:00:00,SAC Basic,0.3612711726095314,0.00868678092956543,0.0,0.3757057536510473,0.0,0.0,-4.127378970047187,110
2025-05-25 06:00:00,SAC Basic,0.36039735781997756,0.009934157133102417,0.0,0.3465785939992529,0.0,0.0,-4.039946938902453,110
2025-05-25 07:00:00,SAC Basic,0.3600724938217132,0.014790594577789307,0.0,0.33574979405710653,0.0,0.0,-4.007593758437322,110
2025-05-25 08:00:00,SAC Basic,0.3585088625175353,0.010039359331130981,0.0,0.28362875058450926,0.0,0.0,-3.851134551292616,110
2025-05-25 09:00:00,SAC Basic,0.35668340731393655,0.0066436827182769775,0.0,0.2227802437978852,0.0,0.0,-3.668507561814149,110
2025-05-25 10:00:00,SAC Basic,0.3547370417059484,0.007491707801818848,0.0,0.15790139019827906,0.0,0.0,-3.4738624850017095,110
2025-05-25 11:00:00,SAC Basic,0.35276128570625387,0.009316056966781616,0.0,0.09204285687512909,0.0,0.0,-3.2763331352563716,110
2025-05-25 12:00:00,SAC Basic,0.350856595935725,0.00964626669883728,0.0,0.028553197857500837,0.0,0.0,-3.0858558210037956,110
2025-05-25 13:00:00,SAC Basic,0.34937223112017196,0.0071905553340911865,0.0,0.0,0.0,0.0,-2.9373914802375247,110
2025-05-25 14:00:00,SAC Basic,0.34783937827577477,0.007644146680831909,0.0,0.0,0.0,0.0,-2.7840952464245605,110
2025-05-25 15:00:00,SAC Basic,0.34658698532412735,0.006782114505767822,0.0,0.0,0.0,0.0,-2.6588427950246007,110
2025-05-25 16:00:00,SAC Basic,0.3459754846190441,0.005549788475036621,0.0,0.0,0.0,0.0,-2.597671780934217,110
2025-05-25 17:00:00,SAC Basic,0.34551307223946137,0.0057762861251831055,0.0,0.0,0.0,0.0,-2.551425014645142,110
2025-05-25 18:00:00,SAC Basic,0.3454414713636069,0.004019737243652344,0.0,0.0,0.0,0.0,-2.5442450965943797,110
2025-05-25 19:00:00,SAC Basic,0.34542860990594115,0.0046415627002716064,0.0,0.0,0.0,0.0,-2.5429600401026864,110
2025-05-25 20:00:00,SAC Basic,0.3453566891518264,0.003923773765563965,0.0,0.0,0.0,0.0,-2.5357545685472958,110
2025-05-25 21:00:00,SAC Basic,0.34528702542692713,0.004600882530212402,0.0,0.0,0.0,0.0,-2.5288013314309628,110
2025-05-25 22:00:00,SAC Basic,0.3452162952755918,0.004280954599380493,0.0,0.0,0.0,0.0,-2.521718345930473,110
2025-05-25 23:00:00,SAC Basic,0.34517353238572973,0.004171133041381836,0.0,0.0,0.0,0.0,-2.51743775944938,110
2025-05-26 00:00:00,SAC Basic,0.3451333180911372,0.004935711622238159,0.0,0.0,0.0,0.0,-2.51343816913197,110
2025-05-26 01:00:00,SAC Basic,0.3464115188152621,0.008960217237472534,0.0,0.0,0.0,0.0,-2.641371330927112,110
2025-05-26 02:00:00,SAC Basic,0.34769105021308166,0.009359419345855713,0.0,0.0,0.0,0.0,-2.7692962017161666,110
2025-05-26 03:00:00,SAC Basic,0.3541668063043681,0.007120370864868164,0.0,0.13889354347893743,0.0,0.0,-3.4168454283389154,110
2025-05-26 04:00:00,SAC Basic,0.3563992345115359,0.008536279201507568,0.0,0.21330781705119506,-1.4210854715202004e-14,0.0,-3.640108335820983,110
2025-05-26 05:00:00,SAC Basic,0.3593118043987288,0.009664446115493774,0.0,0.31039347995762656,0.0,0.0,-3.9313850104643278,110
2025-05-26 06:00:00,SAC Basic,0.3586039636814893,0.008446574211120605,0.0,0.28679878938297493,0.0,0.0,-3.8605774783521936,110
2025-05-26 07:00:00,SAC Basic,0.35752708606996836,0.012839585542678833,0.0,0.25090286899894637,0.0,0.0,-3.7530093288210042,110
2025-05-26 08:00:00,SAC Basic,0.3561334350558404,0.0073525309562683105,0.0,0.2044478351946779,-1.4210854715202004e-14,0.0,-3.613545426749028,110
2025-05-26 09:00:00,SAC Basic,0.3545420875827327,0.005498677492141724,0.0,0.15140291942442446,0.0,0.0,-3.4543372703577533,110
2025-05-26 10:00:00,SAC Basic,0.3528570027427544,0.006207972764968872,0.0,0.0952334247584787,0.0,0.0,-3.2858315266834657,110
2025-05-26 11:00:00,SAC Basic,0.35114450967067506,0.008902400732040405,0.0,0.038150322355835445,0.0,0.0,-3.114655959361817,110
2025-05-26 12:00:00,SAC Basic,0.3493031705641153,0.008598268032073975,0.0,0.0,0.0,0.0,-2.9304920630991713,110
2025-05-26 13:00:00,SAC Basic,0.3475264508739514,0.010984092950820923,0.0,0.0,0.0,0.0,-2.752888627503343,110
2025-05-26 14:00:00,SAC Basic,0.3460035808141433,0.010638982057571411,0.0,0.0,0.0,0.0,-2.6005743121644116,110
2025-05-26 15:00:00,SAC Basic,0.3447242631856007,0.007204711437225342,0.0,0.0,0.0,0.0,-2.4726047554950146,110
2025-05-26 16:00:00,SAC Basic,0.3444491182660463,0.006456524133682251,0.0,0.0,0.0,0.0,-2.4450484389603377,110
2025-05-26 17:00:00,SAC Basic,0.34427408698473394,0.008990615606307983,0.0,0.0,0.0,0.0,-2.427613851700246,110
2025-05-26 18:00:00,SAC Basic,0.34407742082589887,0.009000152349472046,0.0,0.0,0.0,0.0,-2.407922181004308,110
2025-05-26 19:00:00,SAC Basic,0.343987147039513,0.006917864084243774,0.0,0.0,0.0,0.0,-2.3988738841156363,110
2025-05-26 20:00:00,SAC Basic,0.34386736272805946,0.006564706563949585,0.0,0.0,0.0,0.0,-2.386871098512427,110
2025-05-26 21:00:00,SAC Basic,0.34380463301016906,0.006681084632873535,0.0,0.0,0.0,0.0,-2.380598086490252,110
2025-05-26 22:00:00,SAC Basic,0.3437126714189253,0.006411522626876831,0.0,0.0,0.0,0.0,-2.371398067965128,110
2025-05-26 23:00:00,SAC Basic,0.3436466962281269,0.005707442760467529,0.0,0.0,0.0,0.0,-2.364790812466561,110
2025-05-27 00:00:00,SAC Basic,0.34363785311692974,0.005847066640853882,0.0,0.0,0.0,0.0,-2.3639036492645937,110
2025-05-27 01:00:00,SAC Basic,0.34365697428697367,0.005736351013183594,0.0,0.0,0.0,0.0,-2.365813262873907,110
2025-05-27 02:00:00,SAC Basic,0.3436769423396788,0.005990415811538696,0.0,0.0,0.0,0.0,-2.367816582932096,110
2025-05-27 03:00:00,SAC Basic,0.34369645392014603,0.005853474140167236,0.0,0.0,0.0,0.0,-2.3697638309141196,110
2025-05-27 04:00:00,SAC Basic,0.3436880379755698,0.005975216627120972,0.0,0.0,0.0,0.0,-2.3689245193143904,110
2025-05-27 05:00:00,SAC Basic,0.34367953312073174,0.005948543548583984,0.0,0.0,0.0,0.0,-2.3680725496749306,110
2025-05-27 06:00:00,SAC Basic,0.34364177453750394,0.005672425031661987,0.0,0.0,0.0,0.0,-2.364293663436196,110
2025-05-27 07:00:00,SAC Basic,0.3433522321215671,0.006637275218963623,0.0,0.0,0.0,0.0,-2.335365606162964,110
2025-05-27 08:00:00,SAC Basic,0.34261489563061814,0.008299052715301514,0.0,0.0,0.0,0.0,-2.261672161891083,110
2025-05-27 09:00:00,SAC Basic,0.3414735372598372,0.006092488765716553,0.0,0.0,0.0,0.0,-2.1474976413985294,110
2025-05-27 10:00:00,SAC Basic,0.33989800573422535,0.0033405423164367676,0.0,0.0,0.0,0.0,-1.9898949037333558,110
2025-05-27 11:00:00,SAC Basic,0.3380672149284087,0.003262758255004883,0.0,0.0,0.0,0.0,-1.8067875258465826,110
2025-05-27 12:00:00,SAC Basic,0.3361219255184533,0.002913177013397217,0.0,0.0,0.0,0.0,-1.6122543111980157,110
2025-05-27 13:00:00,SAC Basic,0.334289166269243,0.0026722252368927,0.0,0.0,0.0,0.0,-1.428972480946801,110
2025-05-27 14:00:00,SAC Basic,0.33259972076171657,0.0031663477420806885,0.0,0.0,0.0,0.0,-1.2600403443515493,110
2025-05-27 15:00:00,SAC Basic,0.33119507039143664,0.003604888916015625,0.0,0.0,0.0,0.0,-1.1195835223337232,110
2025-05-27 16:00:00,SAC Basic,0.33031122038279,0.006844997406005859,0.0,0.0,0.0,0.0,-1.0312913393120178,110
2025-05-27 17:00:00,SAC Basic,0.32981839297765514,0.00515177845954895,0.0,0.0,0.0,0.0,-0.9819592655241688,110
2025-05-27 18:00:00,SAC Basic,0.3296589886966747,0.003178715705871582,0.0,0.0,0.0,0.0,-0.965982174609124,110
2025-05-27 19:00:00,SAC Basic,0.32958310075674474,0.0027336180210113525,0.0,0.0,0.0,0.0,-0.9583691990117422,110
2025-05-27 20:00:00,SAC Basic,0.32939403395885253,0.0027799606323242188,0.0,0.0,0.0,0.0,-0.9394594585240118,110
2025-05-27 21:00:00,SAC Basic,0.32917613612884306,0.0026306509971618652,0.0,0.0,0.0,0.0,-0.9176677190005997,110
2025-05-27 22:00:00,SAC Basic,0.3289296307841343,0.002548396587371826,0.0,0.0,0.0,0.0,-0.8930148688892733,110
2025-05-27 23:00:00,SAC Basic,0.3286546356438997,0.002501457929611206,0.0,0.0,0.0,0.0,-0.8655140629351376,110
2025-05-28 00:00:00,SAC Basic,0.32871460899108673,0.002992004156112671,0.0,0.0,0.0,0.0,-0.8715256446540598,110
2025-05-28 01:00:00,SAC Basic,0.32877508351399526,0.0031423568725585938,0.0,0.0,0.0,0.0,-0.8775727020641408,110
2025-05-28 02:00:00,SAC Basic,0.3285896183267636,0.0038604438304901123,0.0,0.0,0.0,0.0,-0.8590462224225472,110
2025-05-28 03:00:00,SAC Basic,0.3284580919002893,0.003042072057723999,0.0,0.0,0.0,0.0,-0.845878215187811,110
2025-05-28 04:00:00,SAC Basic,0.3296677298640611,0.0053913891315460205,0.0,0.0,0.0,0.0,-0.9669043073594806,110
2025-05-28 05:00:00,SAC Basic,0.32953840334568446,0.0037020444869995117,0.0,0.0,0.0,0.0,-0.9539312689046309,110
2025-05-28 06:00:00,SAC Basic,0.32938090442651535,0.003750324249267578,0.0,0.0,0.0,0.0,-0.9381659319341427,110
2025-05-28 07:00:00,SAC Basic,0.3290278576977454,0.004585981369018555,0.0,0.0,0.0,0.0,-0.9028858459731168,110
2025-05-28 08:00:00,SAC Basic,0.32937023725503706,0.0067138671875,0.0,0.0,0.0,0.0,-0.9371792817056399,110
2025-05-28 09:00:00,SAC Basic,0.33180106455717506,0.009748190641403198,0.0,0.0,0.0,0.0,-1.1803317627648726,110
2025-05-28 10:00:00,SAC Basic,0.331909454520484,0.00451698899269104,0.0,0.0,0.0,0.0,-1.1910881038447383,110
2025-05-28 11:00:00,SAC Basic,0.3314822732161881,0.0033456087112426758,0.0,0.0,0.0,0.0,-1.1483059475958504,110
2025-05-28 12:00:00,SAC Basic,0.3312634069235525,0.004340112209320068,0.0,0.0,0.0,0.0,-1.1264374396344161,110
2025-05-28 13:00:00,SAC Basic,0.33124972551260407,0.0018955767154693604,0.0,0.0,0.0,0.0,-1.1250349081496538,110
2025-05-28 14:00:00,SAC Basic,0.33229969731324926,0.0019915401935577393,0.0,0.0,0.0,0.0,-1.230010521763578,110
2025-05-28 15:00:00,SAC Basic,0.3335546816443803,0.003995299339294434,0.0,0.0,0.0,0.0,-1.3555681080162718,110
2025-05-28 16:00:00,SAC Basic,0.3345011810906134,0.002949833869934082,0.0,0.0,0.0,0.0,-1.4501875603934302,110
2025-05-28 17:00:00,SAC Basic,0.33528811471376835,0.004080086946487427,0.0,0.0,0.0,0.0,-1.5289043756465295,110
2025-05-28 18:00:00,SAC Basic,0.3358523020529153,0.00325620174407959,0.0,0.0,0.0,0.0,-1.5853035681784327,110
2025-05-28 19:00:00,SAC Basic,0.336168390503665,0.0033265352249145508,0.0,0.0,0.0,0.0,-1.6169062844058042,110
2025-05-28 20:00:00,SAC Basic,0.33782528323326527,0.005567818880081177,0.0,0.0,0.0,0.0,-1.7826620925406798,110
2025-05-28 21:00:00,SAC Basic,0.3384462350900374,0.0032855570316314697,0.0,0.0,0.0,0.0,-1.844712042762857,110
2025-05-28 22:00:00,SAC Basic,0.33840240726385534,0.003851652145385742,0.0,0.0,0.0,0.0,-1.8403234203795789,110
2025-05-28 23:00:00,SAC Basic,0.33833152959102414,0.004236698150634766,0.0,0.0,0.0,0.0,-1.8332415435254785,110
2025-05-29 00:00:00,SAC Basic,0.3382333855080011,0.004556775093078613,0.0,0.0,0.0,0.0,-1.8234328870713936,110
2025-05-29 01:00:00,SAC Basic,0.3380813364401859,0.005385279655456543,0.0,0.0,0.0,0.0,-1.808249634657322,110
2025-05-29 02:00:00,SAC Basic,0.3379284201247893,0.005125105381011963,0.0,0.0,0.0,0.0,-1.7929471163292936,110
2025-05-29 03:00:00,SAC Basic,0.3381074543149672,0.004710257053375244,0.0,0.0,0.0,0.0,-1.8108437851210626,110
2025-05-29 04:00:00,SAC Basic,0.3379209162441295,0.003538578748703003,0.0,0.0,0.0,0.0,-1.7921741127709712,110
2025-05-29 05:00:00,SAC Basic,0.33773829668198047,0.0047141313552856445,0.0,0.0,0.0,0.0,-1.7739357063512176,110
2025-05-29 06:00:00,SAC Basic,0.3375292178558709,0.005276352167129517,0.0,0.0,0.0,0.0,-1.7530329348385525,110
2025-05-29 07:00:00,SAC Basic,0.3378508854142231,0.007000267505645752,0.0,0.0,0.0,0.0,-1.7852457859258064,110
2025-05-29 08:00:00,SAC Basic,0.35168713171190635,0.009111613035202026,0.0,0.05623772373021155,0.0,0.0,-3.1689165169066342,110
2025-05-29 09:00:00,SAC Basic,0.35514412627458525,0.010569244623184204,0.0,0.1714708758195087,0.0,0.0,-3.514638588666868,110
2025-05-29 10:00:00,SAC Basic,0.3593937198140617,0.007002055644989014,0.0,0.3131239938020571,0.0,0.0,-3.939547694408852,110
2025-05-29 11:00:00,SAC Basic,0.361659933221316,0.004528462886810303,0.0,0.3886644407105337,0.0,0.0,-4.166108627316918,110
2025-05-29 12:00:00,SAC Basic,0.364583739801862,0.007766634225845337,0.0,0.48612466006206606,0.0,0.0,-4.458561694584105,110
2025-05-29 13:00:00,SAC Basic,0.36606023959167433,0.014291256666183472,0.0,0.5353413197224782,0.0,0.0,-4.606375030525159,110
2025-05-29 14:00:00,SAC Basic,0.36795575845439105,0.020180940628051758,0.0,0.5985252818130349,0.0,0.0,-4.796038361091283,110
2025-05-29 15:00:00,SAC Basic,0.37061139350592076,0.011236965656280518,0.0,0.6870464501973587,0.0,0.0,-5.061453529654918,110
2025-05-29 16:00:00,SAC Basic,0.3694203310245781,0.026025623083114624,0.0,0.6473443674859354,-1.4210854715202004e-14,0.0,-4.94270150149374,110
2025-05-29 17:00:00,SAC Basic,0.36783582941077725,0.012677162885665894,0.0,0.5945276470259089,0.0,0.0,-4.783969968937412,110
2025-05-29 18:00:00,SAC Basic,0.3670560013603798,0.02808496356010437,0.0,0.568533378679328,0.0,0.0,-4.706315913315926,110
2025-05-29 19:00:00,SAC Basic,0.3657991267480521,0.017575174570083618,0.0,0.5266375582684034,0.0,0.0,-4.580369276186511,110
2025-05-29 20:00:00,SAC Basic,0.36437216094691177,0.018982291221618652,0.0,0.47907203156372447,0.0,0.0,-4.437609811682125,110
2025-05-29 21:00:00,SAC Basic,0.36494856669269754,0.013707280158996582,0.0,0.4982855564232523,0.0,0.0,-4.495183564983559,110
2025-05-29 22:00:00,SAC Basic,0.36397872722890456,0.017505735158920288,0.0,0.4659575742968187,0.0,0.0,-4.398260822143634,110
2025-05-29 23:00:00,SAC Basic,0.36400614619088,0.017597228288650513,0.0,0.46687153969600104,0.0,0.0,-4.400967478585071,110
2025-05-30 00:00:00,SAC Basic,0.3655425561329588,0.02150818705558777,0.0,0.5180852044319594,0.0,0.0,-4.554724886624658,110
2025-05-30 01:00:00,SAC Basic,0.3645258014118252,0.013166964054107666,0.0,0.48419338039417426,0.0,0.0,-4.452926892693618,110
2025-05-30 02:00:00,SAC Basic,0.36330209215529957,0.010290294885635376,0.0,0.44340307184331923,0.0,0.0,-4.330443788119354,110
2025-05-30 03:00:00,SAC Basic,0.3718216431071299,0.008753389120101929,0.0,0.7273881035709977,0.0,0.0,-5.182354747553046,110
2025-05-30 04:00:00,SAC Basic,0.37527077529209296,0.01109883189201355,0.0,0.8423591764030989,0.0,0.0,-5.527322960274855,110
2025-05-30 05:00:00,SAC Basic,0.3756910998214851,0.007967352867126465,0.0,0.8563699940495028,0.0,0.0,-5.569300643996098,110
2025-05-30 06:00:00,SAC Basic,0.37330358765341964,0.011532604694366455,0.0,0.7767862551139886,0.0,0.0,-5.330625069954124,110
2025-05-30 07:00:00,SAC Basic,0.37072259906987665,0.018456727266311646,0.0,0.6907533023292203,-1.4210854715202004e-14,0.0,-5.07269828275871,110
2025-05-30 08:00:00,SAC Basic,0.3680610178952841,0.016059577465057373,0.0,0.6020339298428041,0.0,0.0,-4.806446952575724,110
2025-05-30 09:00:00,SAC Basic,0.36534242288900276,0.010335594415664673,0.0,0.5114140963000907,0.0,0.0,-4.534506240619082,110
2025-05-30 10:00:00,SAC Basic,0.3626273288494902,0.014382749795913696,0.0,0.4209109616496733,0.0,0.0,-4.263061011498743,110
2025-05-30 11:00:00,SAC Basic,0.3612824009081028,0.014601647853851318,0.0,0.3760800302700929,0.0,0.0,-4.128534312747937,110
2025-05-30 12:00:00,SAC Basic,0.35949550238385525,0.01394718885421753,0.0,0.31651674612850655,0.0,0.0,-3.9498357267526045,110
2025-05-30 13:00:00,SAC Basic,0.3572023644231682,0.011137425899505615,0.0,0.24007881410560686,0.0,0.0,-3.7204872884643585,110
2025-05-30 14:00:00,SAC Basic,0.3580172850255005,0.002719014883041382,0.0,0.26724283418335093,0.0,0.0,-3.801867066957876,110
2025-05-30 15:00:00,SAC Basic,0.3599834902990907,0.003144592046737671,0.0,0.3327830099696897,0.0,0.0,-3.9984161775216425,110
2025-05-30 16:00:00,SAC Basic,0.35880751419088686,0.010790973901748657,0.0,0.293583806362895,0.0,0.0,-3.88104370238527,110
2025-05-30 17:00:00,SAC Basic,0.3715112231919298,0.021653473377227783,0.0,0.7170407730643277,0.0,0.0,-5.15166401365528,110
2025-05-30 18:00:00,SAC Basic,0.3704239252369222,0.014108121395111084,0.0,0.6807975078974068,0.0,0.0,-5.042750139639942,110
2025-05-30 19:00:00,SAC Basic,0.3689101568346575,0.010208040475845337,0.0,0.63033856115525,0.0,0.0,-4.891258845084459,110
2025-05-30 20:00:00,SAC Basic,0.3840322439842243,0.01353427767753601,0.0,1.134408132807478,0.0,0.0,-6.403528346347997,110
2025-05-30 21:00:00,SAC Basic,0.38949415912647417,0.014546513557434082,0.0,1.3164719708824735,0.0,0.0,-6.949716965277364,110
2025-05-30 22:00:00,SAC Basic,0.39530203145092163,0.028929412364959717,0.0,1.510067715030722,0.0,0.0,-7.530925562327536,110
2025-05-30 23:00:00,SAC Basic,0.3993575933171401,0.04692167043685913,0.0,1.6452531105713364,0.0,0.0,-7.936877687703466,110
2025-05-31 00:00:00,SAC Basic,0.39443822438035214,0.015963464975357056,0.0,1.481274146011738,0.0,0.0,-7.4444512893893355,110
2025-05-31 01:00:00,SAC Basic,0.38969372946459474,0.010275840759277344,0.0,1.3231243154864913,0.0,0.0,-6.969635339516819,110
2025-05-31 02:00:00,SAC Basic,0.3855012908986666,0.010644793510437012,0.0,1.183376363288886,0.0,0.0,-6.550345675264378,110
2025-05-31 03:00:00,SAC Basic,0.3817784332366697,0.010423809289932251,0.0,1.059281107888991,0.0,0.0,-6.178054009694975,110
2025-05-31 04:00:00,SAC Basic,0.3784243583758991,0.009256154298782349,0.0,0.9474786125299701,0.0,0.0,-5.8426326372257975,110
2025-05-31 05:00:00,SAC Basic,0.375372522565632,0.006700009107589722,0.0,0.8457507521877332,0.0,0.0,-5.537411818197266,110
2025-05-31 06:00:00,SAC Basic,0.37254839267120565,0.0063741207122802734,0.0,0.7516130890401883,0.0,0.0,-5.254970008418763,110
2025-05-31 07:00:00,SAC Basic,0.3699030954980773,0.005847364664077759,0.0,0.6634365166025774,0.0,0.0,-4.990431764661494,110
2025-05-31 08:00:00,SAC Basic,0.3671788092718055,0.010341107845306396,0.0,0.5726269757268512,0.0,0.0,-4.71813268676927,110
2025-05-31 09:00:00,SAC Basic,0.3645733177727637,0.010129809379577637,0.0,0.4857772590921243,0.0,0.0,-4.4575364864486176,110
2025-05-31 10:00:00,SAC Basic,0.3617825855419198,0.006033182144165039,0.0,0.3927528513973272,0.0,0.0,-4.178420184107215,110
2025-05-31 11:00:00,SAC Basic,0.3591220486423814,0.0074072182178497314,0.0,0.3040682880793796,0.0,0.0,-3.9123667489632328,110
2025-05-31 12:00:00,SAC Basic,0.3567345847737888,0.00974699854850769,0.0,0.22448615912629322,1.4210854715202004e-14,0.0,-3.6736768151531534,110
2025-05-31 13:00:00,SAC Basic,0.35456454080928257,0.011138170957565308,0.0,0.15215136030941923,0.0,0.0,-3.456690756071498,110
2025-05-31 14:00:00,SAC Basic,0.3527392310171326,0.011214762926101685,0.0,0.09130770057108749,0.0,0.0,-3.274148162891468,110
2025-05-31 15:00:00,SAC Basic,0.3514044079816044,0.01186668872833252,0.0,0.04681359938681169,0.0,0.0,-3.1406846511930264,110
2025-05-31 16:00:00,SAC Basic,0.35051498107347195,0.013837963342666626,0.0,0.017166035782398125,0.0,0.0,-3.0517945793601915,110
2025-05-31 17:00:00,SAC Basic,0.3500084262296555,0.0183144211769104,0.0,0.0002808743218494669,0.0,0.0,-3.0012536759674298,110
2025-05-31 18:00:00,SAC Basic,0.3497792253380018,0.01623973250389099,0.0,0.0,0.0,0.0,-2.9782680753369895,110
2025-05-31 19:00:00,SAC Basic,0.34964615438908314,0.011078715324401855,0.0,0.0,0.0,0.0,-2.9648886233865963,110
2025-05-31 20:00:00,SAC Basic,0.34952548368980463,0.014798790216445923,0.0,0.0,0.0,0.0,-2.9528815455337116,110
2025-05-31 21:00:00,SAC Basic,0.3494326824010409,0.014659613370895386,0.0,0.0,0.0,0.0,-2.9435628241399647,110
2025-05-31 22:00:00,SAC Basic,0.3493448700210449,0.016156286001205444,0.0,0.0,0.0,0.0,-2.9348250945508183,110
2025-05-31 23:00:00,SAC Basic,0.34925682816316655,0.016087442636489868,0.0,0.0,0.0,0.0,-2.9260052536030314,110
2025-06-01 00:00:00,SAC Basic,0.3491648027281957,0.014892369508743286,0.0,0.0,0.0,0.0,-2.9167900709410235,110
2025-06-01 01:00:00,SAC Basic,0.3490461536197858,0.015405267477035522,0.0,0.0,0.0,0.0,-2.904928596307803,110
2025-06-01 02:00:00,SAC Basic,0.34892722834318846,0.01532241702079773,0.0,0.0,0.0,0.0,-2.8930301111638235,110
2025-06-01 03:00:00,SAC Basic,0.3488035828754303,0.013906359672546387,0.0,0.0,0.0,0.0,-2.8806505753099616,110
2025-06-01 04:00:00,SAC Basic,0.3486751218490796,0.012461692094802856,0.0,0.0,0.0,0.0,-2.8677758654256347,110
2025-06-01 05:00:00,SAC Basic,0.3485151540387667,0.01150965690612793,0.0,0.0,0.0,0.0,-2.8517551173666793,110
2025-06-01 06:00:00,SAC Basic,0.3483389133982854,0.015127807855606079,0.0,0.0,0.0,0.0,-2.834230077495144,110
2025-06-01 07:00:00,SAC Basic,0.3479981529081858,0.01677185297012329,0.0,0.0,0.0,0.0,-2.8001671683291285,110
2025-06-01 08:00:00,SAC Basic,0.34752752425958683,0.011811405420303345,0.0,0.0,0.0,0.0,-2.7530382585425865,110
2025-06-01 09:00:00,SAC Basic,0.3463690958465136,0.009471476078033447,0.0,0.0,0.0,0.0,-2.6371224134663427,110
2025-06-01 10:00:00,SAC Basic,0.3449168963333961,0.006340146064758301,0.0,0.0,0.0,0.0,-2.491847749561039,110
2025-06-01 11:00:00,SAC Basic,0.34323744503468245,0.006164610385894775,0.0,0.0,0.0,0.0,-2.323869551032751,110
2025-06-01 12:00:00,SAC Basic,0.34147766425659226,0.0075657665729522705,0.0,0.0,0.0,0.0,-2.147931752552555,110
2025-06-01 13:00:00,SAC Basic,0.3398066594327486,0.00869855284690857,0.0,0.0,0.0,0.0,-1.9808512421945397,110
2025-06-01 14:00:00,SAC Basic,0.3382735160157081,0.0075569748878479,0.0,0.0,0.0,0.0,-1.8275141568481565,110
2025-06-01 15:00:00,SAC Basic,0.336966482458611,0.007389932870864868,0.0,0.0,0.0,0.0,-1.6967977149386857,110
2025-06-01 16:00:00,SAC Basic,0.3359412826813257,0.006940066814422607,0.0,0.0,0.0,0.0,-1.5942715681294248,110
2025-06-01 17:00:00,SAC Basic,0.3352936385660367,0.009706765413284302,0.0,0.0,0.0,0.0,-1.529585658897926,110
2025-06-01 18:00:00,SAC Basic,0.33488605901688306,0.00522613525390625,0.0,0.0,0.0,0.0,-1.4887552306949778,110
2025-06-01 19:00:00,SAC Basic,0.33459032814870243,0.0047807395458221436,0.0,0.0,0.0,0.0,-1.4591328836182398,110
2025-06-01 20:00:00,SAC Basic,0.33431822979420395,0.0033704936504364014,0.0,0.0,0.0,0.0,-1.4319044917523567,110
2025-06-01 21:00:00,SAC Basic,0.33404730465779675,0.003722459077835083,0.0,0.0,0.0,0.0,-1.4048084346155052,110
2025-06-01 22:00:00,SAC Basic,0.33378029355972977,0.004896670579910278,0.0,0.0,0.0,0.0,-1.3781390314995952,110
2025-06-01 23:00:00,SAC Basic,0.33351664018998517,0.00590398907661438,0.0,0.0,0.0,0.0,-1.3517921719650157,110
2025-06-02 00:00:00,SAC Basic,0.33318907123535846,0.003729313611984253,0.0,0.0,0.0,0.0,-1.3190034565627313,110
2025-06-02 01:00:00,SAC Basic,0.3328933483144638,0.004783123731613159,0.0,0.0,0.0,0.0,-1.28944103202221,110
2025-06-02 02:00:00,SAC Basic,0.3326318422020473,0.006548166275024414,0.0,0.0,0.0,0.0,-1.2633328339556618,110
2025-06-02 03:00:00,SAC Basic,0.3334023683878777,0.007657855749130249,0.0,0.0,0.0,0.0,-1.340401092797491,110
2025-06-02 04:00:00,SAC Basic,0.33556563589066246,0.008480250835418701,0.0,0.0,0.0,0.0,-1.5567414180338168,110
2025-06-02 05:00:00,SAC Basic,0.3356958901020882,0.007076263427734375,0.0,0.0,0.0,0.0,-1.5697445753514532,110
2025-06-02 06:00:00,SAC Basic,0.33543962919841186,0.008121728897094727,0.0,0.0,0.0,0.0,-1.5441358090738206,110
2025-06-02 07:00:00,SAC Basic,0.336024279421667,0.011395066976547241,0.0,0.0,0.0,0.0,-1.6026885768870265,110
2025-06-02 08:00:00,SAC Basic,0.336071956178049,0.009803026914596558,0.0,0.0,0.0,0.0,-1.6074075987438134,110
2025-06-02 09:00:00,SAC Basic,0.3350420511107642,0.005528479814529419,0.0,0.0,0.0,0.0,-1.5043584261437088,110
2025-06-02 10:00:00,SAC Basic,0.33367285235851984,0.005740374326705933,0.0,0.0,0.0,0.0,-1.3674021622836396,110
2025-06-02 11:00:00,SAC Basic,0.3321353498551248,0.00624924898147583,0.0,0.0,0.0,0.0,-1.2136650592386538,110
2025-06-02 12:00:00,SAC Basic,0.33051548386385027,0.007040202617645264,0.0,0.0,0.0,0.0,-1.0516970999737407,110
2025-06-02 13:00:00,SAC Basic,0.32900361907372855,0.005440562963485718,0.0,0.0,0.0,0.0,-0.9004867150286655,110
2025-06-02 14:00:00,SAC Basic,0.32758709320594853,0.008542239665985107,0.0,0.0,0.0,0.0,-0.7589111821551973,110
2025-06-02 15:00:00,SAC Basic,0.3263647020209828,0.007282644510269165,0.0,0.0,0.0,0.0,-0.6366284509400396,110
2025-06-02 16:00:00,SAC Basic,0.3254492394301294,0.005861222743988037,0.0,0.0,0.0,0.0,-0.5450553816854796,110
2025-06-02 17:00:00,SAC Basic,0.3249093660447,0.008037984371185303,0.0,0.0,0.0,0.0,-0.4911191317736949,110
2025-06-02 18:00:00,SAC Basic,0.3246458552293975,0.005946755409240723,0.0,0.0,0.0,0.0,-0.464725370337552,110
2025-06-02 19:00:00,SAC Basic,0.3244633489160735,0.004748106002807617,0.0,0.0,0.0,0.0,-0.44644184022146777,110
2025-06-02 20:00:00,SAC Basic,0.3242812955980498,0.004884004592895508,0.0,0.0,0.0,0.0,-0.42822859888273823,110
2025-06-02 21:00:00,SAC Basic,0.3240691689877707,0.004362016916275024,0.0,0.0,0.0,0.0,-0.4070093589921628,110
2025-06-02 22:00:00,SAC Basic,0.32385782121151674,0.004595667123794556,0.0,0.0,0.0,0.0,-0.3858763709962243,110
2025-06-02 23:00:00,SAC Basic,0.32361345666696617,0.00319063663482666,0.0,0.0,0.0,0.0,-0.36142352973420255,110
2025-06-03 00:00:00,SAC Basic,0.3233710794406135,0.003786832094192505,0.0,0.0,0.0,0.0,-0.33718964265782647,110
2025-06-03 01:00:00,SAC Basic,0.3231306309212247,0.004365444183349609,0.0,0.0,0.0,0.0,-0.3131561871270261,110
2025-06-03 02:00:00,SAC Basic,0.32288877622892453,0.003943592309951782,0.0,0.0,0.0,0.0,-0.2889607132573858,110
2025-06-03 03:00:00,SAC Basic,0.322645127933522,0.0034055113792419434,0.0,0.0,0.0,0.0,-0.26458628438909265,110
2025-06-03 04:00:00,SAC Basic,0.32240070825467504,0.0031740963459014893,0.0,0.0,0.0,0.0,-0.24013662154475468,110
2025-06-03 05:00:00,SAC Basic,0.3221292422061165,0.003560185432434082,0.0,0.0,0.0,0.0,-0.21299928521116285,110
2025-06-03 06:00:00,SAC Basic,0.32216349041988446,0.0037744641304016113,0.0,0.0,0.0,0.0,-0.2164266740580328,110
2025-06-03 07:00:00,SAC Basic,0.32306549496461945,0.00660136342048645,0.0,0.0,0.0,0.0,-0.30670979272325477,110
2025-06-03 08:00:00,SAC Basic,0.3225954701913396,0.005492568016052246,0.0,0.0,0.0,0.0,-0.25966795844832535,110
2025-06-03 09:00:00,SAC Basic,0.3224527578017115,0.005686283111572266,0.0,0.0,0.0,0.0,-0.2453914429843369,110
2025-06-03 10:00:00,SAC Basic,0.32113334435989455,0.0036759674549102783,0.0,0.0,0.0,0.0,-0.11342805849511874,110
2025-06-03 11:00:00,SAC Basic,0.319529304660658,0.003288090229034424,0.0,0.0,0.0,0.0,0.9999303594231606,110
2025-06-03 12:00:00,SAC Basic,0.31817363505095236,0.003299117088317871,0.0,0.0,0.0,0.0,0.9999339073896408,110
2025-06-03 13:00:00,SAC Basic,0.3173539305962125,0.004588663578033447,0.0,0.0,0.0,0.0,0.9998953312635422,110
2025-06-03 14:00:00,SAC Basic,0.3162625886167088,0.0060974061489105225,0.0,0.0,0.0,0.0,0.9998629644513131,110
2025-06-03 15:00:00,SAC Basic,0.31658578973025076,0.011460334062576294,0.0,0.0,0.0,0.0,0.9997171640396119,110
2025-06-03 16:00:00,SAC Basic,0.31673297066181894,0.007654279470443726,0.0,0.0,0.0,0.0,0.9998088538646698,110
2025-06-03 17:00:00,SAC Basic,0.31620757451663406,0.0038811564445495605,0.0,0.0,0.0,0.0,0.99988464564085,110
2025-06-03 18:00:00,SAC Basic,0.31593243632525203,0.002458542585372925,0.0,0.0,0.0,0.0,0.9999366030097008,110
2025-06-03 19:00:00,SAC Basic,0.31574146962930755,0.002209991216659546,0.0,0.0,0.0,0.0,0.9999533146619797,110
2025-06-03 20:00:00,SAC Basic,0.3155805166209737,0.002714097499847412,0.0,0.0,0.0,0.0,0.9999406769871713,110
2025-06-03 21:00:00,SAC Basic,0.3154182677083214,0.0023253262042999268,0.0,0.0,0.0,0.0,0.9999496057629585,110
2025-06-03 22:00:00,SAC Basic,0.31522768099198734,0.0023239850997924805,0.0,0.0,0.0,0.0,0.999953506886959,110
2025-06-03 23:00:00,SAC Basic,0.3150090728732943,0.0024175643920898438,0.0,0.0,0.0,0.0,0.9999507129192353,110
2025-06-04 00:00:00,SAC Basic,0.3147891315973798,0.0020176172256469727,0.0,0.0,0.0,0.0,0.9999556481838227,110
2025-06-04 01:00:00,SAC Basic,0.3145707614005605,0.002488940954208374,0.0,0.0,0.0,0.0,0.9999455079436302,110
2025-06-04 02:00:00,SAC Basic,0.314714076745212,0.002494603395462036,0.0,0.0,0.0,0.0,0.9999500513076782,110
2025-06-04 03:00:00,SAC Basic,0.3148566887550552,0.0022836029529571533,0.0,0.0,0.0,0.0,0.9999522179365158,110
2025-06-04 04:00:00,SAC Basic,0.31603441859692327,0.004318952560424805,0.0,0.0,0.0,0.0,0.9998932674527169,110
2025-06-04 05:00:00,SAC Basic,0.31584390241275223,0.002345144748687744,0.0,0.0,0.0,0.0,0.9999333590269088,110
2025-06-04 06:00:00,SAC Basic,0.31562468185633413,0.002233833074569702,0.0,0.0,0.0,0.0,0.9999542102217673,110
2025-06-04 07:00:00,SAC Basic,0.3152128177266319,0.003940761089324951,0.0,0.0,0.0,0.0,0.9999041154980659,110
2025-06-04 08:00:00,SAC Basic,0.31440292794436214,0.0035330653190612793,0.0,0.0,0.0,0.0,0.9999252617359161,110
2025-06-04 09:00:00,SAC Basic,0.31325764063407974,0.004913806915283203,0.0,0.0,0.0,0.0,0.999887916445732,110
2025-06-04 10:00:00,SAC Basic,0.3118776223799586,0.010994523763656616,0.0,0.0,0.0,0.0,0.9997193023562431,110
2025-06-04 11:00:00,SAC Basic,0.3109569624897838,0.008302032947540283,0.0,0.0,0.0,0.0,0.9998070344328881,110
2025-06-04 12:00:00,SAC Basic,0.3115094242911537,0.016238540410995483,0.0,0.0,0.0,0.0,0.9995958641171455,110
2025-06-04 13:00:00,SAC Basic,0.3107188529838124,0.01132860779762268,0.0,0.0,0.0,0.0,0.9997243285179138,110
2025-06-04 14:00:00,SAC Basic,0.30996744704216717,0.008078217506408691,0.0,0.0,0.0,0.0,0.9998059317469598,110
2025-06-04 15:00:00,SAC Basic,0.30881666120340423,0.0032642483711242676,0.0,0.0,0.0,0.0,0.9998865753412246,110
2025-06-04 16:00:00,SAC Basic,0.30789360895444945,0.0035843253135681152,0.0,0.0,0.0,0.0,0.9999251127243043,110
2025-06-04 17:00:00,SAC Basic,0.3072567088418205,0.00442996621131897,0.0,0.0,0.0,0.0,0.9999029442667962,110
2025-06-04 18:00:00,SAC Basic,0.3069345758307973,0.00536009669303894,0.0,0.0,0.0,0.0,0.9998834967613219,110
2025-06-04 19:00:00,SAC Basic,0.3073040433682004,0.004340261220932007,0.0,0.0,0.0,0.0,0.9999029964208603,110
2025-06-04 20:00:00,SAC Basic,0.3070913018366694,0.00417754054069519,0.0,0.0,0.0,0.0,0.9999148219823837,110
2025-06-04 21:00:00,SAC Basic,0.30684983358114953,0.004059523344039917,0.0,0.0,0.0,0.0,0.9999176293611526,110
2025-06-04 22:00:00,SAC Basic,0.3066067520265778,0.003575533628463745,0.0,0.0,0.0,0.0,0.999923649430275,110
2025-06-04 23:00:00,SAC Basic,0.30636502598096926,0.003982186317443848,0.0,0.0,0.0,0.0,0.9999162897467614,110
2025-06-05 00:00:00,SAC Basic,0.30612068825850886,0.003198683261871338,0.0,0.0,0.0,0.0,0.9999281913042068,110
2025-06-05 01:00:00,SAC Basic,0.30584936128745477,0.0036019086837768555,0.0,0.0,0.0,0.0,0.9999239295721054,110
2025-06-05 02:00:00,SAC Basic,0.3056064327181379,0.003621429204940796,0.0,0.0,0.0,0.0,0.9999273762106895,110
2025-06-05 03:00:00,SAC Basic,0.3066805244188508,0.007227510213851929,0.0,0.0,0.0,0.0,0.9998193889856338,110
2025-06-05 04:00:00,SAC Basic,0.3064075722278159,0.00311434268951416,0.0,0.0,0.0,0.0,0.9998965814709664,110
2025-06-05 05:00:00,SAC Basic,0.3061349379282197,0.003209710121154785,0.0,0.0,0.0,0.0,0.9999348521232605,110
2025-06-05 06:00:00,SAC Basic,0.30583472280393054,0.003435462713241577,0.0,0.0,0.0,0.0,0.9999290332198143,110
2025-06-05 07:00:00,SAC Basic,0.3053101025125385,0.004113912582397461,0.0,0.0,0.0,0.0,0.9999109372496605,110
2025-06-05 08:00:00,SAC Basic,0.30447318722218286,0.003925412893295288,0.0,0.0,0.0,0.0,0.999919606745243,110
2025-06-05 09:00:00,SAC Basic,0.30332345986257003,0.003581792116165161,0.0,0.0,0.0,0.0,0.9999249279499054,110
2025-06-05 10:00:00,SAC Basic,0.30186579410682135,0.004700273275375366,0.0,0.0,0.0,0.0,0.9998948097229003,110
2025-06-05 11:00:00,SAC Basic,0.30021324115961806,0.005734115839004517,0.0,0.0,0.0,0.0,0.9998749792575836,110
2025-06-05 12:00:00,SAC Basic,0.2985053393051029,0.006129443645477295,0.0,0.0,0.0,0.0,0.9998734578490258,110
2025-06-05 13:00:00,SAC Basic,0.296971246187389,0.007272064685821533,0.0,0.0,0.0,0.0,0.9998431324958802,110
2025-06-05 14:00:00,SAC Basic,0.29566123686840146,0.006497204303741455,0.0,0.0,0.0,0.0,0.9998623073101044,110
2025-06-05 15:00:00,SAC Basic,0.2945340107588968,0.010332167148590088,0.0,0.0,0.0,0.0,0.9997550070285797,110
2025-06-05 16:00:00,SAC Basic,0.29444499386280787,0.011294931173324585,0.0,0.0,0.0,0.0,0.9997644737362862,110
2025-06-05 17:00:00,SAC Basic,0.2940185337802769,0.008061975240707397,0.0,0.0,0.0,0.0,0.9998064309358596,110
2025-06-05 18:00:00,SAC Basic,0.2943706277884047,0.007628202438354492,0.0,0.0,0.0,0.0,0.9998430982232094,110
2025-06-05 19:00:00,SAC Basic,0.2941042445259294,0.005085021257400513,0.0,0.0,0.0,0.0,0.9998728677630424,110
2025-06-05 20:00:00,SAC Basic,0.29387248089998974,0.006970912218093872,0.0,0.0,0.0,0.0,0.9998417228460311,110
2025-06-05 21:00:00,SAC Basic,0.2936658607654772,0.006013959646224976,0.0,0.0,0.0,0.0,0.9998701512813568,110
2025-06-05 22:00:00,SAC Basic,0.2934875729708872,0.006013661623001099,0.0,0.0,0.0,0.0,0.9998797237873077,110
2025-06-05 23:00:00,SAC Basic,0.2933369310693941,0.005807429552078247,0.0,0.0,0.0,0.0,0.9998817890882492,110
2025-06-06 00:00:00,SAC Basic,0.2931288203220568,0.005566775798797607,0.0,0.0,0.0,0.0,0.9998862579464912,110
2025-06-06 01:00:00,SAC Basic,0.2939513287461799,0.0062525272369384766,0.0,0.0,0.0,0.0,0.9998680919408798,110
2025-06-06 02:00:00,SAC Basic,0.2954534989083808,0.0016510486602783203,0.0,0.0,0.0,0.0,0.9999209642410278,110
2025-06-06 03:00:00,SAC Basic,0.3093474810517829,0.002194643020629883,0.0,0.0,0.0,0.0,0.9999506711959839,110
2025-06-06 04:00:00,SAC Basic,0.30993596947004415,0.002046525478363037,0.0,0.0,0.0,0.0,0.9999575883150101,110
2025-06-06 05:00:00,SAC Basic,0.31007623355358854,0.0015792250633239746,0.0,0.0,0.0,0.0,0.9999637424945831,110
2025-06-06 06:00:00,SAC Basic,0.31394047668745134,0.0017729401588439941,0.0,0.0,0.0,0.0,0.9999626040458679,110
2025-06-06 07:00:00,SAC Basic,0.31936504875312266,0.003871619701385498,0.0,0.0,0.0,0.0,0.9999015808105469,110
2025-06-06 08:00:00,SAC Basic,0.31869571152736764,0.0031988322734832764,0.0,0.0,0.0,0.0,0.9999292954802513,110
2025-06-06 09:00:00,SAC Basic,0.3186919319380325,0.004866123199462891,0.0,0.0,0.0,0.0,0.9998860046267509,110
2025-06-06 10:00:00,SAC Basic,0.3185825710961224,0.007191747426986694,0.0,0.0,0.0,0.0,0.999832908809185,110
2025-06-06 11:00:00,SAC Basic,0.3171810618906222,0.004547238349914551,0.0,0.0,0.0,0.0,0.9998826101422309,110
2025-06-06 12:00:00,SAC Basic,0.31663931890060526,0.0029771029949188232,0.0,0.0,0.0,0.0,0.9999247565865517,110
2025-06-06 13:00:00,SAC Basic,0.31587775224099574,0.0030300021171569824,0.0,0.0,0.0,0.0,0.9999388709664345,110
2025-06-06 14:00:00,SAC Basic,0.3148714295201502,0.004103183746337891,0.0,0.0,0.0,0.0,0.9999072045087813,110
2025-06-06 15:00:00,SAC Basic,0.3187808924743535,0.002338886260986328,0.0,0.0,0.0,0.0,0.9999355792999267,110
2025-06-06 16:00:00,SAC Basic,0.32762363755037405,0.0058235228061676025,0.0,0.0,0.0,0.0,-0.7625150718589793,110
2025-06-06 17:00:00,SAC Basic,0.3280201450003189,0.003952234983444214,0.0,0.0,0.0,0.0,-0.8021122576097851,110
2025-06-06 18:00:00,SAC Basic,0.3285260190944872,0.00276222825050354,0.0,0.0,0.0,0.0,-0.8526690540810586,110
2025-06-06 19:00:00,SAC Basic,0.3286991568951807,0.002941340208053589,0.0,0.0,0.0,0.0,-0.8699763074418059,110
2025-06-06 20:00:00,SAC Basic,0.3285414379355313,0.003684312105178833,0.0,0.0,0.0,0.0,-0.8542249095142053,110
2025-06-06 21:00:00,SAC Basic,0.328296236442427,0.002939552068710327,0.0,0.0,0.0,0.0,-0.8296898828844385,110
2025-06-06 22:00:00,SAC Basic,0.32807921082705277,0.00289231538772583,0.0,0.0,0.0,0.0,-0.8079794013798407,110
2025-06-06 23:00:00,SAC Basic,0.3278936542460324,0.0038330256938934326,0.0,0.0,0.0,0.0,-0.7894514922201784,110
2025-06-07 00:00:00,SAC Basic,0.32798516864985244,0.0039543211460113525,0.0,0.0,0.0,0.0,-0.798597164362685,110
2025-06-07 01:00:00,SAC Basic,0.32776963464071374,0.003339797258377075,0.0,0.0,0.0,0.0,-0.7770364052554168,110
2025-06-07 02:00:00,SAC Basic,0.328914511130353,0.002962946891784668,0.0,0.0,0.0,0.0,-0.8915141404768036,110
2025-06-07 03:00:00,SAC Basic,0.3441238222619893,0.005293339490890503,0.0,0.0,0.0,0.0,-2.412511396914737,110
2025-06-07 04:00:00,SAC Basic,0.34430245958457406,0.004591196775436401,0.0,0.0,0.0,0.0,-2.430344803820068,110
2025-06-07 05:00:00,SAC Basic,0.34412168528288617,0.005267709493637085,0.0,0.0,0.0,0.0,-2.412280647605671,110
2025-06-07 06:00:00,SAC Basic,0.3442471919843556,0.005652010440826416,0.0,0.0,0.0,0.0,-2.4248360816538486,110
2025-06-07 07:00:00,SAC Basic,0.34387391666382566,0.007017403841018677,0.0,0.0,0.0,0.0,-2.387545668393388,110
2025-06-07 08:00:00,SAC Basic,0.3431602971264721,0.0069141387939453125,0.0,0.0,0.0,0.0,-2.3161690280735607,110
2025-06-07 09:00:00,SAC Basic,0.3424383077197275,0.006403177976608276,0.0,0.0,0.0,0.0,-2.2439639451404543,110
2025-06-07 10:00:00,SAC Basic,0.3412659472176434,0.005291849374771118,0.0,0.0,0.0,0.0,-2.126711672037855,110
2025-06-07 11:00:00,SAC Basic,0.34058134447465355,0.0026191771030426025,0.0,0.0,0.0,0.0,-2.058213557730132,110
2025-06-07 12:00:00,SAC Basic,0.34039819304833824,0.002054572105407715,0.0,0.0,0.0,0.0,-2.0398660423259076,110
2025-06-07 13:00:00,SAC Basic,0.35004622731921087,0.0039511919021606445,0.0,0.0015409106403623696,0.0,0.0,-3.0047207219570966,110
2025-06-07 14:00:00,SAC Basic,0.35191220760843467,0.0040343403816223145,0.0,0.06374025361448901,0.0,0.0,-3.1913022791358934,110
2025-06-07 15:00:00,SAC Basic,0.35195417921299915,0.007230788469314575,0.0,0.06513930709997169,0.0,0.0,-3.1955945015501777,110
2025-06-07 16:00:00,SAC Basic,0.3550072585806416,0.0038324296474456787,0.0,0.16690861935471873,0.0,0.0,-3.5008364902453253,110
2025-06-07 17:00:00,SAC Basic,0.35447261670742924,0.007694661617279053,0.0,0.14908722358097465,0.0,0.0,-3.4474541862949675,110
2025-06-07 18:00:00,SAC Basic,0.35652162725014536,0.01709073781967163,0.0,0.21738757500484526,0.0,0.0,-3.6525985005329527,110
2025-06-07 19:00:00,SAC Basic,0.3566287800959621,0.01260519027709961,0.0,0.22095933653207,0.0,0.0,-3.6631749688771778,110
2025-06-07 20:00:00,SAC Basic,0.3558378631704933,0.008320361375808716,0.0,0.1945954390164431,0.0,0.0,-3.5839955725658603,110
2025-06-07 21:00:00,SAC Basic,0.35507539511840525,0.008439421653747559,0.0,0.1691798372801742,0.0,0.0,-3.5077094908763784,110
2025-06-07 22:00:00,SAC Basic,0.3543918614449589,0.00933527946472168,0.0,0.1463953814986297,0.0,0.0,-3.439381808663291,110
2025-06-07 23:00:00,SAC Basic,0.35374819449911904,0.008339732885360718,0.0,0.12493981663730268,0.0,0.0,-3.374996200035404,110
2025-06-08 00:00:00,SAC Basic,0.3531719068156218,0.009343922138214111,0.0,0.10573022718739367,0.0,0.0,-3.3173876018974746,110
2025-06-08 01:00:00,SAC Basic,0.35265111554430745,0.008633136749267578,0.0,0.08837051814358149,0.0,0.0,-3.2652913250196187,110
2025-06-08 02:00:00,SAC Basic,0.35218158487934015,0.008360296487808228,0.0,0.072719495978005,0.0,0.0,-3.2183284222663846,110
2025-06-08 03:00:00,SAC Basic,0.3533269926083518,0.0055220723152160645,0.0,0.11089975361172577,0.0,0.0,-3.3328380845232113,110
2025-06-08 04:00:00,SAC Basic,0.353438020813623,0.007409155368804932,0.0,0.1146006937874347,0.0,0.0,-3.3439691353002137,110
2025-06-08 05:00:00,SAC Basic,0.35323580668964294,0.006695985794067383,0.0,0.10786022298809712,0.0,0.0,-3.323721720375922,110
2025-06-08 06:00:00,SAC Basic,0.3545407053366748,0.010826438665390015,0.0,0.15135684455582635,0.0,0.0,-3.4543283669695017,110
2025-06-08 07:00:00,SAC Basic,0.3543990474819643,0.014637559652328491,0.0,0.14663491606547724,0.0,0.0,-3.4402356105993475,110
2025-06-08 08:00:00,SAC Basic,0.35472013812418307,0.023665130138397217,0.0,0.15733793747276936,0.0,0.0,-3.4725773907259354,110
2025-06-08 09:00:00,SAC Basic,0.35476747658522895,0.009117424488067627,0.0,0.15891588617429875,0.0,0.0,-3.4770754840691587,110
2025-06-08 10:00:00,SAC Basic,0.3557034581401822,0.015409737825393677,0.0,0.1901152713394083,0.0,0.0,-3.570716931908103,110
2025-06-08 11:00:00,SAC Basic,0.3545574847619722,0.005624145269393921,0.0,0.15191615873240638,0.0,0.0,-3.4559588150281657,110
2025-06-08 12:00:00,SAC Basic,0.35291550828608775,0.004090666770935059,0.0,0.09718360953625904,0.0,0.0,-3.2916479767291777,110
2025-06-08 13:00:00,SAC Basic,0.3521222652544341,0.004769265651702881,0.0,0.0707421751478023,0.0,0.0,-3.2123286967452485,110
2025-06-08 14:00:00,SAC Basic,0.3522811912625219,0.010717511177062988,0.0,0.07603970875072862,0.0,0.0,-3.228392958930983,110
2025-06-08 15:00:00,SAC Basic,0.3518564914361106,0.012973099946975708,0.0,0.061883047870352925,0.0,0.0,-3.185931161497696,110
2025-06-08 16:00:00,SAC Basic,0.351599010092926,0.012055933475494385,0.0,0.053300336430866936,0.0,0.0,-3.160151299626823,110
2025-06-08 17:00:00,SAC Basic,0.3511404965424347,0.010962486267089844,0.0,0.03801655141448919,0.0,0.0,-3.114279838440893,110
2025-06-08 18:00:00,SAC Basic,0.3507998510346241,0.009468048810958862,0.0,0.026661701154137064,0.0,0.0,-3.080189408813188,110
2025-06-08 19:00:00,SAC Basic,0.3505406866463507,0.008273571729660034,0.0,0.018022888211689292,0.0,0.0,-3.054246080840474,110
2025-06-08 20:00:00,SAC Basic,0.3503336329420046,0.008504986763000488,0.0,0.011121098066820424,0.0,0.0,-3.0335357080860517,110
2025-06-08 21:00:00,SAC Basic,0.35009260864063824,0.0072796642780303955,0.0,0.003086954687941557,0.0,0.0,-3.0094187105742334,110
2025-06-08 22:00:00,SAC Basic,0.34986256609881644,0.007487237453460693,0.0,0.0,0.0,0.0,-2.986408430362467,110
2025-06-08 23:00:00,SAC Basic,0.3496691548502915,0.009976625442504883,0.0,0.0,0.0,0.0,-2.9671399114178882,110
2025-06-09 00:00:00,SAC Basic,0.34949824114367095,0.008225888013839722,0.0,0.0,0.0,0.0,-2.950006139501658,110
2025-06-09 01:00:00,SAC Basic,0.349302034437306,0.009137988090515137,0.0,0.0,0.0,0.0,-2.9303953244931775,110
2025-06-09 02:00:00,SAC Basic,0.3491066363672885,0.009380578994750977,0.0,0.0,0.0,0.0,-2.9108536742177873,110
2025-06-09 03:00:00,SAC Basic,0.3489120722655925,0.009630769491195679,0.0,0.0,0.0,0.0,-2.8914023438540384,110
2025-06-09 04:00:00,SAC Basic,0.3500036506585306,0.012595206499099731,0.0,0.00012168861768628858,0.0,0.0,-3.0006466143531223,110
2025-06-09 05:00:00,SAC Basic,0.35252950803792715,0.018574148416519165,0.0,0.084316934597571,0.0,0.0,-3.2533820761802192,110
2025-06-09 06:00:00,SAC Basic,0.3542516580520532,0.017866939306259155,0.0,0.14172193506844052,0.0,0.0,-3.425530216082549,110
2025-06-09 07:00:00,SAC Basic,0.35382527349255627,0.010093748569488525,0.0,0.127509116418544,1.4210854715202004e-14,0.0,-3.3828069561343836,110
2025-06-09 08:00:00,SAC Basic,0.353633949836929,0.010234564542770386,0.0,0.12113166123096591,0.0,0.0,-3.3636010831434846,110
2025-06-09 09:00:00,SAC Basic,0.3528429559162015,0.0059670209884643555,0.0,0.09476519720671633,0.0,0.0,-3.284457607475464,110
2025-06-09 10:00:00,SAC Basic,0.3519059480388243,0.0054292380809783936,0.0,0.06353160129414306,0.0,0.0,-3.190708766473124,110
2025-06-09 11:00:00,SAC Basic,0.3507066579534363,0.005768239498138428,0.0,0.02355526511454258,0.0,0.0,-3.0707845501477644,110
2025-06-09 12:00:00,SAC Basic,0.34950189560430756,0.004071295261383057,0.0,0.0,0.0,0.0,-2.9502879557783506,110
2025-06-09 13:00:00,SAC Basic,0.3482452861207477,0.005517154932022095,0.0,0.0,0.0,0.0,-2.824653413770114,110
2025-06-09 14:00:00,SAC Basic,0.34712594895141835,0.004198849201202393,0.0,0.0,0.0,0.0,-2.7126920551831666,110
2025-06-09 15:00:00,SAC Basic,0.346264847817595,0.005169659852981567,0.0,0.0,0.0,0.0,-2.6265978830630745,110
2025-06-09 16:00:00,SAC Basic,0.34570041705307875,0.009170770645141602,0.0,0.0,0.0,0.0,-2.5702651318286986,110
2025-06-09 17:00:00,SAC Basic,0.3453009790016961,0.007668584585189819,0.0,0.0,0.0,0.0,-2.530266293721912,110
2025-06-09 18:00:00,SAC Basic,0.3463866563552372,0.010703206062316895,0.0,0.0,0.0,0.0,-2.6389100458597357,110
2025-06-09 19:00:00,SAC Basic,0.34620882205265285,0.006149709224700928,0.0,0.0,0.0,0.0,-2.621050734418155,110
2025-06-09 20:00:00,SAC Basic,0.3460631576357039,0.007300674915313721,0.0,0.0,0.0,0.0,-2.606473286725601,110
2025-06-09 21:00:00,SAC Basic,0.34592236490505457,0.008762180805206299,0.0,0.0,0.0,0.0,-2.5924263491804598,110
2025-06-09 22:00:00,SAC Basic,0.34578001152612287,0.008293986320495605,0.0,0.0,0.0,0.0,-2.5781717142835427,110
2025-06-09 23:00:00,SAC Basic,0.34563772569912193,0.008314251899719238,0.0,0.0,0.0,0.0,-2.563939057605979,110
2025-06-10 00:00:00,SAC Basic,0.3454928977340213,0.007551610469818115,0.0,0.0,0.0,0.0,-2.5494484320258257,110
2025-06-10 01:00:00,SAC Basic,0.3453173601970823,0.006838738918304443,0.0,0.0,0.0,0.0,-2.531879923202112,110
2025-06-10 02:00:00,SAC Basic,0.34514349556384005,0.007340610027313232,0.0,0.0,0.0,0.0,-2.5145013872956414,110
2025-06-10 03:00:00,SAC Basic,0.3449706913965694,0.00765874981880188,0.0,0.0,0.0,0.0,-2.497225496051229,110
2025-06-10 04:00:00,SAC Basic,0.3447687646311275,0.007421970367431641,0.0,0.0,0.0,0.0,-2.4770272703146103,110
2025-06-10 05:00:00,SAC Basic,0.3445674632177504,0.007609575986862183,0.0,0.0,0.0,0.0,-2.45690038935097,110
2025-06-10 06:00:00,SAC Basic,0.3443146211371573,0.00914737582206726,0.0,0.0,0.0,0.0,-2.43166043923052,110
2025-06-10 07:00:00,SAC Basic,0.3445933355674895,0.011114329099655151,0.0,0.0,0.0,0.0,-2.4595755128637182,110
2025-06-10 08:00:00,SAC Basic,0.34388482712842544,0.008447468280792236,0.0,0.0,0.0,0.0,-2.3886783308163477,110
2025-06-10 09:00:00,SAC Basic,0.34291224636572126,0.005725771188735962,0.0,0.0,0.0,0.0,-2.2913663689668207,110
2025-06-10 10:00:00,SAC Basic,0.34274773082830035,0.007645338773727417,0.0,0.0,0.0,0.0,-2.2749451852813585,110
2025-06-10 11:00:00,SAC Basic,0.34373386078216156,0.0038389861583709717,0.0,0.0,0.0,0.0,-2.3735009214654763,110
2025-06-10 12:00:00,SAC Basic,0.34354485591428996,0.008798539638519287,0.0,0.0,0.0,0.0,-2.354711157756567,110
2025-06-10 13:00:00,SAC Basic,0.34259834809161743,0.0070476531982421875,0.0,0.0,0.0,0.0,-2.25999327109011,110
2025-06-10 14:00:00,SAC Basic,0.34176040672081226,0.005617588758468628,0.0,0.0,0.0,0.0,-2.1761673245007924,110
2025-06-10 15:00:00,SAC Basic,0.34127941430903985,0.0042022764682769775,0.0,0.0,0.0,0.0,-2.128039629556252,110
2025-06-10 16:00:00,SAC Basic,0.34124083787776543,0.009427070617675781,0.0,0.0,0.0,0.0,-2.1243245771303907,110
2025-06-10 17:00:00,SAC Basic,0.34245741393504064,0.009472817182540894,0.0,0.0,0.0,0.0,-2.245931307313363,110
2025-06-10 18:00:00,SAC Basic,0.3534814762694018,0.008267909288406372,0.0,0.11604920898005987,0.0,0.0,-3.3483250342048883,110
2025-06-10 19:00:00,SAC Basic,0.352955117635105,0.008596330881118774,0.0,0.09850392117016611,0.0,0.0,-3.2956869743440502,110
2025-06-10 20:00:00,SAC Basic,0.35274102445856387,0.01213952898979187,0.0,0.09136748195212903,0.0,0.0,-3.274380668417269,110
2025-06-10 21:00:00,SAC Basic,0.3543238005916088,0.020959526300430298,0.0,0.14412668638695864,0.0,0.0,-3.432887449659993,110
2025-06-10 22:00:00,SAC Basic,0.3542743979298898,0.012659132480621338,0.0,0.14247993099632625,0.0,0.0,-3.42777597957679,110
2025-06-10 23:00:00,SAC Basic,0.3617880867506112,0.015042871236801147,0.0,0.39293622502037384,0.0,0.0,-4.179133369873416,110
2025-06-11 00:00:00,SAC Basic,0.3710113243959885,0.00984877347946167,0.0,0.7003774798662818,0.0,0.0,-5.101381356046011,110
2025-06-11 01:00:00,SAC Basic,0.3702714042960293,0.013237446546554565,0.0,0.6757134765343097,0.0,0.0,-5.02743906526453,110
2025-06-11 02:00:00,SAC Basic,0.3690006495709437,0.011628568172454834,0.0,0.6333549856981237,0.0,0.0,-4.900313617241559,110
2025-06-11 03:00:00,SAC Basic,0.36693706406526727,0.013493150472640991,0.0,0.564568802175576,0.0,0.0,-4.693994915359181,110
2025-06-11 04:00:00,SAC Basic,0.36508308973562387,0.014577358961105347,0.0,0.5027696578541295,0.0,0.0,-4.5086113628264926,110
2025-06-11 05:00:00,SAC Basic,0.3636838366225809,0.012851953506469727,0.0,0.4561278874193633,0.0,0.0,-4.3686579553827665,110
2025-06-11 06:00:00,SAC Basic,0.36301392413813927,0.017823725938796997,0.0,0.43379747127130774,0.0,0.0,-4.301798606057026,110
2025-06-11 07:00:00,SAC Basic,0.37134602009951223,0.013162791728973389,0.0,0.711534003317074,0.0,0.0,-5.1349118751279,110
2025-06-11 08:00:00,SAC Basic,0.3687255136834903,0.025031864643096924,0.0,0.6241837894496769,0.0,0.0,-4.873170696371035,110
2025-06-11 09:00:00,SAC Basic,0.3660697496381393,0.010929107666015625,0.0,0.5356583212713105,0.0,0.0,-4.607334573537022,110
2025-06-11 10:00:00,SAC Basic,0.3634777851015619,0.011670142412185669,0.0,0.4492595033853974,0.0,0.0,-4.348019323351897,110
2025-06-11 11:00:00,SAC Basic,0.3608339512198828,0.009981542825698853,0.0,0.3611317073294288,0.0,0.0,-4.08361163884066,110
2025-06-11 12:00:00,SAC Basic,0.35880898089256846,0.011141598224639893,0.0,0.293632696418949,0.0,0.0,-3.881132521775328,110
2025-06-11 13:00:00,SAC Basic,0.3566139468689587,0.012454688549041748,0.0,0.22046489563195737,0.0,0.0,-3.661656911570094,110
2025-06-11 14:00:00,SAC Basic,0.3547585281029784,0.009991973638534546,0.0,0.15861760343261438,0.0,0.0,-3.476077276919717,110
2025-06-11 15:00:00,SAC Basic,0.3531479890992144,0.004271268844604492,0.0,0.1049329699738138,0.0,0.0,-3.3149415423462716,110
2025-06-11 16:00:00,SAC Basic,0.3519353934816628,0.00673443078994751,0.0,0.06451311605542713,0.0,0.0,-3.1936986684015327,110
2025-06-11 17:00:00,SAC Basic,0.35118051191295174,0.008385926485061646,0.0,0.03935039709839146,0.0,0.0,-3.1182354247818265,110
2025-06-11 18:00:00,SAC Basic,0.3507053831457346,0.008474141359329224,0.0,0.023512771524485745,0.0,0.0,-3.070708679549386,110
2025-06-11 19:00:00,SAC Basic,0.3503776331109329,0.0077627599239349365,0.0,0.01258777036443064,0.0,0.0,-3.0379256801061216,110
2025-06-11 20:00:00,SAC Basic,0.35020831003760017,0.007146745920181274,0.0,0.006943667920005225,0.0,0.0,-3.020980098818457,110
2025-06-11 21:00:00,SAC Basic,0.35006150050152585,0.009007155895233154,0.0,0.0020500167175285357,0.0,0.0,-3.006348797370239,110
2025-06-11 22:00:00,SAC Basic,0.3499461001116956,0.007879883050918579,0.0,0.0,0.0,0.0,-2.994778881559019,110
2025-06-11 23:00:00,SAC Basic,0.34985651475895685,0.007124394178390503,0.0,0.0,0.0,0.0,-2.9858015186679774,110
2025-06-12 00:00:00,SAC Basic,0.3497392497371558,0.007320493459701538,0.0,0.0,0.0,0.0,-2.9740733445775875,110
2025-06-12 01:00:00,SAC Basic,0.34959767072190084,0.00852629542350769,0.0,0.0,0.0,0.0,-2.9599496561181917,110
2025-06-12 02:00:00,SAC Basic,0.34933936289538187,0.007507652044296265,0.0,0.0,0.0,0.0,-2.934096629012864,110
2025-06-12 03:00:00,SAC Basic,0.34904971269437907,0.006604939699172974,0.0,0.0,0.0,0.0,-2.905112395355341,110
2025-06-12 04:00:00,SAC Basic,0.3487665435050849,0.008549243211746216,0.0,0.0,0.0,0.0,-2.8768447784078504,110
2025-06-12 05:00:00,SAC Basic,0.3484737546228293,0.00566333532333374,0.0,0.0,0.0,0.0,-2.847517588068281,110
2025-06-12 06:00:00,SAC Basic,0.3481543902475559,0.006190687417984009,0.0,0.0,0.0,0.0,-2.8155681120248954,110
2025-06-12 07:00:00,SAC Basic,0.3476730426970048,0.00859573483467102,0.0,0.0,0.0,0.0,-2.767500234871337,110
2025-06-12 08:00:00,SAC Basic,0.3468538731995149,0.00924915075302124,0.0,0.0,0.0,0.0,-2.685578837125732,110
2025-06-12 09:00:00,SAC Basic,0.3457064734012806,0.004280060529708862,0.0,0.0,0.0,0.0,-2.5707826322408844,110
2025-06-12 10:00:00,SAC Basic,0.3443867907451514,0.003595203161239624,0.0,0.0,0.0,0.0,-2.438757827152047,110
2025-06-12 11:00:00,SAC Basic,0.34292631512710686,0.0038573145866394043,0.0,0.0,0.0,0.0,-2.2927112801166722,110
2025-06-12 12:00:00,SAC Basic,0.3412965890374704,0.004082173109054565,0.0,0.0,0.0,0.0,-2.1297427957944444,110
2025-06-12 13:00:00,SAC Basic,0.33966564800649124,0.0037176907062530518,0.0,0.0,0.0,0.0,-1.9666427992872761,110
2025-06-12 14:00:00,SAC Basic,0.33817551632870474,0.003460496664047241,0.0,0.0,0.0,0.0,-1.817623414744176,110
2025-06-12 15:00:00,SAC Basic,0.33694390529860296,0.004516690969467163,0.0,0.0,0.0,0.0,-1.6944914256227392,110
2025-06-12 16:00:00,SAC Basic,0.3359717874653065,0.005864650011062622,0.0,0.0,0.0,0.0,-1.5973095191212847,110
2025-06-12 17:00:00,SAC Basic,0.335284695737255,0.00637248158454895,0.0,0.0,0.0,0.0,-1.5286021016729252,110
2025-06-12 18:00:00,SAC Basic,0.3351794498736584,0.004426240921020508,0.0,0.0,0.0,0.0,-1.5180529745908935,110
2025-06-12 19:00:00,SAC Basic,0.3352760122941855,0.00546872615814209,0.0,0.0,0.0,0.0,-1.5277210287940854,110
2025-06-12 20:00:00,SAC Basic,0.335397014374626,0.004300624132156372,0.0,0.0,0.0,0.0,-1.5397991309655015,110
2025-06-12 21:00:00,SAC Basic,0.33518784067779017,0.005247890949249268,0.0,0.0,0.0,0.0,-1.5188984982661724,110
2025-06-12 22:00:00,SAC Basic,0.33500573619911306,0.004868656396865845,0.0,0.0,0.0,0.0,-1.5006747853847662,110
2025-06-12 23:00:00,SAC Basic,0.33484869176536036,0.003886669874191284,0.0,0.0,0.0,0.0,-1.484956729798746,110
2025-06-13 00:00:00,SAC Basic,0.3346915524608814,0.003858208656311035,0.0,0.0,0.0,0.0,-1.4692326948734435,110
2025-06-13 01:00:00,SAC Basic,0.3345066127879345,0.0040180981159210205,0.0,0.0,0.0,0.0,-1.4507432396503614,110
2025-06-13 02:00:00,SAC Basic,0.33434863107114265,0.003605484962463379,0.0,0.0,0.0,0.0,-1.4349393429450488,110
2025-06-13 03:00:00,SAC Basic,0.3342180046748045,0.0033120810985565186,0.0,0.0,0.0,0.0,-1.42186964314106,110
2025-06-13 04:00:00,SAC Basic,0.33408710459380575,0.003229975700378418,0.0,0.0,0.0,0.0,-1.4087758799485637,110
2025-06-13 05:00:00,SAC Basic,0.33395426835526254,0.0026491284370422363,0.0,0.0,0.0,0.0,-1.3954856265676274,110
2025-06-13 06:00:00,SAC Basic,0.3337693083173953,0.004011988639831543,0.0,0.0,0.0,0.0,-1.3770247001143556,110
2025-06-13 07:00:00,SAC Basic,0.3333917836823983,0.00574260950088501,0.0,0.0,0.0,0.0,-1.3393105266384577,110
2025-06-13 08:00:00,SAC Basic,0.33267511586416987,0.005999654531478882,0.0,0.0,0.0,0.0,-1.2676341499579216,110
2025-06-13 09:00:00,SAC Basic,0.33162159169424804,0.0069427490234375,0.0,0.0,0.0,0.0,-1.162307455350192,110
2025-06-13 10:00:00,SAC Basic,0.3303041777228239,0.012775808572769165,0.0,0.0,0.0,0.0,-1.030731619049337,110
2025-06-13 11:00:00,SAC Basic,0.32877077177990705,0.015978217124938965,0.0,0.0,0.0,0.0,-0.8774287664187244,110
2025-06-13 12:00:00,SAC Basic,0.3271592715317928,0.018049925565719604,0.0,0.0,0.0,0.0,-0.7163088687750021,110
2025-06-13 13:00:00,SAC Basic,0.3255820173977736,0.01982375979423523,0.0,0.0,0.0,0.0,-0.5586159533155285,110
2025-06-13 14:00:00,SAC Basic,0.3241083611717744,0.01690313220024109,0.0,0.0,0.0,0.0,-0.4112033860973825,110
2025-06-13 15:00:00,SAC Basic,0.3228664283385797,0.0099201500415802,0.0,0.0,0.0,0.0,-0.28691106668038785,110
2025-06-13 16:00:00,SAC Basic,0.3219491304213726,0.005310624837875366,0.0,0.0,0.0,0.0,-0.19506534988605148,110
2025-06-13 17:00:00,SAC Basic,0.3213757564766132,0.006487816572189331,0.0,0.0,0.0,0.0,-0.13771717591010685,110
2025-06-13 18:00:00,SAC Basic,0.3210754489651246,0.0034077465534210205,0.0,0.0,0.0,0.0,-0.10764385214371312,110
2025-06-13 19:00:00,SAC Basic,0.3209150805790149,0.002889484167098999,0.0,0.0,0.0,0.0,-0.09157103020869561,110
2025-06-13 20:00:00,SAC Basic,0.320755112537436,0.003009587526321411,0.0,0.0,0.0,0.0,-0.07557264652771734,110
2025-06-13 21:00:00,SAC Basic,0.3206239228772047,0.003143101930618286,0.0,0.0,0.0,0.0,-0.06245648490312501,110
2025-06-13 22:00:00,SAC Basic,0.32049215753544597,0.002970397472381592,0.0,0.0,0.0,0.0,-0.049276888538625836,110
2025-06-13 23:00:00,SAC Basic,0.3203604190157774,0.0029784440994262695,0.0,0.0,0.0,0.0,-0.036101550925996984,110
2025-06-14 00:00:00,SAC Basic,0.32022793990839743,0.002756267786026001,0.0,0.0,0.0,0.0,-0.02285133795859684,110
2025-06-14 01:00:00,SAC Basic,0.32012292489994787,0.002495497465133667,0.0,0.0,0.0,0.0,-0.012345007647297868,110
2025-06-14 02:00:00,SAC Basic,0.32001701035806757,0.002225637435913086,0.0,0.0,0.0,0.0,-0.0017482471557664248,110
2025-06-14 03:00:00,SAC Basic,0.31993952253013075,0.0022536516189575195,0.0,0.0,0.0,0.0,0.9999546468257905,110
2025-06-14 04:00:00,SAC Basic,0.31988993341832583,0.0021232664585113525,0.0,0.0,0.0,0.0,0.9999562308192254,110
2025-06-14 05:00:00,SAC Basic,0.3198678183395587,0.001865476369857788,0.0,0.0,0.0,0.0,0.9999601125717164,110
2025-06-14 06:00:00,SAC Basic,0.31978895116080075,0.0018398463726043701,0.0,0.0,0.0,0.0,0.9999629467725754,110
2025-06-14 07:00:00,SAC Basic,0.3194557277122063,0.0020329654216766357,0.0,0.0,0.0,0.0,0.9999574095010757,110
2025-06-14 08:00:00,SAC Basic,0.3187042654171509,0.004061311483383179,0.0,0.0,0.0,0.0,0.9998984903097152,110
2025-06-14 09:00:00,SAC Basic,0.3176195314930799,0.006079822778701782,0.0,0.0,0.0,0.0,0.9998582184314727,110
2025-06-14 10:00:00,SAC Basic,0.31624105153549936,0.011456012725830078,0.0,0.0,0.0,0.0,0.9997171178460121,110
2025-06-14 11:00:00,SAC Basic,0.31460673711289194,0.011205673217773438,0.0,0.0,0.0,0.0,0.999773383140564,110
2025-06-14 12:00:00,SAC Basic,0.31288464014678424,0.010370910167694092,0.0,0.0,0.0,0.0,0.9997842341661453,110
2025-06-14 13:00:00,SAC Basic,0.3112825442869388,0.012371242046356201,0.0,0.0,0.0,0.0,0.9997325718402863,110
2025-06-14 14:00:00,SAC Basic,0.30972959000735706,0.010113716125488281,0.0,0.0,0.0,0.0,0.9997751504182816,110
2025-06-14 15:00:00,SAC Basic,0.3083942414950254,0.007395446300506592,0.0,0.0,0.0,0.0,0.99982490837574,110
2025-06-14 16:00:00,SAC Basic,0.3074172902217431,0.004414618015289307,0.0,0.0,0.0,0.0,0.999881899356842,110
2025-06-14 17:00:00,SAC Basic,0.30684214254209624,0.005955696105957031,0.0,0.0,0.0,0.0,0.9998654752969741,110
2025-06-14 18:00:00,SAC Basic,0.30662790543068674,0.0037288665771484375,0.0,0.0,0.0,0.0,0.999903154373169,110
2025-06-14 19:00:00,SAC Basic,0.30649825257687996,0.0036041438579559326,0.0,0.0,0.0,0.0,0.9999266698956489,110
2025-06-14 20:00:00,SAC Basic,0.306454729727797,0.003943145275115967,0.0,0.0,0.0,0.0,0.9999177470803261,110
2025-06-14 21:00:00,SAC Basic,0.30641287680217855,0.004444122314453125,0.0,0.0,0.0,0.0,0.9999061077833176,110
2025-06-14 22:00:00,SAC Basic,0.30639716177214416,0.0037854909896850586,0.0,0.0,0.0,0.0,0.9999177038669587,110
2025-06-14 23:00:00,SAC Basic,0.30638197026957303,0.003942549228668213,0.0,0.0,0.0,0.0,0.9999195784330368,110
2025-06-15 00:00:00,SAC Basic,0.306364071226013,0.003130286931991577,0.0,0.0,0.0,0.0,0.9999292716383934,110
2025-06-15 01:00:00,SAC Basic,0.3063444366938793,0.00260964035987854,0.0,0.0,0.0,0.0,0.9999426007270813,110
2025-06-15 02:00:00,SAC Basic,0.3063234228109244,0.0021958351135253906,0.0,0.0,0.0,0.0,0.9999519452452659,110
2025-06-15 03:00:00,SAC Basic,0.3063045457544847,0.002836883068084717,0.0,0.0,0.0,0.0,0.9999368518590926,110
2025-06-15 04:00:00,SAC Basic,0.30625613731135165,0.0024774670600891113,0.0,0.0,0.0,0.0,0.9999468564987182,110
2025-06-15 05:00:00,SAC Basic,0.3062359519329591,0.0024443864822387695,0.0,0.0,0.0,0.0,0.9999507814645767,110
2025-06-15 06:00:00,SAC Basic,0.3061879979752425,0.0026138126850128174,0.0,0.0,0.0,0.0,0.9999460294842719,110
2025-06-15 07:00:00,SAC Basic,0.30591396346319955,0.0027896463871002197,0.0,0.0,0.0,0.0,0.9999424487352371,110
2025-06-15 08:00:00,SAC Basic,0.3052378330293222,0.009660869836807251,0.0,0.0,0.0,0.0,0.9997380703687667,110
2025-06-15 09:00:00,SAC Basic,0.30418529528209803,0.024238675832748413,0.0,0.0,0.0,0.0,0.9993694484233856,110
2025-06-15 10:00:00,SAC Basic,0.30280614943970474,0.0367562472820282,0.0,0.0,0.0,0.0,0.9991396993398667,110
2025-06-15 11:00:00,SAC Basic,0.30117848139752185,0.03019958734512329,0.0,0.0,0.0,0.0,0.9993304416537284,110
2025-06-15 12:00:00,SAC Basic,0.2994226384654565,0.02574712038040161,0.0,0.0,0.0,0.0,0.9994405329227447,110
2025-06-15 13:00:00,SAC Basic,0.297672650961769,0.019003748893737793,0.0,0.0,0.0,0.0,0.9995524913072587,110
2025-06-15 14:00:00,SAC Basic,0.29611636673519254,0.026114732027053833,0.0,0.0,0.0,0.0,0.9994065955281257,110
2025-06-15 15:00:00,SAC Basic,0.29485526700088616,0.021170079708099365,0.0,0.0,0.0,0.0,0.9995271518826485,110
2025-06-15 16:00:00,SAC Basic,0.29390302036274707,0.011826008558273315,0.0,0.0,0.0,0.0,0.9996700391173362,110
2025-06-15 17:00:00,SAC Basic,0.2933684344060147,0.009624212980270386,0.0,0.0,0.0,0.0,0.9997854977846146,110
2025-06-15 18:00:00,SAC Basic,0.29319662414619563,0.007956922054290771,0.0,0.0,0.0,0.0,0.9998241886496544,110
2025-06-15 19:00:00,SAC Basic,0.2930749617917263,0.006001293659210205,0.0,0.0,0.0,0.0,0.9998604178428651,110
2025-06-15 20:00:00,SAC Basic,0.29301444588968395,0.007345229387283325,0.0,0.0,0.0,0.0,0.9998396560549736,110
2025-06-15 21:00:00,SAC Basic,0.29295519161928935,0.007723718881607056,0.0,0.0,0.0,0.0,0.9998417407274246,110
2025-06-15 22:00:00,SAC Basic,0.2928629702511354,0.006333589553833008,0.0,0.0,0.0,0.0,0.9998594269156457,110
2025-06-15 23:00:00,SAC Basic,0.2927731315786564,0.00704839825630188,0.0,0.0,0.0,0.0,0.9998518839478492,110
2025-06-16 00:00:00,SAC Basic,0.29265283764749006,0.006411820650100708,0.0,0.0,0.0,0.0,0.999865397810936,110
2025-06-16 01:00:00,SAC Basic,0.29250388901461394,0.006315410137176514,0.0,0.0,0.0,0.0,0.9998727276921272,110
2025-06-16 02:00:00,SAC Basic,0.29235696495283875,0.006922781467437744,0.0,0.0,0.0,0.0,0.9998554706573486,110
2025-06-16 03:00:00,SAC Basic,0.29220870525031517,0.006522089242935181,0.0,0.0,0.0,0.0,0.9998655512928963,110
2025-06-16 04:00:00,SAC Basic,0.29245018974452447,0.006445348262786865,0.0,0.0,0.0,0.0,0.9998703256249428,110
2025-06-16 05:00:00,SAC Basic,0.29241628708510825,0.006829202175140381,0.0,0.0,0.0,0.0,0.9998595774173736,110
2025-06-16 06:00:00,SAC Basic,0.2926296463655355,0.006507784128189087,0.0,0.0,0.0,0.0,0.9998666301369666,110
2025-06-16 07:00:00,SAC Basic,0.29334499649752405,0.008105039596557617,0.0,0.0,0.0,0.0,0.9998219266533852,110
2025-06-16 08:00:00,SAC Basic,0.2954661181313716,0.014836490154266357,0.0,0.0,0.0,0.0,0.9996359556913376,110
2025-06-16 09:00:00,SAC Basic,0.2990447690287155,0.003095269203186035,0.0,0.0,0.0,0.0,0.9998206824064255,110
2025-06-16 10:00:00,SAC Basic,0.29828517180591047,0.003620833158493042,0.0,0.0,0.0,0.0,0.9999223276972771,110
2025-06-16 11:00:00,SAC Basic,0.2966903256264251,0.0060461461544036865,0.0,0.0,0.0,0.0,0.9998548239469528,110
2025-06-16 12:00:00,SAC Basic,0.2949921308850171,0.009041577577590942,0.0,0.0,0.0,0.0,0.9997892141342163,110
2025-06-16 13:00:00,SAC Basic,0.2933548883842351,0.010327249765396118,0.0,0.0,0.0,0.0,0.9997805982828141,110
2025-06-16 14:00:00,SAC Basic,0.29177534420717977,0.010636746883392334,0.0,0.0,0.0,0.0,0.9997841700911522,110
2025-06-16 15:00:00,SAC Basic,0.2904842499255063,0.012171715497970581,0.0,0.0,0.0,0.0,0.9997412160038948,110
2025-06-16 16:00:00,SAC Basic,0.2895913782229942,0.021138489246368408,0.0,0.0,0.0,0.0,0.9994875624775886,110
2025-06-16 17:00:00,SAC Basic,0.28912247463215607,0.012328922748565674,0.0,0.0,0.0,0.0,0.9996653258800506,110
2025-06-16 18:00:00,SAC Basic,0.2889790041628402,0.007958859205245972,0.0,0.0,0.0,0.0,0.9997971221804618,110
2025-06-16 19:00:00,SAC Basic,0.2898231006613296,0.004228949546813965,0.0,0.0,0.0,0.0,0.9998781219124794,110
2025-06-16 20:00:00,SAC Basic,0.28973391068606785,0.00724300742149353,0.0,0.0,0.0,0.0,0.9998249992728233,110
2025-06-16 21:00:00,SAC Basic,0.2899565146468998,0.009281188249588013,0.0,0.0,0.0,0.0,0.9997939944267273,110
2025-06-16 22:00:00,SAC Basic,0.29053098726420806,0.006341785192489624,0.0,0.0,0.0,0.0,0.9998437702655792,110
2025-06-16 23:00:00,SAC Basic,0.2911074173973919,0.00692903995513916,0.0,0.0,0.0,0.0,0.9998555466532707,110
2025-06-17 00:00:00,SAC Basic,0.29369992316871096,0.0032517313957214355,0.0,0.0,0.0,0.0,0.9998981922864915,110
2025-06-17 01:00:00,SAC Basic,0.2946232678189795,0.0025033950805664062,0.0,0.0,0.0,0.0,0.9999424487352371,110
2025-06-17 02:00:00,SAC Basic,0.29454651561170037,0.0024743378162384033,0.0,0.0,0.0,0.0,0.999950222671032,110
2025-06-17 03:00:00,SAC Basic,0.29580389543999447,0.0027139484882354736,0.0,0.0,0.0,0.0,0.9999433249235153,110
2025-06-17 04:00:00,SAC Basic,0.3031439059836588,0.0020031630992889404,0.0,0.0,0.0,0.0,0.9999528288841247,110
2025-06-17 05:00:00,SAC Basic,0.30373121373324813,0.0016923248767852783,0.0,0.0,0.0,0.0,0.9999630451202393,110
2025-06-17 06:00:00,SAC Basic,0.31498730411439363,0.0023271143436431885,0.0,0.0,0.0,0.0,0.9999471098184586,110
2025-06-17 07:00:00,SAC Basic,0.3224758697476906,0.006069689989089966,0.0,0.0,0.0,0.0,-0.2477457943252958,110
2025-06-17 08:00:00,SAC Basic,0.32197876670270387,0.003869086503982544,0.0,0.0,0.0,0.0,-0.19797605803531676,110
2025-06-17 09:00:00,SAC Basic,0.32099373452970603,0.0019903481006622314,0.0,0.0,0.0,0.0,-0.09943204731664897,110
2025-06-17 10:00:00,SAC Basic,0.31967827585606995,0.004862397909164429,0.0,0.0,0.0,0.0,0.9998740315437317,110
2025-06-17 11:00:00,SAC Basic,0.3188405461946052,0.007681101560592651,0.0,0.0,0.0,0.0,0.9998181909322739,110
2025-06-17 12:00:00,SAC Basic,0.3203758157983345,0.002580881118774414,0.0,0.0,0.0,0.0,-0.03768419966024479,110
2025-06-17 13:00:00,SAC Basic,0.3221926802665912,0.002059340476989746,0.0,0.0,0.0,0.0,-0.21931442887507724,110
2025-06-17 14:00:00,SAC Basic,0.32212266597498684,0.0019957125186920166,0.0,0.0,0.0,0.0,-0.2123071480286405,110
2025-06-17 15:00:00,SAC Basic,0.3210254910714351,0.0023475289344787598,0.0,0.0,0.0,0.0,-0.10259957588635439,110
2025-06-17 16:00:00,SAC Basic,0.3201828899946732,0.002219676971435547,0.0,0.0,0.0,0.0,-0.0183346715263788,110
2025-06-17 17:00:00,SAC Basic,0.31968146561294025,0.002572685480117798,0.0,0.0,0.0,0.0,0.9999450162053108,110
2025-06-17 18:00:00,SAC Basic,0.31982382231622164,0.0022070109844207764,0.0,0.0,0.0,0.0,0.9999522030353546,110
2025-06-17 19:00:00,SAC Basic,0.3203260193005127,0.001659095287322998,0.0,0.0,0.0,0.0,-0.03264059111398554,110
2025-06-17 20:00:00,SAC Basic,0.3201926287387731,0.0024828314781188965,0.0,0.0,0.0,0.0,-0.01932076786877741,110
2025-06-17 21:00:00,SAC Basic,0.3224033837929291,0.005726516246795654,0.0,0.0,0.0,0.0,-0.24048534646553194,110
2025-06-17 22:00:00,SAC Basic,0.331057742828421,0.004807710647583008,0.0,0.0,0.0,0.0,-1.1058796251110417,110
2025-06-17 23:00:00,SAC Basic,0.33601449565082014,0.004025846719741821,0.0,0.0,0.0,0.0,-1.6015379006556871,110
2025-06-18 00:00:00,SAC Basic,0.33997734801520135,0.0058557093143463135,0.0,0.0,0.0,0.0,-1.9978702143323677,110
2025-06-18 01:00:00,SAC Basic,0.3398786739475451,0.004397779703140259,0.0,0.0,0.0,0.0,-1.987969929644686,110
2025-06-18 02:00:00,SAC Basic,0.33978106928655727,0.004718601703643799,0.0,0.0,0.0,0.0,-1.9782045089098041,110
2025-06-18 03:00:00,SAC Basic,0.3409897183099312,0.005094707012176514,0.0,0.0,0.0,0.0,-2.0990774861864474,110
2025-06-18 04:00:00,SAC Basic,0.36253959469523334,0.008449405431747437,0.0,0.41798648984111114,0.0,0.0,-4.254162004616164,110
2025-06-18 05:00:00,SAC Basic,0.36993591395347986,0.008926242589950562,0.0,0.6645304651159961,0.0,0.0,-4.993774688571366,110
2025-06-18 06:00:00,SAC Basic,0.37201461355396814,0.008430331945419312,0.0,0.7338204517989383,0.0,0.0,-5.201634921142167,110
2025-06-18 07:00:00,SAC Basic,0.37363036015250123,0.014902651309967041,0.0,0.7876786717500409,0.0,0.0,-5.363398791469967,110
2025-06-18 08:00:00,SAC Basic,0.37140136735038015,0.014681071043014526,0.0,0.7133789116793381,0.0,0.0,-5.1404325722615445,110
2025-06-18 09:00:00,SAC Basic,0.36885598108335776,0.011416822671890259,0.0,0.6285327027785925,1.4210854715202004e-14,0.0,-4.885859087272925,110
2025-06-18 10:00:00,SAC Basic,0.36609469550816215,0.005604177713394165,0.0,0.5364898502720721,0.0,0.0,-4.609639760820068,110
2025-06-18 11:00:00,SAC Basic,0.3638252230870247,0.009499043226242065,0.0,0.4608407695674885,0.0,0.0,-4.382751238222122,110
2025-06-18 12:00:00,SAC Basic,0.3621105578048992,0.010285675525665283,0.0,0.4036852601633058,0.0,0.0,-4.211269360323427,110
2025-06-18 13:00:00,SAC Basic,0.36059898019242,0.005826056003570557,0.0,0.3532993397473334,0.0,0.0,-4.060059136557291,110
2025-06-18 14:00:00,SAC Basic,0.3589772745843623,0.0037308037281036377,0.0,0.2992424861454097,0.0,0.0,-3.8978230270335454,110
2025-06-18 15:00:00,SAC Basic,0.35712720364390854,0.005552172660827637,0.0,0.23757345479695147,0.0,0.0,-3.7128496215333975,110
2025-06-18 16:00:00,SAC Basic,0.3556438615775619,0.006626099348068237,0.0,0.1881287192520631,0.0,0.0,-3.564529419010022,110
2025-06-18 17:00:00,SAC Basic,0.3545981473401052,0.00955730676651001,0.0,0.15327157800350763,0.0,0.0,-3.460035192220033,110
2025-06-18 18:00:00,SAC Basic,0.3545417924845394,0.010986626148223877,0.0,0.15139308281797953,0.0,0.0,-3.4544132741707183,110
2025-06-18 19:00:00,SAC Basic,0.36296595350731997,0.010446757078170776,0.0,0.4321984502439989,0.0,0.0,-4.29680968456426,110
2025-06-18 20:00:00,SAC Basic,0.36153252940287817,0.01389041543006897,0.0,0.38441764676260565,0.0,0.0,-4.153565185179936,110
2025-06-18 21:00:00,SAC Basic,0.36026436248949734,0.012695342302322388,0.0,0.3421454163165777,0.0,0.0,-4.026702106527057,110
2025-06-18 22:00:00,SAC Basic,0.35914482557116356,0.011466443538665771,0.0,0.3048275190387855,0.0,0.0,-3.914724174974765,110
2025-06-18 23:00:00,SAC Basic,0.358132998195932,0.010051727294921875,0.0,0.2710999398643992,0.0,0.0,-3.8135150013015324,110
2025-06-19 00:00:00,SAC Basic,0.3571962934235743,0.009865015745162964,0.0,0.23987644745247538,0.0,0.0,-3.719828509787829,110
2025-06-19 01:00:00,SAC Basic,0.3563787171071777,0.009851008653640747,0.0,0.21262390357259164,0.0,0.0,-3.6380688709617597,110
2025-06-19 02:00:00,SAC Basic,0.35561595226472703,0.009368956089019775,0.0,0.18719840882423427,0.0,0.0,-3.561787426120129,110
2025-06-19 03:00:00,SAC Basic,0.3616003075747438,0.0074835121631622314,0.0,0.3866769191581284,0.0,0.0,-4.160199282156903,110
2025-06-19 04:00:00,SAC Basic,0.36304019301671514,0.009138733148574829,0.0,0.4346731005571727,0.0,0.0,-4.304218628544339,110
2025-06-19 05:00:00,SAC Basic,0.3640926224176174,0.010982900857925415,0.0,0.4697540805872478,0.0,0.0,-4.409500341455994,110
2025-06-19 06:00:00,SAC Basic,0.3625373529028969,0.010830909013748169,0.0,0.4179117634298976,0.0,0.0,-4.253953428388407,110
2025-06-19 07:00:00,SAC Basic,0.36129799456263273,0.015292316675186157,0.0,0.37659981875442555,0.0,0.0,-4.130149916673391,110
2025-06-19 08:00:00,SAC Basic,0.3605547137764516,0.02433955669403076,0.0,0.35182379254838597,0.0,0.0,-4.056048641179228,110
2025-06-19 09:00:00,SAC Basic,0.359109019942828,0.01642584800720215,0.0,0.3036339980942671,0.0,0.0,-3.911309648329813,110
2025-06-19 10:00:00,SAC Basic,0.35700325567914365,0.009712576866149902,0.0,0.23344185597145498,0.0,0.0,-3.7005869521630976,110
2025-06-19 11:00:00,SAC Basic,0.35512114340263595,0.005571097135543823,0.0,0.1707047800878641,0.0,0.0,-3.512267177003612,110
2025-06-19 12:00:00,SAC Basic,0.3536359904123365,0.009153783321380615,0.0,0.12119968041121609,0.0,0.0,-3.363817943761936,110
2025-06-19 13:00:00,SAC Basic,0.3540764397166687,0.014516115188598633,0.0,0.13588132388895532,0.0,0.0,-3.407987917289312,110
2025-06-19 14:00:00,SAC Basic,0.35325318762837504,0.014463961124420166,0.0,0.1084395876125015,0.0,0.0,-3.3256085636006336,110
2025-06-19 15:00:00,SAC Basic,0.35276368491225235,0.008772015571594238,0.0,0.09212283040841243,0.0,0.0,-3.2766008509921947,110
2025-06-19 16:00:00,SAC Basic,0.3526247735326242,0.009319037199020386,0.0,0.08749245108747346,0.0,0.0,-3.2626692042226764,110
2025-06-19 17:00:00,SAC Basic,0.3518576442652421,0.010282695293426514,0.0,0.06192147550806908,0.0,0.0,-3.185979717011019,110
2025-06-19 18:00:00,SAC Basic,0.35144289994837136,0.008673369884490967,0.0,0.04809666494571161,0.0,0.0,-3.144479555488914,110
2025-06-19 19:00:00,SAC Basic,0.35109558290947634,0.008824318647384644,0.0,0.036519430315878766,0.0,0.0,-3.109736286808211,110
2025-06-19 20:00:00,SAC Basic,0.35090452518906434,0.006833523511886597,0.0,0.030150839635479088,0.0,0.0,-3.0906090973280262,110
2025-06-19 21:00:00,SAC Basic,0.3543229809753261,0.012136101722717285,0.0,0.14409936584420252,0.0,0.0,-3.4325938453491727,110
2025-06-19 22:00:00,SAC Basic,0.3595109005091335,0.007405877113342285,0.0,0.3170300169711169,0.0,0.0,-3.9512854707017078,110
2025-06-19 23:00:00,SAC Basic,0.35907782465485444,0.006671398878097534,0.0,0.30259415516181465,0.0,0.0,-3.9079232382453575,110
2025-06-20 00:00:00,SAC Basic,0.3583900103752706,0.007322728633880615,0.0,0.2796670125090202,0.0,0.0,-3.839154005397292,110
2025-06-20 01:00:00,SAC Basic,0.35744884414299366,0.008444935083389282,0.0,0.24829480476645643,0.0,0.0,-3.745064535065528,110
2025-06-20 02:00:00,SAC Basic,0.3566026009847883,0.008713752031326294,0.0,0.22008669949294274,0.0,0.0,-3.6604370616889352,110
2025-06-20 03:00:00,SAC Basic,0.3558615044095066,0.007054507732391357,0.0,0.19538348031688743,0.0,0.0,-3.5863081235482954,110
2025-06-20 04:00:00,SAC Basic,0.3609224135984731,0.007853209972381592,0.0,0.3640804532824376,0.0,0.0,-4.092406411069157,110
2025-06-20 05:00:00,SAC Basic,0.36275055616692475,0.0074613094329833984,0.0,0.4250185388974913,0.0,0.0,-4.275208761886528,110
2025-06-20 06:00:00,SAC Basic,0.367994324773989,0.006941407918930054,0.0,0.599810825799635,0.0,0.0,-4.799576504572421,110
2025-06-20 07:00:00,SAC Basic,0.36875011481646475,0.011240839958190918,0.0,0.6250038272154911,0.0,0.0,-4.875279292766031,110
2025-06-20 08:00:00,SAC Basic,0.3663529642812351,0.021453648805618286,0.0,0.545098809374504,0.0,0.0,-4.635827629188095,110
2025-06-20 09:00:00,SAC Basic,0.36390254022621565,0.008790791034698486,0.0,0.4634180075405226,0.0,0.0,-4.390556467019968,110
2025-06-20 10:00:00,SAC Basic,0.3624784396819781,0.011717826128005981,0.0,0.415947989399271,0.0,0.0,-4.248107595071305,110
2025-06-20 11:00:00,SAC Basic,0.36063760463063516,0.008336305618286133,0.0,0.3545868210211722,0.0,0.0,-4.063961004380978,110
2025-06-20 12:00:00,SAC Basic,0.36242298879681173,0.004714876413345337,0.0,0.4140996265603903,0.0,0.0,-4.242429391501489,110
2025-06-20 13:00:00,SAC Basic,0.37444246778468615,0.009592622518539429,0.0,0.8147489261562058,0.0,0.0,-5.444487408380037,110
2025-06-20 14:00:00,SAC Basic,0.37286679989248805,0.00852629542350769,0.0,0.7622266630829359,0.0,0.0,-5.286861178428226,110
2025-06-20 15:00:00,SAC Basic,0.3708811797870722,0.012853294610977173,0.0,0.6960393262357386,0.0,0.0,-5.088418314591313,110
2025-06-20 16:00:00,SAC Basic,0.36930090314294634,0.013780444860458374,0.0,0.6433634380982114,0.0,0.0,-4.930375194694337,110
2025-06-20 17:00:00,SAC Basic,0.3686229693785823,0.01938551664352417,0.0,0.6207656459527429,0.0,0.0,-4.86274069890893,110
2025-06-20 18:00:00,SAC Basic,0.36837745842762437,0.015428662300109863,0.0,0.6125819475874792,0.0,0.0,-4.838093984551873,110
2025-06-20 19:00:00,SAC Basic,0.3720605154186575,0.008267611265182495,0.0,0.7353505139552496,0.0,0.0,-5.2062885046014005,110
2025-06-20 20:00:00,SAC Basic,0.3721752165473182,0.04158422350883484,0.0,0.7391738849106076,0.0,0.0,-5.218686505324434,110
2025-06-20 21:00:00,SAC Basic,0.37042071167296287,0.022338926792144775,0.0,0.6806903890987613,0.0,0.0,-5.042710398799296,110
2025-06-20 22:00:00,SAC Basic,0.36824356189333896,0.014473795890808105,0.0,0.6081187297779664,0.0,0.0,-4.824724316560724,110
2025-06-20 23:00:00,SAC Basic,0.3668848217838124,0.014705359935760498,0.0,0.5628273927937457,0.0,0.0,-4.688778601220402,110
2025-06-21 00:00:00,SAC Basic,0.3677786736858888,0.011778026819229126,0.0,0.592622456196294,0.0,0.0,-4.778132202456428,110
2025-06-21 01:00:00,SAC Basic,0.36981694520279795,0.006046295166015625,0.0,0.6605648400932651,0.0,0.0,-4.981872763499647,110
2025-06-21 02:00:00,SAC Basic,0.3716200416664335,0.012596994638442993,0.0,0.7206680555477818,0.0,0.0,-5.16232161353084,110
2025-06-21 03:00:00,SAC Basic,0.37533403396738046,0.009665489196777344,0.0,0.8444677989126816,0.0,0.0,-5.533626021576398,110
2025-06-21 04:00:00,SAC Basic,0.37388112778495974,0.011165738105773926,0.0,0.796037592831992,0.0,0.0,-5.388351095747179,110
2025-06-21 05:00:00,SAC Basic,0.37314049798146987,0.025660991668701172,0.0,0.7713499327156627,0.0,0.0,-5.31470797051599,110
2025-06-21 06:00:00,SAC Basic,0.37094927384975046,0.008941888809204102,0.0,0.6983091283250161,0.0,0.0,-5.095273413779825,110
2025-06-21 07:00:00,SAC Basic,0.3694951264251693,0.01559332013130188,0.0,0.6498375475056435,0.0,0.0,-4.949891023232776,110
2025-06-21 08:00:00,SAC Basic,0.36935979871583796,0.02372831106185913,0.0,0.6453266238612656,0.0,0.0,-4.936535787714338,110
2025-06-21 09:00:00,SAC Basic,0.3678986361355139,0.011272430419921875,0.0,0.5966212045171304,0.0,0.0,-4.790213620966205,110
2025-06-21 10:00:00,SAC Basic,0.3657537531959909,0.011160224676132202,0.0,0.5251251065330295,0.0,0.0,-4.57559964615005,110
2025-06-21 11:00:00,SAC Basic,0.3637129547425417,0.008358955383300781,0.0,0.4570984914180571,0.0,0.0,-4.371490666054766,110
2025-06-21 12:00:00,SAC Basic,0.3616626637774981,0.005168169736862183,0.0,0.38875545924993704,0.0,0.0,-4.166401649001013,110
2025-06-21 13:00:00,SAC Basic,0.3596234167288193,0.006506443023681641,0.0,0.3207805576273117,0.0,0.0,-3.9624851844752724,110
2025-06-21 14:00:00,SAC Basic,0.3577894144788786,0.006946474313735962,0.0,0.2596471492959537,0.0,0.0,-3.7790847776870327,110
2025-06-21 15:00:00,SAC Basic,0.3578271972882215,0.010241419076919556,0.0,0.26090657627404995,0.0,0.0,-3.7829575066513184,110
2025-06-21 16:00:00,SAC Basic,0.35986190627582043,0.009142905473709106,0.0,0.32873020919401486,0.0,0.0,-3.9863844708275487,110
2025-06-21 17:00:00,SAC Basic,0.360435816901271,0.022033751010894775,0.0,0.3478605633757013,0.0,0.0,-4.044151273602691,110
2025-06-21 18:00:00,SAC Basic,0.36133042522598313,0.02256333827972412,0.0,0.37768084086610404,0.0,0.0,-4.133499085236595,110
2025-06-21 19:00:00,SAC Basic,0.37243263724549713,0.012418180704116821,0.0,0.747754574849904,0.0,0.0,-5.243613539739551,110
2025-06-21 20:00:00,SAC Basic,0.37100321262035457,0.013779699802398682,0.0,0.7001070873451525,0.0,0.0,-5.100610471222487,110
2025-06-21 21:00:00,SAC Basic,0.3853403068668278,0.013138502836227417,0.0,1.1780102288942587,0.0,0.0,-6.534299868709166,110
2025-06-21 22:00:00,SAC Basic,0.3826568718556135,0.009031891822814941,0.0,1.0885623951871153,0.0,0.0,-6.265908889507937,110
2025-06-21 23:00:00,SAC Basic,0.3793468608964296,0.010725408792495728,0.0,0.9782286965476544,0.0,0.0,-5.934917532988506,110
2025-06-22 00:00:00,SAC Basic,0.3763338155581485,0.016380250453948975,0.0,0.877793851938283,0.0,0.0,-5.633765709240541,110
2025-06-22 01:00:00,SAC Basic,0.3735729093846617,0.016991794109344482,0.0,0.7857636461553895,0.0,0.0,-5.35763688978491,110
2025-06-22 02:00:00,SAC Basic,0.37108483494457045,0.01590549945831299,0.0,0.7028278314856821,0.0,0.0,-5.108812467392721,110
2025-06-22 03:00:00,SAC Basic,0.36884173328366676,0.014627277851104736,0.0,0.6280577761222248,0.0,0.0,-4.88447865613977,110
2025-06-22 04:00:00,SAC Basic,0.3668681821920287,0.012707412242889404,0.0,0.5622727397342914,0.0,0.0,-4.687091566103811,110
2025-06-22 05:00:00,SAC Basic,0.3650415400857161,0.012892037630081177,0.0,0.5013846695238698,0.0,0.0,-4.504413695578082,110
2025-06-22 06:00:00,SAC Basic,0.36334952558396133,0.013879835605621338,0.0,0.4449841861320451,0.0,0.0,-4.335240033088,110
2025-06-22 07:00:00,SAC Basic,0.3617410977002192,0.01934155821800232,0.0,0.39136992334064047,-1.4210854715202004e-14,0.0,-4.1745512184124065,110
2025-06-22 08:00:00,SAC Basic,0.3599411132792421,0.012375116348266602,0.0,0.3313704426414035,0.0,0.0,-3.9944284946698727,110
2025-06-22 09:00:00,SAC Basic,0.35799749267015946,0.006496906280517578,0.0,0.2665830890053158,0.0,0.0,-3.7999379872422328,110
2025-06-22 10:00:00,SAC Basic,0.3560645033673712,0.004753321409225464,0.0,0.20215011224570675,0.0,0.0,-3.606562839014019,110
2025-06-22 11:00:00,SAC Basic,0.3546799967938901,0.006147921085357666,0.0,0.15599989312967183,0.0,0.0,-3.4681365838074796,110
2025-06-22 12:00:00,SAC Basic,0.35308157608040347,0.005692988634109497,0.0,0.10271920268011599,0.0,0.0,-3.3082760171375414,110
2025-06-22 13:00:00,SAC Basic,0.3514132886729971,0.0056234002113342285,0.0,0.04710962243323707,0.0,0.0,-3.141442031188163,110
2025-06-22 14:00:00,SAC Basic,0.3500115832092466,0.004874467849731445,0.0,0.00038610697488650203,0.0,0.0,-3.001263299605268,110
2025-06-22 15:00:00,SAC Basic,0.3488928018532298,0.004365593194961548,0.0,0.0,0.0,0.0,-2.8893725859334256,110
2025-06-22 16:00:00,SAC Basic,0.3480328098625046,0.0055024027824401855,0.0,0.0,0.0,0.0,-2.8034024024019852,110
2025-06-22 17:00:00,SAC Basic,0.34749202303589405,0.007763952016830444,0.0,0.0,0.0,0.0,-2.7493801981220845,110
2025-06-22 18:00:00,SAC Basic,0.3472325479517482,0.007157474756240845,0.0,0.0,0.0,0.0,-2.723404009442548,110
2025-06-22 19:00:00,SAC Basic,0.3470284187946819,0.0067612528800964355,0.0,0.0,0.0,0.0,-2.702981066744551,110
2025-06-22 20:00:00,SAC Basic,0.3467880204425357,0.0043804943561553955,0.0,0.0,0.0,0.0,-2.6789134617259323,110
2025-06-22 21:00:00,SAC Basic,0.34660488430679864,0.004559159278869629,0.0,0.0,0.0,0.0,-2.660581400514668,110
2025-06-22 22:00:00,SAC Basic,0.34645174695751096,0.005058795213699341,0.0,0.0,0.0,0.0,-2.6452808680147184,110
2025-06-22 23:00:00,SAC Basic,0.34632879962624136,0.005615800619125366,0.0,0.0,0.0,0.0,-2.632997848690572,110
2025-06-23 00:00:00,SAC Basic,0.3462336049797239,0.005441606044769287,0.0,0.0,0.0,0.0,-2.6234710720390266,110
2025-06-23 01:00:00,SAC Basic,0.34611178467294595,0.0059539079666137695,0.0,0.0,0.0,0.0,-2.6113026684731455,110
2025-06-23 02:00:00,SAC Basic,0.3463215006194613,0.005414783954620361,0.0,0.0,0.0,0.0,-2.6322637488653435,110
2025-06-23 03:00:00,SAC Basic,0.3461687740455172,0.005182027816772461,0.0,0.0,0.0,0.0,-2.6169833726694343,110
2025-06-23 04:00:00,SAC Basic,0.3460182031728925,0.005828738212585449,0.0,0.0,0.0,0.0,-2.6019433591574592,110
2025-06-23 05:00:00,SAC Basic,0.3458954018730026,0.005659610033035278,0.0,0.0,0.0,0.0,-2.589655070782716,110
2025-06-23 06:00:00,SAC Basic,0.3457462933009964,0.006267428398132324,0.0,0.0,0.0,0.0,-2.574760756851251,110
2025-06-23 07:00:00,SAC Basic,0.3454310888332229,0.00743865966796875,0.0,0.0,0.0,0.0,-2.5432693688283448,110
2025-06-23 08:00:00,SAC Basic,0.344678559615026,0.003741234540939331,0.0,0.0,0.0,0.0,-2.4679677604446915,110
2025-06-23 09:00:00,SAC Basic,0.3435556248086791,0.003119558095932007,0.0,0.0,0.0,0.0,-2.3556310887942806,110
2025-06-23 10:00:00,SAC Basic,0.34212212701500466,0.0034506618976593018,0.0,0.0,0.0,0.0,-2.212285025776436,110
2025-06-23 11:00:00,SAC Basic,0.3404637010234695,0.00397220253944397,0.0,0.0,0.0,0.0,-2.0464547618041573,110
2025-06-23 12:00:00,SAC Basic,0.3386883460484049,0.002893507480621338,0.0,0.0,0.0,0.0,-1.868903261940692,110
2025-06-23 13:00:00,SAC Basic,0.33696916103463387,0.0027444958686828613,0.0,0.0,0.0,0.0,-1.6969724834968791,110
2025-06-23 14:00:00,SAC Basic,0.3354182916929425,0.0022391974925994873,0.0,0.0,0.0,0.0,-1.5418790062278638,110
2025-06-23 15:00:00,SAC Basic,0.3340666373366218,0.002503693103790283,0.0,0.0,0.0,0.0,-1.4067164524803657,110
2025-06-23 16:00:00,SAC Basic,0.33305712676069155,0.003146827220916748,0.0,0.0,0.0,0.0,-1.3057820439547434,110
2025-06-23 17:00:00,SAC Basic,0.3323924272730054,0.004590153694152832,0.0,0.0,0.0,0.0,-1.2393489636391533,110
2025-06-23 18:00:00,SAC Basic,0.33206328674257807,0.003257840871810913,0.0,0.0,0.0,0.0,-1.2064071542034656,110
2025-06-23 19:00:00,SAC Basic,0.3318191407483917,0.00325620174407959,0.0,0.0,0.0,0.0,-1.1819792152653277,110
2025-06-23 20:00:00,SAC Basic,0.33166167014142883,0.0037588179111480713,0.0,0.0,0.0,0.0,-1.1662472166627762,110
2025-06-23 21:00:00,SAC Basic,0.3314736816909017,0.0031034648418426514,0.0,0.0,0.0,0.0,-1.1474367919176982,110
2025-06-23 22:00:00,SAC Basic,0.3312870552065076,0.003512054681777954,0.0,0.0,0.0,0.0,-1.1287798476427928,110
2025-06-23 23:00:00,SAC Basic,0.3311003676273526,0.0034937262535095215,0.0,0.0,0.0,0.0,-1.1101068205446143,110
2025-06-24 00:00:00,SAC Basic,0.3309128992273511,0.0032594799995422363,0.0,0.0,0.0,0.0,-1.091357454797642,110
2025-06-24 01:00:00,SAC Basic,0.3306965933380625,0.0031082332134246826,0.0,0.0,0.0,0.0,-1.0697230109383795,110
2025-06-24 02:00:00,SAC Basic,0.33048021542649486,0.0030866265296936035,0.0,0.0,0.0,0.0,-1.0480834912469166,110
2025-06-24 03:00:00,SAC Basic,0.3302357232286634,0.0031523406505584717,0.0,0.0,0.0,0.0,-1.0236360268205593,110
2025-06-24 04:00:00,SAC Basic,0.3326835892862183,0.010859817266464233,0.0,0.0,0.0,0.0,-1.268653199733315,110
2025-06-24 05:00:00,SAC Basic,0.33246816703578846,0.0033733248710632324,0.0,0.0,0.0,0.0,-1.2469590350002209,110
2025-06-24 06:00:00,SAC Basic,0.3321975647578738,0.0038193166255950928,0.0,0.0,0.0,0.0,-1.2198373220374386,110
2025-06-24 07:00:00,SAC Basic,0.3363193585866791,0.004538148641586304,0.0,0.0,0.0,0.0,-1.6320338099609017,110
2025-06-24 08:00:00,SAC Basic,0.3370961431417964,0.0030353665351867676,0.0,0.0,0.0,0.0,-1.7096900493314093,110
2025-06-24 09:00:00,SAC Basic,0.33658762790700814,0.002445429563522339,0.0,0.0,0.0,0.0,-1.6588175986618001,110
2025-06-24 10:00:00,SAC Basic,0.33593673571686966,0.0022323429584503174,0.0,0.0,0.0,0.0,-1.5937203494121852,110
2025-06-24 11:00:00,SAC Basic,0.336312681280186,0.0017836689949035645,0.0,0.0,0.0,0.0,-1.6313082881381316,110
2025-06-24 12:00:00,SAC Basic,0.33496259551943364,0.002974271774291992,0.0,0.0,0.0,0.0,-1.4963309434066427,110
2025-06-24 13:00:00,SAC Basic,0.3335277740059398,0.0030535459518432617,0.0,0.0,0.0,0.0,-1.3528392642547922,110
2025-06-24 14:00:00,SAC Basic,0.3321208626328014,0.0029265880584716797,0.0,0.0,0.0,0.0,-1.2121460646202409,110
2025-06-24 15:00:00,SAC Basic,0.33088568128447754,0.0034455955028533936,0.0,0.0,0.0,0.0,-1.088642230432254,110
2025-06-24 16:00:00,SAC Basic,0.329933017182559,0.0032007694244384766,0.0,0.0,0.0,0.0,-0.9933681819051741,110
2025-06-24 17:00:00,SAC Basic,0.32932196737310315,0.0036850571632385254,0.0,0.0,0.0,0.0,-0.9322752813309674,110
2025-06-24 18:00:00,SAC Basic,0.3289959908559027,0.004207044839859009,0.0,0.0,0.0,0.0,-0.8996884463638325,110
2025-06-24 19:00:00,SAC Basic,0.32869572457096,0.003420114517211914,0.0,0.0,0.0,0.0,-0.8696487286895724,110
2025-06-24 20:00:00,SAC Basic,0.32842295268397553,0.003168433904647827,0.0,0.0,0.0,0.0,-0.8423611538817712,110
2025-06-24 21:00:00,SAC Basic,0.3281200886299314,0.0026407837867736816,0.0,0.0,0.0,0.0,-0.8120669551700552,110
2025-06-24 22:00:00,SAC Basic,0.32812281019152223,0.0028164684772491455,0.0,0.0,0.0,0.0,-0.812339105368672,110
2025-06-24 23:00:00,SAC Basic,0.3277922316990397,0.0028264522552490234,0.0,0.0,0.0,0.0,-0.7792797987868548,110
2025-06-25 00:00:00,SAC Basic,0.32748868666192904,0.0024364888668060303,0.0,0.0,0.0,0.0,-0.748921295604124,110
2025-06-25 01:00:00,SAC Basic,0.3272159088144801,0.0031666457653045654,0.0,0.0,0.0,0.0,-0.7216615159322999,110
2025-06-25 02:00:00,SAC Basic,0.32694305050076067,0.0031425058841705322,0.0,0.0,0.0,0.0,-0.6943681415925609,110
2025-06-25 03:00:00,SAC Basic,0.32669766870360595,0.00288546085357666,0.0,0.0,0.0,0.0,-0.6698271500279716,110
2025-06-25 04:00:00,SAC Basic,0.32648217641771854,0.0033523142337799072,0.0,0.0,0.0,0.0,-0.6482893565903308,110
2025-06-25 05:00:00,SAC Basic,0.3262665932347479,0.003325045108795166,0.0,0.0,0.0,0.0,-0.6267260970682131,110
2025-06-25 06:00:00,SAC Basic,0.32599357249837146,0.0030937790870666504,0.0,0.0,0.0,0.0,-0.5994214380791044,110
2025-06-25 07:00:00,SAC Basic,0.32560900805812104,0.0036306679248809814,0.0,0.0,0.0,0.0,-0.5609787880589792,110
2025-06-25 08:00:00,SAC Basic,0.3250551524164381,0.0038433074951171875,0.0,0.0,0.0,0.0,-0.5055942341894161,110
2025-06-25 09:00:00,SAC Basic,0.32430067959011616,0.0031581521034240723,0.0,0.0,0.0,0.0,-0.43013797360760064,110
2025-06-25 10:00:00,SAC Basic,0.32457278485319047,0.0046315789222717285,0.0,0.0,0.0,0.0,-0.4573858511656798,110
2025-06-25 11:00:00,SAC Basic,0.32381538406154536,0.004279762506484985,0.0,0.0,0.0,0.0,-0.3816275195688233,110
2025-06-25 12:00:00,SAC Basic,0.3242952845114571,0.009470134973526001,0.0,0.0,0.0,0.0,-0.42976975756985186,110
2025-06-25 13:00:00,SAC Basic,0.32489207050026486,0.002035796642303467,0.0,0.0,0.0,0.0,-0.48932210934264386,110
2025-06-25 14:00:00,SAC Basic,0.32449106931150984,0.00269964337348938,0.0,0.0,0.0,0.0,-0.44916756248576484,110
2025-06-25 15:00:00,SAC Basic,0.32362230699401134,0.002871304750442505,0.0,0.0,0.0,0.0,-0.3622898421099121,110
2025-06-25 16:00:00,SAC Basic,0.3238980862738791,0.0037337839603424072,0.0,0.0,0.0,0.0,-0.3898919278592167,110
2025-06-25 17:00:00,SAC Basic,0.3237886949072384,0.0031825900077819824,0.0,0.0,0.0,0.0,-0.37893865446351893,110
2025-06-25 18:00:00,SAC Basic,0.3241540055173738,0.0030931830406188965,0.0,0.0,0.0,0.0,-0.41546330946786114,110
2025-06-25 19:00:00,SAC Basic,0.3238798190134866,0.002744048833847046,0.0,0.0,0.0,0.0,-0.3880402736674054,110
2025-06-25 20:00:00,SAC Basic,0.32354773451031277,0.0023746490478515625,0.0,0.0,0.0,0.0,-0.35482463801009306,110
2025-06-25 21:00:00,SAC Basic,0.32321569620073864,0.002388507127761841,0.0,0.0,0.0,0.0,-0.32161752879721817,110
2025-06-25 22:00:00,SAC Basic,0.3229130541739963,0.0027073919773101807,0.0,0.0,0.0,0.0,-0.2913627540876705,110
2025-06-25 23:00:00,SAC Basic,0.3226385790842874,0.002657473087310791,0.0,0.0,0.0,0.0,-0.2639115570793847,110
2025-06-26 00:00:00,SAC Basic,0.3223350360339982,0.002437084913253784,0.0,0.0,0.0,0.0,-0.23355454897982622,110
2025-06-26 01:00:00,SAC Basic,0.32197477515638895,0.002421736717224121,0.0,0.0,0.0,0.0,-0.19752610385519895,110
2025-06-26 02:00:00,SAC Basic,0.32200562441528857,0.002754777669906616,0.0,0.0,0.0,0.0,-0.20062086749178146,110
2025-06-26 03:00:00,SAC Basic,0.3217874871732893,0.0025588274002075195,0.0,0.0,0.0,0.0,-0.17880185337963153,110
2025-06-26 04:00:00,SAC Basic,0.3215691577063106,0.002501159906387329,0.0,0.0,0.0,0.0,-0.15696637050412682,110
2025-06-26 05:00:00,SAC Basic,0.3213229871410233,0.0026488304138183594,0.0,0.0,0.0,0.0,-0.13235316741568084,110
2025-06-26 06:00:00,SAC Basic,0.3210491612452371,0.00285223126411438,0.0,0.0,0.0,0.0,-0.1049752031574926,110
2025-06-26 07:00:00,SAC Basic,0.32071967401445933,0.0031538307666778564,0.0,0.0,0.0,0.0,-0.07203349405629181,110
2025-06-26 08:00:00,SAC Basic,0.3200203325384957,0.002697557210922241,0.0,0.0,0.0,0.0,-0.002091767729346428,110
2025-06-26 09:00:00,SAC Basic,0.31907028160354517,0.003984719514846802,0.0,0.0,0.0,0.0,0.9999074339866638,110
2025-06-26 10:00:00,SAC Basic,0.31843006968519116,0.007436424493789673,0.0,0.0,0.0,0.0,0.9998167544603348,110
2025-06-26 11:00:00,SAC Basic,0.3171147284652891,0.013397634029388428,0.0,0.0,0.0,0.0,0.9996724352240562,110
2025-06-26 12:00:00,SAC Basic,0.3158447287641071,0.018500089645385742,0.0,0.0,0.0,0.0,0.9995789736509323,110
2025-06-26 13:00:00,SAC Basic,0.3142342207020623,0.009847581386566162,0.0,0.0,0.0,0.0,0.9997165232896804,110
2025-06-26 14:00:00,SAC Basic,0.31285306399922597,0.010652989149093628,0.0,0.0,0.0,0.0,0.9997788861393928,110
2025-06-26 15:00:00,SAC Basic,0.31275778253655656,0.0029155611991882324,0.0,0.0,0.0,0.0,0.9998643144965171,110
2025-06-26 16:00:00,SAC Basic,0.31539314480405073,0.003108680248260498,0.0,0.0,0.0,0.0,0.9999358952045441,110
2025-06-26 17:00:00,SAC Basic,0.31802812648237766,0.0009945034980773926,0.0,0.0,0.0,0.0,0.9999589681625367,110
2025-06-26 18:00:00,SAC Basic,0.319199389716993,0.0023789703845977783,0.0,0.0,0.0,0.0,0.9999385759234428,110
2025-06-26 19:00:00,SAC Basic,0.3190356248595419,0.0018705427646636963,0.0,0.0,0.0,0.0,0.9999575048685073,110
2025-06-26 20:00:00,SAC Basic,0.3188739645427567,0.0025019049644470215,0.0,0.0,0.0,0.0,0.9999436482787132,110
2025-06-26 21:00:00,SAC Basic,0.31874028986554365,0.002397596836090088,0.0,0.0,0.0,0.0,0.9999510049819946,110
2025-06-26 22:00:00,SAC Basic,0.3186341582634153,0.0021605193614959717,0.0,0.0,0.0,0.0,0.9999544188380242,110
2025-06-26 23:00:00,SAC Basic,0.3185268102298281,0.0017955899238586426,0.0,0.0,0.0,0.0,0.9999604389071465,110
2025-06-27 00:00:00,SAC Basic,0.3196973701296351,0.0021679699420928955,0.0,0.0,0.0,0.0,0.9999529168009759,110
2025-06-27 01:00:00,SAC Basic,0.3216193533104759,0.002094954252243042,0.0,0.0,0.0,0.0,-0.16197796028953465,110
2025-06-27 02:00:00,SAC Basic,0.3215125829452377,0.001968890428543091,0.0,0.0,0.0,0.0,-0.15129893297057845,110
2025-06-27 03:00:00,SAC Basic,0.32340910523991795,0.002956688404083252,0.0,0.0,0.0,0.0,-0.34097953573963125,110
2025-06-27 04:00:00,SAC Basic,0.32330248984675614,0.0020153820514678955,0.0,0.0,0.0,0.0,-0.3302987053801684,110
2025-06-27 05:00:00,SAC Basic,0.32322409553151343,0.0019817054271698,0.0,0.0,0.0,0.0,-0.3224495240261291,110
2025-06-27 06:00:00,SAC Basic,0.32311737583022326,0.0019840896129608154,0.0,0.0,0.0,0.0,-0.31177728865644283,110
2025-06-27 07:00:00,SAC Basic,0.3235105881367228,0.0029636919498443604,0.0,0.0,0.0,0.0,-0.3511278835346438,110
2025-06-27 08:00:00,SAC Basic,0.3241828612297874,0.0036819279193878174,0.0,0.0,0.0,0.0,-0.41836694389682255,110
2025-06-27 09:00:00,SAC Basic,0.32373100173414754,0.0024421513080596924,0.0,0.0,0.0,0.0,-0.3731614142070277,110
2025-06-27 10:00:00,SAC Basic,0.3228056452689668,0.0028930604457855225,0.0,0.0,0.0,0.0,-0.28062689719697465,110
2025-06-27 11:00:00,SAC Basic,0.3223019371487797,0.003887563943862915,0.0,0.0,0.0,0.0,-0.23028141119182674,110
2025-06-27 12:00:00,SAC Basic,0.32107352887492385,0.00547751784324646,0.0,0.0,0.0,0.0,-0.10747833738824335,110
2025-06-27 13:00:00,SAC Basic,0.3202081426638465,0.00388413667678833,0.0,0.0,0.0,0.0,-0.020907882929850352,110
2025-06-27 14:00:00,SAC Basic,0.3192353175220987,0.0056524574756622314,0.0,0.0,0.0,0.0,0.999869267642498,110
2025-06-27 15:00:00,SAC Basic,0.3183468541139465,0.005460977554321289,0.0,0.0,0.0,0.0,0.9998888656497001,110
2025-06-27 16:00:00,SAC Basic,0.317760202737858,0.002504587173461914,0.0,0.0,0.0,0.0,0.9999203443527221,110
2025-06-27 17:00:00,SAC Basic,0.31731338518560936,0.0019547343254089355,0.0,0.0,0.0,0.0,0.9999554067850113,110
2025-06-27 18:00:00,SAC Basic,0.3177307977400324,0.0017237663269042969,0.0,0.0,0.0,0.0,0.9999632149934768,110
2025-06-27 19:00:00,SAC Basic,0.31751151906908565,0.0022163987159729004,0.0,0.0,0.0,0.0,0.9999507457017899,110
2025-06-27 20:00:00,SAC Basic,0.3173499511394999,0.002529621124267578,0.0,0.0,0.0,0.0,0.9999462753534316,110
2025-06-27 21:00:00,SAC Basic,0.31721614284854144,0.0023575127124786377,0.0,0.0,0.0,0.0,0.9999511286616325,110
2025-06-27 22:00:00,SAC Basic,0.31708182444116484,0.0022044777870178223,0.0,0.0,0.0,0.0,0.999954380095005,110
2025-06-27 23:00:00,SAC Basic,0.31692059129100053,0.0026300549507141113,0.0,0.0,0.0,0.0,0.9999431431293487,110
2025-06-28 00:00:00,SAC Basic,0.31810001042784264,0.0048257410526275635,0.0,0.0,0.0,0.0,0.9998815283179283,110
2025-06-28 01:00:00,SAC Basic,0.3179098677661122,0.0024572014808654785,0.0,0.0,0.0,0.0,0.9999271705746651,110
2025-06-28 02:00:00,SAC Basic,0.31774796952745327,0.002430528402328491,0.0,0.0,0.0,0.0,0.999951122701168,110
2025-06-28 03:00:00,SAC Basic,0.3175856942894162,0.0023174285888671875,0.0,0.0,0.0,0.0,0.9999525204300881,110
2025-06-28 04:00:00,SAC Basic,0.3174511573316754,0.0021389126777648926,0.0,0.0,0.0,0.0,0.9999554365873338,110
2025-06-28 05:00:00,SAC Basic,0.31728921339612215,0.0024168193340301514,0.0,0.0,0.0,0.0,0.9999488845467568,110
2025-06-28 06:00:00,SAC Basic,0.3170985894268851,0.0023128092288970947,0.0,0.0,0.0,0.0,0.9999527037143707,110
2025-06-28 07:00:00,SAC Basic,0.3195163149056932,0.0018176436424255371,0.0,0.0,0.0,0.0,0.9999586954712868,110
2025-06-28 08:00:00,SAC Basic,0.3189061293635866,0.003944337368011475,0.0,0.0,0.0,0.0,0.9998998463153839,110
2025-06-28 09:00:00,SAC Basic,0.3179509395148457,0.0024430453777313232,0.0,0.0,0.0,0.0,0.9999361261725426,110
2025-06-28 10:00:00,SAC Basic,0.3171052694084347,0.0032989680767059326,0.0,0.0,0.0,0.0,0.9999254614114762,110
2025-06-28 11:00:00,SAC Basic,0.3156186807300747,0.0045233964920043945,0.0,0.0,0.0,0.0,0.9998972877860068,110
2025-06-28 12:00:00,SAC Basic,0.3140783484961689,0.005400329828262329,0.0,0.0,0.0,0.0,0.9998832240700721,110
2025-06-28 13:00:00,SAC Basic,0.31248651433806623,0.006949752569198608,0.0,0.0,0.0,0.0,0.9998455107212068,110
2025-06-28 14:00:00,SAC Basic,0.3110440552173158,0.009262263774871826,0.0,0.0,0.0,0.0,0.9997916296124458,110
2025-06-28 15:00:00,SAC Basic,0.3098371979961893,0.011942833662033081,0.0,0.0,0.0,0.0,0.9997343376278878,110
2025-06-28 16:00:00,SAC Basic,0.30899139042080453,0.00975772738456726,0.0,0.0,0.0,0.0,0.999782994389534,110
2025-06-28 17:00:00,SAC Basic,0.308439516136855,0.0044377148151397705,0.0,0.0,0.0,0.0,0.9998580455780028,110
2025-06-28 18:00:00,SAC Basic,0.30819167664151403,0.002148151397705078,0.0,0.0,0.0,0.0,0.9999341413378715,110
2025-06-28 19:00:00,SAC Basic,0.30799924963177255,0.0017718970775604248,0.0,0.0,0.0,0.0,0.9999607995152473,110
2025-06-28 20:00:00,SAC Basic,0.3078391524467966,0.0029708445072174072,0.0,0.0,0.0,0.0,0.9999285936355591,110
2025-06-28 21:00:00,SAC Basic,0.3076797571065129,0.0031813979148864746,0.0,0.0,0.0,0.0,0.9999342665076256,110
2025-06-28 22:00:00,SAC Basic,0.307547569565187,0.0028437376022338867,0.0,0.0,0.0,0.0,0.9999397486448288,110
2025-06-28 23:00:00,SAC Basic,0.307385836232712,0.0024800002574920654,0.0,0.0,0.0,0.0,0.9999467626214027,110
2025-06-29 00:00:00,SAC Basic,0.3072234974163871,0.0022983551025390625,0.0,0.0,0.0,0.0,0.9999522164463998,110
2025-06-29 01:00:00,SAC Basic,0.3070027887306711,0.0017873942852020264,0.0,0.0,0.0,0.0,0.9999591425061226,110
2025-06-29 02:00:00,SAC Basic,0.3070889839166503,0.002358555793762207,0.0,0.0,0.0,0.0,0.9999471172690392,110
2025-06-29 03:00:00,SAC Basic,0.3071997275410196,0.0012230873107910156,0.0,0.0,0.0,0.0,0.9999641835689544,110
2025-06-29 04:00:00,SAC Basic,0.3075900286573272,0.0020903348922729492,0.0,0.0,0.0,0.0,0.9999495208263397,110
2025-06-29 05:00:00,SAC Basic,0.30736899810652946,0.0016908347606658936,0.0,0.0,0.0,0.0,0.9999621883034706,110
2025-06-29 06:00:00,SAC Basic,0.30747961507102856,0.001185089349746704,0.0,0.0,0.0,0.0,0.9999712407588959,110
2025-06-29 07:00:00,SAC Basic,0.3070626244451703,0.0024028122425079346,0.0,0.0,0.0,0.0,0.9999397665262222,110
2025-06-29 08:00:00,SAC Basic,0.30860932821215203,0.010511130094528198,0.0,0.0,0.0,0.0,0.9997086942195893,110
2025-06-29 09:00:00,SAC Basic,0.30763071992974494,0.003917515277862549,0.0,0.0,0.0,0.0,0.9998557135462761,110
2025-06-29 10:00:00,SAC Basic,0.30673367008865887,0.004885047674179077,0.0,0.0,0.0,0.0,0.9998926237225533,110
2025-06-29 11:00:00,SAC Basic,0.30527023533126724,0.01146957278251648,0.0,0.0,0.0,0.0,0.9997047632932663,110
2025-06-29 12:00:00,SAC Basic,0.30545235799015574,0.013636797666549683,0.0,0.0,0.0,0.0,0.9997055917978287,110
2025-06-29 13:00:00,SAC Basic,0.3050517793450853,0.013326406478881836,0.0,0.0,0.0,0.0,0.9997303679585458,110
2025-06-29 14:00:00,SAC Basic,0.30525568975390005,0.011673122644424438,0.0,0.0,0.0,0.0,0.999750004708767,110
2025-06-29 15:00:00,SAC Basic,0.30402258761426815,0.0040693581104278564,0.0,0.0,0.0,0.0,0.9998425751924516,110
2025-06-29 16:00:00,SAC Basic,0.3030181896267435,0.004680603742599487,0.0,0.0,0.0,0.0,0.9999002754688262,110
2025-06-29 17:00:00,SAC Basic,0.30232856470128905,0.00561252236366272,0.0,0.0,0.0,0.0,0.9998784303665161,110
2025-06-29 18:00:00,SAC Basic,0.30197951098701364,0.005783885717391968,0.0,0.0,0.0,0.0,0.9998826086521149,110
2025-06-29 19:00:00,SAC Basic,0.30170974069059897,0.004068911075592041,0.0,0.0,0.0,0.0,0.9999014720320701,110
2025-06-29 20:00:00,SAC Basic,0.3014362590116363,0.002955496311187744,0.0,0.0,0.0,0.0,0.9999297559261322,110
2025-06-29 21:00:00,SAC Basic,0.30119308059951677,0.003546476364135742,0.0,0.0,0.0,0.0,0.9999231606721878,110
2025-06-29 22:00:00,SAC Basic,0.3010093359996976,0.004376620054244995,0.0,0.0,0.0,0.0,0.9999041661620139,110
2025-06-29 23:00:00,SAC Basic,0.30082435261667784,0.004004985094070435,0.0,0.0,0.0,0.0,0.9999161839485169,110
2025-06-30 00:00:00,SAC Basic,0.30063905879279984,0.003911852836608887,0.0,0.0,0.0,0.0,0.9999208316206932,110
2025-06-30 01:00:00,SAC Basic,0.3004547082124255,0.004194825887680054,0.0,0.0,0.0,0.0,0.9999132737517357,110
2025-06-30 02:00:00,SAC Basic,0.3002410408220789,0.00389978289604187,0.0,0.0,0.0,0.0,0.9999190539121627,110
2025-06-30 03:00:00,SAC Basic,0.30002486010254437,0.0031457841396331787,0.0,0.0,0.0,0.0,0.9999295443296432,110
2025-06-30 04:00:00,SAC Basic,0.29980944828292744,0.0033764541149139404,0.0,0.0,0.0,0.0,0.999930164217949,110
2025-06-30 05:00:00,SAC Basic,0.29962170123121157,0.003175884485244751,0.0,0.0,0.0,0.0,0.9999344766139984,110
2025-06-30 06:00:00,SAC Basic,0.29943341227393366,0.003013312816619873,0.0,0.0,0.0,0.0,0.9999381080269814,110
2025-06-30 07:00:00,SAC Basic,0.2990546811415853,0.00538066029548645,0.0,0.0,0.0,0.0,0.9998687133193016,110
2025-06-30 08:00:00,SAC Basic,0.29833411319276704,0.004829615354537964,0.0,0.0,0.0,0.0,0.9998978972434998,110
2025-06-30 09:00:00,SAC Basic,0.29725517830392734,0.007819533348083496,0.0,0.0,0.0,0.0,0.9998137101531028,110
2025-06-30 10:00:00,SAC Basic,0.2958715758238337,0.00991925597190857,0.0,0.0,0.0,0.0,0.9997806176543236,110
2025-06-30 11:00:00,SAC Basic,0.29464986970842894,0.009488165378570557,0.0,0.0,0.0,0.0,0.9998059257864953,110
2025-06-30 12:00:00,SAC Basic,0.29331473340214304,0.009459108114242554,0.0,0.0,0.0,0.0,0.9998105272650719,110
2025-06-30 13:00:00,SAC Basic,0.2926208233596982,0.016826987266540527,0.0,0.0,0.0,0.0,0.9995897814631463,110
2025-06-30 14:00:00,SAC Basic,0.29935912933449954,0.012491792440414429,0.0,0.0,0.0,0.0,0.9997068122029305,110
2025-06-30 15:00:00,SAC Basic,0.2984081048228444,0.020692646503448486,0.0,0.0,0.0,0.0,0.9995041385293006,110
2025-06-30 16:00:00,SAC Basic,0.30063794776222125,0.006952881813049316,0.0,0.0,0.0,0.0,0.999723544716835,110
2025-06-30 17:00:00,SAC Basic,0.3004992877660296,0.002902001142501831,0.0,0.0,0.0,0.0,0.9999014511704445,110
2025-06-30 18:00:00,SAC Basic,0.30025024227004266,0.001786351203918457,0.0,0.0,0.0,0.0,0.9999531164765357,110
2025-06-30 19:00:00,SAC Basic,0.3003620572879018,0.0015445053577423096,0.0,0.0,0.0,0.0,0.9999666914343834,110
2025-06-30 20:00:00,SAC Basic,0.3001224104509852,0.0046059489250183105,0.0,0.0,0.0,0.0,0.9998772665858269,110
2025-06-30 21:00:00,SAC Basic,0.30152851077180126,0.006830096244812012,0.0,0.0,0.0,0.0,0.9998411566019058,110
2025-06-30 22:00:00,SAC Basic,0.3013145905584198,0.0038239359855651855,0.0,0.0,0.0,0.0,0.9998934596776963,110
2025-06-30 23:00:00,SAC Basic,0.3011247076735995,0.0025351345539093018,0.0,0.0,0.0,0.0,0.9999364092946053,110
2025-07-01 00:00:00,SAC Basic,0.30096256853283465,0.00235825777053833,0.0,0.0,0.0,0.0,0.9999510660767554,110
2025-07-01 01:00:00,SAC Basic,0.3008016045969826,0.0027108192443847656,0.0,0.0,0.0,0.0,0.9999422580003738,110
2025-07-01 02:00:00,SAC Basic,0.30063832353056485,0.0020156800746917725,0.0,0.0,0.0,0.0,0.9999527350068093,110
2025-07-01 03:00:00,SAC Basic,0.3004743525403839,0.0018087029457092285,0.0,0.0,0.0,0.0,0.999961756169796,110
2025-07-01 04:00:00,SAC Basic,0.3003120047833623,0.00229567289352417,0.0,0.0,0.0,0.0,0.9999492168426514,110
2025-07-01 05:00:00,SAC Basic,0.3001496992462974,0.0023083388805389404,0.0,0.0,0.0,0.0,0.999953706562519,110
2025-07-01 06:00:00,SAC Basic,0.29996008805931623,0.0026166439056396484,0.0,0.0,0.0,0.0,0.9999445840716362,110
2025-07-01 07:00:00,SAC Basic,0.2995804315648577,0.005103051662445068,0.0,0.0,0.0,0.0,0.999873074889183,110
2025-07-01 08:00:00,SAC Basic,0.2988346053856712,0.005752146244049072,0.0,0.0,0.0,0.0,0.999878466129303,110
2025-07-01 09:00:00,SAC Basic,0.29773194956959304,0.00920325517654419,0.0,0.0,0.0,0.0,0.9997814238071442,110
2025-07-01 10:00:00,SAC Basic,0.29643611224831157,0.010748803615570068,0.0,0.0,0.0,0.0,0.9997695684432983,110
2025-07-01 11:00:00,SAC Basic,0.2948813658557436,0.009576082229614258,0.0,0.0,0.0,0.0,0.9997967511415482,110
2025-07-01 12:00:00,SAC Basic,0.29465257783354337,0.013863593339920044,0.0,0.0,0.0,0.0,0.9996798530220986,110
2025-07-01 13:00:00,SAC Basic,0.29344704456350224,0.02084001898765564,0.0,0.0,0.0,0.0,0.9995134353637696,110
2025-07-01 14:00:00,SAC Basic,0.2921114628309113,0.015825480222702026,0.0,0.0,0.0,0.0,0.9996333450078964,110
2025-07-01 15:00:00,SAC Basic,0.2924077521477244,0.028886795043945312,0.0,0.0,0.0,0.0,0.9992916509509087,110
2025-07-01 16:00:00,SAC Basic,0.29167328485827665,0.017659813165664673,0.0,0.0,0.0,0.0,0.9995345339179039,110
2025-07-01 17:00:00,SAC Basic,0.2914640079595746,0.007216930389404297,0.0,0.0,0.0,0.0,0.9997512325644493,110
2025-07-01 18:00:00,SAC Basic,0.2914722315265836,0.00446707010269165,0.0,0.0,0.0,0.0,0.999883159995079,110
2025-07-01 19:00:00,SAC Basic,0.29222960296731204,0.0037114322185516357,0.0,0.0,0.0,0.0,0.9999182149767876,110
2025-07-01 20:00:00,SAC Basic,0.29607048379521583,0.0032642483711242676,0.0,0.0,0.0,0.0,0.9999302431941032,110
2025-07-01 21:00:00,SAC Basic,0.30160236117781214,0.0020632147789001465,0.0,0.0,0.0,0.0,0.9999467253684997,110
2025-07-01 22:00:00,SAC Basic,0.3037980084413391,0.0011941790580749512,0.0,0.0,0.0,0.0,0.9999674260616302,110
2025-07-01 23:00:00,SAC Basic,0.30863415666044763,0.0018444657325744629,0.0,0.0,0.0,0.0,0.9999566078186035,110
2025-07-02 00:00:00,SAC Basic,0.31578176353952303,0.0037820637226104736,0.0,0.0,0.0,0.0,0.9999049827456474,110
2025-07-02 01:00:00,SAC Basic,0.31556075385035093,0.0016970932483673096,0.0,0.0,0.0,0.0,0.9999452084302902,110
2025-07-02 02:00:00,SAC Basic,0.3157002465504508,0.0013478100299835205,0.0,0.0,0.0,0.0,0.9999695509672165,110
2025-07-02 03:00:00,SAC Basic,0.3205412580118677,0.003303438425064087,0.0,0.0,0.0,0.0,-0.05421142623922388,110
2025-07-02 04:00:00,SAC Basic,0.32574595673740914,0.00390961766242981,0.0,0.0,0.0,0.0,-0.5746799278865352,110
2025-07-02 05:00:00,SAC Basic,0.3486466359593571,0.004203766584396362,0.0,0.0,0.0,0.0,-2.8647506127566147,110
2025-07-02 06:00:00,SAC Basic,0.3513229899043531,0.006505846977233887,0.0,0.044099663478436926,0.0,0.0,-3.1324521281787847,110
2025-07-02 07:00:00,SAC Basic,0.36150776121497374,0.015523433685302734,0.0,0.3835920404991242,0.0,0.0,-4.15117676603816,110
2025-07-02 08:00:00,SAC Basic,0.3652275760496875,0.00853031873703003,0.0,0.5075858683229157,0.0,0.0,-4.52299814249297,110
2025-07-02 09:00:00,SAC Basic,0.36581106290625515,0.02958148717880249,0.0,0.527035430208504,0.0,0.0,-4.581908432053508,110
2025-07-02 10:00:00,SAC Basic,0.36616983586854024,0.016626417636871338,0.0,0.5389945289513406,0.0,0.0,-4.6174456659021805,110
2025-07-02 11:00:00,SAC Basic,0.37095138996112004,0.011345893144607544,0.0,0.6983796653706676,0.0,0.0,-5.0954187192198175,110
2025-07-02 12:00:00,SAC Basic,0.37715035646832873,0.017701834440231323,0.0,0.9050118822776242,0.0,0.0,-5.7154532429346325,110
2025-07-02 13:00:00,SAC Basic,0.38285825804159246,0.018145740032196045,0.0,1.0952752680530822,0.0,0.0,-6.286193158015808,110
2025-07-02 14:00:00,SAC Basic,0.38497278054838063,0.019116103649139404,0.0,1.165759351612688,0.0,0.0,-6.4976700805472145,110
2025-07-02 15:00:00,SAC Basic,0.386249120117587,0.01870587468147278,0.0,1.2083040039195667,0.0,0.0,-6.625290231542006,110
2025-07-02 16:00:00,SAC Basic,0.3843751036043425,0.01963183283805847,0.0,1.1458367868114168,0.0,0.0,-6.437912256672577,110
2025-07-02 17:00:00,SAC Basic,0.38211782564241825,0.020910799503326416,0.0,1.070594188080608,0.0,0.0,-6.212213569898544,110
2025-07-02 18:00:00,SAC Basic,0.378994286993019,0.01441463828086853,0.0,0.9664762331006345,0.0,0.0,-5.899781953679742,110
2025-07-02 19:00:00,SAC Basic,0.37619783582157396,0.01082584261894226,0.0,0.8732611940524649,0.0,0.0,-5.620035986966393,110
2025-07-02 20:00:00,SAC Basic,0.3734388273789868,0.013091713190078735,0.0,0.7812942459662268,0.0,0.0,-5.344167230868194,110
2025-07-02 21:00:00,SAC Basic,0.37095975382301677,0.014436393976211548,0.0,0.6986584607672257,0.0,0.0,-5.096277556989061,110
2025-07-02 22:00:00,SAC Basic,0.36870572646927957,0.015316009521484375,0.0,0.6235242156426524,0.0,0.0,-4.870887763273839,110
2025-07-02 23:00:00,SAC Basic,0.36660620632665264,0.017184168100357056,0.0,0.5535402108884228,0.0,0.0,-4.660982997613059,110
2025-07-03 00:00:00,SAC Basic,0.3646562500197015,0.01405477523803711,0.0,0.48854166732338344,0.0,0.0,-4.465937391403531,110
2025-07-03 01:00:00,SAC Basic,0.36384359204181926,0.019655674695968628,0.0,0.46145306806064074,0.0,0.0,-4.384808326670424,110
2025-07-03 02:00:00,SAC Basic,0.3622655599975189,0.011942386627197266,0.0,0.40885199991729737,0.0,0.0,-4.226871980365123,110
2025-07-03 03:00:00,SAC Basic,0.3620278998975397,0.023131966590881348,0.0,0.40092999658465517,0.0,0.0,-4.203364524885423,110
2025-07-03 04:00:00,SAC Basic,0.36055166656080845,0.010852217674255371,0.0,0.35172221869361525,0.0,0.0,-4.0555064979234965,110
2025-07-03 05:00:00,SAC Basic,0.3593045776530263,0.01252591609954834,0.0,0.31015258843420956,0.0,0.0,-3.9307250206088744,110
2025-07-03 06:00:00,SAC Basic,0.3593725378683946,0.01780599355697632,0.0,0.3124179289464877,0.0,0.0,-3.937662707485176,110
2025-07-03 07:00:00,SAC Basic,0.3584728364504345,0.014517456293106079,0.0,0.2824278816811486,0.0,0.0,-3.847606879541949,110
2025-07-03 08:00:00,SAC Basic,0.35741560597178046,0.017017722129821777,0.0,0.247186865726016,0.0,0.0,-3.7419259542790093,110
2025-07-03 09:00:00,SAC Basic,0.3559557643301192,0.0070729851722717285,0.0,0.19852547767064124,0.0,0.0,-3.595817340084942,110
2025-07-03 10:00:00,SAC Basic,0.3574769790691349,0.003097057342529297,0.0,0.24923263563782996,0.0,0.0,-3.747799607338637,110
2025-07-03 11:00:00,SAC Basic,0.357884524653871,0.0060811638832092285,0.0,0.2628174884623675,1.4210854715202004e-14,0.0,-3.78860392973017,110
2025-07-03 12:00:00,SAC Basic,0.3577569934357278,0.007307082414627075,0.0,0.2585664478575936,0.0,0.0,-3.775857744406387,110
2025-07-03 13:00:00,SAC Basic,0.36168645758149676,0.006387829780578613,0.0,0.3895485860498923,0.0,0.0,-4.168782707271627,110
2025-07-03 14:00:00,SAC Basic,0.36097654748342317,0.005911886692047119,0.0,0.36588491611410634,0.0,0.0,-4.0977777455070425,110
2025-07-03 15:00:00,SAC Basic,0.35974919408042916,0.009767115116119385,0.0,0.32497313601430594,0.0,0.0,-3.9751533026294776,110
2025-07-03 16:00:00,SAC Basic,0.3583686052731248,0.009276866912841797,0.0,0.27895350910416,0.0,0.0,-3.8370509671327695,110
2025-07-03 17:00:00,SAC Basic,0.3571009021290158,0.009385794401168823,0.0,0.23669673763386073,0.0,0.0,-3.710279018064486,110
2025-07-03 18:00:00,SAC Basic,0.3561707870275988,0.01165837049484253,0.0,0.20569290091995926,0.0,0.0,-3.617334595930713,110
2025-07-03 19:00:00,SAC Basic,0.35531138912313104,0.012726932764053345,0.0,0.17704630410436836,0.0,0.0,-3.5314041365910764,110
2025-07-03 20:00:00,SAC Basic,0.35465182148056856,0.008190423250198364,0.0,0.15506071601895144,0.0,0.0,-3.4653913216169983,110
2025-07-03 21:00:00,SAC Basic,0.35410670050165916,0.007353723049163818,0.0,0.13689001672197207,0.0,0.0,-3.4108254916289082,110
2025-07-03 22:00:00,SAC Basic,0.3535918983034658,0.007789283990859985,0.0,0.1197299434488599,0.0,0.0,-3.3593499716358157,110
2025-07-03 23:00:00,SAC Basic,0.3531294565366835,0.008082687854766846,0.0,0.1043152178894502,0.0,0.0,-3.3131102414640825,110
2025-07-04 00:00:00,SAC Basic,0.3526883955241856,0.008294880390167236,0.0,0.08961318413952171,0.0,0.0,-3.2690075719517195,110
2025-07-04 01:00:00,SAC Basic,0.3522666737500683,0.008539259433746338,0.0,0.07555579166894405,0.0,0.0,-3.2268406039859414,110
2025-07-04 02:00:00,SAC Basic,0.3519078945247998,0.006962716579437256,0.0,0.06359648415999289,0.0,0.0,-3.1909444722401124,110
2025-07-04 03:00:00,SAC Basic,0.3515853419092301,0.007078945636749268,0.0,0.0528447303076689,0.0,0.0,-3.1586769321263146,110
2025-07-04 04:00:00,SAC Basic,0.35129405258491664,0.006748288869857788,0.0,0.043135086163887594,0.0,0.0,-3.129543530836729,110
2025-07-04 05:00:00,SAC Basic,0.35103287566967334,0.0070761144161224365,0.0,0.03442918898911103,0.0,0.0,-3.1034323675111186,110
2025-07-04 06:00:00,SAC Basic,0.3507728296419459,0.007247179746627808,0.0,0.025760988064863002,0.0,0.0,-3.0774296184428263,110
2025-07-04 07:00:00,SAC Basic,0.3503900672344396,0.008673518896102905,0.0,0.013002241147987093,0.0,0.0,-3.0391944572133767,110
2025-07-04 08:00:00,SAC Basic,0.3496249298783173,0.00845879316329956,0.0,0.0,0.0,0.0,-2.9626643109523214,110
2025-07-04 09:00:00,SAC Basic,0.3485061957093109,0.004379749298095703,0.0,0.0,0.0,0.0,-2.850747956355704,110
2025-07-04 10:00:00,SAC Basic,0.3471308581753601,0.0038987398147583008,0.0,0.0,0.0,0.0,-2.7131686024271384,110
2025-07-04 11:00:00,SAC Basic,0.3455297957281301,0.004181265830993652,0.0,0.0,0.0,0.0,-2.55306602338979,110
2025-07-04 12:00:00,SAC Basic,0.3438407008945971,0.003271549940109253,0.0,0.0,0.0,0.0,-2.384144617617422,110
2025-07-04 13:00:00,SAC Basic,0.3421508485853701,0.003044307231903076,0.0,0.0,0.0,0.0,-2.2151480171087288,110
2025-07-04 14:00:00,SAC Basic,0.3406300848217834,0.0027708709239959717,0.0,0.0,0.0,0.0,-2.0630666339599,110
2025-07-04 15:00:00,SAC Basic,0.3393953664028674,0.0035844743251800537,0.0,0.0,0.0,0.0,-1.939616465807253,110
2025-07-04 16:00:00,SAC Basic,0.3384457560455828,0.0041168928146362305,0.0,0.0,0.0,0.0,-1.8446632665994667,110
2025-07-04 17:00:00,SAC Basic,0.337782803470694,0.005114227533340454,0.0,0.0,0.0,0.0,-1.7783926049672536,110
2025-07-04 18:00:00,SAC Basic,0.33807083933949766,0.0054107606410980225,0.0,0.0,0.0,0.0,-1.8071951144936653,110
2025-07-04 19:00:00,SAC Basic,0.3377757477311322,0.004972517490386963,0.0,0.0,0.0,0.0,-1.7776786058945366,110
2025-07-04 20:00:00,SAC Basic,0.3378733030657003,0.0057666003704071045,0.0,0.0,0.0,0.0,-1.787453579406237,110
2025-07-04 21:00:00,SAC Basic,0.3376636098150442,0.005092024803161621,0.0,0.0,0.0,0.0,-1.7664695677561526,110
2025-07-04 22:00:00,SAC Basic,0.33748250520428313,0.005168616771697998,0.0,0.0,0.0,0.0,-1.7483546586834322,110
2025-07-04 23:00:00,SAC Basic,0.3372724796577324,0.00499233603477478,0.0,0.0,0.0,0.0,-1.7273495753013022,110
2025-07-05 00:00:00,SAC Basic,0.3370625286169876,0.005014687776565552,0.0,0.0,0.0,0.0,-1.7063533789717085,110
2025-07-05 01:00:00,SAC Basic,0.3368242228845785,0.005008280277252197,0.0,0.0,0.0,0.0,-1.6825225181383847,110
2025-07-05 02:00:00,SAC Basic,0.33652492666522954,0.003711134195327759,0.0,0.0,0.0,0.0,-1.6525798606676791,110
2025-07-05 03:00:00,SAC Basic,0.33622425655881855,0.0032989680767059326,0.0,0.0,0.0,0.0,-1.6224957569045741,110
2025-07-05 04:00:00,SAC Basic,0.3359234071417678,0.0032451748847961426,0.0,0.0,0.0,0.0,-1.5924061556063969,110
2025-07-05 05:00:00,SAC Basic,0.3356246185553103,0.003863424062728882,0.0,0.0,0.0,0.0,-1.5625453065040618,110
2025-07-05 06:00:00,SAC Basic,0.33532724607587144,0.0042882561683654785,0.0,0.0,0.0,0.0,-1.5328146210315672,110
2025-07-05 07:00:00,SAC Basic,0.33489577175259877,0.0065577030181884766,0.0,0.0,0.0,0.0,-1.4897310237887382,110
2025-07-05 08:00:00,SAC Basic,0.3341171652368733,0.004418045282363892,0.0,0.0,0.0,0.0,-1.4118262811703342,110
2025-07-05 09:00:00,SAC Basic,0.33299165451646134,0.0023467838764190674,0.0,0.0,0.0,0.0,-1.2992330999377215,110
2025-07-05 10:00:00,SAC Basic,0.3316671458709268,0.0021474063396453857,0.0,0.0,0.0,0.0,-1.1667595289948427,110
2025-07-05 11:00:00,SAC Basic,0.3300900263782371,0.002864152193069458,0.0,0.0,0.0,0.0,-1.009067088326104,110
2025-07-05 12:00:00,SAC Basic,0.32846317372918415,0.004944205284118652,0.0,0.0,0.0,0.0,-0.8464370575550076,110
2025-07-05 13:00:00,SAC Basic,0.3268095528654286,0.005413740873336792,0.0,0.0,0.0,0.0,-0.6810682567162204,110
2025-07-05 14:00:00,SAC Basic,0.3252645684889981,0.004004687070846558,0.0,0.0,0.0,0.0,-0.5265510331792508,110
2025-07-05 15:00:00,SAC Basic,0.3239406146633654,0.002313852310180664,0.0,0.0,0.0,0.0,-0.39412465173034744,110
2025-07-05 16:00:00,SAC Basic,0.3229289563334017,0.0025025010108947754,0.0,0.0,0.0,0.0,-0.29294756984739284,110
2025-07-05 17:00:00,SAC Basic,0.32225924806873296,0.0030875205993652344,0.0,0.0,0.0,0.0,-0.22599240748116753,110
2025-07-05 18:00:00,SAC Basic,0.32326545898557,0.0038632750511169434,0.0,0.0,0.0,0.0,-0.3266309216025412,110
2025-07-05 19:00:00,SAC Basic,0.3236591565732191,0.003109276294708252,0.0,0.0,0.0,0.0,-0.36598538283536625,110
2025-07-05 20:00:00,SAC Basic,0.3234677095631788,0.002065896987915039,0.0,0.0,0.0,0.0,-0.3468227080507029,110
2025-07-05 21:00:00,SAC Basic,0.3239143972043226,0.0020062923431396484,0.0,0.0,0.0,0.0,-0.39148044232556783,110
2025-07-05 22:00:00,SAC Basic,0.3244461697820852,0.002031773328781128,0.0,0.0,0.0,0.0,-0.4446578684849495,110
2025-07-05 23:00:00,SAC Basic,0.3243114723885089,0.0020907819271087646,0.0,0.0,0.0,0.0,-0.4311896445754129,110
2025-07-06 00:00:00,SAC Basic,0.3274709808250298,0.0073525309562683105,0.0,0.0,0.0,0.0,-0.7472977506123952,110
2025-07-06 01:00:00,SAC Basic,0.32926719091773327,0.006863027811050415,0.0,0.0,0.0,0.0,-0.9268612473609991,110
2025-07-06 02:00:00,SAC Basic,0.33308998269518514,0.014837533235549927,0.0,0.0,0.0,0.0,-1.309374765237469,110
2025-07-06 03:00:00,SAC Basic,0.3328758955887983,0.0037738680839538574,0.0,0.0,0.0,0.0,-1.2877756728930265,110
2025-07-06 04:00:00,SAC Basic,0.3340009239629934,0.005508512258529663,0.0,0.0,0.0,0.0,-1.400219912986257,110
2025-07-06 05:00:00,SAC Basic,0.3338147718322307,0.0036543607711791992,0.0,0.0,0.0,0.0,-1.3815688119533647,110
2025-07-06 06:00:00,SAC Basic,0.33357524370789826,0.0046415627002716064,0.0,0.0,0.0,0.0,-1.3576270740631218,110
2025-07-06 07:00:00,SAC Basic,0.33320086272120775,0.006685703992843628,0.0,0.0,0.0,0.0,-1.3202404276135566,110
2025-07-06 08:00:00,SAC Basic,0.3326468312458227,0.003790557384490967,0.0,0.0,0.0,0.0,-1.2647878871960454,110
2025-07-06 09:00:00,SAC Basic,0.33174926024794876,0.002728700637817383,0.0,0.0,0.0,0.0,-1.1749912173750987,110
2025-07-06 10:00:00,SAC Basic,0.3304812136264672,0.0020860135555267334,0.0,0.0,0.0,0.0,-1.0481695097886534,110
2025-07-06 11:00:00,SAC Basic,0.3289937581972311,0.004263371229171753,0.0,0.0,0.0,0.0,-0.8994828607244283,110
2025-07-06 12:00:00,SAC Basic,0.3275620152636399,0.0039771199226379395,0.0,0.0,0.0,0.0,-0.7562839312755102,110
2025-07-06 13:00:00,SAC Basic,0.3309957143978308,0.004109740257263184,0.0,0.0,0.0,0.0,-1.0996549607915729,110
2025-07-06 14:00:00,SAC Basic,0.33048640393774015,0.002206861972808838,0.0,0.0,0.0,0.0,-1.0487035597963148,110
2025-07-06 15:00:00,SAC Basic,0.32936144903064074,0.0025135278701782227,0.0,0.0,0.0,0.0,-0.9361982402804506,110
2025-07-06 16:00:00,SAC Basic,0.3284364308218191,0.002994537353515625,0.0,0.0,0.0,0.0,-0.8437077830238144,110
2025-07-06 17:00:00,SAC Basic,0.32782576744914355,0.00380098819732666,0.0,0.0,0.0,0.0,-0.7826608291867386,110
2025-07-06 18:00:00,SAC Basic,0.3275268954161833,0.0038383901119232178,0.0,0.0,0.0,0.0,-0.7527666834397132,110
2025-07-06 19:00:00,SAC Basic,0.3272547240459949,0.0033485889434814453,0.0,0.0,0.0,0.0,-0.7255442743900461,110
2025-07-06 20:00:00,SAC Basic,0.3270396107463072,0.003466010093688965,0.0,0.0,0.0,0.0,-0.704031569044097,110
2025-07-06 21:00:00,SAC Basic,0.32682393467943177,0.003297179937362671,0.0,0.0,0.0,0.0,-0.6824610998434869,110
2025-07-06 22:00:00,SAC Basic,0.3265803762877018,0.0034324824810028076,0.0,0.0,0.0,0.0,-0.658107631445237,110
2025-07-06 23:00:00,SAC Basic,0.32633478190064735,0.002821683883666992,0.0,0.0,0.0,0.0,-0.6335407317283813,110
2025-07-07 00:00:00,SAC Basic,0.32675934105197896,0.0038677453994750977,0.0,0.0,0.0,0.0,-0.6760219207210427,110
2025-07-07 01:00:00,SAC Basic,0.3264839862970542,0.002393573522567749,0.0,0.0,0.0,0.0,-0.6484612428946416,110
2025-07-07 02:00:00,SAC Basic,0.32623976232012425,0.003232806921005249,0.0,0.0,0.0,0.0,-0.6240492804848288,110
2025-07-07 03:00:00,SAC Basic,0.32602384336432133,0.003224313259124756,0.0,0.0,0.0,0.0,-0.6024489076339338,110
2025-07-07 04:00:00,SAC Basic,0.32647607423742925,0.003669261932373047,0.0,0.0,0.0,0.0,-0.647685258468304,110
2025-07-07 05:00:00,SAC Basic,0.32628809125066116,0.0031051039695739746,0.0,0.0,0.0,0.0,-0.6288768687251349,110
2025-07-07 06:00:00,SAC Basic,0.3277503873614502,0.006688833236694336,0.0,0.0,0.0,0.0,-0.7752083501024224,110
2025-07-07 07:00:00,SAC Basic,0.32742493039806997,0.004362910985946655,0.0,0.0,0.0,0.0,-0.7426035572492226,110
2025-07-07 08:00:00,SAC Basic,0.3267294165337117,0.0038458406925201416,0.0,0.0,0.0,0.0,-0.673023740887952,110
2025-07-07 09:00:00,SAC Basic,0.32569160441359196,0.0031563639640808105,0.0,0.0,0.0,0.0,-0.5692304634057616,110
2025-07-07 10:00:00,SAC Basic,0.32433951245983755,0.0023724138736724854,0.0,0.0,0.0,0.0,-0.4340065337621322,110
2025-07-07 11:00:00,SAC Basic,0.3230420633296203,0.010265260934829712,0.0,0.0,0.0,0.0,-0.30449056665133967,110
2025-07-07 12:00:00,SAC Basic,0.3232867704029909,0.015412122011184692,0.0,0.0,0.0,0.0,-0.32903675135007854,110
2025-07-07 13:00:00,SAC Basic,0.3229022420640818,0.009641498327255249,0.0,0.0,0.0,0.0,-0.2904747426115639,110
2025-07-07 14:00:00,SAC Basic,0.32378994320988963,0.0063103437423706055,0.0,0.0,0.0,0.0,-0.37915383940965863,110
2025-07-07 15:00:00,SAC Basic,0.32373176044027324,0.005545169115066528,0.0,0.0,0.0,0.0,-0.3732945991558979,110
2025-07-07 16:00:00,SAC Basic,0.32311317373633697,0.0034239888191223145,0.0,0.0,0.0,0.0,-0.31140706521303796,110
2025-07-07 17:00:00,SAC Basic,0.32417387188951485,0.005209445953369141,0.0,0.0,0.0,0.0,-0.4175092324418945,110
2025-07-07 18:00:00,SAC Basic,0.3292461719739468,0.006690025329589844,0.0,0.0,0.0,0.0,-0.9247658036950323,110
2025-07-07 19:00:00,SAC Basic,0.32969637281219477,0.003060251474380493,0.0,0.0,0.0,0.0,-0.9697347839875161,110
2025-07-07 20:00:00,SAC Basic,0.3331321741275024,0.015740394592285156,0.0,0.0,0.0,0.0,-1.3136590220732642,110
2025-07-07 21:00:00,SAC Basic,0.33453808023651754,0.006771832704544067,0.0,0.0,0.0,0.0,-1.454033145924722,110
2025-07-07 22:00:00,SAC Basic,0.33435178704142887,0.003612041473388672,0.0,0.0,0.0,0.0,-1.4352825428846658,110
2025-07-07 23:00:00,SAC Basic,0.33483416769941965,0.004214197397232056,0.0,0.0,0.0,0.0,-1.4835070754491473,110
2025-07-08 00:00:00,SAC Basic,0.3399899173009427,0.014724880456924438,0.0,0.0,0.0,0.0,-1.9993913345340038,110
2025-07-08 01:00:00,SAC Basic,0.34517406656305305,0.006244778633117676,0.0,0.0,0.0,0.0,-2.517616352896205,110
2025-07-08 02:00:00,SAC Basic,0.34672519823273334,0.007839500904083252,0.0,0.0,0.0,0.0,-2.672692560514125,110
2025-07-08 03:00:00,SAC Basic,0.34729704625885,0.005554407835006714,0.0,0.0,0.0,0.0,-2.7298385649723897,110
2025-07-08 04:00:00,SAC Basic,0.347535810794436,0.005629360675811768,0.0,0.0,0.0,0.0,-2.7536944161855255,110
2025-07-08 05:00:00,SAC Basic,0.34744249369422897,0.0060048699378967285,0.0,0.0,0.0,0.0,-2.7443732219142754,110
2025-07-08 06:00:00,SAC Basic,0.34731925877054837,0.005529522895812988,0.0,0.0,0.0,0.0,-2.7320412209831733,110
2025-07-08 07:00:00,SAC Basic,0.34700167607744836,0.006725192070007324,0.0,0.0,0.0,0.0,-2.7003140682779776,110
2025-07-08 08:00:00,SAC Basic,0.3464884313325117,0.007526576519012451,0.0,0.0,0.0,0.0,-2.6490016786260426,110
2025-07-08 09:00:00,SAC Basic,0.34542874751925773,0.005094856023788452,0.0,0.0,0.0,0.0,-2.5430009662512,110
2025-07-08 10:00:00,SAC Basic,0.34408338294307694,0.004390627145767212,0.0,0.0,0.0,0.0,-2.408433149139389,110
2025-07-08 11:00:00,SAC Basic,0.3424785753373335,0.003057718276977539,0.0,0.0,0.0,0.0,-2.247932017187577,110
2025-07-08 12:00:00,SAC Basic,0.3407877082590292,0.0027398765087127686,0.0,0.0,0.0,0.0,-2.0788288018507775,110
2025-07-08 13:00:00,SAC Basic,0.33909693654815654,0.002768486738204956,0.0,0.0,0.0,0.0,-1.909749310652712,110
2025-07-08 14:00:00,SAC Basic,0.3375510436975986,0.003732144832611084,0.0,0.0,0.0,0.0,-1.7551886492374542,110
2025-07-08 15:00:00,SAC Basic,0.33625736780683496,0.0028972327709198,0.0,0.0,0.0,0.0,-1.6258030744595307,110
2025-07-08 16:00:00,SAC Basic,0.3356116964868734,0.0037986040115356445,0.0,0.0,0.0,0.0,-1.5612546344799754,110
2025-07-08 17:00:00,SAC Basic,0.33573321078340507,0.006454288959503174,0.0,0.0,0.0,0.0,-1.5734767209691758,110
2025-07-08 18:00:00,SAC Basic,0.33540911727627415,0.0047719478607177734,0.0,0.0,0.0,0.0,-1.5410239899956164,110
2025-07-08 19:00:00,SAC Basic,0.33516885154446263,0.004420280456542969,0.0,0.0,0.0,0.0,-1.516977076729435,110
2025-07-08 20:00:00,SAC Basic,0.33495343475779193,0.0033749639987945557,0.0,0.0,0.0,0.0,-1.4954214282237461,110
2025-07-08 21:00:00,SAC Basic,0.3347386895167857,0.003576427698135376,0.0,0.0,0.0,0.0,-1.4739424948695259,110
2025-07-08 22:00:00,SAC Basic,0.3345234530341655,0.0034290552139282227,0.0,0.0,0.0,0.0,-1.4524153582456676,110
2025-07-08 23:00:00,SAC Basic,0.33431016910036704,0.004014819860458374,0.0,0.0,0.0,0.0,-1.4311030640803775,110
2025-07-09 00:00:00,SAC Basic,0.3340978234430184,0.004296302795410156,0.0,0.0,0.0,0.0,-1.4098710851870988,110
2025-07-09 01:00:00,SAC Basic,0.3338569408031335,0.004235208034515381,0.0,0.0,0.0,0.0,-1.3857793954216482,110
2025-07-09 02:00:00,SAC Basic,0.3336459004875054,0.004687905311584473,0.0,0.0,0.0,0.0,-1.3646883338295437,110
2025-07-09 03:00:00,SAC Basic,0.3334336129446855,0.004313737154006958,0.0,0.0,0.0,0.0,-1.3434513108932038,110
2025-07-09 04:00:00,SAC Basic,0.33322081429203654,0.004160404205322266,0.0,0.0,0.0,0.0,-1.3221661706172465,110
2025-07-09 05:00:00,SAC Basic,0.33300807077368405,0.0041769444942474365,0.0,0.0,0.0,0.0,-1.3008907816611786,110
2025-07-09 06:00:00,SAC Basic,0.3327673003892134,0.0042688846588134766,0.0,0.0,0.0,0.0,-1.276816336016164,110
2025-07-09 07:00:00,SAC Basic,0.3323919548006883,0.0063963234424591064,0.0,0.0,0.0,0.0,-1.2393446809255133,110
2025-07-09 08:00:00,SAC Basic,0.3316116574998727,0.003910809755325317,0.0,0.0,0.0,0.0,-1.1612688213192475,110
2025-07-09 09:00:00,SAC Basic,0.33049194780151353,0.004087090492248535,0.0,0.0,0.0,0.0,-1.0492782847685664,110
2025-07-09 10:00:00,SAC Basic,0.32925699146072374,0.0035130977630615234,0.0,0.0,0.0,0.0,-0.9257751479549261,110
2025-07-09 11:00:00,SAC Basic,0.32785230930129994,0.0035953521728515625,0.0,0.0,0.0,0.0,-0.7853036597175481,110
2025-07-09 12:00:00,SAC Basic,0.32616444729050303,0.0036413967609405518,0.0,0.0,0.0,0.0,-0.6165180174314024,110
2025-07-09 13:00:00,SAC Basic,0.3250373174234262,0.003861039876937866,0.0,0.0,0.0,0.0,-0.5038111595713156,110
2025-07-09 14:00:00,SAC Basic,0.32507810735424664,0.0032369792461395264,0.0,0.0,0.0,0.0,-0.5078817156158938,110
2025-07-09 15:00:00,SAC Basic,0.32442561775962814,0.0017531216144561768,0.0,0.0,0.0,0.0,-0.44261167697141907,110
2025-07-09 16:00:00,SAC Basic,0.32775030417482365,0.0014059245586395264,0.0,0.0,0.0,0.0,-0.7750620079440951,110
2025-07-09 17:00:00,SAC Basic,0.328279462705059,0.003247559070587158,0.0,0.0,0.0,0.0,-0.8280296380324282,110
2025-07-09 18:00:00,SAC Basic,0.32795029982288987,0.0032511353492736816,0.0,0.0,0.0,0.0,-0.7950950407587585,110
2025-07-09 19:00:00,SAC Basic,0.32770415260275515,0.0026558339595794678,0.0,0.0,0.0,0.0,-0.7704743299686029,110
2025-07-09 20:00:00,SAC Basic,0.3275138360941441,0.0024050474166870117,0.0,0.0,0.0,0.0,-0.7514342182281704,110
2025-07-09 21:00:00,SAC Basic,0.3273517058940759,0.0023609399795532227,0.0,0.0,0.0,0.0,-0.7352182492815534,110
2025-07-09 22:00:00,SAC Basic,0.3272172106595865,0.0021514296531677246,0.0,0.0,0.0,0.0,-0.7217661896549743,110
2025-07-09 23:00:00,SAC Basic,0.3273617662775547,0.002866685390472412,0.0,0.0,0.0,0.0,-0.7362411140206518,110
2025-07-10 00:00:00,SAC Basic,0.3271724928502272,0.0027179718017578125,0.0,0.0,0.0,0.0,-0.7173051315946419,110
2025-07-10 01:00:00,SAC Basic,0.32701062540730147,0.0024397671222686768,0.0,0.0,0.0,0.0,-0.7011141181193866,110
2025-07-10 02:00:00,SAC Basic,0.3268765220733514,0.0022689998149871826,0.0,0.0,0.0,0.0,-0.6876992950045102,110
2025-07-10 03:00:00,SAC Basic,0.3267434449327022,0.002576857805252075,0.0,0.0,0.0,0.0,-0.6743991090062258,110
2025-07-10 04:00:00,SAC Basic,0.32660921841581964,0.0022320449352264404,0.0,0.0,0.0,0.0,-0.6609699306093676,110
2025-07-10 05:00:00,SAC Basic,0.32647495265921256,0.0022202730178833008,0.0,0.0,0.0,0.0,-0.6475397891007862,110
2025-07-10 06:00:00,SAC Basic,0.3262853161402573,0.002609044313430786,0.0,0.0,0.0,0.0,-0.6285876826249531,110
2025-07-10 07:00:00,SAC Basic,0.32593000145475365,0.0039055943489074707,0.0,0.0,0.0,0.0,-0.5930912228626971,110
2025-07-10 08:00:00,SAC Basic,0.32689683911204637,0.011051297187805176,0.0,0.0,0.0,0.0,-0.689976394176781,110
2025-07-10 09:00:00,SAC Basic,0.32759047500094074,0.005590766668319702,0.0,0.0,0.0,0.0,-0.7592139207326345,110
2025-07-10 10:00:00,SAC Basic,0.32641055613319375,0.0030243396759033203,0.0,0.0,0.0,0.0,-0.6411417643828168,110
2025-07-10 11:00:00,SAC Basic,0.3250183005487949,0.007323324680328369,0.0,0.0,0.0,0.0,-0.5020195112231383,110
2025-07-10 12:00:00,SAC Basic,0.3251606373385618,0.010201036930084229,0.0,0.0,0.0,0.0,-0.5162965317172806,110
2025-07-10 13:00:00,SAC Basic,0.3307291346975197,0.0020492076873779297,0.0,0.0,0.0,0.0,-1.0730359721981428,110
2025-07-10 14:00:00,SAC Basic,0.3298020049941569,0.002361088991165161,0.0,0.0,0.0,0.0,-0.980250840008551,110
2025-07-10 15:00:00,SAC Basic,0.3287599077967832,0.0018708407878875732,0.0,0.0,0.0,0.0,-0.8760330989761111,110
2025-07-10 16:00:00,SAC Basic,0.3280052715543935,0.0031091272830963135,0.0,0.0,0.0,0.0,-0.8006017208499652,110
2025-07-10 17:00:00,SAC Basic,0.3275050432391991,0.0029315054416656494,0.0,0.0,0.0,0.0,-0.7505647302471571,110
2025-07-10 18:00:00,SAC Basic,0.3271475519907504,0.0032526254653930664,0.0,0.0,0.0,0.0,-0.7148234627845852,110
2025-07-10 19:00:00,SAC Basic,0.3268451752046773,0.002786964178085327,0.0,0.0,0.0,0.0,-0.684577916364166,110
2025-07-10 20:00:00,SAC Basic,0.3266844541577527,0.0027836859226226807,0.0,0.0,0.0,0.0,-0.6685011222762778,110
2025-07-10 21:00:00,SAC Basic,0.326549560565554,0.0020319223403930664,0.0,0.0,0.0,0.0,-0.6550042126380304,110
2025-07-10 22:00:00,SAC Basic,0.32630293054779663,0.0025109946727752686,0.0,0.0,0.0,0.0,-0.630348065396442,110
2025-07-10 23:00:00,SAC Basic,0.32608463883042627,0.0025124847888946533,0.0,0.0,0.0,0.0,-0.608514147639565,110
2025-07-11 00:00:00,SAC Basic,0.32589352560639673,0.0021660327911376953,0.0,0.0,0.0,0.0,-0.5893993458154725,110
2025-07-11 01:00:00,SAC Basic,0.32570258473913166,0.0022177398204803467,0.0,0.0,0.0,0.0,-0.5703033457798686,110
2025-07-11 02:00:00,SAC Basic,0.325539649876359,0.0021195411682128906,0.0,0.0,0.0,0.0,-0.5540083604457889,110
2025-07-11 03:00:00,SAC Basic,0.3253205038257469,0.0022561848163604736,0.0,0.0,0.0,0.0,-0.532096872707498,110
2025-07-11 04:00:00,SAC Basic,0.32510159669041927,0.002327859401702881,0.0,0.0,0.0,0.0,-0.5102069429758138,110
2025-07-11 05:00:00,SAC Basic,0.32491110385140076,0.0023521482944488525,0.0,0.0,0.0,0.0,-0.491157670994892,110
2025-07-11 06:00:00,SAC Basic,0.3246651419023702,0.0027114152908325195,0.0,0.0,0.0,0.0,-0.4665720112128023,110
2025-07-11 07:00:00,SAC Basic,0.3243076441967517,0.003250688314437866,0.0,0.0,0.0,0.0,-0.4308348261716918,110
2025-07-11 08:00:00,SAC Basic,0.3236181191090772,0.0056424736976623535,0.0,0.0,0.0,0.0,-0.3619486782355022,110
2025-07-11 09:00:00,SAC Basic,0.32255867818475065,0.005167722702026367,0.0,0.0,0.0,0.0,-0.2559759204390609,110
2025-07-11 10:00:00,SAC Basic,0.32138232539614336,0.012594163417816162,0.0,0.0,0.0,0.0,-0.13855868728985002,110
2025-07-11 11:00:00,SAC Basic,0.3220762777992119,0.007685720920562744,0.0,0.0,0.0,0.0,-0.20783057876457164,110
2025-07-11 12:00:00,SAC Basic,0.3213661158223976,0.003451406955718994,0.0,0.0,0.0,0.0,-0.13672295351852237,110
2025-07-11 13:00:00,SAC Basic,0.3216047110887398,0.0030785799026489258,0.0,0.0,0.0,0.0,-0.1605364087425611,110
2025-07-11 14:00:00,SAC Basic,0.3205148511652181,0.004542022943496704,0.0,0.0,0.0,0.0,-0.0515905914110884,110
2025-07-11 15:00:00,SAC Basic,0.3219797703715195,0.002975761890411377,0.0,0.0,0.0,0.0,-0.19805221500028644,110
2025-07-11 16:00:00,SAC Basic,0.32183485498071013,0.0030253827571868896,0.0,0.0,0.0,0.0,-0.1835465019348236,110
2025-07-11 17:00:00,SAC Basic,0.3216122097535957,0.0032064318656921387,0.0,0.0,0.0,0.0,-0.16128691448797058,110
2025-07-11 18:00:00,SAC Basic,0.3216153753697901,0.0029496848583221436,0.0,0.0,0.0,0.0,-0.1615990981462519,110
2025-07-11 19:00:00,SAC Basic,0.3213134848582773,0.0029328465461730957,0.0,0.0,0.0,0.0,-0.13140731114177637,110
2025-07-11 20:00:00,SAC Basic,0.32109587064703593,0.0027157366275787354,0.0,0.0,0.0,0.0,-0.10964355053532988,110
2025-07-11 21:00:00,SAC Basic,0.3212127073562174,0.0030510127544403076,0.0,0.0,0.0,0.0,-0.12133510863809427,110
2025-07-11 22:00:00,SAC Basic,0.3210233226668863,0.0026845932006835938,0.0,0.0,0.0,0.0,-0.10238962274818296,110
2025-07-11 23:00:00,SAC Basic,0.320832985793355,0.002398937940597534,0.0,0.0,0.0,0.0,-0.08334941464691292,110
2025-07-12 00:00:00,SAC Basic,0.3206430934711326,0.0025323033332824707,0.0,0.0,0.0,0.0,-0.06436132683385413,110
2025-07-12 01:00:00,SAC Basic,0.32045316836635557,0.0025224685668945312,0.0,0.0,0.0,0.0,-0.04536738435455785,110
2025-07-12 02:00:00,SAC Basic,0.32026255830486905,0.002316981554031372,0.0,0.0,0.0,0.0,-0.026304224988113533,110
2025-07-12 03:00:00,SAC Basic,0.32010070576310445,0.002444237470626831,0.0,0.0,0.0,0.0,-0.010120733619023214,110
2025-07-12 04:00:00,SAC Basic,0.3199093764722376,0.002101212739944458,0.0,0.0,0.0,0.0,0.9999545454978942,110
2025-07-12 05:00:00,SAC Basic,0.31971704532663314,0.0018006563186645508,0.0,0.0,0.0,0.0,0.9999609813094139,110
2025-07-12 06:00:00,SAC Basic,0.3218333664556373,0.002896338701248169,0.0,0.0,0.0,0.0,-0.18340552916158168,110
2025-07-12 07:00:00,SAC Basic,0.32353298990210183,0.0033870339393615723,0.0,0.0,0.0,0.0,-0.3533716378413508,110
2025-07-12 08:00:00,SAC Basic,0.32286443896095246,0.0034347176551818848,0.0,0.0,0.0,0.0,-0.2865130672855072,110
2025-07-12 09:00:00,SAC Basic,0.3218679465361465,0.00705227255821228,0.0,0.0,0.0,0.0,-0.18697187461484152,110
2025-07-12 10:00:00,SAC Basic,0.3212838109330365,0.015759319067001343,0.0,0.0,0.0,0.0,-0.1287833501500757,110
2025-07-12 11:00:00,SAC Basic,0.3199252240256497,0.017423927783966064,0.0,0.0,0.0,0.0,0.999634875357151,110
2025-07-12 12:00:00,SAC Basic,0.3204815608910748,0.008901059627532959,0.0,0.0,0.0,0.0,-0.04841933898159669,110
2025-07-12 13:00:00,SAC Basic,0.32149502927740703,0.003540515899658203,0.0,0.0,0.0,0.0,-0.1496273434959742,110
2025-07-12 14:00:00,SAC Basic,0.3387845661842852,0.001361072063446045,0.0,0.0,0.0,0.0,-1.878505634308151,110
2025-07-12 15:00:00,SAC Basic,0.34180257980863543,0.0029040873050689697,0.0,0.0,0.0,0.0,-2.1803314927620603,110
2025-07-12 16:00:00,SAC Basic,0.34138892864585213,0.005404651165008545,0.0,0.0,0.0,0.0,-2.139025963247112,110
2025-07-12 17:00:00,SAC Basic,0.3419504438229431,0.004454553127288818,0.0,0.0,0.0,0.0,-2.195142974337232,110
2025-07-12 18:00:00,SAC Basic,0.34307956008235907,0.006734877824783325,0.0,0.0,0.0,0.0,-2.308113509039377,110
2025-07-12 19:00:00,SAC Basic,0.343202960256341,0.005020052194595337,0.0,0.0,0.0,0.0,-2.3204135749342942,110
2025-07-12 20:00:00,SAC Basic,0.34307845674713744,0.005148947238922119,0.0,0.0,0.0,0.0,-2.307949942608965,110
2025-07-12 21:00:00,SAC Basic,0.3429546744541356,0.005365312099456787,0.0,0.0,0.0,0.0,-2.295576915304151,110
2025-07-12 22:00:00,SAC Basic,0.34280347673933,0.005640685558319092,0.0,0.0,0.0,0.0,-2.2804632413787527,110
2025-07-12 23:00:00,SAC Basic,0.34265215534488647,0.005603581666946411,0.0,0.0,0.0,0.0,-2.2653279771608985,110
2025-07-13 00:00:00,SAC Basic,0.34247080337484964,0.005094408988952637,0.0,0.0,0.0,0.0,-2.247187317391522,110
2025-07-13 01:00:00,SAC Basic,0.3423179183518915,0.005134493112564087,0.0,0.0,0.0,0.0,-2.2318949258926386,110
2025-07-13 02:00:00,SAC Basic,0.3421359931838541,0.004922449588775635,0.0,0.0,0.0,0.0,-2.2136998878124254,110
2025-07-13 03:00:00,SAC Basic,0.3419282256599296,0.005669742822647095,0.0,0.0,0.0,0.0,-2.1929434337817497,110
2025-07-13 04:00:00,SAC Basic,0.34172118431926063,0.0058875977993011475,0.0,0.0,0.0,0.0,-2.1722383624318145,110
2025-07-13 05:00:00,SAC Basic,0.34248797329386366,0.006536692380905151,0.0,0.0,0.0,0.0,-2.248934554179799,110
2025-07-13 06:00:00,SAC Basic,0.34261074612895936,0.004831850528717041,0.0,0.0,0.0,0.0,-2.2611882983250315,110
2025-07-13 07:00:00,SAC Basic,0.3490499248095382,0.008253604173660278,0.0,0.0,0.0,0.0,-2.9051917705737447,110
2025-07-13 08:00:00,SAC Basic,0.34833563521663635,0.006713122129440308,0.0,0.0,0.0,0.0,-2.833713188926666,110
2025-07-13 09:00:00,SAC Basic,0.3481172419003674,0.0064820051193237305,0.0,0.0,0.0,0.0,-2.8118561413092285,110
2025-07-13 10:00:00,SAC Basic,0.34799018791636116,0.0018838047981262207,0.0,0.0,0.0,0.0,-2.79910244973529,110
2025-07-13 11:00:00,SAC Basic,0.3466977756440668,0.003276318311691284,0.0,0.0,0.0,0.0,-2.6698570159080472,110
2025-07-13 12:00:00,SAC Basic,0.3452373124436566,0.003861039876937866,0.0,0.0,0.0,0.0,-2.523814312378848,110
2025-07-13 13:00:00,SAC Basic,0.3511981405414369,0.0021864473819732666,0.0,0.0399380180478957,0.0,0.0,-3.1198745290162773,110
2025-07-13 14:00:00,SAC Basic,0.35399393707417476,0.0033701956272125244,0.0,0.13313123580582698,1.4210854715202004e-14,0.0,-3.399472948812472,110
2025-07-13 15:00:00,SAC Basic,0.35549169557866184,0.004384070634841919,0.0,0.1830565192887278,0.0,0.0,-3.549267378028956,110
2025-07-13 16:00:00,SAC Basic,0.35455137173608,0.007615238428115845,0.0,0.15171239120266622,0.0,0.0,-3.455321790054492,110
2025-07-13 17:00:00,SAC Basic,0.3545715704141413,0.011445283889770508,0.0,0.1523856804713759,0.0,0.0,-3.4574242475465393,110
2025-07-13 18:00:00,SAC Basic,0.35388651351854394,0.009033381938934326,0.0,0.12955045061813308,0.0,0.0,-3.388856138512681,110
2025-07-13 19:00:00,SAC Basic,0.3533215711739528,0.009236335754394531,0.0,0.11071903913175873,0.0,0.0,-3.3323438736485214,110
2025-07-13 20:00:00,SAC Basic,0.3528625517363728,0.008712559938430786,0.0,0.09541839121242646,0.0,0.0,-3.2864346625942096,110
2025-07-13 21:00:00,SAC Basic,0.35242337634307574,0.008526593446731567,0.0,0.0807792114358577,0.0,0.0,-3.2425100258414252,110
2025-07-13 22:00:00,SAC Basic,0.35205442717512636,0.008796155452728271,0.0,0.06848090583754499,0.0,0.0,-3.2056213362417503,110
2025-07-13 23:00:00,SAC Basic,0.3516986977201717,0.009404420852661133,0.0,0.05662325733905647,0.0,0.0,-3.170063943088222,110
2025-07-14 00:00:00,SAC Basic,0.35137648708564195,0.008719712495803833,0.0,0.04588290285473136,0.0,0.0,-3.137829949897679,110
2025-07-14 01:00:00,SAC Basic,0.35108617162616984,0.008611083030700684,0.0,0.03620572087232859,0.0,0.0,-3.1087904705722487,110
2025-07-14 02:00:00,SAC Basic,0.3508009715570683,0.009139031171798706,0.0,0.02669905190227553,0.0,0.0,-3.080285215811676,110
2025-07-14 03:00:00,SAC Basic,0.3505670140674419,0.008213222026824951,0.0,0.01890046891473105,0.0,0.0,-3.056874929276175,110
2025-07-14 04:00:00,SAC Basic,0.35035686762214063,0.008351653814315796,0.0,0.011895587404688969,0.0,0.0,-3.035855179608224,110
2025-07-14 05:00:00,SAC Basic,0.3501668091181549,0.008042752742767334,0.0,0.005560303938496248,0.0,0.0,-3.01684485588106,110
2025-07-14 06:00:00,SAC Basic,0.349945164870782,0.010006725788116455,0.0,0.0,0.0,0.0,-2.9947362613244133,110
2025-07-14 07:00:00,SAC Basic,0.3495584489341212,0.01148521900177002,0.0,0.0,0.0,0.0,-2.95608938272429,110
2025-07-14 08:00:00,SAC Basic,0.34949699398792117,0.01106351613998413,0.0,0.0,0.0,0.0,-2.9499248861435334,110
2025-07-14 09:00:00,SAC Basic,0.35001333624109326,0.010347217321395874,0.0,0.0004445413697752088,0.0,0.0,-3.0015477314439396,110
2025-07-14 10:00:00,SAC Basic,0.3566291632479253,0.011720210313796997,0.0,0.2209721082641778,0.0,0.0,-3.663164458928731,110
2025-07-14 11:00:00,SAC Basic,0.3592853877102575,0.0038802623748779297,0.0,0.30951292367524846,0.0,0.0,-3.928694775752634,110
2025-07-14 12:00:00,SAC Basic,0.35762679175763495,0.005147606134414673,0.0,0.2542263919211649,0.0,0.0,-3.7627948013237784,110
2025-07-14 13:00:00,SAC Basic,0.3556779798006043,0.004122406244277954,0.0,0.1892659933534759,0.0,0.0,-3.5678906801842145,110
2025-07-14 14:00:00,SAC Basic,0.35397472806826463,0.004015415906906128,0.0,0.1324909356088199,0.0,0.0,-3.3975541850479747,110
2025-07-14 15:00:00,SAC Basic,0.35257024341155796,0.004329383373260498,0.0,0.08567478038526417,0.0,0.0,-3.2571140684979243,110
2025-07-14 16:00:00,SAC Basic,0.3515648518955383,0.0055442750453948975,0.0,0.05216172985127798,0.0,0.0,-3.156608223971461,110
2025-07-14 17:00:00,SAC Basic,0.35087548117384376,0.00937148928642273,0.0,0.029182705794792697,0.0,0.0,-3.087773819312514,110
2025-07-14 18:00:00,SAC Basic,0.35051308467899317,0.01038387417793274,0.0,0.01710282263310603,0.0,0.0,-3.05152626923179,110
2025-07-14 19:00:00,SAC Basic,0.350258387068819,0.008703619241714478,0.0,0.008612902293967295,0.0,0.0,-3.026029581816097,110
2025-07-14 20:00:00,SAC Basic,0.35007628566280996,0.007412433624267578,0.0,0.0025428554269979033,0.0,0.0,-3.0077897268096554,110
2025-07-14 21:00:00,SAC Basic,0.34988024237251275,0.009187012910842896,0.0,0.0,0.0,0.0,-2.988225723302357,110
2025-07-14 22:00:00,SAC Basic,0.3496809744709332,0.008219629526138306,0.0,0.0,0.0,0.0,-2.9682715135176903,110
2025-07-14 23:00:00,SAC Basic,0.34948326920445755,0.008688420057296753,0.0,0.0,0.0,0.0,-2.9485053767522116,110
2025-07-15 00:00:00,SAC Basic,0.3498992569424311,0.009796321392059326,0.0,0.0,0.0,0.0,-2.9901326996843007,110
2025-07-15 01:00:00,SAC Basic,0.3499776486215591,0.00851750373840332,0.0,0.0,0.0,0.0,-2.9979480004072148,110
2025-07-15 02:00:00,SAC Basic,0.35038258323159216,0.010733157396316528,0.0,0.012752774386406429,0.0,0.0,-3.038495142843721,110
2025-07-15 03:00:00,SAC Basic,0.350142294752059,0.009156614542007446,0.0,0.0047431584019662415,0.0,0.0,-3.014428372925282,110
2025-07-15 04:00:00,SAC Basic,0.3502258147323051,0.009083151817321777,0.0,0.007527157743501789,0.0,0.0,-3.0227638708941003,110
2025-07-15 05:00:00,SAC Basic,0.35428932088290915,0.004529207944869995,0.0,0.14297736276363934,0.0,0.0,-3.4290682118885365,110
2025-07-15 06:00:00,SAC Basic,0.35458060690684856,0.008072704076766968,0.0,0.1526868968949515,0.0,0.0,-3.45825757972771,110
2025-07-15 07:00:00,SAC Basic,0.3541709988743401,0.009650886058807373,0.0,0.1390332958113362,0.0,0.0,-3.4173086869750073,110
2025-07-15 08:00:00,SAC Basic,0.3532401923821869,0.007264465093612671,0.0,0.10800641273956445,0.0,0.0,-3.3241883917302135,110
2025-07-15 09:00:00,SAC Basic,0.3520650697027298,0.0052988529205322266,0.0,0.0688356567576605,0.0,0.0,-3.2066326034531234,110
2025-07-15 10:00:00,SAC Basic,0.35960469128537054,0.005042850971221924,0.0,0.3201563761790183,0.0,0.0,-3.9605725455759706,110
2025-07-15 11:00:00,SAC Basic,0.36097565285951977,0.008643567562103271,0.0,0.36585509531732613,0.0,0.0,-4.097774164469127,110
2025-07-15 12:00:00,SAC Basic,0.3600262957663931,0.006402730941772461,0.0,0.3342098588797711,0.0,0.0,-4.00278003962435,110
2025-07-15 13:00:00,SAC Basic,0.36033363120754935,0.002155005931854248,0.0,0.34445437358497916,0.0,0.0,-4.033448698123671,110
2025-07-15 14:00:00,SAC Basic,0.3664488361088072,0.00585600733757019,0.0,0.5482945369602391,0.0,0.0,-4.645037741041526,110
2025-07-15 15:00:00,SAC Basic,0.3649298078210027,0.01195177435874939,0.0,0.49766026070008995,0.0,0.0,-4.493280775257657,110
2025-07-15 16:00:00,SAC Basic,0.36328147818054596,0.009717047214508057,0.0,0.4427159393515311,0.0,0.0,-4.3283645062703275,110
2025-07-15 17:00:00,SAC Basic,0.3615706548859403,0.008441507816314697,0.0,0.38568849619801004,0.0,0.0,-4.157247074144339,110
2025-07-15 18:00:00,SAC Basic,0.36016978201667,0.012230873107910156,0.0,0.33899273388899903,0.0,0.0,-4.017260712782073,110
2025-07-15 19:00:00,SAC Basic,0.35893703559219414,0.013077259063720703,0.0,0.2979011864064717,0.0,0.0,-3.893973568260246,110
2025-07-15 20:00:00,SAC Basic,0.35883222748261306,0.005465149879455566,0.0,0.2944075827537688,0.0,0.0,-3.8834081723507374,110
2025-07-15 21:00:00,SAC Basic,0.35967912999875795,0.010708421468734741,0.0,0.32263766662526483,0.0,0.0,-3.968179601021062,110
2025-07-15 22:00:00,SAC Basic,0.3589321798372934,0.007654279470443726,0.0,0.2977393279097811,0.0,0.0,-3.8934016107387333,110
2025-07-15 23:00:00,SAC Basic,0.3582440877969864,0.010875314474105835,0.0,0.2748029265662126,0.0,0.0,-3.824658496338159,110
2025-07-16 00:00:00,SAC Basic,0.35819127418802404,0.016698390245437622,0.0,0.27304247293413514,0.0,0.0,-3.819519617365026,110
2025-07-16 01:00:00,SAC Basic,0.3581433385063966,0.008063912391662598,0.0,0.27144461687988725,0.0,0.0,-3.8145814736660326,110
2025-07-16 02:00:00,SAC Basic,0.35962980553714274,0.009433627128601074,0.0,0.32099351790475766,0.0,0.0,-3.9631829234042146,110
2025-07-16 03:00:00,SAC Basic,0.3603331804588542,0.014951825141906738,0.0,0.3444393486284725,0.0,0.0,-4.033672264368391,110
2025-07-16 04:00:00,SAC Basic,0.36303236772469627,0.012168437242507935,0.0,0.4344122574898762,0.0,0.0,-4.30350797509347,110
2025-07-16 05:00:00,SAC Basic,0.3642983526068802,0.0074072182178497314,0.0,0.4766117535626734,0.0,0.0,-4.430031017242623,110
2025-07-16 06:00:00,SAC Basic,0.3627164004481323,0.00879436731338501,0.0,0.42388001493774397,0.0,0.0,-4.271829803650453,110
2025-07-16 07:00:00,SAC Basic,0.3611916493336398,0.009129643440246582,0.0,0.37305497778799296,0.0,0.0,-4.119350878994052,110
2025-07-16 08:00:00,SAC Basic,0.36534015941596376,0.008891671895980835,0.0,0.5113386471987923,0.0,0.0,-4.534196154749737,110
2025-07-16 09:00:00,SAC Basic,0.36339834887149647,0.00856846570968628,0.0,0.4466116290498818,0.0,0.0,-4.340009488525702,110
2025-07-16 10:00:00,SAC Basic,0.36172996998181384,0.004985332489013672,0.0,0.39099899939379557,0.0,0.0,-4.17313253616337,110
2025-07-16 11:00:00,SAC Basic,0.3596600305595735,0.0070191919803619385,0.0,0.3220010186524519,0.0,0.0,-3.966163778391872,110
2025-07-16 12:00:00,SAC Basic,0.3591299739779299,0.0023154914379119873,0.0,0.3043324659309974,0.0,0.0,-3.9130907446271714,110
2025-07-16 13:00:00,SAC Basic,0.3587574210851132,0.0031481683254241943,0.0,0.29191403617044076,0.0,0.0,-3.8758133986467045,110
2025-07-16 14:00:00,SAC Basic,0.3571904415434068,0.007587522268295288,0.0,0.23968138478022638,0.0,0.0,-3.719240298325473,110
2025-07-16 15:00:00,SAC Basic,0.35629323197425594,0.004111528396606445,0.0,0.20977439914186535,0.0,0.0,-3.6294401879322424,110
2025-07-16 16:00:00,SAC Basic,0.35502552519709935,0.00820547342300415,0.0,0.167517506569979,0.0,0.0,-3.502757568628658,110
2025-07-16 17:00:00,SAC Basic,0.35445147396580345,0.012167096138000488,0.0,0.148382465526781,0.0,0.0,-3.445430354730255,110
2025-07-16 18:00:00,SAC Basic,0.3543490064276692,0.016226619482040405,0.0,0.144966880922307,0.0,0.0,-3.435265770390001,110
2025-07-16 19:00:00,SAC Basic,0.35585377816725705,0.02305746078491211,0.0,0.19512593890856778,0.0,0.0,-3.585907274354431,110
2025-07-16 20:00:00,SAC Basic,0.35760410884114147,0.021069496870040894,0.0,0.2534702947047151,0.0,0.0,-3.760852153690695,110
2025-07-16 21:00:00,SAC Basic,0.35702290726398267,0.010736435651779175,0.0,0.23409690879942105,0.0,0.0,-3.7026087857234846,110
2025-07-16 22:00:00,SAC Basic,0.35647764597226533,0.01184314489364624,0.0,0.2159215324088436,0.0,0.0,-3.648012527216824,110
2025-07-16 23:00:00,SAC Basic,0.3560213669445158,0.0063285231590271,0.0,0.2007122314838611,0.0,0.0,-3.6023184111321065,110
2025-07-17 00:00:00,SAC Basic,0.3556082267295755,0.005498826503753662,0.0,0.18694089098584926,0.0,0.0,-3.5609409464541755,110
2025-07-17 01:00:00,SAC Basic,0.35521647103721826,0.0073556602001190186,0.0,0.17388236790727518,0.0,0.0,-3.5218127852627914,110
2025-07-17 02:00:00,SAC Basic,0.3548629749397182,0.00705033540725708,0.0,0.16209916465727334,0.0,0.0,-3.4864415539278926,110
2025-07-17 03:00:00,SAC Basic,0.35456731811938375,0.006046891212463379,0.0,0.15224393731279096,0.0,0.0,-3.456862784204571,110
2025-07-17 04:00:00,SAC Basic,0.35576739937726576,0.011771023273468018,0.0,0.19224664590885823,0.0,0.0,-3.577032599512655,110
2025-07-17 05:00:00,SAC Basic,0.35626875920603207,0.010366588830947876,0.0,0.20895864020106814,0.0,0.0,-3.6270972967242505,110
2025-07-17 06:00:00,SAC Basic,0.356025532576229,0.012883096933364868,0.0,0.20085108587429945,0.0,0.0,-3.6028360846425898,110
2025-07-17 07:00:00,SAC Basic,0.3551725383880011,0.010019689798355103,0.0,0.17241794626670384,0.0,0.0,-3.5174828666674274,110
2025-07-17 08:00:00,SAC Basic,0.3589176042279844,0.014273226261138916,0.0,0.2972534742661466,0.0,0.0,-3.892088422688291,110
2025-07-17 09:00:00,SAC Basic,0.3597616044922988,0.01458689570426941,0.0,0.32538681640996003,0.0,0.0,-3.9764553238383984,110
2025-07-17 10:00:00,SAC Basic,0.35881082509603984,0.01246035099029541,0.0,0.2936941698679945,0.0,0.0,-3.881352982070929,110
2025-07-17 11:00:00,SAC Basic,0.35737324845868546,0.010001957416534424,0.0,0.24577494862284938,0.0,0.0,-3.7375494689526136,110
2025-07-17 12:00:00,SAC Basic,0.3560681912374336,0.014755874872207642,0.0,0.20227304124778556,0.0,0.0,-3.6071617804153613,110
2025-07-17 13:00:00,SAC Basic,0.354718609414563,0.007412433624267578,0.0,0.15728698048543494,0.0,0.0,-3.4720826245412657,110
2025-07-17 14:00:00,SAC Basic,0.35383131951087604,0.008023679256439209,0.0,0.12771065036253476,0.0,0.0,-3.3832985371290536,110
2025-07-17 15:00:00,SAC Basic,0.3528668206219127,0.010211020708084106,0.0,0.09556068739709077,0.0,0.0,-3.286908156019949,110
2025-07-17 16:00:00,SAC Basic,0.3519733610288128,0.010240823030471802,0.0,0.06577870096042773,0.0,0.0,-3.1975412173651154,110
2025-07-17 17:00:00,SAC Basic,0.351437700461372,0.014725178480148315,0.0,0.04792334871240059,0.0,0.0,-3.1441093932613007,110
2025-07-17 18:00:00,SAC Basic,0.3510696993759492,0.010256320238113403,0.0,0.03565664586497235,0.0,0.0,-3.1072197525820995,110
2025-07-17 19:00:00,SAC Basic,0.35076520136981176,0.010657310485839844,0.0,0.025506712327059235,0.0,0.0,-3.0767372930933696,110
2025-07-17 20:00:00,SAC Basic,0.3510567553829161,0.007691383361816406,0.0,0.035225179430536005,0.0,0.0,-3.1058590252300844,110
2025-07-17 21:00:00,SAC Basic,0.3510469110735959,0.008443742990493774,0.0,0.03489703578653121,0.0,0.0,-3.1048675058156885,110
2025-07-17 22:00:00,SAC Basic,0.3507485077870524,0.01192927360534668,0.0,0.024950259568413458,0.0,0.0,-3.0751242194834956,110
2025-07-17 23:00:00,SAC Basic,0.3505225870658728,0.009143352508544922,0.0,0.017419568862426616,0.0,0.0,-3.0524694328484183,110
2025-07-18 00:00:00,SAC Basic,0.35034330331842056,0.00865831971168518,0.0,0.011443443947352706,0.0,0.0,-3.034508348564258,110
2025-07-18 01:00:00,SAC Basic,0.3501785048834081,0.007510632276535034,0.0,0.005950162780270319,0.0,0.0,-3.018012177860694,110
2025-07-18 02:00:00,SAC Basic,0.3500077153999444,0.008520334959030151,0.0,0.0002571799981467393,0.0,0.0,-3.0009520437204458,110
2025-07-18 03:00:00,SAC Basic,0.3498346534425851,0.0075814127922058105,0.0,0.0,0.0,0.0,-2.983626361736019,110
2025-07-18 04:00:00,SAC Basic,0.349664294059161,0.008392184972763062,0.0,0.0,0.0,0.0,-2.9666053573373596,110
2025-07-18 05:00:00,SAC Basic,0.3494916200286981,0.007697790861129761,0.0,0.0,0.0,0.0,-2.9493229026281487,110
2025-07-18 06:00:00,SAC Basic,0.34927087779828275,0.010277330875396729,0.0,0.0,0.0,0.0,-2.927319121845925,110
2025-07-18 07:00:00,SAC Basic,0.3489748486414389,0.013191252946853638,0.0,0.0,0.0,0.0,-2.897777828423542,110
2025-07-18 08:00:00,SAC Basic,0.3483476789870696,0.007349103689193726,0.0,0.0,0.0,0.0,-2.8349733022733186,110
2025-07-18 09:00:00,SAC Basic,0.3473779796122349,0.0065901875495910645,0.0,0.0,0.0,0.0,-2.737937354135875,110
2025-07-18 10:00:00,SAC Basic,0.3462400708602703,0.0071273744106292725,0.0,0.0,0.0,0.0,-2.6241550053838534,110
2025-07-18 11:00:00,SAC Basic,0.3454117992368178,0.006518512964248657,0.0,0.0,0.0,0.0,-2.5413163825555287,110
2025-07-18 12:00:00,SAC Basic,0.34449820437101886,0.008421540260314941,0.0,0.0,0.0,0.0,-2.450007898180052,110
2025-07-18 13:00:00,SAC Basic,0.34319218160935605,0.007693171501159668,0.0,0.0,0.0,0.0,-2.3193793080532195,110
2025-07-18 14:00:00,SAC Basic,0.3421373371965524,0.006546676158905029,0.0,0.0,0.0,0.0,-2.213876118131843,110
2025-07-18 15:00:00,SAC Basic,0.34125281464883056,0.006643235683441162,0.0,0.0,0.0,0.0,-2.12541529519197,110
2025-07-18 16:00:00,SAC Basic,0.3403108480905331,0.006410032510757446,0.0,0.0,0.0,0.0,-2.0312153417352494,110
2025-07-18 17:00:00,SAC Basic,0.33969509371904894,0.010773688554763794,0.0,0.0,0.0,0.0,-1.9697684822364283,110
2025-07-18 18:00:00,SAC Basic,0.33933019136099385,0.009529292583465576,0.0,0.0,0.0,0.0,-1.9332221659107665,110
2025-07-18 19:00:00,SAC Basic,0.33901626243261856,0.007821321487426758,0.0,0.0,0.0,0.0,-1.9017997494025647,110
2025-07-18 20:00:00,SAC Basic,0.3388355437619325,0.005284398794174194,0.0,0.0,0.0,0.0,-1.883685433396063,110
2025-07-18 21:00:00,SAC Basic,0.3399996849694686,0.008742362260818481,0.0,0.0,0.0,0.0,-2.0001779238267408,110
2025-07-18 22:00:00,SAC Basic,0.33979628199565776,0.006979107856750488,0.0,0.0,0.0,0.0,-1.9797854142669506,110
2025-07-18 23:00:00,SAC Basic,0.33959437807866305,0.0074288249015808105,0.0,0.0,0.0,0.0,-1.9595908815347842,110
2025-07-19 00:00:00,SAC Basic,0.33972777395157383,0.00801876187324524,0.0,0.0,0.0,0.0,-1.972943669764564,110
2025-07-19 01:00:00,SAC Basic,0.3398625303005016,0.008426904678344727,0.0,0.0,0.0,0.0,-1.9864256495717794,110
2025-07-19 02:00:00,SAC Basic,0.3396302804000017,0.0068250298500061035,0.0,0.0,0.0,0.0,-1.9631805593454534,110
2025-07-19 03:00:00,SAC Basic,0.33936877776452273,0.006549209356307983,0.0,0.0,0.0,0.0,-1.9370115188443358,110
2025-07-19 04:00:00,SAC Basic,0.3391079720066823,0.006758272647857666,0.0,0.0,0.0,0.0,-1.910934456754102,110
2025-07-19 05:00:00,SAC Basic,0.3388478859749275,0.0069741904735565186,0.0,0.0,0.0,0.0,-1.8849302404804762,110
2025-07-19 06:00:00,SAC Basic,0.3385628903999763,0.008001327514648438,0.0,0.0,0.0,0.0,-1.8564593379183312,110
2025-07-19 07:00:00,SAC Basic,0.3381729766741233,0.010525882244110107,0.0,0.0,0.0,0.0,-1.8175334306045088,110
2025-07-19 08:00:00,SAC Basic,0.3374637455287414,0.008230656385421753,0.0,0.0,0.0,0.0,-1.7465621182604367,110
2025-07-19 09:00:00,SAC Basic,0.33666896254368994,0.008065104484558105,0.0,0.0,0.0,0.0,-1.6670592119776932,110
2025-07-19 10:00:00,SAC Basic,0.3356128828246233,0.006176084280014038,0.0,0.0,0.0,0.0,-1.5614306943499767,110
2025-07-19 11:00:00,SAC Basic,0.33424393490859244,0.005815625190734863,0.0,0.0,0.0,0.0,-1.4245134079539512,110
2025-07-19 12:00:00,SAC Basic,0.3340988975539642,0.006988793611526489,0.0,0.0,0.0,0.0,-1.4100412629528591,110
2025-07-19 13:00:00,SAC Basic,0.33270977767058585,0.008264034986495972,0.0,0.0,0.0,0.0,-1.2711558001720638,110
2025-07-19 14:00:00,SAC Basic,0.33145997752098616,0.00755995512008667,0.0,0.0,0.0,0.0,-1.146155991999681,110
2025-07-19 15:00:00,SAC Basic,0.33042556634255627,0.00417664647102356,0.0,0.0,0.0,0.0,-1.042674000271537,110
2025-07-19 16:00:00,SAC Basic,0.33053804617790755,0.005743950605392456,0.0,0.0,0.0,0.0,-1.053935169844206,110
2025-07-19 17:00:00,SAC Basic,0.3302753004017311,0.008176267147064209,0.0,0.0,0.0,0.0,-1.027717888681466,110
2025-07-19 18:00:00,SAC Basic,0.33054194985855,0.007494837045669556,0.0,0.0,0.0,0.0,-1.0543516968969278,110
2025-07-19 19:00:00,SAC Basic,0.33012993473041435,0.0038954615592956543,0.0,0.0,0.0,0.0,-1.0131073760274845,110
2025-07-19 20:00:00,SAC Basic,0.3342840186475553,0.005725175142288208,0.0,0.0,0.0,0.0,-1.4285346653942055,110
2025-07-19 21:00:00,SAC Basic,0.3418213488617378,0.003699064254760742,0.0,0.0,0.0,0.0,-2.1822291285677515,110
2025-07-19 22:00:00,SAC Basic,0.34299160898276543,0.010578036308288574,0.0,0.0,0.0,0.0,-2.299441248723243,110
2025-07-19 23:00:00,SAC Basic,0.3426845519732274,0.009882897138595581,0.0,0.0,0.0,0.0,-2.2686598066572072,110
2025-07-20 00:00:00,SAC Basic,0.34241006271032864,0.011153221130371094,0.0,0.0,0.0,0.0,-2.241242038695389,110
2025-07-20 01:00:00,SAC Basic,0.34215915231693167,0.009726881980895996,0.0,0.0,0.0,0.0,-2.2161240327242786,110
2025-07-20 02:00:00,SAC Basic,0.3419012324173091,0.007624030113220215,0.0,0.0,0.0,0.0,-2.1902967508518483,110
2025-07-20 03:00:00,SAC Basic,0.34166977575529,0.007063001394271851,0.0,0.0,0.0,0.0,-2.167124445844075,110
2025-07-20 04:00:00,SAC Basic,0.3414669300849078,0.007146298885345459,0.0,0.0,0.0,0.0,-2.1468367674433972,110
2025-07-20 05:00:00,SAC Basic,0.3412366699861326,0.007421970367431641,0.0,0.0,0.0,0.0,-2.12381819473543,110
2025-07-20 06:00:00,SAC Basic,0.3409517628247378,0.008027851581573486,0.0,0.0,0.0,0.0,-2.0953428983175546,110
2025-07-20 07:00:00,SAC Basic,0.3405070569982964,0.011088252067565918,0.0,0.0,0.0,0.0,-2.0509580688758526,110
2025-07-20 08:00:00,SAC Basic,0.33985921718109036,0.009648054838180542,0.0,0.0,0.0,0.0,-1.9861290811780925,110
2025-07-20 09:00:00,SAC Basic,0.3389475980964142,0.007014274597167969,0.0,0.0,0.0,0.0,-1.8949264329357756,110
2025-07-20 10:00:00,SAC Basic,0.33777236465045196,0.00442996621131897,0.0,0.0,0.0,0.0,-1.7773509074532803,110
2025-07-20 11:00:00,SAC Basic,0.3373147421080707,0.004713237285614014,0.0,0.0,0.0,0.0,-1.7315713082635265,110
2025-07-20 12:00:00,SAC Basic,0.33690982153006777,0.0035238265991210938,0.0,0.0,0.0,0.0,-1.6910645236456232,110
2025-07-20 13:00:00,SAC Basic,0.33653623289573575,0.004423409700393677,0.0,0.0,0.0,0.0,-1.6537207535985954,110
2025-07-20 14:00:00,SAC Basic,0.3352207156108656,0.0048448145389556885,0.0,0.0,0.0,0.0,-1.5221726714257222,110
2025-07-20 15:00:00,SAC Basic,0.33401437075841806,0.0035965442657470703,0.0,0.0,0.0,0.0,-1.401521489429852,110
2025-07-20 16:00:00,SAC Basic,0.3331542456506529,0.005462467670440674,0.0,0.0,0.0,0.0,-1.315552473652743,110
2025-07-20 17:00:00,SAC Basic,0.3324409847345788,0.007021725177764893,0.0,0.0,0.0,0.0,-1.2442545005365062,110
2025-07-20 18:00:00,SAC Basic,0.33203950075376415,0.007054805755615234,0.0,0.0,0.0,0.0,-1.204091502297305,110
2025-07-20 19:00:00,SAC Basic,0.33172639287937067,0.00806763768196106,0.0,0.0,0.0,0.0,-1.172810769009969,110
2025-07-20 20:00:00,SAC Basic,0.3314646448714374,0.006475597620010376,0.0,0.0,0.0,0.0,-1.146609919496759,110
2025-07-20 21:00:00,SAC Basic,0.33117384827443347,0.00626102089881897,0.0,0.0,0.0,0.0,-1.1175121936285346,110
2025-07-20 22:00:00,SAC Basic,0.3308823120831289,0.006039142608642578,0.0,0.0,0.0,0.0,-1.0883542099479644,110
2025-07-20 23:00:00,SAC Basic,0.33055919062841316,0.005063563585281372,0.0,0.0,0.0,0.0,-1.0560300899032544,110
2025-07-21 00:00:00,SAC Basic,0.33023370982317507,0.004355758428573608,0.0,0.0,0.0,0.0,-1.023465175537645,110
2025-07-21 01:00:00,SAC Basic,0.32993964987186963,0.005282014608383179,0.0,0.0,0.0,0.0,-0.9940798900409284,110
2025-07-21 02:00:00,SAC Basic,0.3295524012357829,0.002825409173965454,0.0,0.0,0.0,0.0,-0.9553211978161117,110
2025-07-21 03:00:00,SAC Basic,0.3291956004078028,0.003459751605987549,0.0,0.0,0.0,0.0,-0.9196355792367218,110
2025-07-21 04:00:00,SAC Basic,0.33090819233485436,0.007277578115463257,0.0,0.0,0.0,0.0,-1.0910029633128389,110
2025-07-21 05:00:00,SAC Basic,0.3384006804504829,0.007246434688568115,0.0,0.0,0.0,0.0,-1.840213285176328,110
2025-07-21 06:00:00,SAC Basic,0.33916022795745104,0.0043642520904541016,0.0,0.0,0.0,0.0,-1.9161389026128939,110
2025-07-21 07:00:00,SAC Basic,0.34019985896734767,0.005389302968978882,0.0,0.0,0.0,0.0,-2.020103933302931,110
2025-07-21 08:00:00,SAC Basic,0.34084968617586664,0.00544816255569458,0.0,0.0,0.0,0.0,-2.0850781694336447,110
2025-07-21 09:00:00,SAC Basic,0.3403931999880907,0.007554143667221069,0.0,0.0,0.0,0.0,-2.039492141493529,110
2025-07-21 10:00:00,SAC Basic,0.33964447702316813,0.004883110523223877,0.0,0.0,0.0,0.0,-1.9645720748587172,110
2025-07-21 11:00:00,SAC Basic,0.3385012311719693,0.005526244640350342,0.0,0.0,0.0,0.0,-1.8502400734309061,110
2025-07-21 12:00:00,SAC Basic,0.337097766437415,0.0039605796337127686,0.0,0.0,0.0,0.0,-1.7098715119842414,110
2025-07-21 13:00:00,SAC Basic,0.3359788559380012,0.004326850175857544,0.0,0.0,0.0,0.0,-1.5979757935090577,110
2025-07-21 14:00:00,SAC Basic,0.3347149692240196,0.0033339858055114746,0.0,0.0,0.0,0.0,-1.4715735307617739,110
2025-07-21 15:00:00,SAC Basic,0.3334779297008949,0.0028881430625915527,0.0,0.0,0.0,0.0,-1.347855191378171,110
2025-07-21 16:00:00,SAC Basic,0.3324381491373815,0.002565830945968628,0.0,0.0,0.0,0.0,-1.243869453478236,110
2025-07-21 17:00:00,SAC Basic,0.3324188724588193,0.006716996431350708,0.0,0.0,0.0,0.0,-1.2420630974654094,110
2025-07-21 18:00:00,SAC Basic,0.33194980522064743,0.0037798285484313965,0.0,0.0,0.0,0.0,-1.1950854903145403,110
2025-07-21 19:00:00,SAC Basic,0.33159693333216883,0.0046384334564208984,0.0,0.0,0.0,0.0,-1.1597946879350907,110
2025-07-21 20:00:00,SAC Basic,0.3312969293076632,0.0034987926483154297,0.0,0.0,0.0,0.0,-1.1297743030273657,110
2025-07-21 21:00:00,SAC Basic,0.3310556031098801,0.004102140665054321,0.0,0.0,0.0,0.0,-1.105648387281476,110
2025-07-21 22:00:00,SAC Basic,0.3308404927904246,0.0034669041633605957,0.0,0.0,0.0,0.0,-1.0841249694907436,110
2025-07-21 23:00:00,SAC Basic,0.3305996762123543,0.004255026578903198,0.0,0.0,0.0,0.0,-1.060060602991164,110
2025-07-22 00:00:00,SAC Basic,0.3303303003000059,0.004187226295471191,0.0,0.0,0.0,0.0,-1.0331144525293305,110
2025-07-22 01:00:00,SAC Basic,0.33003283046631393,0.004259049892425537,0.0,0.0,0.0,0.0,-1.0033689458652106,110
2025-07-22 02:00:00,SAC Basic,0.32976260866471513,0.003933459520339966,0.0,0.0,0.0,0.0,-0.9763427915656399,110
2025-07-22 03:00:00,SAC Basic,0.32946435900358734,0.004025101661682129,0.0,0.0,0.0,0.0,-0.9465173188133801,110
2025-07-22 04:00:00,SAC Basic,0.329166534522259,0.004152655601501465,0.0,0.0,0.0,0.0,-0.91673778087733,110
2025-07-22 05:00:00,SAC Basic,0.3288673883079328,0.0037561357021331787,0.0,0.0,0.0,0.0,-0.886817918706313,110
2025-07-22 06:00:00,SAC Basic,0.3285417853131729,0.004319101572036743,0.0,0.0,0.0,0.0,-0.8542705430074298,110
2025-07-22 07:00:00,SAC Basic,0.3280443514624076,0.0037698447704315186,0.0,0.0,0.0,0.0,-0.8045160357041864,110
2025-07-22 08:00:00,SAC Basic,0.3275749177685218,0.005669891834259033,0.0,0.0,0.0,0.0,-0.7576241751595051,110
2025-07-22 09:00:00,SAC Basic,0.3265076601917383,0.0028227269649505615,0.0,0.0,0.0,0.0,-0.650850945361824,110
2025-07-22 10:00:00,SAC Basic,0.32515555085329584,0.0023671984672546387,0.0,0.0,0.0,0.0,-0.5156069845839053,110
2025-07-22 11:00:00,SAC Basic,0.3237480667788622,0.002754777669906616,0.0,0.0,0.0,0.0,-0.3748656492316438,110
2025-07-22 12:00:00,SAC Basic,0.322144955421968,0.0035665929317474365,0.0,0.0,0.0,0.0,-0.21457499220805537,110
2025-07-22 13:00:00,SAC Basic,0.32123963952291384,0.004405230283737183,0.0,0.0,0.0,0.0,-0.12406044327057843,110
2025-07-22 14:00:00,SAC Basic,0.3200309005505679,0.0028783082962036133,0.0,0.0,0.0,0.0,-0.0031628904425863528,110
2025-07-22 15:00:00,SAC Basic,0.3192425701466041,0.0035008788108825684,0.0,0.0,0.0,0.0,0.9999237567186356,110
2025-07-22 16:00:00,SAC Basic,0.31834537316787614,0.0028409063816070557,0.0,0.0,0.0,0.0,0.9999365821480751,110
2025-07-22 17:00:00,SAC Basic,0.31773235988208026,0.0030960142612457275,0.0,0.0,0.0,0.0,0.9999355286359787,110
2025-07-22 18:00:00,SAC Basic,0.3173725231908597,0.00254899263381958,0.0,0.0,0.0,0.0,0.9999435499310493,110
2025-07-22 19:00:00,SAC Basic,0.3170407138624626,0.0024572014808654785,0.0,0.0,0.0,0.0,0.9999499380588531,110
2025-07-22 20:00:00,SAC Basic,0.3168213328702089,0.0021857023239135742,0.0,0.0,0.0,0.0,0.9999535709619521,110
2025-07-22 21:00:00,SAC Basic,0.31660059785910816,0.0017794966697692871,0.0,0.0,0.0,0.0,0.9999603480100632,110
2025-07-22 22:00:00,SAC Basic,0.3163810380529202,0.0021320581436157227,0.0,0.0,0.0,0.0,0.9999538332223892,110
2025-07-22 23:00:00,SAC Basic,0.31618916437296446,0.0019378960132598877,0.0,0.0,0.0,0.0,0.9999593004584313,110
2025-07-23 00:00:00,SAC Basic,0.31599756437766924,0.0020200014114379883,0.0,0.0,0.0,0.0,0.9999587789177894,110
2025-07-23 01:00:00,SAC Basic,0.3158334781518417,0.001774132251739502,0.0,0.0,0.0,0.0,0.9999620586633682,110
2025-07-23 02:00:00,SAC Basic,0.3156415041374005,0.0019077956676483154,0.0,0.0,0.0,0.0,0.9999605074524879,110
2025-07-23 03:00:00,SAC Basic,0.3157814543031491,0.0014850497245788574,0.0,0.0,0.0,0.0,0.9999660715460776,110
2025-07-23 04:00:00,SAC Basic,0.31553412095058336,0.0022999942302703857,0.0,0.0,0.0,0.0,0.9999458506703377,110
2025-07-23 05:00:00,SAC Basic,0.31528605843452984,0.002081245183944702,0.0,0.0,0.0,0.0,0.9999561876058579,110
2025-07-23 06:00:00,SAC Basic,0.31503801429657513,0.0020867586135864258,0.0,0.0,0.0,0.0,0.9999582096934319,110
2025-07-23 07:00:00,SAC Basic,0.31462457064378635,0.0034669041633605957,0.0,0.0,0.0,0.0,0.999916860461235,110
2025-07-23 08:00:00,SAC Basic,0.31389914640653505,0.0033727288246154785,0.0,0.0,0.0,0.0,0.9999316036701202,110
2025-07-23 09:00:00,SAC Basic,0.312908648222172,0.008850544691085815,0.0,0.0,0.0,0.0,0.9997682109475136,110
2025-07-23 10:00:00,SAC Basic,0.311582660122597,0.010203570127487183,0.0,0.0,0.0,0.0,0.9997823983430862,110
2025-07-23 11:00:00,SAC Basic,0.3100330749955612,0.011124461889266968,0.0,0.0,0.0,0.0,0.9997683018445969,110
2025-07-23 12:00:00,SAC Basic,0.3083586106187937,0.00766068696975708,0.0,0.0,0.0,0.0,0.9998121485114098,110
2025-07-23 13:00:00,SAC Basic,0.3067834861261485,0.011962652206420898,0.0,0.0,0.0,0.0,0.9997177273035049,110
2025-07-23 14:00:00,SAC Basic,0.3053225597308911,0.012222081422805786,0.0,0.0,0.0,0.0,0.99975296407938,110
2025-07-23 15:00:00,SAC Basic,0.30405797736394774,0.011625289916992188,0.0,0.0,0.0,0.0,0.999761526286602,110
2025-07-23 16:00:00,SAC Basic,0.3030989755327341,0.009799450635910034,0.0,0.0,0.0,0.0,0.999785752594471,110
2025-07-23 17:00:00,SAC Basic,0.30243893514144793,0.005987882614135742,0.0,0.0,0.0,0.0,0.9998421266674996,110
2025-07-23 18:00:00,SAC Basic,0.30208613676536455,0.004660487174987793,0.0,0.0,0.0,0.0,0.9998935163021088,110
2025-07-23 19:00:00,SAC Basic,0.3017892932771481,0.004446953535079956,0.0,0.0,0.0,0.0,0.9999089255928993,110
2025-07-23 20:00:00,SAC Basic,0.3015504009356933,0.0048322975635528564,0.0,0.0,0.0,0.0,0.9998995006084442,110
2025-07-23 21:00:00,SAC Basic,0.3013392329667844,0.004649609327316284,0.0,0.0,0.0,0.0,0.9999051809310913,110
2025-07-23 22:00:00,SAC Basic,0.3011261099655268,0.00406309962272644,0.0,0.0,0.0,0.0,0.9999128729104996,110
2025-07-23 23:00:00,SAC Basic,0.3009100961389976,0.003195852041244507,0.0,0.0,0.0,0.0,0.9999274104833603,110
2025-07-24 00:00:00,SAC Basic,0.3007235531011062,0.003537088632583618,0.0,0.0,0.0,0.0,0.999925845861435,110
2025-07-24 01:00:00,SAC Basic,0.3005100282652018,0.003942549228668213,0.0,0.0,0.0,0.0,0.9999170944094657,110
2025-07-24 02:00:00,SAC Basic,0.300267361956322,0.0037001073360443115,0.0,0.0,0.0,0.0,0.9999235734343528,110
2025-07-24 03:00:00,SAC Basic,0.2999965118224261,0.003744959831237793,0.0,0.0,0.0,0.0,0.9999246522784233,110
2025-07-24 04:00:00,SAC Basic,0.29972581169355295,0.003789961338043213,0.0,0.0,0.0,0.0,0.9999237507581711,110
2025-07-24 05:00:00,SAC Basic,0.29948464046784623,0.004148632287979126,0.0,0.0,0.0,0.0,0.999913440644741,110
2025-07-24 06:00:00,SAC Basic,0.29921340240705396,0.0036285817623138428,0.0,0.0,0.0,0.0,0.999922227859497,110
2025-07-24 07:00:00,SAC Basic,0.29883541831958677,0.005604773759841919,0.0,0.0,0.0,0.0,0.9998681426048278,110
2025-07-24 08:00:00,SAC Basic,0.29817808795281636,0.00680088996887207,0.0,0.0,0.0,0.0,0.9998520210385322,110
2025-07-24 09:00:00,SAC Basic,0.2972318723113178,0.013635307550430298,0.0,0.0,0.0,0.0,0.9996589496731758,110
2025-07-24 10:00:00,SAC Basic,0.29603077014991036,0.02216935157775879,0.0,0.0,0.0,0.0,0.9994712725281715,110
2025-07-24 11:00:00,SAC Basic,0.2945419244081615,0.020846277475357056,0.0,0.0,0.0,0.0,0.9995698437094689,110
2025-07-24 12:00:00,SAC Basic,0.29299574320304783,0.012145638465881348,0.0,0.0,0.0,0.0,0.9996700808405876,110
2025-07-24 13:00:00,SAC Basic,0.2915397555493155,0.013703703880310059,0.0,0.0,0.0,0.0,0.9997103452682495,110
2025-07-24 14:00:00,SAC Basic,0.2900518900727072,0.01264035701751709,0.0,0.0,0.0,0.0,0.9997365593910217,110
2025-07-24 15:00:00,SAC Basic,0.28877076218434555,0.015161633491516113,0.0,0.0,0.0,0.0,0.9996715545654297,110
2025-07-24 16:00:00,SAC Basic,0.2878184142183104,0.011795610189437866,0.0,0.0,0.0,0.0,0.9997304275631905,110
2025-07-24 17:00:00,SAC Basic,0.28717700872250784,0.011578351259231567,0.0,0.0,0.0,0.0,0.9997662603855133,110
2025-07-24 18:00:00,SAC Basic,0.286839423935298,0.009224563837051392,0.0,0.0,0.0,0.0,0.9997919708490371,110
2025-07-24 19:00:00,SAC Basic,0.28657767394054323,0.006475001573562622,0.0,0.0,0.0,0.0,0.9998430043458938,110
2025-07-24 20:00:00,SAC Basic,0.2862946279341816,0.008586198091506958,0.0,0.0,0.0,0.0,0.9998071640729904,110
2025-07-24 21:00:00,SAC Basic,0.2860123846037029,0.008827000856399536,0.0,0.0,0.0,0.0,0.9998210519552231,110
2025-07-24 22:00:00,SAC Basic,0.285756869751497,0.008345544338226318,0.0,0.0,0.0,0.0,0.9998282745480537,110
2025-07-24 23:00:00,SAC Basic,0.2855334915056665,0.009486526250839233,0.0,0.0,0.0,0.0,0.999798859655857,110
2025-07-25 00:00:00,SAC Basic,0.28527815447398414,0.008398890495300293,0.0,0.0,0.0,0.0,0.9998211458325387,110
2025-07-25 01:00:00,SAC Basic,0.2850495394634047,0.007915496826171875,0.0,0.0,0.0,0.0,0.9998368561267853,110
2025-07-25 02:00:00,SAC Basic,0.28482032095579696,0.007734447717666626,0.0,0.0,0.0,0.0,0.9998435005545616,110
2025-07-25 03:00:00,SAC Basic,0.28458492393005286,0.005880892276763916,0.0,0.0,0.0,0.0,0.9998638466000557,110
2025-07-25 04:00:00,SAC Basic,0.28435451531637107,0.007377415895462036,0.0,0.0,0.0,0.0,0.9998374864459039,110
2025-07-25 05:00:00,SAC Basic,0.28412492626655494,0.0076232850551605225,0.0,0.0,0.0,0.0,0.9998450756072998,110
2025-07-25 06:00:00,SAC Basic,0.2838940482662956,0.007236599922180176,0.0,0.0,0.0,0.0,0.9998514011502266,110
2025-07-25 07:00:00,SAC Basic,0.28352690725712376,0.008857697248458862,0.0,0.0,0.0,0.0,0.999806635081768,110
2025-07-25 08:00:00,SAC Basic,0.2828294296509862,0.011756718158721924,0.0,0.0,0.0,0.0,0.9997358754277229,110
2025-07-25 09:00:00,SAC Basic,0.28174720481702087,0.015332549810409546,0.0,0.0,0.0,0.0,0.9996575906872749,110
2025-07-25 10:00:00,SAC Basic,0.2804175746082107,0.017610937356948853,0.0,0.0,0.0,0.0,0.9996249973773956,110
2025-07-25 11:00:00,SAC Basic,0.27882275448867083,0.014553964138031006,0.0,0.0,0.0,0.0,0.9996783509850502,110
2025-07-25 12:00:00,SAC Basic,0.27728825529722767,0.015650242567062378,0.0,0.0,0.0,0.0,0.9996760323643684,110
2025-07-25 13:00:00,SAC Basic,0.27566579077470704,0.014760643243789673,0.0,0.0,0.0,0.0,0.9996958911418915,110
2025-07-25 14:00:00,SAC Basic,0.2741425280522148,0.019021183252334595,0.0,0.0,0.0,0.0,0.9995769709348679,110
2025-07-25 15:00:00,SAC Basic,0.27294115988799333,0.030589550733566284,0.0,0.0,0.0,0.0,0.9992725253105164,110
2025-07-25 16:00:00,SAC Basic,0.2720179901169578,0.029049068689346313,0.0,0.0,0.0,0.0,0.9994036138057709,110
2025-07-25 17:00:00,SAC Basic,0.27144475942043866,0.03203079104423523,0.0,0.0,0.0,0.0,0.9993295669555664,110
2025-07-25 18:00:00,SAC Basic,0.2711733655912519,0.02908185124397278,0.0,0.0,0.0,0.0,0.9993888735771179,110
2025-07-25 19:00:00,SAC Basic,0.27099267218419315,0.039291977882385254,0.0,0.0,0.0,0.0,0.9991120591759682,110
2025-07-25 20:00:00,SAC Basic,0.27084234214532776,0.03990098834037781,0.0,0.0,0.0,0.0,0.9991958901286124,110
2025-07-25 21:00:00,SAC Basic,0.2706837672939738,0.037427544593811035,0.0,0.0,0.0,0.0,0.9992267146706582,110
2025-07-25 22:00:00,SAC Basic,0.2705728714568258,0.04323124885559082,0.0,0.0,0.0,0.0,0.9990773379802704,110
2025-07-25 23:00:00,SAC Basic,0.27044204432317026,0.03725185990333557,0.0,0.0,0.0,0.0,0.9991951689124107,110
2025-07-26 00:00:00,SAC Basic,0.2703115271336676,0.03734484314918518,0.0,0.0,0.0,0.0,0.9992521733045578,110
2025-07-26 01:00:00,SAC Basic,0.27012061653125696,0.019226819276809692,0.0,0.0,0.0,0.0,0.9994342833757401,110
2025-07-26 02:00:00,SAC Basic,0.26994427754311173,0.01509830355644226,0.0,0.0,0.0,0.0,0.9996567487716674,110
2025-07-26 03:00:00,SAC Basic,0.26977264655975913,0.02501070499420166,0.0,0.0,0.0,0.0,0.9994006618857384,110
2025-07-26 04:00:00,SAC Basic,0.2696301118491929,0.02523958683013916,0.0,0.0,0.0,0.0,0.9994929194450378,110
2025-07-26 05:00:00,SAC Basic,0.2694584028830967,0.02498731017112732,0.0,0.0,0.0,0.0,0.9994977310299874,110
2025-07-26 06:00:00,SAC Basic,0.26928307591506256,0.023901909589767456,0.0,0.0,0.0,0.0,0.999511107802391,110
2025-07-26 07:00:00,SAC Basic,0.2689582479777775,0.030051618814468384,0.0,0.0,0.0,0.0,0.9993374705314636,110
2025-07-26 08:00:00,SAC Basic,0.26830951826163546,0.03488108515739441,0.0,0.0,0.0,0.0,0.9992540836334228,110
2025-07-26 09:00:00,SAC Basic,0.2673197608620764,0.0345727801322937,0.0,0.0,0.0,0.0,0.9993054613471032,110
2025-07-26 10:00:00,SAC Basic,0.266057632416769,0.03786146640777588,0.0,0.0,0.0,0.0,0.9992098838090897,110
2025-07-26 11:00:00,SAC Basic,0.2646712013966681,0.03457069396972656,0.0,0.0,0.0,0.0,0.999275678396225,110
2025-07-26 12:00:00,SAC Basic,0.2632215367681624,0.032600611448287964,0.0,0.0,0.0,0.0,0.9993282869458199,110
2025-07-26 13:00:00,SAC Basic,0.26177691419589927,0.03411322832107544,0.0,0.0,0.0,0.0,0.9993026092648506,110
2025-07-26 14:00:00,SAC Basic,0.26067462511130585,0.0518132746219635,0.0,0.0,0.0,0.0,0.9987867340445519,110
2025-07-26 15:00:00,SAC Basic,0.26038364313511464,0.05270540714263916,0.0,0.0,0.0,0.0,0.9989369705319404,110
2025-07-26 16:00:00,SAC Basic,0.26065733439433986,0.06260737776756287,0.0,0.0,0.0,0.0,0.9986488327383994,110
2025-07-26 17:00:00,SAC Basic,0.2602401377303244,0.07884100079536438,0.0,0.0,0.0,0.0,0.9982608437538146,110
2025-07-26 18:00:00,SAC Basic,0.26014031285671807,0.09755253791809082,0.0,0.0,0.0,0.0,0.9978618338704109,110
2025-07-26 19:00:00,SAC Basic,0.26023275250184946,0.1297318935394287,0.0,0.0,0.0,0.0,0.997083568572998,110
2025-07-26 20:00:00,SAC Basic,0.2602859007993183,0.10094448924064636,0.0,0.0,0.0,0.0,0.9976932361721993,110
2025-07-26 21:00:00,SAC Basic,0.26036993446815426,0.11871010065078735,0.0,0.0,0.0,0.0,0.9974481418728829,110
2025-07-26 22:00:00,SAC Basic,0.2603882046110274,0.09048104286193848,0.0,0.0,0.0,0.0,0.9979080885648727,110
2025-07-26 23:00:00,SAC Basic,0.26039235563823,0.09474530816078186,0.0,0.0,0.0,0.0,0.9980624511837959,110
2025-07-27 00:00:00,SAC Basic,0.2603778420017999,0.07214590907096863,0.0,0.0,0.0,0.0,0.9983310878276824,110
2025-07-27 01:00:00,SAC Basic,0.26036544826972896,0.08978188037872314,0.0,0.0,0.0,0.0,0.998028002679348,110
2025-07-27 02:00:00,SAC Basic,0.26036424507844863,0.0846390426158905,0.0,0.0,0.0,0.0,0.9982557907700539,110
2025-07-27 03:00:00,SAC Basic,0.26038552972623125,0.09138539433479309,0.0,0.0,0.0,0.0,0.9981048285961152,110
2025-07-27 04:00:00,SAC Basic,0.26038510834920825,0.08487358689308167,0.0,0.0,0.0,0.0,0.9982374101877213,110
2025-07-27 05:00:00,SAC Basic,0.2603264977064572,0.05891680717468262,0.0,0.0,0.0,0.0,0.9985620960593224,110
2025-07-27 06:00:00,SAC Basic,0.2602015520611249,0.03901630640029907,0.0,0.0,0.0,0.0,0.9990206688642502,110
2025-07-27 07:00:00,SAC Basic,0.2599632499685727,0.04750937223434448,0.0,0.0,0.0,0.0,0.9989648818969726,110
2025-07-27 08:00:00,SAC Basic,0.2594984559812985,0.08156180381774902,0.0,0.0,0.0,0.0,0.998028239607811,110
2025-07-27 09:00:00,SAC Basic,0.25868418088186207,0.07871747016906738,0.0,0.0,0.0,0.0,0.9983972072601319,110
2025-07-27 10:00:00,SAC Basic,0.25755583632060314,0.06949663162231445,0.0,0.0,0.0,0.0,0.9985178589820862,110
2025-07-27 11:00:00,SAC Basic,0.2561503918813509,0.04586666822433472,0.0,0.0,0.0,0.0,0.9988463670015335,110
2025-07-27 12:00:00,SAC Basic,0.2546797915838999,0.043319910764694214,0.0,0.0,0.0,0.0,0.9991081342101097,110
2025-07-27 13:00:00,SAC Basic,0.2531850546168131,0.0445789098739624,0.0,0.0,0.0,0.0,0.9990958318114281,110
2025-07-27 14:00:00,SAC Basic,0.25194865968056945,0.07108151912689209,0.0,0.0,0.0,0.0,0.9983133435249328,110
2025-07-27 15:00:00,SAC Basic,0.25100615746883975,0.10824933648109436,0.0,0.0,0.0,0.0,0.9974633350968362,110
2025-07-27 16:00:00,SAC Basic,0.25062505942492114,0.18317058682441711,0.0,0.0,0.0,0.0,0.9955873757600785,110
2025-07-27 17:00:00,SAC Basic,0.2504787628911776,0.16011103987693787,0.0,0.0,0.0,0.0,0.9965671837329865,110
2025-07-27 18:00:00,SAC Basic,0.25107653719016343,0.20683228969573975,0.0,0.0,0.0,0.0,0.9953961417078971,110
2025-07-27 19:00:00,SAC Basic,0.25248228861638333,0.24072542786598206,0.0,0.0,0.0,0.0,0.9948465600609779,110
2025-07-27 20:00:00,SAC Basic,0.2528462738775057,0.2026955783367157,0.0,0.0,0.0,0.0,0.9955657899379731,110
2025-07-27 21:00:00,SAC Basic,0.25323628004301013,0.21050184965133667,0.0,0.0,0.0,0.0,0.9957119002938271,110
2025-07-27 22:00:00,SAC Basic,0.25356947877713465,0.18495962023735046,0.0,0.0,0.0,0.0,0.9960453853011131,110
2025-07-27 23:00:00,SAC Basic,0.25376394770054445,0.14334067702293396,0.0,0.0,0.0,0.0,0.9967169970273971,110
2025-07-28 00:00:00,SAC Basic,0.25391697202432584,0.13090729713439941,0.0,0.0,0.0,0.0,0.9972575202584267,110
2025-07-28 01:00:00,SAC Basic,0.2538862551306529,0.058784931898117065,0.0,0.0,0.0,0.0,0.9981030777096749,110
2025-07-28 02:00:00,SAC Basic,0.2548432984231753,0.055112987756729126,0.0,0.0,0.0,0.0,0.9988610208034515,110
2025-07-28 03:00:00,SAC Basic,0.2548245930901014,0.07088840007781982,0.0,0.0,0.0,0.0,0.9984244778752327,110
2025-07-28 04:00:00,SAC Basic,0.255775256202106,0.053198933601379395,0.0,0.0,0.0,0.0,0.998759126663208,110
2025-07-28 05:00:00,SAC Basic,0.2559491896906339,0.020180046558380127,0.0,0.0,0.0,0.0,0.9992662101984023,110
2025-07-28 06:00:00,SAC Basic,0.257449968691552,0.13523370027542114,0.0,0.0,0.0,0.0,0.9961447894573211,110
2025-07-28 07:00:00,SAC Basic,0.25725808272270795,0.06143420934677124,0.0,0.0,0.0,0.0,0.998033320903778,110
2025-07-28 08:00:00,SAC Basic,0.2566656664473656,0.06877511739730835,0.0,0.0,0.0,0.0,0.9985510885715485,110
2025-07-28 09:00:00,SAC Basic,0.25583939442305204,0.07511839270591736,0.0,0.0,0.0,0.0,0.9984341993927955,110
2025-07-28 10:00:00,SAC Basic,0.25479894263971287,0.08736446499824524,0.0,0.0,0.0,0.0,0.9981302499771117,110
2025-07-28 11:00:00,SAC Basic,0.253429100054785,0.05654722452163696,0.0,0.0,0.0,0.0,0.9985608831048012,110
2025-07-28 12:00:00,SAC Basic,0.2520037230260018,0.06538689136505127,0.0,0.0,0.0,0.0,0.9986038655042648,110
2025-07-28 13:00:00,SAC Basic,0.2505528093805754,0.05772590637207031,0.0,0.0,0.0,0.0,0.9987688720226288,110
2025-07-28 14:00:00,SAC Basic,0.2492767865275188,0.06769314408302307,0.0,0.0,0.0,0.0,0.99854646474123,110
2025-07-28 15:00:00,SAC Basic,0.24830373246499335,0.0990837812423706,0.0,0.0,0.0,0.0,0.9977044180035591,110
2025-07-28 16:00:00,SAC Basic,0.2477195194076343,0.1307360827922821,0.0,0.0,0.0,0.0,0.9970687553286552,110
2025-07-28 17:00:00,SAC Basic,0.24748057089635167,0.14931544661521912,0.0,0.0,0.0,0.0,0.9968278974294663,110
2025-07-28 18:00:00,SAC Basic,0.24775466334410942,0.20972773432731628,0.0,0.0,0.0,0.0,0.9952013224363327,110
2025-07-28 19:00:00,SAC Basic,0.24822915905940965,0.25284871459007263,0.0,0.0,0.0,0.0,0.994511815905571,110
2025-07-28 20:00:00,SAC Basic,0.24889833202271097,0.2942518889904022,0.0,0.0,0.0,0.0,0.9937009304761886,110
2025-07-28 21:00:00,SAC Basic,0.24939462966112724,0.24238929152488708,0.0,0.0,0.0,0.0,0.9946335881948472,110
2025-07-28 22:00:00,SAC Basic,0.24986569565999933,0.23481979966163635,0.0,0.0,0.0,0.0,0.9952279090881349,110
2025-07-28 23:00:00,SAC Basic,0.2503624788108312,0.2510349452495575,0.0,0.0,0.0,0.0,0.9948171496391297,110
2025-07-29 00:00:00,SAC Basic,0.25077530262776637,0.2173471450805664,0.0,0.0,0.0,0.0,0.9953161790966988,110
2025-07-29 01:00:00,SAC Basic,0.2511527903277519,0.20674630999565125,0.0,0.0,0.0,0.0,0.9957590654492378,110
2025-07-29 02:00:00,SAC Basic,0.2515036680307828,0.19876331090927124,0.0,0.0,0.0,0.0,0.9959449037909508,110
2025-07-29 03:00:00,SAC Basic,0.2517015192523442,0.15285536646842957,0.0,0.0,0.0,0.0,0.996483813226223,110
2025-07-29 04:00:00,SAC Basic,0.2517609652772389,0.1028338074684143,0.0,0.0,0.0,0.0,0.9974431082606315,110
2025-07-29 05:00:00,SAC Basic,0.2516589776196919,0.03740370273590088,0.0,0.0,0.0,0.0,0.9985976248979569,110
2025-07-29 06:00:00,SAC Basic,0.2515442042691352,0.033567994832992554,0.0,0.0,0.0,0.0,0.999290283024311,110
2025-07-29 07:00:00,SAC Basic,0.2513774272536081,0.06896689534187317,0.0,0.0,0.0,0.0,0.9982666730880738,110
2025-07-29 08:00:00,SAC Basic,0.251148503250166,0.15232279896736145,0.0,0.0,0.0,0.0,0.9961199849843978,110
2025-07-29 09:00:00,SAC Basic,0.2506019387045346,0.1505306363105774,0.0,0.0,0.0,0.0,0.9969714656472206,110
2025-07-29 10:00:00,SAC Basic,0.24975658931482259,0.14589518308639526,0.0,0.0,0.0,0.0,0.9970357418060303,110
2025-07-29 11:00:00,SAC Basic,0.24846214213518722,0.07916584610939026,0.0,0.0,0.0,0.0,0.9977493897080422,110
2025-07-29 12:00:00,SAC Basic,0.24701461277473394,0.06724119186401367,0.0,0.0,0.0,0.0,0.9985359296202659,110
2025-07-29 13:00:00,SAC Basic,0.24564112357604928,0.08095324039459229,0.0,0.0,0.0,0.0,0.9982438147068023,110
2025-07-29 14:00:00,SAC Basic,0.24459684308517401,0.13721585273742676,0.0,0.0,0.0,0.0,0.9966930568218231,110
2025-07-29 15:00:00,SAC Basic,0.24380318310885055,0.1529020071029663,0.0,0.0,0.0,0.0,0.9967850983142853,110
2025-07-29 16:00:00,SAC Basic,0.24354863340763672,0.229635089635849,0.0,0.0,0.0,0.0,0.9946399673819541,110
2025-07-29 17:00:00,SAC Basic,0.24363575783479632,0.23863732814788818,0.0,0.0,0.0,0.0,0.9951372310519219,110
2025-07-29 18:00:00,SAC Basic,0.24421293370950642,0.2921527624130249,0.0,0.0,0.0,0.0,0.9936217904090882,110
2025-07-29 19:00:00,SAC Basic,0.24484195847420315,0.2822074294090271,0.0,0.0,0.0,0.0,0.9942563980817795,110
2025-07-29 20:00:00,SAC Basic,0.24569248701322494,0.34865856170654297,0.0,0.0,0.0,0.0,0.9923623174428939,110
2025-07-29 21:00:00,SAC Basic,0.24648810007163305,0.3236839175224304,0.0,0.0,0.0,0.0,0.9932765752077102,110
2025-07-29 22:00:00,SAC Basic,0.24705668996560992,0.2555769681930542,0.0,0.0,0.0,0.0,0.9942073911428452,110
2025-07-29 23:00:00,SAC Basic,0.2476129126579406,0.2433668076992035,0.0,0.0,0.0,0.0,0.9950105622410774,110
2025-07-30 00:00:00,SAC Basic,0.2479566343608342,0.1796165108680725,0.0,0.0,0.0,0.0,0.9957701668143272,110
2025-07-30 01:00:00,SAC Basic,0.24802340930768277,0.08803248405456543,0.0,0.0,0.0,0.0,0.9973235100507736,110
2025-07-30 02:00:00,SAC Basic,0.24810024303504255,0.09105011820793152,0.0,0.0,0.0,0.0,0.9981488212943077,110
2025-07-30 03:00:00,SAC Basic,0.248141200495446,0.07178723812103271,0.0,0.0,0.0,0.0,0.9983716264367103,110
2025-07-30 04:00:00,SAC Basic,0.24811542409885354,0.05176708102226257,0.0,0.0,0.0,0.0,0.9987644568085671,110
2025-07-30 05:00:00,SAC Basic,0.25005993552037503,0.3683534264564514,0.0,0.0,0.0,0.0,0.9894670680165291,110
2025-07-30 06:00:00,SAC Basic,0.2500914177949074,0.08594468235969543,0.0,0.0,0.0,0.0,0.9954570189118386,110
2025-07-30 07:00:00,SAC Basic,0.25148280450173643,0.2364160120487213,0.0,0.0,0.0,0.0,0.9937669664621352,110
2025-07-30 08:00:00,SAC Basic,0.2512291853347265,0.12791424989700317,0.0,0.0,0.0,0.0,0.9963566973805428,110
2025-07-30 09:00:00,SAC Basic,0.25063566921699476,0.13644516468048096,0.0,0.0,0.0,0.0,0.9971857875585556,110
2025-07-30 10:00:00,SAC Basic,0.2497464259734594,0.1327270269393921,0.0,0.0,0.0,0.0,0.9973082780838012,110
2025-07-30 11:00:00,SAC Basic,0.2485806898258967,0.10927915573120117,0.0,0.0,0.0,0.0,0.997579938173294,110
2025-07-30 12:00:00,SAC Basic,0.2471748576568408,0.07125034928321838,0.0,0.0,0.0,0.0,0.9981947049498557,110
2025-07-30 13:00:00,SAC Basic,0.24581377615837685,0.08467555046081543,0.0,0.0,0.0,0.0,0.9981722369790077,110
2025-07-30 14:00:00,SAC Basic,0.24482419882365497,0.15362679958343506,0.0,0.0,0.0,0.0,0.9962379515171051,110
2025-07-30 15:00:00,SAC Basic,0.24543823660441666,0.2752113342285156,0.0,0.0,0.0,0.0,0.9932799279689789,110
2025-07-30 16:00:00,SAC Basic,0.24580155047484667,0.3724941611289978,0.0,0.0,0.0,0.0,0.9915772885084152,110
2025-07-30 17:00:00,SAC Basic,0.2461767958417379,0.30807361006736755,0.0,0.0,0.0,0.0,0.9931943222880364,110
2025-07-30 18:00:00,SAC Basic,0.24622170376289318,0.11547237634658813,0.0,0.0,0.0,0.0,0.9957645401358605,110
2025-07-30 19:00:00,SAC Basic,0.24618510759898457,0.06552115082740784,0.0,0.0,0.0,0.0,0.99819006472826,110
2025-07-30 20:00:00,SAC Basic,0.24615302281288734,0.0413745641708374,0.0,0.0,0.0,0.0,0.9989310428500175,110
2025-07-30 21:00:00,SAC Basic,0.24657187444913817,0.19365549087524414,0.0,0.0,0.0,0.0,0.994604080915451,110
2025-07-30 22:00:00,SAC Basic,0.24678019479819568,0.12199610471725464,0.0,0.0,0.0,0.0,0.9968434840440751,110
2025-07-30 23:00:00,SAC Basic,0.24679834480671517,0.05644500255584717,0.0,0.0,0.0,0.0,0.9982155889272689,110
2025-07-31 00:00:00,SAC Basic,0.24681869770356446,0.05710586905479431,0.0,0.0,0.0,0.0,0.9988512739539146,110
2025-07-31 01:00:00,SAC Basic,0.2467865982475721,0.04987016320228577,0.0,0.0,0.0,0.0,0.9989302396774292,110
2025-07-31 02:00:00,SAC Basic,0.24688131535518598,0.09641513228416443,0.0,0.0,0.0,0.0,0.9976062476634979,110
2025-07-31 03:00:00,SAC Basic,0.24700500604935915,0.09660720825195312,0.0,0.0,0.0,0.0,0.9980659350752831,110
2025-07-31 04:00:00,SAC Basic,0.24713238031057946,0.09771227836608887,0.0,0.0,0.0,0.0,0.9980347037315368,110
2025-07-31 05:00:00,SAC Basic,0.24713634017456007,0.06068795919418335,0.0,0.0,0.0,0.0,0.9984159976243973,110
2025-07-31 06:00:00,SAC Basic,0.24723154703367187,0.09656205773353577,0.0,0.0,0.0,0.0,0.9977100178599357,110
2025-07-31 07:00:00,SAC Basic,0.2474303352386597,0.17863646149635315,0.0,0.0,0.0,0.0,0.9956065267324448,110
2025-07-31 08:00:00,SAC Basic,0.24714447363285652,0.14374151825904846,0.0,0.0,0.0,0.0,0.9967762202024459,110
2025-07-31 09:00:00,SAC Basic,0.24633191610642702,0.09623274207115173,0.0,0.0,0.0,0.0,0.997600257396698,110
2025-07-31 10:00:00,SAC Basic,0.24530360575505525,0.10800689458847046,0.0,0.0,0.0,0.0,0.9977221205830574,110
2025-07-31 11:00:00,SAC Basic,0.24391730082977248,0.06860852241516113,0.0,0.0,0.0,0.0,0.9982338458299638,110
2025-07-31 12:00:00,SAC Basic,0.2424204369361046,0.060940831899642944,0.0,0.0,0.0,0.0,0.9987045064568519,110
2025-07-31 13:00:00,SAC Basic,0.24093320465632706,0.06383031606674194,0.0,0.0,0.0,0.0,0.9986944988369941,110
2025-07-31 14:00:00,SAC Basic,0.23965498854943543,0.09253516793251038,0.0,0.0,0.0,0.0,0.9978622481226921,110
2025-07-31 15:00:00,SAC Basic,0.2391042115401072,0.22576689720153809,0.0,0.0,0.0,0.0,0.994152344763279,110
2025-07-31 16:00:00,SAC Basic,0.2392163044133626,0.33962786197662354,0.0,0.0,0.0,0.0,0.9920688331127168,110
2025-07-31 17:00:00,SAC Basic,0.23946474311658175,0.27853161096572876,0.0,0.0,0.0,0.0,0.9938184052705765,110
2025-07-31 18:00:00,SAC Basic,0.24115675374416937,0.4181031882762909,0.0,0.0,0.0,0.0,0.9902422204613686,110
2025-07-31 19:00:00,SAC Basic,0.2422244701845291,0.4138149321079254,0.0,0.0,0.0,0.0,0.9916808187961579,110
2025-07-31 20:00:00,SAC Basic,0.24368608874230016,0.4149855673313141,0.0,0.0,0.0,0.0,0.9916885823011398,110
2025-07-31 21:00:00,SAC Basic,0.24461428958404488,0.37196025252342224,0.0,0.0,0.0,0.0,0.9921305418014527,110
2025-07-31 22:00:00,SAC Basic,0.24542685099192885,0.3202684223651886,0.0,0.0,0.0,0.0,0.9930777132511139,110
2025-07-31 23:00:00,SAC Basic,0.24620749361583022,0.31069278717041016,0.0,0.0,0.0,0.0,0.993690387904644,110
2025-08-01 00:00:00,SAC Basic,0.24675266610372493,0.2400517463684082,0.0,0.0,0.0,0.0,0.9944925546646118,110
2025-08-01 01:00:00,SAC Basic,0.2474540817370855,0.28692469000816345,0.0,0.0,0.0,0.0,0.9937927767634392,110
2025-08-01 02:00:00,SAC Basic,0.2481638127150976,0.2894192934036255,0.0,0.0,0.0,0.0,0.9941866680979728,110
2025-08-01 03:00:00,SAC Basic,0.24847089918522472,0.1601259410381317,0.0,0.0,0.0,0.0,0.9955045476555825,110
2025-08-01 04:00:00,SAC Basic,0.2486232403420253,0.10520234704017639,0.0,0.0,0.0,0.0,0.9973467171192169,110
2025-08-01 05:00:00,SAC Basic,0.24867727830716405,0.06721138954162598,0.0,0.0,0.0,0.0,0.998275862634182,110
2025-08-01 06:00:00,SAC Basic,0.24861658650307292,0.0412924587726593,0.0,0.0,0.0,0.0,0.9989149615168572,110
2025-08-01 07:00:00,SAC Basic,0.24872857719966204,0.1440972089767456,0.0,0.0,0.0,0.0,0.9960900083184242,110
2025-08-01 08:00:00,SAC Basic,0.24833811341592105,0.1123608648777008,0.0,0.0,0.0,0.0,0.9974354192614555,110
2025-08-01 09:00:00,SAC Basic,0.24819369528758956,0.09667456150054932,0.0,0.0,0.0,0.0,0.9979096457362175,110
2025-08-01 10:00:00,SAC Basic,0.24710472154685292,0.09830787777900696,0.0,0.0,0.0,0.0,0.9980175092816352,110
2025-08-01 11:00:00,SAC Basic,0.24569966599373452,0.06298333406448364,0.0,0.0,0.0,0.0,0.9983870878815652,110
2025-08-01 12:00:00,SAC Basic,0.24420113913047742,0.060441941022872925,0.0,0.0,0.0,0.0,0.9987657472491265,110
2025-08-01 13:00:00,SAC Basic,0.24269831003654432,0.06765127182006836,0.0,0.0,0.0,0.0,0.9985748812556267,110
2025-08-01 14:00:00,SAC Basic,0.24141621118375095,0.0913703441619873,0.0,0.0,0.0,0.0,0.997935402393341,110
2025-08-01 15:00:00,SAC Basic,0.2405491584840261,0.14788419008255005,0.0,0.0,0.0,0.0,0.9964771777391435,110
2025-08-01 16:00:00,SAC Basic,0.24017034425723982,0.20085573196411133,0.0,0.0,0.0,0.0,0.9954531699419021,110
2025-08-01 17:00:00,SAC Basic,0.24017742140202158,0.20612314343452454,0.0,0.0,0.0,0.0,0.9958248630166054,110
2025-08-01 18:00:00,SAC Basic,0.24091636802502905,0.33218398690223694,0.0,0.0,0.0,0.0,0.9920957118272782,110
2025-08-01 19:00:00,SAC Basic,0.24207793373414313,0.4334697127342224,0.0,0.0,0.0,0.0,0.9903177484869956,110
2025-08-01 20:00:00,SAC Basic,0.24316768035082456,0.39492398500442505,0.0,0.0,0.0,0.0,0.9917160630226135,110
2025-08-01 21:00:00,SAC Basic,0.24422220535823144,0.37585750222206116,0.0,0.0,0.0,0.0,0.9922921851277352,110
2025-08-01 22:00:00,SAC Basic,0.24527246095169025,0.36607667803764343,0.0,0.0,0.0,0.0,0.992580658197403,110
2025-08-01 23:00:00,SAC Basic,0.24610963043678238,0.3021508455276489,0.0,0.0,0.0,0.0,0.9933177247643471,110
2025-08-02 00:00:00,SAC Basic,0.24667079763400987,0.2193501591682434,0.0,0.0,0.0,0.0,0.9947849899530411,110
2025-08-02 01:00:00,SAC Basic,0.24684851848272912,0.09581625461578369,0.0,0.0,0.0,0.0,0.9968483358621597,110
2025-08-02 02:00:00,SAC Basic,0.24689370393344195,0.05605563521385193,0.0,0.0,0.0,0.0,0.9984812811017036,110
2025-08-02 03:00:00,SAC Basic,0.24686119125275247,0.032746195793151855,0.0,0.0,0.0,0.0,0.9991119816899299,110
2025-08-02 04:00:00,SAC Basic,0.24682907742647756,0.03286585211753845,0.0,0.0,0.0,0.0,0.9993414863944055,110
2025-08-02 05:00:00,SAC Basic,0.2467915917315923,0.03125429153442383,0.0,0.0,0.0,0.0,0.9993587985634804,110
2025-08-02 06:00:00,SAC Basic,0.24672509122360178,0.03104984760284424,0.0,0.0,0.0,0.0,0.9993769586086273,110
2025-08-02 07:00:00,SAC Basic,0.24670615833112028,0.1048201322555542,0.0,0.0,0.0,0.0,0.9971658945083618,110
2025-08-02 08:00:00,SAC Basic,0.24643726891665088,0.1403331756591797,0.0,0.0,0.0,0.0,0.9968382060527802,110
2025-08-02 09:00:00,SAC Basic,0.24579202785400972,0.13792768120765686,0.0,0.0,0.0,0.0,0.9972173914313317,110
2025-08-02 10:00:00,SAC Basic,0.24471699861991827,0.10249122977256775,0.0,0.0,0.0,0.0,0.9975958108901978,110
2025-08-02 11:00:00,SAC Basic,0.24340507956334378,0.08242428302764893,0.0,0.0,0.0,0.0,0.9981508448719978,110
2025-08-02 12:00:00,SAC Basic,0.24187714025724355,0.06861820816993713,0.0,0.0,0.0,0.0,0.9984895750880242,110
2025-08-02 13:00:00,SAC Basic,0.24039298182158098,0.07325246930122375,0.0,0.0,0.0,0.0,0.9984886080026627,110
2025-08-02 14:00:00,SAC Basic,0.2391303605078501,0.1057136058807373,0.0,0.0,0.0,0.0,0.9975611165165902,110
2025-08-02 15:00:00,SAC Basic,0.23820123923925982,0.1377636194229126,0.0,0.0,0.0,0.0,0.99692422747612,110
2025-08-02 16:00:00,SAC Basic,0.23800680555808967,0.2391698956489563,0.0,0.0,0.0,0.0,0.9942025393247604,110
2025-08-02 17:00:00,SAC Basic,0.2381960464524073,0.24377226829528809,0.0,0.0,0.0,0.0,0.9950785309076309,110
2025-08-02 18:00:00,SAC Basic,0.23912601778336787,0.3809913992881775,0.0,0.0,0.0,0.0,0.9910079807043075,110
2025-08-02 19:00:00,SAC Basic,0.24037060061045912,0.4498748481273651,0.0,0.0,0.0,0.0,0.9903136685490609,110
2025-08-02 20:00:00,SAC Basic,0.2418032080792231,0.48078224062919617,0.0,0.0,0.0,0.0,0.9900752812623977,110
2025-08-02 21:00:00,SAC Basic,0.24291336683738654,0.38404762744903564,0.0,0.0,0.0,0.0,0.9913517013192177,110
2025-08-02 22:00:00,SAC Basic,0.2438940429487668,0.34520283341407776,0.0,0.0,0.0,0.0,0.9927074953913689,110
2025-08-02 23:00:00,SAC Basic,0.24494167544115011,0.36528974771499634,0.0,0.0,0.0,0.0,0.9924933359026908,110
2025-08-03 00:00:00,SAC Basic,0.24573527393091146,0.28907954692840576,0.0,0.0,0.0,0.0,0.993456307053566,110
2025-08-03 01:00:00,SAC Basic,0.2465340359042925,0.29912859201431274,0.0,0.0,0.0,0.0,0.9939169377088547,110
2025-08-03 02:00:00,SAC Basic,0.24708272361028616,0.2241063117980957,0.0,0.0,0.0,0.0,0.9947676509618759,110
2025-08-03 03:00:00,SAC Basic,0.24726888917832,0.10684967041015625,0.0,0.0,0.0,0.0,0.9966904401779174,110
2025-08-03 04:00:00,SAC Basic,0.24743621371814034,0.10119736194610596,0.0,0.0,0.0,0.0,0.9979195296764374,110
2025-08-03 05:00:00,SAC Basic,0.247527550051892,0.06990090012550354,0.0,0.0,0.0,0.0,0.9982890173792839,110
2025-08-03 06:00:00,SAC Basic,0.24751082985310177,0.0459839403629303,0.0,0.0,0.0,0.0,0.9988411515951157,110
2025-08-03 07:00:00,SAC Basic,0.24740137316851238,0.0691629946231842,0.0,0.0,0.0,0.0,0.9983849495649337,110
2025-08-03 08:00:00,SAC Basic,0.24728554252136167,0.18625080585479736,0.0,0.0,0.0,0.0,0.9951041057705879,110
2025-08-03 09:00:00,SAC Basic,0.24673828305073991,0.16732215881347656,0.0,0.0,0.0,0.0,0.9964642703533173,110
2025-08-03 10:00:00,SAC Basic,0.2456966746376794,0.11251747608184814,0.0,0.0,0.0,0.0,0.9972016036510468,110
2025-08-03 11:00:00,SAC Basic,0.24429935897895116,0.0738053023815155,0.0,0.0,0.0,0.0,0.9981367722153665,110
2025-08-03 12:00:00,SAC Basic,0.24273980536926207,0.05913391709327698,0.0,0.0,0.0,0.0,0.9986706078052521,110
2025-08-03 13:00:00,SAC Basic,0.24139300640253641,0.0804603099822998,0.0,0.0,0.0,0.0,0.9981775298714638,110
2025-08-03 14:00:00,SAC Basic,0.2403067640104733,0.11612728238105774,0.0,0.0,0.0,0.0,0.9973207846283912,110
2025-08-03 15:00:00,SAC Basic,0.24009604994603417,0.29378578066825867,0.0,0.0,0.0,0.0,0.9923476994037628,110
2025-08-03 16:00:00,SAC Basic,0.23994702109643243,0.2527913451194763,0.0,0.0,0.0,0.0,0.9945342287421227,110
2025-08-03 17:00:00,SAC Basic,0.24008634233860596,0.23729637265205383,0.0,0.0,0.0,0.0,0.9950991228222847,110
2025-08-03 18:00:00,SAC Basic,0.24082434353419568,0.3064003586769104,0.0,0.0,0.0,0.0,0.9931809529662132,110
2025-08-03 19:00:00,SAC Basic,0.242001244327907,0.4125702381134033,0.0,0.0,0.0,0.0,0.990686896443367,110
2025-08-03 20:00:00,SAC Basic,0.24322311288663173,0.4090605676174164,0.0,0.0,0.0,0.0,0.9917836919426919,110
2025-08-03 21:00:00,SAC Basic,0.2442828821435414,0.3604307770729065,0.0,0.0,0.0,0.0,0.9923050865530968,110
2025-08-03 22:00:00,SAC Basic,0.24523498130468946,0.3366297483444214,0.0,0.0,0.0,0.0,0.9930293947458267,110
2025-08-03 23:00:00,SAC Basic,0.24620690122831287,0.3510759770870209,0.0,0.0,0.0,0.0,0.9928340181708335,110
2025-08-04 00:00:00,SAC Basic,0.24709247438657703,0.32517194747924805,0.0,0.0,0.0,0.0,0.9932375207543374,110
2025-08-04 01:00:00,SAC Basic,0.24787585289784692,0.2945135533809662,0.0,0.0,0.0,0.0,0.9938031449913979,110
2025-08-04 02:00:00,SAC Basic,0.24857991699843032,0.2707192301750183,0.0,0.0,0.0,0.0,0.9943476721644401,110
2025-08-04 03:00:00,SAC Basic,0.24920023981877587,0.2370968461036682,0.0,0.0,0.0,0.0,0.9949218392372131,110
2025-08-04 04:00:00,SAC Basic,0.24970317056326488,0.1933792233467102,0.0,0.0,0.0,0.0,0.9956952393054962,110
2025-08-04 05:00:00,SAC Basic,0.25004933192003187,0.1378484070301056,0.0,0.0,0.0,0.0,0.9966877236962318,110
2025-08-04 06:00:00,SAC Basic,0.25022850215502995,0.09625107049942017,0.0,0.0,0.0,0.0,0.9976590052247047,110
2025-08-04 07:00:00,SAC Basic,0.25018673575071904,0.08097007870674133,0.0,0.0,0.0,0.0,0.9982277885079384,110
2025-08-04 08:00:00,SAC Basic,0.24994837514150556,0.12399181723594666,0.0,0.0,0.0,0.0,0.997089946269989,110
2025-08-04 09:00:00,SAC Basic,0.24924961430617587,0.13037174940109253,0.0,0.0,0.0,0.0,0.9973287656903267,110
2025-08-04 10:00:00,SAC Basic,0.2481814763624312,0.10455861687660217,0.0,0.0,0.0,0.0,0.997650696337223,110
2025-08-04 11:00:00,SAC Basic,0.2467547567390245,0.06498411297798157,0.0,0.0,0.0,0.0,0.9983045727014541,110
2025-08-04 12:00:00,SAC Basic,0.2450357586493931,0.045300573110580444,0.0,0.0,0.0,0.0,0.9988971531391144,110
2025-08-04 13:00:00,SAC Basic,0.2434881689507605,0.054223090410232544,0.0,0.0,0.0,0.0,0.9988263130187989,110
2025-08-04 14:00:00,SAC Basic,0.2421310822223466,0.07737398147583008,0.0,0.0,0.0,0.0,0.9982210114598274,110
2025-08-04 15:00:00,SAC Basic,0.2411647664307397,0.11810526251792908,0.0,0.0,0.0,0.0,0.9972305819392204,110
2025-08-04 16:00:00,SAC Basic,0.24420028414555803,1.1911553144454956,0.0,0.0,0.0,0.0,0.9654463931918144,110
2025-08-04 17:00:00,SAC Basic,0.24599806929735754,0.717835545539856,0.0,0.0,0.0,0.0,0.9809100914001464,110
2025-08-04 18:00:00,SAC Basic,0.24586584168581582,0.045331716537475586,0.0,0.0,0.0,0.0,0.9923683273792266,110
2025-08-04 19:00:00,SAC Basic,0.24574865908293342,0.024345219135284424,0.0,0.0,0.0,0.0,0.9993032306432724,110
2025-08-04 20:00:00,SAC Basic,0.246753282816295,0.36938712000846863,0.0,0.0,0.0,0.0,0.9891618385910987,110
2025-08-04 21:00:00,SAC Basic,0.24761121031272826,0.3338782489299774,0.0,0.0,0.0,0.0,0.9929673463106156,110
2025-08-04 22:00:00,SAC Basic,0.2482665763909461,0.2731098234653473,0.0,0.0,0.0,0.0,0.9939301192760468,110
2025-08-04 23:00:00,SAC Basic,0.24819857583272872,0.03059983253479004,0.0,0.0,0.0,0.0,0.9969629034399986,110
2025-08-05 00:00:00,SAC Basic,0.2504986029814523,0.04100814461708069,0.0,0.0,0.0,0.0,0.9990757539868355,110
2025-08-05 01:00:00,SAC Basic,0.2504867127457104,0.047432929277420044,0.0,0.0,0.0,0.0,0.9989870935678482,110
2025-08-05 02:00:00,SAC Basic,0.2550633407647254,0.03248840570449829,0.0,0.0,0.0,0.0,0.9992007866501808,110
2025-08-05 03:00:00,SAC Basic,0.25970748054969733,0.01874193549156189,0.0,0.0,0.0,0.0,0.9994876965880394,110
2025-08-05 04:00:00,SAC Basic,0.2598980681068542,0.008176267147064209,0.0,0.0,0.0,0.0,0.9997308179736137,110
2025-08-05 05:00:00,SAC Basic,0.25974856362649223,0.023148655891418457,0.0,0.0,0.0,0.0,0.9993873029947281,110
2025-08-05 06:00:00,SAC Basic,0.259562995587075,0.020829588174819946,0.0,0.0,0.0,0.0,0.9995602175593377,110
2025-08-05 07:00:00,SAC Basic,0.25931386359600644,0.03576040267944336,0.0,0.0,0.0,0.0,0.999135483801365,110
2025-08-05 08:00:00,SAC Basic,0.27250247712759595,0.001084059476852417,0.0,0.0,0.0,0.0,0.9996315553784371,110
2025-08-05 09:00:00,SAC Basic,0.27393861085164967,0.01784011721611023,0.0,0.0,0.0,0.0,0.9994756370782852,110
2025-08-05 10:00:00,SAC Basic,0.2742188764531257,0.02407968044281006,0.0,0.0,0.0,0.0,0.9994560107588768,110
2025-08-05 11:00:00,SAC Basic,0.2823944275870762,0.009665340185165405,0.0,0.0,0.0,0.0,0.9996625497937203,110
2025-08-05 12:00:00,SAC Basic,0.2846171055514457,0.004803389310836792,0.0,0.0,0.0,0.0,0.99985531270504,110
2025-08-05 13:00:00,SAC Basic,0.28359055049646326,0.015033483505249023,0.0,0.0,0.0,0.0,0.9995970293879509,110
2025-08-05 14:00:00,SAC Basic,0.2827039755279663,0.023027509450912476,0.0,0.0,0.0,0.0,0.9994595095515251,110
2025-08-05 15:00:00,SAC Basic,0.2819697237744771,0.03472447395324707,0.0,0.0,0.0,0.0,0.9991885408759117,110
2025-08-05 16:00:00,SAC Basic,0.2813045652968528,0.02145245671272278,0.0,0.0,0.0,0.0,0.9994382306933403,110
2025-08-05 17:00:00,SAC Basic,0.28080653811443274,0.012091845273971558,0.0,0.0,0.0,0.0,0.9996645569801331,110
2025-08-05 18:00:00,SAC Basic,0.2805005311400535,0.01019790768623352,0.0,0.0,0.0,0.0,0.999777102470398,110
2025-08-05 19:00:00,SAC Basic,0.2802549111555857,0.01131400465965271,0.0,0.0,0.0,0.0,0.9997625589370728,110
2025-08-05 20:00:00,SAC Basic,0.2800690140659454,0.012230873107910156,0.0,0.0,0.0,0.0,0.9997462138533593,110
2025-08-05 21:00:00,SAC Basic,0.27985511941580404,0.012331604957580566,0.0,0.0,0.0,0.0,0.9997523605823516,110
2025-08-05 22:00:00,SAC Basic,0.2797029796821716,0.01385807991027832,0.0,0.0,0.0,0.0,0.9997075736522675,110
2025-08-05 23:00:00,SAC Basic,0.2802661934446139,0.019964128732681274,0.0,0.0,0.0,0.0,0.9995396569371223,110
2025-08-06 00:00:00,SAC Basic,0.28014096000977784,0.013429969549179077,0.0,0.0,0.0,0.0,0.9996660590171814,110
2025-08-06 01:00:00,SAC Basic,0.28002477654684016,0.01614496111869812,0.0,0.0,0.0,0.0,0.9996499508619309,110
2025-08-06 02:00:00,SAC Basic,0.27989922522056526,0.013334602117538452,0.0,0.0,0.0,0.0,0.9997052043676377,110
2025-08-06 03:00:00,SAC Basic,0.27971929356245623,0.01402050256729126,0.0,0.0,0.0,0.0,0.9997127309441567,110
2025-08-06 04:00:00,SAC Basic,0.27953426024345984,0.012490004301071167,0.0,0.0,0.0,0.0,0.9997348949313164,110
2025-08-06 05:00:00,SAC Basic,0.27937675658850303,0.012248903512954712,0.0,0.0,0.0,0.0,0.9997526109218597,110
2025-08-06 06:00:00,SAC Basic,0.28054245867558747,0.017710626125335693,0.0,0.0,0.0,0.0,0.9995911702513696,110
2025-08-06 07:00:00,SAC Basic,0.2819511252076271,0.0160999596118927,0.0,0.0,0.0,0.0,0.9996618941426277,110
2025-08-06 08:00:00,SAC Basic,0.28256420214482575,0.011423081159591675,0.0,0.0,0.0,0.0,0.9997247695922852,110
2025-08-06 09:00:00,SAC Basic,0.28200056932040485,0.017910152673721313,0.0,0.0,0.0,0.0,0.9995769262313843,110
2025-08-06 10:00:00,SAC Basic,0.28090509854464163,0.03685876727104187,0.0,0.0,0.0,0.0,0.9990733385086059,110
2025-08-06 11:00:00,SAC Basic,0.2794799250021421,0.02294793725013733,0.0,0.0,0.0,0.0,0.9994019329547882,110
2025-08-06 12:00:00,SAC Basic,0.2777669818193558,0.013117045164108276,0.0,0.0,0.0,0.0,0.9996393501758576,110
2025-08-06 13:00:00,SAC Basic,0.2760529106186671,0.012778639793395996,0.0,0.0,0.0,0.0,0.9997410431504249,110
2025-08-06 14:00:00,SAC Basic,0.2748859233227216,0.01740381121635437,0.0,0.0,0.0,0.0,0.9996056720614434,110
2025-08-06 15:00:00,SAC Basic,0.27598118820655765,0.06857946515083313,0.0,0.0,0.0,0.0,0.9981166541576386,110
2025-08-06 16:00:00,SAC Basic,0.2771226573076687,0.05494073033332825,0.0,0.0,0.0,0.0,0.9987647980451584,110
2025-08-06 17:00:00,SAC Basic,0.2766917136628272,0.03221690654754639,0.0,0.0,0.0,0.0,0.9991284236311913,110
2025-08-06 18:00:00,SAC Basic,0.27645748985517443,0.006232857704162598,0.0,0.0,0.0,0.0,0.9996155023574829,110
2025-08-06 19:00:00,SAC Basic,0.2766096624500396,0.00515177845954895,0.0,0.0,0.0,0.0,0.9998861536383629,110
2025-08-06 20:00:00,SAC Basic,0.2764472732010327,0.010783225297927856,0.0,0.0,0.0,0.0,0.9997280210256576,110
2025-08-06 21:00:00,SAC Basic,0.2763347432715537,0.008741021156311035,0.0,0.0,0.0,0.0,0.9998047575354576,110
2025-08-06 22:00:00,SAC Basic,0.2762531598423761,0.00952497124671936,0.0,0.0,0.0,0.0,0.9998016610741615,110
2025-08-06 23:00:00,SAC Basic,0.2761666033990027,0.008033066987991333,0.0,0.0,0.0,0.0,0.9998244196176529,110
2025-08-07 00:00:00,SAC Basic,0.276086566710357,0.009988993406295776,0.0,0.0,0.0,0.0,0.999780660867691,110
2025-08-07 01:00:00,SAC Basic,0.2760136945000133,0.012138336896896362,0.0,0.0,0.0,0.0,0.9997357398271561,110
2025-08-07 02:00:00,SAC Basic,0.2759654377832851,0.011022984981536865,0.0,0.0,0.0,0.0,0.9997683867812157,110
2025-08-07 03:00:00,SAC Basic,0.27588701389698594,0.01047283411026001,0.0,0.0,0.0,0.0,0.999785041809082,110
2025-08-07 04:00:00,SAC Basic,0.2758042562563062,0.009172707796096802,0.0,0.0,0.0,0.0,0.9998035445809365,110
2025-08-07 05:00:00,SAC Basic,0.275716644314015,0.00771641731262207,0.0,0.0,0.0,0.0,0.9998311087489129,110
2025-08-07 06:00:00,SAC Basic,0.2756274091385643,0.007229447364807129,0.0,0.0,0.0,0.0,0.9998505413532257,110
2025-08-07 07:00:00,SAC Basic,0.2753540762057742,0.011500120162963867,0.0,0.0,0.0,0.0,0.9997272908687591,110
2025-08-07 08:00:00,SAC Basic,0.27467866374242705,0.018376260995864868,0.0,0.0,0.0,0.0,0.9995637133717536,110
2025-08-07 09:00:00,SAC Basic,0.2735858563350479,0.020657777786254883,0.0,0.0,0.0,0.0,0.999564029276371,110
2025-08-07 10:00:00,SAC Basic,0.2721239834506154,0.02043813467025757,0.0,0.0,0.0,0.0,0.9995890408754349,110
2025-08-07 11:00:00,SAC Basic,0.27041646677403053,0.014744997024536133,0.0,0.0,0.0,0.0,0.9996481686830521,110
2025-08-07 12:00:00,SAC Basic,0.2685666739732861,0.014562159776687622,0.0,0.0,0.0,0.0,0.9997069284319877,110
2025-08-07 13:00:00,SAC Basic,0.26678146035580236,0.016935914754867554,0.0,0.0,0.0,0.0,0.9996375441551208,110
2025-08-07 14:00:00,SAC Basic,0.2651550874899665,0.02208814024925232,0.0,0.0,0.0,0.0,0.999506714940071,110
2025-08-07 15:00:00,SAC Basic,0.2638561444670796,0.03531709313392639,0.0,0.0,0.0,0.0,0.9991613686084748,110
2025-08-07 16:00:00,SAC Basic,0.2629429393338005,0.04053846001625061,0.0,0.0,0.0,0.0,0.9991370171308518,110
2025-08-07 17:00:00,SAC Basic,0.26245944170860847,0.05045071244239807,0.0,0.0,0.0,0.0,0.9988918632268906,110
2025-08-07 18:00:00,SAC Basic,0.2624643025619626,0.07795825600624084,0.0,0.0,0.0,0.0,0.9981657594442368,110
2025-08-07 19:00:00,SAC Basic,0.2626241618854642,0.09045779705047607,0.0,0.0,0.0,0.0,0.9980658486485482,110
2025-08-07 20:00:00,SAC Basic,0.2628923154662887,0.08894607424736023,0.0,0.0,0.0,0.0,0.9982059612870217,110
2025-08-07 21:00:00,SAC Basic,0.2631537555772901,0.08693203330039978,0.0,0.0,0.0,0.0,0.9982412189245223,110
2025-08-07 22:00:00,SAC Basic,0.2634550972897649,0.0904025137424469,0.0,0.0,0.0,0.0,0.9981572449207305,110
2025-08-07 23:00:00,SAC Basic,0.26370893211353225,0.07615044713020325,0.0,0.0,0.0,0.0,0.9983344703912735,110
2025-08-08 00:00:00,SAC Basic,0.26394646182128195,0.0797589123249054,0.0,0.0,0.0,0.0,0.9983687371015548,110
2025-08-08 01:00:00,SAC Basic,0.2642004272785624,0.07618963718414307,0.0,0.0,0.0,0.0,0.9984405145049096,110
2025-08-08 02:00:00,SAC Basic,0.2643832021727999,0.0633324682712555,0.0,0.0,0.0,0.0,0.9986047789454461,110
2025-08-08 03:00:00,SAC Basic,0.2645254682261587,0.06817981600761414,0.0,0.0,0.0,0.0,0.9985879302024842,110
2025-08-08 04:00:00,SAC Basic,0.2647085617398064,0.07192805409431458,0.0,0.0,0.0,0.0,0.9985239565372467,110
2025-08-08 05:00:00,SAC Basic,0.2648774281214516,0.06765991449356079,0.0,0.0,0.0,0.0,0.9986041203141213,110
2025-08-08 06:00:00,SAC Basic,0.26502704319624515,0.061884522438049316,0.0,0.0,0.0,0.0,0.9987045556306839,110
2025-08-08 07:00:00,SAC Basic,0.2649313842931232,0.04780232906341553,0.0,0.0,0.0,0.0,0.9989031314849853,110
2025-08-08 08:00:00,SAC Basic,0.26434918978600114,0.03784164786338806,0.0,0.0,0.0,0.0,0.9991435602307319,110
2025-08-08 09:00:00,SAC Basic,0.26332732780047663,0.04194140434265137,0.0,0.0,0.0,0.0,0.9991201743483544,110
2025-08-08 10:00:00,SAC Basic,0.2619234989125372,0.03785133361816406,0.0,0.0,0.0,0.0,0.9992020726203918,110
2025-08-08 11:00:00,SAC Basic,0.26022606707640894,0.02627044916152954,0.0,0.0,0.0,0.0,0.9993587821722031,110
2025-08-08 12:00:00,SAC Basic,0.25892067196357654,0.035381466150283813,0.0,0.0,0.0,0.0,0.9992012605071068,110
2025-08-08 13:00:00,SAC Basic,0.2574137468400439,0.040922462940216064,0.0,0.0,0.0,0.0,0.9991261407732963,110
2025-08-08 14:00:00,SAC Basic,0.25614696595259917,0.061965733766555786,0.0,0.0,0.0,0.0,0.9985502526164055,110
2025-08-08 15:00:00,SAC Basic,0.2551222356906375,0.06658092141151428,0.0,0.0,0.0,0.0,0.9986222296953201,110
2025-08-08 16:00:00,SAC Basic,0.2542908682313404,0.06508976221084595,0.0,0.0,0.0,0.0,0.9986832931637764,110
2025-08-08 17:00:00,SAC Basic,0.2538933470605653,0.08474364876747131,0.0,0.0,0.0,0.0,0.9981085881590843,110
2025-08-08 18:00:00,SAC Basic,0.25407208082028643,0.15562012791633606,0.0,0.0,0.0,0.0,0.9961788326501847,110
2025-08-08 19:00:00,SAC Basic,0.25444377796320533,0.1880091428756714,0.0,0.0,0.0,0.0,0.9959159269928932,110
2025-08-08 20:00:00,SAC Basic,0.25453651321638043,0.09582057595252991,0.0,0.0,0.0,0.0,0.9971617028117179,110
2025-08-08 21:00:00,SAC Basic,0.2546442303624592,0.09181514382362366,0.0,0.0,0.0,0.0,0.9981236428022384,110
2025-08-08 22:00:00,SAC Basic,0.25475261385588266,0.08351504802703857,0.0,0.0,0.0,0.0,0.9982466980814934,110
2025-08-08 23:00:00,SAC Basic,0.2548890289170386,0.0919245183467865,0.0,0.0,0.0,0.0,0.9980774149298668,110
2025-08-09 00:00:00,SAC Basic,0.2551033156910381,0.12378603219985962,0.0,0.0,0.0,0.0,0.9972056642174721,110
2025-08-09 01:00:00,SAC Basic,0.2554020100926202,0.14910832047462463,0.0,0.0,0.0,0.0,0.9967646107077599,110
2025-08-09 02:00:00,SAC Basic,0.2556289933839283,0.13609498739242554,0.0,0.0,0.0,0.0,0.9971479669213295,110
2025-08-09 03:00:00,SAC Basic,0.25591027501651065,0.15238448977470398,0.0,0.0,0.0,0.0,0.9967894151806831,110
2025-08-09 04:00:00,SAC Basic,0.25617985576061825,0.1488742232322693,0.0,0.0,0.0,0.0,0.9969874128699302,110
2025-08-09 05:00:00,SAC Basic,0.25641842818169214,0.13957172632217407,0.0,0.0,0.0,0.0,0.9971155405044556,110
2025-08-09 06:00:00,SAC Basic,0.25659247880606273,0.12871518731117249,0.0,0.0,0.0,0.0,0.9973171308636665,110
2025-08-09 07:00:00,SAC Basic,0.25654130599248826,0.10364815592765808,0.0,0.0,0.0,0.0,0.9976763665676116,110
2025-08-09 08:00:00,SAC Basic,0.25608549071697806,0.07575541734695435,0.0,0.0,0.0,0.0,0.9982059642672538,110
2025-08-09 09:00:00,SAC Basic,0.25523601934024115,0.059658586978912354,0.0,0.0,0.0,0.0,0.9986458599567414,110
2025-08-09 10:00:00,SAC Basic,0.2540456089249096,0.06787687540054321,0.0,0.0,0.0,0.0,0.9985602796077728,110
2025-08-09 11:00:00,SAC Basic,0.2537698175023836,0.0847625732421875,0.0,0.0,0.0,0.0,0.9981358915567399,110
2025-08-09 12:00:00,SAC Basic,0.2523030246828836,0.052962154150009155,0.0,0.0,0.0,0.0,0.998622752726078,110
2025-08-09 13:00:00,SAC Basic,0.25213748743284164,0.0603388249874115,0.0,0.0,0.0,0.0,0.9987194567918778,110
2025-08-09 14:00:00,SAC Basic,0.2527335942020855,0.17833203077316284,0.0,0.0,0.0,0.0,0.9952534273266792,110
2025-08-09 15:00:00,SAC Basic,0.2558302947591585,0.7265101671218872,0.0,0.0,0.0,0.0,0.9799880152940751,110
2025-08-09 16:00:00,SAC Basic,0.2563427076274993,0.43422386050224304,0.0,0.0,0.0,0.0,0.9883926597237587,110
2025-08-09 17:00:00,SAC Basic,0.25616749565589847,0.14293640851974487,0.0,0.0,0.0,0.0,0.9942283973097801,110
2025-08-09 18:00:00,SAC Basic,0.25631207478193857,0.045373737812042236,0.0,0.0,0.0,0.0,0.9981168985366821,110
2025-08-09 19:00:00,SAC Basic,0.2561799137630902,0.028351694345474243,0.0,0.0,0.0,0.0,0.9992627456784249,110
2025-08-09 20:00:00,SAC Basic,0.25637361577340384,0.14311060309410095,0.0,0.0,0.0,0.0,0.9959901988506318,110
2025-08-09 21:00:00,SAC Basic,0.26326475500651614,0.009841769933700562,0.0,0.0,0.0,0.0,0.998470476269722,110
2025-08-09 22:00:00,SAC Basic,0.26954035398789666,0.008179694414138794,0.0,0.0,0.0,0.0,0.9998197853565216,110
2025-08-09 23:00:00,SAC Basic,0.26942288680700877,0.007259845733642578,0.0,0.0,0.0,0.0,0.9998456045985222,110
2025-08-10 00:00:00,SAC Basic,0.2706082405454757,0.02360612154006958,0.0,0.0,0.0,0.0,0.9993644148111344,110
2025-08-10 01:00:00,SAC Basic,0.27343555509078926,0.007694363594055176,0.0,0.0,0.0,0.0,0.9996869951486587,110
2025-08-10 02:00:00,SAC Basic,0.2735880505441469,0.00524863600730896,0.0,0.0,0.0,0.0,0.9998705700039864,110
2025-08-10 03:00:00,SAC Basic,0.27849213915177606,0.005226582288742065,0.0,0.0,0.0,0.0,0.9998952478170395,110
2025-08-10 04:00:00,SAC Basic,0.2793202831950627,0.007943212985992432,0.0,0.0,0.0,0.0,0.9998139694333076,110
2025-08-10 05:00:00,SAC Basic,0.2821708368634027,0.00616610050201416,0.0,0.0,0.0,0.0,0.9998589068651199,110
2025-08-10 06:00:00,SAC Basic,0.2853190735648912,0.003971010446548462,0.0,0.0,0.0,0.0,0.9998986288905144,110
2025-08-10 07:00:00,SAC Basic,0.2937697567040565,0.003204941749572754,0.0,0.0,0.0,0.0,0.9999282404780387,110
2025-08-10 08:00:00,SAC Basic,0.293168189496879,0.0065298378467559814,0.0,0.0,0.0,0.0,0.999836154282093,110
2025-08-10 09:00:00,SAC Basic,0.29225040553637766,0.013664811849594116,0.0,0.0,0.0,0.0,0.9996553540229797,110
2025-08-10 10:00:00,SAC Basic,0.29416922772316556,0.03264665603637695,0.0,0.0,0.0,0.0,0.9991572484374046,110
2025-08-10 11:00:00,SAC Basic,0.2932001654687367,0.017281323671340942,0.0,0.0,0.0,0.0,0.9995007202029228,110
2025-08-10 12:00:00,SAC Basic,0.2935106626930676,0.01814916729927063,0.0,0.0,0.0,0.0,0.9996283382177353,110
2025-08-10 13:00:00,SAC Basic,0.2993589080133877,0.011473596096038818,0.0,0.0,0.0,0.0,0.9997037723660469,110
2025-08-10 14:00:00,SAC Basic,0.29899051381099645,0.003981739282608032,0.0,0.0,0.0,0.0,0.9998454466462134,110
2025-08-10 15:00:00,SAC Basic,0.30621165844587905,0.004343390464782715,0.0,0.0,0.0,0.0,0.9999095156788825,110
2025-08-10 16:00:00,SAC Basic,0.3073740332506937,0.0017124414443969727,0.0,0.0,0.0,0.0,0.9999394416809082,110
2025-08-10 17:00:00,SAC Basic,0.30834294579891786,0.0011737644672393799,0.0,0.0,0.0,0.0,0.9999711379408837,110
2025-08-10 18:00:00,SAC Basic,0.3087608292300346,0.0018650293350219727,0.0,0.0,0.0,0.0,0.9999557867646217,110
2025-08-10 19:00:00,SAC Basic,0.30923425280003175,0.0015270709991455078,0.0,0.0,0.0,0.0,0.9999660789966583,110
2025-08-10 20:00:00,SAC Basic,0.3140708987179242,0.0019937753677368164,0.0,0.0,0.0,0.0,0.9999554574489593,110
2025-08-10 21:00:00,SAC Basic,0.31893631059953,0.0021235644817352295,0.0,0.0,0.0,0.0,0.9999562308192252,110
2025-08-10 22:00:00,SAC Basic,0.3240824651120943,0.003346353769302368,0.0,0.0,0.0,0.0,-0.40832566617769306,110
2025-08-10 23:00:00,SAC Basic,0.3348550739835543,0.008282661437988281,0.0,0.0,0.0,0.0,-1.4857224146608756,110
2025-08-11 00:00:00,SAC Basic,0.346342708790982,0.005790442228317261,0.0,0.0,0.0,0.0,-2.6344116101348627,110
2025-08-11 01:00:00,SAC Basic,0.35286942429079193,0.004662126302719116,0.0,0.09564747635973135,0.0,0.0,-3.2870469547645027,110
2025-08-11 02:00:00,SAC Basic,0.37710718414652566,0.008900761604309082,0.0,0.903572804884189,0.0,0.0,-5.710938816237667,110
2025-08-11 03:00:00,SAC Basic,0.39800854530216656,0.013193190097808838,0.0,1.600284843405551,0.0,0.0,-7.8011613183035475,110
2025-08-11 04:00:00,SAC Basic,0.3991106606663591,0.010156631469726562,0.0,1.6370220222119685,0.0,0.0,-7.911299564851583,110
2025-08-11 05:00:00,SAC Basic,0.4010122966814034,0.004900693893432617,0.0,1.7004098893801143,0.0,0.0,-8.101380241393974,110
2025-08-11 06:00:00,SAC Basic,0.40779135477638184,0.0195959210395813,0.0,1.9263784925460614,0.0,0.0,-8.779674348330436,110
2025-08-11 07:00:00,SAC Basic,0.4054984657358164,0.06408214569091797,0.0,1.8499488578605465,1.4210854715202004e-14,0.0,-8.55157307874197,110
2025-08-11 08:00:00,SAC Basic,0.3994105964831442,0.033159106969833374,0.0,1.647019882771474,0.0,0.0,-7.942032060841027,110
2025-08-11 09:00:00,SAC Basic,0.3936363056074319,0.0197562575340271,0.0,1.4545435202477295,0.0,0.0,-7.364159714388228,110
2025-08-11 10:00:00,SAC Basic,0.38936584961343446,0.022058188915252686,0.0,1.3121949871144822,0.0,0.0,-6.937049144435562,110
2025-08-11 11:00:00,SAC Basic,0.3982990462652025,0.012927204370498657,0.0,1.6099682088400842,0.0,0.0,-7.8302544804531085,110
2025-08-11 12:00:00,SAC Basic,0.39297142020718845,0.014592856168746948,0.0,1.4323806735729492,0.0,0.0,-7.297450534360202,110
2025-08-11 13:00:00,SAC Basic,0.39043109121242103,0.002104341983795166,0.0,1.3477030404140338,0.0,0.0,-7.043276093223628,110
2025-08-11 14:00:00,SAC Basic,0.4059766618599796,0.010059922933578491,0.0,1.8658887286659878,0.0,0.0,-8.59794694026613,110
2025-08-11 15:00:00,SAC Basic,0.40126675871476264,0.016921013593673706,0.0,1.7088919571587553,0.0,0.0,-8.127082902654736,110
2025-08-11 16:00:00,SAC Basic,0.39953569891117274,0.01887202262878418,0.0,1.6511899637057583,0.0,0.0,-7.953966841660201,110
2025-08-11 17:00:00,SAC Basic,0.3964034673739278,0.04311278462409973,0.0,1.5467822457975928,0.0,0.0,-7.641451400705213,110
2025-08-11 18:00:00,SAC Basic,0.3957971588307146,0.01267939805984497,0.0,1.5265719610238193,0.0,0.0,-7.580273804898297,110
2025-08-11 19:00:00,SAC Basic,0.39224856200434477,0.011706352233886719,0.0,1.4082854001448268,0.0,0.0,-7.225100057937413,110
2025-08-11 20:00:00,SAC Basic,0.39301877167538746,0.007521957159042358,0.0,1.4339590558462476,0.0,0.0,-7.302069450632675,110
2025-08-11 21:00:00,SAC Basic,0.3904430692946548,0.026391595602035522,0.0,1.3481023098218259,0.0,0.0,-7.045023457761947,110
2025-08-11 22:00:00,SAC Basic,0.3889692386077316,0.016325414180755615,0.0,1.2989746202577195,0.0,0.0,-6.897351030870986,110
2025-08-11 23:00:00,SAC Basic,0.3879429023011748,0.016362518072128296,0.0,1.26476341003916,0.0,0.0,-6.794617851517834,110
2025-08-12 00:00:00,SAC Basic,0.3909089790678224,0.012955665588378906,0.0,1.363632635594081,0.0,0.0,-7.091191088618845,110
2025-08-12 01:00:00,SAC Basic,0.39479612549521337,0.010348111391067505,0.0,1.4932041831737792,0.0,0.0,-7.4798455872911305,110
2025-08-12 02:00:00,SAC Basic,0.3932239634395046,0.02865016460418701,0.0,1.4407987813168206,0.0,0.0,-7.323152367774676,110
2025-08-12 03:00:00,SAC Basic,0.3893499613664511,0.017464756965637207,0.0,1.3116653788817034,0.0,0.0,-6.935457285860809,110
2025-08-12 04:00:00,SAC Basic,0.38556182974749476,0.01695483922958374,0.0,1.1853943249164913,0.0,0.0,-6.556527170711426,110
2025-08-12 05:00:00,SAC Basic,0.38213769989335833,0.020517706871032715,0.0,1.0712566631119458,0.0,0.0,-6.214215972149667,110
2025-08-12 06:00:00,SAC Basic,0.3787038278866198,0.02013266086578369,0.0,0.9567942628873283,0.0,0.0,-5.87078929233935,110
2025-08-12 07:00:00,SAC Basic,0.3807095229597438,0.01035928726196289,0.0,1.0236507653247926,0.0,0.0,-6.071257215455658,110
2025-08-12 08:00:00,SAC Basic,0.38040878539403217,0.03390491008758545,0.0,1.0136261798010722,1.4210854715202004e-14,0.0,-6.041792093833224,110
2025-08-12 09:00:00,SAC Basic,0.3859603534116739,0.017148852348327637,0.0,1.1986784470557965,0.0,0.0,-6.596545878791749,110
2025-08-12 10:00:00,SAC Basic,0.38623570711932126,0.011463016271591187,0.0,1.2078569039773754,0.0,0.0,-6.623856830618323,110
2025-08-12 11:00:00,SAC Basic,0.3833922626793522,0.008542090654373169,0.0,1.1130754226450748,1.4210854715202004e-14,0.0,-6.339426319004481,110
2025-08-12 12:00:00,SAC Basic,0.38160310822476196,0.0056906044483184814,0.0,1.053436940825398,0.0,0.0,-6.160453149427222,110
2025-08-12 13:00:00,SAC Basic,0.38816626370968743,0.04515543580055237,0.0,1.2722087903229153,0.0,0.0,-6.817924127998276,110
2025-08-12 14:00:00,SAC Basic,0.38480536208184657,0.015408247709274292,0.0,1.1601787360615519,0.0,0.0,-6.481141845019755,110
2025-08-12 15:00:00,SAC Basic,0.38076236482648934,0.010012984275817871,0.0,1.0254121608829778,0.0,0.0,-6.0764906949687845,110
2025-08-12 16:00:00,SAC Basic,0.37709600196649623,0.015791207551956177,0.0,0.9032000655498749,1.4210854715202004e-14,0.0,-5.7099738030334235,110
2025-08-12 17:00:00,SAC Basic,0.3740366794662177,0.019425898790359497,0.0,0.8012226488739231,0.0,0.0,-5.404092811509962,110
2025-08-12 18:00:00,SAC Basic,0.37140315430800613,0.016880929470062256,0.0,0.713438476933537,0.0,0.0,-5.140678499083216,110
2025-08-12 19:00:00,SAC Basic,0.36903471461153475,0.008958578109741211,0.0,0.6344904870511585,0.0,0.0,-4.903729856229273,110
2025-08-12 20:00:00,SAC Basic,0.36691724721255703,0.005168020725250244,0.0,0.5639082404185686,0.0,0.0,-4.691865987244052,110
2025-08-12 21:00:00,SAC Basic,0.36498529296931154,0.004923492670059204,0.0,0.4995097656437182,0.0,0.0,-4.498630212065106,110
2025-08-12 22:00:00,SAC Basic,0.3632203627040671,0.004699677228927612,0.0,0.4406787568022381,0.0,0.0,-4.322132502105699,110
2025-08-12 23:00:00,SAC Basic,0.3616046176564711,0.004097074270248413,0.0,0.38682058854903834,0.0,0.0,-4.160549733162102,110
2025-08-13 00:00:00,SAC Basic,0.3601536626352088,0.005168914794921875,0.0,0.33845542117362587,0.0,0.0,-4.015480360222027,110
2025-08-13 01:00:00,SAC Basic,0.3589373748617068,0.009526163339614868,0.0,0.29791249539022574,0.0,0.0,-3.893971581922918,110
2025-08-13 02:00:00,SAC Basic,0.35811012723416347,0.007163286209106445,0.0,0.2703375744721143,0.0,0.0,-3.8111796179118334,110
2025-08-13 03:00:00,SAC Basic,0.35700800926444165,0.004964917898178101,0.0,0.23360030881472085,0.0,0.0,-3.7009222084852373,110
2025-08-13 04:00:00,SAC Basic,0.35604542613360785,0.006239265203475952,0.0,0.20151420445359636,0.0,0.0,-3.604680142137906,110
2025-08-13 05:00:00,SAC Basic,0.3552623698703066,0.008495450019836426,0.0,0.17541232901022,0.0,0.0,-3.5264294578792224,110
2025-08-13 06:00:00,SAC Basic,0.3551126081590309,0.010491758584976196,0.0,0.1704202719676971,0.0,0.0,-3.51149061416044,110
2025-08-13 07:00:00,SAC Basic,0.3542999274231602,0.010026693344116211,0.0,0.14333091410533855,0.0,0.0,-3.4301979268353087,110
2025-08-13 08:00:00,SAC Basic,0.3628614028529175,0.024656057357788086,0.0,0.4287134284305836,0.0,0.0,-4.286779700079044,110
2025-08-13 09:00:00,SAC Basic,0.36174828948436805,0.010675638914108276,0.0,0.3916096494789358,0.0,0.0,-4.175182265399524,110
2025-08-13 10:00:00,SAC Basic,0.3605672640437361,0.003934502601623535,0.0,0.35224213479120436,0.0,0.0,-4.0568725057887685,110
2025-08-13 11:00:00,SAC Basic,0.35899702280758117,0.0028283894062042236,0.0,0.2999007602527044,-1.4210854715202004e-14,0.0,-3.899769909678194,110
2025-08-13 12:00:00,SAC Basic,0.3588077298972454,0.0023031234741210938,0.0,0.2935909965748465,0.0,0.0,-3.880824304853343,110
2025-08-13 13:00:00,SAC Basic,0.36022066657186563,0.004569888114929199,0.0,0.3406888857288536,0.0,0.0,-4.0221807225952695,110
2025-08-13 14:00:00,SAC Basic,0.3591662003432603,0.010200142860412598,0.0,0.30554001144200954,0.0,0.0,-3.9168803397306924,110
2025-08-13 15:00:00,SAC Basic,0.3572714377606116,0.005452483892440796,0.0,0.24238125868705254,0.0,0.0,-3.7273003023286875,110
2025-08-13 16:00:00,SAC Basic,0.35591008973349947,0.009598582983016968,0.0,0.1970029911166492,0.0,0.0,-3.591242406000512,110
2025-08-13 17:00:00,SAC Basic,0.35540812341967065,0.008180886507034302,0.0,0.18027078065568816,0.0,0.0,-3.5409901366619647,110
2025-08-13 18:00:00,SAC Basic,0.35456505028520974,0.009746402502059937,0.0,0.15216834284032502,0.0,0.0,-3.4567156117309645,110
2025-08-13 19:00:00,SAC Basic,0.3538816042922284,0.009353011846542358,0.0,0.12938680974094724,0.0,0.0,-3.388351423366328,110
2025-08-13 20:00:00,SAC Basic,0.35314715168842786,0.003569275140762329,0.0,0.10490505628092849,0.0,0.0,-3.3148443917126587,110
2025-08-13 21:00:00,SAC Basic,0.35248595301409763,0.003505498170852661,0.0,0.08286510046992107,0.0,0.0,-3.2486660491428787,110
2025-08-13 22:00:00,SAC Basic,0.3518669692274946,0.0040371716022491455,0.0,0.062232307583154525,0.0,0.0,-3.1867829829158194,110
2025-08-13 23:00:00,SAC Basic,0.35136106308052106,0.004096925258636475,0.0,0.04536876935070211,0.0,0.0,-3.136188844093842,110
2025-08-14 00:00:00,SAC Basic,0.35153204774060093,0.004363656044006348,0.0,0.05106825802003243,0.0,0.0,-3.153294714488826,110
2025-08-14 01:00:00,SAC Basic,0.35168977798722606,0.005645006895065308,0.0,0.05632593290753505,0.0,0.0,-3.169103512369017,110
2025-08-14 02:00:00,SAC Basic,0.35122747049685493,0.004223436117172241,0.0,0.04091568322849781,1.4210854715202004e-14,0.0,-3.122845734115615,110
2025-08-14 03:00:00,SAC Basic,0.3621364996112243,0.011258721351623535,0.0,0.40454998704080936,0.0,0.0,-4.213945488401806,110
2025-08-14 04:00:00,SAC Basic,0.36141599953027265,0.006883293390274048,0.0,0.3805333176757557,0.0,0.0,-4.141781373174683,110
2025-08-14 05:00:00,SAC Basic,0.37580965814267125,0.012419521808624268,0.0,0.8603219380890423,0.0,0.0,-5.581269566987481,110
2025-08-14 06:00:00,SAC Basic,0.3872162473287093,0.013518333435058594,0.0,1.240541577623644,0.0,0.0,-6.721906087655894,110
2025-08-14 07:00:00,SAC Basic,0.3851313054481066,0.013560950756072998,0.0,1.1710435149368863,0.0,0.0,-6.51340218999899,110
2025-08-14 08:00:00,SAC Basic,0.39245798277106136,0.023769289255142212,0.0,1.4152660923687124,0.0,0.0,-7.24637574627623,110
2025-08-14 09:00:00,SAC Basic,0.39200906226843224,0.027125924825668335,0.0,1.4003020756144082,0.0,0.0,-7.201482311695442,110
2025-08-14 10:00:00,SAC Basic,0.3952442259702351,0.008189976215362549,0.0,1.5081408656745041,0.0,0.0,-7.524775756033921,110
2025-08-14 11:00:00,SAC Basic,0.39117313211619253,0.021109580993652344,0.0,1.3724377372064183,0.0,0.0,-7.117864599286909,110
2025-08-14 12:00:00,SAC Basic,0.39558334871357137,0.006009936332702637,0.0,1.5194449571190463,0.0,0.0,-7.558606066530399,110
2025-08-14 13:00:00,SAC Basic,0.394310404708017,0.007630288600921631,0.0,1.4770134902672325,-1.4210854715202004e-14,0.0,-7.431209280096398,110
2025-08-14 14:00:00,SAC Basic,0.3907612883171103,0.023474693298339844,0.0,1.3587096105703438,0.0,0.0,-7.076756769623972,110
2025-08-14 15:00:00,SAC Basic,0.38732768319135863,0.02667456865310669,0.0,1.2442561063786202,0.0,0.0,-6.733333809262472,110
2025-08-14 16:00:00,SAC Basic,0.3879957701545294,0.01995176076889038,0.0,1.2665256718176465,0.0,0.0,-6.80004327874716,110
2025-08-14 17:00:00,SAC Basic,0.39264200000619914,0.01726895570755005,0.0,1.4214000002066371,0.0,0.0,-7.264572207784678,110
2025-08-14 18:00:00,SAC Basic,0.3890835567490103,0.01175224781036377,0.0,1.3027852249670104,0.0,0.0,-6.908645886936208,110
2025-08-14 19:00:00,SAC Basic,0.38535598617886085,0.011261701583862305,0.0,1.178532872628695,0.0,0.0,-6.535828757380027,110
2025-08-14 20:00:00,SAC Basic,0.38222985469354315,0.012989044189453125,0.0,1.0743284897847716,0.0,0.0,-6.223262523664159,110
2025-08-14 21:00:00,SAC Basic,0.38157408473312665,0.049238502979278564,0.0,1.0524694911042218,0.0,0.0,-6.158755737960148,110
2025-08-14 22:00:00,SAC Basic,0.3797699803143127,0.019101351499557495,0.0,0.992332677143756,0.0,0.0,-5.977681429976056,110
2025-08-14 23:00:00,SAC Basic,0.37694928170967545,0.011599808931350708,0.0,0.8983093903225154,0.0,0.0,-5.695235182571854,110
2025-08-15 00:00:00,SAC Basic,0.3746511013972323,0.01724928617477417,0.0,0.8217033799077428,0.0,0.0,-5.465511620219158,110
2025-08-15 01:00:00,SAC Basic,0.37256877285369283,0.012593865394592285,0.0,0.7522924284564283,0.0,0.0,-5.2571757168849755,110
2025-08-15 02:00:00,SAC Basic,0.370432009968472,0.008038133382797241,0.0,0.6810669989490649,0.0,0.0,-5.043407316834972,110
2025-08-15 03:00:00,SAC Basic,0.38297382949255027,0.02117350697517395,0.0,1.0991276497516764,0.0,0.0,-6.297937773130453,110
2025-08-15 04:00:00,SAC Basic,0.38672915669663654,0.02740338444709778,0.0,1.2243052232212195,0.0,0.0,-6.673526036127315,110
2025-08-15 05:00:00,SAC Basic,0.38682168946871676,0.01464948058128357,0.0,1.2273896489572254,0.0,0.0,-6.682589475521959,110
2025-08-15 06:00:00,SAC Basic,0.3892303159033911,0.006765127182006836,0.0,1.307677196779703,0.0,0.0,-6.923245736416741,110
2025-08-15 07:00:00,SAC Basic,0.39621447779568936,0.029231160879135132,0.0,1.5404825931896455,0.0,0.0,-7.622257063123489,110
2025-08-15 08:00:00,SAC Basic,0.392670928479608,0.020799487829208374,0.0,1.422364282653601,0.0,0.0,-7.267593154447882,110
2025-08-15 09:00:00,SAC Basic,0.388024181424656,0.01794859766960144,0.0,1.2674727141552014,0.0,0.0,-6.802805623320587,110
2025-08-15 10:00:00,SAC Basic,0.3837459310437547,0.006889253854751587,0.0,1.1248643681251564,0.0,0.0,-6.374841482890714,110
2025-08-15 11:00:00,SAC Basic,0.38280592456757784,0.0025288760662078857,0.0,1.0935308189192612,0.0,0.0,-6.280686638056992,110
2025-08-15 12:00:00,SAC Basic,0.37872670264500163,0.007790178060531616,0.0,0.957556754833388,0.0,0.0,-5.872878681081317,110
2025-08-15 13:00:00,SAC Basic,0.3752845436002414,0.009670406579971313,0.0,0.842818120008046,0.0,0.0,-5.528666570440931,110
2025-08-15 14:00:00,SAC Basic,0.3841927421700001,0.00971764326095581,0.0,1.1397580723333363,0.0,0.0,-6.419469042232039,110
2025-08-15 15:00:00,SAC Basic,0.39394158812001706,0.04237338900566101,0.0,1.4647196040005683,0.0,0.0,-7.395332837239266,110
2025-08-15 16:00:00,SAC Basic,0.39105214714558745,0.029072612524032593,0.0,1.3684049048529148,0.0,0.0,-7.105929174574041,110
2025-08-15 17:00:00,SAC Basic,0.38882718243818126,0.02875000238418579,0.0,1.2942394146060423,0.0,0.0,-6.883296469967208,110
2025-08-15 18:00:00,SAC Basic,0.38565911558992244,0.014717131853103638,0.0,1.1886371863307488,0.0,0.0,-6.5663462303346165,110
2025-08-15 19:00:00,SAC Basic,0.3900385493161075,0.007948428392410278,0.0,1.3346183105369152,0.0,0.0,-7.004081587213203,110
2025-08-15 20:00:00,SAC Basic,0.38893242142359546,0.025409013032913208,0.0,1.2977473807865154,0.0,0.0,-6.893924928466609,110
2025-08-15 21:00:00,SAC Basic,0.3857730987722885,0.021139830350875854,0.0,1.1924366257429513,0.0,0.0,-6.577775365662686,110
2025-08-15 22:00:00,SAC Basic,0.3956049220587502,0.012211054563522339,0.0,1.5201640686250073,0.0,0.0,-7.560825714724163,110
2025-08-15 23:00:00,SAC Basic,0.3942569873034081,0.01335248351097107,0.0,1.4752329101136028,0.0,0.0,-7.425977194300501,110
2025-08-16 00:00:00,SAC Basic,0.3924366737966944,0.010961741209030151,0.0,1.4145557932231456,0.0,0.0,-7.243910521916638,110
2025-08-16 01:00:00,SAC Basic,0.39049253703354675,0.017510205507278442,0.0,1.3497512344515585,0.0,0.0,-7.049669392107803,110
2025-08-16 02:00:00,SAC Basic,0.3917125092162986,0.015908628702163696,0.0,1.3904169738766186,0.0,0.0,-7.171585109971952,110
2025-08-16 03:00:00,SAC Basic,0.3891943281029134,0.019023269414901733,0.0,1.3064776034304473,0.0,0.0,-6.919844422086762,110
2025-08-16 04:00:00,SAC Basic,0.391445722249371,0.0079423189163208,0.0,1.3815240749790334,0.0,0.0,-7.1448418808204135,110
2025-08-16 05:00:00,SAC Basic,0.39797938479544714,0.010411590337753296,0.0,1.5993128265149055,0.0,0.0,-7.798171404065683,110
2025-08-16 06:00:00,SAC Basic,0.3960398805421769,0.020811408758163452,0.0,1.5346626847392315,0.0,0.0,-7.604508280577059,110
2025-08-16 07:00:00,SAC Basic,0.39722704773254813,0.00688508152961731,0.0,1.5742349244182705,0.0,0.0,-7.72298173815769,110
2025-08-16 08:00:00,SAC Basic,0.3976405533295955,0.014070123434066772,0.0,1.5880184443198502,-1.4210854715202004e-14,0.0,-7.764408585847279,110
2025-08-16 09:00:00,SAC Basic,0.40006752429015213,0.016008764505386353,0.0,1.6689174763384047,0.0,0.0,-8.007091990716035,110
2025-08-16 10:00:00,SAC Basic,0.40651007856398913,0.018435567617416382,0.0,1.8836692854663057,0.0,0.0,-8.65140083578238,110
2025-08-16 11:00:00,SAC Basic,0.41949783832529275,0.023422539234161377,0.0,2.3165946108430915,0.0,0.0,-9.950302153030126,110
2025-08-16 12:00:00,SAC Basic,0.42246817291932476,0.02570614218711853,0.0,2.415605763977493,0.0,0.0,-10.247354250805747,110
2025-08-16 13:00:00,SAC Basic,0.42129339625606393,0.043013542890548706,0.0,2.3764465418687992,0.0,0.0,-10.130372970471237,110
2025-08-16 14:00:00,SAC Basic,0.4199105434375655,0.01749560236930847,0.0,2.3303514479188494,0.0,0.0,-9.991659435209149,110
2025-08-16 15:00:00,SAC Basic,0.4156519320011423,0.05531430244445801,0.0,2.1883977333714113,0.0,0.0,-9.566677673163872,110
2025-08-16 16:00:00,SAC Basic,0.4099585061171311,0.03508910536766052,0.0,1.998616870571037,0.0,0.0,-8.996754645791228,110
2025-08-16 17:00:00,SAC Basic,0.4049021021690361,0.023648887872695923,0.0,1.8300700723012029,0.0,0.0,-8.490797596836012,110
2025-08-16 18:00:00,SAC Basic,0.40009484228858877,0.02115011215209961,0.0,1.6698280762862923,0.0,0.0,-8.009932218859126,110
2025-08-16 19:00:00,SAC Basic,0.39522109519442494,0.0217457115650177,0.0,1.5073698398141646,0.0,0.0,-7.5225503896679236,110
2025-08-16 20:00:00,SAC Basic,0.3917462963026814,0.03410354256629944,0.0,1.3915432100893796,0.0,0.0,-7.175435279429475,110
2025-08-16 21:00:00,SAC Basic,0.3876862851955341,0.02320617437362671,0.0,1.2562095065178043,0.0,0.0,-6.7692016167228095,110
2025-08-16 22:00:00,SAC Basic,0.3837558967587215,0.02258002758026123,0.0,1.1251965586240502,0.0,0.0,-6.376047537891689,110
2025-08-16 23:00:00,SAC Basic,0.38011978930111484,0.015160739421844482,0.0,1.003992976703829,0.0,0.0,-6.012356337781505,110
2025-08-17 00:00:00,SAC Basic,0.3768398664465763,0.01268535852432251,0.0,0.8946622148858779,0.0,0.0,-5.684265105637091,110
2025-08-17 01:00:00,SAC Basic,0.3739164077650801,0.013675987720489502,0.0,0.797213592169338,0.0,0.0,-5.3919242025543825,110
2025-08-17 02:00:00,SAC Basic,0.3713162460945215,0.015493035316467285,0.0,0.710541536484051,0.0,0.0,-5.13195264063444,110
2025-08-17 03:00:00,SAC Basic,0.3689631535681039,0.011177361011505127,0.0,0.6321051189367964,0.0,0.0,-4.896582060773667,110
2025-08-17 04:00:00,SAC Basic,0.3668454047160104,0.01118883490562439,0.0,0.5615134905336803,0.0,0.0,-4.684764363038092,110
2025-08-17 05:00:00,SAC Basic,0.36496704522389967,0.011893659830093384,0.0,0.49890150746332157,0.0,0.0,-4.496949443835812,110
2025-08-17 06:00:00,SAC Basic,0.3632823474389803,0.01383557915687561,0.0,0.44274491463267795,0.0,0.0,-4.328530874674435,110
2025-08-17 07:00:00,SAC Basic,0.3616952654825293,0.01571759581565857,0.0,0.38984218275097504,-1.4210854715202004e-14,0.0,-4.169859720335829,110
2025-08-17 08:00:00,SAC Basic,0.3604679712381342,0.010244101285934448,0.0,0.34893237460447185,0.0,0.0,-4.0470567407844324,110
2025-08-17 09:00:00,SAC Basic,0.35876876938853075,0.005531758069992065,0.0,0.2922923129510238,0.0,0.0,-3.877034697446634,110
2025-08-17 10:00:00,SAC Basic,0.3566282462404377,0.0037845969200134277,0.0,0.2209415413479235,0.0,0.0,-3.66291778759367,110
2025-08-17 11:00:00,SAC Basic,0.3548481066430396,0.003561675548553467,0.0,0.1616035547679857,-1.4210854715202004e-14,0.0,-3.484884127028647,110
2025-08-17 12:00:00,SAC Basic,0.3531727269253242,0.004643648862838745,0.0,0.10575756417747187,0.0,0.0,-3.3173763852428184,110
2025-08-17 13:00:00,SAC Basic,0.3516123268159426,0.004124194383621216,0.0,0.0537442271980865,0.0,0.0,-3.161320360026726,110
2025-08-17 14:00:00,SAC Basic,0.35136691492916916,0.005440264940261841,0.0,0.04556383097230565,0.0,0.0,-3.136813458921287,110
2025-08-17 15:00:00,SAC Basic,0.3507984438294331,0.004573464393615723,0.0,0.0266147943144361,0.0,0.0,-3.0799445202366473,110
2025-08-17 16:00:00,SAC Basic,0.35092265652461285,0.006019026041030884,0.0,0.03075521748709491,0.0,0.0,-3.092400488598579,110
2025-08-17 17:00:00,SAC Basic,0.3509177602802822,0.007623136043548584,0.0,0.03059200934274031,0.0,0.0,-3.091944531849116,110
2025-08-17 18:00:00,SAC Basic,0.3514746429934897,0.00971958041191101,0.0,0.04915476644965651,0.0,0.0,-3.1476796554008897,110
2025-08-17 19:00:00,SAC Basic,0.35119647947396015,0.007433593273162842,0.0,0.03988264913200652,0.0,0.0,-3.119819479132865,110
2025-08-17 20:00:00,SAC Basic,0.35094303211979727,0.006400197744369507,0.0,0.0314344039932422,0.0,0.0,-3.0944415498899014,110
2025-08-17 21:00:00,SAC Basic,0.35071655089640014,0.006940662860870361,0.0,0.02388502988000454,0.0,0.0,-3.071799307548395,110
2025-08-17 22:00:00,SAC Basic,0.35051345897910047,0.0071877241134643555,0.0,0.017115299303350186,0.0,0.0,-3.0514921230048415,110
2025-08-17 23:00:00,SAC Basic,0.3503561069631313,0.007164627313613892,0.0,0.01187023210437559,0.0,0.0,-3.0357542198273997,110
2025-08-18 00:00:00,SAC Basic,0.3502127368781329,0.0065802037715911865,0.0,0.007091229271097177,0.0,0.0,-3.0214111361241436,110
2025-08-18 01:00:00,SAC Basic,0.35008274133563283,0.0062593817710876465,0.0,0.002758044521095826,0.0,0.0,-3.008402529418709,110
2025-08-18 02:00:00,SAC Basic,0.34996105464260024,0.00599399209022522,0.0,0.0,0.0,0.0,-2.996227997998637,110
2025-08-18 03:00:00,SAC Basic,0.3498661922919774,0.005541294813156128,0.0,0.0,0.0,0.0,-2.986734582066774,110
2025-08-18 04:00:00,SAC Basic,0.34977138954599934,0.005559176206588745,0.0,0.0,0.0,0.0,-2.977250316938,110
2025-08-18 05:00:00,SAC Basic,0.34967738202532367,0.005797743797302246,0.0,0.0,0.0,0.0,-2.967856543084219,110
2025-08-18 06:00:00,SAC Basic,0.34955534068465466,0.0058875977993011475,0.0,0.0,0.0,0.0,-2.9556527189614714,110
2025-08-18 07:00:00,SAC Basic,0.34926446362138025,0.0062368810176849365,0.0,0.0,0.0,0.0,-2.926574592590562,110
2025-08-18 08:00:00,SAC Basic,0.3485751029431843,0.005691796541213989,0.0,0.0,0.0,0.0,-2.857629581094016,110
2025-08-18 09:00:00,SAC Basic,0.3474583968222164,0.004988163709640503,0.0,0.0,0.0,0.0,-2.7459464818241486,110
2025-08-18 10:00:00,SAC Basic,0.3459675116423789,0.0032344460487365723,0.0,0.0,0.0,0.0,-2.596833390335471,110
2025-08-18 11:00:00,SAC Basic,0.3441906963535173,0.002455413341522217,0.0,0.0,0.0,0.0,-2.4191265339456307,110
2025-08-18 12:00:00,SAC Basic,0.34224394464294344,0.002474486827850342,0.0,0.0,0.0,0.0,-2.224444144765764,110
2025-08-18 13:00:00,SAC Basic,0.340496704450848,0.002827942371368408,0.0,0.0,0.0,0.0,-2.0497305384876623,110
2025-08-18 14:00:00,SAC Basic,0.33883466443101795,0.0028879940509796143,0.0,0.0,0.0,0.0,-1.8835248034996102,110
2025-08-18 15:00:00,SAC Basic,0.3375726418523017,0.003893226385116577,0.0,0.0,0.0,0.0,-1.757352102081211,110
2025-08-18 16:00:00,SAC Basic,0.33657139695048566,0.0056265294551849365,0.0,0.0,0.0,0.0,-1.6572695586683694,110
2025-08-18 17:00:00,SAC Basic,0.33599438811580573,0.00539734959602356,0.0,0.0,0.0,0.0,-1.5995490503710845,110
2025-08-18 18:00:00,SAC Basic,0.3357517436619623,0.0037066638469696045,0.0,0.0,0.0,0.0,-1.5752654063306601,110
2025-08-18 19:00:00,SAC Basic,0.3355908452912195,0.0027304887771606445,0.0,0.0,0.0,0.0,-1.5591489006481924,110
2025-08-18 20:00:00,SAC Basic,0.33543068701148265,0.0029525160789489746,0.0,0.0,0.0,0.0,-1.5431299717428615,110
2025-08-18 21:00:00,SAC Basic,0.33527184549769,0.003347545862197876,0.0,0.0,0.0,0.0,-1.527255450984077,110
2025-08-18 22:00:00,SAC Basic,0.33514176547726227,0.0034759938716888428,0.0,0.0,0.0,0.0,-1.5142473520837547,110
2025-08-18 23:00:00,SAC Basic,0.33501167403261095,0.003472566604614258,0.0,0.0,0.0,0.0,-1.5012368888658574,110
2025-08-19 00:00:00,SAC Basic,0.3348515202232225,0.002953857183456421,0.0,0.0,0.0,0.0,-1.4852162865601308,110
2025-08-19 01:00:00,SAC Basic,0.33466211715579264,0.00267907977104187,0.0,0.0,0.0,0.0,-1.4662680449488081,110
2025-08-19 02:00:00,SAC Basic,0.3344734929223878,0.0029127299785614014,0.0,0.0,0.0,0.0,-1.4474098833404274,110
2025-08-19 03:00:00,SAC Basic,0.3342861765142305,0.00330507755279541,0.0,0.0,0.0,0.0,-1.4286876764498457,110
2025-08-19 04:00:00,SAC Basic,0.3340989346118791,0.0033274292945861816,0.0,0.0,0.0,0.0,-1.4099602332912207,110
2025-08-19 05:00:00,SAC Basic,0.3339408908069157,0.0035868585109710693,0.0,0.0,0.0,0.0,-1.3941634121539517,110
2025-08-19 06:00:00,SAC Basic,0.3337836571284158,0.0038298964500427246,0.0,0.0,0.0,0.0,-1.3784447411499698,110
2025-08-19 07:00:00,SAC Basic,0.33345538384557,0.003518015146255493,0.0,0.0,0.0,0.0,-1.345611863672962,110
2025-08-19 08:00:00,SAC Basic,0.33273708435019084,0.005510151386260986,0.0,0.0,0.0,0.0,-1.2738385594092083,110
2025-08-19 09:00:00,SAC Basic,0.3315873778522037,0.003588050603866577,0.0,0.0,0.0,0.0,-1.158828767240272,110
2025-08-19 10:00:00,SAC Basic,0.3300666503481093,0.0027817487716674805,0.0,0.0,0.0,0.0,-1.0067287328046826,110
2025-08-19 11:00:00,SAC Basic,0.3282633599007152,0.0030128657817840576,0.0,0.0,0.0,0.0,-0.8263985585572563,110
2025-08-19 12:00:00,SAC Basic,0.3263491317300024,0.00373154878616333,0.0,0.0,0.0,0.0,-0.634994990806007,110
2025-08-19 13:00:00,SAC Basic,0.3244362734727087,0.0041425228118896484,0.0,0.0,0.0,0.0,-0.4437143074673647,110
2025-08-19 14:00:00,SAC Basic,0.32271717190544036,0.0027695298194885254,0.0,0.0,0.0,0.0,-0.27178631107034895,110
2025-08-19 15:00:00,SAC Basic,0.3212835986125492,0.0034280121326446533,0.0,0.0,0.0,0.0,-0.12843500632070196,110
2025-08-19 16:00:00,SAC Basic,0.32024846125086376,0.003958791494369507,0.0,0.0,0.0,0.0,-0.024930608709879818,110
2025-08-19 17:00:00,SAC Basic,0.31966836688240596,0.004471689462661743,0.0,0.0,0.0,0.0,0.9999054372310638,110
2025-08-19 18:00:00,SAC Basic,0.31945371750553675,0.003605186939239502,0.0,0.0,0.0,0.0,0.999919231235981,110
2025-08-19 19:00:00,SAC Basic,0.319350173241697,0.002936720848083496,0.0,0.0,0.0,0.0,0.9999345809221267,110
2025-08-19 20:00:00,SAC Basic,0.31925016005635487,0.003996044397354126,0.0,0.0,0.0,0.0,0.9999094858765603,110
2025-08-19 21:00:00,SAC Basic,0.319179224268995,0.004219263792037964,0.0,0.0,0.0,0.0,0.9999133825302124,110
2025-08-19 22:00:00,SAC Basic,0.3190777969634555,0.003571808338165283,0.0,0.0,0.0,0.0,0.999922089278698,110
2025-08-19 23:00:00,SAC Basic,0.31897641038775665,0.0035840272903442383,0.0,0.0,0.0,0.0,0.9999281972646713,110
2025-08-20 00:00:00,SAC Basic,0.3188467346855027,0.0035972893238067627,0.0,0.0,0.0,0.0,0.9999279215931892,110
2025-08-20 01:00:00,SAC Basic,0.3187163799870036,0.0033935904502868652,0.0,0.0,0.0,0.0,0.9999300912022591,110
2025-08-20 02:00:00,SAC Basic,0.31858786955555496,0.003946870565414429,0.0,0.0,0.0,0.0,0.9999155297875405,110
2025-08-20 03:00:00,SAC Basic,0.3184295530593417,0.0035050511360168457,0.0,0.0,0.0,0.0,0.9999254807829857,110
2025-08-20 04:00:00,SAC Basic,0.3182711615606171,0.0034825503826141357,0.0,0.0,0.0,0.0,0.9999301239848136,110
2025-08-20 05:00:00,SAC Basic,0.31811302834868643,0.0035600364208221436,0.0,0.0,0.0,0.0,0.9999280244112014,110
2025-08-20 06:00:00,SAC Basic,0.3179258698928378,0.0033524632453918457,0.0,0.0,0.0,0.0,0.9999308750033379,110
2025-08-20 07:00:00,SAC Basic,0.31759849813024416,0.003788471221923828,0.0,0.0,0.0,0.0,0.9999198704957962,110
2025-08-20 08:00:00,SAC Basic,0.31690062789559575,0.003138929605484009,0.0,0.0,0.0,0.0,0.9999307259917259,110
2025-08-20 09:00:00,SAC Basic,0.31574999901573075,0.003311336040496826,0.0,0.0,0.0,0.0,0.9999320492148399,110
2025-08-20 10:00:00,SAC Basic,0.3142293951912742,0.002818852663040161,0.0,0.0,0.0,0.0,0.9999386981129647,110
2025-08-20 11:00:00,SAC Basic,0.31318008854111246,0.0037080049514770508,0.0,0.0,0.0,0.0,0.9999169483780861,110
2025-08-20 12:00:00,SAC Basic,0.3114055273012341,0.0031316280364990234,0.0,0.0,0.0,0.0,0.9999316036701202,110
2025-08-20 13:00:00,SAC Basic,0.3096875358704747,0.0031025707721710205,0.0,0.0,0.0,0.0,0.9999376580119133,110
2025-08-20 14:00:00,SAC Basic,0.308252637367648,0.003030449151992798,0.0,0.0,0.0,0.0,0.9999386698007584,110
2025-08-20 15:00:00,SAC Basic,0.3088126596740903,0.008006691932678223,0.0,0.0,0.0,0.0,0.9997901037335396,110
2025-08-20 16:00:00,SAC Basic,0.30997729945540636,0.0023919343948364258,0.0,0.0,0.0,0.0,0.9998960137367249,110
2025-08-20 17:00:00,SAC Basic,0.3160301979625246,0.00936955213546753,0.0,0.0,0.0,0.0,0.9997428327798843,110
2025-08-20 18:00:00,SAC Basic,0.3275750363751273,0.005951523780822754,0.0,0.0,0.0,0.0,-0.7576568482718926,110
2025-08-20 19:00:00,SAC Basic,0.3305541983258745,0.0022485852241516113,0.0,0.0,0.0,0.0,-1.0555018336775006,110
2025-08-20 20:00:00,SAC Basic,0.33748759927312744,0.005520284175872803,0.0,0.0,0.0,0.0,-1.7489030499857776,110
2025-08-20 21:00:00,SAC Basic,0.34305527845104744,0.00430375337600708,0.0,0.0,0.0,0.0,-2.305626085480262,110
2025-08-20 22:00:00,SAC Basic,0.3523919697426577,0.006239712238311768,0.0,0.07973232475525549,0.0,0.0,-3.239341128099157,110
2025-08-20 23:00:00,SAC Basic,0.3568904473489659,0.004724860191345215,0.0,0.2296815782988645,0.0,0.0,-3.689154380620887,110
2025-08-21 00:00:00,SAC Basic,0.3606367181918148,0.003938525915145874,0.0,0.3545572730604931,0.0,0.0,-4.063758453042545,110
2025-08-21 01:00:00,SAC Basic,0.362185548629742,0.004834085702896118,0.0,0.4061849543247334,0.0,0.0,-4.218660500286135,110
2025-08-21 02:00:00,SAC Basic,0.3629540210578273,0.004842430353164673,0.0,0.43180070192757686,0.0,0.0,-4.295499037836297,110
2025-08-21 03:00:00,SAC Basic,0.36365866836787136,0.009183138608932495,0.0,0.45528894559571287,0.0,0.0,-4.366093906641872,110
2025-08-21 04:00:00,SAC Basic,0.364596749984749,0.010482817888259888,0.0,0.486558332824967,0.0,0.0,-4.459897651625458,110
2025-08-21 05:00:00,SAC Basic,0.36514792386966455,0.012782961130142212,0.0,0.5049307956554842,0.0,0.0,-4.515071047621476,110
2025-08-21 06:00:00,SAC Basic,0.3652897813848034,0.011716634035110474,0.0,0.5096593794934464,0.0,0.0,-4.529223134431992,110
2025-08-21 07:00:00,SAC Basic,0.36416144412309315,0.010046958923339844,0.0,0.47204813743643687,0.0,0.0,-4.4163620482388986,110
2025-08-21 08:00:00,SAC Basic,0.36226582235530363,0.010174214839935303,0.0,0.4088607451767871,0.0,0.0,-4.2267869923863275,110
2025-08-21 09:00:00,SAC Basic,0.36148858646829735,0.011282116174697876,0.0,0.3829528822765781,0.0,0.0,-4.149095368166575,110
2025-08-21 10:00:00,SAC Basic,0.361151381022094,0.015051066875457764,0.0,0.3717127007364667,0.0,0.0,-4.115476813053915,110
2025-08-21 11:00:00,SAC Basic,0.36023850034233185,0.011919140815734863,0.0,0.3412833447443944,0.0,0.0,-4.024119736310096,110
2025-08-21 12:00:00,SAC Basic,0.3584631248321198,0.0044915080070495605,0.0,0.2821041610706601,0.0,0.0,-3.8464765897002056,110
2025-08-21 13:00:00,SAC Basic,0.3562478866921123,0.0026914477348327637,0.0,0.20826288973707677,0.0,0.0,-3.624860498768651,110
2025-08-21 14:00:00,SAC Basic,0.35430465380569603,0.002518594264984131,0.0,0.14348846018986877,0.0,0.0,-3.430517480989601,110
2025-08-21 15:00:00,SAC Basic,0.35567539428121125,0.004401952028274536,0.0,0.18917980937370943,0.0,0.0,-3.567646300739323,110
2025-08-21 16:00:00,SAC Basic,0.35687015468805683,0.006433278322219849,0.0,0.2290051562685605,0.0,0.0,-3.6871644476350656,110
2025-08-21 17:00:00,SAC Basic,0.3586182883288531,0.013716369867324829,0.0,0.28727627762843755,0.0,0.0,-3.8621759911981086,110
2025-08-21 18:00:00,SAC Basic,0.35940337521452326,0.008471906185150146,0.0,0.3134458404841084,0.0,0.0,-3.9405594042128502,110
2025-08-21 19:00:00,SAC Basic,0.3583804309583183,0.00646442174911499,0.0,0.2793476986106086,0.0,0.0,-3.8381924591111702,110
2025-08-21 20:00:00,SAC Basic,0.3575376767704912,0.006929636001586914,0.0,0.25125589234970674,0.0,0.0,-3.7539109219116753,110
2025-08-21 21:00:00,SAC Basic,0.35675774724298964,0.008279383182525635,0.0,0.22525824143298934,1.4210854715202004e-14,0.0,-3.6759538094344237,110
2025-08-21 22:00:00,SAC Basic,0.35608253107334004,0.008686184883117676,0.0,0.2027510357780017,0.0,0.0,-3.6084308990486713,110
2025-08-21 23:00:00,SAC Basic,0.35544813086770316,0.008284300565719604,0.0,0.18160436225677332,0.0,0.0,-3.5449827916248036,110
2025-08-22 00:00:00,SAC Basic,0.3548758291310878,0.007837116718292236,0.0,0.1625276377029252,0.0,0.0,-3.487744127281618,110
2025-08-22 01:00:00,SAC Basic,0.354386409559978,0.007887780666351318,0.0,0.14621365199926828,1.4210854715202004e-14,0.0,-3.438799218250609,110
2025-08-22 02:00:00,SAC Basic,0.35394559085839955,0.007774084806442261,0.0,0.13151969527998517,0.0,0.0,-3.3947157044946823,110
2025-08-22 03:00:00,SAC Basic,0.3535231542024073,0.007707476615905762,0.0,0.11743847341357708,0.0,0.0,-3.3524702358549545,110
2025-08-22 04:00:00,SAC Basic,0.353117159910535,0.0076070427894592285,0.0,0.10390533035116647,0.0,0.0,-3.3118691362475525,110
2025-08-22 05:00:00,SAC Basic,0.3527274465609209,0.008000880479812622,0.0,0.09091488536403035,0.0,0.0,-3.272908612078591,110
2025-08-22 06:00:00,SAC Basic,0.3522941467772081,0.005981624126434326,0.0,0.0764715592402709,0.0,0.0,-3.2295545027668724,110
2025-08-22 07:00:00,SAC Basic,0.3517531653828163,0.00664442777633667,0.0,0.05843884609387687,0.0,0.0,-3.1754560548736563,110
2025-08-22 08:00:00,SAC Basic,0.35095475007177046,0.0048004090785980225,0.0,0.03182500239234827,0.0,0.0,-3.0955894555455945,110
2025-08-22 09:00:00,SAC Basic,0.34977620459438014,0.003436356782913208,0.0,0.0,0.0,0.0,-2.977702827096628,110
2025-08-22 10:00:00,SAC Basic,0.3482576824621424,0.0034433603286743164,0.0,0.0,0.0,0.0,-2.825837183456269,110
2025-08-22 11:00:00,SAC Basic,0.3464827387591267,0.0030168890953063965,0.0,0.0,0.0,0.0,-2.6483384784069104,110
2025-08-22 12:00:00,SAC Basic,0.3446528907001083,0.0035455822944641113,0.0,0.0,0.0,0.0,-2.4653652685887097,110
2025-08-22 13:00:00,SAC Basic,0.3428227078616684,0.003445148468017578,0.0,0.0,0.0,0.0,-2.282340693474465,110
2025-08-22 14:00:00,SAC Basic,0.34113281482260077,0.003032088279724121,0.0,0.0,0.0,0.0,-2.1133462546275537,110
2025-08-22 15:00:00,SAC Basic,0.33972654519280443,0.0031191110610961914,0.0,0.0,0.0,0.0,-1.9727177717294782,110
2025-08-22 16:00:00,SAC Basic,0.33869266399900766,0.004335641860961914,0.0,0.0,0.0,0.0,-1.8693652780459833,110
2025-08-22 17:00:00,SAC Basic,0.3380568144182429,0.004745125770568848,0.0,0.0,0.0,0.0,-1.805780439178799,110
2025-08-22 18:00:00,SAC Basic,0.33778611528278046,0.00379025936126709,0.0,0.0,0.0,0.0,-1.778696882129364,110
2025-08-22 19:00:00,SAC Basic,0.33762774067203855,0.003487616777420044,0.0,0.0,0.0,0.0,-1.7628468459652407,110
2025-08-22 20:00:00,SAC Basic,0.3374699725385572,0.003669559955596924,0.0,0.0,0.0,0.0,-1.7470724644866136,110
2025-08-22 21:00:00,SAC Basic,0.3372861122063861,0.00434190034866333,0.0,0.0,0.0,0.0,-1.7287047820495134,110
2025-08-22 22:00:00,SAC Basic,0.3370994598933126,0.0035043060779571533,0.0,0.0,0.0,0.0,-1.7100244513955236,110
2025-08-22 23:00:00,SAC Basic,0.33691499854764,0.0041615962982177734,0.0,0.0,0.0,0.0,-1.6915896595921671,110
2025-08-23 00:00:00,SAC Basic,0.336727786447611,0.0033363699913024902,0.0,0.0,0.0,0.0,-1.6728536244239922,110
2025-08-23 01:00:00,SAC Basic,0.33654075117469484,0.003389418125152588,0.0,0.0,0.0,0.0,-1.654143436313325,110
2025-08-23 02:00:00,SAC Basic,0.33638176909328155,0.003305375576019287,0.0,0.0,0.0,0.0,-1.6382438572651659,110
2025-08-23 03:00:00,SAC Basic,0.336222891816702,0.0033368170261383057,0.0,0.0,0.0,0.0,-1.6223562324252239,110
2025-08-23 04:00:00,SAC Basic,0.3360663947522705,0.004050880670547485,0.0,0.0,0.0,0.0,-1.6067276334769058,110
2025-08-23 05:00:00,SAC Basic,0.3359378118018374,0.003925114870071411,0.0,0.0,0.0,0.0,-1.5938609401391461,110
2025-08-23 06:00:00,SAC Basic,0.3357526108618642,0.003939718008041382,0.0,0.0,0.0,0.0,-1.5753400265779596,110
2025-08-23 07:00:00,SAC Basic,0.3353977481782501,0.004041194915771484,0.0,0.0,0.0,0.0,-1.5398566564923997,110
2025-08-23 08:00:00,SAC Basic,0.33459253636718445,0.0049364566802978516,0.0,0.0,0.0,0.0,-1.459361318469695,110
2025-08-23 09:00:00,SAC Basic,0.3333860479668841,0.0035534799098968506,0.0,0.0,0.0,0.0,-1.3386896960543104,110
2025-08-23 10:00:00,SAC Basic,0.3318378603375023,0.0030437111854553223,0.0,0.0,0.0,0.0,-1.1838520056611816,110
2025-08-23 11:00:00,SAC Basic,0.33011774847150493,0.002466440200805664,0.0,0.0,0.0,0.0,-1.0118299486643556,110
2025-08-23 12:00:00,SAC Basic,0.3282564889959559,0.002622157335281372,0.0,0.0,0.0,0.0,-0.8257028999136383,110
2025-08-23 13:00:00,SAC Basic,0.32647985798478774,0.0025106966495513916,0.0,0.0,0.0,0.0,-0.6480371270186212,110
2025-08-23 14:00:00,SAC Basic,0.32478989888390547,0.0030122697353363037,0.0,0.0,0.0,0.0,-0.47905514951611095,110
2025-08-23 15:00:00,SAC Basic,0.3233555035436218,0.0031813979148864746,0.0,0.0,0.0,0.0,-0.33561567360227285,110
2025-08-23 16:00:00,SAC Basic,0.32225994243582734,0.00283166766166687,0.0,0.0,0.0,0.0,-0.22605437423849886,110
2025-08-23 17:00:00,SAC Basic,0.3215655531124338,0.0041832029819488525,0.0,0.0,0.0,0.0,-0.15665249065621997,110
2025-08-23 18:00:00,SAC Basic,0.32120683649182963,0.0028850138187408447,0.0,0.0,0.0,0.0,-0.12075433135096905,110
2025-08-23 19:00:00,SAC Basic,0.3209901496295198,0.002993941307067871,0.0,0.0,0.0,0.0,-0.09907593105300672,110
2025-08-23 20:00:00,SAC Basic,0.3208026221215789,0.0032417476177215576,0.0,0.0,0.0,0.0,-0.08032952517334983,110
2025-08-23 21:00:00,SAC Basic,0.3206151105082099,0.003246515989303589,0.0,0.0,0.0,0.0,-0.06157602882449118,110
2025-08-23 22:00:00,SAC Basic,0.32039783604344374,0.0028176605701446533,0.0,0.0,0.0,0.0,-0.03984424610996781,110
2025-08-23 23:00:00,SAC Basic,0.32015121496638305,0.002513676881790161,0.0,0.0,0.0,0.0,-0.015174810012823326,110
2025-08-24 00:00:00,SAC Basic,0.31987631271005323,0.002529323101043701,0.0,0.0,0.0,0.0,0.9999492570757866,110
2025-08-24 01:00:00,SAC Basic,0.31960043144743294,0.002235621213912964,0.0,0.0,0.0,0.0,0.9999523505568504,110
2025-08-24 02:00:00,SAC Basic,0.3193255793583458,0.0025443732738494873,0.0,0.0,0.0,0.0,0.9999460250139236,110
2025-08-24 03:00:00,SAC Basic,0.31905061501384435,0.0025106966495513916,0.0,0.0,0.0,0.0,0.999949449300766,110
2025-08-24 04:00:00,SAC Basic,0.3187751470100945,0.0023595988750457764,0.0,0.0,0.0,0.0,0.999951297044754,110
2025-08-24 05:00:00,SAC Basic,0.31852969567418754,0.0028645992279052734,0.0,0.0,0.0,0.0,0.9999376580119134,110
2025-08-24 06:00:00,SAC Basic,0.3182552002195583,0.0026513636112213135,0.0,0.0,0.0,0.0,0.9999448403716087,110
2025-08-24 07:00:00,SAC Basic,0.31781179503322304,0.0029784440994262695,0.0,0.0,0.0,0.0,0.9999371603131294,110
2025-08-24 08:00:00,SAC Basic,0.31724813503703136,0.002902001142501831,0.0,0.0,0.0,0.0,0.9999411955475808,110
2025-08-24 09:00:00,SAC Basic,0.31645854697506287,0.0031235814094543457,0.0,0.0,0.0,0.0,0.9999353125691414,110
2025-08-24 10:00:00,SAC Basic,0.3150233479654854,0.0029402971267700195,0.0,0.0,0.0,0.0,0.9999393612146378,110
2025-08-24 11:00:00,SAC Basic,0.3141252506856189,0.0065708160400390625,0.0,0.0,0.0,0.0,0.9998322784900665,110
2025-08-24 12:00:00,SAC Basic,0.31514163324237526,0.004414767026901245,0.0,0.0,0.0,0.0,0.9998901441693306,110
2025-08-24 13:00:00,SAC Basic,0.3141300987049009,0.0045396387577056885,0.0,0.0,0.0,0.0,0.9999079585075379,110
2025-08-24 14:00:00,SAC Basic,0.31349577820897756,0.009203851222991943,0.0,0.0,0.0,0.0,0.9997692808508872,110
2025-08-24 15:00:00,SAC Basic,0.31238262154460605,0.0060530006885528564,0.0,0.0,0.0,0.0,0.9998474314808845,110
2025-08-24 16:00:00,SAC Basic,0.31151731927673676,0.003909319639205933,0.0,0.0,0.0,0.0,0.9999003767967224,110
2025-08-24 17:00:00,SAC Basic,0.3122129239928788,0.004181414842605591,0.0,0.0,0.0,0.0,0.9999136507511138,110
2025-08-24 18:00:00,SAC Basic,0.31285547297756533,0.003264695405960083,0.0,0.0,0.0,0.0,0.9999255388975143,110
2025-08-24 19:00:00,SAC Basic,0.3126351273834771,0.0018963217735290527,0.0,0.0,0.0,0.0,0.9999483898282051,110
2025-08-24 20:00:00,SAC Basic,0.3133068774457838,0.0035250186920166016,0.0,0.0,0.0,0.0,0.9999132126569747,110
2025-08-24 21:00:00,SAC Basic,0.31300361950437877,0.0025226175785064697,0.0,0.0,0.0,0.0,0.9999395236372948,110
2025-08-24 22:00:00,SAC Basic,0.3126992712946798,0.0021955370903015137,0.0,0.0,0.0,0.0,0.999952818453312,110
2025-08-24 23:00:00,SAC Basic,0.31273016972741136,0.0027695298194885254,0.0,0.0,0.0,0.0,0.9999388694763183,110
2025-08-25 00:00:00,SAC Basic,0.3127610552458033,0.002765655517578125,0.0,0.0,0.0,0.0,0.9999446481466293,110
2025-08-25 01:00:00,SAC Basic,0.3124867321479385,0.002703070640563965,0.0,0.0,0.0,0.0,0.9999453127384186,110
2025-08-25 02:00:00,SAC Basic,0.3128528831835652,0.003345310688018799,0.0,0.0,0.0,0.0,0.9999266713857651,110
2025-08-25 03:00:00,SAC Basic,0.3125203471752072,0.0022391974925994873,0.0,0.0,0.0,0.0,0.9999441549181939,110
2025-08-25 04:00:00,SAC Basic,0.3121881399858062,0.002337843179702759,0.0,0.0,0.0,0.0,0.9999522566795349,110
2025-08-25 05:00:00,SAC Basic,0.3118275527727668,0.002323836088180542,0.0,0.0,0.0,0.0,0.9999533832073212,110
2025-08-25 06:00:00,SAC Basic,0.31143767507514003,0.0020366907119750977,0.0,0.0,0.0,0.0,0.9999563947319984,110
2025-08-25 07:00:00,SAC Basic,0.3133392653675938,0.006477087736129761,0.0,0.0,0.0,0.0,0.9998260542750359,110
2025-08-25 08:00:00,SAC Basic,0.31417473779639254,0.005641728639602661,0.0,0.0,0.0,0.0,0.9998788118362426,110
2025-08-25 09:00:00,SAC Basic,0.3131909503670598,0.0023637712001800537,0.0,0.0,0.0,0.0,0.9999199450016022,110
2025-08-25 10:00:00,SAC Basic,0.3118433252847259,0.003712475299835205,0.0,0.0,0.0,0.0,0.9999122634530068,110
2025-08-25 11:00:00,SAC Basic,0.310835187218593,0.005558580160140991,0.0,0.0,0.0,0.0,0.9998703673481941,110
2025-08-25 12:00:00,SAC Basic,0.30921594012221343,0.0072258710861206055,0.0,0.0,0.0,0.0,0.9998388096690178,110
2025-08-25 13:00:00,SAC Basic,0.30757029286981274,0.007805824279785156,0.0,0.0,0.0,0.0,0.9998380839824677,110
2025-08-25 14:00:00,SAC Basic,0.30608858382503834,0.005987286567687988,0.0,0.0,0.0,0.0,0.9998620688915253,110
2025-08-25 15:00:00,SAC Basic,0.3048201678860252,0.010475218296051025,0.0,0.0,0.0,0.0,0.9997456163167954,110
2025-08-25 16:00:00,SAC Basic,0.3038906249225204,0.010137110948562622,0.0,0.0,0.0,0.0,0.9997938767075539,110
2025-08-25 17:00:00,SAC Basic,0.3032873207366531,0.006008744239807129,0.0,0.0,0.0,0.0,0.9998385414481163,110
2025-08-25 18:00:00,SAC Basic,0.30287341018081354,0.0033268332481384277,0.0,0.0,0.0,0.0,0.9999066442251205,110
2025-08-25 19:00:00,SAC Basic,0.3025442448151176,0.0032503902912139893,0.0,0.0,0.0,0.0,0.9999342277646065,110
2025-08-25 20:00:00,SAC Basic,0.3021579478665257,0.003110915422439575,0.0,0.0,0.0,0.0,0.9999363869428635,110
2025-08-25 21:00:00,SAC Basic,0.3017723199800714,0.003311634063720703,0.0,0.0,0.0,0.0,0.9999317601323128,110
2025-08-25 22:00:00,SAC Basic,0.3013854602642918,0.0029420852661132812,0.0,0.0,0.0,0.0,0.9999374628067017,110
2025-08-25 23:00:00,SAC Basic,0.30102692891479177,0.0029405951499938965,0.0,0.0,0.0,0.0,0.999941173195839,110
2025-08-26 00:00:00,SAC Basic,0.30066947938959443,0.0032651424407958984,0.0,0.0,0.0,0.0,0.9999314516782761,110
2025-08-26 01:00:00,SAC Basic,0.30034363747955006,0.004247426986694336,0.0,0.0,0.0,0.0,0.9999052286148071,110
2025-08-26 02:00:00,SAC Basic,0.3000754884294733,0.0045552849769592285,0.0,0.0,0.0,0.0,0.9999058157205581,110
2025-08-26 03:00:00,SAC Basic,0.2997997830005551,0.0022883713245391846,0.0,0.0,0.0,0.0,0.9999315634369851,110
2025-08-26 04:00:00,SAC Basic,0.29952558904608734,0.0027418136596679688,0.0,0.0,0.0,0.0,0.9999406293034554,110
2025-08-26 05:00:00,SAC Basic,0.3043350991873011,0.0023530423641204834,0.0,0.0,0.0,0.0,0.9999490514397621,110
2025-08-26 06:00:00,SAC Basic,0.3084219390968546,0.0025519728660583496,0.0,0.0,0.0,0.0,0.9999469712376594,110
2025-08-26 07:00:00,SAC Basic,0.30872637048205387,0.0018294155597686768,0.0,0.0,0.0,0.0,0.9999561861157418,110
2025-08-26 08:00:00,SAC Basic,0.3081433808179761,0.0036031007766723633,0.0,0.0,0.0,0.0,0.9999102011322976,110
2025-08-26 09:00:00,SAC Basic,0.3077833818169499,0.004500299692153931,0.0,0.0,0.0,0.0,0.999901022017002,110
2025-08-26 10:00:00,SAC Basic,0.30687660213272416,0.008466094732284546,0.0,0.0,0.0,0.0,0.999791020154953,110
2025-08-26 11:00:00,SAC Basic,0.306373773525165,0.01465141773223877,0.0,0.0,0.0,0.0,0.9996451184153557,110
2025-08-26 12:00:00,SAC Basic,0.30552156750401505,0.009838193655014038,0.0,0.0,0.0,0.0,0.9997551038861274,110
2025-08-26 13:00:00,SAC Basic,0.30416340355834015,0.009050816297531128,0.0,0.0,0.0,0.0,0.9998111099004746,110
2025-08-26 14:00:00,SAC Basic,0.30269737252196316,0.010690689086914062,0.0,0.0,0.0,0.0,0.9997697874903679,110
2025-08-26 15:00:00,SAC Basic,0.3015598665980562,0.007248222827911377,0.0,0.0,0.0,0.0,0.9998206108808517,110
2025-08-26 16:00:00,SAC Basic,0.3006138434469764,0.005193054676055908,0.0,0.0,0.0,0.0,0.9998755872249603,110
2025-08-26 17:00:00,SAC Basic,0.30000967201352763,0.005748569965362549,0.0,0.0,0.0,0.0,0.9998794734477997,110
2025-08-26 18:00:00,SAC Basic,0.2996841018013223,0.004328936338424683,0.0,0.0,0.0,0.0,0.999899224936962,110
2025-08-26 19:00:00,SAC Basic,0.29944463278492933,0.004659295082092285,0.0,0.0,0.0,0.0,0.9999035105109214,110
2025-08-26 20:00:00,SAC Basic,0.2991467785012786,0.004143714904785156,0.0,0.0,0.0,0.0,0.9999119699001312,110
2025-08-26 21:00:00,SAC Basic,0.29915130558690073,0.003358125686645508,0.0,0.0,0.0,0.0,0.9999249815940856,110
2025-08-26 22:00:00,SAC Basic,0.2987948345712884,0.0035586953163146973,0.0,0.0,0.0,0.0,0.999926820397377,110
2025-08-26 23:00:00,SAC Basic,0.299868173763361,0.007001757621765137,0.0,0.0,0.0,0.0,0.9998255342245101,110
2025-08-27 00:00:00,SAC Basic,0.3029898657675648,0.004507601261138916,0.0,0.0,0.0,0.0,0.999884906411171,110
2025-08-27 01:00:00,SAC Basic,0.31515883372665093,0.0016903877258300781,0.0,0.0,0.0,0.0,0.9999380201101303,110
2025-08-27 02:00:00,SAC Basic,0.32572091155807814,0.00262334942817688,0.0,0.0,0.0,0.0,-0.5721529524134005,110
2025-08-27 03:00:00,SAC Basic,0.3282413252119287,0.007124096155166626,0.0,0.0,0.0,0.0,-0.824320010583245,110
2025-08-27 04:00:00,SAC Basic,0.3284123430740897,0.002305358648300171,0.0,0.0,0.0,0.0,-0.8413286019570014,110
2025-08-27 05:00:00,SAC Basic,0.3292272206135654,0.003963261842727661,0.0,0.0,0.0,0.0,-0.9228179056253389,110
2025-08-27 06:00:00,SAC Basic,0.32931724937161444,0.003508627414703369,0.0,0.0,0.0,0.0,-0.9317996560540177,110
2025-08-27 07:00:00,SAC Basic,0.32938013788263637,0.00386655330657959,0.0,0.0,0.0,0.0,-0.9380946985886868,110
2025-08-27 08:00:00,SAC Basic,0.32894183435718855,0.004508942365646362,0.0,0.0,0.0,0.0,-0.8942800384567574,110
2025-08-27 09:00:00,SAC Basic,0.328362192984031,0.004607588052749634,0.0,0.0,0.0,0.0,-0.8363124366210275,110
2025-08-27 10:00:00,SAC Basic,0.32737722885966936,0.0020107626914978027,0.0,0.0,0.0,0.0,-0.7377890694743774,110
2025-08-27 11:00:00,SAC Basic,0.326252494986461,0.0025798380374908447,0.0,0.0,0.0,0.0,-0.6253067861603063,110
2025-08-27 12:00:00,SAC Basic,0.32485238847693443,0.004968047142028809,0.0,0.0,0.0,0.0,-0.4853620907273281,110
2025-08-27 13:00:00,SAC Basic,0.32451192191243805,0.005860030651092529,0.0,0.0,0.0,0.0,-0.4513183116919169,110
2025-08-27 14:00:00,SAC Basic,0.3239259130021,0.006697326898574829,0.0,0.0,0.0,0.0,-0.3927336197104453,110
2025-08-27 15:00:00,SAC Basic,0.3228356686286195,0.004426687955856323,0.0,0.0,0.0,0.0,-0.2836781030104946,110
2025-08-27 16:00:00,SAC Basic,0.32199549644113223,0.0029483437538146973,0.0,0.0,0.0,0.0,-0.19962339443031943,110
2025-08-27 17:00:00,SAC Basic,0.3224922556078497,0.002027750015258789,0.0,0.0,0.0,0.0,-0.24927532172266212,110
2025-08-27 18:00:00,SAC Basic,0.3232446073440774,0.0022055208683013916,0.0,0.0,0.0,0.0,-0.32450662253363527,110
2025-08-27 19:00:00,SAC Basic,0.32310929701607066,0.0019069015979766846,0.0,0.0,0.0,0.0,-0.3109708258317283,110
2025-08-27 20:00:00,SAC Basic,0.322974191827383,0.0019684433937072754,0.0,0.0,0.0,0.0,-0.2974591670241325,110
2025-08-27 21:00:00,SAC Basic,0.32283928830107683,0.002028942108154297,0.0,0.0,0.0,0.0,-0.2839700139369901,110
2025-08-27 22:00:00,SAC Basic,0.32270469124198586,0.002120882272720337,0.0,0.0,0.0,0.0,-0.2705124612456858,110
2025-08-27 23:00:00,SAC Basic,0.32256881914020213,0.0017383694648742676,0.0,0.0,0.0,0.0,-0.2569205065375887,110
2025-08-28 00:00:00,SAC Basic,0.32271125432293246,0.0022305548191070557,0.0,0.0,0.0,0.0,-0.27117496524317,110
2025-08-28 01:00:00,SAC Basic,0.3231603186992867,0.002719312906265259,0.0,0.0,0.0,0.0,-0.31609114376766484,110
2025-08-28 02:00:00,SAC Basic,0.3243036504352156,0.002499520778656006,0.0,0.0,0.0,0.0,-0.430417231858407,110
2025-08-28 03:00:00,SAC Basic,0.3412107222553157,0.006121546030044556,0.0,0.0,0.0,0.0,-2.121230876704682,110
2025-08-28 04:00:00,SAC Basic,0.3410300035846296,0.005284398794174194,0.0,0.0,0.0,0.0,-2.103114417911201,110
2025-08-28 05:00:00,SAC Basic,0.34151296091755856,0.004387199878692627,0.0,0.0,0.0,0.0,-2.1513928077425843,110
2025-08-28 06:00:00,SAC Basic,0.34127372485598556,0.004729181528091431,0.0,0.0,0.0,0.0,-2.1274704890456113,110
2025-08-28 07:00:00,SAC Basic,0.3425782543234093,0.010358840227127075,0.0,0.0,0.0,0.0,-2.258088905732465,110
2025-08-28 08:00:00,SAC Basic,0.343134577439235,0.002896934747695923,0.0,0.0,0.0,0.0,-2.313590301673245,110
2025-08-28 09:00:00,SAC Basic,0.3426572525870863,0.003302544355392456,0.0,0.0,0.0,0.0,-2.265795365691813,110
2025-08-28 10:00:00,SAC Basic,0.3418074563491407,0.002061128616333008,0.0,0.0,0.0,0.0,-2.180799271643789,110
2025-08-28 11:00:00,SAC Basic,0.3404867365721924,0.003284066915512085,0.0,0.0,0.0,0.0,-2.048751567940543,110
2025-08-28 12:00:00,SAC Basic,0.34005438020746537,0.003793090581893921,0.0,0.0,0.0,0.0,-2.0055189727948375,110
2025-08-28 13:00:00,SAC Basic,0.3429571576201978,0.002333223819732666,0.0,0.0,0.0,0.0,-2.295777025163795,110
2025-08-28 14:00:00,SAC Basic,0.3434779641624354,0.0027419626712799072,0.0,0.0,0.0,0.0,-2.3478553428854827,110
2025-08-28 15:00:00,SAC Basic,0.3441372853918933,0.0037963688373565674,0.0,0.0,0.0,0.0,-2.4138150106277383,110
2025-08-28 16:00:00,SAC Basic,0.3468353820788923,0.004929006099700928,0.0,0.0,0.0,0.0,-2.683648114383847,110
2025-08-28 17:00:00,SAC Basic,0.35044978692639445,0.009814351797103882,0.0,0.014992897546480323,0.0,0.0,-3.04522383313236,110
2025-08-28 18:00:00,SAC Basic,0.35047121181465896,0.007134526968002319,0.0,0.01570706048863286,0.0,0.0,-3.0472906702535463,110
2025-08-28 19:00:00,SAC Basic,0.3502419045920764,0.007271319627761841,0.0,0.00806348640254555,0.0,0.0,-3.0243372535267903,110
2025-08-28 20:00:00,SAC Basic,0.34989444132840575,0.00626102089881897,0.0,0.0,0.0,0.0,-2.9895794562458398,110
2025-08-28 21:00:00,SAC Basic,0.34958033706303376,0.007768720388412476,0.0,0.0,0.0,0.0,-2.95820415770604,110
2025-08-28 22:00:00,SAC Basic,0.34926903769290385,0.008610188961029053,0.0,0.0,0.0,0.0,-2.927084387755331,110
2025-08-28 23:00:00,SAC Basic,0.3489865787922932,0.008762329816818237,0.0,0.0,0.0,0.0,-2.8988346472342155,110
2025-08-29 00:00:00,SAC Basic,0.34964933871861237,0.009327977895736694,0.0,0.0,0.0,0.0,-2.96512608789994,110
2025-08-29 01:00:00,SAC Basic,0.35089238115199745,0.01315876841545105,0.0,0.029746038399915166,0.0,0.0,-3.0895395984732503,110
2025-08-29 02:00:00,SAC Basic,0.3515437528819591,0.006369948387145996,0.0,0.05145842939863741,0.0,0.0,-3.1545705753639357,110
2025-08-29 03:00:00,SAC Basic,0.35240753532243524,0.007385909557342529,0.0,0.08025117741450885,0.0,0.0,-3.240911410046372,110
2025-08-29 04:00:00,SAC Basic,0.35290891021269044,0.006876140832901001,0.0,0.09696367375634765,0.0,0.0,-3.291033641772946,110
2025-08-29 05:00:00,SAC Basic,0.35486572750274076,0.008736103773117065,0.0,0.1621909167580242,0.0,0.0,-3.4867660719789395,110
2025-08-29 06:00:00,SAC Basic,0.35864353952405215,0.006461590528488159,0.0,0.2881179841350715,0.0,0.0,-3.86450592934823,110
2025-08-29 07:00:00,SAC Basic,0.3596515731608632,0.009129196405410767,0.0,0.32171910536210646,0.0,0.0,-3.965366576073198,110
2025-08-29 08:00:00,SAC Basic,0.3600408787151363,0.02148762345314026,0.0,0.33469595717120915,0.0,0.0,-4.004641208253169,110
2025-08-29 09:00:00,SAC Basic,0.3594265903331208,0.008433163166046143,0.0,0.3142196777706929,0.0,0.0,-3.942958241178271,110
2025-08-29 10:00:00,SAC Basic,0.357765795988682,0.007121562957763672,0.0,0.25885986628940005,0.0,0.0,-3.7767351461294396,110
2025-08-29 11:00:00,SAC Basic,0.35591352854363006,0.006937384605407715,0.0,0.19711761812100123,0.0,0.0,-3.5914934438386372,110
2025-08-29 12:00:00,SAC Basic,0.3540693150895108,0.007379800081253052,0.0,0.13564383631702698,0.0,0.0,-3.4070835291074615,110
2025-08-29 13:00:00,SAC Basic,0.3551612766815367,0.007631033658981323,0.0,0.17204255605122257,0.0,0.0,-3.5162828011626246,110
2025-08-29 14:00:00,SAC Basic,0.35580905837689125,0.010969787836074829,0.0,0.1936352792297086,0.0,0.0,-3.581158620987617,110
2025-08-29 15:00:00,SAC Basic,0.3552944588696445,0.011102110147476196,0.0,0.1764819623214848,0.0,0.0,-3.529669252390513,110
2025-08-29 16:00:00,SAC Basic,0.35544072413857153,0.020737051963806152,0.0,0.18135747128571753,0.0,0.0,-3.5445835043145917,110
2025-08-29 17:00:00,SAC Basic,0.35486125155391124,0.0071999430656433105,0.0,0.16204171846370913,0.0,0.0,-3.4864045253414178,110
2025-08-29 18:00:00,SAC Basic,0.3541697166587874,0.008030086755752563,0.0,0.1389905552929136,0.0,0.0,-3.4171405690507535,110
2025-08-29 19:00:00,SAC Basic,0.3544222534388868,0.016669481992721558,0.0,0.14740844796289282,0.0,0.0,-3.4426451274809016,110
2025-08-29 20:00:00,SAC Basic,0.35355898963808136,0.004153847694396973,0.0,0.11863298793604429,0.0,0.0,-3.356107197105006,110
2025-08-29 21:00:00,SAC Basic,0.35278186401569056,0.004091113805770874,0.0,0.09272880052301816,0.0,0.0,-3.2782688511840568,110
2025-08-29 22:00:00,SAC Basic,0.3521365033093978,0.005108565092086792,0.0,0.07121677697992511,0.0,0.0,-3.213762676754482,110
2025-08-29 23:00:00,SAC Basic,0.35155507472967107,0.00490725040435791,0.0,0.05183582432236875,0.0,0.0,-3.155607631122071,110
2025-08-30 00:00:00,SAC Basic,0.3510044932689816,0.00430867075920105,0.0,0.033483108966052555,0.0,0.0,-3.1005414861097935,110
2025-08-30 01:00:00,SAC Basic,0.3507591031876698,0.004686415195465088,0.0,0.02530343958899266,0.0,0.0,-3.0760078245152496,110
2025-08-30 02:00:00,SAC Basic,0.3507028397044683,0.008548945188522339,0.0,0.02342799014894439,0.0,0.0,-3.0704935746505306,110
2025-08-30 03:00:00,SAC Basic,0.3505643496728967,0.004764646291732788,0.0,0.018811655763222745,1.4210854715202004e-14,0.0,-3.05656810320447,110
2025-08-30 04:00:00,SAC Basic,0.35013865051302584,0.004411935806274414,0.0,0.004621683767527429,0.0,0.0,-3.0139568171235633,110
2025-08-30 05:00:00,SAC Basic,0.3497595488384691,0.005269497632980347,0.0,0.0,0.0,0.0,-2.9760688494178362,110
2025-08-30 06:00:00,SAC Basic,0.34935342761629096,0.005663633346557617,0.0,0.0,0.0,0.0,-2.935459975653162,110
2025-08-30 07:00:00,SAC Basic,0.3504644003069991,0.010271817445755005,0.0,0.015480010233304142,0.0,0.0,-3.0466915488898167,110
2025-08-30 08:00:00,SAC Basic,0.34966329823619074,0.006169378757476807,0.0,0.0,0.0,0.0,-2.966494235581106,110
2025-08-30 09:00:00,SAC Basic,0.3485740194579556,0.004716366529464722,0.0,0.0,0.0,0.0,-2.857510803248426,110
2025-08-30 10:00:00,SAC Basic,0.3475162722989514,0.005675852298736572,0.0,0.0,0.0,0.0,-2.7517503417988047,110
2025-08-30 11:00:00,SAC Basic,0.3462558565621172,0.004375278949737549,0.0,0.0,0.0,0.0,-2.6256861675242056,110
2025-08-30 12:00:00,SAC Basic,0.3455689402783508,0.003925114870071411,0.0,0.0,0.0,0.0,-2.556977031773275,110
2025-08-30 13:00:00,SAC Basic,0.3450248380506629,0.004269331693649292,0.0,0.0,0.0,0.0,-2.5025726338684,110
2025-08-30 14:00:00,SAC Basic,0.34342108644054276,0.0033745169639587402,0.0,0.0,0.0,0.0,-2.342185082540851,110
2025-08-30 15:00:00,SAC Basic,0.3420443402501538,0.0034761428833007812,0.0,0.0,0.0,0.0,-2.2045045641322374,110
2025-08-30 16:00:00,SAC Basic,0.3413749291281496,0.005176663398742676,0.0,0.0,0.0,0.0,-2.1376134512880878,110
2025-08-30 17:00:00,SAC Basic,0.34107687826202254,0.006084740161895752,0.0,0.0,0.0,0.0,-2.1078186017731233,110
2025-08-30 18:00:00,SAC Basic,0.3406375624510243,0.004205256700515747,0.0,0.0,0.0,0.0,-2.063859145071051,110
2025-08-30 19:00:00,SAC Basic,0.34212377469426336,0.005363672971725464,0.0,0.0,0.0,0.0,-2.212496327048482,110
2025-08-30 20:00:00,SAC Basic,0.34283158036833944,0.005841702222824097,0.0,0.0,0.0,0.0,-2.283279651170911,110
2025-08-30 21:00:00,SAC Basic,0.34393781662271367,0.00837087631225586,0.0,0.0,0.0,0.0,-2.3939743715385053,110
2025-08-30 22:00:00,SAC Basic,0.3437307067367032,0.005867034196853638,0.0,0.0,0.0,0.0,-2.37321305277541,110
2025-08-30 23:00:00,SAC Basic,0.3435484492727711,0.004822760820388794,0.0,0.0,0.0,0.0,-2.3549518252272836,110
2025-08-31 00:00:00,SAC Basic,0.34537571514095805,0.007679760456085205,0.0,0.0,0.0,0.0,-2.537753679301283,110
2025-08-31 01:00:00,SAC Basic,0.34547049786613326,0.004934817552566528,0.0,0.0,0.0,0.0,-2.5471759323934124,110
2025-08-31 02:00:00,SAC Basic,0.34562409898565155,0.005580335855484009,0.0,0.0,0.0,0.0,-2.5625279604652933,110
2025-08-31 03:00:00,SAC Basic,0.34910998833622475,0.022266805171966553,0.0,0.0,0.0,0.0,-2.9116110344190784,110
2025-08-31 04:00:00,SAC Basic,0.35052929450886794,0.011435002088546753,0.0,0.01764315029559782,0.0,0.0,-3.0532664689593987,110
2025-08-31 05:00:00,SAC Basic,0.3512393925979496,0.0053425133228302,0.0,0.041313086598320586,0.0,0.0,-3.1241070349490747,110
2025-08-31 06:00:00,SAC Basic,0.3509591834864701,0.0074100494384765625,0.0,0.03197278288233605,0.0,0.0,-3.0960872249969347,110
2025-08-31 07:00:00,SAC Basic,0.36418546337548063,0.017232745885849,0.0,0.4728487791826879,0.0,0.0,-4.4189892194302525,110
2025-08-31 08:00:00,SAC Basic,0.3775159393958733,0.03534078598022461,0.0,0.9171979798624421,0.0,0.0,-5.752481835707878,110
2025-08-31 09:00:00,SAC Basic,0.37609806233398485,0.014572292566299438,0.0,0.8699354111328277,0.0,0.0,-5.61030536418395,110
2025-08-31 10:00:00,SAC Basic,0.37438182725684965,0.010357052087783813,0.0,0.8127275752283225,0.0,0.0,-5.438432019131506,110
2025-08-31 11:00:00,SAC Basic,0.37492298299232535,0.005612820386886597,0.0,0.8307660997441787,0.0,0.0,-5.49245799795728,110
2025-08-31 12:00:00,SAC Basic,0.3722072298078484,0.012515038251876831,0.0,0.7402409935949479,0.0,0.0,-5.221042303728529,110
2025-08-31 13:00:00,SAC Basic,0.372643990064807,0.008827745914459229,0.0,0.7547996688268995,0.0,0.0,-5.26461243432236,110
2025-08-31 14:00:00,SAC Basic,0.37024071577413137,0.00870823860168457,0.0,0.6746905258043783,0.0,0.0,-5.024246937258297,110
2025-08-31 15:00:00,SAC Basic,0.3681329732751541,0.010109692811965942,0.0,0.6044324425051372,0.0,0.0,-4.813513535913751,110
2025-08-31 16:00:00,SAC Basic,0.36697031560179827,0.012379884719848633,0.0,0.5656771867266087,0.0,0.0,-4.697301859793302,110
2025-08-31 17:00:00,SAC Basic,0.365183307114338,0.023007690906524658,0.0,0.5061102371445998,0.0,0.0,-4.518897143313795,110
2025-08-31 18:00:00,SAC Basic,0.36405014516511125,0.01338958740234375,0.0,0.4683381721703754,0.0,0.0,-4.405378489294213,110
2025-08-31 19:00:00,SAC Basic,0.3624528977076879,0.012422353029251099,0.0,0.4150965902562632,0.0,0.0,-4.245547890173106,110
2025-08-31 20:00:00,SAC Basic,0.3612370671871308,0.0118197500705719,0.0,0.37456890623769257,0.0,0.0,-4.123949139744075,110
2025-08-31 21:00:00,SAC Basic,0.3608360558088126,0.017398446798324585,0.0,0.36120186029375534,0.0,0.0,-4.084009336784505,110
2025-08-31 22:00:00,SAC Basic,0.3598613299567255,0.012793242931365967,0.0,0.3287109985575157,0.0,0.0,-3.9864349125698446,110
2025-08-31 23:00:00,SAC Basic,0.35897838638342194,0.010896474123001099,0.0,0.2992795461140645,0.0,0.0,-3.898075535512737,110
2025-09-01 00:00:00,SAC Basic,0.3639979664913127,0.006472915410995483,0.0,0.466598883043757,0.0,0.0,-4.399970343026612,110
2025-09-01 01:00:00,SAC Basic,0.36550859672468683,0.01264229416847229,0.0,0.516953224156228,0.0,0.0,-4.551174212139626,110
2025-09-01 02:00:00,SAC Basic,0.3641321224062602,0.009128451347351074,0.0,0.47107074687533984,0.0,0.0,-4.413429948081177,110
2025-09-01 03:00:00,SAC Basic,0.37823963449558257,0.016074776649475098,0.0,0.9413211498527532,0.0,0.0,-5.824354408344267,110
2025-09-01 04:00:00,SAC Basic,0.3813245091667233,0.012112706899642944,0.0,1.0441503055574415,0.0,0.0,-6.132732791507818,110
2025-09-01 05:00:00,SAC Basic,0.38258530334864177,0.006915032863616943,0.0,1.0861767782880591,0.0,0.0,-6.258720612261809,110
2025-09-01 06:00:00,SAC Basic,0.38815439491695863,0.010540634393692017,0.0,1.2718131638986223,0.0,0.0,-6.815686560399037,110
2025-09-01 07:00:00,SAC Basic,0.38659727610468897,0.02077355980873108,0.0,1.2199092034896326,0.0,0.0,-6.660245410919221,110
2025-09-01 08:00:00,SAC Basic,0.3884195021818879,0.012317895889282227,0.0,1.2806500727295984,0.0,0.0,-6.8422811327457715,110
2025-09-01 09:00:00,SAC Basic,0.39840616047586236,0.028536170721054077,0.0,1.613538682528744,0.0,0.0,-7.841348953748974,110
2025-09-01 10:00:00,SAC Basic,0.4080097910823098,0.05074888467788696,0.0,1.9336597027436597,0.0,0.0,-8.802216213064105,110
2025-09-01 11:00:00,SAC Basic,0.4037398496735398,0.02934589982032776,0.0,1.7913283224513266,0.0,0.0,-8.374785915198963,110
2025-09-01 12:00:00,SAC Basic,0.39901917604866366,0.021770447492599487,0.0,1.6339725349554557,0.0,0.0,-7.902428768339495,110
2025-09-01 13:00:00,SAC Basic,0.3936497518887168,0.01616448163986206,0.0,1.4549917296238946,0.0,0.0,-7.365354538163006,110
2025-09-01 14:00:00,SAC Basic,0.38832928227740937,0.013001859188079834,0.0,1.277642742580312,0.0,0.0,-6.8332198911492155,110
2025-09-01 15:00:00,SAC Basic,0.38377277942679894,0.013808459043502808,0.0,1.1257593142266316,0.0,0.0,-6.377562177859317,110
2025-09-01 16:00:00,SAC Basic,0.3799494401907555,0.029812902212142944,0.0,0.9983146730251833,0.0,0.0,-5.995700321551477,110
2025-09-01 17:00:00,SAC Basic,0.3766514778325229,0.034993886947631836,0.0,0.8883825944174291,-1.4210854715202004e-14,0.0,-5.665899470838596,110
2025-09-01 18:00:00,SAC Basic,0.3743782237646522,0.02413123846054077,0.0,0.8126074588217407,0.0,0.0,-5.438413627719299,110
2025-09-01 19:00:00,SAC Basic,0.37181315572025253,0.017084777355194092,0.0,0.7271051906750856,0.0,0.0,-5.18172773218341,110
2025-09-01 20:00:00,SAC Basic,0.36945621678663976,0.017958879470825195,0.0,0.6485405595546596,0.0,0.0,-4.945989597274548,110
2025-09-01 21:00:00,SAC Basic,0.3673274199869068,0.01544162631034851,0.0,0.5775806662302287,0.0,0.0,-4.733076003748493,110
2025-09-01 22:00:00,SAC Basic,0.3653989671162813,0.011263042688369751,0.0,0.5132989038760428,0.0,0.0,-4.540163758318115,110
2025-09-01 23:00:00,SAC Basic,0.36369667325461347,0.013867616653442383,0.0,0.45655577515378243,0.0,0.0,-4.369970723534066,110
2025-09-02 00:00:00,SAC Basic,0.3621599645342032,0.01231953501701355,0.0,0.4053321511401052,0.0,0.0,-4.216258324937022,110
2025-09-02 01:00:00,SAC Basic,0.36077662538435457,0.012219101190567017,0.0,0.35922084614515204,0.0,0.0,-4.077907924797532,110
2025-09-02 02:00:00,SAC Basic,0.3598582560650086,0.012597739696502686,0.0,0.3286085355002868,0.0,0.0,-3.9860813476798485,110
2025-09-02 03:00:00,SAC Basic,0.35997409387823126,0.018221139907836914,0.0,0.3324697959410415,0.0,0.0,-3.9978300446233956,110
2025-09-02 04:00:00,SAC Basic,0.3594642605013506,0.013525336980819702,0.0,0.3154753500450198,0.0,0.0,-3.946743514903947,110
2025-09-02 05:00:00,SAC Basic,0.35903145003320486,0.013705193996429443,0.0,0.30104833444016066,0.0,0.0,-3.9034209057705698,110
2025-09-02 06:00:00,SAC Basic,0.35861796735240553,0.014220774173736572,0.0,0.2872655784135191,0.0,0.0,-3.8620863065258004,110
2025-09-02 07:00:00,SAC Basic,0.3584292160027641,0.017848461866378784,0.0,0.2809738667588036,0.0,0.0,-3.8433148463906655,110
2025-09-02 08:00:00,SAC Basic,0.35722461291635793,0.008939504623413086,0.0,0.24082043054526425,0.0,0.0,-3.7227291713006903,110
2025-09-02 09:00:00,SAC Basic,0.36553486449603523,0.014904290437698364,0.0,0.5178288165345081,0.0,0.0,-4.553844183270418,110
2025-09-02 10:00:00,SAC Basic,0.3719343815869476,0.012501180171966553,0.0,0.7311460528982536,0.0,0.0,-5.193712213400854,110
2025-09-02 11:00:00,SAC Basic,0.36906503113672606,0.0061959028244018555,0.0,0.6355010378908674,0.0,0.0,-4.906690084502569,110
2025-09-02 12:00:00,SAC Basic,0.3662073642659676,0.005945414304733276,0.0,0.5402454755322552,0.0,0.0,-4.620857839768052,110
2025-09-02 13:00:00,SAC Basic,0.363532522179886,0.005631446838378906,0.0,0.4510840726628672,0.0,0.0,-4.353367986600031,110
2025-09-02 14:00:00,SAC Basic,0.36130455747801454,0.005929172039031982,0.0,0.3768185826004839,0.0,0.0,-4.130577308494241,110
2025-09-02 15:00:00,SAC Basic,0.36257717127452843,0.005023181438446045,0.0,0.41923904248428134,0.0,0.0,-4.257826650987617,110
2025-09-02 16:00:00,SAC Basic,0.36116539787456886,0.01864790916442871,0.0,0.3721799291522956,0.0,0.0,-4.117048992917433,110
2025-09-02 17:00:00,SAC Basic,0.35994713040213727,0.019090771675109863,0.0,0.3315710134045759,0.0,0.0,-3.995099284272335,110
2025-09-02 18:00:00,SAC Basic,0.35873402057428017,0.012201070785522461,0.0,0.29113401914267173,0.0,0.0,-3.873714975852622,110
2025-09-02 19:00:00,SAC Basic,0.3576859502605693,0.009777247905731201,0.0,0.2561983420189776,0.0,0.0,-3.768814809243844,110
2025-09-02 20:00:00,SAC Basic,0.3574014260453072,0.012356936931610107,0.0,0.2467142015102411,0.0,0.0,-3.7404155401596126,110
2025-09-02 21:00:00,SAC Basic,0.35683958794922416,0.010434836149215698,0.0,0.22798626497413751,0.0,0.0,-3.6841867126532235,110
2025-09-02 22:00:00,SAC Basic,0.35605465262518027,0.008841156959533691,0.0,0.201821754172677,0.0,0.0,-3.6056580224491137,110
2025-09-02 23:00:00,SAC Basic,0.35595866250800223,0.012325048446655273,0.0,0.19862208360007402,0.0,0.0,-3.596147590684027,110
2025-09-03 00:00:00,SAC Basic,0.35521289084047497,0.009531527757644653,0.0,0.17376302801583138,0.0,0.0,-3.5215076498095392,110
2025-09-03 01:00:00,SAC Basic,0.3545617943707444,0.0077308714389801025,0.0,0.15205981235814647,0.0,0.0,-3.4563520610664074,110
2025-09-03 02:00:00,SAC Basic,0.35397429209989345,0.007225722074508667,0.0,0.1324764033297825,0.0,0.0,-3.397578775924479,110
2025-09-03 03:00:00,SAC Basic,0.35404420565714273,0.0067809224128723145,0.0,0.13480685523809086,0.0,0.0,-3.404560632159146,110
2025-09-03 04:00:00,SAC Basic,0.3565195375457093,0.010917484760284424,0.0,0.21731791819030946,0.0,0.0,-3.6522134698896096,110
2025-09-03 05:00:00,SAC Basic,0.3638957711595313,0.010062456130981445,0.0,0.4631923719843769,0.0,0.0,-4.389786915362044,110
2025-09-03 06:00:00,SAC Basic,0.36267361191266917,0.0068059563636779785,0.0,0.4224537304223063,0.0,0.0,-4.267529875391863,110
2025-09-03 07:00:00,SAC Basic,0.3615174286562873,0.013559311628341675,0.0,0.3839142885429098,0.0,0.0,-4.15208158541394,110
2025-09-03 08:00:00,SAC Basic,0.3627904920634037,0.018768757581710815,0.0,0.42634973544679017,0.0,0.0,-4.279476675951536,110
2025-09-03 09:00:00,SAC Basic,0.3666695527022248,0.006369948387145996,0.0,0.5556517567408265,0.0,0.0,-4.667206657282167,110
2025-09-03 10:00:00,SAC Basic,0.36863799051605156,0.007297694683074951,0.0,0.621266350535052,0.0,0.0,-4.863954282961777,110
2025-09-03 11:00:00,SAC Basic,0.37202403123285616,0.004946589469909668,0.0,0.7341343744285382,0.0,0.0,-5.202525566127145,110
2025-09-03 12:00:00,SAC Basic,0.3698990600348673,0.006310641765594482,0.0,0.6633020011622435,0.0,0.0,-4.990045856844995,110
2025-09-03 13:00:00,SAC Basic,0.36878270125780954,0.005682408809661865,0.0,0.6260900419269846,0.0,0.0,-4.878390056286706,110
2025-09-03 14:00:00,SAC Basic,0.3662526062104206,0.0057250261306762695,0.0,0.5417535403473537,0.0,0.0,-4.6253755477378835,110
2025-09-03 15:00:00,SAC Basic,0.36410886162493533,0.007672011852264404,0.0,0.4702953874978434,0.0,0.0,-4.411059072587794,110
2025-09-03 16:00:00,SAC Basic,0.3623628275208524,0.009284019470214844,0.0,0.41209425069507977,0.0,0.0,-4.2364845525508255,110
2025-09-03 17:00:00,SAC Basic,0.3613023723587559,0.011609196662902832,0.0,0.37674574529186206,0.0,0.0,-4.1304926715807735,110
2025-09-03 18:00:00,SAC Basic,0.3600033538683503,0.011739581823348999,0.0,0.33344512894501155,0.0,0.0,-4.000571482323101,110
2025-09-03 19:00:00,SAC Basic,0.35887747536113107,0.00915229320526123,0.0,0.2959158453710359,0.0,0.0,-3.8879564548633927,110
2025-09-03 20:00:00,SAC Basic,0.35786525937637903,0.009510517120361328,0.0,0.26217531254596765,0.0,0.0,-3.786719730219461,110
2025-09-03 21:00:00,SAC Basic,0.3569501822209467,0.008149594068527222,0.0,0.23167274069822386,0.0,0.0,-3.6951948232065592,110
2025-09-03 22:00:00,SAC Basic,0.3561258224234679,0.007886141538619995,0.0,0.2041940807822627,0.0,0.0,-3.612742599702862,110
2025-09-03 23:00:00,SAC Basic,0.3553828516501515,0.007537156343460083,0.0,0.17942838833838268,0.0,0.0,-3.538439397993969,110
2025-09-04 00:00:00,SAC Basic,0.3547155364930327,0.007990002632141113,0.0,0.1571845497677586,0.0,0.0,-3.4717179778188014,110
2025-09-04 01:00:00,SAC Basic,0.354113803525063,0.00760689377784729,0.0,0.13712678416876686,0.0,0.0,-3.411536321470399,110
2025-09-04 02:00:00,SAC Basic,0.3535714490259521,0.007341951131820679,0.0,0.11904830086507162,0.0,0.0,-3.357294391044307,110
2025-09-04 03:00:00,SAC Basic,0.3530824207078963,0.007038861513137817,0.0,0.10274735692987776,0.0,0.0,-3.30838587891608,110
2025-09-04 04:00:00,SAC Basic,0.352641897807677,0.006906390190124512,0.0,0.08806326025590182,0.0,0.0,-3.264329233284734,110
2025-09-04 05:00:00,SAC Basic,0.352853216332459,0.009502768516540527,0.0,0.09510721108196521,0.0,0.0,-3.285537652399492,110
2025-09-04 06:00:00,SAC Basic,0.3524116713391514,0.007425546646118164,0.0,0.08038904463838037,0.0,0.0,-3.241336417066767,110
2025-09-04 07:00:00,SAC Basic,0.3527944148590658,0.009970217943191528,0.0,0.09314716196886082,0.0,0.0,-3.2796663369784156,110
2025-09-04 08:00:00,SAC Basic,0.3519239567413176,0.006994456052780151,0.0,0.06413189137725368,0.0,0.0,-3.1925653208717195,110
2025-09-04 09:00:00,SAC Basic,0.3508015892353873,0.004509389400482178,0.0,0.02671964117957657,0.0,0.0,-3.0802739619932606,110
2025-09-04 10:00:00,SAC Basic,0.35051106662862486,0.003878772258758545,0.0,0.017035554287494394,0.0,0.0,-3.051190544479077,110
2025-09-04 11:00:00,SAC Basic,0.35249454931002544,0.0031964480876922607,0.0,0.08315164366751447,0.0,0.0,-3.249525683206008,110
2025-09-04 12:00:00,SAC Basic,0.3601122352169307,0.004880279302597046,0.0,0.33707450723102284,0.0,0.0,-4.01133796559127,110
2025-09-04 13:00:00,SAC Basic,0.35813942989286945,0.0044727325439453125,0.0,0.2713143297623148,0.0,0.0,-3.81403651940541,110
2025-09-04 14:00:00,SAC Basic,0.3561141531886205,0.004222095012664795,0.0,0.20380510628734927,0.0,0.0,-3.611502267137615,110
2025-09-04 15:00:00,SAC Basic,0.35446945264961227,0.004071593284606934,0.0,0.14898175498707503,0.0,0.0,-3.4470282018441996,110
2025-09-04 16:00:00,SAC Basic,0.35327759400092873,0.006695538759231567,0.0,0.10925313336429099,0.0,0.0,-3.327919550322803,110
2025-09-04 17:00:00,SAC Basic,0.352843107070118,0.008924156427383423,0.0,0.0947702356706003,0.0,0.0,-3.28451147631703,110
2025-09-04 18:00:00,SAC Basic,0.35238251833437967,0.009240657091140747,0.0,0.07941727781265513,0.0,0.0,-3.2384398115864266,110
2025-09-04 19:00:00,SAC Basic,0.3519870234544195,0.007085651159286499,0.0,0.06623411514731857,0.0,0.0,-3.1988656085244545,110
2025-09-04 20:00:00,SAC Basic,0.3515842100054429,0.008462965488433838,0.0,0.05280700018142995,0.0,0.0,-3.1586040329973475,110
2025-09-04 21:00:00,SAC Basic,0.351247400971747,0.008537322282791138,0.0,0.04158003239156614,0.0,0.0,-3.124911587188299,110
2025-09-04 22:00:00,SAC Basic,0.3509411427035003,0.007493942975997925,0.0,0.03137142345000967,0.0,0.0,-3.0942745830026164,110
2025-09-04 23:00:00,SAC Basic,0.35066618573171515,0.007719099521636963,0.0,0.022206191057172475,0.0,0.0,-3.066775206727404,110
2025-09-05 00:00:00,SAC Basic,0.35041770164140423,0.0073781609535217285,0.0,0.013923388046806907,0.0,0.0,-3.0419211367451746,110
2025-09-05 01:00:00,SAC Basic,0.35021953243251164,0.007366985082626343,0.0,0.007317747750389004,0.0,0.0,-3.0221006947115248,110
2025-09-05 02:00:00,SAC Basic,0.3549130238296585,0.005814880132675171,0.0,0.16376746098861616,0.0,0.0,-3.491434201618002,110
2025-09-05 03:00:00,SAC Basic,0.3645536603314278,0.01131296157836914,0.0,0.48512201104759217,0.0,0.0,-4.455647273188801,110
2025-09-05 04:00:00,SAC Basic,0.3632950526436505,0.00808611512184143,0.0,0.443168421455016,0.0,0.0,-4.329699255132049,110
2025-09-05 05:00:00,SAC Basic,0.3657666053057018,0.009519308805465698,0.0,0.5255535101900606,0.0,0.0,-4.576865248683127,110
2025-09-05 06:00:00,SAC Basic,0.3673516417005333,0.013398975133895874,0.0,0.5783880566844432,0.0,0.0,-4.7354709462192925,110
2025-09-05 07:00:00,SAC Basic,0.38287010345006045,0.019208639860153198,0.0,1.0956701150020138,0.0,0.0,-6.28745261445051,110
2025-09-05 08:00:00,SAC Basic,0.3922177819461589,0.039062947034835815,0.0,1.4072593982052966,0.0,0.0,-7.222757996628334,110
2025-09-05 09:00:00,SAC Basic,0.3877089815840987,0.016825944185256958,0.0,1.2569660528032913,0.0,0.0,-6.771457047322072,110
2025-09-05 10:00:00,SAC Basic,0.3835610432652713,0.005819946527481079,0.0,1.1187014421757098,0.0,0.0,-6.356330785434256,110
2025-09-05 11:00:00,SAC Basic,0.38044877554405465,0.0042788684368133545,0.0,1.0149591848018218,0.0,0.0,-6.044978542555107,110
2025-09-05 12:00:00,SAC Basic,0.37781739771189154,0.0033332407474517822,0.0,0.9272465903963849,0.0,0.0,-5.781815892280997,110
2025-09-05 13:00:00,SAC Basic,0.37465839470990175,0.005745589733123779,0.0,0.8219464903300591,0.0,0.0,-5.465978506274694,110
2025-09-05 14:00:00,SAC Basic,0.37192206634015745,0.007337033748626709,0.0,0.7307355446719157,0.0,0.0,-5.192369289130872,110
2025-09-05 15:00:00,SAC Basic,0.3692710593933842,0.010566562414169312,0.0,0.6423686464461412,0.0,0.0,-4.927349565873361,110
2025-09-05 16:00:00,SAC Basic,0.36671259413269,0.010546892881393433,0.0,0.5570864710896658,0.0,0.0,-4.6714705478219525,110
2025-09-05 17:00:00,SAC Basic,0.3662458596768394,0.02050831913948059,0.0,0.5415286558946477,0.0,0.0,-4.625095748329312,110
2025-09-05 18:00:00,SAC Basic,0.3653448827887549,0.01770302653312683,0.0,0.5114960929584953,0.0,0.0,-4.534870392332214,110
2025-09-05 19:00:00,SAC Basic,0.3636463004156029,0.013301968574523926,0.0,0.4548766805200984,0.0,0.0,-4.364940091511368,110
2025-09-05 20:00:00,SAC Basic,0.3621852848926851,0.010371506214141846,0.0,0.40617616308950205,0.0,0.0,-4.218765224016395,110
2025-09-05 21:00:00,SAC Basic,0.36144610429117097,0.010782629251480103,0.0,0.38153680970570036,0.0,0.0,-4.144830192932498,110
2025-09-05 22:00:00,SAC Basic,0.3601779431759329,0.00981643795967102,0.0,0.33926477253109655,0.0,0.0,-4.018000308265398,110
2025-09-05 23:00:00,SAC Basic,0.3590369115436385,0.009920895099639893,0.0,0.30123038478795083,0.0,0.0,-3.9038906168372396,110
2025-09-06 00:00:00,SAC Basic,0.35800739876618776,0.00905945897102356,0.0,0.2669132922062573,0.0,0.0,-3.8009296801594816,110
2025-09-06 01:00:00,SAC Basic,0.35707929142001976,0.008544176816940308,0.0,0.23597638066732574,0.0,0.0,-3.7081051783598555,110
2025-09-06 02:00:00,SAC Basic,0.3574209233098362,0.01785367727279663,0.0,0.24736411032787375,0.0,0.0,-3.742542499533635,110
2025-09-06 03:00:00,SAC Basic,0.3576967922203363,0.015820413827896118,0.0,0.2565597406778764,0.0,0.0,-3.7700159629446355,110
2025-09-06 04:00:00,SAC Basic,0.3601190460188944,0.023477673530578613,0.0,0.3373015339631465,0.0,0.0,-4.012450727957075,110
2025-09-06 05:00:00,SAC Basic,0.3595717226111673,0.014360398054122925,0.0,0.3190574203722449,0.0,0.0,-3.9575506418325785,110
2025-09-06 06:00:00,SAC Basic,0.3612159877782866,0.026645809412002563,0.0,0.3738662592762211,0.0,0.0,-4.1222545481304795,110
2025-09-06 07:00:00,SAC Basic,0.3722398019960348,0.016470998525619507,0.0,0.74132673320116,0.0,0.0,-5.224411367682855,110
2025-09-06 08:00:00,SAC Basic,0.3746053871462486,0.014855116605758667,0.0,0.8201795715416197,0.0,0.0,-5.460851975776171,110
2025-09-06 09:00:00,SAC Basic,0.3873314271786578,0.03219291567802429,0.0,1.2443809059552606,0.0,0.0,-6.733959954170064,110
2025-09-06 10:00:00,SAC Basic,0.3851928730344863,0.010029524564743042,0.0,1.17309576781621,0.0,0.0,-6.519709527851056,110
2025-09-06 11:00:00,SAC Basic,0.38203842433954105,0.004112869501113892,0.0,1.0679474779847014,0.0,0.0,-6.203983857894763,110
2025-09-06 12:00:00,SAC Basic,0.37762941637728953,0.0062781572341918945,0.0,0.9209805459096501,0.0,0.0,-5.763088853750967,110
2025-09-06 13:00:00,SAC Basic,0.3746311126294226,0.004045963287353516,0.0,0.8210370876474216,0.0,0.0,-5.463214504147476,110
2025-09-06 14:00:00,SAC Basic,0.371273344631537,0.007781088352203369,0.0,0.7091114877178996,0.0,0.0,-5.127527436171392,110
2025-09-06 15:00:00,SAC Basic,0.36867684635360015,0.013612061738967896,0.0,0.6225615451200057,0.0,0.0,-4.868015186328662,110
2025-09-06 16:00:00,SAC Basic,0.3663622305258421,0.01252293586730957,0.0,0.5454076841947355,0.0,0.0,-4.6364844025602725,110
2025-09-06 17:00:00,SAC Basic,0.36435989731958285,0.013963282108306885,0.0,0.47866324398609383,0.0,0.0,-4.436283401062861,110
2025-09-06 18:00:00,SAC Basic,0.3627100383687983,0.013710260391235352,0.0,0.42366794562660887,0.0,0.0,-4.271280572304824,110
2025-09-06 19:00:00,SAC Basic,0.3612708058124456,0.011923760175704956,0.0,0.37569352708151915,0.0,0.0,-4.127336921450227,110
2025-09-06 20:00:00,SAC Basic,0.35997288448718245,0.011053085327148438,0.0,0.3324294829060819,0.0,0.0,-3.9975182171732735,110
2025-09-06 21:00:00,SAC Basic,0.35875152816689365,0.010310709476470947,0.0,0.29171760556312165,0.0,0.0,-3.8753664546374007,110
2025-09-06 22:00:00,SAC Basic,0.3576157764470251,0.0066336989402771,0.0,0.2538592149008366,0.0,0.0,-3.7617470887866746,110
2025-09-06 23:00:00,SAC Basic,0.3566167578836386,0.005853027105331421,0.0,0.22055859612128614,0.0,0.0,-3.661800655624317,110
2025-09-07 00:00:00,SAC Basic,0.35571721425832253,0.005710721015930176,0.0,0.1905738086107519,0.0,0.0,-3.5718370633134655,110
2025-09-07 01:00:00,SAC Basic,0.3549363400700773,0.006782412528991699,0.0,0.16454466900257644,0.0,0.0,-3.493780372173439,110
2025-09-07 02:00:00,SAC Basic,0.35421030725029873,0.007533729076385498,0.0,0.14034357500995753,0.0,0.0,-3.4211889127768735,110
2025-09-07 03:00:00,SAC Basic,0.35360955722237614,0.008093565702438354,0.0,0.12031857407920513,0.0,0.0,-3.361123191917922,110
2025-09-07 04:00:00,SAC Basic,0.3536623644293397,0.005920976400375366,0.0,0.1220788143113225,0.0,0.0,-3.3663765883549956,110
2025-09-07 05:00:00,SAC Basic,0.3640534600298151,0.011277347803115845,0.0,0.4684486676605019,0.0,0.0,-4.405625113651598,110
2025-09-07 06:00:00,SAC Basic,0.36399378943185906,0.016558468341827393,0.0,0.46645964772863524,0.0,0.0,-4.399762923758129,110
2025-09-07 07:00:00,SAC Basic,0.3632375217357358,0.016370415687561035,0.0,0.44125072452452657,0.0,0.0,-4.324081462413875,110
2025-09-07 08:00:00,SAC Basic,0.36219736792484647,0.013532787561416626,0.0,0.40657893082821633,0.0,0.0,-4.220035824517136,110
2025-09-07 09:00:00,SAC Basic,0.3604986298689818,0.01033291220664978,0.0,0.3499543289660594,0.0,0.0,-4.050101643895859,110
2025-09-07 10:00:00,SAC Basic,0.3585753548225381,0.006362646818161011,0.0,0.28584516075126915,0.0,0.0,-3.857702437844058,110
2025-09-07 11:00:00,SAC Basic,0.35678995170145794,0.005210787057876587,0.0,0.22633172338193078,0.0,0.0,-3.679110904484554,110
2025-09-07 12:00:00,SAC Basic,0.3552351394243499,0.005560964345932007,0.0,0.17450464747833083,0.0,0.0,-3.523628663494791,110
2025-09-07 13:00:00,SAC Basic,0.35435501281721543,0.0041291117668151855,0.0,0.14516709390718036,0.0,0.0,-3.43559818248267,110
2025-09-07 14:00:00,SAC Basic,0.3532925576358719,0.005515366792678833,0.0,0.10975192119573052,0.0,0.0,-3.3293799334733034,110
2025-09-07 15:00:00,SAC Basic,0.3524639172630623,0.005538463592529297,0.0,0.08213057543540998,0.0,0.0,-3.2465027265460793,110
2025-09-07 16:00:00,SAC Basic,0.3519004729101462,0.006815791130065918,0.0,0.06334909700487401,0.0,0.0,-3.190196380112596,110
2025-09-07 17:00:00,SAC Basic,0.3516309321365419,0.009502172470092773,0.0,0.054364404551395754,0.0,0.0,-3.163310120916991,110
2025-09-07 18:00:00,SAC Basic,0.3524618690485057,0.007843375205993652,0.0,0.08206230161685682,0.0,0.0,-3.246360360327328,110
2025-09-07 19:00:00,SAC Basic,0.355388597647157,0.008638501167297363,0.0,0.1796199215719,0.0,0.0,-3.539040485998661,110
2025-09-07 20:00:00,SAC Basic,0.35499260882980227,0.0071236491203308105,0.0,0.16642029432674266,0.0,0.0,-3.4994185044831023,110
2025-09-07 21:00:00,SAC Basic,0.354609727817952,0.006793290376663208,0.0,0.1536575939317345,0.0,0.0,-3.461111951190172,110
2025-09-07 22:00:00,SAC Basic,0.35401782827524486,0.007357746362686157,0.0,0.1339276091748289,0.0,0.0,-3.4019356270115995,110
2025-09-07 23:00:00,SAC Basic,0.354081346159829,0.0061002373695373535,0.0,0.1360448719942994,0.0,0.0,-3.408269195820222,110
2025-09-08 00:00:00,SAC Basic,0.3562212902081489,0.017359554767608643,0.0,0.207376340271631,0.0,0.0,-3.622588805084223,110
2025-09-08 01:00:00,SAC Basic,0.35604440767781254,0.007915496826171875,0.0,0.2014802559270848,0.0,0.0,-3.604693518297191,110
2025-09-08 02:00:00,SAC Basic,0.3552345978504686,0.008043646812438965,0.0,0.17448659501562105,0.0,0.0,-3.5236219394829735,110
2025-09-08 03:00:00,SAC Basic,0.35450465052469987,0.0076708197593688965,0.0,0.15015501748999613,0.0,0.0,-3.4506221971357043,110
2025-09-08 04:00:00,SAC Basic,0.3538228412146368,0.007885247468948364,0.0,0.12742804048789225,0.0,0.0,-3.3824439706901552,110
2025-09-08 05:00:00,SAC Basic,0.35323407894018277,0.0076739490032196045,0.0,0.10780263133942612,0.0,0.0,-3.3235634859829988,110
2025-09-08 06:00:00,SAC Basic,0.35275509812178896,0.0076423585414886475,0.0,0.09183660405963252,0.0,0.0,-3.2756629752543422,110
2025-09-08 07:00:00,SAC Basic,0.35227618888553397,0.008700191974639893,0.0,0.07587296285113326,0.0,0.0,-3.2278034707272205,110
2025-09-08 08:00:00,SAC Basic,0.35148648033419033,0.008136779069900513,0.0,0.04954934447301014,0.0,0.0,-3.148816403129478,110
2025-09-08 09:00:00,SAC Basic,0.35046255610596044,0.0057412683963775635,0.0,0.015418536865347221,0.0,0.0,-3.0463943910707063,110
2025-09-08 10:00:00,SAC Basic,0.34903687595815364,0.005795955657958984,0.0,0.0,0.0,0.0,-2.9038040618011376,110
2025-09-08 11:00:00,SAC Basic,0.3475536062650969,0.005519092082977295,0.0,0.0,0.0,0.0,-2.7554737769870994,110
2025-09-08 12:00:00,SAC Basic,0.34618451579462395,0.0057728588581085205,0.0,0.0,0.0,0.0,-2.6185695743073074,110
2025-09-08 13:00:00,SAC Basic,0.3515525556080124,0.002163797616958618,0.0,0.05175185360041326,0.0,0.0,-3.1553349273659905,110
2025-09-08 14:00:00,SAC Basic,0.3528975161681695,0.004072040319442749,0.0,0.09658387227231771,0.0,0.0,-3.289852140050363,110
2025-09-08 15:00:00,SAC Basic,0.3520785696322432,0.004101693630218506,0.0,0.06928565440810673,0.0,0.0,-3.2079392936300324,110
2025-09-08 16:00:00,SAC Basic,0.3522818176306526,0.007034987211227417,0.0,0.07606058768841849,0.0,0.0,-3.228351795745292,110
2025-09-08 17:00:00,SAC Basic,0.35329353338121533,0.015299171209335327,0.0,0.10978444604050992,0.0,0.0,-3.3297419633857,110
2025-09-08 18:00:00,SAC Basic,0.35286361523305615,0.008978396654129028,0.0,0.09545384110187172,0.0,0.0,-3.286604298984249,110
2025-09-08 19:00:00,SAC Basic,0.3525507507717184,0.008165687322616577,0.0,0.08502502572394662,0.0,0.0,-3.2552465180116053,110
2025-09-08 20:00:00,SAC Basic,0.35218961101492385,0.007145106792449951,0.0,0.07298703383079612,0.0,0.0,-3.219114209433535,110
2025-09-08 21:00:00,SAC Basic,0.3518892202214015,0.006856769323348999,0.0,0.06297400738005053,0.0,0.0,-3.1890620409013084,110
2025-09-08 22:00:00,SAC Basic,0.35164678160127516,0.0076611340045928955,0.0,0.05489272004250552,0.0,0.0,-3.1648394264544195,110
2025-09-08 23:00:00,SAC Basic,0.35145227277579766,0.007056444883346558,0.0,0.048409092526590314,1.4210854715202004e-14,0.0,-3.1453744533686447,110
2025-09-09 00:00:00,SAC Basic,0.3513029902063268,0.007148236036300659,0.0,0.04343300687756085,0.0,0.0,-3.1304429032649375,110
2025-09-09 01:00:00,SAC Basic,0.3511684928426556,0.007100552320480347,0.0,0.03894976142185272,0.0,0.0,-3.1169917721491283,110
2025-09-09 02:00:00,SAC Basic,0.35104636383808363,0.006740093231201172,0.0,0.03487879460278833,0.0,0.0,-3.104774790263879,110
2025-09-09 03:00:00,SAC Basic,0.35093677004608553,0.0068475306034088135,0.0,0.031225668202850443,0.0,0.0,-3.0938150295943427,110
2025-09-09 04:00:00,SAC Basic,0.3508363483880136,0.006251782178878784,0.0,0.027878279600453484,0.0,0.0,-3.083765831929181,110
2025-09-09 05:00:00,SAC Basic,0.35074844323356513,0.007076561450958252,0.0,0.02494810778550374,0.0,0.0,-3.0749941023782528,110
2025-09-09 06:00:00,SAC Basic,0.3506179544264039,0.006951838731765747,0.0,0.020598480880130412,0.0,0.0,-3.0619357266422185,110
2025-09-09 07:00:00,SAC Basic,0.3512361117435063,0.011650919914245605,0.0,0.04120372478354284,0.0,0.0,-3.1238911835607364,110
2025-09-09 08:00:00,SAC Basic,0.35097584024100587,0.007446557283401489,0.0,0.03252800803352756,0.0,0.0,-3.0977749988725622,110
2025-09-09 09:00:00,SAC Basic,0.3537985990129925,0.002947598695755005,0.0,0.12661996709975085,0.0,0.0,-3.3799638428590395,110
2025-09-09 10:00:00,SAC Basic,0.3532848191020802,0.003859996795654297,0.0,0.10949397006934021,0.0,0.0,-3.3285682341249325,110
2025-09-09 11:00:00,SAC Basic,0.351796750025086,0.004470944404602051,0.0,0.05989166750286615,0.0,0.0,-3.179770530872779,110
2025-09-09 12:00:00,SAC Basic,0.35048157701384935,0.004000663757324219,0.0,0.01605256712831249,0.0,0.0,-3.048242417466554,110
2025-09-09 13:00:00,SAC Basic,0.3490490115361603,0.0037303566932678223,0.0,0.0,0.0,0.0,-2.904978463820536,110
2025-09-09 14:00:00,SAC Basic,0.34823025418571546,0.0028727948665618896,0.0,0.0,0.0,0.0,-2.823091450087144,110
2025-09-09 15:00:00,SAC Basic,0.34722210309239143,0.0035546720027923584,0.0,0.0,0.0,0.0,-2.7222882214505604,110
2025-09-09 16:00:00,SAC Basic,0.34647657046608044,0.005840212106704712,0.0,0.0,0.0,0.0,-2.647796706251216,110
2025-09-09 17:00:00,SAC Basic,0.34704977063707426,0.00796005129814148,0.0,0.0,0.0,0.0,-2.705157463125303,110
2025-09-09 18:00:00,SAC Basic,0.34754378910195743,0.0077055394649505615,0.0,0.0,0.0,0.0,-2.7545355661033737,110
2025-09-09 19:00:00,SAC Basic,0.3474797167894435,0.006278306245803833,0.0,0.0,0.0,0.0,-2.7481115174014574,110
2025-09-09 20:00:00,SAC Basic,0.3474970001496068,0.0051850080490112305,0.0,0.0,0.0,0.0,-2.74981464810363,110
2025-09-09 21:00:00,SAC Basic,0.34852281690808057,0.007745027542114258,0.0,0.0,0.0,0.0,-2.8524621915538293,110
2025-09-09 22:00:00,SAC Basic,0.34851376369051057,0.005784034729003906,0.0,0.0,0.0,0.0,-2.8515116596737675,110
2025-09-09 23:00:00,SAC Basic,0.34853340789131243,0.00589326024055481,0.0,0.0,0.0,0.0,-2.8534597465911693,110
2025-09-10 00:00:00,SAC Basic,0.3485256992551875,0.006187409162521362,0.0,0.0,0.0,0.0,-2.8526966151912196,110
2025-09-10 01:00:00,SAC Basic,0.34915931262862604,0.007084012031555176,0.0,0.0,0.0,0.0,-2.9160819091319246,110
2025-09-10 02:00:00,SAC Basic,0.34915383618644796,0.006857067346572876,0.0,0.0,0.0,0.0,-2.915523029438577,110
2025-09-10 03:00:00,SAC Basic,0.34914612705361764,0.006187260150909424,0.0,0.0,0.0,0.0,-2.914743148636738,110
2025-09-10 04:00:00,SAC Basic,0.34913793412975397,0.006042122840881348,0.0,0.0,0.0,0.0,-2.913915706805314,110
2025-09-10 05:00:00,SAC Basic,0.3491302165529323,0.00618472695350647,0.0,0.0,0.0,0.0,-2.913146775873426,110
2025-09-10 06:00:00,SAC Basic,0.3491225814292026,0.006209462881088257,0.0,0.0,0.0,0.0,-2.9123825795371574,110
2025-09-10 07:00:00,SAC Basic,0.34889642759374706,0.008653849363327026,0.0,0.0,0.0,0.0,-2.8898402802267946,110
2025-09-10 08:00:00,SAC Basic,0.34890619950425555,0.006931573152542114,0.0,0.0,0.0,0.0,-2.8907758046507137,110
2025-09-10 09:00:00,SAC Basic,0.3478116303170912,0.003129243850708008,0.0,0.0,0.0,0.0,-2.781263639879154,110
2025-09-10 10:00:00,SAC Basic,0.34629234425198957,0.0032141804695129395,0.0,0.0,0.0,0.0,-2.6292995581745346,110
2025-09-10 11:00:00,SAC Basic,0.344601182627399,0.002651512622833252,0.0,0.0,0.0,0.0,-2.460176919670826,110
2025-09-10 12:00:00,SAC Basic,0.34285357487332746,0.0027176737785339355,0.0,0.0,0.0,0.0,-2.285412502419873,110
2025-09-10 13:00:00,SAC Basic,0.341190456009427,0.002564340829849243,0.0,0.0,0.0,0.0,-2.119098421088782,110
2025-09-10 14:00:00,SAC Basic,0.3396964018493089,0.002283751964569092,0.0,0.0,0.0,0.0,-1.9696886658588317,110
2025-09-10 15:00:00,SAC Basic,0.33840030054620823,0.0021696090698242188,0.0,0.0,0.0,0.0,-1.8400745882311664,110
2025-09-10 16:00:00,SAC Basic,0.3374742034933162,0.002670884132385254,0.0,0.0,0.0,0.0,-1.747478779764892,110
2025-09-10 17:00:00,SAC Basic,0.3369504464758627,0.004372894763946533,0.0,0.0,0.0,0.0,-1.6951491255878637,110
2025-09-10 18:00:00,SAC Basic,0.3367366732872717,0.0038680434226989746,0.0,0.0,0.0,0.0,-1.673749738109035,110
2025-09-10 19:00:00,SAC Basic,0.3366090862311117,0.004223883152008057,0.0,0.0,0.0,0.0,-1.6609966591715013,110
2025-09-10 20:00:00,SAC Basic,0.33642185724310003,0.003331303596496582,0.0,0.0,0.0,0.0,-1.6422612761774875,110
2025-09-10 21:00:00,SAC Basic,0.3362616274377894,0.002931058406829834,0.0,0.0,0.0,0.0,-1.6262253673989748,110
2025-09-10 22:00:00,SAC Basic,0.3361335133772286,0.004065781831741333,0.0,0.0,0.0,0.0,-1.613444000593741,110
2025-09-10 23:00:00,SAC Basic,0.3360054082573644,0.004068464040756226,0.0,0.0,0.0,0.0,-1.6006222218393458,110
2025-09-11 00:00:00,SAC Basic,0.3358752671421758,0.00345766544342041,0.0,0.0,0.0,0.0,-1.5876019755124215,110
2025-09-11 01:00:00,SAC Basic,0.33574540070505854,0.0035400688648223877,0.0,0.0,0.0,0.0,-1.5746116959173637,110
2025-09-11 02:00:00,SAC Basic,0.33597902284991654,0.00408664345741272,0.0,0.0,0.0,0.0,-1.5979894836067277,110
2025-09-11 03:00:00,SAC Basic,0.33590702262294203,0.0038999319076538086,0.0,0.0,0.0,0.0,-1.5907821280478531,110
2025-09-11 04:00:00,SAC Basic,0.3358349781891894,0.003886669874191284,0.0,0.0,0.0,0.0,-1.583575684936757,110
2025-09-11 05:00:00,SAC Basic,0.3363744596343429,0.004344433546066284,0.0,0.0,0.0,0.0,-1.637537429741932,110
2025-09-11 06:00:00,SAC Basic,0.33627346843612105,0.0037026405334472656,0.0,0.0,0.0,0.0,-1.6274273143528992,110
2025-09-11 07:00:00,SAC Basic,0.335976737203319,0.004480630159378052,0.0,0.0,0.0,0.0,-1.5977711128313459,110
2025-09-11 08:00:00,SAC Basic,0.3352214408394884,0.002911090850830078,0.0,0.0,0.0,0.0,-1.522218001158942,110
2025-09-11 09:00:00,SAC Basic,0.33406784166149206,0.0024202466011047363,0.0,0.0,0.0,0.0,-1.4068374795237248,110
2025-09-11 10:00:00,SAC Basic,0.33287901846937246,0.0023530423641204834,0.0,0.0,0.0,0.0,-1.2879495798268972,110
2025-09-11 11:00:00,SAC Basic,0.33154857579759667,0.0023671984672546387,0.0,0.0,0.0,0.0,-1.1549050652900426,110
2025-09-11 12:00:00,SAC Basic,0.3303037261920363,0.0025451183319091797,0.0,0.0,0.0,0.0,-1.0304253007689137,110
2025-09-11 13:00:00,SAC Basic,0.3330652855759055,0.004467815160751343,0.0,0.0,0.0,0.0,-1.3066371408620505,110
2025-09-11 14:00:00,SAC Basic,0.33212551643661564,0.002569258213043213,0.0,0.0,0.0,0.0,-1.2126220143953015,110
2025-09-11 15:00:00,SAC Basic,0.33163747031183943,0.002086162567138672,0.0,0.0,0.0,0.0,-1.1637935853917445,110
2025-09-11 16:00:00,SAC Basic,0.331241986910223,0.0023549795150756836,0.0,0.0,0.0,0.0,-1.12424847878208,110
2025-09-11 17:00:00,SAC Basic,0.33084055061312423,0.007069110870361328,0.0,0.0,0.0,0.0,-1.0842435848433822,110
2025-09-11 18:00:00,SAC Basic,0.33074115234903395,0.00418052077293396,0.0,0.0,0.0,0.0,-1.0742277312198274,110
2025-09-11 19:00:00,SAC Basic,0.3306951052432448,0.003185868263244629,0.0,0.0,0.0,0.0,-1.0695841882148414,110
2025-09-11 20:00:00,SAC Basic,0.3306477612397264,0.0027967989444732666,0.0,0.0,0.0,0.0,-1.0648359506447154,110
2025-09-11 21:00:00,SAC Basic,0.33057190707576184,0.002743750810623169,0.0,0.0,0.0,0.0,-1.057246113073734,110
2025-09-11 22:00:00,SAC Basic,0.3305235577405682,0.00249519944190979,0.0,0.0,0.0,0.0,-1.0524081635593432,110
2025-09-11 23:00:00,SAC Basic,0.33078303018859934,0.0033417344093322754,0.0,0.0,0.0,0.0,-1.0783783188977938,110
2025-09-12 00:00:00,SAC Basic,0.3320988514118583,0.0032463669776916504,0.0,0.0,0.0,0.0,-1.2099510221996994,110
2025-09-12 01:00:00,SAC Basic,0.3401187876754196,0.005980879068374634,0.0,0.0,0.0,0.0,-2.0120257302442326,110
2025-09-12 02:00:00,SAC Basic,0.3411314675701848,0.0038039684295654297,0.0,0.0,0.0,0.0,-2.1132446054934597,110
2025-09-12 03:00:00,SAC Basic,0.3414793975843182,0.004379004240036011,0.0,0.0,0.0,0.0,-2.148033088874727,110
2025-09-12 04:00:00,SAC Basic,0.34477432463061725,0.005478113889694214,0.0,0.0,0.0,0.0,-2.477553016436014,110
2025-09-12 05:00:00,SAC Basic,0.34676094163230964,0.004485100507736206,0.0,0.0,0.0,0.0,-2.6761937953749375,110
2025-09-12 06:00:00,SAC Basic,0.3539279620165698,0.006538182497024536,0.0,0.13093206721899264,0.0,0.0,-3.3929474961268116,110
2025-09-12 07:00:00,SAC Basic,0.3555000297739868,0.005954653024673462,0.0,0.18333432579956083,0.0,0.0,-3.5501279057538975,110
2025-09-12 08:00:00,SAC Basic,0.3636030126299946,0.020328611135482788,0.0,0.4534337543331532,0.0,0.0,-4.360851574803279,110
2025-09-12 09:00:00,SAC Basic,0.36245698577175933,0.007424801588058472,0.0,0.415232859058645,0.0,0.0,-4.245976111303168,110
2025-09-12 10:00:00,SAC Basic,0.3605722661431765,0.007992982864379883,0.0,0.35240887143921784,0.0,0.0,-4.0573921557877,110
2025-09-12 11:00:00,SAC Basic,0.3582026164238574,0.004525631666183472,0.0,0.2734205474619145,0.0,0.0,-3.820386828531047,110
2025-09-12 12:00:00,SAC Basic,0.35814120542606015,0.0034502148628234863,0.0,0.2713735142020056,0.0,0.0,-3.8142003010713044,110
2025-09-12 13:00:00,SAC Basic,0.3568402752575901,0.0032301247119903564,0.0,0.22800917525300407,0.0,0.0,-3.684094329154757,110
2025-09-12 14:00:00,SAC Basic,0.3549418071247602,0.003186464309692383,0.0,0.1647269041586725,0.0,0.0,-3.4942448783662368,110
2025-09-12 15:00:00,SAC Basic,0.35403562922991494,0.0026676058769226074,0.0,0.13452097433049773,0.0,0.0,-3.403621463693359,110
2025-09-12 16:00:00,SAC Basic,0.3554597936376081,0.004742443561553955,0.0,0.18199312125360337,0.0,0.0,-3.5460949610088868,110
2025-09-12 17:00:00,SAC Basic,0.355312925844444,0.009537190198898315,0.0,0.17709752814813415,0.0,0.0,-3.531531275714752,110
2025-09-12 18:00:00,SAC Basic,0.355274411207187,0.006759315729141235,0.0,0.17581370690623432,0.0,0.0,-3.5276040857779796,110
2025-09-12 19:00:00,SAC Basic,0.3546900582589041,0.006529390811920166,0.0,0.15633527529680294,0.0,0.0,-3.4691387129558193,110
2025-09-12 20:00:00,SAC Basic,0.3541919866442678,0.007311403751373291,0.0,0.13973288814226095,0.0,0.0,-3.4193527126312033,110
2025-09-12 21:00:00,SAC Basic,0.35374581610226613,0.008009374141693115,0.0,0.12486053674220443,0.0,0.0,-3.3747487774133496,110
2025-09-12 22:00:00,SAC Basic,0.35331815017673956,0.007805228233337402,0.0,0.11060500589131834,0.0,0.0,-3.331973163697706,110
2025-09-12 23:00:00,SAC Basic,0.3529340680234455,0.008077621459960938,0.0,0.0978022674481835,0.0,0.0,-3.2935710787060164,110
2025-09-13 00:00:00,SAC Basic,0.3528589735899707,0.006770789623260498,0.0,0.0952991196656896,0.0,0.0,-3.286045843107902,110
2025-09-13 01:00:00,SAC Basic,0.35249425901052417,0.007727593183517456,0.0,0.0831419670174725,0.0,0.0,-3.2495900209516893,110
2025-09-13 02:00:00,SAC Basic,0.3521391251636481,0.0072640180587768555,0.0,0.07130417212160296,0.0,0.0,-3.214062432477231,110
2025-09-13 03:00:00,SAC Basic,0.3520935151983144,0.007100850343704224,0.0,0.06978383994381261,0.0,0.0,-3.209495168515463,110
2025-09-13 04:00:00,SAC Basic,0.35205648194344413,0.008439421653747559,0.0,0.06854939811480563,0.0,0.0,-3.205830368490588,110
2025-09-13 05:00:00,SAC Basic,0.3565908409574471,0.0055024027824401855,0.0,0.21969469858156856,0.0,0.0,-3.65922351398907,110
2025-09-13 06:00:00,SAC Basic,0.3684728510198749,0.01436471939086914,0.0,0.6157617006624989,0.0,0.0,-4.847661019541393,110
2025-09-13 07:00:00,SAC Basic,0.36854879033938864,0.009074807167053223,0.0,0.6182930113129544,0.0,0.0,-4.855113429204443,110
2025-09-13 08:00:00,SAC Basic,0.36959805855228733,0.021049082279205322,0.0,0.6532686184095781,0.0,0.0,-4.960346579625439,110
2025-09-13 09:00:00,SAC Basic,0.36681898239833916,0.007409900426864624,0.0,0.5606327466113058,0.0,0.0,-4.6821828296609755,110
2025-09-13 10:00:00,SAC Basic,0.36395099965700034,0.00413849949836731,0.0,0.4650333219000118,0.0,0.0,-4.395215449699286,110
2025-09-13 11:00:00,SAC Basic,0.36211404580898754,0.0032153725624084473,0.0,0.40380152696625093,0.0,0.0,-4.211478119619361,110
2025-09-13 12:00:00,SAC Basic,0.3654688615197033,0.0025734305381774902,0.0,0.5156287173234432,0.0,0.0,-4.546944040001336,110
2025-09-13 13:00:00,SAC Basic,0.3656230444650135,0.0050230324268341064,0.0,0.5207681488337826,0.0,0.0,-4.56242940316877,110
2025-09-13 14:00:00,SAC Basic,0.3639140174848093,0.006092488765716553,0.0,0.4638005828269769,0.0,0.0,-4.39153429281963,110
2025-09-13 15:00:00,SAC Basic,0.3619700710547793,0.004818439483642578,0.0,0.39900236849264276,0.0,0.0,-4.197116214760422,110
2025-09-13 16:00:00,SAC Basic,0.36016836468334446,0.01093357801437378,0.0,0.338945489444815,0.0,0.0,-4.01711629128004,110
2025-09-13 17:00:00,SAC Basic,0.3588262815464328,0.010584443807601929,0.0,0.29420938488109416,0.0,0.0,-3.8828433348615006,110
2025-09-13 18:00:00,SAC Basic,0.3577637288999072,0.008025169372558594,0.0,0.25879096333024026,0.0,0.0,-3.7765589861225215,110
2025-09-13 19:00:00,SAC Basic,0.35686020132894913,0.008615106344223022,0.0,0.2286733776316382,0.0,0.0,-3.686198334391514,110
2025-09-13 20:00:00,SAC Basic,0.35604482889183403,0.007882565259933472,0.0,0.20149429639446767,0.0,0.0,-3.604647865899444,110
2025-09-13 21:00:00,SAC Basic,0.35531055023987324,0.007734745740890503,0.0,0.17701834132910932,0.0,0.0,-3.531211197097331,110
2025-09-13 22:00:00,SAC Basic,0.354598502310746,0.007669031620025635,0.0,0.15328341035820048,0.0,0.0,-3.4600042688482104,110
2025-09-13 23:00:00,SAC Basic,0.35398430179557183,0.00804990530014038,0.0,0.1328100598523946,0.0,0.0,-3.3985949863999867,110
2025-09-14 00:00:00,SAC Basic,0.3534062426141588,0.008123666048049927,0.0,0.11354142047196092,0.0,0.0,-3.340787472344321,110
2025-09-14 01:00:00,SAC Basic,0.3528826920219381,0.007024556398391724,0.0,0.09608973406460422,0.0,0.0,-3.288420684418275,110
2025-09-14 02:00:00,SAC Basic,0.35238682618559475,0.007301121950149536,0.0,0.07956087285315903,0.0,0.0,-3.2388314066539947,110
2025-09-14 03:00:00,SAC Basic,0.35196315104121934,0.006335824728012085,0.0,0.06543836804064398,0.0,0.0,-3.1964514735887146,110
2025-09-14 04:00:00,SAC Basic,0.35798212456233763,0.005762875080108643,0.0,0.26607081874458915,0.0,0.0,-3.798333443231844,110
2025-09-14 05:00:00,SAC Basic,0.3591354895039272,0.01002579927444458,0.0,0.3045163167975744,0.0,0.0,-3.9137920956201526,110
2025-09-14 06:00:00,SAC Basic,0.3643663032561426,0.007620900869369507,0.0,0.47887677520475336,0.0,0.0,-4.436806792615698,110
2025-09-14 07:00:00,SAC Basic,0.36362761014061135,0.009145736694335938,0.0,0.45425367135371175,0.0,0.0,-4.36295917715327,110
2025-09-14 08:00:00,SAC Basic,0.362149097958776,0.014416277408599854,0.0,0.40496993195919945,0.0,0.0,-4.215250826832912,110
2025-09-14 09:00:00,SAC Basic,0.3600872573448175,0.006689727306365967,0.0,0.3362419114939158,0.0,0.0,-4.008936794528899,110
2025-09-14 10:00:00,SAC Basic,0.3579711165688891,0.004861652851104736,0.0,0.2657038856296353,0.0,0.0,-3.797227170690482,110
2025-09-14 11:00:00,SAC Basic,0.35581663823495435,0.006544440984725952,0.0,0.19388794116514418,0.0,0.0,-3.5818115401964654,110
2025-09-14 12:00:00,SAC Basic,0.3537473244955253,0.005616694688796997,0.0,0.12491081651751018,0.0,0.0,-3.374854060909266,110
2025-09-14 13:00:00,SAC Basic,0.3519098323745231,0.005413442850112915,0.0,0.06366107915077067,0.0,0.0,-3.1910935388276997,110
2025-09-14 14:00:00,SAC Basic,0.3504814311475784,0.004027336835861206,0.0,0.01604770491927923,0.0,0.0,-3.0482375225546994,110
2025-09-14 15:00:00,SAC Basic,0.3493025325126678,0.003330409526824951,0.0,0.0,0.0,0.0,-2.9303268287304056,110
2025-09-14 16:00:00,SAC Basic,0.34838313005479477,0.004679262638092041,0.0,0.0,0.0,0.0,-2.8384200792633503,110
2025-09-14 17:00:00,SAC Basic,0.34774863598299327,0.00515177845954895,0.0,0.0,0.0,0.0,-2.7749713590267318,110
2025-09-14 18:00:00,SAC Basic,0.3474513643347452,0.004318505525588989,0.0,0.0,0.0,0.0,-2.7452311363143718,110
2025-09-14 19:00:00,SAC Basic,0.3472096060032875,0.003972500562667847,0.0,0.0,0.0,0.0,-2.7210435103896304,110
2025-09-14 20:00:00,SAC Basic,0.3469377281859746,0.003436654806137085,0.0,0.0,0.0,0.0,-2.6938469101511497,110
2025-09-14 21:00:00,SAC Basic,0.3466651142512988,0.0032158195972442627,0.0,0.0,0.0,0.0,-2.666577949873914,110
2025-09-14 22:00:00,SAC Basic,0.3463924814418188,0.0032101571559906006,0.0,0.0,0.0,0.0,-2.63931240394941,110
2025-09-14 23:00:00,SAC Basic,0.34614879837704016,0.00339508056640625,0.0,0.0,0.0,0.0,-2.614949588549447,110
2025-09-15 00:00:00,SAC Basic,0.3459056348660818,0.0035509467124938965,0.0,0.0,0.0,0.0,-2.590636064203888,110
2025-09-15 01:00:00,SAC Basic,0.3456347454924615,0.0037331879138946533,0.0,0.0,0.0,0.0,-2.5635510354164395,110
2025-09-15 02:00:00,SAC Basic,0.34533349225394244,0.003124028444290161,0.0,0.0,0.0,0.0,-2.5334177975578256,110
2025-09-15 03:00:00,SAC Basic,0.34503218735806457,0.0031085312366485596,0.0,0.0,0.0,0.0,-2.5032810614032655,110
2025-09-15 04:00:00,SAC Basic,0.3447342103881867,0.0041069090366363525,0.0,0.0,0.0,0.0,-2.473513160777401,110
2025-09-15 05:00:00,SAC Basic,0.3444649074915281,0.0042091310024261475,0.0,0.0,0.0,0.0,-2.446575953992514,110
2025-09-15 06:00:00,SAC Basic,0.34419294076395346,0.0034099817276000977,0.0,0.0,0.0,0.0,-2.4193702675226456,110
2025-09-15 07:00:00,SAC Basic,0.3437529772491486,0.004010945558547974,0.0,0.0,0.0,0.0,-2.3753839534643406,110
2025-09-15 08:00:00,SAC Basic,0.34289281786871273,0.005452185869216919,0.0,0.0,0.0,0.0,-2.289405242991763,110
2025-09-15 09:00:00,SAC Basic,0.3416304729282093,0.003796517848968506,0.0,0.0,0.0,0.0,-2.1631397798581116,110
2025-09-15 10:00:00,SAC Basic,0.3400819112796815,0.0029315054416656494,0.0,0.0,0.0,0.0,-2.008258408201057,110
2025-09-15 11:00:00,SAC Basic,0.33830629553429603,0.0028152763843536377,0.0,0.0,0.0,0.0,-1.8306870212478625,110
2025-09-15 12:00:00,SAC Basic,0.33641955381425537,0.0034774839878082275,0.0,0.0,0.0,0.0,-1.642031553181327,110
2025-09-15 13:00:00,SAC Basic,0.3349211158453655,0.00296860933303833,0.0,0.0,0.0,0.0,-1.492176045469757,110
2025-09-15 14:00:00,SAC Basic,0.333677145905021,0.0028090178966522217,0.0,0.0,0.0,0.0,-1.3677723667743973,110
2025-09-15 15:00:00,SAC Basic,0.3324407093822193,0.0030690431594848633,0.0,0.0,0.0,0.0,-1.2441349193377487,110
2025-09-15 16:00:00,SAC Basic,0.3317668234415086,0.0038342177867889404,0.0,0.0,0.0,0.0,-1.1767666802528678,110
2025-09-15 17:00:00,SAC Basic,0.3316050688635539,0.004473626613616943,0.0,0.0,0.0,0.0,-1.1606027529759297,110
2025-09-15 18:00:00,SAC Basic,0.3313619689308833,0.0035700201988220215,0.0,0.0,0.0,0.0,-1.1362773295564559,110
2025-09-15 19:00:00,SAC Basic,0.3311742869475714,0.0031954050064086914,0.0,0.0,0.0,0.0,-1.1174963490091911,110
2025-09-15 20:00:00,SAC Basic,0.3309591602368386,0.003461986780166626,0.0,0.0,0.0,0.0,-1.0959879292371981,110
2025-09-15 21:00:00,SAC Basic,0.33580368910026864,0.012858659029006958,0.0,0.0,0.0,0.0,-1.580720049929932,110
2025-09-15 22:00:00,SAC Basic,0.3360365781079959,0.0038667023181915283,0.0,0.0,0.0,0.0,-1.6038250644130634,110
2025-09-15 23:00:00,SAC Basic,0.33724325024398477,0.004501640796661377,0.0,0.0,0.0,0.0,-1.7244214065991943,110
2025-09-16 00:00:00,SAC Basic,0.3387859716982872,0.005316436290740967,0.0,0.0,0.0,0.0,-1.8787116465094773,110
2025-09-16 01:00:00,SAC Basic,0.3393521349314085,0.0038489699363708496,0.0,0.0,0.0,0.0,-1.9353051472031182,110
2025-09-16 02:00:00,SAC Basic,0.3391955012729993,0.004009902477264404,0.0,0.0,0.0,0.0,-1.9196319346748836,110
2025-09-16 03:00:00,SAC Basic,0.3393708951094976,0.0036181509494781494,0.0,0.0,0.0,0.0,-1.9371657914840252,110
2025-09-16 04:00:00,SAC Basic,0.33954660534731845,0.003713071346282959,0.0,0.0,0.0,0.0,-1.9547357453627383,110
2025-09-16 05:00:00,SAC Basic,0.33975251106691656,0.004271715879440308,0.0,0.0,0.0,0.0,-1.9753421274545762,110
2025-09-16 06:00:00,SAC Basic,0.33990100804202056,0.004049092531204224,0.0,0.0,0.0,0.0,-1.9901840122861616,110
2025-09-16 07:00:00,SAC Basic,0.33955153610182104,0.0056584179401397705,0.0,0.0,0.0,0.0,-1.9552828717949953,110
2025-09-16 08:00:00,SAC Basic,0.33905029511722223,0.004627704620361328,0.0,0.0,0.0,0.0,-1.9051323729478278,110
2025-09-16 09:00:00,SAC Basic,0.3382912025470763,0.003772228956222534,0.0,0.0,0.0,0.0,-1.8292042540433937,110
2025-09-16 10:00:00,SAC Basic,0.3373359849956859,0.004434734582901001,0.0,0.0,0.0,0.0,-1.7336938193165141,110
2025-09-16 11:00:00,SAC Basic,0.3357397882742911,0.005640983581542969,0.0,0.0,0.0,0.0,-1.574103709590724,110
2025-09-16 12:00:00,SAC Basic,0.3340576031092037,0.0053444504737854,0.0,0.0,0.0,0.0,-1.405870165260921,110
2025-09-16 13:00:00,SAC Basic,0.33312597944132777,0.00501289963722229,0.0,0.0,0.0,0.0,-1.3127015176338863,110
2025-09-16 14:00:00,SAC Basic,0.33183447117281245,0.0035475194454193115,0.0,0.0,0.0,0.0,-1.183532721472071,110
2025-09-16 15:00:00,SAC Basic,0.3309299320081104,0.0026382505893707275,0.0,0.0,0.0,0.0,-1.0930550585113856,110
2025-09-16 16:00:00,SAC Basic,0.3300317714209585,0.002551823854446411,0.0,0.0,0.0,0.0,-1.0032290428402895,110
2025-09-16 17:00:00,SAC Basic,0.3294788942888606,0.004136860370635986,0.0,0.0,0.0,0.0,-0.9479880164586364,110
2025-09-16 18:00:00,SAC Basic,0.32917654382817235,0.0027948617935180664,0.0,0.0,0.0,0.0,-0.9177237000388762,110
2025-09-16 19:00:00,SAC Basic,0.3289598485218712,0.002991408109664917,0.0,0.0,0.0,0.0,-0.8960466458124753,110
2025-09-16 20:00:00,SAC Basic,0.32871405892960515,0.002763122320175171,0.0,0.0,0.0,0.0,-0.8714634382648124,110
2025-09-16 21:00:00,SAC Basic,0.3284385735411673,0.0023543834686279297,0.0,0.0,0.0,0.0,-0.8439085291746162,110
2025-09-16 22:00:00,SAC Basic,0.3281355977284142,0.0026072561740875244,0.0,0.0,0.0,0.0,-0.8136144466919576,110
2025-09-16 23:00:00,SAC Basic,0.3278319662645686,0.0024105608463287354,0.0,0.0,0.0,0.0,-0.7832468046270654,110
2025-09-17 00:00:00,SAC Basic,0.32786429073842643,0.0031973421573638916,0.0,0.0,0.0,0.0,-0.7865008884989003,110
2025-09-17 01:00:00,SAC Basic,0.3309943355714508,0.015513449907302856,0.0,0.0,0.0,0.0,-1.0998669872207252,110
2025-09-17 02:00:00,SAC Basic,0.3330738125518191,0.008843094110488892,0.0,0.0,0.0,0.0,-1.3076248206220888,110
2025-09-17 03:00:00,SAC Basic,0.3334405437393217,0.0035193562507629395,0.0,0.0,0.0,0.0,-1.3441779984357811,110
2025-09-17 04:00:00,SAC Basic,0.3331669105652202,0.002910047769546509,0.0,0.0,0.0,0.0,-1.3167553505622211,110
2025-09-17 05:00:00,SAC Basic,0.33295238884163186,0.0036434829235076904,0.0,0.0,0.0,0.0,-1.2953190881731955,110
2025-09-17 06:00:00,SAC Basic,0.3334073868603735,0.0044994056224823,0.0,0.0,0.0,0.0,-1.340837233376791,110
2025-09-17 07:00:00,SAC Basic,0.33439235441637327,0.005990266799926758,0.0,0.0,0.0,0.0,-1.4393701555850995,110
2025-09-17 08:00:00,SAC Basic,0.33375279047282824,0.00363081693649292,0.0,0.0,0.0,0.0,-1.375375258120188,110
2025-09-17 09:00:00,SAC Basic,0.3334664984912901,0.00311240553855896,0.0,0.0,0.0,0.0,-1.346717281353762,110
2025-09-17 10:00:00,SAC Basic,0.3348426357828805,0.0018411874771118164,0.0,0.0,0.0,0.0,-1.4843131142182042,110
2025-09-17 11:00:00,SAC Basic,0.3418083562313745,0.004216134548187256,0.0,0.0,0.0,0.0,-2.180943695299125,110
2025-09-17 12:00:00,SAC Basic,0.34048539482307727,0.0026115775108337402,0.0,0.0,0.0,0.0,-2.0486077594283163,110
2025-09-17 13:00:00,SAC Basic,0.33910662902864114,0.0028702616691589355,0.0,0.0,0.0,0.0,-1.9107228949390795,110
2025-09-17 14:00:00,SAC Basic,0.33781158620469065,0.0024871528148651123,0.0,0.0,0.0,0.0,-1.7812121946139046,110
2025-09-17 15:00:00,SAC Basic,0.3367154091822335,0.002646893262863159,0.0,0.0,0.0,0.0,-1.6715954534930892,110
2025-09-17 16:00:00,SAC Basic,0.34745926760069823,0.010157525539398193,0.0,0.0,0.0,0.0,-2.7462050169033754,110
2025-09-17 17:00:00,SAC Basic,0.34814762699397694,0.00850781798362732,0.0,0.0,0.0,0.0,-2.8149493528329237,110
2025-09-17 18:00:00,SAC Basic,0.3483059666827549,0.007001906633377075,0.0,0.0,0.0,0.0,-2.830751765521657,110
2025-09-17 19:00:00,SAC Basic,0.34849039658340103,0.006328970193862915,0.0,0.0,0.0,0.0,-2.8491729671083745,110
2025-09-17 20:00:00,SAC Basic,0.35245479348497644,0.005145519971847534,0.0,0.08182644949921497,0.0,0.0,-3.2455940933992995,110
2025-09-17 21:00:00,SAC Basic,0.3536078369283413,0.008674263954162598,0.0,0.12026123094470904,0.0,0.0,-3.3609924655530357,110
2025-09-17 22:00:00,SAC Basic,0.35554303999874604,0.00782892107963562,0.0,0.1847679999582013,0.0,0.0,-3.554469031724941,110
2025-09-17 23:00:00,SAC Basic,0.35728117330551395,0.006645768880844116,0.0,0.24270577685046535,0.0,0.0,-3.728262077451,110
2025-09-18 00:00:00,SAC Basic,0.35644749867987857,0.007314234972000122,0.0,0.21491662266261785,0.0,0.0,-3.644902837348208,110
2025-09-18 01:00:00,SAC Basic,0.3565483046504756,0.0080186128616333,0.0,0.21827682168251955,0.0,0.0,-3.654997881083688,110
2025-09-18 02:00:00,SAC Basic,0.35663669650216995,0.007240772247314453,0.0,0.22122321673899847,0.0,0.0,-3.6638222440680837,110
2025-09-18 03:00:00,SAC Basic,0.3585506885243067,0.010220557451248169,0.0,0.2850229508102231,0.0,0.0,-3.8553030614317354,110
2025-09-18 04:00:00,SAC Basic,0.3581199737504073,0.009451359510421753,0.0,0.2706657916802442,0.0,0.0,-3.8121940942103487,110
2025-09-18 05:00:00,SAC Basic,0.3574323152547134,0.009446293115615845,0.0,0.247743841823781,0.0,0.0,-3.7434205019976012,110
2025-09-18 06:00:00,SAC Basic,0.3564641490571249,0.010021775960922241,0.0,0.21547163523749618,0.0,0.0,-3.646621096060163,110
2025-09-18 07:00:00,SAC Basic,0.3555230528345598,0.012272894382476807,0.0,0.1841017611519945,0.0,0.0,-3.552573252527846,110
2025-09-18 08:00:00,SAC Basic,0.35508973954834583,0.009663999080657959,0.0,0.1696579849448611,0.0,0.0,-3.509193323769214,110
2025-09-18 09:00:00,SAC Basic,0.35432635901187104,0.004197806119918823,0.0,0.14421196706236686,0.0,0.0,-3.432774519239109,110
2025-09-18 10:00:00,SAC Basic,0.3595592871890149,0.0030213594436645508,0.0,0.31864290630049796,0.0,0.0,-3.956000910557127,110
2025-09-18 11:00:00,SAC Basic,0.37658258517256515,0.0055755674839019775,0.0,0.8860861724188382,0.0,0.0,-5.658395570686595,110
2025-09-18 12:00:00,SAC Basic,0.376796895808379,0.010523051023483276,0.0,0.8932298602793012,0.0,0.0,-5.679949516693764,110
2025-09-18 13:00:00,SAC Basic,0.37890267443037046,0.007656067609786987,0.0,0.9634224810123485,0.0,0.0,-5.890449234223378,110
2025-09-18 14:00:00,SAC Basic,0.38104253861179366,0.012710541486740112,0.0,1.0347512870597881,0.0,0.0,-6.10455861674787,110
2025-09-18 15:00:00,SAC Basic,0.39085721919003497,0.033811479806900024,0.0,1.3619073063345,0.0,0.0,-7.086609157982836,110
2025-09-18 16:00:00,SAC Basic,0.38862483822438154,0.028280317783355713,0.0,1.2874946074793856,0.0,0.0,-6.863104740414055,110
2025-09-18 17:00:00,SAC Basic,0.3941253164697859,0.014487355947494507,0.0,1.4708438823261958,0.0,0.0,-7.412959323715897,110
2025-09-18 18:00:00,SAC Basic,0.39346344779549597,0.018220990896224976,0.0,1.4487815931831989,0.0,0.0,-7.346746535717009,110
2025-09-18 19:00:00,SAC Basic,0.39561027837710283,0.006891787052154541,0.0,1.5203426125700945,0.0,0.0,-7.561278965489766,110
2025-09-18 20:00:00,SAC Basic,0.3936335327361528,0.046427398920059204,0.0,1.4544510912050925,0.0,0.0,-7.364677177712361,110
2025-09-18 21:00:00,SAC Basic,0.39157193267475104,0.052251070737838745,0.0,1.385731089158368,0.0,0.0,-7.158296525608038,110
2025-09-18 22:00:00,SAC Basic,0.38788015208623294,0.014637559652328491,0.0,1.2626717362077642,0.0,0.0,-6.788684094927195,110
2025-09-18 23:00:00,SAC Basic,0.38456451748855247,0.016960203647613525,0.0,1.1521505829517495,0.0,0.0,-6.456814179368152,110
2025-09-19 00:00:00,SAC Basic,0.3827977238000095,0.022719353437423706,0.0,1.0932574600003164,0.0,0.0,-6.280284358567593,110
2025-09-19 01:00:00,SAC Basic,0.3812251269873971,0.02855852246284485,0.0,1.0408375662465688,0.0,0.0,-6.123142260879219,110
2025-09-19 02:00:00,SAC Basic,0.37796519723710365,0.013694316148757935,0.0,0.932173241236788,0.0,0.0,-5.796942252096479,110
2025-09-19 03:00:00,SAC Basic,0.37506346240809807,0.015928298234939575,0.0,0.8354487469366035,0.0,0.0,-5.506687146595367,110
2025-09-19 04:00:00,SAC Basic,0.37244644097850843,0.014108270406723022,0.0,0.748214699283615,0.0,0.0,-5.244944463537259,110
2025-09-19 05:00:00,SAC Basic,0.3700680459617924,0.01491636037826538,0.0,0.6689348653930793,0.0,0.0,-5.007111004286518,110
2025-09-19 06:00:00,SAC Basic,0.3678824266223327,0.01689508557319641,0.0,0.596080887411091,0.0,0.0,-4.788600351196685,110
2025-09-19 07:00:00,SAC Basic,0.36582468009223484,0.020665377378463745,0.0,0.5274893364078281,0.0,0.0,-4.582919019689106,110
2025-09-19 08:00:00,SAC Basic,0.3637749269167478,0.022738277912139893,0.0,0.4591642305582596,0.0,0.0,-4.377968186238358,110
2025-09-19 09:00:00,SAC Basic,0.3617681294758226,0.011231750249862671,0.0,0.3922709825274197,0.0,0.0,-4.1771526478638785,110
2025-09-19 10:00:00,SAC Basic,0.35999790970269785,0.00819772481918335,0.0,0.33326365675659564,0.0,0.0,-3.999985265020475,110
2025-09-19 11:00:00,SAC Basic,0.3586829062027688,0.00942915678024292,0.0,0.28943020675896064,0.0,0.0,-3.8684915177320973,110
2025-09-19 12:00:00,SAC Basic,0.35678858126738267,0.0064885616302490234,0.0,0.22628604224608895,0.0,0.0,-3.6790173039223713,110
2025-09-19 13:00:00,SAC Basic,0.35513686052076754,0.007212460041046143,0.0,0.17122868402558425,0.0,0.0,-3.5138375402616826,110
2025-09-19 14:00:00,SAC Basic,0.3534200013746566,0.006942301988601685,0.0,0.11400004582188644,0.0,0.0,-3.3421416850859584,110
2025-09-19 15:00:00,SAC Basic,0.35205220116833563,0.006566643714904785,0.0,0.06840670561118856,1.4210854715202004e-14,0.0,-3.2053552062905974,110
2025-09-19 16:00:00,SAC Basic,0.3510748917341803,0.006136894226074219,0.0,0.03582972447267707,0.0,0.0,-3.107616208797442,110
2025-09-19 17:00:00,SAC Basic,0.3505670425942458,0.011046677827835083,0.0,0.01890141980819351,0.0,0.0,-3.056974290817155,110
2025-09-19 18:00:00,SAC Basic,0.35035445516826963,0.007538944482803345,0.0,0.011815172275655074,0.0,0.0,-3.0356313730500686,110
2025-09-19 19:00:00,SAC Basic,0.3502383475182258,0.007112622261047363,0.0,0.007944917274193131,0.0,0.0,-3.0239812674900177,110
2025-09-19 20:00:00,SAC Basic,0.35010804217914965,0.0070098042488098145,0.0,0.00360140597165497,0.0,0.0,-3.0109454421800628,110
2025-09-19 21:00:00,SAC Basic,0.3499906281457367,0.007275789976119995,0.0,0.0,0.0,0.0,-2.9992109902304676,110
2025-09-19 22:00:00,SAC Basic,0.3498761893775088,0.00816836953163147,0.0,0.0,0.0,0.0,-2.9877912309370678,110
2025-09-19 23:00:00,SAC Basic,0.3497596485521418,0.007537752389907837,0.0,0.0,0.0,0.0,-2.976121916433396,110
2025-09-20 00:00:00,SAC Basic,0.34964224246601483,0.007278174161911011,0.0,0.0,0.0,0.0,-2.964372405867,110
2025-09-20 01:00:00,SAC Basic,0.3494939862404289,0.00652313232421875,0.0,0.0,0.0,0.0,-2.949536637107748,110
2025-09-20 02:00:00,SAC Basic,0.34934560285826743,0.0064849853515625,0.0,0.0,0.0,0.0,-2.9346903670035007,110
2025-09-20 03:00:00,SAC Basic,0.3492268333158912,0.006869137287139893,0.0,0.0,0.0,0.0,-2.9228245558542194,110
2025-09-20 04:00:00,SAC Basic,0.3491093686185302,0.0072605907917022705,0.0,0.0,0.0,0.0,-2.911085988203899,110
2025-09-20 05:00:00,SAC Basic,0.34899177328765607,0.007221400737762451,0.0,0.0,0.0,0.0,-2.8993221486809015,110
2025-09-20 06:00:00,SAC Basic,0.34884383843044653,0.006619542837142944,0.0,0.0,0.0,0.0,-2.8845222524804015,110
2025-09-20 07:00:00,SAC Basic,0.34850543606619255,0.00897929072380066,0.0,0.0,0.0,0.0,-2.850746789912597,110
2025-09-20 08:00:00,SAC Basic,0.3477046970870119,0.006278306245803833,0.0,0.0,0.0,0.0,-2.7706222846708854,110
2025-09-20 09:00:00,SAC Basic,0.346469343878629,0.0033940374851226807,0.0,0.0,0.0,0.0,-2.6470311113002074,110
2025-09-20 10:00:00,SAC Basic,0.34492048967063643,0.0028437376022338867,0.0,0.0,0.0,0.0,-2.4921113448145165,110
2025-09-20 11:00:00,SAC Basic,0.34314678922116976,0.0033898651599884033,0.0,0.0,0.0,0.0,-2.3147521806957525,110
2025-09-20 12:00:00,SAC Basic,0.3412593545971336,0.0032696127891540527,0.0,0.0,0.0,0.0,-2.1260020544928486,110
2025-09-20 13:00:00,SAC Basic,0.33945556446413416,0.00286296010017395,0.0,0.0,0.0,0.0,-1.945617772142309,110
2025-09-20 14:00:00,SAC Basic,0.33779280521492383,0.0026722252368927,0.0,0.0,0.0,0.0,-1.779335873345753,110
2025-09-20 15:00:00,SAC Basic,0.33641382782399876,0.0028067827224731445,0.0,0.0,0.0,0.0,-1.6414402636291803,110
2025-09-20 16:00:00,SAC Basic,0.3354100343269132,0.004861950874328613,0.0,0.0,0.0,0.0,-1.541121223390323,110
2025-09-20 17:00:00,SAC Basic,0.33480322737475454,0.004957914352416992,0.0,0.0,0.0,0.0,-1.480422855397283,110
2025-09-20 18:00:00,SAC Basic,0.3345009504264615,0.002816915512084961,0.0,0.0,0.0,0.0,-1.450172790944794,110
2025-09-20 19:00:00,SAC Basic,0.33422695267061614,0.002800673246383667,0.0,0.0,0.0,0.0,-1.422751442949198,110
2025-09-20 20:00:00,SAC Basic,0.3339818758505605,0.0029769539833068848,0.0,0.0,0.0,0.0,-1.398248886943084,110
2025-09-20 21:00:00,SAC Basic,0.33373667137722396,0.0029386579990386963,0.0,0.0,0.0,0.0,-1.3737262938422188,110
2025-09-20 22:00:00,SAC Basic,0.33351957920332975,0.0028723478317260742,0.0,0.0,0.0,0.0,-1.3520160303912823,110
2025-09-20 23:00:00,SAC Basic,0.3333042394059919,0.0033980607986450195,0.0,0.0,0.0,0.0,-1.3304971589448322,110
2025-09-21 00:00:00,SAC Basic,0.3330869704049848,0.0028192996978759766,0.0,0.0,0.0,0.0,-1.3087592141034452,110
2025-09-21 01:00:00,SAC Basic,0.3328699731018169,0.0029008090496063232,0.0,0.0,0.0,0.0,-1.2870561414561963,110
2025-09-21 02:00:00,SAC Basic,0.33268233482857773,0.0032085180282592773,0.0,0.0,0.0,0.0,-1.2683007303081242,110
2025-09-21 03:00:00,SAC Basic,0.33246556799670285,0.0029699504375457764,0.0,0.0,0.0,0.0,-1.2466185843549422,110
2025-09-21 04:00:00,SAC Basic,0.3322504899630967,0.0034765899181365967,0.0,0.0,0.0,0.0,-1.2251235945028376,110
2025-09-21 05:00:00,SAC Basic,0.33203558080931733,0.0035272538661956787,0.0,0.0,0.0,0.0,-1.203629132648537,110
2025-09-21 06:00:00,SAC Basic,0.3317936938311679,0.003933906555175781,0.0,0.0,0.0,0.0,-1.179452127774784,110
2025-09-21 07:00:00,SAC Basic,0.33135449424922697,0.004240125417709351,0.0,0.0,0.0,0.0,-1.135537289619676,110
2025-09-21 08:00:00,SAC Basic,0.3305428719586157,0.003013312816619873,0.0,0.0,0.0,0.0,-1.054359730243913,110
2025-09-21 09:00:00,SAC Basic,0.3293600016675416,0.0021389126777648926,0.0,0.0,0.0,0.0,-0.9360516890091022,110
2025-09-21 10:00:00,SAC Basic,0.32790028451860187,0.004084855318069458,0.0,0.0,0.0,0.0,-0.7901296083929508,110
2025-09-21 11:00:00,SAC Basic,0.3262447274973019,0.00483289361000061,0.0,0.0,0.0,0.0,-0.6245768879853065,110
2025-09-21 12:00:00,SAC Basic,0.3251684147105638,0.00410616397857666,0.0,0.0,0.0,0.0,-0.5169308616322643,110
2025-09-21 13:00:00,SAC Basic,0.3235099623936439,0.0039643049240112305,0.0,0.0,0.0,0.0,-0.35107694405341316,110
2025-09-21 14:00:00,SAC Basic,0.3219636140642587,0.003595501184463501,0.0,0.0,0.0,0.0,-0.19643700448695595,110
2025-09-21 15:00:00,SAC Basic,0.32078273605843627,0.002736598253250122,0.0,0.0,0.0,0.0,-0.07833692683800333,110
2025-09-21 16:00:00,SAC Basic,0.31982912970642485,0.0029180943965911865,0.0,0.0,0.0,0.0,0.9999398231506348,110
2025-09-21 17:00:00,SAC Basic,0.31988821058690786,0.004724264144897461,0.0,0.0,0.0,0.0,0.999887453019619,110
2025-09-21 18:00:00,SAC Basic,0.32022625379344066,0.003412961959838867,0.0,0.0,0.0,0.0,-0.022706751605112974,110
2025-09-21 19:00:00,SAC Basic,0.3206485986322189,0.003203451633453369,0.0,0.0,0.0,0.0,-0.06492602735782177,110
2025-09-21 20:00:00,SAC Basic,0.32070839862923073,0.0029399991035461426,0.0,0.0,0.0,0.0,-0.0709012974304422,110
2025-09-21 21:00:00,SAC Basic,0.3204626020830894,0.0027610361576080322,0.0,0.0,0.0,0.0,-0.04631721866155183,110
2025-09-21 22:00:00,SAC Basic,0.32024575379153336,0.002945512533187866,0.0,0.0,0.0,0.0,-0.024636134167754963,110
2025-09-21 23:00:00,SAC Basic,0.3199997297543312,0.00269278883934021,0.0,0.0,0.0,0.0,0.9999436169862747,110
2025-09-22 00:00:00,SAC Basic,0.3197550165226087,0.0030860304832458496,0.0,0.0,0.0,0.0,0.999934346973896,110
2025-09-22 01:00:00,SAC Basic,0.31948005515833944,0.0025115907192230225,0.0,0.0,0.0,0.0,0.9999440237879753,110
2025-09-22 02:00:00,SAC Basic,0.31926097566624734,0.0022761523723602295,0.0,0.0,0.0,0.0,0.9999521225690842,110
2025-09-22 03:00:00,SAC Basic,0.3190698753565575,0.0021699070930480957,0.0,0.0,0.0,0.0,0.999955539405346,110
2025-09-22 04:00:00,SAC Basic,0.3188509279880946,0.0023157894611358643,0.0,0.0,0.0,0.0,0.9999522253870964,110
2025-09-22 05:00:00,SAC Basic,0.31863234122773265,0.0024239718914031982,0.0,0.0,0.0,0.0,0.9999504387378693,110
2025-09-22 06:00:00,SAC Basic,0.3183847426344976,0.0022204220294952393,0.0,0.0,0.0,0.0,0.999953556060791,110
2025-09-22 07:00:00,SAC Basic,0.3179973216416464,0.0027737021446228027,0.0,0.0,0.0,0.0,0.9999389931559564,110
2025-09-22 08:00:00,SAC Basic,0.3172433042941516,0.0032947957515716553,0.0,0.0,0.0,0.0,0.999928893148899,110
2025-09-22 09:00:00,SAC Basic,0.3162318674947844,0.002568960189819336,0.0,0.0,0.0,0.0,0.9999413624405861,110
2025-09-22 10:00:00,SAC Basic,0.31505068252504126,0.0026445090770721436,0.0,0.0,0.0,0.0,0.999946354329586,110
2025-09-22 11:00:00,SAC Basic,0.3138702997344758,0.002885162830352783,0.0,0.0,0.0,0.0,0.9999398902058602,110
2025-09-22 12:00:00,SAC Basic,0.3125503692223654,0.0035208463668823242,0.0,0.0,0.0,0.0,0.999923226237297,110
2025-09-22 13:00:00,SAC Basic,0.31111812958340107,0.003828108310699463,0.0,0.0,0.0,0.0,0.9999203652143478,110
2025-09-22 14:00:00,SAC Basic,0.3099956522427028,0.0032567977905273438,0.0,0.0,0.0,0.0,0.9999291509389877,110
2025-09-22 15:00:00,SAC Basic,0.30918531194865956,0.003397911787033081,0.0,0.0,0.0,0.0,0.9999306306242942,110
2025-09-22 16:00:00,SAC Basic,0.3084879826261625,0.0033012032508850098,0.0,0.0,0.0,0.0,0.9999330088496209,110
2025-09-22 17:00:00,SAC Basic,0.30793066892167187,0.0028058886528015137,0.0,0.0,0.0,0.0,0.9999389290809632,110
2025-09-22 18:00:00,SAC Basic,0.3075126535926288,0.0020954012870788574,0.0,0.0,0.0,0.0,0.9999509871006013,110
2025-09-22 19:00:00,SAC Basic,0.30712381996969634,0.0023499131202697754,0.0,0.0,0.0,0.0,0.9999504566192627,110
2025-09-22 20:00:00,SAC Basic,0.3067916674178864,0.002354234457015991,0.0,0.0,0.0,0.0,0.9999528720974923,110
2025-09-22 21:00:00,SAC Basic,0.3064602604208415,0.0025779008865356445,0.0,0.0,0.0,0.0,0.9999462053179741,110
2025-09-22 22:00:00,SAC Basic,0.3061577500210231,0.002746880054473877,0.0,0.0,0.0,0.0,0.9999433726072312,110
2025-09-22 23:00:00,SAC Basic,0.3058563194586858,0.003070831298828125,0.0,0.0,0.0,0.0,0.9999353438615799,110
2025-09-23 00:00:00,SAC Basic,0.30555417215049513,0.0028558075428009033,0.0,0.0,0.0,0.0,0.9999407336115838,110
2025-09-23 01:00:00,SAC Basic,0.30528074560582885,0.002972036600112915,0.0,0.0,0.0,0.0,0.9999393969774246,110
2025-09-23 02:00:00,SAC Basic,0.30503396409293265,0.002465546131134033,0.0,0.0,0.0,0.0,0.9999456241726875,110
2025-09-23 03:00:00,SAC Basic,0.30481709493975095,0.00293925404548645,0.0,0.0,0.0,0.0,0.9999364778399468,110
2025-09-23 04:00:00,SAC Basic,0.3045995517573779,0.0027370452880859375,0.0,0.0,0.0,0.0,0.9999432370066642,110
2025-09-23 05:00:00,SAC Basic,0.3043803158030932,0.0022292137145996094,0.0,0.0,0.0,0.0,0.9999503374099732,110
2025-09-23 06:00:00,SAC Basic,0.30413276241004716,0.0022339820861816406,0.0,0.0,0.0,0.0,0.9999552726745605,110
2025-09-23 07:00:00,SAC Basic,0.30369554815948263,0.004835724830627441,0.0,0.0,0.0,0.0,0.999877268075943,110
2025-09-23 08:00:00,SAC Basic,0.30294553276717917,0.004495382308959961,0.0,0.0,0.0,0.0,0.9999066889286041,110
2025-09-23 09:00:00,SAC Basic,0.3018810055798318,0.003641843795776367,0.0,0.0,0.0,0.0,0.9999186277389527,110
2025-09-23 10:00:00,SAC Basic,0.3006556475736723,0.0063925981521606445,0.0,0.0,0.0,0.0,0.9998446404933929,110
2025-09-23 11:00:00,SAC Basic,0.2993204301915592,0.00743478536605835,0.0,0.0,0.0,0.0,0.9998408824205399,110
2025-09-23 12:00:00,SAC Basic,0.2980391302118724,0.006610006093978882,0.0,0.0,0.0,0.0,0.9998595520853997,110
2025-09-23 13:00:00,SAC Basic,0.29670011601388707,0.006295740604400635,0.0,0.0,0.0,0.0,0.9998709425330162,110
2025-09-23 14:00:00,SAC Basic,0.29533624790370716,0.007339566946029663,0.0,0.0,0.0,0.0,0.9998427703976631,110
2025-09-23 15:00:00,SAC Basic,0.294167231222195,0.006294995546340942,0.0,0.0,0.0,0.0,0.9998636543750763,110
2025-09-23 16:00:00,SAC Basic,0.29327819560945284,0.005289316177368164,0.0,0.0,0.0,0.0,0.9998841568827629,110
2025-09-23 17:00:00,SAC Basic,0.29273324837863696,0.006515830755233765,0.0,0.0,0.0,0.0,0.9998574182391167,110
2025-09-23 18:00:00,SAC Basic,0.29241224835256985,0.0056999921798706055,0.0,0.0,0.0,0.0,0.999877841770649,110
2025-09-23 19:00:00,SAC Basic,0.29214909814536827,0.006054937839508057,0.0,0.0,0.0,0.0,0.9998753517866135,110
2025-09-23 20:00:00,SAC Basic,0.29182369879981135,0.0043801963329315186,0.0,0.0,0.0,0.0,0.9998956486582756,110
2025-09-23 21:00:00,SAC Basic,0.29152895438850174,0.005076676607131958,0.0,0.0,0.0,0.0,0.9998915016651154,110
2025-09-23 22:00:00,SAC Basic,0.2912628582217321,0.005171149969100952,0.0,0.0,0.0,0.0,0.9998956322669983,110
2025-09-23 23:00:00,SAC Basic,0.29099822634240247,0.005610436201095581,0.0,0.0,0.0,0.0,0.9998833984136581,110
2025-09-24 00:00:00,SAC Basic,0.2907328821875677,0.005396753549575806,0.0,0.0,0.0,0.0,0.9998899281024933,110
2025-09-24 01:00:00,SAC Basic,0.2904677814183658,0.005469769239425659,0.0,0.0,0.0,0.0,0.999889874458313,110
2025-09-24 02:00:00,SAC Basic,0.2902001082120365,0.004698038101196289,0.0,0.0,0.0,0.0,0.9998983219265938,110
2025-09-24 03:00:00,SAC Basic,0.28993102138221527,0.004273951053619385,0.0,0.0,0.0,0.0,0.9999102801084518,110
2025-09-24 04:00:00,SAC Basic,0.2896620790936576,0.0043173134326934814,0.0,0.0,0.0,0.0,0.9999132201075553,110
2025-09-24 05:00:00,SAC Basic,0.2894221997986264,0.0045362114906311035,0.0,0.0,0.0,0.0,0.999907086789608,110
2025-09-24 06:00:00,SAC Basic,0.28917861408810086,0.0034242868423461914,0.0,0.0,0.0,0.0,0.9999203950166702,110
2025-09-24 07:00:00,SAC Basic,0.2887482717563735,0.006897300481796265,0.0,0.0,0.0,0.0,0.9998273238539696,110
2025-09-24 08:00:00,SAC Basic,0.28800879072288943,0.01615568995475769,0.0,0.0,0.0,0.0,0.9995843023061752,110
2025-09-24 09:00:00,SAC Basic,0.2893923775333193,0.038076043128967285,0.0,0.0,0.0,0.0,0.9990192756056786,110
2025-09-24 10:00:00,SAC Basic,0.28804372347454504,0.0289037823677063,0.0,0.0,0.0,0.0,0.9993302017450333,110
2025-09-24 11:00:00,SAC Basic,0.28651665473004456,0.026379376649856567,0.0,0.0,0.0,0.0,0.9994471684098244,110
2025-09-24 12:00:00,SAC Basic,0.2848434308578598,0.016532838344573975,0.0,0.0,0.0,0.0,0.9995708778500557,110
2025-09-24 13:00:00,SAC Basic,0.28318997115791117,0.013962090015411377,0.0,0.0,0.0,0.0,0.9996950507164001,110
2025-09-24 14:00:00,SAC Basic,0.2817341543708272,0.013754963874816895,0.0,0.0,0.0,0.0,0.9997228294610977,110
2025-09-24 15:00:00,SAC Basic,0.28059024836401414,0.022328197956085205,0.0,0.0,0.0,0.0,0.9994677037000657,110
2025-09-24 16:00:00,SAC Basic,0.2796746434499847,0.014318525791168213,0.0,0.0,0.0,0.0,0.9996335327625274,110
2025-09-24 17:00:00,SAC Basic,0.27909863819142455,0.0141984224319458,0.0,0.0,0.0,0.0,0.9997148305177689,110
2025-09-24 18:00:00,SAC Basic,0.2787481671112803,0.013858675956726074,0.0,0.0,0.0,0.0,0.9997194290161133,110
2025-09-24 19:00:00,SAC Basic,0.27848108918925396,0.013376623392105103,0.0,0.0,0.0,0.0,0.9997276470065117,110
2025-09-24 20:00:00,SAC Basic,0.27817832692563804,0.019671320915222168,0.0,0.0,0.0,0.0,0.9995436266064645,110
2025-09-24 21:00:00,SAC Basic,0.2778727736745305,0.018834024667739868,0.0,0.0,0.0,0.0,0.9996149465441704,110
2025-09-24 22:00:00,SAC Basic,0.27756495594362685,0.018154680728912354,0.0,0.0,0.0,0.0,0.9996301129460335,110
2025-09-24 23:00:00,SAC Basic,0.27728933144351114,0.019312649965286255,0.0,0.0,0.0,0.0,0.9996021673083305,110
2025-09-25 00:00:00,SAC Basic,0.2776675494052993,0.023965388536453247,0.0,0.0,0.0,0.0,0.9994741648435593,110
2025-09-25 01:00:00,SAC Basic,0.2784406147148238,0.02541959285736084,0.0,0.0,0.0,0.0,0.9994770660996437,110
2025-09-25 02:00:00,SAC Basic,0.2795937412152714,0.013937950134277344,0.0,0.0,0.0,0.0,0.9996064245700835,110
2025-09-25 03:00:00,SAC Basic,0.2796875650336372,0.013147145509719849,0.0,0.0,0.0,0.0,0.99972914904356,110
2025-09-25 04:00:00,SAC Basic,0.2793790387696054,0.009442120790481567,0.0,0.0,0.0,0.0,0.999774107336998,110
2025-09-25 05:00:00,SAC Basic,0.2814698399045097,0.0037403404712677,0.0,0.0,0.0,0.0,0.9998681753873825,110
2025-09-25 06:00:00,SAC Basic,0.2815577333261596,0.0028680264949798584,0.0,0.0,0.0,0.0,0.9999339163303376,110
2025-09-25 07:00:00,SAC Basic,0.28120549622714786,0.0048288702964782715,0.0,0.0,0.0,0.0,0.9998838141560554,110
2025-09-25 08:00:00,SAC Basic,0.28103790956596797,0.01122400164604187,0.0,0.0,0.0,0.0,0.9997115686535835,110
2025-09-25 09:00:00,SAC Basic,0.2861560744255807,0.01594945788383484,0.0,0.0,0.0,0.0,0.9996337562799453,110
2025-09-25 10:00:00,SAC Basic,0.2870459472856945,0.013461858034133911,0.0,0.0,0.0,0.0,0.9997058868408203,110
2025-09-25 11:00:00,SAC Basic,0.28692785283903544,0.02157166600227356,0.0,0.0,0.0,0.0,0.9994874686002732,110
2025-09-25 12:00:00,SAC Basic,0.286303706364833,0.016756057739257812,0.0,0.0,0.0,0.0,0.9996167227625846,110
2025-09-25 13:00:00,SAC Basic,0.28550467502455185,0.023790597915649414,0.0,0.0,0.0,0.0,0.9994538426399231,110
2025-09-25 14:00:00,SAC Basic,0.2848784051348792,0.016119033098220825,0.0,0.0,0.0,0.0,0.9996009036898613,110
2025-09-25 15:00:00,SAC Basic,0.2844192635601786,0.006757527589797974,0.0,0.0,0.0,0.0,0.9997712343931199,110
2025-09-25 16:00:00,SAC Basic,0.2840171681350497,0.00687137246131897,0.0,0.0,0.0,0.0,0.9998614341020584,110
2025-09-25 17:00:00,SAC Basic,0.2837472701853541,0.0040306150913238525,0.0,0.0,0.0,0.0,0.9998909801244736,110
2025-09-25 18:00:00,SAC Basic,0.28354537918269906,0.007432699203491211,0.0,0.0,0.0,0.0,0.9998173251748085,110
2025-09-25 19:00:00,SAC Basic,0.2833418167664635,0.006931275129318237,0.0,0.0,0.0,0.0,0.9998563602566719,110
2025-09-25 20:00:00,SAC Basic,0.2831510370630053,0.010766088962554932,0.0,0.0,0.0,0.0,0.9997463300824165,110
2025-09-25 21:00:00,SAC Basic,0.28295317334751563,0.008640885353088379,0.0,0.0,0.0,0.0,0.9998059302568435,110
2025-09-25 22:00:00,SAC Basic,0.2826231399720935,0.01148998737335205,0.0,0.0,0.0,0.0,0.9997417092323303,110
2025-09-25 23:00:00,SAC Basic,0.28231082384606476,0.008305162191390991,0.0,0.0,0.0,0.0,0.9998020485043526,110
2025-09-26 00:00:00,SAC Basic,0.2823446734366841,0.012154877185821533,0.0,0.0,0.0,0.0,0.9997184053063393,110
2025-09-26 01:00:00,SAC Basic,0.28237125622769466,0.009974837303161621,0.0,0.0,0.0,0.0,0.9997787028551102,110
2025-09-26 02:00:00,SAC Basic,0.2827653767428822,0.011736154556274414,0.0,0.0,0.0,0.0,0.9997476637363434,110
2025-09-26 03:00:00,SAC Basic,0.28248208635747696,0.008512884378433228,0.0,0.0,0.0,0.0,0.999797509610653,110
2025-09-26 04:00:00,SAC Basic,0.28219947546502216,0.008716732263565063,0.0,0.0,0.0,0.0,0.9998236268758774,110
2025-09-26 05:00:00,SAC Basic,0.28222496053715806,0.009645521640777588,0.0,0.0,0.0,0.0,0.9997978016734124,110
2025-09-26 06:00:00,SAC Basic,0.28224561961988864,0.00819772481918335,0.0,0.0,0.0,0.0,0.9998215675354004,110
2025-09-26 07:00:00,SAC Basic,0.28221066058099525,0.008512288331985474,0.0,0.0,0.0,0.0,0.9998266085982322,110
2025-09-26 08:00:00,SAC Basic,0.28164286414087075,0.008161067962646484,0.0,0.0,0.0,0.0,0.9998332664370536,110
2025-09-26 09:00:00,SAC Basic,0.28083023724655565,0.011211931705474854,0.0,0.0,0.0,0.0,0.9997452527284623,110
2025-09-26 10:00:00,SAC Basic,0.28014252086023744,0.031685084104537964,0.0,0.0,0.0,0.0,0.9991615667939187,110
2025-09-26 11:00:00,SAC Basic,0.27930734400451435,0.021446943283081055,0.0,0.0,0.0,0.0,0.9994686797261237,110
2025-09-26 12:00:00,SAC Basic,0.27864612825572743,0.01613527536392212,0.0,0.0,0.0,0.0,0.99962417781353,110
2025-09-26 13:00:00,SAC Basic,0.2779334547895218,0.017697960138320923,0.0,0.0,0.0,0.0,0.9996304139494896,110
2025-09-26 14:00:00,SAC Basic,0.27761029364288103,0.041051656007766724,0.0,0.0,0.0,0.0,0.9989454299211502,110
2025-09-26 15:00:00,SAC Basic,0.2774060190298185,0.025717616081237793,0.0,0.0,0.0,0.0,0.9993323072791099,110
2025-09-26 16:00:00,SAC Basic,0.2779483998570864,0.007214248180389404,0.0,0.0,0.0,0.0,0.9996706813573838,110
2025-09-26 17:00:00,SAC Basic,0.2799702410986051,0.008552372455596924,0.0,0.0,0.0,0.0,0.999815571308136,110
2025-09-26 18:00:00,SAC Basic,0.2810870832715457,0.003052651882171631,0.0,0.0,0.0,0.0,0.9998839497566223,110
2025-09-26 19:00:00,SAC Basic,0.28126552687903494,0.0045330822467803955,0.0,0.0,0.0,0.0,0.9998945340514183,110
2025-09-26 20:00:00,SAC Basic,0.28104773209830375,0.011161565780639648,0.0,0.0,0.0,0.0,0.9997104838490487,110
2025-09-26 21:00:00,SAC Basic,0.2808299864914045,0.011176317930221558,0.0,0.0,0.0,0.0,0.9997763261198997,110
2025-09-26 22:00:00,SAC Basic,0.28058873850763094,0.01262560486793518,0.0,0.0,0.0,0.0,0.9997329950332642,110
2025-09-26 23:00:00,SAC Basic,0.28031982078890255,0.012824684381484985,0.0,0.0,0.0,0.0,0.9997415155172348,110
2025-09-27 00:00:00,SAC Basic,0.28004766852478435,0.011854320764541626,0.0,0.0,0.0,0.0,0.9997532099485397,110
2025-09-27 01:00:00,SAC Basic,0.27979777290046465,0.010031312704086304,0.0,0.0,0.0,0.0,0.9997811436653138,110
2025-09-27 02:00:00,SAC Basic,0.27955638236224906,0.012582838535308838,0.0,0.0,0.0,0.0,0.9997228279709817,110
2025-09-27 03:00:00,SAC Basic,0.2792869515468702,0.012670755386352539,0.0,0.0,0.0,0.0,0.9997457057237625,110
2025-09-27 04:00:00,SAC Basic,0.2793224233772382,0.012641549110412598,0.0,0.0,0.0,0.0,0.9997468769550323,110
2025-09-27 05:00:00,SAC Basic,0.2794503063172127,0.006364881992340088,0.0,0.0,0.0,0.0,0.9998099356889725,110
2025-09-27 06:00:00,SAC Basic,0.28017981381118545,0.003852248191833496,0.0,0.0,0.0,0.0,0.9998978286981582,110
2025-09-27 07:00:00,SAC Basic,0.27988395628313467,0.004742741584777832,0.0,0.0,0.0,0.0,0.999896240234375,110
2025-09-27 08:00:00,SAC Basic,0.28534911551654585,0.009547770023345947,0.0,0.0,0.0,0.0,0.9997609943151474,110
2025-09-27 09:00:00,SAC Basic,0.2850205467726811,0.02242937684059143,0.0,0.0,0.0,0.0,0.9994225963950156,110
2025-09-27 10:00:00,SAC Basic,0.28564049845636136,0.02398550510406494,0.0,0.0,0.0,0.0,0.999504728615284,110
2025-09-27 11:00:00,SAC Basic,0.2854511161766474,0.03218531608581543,0.0,0.0,0.0,0.0,0.9992742955684663,110
2025-09-27 12:00:00,SAC Basic,0.2845900212003812,0.030671507120132446,0.0,0.0,0.0,0.0,0.9993714317679405,110
2025-09-27 13:00:00,SAC Basic,0.2846803600941126,0.024601668119430542,0.0,0.0,0.0,0.0,0.9994472682476044,110
2025-09-27 14:00:00,SAC Basic,0.28790779848277814,0.006231516599655151,0.0,0.0,0.0,0.0,0.9996916681528092,110
2025-09-27 15:00:00,SAC Basic,0.2878678610787813,0.009018778800964355,0.0,0.0,0.0,0.0,0.9997917518019677,110
2025-09-27 16:00:00,SAC Basic,0.28726536675393827,0.014751702547073364,0.0,0.0,0.0,0.0,0.9996476367115975,110
2025-09-27 17:00:00,SAC Basic,0.28991137529154865,0.004302561283111572,0.0,0.0,0.0,0.0,0.9998094573616982,110
2025-09-27 18:00:00,SAC Basic,0.2899699365053599,0.002568364143371582,0.0,0.0,0.0,0.0,0.9999312907457352,110
2025-09-27 19:00:00,SAC Basic,0.29036265459001315,0.002815425395965576,0.0,0.0,0.0,0.0,0.9999412208795548,110
2025-09-27 20:00:00,SAC Basic,0.29006277921219914,0.003537386655807495,0.0,0.0,0.0,0.0,0.9999220326542855,110
2025-09-27 21:00:00,SAC Basic,0.28982053212265424,0.0038258731365203857,0.0,0.0,0.0,0.0,0.9999205976724624,110
2025-09-27 22:00:00,SAC Basic,0.28952342885752763,0.004369020462036133,0.0,0.0,0.0,0.0,0.9999071881175041,110
2025-09-27 23:00:00,SAC Basic,0.289282674367629,0.004273653030395508,0.0,0.0,0.0,0.0,0.9999135732650757,110
2025-09-28 00:00:00,SAC Basic,0.2890387762294238,0.0033305585384368896,0.0,0.0,0.0,0.0,0.9999239578843117,110
2025-09-28 01:00:00,SAC Basic,0.2898011067765976,0.005199164152145386,0.0,0.0,0.0,0.0,0.99987733066082,110
2025-09-28 02:00:00,SAC Basic,0.2921880806948766,0.009592175483703613,0.0,0.0,0.0,0.0,0.9997642263770103,110
2025-09-28 03:00:00,SAC Basic,0.29566507458309577,0.0025981664657592773,0.0,0.0,0.0,0.0,0.9998780965805053,110
2025-09-28 04:00:00,SAC Basic,0.3035294970275983,0.0018267333507537842,0.0,0.0,0.0,0.0,0.9999557510018349,110
2025-09-28 05:00:00,SAC Basic,0.30403120475709683,0.0015123188495635986,0.0,0.0,0.0,0.0,0.9999666094779969,110
2025-09-28 06:00:00,SAC Basic,0.3038383932973966,0.001656562089920044,0.0,0.0,0.0,0.0,0.9999654263257981,110
2025-09-28 07:00:00,SAC Basic,0.3035334420873746,0.002014636993408203,0.0,0.0,0.0,0.0,0.999956126511097,110
2025-09-28 08:00:00,SAC Basic,0.3028455531471992,0.006133317947387695,0.0,0.0,0.0,0.0,0.9998361468315125,110
2025-09-28 09:00:00,SAC Basic,0.30259126091261945,0.012712329626083374,0.0,0.0,0.0,0.0,0.9996799632906913,110
2025-09-28 10:00:00,SAC Basic,0.3025036393747751,0.013713538646697998,0.0,0.0,0.0,0.0,0.9997157171368599,110
2025-09-28 11:00:00,SAC Basic,0.30275203089575214,0.014517456293106079,0.0,0.0,0.0,0.0,0.9997016116976738,110
2025-09-28 12:00:00,SAC Basic,0.3015831788549845,0.014844387769699097,0.0,0.0,0.0,0.0,0.9996998429298402,110
2025-09-28 13:00:00,SAC Basic,0.30039532160779087,0.017642825841903687,0.0,0.0,0.0,0.0,0.9996191591024399,110
2025-09-28 14:00:00,SAC Basic,0.3003739685481811,0.01659408211708069,0.0,0.0,0.0,0.0,0.9996576309204102,110
2025-09-28 15:00:00,SAC Basic,0.2997658151064341,0.023553967475891113,0.0,0.0,0.0,0.0,0.999459321796894,110
2025-09-28 16:00:00,SAC Basic,0.2999636284623568,0.014344006776809692,0.0,0.0,0.0,0.0,0.9996210202574729,110
2025-09-28 17:00:00,SAC Basic,0.30114406744818134,0.007131695747375488,0.0,0.0,0.0,0.0,0.9997852429747581,110
2025-09-28 18:00:00,SAC Basic,0.30087031208455806,0.0028733909130096436,0.0,0.0,0.0,0.0,0.9998999491333961,110
2025-09-28 19:00:00,SAC Basic,0.30062639656166484,0.003325343132019043,0.0,0.0,0.0,0.0,0.9999289736151695,110
2025-09-28 20:00:00,SAC Basic,0.30041151770691327,0.0035363435745239258,0.0,0.0,0.0,0.0,0.9999271631240845,110
2025-09-28 21:00:00,SAC Basic,0.30019432668864976,0.0028426945209503174,0.0,0.0,0.0,0.0,0.9999362096190453,110
2025-09-28 22:00:00,SAC Basic,0.30000488984525453,0.0026689469814300537,0.0,0.0,0.0,0.0,0.9999448835849761,110
2025-09-28 23:00:00,SAC Basic,0.2998425520223404,0.0022986531257629395,0.0,0.0,0.0,0.0,0.999950323998928,110
2025-09-29 00:00:00,SAC Basic,0.2996805862317507,0.0024102628231048584,0.0,0.0,0.0,0.0,0.9999506786465645,110
2025-09-29 01:00:00,SAC Basic,0.2995188881653572,0.0024905800819396973,0.0,0.0,0.0,0.0,0.9999493852257729,110
2025-09-29 02:00:00,SAC Basic,0.2993575750456278,0.0026060640811920166,0.0,0.0,0.0,0.0,0.9999467238783837,110
2025-09-29 03:00:00,SAC Basic,0.2991966831320549,0.0027324259281158447,0.0,0.0,0.0,0.0,0.9999440878629685,110
2025-09-29 04:00:00,SAC Basic,0.2990345216395482,0.0023515522480010986,0.0,0.0,0.0,0.0,0.9999491602182388,110
2025-09-29 05:00:00,SAC Basic,0.29887297904193644,0.0025372207164764404,0.0,0.0,0.0,0.0,0.9999473989009857,110
2025-09-29 06:00:00,SAC Basic,0.2987110023238286,0.002406984567642212,0.0,0.0,0.0,0.0,0.9999505579471588,110
2025-09-29 07:00:00,SAC Basic,0.2996917240422988,0.00471651554107666,0.0,0.0,0.0,0.0,0.9998825743794442,110
2025-09-29 08:00:00,SAC Basic,0.30064443811357267,0.015314221382141113,0.0,0.0,0.0,0.0,0.9995877385139466,110
2025-09-29 09:00:00,SAC Basic,0.2996623372302477,0.0113697350025177,0.0,0.0,0.0,0.0,0.9997331604361533,110
2025-09-29 10:00:00,SAC Basic,0.29893165731370697,0.014296025037765503,0.0,0.0,0.0,0.0,0.9996848165988923,110
2025-09-29 11:00:00,SAC Basic,0.29814644855042544,0.014937371015548706,0.0,0.0,0.0,0.0,0.9996948391199112,110
2025-09-29 12:00:00,SAC Basic,0.30167256956915306,0.008336305618286133,0.0,0.0,0.0,0.0,0.9997672632336617,110
2025-09-29 13:00:00,SAC Basic,0.30310711707612126,0.0043642520904541016,0.0,0.0,0.0,0.0,0.9998729944229126,110
2025-09-29 14:00:00,SAC Basic,0.3086899195498252,0.006340742111206055,0.0,0.0,0.0,0.0,0.9998534202575684,110
2025-09-29 15:00:00,SAC Basic,0.3121262272677843,0.00289231538772583,0.0,0.0,0.0,0.0,0.9999076694250106,110
2025-09-29 16:00:00,SAC Basic,0.32051477015992247,0.0035628676414489746,0.0,0.0,0.0,0.0,-0.0515549788676124,110
2025-09-29 17:00:00,SAC Basic,0.3225179213716611,0.0029453635215759277,0.0,0.0,0.0,0.0,-0.25185721947773715,110
2025-09-29 18:00:00,SAC Basic,0.32335555324971915,0.0022895634174346924,0.0,0.0,0.0,0.0,-0.33560767424130467,110
2025-09-29 19:00:00,SAC Basic,0.3235537188094878,0.0019496679306030273,0.0,0.0,0.0,0.0,-0.35541427326225977,110
2025-09-29 20:00:00,SAC Basic,0.3338204371955021,0.0055155158042907715,0.0,0.0,0.0,0.0,-1.3821896883450304,110
2025-09-29 21:00:00,SAC Basic,0.3337492287168924,0.00413745641708374,0.0,0.0,0.0,0.0,-1.3750194014114518,110
2025-09-29 22:00:00,SAC Basic,0.33370564924339696,0.0039261579513549805,0.0,0.0,0.0,0.0,-1.3706455604833798,110
2025-09-29 23:00:00,SAC Basic,0.3336616281988248,0.003793686628341675,0.0,0.0,0.0,0.0,-1.3662400183282741,110
2025-09-30 00:00:00,SAC Basic,0.33358879549364495,0.003650188446044922,0.0,0.0,0.0,0.0,-1.3589539881152384,110
2025-09-30 01:00:00,SAC Basic,0.3335447371961698,0.003782510757446289,0.0,0.0,0.0,0.0,-1.3545506930552405,110
2025-09-30 02:00:00,SAC Basic,0.33450007738848775,0.003602057695388794,0.0,0.0,0.0,0.0,-1.4500815845333024,110
2025-09-30 03:00:00,SAC Basic,0.335733610623084,0.004059970378875732,0.0,0.0,0.0,0.0,-1.5734468408428106,110
2025-09-30 04:00:00,SAC Basic,0.3356343648475433,0.004226267337799072,0.0,0.0,0.0,0.0,-1.5635226730706722,110
2025-09-30 05:00:00,SAC Basic,0.3375083846332654,0.004705935716629028,0.0,0.0,0.0,0.0,-1.7509373787246583,110
2025-09-30 06:00:00,SAC Basic,0.33738216003994387,0.004632622003555298,0.0,0.0,0.0,0.0,-1.738309389571588,110
2025-09-30 07:00:00,SAC Basic,0.3377308481393282,0.006606429815292358,0.0,0.0,0.0,0.0,-1.7732366806072413,110
2025-09-30 08:00:00,SAC Basic,0.33709827135026693,0.00572696328163147,0.0,0.0,0.0,0.0,-1.7099504689576617,110
2025-09-30 09:00:00,SAC Basic,0.3395332116383338,0.002482086420059204,0.0,0.0,0.0,0.0,-1.9534032543303939,110
2025-09-30 10:00:00,SAC Basic,0.3384091185150568,0.0027720630168914795,0.0,0.0,0.0,0.0,-1.8409701925319837,110
2025-09-30 11:00:00,SAC Basic,0.33724882833183045,0.002412945032119751,0.0,0.0,0.0,0.0,-1.7249346832635346,110
2025-09-30 12:00:00,SAC Basic,0.3364498620885634,0.002310127019882202,0.0,0.0,0.0,0.0,-1.6450334395768615,110
2025-09-30 13:00:00,SAC Basic,0.3369030160603944,0.0034461915493011475,0.0,0.0,0.0,0.0,-1.6903818905157209,110
2025-09-30 14:00:00,SAC Basic,0.3357703379942997,0.002196580171585083,0.0,0.0,0.0,0.0,-1.5770902271471754,110
2025-09-30 15:00:00,SAC Basic,0.33458675989806885,0.0019265711307525635,0.0,0.0,0.0,0.0,-1.458717221319908,110
2025-09-30 16:00:00,SAC Basic,0.33371916434149185,0.0032213330268859863,0.0,0.0,0.0,0.0,-1.3719938084286831,110
2025-09-30 17:00:00,SAC Basic,0.33331118047416447,0.00510483980178833,0.0,0.0,0.0,0.0,-1.331238979280231,110
2025-09-30 18:00:00,SAC Basic,0.3332400936883712,0.004173964262008667,0.0,0.0,0.0,0.0,-1.3241021568777582,110
2025-09-30 19:00:00,SAC Basic,0.33319340136230235,0.002992302179336548,0.0,0.0,0.0,0.0,-1.3194117988946483,110
2025-09-30 20:00:00,SAC Basic,0.33311893996020403,0.0031615793704986572,0.0,0.0,0.0,0.0,-1.311958920379724,110
2025-09-30 21:00:00,SAC Basic,0.3330448774125203,0.003281235694885254,0.0,0.0,0.0,0.0,-1.3045545625291721,110
2025-09-30 22:00:00,SAC Basic,0.3329693371663516,0.002837926149368286,0.0,0.0,0.0,0.0,-1.2969949082535994,110
2025-09-30 23:00:00,SAC Basic,0.3328947391702756,0.003120601177215576,0.0,0.0,0.0,0.0,-1.2895391558013845,110
2025-10-01 00:00:00,SAC Basic,0.3328197845397418,0.00301361083984375,0.0,0.0,0.0,0.0,-1.2820397960943513,110
2025-10-01 01:00:00,SAC Basic,0.3327457070908969,0.0032767653465270996,0.0,0.0,0.0,0.0,-1.274638875941687,110
2025-10-01 02:00:00,SAC Basic,0.33270017159164206,0.0033393502235412598,0.0,0.0,0.0,0.0,-1.270084572017446,110
2025-10-01 03:00:00,SAC Basic,0.3326532756163702,0.0029312074184417725,0.0,0.0,0.0,0.0,-1.2653902672134396,110
2025-10-01 04:00:00,SAC Basic,0.3326364112101024,0.003440678119659424,0.0,0.0,0.0,0.0,-1.2637150292796449,110
2025-10-01 05:00:00,SAC Basic,0.33258949934025867,0.002926439046859741,0.0,0.0,0.0,0.0,-1.259013605197531,110
2025-10-01 06:00:00,SAC Basic,0.3324857260952419,0.0028680264949798584,0.0,0.0,0.0,0.0,-1.2486305541796086,110
2025-10-01 07:00:00,SAC Basic,0.33213142220517256,0.0042088329792022705,0.0,0.0,0.0,0.0,-1.213239805241681,110
2025-10-01 08:00:00,SAC Basic,0.3313768743763393,0.0031356513500213623,0.0,0.0,0.0,0.0,-1.1377608824772196,110
2025-10-01 09:00:00,SAC Basic,0.33019518574734785,0.0024934113025665283,0.0,0.0,0.0,0.0,-1.0195748653613104,110
2025-10-01 10:00:00,SAC Basic,0.3286760531642065,0.0032602250576019287,0.0,0.0,0.0,0.0,-0.8676781890593522,110
2025-10-01 11:00:00,SAC Basic,0.3269629517978455,0.004569590091705322,0.0,0.0,0.0,0.0,-0.6963996652367259,110
2025-10-01 12:00:00,SAC Basic,0.32516685563107584,0.005171149969100952,0.0,0.0,0.0,0.0,-0.5167950017057389,110
2025-10-01 13:00:00,SAC Basic,0.32408728843073303,0.0031298398971557617,0.0,0.0,0.0,0.0,-0.40881185297196526,110
2025-10-01 14:00:00,SAC Basic,0.3226496908309088,0.002220720052719116,0.0,0.0,0.0,0.0,-0.26502258869037565,110
2025-10-01 15:00:00,SAC Basic,0.3213527982761488,0.0019322335720062256,0.0,0.0,0.0,0.0,-0.1353213571511287,110
2025-10-01 16:00:00,SAC Basic,0.3205107927491293,0.0023983418941497803,0.0,0.0,0.0,0.0,-0.05113190283403406,110
2025-10-01 17:00:00,SAC Basic,0.3200395966317282,0.003141164779663086,0.0,0.0,0.0,0.0,-0.004029914697268433,110
2025-10-01 18:00:00,SAC Basic,0.31985521972596903,0.0041869282722473145,0.0,0.0,0.0,0.0,0.9999058037996292,110
2025-10-01 19:00:00,SAC Basic,0.3198094120321697,0.0032576918601989746,0.0,0.0,0.0,0.0,0.9999255537986755,110
2025-10-01 20:00:00,SAC Basic,0.31982099222123883,0.0034740567207336426,0.0,0.0,0.0,0.0,0.99992835521698,110
2025-10-01 21:00:00,SAC Basic,0.32017350682596624,0.005754381418228149,0.0,0.0,0.0,0.0,-0.017488573471962487,110
2025-10-01 22:00:00,SAC Basic,0.3201869427063094,0.004030764102935791,0.0,0.0,0.0,0.0,-0.0187921220861484,110
2025-10-01 23:00:00,SAC Basic,0.32020111420731007,0.004251450300216675,0.0,0.0,0.0,0.0,-0.020198656598983167,110
2025-10-02 00:00:00,SAC Basic,0.3202150174874093,0.0041709840297698975,0.0,0.0,0.0,0.0,-0.02158597308423178,110
2025-10-02 01:00:00,SAC Basic,0.3288680001523123,0.004394799470901489,0.0,0.0,0.0,0.0,-0.886890149375061,110
2025-10-02 02:00:00,SAC Basic,0.32921232706566905,0.0032980740070343018,0.0,0.0,0.0,0.0,-0.921309635301684,110
2025-10-02 03:00:00,SAC Basic,0.3292241446799065,0.0035452842712402344,0.0,0.0,0.0,0.0,-0.9224878457787178,110
2025-10-02 04:00:00,SAC Basic,0.3355167069119241,0.004768669605255127,0.0,0.0,0.0,0.0,-1.5517782984378536,110
2025-10-02 05:00:00,SAC Basic,0.34116960563361903,0.004369616508483887,0.0,0.0,0.0,0.0,-2.1170519462230404,110
2025-10-02 06:00:00,SAC Basic,0.34143341282944145,0.00464215874671936,0.0,0.0,0.0,0.0,-2.1434368515414612,110
2025-10-02 07:00:00,SAC Basic,0.3472100102450476,0.009479224681854248,0.0,0.0,0.0,0.0,-2.7212389796577487,110
2025-10-02 08:00:00,SAC Basic,0.3477470549664921,0.005613416433334351,0.0,0.0,0.0,0.0,-2.774856423060362,110
2025-10-02 09:00:00,SAC Basic,0.34730089466830355,0.0041519105434417725,0.0,0.0,0.0,0.0,-2.730187120100122,110
2025-10-02 10:00:00,SAC Basic,0.34631249544243276,0.0029802322387695312,0.0,0.0,0.0,0.0,-2.631320865671097,110
2025-10-02 11:00:00,SAC Basic,0.3453742740370856,0.003033578395843506,0.0,0.0,0.0,0.0,-2.5374886087380464,110
2025-10-02 12:00:00,SAC Basic,0.3442450421128696,0.0032304227352142334,0.0,0.0,0.0,0.0,-2.424570788185058,110
2025-10-02 13:00:00,SAC Basic,0.3425272414169735,0.0031597912311553955,0.0,0.0,0.0,0.0,-2.2527880438370125,110
2025-10-02 14:00:00,SAC Basic,0.3408661873573091,0.0031837821006774902,0.0,0.0,0.0,0.0,-2.086682651281619,110
2025-10-02 15:00:00,SAC Basic,0.3395997162852711,0.002558678388595581,0.0,0.0,0.0,0.0,-1.9600290531320002,110
2025-10-02 16:00:00,SAC Basic,0.33876137942413753,0.003498941659927368,0.0,0.0,0.0,0.0,-1.8762173238796644,110
2025-10-02 17:00:00,SAC Basic,0.3383863234148449,0.006483197212219238,0.0,0.0,0.0,0.0,-1.838791847984259,110
2025-10-02 18:00:00,SAC Basic,0.33828922489663227,0.0048704445362091064,0.0,0.0,0.0,0.0,-1.8290360260807104,110
2025-10-02 19:00:00,SAC Basic,0.338246887683275,0.00429883599281311,0.0,0.0,0.0,0.0,-1.8247804611327882,110
2025-10-02 20:00:00,SAC Basic,0.33820369067291683,0.004040896892547607,0.0,0.0,0.0,0.0,-1.8204524646205362,110
2025-10-02 21:00:00,SAC Basic,0.3381336807443725,0.004497021436691284,0.0,0.0,0.0,0.0,-1.8134625761114245,110
2025-10-02 22:00:00,SAC Basic,0.33806130898177894,0.003788471221923828,0.0,0.0,0.0,0.0,-1.8062137531044795,110
2025-10-02 23:00:00,SAC Basic,0.3380205254628288,0.004764944314956665,0.0,0.0,0.0,0.0,-1.802157609900108,110
2025-10-03 00:00:00,SAC Basic,0.33797768757045543,0.004148632287979126,0.0,0.0,0.0,0.0,-1.7978578928115718,110
2025-10-03 01:00:00,SAC Basic,0.3379663276531326,0.005092024803161621,0.0,0.0,0.0,0.0,-1.7967440397344758,110
2025-10-03 02:00:00,SAC Basic,0.33792432521919685,0.0043992698192596436,0.0,0.0,0.0,0.0,-1.7925274348659088,110
2025-10-03 03:00:00,SAC Basic,0.3379129389764893,0.005084127187728882,0.0,0.0,0.0,0.0,-1.791402428766366,110
2025-10-03 04:00:00,SAC Basic,0.33927129980345844,0.0075082480907440186,0.0,0.0,0.0,0.0,-1.9273043865166881,110
2025-10-03 05:00:00,SAC Basic,0.34029398086091156,0.006804317235946655,0.0,0.0,0.0,0.0,-2.029541211744422,110
2025-10-03 06:00:00,SAC Basic,0.34025632509569603,0.005703270435333252,0.0,0.0,0.0,0.0,-2.0257575854463155,110
2025-10-03 07:00:00,SAC Basic,0.3399883096593646,0.004595369100570679,0.0,0.0,0.0,0.0,-1.998933952331819,110
2025-10-03 08:00:00,SAC Basic,0.3392400496238498,0.005021989345550537,0.0,0.0,0.0,0.0,-1.9241096683743395,110
2025-10-03 09:00:00,SAC Basic,0.33800483648638213,0.003436058759689331,0.0,0.0,0.0,0.0,-1.8005682291192648,110
2025-10-03 10:00:00,SAC Basic,0.3363699968149293,0.0025480985641479492,0.0,0.0,0.0,0.0,-1.6370595230661673,110
2025-10-03 11:00:00,SAC Basic,0.33824703094184677,0.007110238075256348,0.0,0.0,0.0,0.0,-1.8248909203412926,110
2025-10-03 12:00:00,SAC Basic,0.3384210615422356,0.0027091801166534424,0.0,0.0,0.0,0.0,-1.8422043484054798,110
2025-10-03 13:00:00,SAC Basic,0.33842974726538144,0.004105716943740845,0.0,0.0,0.0,0.0,-1.8430708062452892,110
2025-10-03 14:00:00,SAC Basic,0.3368802110809116,0.0026391446590423584,0.0,0.0,0.0,0.0,-1.6880885567071868,110
2025-10-03 15:00:00,SAC Basic,0.34901355231066833,0.003502368927001953,0.0,0.0,0.0,0.0,-2.901433910688052,110
2025-10-03 16:00:00,SAC Basic,0.34952226866583314,0.005614906549453735,0.0,0.0,0.0,0.0,-2.9523602900905264,110
2025-10-03 17:00:00,SAC Basic,0.3491745682082602,0.014689862728118896,0.0,0.0,0.0,0.0,-2.917841367642369,110
2025-10-03 18:00:00,SAC Basic,0.34911235605736857,0.006836354732513428,0.0,0.0,0.0,0.0,-2.911450867911462,110
2025-10-03 19:00:00,SAC Basic,0.34907730451842434,0.006484538316726685,0.0,0.0,0.0,0.0,-2.907863660772925,110
2025-10-03 20:00:00,SAC Basic,0.34901059271355755,0.0054864585399627686,0.0,0.0,0.0,0.0,-2.901178981324322,110
2025-10-03 21:00:00,SAC Basic,0.34894705982307883,0.0064401328563690186,0.0,0.0,0.0,0.0,-2.894844321708174,110
2025-10-03 22:00:00,SAC Basic,0.34888118596017653,0.0057378411293029785,0.0,0.0,0.0,0.0,-2.8882403757575092,110
2025-10-03 23:00:00,SAC Basic,0.34881577353656584,0.005876272916793823,0.0,0.0,0.0,0.0,-2.8816962634327945,110
2025-10-04 00:00:00,SAC Basic,0.3487510579905937,0.006085336208343506,0.0,0.0,0.0,0.0,-2.875229596416451,110
2025-10-04 01:00:00,SAC Basic,0.34868724396487377,0.006355792284011841,0.0,0.0,0.0,0.0,-2.8688542168938134,110
2025-10-04 02:00:00,SAC Basic,0.34862238785128097,0.006043165922164917,0.0,0.0,0.0,0.0,-2.8623627747101583,110
2025-10-04 03:00:00,SAC Basic,0.34855794151962105,0.00616610050201416,0.0,0.0,0.0,0.0,-2.8559187033179434,110
2025-10-04 04:00:00,SAC Basic,0.34846490207771763,0.006088167428970337,0.0,0.0,0.0,0.0,-2.8466127504510728,110
2025-10-04 05:00:00,SAC Basic,0.34837329314728877,0.006517320871353149,0.0,0.0,0.0,0.0,-2.837463952680727,110
2025-10-04 06:00:00,SAC Basic,0.34886101934850516,0.00581786036491394,0.0,0.0,0.0,0.0,-2.8862252866628784,110
2025-10-04 07:00:00,SAC Basic,0.35656201420635253,0.031032264232635498,0.0,0.21873380687841718,0.0,0.0,-3.6570742099585822,110
2025-10-04 08:00:00,SAC Basic,0.35518013867911935,0.004608631134033203,0.0,0.1726712893039789,0.0,0.0,-3.5183702768656007,110
2025-10-04 09:00:00,SAC Basic,0.35362769920519505,0.00369146466255188,0.0,0.1209233068398362,0.0,0.0,-3.3628529214774696,110
2025-10-04 10:00:00,SAC Basic,0.35194856735573576,0.0032126903533935547,0.0,0.06495224519119205,0.0,0.0,-3.1949257771237356,110
2025-10-04 11:00:00,SAC Basic,0.3505593270184967,0.0033721327781677246,0.0,0.01864423394988961,0.0,0.0,-3.0560017389294787,110
2025-10-04 12:00:00,SAC Basic,0.3509652320480084,0.004445910453796387,0.0,0.03217440160027962,-1.4210854715202004e-14,0.0,-3.0966228607866704,110
2025-10-04 13:00:00,SAC Basic,0.3504812242624523,0.004338473081588745,0.0,0.01604080874841145,0.0,0.0,-3.048210270080585,110
2025-10-04 14:00:00,SAC Basic,0.35014865079999224,0.004682987928390503,0.0,0.0049550266664084575,0.0,0.0,-3.0149621849062593,110
2025-10-04 15:00:00,SAC Basic,0.3499744167252407,0.004729777574539185,0.0,0.0,0.0,0.0,-2.9975367359720226,110
2025-10-04 16:00:00,SAC Basic,0.34922902565996106,0.005882680416107178,0.0,0.0,0.0,0.0,-2.9230317486328423,110
2025-10-04 17:00:00,SAC Basic,0.34880724652886647,0.0094662606716156,0.0,0.0,0.0,0.0,-2.8809498139026335,110
2025-10-04 18:00:00,SAC Basic,0.3486338204864686,0.007472187280654907,0.0,0.0,0.0,0.0,-2.8635514331263847,110
2025-10-04 19:00:00,SAC Basic,0.3484853044839726,0.006445199251174927,0.0,0.0,0.0,0.0,-2.8486696222625754,110
2025-10-04 20:00:00,SAC Basic,0.34833630071680005,0.006298869848251343,0.0,0.0,0.0,0.0,-2.8337575123709984,110
2025-10-04 21:00:00,SAC Basic,0.3482157405515537,0.006331950426101685,0.0,0.0,0.0,0.0,-2.8217010249696686,110
2025-10-04 22:00:00,SAC Basic,0.34812451259414606,0.006631612777709961,0.0,0.0,0.0,0.0,-2.812586888293676,110
2025-10-04 23:00:00,SAC Basic,0.3480053814502582,0.006760656833648682,0.0,0.0,0.0,0.0,-2.800674648603054,110
2025-10-05 00:00:00,SAC Basic,0.34785741083026184,0.006608814001083374,0.0,0.0,0.0,0.0,-2.7858747777345303,110
2025-10-05 01:00:00,SAC Basic,0.3477108588008111,0.007034391164779663,0.0,0.0,0.0,0.0,-2.7712308236760412,110
2025-10-05 02:00:00,SAC Basic,0.3475901848900343,0.0062978267669677734,0.0,0.0,0.0,0.0,-2.7591518111827464,110
2025-10-05 03:00:00,SAC Basic,0.34744272140622384,0.006760954856872559,0.0,0.0,0.0,0.0,-2.7444119910004203,110
2025-10-05 04:00:00,SAC Basic,0.3472942948106949,0.0064720213413238525,0.0,0.0,0.0,0.0,-2.7295618108314716,110
2025-10-05 05:00:00,SAC Basic,0.34714468257944037,0.006116330623626709,0.0,0.0,0.0,0.0,-2.714594141463685,110
2025-10-05 06:00:00,SAC Basic,0.3469687725134715,0.006726980209350586,0.0,0.0,0.0,0.0,-2.6970178974471963,110
2025-10-05 07:00:00,SAC Basic,0.3466274331303462,0.008098185062408447,0.0,0.0,0.0,0.0,-2.6629189887843996,110
2025-10-05 08:00:00,SAC Basic,0.3459354294828598,0.0048989057540893555,0.0,0.0,0.0,0.0,-2.5936729191941463,110
2025-10-05 09:00:00,SAC Basic,0.3449865378582502,0.004332512617111206,0.0,0.0,0.0,0.0,-2.4987461000087285,110
2025-10-05 10:00:00,SAC Basic,0.3438851212036634,0.0030750036239624023,0.0,0.0,0.0,0.0,-2.388586195528748,110
2025-10-05 11:00:00,SAC Basic,0.3423131763875509,0.004416555166244507,0.0,0.0,0.0,0.0,-2.231419385373835,110
2025-10-05 12:00:00,SAC Basic,0.34126131319483366,0.002941042184829712,0.0,0.0,0.0,0.0,-2.1262048954568757,110
2025-10-05 13:00:00,SAC Basic,0.3405528663416728,0.003965944051742554,0.0,0.0,0.0,0.0,-2.0553762020669843,110
2025-10-05 14:00:00,SAC Basic,0.33926053602576495,0.003300905227661133,0.0,0.0,0.0,0.0,-1.9261262710692881,110
2025-10-05 15:00:00,SAC Basic,0.33805217057585957,0.0029903650283813477,0.0,0.0,0.0,0.0,-1.8052799702885165,110
2025-10-05 16:00:00,SAC Basic,0.33721502183397856,0.003855377435684204,0.0,0.0,0.0,0.0,-1.7215879410706416,110
2025-10-05 17:00:00,SAC Basic,0.3367804465790614,0.005627423524856567,0.0,0.0,0.0,0.0,-1.6781749268375303,110
2025-10-05 18:00:00,SAC Basic,0.3366537103792056,0.004479140043258667,0.0,0.0,0.0,0.0,-1.665472103556241,110
2025-10-05 19:00:00,SAC Basic,0.33646578749378764,0.0031231343746185303,0.0,0.0,0.0,0.0,-1.6466547721229419,110
2025-10-05 20:00:00,SAC Basic,0.336305814485155,0.0030080974102020264,0.0,0.0,0.0,0.0,-1.6306427608333485,110
2025-10-05 21:00:00,SAC Basic,0.3362041581984385,0.0035031139850616455,0.0,0.0,0.0,0.0,-1.620490832289301,110
2025-10-05 22:00:00,SAC Basic,0.33610202308774234,0.003359466791152954,0.0,0.0,0.0,0.0,-1.6102709345819957,110
2025-10-05 23:00:00,SAC Basic,0.3360003588537399,0.00350072979927063,0.0,0.0,0.0,0.0,-1.600107312600057,110
2025-10-06 00:00:00,SAC Basic,0.33589966865897414,0.0037929415702819824,0.0,0.0,0.0,0.0,-1.5900456468465287,110
2025-10-06 01:00:00,SAC Basic,0.335829669657948,0.004500299692153931,0.0,0.0,0.0,0.0,-1.583064045369864,110
2025-10-06 02:00:00,SAC Basic,0.33573077803333834,0.004332512617111206,0.0,0.0,0.0,0.0,-1.5731661314569259,110
2025-10-06 03:00:00,SAC Basic,0.3356330934027854,0.004694610834121704,0.0,0.0,0.0,0.0,-1.5634068534773928,110
2025-10-06 04:00:00,SAC Basic,0.3355056578417642,0.004269331693649292,0.0,0.0,0.0,0.0,-1.5506554236016998,110
2025-10-06 05:00:00,SAC Basic,0.33537762573758995,0.004090368747711182,0.0,0.0,0.0,0.0,-1.5378461707634075,110
2025-10-06 06:00:00,SAC Basic,0.3352502790868305,0.004296004772186279,0.0,0.0,0.0,0.0,-1.5251158851387405,110
2025-10-06 07:00:00,SAC Basic,0.33492188311775756,0.0034812092781066895,0.0,0.0,0.0,0.0,-1.492266083916258,110
2025-10-06 08:00:00,SAC Basic,0.3341143189100447,0.0042307376861572266,0.0,0.0,0.0,0.0,-1.4115240010422758,110
2025-10-06 09:00:00,SAC Basic,0.3328472900378727,0.002391338348388672,0.0,0.0,0.0,0.0,-1.284795224547617,110
2025-10-06 10:00:00,SAC Basic,0.3312401802027249,0.0023670494556427,0.0,0.0,0.0,0.0,-1.1240656041505284,110
2025-10-06 11:00:00,SAC Basic,0.3294099427266939,0.0034287571907043457,0.0,0.0,0.0,0.0,-0.9410734648905523,110
2025-10-06 12:00:00,SAC Basic,0.3274963632531984,0.0039261579513549805,0.0,0.0,0.0,0.0,-0.7497198224864748,110
2025-10-06 13:00:00,SAC Basic,0.3256392711357299,0.0038723647594451904,0.0,0.0,0.0,0.0,-0.5640050988000953,110
2025-10-06 14:00:00,SAC Basic,0.324005629517637,0.0029075145721435547,0.0,0.0,0.0,0.0,-0.4006307505570158,110
2025-10-06 15:00:00,SAC Basic,0.32271059662779406,0.002490133047103882,0.0,0.0,0.0,0.0,-0.27111363925559734,110
2025-10-06 16:00:00,SAC Basic,0.3217603872438295,0.003937184810638428,0.0,0.0,0.0,0.0,-0.17613193859679677,110
2025-10-06 17:00:00,SAC Basic,0.3212626245741072,0.003671199083328247,0.0,0.0,0.0,0.0,-0.1263385412496593,110
2025-10-06 18:00:00,SAC Basic,0.32110485892415275,0.003670305013656616,0.0,0.0,0.0,0.0,-0.11055930745624391,110
2025-10-06 19:00:00,SAC Basic,0.32097535706877933,0.0036494433879852295,0.0,0.0,0.0,0.0,-0.09760890436194898,110
2025-10-06 20:00:00,SAC Basic,0.3208445856344722,0.0032685697078704834,0.0,0.0,0.0,0.0,-0.08452774357817913,110
2025-10-06 21:00:00,SAC Basic,0.3207142061007045,0.0033861398696899414,0.0,0.0,0.0,0.0,-0.07148950856946153,110
2025-10-06 22:00:00,SAC Basic,0.3205842313818159,0.0035075843334198,0.0,0.0,0.0,0.0,-0.058494504312895976,110
2025-10-06 23:00:00,SAC Basic,0.3203966164537293,0.0032155215740203857,0.0,0.0,0.0,0.0,-0.039728876432003665,110
2025-10-07 00:00:00,SAC Basic,0.32017995889703654,0.003002732992172241,0.0,0.0,0.0,0.0,-0.01805807224931555,110
2025-10-07 01:00:00,SAC Basic,0.31999112952431263,0.0028511881828308105,0.0,0.0,0.0,0.0,0.99994146078825,110
2025-10-07 02:00:00,SAC Basic,0.3198035503590129,0.003226250410079956,0.0,0.0,0.0,0.0,0.9999317243695258,110
2025-10-07 03:00:00,SAC Basic,0.3195857478964351,0.0026592612266540527,0.0,0.0,0.0,0.0,0.9999411448836326,110
2025-10-07 04:00:00,SAC Basic,0.3193689651699883,0.002965182065963745,0.0,0.0,0.0,0.0,0.9999376371502877,110
2025-10-07 05:00:00,SAC Basic,0.3191515516277177,0.00277593731880188,0.0,0.0,0.0,0.0,0.9999425888061524,110
2025-10-07 06:00:00,SAC Basic,0.3189349208931151,0.003010779619216919,0.0,0.0,0.0,0.0,0.9999374359846115,110
2025-10-07 07:00:00,SAC Basic,0.31849110344132014,0.002854764461517334,0.0,0.0,0.0,0.0,0.9999413445591926,110
2025-10-07 08:00:00,SAC Basic,0.3176800215661549,0.0031754374504089355,0.0,0.0,0.0,0.0,0.9999332845211029,110
2025-10-07 09:00:00,SAC Basic,0.31646994248271215,0.0024762749671936035,0.0,0.0,0.0,0.0,0.9999434828758239,110
2025-10-07 10:00:00,SAC Basic,0.31495115709662663,0.003364384174346924,0.0,0.0,0.0,0.0,0.9999238312244415,110
2025-10-07 11:00:00,SAC Basic,0.3132680872992697,0.005079060792922974,0.0,0.0,0.0,0.0,0.9998812720179557,110
2025-10-07 12:00:00,SAC Basic,0.3118691819361868,0.007328391075134277,0.0,0.0,0.0,0.0,0.9998309388756752,110
2025-10-07 13:00:00,SAC Basic,0.3106562518767538,0.0036209821701049805,0.0,0.0,0.0,0.0,0.9998905062675476,110
2025-10-07 14:00:00,SAC Basic,0.30908282141487026,0.0039708614349365234,0.0,0.0,0.0,0.0,0.999917083978653,110
2025-10-07 15:00:00,SAC Basic,0.30776431793729686,0.003948956727981567,0.0,0.0,0.0,0.0,0.9999208018183707,110
2025-10-07 16:00:00,SAC Basic,0.3069245093381427,0.003057420253753662,0.0,0.0,0.0,0.0,0.9999299362301827,110
2025-10-07 17:00:00,SAC Basic,0.30706495036165143,0.0036323070526123047,0.0,0.0,0.0,0.0,0.9999216049909592,110
2025-10-07 18:00:00,SAC Basic,0.30698351234873356,0.003068596124649048,0.0,0.0,0.0,0.0,0.9999329909682274,110
2025-10-07 19:00:00,SAC Basic,0.30879842217405856,0.003972947597503662,0.0,0.0,0.0,0.0,0.9999114975333214,110
2025-10-07 20:00:00,SAC Basic,0.3086049227774165,0.001450181007385254,0.0,0.0,0.0,0.0,0.9999457687139511,110
2025-10-07 21:00:00,SAC Basic,0.3084137067353747,0.0021351873874664307,0.0,0.0,0.0,0.0,0.9999504461884499,110
2025-10-07 22:00:00,SAC Basic,0.3092251887969198,0.0029446184635162354,0.0,0.0,0.0,0.0,0.9999330133199691,110
2025-10-07 23:00:00,SAC Basic,0.30903333448847353,0.0019437074661254883,0.0,0.0,0.0,0.0,0.9999511167407036,110
2025-10-08 00:00:00,SAC Basic,0.3104595635632696,0.004368722438812256,0.0,0.0,0.0,0.0,0.9998883754014969,110
2025-10-08 01:00:00,SAC Basic,0.31026758209824784,0.0019055604934692383,0.0,0.0,0.0,0.0,0.9999372571706772,110
2025-10-08 02:00:00,SAC Basic,0.31043684460362014,0.0017787516117095947,0.0,0.0,0.0,0.0,0.9999631568789482,110
2025-10-08 03:00:00,SAC Basic,0.31021849824865877,0.002496093511581421,0.0,0.0,0.0,0.0,0.9999429047107696,110
2025-10-08 04:00:00,SAC Basic,0.3099466149675868,0.0034350156784057617,0.0,0.0,0.0,0.0,0.9999219104647636,110
2025-10-08 05:00:00,SAC Basic,0.3096747714229447,0.00344693660736084,0.0,0.0,0.0,0.0,0.9999309420585633,110
2025-10-08 06:00:00,SAC Basic,0.30940235766053426,0.0032758712768554688,0.0,0.0,0.0,0.0,0.9999327719211579,110
2025-10-08 07:00:00,SAC Basic,0.3088463040975752,0.0031839311122894287,0.0,0.0,0.0,0.0,0.9999354019761085,110
2025-10-08 08:00:00,SAC Basic,0.3081184320962451,0.002638399600982666,0.0,0.0,0.0,0.0,0.9999417766928672,110
2025-10-08 09:00:00,SAC Basic,0.30722944714745104,0.005304515361785889,0.0,0.0,0.0,0.0,0.9998672485351562,110
2025-10-08 10:00:00,SAC Basic,0.31034420686046504,0.0064279139041900635,0.0,0.0,0.0,0.0,0.9998602077364922,110
2025-10-08 11:00:00,SAC Basic,0.31367187262734,0.004299730062484741,0.0,0.0,0.0,0.0,0.9998927235603332,110
2025-10-08 12:00:00,SAC Basic,0.3151929518608274,0.002823770046234131,0.0,0.0,0.0,0.0,0.9999287649989128,110
2025-10-08 13:00:00,SAC Basic,0.3186257930719874,0.0018523633480072021,0.0,0.0,0.0,0.0,0.9999532386660576,110
2025-10-08 14:00:00,SAC Basic,0.3279823553232374,0.002468675374984741,0.0,0.0,0.0,0.0,-0.7982910689515073,110
2025-10-08 15:00:00,SAC Basic,0.3518477349766512,0.014705061912536621,0.0,0.061591165888374634,0.0,0.0,-3.1851899627687486,110
2025-10-08 16:00:00,SAC Basic,0.3662264677625078,0.022502094507217407,0.0,0.5408822587502599,0.0,0.0,-4.623174788466868,110
2025-10-08 17:00:00,SAC Basic,0.37440702378581564,0.010234266519546509,0.0,0.813567459527188,0.0,0.0,-5.441029742191831,110
2025-10-08 18:00:00,SAC Basic,0.37968357832685645,0.006418973207473755,0.0,0.989452610895215,0.0,0.0,-5.968524365082914,110
2025-10-08 19:00:00,SAC Basic,0.3793341479522187,0.02397581934928894,0.0,0.9778049317406229,0.0,0.0,-5.934069880070274,110
2025-10-08 20:00:00,SAC Basic,0.37929407299621687,0.023946613073349,0.0,0.9764690998738956,0.0,0.0,-5.929886523945913,110
2025-10-08 21:00:00,SAC Basic,0.3799015596928339,0.03846466541290283,0.0,0.9967186564277967,0.0,0.0,-5.991070443115042,110
2025-10-08 22:00:00,SAC Basic,0.3813017600522763,0.022952109575271606,0.0,1.0433920017425435,0.0,0.0,-6.13079017297751,110
2025-10-08 23:00:00,SAC Basic,0.3813826181802445,0.03834471106529236,0.0,1.0460872726748178,0.0,0.0,-6.139182638260654,110
2025-10-09 00:00:00,SAC Basic,0.38352064873611574,0.026764124631881714,0.0,1.1173549578705235,0.0,0.0,-6.352715961968546,110
2025-10-09 01:00:00,SAC Basic,0.3860544810187427,0.021465718746185303,0.0,1.2018160339580903,0.0,0.0,-6.605930400308048,110
2025-10-09 02:00:00,SAC Basic,0.3847611728061087,0.03021329641342163,0.0,1.1587057602036226,0.0,0.0,-6.476809022315813,110
2025-10-09 03:00:00,SAC Basic,0.38174476403994984,0.01273617148399353,0.0,1.0581588013316605,0.0,0.0,-6.1749058986739565,110
2025-10-09 04:00:00,SAC Basic,0.37962385433879753,0.0106889009475708,0.0,0.9874618112932524,0.0,0.0,-5.962619684604067,110
2025-10-09 05:00:00,SAC Basic,0.37740670868987375,0.007913261651992798,0.0,0.9135569563291256,0.0,0.0,-5.74085689061337,110
2025-10-09 06:00:00,SAC Basic,0.3772101168645132,0.016026347875595093,0.0,0.9070038954837728,0.0,0.0,-5.7214133442710695,110
2025-10-09 07:00:00,SAC Basic,0.3841577523960508,0.024882405996322632,0.0,1.1385917465350275,0.0,0.0,-6.4163614483062155,110
2025-10-09 08:00:00,SAC Basic,0.3801485118759129,0.014678239822387695,0.0,1.004950395863763,0.0,0.0,-6.015246794049478,110
2025-10-09 09:00:00,SAC Basic,0.38075917038075213,0.006003230810165405,0.0,1.0253056793584037,0.0,0.0,-6.076123852781538,110
2025-10-09 10:00:00,SAC Basic,0.3852196595092304,0.009635388851165771,0.0,1.1739886503076804,0.0,0.0,-6.522194980280475,110
2025-10-09 11:00:00,SAC Basic,0.3820233369141538,0.00604778528213501,0.0,1.0674445638051269,0.0,0.0,-6.202490523156713,110
2025-10-09 12:00:00,SAC Basic,0.39796524350050566,0.004413425922393799,0.0,1.5988414500168546,0.0,0.0,-7.796628962162611,110
2025-10-09 13:00:00,SAC Basic,0.3941746716901374,0.0073175132274627686,0.0,1.472489056337915,0.0,0.0,-7.417642560151341,110
2025-10-09 14:00:00,SAC Basic,0.38905891710967233,0.013737529516220093,0.0,1.301963903655745,0.0,0.0,-6.906230661720444,110
2025-10-09 15:00:00,SAC Basic,0.38466748679945234,0.010153800249099731,0.0,1.1555828933150794,0.0,0.0,-6.466987593242886,110
2025-10-09 16:00:00,SAC Basic,0.3810110927177909,0.015284866094589233,0.0,1.0337030905930291,0.0,0.0,-6.101466279759434,110
2025-10-09 17:00:00,SAC Basic,0.3776134931873181,0.02016991376876831,0.0,0.9204497729106038,0.0,0.0,-5.761801567483929,110
2025-10-09 18:00:00,SAC Basic,0.3746987446357219,0.01686692237854004,0.0,0.8232914878573979,0.0,0.0,-5.470244831933662,110
2025-10-09 19:00:00,SAC Basic,0.3720840247427292,0.01121819019317627,0.0,0.7361341580909753,0.0,0.0,-5.208683325398639,110
2025-10-09 20:00:00,SAC Basic,0.3706827151651562,0.011530965566635132,0.0,0.6894238388385404,0.0,0.0,-5.068505263580688,110
2025-10-09 21:00:00,SAC Basic,0.36877425945145315,0.012771934270858765,0.0,0.6258086483817721,0.0,0.0,-4.877693793517773,110
2025-10-09 22:00:00,SAC Basic,0.36677754574438115,0.011237412691116333,0.0,0.5592515248127058,0.0,0.0,-4.677994667907734,110
2025-10-09 23:00:00,SAC Basic,0.3658537020896093,0.010803639888763428,0.0,0.528456736320311,0.0,0.0,-4.58559061948673,110
2025-10-10 00:00:00,SAC Basic,0.36442098707946086,0.010385066270828247,0.0,0.4806995693153624,0.0,0.0,-4.442310595007681,110
2025-10-10 01:00:00,SAC Basic,0.3662508567517275,0.033156126737594604,0.0,0.5416952250575847,0.0,0.0,-4.625976508312171,110
2025-10-10 02:00:00,SAC Basic,0.36541354914724306,0.013592690229415894,0.0,0.5137849715747678,0.0,0.0,-4.541822402893976,110
2025-10-10 03:00:00,SAC Basic,0.364015892194326,0.007399320602416992,0.0,0.4671964064775324,0.0,0.0,-4.401799139540918,110
2025-10-10 04:00:00,SAC Basic,0.36366319548149284,0.00913083553314209,0.0,0.4554398493830945,0.0,0.0,-4.366519480009253,110
2025-10-10 05:00:00,SAC Basic,0.3682104305104557,0.005184859037399292,0.0,0.6070143503485241,0.0,0.0,-4.821186207991277,110
2025-10-10 06:00:00,SAC Basic,0.3671039242059121,0.006178915500640869,0.0,0.570130806863736,0.0,0.0,-4.710525939465854,110
2025-10-10 07:00:00,SAC Basic,0.36549894386489357,0.011637359857559204,0.0,0.5166314621631187,0.0,0.0,-4.5501817181300765,110
2025-10-10 08:00:00,SAC Basic,0.3704565398906395,0.01366347074508667,0.0,0.6818846630213159,0.0,0.0,-5.045947519587724,110
2025-10-10 09:00:00,SAC Basic,0.36821626857841533,0.013627558946609497,0.0,0.6072089526138442,0.0,0.0,-4.82189976813845,110
2025-10-10 10:00:00,SAC Basic,0.3660157101557659,0.005189478397369385,0.0,0.5338570051921963,-1.4210854715202004e-14,0.0,-4.601759185950028,110
2025-10-10 11:00:00,SAC Basic,0.3638772825925953,0.0035478174686431885,0.0,0.46257608641984266,0.0,0.0,-4.387815632218187,110
2025-10-10 12:00:00,SAC Basic,0.36399825427640137,0.0023999810218811035,0.0,0.4666084758800466,0.0,0.0,-4.399884905625042,110
2025-10-10 13:00:00,SAC Basic,0.36485236435033674,0.00631183385848999,0.0,0.495078811677891,0.0,0.0,-4.48540179023921,110
2025-10-10 14:00:00,SAC Basic,0.36235829171625783,0.003721266984939575,0.0,0.41194305720859603,1.4210854715202004e-14,0.0,-4.235929502634217,110
2025-10-10 15:00:00,SAC Basic,0.36068047366280565,0.007670372724533081,0.0,0.3560157887601889,0.0,0.0,-4.0682402647924505,110
2025-10-10 16:00:00,SAC Basic,0.3591099375839759,0.011003762483596802,0.0,0.3036645861325298,0.0,0.0,-3.911247167544853,110
2025-10-10 17:00:00,SAC Basic,0.3578713292134758,0.009795129299163818,0.0,0.2623776404491935,0.0,0.0,-3.787340910265408,110
2025-10-10 18:00:00,SAC Basic,0.3569321670128962,0.008823573589324951,0.0,0.23107223376320718,0.0,0.0,-3.693402888318505,110
2025-10-10 19:00:00,SAC Basic,0.35609075167388266,0.010100454092025757,0.0,0.20302505579608834,0.0,0.0,-3.6092899452751324,110
2025-10-10 20:00:00,SAC Basic,0.35533055604908353,0.009126514196395874,0.0,0.17768520163611898,0.0,0.0,-3.533247874591237,110
2025-10-10 21:00:00,SAC Basic,0.3546147046475424,0.007068067789077759,0.0,0.15382348825141465,0.0,0.0,-3.4616324105740954,110
2025-10-10 22:00:00,SAC Basic,0.353976464862777,0.009076893329620361,0.0,0.132548828759235,0.0,0.0,-3.3978481123996978,110
2025-10-10 23:00:00,SAC Basic,0.35340177502413384,0.008985549211502075,0.0,0.11339250080446135,0.0,0.0,-3.340358126838794,110
2025-10-11 00:00:00,SAC Basic,0.35413003150099326,0.007144659757614136,0.0,0.1376677166997766,0.0,0.0,-3.4131644521890165,110
2025-10-11 01:00:00,SAC Basic,0.35388305772978496,0.00634312629699707,0.0,0.12943525765949745,0.0,0.0,-3.388440650839041,110
2025-10-11 02:00:00,SAC Basic,0.35330948316346195,0.0062437355518341064,0.0,0.1103161054487316,0.0,0.0,-3.331074184964682,110
2025-10-11 03:00:00,SAC Basic,0.35644732421908304,0.007263123989105225,0.0,0.21491080730276907,0.0,0.0,-3.644887878272458,110
2025-10-11 04:00:00,SAC Basic,0.3571361972616332,0.012535154819488525,0.0,0.23787324205444094,0.0,0.0,-3.7139231495680134,110
2025-10-11 05:00:00,SAC Basic,0.35712696992858206,0.011297464370727539,0.0,0.23756566428606904,0.0,0.0,-3.7129353190501075,110
2025-10-11 06:00:00,SAC Basic,0.35650841526708565,0.00788077712059021,0.0,0.21694717556952128,0.0,0.0,-3.651033309123478,110
2025-10-11 07:00:00,SAC Basic,0.35594561002291647,0.005845427513122559,0.0,0.19818700076388185,0.0,0.0,-3.5946982643379837,110
2025-10-11 08:00:00,SAC Basic,0.35601832074317996,0.007423907518386841,0.0,0.20061069143933283,0.0,0.0,-3.6019963372684156,110
2025-10-11 09:00:00,SAC Basic,0.3561039068037897,0.007639378309249878,0.0,0.20346356012632472,0.0,0.0,-3.6105456226530657,110
2025-10-11 10:00:00,SAC Basic,0.35546603829896123,0.0053407251834869385,0.0,0.18220127663204125,0.0,0.0,-3.5467336309310493,110
2025-10-11 11:00:00,SAC Basic,0.3541341648782104,0.003743469715118408,0.0,0.13780549594034852,1.4210854715202004e-14,0.0,-3.413507329770028,110
2025-10-11 12:00:00,SAC Basic,0.35250832078118416,0.0038574635982513428,0.0,0.08361069270613797,0.0,0.0,-3.2509103673292117,110
2025-10-11 13:00:00,SAC Basic,0.351270609854513,0.004540383815765381,0.0,0.042353661817101346,0.0,0.0,-3.1271586223297927,110
2025-10-11 14:00:00,SAC Basic,0.35177568764107253,0.008212924003601074,0.0,0.05918958803575123,0.0,0.0,-3.1777697479892026,110
2025-10-11 15:00:00,SAC Basic,0.35442566030886913,0.006013810634613037,0.0,0.1475220102956385,1.4210854715202004e-14,0.0,-3.442708298233294,110
2025-10-11 16:00:00,SAC Basic,0.3540973450237555,0.008083581924438477,0.0,0.1365781674585179,0.0,0.0,-3.409916871726937,110
2025-10-11 17:00:00,SAC Basic,0.3546513321014085,0.014740526676177979,0.0,0.15504440338028333,0.0,0.0,-3.4654945901218883,110
2025-10-11 18:00:00,SAC Basic,0.354085304616556,0.008868575096130371,0.0,0.1361768205518672,0.0,0.0,-3.408766552673324,110
2025-10-11 19:00:00,SAC Basic,0.353573219128846,0.007981657981872559,0.0,0.11910730429486734,0.0,0.0,-3.357490415215378,110
2025-10-11 20:00:00,SAC Basic,0.35402193421637906,0.01117900013923645,0.0,0.13406447387930315,0.0,0.0,-3.4024489750622635,110
2025-10-11 21:00:00,SAC Basic,0.353491651810967,0.008303672075271606,0.0,0.11638839369889951,0.0,0.0,-3.349360007818842,110
2025-10-11 22:00:00,SAC Basic,0.3529852623588113,0.007091909646987915,0.0,0.09950874529370851,0.0,0.0,-3.2986801916983497,110
2025-10-11 23:00:00,SAC Basic,0.35346108034976725,0.009114742279052734,0.0,0.11536934499224288,0.0,0.0,-3.3463105581486263,110
2025-10-12 00:00:00,SAC Basic,0.35386759040971166,0.010372698307037354,0.0,0.12891968032372178,0.0,0.0,-3.386979074497586,110
2025-10-12 01:00:00,SAC Basic,0.35362450966101494,0.007392764091491699,0.0,0.12081698870049849,0.0,0.0,-3.362628620725479,110
2025-10-12 02:00:00,SAC Basic,0.3530809987345482,0.007646679878234863,0.0,0.10269995781827249,0.0,0.0,-3.3082553462102493,110
2025-10-12 03:00:00,SAC Basic,0.35291860490338306,0.008068680763244629,0.0,0.09728683011276901,0.0,0.0,-3.29202608396242,110
2025-10-12 04:00:00,SAC Basic,0.35429243559470447,0.014730393886566162,0.0,0.1430811864901486,0.0,0.0,-3.429604784479411,110
2025-10-12 05:00:00,SAC Basic,0.3537347901270747,0.008199363946914673,0.0,0.12449300423582486,0.0,0.0,-3.3737083102858048,110
2025-10-12 06:00:00,SAC Basic,0.35317794177204015,0.006876885890960693,0.0,0.10593139240133809,0.0,0.0,-3.317944939702393,110
2025-10-12 07:00:00,SAC Basic,0.3524428302558927,0.0053942203521728516,0.0,0.08142767519642291,0.0,0.0,-3.2444057366516987,110
2025-10-12 08:00:00,SAC Basic,0.35150505942374477,0.006837397813796997,0.0,0.05016864745816037,0.0,0.0,-3.1506571221053683,110
2025-10-12 09:00:00,SAC Basic,0.3506229589469732,0.004635155200958252,0.0,0.020765298232439024,0.0,0.0,-3.0624106202274675,110
2025-10-12 10:00:00,SAC Basic,0.3491910938238602,0.003940463066101074,0.0,0.0,0.0,0.0,-2.919195138568691,110
2025-10-12 11:00:00,SAC Basic,0.3474445688875021,0.0030425190925598145,0.0,0.0,0.0,0.0,-2.7445267185717936,110
2025-10-12 12:00:00,SAC Basic,0.3456984060493609,0.003151148557662964,0.0,0.0,0.0,0.0,-2.5699047142018956,110
2025-10-12 13:00:00,SAC Basic,0.3440093787677587,0.0032918155193328857,0.0,0.0,0.0,0.0,-2.4010051197558746,110
2025-10-12 14:00:00,SAC Basic,0.3424058725300929,0.0034481287002563477,0.0,0.0,0.0,0.0,-2.240657778715105,110
2025-10-12 15:00:00,SAC Basic,0.34108683757777025,0.0037895143032073975,0.0,0.0,0.0,0.0,-2.1087629619191177,110
2025-10-12 16:00:00,SAC Basic,0.3401698982818426,0.005418211221694946,0.0,0.0,0.0,0.0,-2.0171144793778755,110
2025-10-12 17:00:00,SAC Basic,0.3396453579600156,0.004137903451919556,0.0,0.0,0.0,0.0,-1.9646313571482958,110
2025-10-12 18:00:00,SAC Basic,0.33937207496320215,0.0030151009559631348,0.0,0.0,0.0,0.0,-1.9372790263642934,110
2025-10-12 19:00:00,SAC Basic,0.33912744865491995,0.003112107515335083,0.0,0.0,0.0,0.0,-1.9128080777078946,110
2025-10-12 20:00:00,SAC Basic,0.338912673114886,0.003567337989807129,0.0,0.0,0.0,0.0,-1.891343210553139,110
2025-10-12 21:00:00,SAC Basic,0.3387261603760224,0.0035461783409118652,0.0,0.0,0.0,0.0,-1.8726871727655443,110
2025-10-12 22:00:00,SAC Basic,0.33856737101629386,0.003363192081451416,0.0,0.0,0.0,0.0,-1.856806195333609,110
2025-10-12 23:00:00,SAC Basic,0.33975114327902606,0.006131678819656372,0.0,0.0,0.0,0.0,-1.9752646463463803,110
2025-10-13 00:00:00,SAC Basic,0.3395950376184286,0.004168301820755005,0.0,0.0,0.0,0.0,-1.9596067616492607,110
2025-10-13 01:00:00,SAC Basic,0.3397736203034223,0.004574805498123169,0.0,0.0,0.0,0.0,-1.977457591488964,110
2025-10-13 02:00:00,SAC Basic,0.33998283706103766,0.005265027284622192,0.0,0.0,0.0,0.0,-1.9983959088673224,110
2025-10-13 03:00:00,SAC Basic,0.3398567927717666,0.004686713218688965,0.0,0.0,0.0,0.0,-1.9857787945816938,110
2025-10-13 04:00:00,SAC Basic,0.33973041221295797,0.004585832357406616,0.0,0.0,0.0,0.0,-1.973133946751557,110
2025-10-13 05:00:00,SAC Basic,0.33963098215972387,0.0041709840297698975,0.0,0.0,0.0,0.0,-1.9631857841362583,110
2025-10-13 06:00:00,SAC Basic,0.33953406742249925,0.004925578832626343,0.0,0.0,0.0,0.0,-1.9535127997746058,110
2025-10-13 07:00:00,SAC Basic,0.3392108451365928,0.005033314228057861,0.0,0.0,0.0,0.0,-1.9211862572977922,110
2025-10-13 08:00:00,SAC Basic,0.33840920364374916,0.006007552146911621,0.0,0.0,0.0,0.0,-1.8410502577970418,110
2025-10-13 09:00:00,SAC Basic,0.33714666796838244,0.003739297389984131,0.0,0.0,0.0,0.0,-1.7147642653336124,110
2025-10-13 10:00:00,SAC Basic,0.33553992271497846,0.002476423978805542,0.0,0.0,0.0,0.0,-1.5540544287115328,110
2025-10-13 11:00:00,SAC Basic,0.3336803768729667,0.003136247396469116,0.0,0.0,0.0,0.0,-1.3681070104787754,110
2025-10-13 12:00:00,SAC Basic,0.3317645244756838,0.0032442808151245117,0.0,0.0,0.0,0.0,-1.176518413518866,110
2025-10-13 13:00:00,SAC Basic,0.3298743594622115,0.002450495958328247,0.0,0.0,0.0,0.0,-0.9874928939888836,110
2025-10-13 14:00:00,SAC Basic,0.3282108606187006,0.0024503469467163086,0.0,0.0,0.0,0.0,-0.8211350702991081,110
2025-10-13 15:00:00,SAC Basic,0.32688944048717616,0.003073960542678833,0.0,0.0,0.0,0.0,-0.6890117640644289,110
2025-10-13 16:00:00,SAC Basic,0.32599801075453555,0.004571080207824707,0.0,0.0,0.0,0.0,-0.5999074682543624,110
2025-10-13 17:00:00,SAC Basic,0.32555767371729016,0.0038988888263702393,0.0,0.0,0.0,0.0,-0.5558520714193577,110
2025-10-13 18:00:00,SAC Basic,0.32542972505961854,0.004115402698516846,0.0,0.0,0.0,0.0,-0.5430569791545447,110
2025-10-13 19:00:00,SAC Basic,0.3253566603930294,0.0035806000232696533,0.0,0.0,0.0,0.0,-0.5357429993301578,110
2025-10-13 20:00:00,SAC Basic,0.32525654935672876,0.003966689109802246,0.0,0.0,0.0,0.0,-0.5257381303459371,110
2025-10-13 21:00:00,SAC Basic,0.3250979994089901,0.0034350156784057617,0.0,0.0,0.0,0.0,-0.5098739579468904,110
2025-10-13 22:00:00,SAC Basic,0.3249398070891201,0.003542304039001465,0.0,0.0,0.0,0.0,-0.4940526278763978,110
2025-10-13 23:00:00,SAC Basic,0.32478092633560296,0.0033357739448547363,0.0,0.0,0.0,0.0,-0.4781614143401339,110
2025-10-14 00:00:00,SAC Basic,0.32465074250375225,0.003444850444793701,0.0,0.0,0.0,0.0,-0.46514423814912004,110
2025-10-14 01:00:00,SAC Basic,0.32452093567127976,0.003557950258255005,0.0,0.0,0.0,0.0,-0.45216585713127544,110
2025-10-14 02:00:00,SAC Basic,0.3244204133629301,0.0038433074951171875,0.0,0.0,0.0,0.0,-0.4421210560152796,110
2025-10-14 03:00:00,SAC Basic,0.3243219851644336,0.004471540451049805,0.0,0.0,0.0,0.0,-0.43229422958194097,110
2025-10-14 04:00:00,SAC Basic,0.3241943961214521,0.004223287105560303,0.0,0.0,0.0,0.0,-0.41952656042077763,110
2025-10-14 05:00:00,SAC Basic,0.3240367064674197,0.003693103790283203,0.0,0.0,0.0,0.0,-0.40374981065092996,110
2025-10-14 06:00:00,SAC Basic,0.3238218916876613,0.0035555660724639893,0.0,0.0,0.0,0.0,-0.38226165546475577,110
2025-10-14 07:00:00,SAC Basic,0.32335487186903744,0.004394054412841797,0.0,0.0,0.0,0.0,-0.3355834528754041,110
2025-10-14 08:00:00,SAC Basic,0.32249102494791143,0.004345923662185669,0.0,0.0,0.0,0.0,-0.24918989457189272,110
2025-10-14 09:00:00,SAC Basic,0.3211984557167191,0.0032292306423187256,0.0,0.0,0.0,0.0,-0.11992132321495662,110
2025-10-14 10:00:00,SAC Basic,0.31959395209466407,0.0031489133834838867,0.0,0.0,0.0,0.0,0.999936218559742,110
2025-10-14 11:00:00,SAC Basic,0.3177628111115594,0.003157705068588257,0.0,0.0,0.0,0.0,0.9999367579817772,110
2025-10-14 12:00:00,SAC Basic,0.31584960168356685,0.0040371716022491455,0.0,0.0,0.0,0.0,0.9999104619026183,110
2025-10-14 13:00:00,SAC Basic,0.31405032014523937,0.004215538501739502,0.0,0.0,0.0,0.0,0.9999139055609703,110
2025-10-14 14:00:00,SAC Basic,0.31247529724592954,0.0034931302070617676,0.0,0.0,0.0,0.0,0.999922913312912,110
2025-10-14 15:00:00,SAC Basic,0.31123959634378545,0.003289729356765747,0.0,0.0,0.0,0.0,0.9999321714043617,110
2025-10-14 16:00:00,SAC Basic,0.31037002837017175,0.002629607915878296,0.0,0.0,0.0,0.0,0.9999408066272736,110
2025-10-14 17:00:00,SAC Basic,0.3098975711178283,0.002762824296951294,0.0,0.0,0.0,0.0,0.9999434113502502,110
2025-10-14 18:00:00,SAC Basic,0.30968005575095614,0.002745389938354492,0.0,0.0,0.0,0.0,0.9999449178576469,110
2025-10-14 19:00:00,SAC Basic,0.3098242313893139,0.0027526915073394775,0.0,0.0,0.0,0.0,0.9999448731541634,110
2025-10-14 20:00:00,SAC Basic,0.3096336953369279,0.002339184284210205,0.0,0.0,0.0,0.0,0.9999490812420845,110
2025-10-14 21:00:00,SAC Basic,0.30941490045701464,0.0023615360260009766,0.0,0.0,0.0,0.0,0.999952545762062,110
2025-10-14 22:00:00,SAC Basic,0.30919595110173026,0.0023151934146881104,0.0,0.0,0.0,0.0,0.9999532327055931,110
2025-10-14 23:00:00,SAC Basic,0.3089772342045605,0.0023849308490753174,0.0,0.0,0.0,0.0,0.9999516040086747,110
2025-10-15 00:00:00,SAC Basic,0.3087866544421017,0.002326071262359619,0.0,0.0,0.0,0.0,0.9999528899788857,110
2025-10-15 01:00:00,SAC Basic,0.30856823954179885,0.002475529909133911,0.0,0.0,0.0,0.0,0.9999489948153496,110
2025-10-15 02:00:00,SAC Basic,0.3083499403738479,0.002510249614715576,0.0,0.0,0.0,0.0,0.9999494478106499,110
2025-10-15 03:00:00,SAC Basic,0.30813250100289785,0.002768188714981079,0.0,0.0,0.0,0.0,0.9999420568346977,110
2025-10-15 04:00:00,SAC Basic,0.30791326554531856,0.002229362726211548,0.0,0.0,0.0,0.0,0.999950024485588,110
2025-10-15 05:00:00,SAC Basic,0.307722019204249,0.0021260976791381836,0.0,0.0,0.0,0.0,0.9999564453959465,110
2025-10-15 06:00:00,SAC Basic,0.30750185888126497,0.0019519031047821045,0.0,0.0,0.0,0.0,0.9999592199921609,110
2025-10-15 07:00:00,SAC Basic,0.307032744952788,0.0037658214569091797,0.0,0.0,0.0,0.0,0.9999065443873406,110
2025-10-15 08:00:00,SAC Basic,0.3061663563902677,0.0035834312438964844,0.0,0.0,0.0,0.0,0.9999265074729919,110
2025-10-15 09:00:00,SAC Basic,0.30496435572301356,0.004899799823760986,0.0,0.0,0.0,0.0,0.9998888403177262,110
2025-10-15 10:00:00,SAC Basic,0.30345604386642583,0.006506443023681641,0.0,0.0,0.0,0.0,0.9998538047075272,110
2025-10-15 11:00:00,SAC Basic,0.30178155862803263,0.007654428482055664,0.0,0.0,0.0,0.0,0.9998354315757751,110
2025-10-15 12:00:00,SAC Basic,0.30084851610417174,0.013087242841720581,0.0,0.0,0.0,0.0,0.999683926999569,110
2025-10-15 13:00:00,SAC Basic,0.3001976411461334,0.012737512588500977,0.0,0.0,0.0,0.0,0.9997417524456977,110
2025-10-15 14:00:00,SAC Basic,0.2997449798154335,0.012701600790023804,0.0,0.0,0.0,0.0,0.9997456088662148,110
2025-10-15 15:00:00,SAC Basic,0.30790412167782594,0.002742558717727661,0.0,0.0,0.0,0.0,0.9998455584049225,110
2025-10-15 16:00:00,SAC Basic,0.30812177436108407,0.0012958049774169922,0.0,0.0,0.0,0.0,0.9999596163630485,110
2025-10-15 17:00:00,SAC Basic,0.30812182712470504,0.002015829086303711,0.0,0.0,0.0,0.0,0.999952483177185,110
2025-10-15 18:00:00,SAC Basic,0.30826161735132346,0.001437067985534668,0.0,0.0,0.0,0.0,0.9999654710292817,110
2025-10-15 19:00:00,SAC Basic,0.3084074385745824,0.0032463669776916504,0.0,0.0,0.0,0.0,0.9999169796705245,110
2025-10-15 20:00:00,SAC Basic,0.3082193433324,0.003071427345275879,0.0,0.0,0.0,0.0,0.9999368220567704,110
2025-10-15 21:00:00,SAC Basic,0.3080292289828758,0.0024656951427459717,0.0,0.0,0.0,0.0,0.9999446287751198,110
2025-10-15 22:00:00,SAC Basic,0.3088653175973396,0.0018265843391418457,0.0,0.0,0.0,0.0,0.9999570772051811,110
2025-10-15 23:00:00,SAC Basic,0.30972878686423105,0.0015407800674438477,0.0,0.0,0.0,0.0,0.9999663263559342,110
2025-10-16 00:00:00,SAC Basic,0.3176248164271812,0.002808868885040283,0.0,0.0,0.0,0.0,0.9999311417341232,110
2025-10-16 01:00:00,SAC Basic,0.3225006322995325,0.00524476170539856,0.0,0.0,0.0,0.0,-0.2501924841155628,110
2025-10-16 02:00:00,SAC Basic,0.3237284698136151,0.0023512542247772217,0.0,0.0,0.0,0.0,-0.3729229415208094,110
2025-10-16 03:00:00,SAC Basic,0.3276517662834625,0.002488940954208374,0.0,0.0,0.0,0.0,-0.7652277840326265,110
2025-10-16 04:00:00,SAC Basic,0.32793820711846156,0.002932250499725342,0.0,0.0,0.0,0.0,-0.7938837899516046,110
2025-10-16 05:00:00,SAC Basic,0.32786332798714446,0.0030362606048583984,0.0,0.0,0.0,0.0,-0.7863945640275938,110
2025-10-16 06:00:00,SAC Basic,0.3394166044306259,0.008482933044433594,0.0,0.0,0.0,0.0,-1.9418845684478716,110
2025-10-16 07:00:00,SAC Basic,0.34215207460716374,0.014141052961349487,0.0,0.0,0.0,0.0,-2.215546862974769,110
2025-10-16 08:00:00,SAC Basic,0.3414302311189473,0.004446953535079956,0.0,0.0,0.0,0.0,-2.143208991959696,110
2025-10-16 09:00:00,SAC Basic,0.3417797010270258,0.002340972423553467,0.0,0.0,0.0,0.0,-2.1780379819621674,110
2025-10-16 10:00:00,SAC Basic,0.34273960853253804,0.0024722516536712646,0.0,0.0,0.0,0.0,-2.2740116110791777,110
2025-10-16 11:00:00,SAC Basic,0.3416373658569158,0.002827197313308716,0.0,0.0,0.0,0.0,-2.1637966790944403,110
2025-10-16 12:00:00,SAC Basic,0.3406220459277928,0.0034040212631225586,0.0,0.0,0.0,0.0,-2.0622784414440427,110
2025-10-16 13:00:00,SAC Basic,0.34141718236361945,0.00604093074798584,0.0,0.0,0.0,0.0,-2.141865424071753,110
2025-10-16 14:00:00,SAC Basic,0.34081784486129885,0.002698749303817749,0.0,0.0,0.0,0.0,-2.0818718829304017,110
2025-10-16 15:00:00,SAC Basic,0.340816552275767,0.005612224340438843,0.0,0.0,0.0,0.0,-2.081796606813876,110
2025-10-16 16:00:00,SAC Basic,0.34043039948458476,0.005154162645339966,0.0,0.0,0.0,0.0,-2.0431476123283328,110
2025-10-16 17:00:00,SAC Basic,0.3400014106749992,0.007303357124328613,0.0,0.0,0.0,0.0,-2.000308626587199,110
2025-10-16 18:00:00,SAC Basic,0.33976485731914646,0.005533993244171143,0.0,0.0,0.0,0.0,-1.9766141054183306,110
2025-10-16 19:00:00,SAC Basic,0.3395244112832845,0.004366189241409302,0.0,0.0,0.0,0.0,-1.952540130153303,110
2025-10-16 20:00:00,SAC Basic,0.3392522846165797,0.003361999988555908,0.0,0.0,0.0,0.0,-1.9253057435502683,110
2025-10-16 21:00:00,SAC Basic,0.33895200939094033,0.0034174323081970215,0.0,0.0,0.0,0.0,-1.895269842063393,110
2025-10-16 22:00:00,SAC Basic,0.3386516298571726,0.0033861398696899414,0.0,0.0,0.0,0.0,-1.8652310214390402,110
2025-10-16 23:00:00,SAC Basic,0.33837812632317354,0.002948939800262451,0.0,0.0,0.0,0.0,-1.8378759831140534,110
2025-10-17 00:00:00,SAC Basic,0.3381058928648135,0.0033299624919891357,0.0,0.0,0.0,0.0,-1.8106596959581083,110
2025-10-17 01:00:00,SAC Basic,0.3378948689404628,0.004692822694778442,0.0,0.0,0.0,0.0,-1.7895943791022004,110
2025-10-17 02:00:00,SAC Basic,0.337684056612601,0.004756301641464233,0.0,0.0,0.0,0.0,-1.7685014220823934,110
2025-10-17 03:00:00,SAC Basic,0.33747158379867687,0.004258155822753906,0.0,0.0,0.0,0.0,-1.7472485244423281,110
2025-10-17 04:00:00,SAC Basic,0.33725982723390074,0.0044730305671691895,0.0,0.0,0.0,0.0,-1.7260743327488612,110
2025-10-17 05:00:00,SAC Basic,0.3370479509631297,0.004437118768692017,0.0,0.0,0.0,0.0,-1.7048841978063307,110
2025-10-17 06:00:00,SAC Basic,0.3368091852815451,0.004870295524597168,0.0,0.0,0.0,0.0,-1.681020265832558,110
2025-10-17 07:00:00,SAC Basic,0.336401499934147,0.0051943957805633545,0.0,0.0,0.0,0.0,-1.6402571223328677,110
2025-10-17 08:00:00,SAC Basic,0.3355930108610294,0.003953278064727783,0.0,0.0,0.0,0.0,-1.5593925628413907,110
2025-10-17 09:00:00,SAC Basic,0.3344157314856352,0.0038161873817443848,0.0,0.0,0.0,0.0,-1.4416508432179833,110
2025-10-17 10:00:00,SAC Basic,0.33409802671030175,0.004188567399978638,0.0,0.0,0.0,0.0,-1.4098901661783567,110
2025-10-17 11:00:00,SAC Basic,0.33258798433219405,0.005987286567687988,0.0,0.0,0.0,0.0,-1.2589361661424354,110
2025-10-17 12:00:00,SAC Basic,0.33165732725297425,0.005302876234054565,0.0,0.0,0.0,0.0,-1.1658456269254422,110
2025-10-17 13:00:00,SAC Basic,0.3314716546630364,0.0032982230186462402,0.0,0.0,0.0,0.0,-1.147251477296167,110
2025-10-17 14:00:00,SAC Basic,0.33167792308484534,0.0018805265426635742,0.0,0.0,0.0,0.0,-1.1678440959801464,110
2025-10-17 15:00:00,SAC Basic,0.3308854193623365,0.0022488832473754883,0.0,0.0,0.0,0.0,-1.088590597465645,110
2025-10-17 16:00:00,SAC Basic,0.3319099511384469,0.0028595328330993652,0.0,0.0,0.0,0.0,-1.1910584109972087,110
2025-10-17 17:00:00,SAC Basic,0.33155450134908176,0.003865063190460205,0.0,0.0,0.0,0.0,-1.1555374914755585,110
2025-10-17 18:00:00,SAC Basic,0.3320085864233476,0.00422552227973938,0.0,0.0,0.0,0.0,-1.2009467573712445,110
2025-10-17 19:00:00,SAC Basic,0.33257162090932346,0.0029103457927703857,0.0,0.0,0.0,0.0,-1.2572334496130706,110
2025-10-17 20:00:00,SAC Basic,0.3334470731933416,0.005135685205459595,0.0,0.0,0.0,0.0,-1.3448322864323958,110
2025-10-17 21:00:00,SAC Basic,0.33337267983987945,0.0031819939613342285,0.0,0.0,0.0,0.0,-1.337351160779612,110
2025-10-17 22:00:00,SAC Basic,0.33432756355995946,0.003465116024017334,0.0,0.0,0.0,0.0,-1.4328284895370527,110
2025-10-17 23:00:00,SAC Basic,0.33831430076435226,0.004521161317825317,0.0,0.0,0.0,0.0,-1.83153106011452,110
2025-10-18 00:00:00,SAC Basic,0.3386340310588977,0.004419088363647461,0.0,0.0,0.0,0.0,-1.8634925083865863,110
2025-10-18 01:00:00,SAC Basic,0.3386198488616448,0.004245340824127197,0.0,0.0,0.0,0.0,-1.8620715304563582,110
2025-10-18 02:00:00,SAC Basic,0.3385758680502079,0.0038057565689086914,0.0,0.0,0.0,0.0,-1.8576673159947192,110
2025-10-18 03:00:00,SAC Basic,0.3391978162979585,0.0035844743251800537,0.0,0.0,0.0,0.0,-1.9198555321047879,110
2025-10-18 04:00:00,SAC Basic,0.3444894606184465,0.004493296146392822,0.0,0.0,0.0,0.0,-2.449045015985788,110
2025-10-18 05:00:00,SAC Basic,0.34817828580851373,0.006647557020187378,0.0,0.0,0.0,0.0,-2.817983074600514,110
2025-10-18 06:00:00,SAC Basic,0.34844369388575375,0.00512242317199707,0.0,0.0,0.0,0.0,-2.8444870883772957,110
2025-10-18 07:00:00,SAC Basic,0.3482187296596668,0.009010732173919678,0.0,0.0,0.0,0.0,-2.8220920637001794,110
2025-10-18 08:00:00,SAC Basic,0.3475575120766463,0.005634725093841553,0.0,0.0,0.0,0.0,-2.755897662237308,110
2025-10-18 09:00:00,SAC Basic,0.34646190129831456,0.0028167665004730225,0.0,0.0,0.0,0.0,-2.6462746447473977,110
2025-10-18 10:00:00,SAC Basic,0.34516712123150645,0.0025659799575805664,0.0,0.0,0.0,0.0,-2.5167659506152247,110
2025-10-18 11:00:00,SAC Basic,0.3434794564127427,0.003700554370880127,0.0,0.0,0.0,0.0,-2.3480309981058194,110
2025-10-18 12:00:00,SAC Basic,0.3416786475053928,0.0037573277950286865,0.0,0.0,0.0,0.0,-2.1679404648294196,110
2025-10-18 13:00:00,SAC Basic,0.33990545965587116,0.003543645143508911,0.0,0.0,0.0,0.0,-1.9906189753165004,110
2025-10-18 14:00:00,SAC Basic,0.3382990263334415,0.0025700032711029053,0.0,0.0,0.0,0.0,-1.8299637698282956,110
2025-10-18 15:00:00,SAC Basic,0.33784309794023654,0.003221482038497925,0.0,0.0,0.0,0.0,-1.7843807384520969,110
2025-10-18 16:00:00,SAC Basic,0.3372610753615202,0.003893226385116577,0.0,0.0,0.0,0.0,-1.7261921181231903,110
2025-10-18 17:00:00,SAC Basic,0.3373588437826933,0.005830526351928711,0.0,0.0,0.0,0.0,-1.7360203617960377,110
2025-10-18 18:00:00,SAC Basic,0.3372332495084903,0.004821717739105225,0.0,0.0,0.0,0.0,-1.7234314732899414,110
2025-10-18 19:00:00,SAC Basic,0.33716327881967045,0.004508793354034424,0.0,0.0,0.0,0.0,-1.716421187077976,110
2025-10-18 20:00:00,SAC Basic,0.33709395980830015,0.004704296588897705,0.0,0.0,0.0,0.0,-1.7094920217941407,110
2025-10-18 21:00:00,SAC Basic,0.33702382321988567,0.004459023475646973,0.0,0.0,0.0,0.0,-1.7024739551892112,110
2025-10-18 22:00:00,SAC Basic,0.3369520390597485,0.003964751958847046,0.0,0.0,0.0,0.0,-1.6952881437291965,110
2025-10-18 23:00:00,SAC Basic,0.33688124980047374,0.0042632222175598145,0.0,0.0,0.0,0.0,-1.6882132291943113,110
2025-10-19 00:00:00,SAC Basic,0.3368097760811948,0.004057884216308594,0.0,0.0,0.0,0.0,-1.681060819183816,110
2025-10-19 01:00:00,SAC Basic,0.33670945146158365,0.003902614116668701,0.0,0.0,0.0,0.0,-1.6710247511416945,110
2025-10-19 02:00:00,SAC Basic,0.3366088168978197,0.003809630870819092,0.0,0.0,0.0,0.0,-1.6609588122318428,110
2025-10-19 03:00:00,SAC Basic,0.3371746801208955,0.0037589669227600098,0.0,0.0,0.0,0.0,-1.7175436980674872,110
2025-10-19 04:00:00,SAC Basic,0.340467495175948,0.0048445165157318115,0.0,0.0,0.0,0.0,-2.0468572634210425,110
2025-10-19 05:00:00,SAC Basic,0.3407604711635413,0.004892796277999878,0.0,0.0,0.0,0.0,-2.076145455077312,110
2025-10-19 06:00:00,SAC Basic,0.34197023131683496,0.005428045988082886,0.0,0.0,0.0,0.0,-2.197137045100358,110
2025-10-19 07:00:00,SAC Basic,0.34167778118764386,0.005764961242675781,0.0,0.0,0.0,0.0,-2.1678967871417845,110
2025-10-19 08:00:00,SAC Basic,0.3410411651904883,0.004515200853347778,0.0,0.0,0.0,0.0,-2.1042193206697917,110
2025-10-19 09:00:00,SAC Basic,0.3398649015775822,0.004120916128158569,0.0,0.0,0.0,0.0,-1.9865765189280344,110
2025-10-19 10:00:00,SAC Basic,0.3383757121498885,0.0037431716918945312,0.0,0.0,0.0,0.0,-1.8376498558670484,110
2025-10-19 11:00:00,SAC Basic,0.3371307259503506,0.0025041401386260986,0.0,0.0,0.0,0.0,-1.7131350681533641,110
2025-10-19 12:00:00,SAC Basic,0.3360289278260372,0.0029605627059936523,0.0,0.0,0.0,0.0,-1.6029565580835143,110
2025-10-19 13:00:00,SAC Basic,0.3343665177607042,0.0027769804000854492,0.0,0.0,0.0,0.0,-1.4367091515014798,110
2025-10-19 14:00:00,SAC Basic,0.332986199761977,0.0024046003818511963,0.0,0.0,0.0,0.0,-1.2986717920055209,110
2025-10-19 15:00:00,SAC Basic,0.33174822891627775,0.002608746290206909,0.0,0.0,0.0,0.0,-1.1748771080126625,110
2025-10-19 16:00:00,SAC Basic,0.3309135055867337,0.004583001136779785,0.0,0.0,0.0,0.0,-1.0914619612445722,110
2025-10-19 17:00:00,SAC Basic,0.33044376233254896,0.00357702374458313,0.0,0.0,0.0,0.0,-1.0444578335037091,110
2025-10-19 18:00:00,SAC Basic,0.33022911643261743,0.0036062300205230713,0.0,0.0,0.0,0.0,-1.0229840599249123,110
2025-10-19 19:00:00,SAC Basic,0.3310729611014826,0.004153400659561157,0.0,0.0,0.0,0.0,-1.1073846498678408,110
2025-10-19 20:00:00,SAC Basic,0.33094213155264685,0.0032511353492736816,0.0,0.0,0.0,0.0,-1.0942872006247721,110
2025-10-19 21:00:00,SAC Basic,0.33083916992420975,0.003111511468887329,0.0,0.0,0.0,0.0,-1.0839806188891563,110
2025-10-19 22:00:00,SAC Basic,0.3314059098322692,0.004021972417831421,0.0,0.0,0.0,0.0,-1.140680527284765,110
2025-10-19 23:00:00,SAC Basic,0.3316644747995836,0.0030694901943206787,0.0,0.0,0.0,0.0,-1.1665183945844817,110
2025-10-20 00:00:00,SAC Basic,0.3369515305558346,0.0031167268753051758,0.0,0.0,0.0,0.0,-1.6952158624877753,110
2025-10-20 01:00:00,SAC Basic,0.3375218278677764,0.00508919358253479,0.0,0.0,0.0,0.0,-1.7523042953163626,110
2025-10-20 02:00:00,SAC Basic,0.3374497739966216,0.003883838653564453,0.0,0.0,0.0,0.0,-1.745067129984523,110
2025-10-20 03:00:00,SAC Basic,0.3376833241192005,0.004065036773681641,0.0,0.0,0.0,0.0,-1.768415524636723,110
2025-10-20 04:00:00,SAC Basic,0.33825056420957067,0.004172027111053467,0.0,0.0,0.0,0.0,-1.825140931402661,110
2025-10-20 05:00:00,SAC Basic,0.33848242454047023,0.0035580992698669434,0.0,0.0,0.0,0.0,-1.8483197553108313,110
2025-10-20 06:00:00,SAC Basic,0.340374526885301,0.010130703449249268,0.0,0.0,0.0,0.0,-2.0377210286408793,110
2025-10-20 07:00:00,SAC Basic,0.3410896609504522,0.00804021954536438,0.0,0.0,0.0,0.0,-2.1091478042751635,110
2025-10-20 08:00:00,SAC Basic,0.3404291243504982,0.005839020013809204,0.0,0.0,0.0,0.0,-2.043051227445412,110
2025-10-20 09:00:00,SAC Basic,0.33930646670574954,0.0032027065753936768,0.0,0.0,0.0,0.0,-1.9307370878408456,110
2025-10-20 10:00:00,SAC Basic,0.3377912158750992,0.004424750804901123,0.0,0.0,0.0,0.0,-1.7792223029683116,110
2025-10-20 11:00:00,SAC Basic,0.3367153148571154,0.004229694604873657,0.0,0.0,0.0,0.0,-1.6716180301656394,110
2025-10-20 12:00:00,SAC Basic,0.34630867567852147,0.003008246421813965,0.0,0.0,0.0,0.0,-2.630939947262413,110
2025-10-20 13:00:00,SAC Basic,0.34871560709471516,0.004579424858093262,0.0,0.0,0.0,0.0,-2.8716680097530407,110
2025-10-20 14:00:00,SAC Basic,0.347452603522887,0.003598928451538086,0.0,0.0,0.0,0.0,-2.745342135821794,110
2025-10-20 15:00:00,SAC Basic,0.3463304808298251,0.003363192081451416,0.0,0.0,0.0,0.0,-2.633117704187838,110
2025-10-20 16:00:00,SAC Basic,0.345584876181235,0.005818605422973633,0.0,0.0,0.0,0.0,-2.558628544365375,110
2025-10-20 17:00:00,SAC Basic,0.34520939052179467,0.006354302167892456,0.0,0.0,0.0,0.0,-2.5210714951902733,110
2025-10-20 18:00:00,SAC Basic,0.3453896088575821,0.005065500736236572,0.0,0.0,0.0,0.0,-2.539075083787248,110
2025-10-20 19:00:00,SAC Basic,0.3456363032944501,0.008008331060409546,0.0,0.0,0.0,0.0,-2.56381992436946,110
2025-10-20 20:00:00,SAC Basic,0.34554484784598155,0.006563365459442139,0.0,0.0,0.0,0.0,-2.5546305015633526,110
2025-10-20 21:00:00,SAC Basic,0.34646037458494305,0.008658021688461304,0.0,0.0,0.0,0.0,-2.6462315654903636,110
2025-10-20 22:00:00,SAC Basic,0.34642039771551886,0.005006939172744751,0.0,0.0,0.0,0.0,-2.642176421160497,110
2025-10-20 23:00:00,SAC Basic,0.3473878773871561,0.007243901491165161,0.0,0.0,0.0,0.0,-2.7389549863686162,110
2025-10-21 00:00:00,SAC Basic,0.34801700749789677,0.005739033222198486,0.0,0.0,0.0,0.0,-2.80183057913681,110
2025-10-21 01:00:00,SAC Basic,0.3489584108654162,0.007921010255813599,0.0,0.0,0.0,0.0,-2.89602132651707,110
2025-10-21 02:00:00,SAC Basic,0.3501866435327083,0.008691251277923584,0.0,0.006221451090277697,0.0,0.0,-3.0188458807066074,110
2025-10-21 03:00:00,SAC Basic,0.3518976806548193,0.010567158460617065,0.0,0.0632560218273099,0.0,0.0,-3.1899981677229685,110
2025-10-21 04:00:00,SAC Basic,0.35525986009814936,0.009482502937316895,0.0,0.1753286699383111,0.0,0.0,-3.5261865064289144,110
2025-10-21 05:00:00,SAC Basic,0.3555550765374177,0.007734149694442749,0.0,0.1851692179139235,0.0,0.0,-3.5556798202680864,110
2025-10-21 06:00:00,SAC Basic,0.3744124920087045,0.013474375009536743,0.0,0.8137497336234845,0.0,0.0,-5.441576090623793,110
2025-10-21 07:00:00,SAC Basic,0.3724218747269797,0.009710639715194702,0.0,0.747395824232656,0.0,0.0,-5.2424193228452145,110
2025-10-21 08:00:00,SAC Basic,0.3697689129253346,0.016075223684310913,0.0,0.6589637641778211,0.0,0.0,-4.977276442846836,110
2025-10-21 09:00:00,SAC Basic,0.3669745497552262,0.008009374141693115,0.0,0.5658183251742074,0.0,0.0,-4.697695821500879,110
2025-10-21 10:00:00,SAC Basic,0.36424958659074064,0.005997270345687866,0.0,0.47498621969135546,0.0,0.0,-4.425098725518937,110
2025-10-21 11:00:00,SAC Basic,0.3667339528294327,0.0026082992553710938,0.0,0.5577984276477566,0.0,0.0,-4.673481338639283,110
2025-10-21 12:00:00,SAC Basic,0.36838468903052113,0.005543828010559082,0.0,0.6128229676840378,0.0,0.0,-4.838609134899875,110
2025-10-21 13:00:00,SAC Basic,0.3717976155771074,0.005465149879455566,0.0,0.7265871859035798,0.0,0.0,-5.179871647489638,110
2025-10-21 14:00:00,SAC Basic,0.3691231538882187,0.007099956274032593,0.0,0.6374384629406237,0.0,0.0,-4.912473736011296,110
2025-10-21 15:00:00,SAC Basic,0.36639083282837254,0.00716477632522583,0.0,0.5463610942790836,0.0,0.0,-4.63922722656427,110
2025-10-21 16:00:00,SAC Basic,0.36415153046270293,0.012426972389221191,0.0,0.47171768209009746,0.0,0.0,-4.415454207678716,110
2025-10-21 17:00:00,SAC Basic,0.3624715238438255,0.013715475797653198,0.0,0.4157174614608522,0.0,0.0,-4.24743957893259,110
2025-10-21 18:00:00,SAC Basic,0.36112568643088994,0.009604990482330322,0.0,0.37085621436299904,0.0,0.0,-4.112801847751793,110
2025-10-21 19:00:00,SAC Basic,0.360221473557912,0.011951923370361328,0.0,0.34071578526373403,0.0,0.0,-4.022409863587488,110
2025-10-21 20:00:00,SAC Basic,0.3593991561238432,0.009109973907470703,0.0,0.31330520412810614,0.0,0.0,-3.940126231357098,110
2025-10-21 21:00:00,SAC Basic,0.35838334153441764,0.008700340986251831,0.0,0.27944471781392083,0.0,0.0,-3.8385122565907013,110
2025-10-21 22:00:00,SAC Basic,0.3577247830810682,0.010925233364105225,0.0,0.25749276936893895,0.0,0.0,-3.7727190616978796,110
2025-10-21 23:00:00,SAC Basic,0.36677472405086775,0.008139759302139282,0.0,0.5591574683622582,0.0,0.0,-4.677663055013437,110
2025-10-22 00:00:00,SAC Basic,0.36832815296266214,0.010967105627059937,0.0,0.6109384320887372,0.0,0.0,-4.833062911842004,110
2025-10-22 01:00:00,SAC Basic,0.37389105260169864,0.024738311767578125,0.0,0.7963684200566221,0.0,0.0,-5.38973773846662,110
2025-10-22 02:00:00,SAC Basic,0.3762094604509743,0.0116710364818573,0.0,0.8736486816991444,0.0,0.0,-5.621310138579925,110
2025-10-22 03:00:00,SAC Basic,0.37406637411466287,0.010286569595336914,0.0,0.8022124704887631,0.0,0.0,-5.406856987527059,110
2025-10-22 04:00:00,SAC Basic,0.3718590762277041,0.008946508169174194,0.0,0.7286358742568027,0.0,0.0,-5.186099953548053,110
2025-10-22 05:00:00,SAC Basic,0.36959836083992664,0.009064078330993652,0.0,0.653278694664222,0.0,0.0,-4.960018541260902,110
2025-10-22 06:00:00,SAC Basic,0.36781512829683133,0.009867846965789795,0.0,0.5938376098943777,0.0,0.0,-4.781718224308795,110
2025-10-22 07:00:00,SAC Basic,0.36881779514940294,0.02155989408493042,0.0,0.6272598383134323,0.0,0.0,-4.882327633293182,110
2025-10-22 08:00:00,SAC Basic,0.36867428686921344,0.015423744916915894,0.0,0.6224762289737811,0.0,0.0,-4.867798523311361,110
2025-10-22 09:00:00,SAC Basic,0.36689991700277813,0.009519606828689575,0.0,0.5633305667592723,0.0,0.0,-4.6902411337952685,110
2025-10-22 10:00:00,SAC Basic,0.36495883795451606,0.005304217338562012,0.0,0.49862793181720094,0.0,0.0,-4.496032033693277,110
2025-10-22 11:00:00,SAC Basic,0.3624068010800316,0.004948973655700684,0.0,0.4135600360010514,-1.4210854715202004e-14,0.0,-4.240782639913101,110
2025-10-22 12:00:00,SAC Basic,0.3605105910257012,0.004490017890930176,0.0,0.3503530341900401,0.0,0.0,-4.051153492485586,110
2025-10-22 13:00:00,SAC Basic,0.36459950587470924,0.010824650526046753,0.0,0.4866501958236413,0.0,0.0,-4.460230426807796,110
2025-10-22 14:00:00,SAC Basic,0.3626280816165173,0.0035087764263153076,0.0,0.4209360538839093,0.0,0.0,-4.26295149592125,110
2025-10-22 15:00:00,SAC Basic,0.3608180359708873,0.006587505340576172,0.0,0.36060119902957555,0.0,0.0,-4.081966134484684,110
2025-10-22 16:00:00,SAC Basic,0.35942658711441816,0.009284913539886475,0.0,0.31421957048060567,0.0,0.0,-3.942871383794606,110
2025-10-22 17:00:00,SAC Basic,0.35940684908278403,0.01814022660255432,0.0,0.3135616360928012,0.0,0.0,-3.94113626594108,110
2025-10-22 18:00:00,SAC Basic,0.35826405936331407,0.00913172960281372,0.0,0.275468645443803,0.0,0.0,-3.8266786558934602,110
2025-10-22 19:00:00,SAC Basic,0.3591221164954679,0.02098768949508667,0.0,0.3040705498489302,0.0,0.0,-3.9127499629356115,110
2025-10-22 20:00:00,SAC Basic,0.3583407977029959,0.01163095235824585,0.0,0.27802659009986147,0.0,0.0,-3.83440595671812,110
2025-10-22 21:00:00,SAC Basic,0.35735885859441274,0.01021355390548706,0.0,0.2452952864804246,0.0,0.0,-3.7361043045039106,110
2025-10-22 22:00:00,SAC Basic,0.3567746766436533,0.010067969560623169,0.0,0.2258225547884436,0.0,0.0,-3.6776704795999913,110
2025-10-22 23:00:00,SAC Basic,0.35839772039023954,0.01783713698387146,0.0,0.2799240130079852,0.0,0.0,-3.840206473437863,110
2025-10-23 00:00:00,SAC Basic,0.3598868147655241,0.010288804769515991,0.0,0.3295604921841374,0.0,0.0,-3.9889627359699418,110
2025-10-23 01:00:00,SAC Basic,0.3597165533932369,0.006806701421737671,0.0,0.32388511310789597,0.0,0.0,-3.9718262943856004,110
2025-10-23 02:00:00,SAC Basic,0.3631603038022805,0.0058019161224365234,0.0,0.43867679340934984,0.0,0.0,-4.3161564664034895,110
2025-10-23 03:00:00,SAC Basic,0.3620622308452625,0.006652474403381348,0.0,0.40207436150875114,0.0,0.0,-4.206364639597128,110
2025-10-23 04:00:00,SAC Basic,0.3725353426506251,0.010111629962921143,0.0,0.751178088354169,0.0,0.0,-5.253771089217363,110
2025-10-23 05:00:00,SAC Basic,0.37322994179315533,0.008211135864257812,0.0,0.7743313931051787,1.4210854715202004e-14,0.0,-5.323177406973804,110
2025-10-23 06:00:00,SAC Basic,0.3858667186793134,0.012090355157852173,0.0,1.195557289310446,0.0,0.0,-6.58695246722743,110
2025-10-23 07:00:00,SAC Basic,0.3824640630839269,0.012338757514953613,0.0,1.0821354361308964,0.0,0.0,-6.246655567566558,110
2025-10-23 08:00:00,SAC Basic,0.38645555202013254,0.01463174819946289,0.0,1.2151850673377524,0.0,0.0,-6.645870766884088,110
2025-10-23 09:00:00,SAC Basic,0.3858784966469348,0.009833276271820068,0.0,1.1959498882311592,0.0,0.0,-6.588094314938192,110
2025-10-23 10:00:00,SAC Basic,0.38156646026210844,0.007104426622390747,0.0,1.0522153420702822,0.0,0.0,-6.1568154032397855,110
2025-10-23 11:00:00,SAC Basic,0.3809240569300371,0.0035808980464935303,0.0,1.0308018976679036,0.0,0.0,-6.0925125462504,110
2025-10-23 12:00:00,SAC Basic,0.3769502306499705,0.0056931376457214355,0.0,0.8983410216656851,0.0,0.0,-5.695158050145958,110
2025-10-23 13:00:00,SAC Basic,0.373356502502557,0.006431639194488525,0.0,0.7785500834185655,0.0,0.0,-5.335786268055074,110
2025-10-23 14:00:00,SAC Basic,0.3705758709192839,0.006672888994216919,0.0,0.6858623639761305,0.0,0.0,-5.05772296220627,110
2025-10-23 15:00:00,SAC Basic,0.36792469516520804,0.014637112617492676,0.0,0.5974898388402664,0.0,0.0,-4.792841901009386,110
2025-10-23 16:00:00,SAC Basic,0.36566070596031935,0.012826770544052124,0.0,0.5220235320106454,0.0,0.0,-4.56634523486355,110
2025-10-23 17:00:00,SAC Basic,0.36387843351768784,0.01293271780014038,0.0,0.4626144505895951,0.0,0.0,-4.388103065597347,110
2025-10-23 18:00:00,SAC Basic,0.3623710091491401,0.011139661073684692,0.0,0.4123669716380036,0.0,0.0,-4.237341638702748,110
2025-10-23 19:00:00,SAC Basic,0.3610434048372382,0.01233220100402832,0.0,0.36811349457460524,0.0,0.0,-4.104599053143201,110
2025-10-23 20:00:00,SAC Basic,0.3598185517161375,0.010829120874404907,0.0,0.32728505720458545,0.0,0.0,-3.982086784832536,110
2025-10-23 21:00:00,SAC Basic,0.3587587175143915,0.0080069899559021,0.0,0.29195725047971594,0.0,0.0,-3.8760601125474508,110
2025-10-23 22:00:00,SAC Basic,0.35812911995266294,0.0075913965702056885,0.0,0.2709706650887654,0.0,0.0,-3.813067979131555,110
2025-10-23 23:00:00,SAC Basic,0.3587574317556716,0.014407932758331299,0.0,0.2919143918557211,0.0,0.0,-3.876099499584207,110
2025-10-24 00:00:00,SAC Basic,0.3602318164182392,0.017375946044921875,0.0,0.34106054727463975,0.0,0.0,-4.023558840877684,110
2025-10-24 01:00:00,SAC Basic,0.36006731865316816,0.011727958917617798,0.0,0.33557728843893814,0.0,0.0,-4.0070229043664405,110
2025-10-24 02:00:00,SAC Basic,0.35961147080078887,0.009128004312515259,0.0,0.3203823600262965,0.0,0.0,-3.9613556397111878,110
2025-10-24 03:00:00,SAC Basic,0.3607141489451096,0.013441741466522217,0.0,0.3571382981703195,-1.4210854715202004e-14,0.0,-4.07172686671183,110
2025-10-24 04:00:00,SAC Basic,0.3623134901030927,0.015752017498016357,0.0,0.4104496701030911,0.0,0.0,-4.231687153419546,110
2025-10-24 05:00:00,SAC Basic,0.36163339703870445,0.009251981973648071,0.0,0.3877799012901477,0.0,0.0,-4.1635897438651615,110
2025-10-24 06:00:00,SAC Basic,0.3610006430451211,0.010861903429031372,0.0,0.366688101504036,0.0,0.0,-4.100297641795242,110
2025-10-24 07:00:00,SAC Basic,0.35968907925344734,0.014500170946121216,0.0,0.3229693084482449,0.0,0.0,-3.969234311438827,110
2025-10-24 08:00:00,SAC Basic,0.35884109988025337,0.01030951738357544,0.0,0.2947033293417775,0.0,0.0,-3.8843580849086328,110
2025-10-24 09:00:00,SAC Basic,0.3674895297949151,0.015513300895690918,0.0,0.58298432649717,0.0,0.0,-4.749315283344546,110
2025-10-24 10:00:00,SAC Basic,0.3653253083386989,0.008077174425125122,0.0,0.5108436112899654,0.0,0.0,-4.532766738623099,110
2025-10-24 11:00:00,SAC Basic,0.36295962374678004,0.00478208065032959,0.0,0.4319874582260013,0.0,0.0,-4.296090967228757,110
2025-10-24 12:00:00,SAC Basic,0.3609767244090207,0.004521012306213379,0.0,0.36589081363402304,0.0,0.0,-4.097765471831632,110
2025-10-24 13:00:00,SAC Basic,0.3601637812173576,0.002909749746322632,0.0,0.33879270724525273,0.0,0.0,-4.016452429356284,110
2025-10-24 14:00:00,SAC Basic,0.3591423550359199,0.0043173134326934814,0.0,0.30474516786399736,0.0,0.0,-3.914335925497507,110
2025-10-24 15:00:00,SAC Basic,0.3579565880467704,0.004989504814147949,0.0,0.26521960155901214,0.0,0.0,-3.7957653166871355,110
2025-10-24 16:00:00,SAC Basic,0.3572677927372048,0.005621165037155151,0.0,0.2422597579068267,0.0,0.0,-3.726898013623455,110
2025-10-24 17:00:00,SAC Basic,0.3569385635413995,0.009016692638397217,0.0,0.23128545137998488,0.0,0.0,-3.6940706432687316,110
2025-10-24 18:00:00,SAC Basic,0.3570567713502291,0.004688054323196411,0.0,0.23522571167430473,0.0,0.0,-3.705814182492527,110
2025-10-24 19:00:00,SAC Basic,0.35664494098883065,0.006448924541473389,0.0,0.22149803296102136,0.0,0.0,-3.6646406860760763,110
2025-10-24 20:00:00,SAC Basic,0.35750090275699964,0.006818622350692749,0.0,0.25003009189998837,0.0,0.0,-3.7502303451250696,110
2025-10-24 21:00:00,SAC Basic,0.35797094469513063,0.006710737943649292,0.0,0.2656981565043552,0.0,0.0,-3.797229763116006,110
2025-10-24 22:00:00,SAC Basic,0.3574959838144085,0.0073778629302978516,0.0,0.24986612714694872,0.0,0.0,-3.7497526099493217,110
2025-10-24 23:00:00,SAC Basic,0.3567698346452803,0.007816404104232788,0.0,0.22566115484267757,0.0,0.0,-3.6771441780218517,110
2025-10-25 00:00:00,SAC Basic,0.3560900601033769,0.007569640874862671,0.0,0.2030020034458957,-1.4210854715202004e-14,0.0,-3.609159870787481,110
2025-10-25 01:00:00,SAC Basic,0.35550325339595096,0.007399767637252808,0.0,0.18344177986503213,0.0,0.0,-3.5504750336802164,110
2025-10-25 02:00:00,SAC Basic,0.3549774613281454,0.008177757263183594,0.0,0.16591537760484698,0.0,0.0,-3.4979174678560616,110
2025-10-25 03:00:00,SAC Basic,0.3562801311458676,0.008638650178909302,0.0,0.20933770486225287,0.0,0.0,-3.6281904965194944,110
2025-10-25 04:00:00,SAC Basic,0.3571392396128353,0.004207193851470947,0.0,0.23797465376117516,0.0,0.0,-3.7140524197238314,110
2025-10-25 05:00:00,SAC Basic,0.35699029446472313,0.005326271057128906,0.0,0.23300981549077165,0.0,0.0,-3.699147162665512,110
2025-10-25 06:00:00,SAC Basic,0.3564817309012674,0.005988627672195435,0.0,0.21605769670891278,0.0,0.0,-3.648299486246333,110
2025-10-25 07:00:00,SAC Basic,0.3559353828831907,0.010441690683364868,0.0,0.19784609610635756,0.0,0.0,-3.5937916527628495,110
2025-10-25 08:00:00,SAC Basic,0.3566565924433824,0.008249282836914062,0.0,0.22188641477941218,0.0,0.0,-3.6658461540734404,110
2025-10-25 09:00:00,SAC Basic,0.35687940905224885,0.008658617734909058,0.0,0.22931363507496202,0.0,0.0,-3.6881181709285626,110
2025-10-25 10:00:00,SAC Basic,0.355614400683626,0.005144178867340088,0.0,0.1871466894541996,0.0,0.0,-3.5615780963286205,110
2025-10-25 11:00:00,SAC Basic,0.3536900967508415,0.004712045192718506,0.0,0.1230032250280516,0.0,0.0,-3.369108237324751,110
2025-10-25 12:00:00,SAC Basic,0.3537341607738012,0.003191232681274414,0.0,0.12447202579337358,-1.4210854715202004e-14,0.0,-3.37349511015886,110
2025-10-25 13:00:00,SAC Basic,0.3643419277587361,0.008894354104995728,0.0,0.4780642586245364,0.0,0.0,-4.434427694169945,110
2025-10-25 14:00:00,SAC Basic,0.3630090374661826,0.005767494440078735,0.0,0.4336345822060892,0.0,0.0,-4.301050365103713,110
2025-10-25 15:00:00,SAC Basic,0.36196309032142254,0.012485533952713013,0.0,0.3987696773807514,0.0,0.0,-4.196625923216434,110
2025-10-25 16:00:00,SAC Basic,0.3616910410773166,0.010086596012115479,0.0,0.38970136924388754,1.4210854715202004e-14,0.0,-4.169329829031306,110
2025-10-25 17:00:00,SAC Basic,0.3603554807432361,0.012514591217041016,0.0,0.3451826914412024,0.0,0.0,-4.035822646099998,110
2025-10-25 18:00:00,SAC Basic,0.3595170794875503,0.008215606212615967,0.0,0.31723598291834354,0.0,0.0,-3.951915250729326,110
2025-10-25 19:00:00,SAC Basic,0.3584073332173002,0.006820559501647949,0.0,0.2802444405766735,0.0,0.0,-3.840883683387159,110
2025-10-25 20:00:00,SAC Basic,0.35866397067866074,0.008290261030197144,0.0,0.28879902262202534,0.0,0.0,-3.8665775701019625,110
2025-10-25 21:00:00,SAC Basic,0.35796555519081363,0.0069938600063323975,0.0,0.2655185063604549,0.0,0.0,-3.7967083602917278,110
2025-10-25 22:00:00,SAC Basic,0.35706457650402673,0.007692277431488037,0.0,0.23548588346755822,0.0,0.0,-3.7066184801255537,110
2025-10-25 23:00:00,SAC Basic,0.35773383413630266,0.009571760892868042,0.0,0.25779447121008875,0.0,0.0,-3.7735936436827373,110
2025-10-26 00:00:00,SAC Basic,0.35894247232577986,0.01167386770248413,0.0,0.29808241085932824,0.0,0.0,-3.894501731000131,110
2025-10-26 01:00:00,SAC Basic,0.35912089159830024,0.008555501699447632,0.0,0.3040297199433411,0.0,0.0,-3.9122914535240425,110
2025-10-26 02:00:00,SAC Basic,0.35807785734912995,0.00735163688659668,0.0,0.26926191163766616,0.0,0.0,-3.8079448062988543,110
2025-10-26 03:00:00,SAC Basic,0.357736049137067,0.006325840950012207,0.0,0.2578683045689005,0.0,0.0,-3.7737416884850683,110
2025-10-26 04:00:00,SAC Basic,0.35713049330563945,0.007016360759735107,0.0,0.23768311018798302,0.0,0.0,-3.7131965629772363,110
2025-10-26 05:00:00,SAC Basic,0.3565846830302322,0.006746351718902588,0.0,0.2194894343410738,0.0,0.0,-3.6586059301480076,110
2025-10-26 06:00:00,SAC Basic,0.3557716163387756,0.007967203855514526,0.0,0.19238721129251815,0.0,0.0,-3.5773331864760336,110
2025-10-26 07:00:00,SAC Basic,0.35497322684563937,0.011257380247116089,0.0,0.16577422818797916,0.0,0.0,-3.4975807339327942,110
2025-10-26 08:00:00,SAC Basic,0.35401920034013157,0.009265393018722534,0.0,0.13397334467105254,0.0,0.0,-3.402125261745815,110
2025-10-26 09:00:00,SAC Basic,0.35311485496594275,0.004524886608123779,0.0,0.10382849886475896,0.0,0.0,-3.311623399390543,110
2025-10-26 10:00:00,SAC Basic,0.3517174793941418,0.0035366415977478027,0.0,0.057249313138058255,0.0,0.0,-3.1718285546962353,110
2025-10-26 11:00:00,SAC Basic,0.3503333981698727,0.0038889050483703613,0.0,0.011113272329089341,0.0,0.0,-3.033421117722742,110
2025-10-26 12:00:00,SAC Basic,0.34878760068674636,0.0037607550621032715,0.0,0.0,0.0,0.0,-2.8788365652757397,110
2025-10-26 13:00:00,SAC Basic,0.3472408743645723,0.0034821033477783203,0.0,0.0,0.0,0.0,-2.7241598650413272,110
2025-10-26 14:00:00,SAC Basic,0.3458629286307072,0.0031162798404693604,0.0,0.0,0.0,0.0,-2.586358846902604,110
2025-10-26 15:00:00,SAC Basic,0.3447384485739445,0.0026559829711914062,0.0,0.0,0.0,0.0,-2.473902580022564,110
2025-10-26 16:00:00,SAC Basic,0.34399198462505887,0.005560815334320068,0.0,0.0,0.0,0.0,-2.399338727136204,110
2025-10-26 17:00:00,SAC Basic,0.3437060830595071,0.007729530334472656,0.0,0.0,0.0,0.0,-2.370784583707402,110
2025-10-26 18:00:00,SAC Basic,0.3436966627766664,0.005673915147781372,0.0,0.0,0.0,0.0,-2.3698003121214604,110
2025-10-26 19:00:00,SAC Basic,0.34362938025732587,0.005315244197845459,0.0,0.0,0.0,0.0,-2.363047917326042,110
2025-10-26 20:00:00,SAC Basic,0.3442300131219601,0.005689859390258789,0.0,0.0,0.0,0.0,-2.42311885553574,110
2025-10-26 21:00:00,SAC Basic,0.3458682374113774,0.008467286825180054,0.0,0.0,0.0,0.0,-2.5870208611485923,110
2025-10-26 22:00:00,SAC Basic,0.3456851067393994,0.004560798406600952,0.0,0.0,0.0,0.0,-2.5686409547922566,110
2025-10-26 23:00:00,SAC Basic,0.345445737064081,0.0046890974044799805,0.0,0.0,0.0,0.0,-2.544668771346167,110
2025-10-27 00:00:00,SAC Basic,0.3459885578594581,0.005346238613128662,0.0,0.0,0.0,0.0,-2.5989692821301573,110
2025-10-27 01:00:00,SAC Basic,0.3529328622185567,0.006553381681442261,0.0,0.09776207395188835,0.0,0.0,-3.2934293609199803,110
2025-10-27 02:00:00,SAC Basic,0.353178770048682,0.005231350660324097,0.0,0.10595900162273325,0.0,0.0,-3.3179948521916147,110
2025-10-27 03:00:00,SAC Basic,0.3539792049656487,0.00677064061164856,0.0,0.13264016552162447,0.0,0.0,-3.3980713022766174,110
2025-10-27 04:00:00,SAC Basic,0.35409649262805376,0.005736052989959717,0.0,0.13654975426845795,0.0,0.0,-3.409774329741392,110
2025-10-27 05:00:00,SAC Basic,0.35388050510030616,0.0070539116859436035,0.0,0.12935017001020555,0.0,0.0,-3.3882047668512945,110
2025-10-27 06:00:00,SAC Basic,0.35360699580712585,0.006180405616760254,0.0,0.12023319357086137,0.0,0.0,-3.360831923885611,110
2025-10-27 07:00:00,SAC Basic,0.3529454333118511,0.010212361812591553,0.0,0.09818111039503492,0.0,0.0,-3.2947878979833174,110
2025-10-27 08:00:00,SAC Basic,0.35233476048099205,0.007123500108718872,0.0,0.07782534936640247,0.0,0.0,-3.2336494067184174,110
2025-10-27 09:00:00,SAC Basic,0.3528451102416564,0.0029419362545013428,0.0,0.09483700805521239,0.0,0.0,-3.284611678529269,110
2025-10-27 10:00:00,SAC Basic,0.3541553597930236,0.0035868585109710693,0.0,0.13851199310078785,0.0,0.0,-3.4156141656951426,110
2025-10-27 11:00:00,SAC Basic,0.35298923442868857,0.0048035383224487305,0.0,0.09964114762295395,1.4210854715202004e-14,0.0,-3.29903168043342,110
2025-10-27 12:00:00,SAC Basic,0.35671704060246173,0.005743205547332764,0.0,0.22390135341539122,0.0,0.0,-3.671828321029368,110
2025-10-27 13:00:00,SAC Basic,0.3582940578294661,0.0045737624168396,0.0,0.2764685943155371,0.0,0.0,-3.8295089526262522,110
2025-10-27 14:00:00,SAC Basic,0.3586816291850388,0.003159046173095703,0.0,0.28938763950129387,0.0,0.0,-3.8682402465897807,110
2025-10-27 15:00:00,SAC Basic,0.35783181769671263,0.010117143392562866,0.0,0.26106058989042114,0.0,0.0,-3.783453693511308,110
2025-10-27 16:00:00,SAC Basic,0.3568712623174985,0.010875463485717773,0.0,0.22904207724995018,0.0,0.0,-3.687351324220495,110
2025-10-27 17:00:00,SAC Basic,0.35656187959933283,0.010914504528045654,0.0,0.21872931997775993,0.0,0.0,-3.656406640434266,110
2025-10-27 18:00:00,SAC Basic,0.35580096269986633,0.007590353488922119,0.0,0.19336542332887632,0.0,0.0,-3.580281318566802,110
2025-10-27 19:00:00,SAC Basic,0.3557414922040248,0.007541924715042114,0.0,0.19138307346749317,0.0,0.0,-3.574300543184518,110
2025-10-27 20:00:00,SAC Basic,0.3550880943745563,0.007583796977996826,0.0,0.16960314581854308,0.0,0.0,-3.5089615321178185,110
2025-10-27 21:00:00,SAC Basic,0.3557049885799458,0.00923454761505127,0.0,0.190166285998194,0.0,0.0,-3.5707000564532527,110
2025-10-27 22:00:00,SAC Basic,0.3565356790766094,0.00956311821937561,0.0,0.21785596922031233,0.0,0.0,-3.653762455731368,110
2025-10-27 23:00:00,SAC Basic,0.35577804965242504,0.007812827825546265,0.0,0.1926016550808356,0.0,0.0,-3.5779787247029526,110
2025-10-28 00:00:00,SAC Basic,0.3565992136198112,0.008822977542877197,0.0,0.21997378732703937,0.0,0.0,-3.660107923029148,110
2025-10-28 01:00:00,SAC Basic,0.37145114875774043,0.013118833303451538,0.0,0.7150382919246809,0.0,0.0,-5.145420210997718,110
2025-10-28 02:00:00,SAC Basic,0.36982391083890603,0.006625652313232422,0.0,0.6607970279635353,0.0,0.0,-4.98258852874677,110
2025-10-28 03:00:00,SAC Basic,0.36803696605313785,0.007648766040802002,0.0,0.6012322017712606,0.0,0.0,-4.8038598117718765,110
2025-10-28 04:00:00,SAC Basic,0.36735335475685266,0.007361769676208496,0.0,0.578445158561756,0.0,0.0,-4.735485581042435,110
2025-10-28 05:00:00,SAC Basic,0.3661120855827516,0.007188767194747925,0.0,0.5370695194250544,0.0,0.0,-4.611354063643869,110
2025-10-28 06:00:00,SAC Basic,0.36499424818689097,0.006957054138183594,0.0,0.49980827289636665,0.0,0.0,-4.499566276902426,110
2025-10-28 07:00:00,SAC Basic,0.36327090435923165,0.01036033034324646,0.0,0.4423634786410546,0.0,0.0,-4.327331675292079,110
2025-10-28 08:00:00,SAC Basic,0.36686182994193756,0.007338672876358032,0.0,0.5620609980645853,0.0,0.0,-4.686359984225952,110
2025-10-28 09:00:00,SAC Basic,0.3681400058251642,0.007119625806808472,0.0,0.6046668608388075,0.0,0.0,-4.814145165503252,110
2025-10-28 10:00:00,SAC Basic,0.36818728735357725,0.013927370309829712,0.0,0.6062429117859097,0.0,0.0,-4.819075360208952,110
2025-10-28 11:00:00,SAC Basic,0.3681587612346727,0.02423420548439026,0.0,0.605292041155758,0.0,0.0,-4.816463875928706,110
2025-10-28 12:00:00,SAC Basic,0.36795668703400364,0.007933974266052246,0.0,0.598556234466787,0.0,0.0,-4.795990385197867,110
2025-10-28 13:00:00,SAC Basic,0.368053239407807,0.00924035906791687,0.0,0.6017746469269,0.0,0.0,-4.805521811810075,110
2025-10-28 14:00:00,SAC Basic,0.3692694892308736,0.01769125461578369,0.0,0.6423163076957877,0.0,0.0,-4.9273872571351545,110
2025-10-28 15:00:00,SAC Basic,0.37063598193052033,0.01681387424468994,0.0,0.6878660643506778,0.0,0.0,-5.063943244340637,110
2025-10-28 16:00:00,SAC Basic,0.3704576421147819,0.021919459104537964,0.0,0.681921403826064,0.0,0.0,-5.046253656508878,110
2025-10-28 17:00:00,SAC Basic,0.3688014454882952,0.01485586166381836,0.0,0.62671484960984,0.0,0.0,-4.880512302037202,110
2025-10-28 18:00:00,SAC Basic,0.3668265958620559,0.010931640863418579,0.0,0.5608865287351975,0.0,0.0,-4.682917461230862,110
2025-10-28 19:00:00,SAC Basic,0.36534799872339824,0.0105208158493042,0.0,0.5115999574466074,0.0,0.0,-4.53501439690695,110
2025-10-28 20:00:00,SAC Basic,0.36371655990094887,0.01028701663017273,0.0,0.45721866336496364,0.0,0.0,-4.37186406841968,110
2025-10-28 21:00:00,SAC Basic,0.3622485743088509,0.010390132665634155,0.0,0.40828581029502975,0.0,0.0,-4.2250662646987545,110
2025-10-28 22:00:00,SAC Basic,0.3609477191062258,0.008667409420013428,0.0,0.36492397020752776,0.0,0.0,-4.094962486043436,110
2025-10-28 23:00:00,SAC Basic,0.3597991351075906,0.0075626373291015625,0.0,0.3266378369196858,0.0,0.0,-3.98007581122655,110
2025-10-29 00:00:00,SAC Basic,0.3587623745893185,0.006550997495651245,0.0,0.29207915297728276,0.0,0.0,-3.8763785952800944,110
2025-10-29 01:00:00,SAC Basic,0.3578329598318408,0.007774233818054199,0.0,0.2610986610613608,-1.4210854715202004e-14,0.0,-3.783463700223667,110
2025-10-29 02:00:00,SAC Basic,0.3569957172031585,0.007517784833908081,0.0,0.23319057343861688,0.0,0.0,-3.699724640502367,110
2025-10-29 03:00:00,SAC Basic,0.3562160479546234,0.007300823926925659,0.0,0.20720159848744688,0.0,0.0,-3.621752981549949,110
2025-10-29 04:00:00,SAC Basic,0.35577057418423697,0.009710341691970825,0.0,0.1923524728078988,0.0,0.0,-3.5772757204351855,110
2025-10-29 05:00:00,SAC Basic,0.358094855638246,0.01811295747756958,0.0,0.26982852127486584,0.0,0.0,-3.809931849132007,110
2025-10-29 06:00:00,SAC Basic,0.3580140094288888,0.01087978482246399,0.0,0.26713364762962616,0.0,0.0,-3.8016908703118775,110
2025-10-29 07:00:00,SAC Basic,0.3638774970658453,0.006629526615142822,0.0,0.4625832355281787,0.0,0.0,-4.387924799698908,110
2025-10-29 08:00:00,SAC Basic,0.3633781737997382,0.017142146825790405,0.0,0.44593912665793883,0.0,0.0,-4.338265349112441,110
2025-10-29 09:00:00,SAC Basic,0.3728830106906518,0.009718090295791626,0.0,0.7627670230217248,0.0,0.0,-5.288569671436392,110
2025-10-29 10:00:00,SAC Basic,0.3749162117194316,0.010500699281692505,0.0,0.830540390647721,0.0,0.0,-5.491839012018655,110
2025-10-29 11:00:00,SAC Basic,0.37347652199189496,0.0056438148021698,0.0,0.7825507330631652,0.0,0.0,-5.3478136443303335,110
2025-10-29 12:00:00,SAC Basic,0.371174749760395,0.004293322563171387,0.0,0.7058249920131658,0.0,0.0,-5.117574347413152,110
2025-10-29 13:00:00,SAC Basic,0.36955409436848674,0.0036065280437469482,0.0,0.6518031456162249,0.0,0.0,-4.955488435354742,110
2025-10-29 14:00:00,SAC Basic,0.370767489497783,0.002768188714981079,0.0,0.6922496499261002,0.0,0.0,-5.076812696945885,110
2025-10-29 15:00:00,SAC Basic,0.3703656193219324,0.002792924642562866,0.0,0.6788539773977477,0.0,0.0,-5.036618038045368,110
2025-10-29 16:00:00,SAC Basic,0.3717313715178997,0.010604709386825562,0.0,0.7243790505966559,0.0,0.0,-5.173427363825148,110
2025-10-29 17:00:00,SAC Basic,0.3702835665568618,0.00977739691734314,0.0,0.6761188852287248,0.0,0.0,-5.028560476749219,110
2025-10-29 18:00:00,SAC Basic,0.36810882711895476,0.010705739259719849,0.0,0.603627570631825,0.0,0.0,-4.8111061101040935,110
2025-10-29 19:00:00,SAC Basic,0.3662043739040628,0.011309832334518433,0.0,0.5401457968020935,0.0,0.0,-4.620669627983717,110
2025-10-29 20:00:00,SAC Basic,0.3644894276845397,0.01099705696105957,0.0,0.48298092281798977,0.0,0.0,-4.449165837346923,110
2025-10-29 21:00:00,SAC Basic,0.362944077977056,0.010364353656768799,0.0,0.4314692659018675,0.0,0.0,-4.2946214118117805,110
2025-10-29 22:00:00,SAC Basic,0.3615277006554437,0.010343492031097412,0.0,0.38425668851479033,0.0,0.0,-4.152977144001249,110
2025-10-29 23:00:00,SAC Basic,0.36053199265812325,0.011854022741317749,0.0,0.351066421937442,0.0,0.0,-4.053451451574253,110
2025-10-30 00:00:00,SAC Basic,0.35933395556248265,0.011220723390579224,0.0,0.3111318520827553,0.0,0.0,-3.9336263037095835,110
2025-10-30 01:00:00,SAC Basic,0.36073529086241457,0.0037436187267303467,0.0,0.3578430287471534,0.0,0.0,-4.07367872966263,110
2025-10-30 02:00:00,SAC Basic,0.3596052710554243,0.006669759750366211,0.0,0.3201757018474751,0.0,0.0,-3.9606897621476707,110
2025-10-30 03:00:00,SAC Basic,0.35859149110244876,0.007749050855636597,0.0,0.2863830367482919,0.0,0.0,-3.8593148841730405,110
2025-10-30 04:00:00,SAC Basic,0.35792560094887466,0.006919652223587036,0.0,0.2641866982958206,0.0,0.0,-3.792706781918257,110
2025-10-30 05:00:00,SAC Basic,0.35765146989894914,0.00680968165397644,0.0,0.25504899663163627,0.0,0.0,-3.7652842832336892,110
2025-10-30 06:00:00,SAC Basic,0.3573795340329975,0.006903707981109619,0.0,0.24598446776658422,0.0,0.0,-3.738092417722642,110
2025-10-30 07:00:00,SAC Basic,0.35646690209161375,0.009773820638656616,0.0,0.2155634030537911,0.0,0.0,-3.6469143867007223,110
2025-10-30 08:00:00,SAC Basic,0.3552331993416351,0.008329153060913086,0.0,0.1744399780545038,0.0,0.0,-3.5235009639005055,110
2025-10-30 09:00:00,SAC Basic,0.35380676969081776,0.004963427782058716,0.0,0.12689232302725914,0.0,0.0,-3.380809894890205,110
2025-10-30 10:00:00,SAC Basic,0.35236714701608374,0.0040180981159210205,0.0,0.07890490053612496,0.0,0.0,-3.236804516867353,110
2025-10-30 11:00:00,SAC Basic,0.3510212841189702,0.004283934831619263,0.0,0.034042803965674294,0.0,0.0,-3.10221674896081,110
2025-10-30 12:00:00,SAC Basic,0.3495343338390986,0.004414916038513184,0.0,0.0,0.0,0.0,-2.953522992042698,110
2025-10-30 13:00:00,SAC Basic,0.34869973567930856,0.004620552062988281,0.0,0.0,0.0,0.0,-2.8700680353323604,110
2025-10-30 14:00:00,SAC Basic,0.34782792072343827,0.00395551323890686,0.0,0.0,0.0,0.0,-2.782877832996845,110
2025-10-30 15:00:00,SAC Basic,0.34673528372017537,0.0037088990211486816,0.0,0.0,0.0,0.0,-2.6736050161401366,110
2025-10-30 16:00:00,SAC Basic,0.34602000965722396,0.006417781114578247,0.0,0.0,0.0,0.0,-2.6021564101656214,110
2025-10-30 17:00:00,SAC Basic,0.34579481048949556,0.008940249681472778,0.0,0.0,0.0,0.0,-2.5796850786288545,110
2025-10-30 18:00:00,SAC Basic,0.3457581774406433,0.006010085344314575,0.0,0.0,0.0,0.0,-2.575967247414587,110
2025-10-30 19:00:00,SAC Basic,0.34571733829069135,0.004748255014419556,0.0,0.0,0.0,0.0,-2.5718414124727214,110
2025-10-30 20:00:00,SAC Basic,0.3457050316529274,0.004808008670806885,0.0,0.0,0.0,0.0,-2.5705999230027166,110
2025-10-30 21:00:00,SAC Basic,0.34569316112248105,0.004938840866088867,0.0,0.0,0.0,0.0,-2.5694161973873797,110
2025-10-30 22:00:00,SAC Basic,0.34568162189451856,0.005038231611251831,0.0,0.0,0.0,0.0,-2.5682639479915323,110
2025-10-30 23:00:00,SAC Basic,0.34567153950341545,0.005475282669067383,0.0,0.0,0.0,0.0,-2.5672678265055042,110
2025-10-31 00:00:00,SAC Basic,0.34566209090836847,0.005665421485900879,0.0,0.0,0.0,0.0,-2.5663243006547325,110
2025-10-31 01:00:00,SAC Basic,0.34556510762580234,0.004905015230178833,0.0,0.0,0.0,0.0,-2.556616466947394,110
2025-10-31 02:00:00,SAC Basic,0.34546910285282134,0.005198568105697632,0.0,0.0,0.0,0.0,-2.5470171921730027,110
2025-10-31 03:00:00,SAC Basic,0.34537358385769523,0.005344301462173462,0.0,0.0,0.0,0.0,-2.5374667291323307,110
2025-10-31 04:00:00,SAC Basic,0.3452771707928975,0.005076080560684204,0.0,0.0,0.0,0.0,-2.527821283109977,110
2025-10-31 05:00:00,SAC Basic,0.34518069663333883,0.0050577521324157715,0.0,0.0,0.0,0.0,-2.518171001660814,110
2025-10-31 06:00:00,SAC Basic,0.3450580001382827,0.005691051483154297,0.0,0.0,0.0,0.0,-2.5059201678514396,110
2025-10-31 07:00:00,SAC Basic,0.34471453386274964,0.007460117340087891,0.0,0.0,0.0,0.0,-2.4716202792803346,110
2025-10-31 08:00:00,SAC Basic,0.34396491384792316,0.004613995552062988,0.0,0.0,0.0,0.0,-2.396612125921237,110
2025-10-31 09:00:00,SAC Basic,0.34278731906461707,0.003721565008163452,0.0,0.0,0.0,0.0,-2.2788152620673086,110
2025-10-31 10:00:00,SAC Basic,0.3412743178126016,0.005099624395370483,0.0,0.0,0.0,0.0,-2.127547554341938,110
2025-10-31 11:00:00,SAC Basic,0.33961645409154884,0.004140883684158325,0.0,0.0,0.0,0.0,-1.9617378142356783,110
2025-10-31 12:00:00,SAC Basic,0.33787541079568856,0.004687011241912842,0.0,0.0,0.0,0.0,-1.7876402810692709,110
2025-10-31 13:00:00,SAC Basic,0.3362196978089014,0.004786103963851929,0.0,0.0,0.0,0.0,-1.6220664938966332,110
2025-10-31 14:00:00,SAC Basic,0.33476156365998583,0.004559755325317383,0.0,0.0,0.0,0.0,-1.476249824591474,110
2025-10-31 15:00:00,SAC Basic,0.3335827946651776,0.0033693015575408936,0.0,0.0,0.0,0.0,-1.3583587570865876,110
2025-10-31 16:00:00,SAC Basic,0.333089512277921,0.005015283823013306,0.0,0.0,0.0,0.0,-1.309067993291214,110
2025-10-31 17:00:00,SAC Basic,0.3328203782610893,0.0042597949504852295,0.0,0.0,0.0,0.0,-1.2821305768966633,110
2025-10-31 18:00:00,SAC Basic,0.3327474432346026,0.0036194920539855957,0.0,0.0,0.0,0.0,-1.2748231163303032,110
2025-10-31 19:00:00,SAC Basic,0.3327307352905273,0.003487616777420044,0.0,0.0,0.0,0.0,-1.2731446001410458,110
2025-10-31 20:00:00,SAC Basic,0.3327142930838267,0.003567337989807129,0.0,0.0,0.0,0.0,-1.271501452354591,110
2025-10-31 21:00:00,SAC Basic,0.33267049307314556,0.003859996795654297,0.0,0.0,0.0,0.0,-1.2671294338385266,110
2025-10-31 22:00:00,SAC Basic,0.3326259907210668,0.003649294376373291,0.0,0.0,0.0,0.0,-1.2626741650183997,110
2025-10-31 23:00:00,SAC Basic,0.3325795984050433,0.0030823051929473877,0.0,0.0,0.0,0.0,-1.2580271565000234,110
2025-11-01 00:00:00,SAC Basic,0.332532171948433,0.0027720630168914795,0.0,0.0,0.0,0.0,-1.2532757385253963,110
2025-11-01 01:00:00,SAC Basic,0.33245850378481556,0.0033995509147644043,0.0,0.0,0.0,0.0,-1.2459246443788294,110
2025-11-01 02:00:00,SAC Basic,0.33238532984304436,0.0035478174686431885,0.0,0.0,0.0,0.0,-1.2386054233193473,110
2025-11-01 03:00:00,SAC Basic,0.332312865196546,0.003760606050491333,0.0,0.0,0.0,0.0,-1.2313638596614291,110
2025-11-01 04:00:00,SAC Basic,0.3322408590091071,0.003898143768310547,0.0,0.0,0.0,0.0,-1.224165239163254,110
2025-11-01 05:00:00,SAC Basic,0.33216836158005414,0.0037507712841033936,0.0,0.0,0.0,0.0,-1.2169126471559375,110
2025-11-01 06:00:00,SAC Basic,0.3320664882330896,0.0034379959106445312,0.0,0.0,0.0,0.0,-1.2067207109809066,110
2025-11-01 07:00:00,SAC Basic,0.3317982006022137,0.0045137107372283936,0.0,0.0,0.0,0.0,-1.179921091584381,110
2025-11-01 08:00:00,SAC Basic,0.33104048826344823,0.002186298370361328,0.0,0.0,0.0,0.0,-1.1041158264358983,110
2025-11-01 09:00:00,SAC Basic,0.32983285992431655,0.003211498260498047,0.0,0.0,0.0,0.0,-0.9833604743957652,110
2025-11-01 10:00:00,SAC Basic,0.32828373103825265,0.002761334180831909,0.0,0.0,0.0,0.0,-0.8284328321496773,110
2025-11-01 11:00:00,SAC Basic,0.32662550720580436,0.00403285026550293,0.0,0.0,0.0,0.0,-0.6626440927465915,110
2025-11-01 12:00:00,SAC Basic,0.32485702315616627,0.004954785108566284,0.0,0.0,0.0,0.0,-0.4858106306672282,110
2025-11-01 13:00:00,SAC Basic,0.32308065142520287,0.0025884807109832764,0.0,0.0,0.0,0.0,-0.30814057517848176,110
2025-11-01 14:00:00,SAC Basic,0.3215035706755322,0.002875775098800659,0.0,0.0,0.0,0.0,-0.15041745599907375,110
2025-11-01 15:00:00,SAC Basic,0.32029362421242413,0.0025160610675811768,0.0,0.0,0.0,0.0,-0.029416339604076434,110
2025-11-01 16:00:00,SAC Basic,0.3195352979458175,0.002002120018005371,0.0,0.0,0.0,0.0,0.9999548181891441,110
2025-11-01 17:00:00,SAC Basic,0.31926586391894046,0.00416979193687439,0.0,0.0,0.0,0.0,0.9998949274420738,110
2025-11-01 18:00:00,SAC Basic,0.31925123915720005,0.004112571477890015,0.0,0.0,0.0,0.0,0.9999171763658524,110
2025-11-01 19:00:00,SAC Basic,0.3192359547707242,0.003914684057235718,0.0,0.0,0.0,0.0,0.9999197274446487,110
2025-11-01 20:00:00,SAC Basic,0.3191868549137118,0.002270042896270752,0.0,0.0,0.0,0.0,0.9999381527304649,110
2025-11-01 21:00:00,SAC Basic,0.3191386809155149,0.0025478005409240723,0.0,0.0,0.0,0.0,0.999946266412735,110
2025-11-01 22:00:00,SAC Basic,0.3190902481338186,0.002470165491104126,0.0,0.0,0.0,0.0,0.9999498203396797,110
2025-11-01 23:00:00,SAC Basic,0.31904159531164195,0.002404153347015381,0.0,0.0,0.0,0.0,0.9999512568116189,110
2025-11-02 00:00:00,SAC Basic,0.318992820796649,0.002367645502090454,0.0,0.0,0.0,0.0,0.999952282011509,110
2025-11-02 01:00:00,SAC Basic,0.3189446363676392,0.0025446712970733643,0.0,0.0,0.0,0.0,0.9999473363161088,110
2025-11-02 02:00:00,SAC Basic,0.31889786605882675,0.002968907356262207,0.0,0.0,0.0,0.0,0.9999363794922829,110
2025-11-02 03:00:00,SAC Basic,0.3188508752128287,0.0029027462005615234,0.0,0.0,0.0,0.0,0.9999412834644318,110
2025-11-02 04:00:00,SAC Basic,0.3188038947976434,0.0029058754444122314,0.0,0.0,0.0,0.0,0.9999418511986732,110
2025-11-02 05:00:00,SAC Basic,0.3187568547778133,0.0028879940509796143,0.0,0.0,0.0,0.0,0.999942061305046,110
2025-11-02 06:00:00,SAC Basic,0.3186815246380174,0.0029009580612182617,0.0,0.0,0.0,0.0,0.9999418511986732,110
2025-11-02 07:00:00,SAC Basic,0.3183827454889619,0.003866255283355713,0.0,0.0,0.0,0.0,0.9999130219221115,110
2025-11-02 08:00:00,SAC Basic,0.3176819546267195,0.0022627413272857666,0.0,0.0,0.0,0.0,0.9999387100338936,110
2025-11-02 09:00:00,SAC Basic,0.31653012670008374,0.0029516220092773438,0.0,0.0,0.0,0.0,0.9999340787529946,110
2025-11-02 10:00:00,SAC Basic,0.31509540651448603,0.003083944320678711,0.0,0.0,0.0,0.0,0.9999369978904724,110
2025-11-02 11:00:00,SAC Basic,0.31349581779209806,0.004623383283615112,0.0,0.0,0.0,0.0,0.9998921379446983,110
2025-11-02 12:00:00,SAC Basic,0.3118694419802034,0.00508725643157959,0.0,0.0,0.0,0.0,0.9998936161398888,110
2025-11-02 13:00:00,SAC Basic,0.3101614934353832,0.006115436553955078,0.0,0.0,0.0,0.0,0.9998674094676971,110
2025-11-02 14:00:00,SAC Basic,0.3086506155988379,0.005736649036407471,0.0,0.0,0.0,0.0,0.9998814791440963,110
2025-11-02 15:00:00,SAC Basic,0.3074763775504434,0.004728585481643677,0.0,0.0,0.0,0.0,0.9998953476548195,110
2025-11-02 16:00:00,SAC Basic,0.30666424663353004,0.002860724925994873,0.0,0.0,0.0,0.0,0.9999241068959236,110
2025-11-02 17:00:00,SAC Basic,0.30624960095373827,0.0031062960624694824,0.0,0.0,0.0,0.0,0.9999354183673859,110
2025-11-02 18:00:00,SAC Basic,0.3060620709622705,0.0032410025596618652,0.0,0.0,0.0,0.0,0.9999338328838349,110
2025-11-02 19:00:00,SAC Basic,0.3059282989308043,0.0023683905601501465,0.0,0.0,0.0,0.0,0.9999439060688019,110
2025-11-02 20:00:00,SAC Basic,0.30579369442113274,0.0021186470985412598,0.0,0.0,0.0,0.0,0.999955129623413,110
2025-11-02 21:00:00,SAC Basic,0.3057144293813709,0.0017204880714416504,0.0,0.0,0.0,0.0,0.9999616086483001,110
2025-11-02 22:00:00,SAC Basic,0.30566352499373795,0.0017286837100982666,0.0,0.0,0.0,0.0,0.9999653443694114,110
2025-11-02 23:00:00,SAC Basic,0.30561268567450883,0.001748204231262207,0.0,0.0,0.0,0.0,0.9999648407101631,110
2025-11-03 00:00:00,SAC Basic,0.30553330639251114,0.0016862154006958008,0.0,0.0,0.0,0.0,0.9999656558036804,110
2025-11-03 01:00:00,SAC Basic,0.30539869890260735,0.002117753028869629,0.0,0.0,0.0,0.0,0.9999533295631409,110
2025-11-03 02:00:00,SAC Basic,0.30526519856898027,0.002449899911880493,0.0,0.0,0.0,0.0,0.9999476805329323,110
2025-11-03 03:00:00,SAC Basic,0.3054636512244546,0.002035796642303467,0.0,0.0,0.0,0.0,0.9999551430344582,110
2025-11-03 04:00:00,SAC Basic,0.3067179857521061,0.0018003582954406738,0.0,0.0,0.0,0.0,0.9999616384506226,110
2025-11-03 05:00:00,SAC Basic,0.30666671082226477,0.001617521047592163,0.0,0.0,0.0,0.0,0.9999658212065696,110
2025-11-03 06:00:00,SAC Basic,0.30661608011929237,0.0018107891082763672,0.0,0.0,0.0,0.0,0.9999618515372276,110
2025-11-03 07:00:00,SAC Basic,0.3062881460862164,0.0036197900772094727,0.0,0.0,0.0,0.0,0.9999095141887665,110
2025-11-03 08:00:00,SAC Basic,0.30570304095395445,0.0029684603214263916,0.0,0.0,0.0,0.0,0.9999341174960136,110
2025-11-03 09:00:00,SAC Basic,0.30506325112231614,0.0055630505084991455,0.0,0.0,0.0,0.0,0.9998627930879592,110
2025-11-03 10:00:00,SAC Basic,0.30397483561801947,0.004975348711013794,0.0,0.0,0.0,0.0,0.9998946160078049,110
2025-11-03 11:00:00,SAC Basic,0.30266628313589133,0.006934255361557007,0.0,0.0,0.0,0.0,0.9998417258262634,110
2025-11-03 12:00:00,SAC Basic,0.30252708355951347,0.008740127086639404,0.0,0.0,0.0,0.0,0.9998071387410165,110
2025-11-03 13:00:00,SAC Basic,0.3025408939104084,0.012143105268478394,0.0,0.0,0.0,0.0,0.999723108112812,110
2025-11-03 14:00:00,SAC Basic,0.30134582128969867,0.006978213787078857,0.0,0.0,0.0,0.0,0.9998087868094444,110
2025-11-03 15:00:00,SAC Basic,0.3003526523205443,0.008049309253692627,0.0,0.0,0.0,0.0,0.99982830286026,110
2025-11-03 16:00:00,SAC Basic,0.29969211621729575,0.005839169025421143,0.0,0.0,0.0,0.0,0.9998611152172088,110
2025-11-03 17:00:00,SAC Basic,0.29936070574331325,0.002576857805252075,0.0,0.0,0.0,0.0,0.9999158397316933,110
2025-11-03 18:00:00,SAC Basic,0.2992249454002384,0.0017718970775604248,0.0,0.0,0.0,0.0,0.9999565124511718,110
2025-11-03 19:00:00,SAC Basic,0.2990615724433267,0.0019881129264831543,0.0,0.0,0.0,0.0,0.9999580755829811,110
2025-11-03 20:00:00,SAC Basic,0.2989004873113636,0.0026744604110717773,0.0,0.0,0.0,0.0,0.9999396473169326,110
2025-11-03 21:00:00,SAC Basic,0.29876821731694575,0.0028190016746520996,0.0,0.0,0.0,0.0,0.9999421745538711,110
2025-11-03 22:00:00,SAC Basic,0.2986341621634169,0.002283453941345215,0.0,0.0,0.0,0.0,0.9999489754438401,110
2025-11-03 23:00:00,SAC Basic,0.29849925615358386,0.0020281970500946045,0.0,0.0,0.0,0.0,0.9999568834900856,110
2025-11-04 00:00:00,SAC Basic,0.29839350254424446,0.0022739171981811523,0.0,0.0,0.0,0.0,0.9999520644545555,110
2025-11-04 01:00:00,SAC Basic,0.29828839365847937,0.002467334270477295,0.0,0.0,0.0,0.0,0.9999487191438675,110
2025-11-04 02:00:00,SAC Basic,0.2981541134974165,0.002215951681137085,0.0,0.0,0.0,0.0,0.9999531671404838,110
2025-11-04 03:00:00,SAC Basic,0.2980191449027064,0.0020094215869903564,0.0,0.0,0.0,0.0,0.9999577462673187,110
2025-11-04 04:00:00,SAC Basic,0.2978833100538256,0.0017495453357696533,0.0,0.0,0.0,0.0,0.9999624103307724,110
2025-11-04 05:00:00,SAC Basic,0.2983876388975782,0.0022986531257629395,0.0,0.0,0.0,0.0,0.9999485358595848,110
2025-11-04 06:00:00,SAC Basic,0.2981958595916433,0.0019662082195281982,0.0,0.0,0.0,0.0,0.9999573513865471,110
2025-11-04 07:00:00,SAC Basic,0.29914935413964616,0.0050483644008636475,0.0,0.0,0.0,0.0,0.9998682111501694,110
2025-11-04 08:00:00,SAC Basic,0.29846919939883576,0.008453577756881714,0.0,0.0,0.0,0.0,0.9997968763113021,110
2025-11-04 09:00:00,SAC Basic,0.2974281062742872,0.010672062635421753,0.0,0.0,0.0,0.0,0.9997643738985063,110
2025-11-04 10:00:00,SAC Basic,0.3051404200407667,0.0026941299438476562,0.0,0.0,0.0,0.0,0.9998663380742073,110
2025-11-04 11:00:00,SAC Basic,0.306044403454145,0.002695024013519287,0.0,0.0,0.0,0.0,0.9999460905790328,110
2025-11-04 12:00:00,SAC Basic,0.3085858201707206,0.0024250149726867676,0.0,0.0,0.0,0.0,0.9999487996101379,110
2025-11-04 13:00:00,SAC Basic,0.3072964914453826,0.004201382398605347,0.0,0.0,0.0,0.0,0.9998982086777687,110
2025-11-04 14:00:00,SAC Basic,0.30609216321675004,0.004201531410217285,0.0,0.0,0.0,0.0,0.9999159678816795,110
2025-11-04 15:00:00,SAC Basic,0.3083610601469678,0.001669079065322876,0.0,0.0,0.0,0.0,0.9999412938952446,110
2025-11-04 16:00:00,SAC Basic,0.30816311187315004,0.0021155178546905518,0.0,0.0,0.0,0.0,0.9999532252550125,110
2025-11-04 17:00:00,SAC Basic,0.3078603501404128,0.002671480178833008,0.0,0.0,0.0,0.0,0.9999410107731819,110
2025-11-04 18:00:00,SAC Basic,0.30769702884085987,0.002003610134124756,0.0,0.0,0.0,0.0,0.9999532490968703,110
2025-11-04 19:00:00,SAC Basic,0.3076183980938595,0.001910775899887085,0.0,0.0,0.0,0.0,0.9999608561396599,110
2025-11-04 20:00:00,SAC Basic,0.30751072620836906,0.0016984343528747559,0.0,0.0,0.0,0.0,0.9999639078974724,110
2025-11-04 21:00:00,SAC Basic,0.3074029212058386,0.0016584992408752441,0.0,0.0,0.0,0.0,0.9999664306640625,110
2025-11-04 22:00:00,SAC Basic,0.30729506752618163,0.0016438961029052734,0.0,0.0,0.0,0.0,0.9999669760465623,110
2025-11-04 23:00:00,SAC Basic,0.311553710972945,0.003093034029006958,0.0,0.0,0.0,0.0,0.9999236479401589,110
2025-11-05 00:00:00,SAC Basic,0.3278686152780852,0.0029712915420532227,0.0,0.0,0.0,0.0,-0.7869221710642296,110
2025-11-05 01:00:00,SAC Basic,0.32979830782302233,0.004407763481140137,0.0,0.0,0.0,0.0,-0.979933302291246,110
2025-11-05 02:00:00,SAC Basic,0.3316951942027411,0.0030659139156341553,0.0,0.0,0.0,0.0,-1.1695941570480743,110
2025-11-05 03:00:00,SAC Basic,0.3319547709589006,0.0033730268478393555,0.0,0.0,0.0,0.0,-1.1955476275563361,110
2025-11-05 04:00:00,SAC Basic,0.33221437106021257,0.003380030393600464,0.0,0.0,0.0,0.0,-1.2215047766645855,110
2025-11-05 05:00:00,SAC Basic,0.33244568700202315,0.003394782543182373,0.0,0.0,0.0,0.0,-1.244636743374674,110
2025-11-05 06:00:00,SAC Basic,0.33262106196371716,0.0036124885082244873,0.0,0.0,0.0,0.0,-1.2621806232015298,110
2025-11-05 07:00:00,SAC Basic,0.3327453611744245,0.0052897632122039795,0.0,0.0,0.0,0.0,-1.2746586854537323,110
2025-11-05 08:00:00,SAC Basic,0.3345297541495959,0.003317892551422119,0.0,0.0,0.0,0.0,-1.453061491517226,110
2025-11-05 09:00:00,SAC Basic,0.33756802021312715,0.004979819059371948,0.0,0.0,0.0,0.0,-1.7569182369589813,110
2025-11-05 10:00:00,SAC Basic,0.34052143826850256,0.005025416612625122,0.0,0.0,0.0,0.0,-2.052244791158041,110
2025-11-05 11:00:00,SAC Basic,0.34235558140087125,0.0032429397106170654,0.0,0.0,0.0,0.0,-2.235640823650356,110
2025-11-05 12:00:00,SAC Basic,0.3471655282589594,0.004484057426452637,0.0,0.0,0.0,0.0,-2.7166549182216277,110
2025-11-05 13:00:00,SAC Basic,0.34799957801071796,0.003214925527572632,0.0,0.0,0.0,0.0,-2.8000347909013352,110
2025-11-05 14:00:00,SAC Basic,0.34761076536226265,0.004356205463409424,0.0,0.0,0.0,0.0,-2.761175073134891,110
2025-11-05 15:00:00,SAC Basic,0.34793119364070885,0.006628483533859253,0.0,0.0,0.0,0.0,-2.7932746565222657,110
2025-11-05 16:00:00,SAC Basic,0.35000905012984274,0.008658617734909058,0.0,0.0003016709947573304,0.0,0.0,-3.0010984866809816,110
2025-11-05 17:00:00,SAC Basic,0.35374930973225116,0.0065548717975616455,0.0,0.12497699107503735,0.0,0.0,-3.3750831081204407,110
2025-11-05 18:00:00,SAC Basic,0.35774706627476166,0.00856250524520874,0.0,0.258235542492055,0.0,0.0,-3.7748979539155463,110
2025-11-05 19:00:00,SAC Basic,0.36049199300409507,0.007211118936538696,0.0,0.34973310013650266,0.0,0.0,-4.049357036651323,110
2025-11-05 20:00:00,SAC Basic,0.36383614609063697,0.006950795650482178,0.0,0.4612048696879001,0.0,0.0,-4.383756228209566,110
2025-11-05 21:00:00,SAC Basic,0.3650293026605341,0.009923726320266724,0.0,0.5009767553511367,0.0,0.0,-4.5031584698865155,110
2025-11-05 22:00:00,SAC Basic,0.37059641301695345,0.0076802074909210205,0.0,0.6865471005651159,0.0,0.0,-5.059817341033456,110
2025-11-05 23:00:00,SAC Basic,0.3765093559659467,0.008528083562850952,0.0,0.883645198864889,0.0,0.0,-5.651114637026645,110
2025-11-06 00:00:00,SAC Basic,0.3784983918487679,0.0061571598052978516,0.0,0.9499463949589299,0.0,0.0,-5.849986037310469,110
2025-11-06 01:00:00,SAC Basic,0.38183559202489115,0.004846453666687012,0.0,1.0611864008297047,0.0,0.0,-6.1836692386238346,110
2025-11-06 02:00:00,SAC Basic,0.383939246526988,0.004904568195343018,0.0,1.1313082175662685,0.0,0.0,-6.394023325207995,110
2025-11-06 03:00:00,SAC Basic,0.384962403556256,0.006360560655593872,0.0,1.1654134518752002,0.0,0.0,-6.496382126763313,110
2025-11-06 04:00:00,SAC Basic,0.38765333130766316,0.004889369010925293,0.0,1.2551110435887722,0.0,0.0,-6.76544563006298,110
2025-11-06 05:00:00,SAC Basic,0.390075625388706,0.005042403936386108,0.0,1.335854179623533,0.0,0.0,-7.007664917298581,110
2025-11-06 06:00:00,SAC Basic,0.3889192361281671,0.009891092777252197,0.0,1.2973078709389043,0.0,0.0,-6.8921699215606615,110
2025-11-06 07:00:00,SAC Basic,0.386355357760521,0.010681748390197754,0.0,1.2118452586840336,0.0,0.0,-6.635757317576032,110
2025-11-06 08:00:00,SAC Basic,0.3823868972536912,0.016525089740753174,0.0,1.0795632417897054,0.0,0.0,-6.239078660577438,110
2025-11-06 09:00:00,SAC Basic,0.37869606232973846,0.019284933805465698,0.0,0.9565354109912818,0.0,0.0,-5.870019530090603,110
2025-11-06 10:00:00,SAC Basic,0.3752060938323698,0.014212578535079956,0.0,0.8402031277456615,0.0,0.0,-5.520944358360385,110
2025-11-06 11:00:00,SAC Basic,0.3717858285236206,0.006114691495895386,0.0,0.7261942841206847,0.0,0.0,-5.178786125062366,110
2025-11-06 12:00:00,SAC Basic,0.3688168209812503,0.008525103330612183,0.0,0.6272273660416773,0.0,0.0,-4.881876704309988,110
2025-11-06 13:00:00,SAC Basic,0.3660142879030819,0.007549673318862915,0.0,0.533809596769396,0.0,0.0,-4.601589538074682,110
2025-11-06 14:00:00,SAC Basic,0.36373365719846323,0.011599361896514893,0.0,0.45778857328210737,0.0,0.0,-4.373638203970029,110
2025-11-06 15:00:00,SAC Basic,0.3616230098736117,0.00923946499824524,0.0,0.3874336624537222,0.0,0.0,-4.162509375630115,110
2025-11-06 16:00:00,SAC Basic,0.3599581566947546,0.010982602834701538,0.0,0.3319385564918207,0.0,0.0,-3.99605275291052,110
2025-11-06 17:00:00,SAC Basic,0.358644636281417,0.013098418712615967,0.0,0.28815454271390023,0.0,0.0,-3.8647467546747327,110
2025-11-06 18:00:00,SAC Basic,0.35757563284333305,0.008320063352584839,0.0,0.2525210947777694,0.0,0.0,-3.7577774691539556,110
2025-11-06 19:00:00,SAC Basic,0.35701320293273703,0.007544457912445068,0.0,0.2337734310912353,0.0,0.0,-3.7014789384863525,110
2025-11-06 20:00:00,SAC Basic,0.356205054871376,0.006890743970870972,0.0,0.20683516237919833,0.0,0.0,-3.6206498391564312,110
2025-11-06 21:00:00,SAC Basic,0.35550294668972693,0.006799101829528809,0.0,0.18343155632423136,0.0,0.0,-3.5504315674306963,110
2025-11-06 22:00:00,SAC Basic,0.35479845864588205,0.008102208375930786,0.0,0.15994862152940073,0.0,0.0,-3.480020939821187,110
2025-11-06 23:00:00,SAC Basic,0.35539071199918554,0.008366405963897705,0.0,0.17969039997285138,0.0,0.0,-3.5392411700137107,110
2025-11-07 00:00:00,SAC Basic,0.35477088925908296,0.007082819938659668,0.0,0.15902964196943117,0.0,0.0,-3.477243418167321,110
2025-11-07 01:00:00,SAC Basic,0.35448768424454585,0.007127970457077026,0.0,0.14958947481819537,0.0,0.0,-3.4489114353689105,110
2025-11-07 02:00:00,SAC Basic,0.35511343528458406,0.009173154830932617,0.0,0.17044784281946904,0.0,0.0,-3.5115474433987623,110
2025-11-07 03:00:00,SAC Basic,0.35658060950019,0.010505914688110352,0.0,0.2193536500063331,0.0,0.0,-3.6582843959113327,110
2025-11-07 04:00:00,SAC Basic,0.36545119591740993,0.010215789079666138,0.0,0.5150398639136654,0.0,0.0,-4.54532680877867,110
2025-11-07 05:00:00,SAC Basic,0.3662231083867689,0.006344020366668701,0.0,0.5407702795589643,0.0,0.0,-4.622476436771354,110
2025-11-07 06:00:00,SAC Basic,0.36476819261840643,0.006798356771469116,0.0,0.49227308728021346,0.0,0.0,-4.47695977234012,110
2025-11-07 07:00:00,SAC Basic,0.3672838911633342,0.007339268922805786,0.0,0.576129705444474,0.0,0.0,-4.72854131083339,110
2025-11-07 08:00:00,SAC Basic,0.3917511217977389,0.025373250246047974,0.0,1.3917040599246306,0.0,0.0,-7.175799984592043,110
2025-11-07 09:00:00,SAC Basic,0.38816468450824476,0.015224963426589966,0.0,1.272156150274826,0.0,0.0,-6.816874432961201,110
2025-11-07 10:00:00,SAC Basic,0.38458130749952846,0.013697147369384766,0.0,1.1527102499842827,0.0,0.0,-6.458419971060805,110
2025-11-07 11:00:00,SAC Basic,0.3805240430673246,0.012788772583007812,0.0,1.0174681022441547,0.0,0.0,-6.052669165931986,110
2025-11-07 12:00:00,SAC Basic,0.37660115567329094,0.007338970899581909,0.0,0.8867051891096978,0.0,0.0,-5.660316844763919,110
2025-11-07 13:00:00,SAC Basic,0.37273451603879837,0.005825310945510864,0.0,0.7578172012932797,0.0,0.0,-5.273583246698288,110
2025-11-07 14:00:00,SAC Basic,0.3704818731090156,0.004436224699020386,0.0,0.6827291036338536,0.0,0.0,-5.048289926258003,110
2025-11-07 15:00:00,SAC Basic,0.3675581910032685,0.0056684017181396484,0.0,0.5852730334422817,0.0,0.0,-4.755944790131401,110
2025-11-07 16:00:00,SAC Basic,0.36524822783732314,0.010785311460494995,0.0,0.5082742612441038,0.0,0.0,-4.5250896590589464,110
2025-11-07 17:00:00,SAC Basic,0.36350863282439616,0.013409256935119629,0.0,0.45028776081320676,0.0,0.0,-4.351157707033064,110
2025-11-07 18:00:00,SAC Basic,0.3621323363582865,0.008522272109985352,0.0,0.4044112119428846,0.0,0.0,-4.213452951119102,110
2025-11-07 19:00:00,SAC Basic,0.36092430731015585,0.010234862565994263,0.0,0.3641435770051956,0.0,0.0,-4.0926525541714645,110
2025-11-07 20:00:00,SAC Basic,0.35983673650297987,0.010119974613189697,0.0,0.32789121676599536,0.0,0.0,-3.9838771986697785,110
2025-11-07 21:00:00,SAC Basic,0.3588297343090189,0.0092238187789917,0.0,0.29432447696729586,0.0,0.0,-3.883166868835809,110
2025-11-07 22:00:00,SAC Basic,0.35794565691021196,0.008132010698318481,0.0,0.2648552303403989,0.0,0.0,-3.794739249315968,110
2025-11-07 23:00:00,SAC Basic,0.35715149554682174,0.008634775876998901,0.0,0.2383831848940588,0.0,0.0,-3.7153272778515003,110
2025-11-08 00:00:00,SAC Basic,0.35643670606332184,0.008620023727416992,0.0,0.21455686877739455,0.0,0.0,-3.6438431543282275,110
2025-11-08 01:00:00,SAC Basic,0.35579351265129894,0.008659064769744873,0.0,0.19311708837662991,0.0,0.0,-3.579524836835711,110
2025-11-08 02:00:00,SAC Basic,0.35523945953456265,0.008432716131210327,0.0,0.17464865115208852,0.0,0.0,-3.524116871265274,110
2025-11-08 03:00:00,SAC Basic,0.35474043845541214,0.0083082914352417,0.0,0.1580146151804044,0.0,0.0,-3.4742112556168783,110
2025-11-08 04:00:00,SAC Basic,0.35429106020397183,0.008221864700317383,0.0,0.14303534013239558,0.0,0.0,-3.429271321958538,110
2025-11-08 05:00:00,SAC Basic,0.35388638821363066,0.008144676685333252,0.0,0.1295462737876889,-1.4210854715202004e-14,0.0,-3.3888024867769224,110
2025-11-08 06:00:00,SAC Basic,0.353497477356192,0.008409321308135986,0.0,0.11658257853973453,0.0,0.0,-3.3499185684915926,110
2025-11-08 07:00:00,SAC Basic,0.35289720598852325,0.009992122650146484,0.0,0.09657353295077514,0.0,0.0,-3.2899362693187477,110
2025-11-08 08:00:00,SAC Basic,0.3520415592739197,0.006857961416244507,0.0,0.06805197579732294,0.0,0.0,-3.2043244282326357,110
2025-11-08 09:00:00,SAC Basic,0.3508017787930857,0.0032918155193328857,0.0,0.02672595976952437,0.0,0.0,-3.080279377077926,110
2025-11-08 10:00:00,SAC Basic,0.34934248434041854,0.0042116641998291016,0.0,0.0,0.0,0.0,-2.9343418658126548,110
2025-11-08 11:00:00,SAC Basic,0.34765635434125775,0.0041610002517700195,0.0,0.0,0.0,0.0,-2.7657191607702902,110
2025-11-08 12:00:00,SAC Basic,0.345885590413957,0.004270821809768677,0.0,0.0,0.0,0.0,-2.5886455560474744,110
2025-11-08 13:00:00,SAC Basic,0.34414200249647015,0.003923624753952026,0.0,0.0,0.0,0.0,-2.414282194112651,110
2025-11-08 14:00:00,SAC Basic,0.3426241350219142,0.0036397576332092285,0.0,0.0,0.0,0.0,-2.2624891360152897,110
2025-11-08 15:00:00,SAC Basic,0.34144557712688955,0.003432631492614746,0.0,0.0,0.0,0.0,-2.144628436580213,110
2025-11-08 16:00:00,SAC Basic,0.3406936797179273,0.003930777311325073,0.0,0.0,0.0,0.0,-2.0694515687971435,110
2025-11-08 17:00:00,SAC Basic,0.3403734113388748,0.0059194862842559814,0.0,0.0,0.0,0.0,-2.037479410702891,110
2025-11-08 18:00:00,SAC Basic,0.34033171835238646,0.0044921040534973145,0.0,0.0,0.0,0.0,-2.0332759511420226,110
2025-11-08 19:00:00,SAC Basic,0.3403174392975858,0.004216283559799194,0.0,0.0,0.0,0.0,-2.031831013634711,110
2025-11-08 20:00:00,SAC Basic,0.34027466746702706,0.004168450832366943,0.0,0.0,0.0,0.0,-2.027550594046627,110
2025-11-08 21:00:00,SAC Basic,0.34028751077786,0.0038529932498931885,0.0,0.0,0.0,0.0,-2.028831292226823,110
2025-11-08 22:00:00,SAC Basic,0.34030194255247626,0.0043295323848724365,0.0,0.0,0.0,0.0,-2.030285611286672,110
2025-11-08 23:00:00,SAC Basic,0.34031628492012533,0.004302710294723511,0.0,0.0,0.0,0.0,-2.0317148144393284,110
2025-11-09 00:00:00,SAC Basic,0.3403312501563123,0.00448957085609436,0.0,0.0,0.0,0.0,-2.033216675653968,110
2025-11-09 01:00:00,SAC Basic,0.3403173063776385,0.004316866397857666,0.0,0.0,0.0,0.0,-2.0318187021363907,110
2025-11-09 02:00:00,SAC Basic,0.34030443051551695,0.004637241363525391,0.0,0.0,0.0,0.0,-2.0305390001286217,110
2025-11-09 03:00:00,SAC Basic,0.3402633335754764,0.004670917987823486,0.0,0.0,0.0,0.0,-2.0264271126736375,110
2025-11-09 04:00:00,SAC Basic,0.3402223940910391,0.004718154668807983,0.0,0.0,0.0,0.0,-2.0223342445640955,110
2025-11-09 05:00:00,SAC Basic,0.34015266629114665,0.004581660032272339,0.0,0.0,0.0,0.0,-2.0153596272616756,110
2025-11-09 06:00:00,SAC Basic,0.34008294047807575,0.004582256078720093,0.0,0.0,0.0,0.0,-2.008385698889613,110
2025-11-09 07:00:00,SAC Basic,0.339856783662388,0.008652955293655396,0.0,0.0,0.0,0.0,-1.985892132336819,110
2025-11-09 08:00:00,SAC Basic,0.33919753998652025,0.006226897239685059,0.0,0.0,0.0,0.0,-1.9199027971773572,110
2025-11-09 09:00:00,SAC Basic,0.3381306812641514,0.002942383289337158,0.0,0.0,0.0,0.0,-1.8131598192204308,110
2025-11-09 10:00:00,SAC Basic,0.3367260656632476,0.0036153197288513184,0.0,0.0,0.0,0.0,-1.6726856020837302,110
2025-11-09 11:00:00,SAC Basic,0.3350381847776465,0.0036357343196868896,0.0,0.0,0.0,0.0,-1.5038913965969534,110
2025-11-09 12:00:00,SAC Basic,0.3333491912720097,0.003301948308944702,0.0,0.0,0.0,0.0,-1.3349885040272538,110
2025-11-09 13:00:00,SAC Basic,0.33165969212030294,0.003150254487991333,0.0,0.0,0.0,0.0,-1.1660337340582627,110
2025-11-09 14:00:00,SAC Basic,0.33022464410915897,0.0029855966567993164,0.0,0.0,0.0,0.0,-1.0225257694273444,110
2025-11-09 15:00:00,SAC Basic,0.3291820661009841,0.001726597547531128,0.0,0.0,0.0,0.0,-0.9182537320404531,110
2025-11-09 16:00:00,SAC Basic,0.32851403223012815,0.003589838743209839,0.0,0.0,0.0,0.0,-0.8514936521996354,110
2025-11-09 17:00:00,SAC Basic,0.3281916553367667,0.0052869319915771484,0.0,0.0,0.0,0.0,-0.8192882432489842,110
2025-11-09 18:00:00,SAC Basic,0.3280598184694343,0.002948939800262451,0.0,0.0,0.0,0.0,-0.806064205661345,110
2025-11-09 19:00:00,SAC Basic,0.32798539183671205,0.0031720101833343506,0.0,0.0,0.0,0.0,-0.7986048545787016,110
2025-11-09 20:00:00,SAC Basic,0.3279385082790745,0.0029349327087402344,0.0,0.0,0.0,0.0,-0.7939118973363705,110
2025-11-09 21:00:00,SAC Basic,0.32792223097855777,0.003616809844970703,0.0,0.0,0.0,0.0,-0.7923022528240382,110
2025-11-09 22:00:00,SAC Basic,0.3278744041774167,0.0026519596576690674,0.0,0.0,0.0,0.0,-0.7875031054366958,110
2025-11-09 23:00:00,SAC Basic,0.3278264427691195,0.0026115775108337402,0.0,0.0,0.0,0.0,-0.782696912283633,110
2025-11-10 00:00:00,SAC Basic,0.32780781158183947,0.0029106438159942627,0.0,0.0,0.0,0.0,-0.7808423617233179,110
2025-11-10 01:00:00,SAC Basic,0.3278183382588122,0.003158003091812134,0.0,0.0,0.0,0.0,-0.7818994595358119,110
2025-11-10 02:00:00,SAC Basic,0.3281619042195373,0.0030697882175445557,0.0,0.0,0.0,0.0,-0.8162526998668211,110
2025-11-10 03:00:00,SAC Basic,0.3281738440232966,0.0035819411277770996,0.0,0.0,0.0,0.0,-0.8174611626813152,110
2025-11-10 04:00:00,SAC Basic,0.3281570287908607,0.003455430269241333,0.0,0.0,0.0,0.0,-0.8157732528000422,110
2025-11-10 05:00:00,SAC Basic,0.32813993093306754,0.00337064266204834,0.0,0.0,0.0,0.0,-0.8140613540360658,110
2025-11-10 06:00:00,SAC Basic,0.3280951683073733,0.0035712122917175293,0.0,0.0,0.0,0.0,-0.809590260679459,110
2025-11-10 07:00:00,SAC Basic,0.32783053593133826,0.005610287189483643,0.0,0.0,0.0,0.0,-0.7831861896265929,110
2025-11-10 08:00:00,SAC Basic,0.327165365070253,0.004448741674423218,0.0,0.0,0.0,0.0,-0.7166370973139395,110
2025-11-10 09:00:00,SAC Basic,0.3261239354449008,0.0020711123943328857,0.0,0.0,0.0,0.0,-0.6124587430307683,110
2025-11-10 10:00:00,SAC Basic,0.3246599436495199,0.0028024613857269287,0.0,0.0,0.0,0.0,-0.4660577276696167,110
2025-11-10 11:00:00,SAC Basic,0.3229442837537819,0.0038020312786102295,0.0,0.0,0.0,0.0,-0.2945144117026928,110
2025-11-10 12:00:00,SAC Basic,0.3211740607386325,0.004433095455169678,0.0,0.0,0.0,0.0,-0.11750104641412107,110
2025-11-10 13:00:00,SAC Basic,0.3194311458569263,0.004125535488128662,0.0,0.0,0.0,0.0,0.999914413690567,110
2025-11-10 14:00:00,SAC Basic,0.31799859975074674,0.003736168146133423,0.0,0.0,0.0,0.0,0.9999213829636574,110
2025-11-10 15:00:00,SAC Basic,0.3168185969397917,0.0029991567134857178,0.0,0.0,0.0,0.0,0.9999326467514038,110
2025-11-10 16:00:00,SAC Basic,0.31606228282665155,0.0026057660579681396,0.0,0.0,0.0,0.0,0.9999439507722855,110
2025-11-10 17:00:00,SAC Basic,0.31576298015013277,0.0037091970443725586,0.0,0.0,0.0,0.0,0.9999147817492485,110
2025-11-10 18:00:00,SAC Basic,0.31568799472386583,0.0030043721199035645,0.0,0.0,0.0,0.0,0.9999328643083573,110
2025-11-10 19:00:00,SAC Basic,0.3156708059689894,0.0033433735370635986,0.0,0.0,0.0,0.0,0.9999297425150871,110
2025-11-10 20:00:00,SAC Basic,0.31632909493739353,0.005986690521240234,0.0,0.0,0.0,0.0,0.9998538330197334,110
2025-11-10 21:00:00,SAC Basic,0.3163163725572323,0.00468328595161438,0.0,0.0,0.0,0.0,0.9998933002352715,110
2025-11-10 22:00:00,SAC Basic,0.3162996343141292,0.003478527069091797,0.0,0.0,0.0,0.0,0.999918381869793,110
2025-11-10 23:00:00,SAC Basic,0.31628251013095127,0.0033627450466156006,0.0,0.0,0.0,0.0,0.9999315872788429,110
2025-11-11 00:00:00,SAC Basic,0.31626638780251093,0.003663301467895508,0.0,0.0,0.0,0.0,0.9999237284064293,110
2025-11-11 01:00:00,SAC Basic,0.31628128051971344,0.004467815160751343,0.0,0.0,0.0,0.0,0.9999025985598564,110
2025-11-11 02:00:00,SAC Basic,0.31626725478465306,0.004292279481887817,0.0,0.0,0.0,0.0,0.9999123990535737,110
2025-11-11 03:00:00,SAC Basic,0.3162506650564566,0.0035230815410614014,0.0,0.0,0.0,0.0,0.9999218463897704,110
2025-11-11 04:00:00,SAC Basic,0.3162330332403874,0.0032104551792144775,0.0,0.0,0.0,0.0,0.9999326646327973,110
2025-11-11 05:00:00,SAC Basic,0.31621412240798225,0.0028267502784729004,0.0,0.0,0.0,0.0,0.9999396279454231,110
2025-11-11 06:00:00,SAC Basic,0.31613578322703595,0.0019982457160949707,0.0,0.0,0.0,0.0,0.9999517500400543,110
2025-11-11 07:00:00,SAC Basic,0.31586313303286784,0.003204941749572754,0.0,0.0,0.0,0.0,0.9999238342046738,110
2025-11-11 08:00:00,SAC Basic,0.31513779820258375,0.0033995509147644043,0.0,0.0,0.0,0.0,0.9999300628900528,110
2025-11-11 09:00:00,SAC Basic,0.3139879198445375,0.0035364925861358643,0.0,0.0,0.0,0.0,0.9999279007315636,110
2025-11-11 10:00:00,SAC Basic,0.31267329215899065,0.0051116943359375,0.0,0.0,0.0,0.0,0.9998820140957833,110
2025-11-11 11:00:00,SAC Basic,0.3111092995959019,0.006802231073379517,0.0,0.0,0.0,0.0,0.999847050011158,110
2025-11-11 12:00:00,SAC Basic,0.30946140971874153,0.007133036851882935,0.0,0.0,0.0,0.0,0.9998540312051774,110
2025-11-11 13:00:00,SAC Basic,0.30778194202875053,0.006159693002700806,0.0,0.0,0.0,0.0,0.9998670727014541,110
2025-11-11 14:00:00,SAC Basic,0.3063379952754076,0.008815973997116089,0.0,0.0,0.0,0.0,0.9997971177101135,110
2025-11-11 15:00:00,SAC Basic,0.30528555789684214,0.007268786430358887,0.0,0.0,0.0,0.0,0.9998391523957253,110
2025-11-11 16:00:00,SAC Basic,0.30464558715159656,0.0035087764263153076,0.0,0.0,0.0,0.0,0.9998922243714333,110
2025-11-11 17:00:00,SAC Basic,0.30437322554325025,0.003291517496109009,0.0,0.0,0.0,0.0,0.9999319970607758,110
2025-11-11 18:00:00,SAC Basic,0.3042374324176208,0.0017620623111724854,0.0,0.0,0.0,0.0,0.9999494642019272,110
2025-11-11 19:00:00,SAC Basic,0.3041616641836858,0.0027695298194885254,0.0,0.0,0.0,0.0,0.999934534728527,110
2025-11-11 20:00:00,SAC Basic,0.3040555718212819,0.0021722912788391113,0.0,0.0,0.0,0.0,0.9999505817890167,110
2025-11-11 21:00:00,SAC Basic,0.30394975215012787,0.002254098653793335,0.0,0.0,0.0,0.0,0.9999540999531746,110
2025-11-11 22:00:00,SAC Basic,0.303844158976624,0.0023220479488372803,0.0,0.0,0.0,0.0,0.9999528795480728,110
2025-11-11 23:00:00,SAC Basic,0.30376621517315466,0.002116858959197998,0.0,0.0,0.0,0.0,0.9999556109309196,110
2025-11-12 00:00:00,SAC Basic,0.3036872208378212,0.0018016993999481201,0.0,0.0,0.0,0.0,0.9999608144164085,110
2025-11-12 01:00:00,SAC Basic,0.3035815124286707,0.0022874772548675537,0.0,0.0,0.0,0.0,0.9999493926763534,110
2025-11-12 02:00:00,SAC Basic,0.30347636927023486,0.00245705246925354,0.0,0.0,0.0,0.0,0.9999491631984712,110
2025-11-12 03:00:00,SAC Basic,0.3034019019076721,0.0031597912311553955,0.0,0.0,0.0,0.0,0.9999297767877579,110
2025-11-12 04:00:00,SAC Basic,0.30332598764235735,0.0027257204055786133,0.0,0.0,0.0,0.0,0.9999411448836327,110
2025-11-12 05:00:00,SAC Basic,0.30325007486715877,0.0027261674404144287,0.0,0.0,0.0,0.0,0.9999454721808434,110
2025-11-12 06:00:00,SAC Basic,0.3031453419873611,0.0025801360607147217,0.0,0.0,0.0,0.0,0.9999469369649887,110
2025-11-12 07:00:00,SAC Basic,0.30281943103526987,0.004226714372634888,0.0,0.0,0.0,0.0,0.9998989999294281,110
2025-11-12 08:00:00,SAC Basic,0.3020957606646911,0.0038988888263702393,0.0,0.0,0.0,0.0,0.99991874396801,110
2025-11-12 09:00:00,SAC Basic,0.30098733462229327,0.007472187280654907,0.0,0.0,0.0,0.0,0.999814823269844,110
2025-11-12 10:00:00,SAC Basic,0.29957240218535025,0.00902026891708374,0.0,0.0,0.0,0.0,0.9998041138052941,110
2025-11-12 11:00:00,SAC Basic,0.2979563598320381,0.008187294006347656,0.0,0.0,0.0,0.0,0.9998279243707657,110
2025-11-12 12:00:00,SAC Basic,0.29625684186751605,0.00864461064338684,0.0,0.0,0.0,0.0,0.9998225346207619,110
2025-11-12 13:00:00,SAC Basic,0.29458592794075567,0.00872582197189331,0.0,0.0,0.0,0.0,0.999824671447277,110
2025-11-12 14:00:00,SAC Basic,0.29328571735992987,0.0179368257522583,0.0,0.0,0.0,0.0,0.9995491534471512,110
2025-11-12 15:00:00,SAC Basic,0.29228437235489446,0.014096498489379883,0.0,0.0,0.0,0.0,0.9996796667575836,110
2025-11-12 16:00:00,SAC Basic,0.29156536604776934,0.005298107862472534,0.0,0.0,0.0,0.0,0.9998060539364815,110
2025-11-12 17:00:00,SAC Basic,0.2911611700556175,0.006241202354431152,0.0,0.0,0.0,0.0,0.9998657450079919,110
2025-11-12 18:00:00,SAC Basic,0.290946725321362,0.0036665797233581543,0.0,0.0,0.0,0.0,0.9999009221792221,110
2025-11-12 19:00:00,SAC Basic,0.2908179332579668,0.0038623809814453125,0.0,0.0,0.0,0.0,0.9999207943677902,110
2025-11-12 20:00:00,SAC Basic,0.2906589044862485,0.0032913684844970703,0.0,0.0,0.0,0.0,0.9999284625053405,110
2025-11-12 21:00:00,SAC Basic,0.29052988691861387,0.003794729709625244,0.0,0.0,0.0,0.0,0.9999190717935562,110
2025-11-12 22:00:00,SAC Basic,0.29040003190572017,0.0035434961318969727,0.0,0.0,0.0,0.0,0.9999266177415848,110
2025-11-12 23:00:00,SAC Basic,0.2902656638278062,0.0021895766258239746,0.0,0.0,0.0,0.0,0.9999426692724228,110
2025-11-13 00:00:00,SAC Basic,0.2901885778345163,0.002374202013015747,0.0,0.0,0.0,0.0,0.9999506697058678,110
2025-11-13 01:00:00,SAC Basic,0.29110954028581537,0.0017887353897094727,0.0,0.0,0.0,0.0,0.9999583706259728,110
2025-11-13 02:00:00,SAC Basic,0.29206002567981637,0.002145618200302124,0.0,0.0,0.0,0.0,0.9999535188078881,110
2025-11-13 03:00:00,SAC Basic,0.29428681564226705,0.0020369887351989746,0.0,0.0,0.0,0.0,0.999958173930645,110
2025-11-13 04:00:00,SAC Basic,0.29918621435776305,0.0038196146488189697,0.0,0.0,0.0,0.0,0.9999057814478874,110
2025-11-13 05:00:00,SAC Basic,0.29974922698870254,0.0029037892818450928,0.0,0.0,0.0,0.0,0.9999327659606934,110
2025-11-13 06:00:00,SAC Basic,0.3033097918555632,0.0021694600582122803,0.0,0.0,0.0,0.0,0.9999492675065995,110
2025-11-13 07:00:00,SAC Basic,0.3040882586389278,0.0015400350093841553,0.0,0.0,0.0,0.0,0.9999629050493241,110
2025-11-13 08:00:00,SAC Basic,0.30427981813008537,0.0019678473472595215,0.0,0.0,0.0,0.0,0.999956364929676,110
2025-11-13 09:00:00,SAC Basic,0.3049401887851452,0.002111196517944336,0.0,0.0,0.0,0.0,0.9999563425779342,110
2025-11-13 10:00:00,SAC Basic,0.31188528018449696,0.004527419805526733,0.0,0.0,0.0,0.0,0.9998852893710136,110
2025-11-13 11:00:00,SAC Basic,0.31635458419298085,0.0022912025451660156,0.0,0.0,0.0,0.0,0.999931813776493,110
2025-11-13 12:00:00,SAC Basic,0.31598704868132815,0.0022393465042114258,0.0,0.0,0.0,0.0,0.9999546945095062,110
2025-11-13 13:00:00,SAC Basic,0.31588910984491253,0.002118349075317383,0.0,0.0,0.0,0.0,0.9999564230442046,110
2025-11-13 14:00:00,SAC Basic,0.31576842301423297,0.0017939507961273193,0.0,0.0,0.0,0.0,0.9999608770012856,110
2025-11-13 15:00:00,SAC Basic,0.31540160027479075,0.0024531781673431396,0.0,0.0,0.0,0.0,0.999944344162941,110
2025-11-13 16:00:00,SAC Basic,0.3168963602023814,0.001427978277206421,0.0,0.0,0.0,0.0,0.9999611884355545,110
2025-11-13 17:00:00,SAC Basic,0.3227137043807401,0.004703253507614136,0.0,0.0,0.0,0.0,-0.27149725589646534,110
2025-11-13 18:00:00,SAC Basic,0.322856887105057,0.002454817295074463,0.0,0.0,0.0,0.0,-0.2857602912137262,110
2025-11-13 19:00:00,SAC Basic,0.3227541291258229,0.0031726062297821045,0.0,0.0,0.0,0.0,-0.27548354259623287,110
2025-11-13 20:00:00,SAC Basic,0.3232866720936192,0.002262890338897705,0.0,0.0,0.0,0.0,-0.3287215643276082,110
2025-11-13 21:00:00,SAC Basic,0.32315431418235036,0.0027926266193389893,0.0,0.0,0.0,0.0,-0.315492568130226,110
2025-11-13 22:00:00,SAC Basic,0.32302182216063074,0.0027523934841156006,0.0,0.0,0.0,0.0,-0.30223766626410836,110
2025-11-13 23:00:00,SAC Basic,0.32286078769261567,0.002689659595489502,0.0,0.0,0.0,0.0,-0.28613318979236235,110
2025-11-14 00:00:00,SAC Basic,0.3228635107443226,0.002816915512084961,0.0,0.0,0.0,0.0,-0.28640868530166935,110
2025-11-14 01:00:00,SAC Basic,0.3225062291055414,0.0033155083656311035,0.0,0.0,0.0,0.0,-0.2506942066499861,110
2025-11-14 02:00:00,SAC Basic,0.32217573753649914,0.002852529287338257,0.0,0.0,0.0,0.0,-0.21763543402644306,110
2025-11-14 03:00:00,SAC Basic,0.3218449787399662,0.0027723610401153564,0.0,0.0,0.0,0.0,-0.1845541228998942,110
2025-11-14 04:00:00,SAC Basic,0.3215130526858064,0.0024221837520599365,0.0,0.0,0.0,0.0,-0.15135721402855884,110
2025-11-14 05:00:00,SAC Basic,0.32118120709791703,0.0024463236331939697,0.0,0.0,0.0,0.0,-0.11816987766317776,110
2025-11-14 06:00:00,SAC Basic,0.32079520817254903,0.003200322389602661,0.0,0.0,0.0,0.0,-0.07959236369025838,110
2025-11-14 07:00:00,SAC Basic,0.3202975175251059,0.003692805767059326,0.0,0.0,0.0,0.0,-0.02983053345970301,110
2025-11-14 08:00:00,SAC Basic,0.3195389424091073,0.0019274652004241943,0.0,0.0,0.0,0.0,0.9999437972903251,110
2025-11-14 09:00:00,SAC Basic,0.31844181320244985,0.0023612380027770996,0.0,0.0,0.0,0.0,0.9999484375119209,110
2025-11-14 10:00:00,SAC Basic,0.31712009554440695,0.0029847025871276855,0.0,0.0,0.0,0.0,0.999934071302414,110
2025-11-14 11:00:00,SAC Basic,0.3156298585650813,0.003428906202316284,0.0,0.0,0.0,0.0,0.9999269798398017,110
2025-11-14 12:00:00,SAC Basic,0.3140840168751768,0.003747493028640747,0.0,0.0,0.0,0.0,0.999921864271164,110
2025-11-14 13:00:00,SAC Basic,0.31262897769744113,0.00548824667930603,0.0,0.0,0.0,0.0,0.9998728275299071,110
2025-11-14 14:00:00,SAC Basic,0.3113124977975579,0.004556030035018921,0.0,0.0,0.0,0.0,0.9998995572328567,110
2025-11-14 15:00:00,SAC Basic,0.3105513607880961,0.0031588971614837646,0.0,0.0,0.0,0.0,0.999922850728035,110
2025-11-14 16:00:00,SAC Basic,0.30970733068997575,0.0017909705638885498,0.0,0.0,0.0,0.0,0.9999505013227463,110
2025-11-14 17:00:00,SAC Basic,0.3091205933838577,0.0024788081645965576,0.0,0.0,0.0,0.0,0.999943545460701,110
2025-11-14 18:00:00,SAC Basic,0.3086481023555489,0.0027526915073394775,0.0,0.0,0.0,0.0,0.9999422073364258,110
2025-11-14 19:00:00,SAC Basic,0.3082044691814474,0.002910047769546509,0.0,0.0,0.0,0.0,0.999940225481987,110
2025-11-14 20:00:00,SAC Basic,0.3077314893950514,0.0026060640811920166,0.0,0.0,0.0,0.0,0.9999448388814927,110
2025-11-14 21:00:00,SAC Basic,0.30725840480382166,0.002574622631072998,0.0,0.0,0.0,0.0,0.9999481931328773,110
2025-11-14 22:00:00,SAC Basic,0.3068140782290193,0.0027020275592803955,0.0,0.0,0.0,0.0,0.9999446853995323,110
2025-11-14 23:00:00,SAC Basic,0.3063697049639118,0.0026880204677581787,0.0,0.0,0.0,0.0,0.9999460995197297,110
2025-11-15 00:00:00,SAC Basic,0.3059253624945375,0.0026972591876983643,0.0,0.0,0.0,0.0,0.9999459624290465,110
2025-11-15 01:00:00,SAC Basic,0.3054808715102566,0.0026527047157287598,0.0,0.0,0.0,0.0,0.9999465003609658,110
2025-11-15 02:00:00,SAC Basic,0.3050373123452557,0.002932250499725342,0.0,0.0,0.0,0.0,0.9999385595321655,110
2025-11-15 03:00:00,SAC Basic,0.3046218818709744,0.0028708577156066895,0.0,0.0,0.0,0.0,0.9999419689178466,110
2025-11-15 04:00:00,SAC Basic,0.30423442213510404,0.0027620792388916016,0.0,0.0,0.0,0.0,0.999943670630455,110
2025-11-15 05:00:00,SAC Basic,0.3038480154146247,0.003077983856201172,0.0,0.0,0.0,0.0,0.9999352812767028,110
2025-11-15 06:00:00,SAC Basic,0.3034891542527569,0.002841651439666748,0.0,0.0,0.0,0.0,0.9999408036470413,110
2025-11-15 07:00:00,SAC Basic,0.3030204039126131,0.0038748979568481445,0.0,0.0,0.0,0.0,0.9999121695756913,110
2025-11-15 08:00:00,SAC Basic,0.30241039668773545,0.003997832536697388,0.0,0.0,0.0,0.0,0.9999188140034676,110
2025-11-15 09:00:00,SAC Basic,0.3015746511385335,0.0042763352394104,0.0,0.0,0.0,0.0,0.9999116882681847,110
2025-11-15 10:00:00,SAC Basic,0.30046222860470345,0.006273239850997925,0.0,0.0,0.0,0.0,0.9998545661568642,110
2025-11-15 11:00:00,SAC Basic,0.2990471575869613,0.008978694677352905,0.0,0.0,0.0,0.0,0.9997933715581894,110
2025-11-15 12:00:00,SAC Basic,0.297824788257032,0.007289201021194458,0.0,0.0,0.0,0.0,0.9998373210430146,110
2025-11-15 13:00:00,SAC Basic,0.29697205672159727,0.00968053936958313,0.0,0.0,0.0,0.0,0.9997824758291245,110
2025-11-15 14:00:00,SAC Basic,0.29594729503845113,0.007071495056152344,0.0,0.0,0.0,0.0,0.9998324796557426,110
2025-11-15 15:00:00,SAC Basic,0.2952072867693001,0.007497519254684448,0.0,0.0,0.0,0.0,0.999845789372921,110
2025-11-15 16:00:00,SAC Basic,0.29465998614842626,0.005809813737869263,0.0,0.0,0.0,0.0,0.9998669266700745,110
2025-11-15 17:00:00,SAC Basic,0.29460207236741914,0.0016258656978607178,0.0,0.0,0.0,0.0,0.9999256432056427,110
2025-11-15 18:00:00,SAC Basic,0.2946278060576809,0.001220107078552246,0.0,0.0,0.0,0.0,0.9999715402722359,110
2025-11-15 19:00:00,SAC Basic,0.2944068723644309,0.0017198920249938965,0.0,0.0,0.0,0.0,0.9999606043100357,110
2025-11-15 20:00:00,SAC Basic,0.294242585966338,0.001714080572128296,0.0,0.0,0.0,0.0,0.9999656602740288,110
2025-11-15 21:00:00,SAC Basic,0.2940788151484224,0.0018687546253204346,0.0,0.0,0.0,0.0,0.9999610781669617,110
2025-11-15 22:00:00,SAC Basic,0.2938874798970911,0.0020994246006011963,0.0,0.0,0.0,0.0,0.9999557048082353,110
2025-11-15 23:00:00,SAC Basic,0.294086756090074,0.002282857894897461,0.0,0.0,0.0,0.0,0.9999525085091591,110
2025-11-16 00:00:00,SAC Basic,0.29428534881646357,0.002077817916870117,0.0,0.0,0.0,0.0,0.9999563932418823,110
2025-11-16 01:00:00,SAC Basic,0.29442574651375336,0.0016193091869354248,0.0,0.0,0.0,0.0,0.9999630287289619,110
2025-11-16 02:00:00,SAC Basic,0.2952910963071875,0.00210493803024292,0.0,0.0,0.0,0.0,0.999953044950962,110
2025-11-16 03:00:00,SAC Basic,0.2951569130036723,0.002245008945465088,0.0,0.0,0.0,0.0,0.9999536991119384,110
2025-11-16 04:00:00,SAC Basic,0.2983275036992124,0.002177208662033081,0.0,0.0,0.0,0.0,0.999955777823925,110
2025-11-16 05:00:00,SAC Basic,0.30186205236330543,0.0028645992279052734,0.0,0.0,0.0,0.0,0.9999358341097833,110
2025-11-16 06:00:00,SAC Basic,0.3023353408294411,0.0014865398406982422,0.0,0.0,0.0,0.0,0.999956488609314,110
2025-11-16 07:00:00,SAC Basic,0.30239419807965473,0.002657175064086914,0.0,0.0,0.0,0.0,0.9999351501464844,110
2025-11-16 08:00:00,SAC Basic,0.3025288698702545,0.0019015371799468994,0.0,0.0,0.0,0.0,0.9999544128775596,110
2025-11-16 09:00:00,SAC Basic,0.30199632227395884,0.0037357211112976074,0.0,0.0,0.0,0.0,0.9999069437384606,110
2025-11-16 10:00:00,SAC Basic,0.3039031736641617,0.0035554170608520508,0.0,0.0,0.0,0.0,0.9999270886182785,110
2025-11-16 11:00:00,SAC Basic,0.3056977297224096,0.0018668174743652344,0.0,0.0,0.0,0.0,0.9999457776546478,110
2025-11-16 12:00:00,SAC Basic,0.30440556083574805,0.0033493340015411377,0.0,0.0,0.0,0.0,0.9999181881546975,110
2025-11-16 13:00:00,SAC Basic,0.3029814621978493,0.006270408630371094,0.0,0.0,0.0,0.0,0.9998453810811043,110
2025-11-16 14:00:00,SAC Basic,0.3028302929025383,0.0031492114067077637,0.0,0.0,0.0,0.0,0.9999058037996292,110
2025-11-16 15:00:00,SAC Basic,0.30440374279792026,0.001534968614578247,0.0,0.0,0.0,0.0,0.9999531581997871,110
2025-11-16 16:00:00,SAC Basic,0.30426305972074386,0.002295076847076416,0.0,0.0,0.0,0.0,0.9999464973807335,110
2025-11-16 17:00:00,SAC Basic,0.3043516172374776,0.0030672550201416016,0.0,0.0,0.0,0.0,0.9999309331178665,110
2025-11-16 18:00:00,SAC Basic,0.30424593714053344,0.002295970916748047,0.0,0.0,0.0,0.0,0.9999463677406311,110
2025-11-16 19:00:00,SAC Basic,0.30419913603598786,0.0029596686363220215,0.0,0.0,0.0,0.0,0.9999341696500779,110
2025-11-16 20:00:00,SAC Basic,0.30514956132863874,0.0021275877952575684,0.0,0.0,0.0,0.0,0.9999491274356842,110
2025-11-16 21:00:00,SAC Basic,0.3131030319219323,0.003041177988052368,0.0,0.0,0.0,0.0,0.999930040538311,110
2025-11-16 22:00:00,SAC Basic,0.3143576028813414,0.0018712878227233887,0.0,0.0,0.0,0.0,0.9999508753418922,110
2025-11-16 23:00:00,SAC Basic,0.3159747936850282,0.002157241106033325,0.0,0.0,0.0,0.0,0.9999539956450463,110
2025-11-17 00:00:00,SAC Basic,0.31659218615109647,0.0022177398204803467,0.0,0.0,0.0,0.0,0.9999550402164459,110
2025-11-17 01:00:00,SAC Basic,0.31720844016844957,0.0018762052059173584,0.0,0.0,0.0,0.0,0.9999590605497359,110
2025-11-17 02:00:00,SAC Basic,0.317493479797591,0.0025118887424468994,0.0,0.0,0.0,0.0,0.9999434053897858,110
2025-11-17 03:00:00,SAC Basic,0.31841541132107304,0.0020794570446014404,0.0,0.0,0.0,0.0,0.9999540865421295,110
2025-11-17 04:00:00,SAC Basic,0.3186726257464779,0.002664327621459961,0.0,0.0,0.0,0.0,0.9999408647418022,110
2025-11-17 05:00:00,SAC Basic,0.31859612586552827,0.0025500357151031494,0.0,0.0,0.0,0.0,0.9999478563666343,110
2025-11-17 06:00:00,SAC Basic,0.32777960556879565,0.006043910980224609,0.0,0.0,0.0,0.0,-0.7781163738518202,110
2025-11-17 07:00:00,SAC Basic,0.3282861969055228,0.0029774010181427,0.0,0.0,0.0,0.0,-0.8287099036722628,110
2025-11-17 08:00:00,SAC Basic,0.32781874843016195,0.004265457391738892,0.0,0.0,0.0,0.0,-0.7819730327277655,110
2025-11-17 09:00:00,SAC Basic,0.326976936618238,0.002456456422805786,0.0,0.0,0.0,0.0,-0.697760880961946,110
2025-11-17 10:00:00,SAC Basic,0.3342462171178553,0.0037841498851776123,0.0,0.0,0.0,0.0,-1.424710671717856,110
2025-11-17 11:00:00,SAC Basic,0.3433933582001421,0.005642324686050415,0.0,0.0,0.0,0.0,-2.3394672482559398,110
2025-11-17 12:00:00,SAC Basic,0.34353212085619506,0.0031287968158721924,0.0,0.0,0.0,0.0,-2.3532997968345244,110
2025-11-17 13:00:00,SAC Basic,0.34353268583590724,0.004169493913650513,0.0,0.0,0.0,0.0,-2.353362380439974,110
2025-11-17 14:00:00,SAC Basic,0.343918603143443,0.0027751922607421875,0.0,0.0,0.0,0.0,-2.391929761206046,110
2025-11-17 15:00:00,SAC Basic,0.34699352583224513,0.007476806640625,0.0,0.0,0.0,0.0,-2.6995491355011234,110
2025-11-17 16:00:00,SAC Basic,0.34797381641045155,0.0045871734619140625,0.0,0.0,0.0,0.0,-2.79750228084618,110
2025-11-17 17:00:00,SAC Basic,0.34810799062068204,0.008252263069152832,0.0,0.0,0.0,0.0,-2.8110007582256586,110
2025-11-17 18:00:00,SAC Basic,0.3482622647759809,0.0057822465896606445,0.0,0.0,0.0,0.0,-2.8263668226946757,110
2025-11-17 19:00:00,SAC Basic,0.3495215807618195,0.0032947957515716553,0.0,0.0,0.0,0.0,-2.952248846605361,110
2025-11-17 20:00:00,SAC Basic,0.35010804095675,0.005039423704147339,0.0,0.003601365225000564,0.0,0.0,-3.0109223304286106,110
2025-11-17 21:00:00,SAC Basic,0.35333843631132944,0.0058998167514801025,0.0,0.11128121037764914,0.0,0.0,-3.333970231398446,110
2025-11-17 22:00:00,SAC Basic,0.35684847746870973,0.006794929504394531,0.0,0.22828258229032344,0.0,0.0,-3.6849925965885895,110
2025-11-17 23:00:00,SAC Basic,0.35703046507068326,0.005945116281509399,0.0,0.2343488356894426,0.0,0.0,-3.703173907526184,110
2025-11-18 00:00:00,SAC Basic,0.36625254683877095,0.008376091718673706,0.0,0.5417515612923651,1.4210854715202004e-14,0.0,-4.625446515465839,110
2025-11-18 01:00:00,SAC Basic,0.380788218805418,0.012475550174713135,0.0,1.0262739601806004,0.0,0.0,-6.079112386129856,110
2025-11-18 02:00:00,SAC Basic,0.3824243149582376,0.0056393444538116455,0.0,1.0808104986079201,0.0,0.0,-6.242612644770043,110
2025-11-18 03:00:00,SAC Basic,0.3815279748148766,0.0075304508209228516,0.0,1.050932493829221,0.0,0.0,-6.15296700156775,110
2025-11-18 04:00:00,SAC Basic,0.37859718221000255,0.008001625537872314,0.0,0.9532394070000848,0.0,0.0,-5.859882965258181,110
2025-11-18 05:00:00,SAC Basic,0.37683440919492917,0.008148401975631714,0.0,0.8944803064976399,0.0,0.0,-5.683605355296806,110
2025-11-18 06:00:00,SAC Basic,0.37429466400206934,0.0073985755443573,0.0,0.8098221334023109,0.0,0.0,-5.4296218699821335,110
2025-11-18 07:00:00,SAC Basic,0.3722907126298623,0.009838342666625977,0.0,0.7430237543287433,0.0,0.0,-5.229292427510785,110
2025-11-18 08:00:00,SAC Basic,0.37452046884337753,0.013775825500488281,0.0,0.8173489614459172,0.0,0.0,-5.452361775676101,110
2025-11-18 09:00:00,SAC Basic,0.37145853753602226,0.00920519232749939,0.0,0.715284584534075,0.0,0.0,-5.146083563780505,110
2025-11-18 10:00:00,SAC Basic,0.36835983336289874,0.005383193492889404,0.0,0.6119944454299571,0.0,0.0,-4.836129220148076,110
2025-11-18 11:00:00,SAC Basic,0.36881351939010754,0.003223121166229248,0.0,0.6271173130035834,0.0,0.0,-4.881438002157345,110
2025-11-18 12:00:00,SAC Basic,0.3674383130759728,0.006715208292007446,0.0,0.5812771025324267,0.0,0.0,-4.744000532634377,110
2025-11-18 13:00:00,SAC Basic,0.3652876062641202,0.004374831914901733,0.0,0.5095868754706743,0.0,0.0,-4.528871526814091,110
2025-11-18 14:00:00,SAC Basic,0.36427559169307283,0.003748685121536255,0.0,0.4758530564357599,-1.4210854715202004e-14,0.0,-4.427640404477646,110
2025-11-18 15:00:00,SAC Basic,0.3710121809154892,0.008382797241210938,0.0,0.7004060305163066,0.0,0.0,-5.101432088614941,110
2025-11-18 16:00:00,SAC Basic,0.36892736841805074,0.015968531370162964,0.0,0.6309122806016916,0.0,0.0,-4.893132069773766,110
2025-11-18 17:00:00,SAC Basic,0.3671168521437105,0.012406855821609497,0.0,0.5705617381236835,0.0,0.0,-4.711968968242965,110
2025-11-18 18:00:00,SAC Basic,0.36527914592871574,0.008992999792098999,0.0,0.5093048642905246,0.0,0.0,-4.52812859142771,110
2025-11-18 19:00:00,SAC Basic,0.36362613301512153,0.009300559759140015,0.0,0.4542044338373856,0.0,0.0,-4.3628023883070055,110
2025-11-18 20:00:00,SAC Basic,0.36214053899690407,0.010006427764892578,0.0,0.4046846332301357,0.0,0.0,-4.214261086925761,110
2025-11-18 21:00:00,SAC Basic,0.3608022133439025,0.009576082229614258,0.0,0.3600737781300836,0.0,0.0,-4.080417159490195,110
2025-11-18 22:00:00,SAC Basic,0.35962095110737446,0.00881969928741455,0.0,0.32069837024581604,0.0,0.0,-3.9622790685526157,110
2025-11-18 23:00:00,SAC Basic,0.3594604047673031,0.009682923555374146,0.0,0.31534682557677063,0.0,0.0,-3.9462427674440983,110
2025-11-19 00:00:00,SAC Basic,0.35873675585231934,0.008130520582199097,0.0,0.29122519507731254,0.0,0.0,-3.8738537196733094,110
2025-11-19 01:00:00,SAC Basic,0.3586605377749361,0.008319169282913208,0.0,0.28868459249787154,0.0,0.0,-3.8662220473662763,110
2025-11-19 02:00:00,SAC Basic,0.3579863303240321,0.00644877552986145,0.0,0.2662110108010694,0.0,0.0,-3.798780711851337,110
2025-11-19 03:00:00,SAC Basic,0.3570816326120062,0.007145106792449951,0.0,0.23605442040020677,0.0,0.0,-3.708313126649095,110
2025-11-19 04:00:00,SAC Basic,0.3580592717664149,0.004434138536453247,0.0,0.2686423922138303,0.0,0.0,-3.8060429690947775,110
2025-11-19 05:00:00,SAC Basic,0.3580906593073046,0.004604905843734741,0.0,0.26968864357682065,1.4210854715202004e-14,0.0,-3.809159736520407,110
2025-11-19 06:00:00,SAC Basic,0.3574730704523893,0.0063256919384002686,0.0,0.24910234841297696,0.0,0.0,-3.747450766938644,110
2025-11-19 07:00:00,SAC Basic,0.356804074654976,0.01110374927520752,0.0,0.2268024884992002,0.0,0.0,-3.6806773210564705,110
2025-11-19 08:00:00,SAC Basic,0.3559158127177949,0.009215176105499268,0.0,0.1971937572598293,0.0,0.0,-3.5917844610332943,110
2025-11-19 09:00:00,SAC Basic,0.354974791800725,0.004520118236541748,0.0,0.16582639335750005,0.0,0.0,-3.49761653301592,110
2025-11-19 10:00:00,SAC Basic,0.35389758038259816,0.004255920648574829,0.0,0.12991934608660644,0.0,0.0,-3.389845798648667,110
2025-11-19 11:00:00,SAC Basic,0.35304781090763754,0.0036628544330596924,0.0,0.10159369692125182,0.0,0.0,-3.3048602785145693,110
2025-11-19 12:00:00,SAC Basic,0.35223247033239197,0.003813505172729492,0.0,0.07441567774639993,0.0,0.0,-3.2233248098500473,110
2025-11-19 13:00:00,SAC Basic,0.35124760745442624,0.0031280517578125,0.0,0.04158691514754054,-1.4210854715202004e-14,0.0,-3.1248301610119285,110
2025-11-19 14:00:00,SAC Basic,0.36018220780465054,0.006787031888961792,0.0,0.33940692682168394,0.0,0.0,-4.018393110904144,110
2025-11-19 15:00:00,SAC Basic,0.3601159192949508,0.0043107569217681885,0.0,0.3371973098316929,0.0,0.0,-4.011702907383186,110
2025-11-19 16:00:00,SAC Basic,0.35898660143667227,0.005258023738861084,0.0,0.2995533812224096,0.0,0.0,-3.898774776810174,110
2025-11-19 17:00:00,SAC Basic,0.3581807586131135,0.007439106702804565,0.0,0.27269195377044897,0.0,0.0,-3.818246454275044,110
2025-11-19 18:00:00,SAC Basic,0.35752712515702595,0.0058141350746154785,0.0,0.250904171900865,0.0,0.0,-3.7528450481203683,110
2025-11-19 19:00:00,SAC Basic,0.35667353088358716,0.008872747421264648,0.0,0.222451029452904,0.0,0.0,-3.6675611294306076,110
2025-11-19 20:00:00,SAC Basic,0.35590309975534384,0.008140653371810913,0.0,0.19676999184479485,0.0,0.0,-3.5904801095423142,110
2025-11-19 21:00:00,SAC Basic,0.3551827016562495,0.007637292146682739,0.0,0.17275672187498403,0.0,0.0,-3.5184279450801332,110
2025-11-19 22:00:00,SAC Basic,0.35453689370080294,0.008487403392791748,0.0,0.15122979002676404,0.0,0.0,-3.4538676192606097,110
2025-11-19 23:00:00,SAC Basic,0.3539761749499243,0.006823539733886719,0.0,0.13253916499747617,0.0,0.0,-3.3977706044236946,110
2025-11-20 00:00:00,SAC Basic,0.353491749933827,0.005064159631729126,0.0,0.11639166446090031,0.0,0.0,-3.3492938703763535,110
2025-11-20 01:00:00,SAC Basic,0.35303392327022676,0.006282776594161987,0.0,0.10113077567422551,0.0,0.0,-3.303530168724183,110
2025-11-20 02:00:00,SAC Basic,0.3525970484841358,0.006505846977233887,0.0,0.08656828280452658,0.0,0.0,-3.2598371960569557,110
2025-11-20 03:00:00,SAC Basic,0.35250192372767547,0.005860030651092529,0.0,0.08339745758918299,0.0,0.0,-3.2503160315438295,110
2025-11-20 04:00:00,SAC Basic,0.3548151142875709,0.005460977554321289,0.0,0.1605038095856969,0.0,0.0,-3.4816246388391434,110
2025-11-20 05:00:00,SAC Basic,0.3548226064908825,0.005501210689544678,0.0,0.16075354969608213,0.0,0.0,-3.482371075633391,110
2025-11-20 06:00:00,SAC Basic,0.3547529589973976,0.0055377185344696045,0.0,0.1584319665799214,0.0,0.0,-3.4754070191888995,110
2025-11-20 07:00:00,SAC Basic,0.35498685867194146,0.004398524761199951,0.0,0.16622862239804875,0.0,0.0,-3.4987852296271025,110
2025-11-20 08:00:00,SAC Basic,0.35442484210554187,0.0063897669315338135,0.0,0.14749473685139664,0.0,0.0,-3.4426319183145204,110
2025-11-20 09:00:00,SAC Basic,0.35390613391861403,0.004092007875442505,0.0,0.13020446395380106,0.0,0.0,-3.3907182096094717,110
2025-11-20 10:00:00,SAC Basic,0.3531544938400843,0.002657771110534668,0.0,0.10514979466947523,0.0,0.0,-3.3155168817982883,110
2025-11-20 11:00:00,SAC Basic,0.353328135356497,0.0030303001403808594,0.0,0.11093784521656574,0.0,0.0,-3.3328778669428036,110
2025-11-20 12:00:00,SAC Basic,0.35539448696290665,0.0037217140197753906,0.0,0.17981623209688707,0.0,0.0,-3.5395300447098537,110
2025-11-20 13:00:00,SAC Basic,0.35821496977873335,0.006977170705795288,0.0,0.2738323259577783,0.0,0.0,-3.82166907585431,110
2025-11-20 14:00:00,SAC Basic,0.3586415225740762,0.0030165910720825195,0.0,0.2880507524692078,0.0,0.0,-3.8642521950254003,110
2025-11-20 15:00:00,SAC Basic,0.35815954026262387,0.005889981985092163,0.0,0.2719846754207964,0.0,0.0,-3.816100559811218,110
2025-11-20 16:00:00,SAC Basic,0.35694731529748824,0.012409687042236328,0.0,0.23157717658294105,0.0,0.0,-3.69504492054024,110
2025-11-20 17:00:00,SAC Basic,0.3563283817857181,0.010266005992889404,0.0,0.21094605952393553,0.0,0.0,-3.633064935502158,110
2025-11-20 18:00:00,SAC Basic,0.3603835275527544,0.005161315202713013,0.0,0.34611758509181245,0.0,0.0,-4.038507028487393,110
2025-11-20 19:00:00,SAC Basic,0.35923852986663934,0.006951689720153809,0.0,0.3079509955546456,0.0,0.0,-3.9240099242035114,110
2025-11-20 20:00:00,SAC Basic,0.35912598644814214,0.004436522722244263,0.0,0.30419954827140433,0.0,0.0,-3.9127125269386376,110
2025-11-20 21:00:00,SAC Basic,0.3587274211547493,0.0053444504737854,0.0,0.29091403849164266,0.0,0.0,-3.8728580837619218,110
2025-11-20 22:00:00,SAC Basic,0.358045101112877,0.005974024534225464,0.0,0.2681700370959007,0.0,0.0,-3.80463588751899,110
2025-11-20 23:00:00,SAC Basic,0.35772912077673197,0.005343258380889893,0.0,0.2576373592243996,0.0,0.0,-3.7730252505023474,110
2025-11-21 00:00:00,SAC Basic,0.3571712881119959,0.0056931376457214355,0.0,0.23904293706653024,0.0,0.0,-3.717246172745151,110
2025-11-21 01:00:00,SAC Basic,0.35637233398293666,0.006724894046783447,0.0,0.2124111327645551,0.0,0.0,-3.637378213738612,110
2025-11-21 02:00:00,SAC Basic,0.3556283953041006,0.006931573152542114,0.0,0.1876131768033531,0.0,0.0,-3.5629802286641694,110
2025-11-21 03:00:00,SAC Basic,0.3549565558633359,0.006166696548461914,0.0,0.16521852877786358,0.0,0.0,-3.4957865690306007,110
2025-11-21 04:00:00,SAC Basic,0.35437949293671417,0.006864219903945923,0.0,0.14598309789047192,0.0,0.0,-3.43809355330305,110
2025-11-21 05:00:00,SAC Basic,0.3544305235822651,0.0054933130741119385,0.0,0.14768411940883652,0.0,0.0,-3.443175933556292,110
2025-11-21 06:00:00,SAC Basic,0.3538031456741977,0.006558150053024292,0.0,0.12677152247325552,0.0,0.0,-3.380456378790617,110
2025-11-21 07:00:00,SAC Basic,0.3537752699745853,0.010979622602462769,0.0,0.12584233248617666,0.0,0.0,-3.377790804636073,110
2025-11-21 08:00:00,SAC Basic,0.3547689057586037,0.010054260492324829,0.0,0.15896352528679075,0.0,0.0,-3.4771009146913174,110
2025-11-21 09:00:00,SAC Basic,0.3540298808164694,0.008121877908706665,0.0,0.13432936054898192,0.0,0.0,-3.403169843030951,110
2025-11-21 10:00:00,SAC Basic,0.3528760431755154,0.004716813564300537,0.0,0.09586810585051353,0.0,0.0,-3.2877327044662703,110
2025-11-21 11:00:00,SAC Basic,0.35168010553925355,0.003222227096557617,0.0,0.056003517975118204,0.0,0.0,-3.168089944331963,110
2025-11-21 12:00:00,SAC Basic,0.3509035019393783,0.0031356513500213623,0.0,0.030116731312608638,0.0,0.0,-3.0904137727222953,110
2025-11-21 13:00:00,SAC Basic,0.35072649318349547,0.0026138126850128174,0.0,0.024216439449848793,0.0,0.0,-3.072706812989896,110
2025-11-21 14:00:00,SAC Basic,0.34971714801045445,0.0031964480876922607,0.0,0.0,0.0,0.0,-2.9717845563612246,110
2025-11-21 15:00:00,SAC Basic,0.34897262866310463,0.006144195795059204,0.0,0.0,0.0,0.0,-2.8974152277034375,110
2025-11-21 16:00:00,SAC Basic,0.34843594313276,0.008994340896606445,0.0,0.0,0.0,0.0,-2.8438027015449463,110
2025-11-21 17:00:00,SAC Basic,0.3516147891757386,0.009480118751525879,0.0,0.0538263058579517,0.0,0.0,-3.1616733777274364,110
2025-11-21 18:00:00,SAC Basic,0.36123802926947146,0.012573003768920898,0.0,0.37460097564904804,0.0,0.0,-4.124085315872698,110
2025-11-21 19:00:00,SAC Basic,0.36000707715638997,0.006783604621887207,0.0,0.3335692385463318,0.0,0.0,-4.0009012817229035,110
2025-11-21 20:00:00,SAC Basic,0.3588996270563172,0.006919205188751221,0.0,0.2966542352105734,0.0,0.0,-3.890102445741166,110
2025-11-21 21:00:00,SAC Basic,0.3581753660530418,0.006233900785446167,0.0,0.27251220176806046,0.0,0.0,-3.81766813636392,110
2025-11-21 22:00:00,SAC Basic,0.35754815093850223,0.005940496921539307,0.0,0.2516050312834068,0.0,0.0,-3.7549368378272923,110
2025-11-21 23:00:00,SAC Basic,0.36118065951980766,0.004941225051879883,0.0,0.37268865066025403,0.0,0.0,-4.1181747692004995,110
2025-11-22 00:00:00,SAC Basic,0.3632743577704216,0.004588067531585693,0.0,0.4424785923473863,0.0,0.0,-4.3275310699679945,110
2025-11-22 01:00:00,SAC Basic,0.37265411994326575,0.011565983295440674,0.0,0.755137331442191,0.0,0.0,-5.265713093150122,110
2025-11-22 02:00:00,SAC Basic,0.385626400619046,0.013230890035629272,0.0,1.1875466873015341,0.0,0.0,-6.562921328772715,110
2025-11-22 03:00:00,SAC Basic,0.39007987396165383,0.006037801504135132,0.0,1.335995798721794,0.0,0.0,-7.008180083080781,110
2025-11-22 04:00:00,SAC Basic,0.3883942133071838,0.008108913898468018,0.0,1.2798071102394601,0.0,0.0,-6.839604220120294,110
2025-11-22 05:00:00,SAC Basic,0.3868577623179094,0.010156780481338501,0.0,1.2285920772636474,0.0,0.0,-6.685999846066396,110
2025-11-22 06:00:00,SAC Basic,0.3839395684640291,0.006860792636871338,0.0,1.1313189488009698,0.0,0.0,-6.394127022134091,110
2025-11-22 07:00:00,SAC Basic,0.38277757422906306,0.011987537145614624,0.0,1.0925858076354344,0.0,0.0,-6.278048441094304,110
2025-11-22 08:00:00,SAC Basic,0.3954976987920596,0.017627328634262085,0.0,1.516589959735319,0.0,0.0,-7.550178823693531,110
2025-11-22 09:00:00,SAC Basic,0.4051522736813778,0.01978158950805664,0.0,1.8384091227125936,0.0,0.0,-8.515644542536679,110
2025-11-22 10:00:00,SAC Basic,0.41109062085766984,0.019858181476593018,0.0,2.036354028588994,0.0,0.0,-9.1094600153162,110
2025-11-22 11:00:00,SAC Basic,0.4096535018373077,0.01881435513496399,0.0,1.9884500612435916,0.0,0.0,-8.965736909096886,110
2025-11-22 12:00:00,SAC Basic,0.4094551724522601,0.017840266227722168,0.0,1.981839081742004,0.0,0.0,-8.945883791439636,110
2025-11-22 13:00:00,SAC Basic,0.40767597498738384,0.01627326011657715,0.0,1.9225324995794608,0.0,0.0,-8.767938634001826,110
2025-11-22 14:00:00,SAC Basic,0.401316736765417,0.023786425590515137,0.0,1.710557892180566,0.0,0.0,-8.13222453670825,110
2025-11-22 15:00:00,SAC Basic,0.39611573872397465,0.029891878366470337,0.0,1.5371912907991558,0.0,0.0,-7.612232764492553,110
2025-11-22 16:00:00,SAC Basic,0.3914906427737784,0.022992640733718872,0.0,1.3830214257926117,0.0,0.0,-7.149593122568839,110
2025-11-22 17:00:00,SAC Basic,0.38777274806803863,0.011723190546035767,0.0,1.2590916022679552,0.0,0.0,-6.77762196511666,110
2025-11-22 18:00:00,SAC Basic,0.3841430689197755,0.00869855284690857,0.0,1.1381022973258497,0.0,0.0,-6.41451110941148,110
2025-11-22 19:00:00,SAC Basic,0.38124911511069326,0.0074510276317596436,0.0,1.0416371703564409,0.0,0.0,-6.125073006874112,110
2025-11-22 20:00:00,SAC Basic,0.3780242150174897,0.009170472621917725,0.0,0.9341405005829885,0.0,0.0,-5.802622105651306,110
2025-11-22 21:00:00,SAC Basic,0.375420194267093,0.008633583784103394,0.0,0.8473398089030995,0.0,0.0,-5.542197467273359,110
2025-11-22 22:00:00,SAC Basic,0.3742703434790899,0.006556212902069092,0.0,0.8090114493029958,0.0,0.0,-5.42718624587585,110
2025-11-22 23:00:00,SAC Basic,0.3768556048581954,0.004765242338180542,0.0,0.8951868286065136,0.0,0.0,-5.685673700371943,110
2025-11-23 00:00:00,SAC Basic,0.3749609210804066,0.0061255693435668945,0.0,0.8320307026802184,0.0,0.0,-5.496228222697582,110
2025-11-23 01:00:00,SAC Basic,0.3729316098168159,0.006593614816665649,0.0,0.7643869938938637,0.0,0.0,-5.293297534432653,110
2025-11-23 02:00:00,SAC Basic,0.3741348294360636,0.007960200309753418,0.0,0.8044943145354524,0.0,0.0,-5.413655813467483,110
2025-11-23 03:00:00,SAC Basic,0.37189106212060435,0.007571876049041748,0.0,0.7297020706868111,0.0,0.0,-5.189261532824023,110
2025-11-23 04:00:00,SAC Basic,0.36957462688399056,0.008556991815567017,0.0,0.6524875627996863,0.0,0.0,-4.9576436793930325,110
2025-11-23 05:00:00,SAC Basic,0.3674894668143335,0.008434206247329712,0.0,0.5829822271444499,0.0,0.0,-4.749116593413976,110
2025-11-23 06:00:00,SAC Basic,0.3661791268149623,0.005702227354049683,0.0,0.5393042271654096,0.0,0.0,-4.618054045832241,110
2025-11-23 07:00:00,SAC Basic,0.366428877219642,0.016054362058639526,0.0,0.5476292406547331,0.0,0.0,-4.643312330552419,110
2025-11-23 08:00:00,SAC Basic,0.3642948907857103,0.014800429344177246,0.0,0.4764963595236779,0.0,0.0,-4.429797626485059,110
2025-11-23 09:00:00,SAC Basic,0.3636130997316506,0.004232674837112427,0.0,0.4537699910550217,0.0,0.0,-4.361500304206874,110
2025-11-23 10:00:00,SAC Basic,0.3642493594670713,0.003856569528579712,0.0,0.4749786489023777,0.0,0.0,-4.425016839150788,110
2025-11-23 11:00:00,SAC Basic,0.3694341923287291,0.007256269454956055,0.0,0.6478064109576366,0.0,0.0,-4.943598355261272,110
2025-11-23 12:00:00,SAC Basic,0.36712658016801875,0.008102357387542725,0.0,0.5708860056006259,0.0,0.0,-4.712828524828951,110
2025-11-23 13:00:00,SAC Basic,0.3653043040882439,0.0034606456756591797,0.0,0.5101434696081285,0.0,0.0,-4.53054603885502,110
2025-11-23 14:00:00,SAC Basic,0.36271665218712895,0.004592835903167725,0.0,0.4238884062376329,0.0,0.0,-4.271768397333233,110
2025-11-23 15:00:00,SAC Basic,0.3605945393272818,0.005517452955245972,0.0,0.3531513109093936,0.0,0.0,-4.059573527957805,110
2025-11-23 16:00:00,SAC Basic,0.3589867049490733,0.012706518173217773,0.0,0.2995568316357762,0.0,0.0,-3.8989965159229745,110
2025-11-23 17:00:00,SAC Basic,0.35779581004077105,0.013091862201690674,0.0,0.2598603346923682,0.0,0.0,-3.779846694761422,110
2025-11-23 18:00:00,SAC Basic,0.35688996574318926,0.008912235498428345,0.0,0.22966552477297456,0.0,0.0,-3.689216615295927,110
2025-11-23 19:00:00,SAC Basic,0.356121348179786,0.007459670305252075,0.0,0.20404493932620227,0.0,0.0,-3.6122985370366383,110
2025-11-23 20:00:00,SAC Basic,0.3554276616292673,0.006816089153289795,0.0,0.18092205430890973,0.0,0.0,-3.542908920521316,110
2025-11-23 21:00:00,SAC Basic,0.3551215566189418,0.0043870508670806885,0.0,0.17071855396472702,0.0,0.0,-3.512267693294382,110
2025-11-23 22:00:00,SAC Basic,0.3545228361758586,0.005145072937011719,0.0,0.1507612058619543,0.0,0.0,-3.4523940992653,110
2025-11-23 23:00:00,SAC Basic,0.35428490866884554,0.0054520368576049805,0.0,0.1428302889615182,0.0,0.0,-3.4286029772609115,110
2025-11-24 00:00:00,SAC Basic,0.3549448134666529,0.00529855489730835,0.0,0.16482711555509724,0.0,0.0,-3.4945888525828392,110
2025-11-24 01:00:00,SAC Basic,0.35583994908385097,0.005705654621124268,0.0,0.19466496946169942,0.0,0.0,-3.584113092474757,110
2025-11-24 02:00:00,SAC Basic,0.35517118155693367,0.005742460489273071,0.0,0.17237271856445632,0.0,0.0,-3.517233372961833,110
2025-11-24 03:00:00,SAC Basic,0.3551164092130842,0.0051152706146240234,0.0,0.17054697376947275,0.0,0.0,-3.511749498619457,110
2025-11-24 04:00:00,SAC Basic,0.35536702737886144,0.005086362361907959,0.0,0.17890091262871552,0.0,0.0,-3.5368047542159093,110
2025-11-24 05:00:00,SAC Basic,0.35921843330930264,0.005202889442443848,0.0,0.30728111031008754,0.0,0.0,-3.9219485539899175,110
2025-11-24 06:00:00,SAC Basic,0.36594336666909383,0.00842556357383728,0.0,0.5314455556364621,0.0,0.0,-4.594537404922173,110
2025-11-24 07:00:00,SAC Basic,0.3647493204036432,0.009930133819580078,0.0,0.49164401345477415,0.0,0.0,-4.4751456887431695,110
2025-11-24 08:00:00,SAC Basic,0.363126206814445,0.012106150388717651,0.0,0.4375402271481676,0.0,0.0,-4.312884564617968,110
2025-11-24 09:00:00,SAC Basic,0.36109142035579417,0.005778074264526367,0.0,0.3697140118598043,0.0,0.0,-4.109320877825948,110
2025-11-24 10:00:00,SAC Basic,0.3589730178851103,0.003579854965209961,0.0,0.29910059617034507,0.0,0.0,-3.897395367803329,110
2025-11-24 11:00:00,SAC Basic,0.35701556250282074,0.003615468740463257,0.0,0.23385208342735667,0.0,0.0,-3.701628915794635,110
2025-11-24 12:00:00,SAC Basic,0.3584214732735271,0.001989006996154785,0.0,0.2807157757842362,0.0,0.0,-3.8422033721100735,110
2025-11-24 13:00:00,SAC Basic,0.3580672755666597,0.0026498734951019287,0.0,0.26890918555532295,1.4210854715202004e-14,0.0,-3.806787162800859,110
2025-11-24 14:00:00,SAC Basic,0.35902347324168893,0.0021417438983917236,0.0,0.3007824413896302,0.0,0.0,-3.9023952403428273,110
2025-11-24 15:00:00,SAC Basic,0.3678781335490603,0.013835877180099487,0.0,0.5959377849686774,0.0,0.0,-4.788207013782448,110
2025-11-24 16:00:00,SAC Basic,0.37051258087626027,0.010086894035339355,0.0,0.6837526958753429,0.0,0.0,-5.05149731533818,110
2025-11-24 17:00:00,SAC Basic,0.3757825883034849,0.008421838283538818,0.0,0.8594196101161629,0.0,0.0,-5.578443917671676,110
2025-11-24 18:00:00,SAC Basic,0.37305108157694195,0.008417367935180664,0.0,0.7683693858980647,0.0,0.0,-5.305276549756382,110
2025-11-24 19:00:00,SAC Basic,0.37367778892236814,0.011271834373474121,0.0,0.7892596307456046,0.0,0.0,-5.368032873588666,110
2025-11-24 20:00:00,SAC Basic,0.37270725296125884,0.00824764370918274,0.0,0.756908432041962,0.0,0.0,-5.27092049090671,110
2025-11-24 21:00:00,SAC Basic,0.37542391213702625,0.004961490631103516,0.0,0.8474637379008755,0.0,0.0,-5.542523305046027,110
2025-11-24 22:00:00,SAC Basic,0.3863422915586901,0.012423545122146606,0.0,1.2114097186230026,0.0,0.0,-6.634552247316363,110
2025-11-24 23:00:00,SAC Basic,0.3832285768652921,0.007504820823669434,0.0,1.107619228843069,0.0,0.0,-6.323056970188667,110
2025-11-25 00:00:00,SAC Basic,0.3849693166542916,0.004865825176239014,0.0,1.1656438884763873,0.0,0.0,-6.497055371889162,110
2025-11-25 01:00:00,SAC Basic,0.3867844415522398,0.004685521125793457,0.0,1.2261480517413277,0.0,0.0,-6.678539668686999,110
2025-11-25 02:00:00,SAC Basic,0.3878201894458039,0.00539734959602356,0.0,1.2606729815267954,0.0,0.0,-6.7821340098570095,110
2025-11-25 03:00:00,SAC Basic,0.3908257145645532,0.005014687776565552,0.0,1.3608571521517718,0.0,0.0,-7.082675576829043,110
2025-11-25 04:00:00,SAC Basic,0.39115966510245015,0.006173998117446899,0.0,1.3719888367483393,0.0,0.0,-7.116101583310773,110
2025-11-25 05:00:00,SAC Basic,0.3914351653862191,0.006322264671325684,0.0,1.381172179540637,0.0,0.0,-7.143644466580874,110
2025-11-25 06:00:00,SAC Basic,0.3889156573682004,0.00933617353439331,0.0,1.297188578940012,0.0,0.0,-6.891782599379357,110
2025-11-25 07:00:00,SAC Basic,0.38602884835788376,0.011418908834457397,0.0,1.2009616119294577,0.0,0.0,-6.603134041318064,110
2025-11-25 08:00:00,SAC Basic,0.38487306407727684,0.0347001850605011,0.0,1.1624354692425627,0.0,0.0,-6.488233224191154,110
2025-11-25 09:00:00,SAC Basic,0.3820701352816631,0.015125870704650879,0.0,1.069004509388772,0.0,0.0,-6.207511788723963,110
2025-11-25 10:00:00,SAC Basic,0.3851664420843551,0.00510677695274353,0.0,1.172214736145169,0.0,0.0,-6.51684653491208,110
2025-11-25 11:00:00,SAC Basic,0.3954917516124632,0.026484578847885132,0.0,1.5163917204154402,0.0,0.0,-7.549918630842227,110
2025-11-25 12:00:00,SAC Basic,0.3928747962092506,0.01407325267791748,0.0,1.4291598736416873,0.0,0.0,-7.287885199240317,110
2025-11-25 13:00:00,SAC Basic,0.39386578247134213,0.005988627672195435,0.0,1.4621927490447377,0.0,0.0,-7.386778865937713,110
2025-11-25 14:00:00,SAC Basic,0.38920370572076135,0.020667165517807007,0.0,1.306790190692044,0.0,0.0,-6.920930700764947,110
2025-11-25 15:00:00,SAC Basic,0.3875841211405923,0.019928663969039917,0.0,1.252804038019744,0.0,0.0,-6.7588180723541,110
2025-11-25 16:00:00,SAC Basic,0.3851004073388157,0.009899437427520752,0.0,1.1700135779605219,0.0,0.0,-6.510339014895533,110
2025-11-25 17:00:00,SAC Basic,0.3834890572768549,0.01789689064025879,0.0,1.116301909228497,0.0,0.0,-6.349343640030422,110
2025-11-25 18:00:00,SAC Basic,0.38141700680453483,0.010618418455123901,0.0,1.0472335601511602,0.0,0.0,-6.141985833544436,110
2025-11-25 19:00:00,SAC Basic,0.38081847500478244,0.015722960233688354,0.0,1.0272825001594144,0.0,0.0,-6.082213005100703,110
2025-11-25 20:00:00,SAC Basic,0.37813070546264965,0.00785931944847107,0.0,0.9376901820883206,0.0,0.0,-5.813306369061786,110
2025-11-25 21:00:00,SAC Basic,0.37534134395750324,0.009903013706207275,0.0,0.8447114652501085,0.0,0.0,-5.534352892967025,110
2025-11-25 22:00:00,SAC Basic,0.3725250298129793,0.007940083742141724,0.0,0.750834327099311,0.0,0.0,-5.2526814122724135,110
2025-11-25 23:00:00,SAC Basic,0.37001554220514976,0.007838457822799683,0.0,0.6671847401716591,0.0,0.0,-5.001712005930625,110
2025-11-26 00:00:00,SAC Basic,0.36773171748778954,0.007909834384918213,0.0,0.5910572495929841,0.0,0.0,-4.773330659232273,110
2025-11-26 01:00:00,SAC Basic,0.3656542759719646,0.009076744318008423,0.0,0.521809199065487,0.0,0.0,-4.565620801182151,110
2025-11-26 02:00:00,SAC Basic,0.3638236074618538,0.005086362361907959,0.0,0.4607869153951285,0.0,0.0,-4.382502377252181,110
2025-11-26 03:00:00,SAC Basic,0.3621530074096954,0.005920231342315674,0.0,0.40510024698984637,0.0,0.0,-4.215427484286192,110
2025-11-26 04:00:00,SAC Basic,0.3606487905520114,0.00569462776184082,0.0,0.35495968506704545,0.0,0.0,-4.064995203792178,110
2025-11-26 05:00:00,SAC Basic,0.3592972538000863,0.006447434425354004,0.0,0.3099084600028761,0.0,0.0,-3.9298618567637726,110
2025-11-26 06:00:00,SAC Basic,0.35807609728537687,0.004856288433074951,0.0,0.26920324284589586,0.0,0.0,-3.807722765766271,110
2025-11-26 07:00:00,SAC Basic,0.356864481127167,0.00983119010925293,0.0,0.22881603757223276,0.0,0.0,-3.686694485535647,110
2025-11-26 08:00:00,SAC Basic,0.35556389460793514,0.007787197828292847,0.0,0.1854631535978385,0.0,0.0,-3.5565656446728884,110
2025-11-26 09:00:00,SAC Basic,0.3541797183877651,0.004571080207824707,0.0,0.1393239462588369,0.0,0.0,-3.4180954215568677,110
2025-11-26 10:00:00,SAC Basic,0.3527496943813345,0.002649277448654175,0.0,0.09165647937781785,0.0,0.0,-3.2750416417100165,110
2025-11-26 11:00:00,SAC Basic,0.3514108448670311,0.002373307943344116,0.0,0.04702816223437054,0.0,0.0,-3.141134712557031,110
2025-11-26 12:00:00,SAC Basic,0.3502053246398571,0.00218808650970459,0.0,0.006844154661904156,0.0,0.0,-3.0205780779302396,110
2025-11-26 13:00:00,SAC Basic,0.3490234730915033,0.002444535493850708,0.0,0.0,0.0,0.0,-2.9023987643500457,110
2025-11-26 14:00:00,SAC Basic,0.3479839364103281,0.00263899564743042,0.0,0.0,0.0,0.0,-2.7984483655472934,110
2025-11-26 15:00:00,SAC Basic,0.3471163180053039,0.0032144784927368164,0.0,0.0,0.0,0.0,-2.7117018449286974,110
2025-11-26 16:00:00,SAC Basic,0.3465171454147303,0.007248222827911377,0.0,0.0,0.0,0.0,-2.651899843372937,110
2025-11-26 17:00:00,SAC Basic,0.34611050761896406,0.0055086612701416016,0.0,0.0,0.0,0.0,-2.6111783307373857,110
2025-11-26 18:00:00,SAC Basic,0.34578631179052627,0.004741251468658447,0.0,0.0,0.0,0.0,-2.578733678180014,110
2025-11-26 19:00:00,SAC Basic,0.3454938403030041,0.005758553743362427,0.0,0.0,0.0,0.0,-2.549509374398025,110
2025-11-26 20:00:00,SAC Basic,0.3458901023804946,0.0038786232471466064,0.0,0.0,0.0,0.0,-2.589106609819366,110
2025-11-26 21:00:00,SAC Basic,0.3455918378182057,0.004020631313323975,0.0,0.0,0.0,0.0,-2.559265614527496,110
2025-11-26 22:00:00,SAC Basic,0.34529233149248395,0.003648102283477783,0.0,0.0,0.0,0.0,-2.5293098365843627,110
2025-11-26 23:00:00,SAC Basic,0.34502353424189525,0.004360824823379517,0.0,0.0,0.0,0.0,-2.5024477679113906,110
2025-11-27 00:00:00,SAC Basic,0.34472432395257585,0.0037369132041931152,0.0,0.0,0.0,0.0,-2.47251337263786,110
2025-11-27 01:00:00,SAC Basic,0.3444549823128982,0.004197508096694946,0.0,0.0,0.0,0.0,-2.4455867874006754,110
2025-11-27 02:00:00,SAC Basic,0.3441847168012265,0.00392034649848938,0.0,0.0,0.0,0.0,-2.418552858668599,110
2025-11-27 03:00:00,SAC Basic,0.34394338017263054,0.004099011421203613,0.0,0.0,0.0,0.0,-2.3944217841407047,110
2025-11-27 04:00:00,SAC Basic,0.3437015786278053,0.003959536552429199,0.0,0.0,0.0,0.0,-2.370238448260267,110
2025-11-27 05:00:00,SAC Basic,0.343459127392352,0.003764629364013672,0.0,0.0,0.0,0.0,-2.3459899808943656,110
2025-11-27 06:00:00,SAC Basic,0.3431883065640732,0.003753751516342163,0.0,0.0,0.0,0.0,-2.3189058402161207,110
2025-11-27 07:00:00,SAC Basic,0.34281453553158087,0.006868690252304077,0.0,0.0,0.0,0.0,-2.2816220763504917,110
2025-11-27 08:00:00,SAC Basic,0.34217881708103465,0.0047844648361206055,0.0,0.0,0.0,0.0,-2.217998239654348,110
2025-11-27 09:00:00,SAC Basic,0.3413082179470663,0.0023202598094940186,0.0,0.0,0.0,0.0,-2.1308928419530835,110
2025-11-27 10:00:00,SAC Basic,0.3402376145628894,0.0018189847469329834,0.0,0.0,0.0,0.0,-2.023802848734506,110
2025-11-27 11:00:00,SAC Basic,0.33896786225515657,0.0015743076801300049,0.0,0.0,0.0,0.0,-1.8968201584399271,110
2025-11-27 12:00:00,SAC Basic,0.3376417288863465,0.001659989356994629,0.0,0.0,0.0,0.0,-1.7642069452385605,110
2025-11-27 13:00:00,SAC Basic,0.3363724111958151,0.0017046928405761719,0.0,0.0,0.0,0.0,-1.637275660473159,110
2025-11-27 14:00:00,SAC Basic,0.33527250639953265,0.0015285611152648926,0.0,0.0,0.0,0.0,-1.5272829724928232,110
2025-11-27 15:00:00,SAC Basic,0.3343146114933297,0.0016315281391143799,0.0,0.0,0.0,0.0,-1.4314948095659894,110
2025-11-27 16:00:00,SAC Basic,0.33364559414583495,0.0032947957515716553,0.0,0.0,0.0,0.0,-1.36464194317465,110
2025-11-27 17:00:00,SAC Basic,0.33320875192759486,0.00494733452796936,0.0,0.0,0.0,0.0,-1.3209906648378087,110
2025-11-27 18:00:00,SAC Basic,0.332905716510197,0.0025893747806549072,0.0,0.0,0.0,0.0,-1.2906470181127871,110
2025-11-27 19:00:00,SAC Basic,0.3325178663639034,0.002644956111907959,0.0,0.0,0.0,0.0,-1.2518400913258902,110
2025-11-27 20:00:00,SAC Basic,0.33215705364662457,0.0022561848163604736,0.0,0.0,0.0,0.0,-1.2157543760717389,110
2025-11-27 21:00:00,SAC Basic,0.33176977322139395,0.0028158724308013916,0.0,0.0,0.0,0.0,-1.1770392364641546,110
2025-11-27 22:00:00,SAC Basic,0.3313543119513795,0.002861618995666504,0.0,0.0,0.0,0.0,-1.13548888498351,110
2025-11-27 23:00:00,SAC Basic,0.33102052722571346,0.0018645823001861572,0.0,0.0,0.0,0.0,-1.1020999845843034,110
2025-11-28 00:00:00,SAC Basic,0.3306623783393507,0.0030553340911865234,0.0,0.0,0.0,0.0,-1.0663108481348023,110
2025-11-28 01:00:00,SAC Basic,0.33033090627390194,0.002558380365371704,0.0,0.0,0.0,0.0,-1.0331467645347585,110
2025-11-28 02:00:00,SAC Basic,0.3300265476333901,0.0021924078464508057,0.0,0.0,0.0,0.0,-1.0027022712211295,110
2025-11-28 03:00:00,SAC Basic,0.3297214667832657,0.0019757449626922607,0.0,0.0,0.0,0.0,-0.97218835985466,110
2025-11-28 04:00:00,SAC Basic,0.3294443646188383,0.0018693506717681885,0.0,0.0,0.0,0.0,-0.9444749128401743,110
2025-11-28 05:00:00,SAC Basic,0.32916775667625714,0.0020176172256469727,0.0,0.0,0.0,0.0,-0.916817502635765,110
2025-11-28 06:00:00,SAC Basic,0.3288618408644005,0.0017252564430236816,0.0,0.0,0.0,0.0,-0.8862215151767373,110
2025-11-28 07:00:00,SAC Basic,0.3285015273360217,0.0024059414863586426,0.0,0.0,0.0,0.0,-0.8502076592823324,110
2025-11-28 08:00:00,SAC Basic,0.32783234855928073,0.0032463669776916504,0.0,0.0,0.0,0.0,-0.7833081875225394,110
2025-11-28 09:00:00,SAC Basic,0.32690452843544926,0.0021539628505706787,0.0,0.0,0.0,0.0,-0.690506846843208,110
2025-11-28 10:00:00,SAC Basic,0.32586289019384035,0.0020085275173187256,0.0,0.0,0.0,0.0,-0.5863306442877131,110
2025-11-28 11:00:00,SAC Basic,0.32499291591523144,0.002507716417312622,0.0,0.0,0.0,0.0,-0.4993467377404895,110
2025-11-28 12:00:00,SAC Basic,0.32389585326709397,0.0023812055587768555,0.0,0.0,0.0,0.0,-0.38963421592915715,110
2025-11-28 13:00:00,SAC Basic,0.32268440079329463,0.002064257860183716,0.0,0.0,0.0,0.0,-0.2684845339636524,110
2025-11-28 14:00:00,SAC Basic,0.3218150414359376,0.002692192792892456,0.0,0.0,0.0,0.0,-0.18156426679894305,110
2025-11-28 15:00:00,SAC Basic,0.3211501139604852,0.004521757364273071,0.0,0.0,0.0,0.0,-0.11512012684151922,110
2025-11-28 16:00:00,SAC Basic,0.32062425438918724,0.003742128610610962,0.0,0.0,0.0,0.0,-0.06250807777847171,110
2025-11-28 17:00:00,SAC Basic,0.32026535100736275,0.0028289854526519775,0.0,0.0,0.0,0.0,-0.02660081187690726,110
2025-11-28 18:00:00,SAC Basic,0.3200176590335176,0.0021924078464508057,0.0,0.0,0.0,0.0,-0.001816117284749108,110
2025-11-28 19:00:00,SAC Basic,0.319856742284676,0.002724975347518921,0.0,0.0,0.0,0.0,0.999940174818039,110
2025-11-28 20:00:00,SAC Basic,0.31972266825634293,0.0022777915000915527,0.0,0.0,0.0,0.0,0.9999499723315238,110
2025-11-28 21:00:00,SAC Basic,0.3195884164074863,0.002224445343017578,0.0,0.0,0.0,0.0,0.9999549776315689,110
2025-11-28 22:00:00,SAC Basic,0.3194547198752368,0.002391040325164795,0.0,0.0,0.0,0.0,0.9999505132436752,110
2025-11-28 23:00:00,SAC Basic,0.31937761848408036,0.0023695826530456543,0.0,0.0,0.0,0.0,0.9999523937702179,110
2025-11-29 00:00:00,SAC Basic,0.3193002453950848,0.0022880733013153076,0.0,0.0,0.0,0.0,0.9999534234404563,110
2025-11-29 01:00:00,SAC Basic,0.31922353044070856,0.002485513687133789,0.0,0.0,0.0,0.0,0.9999483153223991,110
2025-11-29 02:00:00,SAC Basic,0.3191758968579576,0.0027099251747131348,0.0,0.0,0.0,0.0,0.9999435573816299,110
2025-11-29 03:00:00,SAC Basic,0.31915650869168893,0.0026835501194000244,0.0,0.0,0.0,0.0,0.9999460652470589,110
2025-11-29 04:00:00,SAC Basic,0.3191369079355206,0.0026197731494903564,0.0,0.0,0.0,0.0,0.9999469667673111,110
2025-11-29 05:00:00,SAC Basic,0.31911643844165466,0.002359151840209961,0.0,0.0,0.0,0.0,0.999950210750103,110
2025-11-29 06:00:00,SAC Basic,0.31903868735987007,0.002174675464630127,0.0,0.0,0.0,0.0,0.9999546617269517,110
2025-11-29 07:00:00,SAC Basic,0.3188241254031466,0.003631412982940674,0.0,0.0,0.0,0.0,0.9999128043651581,110
2025-11-29 08:00:00,SAC Basic,0.3183603664552973,0.0053723156452178955,0.0,0.0,0.0,0.0,0.9998751446604729,110
2025-11-29 09:00:00,SAC Basic,0.3176039207152333,0.0025662779808044434,0.0,0.0,0.0,0.0,0.9999206140637398,110
2025-11-29 10:00:00,SAC Basic,0.31670443640826207,0.002154707908630371,0.0,0.0,0.0,0.0,0.9999527901411056,110
2025-11-29 11:00:00,SAC Basic,0.3153816200379338,0.0026550889015197754,0.0,0.0,0.0,0.0,0.9999418944120407,110
2025-11-29 12:00:00,SAC Basic,0.3137777526954617,0.003339797258377075,0.0,0.0,0.0,0.0,0.9999263569712639,110
2025-11-29 13:00:00,SAC Basic,0.31228684566058773,0.0032278895378112793,0.0,0.0,0.0,0.0,0.9999343231320381,110
2025-11-29 14:00:00,SAC Basic,0.3140025236125594,0.003703385591506958,0.0,0.0,0.0,0.0,0.9999211773276329,110
2025-11-29 15:00:00,SAC Basic,0.31370840803025224,0.005265325307846069,0.0,0.0,0.0,0.0,0.9998790740966796,110
2025-11-29 16:00:00,SAC Basic,0.31343922793267226,0.006245970726013184,0.0,0.0,0.0,0.0,0.999865274131298,110
2025-11-29 17:00:00,SAC Basic,0.31314142282285345,0.004158467054367065,0.0,0.0,0.0,0.0,0.9998959556221962,110
2025-11-29 18:00:00,SAC Basic,0.3130087758290574,0.002705901861190796,0.0,0.0,0.0,0.0,0.9999313563108445,110
2025-11-29 19:00:00,SAC Basic,0.3139601935390438,0.0024253129959106445,0.0,0.0,0.0,0.0,0.999948687851429,110
2025-11-29 20:00:00,SAC Basic,0.31388369862514787,0.002551525831222534,0.0,0.0,0.0,0.0,0.9999477073550224,110
2025-11-29 21:00:00,SAC Basic,0.313836127627274,0.002728700637817383,0.0,0.0,0.0,0.0,0.9999436542391777,110
2025-11-29 22:00:00,SAC Basic,0.3138164384575492,0.0025932490825653076,0.0,0.0,0.0,0.0,0.9999467805027962,110
2025-11-29 23:00:00,SAC Basic,0.3137966683248486,0.002568960189819336,0.0,0.0,0.0,0.0,0.9999483779072762,110
2025-11-30 00:00:00,SAC Basic,0.3144139559860831,0.002186298370361328,0.0,0.0,0.0,0.0,0.9999524474143983,110
2025-11-30 01:00:00,SAC Basic,0.3153635403565373,0.0018753111362457275,0.0,0.0,0.0,0.0,0.9999593839049339,110
2025-11-30 02:00:00,SAC Basic,0.31728293868261637,0.00131949782371521,0.0,0.0,0.0,0.0,0.9999680519104004,110
2025-11-30 03:00:00,SAC Basic,0.3192021770695653,0.0012715160846710205,0.0,0.0,0.0,0.0,0.9999740898609161,110
2025-11-30 04:00:00,SAC Basic,0.3211792076575563,0.0016091763973236084,0.0,0.0,0.0,0.0,-0.11795632588670325,110
2025-11-30 05:00:00,SAC Basic,0.3215242880729641,0.0035241246223449707,0.0,0.0,0.0,0.0,-0.15251843927110906,110
2025-11-30 06:00:00,SAC Basic,0.32145024936713834,0.0032883882522583008,0.0,0.0,0.0,0.0,-0.14509306184257945,110
2025-11-30 07:00:00,SAC Basic,0.32129203568893727,0.0035358965396881104,0.0,0.0,0.0,0.0,-0.1292767619073946,110
2025-11-30 08:00:00,SAC Basic,0.3288122134077356,0.00705331563949585,0.0,0.0,0.0,0.0,-0.881397581277346,110
2025-11-30 09:00:00,SAC Basic,0.341290516345879,0.011490881443023682,0.0,0.0,0.0,0.0,-2.1293258278747933,110
2025-11-30 10:00:00,SAC Basic,0.35462861769686393,0.01521766185760498,0.0,0.1542872565621309,0.0,0.0,-3.463203390727691,110
2025-11-30 11:00:00,SAC Basic,0.356052270056101,0.005338042974472046,0.0,0.201742335203366,0.0,0.0,-3.6054325626584216,110
2025-11-30 12:00:00,SAC Basic,0.35665217466493754,0.003710538148880005,0.0,0.2217391554979173,0.0,0.0,-3.6653079523049863,110
2025-11-30 13:00:00,SAC Basic,0.35621628931647814,0.003944039344787598,0.0,0.20720964388260513,0.0,0.0,-3.621710147446668,110
2025-11-30 14:00:00,SAC Basic,0.35859148540609725,0.009441673755645752,0.0,0.2863828468699083,0.0,0.0,-3.8593923504289465,110
2025-11-30 15:00:00,SAC Basic,0.35789319728213825,0.006620138883590698,0.0,0.2631065760712758,0.0,0.0,-3.789480346340217,110
2025-11-30 16:00:00,SAC Basic,0.3566679253289546,0.007682591676712036,0.0,0.22226417763181844,0.0,0.0,-3.666956809256923,110
2025-11-30 17:00:00,SAC Basic,0.35566515997363135,0.007009059190750122,0.0,0.18883866578771205,0.0,0.0,-3.566662913871809,110
2025-11-30 18:00:00,SAC Basic,0.354936617209968,0.005491077899932861,0.0,0.16455390699893402,0.0,0.0,-3.4937867223677057,110
2025-11-30 19:00:00,SAC Basic,0.35431103631072375,0.007026940584182739,0.0,0.14370121035745884,0.0,0.0,-3.4312595285109,110
2025-11-30 20:00:00,SAC Basic,0.3537476657083017,0.0069110095500946045,0.0,0.12492219027672179,0.0,0.0,-3.374905950331511,110
2025-11-30 21:00:00,SAC Basic,0.35324017261431057,0.006757825613021851,0.0,0.10800575381035174,0.0,0.0,-3.324153949782687,110
2025-11-30 22:00:00,SAC Basic,0.35280787695674987,0.006407201290130615,0.0,0.0935958985583298,0.0,0.0,-3.280919345944018,110
2025-11-30 23:00:00,SAC Basic,0.35244283341481286,0.00591471791267395,0.0,0.08142778049376319,0.0,0.0,-3.2444065606733132,110
2025-12-01 00:00:00,SAC Basic,0.35214005753058797,0.006002485752105713,0.0,0.07133525101959748,-1.4210854715202004e-14,0.0,-3.2141266804522326,110
2025-12-01 01:00:00,SAC Basic,0.3518921437074417,0.005697309970855713,0.0,0.06307145691472442,0.0,0.0,-3.1893313687014,110
2025-12-01 02:00:00,SAC Basic,0.3516694812654562,0.005850642919540405,0.0,0.05564937551520615,0.0,0.0,-3.167066672733499,110
2025-12-01 03:00:00,SAC Basic,0.3514681203664935,0.005529075860977173,0.0,0.048937345549784086,0.0,0.0,-3.1469258338371544,110
2025-12-01 04:00:00,SAC Basic,0.35128681509115667,0.005502253770828247,0.0,0.04289383637188848,0.0,0.0,-3.1287918224119844,110
2025-12-01 05:00:00,SAC Basic,0.35112267921845647,0.0051818788051605225,0.0,0.0374226406152161,0.0,0.0,-3.112374763171406,110
2025-12-01 06:00:00,SAC Basic,0.35097368869519713,0.0047591328620910645,0.0,0.03245628983990372,0.0,0.0,-3.0974682796363844,110
2025-12-01 07:00:00,SAC Basic,0.35068192681243854,0.01170232892036438,0.0,0.022730893747950634,0.0,0.0,-3.068496159782843,110
2025-12-01 08:00:00,SAC Basic,0.3500491518021599,0.007305890321731567,0.0,0.0016383934053294524,0.0,0.0,-3.0051052624084105,110
2025-12-01 09:00:00,SAC Basic,0.34898361481278894,0.0033389031887054443,0.0,0.0,0.0,0.0,-2.898467929213998,110
2025-12-01 10:00:00,SAC Basic,0.3476037562665319,0.002542436122894287,0.0,0.0,0.0,0.0,-2.760434440046305,110
2025-12-01 11:00:00,SAC Basic,0.3460249916856463,0.0023706257343292236,0.0,0.0,0.0,0.0,-2.602548299183204,110
2025-12-01 12:00:00,SAC Basic,0.3443616036074336,0.002483576536178589,0.0,0.0,0.0,0.0,-2.436211161782104,110
2025-12-01 13:00:00,SAC Basic,0.34275361261695386,0.0021027028560638428,0.0,0.0,0.0,0.0,-2.2754071244893077,110
2025-12-01 14:00:00,SAC Basic,0.34134357199996473,0.0019878149032592773,0.0,0.0,0.0,0.0,-2.134398105174066,110
2025-12-01 15:00:00,SAC Basic,0.3402172839356438,0.0021135807037353516,0.0,0.0,0.0,0.0,-2.0217719228364612,110
2025-12-01 16:00:00,SAC Basic,0.3394964204471286,0.00474095344543457,0.0,0.0,0.0,0.0,-1.9497631375091828,110
2025-12-01 17:00:00,SAC Basic,0.339182557580568,0.007841140031814575,0.0,0.0,0.0,0.0,-1.9184435827232973,110
2025-12-01 18:00:00,SAC Basic,0.33911263755569615,0.0045239925384521484,0.0,0.0,0.0,0.0,-1.911387406895317,110
2025-12-01 19:00:00,SAC Basic,0.3390710270222998,0.0045168399810791016,0.0,0.0,0.0,0.0,-1.9071931105551745,110
2025-12-01 20:00:00,SAC Basic,0.3390279164386765,0.004066824913024902,0.0,0.0,0.0,0.0,-1.902877480516593,110
2025-12-01 21:00:00,SAC Basic,0.3390128610333777,0.0039833784103393555,0.0,0.0,0.0,0.0,-1.9013666053710019,110
2025-12-01 22:00:00,SAC Basic,0.33899787019977734,0.004002749919891357,0.0,0.0,0.0,0.0,-1.8998672686912268,110
2025-12-01 23:00:00,SAC Basic,0.3390133813151694,0.004653334617614746,0.0,0.0,0.0,0.0,-1.901437704056268,110
2025-12-02 00:00:00,SAC Basic,0.3390291715789811,0.00473707914352417,0.0,0.0,0.0,0.0,-1.9030127369262393,110
2025-12-02 01:00:00,SAC Basic,0.33904318165073555,0.00420302152633667,0.0,0.0,0.0,0.0,-1.9044075660802529,110
2025-12-02 02:00:00,SAC Basic,0.3390560706584629,0.0038667023181915283,0.0,0.0,0.0,0.0,-1.9056877630847329,110
2025-12-02 03:00:00,SAC Basic,0.3390702580540355,0.004256218671798706,0.0,0.0,0.0,0.0,-1.9071148249405225,110
2025-12-02 04:00:00,SAC Basic,0.3390844707815822,0.004263818264007568,0.0,0.0,0.0,0.0,-1.908532430519423,110
2025-12-02 05:00:00,SAC Basic,0.3390986879794773,0.004265159368515015,0.0,0.0,0.0,0.0,-1.9099541145461434,110
2025-12-02 06:00:00,SAC Basic,0.33911351860850814,0.004449188709259033,0.0,0.0,0.0,0.0,-1.9114426849184054,110
2025-12-02 07:00:00,SAC Basic,0.3389392332658148,0.007214397192001343,0.0,0.0,0.0,0.0,-1.894095266610149,110
2025-12-02 08:00:00,SAC Basic,0.33830481966028375,0.005175918340682983,0.0,0.0,0.0,0.0,-1.8306058691837013,110
2025-12-02 09:00:00,SAC Basic,0.33723583652903405,0.002305060625076294,0.0,0.0,0.0,0.0,-1.7236584626930618,110
2025-12-02 10:00:00,SAC Basic,0.33582797694533834,0.002642124891281128,0.0,0.0,0.0,0.0,-1.5828539076743207,110
2025-12-02 11:00:00,SAC Basic,0.33419519562095173,0.003165602684020996,0.0,0.0,0.0,0.0,-1.4195881089267806,110
2025-12-02 12:00:00,SAC Basic,0.3324774609868702,0.003179609775543213,0.0,0.0,0.0,0.0,-1.2478098309534453,110
2025-12-02 13:00:00,SAC Basic,0.3308154105362273,0.0028848648071289062,0.0,0.0,0.0,0.0,-1.0816016983685577,110
2025-12-02 14:00:00,SAC Basic,0.3293495615594563,0.002245306968688965,0.0,0.0,0.0,0.0,-0.9350074576633903,110
2025-12-02 15:00:00,SAC Basic,0.32819421298513585,0.0018954277038574219,0.0,0.0,0.0,0.0,-0.8194627058603094,110
2025-12-02 16:00:00,SAC Basic,0.32746867351223796,0.003338158130645752,0.0,0.0,0.0,0.0,-0.7469485416906764,110
2025-12-02 17:00:00,SAC Basic,0.3271718742307998,0.0044602155685424805,0.0,0.0,0.0,0.0,-0.7172878479657289,110
2025-12-02 18:00:00,SAC Basic,0.3270955948870358,0.002616196870803833,0.0,0.0,0.0,0.0,-0.7096302528279751,110
2025-12-02 19:00:00,SAC Basic,0.32707674067904324,0.0028437376022338867,0.0,0.0,0.0,0.0,-0.7077332180636826,110
2025-12-02 20:00:00,SAC Basic,0.3270564892388361,0.002424567937850952,0.0,0.0,0.0,0.0,-0.7057016069390125,110
2025-12-02 21:00:00,SAC Basic,0.32706495409180497,0.0025394558906555176,0.0,0.0,0.0,0.0,-0.7065473471778376,110
2025-12-02 22:00:00,SAC Basic,0.3270733523862538,0.0025194883346557617,0.0,0.0,0.0,0.0,-0.7073858280676315,110
2025-12-02 23:00:00,SAC Basic,0.3270823963976877,0.0027132034301757812,0.0,0.0,0.0,0.0,-0.7082958409883294,110
2025-12-03 00:00:00,SAC Basic,0.32709201013018463,0.002884119749069214,0.0,0.0,0.0,0.0,-0.7092604045766326,110
2025-12-03 01:00:00,SAC Basic,0.3271023574965176,0.0031042098999023438,0.0,0.0,0.0,0.0,-0.7103000347512672,110
2025-12-03 02:00:00,SAC Basic,0.32744496630598874,0.0027826428413391113,0.0,0.0,0.0,0.0,-0.7445554991262855,110
2025-12-03 03:00:00,SAC Basic,0.3274554716246304,0.0031515955924987793,0.0,0.0,0.0,0.0,-0.745613883902401,110
2025-12-03 04:00:00,SAC Basic,0.32779900380939014,0.0030596554279327393,0.0,0.0,0.0,0.0,-0.7799624934492181,110
2025-12-03 05:00:00,SAC Basic,0.32780838409036167,0.00281408429145813,0.0,0.0,0.0,0.0,-0.7808971464333603,110
2025-12-03 06:00:00,SAC Basic,0.3281215126737929,0.002438575029373169,0.0,0.0,0.0,0.0,-0.8122037939724991,110
2025-12-03 07:00:00,SAC Basic,0.3279117210754729,0.005062520503997803,0.0,0.0,0.0,0.0,-0.791299597412115,110
2025-12-03 08:00:00,SAC Basic,0.3272715034676569,0.0034347176551818848,0.0,0.0,0.0,0.0,-0.7272353191472788,110
2025-12-03 09:00:00,SAC Basic,0.3262017395155606,0.002070814371109009,0.0,0.0,0.0,0.0,-0.6202290068763207,110
2025-12-03 10:00:00,SAC Basic,0.3247923123297073,0.002171844244003296,0.0,0.0,0.0,0.0,-0.47927568015433725,110
2025-12-03 11:00:00,SAC Basic,0.32315788194348194,0.002670884132385254,0.0,0.0,0.0,0.0,-0.3158466024297248,110
2025-12-03 12:00:00,SAC Basic,0.3214420784998911,0.0037589669227600098,0.0,0.0,0.0,0.0,-0.14429391015546755,110
2025-12-03 13:00:00,SAC Basic,0.31975233993619456,0.0030784308910369873,0.0,0.0,0.0,0.0,0.999931626021862,110
2025-12-03 14:00:00,SAC Basic,0.31828788471470054,0.00266343355178833,0.0,0.0,0.0,0.0,0.9999425813555718,110
2025-12-03 15:00:00,SAC Basic,0.3171335777315475,0.0022079050540924072,0.0,0.0,0.0,0.0,0.9999512866139412,110
2025-12-03 16:00:00,SAC Basic,0.31640895865370605,0.003614276647567749,0.0,0.0,0.0,0.0,0.9999136507511139,110
2025-12-03 17:00:00,SAC Basic,0.3161173405060149,0.0060145556926727295,0.0,0.0,0.0,0.0,0.9998557060956955,110
2025-12-03 18:00:00,SAC Basic,0.3160745532775896,0.004163831472396851,0.0,0.0,0.0,0.0,0.9998982161283493,110
2025-12-03 19:00:00,SAC Basic,0.3160942744677243,0.0059163570404052734,0.0,0.0,0.0,0.0,0.9998641476035118,110
2025-12-03 20:00:00,SAC Basic,0.31611574108054014,0.00643998384475708,0.0,0.0,0.0,0.0,0.9998659640550613,110
2025-12-03 21:00:00,SAC Basic,0.31613851005484433,0.006830692291259766,0.0,0.0,0.0,0.0,0.9998594790697097,110
2025-12-03 22:00:00,SAC Basic,0.31615931952645154,0.006242841482162476,0.0,0.0,0.0,0.0,0.9998692646622658,110
2025-12-03 23:00:00,SAC Basic,0.3161791062816955,0.005936026573181152,0.0,0.0,0.0,0.0,0.9998782113194465,110
2025-12-04 00:00:00,SAC Basic,0.31619943792273375,0.006099492311477661,0.0,0.0,0.0,0.0,0.9998763754963874,110
2025-12-04 01:00:00,SAC Basic,0.31616098246186747,0.005463361740112305,0.0,0.0,0.0,0.0,0.9998843714594842,110
2025-12-04 02:00:00,SAC Basic,0.31606069857209695,0.003914833068847656,0.0,0.0,0.0,0.0,0.9999062180519104,110
2025-12-04 03:00:00,SAC Basic,0.3159563888852772,0.0027070939540863037,0.0,0.0,0.0,0.0,0.9999337807297707,110
2025-12-04 04:00:00,SAC Basic,0.3158511990365363,0.0024430453777313232,0.0,0.0,0.0,0.0,0.9999484986066818,110
2025-12-04 05:00:00,SAC Basic,0.31574697279621927,0.0027321279048919678,0.0,0.0,0.0,0.0,0.9999424666166306,110
2025-12-04 06:00:00,SAC Basic,0.3156421882590628,0.00256463885307312,0.0,0.0,0.0,0.0,0.9999470323324203,110
2025-12-04 07:00:00,SAC Basic,0.3153449434329049,0.004326552152633667,0.0,0.0,0.0,0.0,0.9998958498239517,110
2025-12-04 08:00:00,SAC Basic,0.3147001253399229,0.002054572105407715,0.0,0.0,0.0,0.0,0.9999361887574195,110
2025-12-04 09:00:00,SAC Basic,0.31368856535762313,0.0025320053100585938,0.0,0.0,0.0,0.0,0.9999445855617524,110
2025-12-04 10:00:00,SAC Basic,0.3123967088986413,0.0034430623054504395,0.0,0.0,0.0,0.0,0.999922028183937,110
2025-12-04 11:00:00,SAC Basic,0.3109085416906055,0.004049837589263916,0.0,0.0,0.0,0.0,0.9999129354953765,110
2025-12-04 12:00:00,SAC Basic,0.3098387182467159,0.004052966833114624,0.0,0.0,0.0,0.0,0.9999189093708992,110
2025-12-04 13:00:00,SAC Basic,0.30871583670069536,0.005135536193847656,0.0,0.0,0.0,0.0,0.9998864635825158,110
2025-12-04 14:00:00,SAC Basic,0.30808992817570524,0.003227442502975464,0.0,0.0,0.0,0.0,0.9999163702130318,110
2025-12-04 15:00:00,SAC Basic,0.3074118520284668,0.002577155828475952,0.0,0.0,0.0,0.0,0.9999419540166855,110
2025-12-04 16:00:00,SAC Basic,0.3067720874159511,0.0035706162452697754,0.0,0.0,0.0,0.0,0.9999186530709266,110
2025-12-04 17:00:00,SAC Basic,0.306748623398242,0.003460794687271118,0.0,0.0,0.0,0.0,0.9999296858906745,110
2025-12-04 18:00:00,SAC Basic,0.30689020871807887,0.0019755959510803223,0.0,0.0,0.0,0.0,0.9999456360936164,110
2025-12-04 19:00:00,SAC Basic,0.3066688056382513,0.0015790760517120361,0.0,0.0,0.0,0.0,0.9999644532799721,110
2025-12-04 20:00:00,SAC Basic,0.30644743881791586,0.001589953899383545,0.0,0.0,0.0,0.0,0.9999680921435357,110
2025-12-04 21:00:00,SAC Basic,0.3061992883850113,0.002054870128631592,0.0,0.0,0.0,0.0,0.9999542534351349,110
2025-12-04 22:00:00,SAC Basic,0.3060068663423236,0.0017733871936798096,0.0,0.0,0.0,0.0,0.9999617174267769,110
2025-12-04 23:00:00,SAC Basic,0.305813776230909,0.0015729665756225586,0.0,0.0,0.0,0.0,0.9999665364623069,110
2025-12-05 00:00:00,SAC Basic,0.3055919792637205,0.0014609098434448242,0.0,0.0,0.0,0.0,0.9999696612358093,110
2025-12-05 01:00:00,SAC Basic,0.3053421142038679,0.0015404820442199707,0.0,0.0,0.0,0.0,0.9999683946371078,110
2025-12-05 02:00:00,SAC Basic,0.30512085963894686,0.0016236305236816406,0.0,0.0,0.0,0.0,0.9999666959047318,110
2025-12-05 03:00:00,SAC Basic,0.3049004261280076,0.0018699467182159424,0.0,0.0,0.0,0.0,0.9999601379036904,110
2025-12-05 04:00:00,SAC Basic,0.30840701696802936,0.0029772520065307617,0.0,0.0,0.0,0.0,0.9999293819069862,110
2025-12-05 05:00:00,SAC Basic,0.3106327201391236,0.0017109513282775879,0.0,0.0,0.0,0.0,0.999953117966652,110
2025-12-05 06:00:00,SAC Basic,0.327171043267347,0.003996938467025757,0.0,0.0,0.0,0.0,-0.7172071253754246,110
2025-12-05 07:00:00,SAC Basic,0.32787168247629955,0.003691762685775757,0.0,0.0,0.0,0.0,-0.7872451346414826,110
2025-12-05 08:00:00,SAC Basic,0.3272914003532107,0.004415363073348999,0.0,0.0,0.0,0.0,-0.7292355785864114,110
2025-12-05 09:00:00,SAC Basic,0.3263915708360051,0.00205114483833313,0.0,0.0,0.0,0.0,-0.639221748679628,110
2025-12-05 10:00:00,SAC Basic,0.32526425558497263,0.001805424690246582,0.0,0.0,0.0,0.0,-0.526464124192548,110
2025-12-05 11:00:00,SAC Basic,0.3243299058851575,0.0021950900554656982,0.0,0.0,0.0,0.0,-0.4330383869705085,110
2025-12-05 12:00:00,SAC Basic,0.32311964302072677,0.002421140670776367,0.0,0.0,0.0,0.0,-0.31201498539224454,110
2025-12-05 13:00:00,SAC Basic,0.3218804920030609,0.002254694700241089,0.0,0.0,0.0,0.0,-0.18809595865979978,110
2025-12-05 14:00:00,SAC Basic,0.3252003485680595,0.0019569694995880127,0.0,0.0,0.0,0.0,-0.5200769734479492,110
2025-12-05 15:00:00,SAC Basic,0.3281952406757052,0.002467632293701172,0.0,0.0,0.0,0.0,-0.8195785268443359,110
2025-12-05 16:00:00,SAC Basic,0.3294425191196775,0.0016835331916809082,0.0,0.0,0.0,0.0,-0.9442934236226012,110
2025-12-05 17:00:00,SAC Basic,0.3301401234588002,0.002781301736831665,0.0,0.0,0.0,0.0,-1.0140789496002103,110
2025-12-05 18:00:00,SAC Basic,0.3312524207775767,0.0016891956329345703,0.0,0.0,0.0,0.0,-1.1252867827313688,110
2025-12-05 19:00:00,SAC Basic,0.3322601878723478,0.00433012843132019,0.0,0.0,0.0,0.0,-1.2261317991313885,110
2025-12-05 20:00:00,SAC Basic,0.3319040819351847,0.0036682188510894775,0.0,0.0,0.0,0.0,-1.190488176991296,110
2025-12-05 21:00:00,SAC Basic,0.3315752756874735,0.003358125686645508,0.0,0.0,0.0,0.0,-1.1575978321927292,110
2025-12-05 22:00:00,SAC Basic,0.331216650460658,0.0029124319553375244,0.0,0.0,0.0,0.0,-1.1217277516422204,110
2025-12-05 23:00:00,SAC Basic,0.3308860670011218,0.0028249621391296387,0.0,0.0,0.0,0.0,-1.0886640740531215,110
2025-12-06 00:00:00,SAC Basic,0.330526865099368,0.002739429473876953,0.0,0.0,0.0,0.0,-1.0527421538529311,110
2025-12-06 01:00:00,SAC Basic,0.33008559673954796,0.0036194920539855957,0.0,0.0,0.0,0.0,-1.008640864421676,110
2025-12-06 02:00:00,SAC Basic,0.3296442787091906,0.003604590892791748,0.0,0.0,0.0,0.0,-0.9645001117485279,110
2025-12-06 03:00:00,SAC Basic,0.32920274759222823,0.0035406649112701416,0.0,0.0,0.0,0.0,-0.9203462117808628,110
2025-12-06 04:00:00,SAC Basic,0.32878973756323016,0.0035969913005828857,0.0,0.0,0.0,0.0,-0.8790462594129196,110
2025-12-06 05:00:00,SAC Basic,0.32840240051358693,0.0027988851070404053,0.0,0.0,0.0,0.0,-0.840304010122769,110
2025-12-06 06:00:00,SAC Basic,0.3280129763079659,0.0021727383136749268,0.0,0.0,0.0,0.0,-0.8013473470307952,110
2025-12-06 07:00:00,SAC Basic,0.3274294800044075,0.003451108932495117,0.0,0.0,0.0,0.0,-0.7430298063255899,110
2025-12-06 08:00:00,SAC Basic,0.32667649034032975,0.0036031007766723633,0.0,0.0,0.0,0.0,-0.6677226159669496,110
2025-12-06 09:00:00,SAC Basic,0.325635939883488,0.0023348629474639893,0.0,0.0,0.0,0.0,-0.5636533679860397,110
2025-12-06 10:00:00,SAC Basic,0.32431067574908096,0.0019207596778869629,0.0,0.0,0.0,0.0,-0.4311101311343485,110
2025-12-06 11:00:00,SAC Basic,0.3228468513434108,0.0028526782989501953,0.0,0.0,0.0,0.0,-0.28475150709326796,110
2025-12-06 12:00:00,SAC Basic,0.32138392398764454,0.003121793270111084,0.0,0.0,0.0,0.0,-0.1384575257795669,110
2025-12-06 13:00:00,SAC Basic,0.32003278521150114,0.002658367156982422,0.0,0.0,0.0,0.0,-0.0033363227543838914,110
2025-12-06 14:00:00,SAC Basic,0.3188796236309385,0.002551525831222534,0.0,0.0,0.0,0.0,0.9999479010701179,110
2025-12-06 15:00:00,SAC Basic,0.3178382074166314,0.0020751357078552246,0.0,0.0,0.0,0.0,0.9999537333846091,110
2025-12-06 16:00:00,SAC Basic,0.3170835100794808,0.003090798854827881,0.0,0.0,0.0,0.0,0.9999280273914337,110
2025-12-06 17:00:00,SAC Basic,0.31658858707437676,0.004523098468780518,0.0,0.0,0.0,0.0,0.9998952150344849,110
2025-12-06 18:00:00,SAC Basic,0.3162005819560067,0.0025984644889831543,0.0,0.0,0.0,0.0,0.9999287843704223,110
2025-12-06 19:00:00,SAC Basic,0.3158688327289597,0.002475231885910034,0.0,0.0,0.0,0.0,0.999949263036251,110
2025-12-06 20:00:00,SAC Basic,0.31553674822578587,0.0023746490478515625,0.0,0.0,0.0,0.0,0.9999515011906623,110
2025-12-06 21:00:00,SAC Basic,0.31520457928269857,0.0023493170738220215,0.0,0.0,0.0,0.0,0.9999527603387832,110
2025-12-06 22:00:00,SAC Basic,0.3148434099309619,0.0021491944789886475,0.0,0.0,0.0,0.0,0.9999550148844719,110
2025-12-06 23:00:00,SAC Basic,0.31453800870587184,0.0018796324729919434,0.0,0.0,0.0,0.0,0.9999597117304803,110
2025-12-07 00:00:00,SAC Basic,0.31426142510185395,0.002024918794631958,0.0,0.0,0.0,0.0,0.999958048760891,110
2025-12-07 01:00:00,SAC Basic,0.3139558102934535,0.0018155574798583984,0.0,0.0,0.0,0.0,0.9999615952372551,110
2025-12-07 02:00:00,SAC Basic,0.313593516400752,0.0018118321895599365,0.0,0.0,0.0,0.0,0.9999637261033059,110
2025-12-07 03:00:00,SAC Basic,0.3132040296102539,0.0021539628505706787,0.0,0.0,0.0,0.0,0.9999534994363785,110
2025-12-07 04:00:00,SAC Basic,0.3128136929568624,0.0018990039825439453,0.0,0.0,0.0,0.0,0.9999594703316689,110
2025-12-07 05:00:00,SAC Basic,0.3124528181514119,0.002237558364868164,0.0,0.0,0.0,0.0,0.9999518632888793,110
2025-12-07 06:00:00,SAC Basic,0.31206305022567266,0.002069622278213501,0.0,0.0,0.0,0.0,0.9999569281935692,110
2025-12-07 07:00:00,SAC Basic,0.3117338918138519,0.003252476453781128,0.0,0.0,0.0,0.0,0.9999231219291688,110
2025-12-07 08:00:00,SAC Basic,0.3111225489482259,0.0035971403121948242,0.0,0.0,0.0,0.0,0.999924610555172,110
2025-12-07 09:00:00,SAC Basic,0.3101466571475044,0.004732459783554077,0.0,0.0,0.0,0.0,0.9998939976096154,110
2025-12-07 10:00:00,SAC Basic,0.3088585811131174,0.004577189683914185,0.0,0.0,0.0,0.0,0.9999069035053253,110
2025-12-07 11:00:00,SAC Basic,0.307430296242334,0.005014538764953613,0.0,0.0,0.0,0.0,0.9998953357338906,110
2025-12-07 12:00:00,SAC Basic,0.305917987894314,0.005307495594024658,0.0,0.0,0.0,0.0,0.9998909205198288,110
2025-12-07 13:00:00,SAC Basic,0.3044321596718803,0.004751533269882202,0.0,0.0,0.0,0.0,0.9998994097113609,110
2025-12-07 14:00:00,SAC Basic,0.303195952626961,0.0031378865242004395,0.0,0.0,0.0,0.0,0.9999211058020592,110
2025-12-07 15:00:00,SAC Basic,0.302302337887384,0.003915578126907349,0.0,0.0,0.0,0.0,0.9999139115214348,110
2025-12-07 16:00:00,SAC Basic,0.30161927245308706,0.007580369710922241,0.0,0.0,0.0,0.0,0.9998117446899414,110
2025-12-07 17:00:00,SAC Basic,0.30109802826811616,0.005126744508743286,0.0,0.0,0.0,0.0,0.9998729288578033,110
2025-12-07 18:00:00,SAC Basic,0.30062358469098555,0.002166926860809326,0.0,0.0,0.0,0.0,0.9999270632863045,110
2025-12-07 19:00:00,SAC Basic,0.300148626030383,0.002012401819229126,0.0,0.0,0.0,0.0,0.9999582067131996,110
2025-12-07 20:00:00,SAC Basic,0.29967314781596016,0.0018565356731414795,0.0,0.0,0.0,0.0,0.9999613106250763,110
2025-12-07 21:00:00,SAC Basic,0.2991693183868105,0.0018511712551116943,0.0,0.0,0.0,0.0,0.9999629229307174,110
2025-12-07 22:00:00,SAC Basic,0.2986940681601539,0.0019249320030212402,0.0,0.0,0.0,0.0,0.9999607637524605,110
2025-12-07 23:00:00,SAC Basic,0.2983042570210472,0.0020566582679748535,0.0,0.0,0.0,0.0,0.999957549571991,110
2025-12-08 00:00:00,SAC Basic,0.2979144324708954,0.0020526349544525146,0.0,0.0,0.0,0.0,0.9999589070677757,110
2025-12-08 01:00:00,SAC Basic,0.2974672056334193,0.0018319487571716309,0.0,0.0,0.0,0.0,0.9999611541628838,110
2025-12-08 02:00:00,SAC Basic,0.29701998376299693,0.0018334388732910156,0.0,0.0,0.0,0.0,0.999963316321373,110
2025-12-08 03:00:00,SAC Basic,0.29660116277783866,0.0018537044525146484,0.0,0.0,0.0,0.0,0.9999627232551574,110
2025-12-08 04:00:00,SAC Basic,0.2962107511219358,0.0018765032291412354,0.0,0.0,0.0,0.0,0.9999622419476509,110
2025-12-08 05:00:00,SAC Basic,0.295878233988382,0.0022448599338531494,0.0,0.0,0.0,0.0,0.9999514192342758,110
2025-12-08 06:00:00,SAC Basic,0.29554394013970847,0.0017118453979492188,0.0,0.0,0.0,0.0,0.9999604329466819,110
2025-12-08 07:00:00,SAC Basic,0.2954655886539792,0.003994554281234741,0.0,0.0,0.0,0.0,0.9998972818255425,110
2025-12-08 08:00:00,SAC Basic,0.29484665834833934,0.009820908308029175,0.0,0.0,0.0,0.0,0.9997453182935715,110
2025-12-08 09:00:00,SAC Basic,0.2939736558883364,0.010099261999130249,0.0,0.0,0.0,0.0,0.9997952312231064,110
2025-12-08 10:00:00,SAC Basic,0.2929376634312645,0.012202262878417969,0.0,0.0,0.0,0.0,0.9997349247336388,110
2025-12-08 11:00:00,SAC Basic,0.2917550784803406,0.010724514722824097,0.0,0.0,0.0,0.0,0.9997707322239875,110
2025-12-08 12:00:00,SAC Basic,0.2904944071715052,0.012798607349395752,0.0,0.0,0.0,0.0,0.9997232869267464,110
2025-12-08 13:00:00,SAC Basic,0.289429495765465,0.012026578187942505,0.0,0.0,0.0,0.0,0.9997517481446266,110
2025-12-08 14:00:00,SAC Basic,0.28838805494715525,0.01056775450706482,0.0,0.0,0.0,0.0,0.99977405667305,110
2025-12-08 15:00:00,SAC Basic,0.28754714538345494,0.011227130889892578,0.0,0.0,0.0,0.0,0.9997688636183739,110
2025-12-08 16:00:00,SAC Basic,0.28690200665006793,0.010458379983901978,0.0,0.0,0.0,0.0,0.9997831448912621,110
2025-12-08 17:00:00,SAC Basic,0.28652724816729386,0.006572455167770386,0.0,0.0,0.0,0.0,0.9998296916484833,110
2025-12-08 18:00:00,SAC Basic,0.2862253348073339,0.0029259920120239258,0.0,0.0,0.0,0.0,0.999905015528202,110
2025-12-08 19:00:00,SAC Basic,0.28594983253091333,0.0023493170738220215,0.0,0.0,0.0,0.0,0.9999472469091415,110
2025-12-08 20:00:00,SAC Basic,0.285701988565224,0.002146810293197632,0.0,0.0,0.0,0.0,0.9999550387263298,110
2025-12-08 21:00:00,SAC Basic,0.2854562814260499,0.002787858247756958,0.0,0.0,0.0,0.0,0.9999378323554993,110
2025-12-08 22:00:00,SAC Basic,0.28554227196941534,0.0022971630096435547,0.0,0.0,0.0,0.0,0.999949149787426,110
2025-12-08 23:00:00,SAC Basic,0.2852681256986634,0.0027561187744140625,0.0,0.0,0.0,0.0,0.999940288066864,110
2025-12-09 00:00:00,SAC Basic,0.28535472321599487,0.002479255199432373,0.0,0.0,0.0,0.0,0.9999476462602616,110
2025-12-09 01:00:00,SAC Basic,0.2854401574493424,0.002130270004272461,0.0,0.0,0.0,0.0,0.9999539047479629,110
2025-12-09 02:00:00,SAC Basic,0.2855266809575733,0.00245705246925354,0.0,0.0,0.0,0.0,0.9999475911259652,110
2025-12-09 03:00:00,SAC Basic,0.28525156015087927,0.0024637579917907715,0.0,0.0,0.0,0.0,0.9999506577849389,110
2025-12-09 04:00:00,SAC Basic,0.2853379003748274,0.002402067184448242,0.0,0.0,0.0,0.0,0.9999513417482376,110
2025-12-09 05:00:00,SAC Basic,0.285755669067003,0.0018306076526641846,0.0,0.0,0.0,0.0,0.9999576732516289,110
2025-12-09 06:00:00,SAC Basic,0.28584167252470816,0.002301037311553955,0.0,0.0,0.0,0.0,0.99994927495718,110
2025-12-09 07:00:00,SAC Basic,0.28686802113622195,0.00140458345413208,0.0,0.0,0.0,0.0,0.9999629437923431,110
2025-12-09 08:00:00,SAC Basic,0.2898219016242997,0.005164146423339844,0.0,0.0,0.0,0.0,0.9998591214418411,110
2025-12-09 09:00:00,SAC Basic,0.2893057173769649,0.006644725799560547,0.0,0.0,0.0,0.0,0.9998522996902466,110
2025-12-09 10:00:00,SAC Basic,0.2884868528565741,0.009340643882751465,0.0,0.0,0.0,0.0,0.9997862279415131,110
2025-12-09 11:00:00,SAC Basic,0.28747329634994034,0.010433048009872437,0.0,0.0,0.0,0.0,0.9997804149985313,110
2025-12-09 12:00:00,SAC Basic,0.28709399113903206,0.007208436727523804,0.0,0.0,0.0,0.0,0.999823585152626,110
2025-12-09 13:00:00,SAC Basic,0.2912689931878424,0.005500614643096924,0.0,0.0,0.0,0.0,0.9998729094862938,110
2025-12-09 14:00:00,SAC Basic,0.2906638243700044,0.005449354648590088,0.0,0.0,0.0,0.0,0.9998905003070832,110
2025-12-09 15:00:00,SAC Basic,0.2904461586142556,0.004700273275375366,0.0,0.0,0.0,0.0,0.9998985037207603,110
2025-12-09 16:00:00,SAC Basic,0.28998378050734364,0.00578656792640686,0.0,0.0,0.0,0.0,0.9998734056949615,110
2025-12-09 17:00:00,SAC Basic,0.2896574592766142,0.004103630781173706,0.0,0.0,0.0,0.0,0.9999010980129243,110
2025-12-09 18:00:00,SAC Basic,0.2894122786451356,0.002945810556411743,0.0,0.0,0.0,0.0,0.9999295055866242,110
2025-12-09 19:00:00,SAC Basic,0.28922368024041023,0.002920478582382202,0.0,0.0,0.0,0.0,0.9999413371086121,110
2025-12-09 20:00:00,SAC Basic,0.28933859817673524,0.0024753808975219727,0.0,0.0,0.0,0.0,0.9999460414052009,110
2025-12-09 21:00:00,SAC Basic,0.28914928302615645,0.0027054548263549805,0.0,0.0,0.0,0.0,0.9999435901641845,110
2025-12-09 22:00:00,SAC Basic,0.28898900553713003,0.0029167532920837402,0.0,0.0,0.0,0.0,0.9999395519495011,110
2025-12-09 23:00:00,SAC Basic,0.28882992461134754,0.0032757222652435303,0.0,0.0,0.0,0.0,0.9999308958649635,110
2025-12-10 00:00:00,SAC Basic,0.28867097531248886,0.0033152103424072266,0.0,0.0,0.0,0.0,0.9999333009123802,110
2025-12-10 01:00:00,SAC Basic,0.2885408257533089,0.003455132246017456,0.0,0.0,0.0,0.0,0.9999294981360436,110
2025-12-10 02:00:00,SAC Basic,0.28937846259842076,0.002291053533554077,0.0,0.0,0.0,0.0,0.9999425381422042,110
2025-12-10 03:00:00,SAC Basic,0.29221750114609557,0.002711564302444458,0.0,0.0,0.0,0.0,0.9999415636062622,110
2025-12-10 04:00:00,SAC Basic,0.2937191835436201,0.0015047192573547363,0.0,0.0,0.0,0.0,0.999957837164402,110
2025-12-10 05:00:00,SAC Basic,0.29358888646294434,0.0034108757972717285,0.0,0.0,0.0,0.0,0.9999127209186554,110
2025-12-10 06:00:00,SAC Basic,0.2934877671147362,0.0036641955375671387,0.0,0.0,0.0,0.0,0.9999241828918457,110
2025-12-10 07:00:00,SAC Basic,0.29327296276579057,0.0035586953163146973,0.0,0.0,0.0,0.0,0.9999277710914612,110
2025-12-10 08:00:00,SAC Basic,0.29883126376241204,0.0034902989864349365,0.0,0.0,0.0,0.0,0.9999295100569725,110
2025-12-10 09:00:00,SAC Basic,0.31100517554292834,0.005173534154891968,0.0,0.0,0.0,0.0,0.9998796969652176,110
2025-12-10 10:00:00,SAC Basic,0.31410948098510255,0.0012916326522827148,0.0,0.0,0.0,0.0,0.9999353483319282,110
2025-12-10 11:00:00,SAC Basic,0.3140162026223516,0.001516491174697876,0.0,0.0,0.0,0.0,0.9999674215912819,110
2025-12-10 12:00:00,SAC Basic,0.3149180700708404,0.002060234546661377,0.0,0.0,0.0,0.0,0.9999533578753471,110
2025-12-10 13:00:00,SAC Basic,0.31437883632351704,0.0017298758029937744,0.0,0.0,0.0,0.0,0.9999620988965034,110
2025-12-10 14:00:00,SAC Basic,0.31408824237674227,0.0018218159675598145,0.0,0.0,0.0,0.0,0.999962644279003,110
2025-12-10 15:00:00,SAC Basic,0.31318932481060174,0.002324730157852173,0.0,0.0,0.0,0.0,0.99994847625494,110
2025-12-10 16:00:00,SAC Basic,0.31265987008581303,0.0026635825634002686,0.0,0.0,0.0,0.0,0.9999433398246765,110
2025-12-10 17:00:00,SAC Basic,0.3124126519688939,0.0023345649242401123,0.0,0.0,0.0,0.0,0.9999500185251237,110
2025-12-10 18:00:00,SAC Basic,0.3123345328284278,0.002064257860183716,0.0,0.0,0.0,0.0,0.9999560117721558,110
2025-12-10 19:00:00,SAC Basic,0.31261798250366996,0.002034902572631836,0.0,0.0,0.0,0.0,0.9999590083956718,110
2025-12-10 20:00:00,SAC Basic,0.3125702729249969,0.002687126398086548,0.0,0.0,0.0,0.0,0.9999397352337837,110
2025-12-10 21:00:00,SAC Basic,0.3125214994034146,0.002367943525314331,0.0,0.0,0.0,0.0,0.9999494493007659,110
2025-12-10 22:00:00,SAC Basic,0.31244408409446234,0.002275407314300537,0.0,0.0,0.0,0.0,0.9999535664916038,110
2025-12-10 23:00:00,SAC Basic,0.31236809830357387,0.0027042627334594727,0.0,0.0,0.0,0.0,0.9999416261911392,110
2025-12-11 00:00:00,SAC Basic,0.31229106794128575,0.0023908913135528564,0.0,0.0,0.0,0.0,0.9999490484595299,110
2025-12-11 01:00:00,SAC Basic,0.3122426138012584,0.0024637579917907715,0.0,0.0,0.0,0.0,0.9999499961733819,110
2025-12-11 02:00:00,SAC Basic,0.3125265413070694,0.0021782517433166504,0.0,0.0,0.0,0.0,0.9999535799026489,110
2025-12-11 03:00:00,SAC Basic,0.31281028403848166,0.002122819423675537,0.0,0.0,0.0,0.0,0.99995698928833,110
2025-12-11 04:00:00,SAC Basic,0.3127621537503576,0.002560913562774658,0.0,0.0,0.0,0.0,0.9999444007873535,110
2025-12-11 05:00:00,SAC Basic,0.31271364596615,0.002447664737701416,0.0,0.0,0.0,0.0,0.9999499142169952,110
2025-12-11 06:00:00,SAC Basic,0.31263516423076154,0.001955479383468628,0.0,0.0,0.0,0.0,0.9999559685587883,110
2025-12-11 07:00:00,SAC Basic,0.3124465668194469,0.002920776605606079,0.0,0.0,0.0,0.0,0.9999319314956665,110
2025-12-11 08:00:00,SAC Basic,0.311916893544294,0.002598017454147339,0.0,0.0,0.0,0.0,0.9999448120594024,110
2025-12-11 09:00:00,SAC Basic,0.3110190299869553,0.00264093279838562,0.0,0.0,0.0,0.0,0.9999467521905899,110
2025-12-11 10:00:00,SAC Basic,0.30983929341008026,0.003079026937484741,0.0,0.0,0.0,0.0,0.9999340385198593,110
2025-12-11 11:00:00,SAC Basic,0.3085202207081493,0.0037781894207000732,0.0,0.0,0.0,0.0,0.9999174445867538,110
2025-12-11 12:00:00,SAC Basic,0.3071201072447475,0.00496596097946167,0.0,0.0,0.0,0.0,0.9998888030648231,110
2025-12-11 13:00:00,SAC Basic,0.3056954175274547,0.006093084812164307,0.0,0.0,0.0,0.0,0.9998668670654297,110
2025-12-11 14:00:00,SAC Basic,0.3044623322758055,0.004074424505233765,0.0,0.0,0.0,0.0,0.999898324906826,110
2025-12-11 15:00:00,SAC Basic,0.3034551229358689,0.00383719801902771,0.0,0.0,0.0,0.0,0.9999208837747573,110
2025-12-11 16:00:00,SAC Basic,0.3031459865992244,0.002759099006652832,0.0,0.0,0.0,0.0,0.9999340370297432,110
2025-12-11 17:00:00,SAC Basic,0.30284124946921825,0.0020788609981536865,0.0,0.0,0.0,0.0,0.9999516203999519,110
2025-12-11 18:00:00,SAC Basic,0.30337235447495936,0.0018315017223358154,0.0,0.0,0.0,0.0,0.9999608963727951,110
2025-12-11 19:00:00,SAC Basic,0.3039319393421189,0.001875460147857666,0.0,0.0,0.0,0.0,0.9999620512127876,110
2025-12-11 20:00:00,SAC Basic,0.3038268105881389,0.002461373805999756,0.0,0.0,0.0,0.0,0.9999449133872985,110
2025-12-11 21:00:00,SAC Basic,0.3043579811589892,0.0018511712551116943,0.0,0.0,0.0,0.0,0.9999568745493889,110
2025-12-11 22:00:00,SAC Basic,0.30458576602230225,0.002335458993911743,0.0,0.0,0.0,0.0,0.9999484479427337,110
2025-12-11 23:00:00,SAC Basic,0.3051746587587372,0.002167820930480957,0.0,0.0,0.0,0.0,0.999954967200756,110
2025-12-12 00:00:00,SAC Basic,0.30537276819079867,0.0019328296184539795,0.0,0.0,0.0,0.0,0.9999589934945106,110
2025-12-12 01:00:00,SAC Basic,0.30526890404869866,0.002840757369995117,0.0,0.0,0.0,0.0,0.9999341055750848,110
2025-12-12 02:00:00,SAC Basic,0.3051648372508064,0.0027799606323242188,0.0,0.0,0.0,0.0,0.9999437928199768,110
2025-12-12 03:00:00,SAC Basic,0.30508908242791644,0.0027735531330108643,0.0,0.0,0.0,0.0,0.9999444648623467,110
2025-12-12 04:00:00,SAC Basic,0.30498442057698716,0.002601444721221924,0.0,0.0,0.0,0.0,0.9999462500214576,110
2025-12-12 05:00:00,SAC Basic,0.30490984443594765,0.003127157688140869,0.0,0.0,0.0,0.0,0.999932199716568,110
2025-12-12 06:00:00,SAC Basic,0.30511093509365866,0.002827197313308716,0.0,0.0,0.0,0.0,0.9999404564499855,110
2025-12-12 07:00:00,SAC Basic,0.3052258316716527,0.002468973398208618,0.0,0.0,0.0,0.0,0.9999470382928849,110
2025-12-12 08:00:00,SAC Basic,0.304670344352819,0.003353804349899292,0.0,0.0,0.0,0.0,0.9999240756034852,110
2025-12-12 09:00:00,SAC Basic,0.3038042995104169,0.00368654727935791,0.0,0.0,0.0,0.0,0.9999229416251183,110
2025-12-12 10:00:00,SAC Basic,0.3026610134260828,0.005514174699783325,0.0,0.0,0.0,0.0,0.9998714402318001,110
2025-12-12 11:00:00,SAC Basic,0.30135289407104,0.007064193487167358,0.0,0.0,0.0,0.0,0.9998432159423828,110
2025-12-12 12:00:00,SAC Basic,0.2999603623184537,0.007240474224090576,0.0,0.0,0.0,0.0,0.999853427708149,110
2025-12-12 13:00:00,SAC Basic,0.29859890471944955,0.00806272029876709,0.0,0.0,0.0,0.0,0.9998305231332779,110
2025-12-12 14:00:00,SAC Basic,0.2973774930374796,0.007576495409011841,0.0,0.0,0.0,0.0,0.9998436078429223,110
2025-12-12 15:00:00,SAC Basic,0.2964088049547846,0.006893575191497803,0.0,0.0,0.0,0.0,0.999855299293995,110
2025-12-12 16:00:00,SAC Basic,0.29575052389393003,0.006515681743621826,0.0,0.0,0.0,0.0,0.9998659074306487,110
2025-12-12 17:00:00,SAC Basic,0.2953907229654963,0.0025597214698791504,0.0,0.0,0.0,0.0,0.999909245967865,110
2025-12-12 18:00:00,SAC Basic,0.29522794108797856,0.0021654367446899414,0.0,0.0,0.0,0.0,0.9999527484178543,110
2025-12-12 19:00:00,SAC Basic,0.29509217975149304,0.0017715990543365479,0.0,0.0,0.0,0.0,0.9999606296420098,110
2025-12-12 20:00:00,SAC Basic,0.29495648745705433,0.001792311668395996,0.0,0.0,0.0,0.0,0.9999639466404915,110
2025-12-12 21:00:00,SAC Basic,0.29479310009568677,0.0019837915897369385,0.0,0.0,0.0,0.0,0.9999584093689918,110
2025-12-12 22:00:00,SAC Basic,0.29465813696473586,0.0020110607147216797,0.0,0.0,0.0,0.0,0.9999595060944557,110
2025-12-12 23:00:00,SAC Basic,0.294494096932508,0.0017879903316497803,0.0,0.0,0.0,0.0,0.9999620094895363,110
2025-12-13 00:00:00,SAC Basic,0.29433053026050077,0.0019299983978271484,0.0,0.0,0.0,0.0,0.9999599799513817,110
2025-12-13 01:00:00,SAC Basic,0.2941957747523958,0.002073347568511963,0.0,0.0,0.0,0.0,0.9999570995569229,110
2025-12-13 02:00:00,SAC Basic,0.29442471544911203,0.002682209014892578,0.0,0.0,0.0,0.0,0.9999402672052383,110
2025-12-13 03:00:00,SAC Basic,0.29432132615734874,0.0029832124710083008,0.0,0.0,0.0,0.0,0.9999373257160187,110
2025-12-13 04:00:00,SAC Basic,0.2951875953524285,0.00238075852394104,0.0,0.0,0.0,0.0,0.9999463602900506,110
2025-12-13 05:00:00,SAC Basic,0.29632776108830905,0.0015497207641601562,0.0,0.0,0.0,0.0,0.9999606952071189,110
2025-12-13 06:00:00,SAC Basic,0.2967754644919409,0.002311021089553833,0.0,0.0,0.0,0.0,0.999946166574955,110
2025-12-13 07:00:00,SAC Basic,0.2978593137384429,0.0016547739505767822,0.0,0.0,0.0,0.0,0.9999603420495987,110
2025-12-13 08:00:00,SAC Basic,0.29835626562684514,0.002085566520690918,0.0,0.0,0.0,0.0,0.999953980743885,110
2025-12-13 09:00:00,SAC Basic,0.29790988429476556,0.00408560037612915,0.0,0.0,0.0,0.0,0.999898287653923,110
2025-12-13 10:00:00,SAC Basic,0.29688318347384274,0.006489753723144531,0.0,0.0,0.0,0.0,0.999846163392067,110
2025-12-13 11:00:00,SAC Basic,0.2958247980484341,0.00548437237739563,0.0,0.0,0.0,0.0,0.9998802587389946,110
2025-12-13 12:00:00,SAC Basic,0.2950178285099043,0.006409138441085815,0.0,0.0,0.0,0.0,0.9998625695705413,110
2025-12-13 13:00:00,SAC Basic,0.29433900134414176,0.0023518502712249756,0.0,0.0,0.0,0.0,0.9999123901128769,110
2025-12-13 14:00:00,SAC Basic,0.29455428833255903,0.0025860965251922607,0.0,0.0,0.0,0.0,0.9999459356069564,110
2025-12-13 15:00:00,SAC Basic,0.29422088767299787,0.003979802131652832,0.0,0.0,0.0,0.0,0.9999064669013024,110
2025-12-13 16:00:00,SAC Basic,0.2939994106969211,0.0035569071769714355,0.0,0.0,0.0,0.0,0.9999246329069138,110
2025-12-13 17:00:00,SAC Basic,0.29402809829403687,0.002106279134750366,0.0,0.0,0.0,0.0,0.9999433681368828,110
2025-12-13 18:00:00,SAC Basic,0.2955014245097809,0.0014978647232055664,0.0,0.0,0.0,0.0,0.9999639585614205,110
2025-12-13 19:00:00,SAC Basic,0.2976998170639051,0.002017766237258911,0.0,0.0,0.0,0.0,0.9999544456601143,110
2025-12-13 20:00:00,SAC Basic,0.297507327965992,0.0017532706260681152,0.0,0.0,0.0,0.0,0.9999622896313667,110
2025-12-13 21:00:00,SAC Basic,0.29731529434690607,0.0018899142742156982,0.0,0.0,0.0,0.0,0.9999608352780341,110
2025-12-13 22:00:00,SAC Basic,0.29745715186128746,0.0020572543144226074,0.0,0.0,0.0,0.0,0.9999571815133095,110
2025-12-13 23:00:00,SAC Basic,0.2972654401072833,0.001986473798751831,0.0,0.0,0.0,0.0,0.9999595627188682,110
2025-12-14 00:00:00,SAC Basic,0.297102376597819,0.002080947160720825,0.0,0.0,0.0,0.0,0.9999574363231659,110
2025-12-14 01:00:00,SAC Basic,0.29693855014890164,0.0018520653247833252,0.0,0.0,0.0,0.0,0.999960669875145,110
2025-12-14 02:00:00,SAC Basic,0.2971080833587023,0.0018599629402160645,0.0,0.0,0.0,0.0,0.9999627217650414,110
2025-12-14 03:00:00,SAC Basic,0.2972783099692039,0.0020679831504821777,0.0,0.0,0.0,0.0,0.9999565601348877,110
2025-12-14 04:00:00,SAC Basic,0.2974499492097866,0.002491772174835205,0.0,0.0,0.0,0.0,0.9999459266662598,110
2025-12-14 05:00:00,SAC Basic,0.29789554906616333,0.0016799569129943848,0.0,0.0,0.0,0.0,0.9999582827091218,110
2025-12-14 06:00:00,SAC Basic,0.2986155992898317,0.0010150671005249023,0.0,0.0,0.0,0.0,0.9999730497598648,110
2025-12-14 07:00:00,SAC Basic,0.298282796053983,0.002159029245376587,0.0,0.0,0.0,0.0,0.999945379793644,110
2025-12-14 08:00:00,SAC Basic,0.29770389427512606,0.004829466342926025,0.0,0.0,0.0,0.0,0.999876706302166,110
2025-12-14 09:00:00,SAC Basic,0.29693028858909726,0.005918294191360474,0.0,0.0,0.0,0.0,0.9998707458376884,110
2025-12-14 10:00:00,SAC Basic,0.29593449204851907,0.007261037826538086,0.0,0.0,0.0,0.0,0.9998413518071174,110
2025-12-14 11:00:00,SAC Basic,0.2948267862289123,0.007688254117965698,0.0,0.0,0.0,0.0,0.9998419627547264,110
2025-12-14 12:00:00,SAC Basic,0.293689438257314,0.0072956085205078125,0.0,0.0,0.0,0.0,0.9998501613736153,110
2025-12-14 13:00:00,SAC Basic,0.29297249835739253,0.007918030023574829,0.0,0.0,0.0,0.0,0.9998354151844978,110
2025-12-14 14:00:00,SAC Basic,0.29194973591337325,0.007671266794204712,0.0,0.0,0.0,0.0,0.9998441070318221,110
2025-12-14 15:00:00,SAC Basic,0.2911831903975181,0.00803634524345398,0.0,0.0,0.0,0.0,0.9998356223106384,110
2025-12-14 16:00:00,SAC Basic,0.2919326191354764,0.0033286213874816895,0.0,0.0,0.0,0.0,0.9998863503336907,110
2025-12-14 17:00:00,SAC Basic,0.2915454201699269,0.0028403103351593018,0.0,0.0,0.0,0.0,0.9999383106827735,110
2025-12-14 18:00:00,SAC Basic,0.29162969757646046,0.001783221960067749,0.0,0.0,0.0,0.0,0.9999537646770478,110
2025-12-14 19:00:00,SAC Basic,0.2914386980979614,0.0022001564502716064,0.0,0.0,0.0,0.0,0.9999518275260926,110
2025-12-14 20:00:00,SAC Basic,0.29124674395173517,0.0019137561321258545,0.0,0.0,0.0,0.0,0.999958860874176,110
2025-12-14 21:00:00,SAC Basic,0.2910556024154993,0.002157539129257202,0.0,0.0,0.0,0.0,0.9999544113874436,110
2025-12-14 22:00:00,SAC Basic,0.29083557918319825,0.001993030309677124,0.0,0.0,0.0,0.0,0.9999584943056107,110
2025-12-14 23:00:00,SAC Basic,0.29061571241308976,0.002039968967437744,0.0,0.0,0.0,0.0,0.9999587312340736,110
2025-12-15 00:00:00,SAC Basic,0.29073027967542137,0.002370178699493408,0.0,0.0,0.0,0.0,0.9999492943286895,110
2025-12-15 01:00:00,SAC Basic,0.2905418451834691,0.0029696524143218994,0.0,0.0,0.0,0.0,0.9999346122145654,110
2025-12-15 02:00:00,SAC Basic,0.2910186160509758,0.0025312602519989014,0.0,0.0,0.0,0.0,0.9999449908733368,110
2025-12-15 03:00:00,SAC Basic,0.29116343591620253,0.0029459595680236816,0.0,0.0,0.0,0.0,0.9999369338154793,110
2025-12-15 04:00:00,SAC Basic,0.2912785868073476,0.002545267343521118,0.0,0.0,0.0,0.0,0.9999450877308845,110
2025-12-15 05:00:00,SAC Basic,0.29139326384156666,0.0024031102657318115,0.0,0.0,0.0,0.0,0.9999505162239075,110
2025-12-15 06:00:00,SAC Basic,0.29181224101791503,0.002193152904510498,0.0,0.0,0.0,0.0,0.9999540373682976,110
2025-12-15 07:00:00,SAC Basic,0.2917852275436095,0.0023959577083587646,0.0,0.0,0.0,0.0,0.9999500527977944,110
2025-12-15 08:00:00,SAC Basic,0.2912643896636339,0.00524863600730896,0.0,0.0,0.0,0.0,0.9998665004968643,110
2025-12-15 09:00:00,SAC Basic,0.2904704903174412,0.008330196142196655,0.0,0.0,0.0,0.0,0.9998025804758072,110
2025-12-15 10:00:00,SAC Basic,0.28959508678366463,0.009378939867019653,0.0,0.0,0.0,0.0,0.9998019337654114,110
2025-12-15 11:00:00,SAC Basic,0.2884945459390652,0.009837746620178223,0.0,0.0,0.0,0.0,0.9997986570000649,110
2025-12-15 12:00:00,SAC Basic,0.2873098961839052,0.01010507345199585,0.0,0.0,0.0,0.0,0.999795225262642,110
2025-12-15 13:00:00,SAC Basic,0.2861534416779848,0.010063648223876953,0.0,0.0,0.0,0.0,0.9997983127832413,110
2025-12-15 14:00:00,SAC Basic,0.2850557628497453,0.010696351528167725,0.0,0.0,0.0,0.0,0.9997797459363937,110
2025-12-15 15:00:00,SAC Basic,0.2842487377986284,0.012892484664916992,0.0,0.0,0.0,0.0,0.9997201889753342,110
2025-12-15 16:00:00,SAC Basic,0.28366612933883784,0.012217462062835693,0.0,0.0,0.0,0.0,0.9997489005327225,110
2025-12-15 17:00:00,SAC Basic,0.28329785882164754,0.008518844842910767,0.0,0.0,0.0,0.0,0.9997926369309426,110
2025-12-15 18:00:00,SAC Basic,0.28338505685577514,0.002659410238265991,0.0,0.0,0.0,0.0,0.9998882174491882,110
2025-12-15 19:00:00,SAC Basic,0.2831957287908566,0.00270158052444458,0.0,0.0,0.0,0.0,0.9999455466866494,110
2025-12-15 20:00:00,SAC Basic,0.2830097788191807,0.003715008497238159,0.0,0.0,0.0,0.0,0.9999155655503272,110
2025-12-15 21:00:00,SAC Basic,0.2828519759163233,0.0036591291427612305,0.0,0.0,0.0,0.0,0.9999262586236,110
2025-12-15 22:00:00,SAC Basic,0.28266584315707005,0.0036601722240448,0.0,0.0,0.0,0.0,0.9999267861247062,110
2025-12-15 23:00:00,SAC Basic,0.28284113864590443,0.003588646650314331,0.0,0.0,0.0,0.0,0.9999275118112564,110
2025-12-16 00:00:00,SAC Basic,0.2826834201829604,0.0036844611167907715,0.0,0.0,0.0,0.0,0.9999253526329994,110
2025-12-16 01:00:00,SAC Basic,0.2824970748338075,0.003596395254135132,0.0,0.0,0.0,0.0,0.9999271914362907,110
2025-12-16 02:00:00,SAC Basic,0.28231092319975015,0.0036545097827911377,0.0,0.0,0.0,0.0,0.9999263286590576,110
2025-12-16 03:00:00,SAC Basic,0.2821552640772831,0.004302263259887695,0.0,0.0,0.0,0.0,0.9999074772000313,110
2025-12-16 04:00:00,SAC Basic,0.281968937106229,0.0036019086837768555,0.0,0.0,0.0,0.0,0.9999209582805634,110
2025-12-16 05:00:00,SAC Basic,0.2817831098207803,0.003751814365386963,0.0,0.0,0.0,0.0,0.9999234646558761,110
2025-12-16 06:00:00,SAC Basic,0.28154057712564584,0.0037401914596557617,0.0,0.0,0.0,0.0,0.9999250799417496,110
2025-12-16 07:00:00,SAC Basic,0.2812506135035526,0.006510913372039795,0.0,0.0,0.0,0.0,0.9998420745134354,110
2025-12-16 08:00:00,SAC Basic,0.2811305998270682,0.008495897054672241,0.0,0.0,0.0,0.0,0.9998102322220802,110
2025-12-16 09:00:00,SAC Basic,0.28050205353667057,0.015436112880706787,0.0,0.0,0.0,0.0,0.9996218755841255,110
2025-12-16 10:00:00,SAC Basic,0.27963993488480365,0.013364404439926147,0.0,0.0,0.0,0.0,0.9997119948267937,110
2025-12-16 11:00:00,SAC Basic,0.2792124144491525,0.009743869304656982,0.0,0.0,0.0,0.0,0.9997689172625541,110
2025-12-16 12:00:00,SAC Basic,0.2788425381963423,0.010037124156951904,0.0,0.0,0.0,0.0,0.999796324968338,110
2025-12-16 13:00:00,SAC Basic,0.2784795979373625,0.012117922306060791,0.0,0.0,0.0,0.0,0.9997368335723877,110
2025-12-16 14:00:00,SAC Basic,0.2778815198199919,0.01607656478881836,0.0,0.0,0.0,0.0,0.999638882279396,110
2025-12-16 15:00:00,SAC Basic,0.27724964858382656,0.014438629150390625,0.0,0.0,0.0,0.0,0.9996948480606078,110
2025-12-16 16:00:00,SAC Basic,0.2771484813993147,0.014149844646453857,0.0,0.0,0.0,0.0,0.9997141152620316,110
2025-12-16 17:00:00,SAC Basic,0.2768731800231309,0.010909587144851685,0.0,0.0,0.0,0.0,0.9997494056820869,110
2025-12-16 18:00:00,SAC Basic,0.2766350908542644,0.005073249340057373,0.0,0.0,0.0,0.0,0.9998401716351508,110
2025-12-16 19:00:00,SAC Basic,0.27681519445111064,0.005031079053878784,0.0,0.0,0.0,0.0,0.9998989567160607,110
2025-12-16 20:00:00,SAC Basic,0.2766636589766513,0.005539357662200928,0.0,0.0,0.0,0.0,0.9998841300606728,110
2025-12-16 21:00:00,SAC Basic,0.27651107197691704,0.005223900079727173,0.0,0.0,0.0,0.0,0.9998923674225807,110
2025-12-16 22:00:00,SAC Basic,0.27635766392320105,0.004977583885192871,0.0,0.0,0.0,0.0,0.9998979851603509,110
2025-12-16 23:00:00,SAC Basic,0.2762345780111323,0.005574226379394531,0.0,0.0,0.0,0.0,0.9998825490474701,110
2025-12-17 00:00:00,SAC Basic,0.27647188670326966,0.005192607641220093,0.0,0.0,0.0,0.0,0.9998923316597939,110
2025-12-17 01:00:00,SAC Basic,0.27667944396823346,0.004767179489135742,0.0,0.0,0.0,0.0,0.9999004021286965,110
2025-12-17 02:00:00,SAC Basic,0.27691722850411826,0.005335360765457153,0.0,0.0,0.0,0.0,0.9998876109719277,110
2025-12-17 03:00:00,SAC Basic,0.277155391032792,0.005448758602142334,0.0,0.0,0.0,0.0,0.9998898908495902,110
2025-12-17 04:00:00,SAC Basic,0.2773653811606734,0.0054970383644104,0.0,0.0,0.0,0.0,0.9998895764350891,110
2025-12-17 05:00:00,SAC Basic,0.27724631260166255,0.00677943229675293,0.0,0.0,0.0,0.0,0.9998515874147414,110
2025-12-17 06:00:00,SAC Basic,0.27772699701080406,0.003705322742462158,0.0,0.0,0.0,0.0,0.9998951524496078,110
2025-12-17 07:00:00,SAC Basic,0.2845141253424653,0.00413849949836731,0.0,0.0,0.0,0.0,0.9999128982424735,110
2025-12-17 08:00:00,SAC Basic,0.28417090046574356,0.00753253698348999,0.0,0.0,0.0,0.0,0.9998154088854789,110
2025-12-17 09:00:00,SAC Basic,0.2837500606045096,0.00974804162979126,0.0,0.0,0.0,0.0,0.9997828841209412,110
2025-12-17 10:00:00,SAC Basic,0.28306989245265407,0.008449554443359375,0.0,0.0,0.0,0.0,0.9998180240392686,110
2025-12-17 11:00:00,SAC Basic,0.2823653571598697,0.00963941216468811,0.0,0.0,0.0,0.0,0.999795313179493,110
2025-12-17 12:00:00,SAC Basic,0.2814320437058775,0.009005963802337646,0.0,0.0,0.0,0.0,0.9998135462403297,110
2025-12-17 13:00:00,SAC Basic,0.2807572186137207,0.010052472352981567,0.0,0.0,0.0,0.0,0.9997884854674339,110
2025-12-17 14:00:00,SAC Basic,0.280066956528124,0.007421374320983887,0.0,0.0,0.0,0.0,0.9998252615332603,110
2025-12-17 15:00:00,SAC Basic,0.27957565610815766,0.00760987401008606,0.0,0.0,0.0,0.0,0.9998459175229073,110
2025-12-17 16:00:00,SAC Basic,0.2793462022750544,0.00966385006904602,0.0,0.0,0.0,0.0,0.9997861832380295,110
2025-12-17 17:00:00,SAC Basic,0.2790504333918261,0.0132693350315094,0.0,0.0,0.0,0.0,0.9996985584497452,110
2025-12-17 18:00:00,SAC Basic,0.2788995615157453,0.005738437175750732,0.0,0.0,0.0,0.0,0.9998099222779274,110
2025-12-17 19:00:00,SAC Basic,0.27910639160404277,0.0045490264892578125,0.0,0.0,0.0,0.0,0.9998971253633498,110
2025-12-17 20:00:00,SAC Basic,0.278981407284038,0.005004703998565674,0.0,0.0,0.0,0.0,0.9998953491449356,110
2025-12-17 21:00:00,SAC Basic,0.2788565367095636,0.005038827657699585,0.0,0.0,0.0,0.0,0.9998988822102547,110
2025-12-17 22:00:00,SAC Basic,0.2787321971131332,0.005198121070861816,0.0,0.0,0.0,0.0,0.9998944446444512,110
2025-12-17 23:00:00,SAC Basic,0.27860679456720416,0.0048792362213134766,0.0,0.0,0.0,0.0,0.9998992264270783,110
2025-12-18 00:00:00,SAC Basic,0.2784814953359928,0.00491023063659668,0.0,0.0,0.0,0.0,0.9999014854431153,110
2025-12-18 01:00:00,SAC Basic,0.2783281563243237,0.004998296499252319,0.0,0.0,0.0,0.0,0.9998991534113884,110
2025-12-18 02:00:00,SAC Basic,0.27817326610177423,0.004532933235168457,0.0,0.0,0.0,0.0,0.9999046877026558,110
2025-12-18 03:00:00,SAC Basic,0.2783809395957953,0.004802048206329346,0.0,0.0,0.0,0.0,0.9999012678861617,110
2025-12-18 04:00:00,SAC Basic,0.2785899740625387,0.0052103400230407715,0.0,0.0,0.0,0.0,0.999891710281372,110
2025-12-18 05:00:00,SAC Basic,0.2784078377947177,0.004859119653701782,0.0,0.0,0.0,0.0,0.9998993054032326,110
2025-12-18 06:00:00,SAC Basic,0.27816713694899936,0.004289746284484863,0.0,0.0,0.0,0.0,0.9999085113406181,110
2025-12-18 07:00:00,SAC Basic,0.2779410372544295,0.00867009162902832,0.0,0.0,0.0,0.0,0.999782794713974,110
2025-12-18 08:00:00,SAC Basic,0.27748833023239833,0.017187893390655518,0.0,0.0,0.0,0.0,0.9995710641145705,110
2025-12-18 09:00:00,SAC Basic,0.2767943186363544,0.012796521186828613,0.0,0.0,0.0,0.0,0.9997001558542251,110
2025-12-18 10:00:00,SAC Basic,0.27593212100833314,0.01334071159362793,0.0,0.0,0.0,0.0,0.9997277438640594,110
2025-12-18 11:00:00,SAC Basic,0.27492873702774107,0.013484805822372437,0.0,0.0,0.0,0.0,0.9997288629412651,110
2025-12-18 12:00:00,SAC Basic,0.27383343642482816,0.01140981912612915,0.0,0.0,0.0,0.0,0.999751053750515,110
2025-12-18 13:00:00,SAC Basic,0.27306969790388796,0.010878443717956543,0.0,0.0,0.0,0.0,0.9997771173715592,110
2025-12-18 14:00:00,SAC Basic,0.27209581302413993,0.013834536075592041,0.0,0.0,0.0,0.0,0.9996937483549119,110
2025-12-18 15:00:00,SAC Basic,0.2712989570221271,0.015943199396133423,0.0,0.0,0.0,0.0,0.9996600493788719,110
2025-12-18 16:00:00,SAC Basic,0.2707717955518728,0.020351558923721313,0.0,0.0,0.0,0.0,0.9995488852262497,110
2025-12-18 17:00:00,SAC Basic,0.27050962607234375,0.014849156141281128,0.0,0.0,0.0,0.0,0.9996479928493499,110
2025-12-18 18:00:00,SAC Basic,0.27033863587309576,0.008202940225601196,0.0,0.0,0.0,0.0,0.9997694790363312,110
2025-12-18 19:00:00,SAC Basic,0.2702241235924726,0.008146315813064575,0.0,0.0,0.0,0.0,0.9998365074396134,110
2025-12-18 20:00:00,SAC Basic,0.27011053170690585,0.008422434329986572,0.0,0.0,0.0,0.0,0.9998287901282311,110
2025-12-18 21:00:00,SAC Basic,0.2699699669640228,0.00883057713508606,0.0,0.0,0.0,0.0,0.9998193070292473,110
2025-12-18 22:00:00,SAC Basic,0.26982433582633386,0.007310658693313599,0.0,0.0,0.0,0.0,0.999838587641716,110
2025-12-18 23:00:00,SAC Basic,0.26971329799979576,0.009188652038574219,0.0,0.0,0.0,0.0,0.999797447025776,110
2025-12-19 00:00:00,SAC Basic,0.2696024836906756,0.009255707263946533,0.0,0.0,0.0,0.0,0.9998142153024674,110
2025-12-19 01:00:00,SAC Basic,0.2694935340135261,0.009815096855163574,0.0,0.0,0.0,0.0,0.9997981041669846,110
2025-12-19 02:00:00,SAC Basic,0.2693833842961952,0.009455084800720215,0.0,0.0,0.0,0.0,0.9998072981834412,110
2025-12-19 03:00:00,SAC Basic,0.26930880441277866,0.01162603497505188,0.0,0.0,0.0,0.0,0.9997457697987556,110
2025-12-19 04:00:00,SAC Basic,0.2692022443851793,0.010531991720199585,0.0,0.0,0.0,0.0,0.9997784197330475,110
2025-12-19 05:00:00,SAC Basic,0.2691001805346175,0.011880844831466675,0.0,0.0,0.0,0.0,0.9997488945722579,110
2025-12-19 06:00:00,SAC Basic,0.26893589883813895,0.01021549105644226,0.0,0.0,0.0,0.0,0.9997790366411209,110
2025-12-19 07:00:00,SAC Basic,0.26876141603797316,0.015655159950256348,0.0,0.0,0.0,0.0,0.9996325001120567,110
2025-12-19 08:00:00,SAC Basic,0.2686631299758915,0.02351418137550354,0.0,0.0,0.0,0.0,0.9994511261582374,110
2025-12-19 09:00:00,SAC Basic,0.268284084276454,0.015786290168762207,0.0,0.0,0.0,0.0,0.9996069952845573,110
2025-12-19 10:00:00,SAC Basic,0.2685313260429068,0.020672529935836792,0.0,0.0,0.0,0.0,0.9995376870036125,110
2025-12-19 11:00:00,SAC Basic,0.26750408752133087,0.01482844352722168,0.0,0.0,0.0,0.0,0.9996449902653695,110
2025-12-19 12:00:00,SAC Basic,0.2663907060806914,0.014485567808151245,0.0,0.0,0.0,0.0,0.9997068598866462,110
2025-12-19 13:00:00,SAC Basic,0.26520199698378283,0.0173872709274292,0.0,0.0,0.0,0.0,0.9996232375502587,110
2025-12-19 14:00:00,SAC Basic,0.2641271909412706,0.017558187246322632,0.0,0.0,0.0,0.0,0.9996471270918845,110
2025-12-19 15:00:00,SAC Basic,0.26326359929253296,0.021422505378723145,0.0,0.0,0.0,0.0,0.9995329067111016,110
2025-12-19 16:00:00,SAC Basic,0.26272156791935003,0.03289058804512024,0.0,0.0,0.0,0.0,0.9992275074124336,110
2025-12-19 17:00:00,SAC Basic,0.26253908461739256,0.0472550094127655,0.0,0.0,0.0,0.0,0.9989112555980683,110
2025-12-19 18:00:00,SAC Basic,0.26275704312413567,0.01638755202293396,0.0,0.0,0.0,0.0,0.999363574385643,110
2025-12-19 19:00:00,SAC Basic,0.2629843230693502,0.010683983564376831,0.0,0.0,0.0,0.0,0.9997292846441269,110
2025-12-19 20:00:00,SAC Basic,0.26288079095770545,0.011440366506576538,0.0,0.0,0.0,0.0,0.9997636288404464,110
2025-12-19 21:00:00,SAC Basic,0.26280788199116417,0.012127310037612915,0.0,0.0,0.0,0.0,0.9997505843639374,110
2025-12-19 22:00:00,SAC Basic,0.26273929088443143,0.013422667980194092,0.0,0.0,0.0,0.0,0.9997185930609703,110
2025-12-19 23:00:00,SAC Basic,0.26267166040589035,0.013710856437683105,0.0,0.0,0.0,0.0,0.9997229009866715,110
2025-12-20 00:00:00,SAC Basic,0.26260422562926633,0.013769567012786865,0.0,0.0,0.0,0.0,0.9997240215539932,110
2025-12-20 01:00:00,SAC Basic,0.26253383644908285,0.012883245944976807,0.0,0.0,0.0,0.0,0.9997334718704224,110
2025-12-20 02:00:00,SAC Basic,0.26246476900189736,0.013279765844345093,0.0,0.0,0.0,0.0,0.9997304394841194,110
2025-12-20 03:00:00,SAC Basic,0.2624067696405412,0.016600191593170166,0.0,0.0,0.0,0.0,0.9996347919106484,110
2025-12-20 04:00:00,SAC Basic,0.26238083039293303,0.017718225717544556,0.0,0.0,0.0,0.0,0.9996344551444054,110
2025-12-20 05:00:00,SAC Basic,0.26236311956653613,0.02018675208091736,0.0,0.0,0.0,0.0,0.9995715796947479,110
2025-12-20 06:00:00,SAC Basic,0.26256686534573254,0.012123733758926392,0.0,0.0,0.0,0.0,0.9996768951416015,110
2025-12-20 07:00:00,SAC Basic,0.2624346799883208,0.028344392776489258,0.0,0.0,0.0,0.0,0.9992709055542945,110
2025-12-20 08:00:00,SAC Basic,0.26212780073095976,0.04393622279167175,0.0,0.0,0.0,0.0,0.9989653572440147,110
2025-12-20 09:00:00,SAC Basic,0.26144655270744976,0.025125592947006226,0.0,0.0,0.0,0.0,0.9993093818426132,110
2025-12-20 10:00:00,SAC Basic,0.26051624405552565,0.01840740442276001,0.0,0.0,0.0,0.0,0.9995646700263023,110
2025-12-20 11:00:00,SAC Basic,0.2595300128015838,0.018630623817443848,0.0,0.0,0.0,0.0,0.9996251553297043,110
2025-12-20 12:00:00,SAC Basic,0.2583997172841392,0.01791134476661682,0.0,0.0,0.0,0.0,0.9996345803141593,110
2025-12-20 13:00:00,SAC Basic,0.257232335722542,0.023785531520843506,0.0,0.0,0.0,0.0,0.9994655475020409,110
2025-12-20 14:00:00,SAC Basic,0.25693954481372855,0.01816272735595703,0.0,0.0,0.0,0.0,0.999580517411232,110
2025-12-20 15:00:00,SAC Basic,0.25657546706527096,0.02877667546272278,0.0,0.0,0.0,0.0,0.9993183270096779,110
2025-12-20 16:00:00,SAC Basic,0.25611536032368365,0.04046797752380371,0.0,0.0,0.0,0.0,0.9990737274289131,110
2025-12-20 17:00:00,SAC Basic,0.2560386795052848,0.07049575448036194,0.0,0.0,0.0,0.0,0.9982898071408273,110
2025-12-20 18:00:00,SAC Basic,0.2559888621061009,0.02755478024482727,0.0,0.0,0.0,0.0,0.9990194946527481,110
2025-12-20 19:00:00,SAC Basic,0.25594256562004103,0.020111054182052612,0.0,0.0,0.0,0.0,0.9995233416557312,110
2025-12-20 20:00:00,SAC Basic,0.25589019393056245,0.018288493156433105,0.0,0.0,0.0,0.0,0.9996160045266151,110
2025-12-20 21:00:00,SAC Basic,0.2558521462306342,0.022585690021514893,0.0,0.0,0.0,0.0,0.9995053142309189,110
2025-12-20 22:00:00,SAC Basic,0.25581433347234733,0.022656172513961792,0.0,0.0,0.0,0.0,0.9995461717247963,110
2025-12-20 23:00:00,SAC Basic,0.255766844893392,0.01975342631340027,0.0,0.0,0.0,0.0,0.9995759040117264,110
2025-12-21 00:00:00,SAC Basic,0.2557305058599473,0.023098289966583252,0.0,0.0,0.0,0.0,0.9995045855641365,110
2025-12-21 01:00:00,SAC Basic,0.2556558238864899,0.020095407962799072,0.0,0.0,0.0,0.0,0.9995680630207061,110
2025-12-21 02:00:00,SAC Basic,0.255591939791139,0.023334771394729614,0.0,0.0,0.0,0.0,0.9995009109377861,110
2025-12-21 03:00:00,SAC Basic,0.25556051168371835,0.02457156777381897,0.0,0.0,0.0,0.0,0.9994962006807327,110
2025-12-21 04:00:00,SAC Basic,0.25550469010998406,0.025753527879714966,0.0,0.0,0.0,0.0,0.9994731098413467,110
2025-12-21 05:00:00,SAC Basic,0.2554732689564387,0.02457365393638611,0.0,0.0,0.0,0.0,0.999496728181839,110
2025-12-21 06:00:00,SAC Basic,0.25542181491305027,0.02706378698348999,0.0,0.0,0.0,0.0,0.9994338229298592,110
2025-12-21 07:00:00,SAC Basic,0.2553246333766937,0.03884553909301758,0.0,0.0,0.0,0.0,0.9991052716970443,110
2025-12-21 08:00:00,SAC Basic,0.2550297269369125,0.05602806806564331,0.0,0.0,0.0,0.0,0.9987076133489609,110
2025-12-21 09:00:00,SAC Basic,0.2544148469639778,0.03653600811958313,0.0,0.0,0.0,0.0,0.9990743592381478,110
2025-12-21 10:00:00,SAC Basic,0.25357616409629186,0.028895139694213867,0.0,0.0,0.0,0.0,0.999345688521862,110
2025-12-21 11:00:00,SAC Basic,0.25258617301394143,0.0260026752948761,0.0,0.0,0.0,0.0,0.999451021850109,110
2025-12-21 12:00:00,SAC Basic,0.2515728255860964,0.027495771646499634,0.0,0.0,0.0,0.0,0.9994351536035537,110
2025-12-21 13:00:00,SAC Basic,0.2505406495134989,0.0388471782207489,0.0,0.0,0.0,0.0,0.9991095423698426,110
2025-12-21 14:00:00,SAC Basic,0.24962173177172342,0.03882467746734619,0.0,0.0,0.0,0.0,0.999223281443119,110
2025-12-21 15:00:00,SAC Basic,0.248856668356355,0.04248097538948059,0.0,0.0,0.0,0.0,0.999113817512989,110
2025-12-21 16:00:00,SAC Basic,0.2484508795588175,0.06526336073875427,0.0,0.0,0.0,0.0,0.9984669089317322,110
2025-12-21 17:00:00,SAC Basic,0.24853397197097138,0.11842772364616394,0.0,0.0,0.0,0.0,0.9970998018980026,110
2025-12-21 18:00:00,SAC Basic,0.24854586624075567,0.046068280935287476,0.0,0.0,0.0,0.0,0.9983550399541855,110
2025-12-21 19:00:00,SAC Basic,0.24855325516153964,0.036216676235198975,0.0,0.0,0.0,0.0,0.9991771504282951,110
2025-12-21 20:00:00,SAC Basic,0.24856657722800563,0.03799661993980408,0.0,0.0,0.0,0.0,0.9992222681641578,110
2025-12-21 21:00:00,SAC Basic,0.24853227243432988,0.03220856189727783,0.0,0.0,0.0,0.0,0.9992979481816292,110
2025-12-21 22:00:00,SAC Basic,0.24851145567506142,0.03625497221946716,0.0,0.0,0.0,0.0,0.9992344364523887,110
2025-12-21 23:00:00,SAC Basic,0.24851701522995617,0.035667866468429565,0.0,0.0,0.0,0.0,0.999280771613121,110
2025-12-22 00:00:00,SAC Basic,0.24853695738563522,0.03998264670372009,0.0,0.0,0.0,0.0,0.9991571992635727,110
2025-12-22 01:00:00,SAC Basic,0.24890256683120712,0.035182833671569824,0.0,0.0,0.0,0.0,0.9992483451962471,110
2025-12-22 02:00:00,SAC Basic,0.24895840565293614,0.042251646518707275,0.0,0.0,0.0,0.0,0.9990842789411545,110
2025-12-22 03:00:00,SAC Basic,0.24897558115968688,0.03915265202522278,0.0,0.0,0.0,0.0,0.9991859570145607,110
2025-12-22 04:00:00,SAC Basic,0.24930773474941234,0.033646076917648315,0.0,0.0,0.0,0.0,0.9992720127105713,110
2025-12-22 05:00:00,SAC Basic,0.2502974586090404,0.022417157888412476,0.0,0.0,0.0,0.0,0.9994393676519394,110
2025-12-22 06:00:00,SAC Basic,0.25818061230986894,0.007446110248565674,0.0,0.0,0.0,0.0,0.9997013673186302,110
2025-12-22 07:00:00,SAC Basic,0.2593030088735579,0.013218969106674194,0.0,0.0,0.0,0.0,0.9996778920292854,110
2025-12-22 08:00:00,SAC Basic,0.26001349615742353,0.05764618515968323,0.0,0.0,0.0,0.0,0.9984028041362762,110
2025-12-22 09:00:00,SAC Basic,0.25955698754955914,0.041547417640686035,0.0,0.0,0.0,0.0,0.9990080639719963,110
2025-12-22 10:00:00,SAC Basic,0.25879342223176943,0.025930404663085938,0.0,0.0,0.0,0.0,0.9993252217769623,110
2025-12-22 11:00:00,SAC Basic,0.2579343391777037,0.022775083780288696,0.0,0.0,0.0,0.0,0.9995129451155662,110
2025-12-22 12:00:00,SAC Basic,0.2569272365952491,0.02086922526359558,0.0,0.0,0.0,0.0,0.9995635569095611,110
2025-12-22 13:00:00,SAC Basic,0.25604337016115175,0.02384006977081299,0.0,0.0,0.0,0.0,0.9994934901595115,110
2025-12-22 14:00:00,SAC Basic,0.255615144719378,0.04153236746788025,0.0,0.0,0.0,0.0,0.9989924296736717,110
2025-12-22 15:00:00,SAC Basic,0.25504927817672085,0.03424003720283508,0.0,0.0,0.0,0.0,0.9992422759532928,110
2025-12-22 16:00:00,SAC Basic,0.2547801552161534,0.06376311182975769,0.0,0.0,0.0,0.0,0.9984295070171356,110
2025-12-22 17:00:00,SAC Basic,0.2546970828271865,0.05157828330993652,0.0,0.0,0.0,0.0,0.998846586048603,110
2025-12-22 18:00:00,SAC Basic,0.2546159851416905,0.02667069435119629,0.0,0.0,0.0,0.0,0.9992175102233887,110
2025-12-22 19:00:00,SAC Basic,0.2545114230943679,0.019631385803222656,0.0,0.0,0.0,0.0,0.9995369791984559,110
2025-12-22 20:00:00,SAC Basic,0.2594224802129427,0.01581713557243347,0.0,0.0,0.0,0.0,0.9996455147862434,110
2025-12-22 21:00:00,SAC Basic,0.2593667701666513,0.017286986112594604,0.0,0.0,0.0,0.0,0.9996395617723465,110
2025-12-22 22:00:00,SAC Basic,0.25930849066346473,0.016516149044036865,0.0,0.0,0.0,0.0,0.9996619686484337,110
2025-12-22 23:00:00,SAC Basic,0.2592575956790605,0.018731504678726196,0.0,0.0,0.0,0.0,0.9996032163500785,110
2025-12-23 00:00:00,SAC Basic,0.25920692321866334,0.018798261880874634,0.0,0.0,0.0,0.0,0.999623367190361,110
2025-12-23 01:00:00,SAC Basic,0.2591869881456056,0.01951947808265686,0.0,0.0,0.0,0.0,0.999602398276329,110
2025-12-23 02:00:00,SAC Basic,0.2591705945818582,0.020581930875778198,0.0,0.0,0.0,0.0,0.9995777368545532,110
2025-12-23 03:00:00,SAC Basic,0.25915792233476626,0.021698325872421265,0.0,0.0,0.0,0.0,0.9995548695325851,110
2025-12-23 04:00:00,SAC Basic,0.2591182409708658,0.022095590829849243,0.0,0.0,0.0,0.0,0.9995541155338287,110
2025-12-23 05:00:00,SAC Basic,0.2590794268545467,0.022355765104293823,0.0,0.0,0.0,0.0,0.9995502829551697,110
2025-12-23 06:00:00,SAC Basic,0.2589373463981309,0.016875863075256348,0.0,0.0,0.0,0.0,0.9996076837182045,110
2025-12-23 07:00:00,SAC Basic,0.25883181401977523,0.02784028649330139,0.0,0.0,0.0,0.0,0.9993335500359535,110
2025-12-23 08:00:00,SAC Basic,0.26522703722089114,0.012066960334777832,0.0,0.0,0.0,0.0,0.9996009275317193,110
2025-12-23 09:00:00,SAC Basic,0.26751743565171543,0.014619529247283936,0.0,0.0,0.0,0.0,0.9996820837259293,110
2025-12-23 10:00:00,SAC Basic,0.2687577763463019,0.008102208375930786,0.0,0.0,0.0,0.0,0.9997727826237678,110
2025-12-23 11:00:00,SAC Basic,0.2698840386494953,0.007878690958023071,0.0,0.0,0.0,0.0,0.9998401910066604,110
2025-12-23 12:00:00,SAC Basic,0.2700863455860772,0.013692080974578857,0.0,0.0,0.0,0.0,0.9996680244803429,110
2025-12-23 13:00:00,SAC Basic,0.27028896495033883,0.01378580927848816,0.0,0.0,0.0,0.0,0.9997233465313912,110
2025-12-23 14:00:00,SAC Basic,0.27016402269770284,0.015517324209213257,0.0,0.0,0.0,0.0,0.9996723383665085,110
2025-12-23 15:00:00,SAC Basic,0.2695634918491997,0.015340745449066162,0.0,0.0,0.0,0.0,0.9996914193034172,110
2025-12-23 16:00:00,SAC Basic,0.2692025447218575,0.027715861797332764,0.0,0.0,0.0,0.0,0.9993219316005707,110
2025-12-23 17:00:00,SAC Basic,0.2689733222064334,0.024733245372772217,0.0,0.0,0.0,0.0,0.999475508928299,110
2025-12-23 18:00:00,SAC Basic,0.2688457090561547,0.012716054916381836,0.0,0.0,0.0,0.0,0.9996255069971084,110
2025-12-23 19:00:00,SAC Basic,0.2688025813191094,0.012561678886413574,0.0,0.0,0.0,0.0,0.999747222661972,110
2025-12-23 20:00:00,SAC Basic,0.26908071300118747,0.008939504623413086,0.0,0.0,0.0,0.0,0.9997849881649018,110
2025-12-23 21:00:00,SAC Basic,0.2693584855652807,0.008831769227981567,0.0,0.0,0.0,0.0,0.9998222872614861,110
2025-12-23 22:00:00,SAC Basic,0.26930557968626007,0.009628236293792725,0.0,0.0,0.0,0.0,0.9997994706034661,110
2025-12-23 23:00:00,SAC Basic,0.2692241944425263,0.009584426879882812,0.0,0.0,0.0,0.0,0.9998078733682633,110
2025-12-24 00:00:00,SAC Basic,0.2691444259747821,0.010069459676742554,0.0,0.0,0.0,0.0,0.9997937604784966,110
2025-12-24 01:00:00,SAC Basic,0.2690978650101978,0.011531710624694824,0.0,0.0,0.0,0.0,0.9997547432780266,110
2025-12-24 02:00:00,SAC Basic,0.2690497563116708,0.011067390441894531,0.0,0.0,0.0,0.0,0.9997740089893341,110
2025-12-24 03:00:00,SAC Basic,0.26932701428899747,0.008677393198013306,0.0,0.0,0.0,0.0,0.9998025521636009,110
2025-12-24 04:00:00,SAC Basic,0.2692813324929236,0.011795461177825928,0.0,0.0,0.0,0.0,0.9997329100966453,110
2025-12-24 05:00:00,SAC Basic,0.26919936113684956,0.00940859317779541,0.0,0.0,0.0,0.0,0.9997879594564438,110
2025-12-24 06:00:00,SAC Basic,0.2696890776364961,0.006414949893951416,0.0,0.0,0.0,0.0,0.9998417645692825,110
2025-12-24 07:00:00,SAC Basic,0.26951715286900185,0.016422569751739502,0.0,0.0,0.0,0.0,0.9995714724063873,110
2025-12-24 08:00:00,SAC Basic,0.27113415328194285,0.012600123882293701,0.0,0.0,0.0,0.0,0.9997097730636596,110
2025-12-24 09:00:00,SAC Basic,0.27060413078873935,0.01949325203895569,0.0,0.0,0.0,0.0,0.9995412036776543,110
2025-12-24 10:00:00,SAC Basic,0.2698102371375718,0.016831904649734497,0.0,0.0,0.0,0.0,0.9996367484331131,110
2025-12-24 11:00:00,SAC Basic,0.26902101488202396,0.011733323335647583,0.0,0.0,0.0,0.0,0.9997143477201461,110
2025-12-24 12:00:00,SAC Basic,0.2678724619651793,0.012434124946594238,0.0,0.0,0.0,0.0,0.9997443094849587,110
2025-12-24 13:00:00,SAC Basic,0.2666149258606591,0.013739168643951416,0.0,0.0,0.0,0.0,0.9997121661901475,110
2025-12-24 14:00:00,SAC Basic,0.2658814205711045,0.011448413133621216,0.0,0.0,0.0,0.0,0.9997481241822244,110
2025-12-24 15:00:00,SAC Basic,0.2649667295949616,0.01459270715713501,0.0,0.0,0.0,0.0,0.9996767029166221,110
2025-12-24 16:00:00,SAC Basic,0.2643939983527817,0.02368062734603882,0.0,0.0,0.0,0.0,0.9994355082511902,110
2025-12-24 17:00:00,SAC Basic,0.26421970251092886,0.04121124744415283,0.0,0.0,0.0,0.0,0.9990004688501358,110
2025-12-24 18:00:00,SAC Basic,0.26416541850576375,0.01771479845046997,0.0,0.0,0.0,0.0,0.9994107395410537,110
2025-12-24 19:00:00,SAC Basic,0.2641496962564148,0.0122833251953125,0.0,0.0,0.0,0.0,0.9997000187635422,110
2025-12-24 20:00:00,SAC Basic,0.2641301990462301,0.011150836944580078,0.0,0.0,0.0,0.0,0.9997656583786011,110
2025-12-24 21:00:00,SAC Basic,0.2647704260517118,0.009068101644515991,0.0,0.0,0.0,0.0,0.999797810614109,110
2025-12-24 22:00:00,SAC Basic,0.2657123161904969,0.008067041635513306,0.0,0.0,0.0,0.0,0.9998286485671998,110
2025-12-24 23:00:00,SAC Basic,0.2656605567074774,0.009972155094146729,0.0,0.0,0.0,0.0,0.9997815057635308,110
2025-12-25 00:00:00,SAC Basic,0.2659722664349236,0.01051291823387146,0.0,0.0,0.0,0.0,0.9997843340039253,110
2025-12-25 01:00:00,SAC Basic,0.2669358261077561,0.006067901849746704,0.0,0.0,0.0,0.0,0.9998341917991638,110
2025-12-25 02:00:00,SAC Basic,0.2781909047000566,0.0020235776901245117,0.0,0.0,0.0,0.0,0.9999190852046013,110
2025-12-25 03:00:00,SAC Basic,0.280726952917671,0.003314465284347534,0.0,0.0,0.0,0.0,0.9999208018183708,110
2025-12-25 04:00:00,SAC Basic,0.28066008614072785,0.005439966917037964,0.0,0.0,0.0,0.0,0.9998699456453324,110
2025-12-25 05:00:00,SAC Basic,0.28059147692133574,0.004917234182357788,0.0,0.0,0.0,0.0,0.9998964279890061,110
2025-12-25 06:00:00,SAC Basic,0.2804667851607957,0.0050924718379974365,0.0,0.0,0.0,0.0,0.9998963981866836,110
2025-12-25 07:00:00,SAC Basic,0.2803201387573241,0.0070060789585113525,0.0,0.0,0.0,0.0,0.9998407423496246,110
2025-12-25 08:00:00,SAC Basic,0.27992377951711006,0.017092227935791016,0.0,0.0,0.0,0.0,0.9995572939515114,110
2025-12-25 09:00:00,SAC Basic,0.2791978205594379,0.011712312698364258,0.0,0.0,0.0,0.0,0.9997119545936585,110
2025-12-25 10:00:00,SAC Basic,0.2792040669680594,0.00787392258644104,0.0,0.0,0.0,0.0,0.9998041376471519,110
2025-12-25 11:00:00,SAC Basic,0.2781342222842533,0.010546594858169556,0.0,0.0,0.0,0.0,0.9997623413801193,110
2025-12-25 12:00:00,SAC Basic,0.2772837800638833,0.010367333889007568,0.0,0.0,0.0,0.0,0.9997908607125283,110
2025-12-25 13:00:00,SAC Basic,0.27712346566050833,0.008905678987503052,0.0,0.0,0.0,0.0,0.9998072698712349,110
2025-12-25 14:00:00,SAC Basic,0.27611366772343304,0.011560618877410889,0.0,0.0,0.0,0.0,0.9997422382235527,110
2025-12-25 15:00:00,SAC Basic,0.2762015231244721,0.0068566203117370605,0.0,0.0,0.0,0.0,0.9998158276081086,110
2025-12-25 16:00:00,SAC Basic,0.27564272672026935,0.01936107873916626,0.0,0.0,0.0,0.0,0.9994877338409424,110
2025-12-25 17:00:00,SAC Basic,0.27536433706134145,0.018483102321624756,0.0,0.0,0.0,0.0,0.999621558189392,110
2025-12-25 18:00:00,SAC Basic,0.2759065483992257,0.005163401365280151,0.0,0.0,0.0,0.0,0.9997635349631309,110
2025-12-25 19:00:00,SAC Basic,0.27614031756887414,0.004130750894546509,0.0,0.0,0.0,0.0,0.9999070584774017,110
2025-12-25 20:00:00,SAC Basic,0.27604196337947823,0.004493743181228638,0.0,0.0,0.0,0.0,0.9999064952135086,110
2025-12-25 21:00:00,SAC Basic,0.2802479560225166,0.004297792911529541,0.0,0.0,0.0,0.0,0.9999120846390724,110
2025-12-25 22:00:00,SAC Basic,0.28114390958954466,0.0027860701084136963,0.0,0.0,0.0,0.0,0.9999291613698006,110
2025-12-25 23:00:00,SAC Basic,0.2817086492650665,0.0034219026565551758,0.0,0.0,0.0,0.0,0.9999252036213875,110
2025-12-26 00:00:00,SAC Basic,0.28354532597869203,0.002003014087677002,0.0,0.0,0.0,0.0,0.9999457508325577,110
2025-12-26 01:00:00,SAC Basic,0.28677701146930024,0.0035056471824645996,0.0,0.0,0.0,0.0,0.9999148607254028,110
2025-12-26 02:00:00,SAC Basic,0.296342569715277,0.003667473793029785,0.0,0.0,0.0,0.0,0.9999250322580338,110
2025-12-26 03:00:00,SAC Basic,0.3128755959774014,0.0024078786373138428,0.0,0.0,0.0,0.0,0.9999392464756967,110
2025-12-26 04:00:00,SAC Basic,0.3144055521036144,0.0014868378639221191,0.0,0.0,0.0,0.0,0.9999610528349876,110
2025-12-26 05:00:00,SAC Basic,0.3149375750208851,0.00210687518119812,0.0,0.0,0.0,0.0,0.9999516621232033,110
2025-12-26 06:00:00,SAC Basic,0.31477616752713483,0.002577751874923706,0.0,0.0,0.0,0.0,0.9999437361955643,110
2025-12-26 07:00:00,SAC Basic,0.3145032645099318,0.0031290948390960693,0.0,0.0,0.0,0.0,0.9999319046735764,110
2025-12-26 08:00:00,SAC Basic,0.3140306458283421,0.002714395523071289,0.0,0.0,0.0,0.0,0.9999415650963783,110
2025-12-26 09:00:00,SAC Basic,0.3133330120254513,0.0032098591327667236,0.0,0.0,0.0,0.0,0.9999308481812477,110
2025-12-26 10:00:00,SAC Basic,0.31238159564743007,0.0035750865936279297,0.0,0.0,0.0,0.0,0.9999248459935188,110
2025-12-26 11:00:00,SAC Basic,0.3117619728160854,0.0031131505966186523,0.0,0.0,0.0,0.0,0.9999331176280976,110
2025-12-26 12:00:00,SAC Basic,0.3108395349916772,0.0037686526775360107,0.0,0.0,0.0,0.0,0.9999180719256401,110
2025-12-26 13:00:00,SAC Basic,0.30985871289342204,0.003253370523452759,0.0,0.0,0.0,0.0,0.9999297797679901,110
2025-12-26 14:00:00,SAC Basic,0.30948593625952364,0.0026670098304748535,0.0,0.0,0.0,0.0,0.9999407961964607,110
2025-12-26 15:00:00,SAC Basic,0.3091484944050467,0.0027674436569213867,0.0,0.0,0.0,0.0,0.9999436467885972,110
2025-12-26 16:00:00,SAC Basic,0.3085660267783161,0.003759711980819702,0.0,0.0,0.0,0.0,0.9999148830771446,110
2025-12-26 17:00:00,SAC Basic,0.3081520521474835,0.0033076107501983643,0.0,0.0,0.0,0.0,0.9999293267726899,110
2025-12-26 18:00:00,SAC Basic,0.30784737859576505,0.0020979344844818115,0.0,0.0,0.0,0.0,0.9999459445476533,110
2025-12-26 19:00:00,SAC Basic,0.3075704850475943,0.0019319355487823486,0.0,0.0,0.0,0.0,0.9999597012996674,110
2025-12-26 20:00:00,SAC Basic,0.3076262046099659,0.0017158687114715576,0.0,0.0,0.0,0.0,0.9999635219573975,110
2025-12-26 21:00:00,SAC Basic,0.3073495122274713,0.0019922852516174316,0.0,0.0,0.0,0.0,0.9999573901295662,110
2025-12-26 22:00:00,SAC Basic,0.3074051875830647,0.0017026066780090332,0.0,0.0,0.0,0.0,0.9999630510807037,110
2025-12-26 23:00:00,SAC Basic,0.3071282011509892,0.0019040703773498535,0.0,0.0,0.0,0.0,0.9999599039554595,110
2025-12-27 00:00:00,SAC Basic,0.30685138806908896,0.001956075429916382,0.0,0.0,0.0,0.0,0.999960358440876,110
2025-12-27 01:00:00,SAC Basic,0.30657407877852094,0.0018072128295898438,0.0,0.0,0.0,0.0,0.9999623671174049,110
2025-12-27 02:00:00,SAC Basic,0.3062677437473294,0.0015994906425476074,0.0,0.0,0.0,0.0,0.9999659329652787,110
2025-12-27 03:00:00,SAC Basic,0.305961506070391,0.0016286969184875488,0.0,0.0,0.0,0.0,0.9999671339988708,110
2025-12-27 04:00:00,SAC Basic,0.3056554477040923,0.0016824901103973389,0.0,0.0,0.0,0.0,0.9999658122658729,110
2025-12-27 05:00:00,SAC Basic,0.30534951848119063,0.0017212331295013428,0.0,0.0,0.0,0.0,0.9999651879072189,110
2025-12-27 06:00:00,SAC Basic,0.30504298526455526,0.0015400350093841553,0.0,0.0,0.0,0.0,0.9999673873186111,110
2025-12-27 07:00:00,SAC Basic,0.30462773608773513,0.0029252469539642334,0.0,0.0,0.0,0.0,0.9999276429414748,110
2025-12-27 08:00:00,SAC Basic,0.3039999152526216,0.007153749465942383,0.0,0.0,0.0,0.0,0.9998146399855613,110
2025-12-27 09:00:00,SAC Basic,0.3031926599956509,0.004323422908782959,0.0,0.0,0.0,0.0,0.9998852282762528,110
2025-12-27 10:00:00,SAC Basic,0.30227285918006863,0.004559755325317383,0.0,0.0,0.0,0.0,0.9999064415693283,110
2025-12-27 11:00:00,SAC Basic,0.3015808470885909,0.004896372556686401,0.0,0.0,0.0,0.0,0.9998987063765526,110
2025-12-27 12:00:00,SAC Basic,0.3007818753871278,0.006808489561080933,0.0,0.0,0.0,0.0,0.9998447090387343,110
2025-12-27 13:00:00,SAC Basic,0.29966523731479605,0.005008578300476074,0.0,0.0,0.0,0.0,0.9998818293213845,110
2025-12-27 14:00:00,SAC Basic,0.29905658869196533,0.0064054131507873535,0.0,0.0,0.0,0.0,0.9998579233884811,110
2025-12-27 15:00:00,SAC Basic,0.3144206367898937,0.0047144293785095215,0.0,0.0,0.0,0.0,0.999888801574707,110
2025-12-27 16:00:00,SAC Basic,0.3187701976006186,0.006868243217468262,0.0,0.0,0.0,0.0,0.9998410969972611,110
2025-12-27 17:00:00,SAC Basic,0.32379077572037335,0.008173435926437378,0.0,0.0,0.0,0.0,-0.37925409268295246,110
2025-12-27 18:00:00,SAC Basic,0.3237881810443556,0.0012215971946716309,0.0,0.0,0.0,0.0,-0.37891205476676876,110
2025-12-27 19:00:00,SAC Basic,0.32354035893370264,0.002153366804122925,0.0,0.0,0.0,0.0,-0.3540882784024406,110
2025-12-27 20:00:00,SAC Basic,0.3232347143229798,0.0018066167831420898,0.0,0.0,0.0,0.0,-0.3235110321338508,110
2025-12-27 21:00:00,SAC Basic,0.32290064101149196,0.0017780065536499023,0.0,0.0,0.0,0.0,-0.29009994738256345,110
2025-12-27 22:00:00,SAC Basic,0.32262411105165434,0.0020410120487213135,0.0,0.0,0.0,0.0,-0.2624545554613583,110
2025-12-27 23:00:00,SAC Basic,0.32234667609462697,0.0017695128917694092,0.0,0.0,0.0,0.0,-0.2347057147121014,110
2025-12-28 00:00:00,SAC Basic,0.32204073793102855,0.0017185509204864502,0.0,0.0,0.0,0.0,-0.20410867374097721,110
2025-12-28 01:00:00,SAC Basic,0.32176316290308593,0.0017274916172027588,0.0,0.0,0.0,0.0,-0.17635092954790363,110
2025-12-28 02:00:00,SAC Basic,0.321485534230963,0.0017113983631134033,0.0,0.0,0.0,0.0,-0.14858781199610133,110
2025-12-28 03:00:00,SAC Basic,0.32117991445550875,0.0018140673637390137,0.0,0.0,0.0,0.0,-0.11802875358815564,110
2025-12-28 04:00:00,SAC Basic,0.3209014677096363,0.0014659762382507324,0.0,0.0,0.0,0.0,-0.09017957139964822,110
2025-12-28 05:00:00,SAC Basic,0.3206244718401587,0.0019012391567230225,0.0,0.0,0.0,0.0,-0.0624895614281872,110
2025-12-28 06:00:00,SAC Basic,0.32040524134963316,0.0022308528423309326,0.0,0.0,0.0,0.0,-0.04057204815701834,110
2025-12-28 07:00:00,SAC Basic,0.3204047835001306,0.001862645149230957,0.0,0.0,0.0,0.0,-0.040519284992972394,110
2025-12-28 08:00:00,SAC Basic,0.3198521676350589,0.004215240478515625,0.0,0.0,0.0,0.0,0.9998921692371369,110
2025-12-28 09:00:00,SAC Basic,0.31906742134421623,0.002576112747192383,0.0,0.0,0.0,0.0,0.9999320864677429,110
2025-12-28 10:00:00,SAC Basic,0.31808374915053006,0.0023983418941497803,0.0,0.0,0.0,0.0,0.9999502554535866,110
2025-12-28 11:00:00,SAC Basic,0.3170728880326903,0.0027416646480560303,0.0,0.0,0.0,0.0,0.9999417334794999,110
2025-12-28 12:00:00,SAC Basic,0.3158920800623254,0.0027576088905334473,0.0,0.0,0.0,0.0,0.9999446883797645,110
2025-12-28 13:00:00,SAC Basic,0.3145703872395511,0.0029921531677246094,0.0,0.0,0.0,0.0,0.9999378114938736,110
2025-12-28 14:00:00,SAC Basic,0.31336163584957083,0.0028745830059051514,0.0,0.0,0.0,0.0,0.9999413326382637,110
2025-12-28 15:00:00,SAC Basic,0.3124076003441171,0.0027893483638763428,0.0,0.0,0.0,0.0,0.9999433606863022,110
2025-12-28 16:00:00,SAC Basic,0.31176685573190016,0.003276616334915161,0.0,0.0,0.0,0.0,0.9999295949935914,110
2025-12-28 17:00:00,SAC Basic,0.31135390034049315,0.003613382577896118,0.0,0.0,0.0,0.0,0.9999243646860123,110
2025-12-28 18:00:00,SAC Basic,0.3111070547526038,0.0024463236331939697,0.0,0.0,0.0,0.0,0.9999394029378891,110
2025-12-28 19:00:00,SAC Basic,0.3109160701752659,0.0022046267986297607,0.0,0.0,0.0,0.0,0.9999534904956817,110
2025-12-28 20:00:00,SAC Basic,0.310725148182805,0.002223402261734009,0.0,0.0,0.0,0.0,0.9999553442001342,110
2025-12-28 21:00:00,SAC Basic,0.3105342371178623,0.0022266805171966553,0.0,0.0,0.0,0.0,0.9999554336071014,110
2025-12-28 22:00:00,SAC Basic,0.3103148476816174,0.00218316912651062,0.0,0.0,0.0,0.0,0.9999559015035628,110
2025-12-28 23:00:00,SAC Basic,0.3100376069363909,0.0018277764320373535,0.0,0.0,0.0,0.0,0.9999598905444145,110
2025-12-29 00:00:00,SAC Basic,0.30978931295563344,0.002011805772781372,0.0,0.0,0.0,0.0,0.9999579235911369,110
2025-12-29 01:00:00,SAC Basic,0.30954062757104206,0.0018943846225738525,0.0,0.0,0.0,0.0,0.9999609380960465,110
2025-12-29 02:00:00,SAC Basic,0.309320666923618,0.002011805772781372,0.0,0.0,0.0,0.0,0.9999585896730423,110
2025-12-29 03:00:00,SAC Basic,0.30910052547543815,0.0019575655460357666,0.0,0.0,0.0,0.0,0.9999603062868119,110
2025-12-29 04:00:00,SAC Basic,0.30885196526060077,0.0019319355487823486,0.0,0.0,0.0,0.0,0.9999611049890518,110
2025-12-29 05:00:00,SAC Basic,0.30860316563377355,0.001860111951828003,0.0,0.0,0.0,0.0,0.9999620795249938,110
2025-12-29 06:00:00,SAC Basic,0.3083539512579597,0.001735687255859375,0.0,0.0,0.0,0.0,0.9999640420079231,110
2025-12-29 07:00:00,SAC Basic,0.3080215121071495,0.0022682547569274902,0.0,0.0,0.0,0.0,0.9999493092298508,110
2025-12-29 08:00:00,SAC Basic,0.3075550729371068,0.004568248987197876,0.0,0.0,0.0,0.0,0.9998856350779534,110
2025-12-29 09:00:00,SAC Basic,0.30689011714944814,0.004513263702392578,0.0,0.0,0.0,0.0,0.9999091848731041,110
2025-12-29 10:00:00,SAC Basic,0.30596989065736113,0.004432052373886108,0.0,0.0,0.0,0.0,0.9999105468392372,110
2025-12-29 11:00:00,SAC Basic,0.3048510462197619,0.004346668720245361,0.0,0.0,0.0,0.0,0.9999122127890587,110
2025-12-29 12:00:00,SAC Basic,0.3039042874480245,0.004972368478775024,0.0,0.0,0.0,0.0,0.9998942956328393,110
2025-12-29 13:00:00,SAC Basic,0.3028987107786494,0.004326999187469482,0.0,0.0,0.0,0.0,0.9999070063233375,110
2025-12-29 14:00:00,SAC Basic,0.3022915531524974,0.004852712154388428,0.0,0.0,0.0,0.0,0.999897688627243,110
2025-12-29 15:00:00,SAC Basic,0.301656295147832,0.004922598600387573,0.0,0.0,0.0,0.0,0.9999008491635323,110
2025-12-29 16:00:00,SAC Basic,0.3011646086749392,0.005494058132171631,0.0,0.0,0.0,0.0,0.9998844042420387,110
2025-12-29 17:00:00,SAC Basic,0.3007799543310163,0.003603696823120117,0.0,0.0,0.0,0.0,0.9999090224504471,110
2025-12-29 18:00:00,SAC Basic,0.3004750473277725,0.0020278990268707275,0.0,0.0,0.0,0.0,0.9999436840415001,110
2025-12-29 19:00:00,SAC Basic,0.3002264280049957,0.00191420316696167,0.0,0.0,0.0,0.0,0.9999605789780617,110
2025-12-29 20:00:00,SAC Basic,0.29997837293952284,0.0020834803581237793,0.0,0.0,0.0,0.0,0.9999566376209259,110
2025-12-29 21:00:00,SAC Basic,0.299730119688606,0.002024024724960327,0.0,0.0,0.0,0.0,0.9999589249491692,110
2025-12-29 22:00:00,SAC Basic,0.2995108151889799,0.0022086501121520996,0.0,0.0,0.0,0.0,0.9999539807438851,110
2025-12-29 23:00:00,SAC Basic,0.29929094643204984,0.0020393729209899902,0.0,0.0,0.0,0.0,0.9999575197696685,110
2025-12-30 00:00:00,SAC Basic,0.2990715500419297,0.0021810829639434814,0.0,0.0,0.0,0.0,0.9999549612402916,110
2025-12-30 01:00:00,SAC Basic,0.29888051827758133,0.0021904706954956055,0.0,0.0,0.0,0.0,0.9999560967087746,110
2025-12-30 02:00:00,SAC Basic,0.29869000656375866,0.0023464858531951904,0.0,0.0,0.0,0.0,0.9999515101313591,110
2025-12-30 03:00:00,SAC Basic,0.2984703727484701,0.0021098554134368896,0.0,0.0,0.0,0.0,0.9999554365873338,110
2025-12-30 04:00:00,SAC Basic,0.29822236487000764,0.0020976364612579346,0.0,0.0,0.0,0.0,0.999957925081253,110
2025-12-30 05:00:00,SAC Basic,0.2979741980458258,0.002049952745437622,0.0,0.0,0.0,0.0,0.9999585241079331,110
2025-12-30 06:00:00,SAC Basic,0.29769753049859987,0.0019997358322143555,0.0,0.0,0.0,0.0,0.9999595031142234,110
2025-12-30 07:00:00,SAC Basic,0.29739780711263003,0.003582984209060669,0.0,0.0,0.0,0.0,0.9999125078320503,110
2025-12-30 08:00:00,SAC Basic,0.2968450702827134,0.012678951025009155,0.0,0.0,0.0,0.0,0.9996554613113403,110
2025-12-30 09:00:00,SAC Basic,0.296063801657454,0.012119412422180176,0.0,0.0,0.0,0.0,0.9997520163655281,110
2025-12-30 10:00:00,SAC Basic,0.29508348295300785,0.011904388666152954,0.0,0.0,0.0,0.0,0.9997597619891168,110
2025-12-30 11:00:00,SAC Basic,0.29380081875492714,0.014700740575790405,0.0,0.0,0.0,0.0,0.9996780216693878,110
2025-12-30 12:00:00,SAC Basic,0.29240616481154746,0.015103816986083984,0.0,0.0,0.0,0.0,0.9996938928961754,110
2025-12-30 13:00:00,SAC Basic,0.29106598060696903,0.014444738626480103,0.0,0.0,0.0,0.0,0.9997045144438744,110
2025-12-30 14:00:00,SAC Basic,0.2898716940054257,0.015714019536972046,0.0,0.0,0.0,0.0,0.9996730268001557,110
2025-12-30 15:00:00,SAC Basic,0.288901562231477,0.01496046781539917,0.0,0.0,0.0,0.0,0.9996932551264762,110
2025-12-30 16:00:00,SAC Basic,0.2881817619237263,0.013559907674789429,0.0,0.0,0.0,0.0,0.9997147962450982,110
2025-12-30 17:00:00,SAC Basic,0.28770415208110794,0.009717047214508057,0.0,0.0,0.0,0.0,0.999767230451107,110
2025-12-30 18:00:00,SAC Basic,0.28740552194366437,0.003910958766937256,0.0,0.0,0.0,0.0,0.9998637199401855,110
2025-12-30 19:00:00,SAC Basic,0.28715832866201385,0.002342015504837036,0.0,0.0,0.0,0.0,0.9999374702572823,110
2025-12-30 20:00:00,SAC Basic,0.2868839265879948,0.002679377794265747,0.0,0.0,0.0,0.0,0.9999430388212204,110
2025-12-30 21:00:00,SAC Basic,0.2866080031054178,0.0022229552268981934,0.0,0.0,0.0,0.0,0.9999509766697884,110
2025-12-30 22:00:00,SAC Basic,0.2863326721923509,0.002400726079940796,0.0,0.0,0.0,0.0,0.9999502077698708,110
2025-12-30 23:00:00,SAC Basic,0.28605861930220916,0.002784132957458496,0.0,0.0,0.0,0.0,0.9999404832720757,110
2025-12-31 00:00:00,SAC Basic,0.2857834721701304,0.0024558603763580322,0.0,0.0,0.0,0.0,0.9999476000666618,110
2025-12-31 01:00:00,SAC Basic,0.285538331771787,0.0029578804969787598,0.0,0.0,0.0,0.0,0.9999358221888542,110
2025-12-31 02:00:00,SAC Basic,0.28529279053220746,0.002837628126144409,0.0,0.0,0.0,0.0,0.9999420449137687,110
2025-12-31 03:00:00,SAC Basic,0.28510673227876027,0.0036825239658355713,0.0,0.0,0.0,0.0,0.9999179005622864,110
2025-12-31 04:00:00,SAC Basic,0.28489276140143077,0.003808736801147461,0.0,0.0,0.0,0.0,0.9999225631356239,110
2025-12-31 05:00:00,SAC Basic,0.28470570328006745,0.003382563591003418,0.0,0.0,0.0,0.0,0.9999280869960785,110
2025-12-31 06:00:00,SAC Basic,0.2845204412453333,0.003921389579772949,0.0,0.0,0.0,0.0,0.9999161839485168,110
2025-12-31 07:00:00,SAC Basic,0.28425378777513505,0.0050039589405059814,0.0,0.0,0.0,0.0,0.9998890951275825,110
2025-12-31 08:00:00,SAC Basic,0.2837615621114731,0.013832300901412964,0.0,0.0,0.0,0.0,0.9996350705623627,110
2025-12-31 09:00:00,SAC Basic,0.2829675273959796,0.01678958535194397,0.0,0.0,0.0,0.0,0.9996346354484558,110
2025-12-31 10:00:00,SAC Basic,0.28197393745193483,0.016423016786575317,0.0,0.0,0.0,0.0,0.9996678739786148,110
2025-12-31 11:00:00,SAC Basic,0.28081019452263517,0.016377121210098267,0.0,0.0,0.0,0.0,0.9996719986200333,110
2025-12-31 12:00:00,SAC Basic,0.27956382385819756,0.01708880066871643,0.0,0.0,0.0,0.0,0.9996511071920394,110
2025-12-31 13:00:00,SAC Basic,0.27825078013191223,0.0225868821144104,0.0,0.0,0.0,0.0,0.9994932815432548,110
2025-12-31 14:00:00,SAC Basic,0.2770330676119487,0.03418624401092529,0.0,0.0,0.0,0.0,0.9992002815008163,110
2025-12-31 15:00:00,SAC Basic,0.2760543216738065,0.03787621855735779,0.0,0.0,0.0,0.0,0.9992055758833885,110
2025-12-31 16:00:00,SAC Basic,0.27532321532417936,0.027168095111846924,0.0,0.0,0.0,0.0,0.999349556863308,110
2025-12-31 17:00:00,SAC Basic,0.2748829934884071,0.020933449268341064,0.0,0.0,0.0,0.0,0.9995189845561981,110
2025-12-31 18:00:00,SAC Basic,0.2745609772031466,0.005395114421844482,0.0,0.0,0.0,0.0,0.9997367143630981,110
2025-12-31 19:00:00,SAC Basic,0.27432068613936106,0.0044126808643341064,0.0,0.0,0.0,0.0,0.9999019220471382,110
2025-12-31 20:00:00,SAC Basic,0.2740543888069153,0.005110800266265869,0.0,0.0,0.0,0.0,0.9998908028006553,110
2025-12-31 21:00:00,SAC Basic,0.2737583226626078,0.004680156707763672,0.0,0.0,0.0,0.0,0.9999020904302597,110
2025-12-31 22:00:00,SAC Basic,0.2734632658236185,0.004982948303222656,0.0,0.0,0.0,0.0,0.9998973131179809,110
2025-12-31 23:00:00,SAC Basic,0.27316751260369615,0.004774034023284912,0.0,0.0,0.0,0.0,0.9999024301767349,110
