timestamp,controller,theta,irrigation_mm,runoff_mm,drainage_mm,mass_balance_error_mm,decision_latency_ms,reward,seed
2025-01-01 00:00:00,SACSI Full,0.26984287086089453,0.012361258268356323,0.0,0.0,0.0,0.0,0.9996291622519493,66
2025-01-01 01:00:00,SACSI Full,0.26968544965902963,0.012273639440536499,0.0,0.0,0.0,0.0,0.9997536510229111,66
2025-01-01 02:00:00,SACSI Full,0.26953133949518204,0.013266950845718384,0.0,0.0,0.0,0.0,0.9997247278690338,66
2025-01-01 03:00:00,SACSI Full,0.26936212799787523,0.00873655080795288,0.0,0.0,0.0,0.0,0.9997799649834633,66
2025-01-01 04:00:00,SACSI Full,0.26922399214426673,0.00955924391746521,0.0,0.0,0.0,0.0,0.9998005881905555,66
2025-01-01 05:00:00,SACSI Full,0.26907106860955554,0.013622939586639404,0.0,0.0,0.0,0.0,0.9996869042515755,66
2025-01-01 06:00:00,SACSI Full,0.26921449048042295,0.011026561260223389,0.0,0.0,0.0,0.0,0.9997535049915314,66
2025-01-01 07:00:00,SACSI Full,0.2693593736584981,0.011464953422546387,0.0,0.0,0.0,0.0,0.9997663170099258,66
2025-01-01 08:00:00,SACSI Full,0.2689837722325325,0.02331957221031189,0.0,0.0,0.0,0.0,0.9994150623679161,66
2025-01-01 09:00:00,SACSI Full,0.2683605836033821,0.04254341125488281,0.0,0.0,0.0,0.0,0.9989568933844567,66
2025-01-01 10:00:00,SACSI Full,0.2675437955085436,0.035463571548461914,0.0,0.0,0.0,0.0,0.9992199301719665,66
2025-01-01 11:00:00,SACSI Full,0.26655622040112814,0.02672746777534485,0.0,0.0,0.0,0.0,0.9993780896067619,66
2025-01-01 12:00:00,SACSI Full,0.2654739970572789,0.015332996845245361,0.0,0.0,0.0,0.0,0.999579395353794,66
2025-01-01 13:00:00,SACSI Full,0.26445769847154615,0.018110424280166626,0.0,0.0,0.0,0.0,0.9996100172400475,66
2025-01-01 14:00:00,SACSI Full,0.2635751403594017,0.024232566356658936,0.0,0.0,0.0,0.0,0.9994541272521019,66
2025-01-01 15:00:00,SACSI Full,0.2629263413699468,0.026360303163528442,0.0,0.0,0.0,0.0,0.9994515165686607,66
2025-01-01 16:00:00,SACSI Full,0.2623611295191447,0.017436444759368896,0.0,0.0,0.0,0.0,0.999562032520771,66
2025-01-01 17:00:00,SACSI Full,0.2620368713370959,0.013222545385360718,0.0,0.0,0.0,0.0,0.9996934100985527,66
2025-01-01 18:00:00,SACSI Full,0.2618272786521912,0.013622194528579712,0.0,0.0,0.0,0.0,0.9997235596179962,66
2025-01-01 19:00:00,SACSI Full,0.2616550643054644,0.01633569598197937,0.0,0.0,0.0,0.0,0.9996461510658264,66
2025-01-01 20:00:00,SACSI Full,0.26151459940036137,0.008860528469085693,0.0,0.0,0.0,0.0,0.9997480377554894,66
2025-01-01 21:00:00,SACSI Full,0.26135145267566046,0.01055598258972168,0.0,0.0,0.0,0.0,0.9997719258069993,66
2025-01-01 22:00:00,SACSI Full,0.2611832144554456,0.017528533935546875,0.0,0.0,0.0,0.0,0.9995797038078308,66
2025-01-01 23:00:00,SACSI Full,0.26101650857130687,0.017988234758377075,0.0,0.0,0.0,0.0,0.9996356382966042,66
2025-01-02 00:00:00,SACSI Full,0.26087213509162266,0.007687956094741821,0.0,0.0,0.0,0.0,0.9997432380914688,66
2025-01-02 01:00:00,SACSI Full,0.2607452257728577,0.012927204370498657,0.0,0.0,0.0,0.0,0.9996890634298324,66
2025-01-02 02:00:00,SACSI Full,0.26058872248252235,0.012549012899398804,0.0,0.0,0.0,0.0,0.9997452378273011,66
2025-01-02 03:00:00,SACSI Full,0.2604337738800049,0.013015419244766235,0.0,0.0,0.0,0.0,0.999735027551651,66
2025-01-02 04:00:00,SACSI Full,0.26028459798733394,0.01474723219871521,0.0,0.0,0.0,0.0,0.9996877372264862,66
2025-01-02 05:00:00,SACSI Full,0.2601628797364235,0.014484524726867676,0.0,0.0,0.0,0.0,0.9997076824307443,66
2025-01-02 06:00:00,SACSI Full,0.2600314702669779,0.01157715916633606,0.0,0.0,0.0,0.0,0.9997393831610679,66
2025-01-02 07:00:00,SACSI Full,0.25985922214428586,0.016325563192367554,0.0,0.0,0.0,0.0,0.9996260046958924,66
2025-01-02 08:00:00,SACSI Full,0.25963253381967544,0.025493502616882324,0.0,0.0,0.0,0.0,0.9993984505534173,66
2025-01-02 09:00:00,SACSI Full,0.25934014395475385,0.04828304052352905,0.0,0.0,0.0,0.0,0.998806443810463,66
2025-01-02 10:00:00,SACSI Full,0.2590172227668762,0.08162364363670349,0.0,0.0,0.0,0.0,0.9980341210961342,66
2025-01-02 11:00:00,SACSI Full,0.25820250116348265,0.061583518981933594,0.0,0.0,0.0,0.0,0.9985679283738136,66
2025-01-02 12:00:00,SACSI Full,0.25718710926214855,0.04388242959976196,0.0,0.0,0.0,0.0,0.998945340514183,66
2025-01-02 13:00:00,SACSI Full,0.256355741306146,0.06508961319923401,0.0,0.0,0.0,0.0,0.9984861359000207,66
2025-01-02 14:00:00,SACSI Full,0.25591394924799604,0.08846238255500793,0.0,0.0,0.0,0.0,0.997997024655342,66
2025-01-02 15:00:00,SACSI Full,0.2554728536391258,0.05467131733894348,0.0,0.0,0.0,0.0,0.9985686630010605,66
2025-01-02 16:00:00,SACSI Full,0.2551451321276029,0.03768354654312134,0.0,0.0,0.0,0.0,0.9990764513611794,66
2025-01-02 17:00:00,SACSI Full,0.2548784537879626,0.021996498107910156,0.0,0.0,0.0,0.0,0.9994031995534897,66
2025-01-02 18:00:00,SACSI Full,0.2547265395585696,0.013925731182098389,0.0,0.0,0.0,0.0,0.9996407777070999,66
2025-01-02 19:00:00,SACSI Full,0.25460022231260937,0.013104826211929321,0.0,0.0,0.0,0.0,0.9997296944260597,66
2025-01-02 20:00:00,SACSI Full,0.254471540749073,0.012395530939102173,0.0,0.0,0.0,0.0,0.9997449964284897,66
2025-01-02 21:00:00,SACSI Full,0.25433751215219497,0.010791420936584473,0.0,0.0,0.0,0.0,0.9997681304812431,66
2025-01-02 22:00:00,SACSI Full,0.2542284094897906,0.009769201278686523,0.0,0.0,0.0,0.0,0.9997943937778473,66
2025-01-02 23:00:00,SACSI Full,0.2541270166881879,0.012082159519195557,0.0,0.0,0.0,0.0,0.999735227227211,66
2025-01-03 00:00:00,SACSI Full,0.25400489759604133,0.014364272356033325,0.0,0.0,0.0,0.0,0.999689893424511,66
2025-01-03 01:00:00,SACSI Full,0.2538550779390335,0.03155410289764404,0.0,0.0,0.0,0.0,0.999197019636631,66
2025-01-03 02:00:00,SACSI Full,0.2537175780995687,0.01825004816055298,0.0,0.0,0.0,0.0,0.999501958489418,66
2025-01-03 03:00:00,SACSI Full,0.2535905416242281,0.012889057397842407,0.0,0.0,0.0,0.0,0.999688608944416,66
2025-01-03 04:00:00,SACSI Full,0.25378558611869806,0.00951334834098816,0.0,0.0,0.0,0.0,0.9997759759426117,66
2025-01-03 05:00:00,SACSI Full,0.25369129719734185,0.014213323593139648,0.0,0.0,0.0,0.0,0.9996687337756157,66
2025-01-03 06:00:00,SACSI Full,0.25359558670520777,0.013786852359771729,0.0,0.0,0.0,0.0,0.9997199982404709,66
2025-01-03 07:00:00,SACSI Full,0.2534597088400522,0.027236640453338623,0.0,0.0,0.0,0.0,0.9993207693099976,66
2025-01-03 08:00:00,SACSI Full,0.2532151221656799,0.05412399768829346,0.0,0.0,0.0,0.0,0.9986486464738846,66
2025-01-03 09:00:00,SACSI Full,0.2531508471210797,0.16771748661994934,0.0,0.0,0.0,0.0,0.9955097153782845,66
2025-01-03 10:00:00,SACSI Full,0.25296498743931445,0.18224209547042847,0.0,0.0,0.0,0.0,0.9962099120020866,66
2025-01-03 11:00:00,SACSI Full,0.25283264205058403,0.1322963833808899,0.0,0.0,0.0,0.0,0.9968546152114868,66
2025-01-03 12:00:00,SACSI Full,0.25260096976041785,0.09399831295013428,0.0,0.0,0.0,0.0,0.9977370530366898,66
2025-01-03 13:00:00,SACSI Full,0.2521131111907958,0.10864242911338806,0.0,0.0,0.0,0.0,0.9976807102560997,66
2025-01-03 14:00:00,SACSI Full,0.25172706238985054,0.1051853597164154,0.0,0.0,0.0,0.0,0.997861722111702,66
2025-01-03 15:00:00,SACSI Full,0.25139737458467476,0.07959365844726562,0.0,0.0,0.0,0.0,0.9981522098183633,66
2025-01-03 16:00:00,SACSI Full,0.2511342113264401,0.07405102252960205,0.0,0.0,0.0,0.0,0.9984635531902313,66
2025-01-03 17:00:00,SACSI Full,0.2512279119276999,0.030110180377960205,0.0,0.0,0.0,0.0,0.9989583879709243,66
2025-01-03 18:00:00,SACSI Full,0.25110271697044356,0.02194151282310486,0.0,0.0,0.0,0.0,0.9994794830679894,66
2025-01-03 19:00:00,SACSI Full,0.25098123167435316,0.014554411172866821,0.0,0.0,0.0,0.0,0.9996350407600403,66
2025-01-03 20:00:00,SACSI Full,0.25088343998670565,0.013162493705749512,0.0,0.0,0.0,0.0,0.9997228309512138,66
2025-01-03 21:00:00,SACSI Full,0.2507846022375423,0.01284867525100708,0.0,0.0,0.0,0.0,0.9997398883104324,66
2025-01-03 22:00:00,SACSI Full,0.2506893184153237,0.01391485333442688,0.0,0.0,0.0,0.0,0.9997110411524772,66
2025-01-03 23:00:00,SACSI Full,0.25059833755175254,0.015205740928649902,0.0,0.0,0.0,0.0,0.9996829763054849,66
2025-01-04 00:00:00,SACSI Full,0.2505116089828807,0.0164814293384552,0.0,0.0,0.0,0.0,0.9996576145291328,66
2025-01-04 01:00:00,SACSI Full,0.25040084854920686,0.017771869897842407,0.0,0.0,0.0,0.0,0.9996316581964493,66
2025-01-04 02:00:00,SACSI Full,0.2503113836304344,0.015660524368286133,0.0,0.0,0.0,0.0,0.9996656760573387,66
2025-01-04 03:00:00,SACSI Full,0.2502201583878197,0.015132427215576172,0.0,0.0,0.0,0.0,0.9996920704841614,66
2025-01-04 04:00:00,SACSI Full,0.2501424057817456,0.01917421817779541,0.0,0.0,0.0,0.0,0.9995760977268219,66
2025-01-04 05:00:00,SACSI Full,0.25004130775769523,0.020670592784881592,0.0,0.0,0.0,0.0,0.9995716243982314,66
2025-01-04 06:00:00,SACSI Full,0.2499430995655057,0.02153754234313965,0.0,0.0,0.0,0.0,0.9995605796575546,66
2025-01-04 07:00:00,SACSI Full,0.2498253171737986,0.03266528248786926,0.0,0.0,0.0,0.0,0.9992354169487953,66
2025-01-04 08:00:00,SACSI Full,0.24964069502433114,0.06361335515975952,0.0,0.0,0.0,0.0,0.998418252170086,66
2025-01-04 09:00:00,SACSI Full,0.24953833333969092,0.16479149460792542,0.0,0.0,0.0,0.0,0.9956923887133599,66
2025-01-04 10:00:00,SACSI Full,0.24924341974099454,0.15802592039108276,0.0,0.0,0.0,0.0,0.99677182585001,66
2025-01-04 11:00:00,SACSI Full,0.24863804183642046,0.1158866286277771,0.0,0.0,0.0,0.0,0.9972608745098114,66
2025-01-04 12:00:00,SACSI Full,0.24785875516017256,0.08921399712562561,0.0,0.0,0.0,0.0,0.9979489937424659,66
2025-01-04 13:00:00,SACSI Full,0.24697760265588742,0.05865424871444702,0.0,0.0,0.0,0.0,0.9985213175415993,66
2025-01-04 14:00:00,SACSI Full,0.24637844082196533,0.09225144982337952,0.0,0.0,0.0,0.0,0.9978189989924431,66
2025-01-04 15:00:00,SACSI Full,0.24594520229577996,0.08252844214439392,0.0,0.0,0.0,0.0,0.9982522010803223,66
2025-01-04 16:00:00,SACSI Full,0.24561605788628238,0.07975667715072632,0.0,0.0,0.0,0.0,0.9983771488070488,66
2025-01-04 17:00:00,SACSI Full,0.24541495207230227,0.05866825580596924,0.0,0.0,0.0,0.0,0.998615750670433,66
2025-01-04 18:00:00,SACSI Full,0.24526655570745448,0.0404810905456543,0.0,0.0,0.0,0.0,0.9990085065364838,66
2025-01-04 19:00:00,SACSI Full,0.24513362972815814,0.04512220621109009,0.0,0.0,0.0,0.0,0.9990511447191238,66
2025-01-04 20:00:00,SACSI Full,0.24536123051087042,0.027780234813690186,0.0,0.0,0.0,0.0,0.9992709755897522,66
2025-01-04 21:00:00,SACSI Full,0.24558204255580882,0.034243613481521606,0.0,0.0,0.0,0.0,0.9992504939436913,66
2025-01-04 22:00:00,SACSI Full,0.245480402592023,0.03750801086425781,0.0,0.0,0.0,0.0,0.9992171958088875,66
2025-01-04 23:00:00,SACSI Full,0.24539696913242318,0.03446996212005615,0.0,0.0,0.0,0.0,0.999280220270157,66
2025-01-05 00:00:00,SACSI Full,0.24529412045319854,0.02864539623260498,0.0,0.0,0.0,0.0,0.9993688464164734,66
2025-01-05 01:00:00,SACSI Full,0.2452336745182671,0.04136621952056885,0.0,0.0,0.0,0.0,0.9990454673767091,66
2025-01-05 02:00:00,SACSI Full,0.24516448057413082,0.0557418167591095,0.0,0.0,0.0,0.0,0.9987414076924325,66
2025-01-05 03:00:00,SACSI Full,0.2451361051495868,0.059487372636795044,0.0,0.0,0.0,0.0,0.9987727969884872,66
2025-01-05 04:00:00,SACSI Full,0.2451047276377676,0.05858674645423889,0.0,0.0,0.0,0.0,0.9988192588090897,66
2025-01-05 05:00:00,SACSI Full,0.24509847023804965,0.07462278008460999,0.0,0.0,0.0,0.0,0.9983471840620041,66
2025-01-05 06:00:00,SACSI Full,0.24538558698654156,0.054135024547576904,0.0,0.0,0.0,0.0,0.9987124219536782,66
2025-01-05 07:00:00,SACSI Full,0.24532492418845478,0.06680116057395935,0.0,0.0,0.0,0.0,0.998537315428257,66
2025-01-05 08:00:00,SACSI Full,0.24515719724098825,0.06018191576004028,0.0,0.0,0.0,0.0,0.99873016923666,66
2025-01-05 09:00:00,SACSI Full,0.24485296409606916,0.08723005652427673,0.0,0.0,0.0,0.0,0.997984917461872,66
2025-01-05 10:00:00,SACSI Full,0.2443611900663374,0.07346779108047485,0.0,0.0,0.0,0.0,0.9983930215239525,66
2025-01-05 11:00:00,SACSI Full,0.24378805284500105,0.10855883359909058,0.0,0.0,0.0,0.0,0.9974779129028319,66
2025-01-05 12:00:00,SACSI Full,0.24292851844867053,0.06513968110084534,0.0,0.0,0.0,0.0,0.9982630148530006,66
2025-01-05 13:00:00,SACSI Full,0.24242639032999658,0.07886156439781189,0.0,0.0,0.0,0.0,0.998285549879074,66
2025-01-05 14:00:00,SACSI Full,0.24173979642947496,0.06602182984352112,0.0,0.0,0.0,0.0,0.9985511660575866,66
2025-01-05 15:00:00,SACSI Full,0.24115359542846662,0.0706396996974945,0.0,0.0,0.0,0.0,0.9985410273075104,66
2025-01-05 16:00:00,SACSI Full,0.2408561500279107,0.08076637983322144,0.0,0.0,0.0,0.0,0.9982834056019784,66
2025-01-05 17:00:00,SACSI Full,0.24068624499320965,0.07652848958969116,0.0,0.0,0.0,0.0,0.9984270513057709,66
2025-01-05 18:00:00,SACSI Full,0.2405510011212029,0.052926838397979736,0.0,0.0,0.0,0.0,0.9987054467201233,66
2025-01-05 19:00:00,SACSI Full,0.24049608596642794,0.06002545356750488,0.0,0.0,0.0,0.0,0.9987285047769547,66
2025-01-05 20:00:00,SACSI Full,0.24041610633055352,0.0440061092376709,0.0,0.0,0.0,0.0,0.9989596843719483,66
2025-01-05 21:00:00,SACSI Full,0.240341292927265,0.04555597901344299,0.0,0.0,0.0,0.0,0.9990733817219734,66
2025-01-05 22:00:00,SACSI Full,0.2402279376705486,0.033993422985076904,0.0,0.0,0.0,0.0,0.9992045059800148,66
2025-01-05 23:00:00,SACSI Full,0.24015705198208476,0.03823429346084595,0.0,0.0,0.0,0.0,0.9991929054260253,66
2025-01-06 00:00:00,SACSI Full,0.24008896148602152,0.04757285118103027,0.0,0.0,0.0,0.0,0.9989551573991775,66
2025-01-06 01:00:00,SACSI Full,0.24007836612701403,0.06482139229774475,0.0,0.0,0.0,0.0,0.998531086742878,66
2025-01-06 02:00:00,SACSI Full,0.24006810329516715,0.07342115044593811,0.0,0.0,0.0,0.0,0.9984455794095992,66
2025-01-06 03:00:00,SACSI Full,0.24006687603076288,0.07613182067871094,0.0,0.0,0.0,0.0,0.998450256884098,66
2025-01-06 04:00:00,SACSI Full,0.24003423165480287,0.06670668721199036,0.0,0.0,0.0,0.0,0.9985716149210929,66
2025-01-06 05:00:00,SACSI Full,0.23998896129369726,0.0544188916683197,0.0,0.0,0.0,0.0,0.9987887442111969,66
2025-01-06 06:00:00,SACSI Full,0.24002584600130708,0.07906541228294373,0.0,0.0,0.0,0.0,0.9981722265481949,66
2025-01-06 07:00:00,SACSI Full,0.24005185554186492,0.1013028621673584,0.0,0.0,0.0,0.0,0.9977515682578088,66
2025-01-06 08:00:00,SACSI Full,0.24009039635976145,0.15606224536895752,0.0,0.0,0.0,0.0,0.9963311612606048,66
2025-01-06 09:00:00,SACSI Full,0.24000491613229105,0.20385593175888062,0.0,0.0,0.0,0.0,0.9954449445009232,66
2025-01-06 10:00:00,SACSI Full,0.23952667443831752,0.15402749180793762,0.0,0.0,0.0,0.0,0.9964211657643318,66
2025-01-06 11:00:00,SACSI Full,0.23867290450493484,0.09236901998519897,0.0,0.0,0.0,0.0,0.9975360348820687,66
2025-01-06 12:00:00,SACSI Full,0.23768605922063182,0.06944641470909119,0.0,0.0,0.0,0.0,0.9983818456530571,66
2025-01-06 13:00:00,SACSI Full,0.23676922406196585,0.09044945240020752,0.0,0.0,0.0,0.0,0.9979809805750847,66
2025-01-06 14:00:00,SACSI Full,0.2359620510530471,0.10634809732437134,0.0,0.0,0.0,0.0,0.997714051604271,66
2025-01-06 15:00:00,SACSI Full,0.2355151681248346,0.15493512153625488,0.0,0.0,0.0,0.0,0.996415427327156,66
2025-01-06 16:00:00,SACSI Full,0.23523129390557598,0.11033773422241211,0.0,0.0,0.0,0.0,0.9973472714424134,66
2025-01-06 17:00:00,SACSI Full,0.23508163507858906,0.0826023519039154,0.0,0.0,0.0,0.0,0.9980705991387367,66
2025-01-06 18:00:00,SACSI Full,0.23502290174961085,0.058880001306533813,0.0,0.0,0.0,0.0,0.9985851764678956,66
2025-01-06 19:00:00,SACSI Full,0.23496091503461197,0.04090398550033569,0.0,0.0,0.0,0.0,0.9990021601319313,66
2025-01-06 20:00:00,SACSI Full,0.2349274345405896,0.023955851793289185,0.0,0.0,0.0,0.0,0.9993514016270637,66
2025-01-06 21:00:00,SACSI Full,0.2348947855313618,0.024205297231674194,0.0,0.0,0.0,0.0,0.9995133996009827,66
2025-01-06 22:00:00,SACSI Full,0.23516482137838987,0.023510754108428955,0.0,0.0,0.0,0.0,0.9995228394865989,66
2025-01-06 23:00:00,SACSI Full,0.2351083138545353,0.02554774284362793,0.0,0.0,0.0,0.0,0.9994686752557754,66
2025-01-07 00:00:00,SACSI Full,0.2350732222795485,0.031972527503967285,0.0,0.0,0.0,0.0,0.9992963016033173,66
2025-01-07 01:00:00,SACSI Full,0.235045781457424,0.03426775336265564,0.0,0.0,0.0,0.0,0.9992916926741601,66
2025-01-07 02:00:00,SACSI Full,0.2349987510720887,0.028390884399414062,0.0,0.0,0.0,0.0,0.9993734136223793,66
2025-01-07 03:00:00,SACSI Full,0.2349618519862491,0.03143027424812317,0.0,0.0,0.0,0.0,0.9993410006165504,66
2025-01-07 04:00:00,SACSI Full,0.23493855219682036,0.03551006317138672,0.0,0.0,0.0,0.0,0.9992490008473397,66
2025-01-07 05:00:00,SACSI Full,0.23491364953915256,0.035029202699661255,0.0,0.0,0.0,0.0,0.9992946073412895,66
2025-01-07 06:00:00,SACSI Full,0.2349101196169851,0.04144102334976196,0.0,0.0,0.0,0.0,0.9991070613265037,66
2025-01-07 07:00:00,SACSI Full,0.2348783651057877,0.05847364664077759,0.0,0.0,0.0,0.0,0.9986602008342743,66
2025-01-07 08:00:00,SACSI Full,0.2349641180348394,0.16172587871551514,0.0,0.0,0.0,0.0,0.9957329601049424,66
2025-01-07 09:00:00,SACSI Full,0.2350169002866743,0.21133467555046082,0.0,0.0,0.0,0.0,0.9952772185206413,66
2025-01-07 10:00:00,SACSI Full,0.2349449760739007,0.24192273616790771,0.0,0.0,0.0,0.0,0.9948556646704674,66
2025-01-07 11:00:00,SACSI Full,0.23454838578939421,0.17852291464805603,0.0,0.0,0.0,0.0,0.9957955434918404,66
2025-01-07 12:00:00,SACSI Full,0.23409353739420558,0.17804548144340515,0.0,0.0,0.0,0.0,0.9964343160390854,66
2025-01-07 13:00:00,SACSI Full,0.23344764912446322,0.13773351907730103,0.0,0.0,0.0,0.0,0.996842209994793,66
2025-01-07 14:00:00,SACSI Full,0.2328182996877033,0.12569516897201538,0.0,0.0,0.0,0.0,0.9973657131195068,66
2025-01-07 15:00:00,SACSI Full,0.23253886495272302,0.1456695795059204,0.0,0.0,0.0,0.0,0.9968868643045425,66
2025-01-07 16:00:00,SACSI Full,0.2324411873022714,0.11519670486450195,0.0,0.0,0.0,0.0,0.9973913371562958,66
2025-01-07 17:00:00,SACSI Full,0.23263906639178578,0.06136372685432434,0.0,0.0,0.0,0.0,0.9982343956828117,66
2025-01-07 18:00:00,SACSI Full,0.23260301090876245,0.05718335509300232,0.0,0.0,0.0,0.0,0.9988145291805267,66
2025-01-07 19:00:00,SACSI Full,0.23256763942321124,0.0403885543346405,0.0,0.0,0.0,0.0,0.9990242809057236,66
2025-01-07 20:00:00,SACSI Full,0.23255665123860023,0.03070354461669922,0.0,0.0,0.0,0.0,0.9992890790104866,66
2025-01-07 21:00:00,SACSI Full,0.2325481490643817,0.031449347734451294,0.0,0.0,0.0,0.0,0.9993635550141334,66
2025-01-07 22:00:00,SACSI Full,0.23253703223307903,0.030664950609207153,0.0,0.0,0.0,0.0,0.9993788570165635,66
2025-01-07 23:00:00,SACSI Full,0.2325398519611356,0.03484591841697693,0.0,0.0,0.0,0.0,0.9992612719535828,66
2025-01-08 00:00:00,SACSI Full,0.2325244108128545,0.029367655515670776,0.0,0.0,0.0,0.0,0.9993578642606735,66
2025-01-08 01:00:00,SACSI Full,0.23251309255043637,0.03910452127456665,0.0,0.0,0.0,0.0,0.9991205409169197,66
2025-01-08 02:00:00,SACSI Full,0.2324913092025118,0.03596499562263489,0.0,0.0,0.0,0.0,0.999249304831028,66
2025-01-08 03:00:00,SACSI Full,0.23248212402423193,0.04824444651603699,0.0,0.0,0.0,0.0,0.9989123165607452,66
2025-01-08 04:00:00,SACSI Full,0.23251491293350823,0.06083667278289795,0.0,0.0,0.0,0.0,0.9986573442816734,66
2025-01-08 05:00:00,SACSI Full,0.23253654759565956,0.048990398645401,0.0,0.0,0.0,0.0,0.9989017292857171,66
2025-01-08 06:00:00,SACSI Full,0.23254500290870633,0.05353659391403198,0.0,0.0,0.0,0.0,0.998883806169033,66
2025-01-08 07:00:00,SACSI Full,0.2325948238110539,0.08294627070426941,0.0,0.0,0.0,0.0,0.9980469778180122,66
2025-01-08 08:00:00,SACSI Full,0.23277522818803756,0.18162131309509277,0.0,0.0,0.0,0.0,0.9953808233141899,66
2025-01-08 09:00:00,SACSI Full,0.23308594824711448,0.3142160177230835,0.0,0.0,0.0,0.0,0.9923897325992584,66
2025-01-08 10:00:00,SACSI Full,0.23350118094046876,0.4135698080062866,0.0,0.0,0.0,0.0,0.9907350659370422,66
2025-01-08 11:00:00,SACSI Full,0.23329096063534385,0.2769339084625244,0.0,0.0,0.0,0.0,0.993094962835312,66
2025-01-08 12:00:00,SACSI Full,0.23240164368232058,0.10720491409301758,0.0,0.0,0.0,0.0,0.9961586117744445,66
2025-01-08 13:00:00,SACSI Full,0.23150530209064452,0.09659752249717712,0.0,0.0,0.0,0.0,0.997961975634098,66
2025-01-08 14:00:00,SACSI Full,0.23078973198334343,0.13382896780967712,0.0,0.0,0.0,0.0,0.9969511061906814,66
2025-01-08 15:00:00,SACSI Full,0.2303438126635548,0.15522420406341553,0.0,0.0,0.0,0.0,0.9966815635561943,66
2025-01-08 16:00:00,SACSI Full,0.22998020133733718,0.08641660213470459,0.0,0.0,0.0,0.0,0.9975835919380188,66
2025-01-08 17:00:00,SACSI Full,0.22990801712433467,0.10584473609924316,0.0,0.0,0.0,0.0,0.9976888239383698,66
2025-01-08 18:00:00,SACSI Full,0.22989325536648403,0.08057147264480591,0.0,0.0,0.0,0.0,0.9981358379125594,66
2025-01-08 19:00:00,SACSI Full,0.229959897924264,0.09649276733398438,0.0,0.0,0.0,0.0,0.9979109317064285,66
2025-01-08 20:00:00,SACSI Full,0.23005186229070002,0.09558930993080139,0.0,0.0,0.0,0.0,0.9980791792273522,66
2025-01-08 21:00:00,SACSI Full,0.2301289868219691,0.09963735938072205,0.0,0.0,0.0,0.0,0.9979667723178863,66
2025-01-08 22:00:00,SACSI Full,0.230182089919249,0.10093092918395996,0.0,0.0,0.0,0.0,0.9979684457182884,66
2025-01-08 23:00:00,SACSI Full,0.2302501552724836,0.10541960597038269,0.0,0.0,0.0,0.0,0.9978467211127282,66
2025-01-09 00:00:00,SACSI Full,0.23030042565902056,0.10008111596107483,0.0,0.0,0.0,0.0,0.9979449927806854,66
2025-01-09 01:00:00,SACSI Full,0.23035387323856335,0.09253427386283875,0.0,0.0,0.0,0.0,0.9980738461017609,66
2025-01-09 02:00:00,SACSI Full,0.23047195135911291,0.12042343616485596,0.0,0.0,0.0,0.0,0.9973126396536827,66
2025-01-09 03:00:00,SACSI Full,0.23051734810670202,0.0816190242767334,0.0,0.0,0.0,0.0,0.997979575395584,66
2025-01-09 04:00:00,SACSI Full,0.2306373961949347,0.10401442646980286,0.0,0.0,0.0,0.0,0.9976957574486733,66
2025-01-09 05:00:00,SACSI Full,0.23070689484278348,0.08034959435462952,0.0,0.0,0.0,0.0,0.9981563597917557,66
2025-01-09 06:00:00,SACSI Full,0.23069913742701198,0.05717277526855469,0.0,0.0,0.0,0.0,0.9986247763037681,66
2025-01-09 07:00:00,SACSI Full,0.23084020356893528,0.1273198425769806,0.0,0.0,0.0,0.0,0.9967521324753762,66
2025-01-09 08:00:00,SACSI Full,0.23108161574920008,0.21692365407943726,0.0,0.0,0.0,0.0,0.9947654888033867,66
2025-01-09 09:00:00,SACSI Full,0.23145104118506102,0.3233276307582855,0.0,0.0,0.0,0.0,0.9924694076180458,66
2025-01-09 10:00:00,SACSI Full,0.23161074711322774,0.2944117784500122,0.0,0.0,0.0,0.0,0.993822605907917,66
2025-01-09 11:00:00,SACSI Full,0.23153163580497094,0.24826660752296448,0.0,0.0,0.0,0.0,0.9945732161402703,66
2025-01-09 12:00:00,SACSI Full,0.2313864874490101,0.2624554932117462,0.0,0.0,0.0,0.0,0.9946090012788773,66
2025-01-09 13:00:00,SACSI Full,0.23142605428934085,0.2413700520992279,0.0,0.0,0.0,0.0,0.9949617445468902,66
2025-01-09 14:00:00,SACSI Full,0.2315569926349321,0.23478150367736816,0.0,0.0,0.0,0.0,0.9952384844422341,66
2025-01-09 15:00:00,SACSI Full,0.2315427669509251,0.14023229479789734,0.0,0.0,0.0,0.0,0.9962498620152473,66
2025-01-09 16:00:00,SACSI Full,0.23160394266684842,0.1458527147769928,0.0,0.0,0.0,0.0,0.9970267415046692,66
2025-01-09 17:00:00,SACSI Full,0.23160455589294424,0.10218396782875061,0.0,0.0,0.0,0.0,0.9975196331739425,66
2025-01-09 18:00:00,SACSI Full,0.23159443087975176,0.08196249604225159,0.0,0.0,0.0,0.0,0.99815853536129,66
2025-01-09 19:00:00,SACSI Full,0.23158808135827377,0.06609514355659485,0.0,0.0,0.0,0.0,0.9985194236040116,66
2025-01-09 20:00:00,SACSI Full,0.23154457257986064,0.04644736647605896,0.0,0.0,0.0,0.0,0.9988745748996735,66
2025-01-09 21:00:00,SACSI Full,0.23155269831180567,0.06193771958351135,0.0,0.0,0.0,0.0,0.9986063420772553,66
2025-01-09 22:00:00,SACSI Full,0.23153525563796354,0.05426719784736633,0.0,0.0,0.0,0.0,0.9988379508256912,66
2025-01-09 23:00:00,SACSI Full,0.2315842905211448,0.07421046495437622,0.0,0.0,0.0,0.0,0.9983163580298423,66
2025-01-10 00:00:00,SACSI Full,0.2316522088837623,0.0883755087852478,0.0,0.0,0.0,0.0,0.9980908393859863,66
2025-01-10 01:00:00,SACSI Full,0.2317344512359301,0.09267270565032959,0.0,0.0,0.0,0.0,0.9981035739183426,66
2025-01-10 02:00:00,SACSI Full,0.23188046482880906,0.12030407786369324,0.0,0.0,0.0,0.0,0.9973176047205925,66
2025-01-10 03:00:00,SACSI Full,0.231880571715037,0.07653206586837769,0.0,0.0,0.0,0.0,0.9980316385626793,66
2025-01-10 04:00:00,SACSI Full,0.23191109438896176,0.0686568021774292,0.0,0.0,0.0,0.0,0.9985481113195419,66
2025-01-10 05:00:00,SACSI Full,0.23202370507637657,0.09328320622444153,0.0,0.0,0.0,0.0,0.997888071835041,66
2025-01-10 06:00:00,SACSI Full,0.2321717755262057,0.12092113494873047,0.0,0.0,0.0,0.0,0.9973051980137825,66
2025-01-10 07:00:00,SACSI Full,0.23261454159180323,0.10932981967926025,0.0,0.0,0.0,0.0,0.9976974904537201,66
2025-01-10 08:00:00,SACSI Full,0.23285185304085412,0.181693434715271,0.0,0.0,0.0,0.0,0.9956424951553345,66
2025-01-10 09:00:00,SACSI Full,0.23345008448759713,0.30696943402290344,0.0,0.0,0.0,0.0,0.9926078513264657,66
2025-01-10 10:00:00,SACSI Full,0.23413309320529302,0.4089026153087616,0.0,0.0,0.0,0.0,0.9908026158809662,66
2025-01-10 11:00:00,SACSI Full,0.23465443120956422,0.3944014012813568,0.0,0.0,0.0,0.0,0.9919669598340988,66
2025-01-10 12:00:00,SACSI Full,0.23491485216776528,0.29062628746032715,0.0,0.0,0.0,0.0,0.9931497231125832,66
2025-01-10 13:00:00,SACSI Full,0.23505398551861448,0.3052400052547455,0.0,0.0,0.0,0.0,0.9937490627169608,66
2025-01-10 14:00:00,SACSI Full,0.23498757026513423,0.24357542395591736,0.0,0.0,0.0,0.0,0.9945118457078934,66
2025-01-10 15:00:00,SACSI Full,0.23484146767775219,0.1686692237854004,0.0,0.0,0.0,0.0,0.9958775535225868,66
2025-01-10 16:00:00,SACSI Full,0.2347438254563014,0.1577073335647583,0.0,0.0,0.0,0.0,0.9967362344264984,66
2025-01-10 17:00:00,SACSI Full,0.23467630477587387,0.12424379587173462,0.0,0.0,0.0,0.0,0.997180488705635,66
2025-01-10 18:00:00,SACSI Full,0.2345848620367051,0.10856717824935913,0.0,0.0,0.0,0.0,0.9976718902587891,66
2025-01-10 19:00:00,SACSI Full,0.2345955685472489,0.11371195316314697,0.0,0.0,0.0,0.0,0.9976743131875991,66
2025-01-10 20:00:00,SACSI Full,0.23435002395947782,0.062336623668670654,0.0,0.0,0.0,0.0,0.9982395142316819,66
2025-01-10 21:00:00,SACSI Full,0.23415201755285273,0.07659807801246643,0.0,0.0,0.0,0.0,0.9983254238963126,66
2025-01-10 22:00:00,SACSI Full,0.23386319750944784,0.049353986978530884,0.0,0.0,0.0,0.0,0.99874047935009,66
2025-01-10 23:00:00,SACSI Full,0.2336251593987148,0.05608856678009033,0.0,0.0,0.0,0.0,0.9988108828663826,66
2025-01-11 00:00:00,SACSI Full,0.23376977721532194,0.13688534498214722,0.0,0.0,0.0,0.0,0.9964543253183366,66
2025-01-11 01:00:00,SACSI Full,0.23387456694285083,0.133436918258667,0.0,0.0,0.0,0.0,0.9972967773675918,66
2025-01-11 02:00:00,SACSI Full,0.2340579781770707,0.1570233702659607,0.0,0.0,0.0,0.0,0.9966236680746078,66
2025-01-11 03:00:00,SACSI Full,0.23411095607042318,0.11789336800575256,0.0,0.0,0.0,0.0,0.9972508326172829,66
2025-01-11 04:00:00,SACSI Full,0.23419607778946566,0.11053651571273804,0.0,0.0,0.0,0.0,0.997715701162815,66
2025-01-11 05:00:00,SACSI Full,0.23420957807064066,0.08905008435249329,0.0,0.0,0.0,0.0,0.9980041339993477,66
2025-01-11 06:00:00,SACSI Full,0.23434871428092333,0.11824086308479309,0.0,0.0,0.0,0.0,0.9973432749509811,66
2025-01-11 07:00:00,SACSI Full,0.23435518939256678,0.09544253349304199,0.0,0.0,0.0,0.0,0.9978631660342216,66
2025-01-11 08:00:00,SACSI Full,0.23435270731369665,0.14375537633895874,0.0,0.0,0.0,0.0,0.9966417640447616,66
2025-01-11 09:00:00,SACSI Full,0.23429646922747305,0.1616285741329193,0.0,0.0,0.0,0.0,0.996588696539402,66
2025-01-11 10:00:00,SACSI Full,0.23399064870675418,0.16325384378433228,0.0,0.0,0.0,0.0,0.9967186704277992,66
2025-01-11 11:00:00,SACSI Full,0.23359379798571284,0.13594478368759155,0.0,0.0,0.0,0.0,0.9970080137252808,66
2025-01-11 12:00:00,SACSI Full,0.23308628451903676,0.11124595999717712,0.0,0.0,0.0,0.0,0.9975280925631523,66
2025-01-11 13:00:00,SACSI Full,0.2328636262909573,0.11170253157615662,0.0,0.0,0.0,0.0,0.9977613836526871,66
2025-01-11 14:00:00,SACSI Full,0.23333680584192293,0.06945386528968811,0.0,0.0,0.0,0.0,0.9981884360313416,66
2025-01-11 15:00:00,SACSI Full,0.23470281028111795,0.037301331758499146,0.0,0.0,0.0,0.0,0.9989324480295181,66
2025-01-11 16:00:00,SACSI Full,0.23543359596093513,0.04673570394515991,0.0,0.0,0.0,0.0,0.9989709421992302,66
2025-01-11 17:00:00,SACSI Full,0.23719871971368808,0.014537125825881958,0.0,0.0,0.0,0.0,0.9993872717022896,66
2025-01-11 18:00:00,SACSI Full,0.23802024833520274,0.03145858645439148,0.0,0.0,0.0,0.0,0.9992016136646271,66
2025-01-11 19:00:00,SACSI Full,0.23885927890141825,0.01970916986465454,0.0,0.0,0.0,0.0,0.9994883224368095,66
2025-01-11 20:00:00,SACSI Full,0.23879016446431497,0.038765668869018555,0.0,0.0,0.0,0.0,0.999034121632576,66
2025-01-11 21:00:00,SACSI Full,0.23878503408908866,0.07496088743209839,0.0,0.0,0.0,0.0,0.9981388300657272,66
2025-01-11 22:00:00,SACSI Full,0.23878987408081712,0.07795199751853943,0.0,0.0,0.0,0.0,0.9984110489487649,66
2025-01-11 23:00:00,SACSI Full,0.2387682650081319,0.07001727819442749,0.0,0.0,0.0,0.0,0.9985203072428703,66
2025-01-12 00:00:00,SACSI Full,0.2386969198330246,0.055096447467803955,0.0,0.0,0.0,0.0,0.9987488627433776,66
2025-01-12 01:00:00,SACSI Full,0.23896140492916132,0.05584552884101868,0.0,0.0,0.0,0.0,0.9988755986094474,66
2025-01-12 02:00:00,SACSI Full,0.2398592011706037,0.05433887243270874,0.0,0.0,0.0,0.0,0.9988981559872627,66
2025-01-12 03:00:00,SACSI Full,0.24104945288658172,0.042075514793395996,0.0,0.0,0.0,0.0,0.999035856127739,66
2025-01-12 04:00:00,SACSI Full,0.24195370977481237,0.056277066469192505,0.0,0.0,0.0,0.0,0.9987324431538582,66
2025-01-12 05:00:00,SACSI Full,0.2423258187389377,0.0966326892375946,0.0,0.0,0.0,0.0,0.997663789987564,66
2025-01-12 06:00:00,SACSI Full,0.24320564666350714,0.04894837737083435,0.0,0.0,0.0,0.0,0.9985441893339158,66
2025-01-12 07:00:00,SACSI Full,0.24320065930525492,0.09200379252433777,0.0,0.0,0.0,0.0,0.9977293699979782,66
2025-01-12 08:00:00,SACSI Full,0.24333305240631134,0.15871793031692505,0.0,0.0,0.0,0.0,0.9961585000157356,66
2025-01-12 09:00:00,SACSI Full,0.2432994131898883,0.1599082350730896,0.0,0.0,0.0,0.0,0.9967899322509766,66
2025-01-12 10:00:00,SACSI Full,0.24288309440135986,0.10460436344146729,0.0,0.0,0.0,0.0,0.9973548740148545,66
2025-01-12 11:00:00,SACSI Full,0.24250363459428181,0.13266205787658691,0.0,0.0,0.0,0.0,0.997066181898117,66
2025-01-12 12:00:00,SACSI Full,0.2417129937640829,0.06880775094032288,0.0,0.0,0.0,0.0,0.9979853019118309,66
2025-01-12 13:00:00,SACSI Full,0.2410959480873747,0.06988629698753357,0.0,0.0,0.0,0.0,0.9985914885997773,66
2025-01-12 14:00:00,SACSI Full,0.24042569758335783,0.045424848794937134,0.0,0.0,0.0,0.0,0.9988468885421753,66
2025-01-12 15:00:00,SACSI Full,0.2402794716684027,0.05163222551345825,0.0,0.0,0.0,0.0,0.9989052817225456,66
2025-01-12 16:00:00,SACSI Full,0.2400670401755972,0.08077055215835571,0.0,0.0,0.0,0.0,0.998093205690384,66
2025-01-12 17:00:00,SACSI Full,0.239972576011817,0.09066075086593628,0.0,0.0,0.0,0.0,0.9980878829956055,66
2025-01-12 18:00:00,SACSI Full,0.23989888360420897,0.07989227771759033,0.0,0.0,0.0,0.0,0.9982944697141647,66
2025-01-12 19:00:00,SACSI Full,0.2398503220391277,0.07043153047561646,0.0,0.0,0.0,0.0,0.9984967619180679,66
2025-01-12 20:00:00,SACSI Full,0.23976660317103107,0.059884339570999146,0.0,0.0,0.0,0.0,0.9986968412995338,66
2025-01-12 21:00:00,SACSI Full,0.23966504390478174,0.046032220125198364,0.0,0.0,0.0,0.0,0.998940834403038,66
2025-01-12 22:00:00,SACSI Full,0.2396090951061253,0.05971536040306091,0.0,0.0,0.0,0.0,0.9986688613891601,66
2025-01-12 23:00:00,SACSI Full,0.23956006839354876,0.06179198622703552,0.0,0.0,0.0,0.0,0.9987433940172196,66
2025-01-13 00:00:00,SACSI Full,0.2397534237901374,0.03450661897659302,0.0,0.0,0.0,0.0,0.9990370139479637,66
2025-01-13 01:00:00,SACSI Full,0.24000153625249904,0.042433738708496094,0.0,0.0,0.0,0.0,0.9990720540285111,66
2025-01-13 02:00:00,SACSI Full,0.2399490577030186,0.05225643515586853,0.0,0.0,0.0,0.0,0.998856644332409,66
2025-01-13 03:00:00,SACSI Full,0.23990758637587273,0.06405860185623169,0.0,0.0,0.0,0.0,0.9986008062958718,66
2025-01-13 04:00:00,SACSI Full,0.23989294386148496,0.06360724568367004,0.0,0.0,0.0,0.0,0.998723341524601,66
2025-01-13 05:00:00,SACSI Full,0.23983582333485332,0.05936384201049805,0.0,0.0,0.0,0.0,0.9987702891230583,66
2025-01-13 06:00:00,SACSI Full,0.2398178558405245,0.07960975170135498,0.0,0.0,0.0,0.0,0.9982053458690644,66
2025-01-13 07:00:00,SACSI Full,0.2397562723477686,0.09202495217323303,0.0,0.0,0.0,0.0,0.9980353489518166,66
2025-01-13 08:00:00,SACSI Full,0.23998663619995161,0.07960915565490723,0.0,0.0,0.0,0.0,0.9982836589217186,66
2025-01-13 09:00:00,SACSI Full,0.2397461539991701,0.0808553397655487,0.0,0.0,0.0,0.0,0.9983704313635826,66
2025-01-13 10:00:00,SACSI Full,0.23912359015703244,0.07673084735870361,0.0,0.0,0.0,0.0,0.9984241381287575,66
2025-01-13 11:00:00,SACSI Full,0.23855889527400378,0.06859153509140015,0.0,0.0,0.0,0.0,0.9985467761754989,66
2025-01-13 12:00:00,SACSI Full,0.23793228407939318,0.05001664161682129,0.0,0.0,0.0,0.0,0.9988139182329178,66
2025-01-13 13:00:00,SACSI Full,0.23744311124563258,0.03374814987182617,0.0,0.0,0.0,0.0,0.9991623520851135,66
2025-01-13 14:00:00,SACSI Full,0.23665737174113635,0.027778148651123047,0.0,0.0,0.0,0.0,0.9993847370147705,66
2025-01-13 15:00:00,SACSI Full,0.23615540538549468,0.03641009330749512,0.0,0.0,0.0,0.0,0.9991854786872865,66
2025-01-13 16:00:00,SACSI Full,0.23579895589113278,0.04606515169143677,0.0,0.0,0.0,0.0,0.9989821463823318,66
2025-01-13 17:00:00,SACSI Full,0.23561351394653363,0.05486741662025452,0.0,0.0,0.0,0.0,0.9988146290183068,66
2025-01-13 18:00:00,SACSI Full,0.23615554640213693,0.0391097366809845,0.0,0.0,0.0,0.0,0.9990602284669876,66
2025-01-13 19:00:00,SACSI Full,0.24302534568230352,0.003439784049987793,0.0,0.0,0.0,0.0,0.9995745047926903,66
2025-01-13 20:00:00,SACSI Full,0.2445480118950212,0.007799863815307617,0.0,0.0,0.0,0.0,0.9998004019260407,66
2025-01-13 21:00:00,SACSI Full,0.245100110881329,0.016629695892333984,0.0,0.0,0.0,0.0,0.999579107761383,66
2025-01-13 22:00:00,SACSI Full,0.24725832738717438,0.006964951753616333,0.0,0.0,0.0,0.0,0.9997640535235405,66
2025-01-13 23:00:00,SACSI Full,0.24777756557067276,0.01527145504951477,0.0,0.0,0.0,0.0,0.9996115058660507,66
2025-01-14 00:00:00,SACSI Full,0.24799859566926996,0.0343090295791626,0.0,0.0,0.0,0.0,0.9991234436631203,66
2025-01-14 01:00:00,SACSI Full,0.2481861259706819,0.024259090423583984,0.0,0.0,0.0,0.0,0.9994143187999726,66
2025-01-14 02:00:00,SACSI Full,0.24905048159122506,0.010306686162948608,0.0,0.0,0.0,0.0,0.9996543422341347,66
2025-01-14 03:00:00,SACSI Full,0.25090216526428893,0.006505101919174194,0.0,0.0,0.0,0.0,0.9998318821191787,66
2025-01-14 04:00:00,SACSI Full,0.2521458943700794,0.007118731737136841,0.0,0.0,0.0,0.0,0.9998514890670777,66
2025-01-14 05:00:00,SACSI Full,0.25801805498758984,0.0041481852531433105,0.0,0.0,0.0,0.0,0.9998873308300972,66
2025-01-14 06:00:00,SACSI Full,0.26053193448225687,0.005163848400115967,0.0,0.0,0.0,0.0,0.999886566400528,66
2025-01-14 07:00:00,SACSI Full,0.26168375292619106,0.005045533180236816,0.0,0.0,0.0,0.0,0.9998979061841965,66
2025-01-14 08:00:00,SACSI Full,0.2618213767552379,0.009287148714065552,0.0,0.0,0.0,0.0,0.9997718408703804,66
2025-01-14 09:00:00,SACSI Full,0.26188432261864375,0.012383759021759033,0.0,0.0,0.0,0.0,0.9997213587164878,66
2025-01-14 10:00:00,SACSI Full,0.26159333174149224,0.04020273685455322,0.0,0.0,0.0,0.0,0.998917755484581,66
2025-01-14 11:00:00,SACSI Full,0.2611781517012917,0.0794459879398346,0.0,0.0,0.0,0.0,0.9980186477303504,66
2025-01-14 12:00:00,SACSI Full,0.26007676566123994,0.03508418798446655,0.0,0.0,0.0,0.0,0.9988546982407569,66
2025-01-14 13:00:00,SACSI Full,0.25903291625022923,0.043845176696777344,0.0,0.0,0.0,0.0,0.9990354865789414,66
2025-01-14 14:00:00,SACSI Full,0.25857826265017225,0.06960391998291016,0.0,0.0,0.0,0.0,0.9983503341674805,66
2025-01-14 15:00:00,SACSI Full,0.25829670474926664,0.07903262972831726,0.0,0.0,0.0,0.0,0.9983250603079796,66
2025-01-14 16:00:00,SACSI Full,0.25819177617788347,0.05552142858505249,0.0,0.0,0.0,0.0,0.9986544594168663,66
2025-01-14 17:00:00,SACSI Full,0.25795485870281887,0.022424757480621338,0.0,0.0,0.0,0.0,0.9992205381393433,66
2025-01-14 18:00:00,SACSI Full,0.257840478545825,0.00818595290184021,0.0,0.0,0.0,0.0,0.9996938928961754,66
2025-01-14 19:00:00,SACSI Full,0.2581044109114014,0.0046797096729278564,0.0,0.0,0.0,0.0,0.9998713433742523,66
2025-01-14 20:00:00,SACSI Full,0.25906353897889484,0.004738420248031616,0.0,0.0,0.0,0.0,0.9999046444892884,66
2025-01-14 21:00:00,SACSI Full,0.2589978647915525,0.005797743797302246,0.0,0.0,0.0,0.0,0.9998734518885612,66
2025-01-14 22:00:00,SACSI Full,0.25896346095641487,0.006678849458694458,0.0,0.0,0.0,0.0,0.9998576119542122,66
2025-01-14 23:00:00,SACSI Full,0.2589014718262358,0.006903260946273804,0.0,0.0,0.0,0.0,0.9998596906661987,66
2025-01-15 00:00:00,SACSI Full,0.2588379463863376,0.006442368030548096,0.0,0.0,0.0,0.0,0.9998665437102319,66
2025-01-15 01:00:00,SACSI Full,0.25880729317347245,0.0078040361404418945,0.0,0.0,0.0,0.0,0.9998303025960923,66
2025-01-15 02:00:00,SACSI Full,0.25879608226776163,0.005136728286743164,0.0,0.0,0.0,0.0,0.9998705923557282,66
2025-01-15 03:00:00,SACSI Full,0.2587584314695998,0.005704760551452637,0.0,0.0,0.0,0.0,0.9998802244663239,66
2025-01-15 04:00:00,SACSI Full,0.2587190561103825,0.005187392234802246,0.0,0.0,0.0,0.0,0.9998910784721374,66
2025-01-15 05:00:00,SACSI Full,0.2586579044254625,0.007154494524002075,0.0,0.0,0.0,0.0,0.9998372390866279,66
2025-01-15 06:00:00,SACSI Full,0.2589231386558219,0.0050702691078186035,0.0,0.0,0.0,0.0,0.9998777523636817,66
2025-01-15 07:00:00,SACSI Full,0.2591376989698414,0.006868094205856323,0.0,0.0,0.0,0.0,0.9998446598649025,66
2025-01-15 08:00:00,SACSI Full,0.2605150896859173,0.015217214822769165,0.0,0.0,0.0,0.0,0.9996121644973754,66
2025-01-15 09:00:00,SACSI Full,0.26051520423809726,0.0275343656539917,0.0,0.0,0.0,0.0,0.999326141178608,66
2025-01-15 10:00:00,SACSI Full,0.26111507928768835,0.043462514877319336,0.0,0.0,0.0,0.0,0.9989714682102203,66
2025-01-15 11:00:00,SACSI Full,0.2620500857440635,0.04400193691253662,0.0,0.0,0.0,0.0,0.9991145670413971,66
2025-01-15 12:00:00,SACSI Full,0.2627990064811711,0.06267622113227844,0.0,0.0,0.0,0.0,0.998559732735157,66
2025-01-15 13:00:00,SACSI Full,0.2621239418403312,0.07798060774803162,0.0,0.0,0.0,0.0,0.9982873439788819,66
2025-01-15 14:00:00,SACSI Full,0.263292782568932,0.03115221858024597,0.0,0.0,0.0,0.0,0.9989086717367173,66
2025-01-15 15:00:00,SACSI Full,0.2638027589972818,0.03999292850494385,0.0,0.0,0.0,0.0,0.9991117343306541,66
2025-01-15 16:00:00,SACSI Full,0.26471601762692176,0.018477588891983032,0.0,0.0,0.0,0.0,0.9994152948260306,66
2025-01-15 17:00:00,SACSI Full,0.26609284633795466,0.0065486133098602295,0.0,0.0,0.0,0.0,0.9997497379779816,66
2025-01-15 18:00:00,SACSI Full,0.2669712172627453,0.006011277437210083,0.0,0.0,0.0,0.0,0.9998744010925292,66
2025-01-15 19:00:00,SACSI Full,0.26687728772481323,0.005821138620376587,0.0,0.0,0.0,0.0,0.9998816758394241,66
2025-01-15 20:00:00,SACSI Full,0.26747480972369553,0.00475659966468811,0.0,0.0,0.0,0.0,0.9998942226171493,66
2025-01-15 21:00:00,SACSI Full,0.26774109547932984,0.005385726690292358,0.0,0.0,0.0,0.0,0.999885994195938,66
2025-01-15 22:00:00,SACSI Full,0.2676451691857978,0.005222111940383911,0.0,0.0,0.0,0.0,0.9998939216136933,66
2025-01-15 23:00:00,SACSI Full,0.26757967579921127,0.0058519840240478516,0.0,0.0,0.0,0.0,0.9998766615986824,66
2025-01-16 00:00:00,SACSI Full,0.2674857085116708,0.005809813737869263,0.0,0.0,0.0,0.0,0.9998833820223809,66
2025-01-16 01:00:00,SACSI Full,0.2674188665699963,0.005447417497634888,0.0,0.0,0.0,0.0,0.9998874276876449,66
2025-01-16 02:00:00,SACSI Full,0.26735176932175997,0.005370825529098511,0.0,0.0,0.0,0.0,0.9998918175697327,66
2025-01-16 03:00:00,SACSI Full,0.2672845921039586,0.005346834659576416,0.0,0.0,0.0,0.0,0.9998928233981133,66
2025-01-16 04:00:00,SACSI Full,0.2672169782821342,0.005215853452682495,0.0,0.0,0.0,0.0,0.9998943731188774,66
2025-01-16 05:00:00,SACSI Full,0.26712516967614536,0.006457418203353882,0.0,0.0,0.0,0.0,0.9998584359884262,66
2025-01-16 06:00:00,SACSI Full,0.2670377097256983,0.007762014865875244,0.0,0.0,0.0,0.0,0.9998317137360573,66
2025-01-16 07:00:00,SACSI Full,0.26690087573687277,0.009949803352355957,0.0,0.0,0.0,0.0,0.999779126048088,66
2025-01-16 08:00:00,SACSI Full,0.26665926115036054,0.029515624046325684,0.0,0.0,0.0,0.0,0.9992140293121338,66
2025-01-16 09:00:00,SACSI Full,0.26627139103333197,0.053638964891433716,0.0,0.0,0.0,0.0,0.9986859872937203,66
2025-01-16 10:00:00,SACSI Full,0.2655627158300086,0.06789743900299072,0.0,0.0,0.0,0.0,0.9984994664788246,66
2025-01-16 11:00:00,SACSI Full,0.2647772290802006,0.06185397505760193,0.0,0.0,0.0,0.0,0.998702485859394,66
2025-01-16 12:00:00,SACSI Full,0.26386159975926127,0.048311203718185425,0.0,0.0,0.0,0.0,0.9988983482122421,66
2025-01-16 13:00:00,SACSI Full,0.26302049515326864,0.05366861820220947,0.0,0.0,0.0,0.0,0.9988730534911157,66
2025-01-16 14:00:00,SACSI Full,0.2621016866866752,0.038857460021972656,0.0,0.0,0.0,0.0,0.9990747392177581,66
2025-01-16 15:00:00,SACSI Full,0.2614932628560071,0.05547285079956055,0.0,0.0,0.0,0.0,0.998724389076233,66
2025-01-16 16:00:00,SACSI Full,0.26179353082259543,0.017580389976501465,0.0,0.0,0.0,0.0,0.9992694675922393,66
2025-01-16 17:00:00,SACSI Full,0.2624696054331466,0.013322383165359497,0.0,0.0,0.0,0.0,0.9996909722685814,66
2025-01-16 18:00:00,SACSI Full,0.26290789103746465,0.007985681295394897,0.0,0.0,0.0,0.0,0.9997869193553924,66
2025-01-16 19:00:00,SACSI Full,0.262746099821727,0.010962635278701782,0.0,0.0,0.0,0.0,0.999750977754593,66
2025-01-16 20:00:00,SACSI Full,0.26292958697557495,0.0060461461544036865,0.0,0.0,0.0,0.0,0.999829912185669,66
2025-01-16 21:00:00,SACSI Full,0.2628405137260759,0.007278025150299072,0.0,0.0,0.0,0.0,0.999842120707035,66
2025-01-16 22:00:00,SACSI Full,0.2626963637638096,0.007755011320114136,0.0,0.0,0.0,0.0,0.9998401299118995,66
2025-01-16 23:00:00,SACSI Full,0.2625554438765848,0.008724033832550049,0.0,0.0,0.0,0.0,0.9998158290982246,66
2025-01-17 00:00:00,SACSI Full,0.2630997468407953,0.005790889263153076,0.0,0.0,0.0,0.0,0.999854850769043,66
2025-01-17 01:00:00,SACSI Full,0.2632851125343645,0.006609708070755005,0.0,0.0,0.0,0.0,0.9998596176505089,66
2025-01-17 02:00:00,SACSI Full,0.2631488944602017,0.010134577751159668,0.0,0.0,0.0,0.0,0.9997620597481728,66
2025-01-17 03:00:00,SACSI Full,0.263357257877986,0.00500902533531189,0.0,0.0,0.0,0.0,0.9998485639691352,66
2025-01-17 04:00:00,SACSI Full,0.26321926755905184,0.009602904319763184,0.0,0.0,0.0,0.0,0.9997620031237603,66
2025-01-17 05:00:00,SACSI Full,0.26340868239482274,0.007824450731277466,0.0,0.0,0.0,0.0,0.9998257264494896,66
2025-01-17 06:00:00,SACSI Full,0.26359204785585433,0.00600963830947876,0.0,0.0,0.0,0.0,0.9998616591095925,66
2025-01-17 07:00:00,SACSI Full,0.26405986882050864,0.00834628939628601,0.0,0.0,0.0,0.0,0.9998097077012061,66
2025-01-17 08:00:00,SACSI Full,0.2637328223657611,0.02088606357574463,0.0,0.0,0.0,0.0,0.9994568809866906,66
2025-01-17 09:00:00,SACSI Full,0.26333286419550606,0.04151254892349243,0.0,0.0,0.0,0.0,0.9989634841680526,66
2025-01-17 10:00:00,SACSI Full,0.2627372449326518,0.059314221143722534,0.0,0.0,0.0,0.0,0.9986356988549232,66
2025-01-17 11:00:00,SACSI Full,0.2622709037423137,0.06409764289855957,0.0,0.0,0.0,0.0,0.9986702129244804,66
2025-01-17 12:00:00,SACSI Full,0.26170381397724185,0.07637307047843933,0.0,0.0,0.0,0.0,0.9983497843146324,66
2025-01-17 13:00:00,SACSI Full,0.2607973345001542,0.034056156873703,0.0,0.0,0.0,0.0,0.9988957077264786,66
2025-01-17 14:00:00,SACSI Full,0.2600981079260512,0.045232027769088745,0.0,0.0,0.0,0.0,0.9989836007356644,66
2025-01-17 15:00:00,SACSI Full,0.2593844985198978,0.0324171781539917,0.0,0.0,0.0,0.0,0.9992235079407692,66
2025-01-17 16:00:00,SACSI Full,0.2588880279779438,0.029558837413787842,0.0,0.0,0.0,0.0,0.9993802398443221,66
2025-01-17 17:00:00,SACSI Full,0.2586161411857609,0.02043396234512329,0.0,0.0,0.0,0.0,0.9995000720024109,66
2025-01-17 18:00:00,SACSI Full,0.25875251950899797,0.01741349697113037,0.0,0.0,0.0,0.0,0.9996215254068375,66
2025-01-17 19:00:00,SACSI Full,0.25857662308534024,0.015231072902679443,0.0,0.0,0.0,0.0,0.9996735543012619,66
2025-01-17 20:00:00,SACSI Full,0.25840414747158724,0.01625731587409973,0.0,0.0,0.0,0.0,0.9996645912528037,66
2025-01-17 21:00:00,SACSI Full,0.25825158974329665,0.02223268151283264,0.0,0.0,0.0,0.0,0.999495592713356,66
2025-01-17 22:00:00,SACSI Full,0.2581142528231942,0.0182989239692688,0.0,0.0,0.0,0.0,0.999594683945179,66
2025-01-17 23:00:00,SACSI Full,0.2579611209034924,0.022060424089431763,0.0,0.0,0.0,0.0,0.9995211765170098,66
2025-01-18 00:00:00,SACSI Full,0.2578259138560299,0.018937885761260986,0.0,0.0,0.0,0.0,0.9995900169014931,66
2025-01-18 01:00:00,SACSI Full,0.2579987940979008,0.011364072561264038,0.0,0.0,0.0,0.0,0.9996969804167747,66
2025-01-18 02:00:00,SACSI Full,0.2578648852070176,0.010827332735061646,0.0,0.0,0.0,0.0,0.9997780859470367,66
2025-01-18 03:00:00,SACSI Full,0.25874321142832474,0.00599786639213562,0.0,0.0,0.0,0.0,0.999831748008728,66
2025-01-18 04:00:00,SACSI Full,0.2589660672187808,0.00935673713684082,0.0,0.0,0.0,0.0,0.9997792765498161,66
2025-01-18 05:00:00,SACSI Full,0.25886068934996953,0.01088663935661316,0.0,0.0,0.0,0.0,0.99976696819067,66
2025-01-18 06:00:00,SACSI Full,0.25872812255700456,0.01122996211051941,0.0,0.0,0.0,0.0,0.9997719675302505,66
2025-01-18 07:00:00,SACSI Full,0.2585534102789564,0.015586316585540771,0.0,0.0,0.0,0.0,0.999644710123539,66
2025-01-18 08:00:00,SACSI Full,0.25820573488791815,0.02319738268852234,0.0,0.0,0.0,0.0,0.9994599416851997,66
2025-01-18 09:00:00,SACSI Full,0.2577293895888332,0.044096410274505615,0.0,0.0,0.0,0.0,0.99890908151865,66
2025-01-18 10:00:00,SACSI Full,0.2570894726165139,0.06302490830421448,0.0,0.0,0.0,0.0,0.9985502168536186,66
2025-01-18 11:00:00,SACSI Full,0.2562569888289773,0.05625486373901367,0.0,0.0,0.0,0.0,0.9988072022795678,66
2025-01-18 12:00:00,SACSI Full,0.25519001407464376,0.028407573699951172,0.0,0.0,0.0,0.0,0.9991533756256104,66
2025-01-18 13:00:00,SACSI Full,0.2541530929756168,0.037423670291900635,0.0,0.0,0.0,0.0,0.9991613656282424,66
2025-01-18 14:00:00,SACSI Full,0.2533166181945804,0.038057565689086914,0.0,0.0,0.0,0.0,0.9992325097322464,66
2025-01-18 15:00:00,SACSI Full,0.2528269182093941,0.048590004444122314,0.0,0.0,0.0,0.0,0.9989228755235672,66
2025-01-18 16:00:00,SACSI Full,0.2524305979434653,0.025603920221328735,0.0,0.0,0.0,0.0,0.9992580607533454,66
2025-01-18 17:00:00,SACSI Full,0.2521852791937196,0.019904375076293945,0.0,0.0,0.0,0.0,0.9995449170470238,66
2025-01-18 18:00:00,SACSI Full,0.25200928243557646,0.015200972557067871,0.0,0.0,0.0,0.0,0.9996489465236664,66
2025-01-18 19:00:00,SACSI Full,0.2518879307532314,0.014594495296478271,0.0,0.0,0.0,0.0,0.9997020453214646,66
2025-01-18 20:00:00,SACSI Full,0.25179180799563755,0.013663172721862793,0.0,0.0,0.0,0.0,0.9997174233198166,66
2025-01-18 21:00:00,SACSI Full,0.2516705720456444,0.014629215002059937,0.0,0.0,0.0,0.0,0.9996977552771569,66
2025-01-18 22:00:00,SACSI Full,0.2515528676708542,0.015688687562942505,0.0,0.0,0.0,0.0,0.9996756315231323,66
2025-01-18 23:00:00,SACSI Full,0.2514366588759425,0.016137361526489258,0.0,0.0,0.0,0.0,0.9996727660298347,66
2025-01-19 00:00:00,SACSI Full,0.25132718043883673,0.018156468868255615,0.0,0.0,0.0,0.0,0.9996166795492172,66
2025-01-19 01:00:00,SACSI Full,0.2512418545659386,0.016902238130569458,0.0,0.0,0.0,0.0,0.9996494129300117,66
2025-01-19 02:00:00,SACSI Full,0.25113687776962945,0.01950696110725403,0.0,0.0,0.0,0.0,0.9995838135480881,66
2025-01-19 03:00:00,SACSI Full,0.25101744161446915,0.023669153451919556,0.0,0.0,0.0,0.0,0.9994849950075149,66
2025-01-19 04:00:00,SACSI Full,0.25091479360421526,0.028705596923828125,0.0,0.0,0.0,0.0,0.9993755236268044,66
2025-01-19 05:00:00,SACSI Full,0.25082660071373014,0.03304213285446167,0.0,0.0,0.0,0.0,0.9992957919836044,66
2025-01-19 06:00:00,SACSI Full,0.2507349485015872,0.0405043363571167,0.0,0.0,0.0,0.0,0.9991152912378312,66
2025-01-19 07:00:00,SACSI Full,0.2506157072861992,0.03222763538360596,0.0,0.0,0.0,0.0,0.9992726802825928,66
2025-01-19 08:00:00,SACSI Full,0.2503119195230805,0.04486367106437683,0.0,0.0,0.0,0.0,0.9989763662219048,66
2025-01-19 09:00:00,SACSI Full,0.24982373892545728,0.06604582071304321,0.0,0.0,0.0,0.0,0.9984672620892524,66
2025-01-19 10:00:00,SACSI Full,0.2492731631239258,0.08132725954055786,0.0,0.0,0.0,0.0,0.9982206404209136,66
2025-01-19 11:00:00,SACSI Full,0.24855639705260624,0.08247017860412598,0.0,0.0,0.0,0.0,0.9983391672372818,66
2025-01-19 12:00:00,SACSI Full,0.24764186568180746,0.05714058876037598,0.0,0.0,0.0,0.0,0.998603892326355,66
2025-01-19 13:00:00,SACSI Full,0.24669302538077062,0.046847909688949585,0.0,0.0,0.0,0.0,0.9989601150155067,66
2025-01-19 14:00:00,SACSI Full,0.24574308712959317,0.03801852464675903,0.0,0.0,0.0,0.0,0.9991513356566429,66
2025-01-19 15:00:00,SACSI Full,0.24505022580067343,0.06414160132408142,0.0,0.0,0.0,0.0,0.9984559372067452,66
2025-01-19 16:00:00,SACSI Full,0.2445071753851575,0.0580848753452301,0.0,0.0,0.0,0.0,0.9987777352333068,66
2025-01-19 17:00:00,SACSI Full,0.2441900545597079,0.040863752365112305,0.0,0.0,0.0,0.0,0.9990105137228966,66
2025-01-19 18:00:00,SACSI Full,0.2440678109916054,0.039826929569244385,0.0,0.0,0.0,0.0,0.9991930931806565,66
2025-01-19 19:00:00,SACSI Full,0.2439579878067973,0.03505304455757141,0.0,0.0,0.0,0.0,0.9992512002587318,66
2025-01-19 20:00:00,SACSI Full,0.2438621978418035,0.013763010501861572,0.0,0.0,0.0,0.0,0.9995118394494057,66
2025-01-19 21:00:00,SACSI Full,0.2437789586281779,0.017528235912322998,0.0,0.0,0.0,0.0,0.999611783027649,66
2025-01-19 22:00:00,SACSI Full,0.24367934923013077,0.021117180585861206,0.0,0.0,0.0,0.0,0.9995417669415474,66
2025-01-19 23:00:00,SACSI Full,0.24355807427167916,0.023117512464523315,0.0,0.0,0.0,0.0,0.999517646431923,66
2025-01-20 00:00:00,SACSI Full,0.24346907324155198,0.03279969096183777,0.0,0.0,0.0,0.0,0.9992471843957901,66
2025-01-20 01:00:00,SACSI Full,0.24336835344155655,0.02928406000137329,0.0,0.0,0.0,0.0,0.999379162490368,66
2025-01-20 02:00:00,SACSI Full,0.24328811081727372,0.035427212715148926,0.0,0.0,0.0,0.0,0.9992300242185592,66
2025-01-20 03:00:00,SACSI Full,0.24317729399045335,0.02625495195388794,0.0,0.0,0.0,0.0,0.9993831783533097,66
2025-01-20 04:00:00,SACSI Full,0.24307346928517048,0.028352588415145874,0.0,0.0,0.0,0.0,0.9994119718670844,66
2025-01-20 05:00:00,SACSI Full,0.24299530239264194,0.03604993224143982,0.0,0.0,0.0,0.0,0.9992020279169083,66
2025-01-20 06:00:00,SACSI Full,0.24291276273727444,0.04323810338973999,0.0,0.0,0.0,0.0,0.9990633562207222,66
2025-01-20 07:00:00,SACSI Full,0.24292484442790377,0.088624507188797,0.0,0.0,0.0,0.0,0.9977736458182336,66
2025-01-20 08:00:00,SACSI Full,0.2427047345980011,0.08696705102920532,0.0,0.0,0.0,0.0,0.99824408441782,66
2025-01-20 09:00:00,SACSI Full,0.24235111366987255,0.13191372156143188,0.0,0.0,0.0,0.0,0.996912258863449,66
2025-01-20 10:00:00,SACSI Full,0.2416885942482951,0.11574417352676392,0.0,0.0,0.0,0.0,0.997523421049118,66
2025-01-20 11:00:00,SACSI Full,0.24087183929602332,0.10347351431846619,0.0,0.0,0.0,0.0,0.9978078231215477,66
2025-01-20 12:00:00,SACSI Full,0.2397681005597117,0.059878379106521606,0.0,0.0,0.0,0.0,0.9983664810657501,66
2025-01-20 13:00:00,SACSI Full,0.23875071660439198,0.05178481340408325,0.0,0.0,0.0,0.0,0.998883368074894,66
2025-01-20 14:00:00,SACSI Full,0.23792698450009056,0.06738036870956421,0.0,0.0,0.0,0.0,0.9984964370727539,66
2025-01-20 15:00:00,SACSI Full,0.2371949678524338,0.06939500570297241,0.0,0.0,0.0,0.0,0.9985919535160065,66
2025-01-20 16:00:00,SACSI Full,0.23680612117846833,0.07034599781036377,0.0,0.0,0.0,0.0,0.9985835701227188,66
2025-01-20 17:00:00,SACSI Full,0.23659834706068067,0.07366776466369629,0.0,0.0,0.0,0.0,0.9984934270381927,66
2025-01-20 18:00:00,SACSI Full,0.23652302201668451,0.06240248680114746,0.0,0.0,0.0,0.0,0.9986392974853515,66
2025-01-20 19:00:00,SACSI Full,0.23647544396241538,0.05372658371925354,0.0,0.0,0.0,0.0,0.998838709294796,66
2025-01-20 20:00:00,SACSI Full,0.2363894194563233,0.02519264817237854,0.0,0.0,0.0,0.0,0.9992108076810837,66
2025-01-20 21:00:00,SACSI Full,0.23631240319887828,0.02789512276649475,0.0,0.0,0.0,0.0,0.9994150727987289,66
2025-01-20 22:00:00,SACSI Full,0.23631282132228246,0.05112543702125549,0.0,0.0,0.0,0.0,0.9987451881170273,66
2025-01-20 23:00:00,SACSI Full,0.23628974600950906,0.05257740616798401,0.0,0.0,0.0,0.0,0.998933932185173,66
2025-01-21 00:00:00,SACSI Full,0.23624051369508137,0.044730305671691895,0.0,0.0,0.0,0.0,0.9990269228816032,66
2025-01-21 01:00:00,SACSI Full,0.23618416286468535,0.03409475088119507,0.0,0.0,0.0,0.0,0.9992117494344711,66
2025-01-21 02:00:00,SACSI Full,0.23614156454722116,0.04672050476074219,0.0,0.0,0.0,0.0,0.9989393323659896,66
2025-01-21 03:00:00,SACSI Full,0.23611482381423343,0.04297778010368347,0.0,0.0,0.0,0.0,0.9991030171513557,66
2025-01-21 04:00:00,SACSI Full,0.23609304516792326,0.04446640610694885,0.0,0.0,0.0,0.0,0.9990957856178284,66
2025-01-21 05:00:00,SACSI Full,0.23607555408239392,0.04575267434120178,0.0,0.0,0.0,0.0,0.9990720838308333,66
2025-01-21 06:00:00,SACSI Full,0.23607793667554883,0.05171477794647217,0.0,0.0,0.0,0.0,0.9989060834050179,66
2025-01-21 07:00:00,SACSI Full,0.2359937310361865,0.05973830819129944,0.0,0.0,0.0,0.0,0.9987249985337258,66
2025-01-21 08:00:00,SACSI Full,0.23573779460986485,0.06771907210350037,0.0,0.0,0.0,0.0,0.998565810918808,66
2025-01-21 09:00:00,SACSI Full,0.23521920766194693,0.07392391562461853,0.0,0.0,0.0,0.0,0.9984594732522964,66
2025-01-21 10:00:00,SACSI Full,0.2345076686525348,0.09253829717636108,0.0,0.0,0.0,0.0,0.9979630902409554,66
2025-01-21 11:00:00,SACSI Full,0.23371988549709352,0.12916505336761475,0.0,0.0,0.0,0.0,0.9970504313707352,66
2025-01-21 12:00:00,SACSI Full,0.23278330305417413,0.09302526712417603,0.0,0.0,0.0,0.0,0.9977780967950821,66
2025-01-21 13:00:00,SACSI Full,0.2318830317950252,0.08691862225532532,0.0,0.0,0.0,0.0,0.9982005611062049,66
2025-01-21 14:00:00,SACSI Full,0.23101388164520298,0.07925495505332947,0.0,0.0,0.0,0.0,0.9983382642269134,66
2025-01-21 15:00:00,SACSI Full,0.23039431889692977,0.07763117551803589,0.0,0.0,0.0,0.0,0.9984311386942863,66
2025-01-21 16:00:00,SACSI Full,0.2299164385128025,0.0521358847618103,0.0,0.0,0.0,0.0,0.9987023293972015,66
2025-01-21 17:00:00,SACSI Full,0.22959562564214106,0.05675613880157471,0.0,0.0,0.0,0.0,0.9988186746835709,66
2025-01-21 18:00:00,SACSI Full,0.22950427165031465,0.0660938024520874,0.0,0.0,0.0,0.0,0.9985847473144531,66
2025-01-21 19:00:00,SACSI Full,0.2294455271283789,0.06737664341926575,0.0,0.0,0.0,0.0,0.998639638721943,66
2025-01-21 20:00:00,SACSI Full,0.22945939301888182,0.0721597671508789,0.0,0.0,0.0,0.0,0.9985089734196663,66
2025-01-21 21:00:00,SACSI Full,0.22948331967671748,0.07517799735069275,0.0,0.0,0.0,0.0,0.998466257750988,66
2025-01-21 22:00:00,SACSI Full,0.22958592843929965,0.09878262877464294,0.0,0.0,0.0,0.0,0.9977883011102677,66
2025-01-21 23:00:00,SACSI Full,0.22960993953704872,0.07520332932472229,0.0,0.0,0.0,0.0,0.9982601404190063,66
2025-01-22 00:00:00,SACSI Full,0.22960502029577928,0.05802422761917114,0.0,0.0,0.0,0.0,0.9986677244305611,66
2025-01-22 01:00:00,SACSI Full,0.22963679344256757,0.060531944036483765,0.0,0.0,0.0,0.0,0.9987642839550972,66
2025-01-22 02:00:00,SACSI Full,0.22968121072133418,0.06432518362998962,0.0,0.0,0.0,0.0,0.9986755639314652,66
2025-01-22 03:00:00,SACSI Full,0.2297056207076712,0.05832299590110779,0.0,0.0,0.0,0.0,0.9987735182046891,66
2025-01-22 04:00:00,SACSI Full,0.2297195045137409,0.05516514182090759,0.0,0.0,0.0,0.0,0.9988651186227798,66
2025-01-22 05:00:00,SACSI Full,0.22975642402490015,0.06207585334777832,0.0,0.0,0.0,0.0,0.9986893758177757,66
2025-01-22 06:00:00,SACSI Full,0.22981433529853854,0.06837338209152222,0.0,0.0,0.0,0.0,0.998569557070732,66
2025-01-22 07:00:00,SACSI Full,0.22987272907018697,0.0940181314945221,0.0,0.0,0.0,0.0,0.9978631898760796,66
2025-01-22 08:00:00,SACSI Full,0.2299292785064383,0.12746483087539673,0.0,0.0,0.0,0.0,0.9971162363886833,66
2025-01-22 09:00:00,SACSI Full,0.2300174302570029,0.17094552516937256,0.0,0.0,0.0,0.0,0.9961462825536728,66
2025-01-22 10:00:00,SACSI Full,0.2299443968669577,0.2585899829864502,0.0,0.0,0.0,0.0,0.9939517557621002,66
2025-01-22 11:00:00,SACSI Full,0.22953523135582643,0.242750346660614,0.0,0.0,0.0,0.0,0.9949865967035294,66
2025-01-22 12:00:00,SACSI Full,0.22916138414859807,0.2193458378314972,0.0,0.0,0.0,0.0,0.9953790381550789,66
2025-01-22 13:00:00,SACSI Full,0.22864846615950304,0.16912460327148438,0.0,0.0,0.0,0.0,0.9961152955889702,66
2025-01-22 14:00:00,SACSI Full,0.22851856729189593,0.199030339717865,0.0,0.0,0.0,0.0,0.9957203358411789,66
2025-01-22 15:00:00,SACSI Full,0.22830827162424758,0.20891129970550537,0.0,0.0,0.0,0.0,0.9957229644060135,66
2025-01-22 16:00:00,SACSI Full,0.22820041965802546,0.13764441013336182,0.0,0.0,0.0,0.0,0.9965344429016113,66
2025-01-22 17:00:00,SACSI Full,0.2281760983085636,0.07770359516143799,0.0,0.0,0.0,0.0,0.997846519947052,66
2025-01-22 18:00:00,SACSI Full,0.22876429386774735,0.027458667755126953,0.0,0.0,0.0,0.0,0.9989483773708344,66
2025-01-22 19:00:00,SACSI Full,0.22973608666340548,0.01703783869743347,0.0,0.0,0.0,0.0,0.9995550349354745,66
2025-01-22 20:00:00,SACSI Full,0.22972683247725206,0.03122374415397644,0.0,0.0,0.0,0.0,0.9992336660623551,66
2025-01-22 21:00:00,SACSI Full,0.23005468536059098,0.023855865001678467,0.0,0.0,0.0,0.0,0.9994492039084435,66
2025-01-22 22:00:00,SACSI Full,0.23002522370974257,0.0251615047454834,0.0,0.0,0.0,0.0,0.9994837135076522,66
2025-01-22 23:00:00,SACSI Full,0.2299977558342619,0.025759637355804443,0.0,0.0,0.0,0.0,0.9994788259267807,66
2025-01-23 00:00:00,SACSI Full,0.2299926247994108,0.032460689544677734,0.0,0.0,0.0,0.0,0.9992837756872177,66
2025-01-23 01:00:00,SACSI Full,0.22999343088388471,0.034241825342178345,0.0,0.0,0.0,0.0,0.9992973521351814,66
2025-01-23 02:00:00,SACSI Full,0.23002428492864002,0.034756213426589966,0.0,0.0,0.0,0.0,0.999299731850624,66
2025-01-23 03:00:00,SACSI Full,0.23004436444044146,0.03152385354042053,0.0,0.0,0.0,0.0,0.9993371993303298,66
2025-01-23 04:00:00,SACSI Full,0.2300657557511333,0.03191739320755005,0.0,0.0,0.0,0.0,0.9993577167391777,66
2025-01-23 05:00:00,SACSI Full,0.23013011257330612,0.04480704665184021,0.0,0.0,0.0,0.0,0.9989749625325203,66
2025-01-23 06:00:00,SACSI Full,0.23017060468912162,0.037647634744644165,0.0,0.0,0.0,0.0,0.9991754531860352,66
2025-01-23 07:00:00,SACSI Full,0.23015056328694064,0.036487579345703125,0.0,0.0,0.0,0.0,0.9992586478590966,66
2025-01-23 08:00:00,SACSI Full,0.23022293408234953,0.1067112386226654,0.0,0.0,0.0,0.0,0.9971635386347771,66
2025-01-23 09:00:00,SACSI Full,0.23052066616058386,0.2508196234703064,0.0,0.0,0.0,0.0,0.9935425236821175,66
2025-01-23 10:00:00,SACSI Full,0.23075348016579986,0.3163442015647888,0.0,0.0,0.0,0.0,0.9930178701877594,66
2025-01-23 11:00:00,SACSI Full,0.23101807950417239,0.3683798015117645,0.0,0.0,0.0,0.0,0.992112047970295,66
2025-01-23 12:00:00,SACSI Full,0.23151370303710342,0.403687059879303,0.0,0.0,0.0,0.0,0.9915731862187386,66
2025-01-23 13:00:00,SACSI Full,0.23151150886853575,0.35634174942970276,0.0,0.0,0.0,0.0,0.99239971190691,66
2025-01-23 14:00:00,SACSI Full,0.23193603521903397,0.39085790514945984,0.0,0.0,0.0,0.0,0.9918376803398132,66
2025-01-23 15:00:00,SACSI Full,0.23208504257599558,0.30820220708847046,0.0,0.0,0.0,0.0,0.9930093988776207,66
2025-01-23 16:00:00,SACSI Full,0.23211398671229724,0.19568324089050293,0.0,0.0,0.0,0.0,0.9949611455202102,66
2025-01-23 17:00:00,SACSI Full,0.23203802386442865,0.07921114563941956,0.0,0.0,0.0,0.0,0.9972510561347008,66
2025-01-23 18:00:00,SACSI Full,0.23200527746677443,0.04117608070373535,0.0,0.0,0.0,0.0,0.9987961277365685,66
2025-01-23 19:00:00,SACSI Full,0.23200161247491882,0.0244005024433136,0.0,0.0,0.0,0.0,0.9993442341685296,66
2025-01-23 20:00:00,SACSI Full,0.2339397902377451,0.006953328847885132,0.0,0.0,0.0,0.0,0.999686461687088,66
2025-01-23 21:00:00,SACSI Full,0.236534964807034,0.00405237078666687,0.0,0.0,0.0,0.0,0.9998899430036545,66
2025-01-23 22:00:00,SACSI Full,0.2418247474757835,0.003934800624847412,0.0,0.0,0.0,0.0,0.9999201282858848,66
2025-01-23 23:00:00,SACSI Full,0.24575295586506574,0.003962516784667969,0.0,0.0,0.0,0.0,0.9999204725027084,66
2025-01-24 00:00:00,SACSI Full,0.24937479831457188,0.003552734851837158,0.0,0.0,0.0,0.0,0.999924847483635,66
2025-01-24 01:00:00,SACSI Full,0.25000193067630183,0.005139708518981934,0.0,0.0,0.0,0.0,0.9998813360929489,66
2025-01-24 02:00:00,SACSI Full,0.24997389162381542,0.008588284254074097,0.0,0.0,0.0,0.0,0.9997937485575676,66
2025-01-24 03:00:00,SACSI Full,0.2499270847900714,0.011457949876785278,0.0,0.0,0.0,0.0,0.9997421443462372,66
2025-01-24 04:00:00,SACSI Full,0.24987680896600145,0.010417252779006958,0.0,0.0,0.0,0.0,0.9997812479734421,66
2025-01-24 05:00:00,SACSI Full,0.2498213957182572,0.008876025676727295,0.0,0.0,0.0,0.0,0.9998070672154427,66
2025-01-24 06:00:00,SACSI Full,0.24977265968084394,0.010879188776016235,0.0,0.0,0.0,0.0,0.9997623845934869,66
2025-01-24 07:00:00,SACSI Full,0.24968447924216647,0.016045868396759033,0.0,0.0,0.0,0.0,0.9996274158358575,66
2025-01-24 08:00:00,SACSI Full,0.2501593601115551,0.018964260816574097,0.0,0.0,0.0,0.0,0.9995915308594704,66
2025-01-24 09:00:00,SACSI Full,0.25056571467717553,0.04090636968612671,0.0,0.0,0.0,0.0,0.9989624515175819,66
2025-01-24 10:00:00,SACSI Full,0.2503002247826265,0.10735303163528442,0.0,0.0,0.0,0.0,0.9971884727478028,66
2025-01-24 11:00:00,SACSI Full,0.2502213281877842,0.1803310215473175,0.0,0.0,0.0,0.0,0.9956635996699332,66
2025-01-24 12:00:00,SACSI Full,0.25021961384455427,0.22898569703102112,0.0,0.0,0.0,0.0,0.9949337393045425,66
2025-01-24 13:00:00,SACSI Full,0.2501481407086061,0.20805805921554565,0.0,0.0,0.0,0.0,0.9956295624375344,66
2025-01-24 14:00:00,SACSI Full,0.24999999930858677,0.21055757999420166,0.0,0.0,0.0,0.0,0.9957638531923294,66
2025-01-24 15:00:00,SACSI Full,0.25017633267243766,0.12290000915527344,0.0,0.0,0.0,0.0,0.9966654241085052,66
2025-01-24 16:00:00,SACSI Full,0.2508640246907876,0.033807605504989624,0.0,0.0,0.0,0.0,0.9984329238533974,66
2025-01-24 17:00:00,SACSI Full,0.2510434154812501,0.02181723713874817,0.0,0.0,0.0,0.0,0.9994437515735626,66
2025-01-24 18:00:00,SACSI Full,0.2512845097963021,0.014828294515609741,0.0,0.0,0.0,0.0,0.9996335446834563,66
2025-01-24 19:00:00,SACSI Full,0.25125881568988223,0.009291768074035645,0.0,0.0,0.0,0.0,0.9997587993741035,66
2025-01-24 20:00:00,SACSI Full,0.2512445060706145,0.012707114219665527,0.0,0.0,0.0,0.0,0.9997117042541503,66
2025-01-24 21:00:00,SACSI Full,0.25122952192545,0.012504756450653076,0.0,0.0,0.0,0.0,0.9997478812932968,66
2025-01-24 22:00:00,SACSI Full,0.2512256647427883,0.00734284520149231,0.0,0.0,0.0,0.0,0.9998015239834785,66
2025-01-24 23:00:00,SACSI Full,0.2512302833406137,0.009885579347610474,0.0,0.0,0.0,0.0,0.9997768610715866,66
2025-01-25 00:00:00,SACSI Full,0.2512358546193447,0.010171383619308472,0.0,0.0,0.0,0.0,0.9997937142848969,66
2025-01-25 01:00:00,SACSI Full,0.25123899204174743,0.009441226720809937,0.0,0.0,0.0,0.0,0.9998038738965989,66
2025-01-25 02:00:00,SACSI Full,0.25124359474500085,0.009880810976028442,0.0,0.0,0.0,0.0,0.9997979879379273,66
2025-01-25 03:00:00,SACSI Full,0.2512523508985844,0.011126846075057983,0.0,0.0,0.0,0.0,0.9997650027275085,66
2025-01-25 04:00:00,SACSI Full,0.25125648570537634,0.009740442037582397,0.0,0.0,0.0,0.0,0.9997913271188736,66
2025-01-25 05:00:00,SACSI Full,0.2512604695137349,0.0096951425075531,0.0,0.0,0.0,0.0,0.9998056441545486,66
2025-01-25 06:00:00,SACSI Full,0.2512723539177584,0.012065321207046509,0.0,0.0,0.0,0.0,0.9997349917888642,66
2025-01-25 07:00:00,SACSI Full,0.2512391429034876,0.015536695718765259,0.0,0.0,0.0,0.0,0.9996545523405075,66
2025-01-25 08:00:00,SACSI Full,0.2511222083536791,0.04991963505744934,0.0,0.0,0.0,0.0,0.9986577779054642,66
2025-01-25 09:00:00,SACSI Full,0.25122649314721496,0.0842854380607605,0.0,0.0,0.0,0.0,0.9979706332087517,66
2025-01-25 10:00:00,SACSI Full,0.25134181088924473,0.14709532260894775,0.0,0.0,0.0,0.0,0.9964299947023392,66
2025-01-25 11:00:00,SACSI Full,0.25140546540657743,0.20809635519981384,0.0,0.0,0.0,0.0,0.995228062570095,66
2025-01-25 12:00:00,SACSI Full,0.25078755749384624,0.1056276261806488,0.0,0.0,0.0,0.0,0.9968627601861954,66
2025-01-25 13:00:00,SACSI Full,0.2498525172527637,0.1274879276752472,0.0,0.0,0.0,0.0,0.997231638431549,66
2025-01-25 14:00:00,SACSI Full,0.25089232380708115,0.08394196629524231,0.0,0.0,0.0,0.0,0.9978857010602951,66
2025-01-25 15:00:00,SACSI Full,0.25104213523785335,0.09994342923164368,0.0,0.0,0.0,0.0,0.9978411167860032,66
2025-01-25 16:00:00,SACSI Full,0.2510846109398212,0.09974271059036255,0.0,0.0,0.0,0.0,0.9980031386017799,66
2025-01-25 17:00:00,SACSI Full,0.251173958877723,0.045804381370544434,0.0,0.0,0.0,0.0,0.9985445290803909,66
2025-01-25 18:00:00,SACSI Full,0.251400832021237,0.010561943054199219,0.0,0.0,0.0,0.0,0.9994363367557526,66
2025-01-25 19:00:00,SACSI Full,0.25135112144788163,0.010586827993392944,0.0,0.0,0.0,0.0,0.9997880145907402,66
2025-01-25 20:00:00,SACSI Full,0.2513528149477646,0.009008049964904785,0.0,0.0,0.0,0.0,0.999804051220417,66
2025-01-25 21:00:00,SACSI Full,0.25135221416552916,0.008319765329360962,0.0,0.0,0.0,0.0,0.9998267218470573,66
2025-01-25 22:00:00,SACSI Full,0.25133127303282476,0.010717660188674927,0.0,0.0,0.0,0.0,0.9997616678476333,66
2025-01-25 23:00:00,SACSI Full,0.2513080222201353,0.01002475619316101,0.0,0.0,0.0,0.0,0.9997925758361816,66
2025-01-26 00:00:00,SACSI Full,0.2512801609881725,0.008641630411148071,0.0,0.0,0.0,0.0,0.9998133361339568,66
2025-01-26 01:00:00,SACSI Full,0.25128267305851043,0.009253621101379395,0.0,0.0,0.0,0.0,0.99980880767107,66
2025-01-26 02:00:00,SACSI Full,0.251280249864261,0.007773041725158691,0.0,0.0,0.0,0.0,0.9998297333717346,66
2025-01-26 03:00:00,SACSI Full,0.25127801492134794,0.007829517126083374,0.0,0.0,0.0,0.0,0.9998428449034691,66
2025-01-26 04:00:00,SACSI Full,0.25128113148212494,0.00943496823310852,0.0,0.0,0.0,0.0,0.9997952461242676,66
2025-01-26 05:00:00,SACSI Full,0.2512565708573666,0.009631812572479248,0.0,0.0,0.0,0.0,0.9998053953051567,66
2025-01-26 06:00:00,SACSI Full,0.251234416770141,0.010353773832321167,0.0,0.0,0.0,0.0,0.9997857049107551,66
2025-01-26 07:00:00,SACSI Full,0.25116486851215425,0.013135522603988647,0.0,0.0,0.0,0.0,0.9997094720602036,66
2025-01-26 08:00:00,SACSI Full,0.25094966722726886,0.03743961453437805,0.0,0.0,0.0,0.0,0.9990081667900085,66
2025-01-26 09:00:00,SACSI Full,0.25058981695413657,0.08754491806030273,0.0,0.0,0.0,0.0,0.9977480486035347,66
2025-01-26 10:00:00,SACSI Full,0.25008426245927873,0.12883365154266357,0.0,0.0,0.0,0.0,0.9970104396343231,66
2025-01-26 11:00:00,SACSI Full,0.24993531812032127,0.0868166983127594,0.0,0.0,0.0,0.0,0.9978434965014458,66
2025-01-26 12:00:00,SACSI Full,0.24964055791934395,0.13457193970680237,0.0,0.0,0.0,0.0,0.9968310087919235,66
2025-01-26 13:00:00,SACSI Full,0.24938402194579504,0.13753920793533325,0.0,0.0,0.0,0.0,0.9972195431590081,66
2025-01-26 14:00:00,SACSI Full,0.24964393736283047,0.10747462511062622,0.0,0.0,0.0,0.0,0.9975498616695404,66
2025-01-26 15:00:00,SACSI Full,0.2528305871526406,0.0089949369430542,0.0,0.0,0.0,0.0,0.9988353043794632,66
2025-01-26 16:00:00,SACSI Full,0.25292462776581504,0.021712183952331543,0.0,0.0,0.0,0.0,0.9994385838508606,66
2025-01-26 17:00:00,SACSI Full,0.2530808422835673,0.014864355325698853,0.0,0.0,0.0,0.0,0.9996342346072197,66
2025-01-26 18:00:00,SACSI Full,0.2539390164057419,0.008452236652374268,0.0,0.0,0.0,0.0,0.9997668340802193,66
2025-01-26 19:00:00,SACSI Full,0.2547815584476794,0.012262612581253052,0.0,0.0,0.0,0.0,0.9997166439890861,66
2025-01-26 20:00:00,SACSI Full,0.25468713687181527,0.031173527240753174,0.0,0.0,0.0,0.0,0.99918742030859,66
2025-01-26 21:00:00,SACSI Full,0.2545716499869034,0.04185393452644348,0.0,0.0,0.0,0.0,0.9990561172366142,66
2025-01-26 22:00:00,SACSI Full,0.2544700485006974,0.046019554138183594,0.0,0.0,0.0,0.0,0.999037952721119,66
2025-01-26 23:00:00,SACSI Full,0.2543610505747801,0.04380062222480774,0.0,0.0,0.0,0.0,0.99910179823637,66
2025-01-27 00:00:00,SACSI Full,0.25430487378835737,0.05964696407318115,0.0,0.0,0.0,0.0,0.9986485973000527,66
2025-01-27 01:00:00,SACSI Full,0.2541698477387434,0.04449218511581421,0.0,0.0,0.0,0.0,0.99895860850811,66
2025-01-27 02:00:00,SACSI Full,0.2540426234404252,0.04683271050453186,0.0,0.0,0.0,0.0,0.9990399405360222,66
2025-01-27 03:00:00,SACSI Full,0.25398109664042856,0.05804196000099182,0.0,0.0,0.0,0.0,0.9987270683050156,66
2025-01-27 04:00:00,SACSI Full,0.2539122377069798,0.06434231996536255,0.0,0.0,0.0,0.0,0.9986501500010491,66
2025-01-27 05:00:00,SACSI Full,0.2538081623625762,0.05377739667892456,0.0,0.0,0.0,0.0,0.9988188028335572,66
2025-01-27 06:00:00,SACSI Full,0.2537397549343116,0.06447777152061462,0.0,0.0,0.0,0.0,0.9986034408211708,66
2025-01-27 07:00:00,SACSI Full,0.2536705117479967,0.08972704410552979,0.0,0.0,0.0,0.0,0.9979529663920402,66
2025-01-27 08:00:00,SACSI Full,0.25337022022565275,0.07991254329681396,0.0,0.0,0.0,0.0,0.9983036041259766,66
2025-01-27 09:00:00,SACSI Full,0.25289744663238595,0.0961679220199585,0.0,0.0,0.0,0.0,0.9979140877723695,66
2025-01-27 10:00:00,SACSI Full,0.25213526105960277,0.07734432816505432,0.0,0.0,0.0,0.0,0.99826487749815,66
2025-01-27 11:00:00,SACSI Full,0.25121971839666435,0.05683720111846924,0.0,0.0,0.0,0.0,0.9986581847071647,66
2025-01-27 12:00:00,SACSI Full,0.2502633279085166,0.05308285355567932,0.0,0.0,0.0,0.0,0.9989007994532585,66
2025-01-27 13:00:00,SACSI Full,0.24935857643524875,0.05157455801963806,0.0,0.0,0.0,0.0,0.9989534258842467,66
2025-01-27 14:00:00,SACSI Full,0.24861349074125358,0.05697429180145264,0.0,0.0,0.0,0.0,0.9988065168261527,66
2025-01-27 15:00:00,SACSI Full,0.24793137318372796,0.05036473274230957,0.0,0.0,0.0,0.0,0.9989266097545624,66
2025-01-27 16:00:00,SACSI Full,0.24740612174272608,0.04642456769943237,0.0,0.0,0.0,0.0,0.9990321069955825,66
2025-01-27 17:00:00,SACSI Full,0.24699689703702996,0.03873258829116821,0.0,0.0,0.0,0.0,0.999148428440094,66
2025-01-27 18:00:00,SACSI Full,0.2468205892729766,0.04910767078399658,0.0,0.0,0.0,0.0,0.9989140957593917,66
2025-01-27 19:00:00,SACSI Full,0.24666254712104863,0.0460873544216156,0.0,0.0,0.0,0.0,0.9990480497479439,66
2025-01-27 20:00:00,SACSI Full,0.24652281379461358,0.04308000206947327,0.0,0.0,0.0,0.0,0.9991083264350891,66
2025-01-27 21:00:00,SACSI Full,0.2463666869386044,0.046661943197250366,0.0,0.0,0.0,0.0,0.9990309417247772,66
2025-01-27 22:00:00,SACSI Full,0.24614826402266884,0.03647312521934509,0.0,0.0,0.0,0.0,0.999168649315834,66
2025-01-27 23:00:00,SACSI Full,0.24588441812833214,0.03134623169898987,0.0,0.0,0.0,0.0,0.9993218064308166,66
2025-01-28 00:00:00,SACSI Full,0.24559427638610268,0.0319574773311615,0.0,0.0,0.0,0.0,0.999354737997055,66
2025-01-28 01:00:00,SACSI Full,0.24533390047550266,0.032387226819992065,0.0,0.0,0.0,0.0,0.9993479579687119,66
2025-01-28 02:00:00,SACSI Full,0.24510788316567803,0.042694807052612305,0.0,0.0,0.0,0.0,0.9990430280566216,66
2025-01-28 03:00:00,SACSI Full,0.24494041526715024,0.05175963044166565,0.0,0.0,0.0,0.0,0.9988741591572762,66
2025-01-28 04:00:00,SACSI Full,0.24468028472900452,0.03246083855628967,0.0,0.0,0.0,0.0,0.9991577953100204,66
2025-01-28 05:00:00,SACSI Full,0.2444784994562473,0.041464418172836304,0.0,0.0,0.0,0.0,0.9990806758403777,66
2025-01-28 06:00:00,SACSI Full,0.244350725536347,0.055167824029922485,0.0,0.0,0.0,0.0,0.9987596094608306,66
2025-01-28 07:00:00,SACSI Full,0.24420369011004822,0.05788937211036682,0.0,0.0,0.0,0.0,0.9988149970769883,66
2025-01-28 08:00:00,SACSI Full,0.2438816963394489,0.04790186882019043,0.0,0.0,0.0,0.0,0.9989420875906945,66
2025-01-28 09:00:00,SACSI Full,0.2432689916706091,0.04568859934806824,0.0,0.0,0.0,0.0,0.9990640953183174,66
2025-01-28 10:00:00,SACSI Full,0.2424829056628551,0.05317419767379761,0.0,0.0,0.0,0.0,0.9988616600632667,66
2025-01-28 11:00:00,SACSI Full,0.24150049278020916,0.045276135206222534,0.0,0.0,0.0,0.0,0.9990154966711998,66
2025-01-28 12:00:00,SACSI Full,0.24047866678873756,0.050452202558517456,0.0,0.0,0.0,0.0,0.9989391952753067,66
2025-01-28 13:00:00,SACSI Full,0.23945395940939643,0.049587786197662354,0.0,0.0,0.0,0.0,0.9989996001124382,66
2025-01-28 14:00:00,SACSI Full,0.2383673033984508,0.048003196716308594,0.0,0.0,0.0,0.0,0.9990240901708604,66
2025-01-28 15:00:00,SACSI Full,0.23753862583001517,0.07439672946929932,0.0,0.0,0.0,0.0,0.9982481300830841,66
2025-01-28 16:00:00,SACSI Full,0.2368652231995271,0.06147921085357666,0.0,0.0,0.0,0.0,0.9986412405967713,66
2025-01-28 17:00:00,SACSI Full,0.23639434364636802,0.04573613405227661,0.0,0.0,0.0,0.0,0.9989278465509415,66
2025-01-28 18:00:00,SACSI Full,0.23613423618793553,0.04096776247024536,0.0,0.0,0.0,0.0,0.9991329610347748,66
2025-01-28 19:00:00,SACSI Full,0.23593518130461438,0.04228353500366211,0.0,0.0,0.0,0.0,0.9991411715745926,66
2025-01-28 20:00:00,SACSI Full,0.23569810461839102,0.030876994132995605,0.0,0.0,0.0,0.0,0.9992683947086335,66
2025-01-28 21:00:00,SACSI Full,0.23546249967018823,0.03131851553916931,0.0,0.0,0.0,0.0,0.9993692144751549,66
2025-01-28 22:00:00,SACSI Full,0.2353534793583558,0.060793906450271606,0.0,0.0,0.0,0.0,0.9984893679618835,66
2025-01-28 23:00:00,SACSI Full,0.2352666781679795,0.06745964288711548,0.0,0.0,0.0,0.0,0.9985841497778893,66
2025-01-29 00:00:00,SACSI Full,0.23513903637170847,0.05520746111869812,0.0,0.0,0.0,0.0,0.9987733289599419,66
2025-01-29 01:00:00,SACSI Full,0.2350586558604246,0.060885846614837646,0.0,0.0,0.0,0.0,0.9987254992127418,66
2025-01-29 02:00:00,SACSI Full,0.23496428911924422,0.05668997764587402,0.0,0.0,0.0,0.0,0.9988242417573929,66
2025-01-29 03:00:00,SACSI Full,0.23492343072652877,0.06424248218536377,0.0,0.0,0.0,0.0,0.9986396253108979,66
2025-01-29 04:00:00,SACSI Full,0.23490362591902478,0.07905855774879456,0.0,0.0,0.0,0.0,0.9982706680893898,66
2025-01-29 05:00:00,SACSI Full,0.23481799297968606,0.06781011819839478,0.0,0.0,0.0,0.0,0.998531313240528,66
2025-01-29 06:00:00,SACSI Full,0.23465096963246723,0.051892995834350586,0.0,0.0,0.0,0.0,0.9988029688596726,66
2025-01-29 07:00:00,SACSI Full,0.23450618798971234,0.06706550717353821,0.0,0.0,0.0,0.0,0.9985069647431374,66
2025-01-29 08:00:00,SACSI Full,0.2342683777983989,0.09015694260597229,0.0,0.0,0.0,0.0,0.9979659467935562,66
2025-01-29 09:00:00,SACSI Full,0.23385131623824496,0.07888153195381165,0.0,0.0,0.0,0.0,0.9983096152544022,66
2025-01-29 10:00:00,SACSI Full,0.23313236641883908,0.07331505417823792,0.0,0.0,0.0,0.0,0.9984780341386795,66
2025-01-29 11:00:00,SACSI Full,0.23237627767324506,0.0706733763217926,0.0,0.0,0.0,0.0,0.9985601156949997,66
2025-01-29 12:00:00,SACSI Full,0.23174063378890414,0.09830683469772339,0.0,0.0,0.0,0.0,0.9977575287222862,66
2025-01-29 13:00:00,SACSI Full,0.231173635880153,0.09340062737464905,0.0,0.0,0.0,0.0,0.9980829253792762,66
2025-01-29 14:00:00,SACSI Full,0.23057181147416494,0.08295267820358276,0.0,0.0,0.0,0.0,0.9982364669442176,66
2025-01-29 15:00:00,SACSI Full,0.23013825187921588,0.05693212151527405,0.0,0.0,0.0,0.0,0.9986011520028114,66
2025-01-29 16:00:00,SACSI Full,0.22987171648820304,0.07303938269615173,0.0,0.0,0.0,0.0,0.9983781397342683,66
2025-01-29 17:00:00,SACSI Full,0.22968206069231095,0.0791032612323761,0.0,0.0,0.0,0.0,0.9983572959899902,66
2025-01-29 18:00:00,SACSI Full,0.22951557302475037,0.06055369973182678,0.0,0.0,0.0,0.0,0.998603430390358,66
2025-01-29 19:00:00,SACSI Full,0.22952179829359115,0.09536758065223694,0.0,0.0,0.0,0.0,0.9977445095777511,66
2025-01-29 20:00:00,SACSI Full,0.22952157189051373,0.07643207907676697,0.0,0.0,0.0,0.0,0.99828200340271,66
2025-01-29 21:00:00,SACSI Full,0.2295067075800902,0.07204070687294006,0.0,0.0,0.0,0.0,0.998515272140503,66
2025-01-29 22:00:00,SACSI Full,0.22952540813525582,0.08211016654968262,0.0,0.0,0.0,0.0,0.9982571020722389,66
2025-01-29 23:00:00,SACSI Full,0.22952151902675694,0.07533326745033264,0.0,0.0,0.0,0.0,0.9984255656599998,66
2025-01-30 00:00:00,SACSI Full,0.22949562686363922,0.068732351064682,0.0,0.0,0.0,0.0,0.9985593438148499,66
2025-01-30 01:00:00,SACSI Full,0.22947410769462653,0.07004424929618835,0.0,0.0,0.0,0.0,0.9985859960317612,66
2025-01-30 02:00:00,SACSI Full,0.229455498722395,0.07091730833053589,0.0,0.0,0.0,0.0,0.9985729232430458,66
2025-01-30 03:00:00,SACSI Full,0.2294121245169647,0.06348773837089539,0.0,0.0,0.0,0.0,0.9986559495329858,66
2025-01-30 04:00:00,SACSI Full,0.2293939635729797,0.0710517168045044,0.0,0.0,0.0,0.0,0.9985033258795738,66
2025-01-30 05:00:00,SACSI Full,0.22937705531994576,0.07142752408981323,0.0,0.0,0.0,0.0,0.9985676914453506,66
2025-01-30 06:00:00,SACSI Full,0.22940402254263637,0.08459016680717468,0.0,0.0,0.0,0.0,0.9981765702366829,66
2025-01-30 07:00:00,SACSI Full,0.22945100199063692,0.107593834400177,0.0,0.0,0.0,0.0,0.9976180866360664,66
2025-01-30 08:00:00,SACSI Full,0.22920798288424885,0.07159426808357239,0.0,0.0,0.0,0.0,0.9982081189751625,66
2025-01-30 09:00:00,SACSI Full,0.22872350217660345,0.10115578770637512,0.0,0.0,0.0,0.0,0.9976812690496445,66
2025-01-30 10:00:00,SACSI Full,0.22817005829572753,0.1314668357372284,0.0,0.0,0.0,0.0,0.997067552804947,66
2025-01-30 11:00:00,SACSI Full,0.22740310597022453,0.13541430234909058,0.0,0.0,0.0,0.0,0.9972522392868995,66
2025-01-30 12:00:00,SACSI Full,0.22667356304407196,0.12963712215423584,0.0,0.0,0.0,0.0,0.9973494857549667,66
2025-01-30 13:00:00,SACSI Full,0.22601732916355213,0.12612983584403992,0.0,0.0,0.0,0.0,0.9974423304200172,66
2025-01-30 14:00:00,SACSI Full,0.22543883573691129,0.09845197200775146,0.0,0.0,0.0,0.0,0.9977541819214821,66
2025-01-30 15:00:00,SACSI Full,0.2250188269583392,0.08649736642837524,0.0,0.0,0.0,0.0,0.9981505066156388,66
2025-01-30 16:00:00,SACSI Full,0.22476665873607074,0.09434953331947327,0.0,0.0,0.0,0.0,0.9980344876646996,66
2025-01-30 17:00:00,SACSI Full,0.22459109943866806,0.08333221077919006,0.0,0.0,0.0,0.0,0.9982231825590133,66
2025-01-30 18:00:00,SACSI Full,0.22452866462707594,0.07476955652236938,0.0,0.0,0.0,0.0,0.9984189823269844,66
2025-01-30 19:00:00,SACSI Full,0.22455642734050826,0.0763288140296936,0.0,0.0,0.0,0.0,0.998457831144333,66
2025-01-30 20:00:00,SACSI Full,0.22459509873151853,0.06260141730308533,0.0,0.0,0.0,0.0,0.9986106976866722,66
2025-01-30 21:00:00,SACSI Full,0.2246102091344205,0.06403312087059021,0.0,0.0,0.0,0.0,0.9987050205469132,66
2025-01-30 22:00:00,SACSI Full,0.22469793067773258,0.07731646299362183,0.0,0.0,0.0,0.0,0.9983208373188973,66
2025-01-30 23:00:00,SACSI Full,0.22476666443348003,0.06312012672424316,0.0,0.0,0.0,0.0,0.9985956341028214,66
2025-01-31 00:00:00,SACSI Full,0.22481529006560716,0.05708768963813782,0.0,0.0,0.0,0.0,0.9987979218363763,66
2025-01-31 01:00:00,SACSI Full,0.2248557985385266,0.05465254187583923,0.0,0.0,0.0,0.0,0.9988825976848602,66
2025-01-31 02:00:00,SACSI Full,0.22489716333150933,0.05490943789482117,0.0,0.0,0.0,0.0,0.9988992422819137,66
2025-01-31 03:00:00,SACSI Full,0.2249325058031089,0.06160274147987366,0.0,0.0,0.0,0.0,0.9987010121345521,66
2025-01-31 04:00:00,SACSI Full,0.2250320156550414,0.08085295557975769,0.0,0.0,0.0,0.0,0.998190438747406,66
2025-01-31 05:00:00,SACSI Full,0.22509393060525326,0.07807448506355286,0.0,0.0,0.0,0.0,0.9984107255935669,66
2025-01-31 06:00:00,SACSI Full,0.2251689091722177,0.07349357008934021,0.0,0.0,0.0,0.0,0.998484319448471,66
2025-01-31 07:00:00,SACSI Full,0.2252811577272422,0.11017456650733948,0.0,0.0,0.0,0.0,0.9974296987056732,66
2025-01-31 08:00:00,SACSI Full,0.22545385820388864,0.179310142993927,0.0,0.0,0.0,0.0,0.9957224413752556,66
2025-01-31 09:00:00,SACSI Full,0.2253038876088467,0.12500882148742676,0.0,0.0,0.0,0.0,0.9969568103551865,66
2025-01-31 10:00:00,SACSI Full,0.22509027802546885,0.15691712498664856,0.0,0.0,0.0,0.0,0.9965425744652748,66
2025-01-31 11:00:00,SACSI Full,0.2246150070921587,0.17191872000694275,0.0,0.0,0.0,0.0,0.9964116096496582,66
2025-01-31 12:00:00,SACSI Full,0.22386786119302182,0.11585623025894165,0.0,0.0,0.0,0.0,0.9971222504973412,66
2025-01-31 13:00:00,SACSI Full,0.22353432199478215,0.1719382405281067,0.0,0.0,0.0,0.0,0.9960004150867462,66
2025-01-31 14:00:00,SACSI Full,0.22307803150097594,0.13511285185813904,0.0,0.0,0.0,0.0,0.9969294890761375,66
2025-01-31 15:00:00,SACSI Full,0.22407168216069606,0.034095197916030884,0.0,0.0,0.0,0.0,0.9983079195022584,66
2025-01-31 16:00:00,SACSI Full,0.22425274528980318,0.05631893873214722,0.0,0.0,0.0,0.0,0.9986513838171959,66
2025-01-31 17:00:00,SACSI Full,0.22422156841278143,0.07564693689346313,0.0,0.0,0.0,0.0,0.9982937812805176,66
2025-01-31 18:00:00,SACSI Full,0.2241992073623346,0.05279168486595154,0.0,0.0,0.0,0.0,0.9987156137824059,66
2025-01-31 19:00:00,SACSI Full,0.2242438980944958,0.055907219648361206,0.0,0.0,0.0,0.0,0.9988507002592087,66
2025-01-31 20:00:00,SACSI Full,0.22431355350414975,0.05489662289619446,0.0,0.0,0.0,0.0,0.9988919615745544,66
2025-01-31 21:00:00,SACSI Full,0.2243463074469573,0.03532618284225464,0.0,0.0,0.0,0.0,0.9990977719426155,66
2025-01-31 22:00:00,SACSI Full,0.22436807575702736,0.03203049302101135,0.0,0.0,0.0,0.0,0.9993264332413673,66
2025-01-31 23:00:00,SACSI Full,0.22440295735438734,0.027464479207992554,0.0,0.0,0.0,0.0,0.9994050502777099,66
2025-02-01 00:00:00,SACSI Full,0.22445311959584624,0.03204867243766785,0.0,0.0,0.0,0.0,0.9993131846189499,66
2025-02-01 01:00:00,SACSI Full,0.2245305544392275,0.04023045301437378,0.0,0.0,0.0,0.0,0.9991135731339454,66
2025-02-01 02:00:00,SACSI Full,0.22459222832441403,0.03550216555595398,0.0,0.0,0.0,0.0,0.9992426738142967,66
2025-02-01 03:00:00,SACSI Full,0.22462524303754244,0.03540441393852234,0.0,0.0,0.0,0.0,0.9992909342050552,66
2025-02-01 04:00:00,SACSI Full,0.2247120646190651,0.04304647445678711,0.0,0.0,0.0,0.0,0.9990626499056816,66
2025-02-01 05:00:00,SACSI Full,0.22478537753582079,0.04749387502670288,0.0,0.0,0.0,0.0,0.9990056484937667,66
2025-02-01 06:00:00,SACSI Full,0.22483287392536874,0.04824891686439514,0.0,0.0,0.0,0.0,0.9990274712443351,66
2025-02-01 07:00:00,SACSI Full,0.22489597129980798,0.06992921233177185,0.0,0.0,0.0,0.0,0.9983846127986908,66
2025-02-01 08:00:00,SACSI Full,0.22501390855312423,0.14588117599487305,0.0,0.0,0.0,0.0,0.9963228568434715,66
2025-02-01 09:00:00,SACSI Full,0.22538602242390393,0.315634161233902,0.0,0.0,0.0,0.0,0.9919897869229317,66
2025-02-01 10:00:00,SACSI Full,0.2259302514553078,0.46926870942115784,0.0,0.0,0.0,0.0,0.9890782803297044,66
2025-02-01 11:00:00,SACSI Full,0.22660520297368444,0.5509854555130005,0.0,0.0,0.0,0.0,0.9881631234288216,66
2025-02-01 12:00:00,SACSI Full,0.22705394314607064,0.43212205171585083,0.0,0.0,0.0,0.0,0.9901689249277115,66
2025-02-01 13:00:00,SACSI Full,0.22755377492984213,0.44744953513145447,0.0,0.0,0.0,0.0,0.9908977344632148,66
2025-02-01 14:00:00,SACSI Full,0.22781774014631986,0.2831895649433136,0.0,0.0,0.0,0.0,0.9926936089992523,66
2025-02-01 15:00:00,SACSI Full,0.22778203903754635,0.19328966736793518,0.0,0.0,0.0,0.0,0.9952352076768876,66
2025-02-01 16:00:00,SACSI Full,0.22769187017679296,0.19394934177398682,0.0,0.0,0.0,0.0,0.9961144164204597,66
2025-02-01 17:00:00,SACSI Full,0.22757291466156726,0.1088133454322815,0.0,0.0,0.0,0.0,0.9969723731279374,66
2025-02-01 18:00:00,SACSI Full,0.22759083840370262,0.06487712264060974,0.0,0.0,0.0,0.0,0.998263095319271,66
2025-02-01 19:00:00,SACSI Full,0.22759894728183827,0.044932663440704346,0.0,0.0,0.0,0.0,0.9989019021391868,66
2025-02-01 20:00:00,SACSI Full,0.22763712898969735,0.028454512357711792,0.0,0.0,0.0,0.0,0.9992661282420159,66
2025-02-01 21:00:00,SACSI Full,0.22769116503636128,0.033210813999176025,0.0,0.0,0.0,0.0,0.9992882207036019,66
2025-02-01 22:00:00,SACSI Full,0.2277187194673229,0.033766329288482666,0.0,0.0,0.0,0.0,0.9993191182613373,66
2025-02-01 23:00:00,SACSI Full,0.22772928756793429,0.028670430183410645,0.0,0.0,0.0,0.0,0.9993756324052812,66
2025-02-02 00:00:00,SACSI Full,0.22776112734158924,0.026551932096481323,0.0,0.0,0.0,0.0,0.9994477763772011,66
2025-02-02 01:00:00,SACSI Full,0.22783455128908248,0.03902718424797058,0.0,0.0,0.0,0.0,0.9990947037935257,66
2025-02-02 02:00:00,SACSI Full,0.22789798152446838,0.03602907061576843,0.0,0.0,0.0,0.0,0.9992494374513626,66
2025-02-02 03:00:00,SACSI Full,0.22796896913210646,0.038296282291412354,0.0,0.0,0.0,0.0,0.9992114022374153,66
2025-02-02 04:00:00,SACSI Full,0.22800524200121658,0.027881860733032227,0.0,0.0,0.0,0.0,0.9993382185697556,66
2025-02-02 05:00:00,SACSI Full,0.22803389044284916,0.02559453248977661,0.0,0.0,0.0,0.0,0.9994652360677719,66
2025-02-02 06:00:00,SACSI Full,0.2280698896272987,0.027799755334854126,0.0,0.0,0.0,0.0,0.9994219526648521,66
2025-02-02 07:00:00,SACSI Full,0.22808192843834657,0.04611164331436157,0.0,0.0,0.0,0.0,0.9988946482539177,66
2025-02-02 08:00:00,SACSI Full,0.2281889609877278,0.15960976481437683,0.0,0.0,0.0,0.0,0.9956728234887123,66
2025-02-02 09:00:00,SACSI Full,0.22863541867017845,0.3719373047351837,0.0,0.0,0.0,0.0,0.9904379785060883,66
2025-02-02 10:00:00,SACSI Full,0.22935825629631773,0.5483512878417969,0.0,0.0,0.0,0.0,0.9872688344120979,66
2025-02-02 11:00:00,SACSI Full,0.22931872517903742,0.3961406648159027,0.0,0.0,0.0,0.0,0.990555080473423,66
2025-02-02 12:00:00,SACSI Full,0.22879130544026788,0.2582740783691406,0.0,0.0,0.0,0.0,0.9934558525681495,66
2025-02-02 13:00:00,SACSI Full,0.22812890326738455,0.2262793481349945,0.0,0.0,0.0,0.0,0.9951544657349587,66
2025-02-02 14:00:00,SACSI Full,0.22774636189222433,0.2592375874519348,0.0,0.0,0.0,0.0,0.994485665857792,66
2025-02-02 15:00:00,SACSI Full,0.2277495332376172,0.3069514036178589,0.0,0.0,0.0,0.0,0.9933838337659835,66
2025-02-02 16:00:00,SACSI Full,0.22808004283507766,0.29465287923812866,0.0,0.0,0.0,0.0,0.9939839571714402,66
2025-02-02 17:00:00,SACSI Full,0.2281793484044085,0.14879167079925537,0.0,0.0,0.0,0.0,0.9955655544996262,66
2025-02-02 18:00:00,SACSI Full,0.22847442290385664,0.03952234983444214,0.0,0.0,0.0,0.0,0.998116859793663,66
2025-02-02 19:00:00,SACSI Full,0.22845272177775797,0.027489662170410156,0.0,0.0,0.0,0.0,0.9993298798799515,66
2025-02-02 20:00:00,SACSI Full,0.22850248741706308,0.023429691791534424,0.0,0.0,0.0,0.0,0.9994908064603806,66
2025-02-02 21:00:00,SACSI Full,0.22854875376701453,0.022379904985427856,0.0,0.0,0.0,0.0,0.9995419040322304,66
2025-02-02 22:00:00,SACSI Full,0.2285983520166089,0.023379474878311157,0.0,0.0,0.0,0.0,0.999522414803505,66
2025-02-02 23:00:00,SACSI Full,0.22864493178765077,0.022473931312561035,0.0,0.0,0.0,0.0,0.9995414659380912,66
2025-02-03 00:00:00,SACSI Full,0.22869218260765176,0.022675246000289917,0.0,0.0,0.0,0.0,0.9995444819331168,66
2025-02-03 01:00:00,SACSI Full,0.22873510811726352,0.021377652883529663,0.0,0.0,0.0,0.0,0.9995594710111618,66
2025-02-03 02:00:00,SACSI Full,0.22878494577884775,0.023451298475265503,0.0,0.0,0.0,0.0,0.9995102375745774,66
2025-02-03 03:00:00,SACSI Full,0.228854941731295,0.029498785734176636,0.0,0.0,0.0,0.0,0.9993495494127274,66
2025-02-03 04:00:00,SACSI Full,0.2289227650944402,0.02884700894355774,0.0,0.0,0.0,0.0,0.9994165420532227,66
2025-02-03 05:00:00,SACSI Full,0.22896350731849774,0.02922266721725464,0.0,0.0,0.0,0.0,0.9994117900729179,66
2025-02-03 06:00:00,SACSI Full,0.22901714600086318,0.033091604709625244,0.0,0.0,0.0,0.0,0.9992994785308839,66
2025-02-03 07:00:00,SACSI Full,0.22906314008792344,0.05629822611808777,0.0,0.0,0.0,0.0,0.9986419692635535,66
2025-02-03 08:00:00,SACSI Full,0.229237002855143,0.17965883016586304,0.0,0.0,0.0,0.0,0.995173217356205,66
2025-02-03 09:00:00,SACSI Full,0.22981872536579873,0.3955167531967163,0.0,0.0,0.0,0.0,0.9899310857057572,66
2025-02-03 10:00:00,SACSI Full,0.23012825885613863,0.4073600471019745,0.0,0.0,0.0,0.0,0.991734366118908,66
2025-02-03 11:00:00,SACSI Full,0.22992958241224395,0.31439706683158875,0.0,0.0,0.0,0.0,0.9927824288606644,66
2025-02-03 12:00:00,SACSI Full,0.2295338289578766,0.17227396368980408,0.0,0.0,0.0,0.0,0.995133289694786,66
2025-02-03 13:00:00,SACSI Full,0.22934385642131275,0.11700823903083801,0.0,0.0,0.0,0.0,0.9971071779727936,66
2025-02-03 14:00:00,SACSI Full,0.22918329677184526,0.20033210515975952,0.0,0.0,0.0,0.0,0.9951601192355155,66
2025-02-03 15:00:00,SACSI Full,0.22916245448589426,0.19124731421470642,0.0,0.0,0.0,0.0,0.9960842058062553,66
2025-02-03 16:00:00,SACSI Full,0.22968600548585358,0.17806529998779297,0.0,0.0,0.0,0.0,0.996306873857975,66
2025-02-03 17:00:00,SACSI Full,0.22973747481664125,0.1514407992362976,0.0,0.0,0.0,0.0,0.9967049390077591,66
2025-02-03 18:00:00,SACSI Full,0.22968354191382828,0.05182012915611267,0.0,0.0,0.0,0.0,0.997967390716076,66
2025-02-03 19:00:00,SACSI Full,0.22967438133955104,0.03975182771682739,0.0,0.0,0.0,0.0,0.9990842804312706,66
2025-02-03 20:00:00,SACSI Full,0.22964422430118026,0.02495288848876953,0.0,0.0,0.0,0.0,0.999352952837944,66
2025-02-03 21:00:00,SACSI Full,0.22963437804222206,0.031046122312545776,0.0,0.0,0.0,0.0,0.9993181452155113,66
2025-02-03 22:00:00,SACSI Full,0.22963633449634013,0.034586936235427856,0.0,0.0,0.0,0.0,0.9992728531360626,66
2025-02-03 23:00:00,SACSI Full,0.22962926184018548,0.03187820315361023,0.0,0.0,0.0,0.0,0.9993353486061096,66
2025-02-04 00:00:00,SACSI Full,0.22965886739889874,0.042881667613983154,0.0,0.0,0.0,0.0,0.9990323320031167,66
2025-02-04 01:00:00,SACSI Full,0.2296227866180747,0.04017576575279236,0.0,0.0,0.0,0.0,0.9991694256663323,66
2025-02-04 02:00:00,SACSI Full,0.22966604485193978,0.05547747015953064,0.0,0.0,0.0,0.0,0.998737433552742,66
2025-02-04 03:00:00,SACSI Full,0.2296838221001634,0.04783317446708679,0.0,0.0,0.0,0.0,0.9989668935537338,66
2025-02-04 04:00:00,SACSI Full,0.22970008363485425,0.05587846040725708,0.0,0.0,0.0,0.0,0.9988019779324532,66
2025-02-04 05:00:00,SACSI Full,0.23005397473891662,0.06566733121871948,0.0,0.0,0.0,0.0,0.9985887646675109,66
2025-02-04 06:00:00,SACSI Full,0.23018884031057443,0.09995967149734497,0.0,0.0,0.0,0.0,0.9976578831672668,66
2025-02-04 07:00:00,SACSI Full,0.23033250895738688,0.11960059404373169,0.0,0.0,0.0,0.0,0.9974115788936615,66
2025-02-04 08:00:00,SACSI Full,0.2306203536526371,0.23085340857505798,0.0,0.0,0.0,0.0,0.9942704036831855,66
2025-02-04 09:00:00,SACSI Full,0.23067072684923895,0.2276119589805603,0.0,0.0,0.0,0.0,0.9954153463244438,66
2025-02-04 10:00:00,SACSI Full,0.23091300802469344,0.3361843526363373,0.0,0.0,0.0,0.0,0.9921905890107154,66
2025-02-04 11:00:00,SACSI Full,0.230492740720114,0.20541980862617493,0.0,0.0,0.0,0.0,0.9945839583873749,66
2025-02-04 12:00:00,SACSI Full,0.2297995536470422,0.1405438780784607,0.0,0.0,0.0,0.0,0.9965403631329537,66
2025-02-04 13:00:00,SACSI Full,0.23084365668694265,0.02773091197013855,0.0,0.0,0.0,0.0,0.998317252099514,66
2025-02-04 14:00:00,SACSI Full,0.23222895778020305,0.028090327978134155,0.0,0.0,0.0,0.0,0.9994345992803573,66
2025-02-04 15:00:00,SACSI Full,0.23810423942327583,0.009084492921829224,0.0,0.0,0.0,0.0,0.9996282517910003,66
2025-02-04 16:00:00,SACSI Full,0.2432111150503167,0.010562688112258911,0.0,0.0,0.0,0.0,0.9997739642858505,66
2025-02-04 17:00:00,SACSI Full,0.24292605281432558,0.05898132920265198,0.0,0.0,0.0,0.0,0.998336187005043,66
2025-02-04 18:00:00,SACSI Full,0.24284186578432804,0.06824389100074768,0.0,0.0,0.0,0.0,0.9985424965620041,66
2025-02-04 19:00:00,SACSI Full,0.24277918142954594,0.04919469356536865,0.0,0.0,0.0,0.0,0.9988256141543388,66
2025-02-04 20:00:00,SACSI Full,0.24270269585053214,0.05355432629585266,0.0,0.0,0.0,0.0,0.9988853171467781,66
2025-02-04 21:00:00,SACSI Full,0.24265902633667083,0.07189914584159851,0.0,0.0,0.0,0.0,0.9983785688877106,66
2025-02-04 22:00:00,SACSI Full,0.24261579789718085,0.07203146815299988,0.0,0.0,0.0,0.0,0.998558047413826,66
2025-02-04 23:00:00,SACSI Full,0.2425678395978619,0.062112510204315186,0.0,0.0,0.0,0.0,0.9986585602164268,66
2025-02-05 00:00:00,SACSI Full,0.24251454741080697,0.0690123438835144,0.0,0.0,0.0,0.0,0.9985507547855378,66
2025-02-05 01:00:00,SACSI Full,0.24241947855949494,0.06497934460639954,0.0,0.0,0.0,0.0,0.9986600831151009,66
2025-02-05 02:00:00,SACSI Full,0.24226300573110673,0.05505815148353577,0.0,0.0,0.0,0.0,0.9987996250391007,66
2025-02-05 03:00:00,SACSI Full,0.2421551598620424,0.06964623928070068,0.0,0.0,0.0,0.0,0.9984611943364143,66
2025-02-05 04:00:00,SACSI Full,0.24200381154298872,0.05659550428390503,0.0,0.0,0.0,0.0,0.9987375825643539,66
2025-02-05 05:00:00,SACSI Full,0.24180918452262967,0.05211189389228821,0.0,0.0,0.0,0.0,0.9989129260182381,66
2025-02-05 06:00:00,SACSI Full,0.2416106911476462,0.050951987504959106,0.0,0.0,0.0,0.0,0.9989693611860275,66
2025-02-05 07:00:00,SACSI Full,0.24144272574742723,0.07711037993431091,0.0,0.0,0.0,0.0,0.9981962084770203,66
2025-02-05 08:00:00,SACSI Full,0.24111532202482314,0.08877888321876526,0.0,0.0,0.0,0.0,0.9981077373027801,66
2025-02-05 09:00:00,SACSI Full,0.240526190659206,0.09526059031486511,0.0,0.0,0.0,0.0,0.9980299711227417,66
2025-02-05 10:00:00,SACSI Full,0.23977034648974827,0.09624674916267395,0.0,0.0,0.0,0.0,0.9980652034282684,66
2025-02-05 11:00:00,SACSI Full,0.2387501598231007,0.07644400000572205,0.0,0.0,0.0,0.0,0.9982730925083161,66
2025-02-05 12:00:00,SACSI Full,0.2376359001048415,0.06522208452224731,0.0,0.0,0.0,0.0,0.9985833391547203,66
2025-02-05 13:00:00,SACSI Full,0.23684733570019495,0.09493067860603333,0.0,0.0,0.0,0.0,0.9978043004870415,66
2025-02-05 14:00:00,SACSI Full,0.23601152987877616,0.08925825357437134,0.0,0.0,0.0,0.0,0.9981581106781959,66
2025-02-05 15:00:00,SACSI Full,0.23531061913967222,0.08722677826881409,0.0,0.0,0.0,0.0,0.9982351496815682,66
2025-02-05 16:00:00,SACSI Full,0.23473347602367492,0.09035706520080566,0.0,0.0,0.0,0.0,0.9981615558266639,66
2025-02-05 17:00:00,SACSI Full,0.23430193252166207,0.07453694939613342,0.0,0.0,0.0,0.0,0.9983510598540306,66
2025-02-05 18:00:00,SACSI Full,0.23405290606339865,0.044292062520980835,0.0,0.0,0.0,0.0,0.9988117098808289,66
2025-02-05 19:00:00,SACSI Full,0.23391510068178267,0.05215838551521301,0.0,0.0,0.0,0.0,0.9988781690597535,66
2025-02-05 20:00:00,SACSI Full,0.23385288097779047,0.057834088802337646,0.0,0.0,0.0,0.0,0.998786561191082,66
2025-02-05 21:00:00,SACSI Full,0.2338369803086926,0.06322979927062988,0.0,0.0,0.0,0.0,0.9986814469099045,66
2025-02-05 22:00:00,SACSI Full,0.23381422262191867,0.061172693967819214,0.0,0.0,0.0,0.0,0.9987559750676155,66
2025-02-05 23:00:00,SACSI Full,0.233790968957743,0.0695239007472992,0.0,0.0,0.0,0.0,0.9985260099172593,66
2025-02-06 00:00:00,SACSI Full,0.23375495519797104,0.05719587206840515,0.0,0.0,0.0,0.0,0.9987328022718429,66
2025-02-06 01:00:00,SACSI Full,0.2337795449574798,0.07537692785263062,0.0,0.0,0.0,0.0,0.9983106508851051,66
2025-02-06 02:00:00,SACSI Full,0.23377985923528768,0.06809428334236145,0.0,0.0,0.0,0.0,0.9985652878880501,66
2025-02-06 03:00:00,SACSI Full,0.233775315237841,0.06663680076599121,0.0,0.0,0.0,0.0,0.9986526891589165,66
2025-02-06 04:00:00,SACSI Full,0.23377380760034025,0.06754770874977112,0.0,0.0,0.0,0.0,0.9986399367451668,66
2025-02-06 05:00:00,SACSI Full,0.23376468275467654,0.05676254630088806,0.0,0.0,0.0,0.0,0.9987568974494935,66
2025-02-06 06:00:00,SACSI Full,0.23377546437025168,0.06273448467254639,0.0,0.0,0.0,0.0,0.9986855909228325,66
2025-02-06 07:00:00,SACSI Full,0.23382259756565196,0.09913995862007141,0.0,0.0,0.0,0.0,0.9976531460881234,66
2025-02-06 08:00:00,SACSI Full,0.23368436140378415,0.12002915143966675,0.0,0.0,0.0,0.0,0.9973905250430107,66
2025-02-06 09:00:00,SACSI Full,0.23335425275246402,0.14746740460395813,0.0,0.0,0.0,0.0,0.996776269376278,66
2025-02-06 10:00:00,SACSI Full,0.23294630625883841,0.19211605191230774,0.0,0.0,0.0,0.0,0.9957111924886703,66
2025-02-06 11:00:00,SACSI Full,0.23208858943621422,0.12518495321273804,0.0,0.0,0.0,0.0,0.9968269899487495,66
2025-02-06 12:00:00,SACSI Full,0.23092446466922867,0.07576256990432739,0.0,0.0,0.0,0.0,0.9979905247688294,66
2025-02-06 13:00:00,SACSI Full,0.22980010739326584,0.07919281721115112,0.0,0.0,0.0,0.0,0.9983818411827088,66
2025-02-06 14:00:00,SACSI Full,0.22909256228923905,0.14473646879196167,0.0,0.0,0.0,0.0,0.9964498341083526,66
2025-02-06 15:00:00,SACSI Full,0.22863885737816597,0.14438852667808533,0.0,0.0,0.0,0.0,0.9971087500452995,66
2025-02-06 16:00:00,SACSI Full,0.22825479658921666,0.1312817633152008,0.0,0.0,0.0,0.0,0.9972432971000672,66
2025-02-06 17:00:00,SACSI Full,0.2280645164004972,0.09591594338417053,0.0,0.0,0.0,0.0,0.9977280229330062,66
2025-02-06 18:00:00,SACSI Full,0.22804050201495593,0.07779568433761597,0.0,0.0,0.0,0.0,0.9982628837227822,66
2025-02-06 19:00:00,SACSI Full,0.22805653850793944,0.07281094789505005,0.0,0.0,0.0,0.0,0.9984939336776733,66
2025-02-06 20:00:00,SACSI Full,0.2280823126784971,0.06723225116729736,0.0,0.0,0.0,0.0,0.9985995680093765,66
2025-02-06 21:00:00,SACSI Full,0.22810190187374857,0.06537675857543945,0.0,0.0,0.0,0.0,0.9986739099025725,66
2025-02-06 22:00:00,SACSI Full,0.2281340775831551,0.06915271282196045,0.0,0.0,0.0,0.0,0.9985791862010955,66
2025-02-06 23:00:00,SACSI Full,0.22818660506725416,0.06675824522972107,0.0,0.0,0.0,0.0,0.9986408904194832,66
2025-02-07 00:00:00,SACSI Full,0.22819080235640313,0.06075918674468994,0.0,0.0,0.0,0.0,0.9987248256802559,66
2025-02-07 01:00:00,SACSI Full,0.22820605630715793,0.06407618522644043,0.0,0.0,0.0,0.0,0.9986853063106537,66
2025-02-07 02:00:00,SACSI Full,0.22822147665421275,0.06412610411643982,0.0,0.0,0.0,0.0,0.9987169787287712,66
2025-02-07 03:00:00,SACSI Full,0.2282905936010689,0.07173508405685425,0.0,0.0,0.0,0.0,0.9984892085194588,66
2025-02-07 04:00:00,SACSI Full,0.228326033923627,0.06163209676742554,0.0,0.0,0.0,0.0,0.9986663281917572,66
2025-02-07 05:00:00,SACSI Full,0.2283481153551748,0.05762442946434021,0.0,0.0,0.0,0.0,0.9988074347376823,66
2025-02-07 06:00:00,SACSI Full,0.22846805817604168,0.0869828462600708,0.0,0.0,0.0,0.0,0.9979667589068413,66
2025-02-07 07:00:00,SACSI Full,0.22856792760849104,0.09796082973480225,0.0,0.0,0.0,0.0,0.9979310035705566,66
2025-02-07 08:00:00,SACSI Full,0.22871997060537444,0.1731128990650177,0.0,0.0,0.0,0.0,0.9957862213253974,66
2025-02-07 09:00:00,SACSI Full,0.229116721824806,0.3145253658294678,0.0,0.0,0.0,0.0,0.9922953680157662,66
2025-02-07 10:00:00,SACSI Full,0.22949017318646217,0.3840354084968567,0.0,0.0,0.0,0.0,0.991624191403389,66
2025-02-07 11:00:00,SACSI Full,0.2288165264344226,0.18040597438812256,0.0,0.0,0.0,0.0,0.9943555861711503,66
2025-02-07 12:00:00,SACSI Full,0.2279630313078573,0.15195146203041077,0.0,0.0,0.0,0.0,0.9966764256358147,66
2025-02-07 13:00:00,SACSI Full,0.2269698072648059,0.10153278708457947,0.0,0.0,0.0,0.0,0.9974651575088501,66
2025-02-07 14:00:00,SACSI Full,0.22643490605513358,0.17952963709831238,0.0,0.0,0.0,0.0,0.9956294387578964,66
2025-02-07 15:00:00,SACSI Full,0.22611799651861295,0.19392713904380798,0.0,0.0,0.0,0.0,0.9959774821996689,66
2025-02-07 16:00:00,SACSI Full,0.22585684726397298,0.14265522360801697,0.0,0.0,0.0,0.0,0.9966341763734817,66
2025-02-07 17:00:00,SACSI Full,0.22579388706684214,0.1341119408607483,0.0,0.0,0.0,0.0,0.9972323283553124,66
2025-02-07 18:00:00,SACSI Full,0.2258485691905032,0.10140463709831238,0.0,0.0,0.0,0.0,0.9976448342204094,66
2025-02-07 19:00:00,SACSI Full,0.22591258295218253,0.08720412850379944,0.0,0.0,0.0,0.0,0.998113912343979,66
2025-02-07 20:00:00,SACSI Full,0.2259925824483246,0.08349984884262085,0.0,0.0,0.0,0.0,0.9982929602265358,66
2025-02-07 21:00:00,SACSI Full,0.22606309785207215,0.08065462112426758,0.0,0.0,0.0,0.0,0.9983584553003312,66
2025-02-07 22:00:00,SACSI Full,0.226074695289136,0.07147923111915588,0.0,0.0,0.0,0.0,0.9984786614775658,66
2025-02-07 23:00:00,SACSI Full,0.22613012575070168,0.07612913846969604,0.0,0.0,0.0,0.0,0.9984309181571007,66
2025-02-08 00:00:00,SACSI Full,0.22620309885263548,0.08139193058013916,0.0,0.0,0.0,0.0,0.9983195334672929,66
2025-02-08 01:00:00,SACSI Full,0.2262233948596329,0.0655888020992279,0.0,0.0,0.0,0.0,0.9985301926732064,66
2025-02-08 02:00:00,SACSI Full,0.2262893216991435,0.07927805185317993,0.0,0.0,0.0,0.0,0.9982775464653968,66
2025-02-08 03:00:00,SACSI Full,0.22637320420662665,0.07616475224494934,0.0,0.0,0.0,0.0,0.9984455719590187,66
2025-02-08 04:00:00,SACSI Full,0.22647196204662426,0.08062735199928284,0.0,0.0,0.0,0.0,0.998342826962471,66
2025-02-08 05:00:00,SACSI Full,0.22656619215170645,0.0877690315246582,0.0,0.0,0.0,0.0,0.998173202574253,66
2025-02-08 06:00:00,SACSI Full,0.22674006598313753,0.11166214942932129,0.0,0.0,0.0,0.0,0.997527825832367,66
2025-02-08 07:00:00,SACSI Full,0.22723672522306543,0.2424977719783783,0.0,0.0,0.0,0.0,0.9938416883349419,66
2025-02-08 08:00:00,SACSI Full,0.22759074203570787,0.2337050437927246,0.0,0.0,0.0,0.0,0.9952379718422889,66
2025-02-08 09:00:00,SACSI Full,0.2280500618958483,0.19079595804214478,0.0,0.0,0.0,0.0,0.9957549899816514,66
2025-02-08 10:00:00,SACSI Full,0.2283736217888206,0.3180679678916931,0.0,0.0,0.0,0.0,0.9923659205436707,66
2025-02-08 11:00:00,SACSI Full,0.22833918018817997,0.26166751980781555,0.0,0.0,0.0,0.0,0.9942026451230048,66
2025-02-08 12:00:00,SACSI Full,0.22847389818032676,0.18691539764404297,0.0,0.0,0.0,0.0,0.9955141708254814,66
2025-02-08 13:00:00,SACSI Full,0.22805915152470366,0.19857600331306458,0.0,0.0,0.0,0.0,0.9959118738770485,66
2025-02-08 14:00:00,SACSI Full,0.2280149959437062,0.1502533257007599,0.0,0.0,0.0,0.0,0.9965117067098618,66
2025-02-08 15:00:00,SACSI Full,0.22776084579865236,0.12775495648384094,0.0,0.0,0.0,0.0,0.9972199171781541,66
2025-02-08 16:00:00,SACSI Full,0.22880981427033845,0.0591905415058136,0.0,0.0,0.0,0.0,0.9981305450201035,66
2025-02-08 17:00:00,SACSI Full,0.22884893454631272,0.1307360827922821,0.0,0.0,0.0,0.0,0.9966698229312897,66
2025-02-08 18:00:00,SACSI Full,0.22892648968696694,0.1167665421962738,0.0,0.0,0.0,0.0,0.9975249737501145,66
2025-02-08 19:00:00,SACSI Full,0.22893573346853358,0.07927313446998596,0.0,0.0,0.0,0.0,0.9980396032333374,66
2025-02-08 20:00:00,SACSI Full,0.2290385627683014,0.09884878993034363,0.0,0.0,0.0,0.0,0.9978272676467895,66
2025-02-08 21:00:00,SACSI Full,0.22904254869222745,0.06919577717781067,0.0,0.0,0.0,0.0,0.9983195543289185,66
2025-02-08 22:00:00,SACSI Full,0.2290778265579552,0.07858335971832275,0.0,0.0,0.0,0.0,0.9983344569802285,66
2025-02-08 23:00:00,SACSI Full,0.2291597567478826,0.08407905697822571,0.0,0.0,0.0,0.0,0.9982634618878364,66
2025-02-09 00:00:00,SACSI Full,0.22921129426399972,0.08346125483512878,0.0,0.0,0.0,0.0,0.9983245968818665,66
2025-02-09 01:00:00,SACSI Full,0.229300366083782,0.08622154593467712,0.0,0.0,0.0,0.0,0.998247966170311,66
2025-02-09 02:00:00,SACSI Full,0.22931074510256555,0.0711137056350708,0.0,0.0,0.0,0.0,0.9984266474843024,66
2025-02-09 03:00:00,SACSI Full,0.22942454662402578,0.10214045643806458,0.0,0.0,0.0,0.0,0.9976469233632087,66
2025-02-09 04:00:00,SACSI Full,0.22943896038055528,0.07232412695884705,0.0,0.0,0.0,0.0,0.998255354166031,66
2025-02-09 05:00:00,SACSI Full,0.22954571934779594,0.10852769017219543,0.0,0.0,0.0,0.0,0.9974674105644227,66
2025-02-09 06:00:00,SACSI Full,0.22969613772392383,0.12162551283836365,0.0,0.0,0.0,0.0,0.9974365115165711,66
2025-02-09 07:00:00,SACSI Full,0.22991205561002204,0.15827536582946777,0.0,0.0,0.0,0.0,0.9964679941534996,66
2025-02-09 08:00:00,SACSI Full,0.22999096241474257,0.1766720414161682,0.0,0.0,0.0,0.0,0.9962825924158096,66
2025-02-09 09:00:00,SACSI Full,0.2297537774729739,0.14134451746940613,0.0,0.0,0.0,0.0,0.9968198344111443,66
2025-02-09 10:00:00,SACSI Full,0.2293542408005407,0.1436389982700348,0.0,0.0,0.0,0.0,0.9971042752265931,66
2025-02-09 11:00:00,SACSI Full,0.22877892400185373,0.12490496039390564,0.0,0.0,0.0,0.0,0.9973145604133605,66
2025-02-09 12:00:00,SACSI Full,0.2278748660922061,0.09428262710571289,0.0,0.0,0.0,0.0,0.9978081241250039,66
2025-02-09 13:00:00,SACSI Full,0.22698714657783617,0.09068414568901062,0.0,0.0,0.0,0.0,0.9981503322720527,66
2025-02-09 14:00:00,SACSI Full,0.22646299867948003,0.11475563049316406,0.0,0.0,0.0,0.0,0.9974641725420952,66
2025-02-09 15:00:00,SACSI Full,0.2260713787627231,0.13751402497291565,0.0,0.0,0.0,0.0,0.9970221355557441,66
2025-02-09 16:00:00,SACSI Full,0.22613440767049894,0.08890867233276367,0.0,0.0,0.0,0.0,0.9977357730269432,66
2025-02-09 17:00:00,SACSI Full,0.22620972882747756,0.14159634709358215,0.0,0.0,0.0,0.0,0.9966411963105202,66
2025-02-09 18:00:00,SACSI Full,0.2262168710144371,0.09564265608787537,0.0,0.0,0.0,0.0,0.9976276099681854,66
2025-02-09 19:00:00,SACSI Full,0.22621504002173845,0.06745070219039917,0.0,0.0,0.0,0.0,0.9983690664172173,66
2025-02-09 20:00:00,SACSI Full,0.22630476798931862,0.08641839027404785,0.0,0.0,0.0,0.0,0.9980819553136826,66
2025-02-09 21:00:00,SACSI Full,0.22642409237782266,0.1037973165512085,0.0,0.0,0.0,0.0,0.9977502644062043,66
2025-02-09 22:00:00,SACSI Full,0.2264578528086355,0.07812812924385071,0.0,0.0,0.0,0.0,0.9981807455420495,66
2025-02-09 23:00:00,SACSI Full,0.22650934711138512,0.08344829082489014,0.0,0.0,0.0,0.0,0.9982778325676919,66
2025-02-10 00:00:00,SACSI Full,0.22654884945631135,0.0798507034778595,0.0,0.0,0.0,0.0,0.9983670100569726,66
2025-02-10 01:00:00,SACSI Full,0.22660217213153946,0.08399680256843567,0.0,0.0,0.0,0.0,0.9982786029577255,66
2025-02-10 02:00:00,SACSI Full,0.2266492825126659,0.08213311433792114,0.0,0.0,0.0,0.0,0.9983387008309363,66
2025-02-10 03:00:00,SACSI Full,0.2267139700722705,0.07890626788139343,0.0,0.0,0.0,0.0,0.9983896061778068,66
2025-02-10 04:00:00,SACSI Full,0.22675460070053843,0.0716891884803772,0.0,0.0,0.0,0.0,0.9984940454363823,66
2025-02-10 05:00:00,SACSI Full,0.22683903650363396,0.0933307409286499,0.0,0.0,0.0,0.0,0.9979169696569443,66
2025-02-10 06:00:00,SACSI Full,0.2270126418487242,0.12008160352706909,0.0,0.0,0.0,0.0,0.9973308593034744,66
2025-02-10 07:00:00,SACSI Full,0.227191779464087,0.13874128460884094,0.0,0.0,0.0,0.0,0.9970385774970055,66
2025-02-10 08:00:00,SACSI Full,0.22734189792474221,0.19803553819656372,0.0,0.0,0.0,0.0,0.9954463467001915,66
2025-02-10 09:00:00,SACSI Full,0.2272947507373503,0.18985584378242493,0.0,0.0,0.0,0.0,0.9961210861802101,66
2025-02-10 10:00:00,SACSI Full,0.22698765391508852,0.1713709533214569,0.0,0.0,0.0,0.0,0.9963877320289611,66
2025-02-10 11:00:00,SACSI Full,0.22645792721907412,0.1385819911956787,0.0,0.0,0.0,0.0,0.9969004705548287,66
2025-02-10 12:00:00,SACSI Full,0.22582437466144678,0.12443423271179199,0.0,0.0,0.0,0.0,0.9973698377609254,66
2025-02-10 13:00:00,SACSI Full,0.22570481427192804,0.11063188314437866,0.0,0.0,0.0,0.0,0.9976493388414382,66
2025-02-10 14:00:00,SACSI Full,0.2253531476481767,0.12400001287460327,0.0,0.0,0.0,0.0,0.9973863184452056,66
2025-02-10 15:00:00,SACSI Full,0.22520982694467023,0.12700378894805908,0.0,0.0,0.0,0.0,0.9974298864603043,66
2025-02-10 16:00:00,SACSI Full,0.22509948976437366,0.111398845911026,0.0,0.0,0.0,0.0,0.9976159736514092,66
2025-02-10 17:00:00,SACSI Full,0.2250550269436848,0.10566115379333496,0.0,0.0,0.0,0.0,0.9978294000029564,66
2025-02-10 18:00:00,SACSI Full,0.22508183644533275,0.09304285049438477,0.0,0.0,0.0,0.0,0.9980129599571228,66
2025-02-10 19:00:00,SACSI Full,0.22517509747823197,0.08747830986976624,0.0,0.0,0.0,0.0,0.9981947883963586,66
2025-02-10 20:00:00,SACSI Full,0.22522542406082272,0.06609797477722168,0.0,0.0,0.0,0.0,0.99846423715353,66
2025-02-10 21:00:00,SACSI Full,0.22525927492618678,0.06115525960922241,0.0,0.0,0.0,0.0,0.9987274676561355,66
2025-02-10 22:00:00,SACSI Full,0.22532677460034806,0.07124990224838257,0.0,0.0,0.0,0.0,0.9984740555286408,66
2025-02-10 23:00:00,SACSI Full,0.22563661118348552,0.04395097494125366,0.0,0.0,0.0,0.0,0.9988479912281036,66
2025-02-11 00:00:00,SACSI Full,0.22570632520437353,0.0549142062664032,0.0,0.0,0.0,0.0,0.9987920835614205,66
2025-02-11 01:00:00,SACSI Full,0.22574367290973774,0.04520431160926819,0.0,0.0,0.0,0.0,0.9989988148212432,66
2025-02-11 02:00:00,SACSI Full,0.22580247828722108,0.051641613245010376,0.0,0.0,0.0,0.0,0.9989027947187423,66
2025-02-11 03:00:00,SACSI Full,0.2258752872451157,0.07284268736839294,0.0,0.0,0.0,0.0,0.9983311355113984,66
2025-02-11 04:00:00,SACSI Full,0.22595299815416445,0.09131327271461487,0.0,0.0,0.0,0.0,0.9979890286922455,66
2025-02-11 05:00:00,SACSI Full,0.22606151549259929,0.09205520153045654,0.0,0.0,0.0,0.0,0.9981514766812325,66
2025-02-11 06:00:00,SACSI Full,0.22617097137292333,0.08383676409721375,0.0,0.0,0.0,0.0,0.9982410803437234,66
2025-02-11 07:00:00,SACSI Full,0.22634244310299664,0.12794151902198792,0.0,0.0,0.0,0.0,0.9970001220703124,66
2025-02-11 08:00:00,SACSI Full,0.22666675170183292,0.2332925796508789,0.0,0.0,0.0,0.0,0.9942806378006935,66
2025-02-11 09:00:00,SACSI Full,0.22671581929127485,0.23572027683258057,0.0,0.0,0.0,0.0,0.9952613174915313,66
2025-02-11 10:00:00,SACSI Full,0.22689120564301915,0.33311590552330017,0.0,0.0,0.0,0.0,0.9923637256026268,66
2025-02-11 11:00:00,SACSI Full,0.22695492365201422,0.31661540269851685,0.0,0.0,0.0,0.0,0.9935026869177819,66
2025-02-11 12:00:00,SACSI Full,0.22691195229292024,0.3016085922718048,0.0,0.0,0.0,0.0,0.9938177600502968,66
2025-02-11 13:00:00,SACSI Full,0.22666139282306144,0.2563321590423584,0.0,0.0,0.0,0.0,0.9944205924868583,66
2025-02-11 14:00:00,SACSI Full,0.22624957573572904,0.1994548738002777,0.0,0.0,0.0,0.0,0.9954421296715736,66
2025-02-11 15:00:00,SACSI Full,0.22583059178908774,0.14630481600761414,0.0,0.0,0.0,0.0,0.9965424031019211,66
2025-02-11 16:00:00,SACSI Full,0.22568017584641883,0.15037521719932556,0.0,0.0,0.0,0.0,0.9969517916440963,66
2025-02-11 17:00:00,SACSI Full,0.2256168350100528,0.0914977490901947,0.0,0.0,0.0,0.0,0.9975812703371048,66
2025-02-11 18:00:00,SACSI Full,0.22564977564573396,0.0693821907043457,0.0,0.0,0.0,0.0,0.9983912006020546,66
2025-02-11 19:00:00,SACSI Full,0.22568049627383657,0.06021618843078613,0.0,0.0,0.0,0.0,0.9987040162086487,66
2025-02-11 20:00:00,SACSI Full,0.22569774155060557,0.047673583030700684,0.0,0.0,0.0,0.0,0.9989211022853851,66
2025-02-11 21:00:00,SACSI Full,0.2257228854703914,0.03304317593574524,0.0,0.0,0.0,0.0,0.9991928324103356,66
2025-02-11 22:00:00,SACSI Full,0.22573572053432575,0.02935051918029785,0.0,0.0,0.0,0.0,0.9993760630488395,66
2025-02-11 23:00:00,SACSI Full,0.22576486763397963,0.04274412989616394,0.0,0.0,0.0,0.0,0.9990111812949181,66
2025-02-12 00:00:00,SACSI Full,0.22577605734427877,0.0373569130897522,0.0,0.0,0.0,0.0,0.9991989895701409,66
2025-02-12 01:00:00,SACSI Full,0.22581402669350414,0.03689080476760864,0.0,0.0,0.0,0.0,0.9992575228214264,66
2025-02-12 02:00:00,SACSI Full,0.2258556806031874,0.03799617290496826,0.0,0.0,0.0,0.0,0.9992290228605271,66
2025-02-12 03:00:00,SACSI Full,0.2258881747690848,0.035248249769210815,0.0,0.0,0.0,0.0,0.9992675557732582,66
2025-02-12 04:00:00,SACSI Full,0.2259502663834901,0.03562748432159424,0.0,0.0,0.0,0.0,0.9992836579680443,66
2025-02-12 05:00:00,SACSI Full,0.22599375859975931,0.038547664880752563,0.0,0.0,0.0,0.0,0.9991998448967934,66
2025-02-12 06:00:00,SACSI Full,0.22607316483259315,0.05782186985015869,0.0,0.0,0.0,0.0,0.9986508205533027,66
2025-02-12 07:00:00,SACSI Full,0.2261122008053473,0.06271079182624817,0.0,0.0,0.0,0.0,0.9986968949437142,66
2025-02-12 08:00:00,SACSI Full,0.2265142773056042,0.2651229500770569,0.0,0.0,0.0,0.0,0.9926734194159508,66
2025-02-12 09:00:00,SACSI Full,0.22702298856258507,0.3906133770942688,0.0,0.0,0.0,0.0,0.9909328281879425,66
2025-02-12 10:00:00,SACSI Full,0.2276674844932568,0.5163487792015076,0.0,0.0,0.0,0.0,0.9884156703948974,66
2025-02-12 11:00:00,SACSI Full,0.22755018272558966,0.3728094696998596,0.0,0.0,0.0,0.0,0.9911084175109863,66
2025-02-12 12:00:00,SACSI Full,0.22669764315764226,0.2032381296157837,0.0,0.0,0.0,0.0,0.9942395240068436,66
2025-02-12 13:00:00,SACSI Full,0.22593025379181023,0.22878319025039673,0.0,0.0,0.0,0.0,0.9951688855886459,66
2025-02-12 14:00:00,SACSI Full,0.22520990050633866,0.2088940143585205,0.0,0.0,0.0,0.0,0.9956232279539109,66
2025-02-12 15:00:00,SACSI Full,0.22531213268200673,0.3876696527004242,0.0,0.0,0.0,0.0,0.9904588505625725,66
2025-02-12 16:00:00,SACSI Full,0.2258504698626212,0.43350115418434143,0.0,0.0,0.0,0.0,0.990871661901474,66
2025-02-12 17:00:00,SACSI Full,0.2259619098758709,0.18643200397491455,0.0,0.0,0.0,0.0,0.9938006684184075,66
2025-02-12 18:00:00,SACSI Full,0.22591968087593828,0.038331300020217896,0.0,0.0,0.0,0.0,0.9977523669600487,66
2025-02-12 19:00:00,SACSI Full,0.2259383328564973,0.03109559416770935,0.0,0.0,0.0,0.0,0.9993057310581208,66
2025-02-12 20:00:00,SACSI Full,0.22596945737441496,0.026337355375289917,0.0,0.0,0.0,0.0,0.99942567050457,66
2025-02-12 21:00:00,SACSI Full,0.22599379242658732,0.02430051565170288,0.0,0.0,0.0,0.0,0.9994936212897301,66
2025-02-12 22:00:00,SACSI Full,0.22602551944812257,0.02651810646057129,0.0,0.0,0.0,0.0,0.9994474619626998,66
2025-02-12 23:00:00,SACSI Full,0.2260702174337717,0.030409395694732666,0.0,0.0,0.0,0.0,0.9993528991937638,66
2025-02-13 00:00:00,SACSI Full,0.22613188413381696,0.027000010013580322,0.0,0.0,0.0,0.0,0.9994259059429169,66
2025-02-13 01:00:00,SACSI Full,0.2261937276609751,0.02705305814743042,0.0,0.0,0.0,0.0,0.9994584083557129,66
2025-02-13 02:00:00,SACSI Full,0.22624846234083298,0.024920403957366943,0.0,0.0,0.0,0.0,0.999480265378952,66
2025-02-13 03:00:00,SACSI Full,0.2263100098315887,0.026964247226715088,0.0,0.0,0.0,0.0,0.9994402766227722,66
2025-02-13 04:00:00,SACSI Full,0.22637301465590917,0.027401447296142578,0.0,0.0,0.0,0.0,0.9994475990533829,66
2025-02-13 05:00:00,SACSI Full,0.22643230462074404,0.026286989450454712,0.0,0.0,0.0,0.0,0.9994631156325341,66
2025-02-13 06:00:00,SACSI Full,0.2264916047509524,0.0347900390625,0.0,0.0,0.0,0.0,0.9992191687226296,66
2025-02-13 07:00:00,SACSI Full,0.22657505737702177,0.06753578782081604,0.0,0.0,0.0,0.0,0.9983218267560006,66
2025-02-13 08:00:00,SACSI Full,0.2270255147361768,0.27113720774650574,0.0,0.0,0.0,0.0,0.9925412416458129,66
2025-02-13 09:00:00,SACSI Full,0.2277523658474299,0.4475553333759308,0.0,0.0,0.0,0.0,0.9892847120761871,66
2025-02-13 10:00:00,SACSI Full,0.2289822555518163,0.683466911315918,0.0,0.0,0.0,0.0,0.9839715459942818,66
2025-02-13 11:00:00,SACSI Full,0.228759153287412,0.34956932067871094,0.0,0.0,0.0,0.0,0.9896696376800537,66
2025-02-13 12:00:00,SACSI Full,0.22816265169700112,0.2715495228767395,0.0,0.0,0.0,0.0,0.9937888115644454,66
2025-02-13 13:00:00,SACSI Full,0.22719115221977362,0.15055015683174133,0.0,0.0,0.0,0.0,0.9957790032029152,66
2025-02-13 14:00:00,SACSI Full,0.22645082101583605,0.16890063881874084,0.0,0.0,0.0,0.0,0.9964384824037552,66
2025-02-13 15:00:00,SACSI Full,0.22635070340395097,0.30996471643447876,0.0,0.0,0.0,0.0,0.992390064895153,66
2025-02-13 16:00:00,SACSI Full,0.22671453759034602,0.3641502559185028,0.0,0.0,0.0,0.0,0.9921751394867897,66
2025-02-13 17:00:00,SACSI Full,0.2269271549979858,0.2167852222919464,0.0,0.0,0.0,0.0,0.9941906452178955,66
2025-02-13 18:00:00,SACSI Full,0.22686799973487978,0.05025342106819153,0.0,0.0,0.0,0.0,0.9973296135663986,66
2025-02-13 19:00:00,SACSI Full,0.2268980838521334,0.051525235176086426,0.0,0.0,0.0,0.0,0.9989567771553993,66
2025-02-13 20:00:00,SACSI Full,0.22688601135969283,0.030378252267837524,0.0,0.0,0.0,0.0,0.9991809651255608,66
2025-02-13 21:00:00,SACSI Full,0.22691726846377175,0.04337713122367859,0.0,0.0,0.0,0.0,0.9990024685859681,66
2025-02-13 22:00:00,SACSI Full,0.2269372473756484,0.03999367356300354,0.0,0.0,0.0,0.0,0.9991662919521331,66
2025-02-13 23:00:00,SACSI Full,0.22698392718156293,0.048003941774368286,0.0,0.0,0.0,0.0,0.998959818482399,66
2025-02-14 00:00:00,SACSI Full,0.22700736740191896,0.032532066106796265,0.0,0.0,0.0,0.0,0.9991946399211884,66
2025-02-14 01:00:00,SACSI Full,0.22702357459863146,0.03036215901374817,0.0,0.0,0.0,0.0,0.9993710577487945,66
2025-02-14 02:00:00,SACSI Full,0.22705645867824675,0.03536522388458252,0.0,0.0,0.0,0.0,0.9992426648736,66
2025-02-14 03:00:00,SACSI Full,0.2270884844509773,0.03510773181915283,0.0,0.0,0.0,0.0,0.9992952704429627,66
2025-02-14 04:00:00,SACSI Full,0.22715184537887698,0.044508278369903564,0.0,0.0,0.0,0.0,0.9990158289670944,66
2025-02-14 05:00:00,SACSI Full,0.22719951935768254,0.0398021936416626,0.0,0.0,0.0,0.0,0.9991568952798843,66
2025-02-14 06:00:00,SACSI Full,0.22725823758045963,0.043115466833114624,0.0,0.0,0.0,0.0,0.9991045579314232,66
2025-02-14 07:00:00,SACSI Full,0.22732445674816895,0.07086575031280518,0.0,0.0,0.0,0.0,0.998305182158947,66
2025-02-14 08:00:00,SACSI Full,0.2276344728811595,0.23750483989715576,0.0,0.0,0.0,0.0,0.9935835123062133,66
2025-02-14 09:00:00,SACSI Full,0.22814855524460606,0.40072470903396606,0.0,0.0,0.0,0.0,0.9903533071279526,66
2025-02-14 10:00:00,SACSI Full,0.22822088949918878,0.3702002763748169,0.0,0.0,0.0,0.0,0.9922907501459122,66
2025-02-14 11:00:00,SACSI Full,0.22802550660610332,0.3663851320743561,0.0,0.0,0.0,0.0,0.9926341459155084,66
2025-02-14 12:00:00,SACSI Full,0.22709998138189447,0.18984243273735046,0.0,0.0,0.0,0.0,0.9944377243518829,66
2025-02-14 13:00:00,SACSI Full,0.22617895230054988,0.20819127559661865,0.0,0.0,0.0,0.0,0.9956526860594749,66
2025-02-14 14:00:00,SACSI Full,0.2255301898543053,0.2558712661266327,0.0,0.0,0.0,0.0,0.9944057747721672,66
2025-02-14 15:00:00,SACSI Full,0.2255586468434347,0.3825370967388153,0.0,0.0,0.0,0.0,0.9910825997591018,66
2025-02-14 16:00:00,SACSI Full,0.22585692830403778,0.36148443818092346,0.0,0.0,0.0,0.0,0.9925597846508025,66
2025-02-14 17:00:00,SACSI Full,0.2257858486954384,0.14017611742019653,0.0,0.0,0.0,0.0,0.9949833944439888,66
2025-02-14 18:00:00,SACSI Full,0.22580607019662988,0.06556645035743713,0.0,0.0,0.0,0.0,0.9979425743222237,66
2025-02-14 19:00:00,SACSI Full,0.22586415362994008,0.04292502999305725,0.0,0.0,0.0,0.0,0.9989150851964951,66
2025-02-14 20:00:00,SACSI Full,0.22591282055695985,0.023100078105926514,0.0,0.0,0.0,0.0,0.9993397489190102,66
2025-02-14 21:00:00,SACSI Full,0.22595168500344093,0.02015933394432068,0.0,0.0,0.0,0.0,0.9995674058794976,66
2025-02-14 22:00:00,SACSI Full,0.22601697344780103,0.019586533308029175,0.0,0.0,0.0,0.0,0.9996025413274765,66
2025-02-14 23:00:00,SACSI Full,0.2260861510952327,0.020753294229507446,0.0,0.0,0.0,0.0,0.999573266506195,66
2025-02-15 00:00:00,SACSI Full,0.22615798760652675,0.02155095338821411,0.0,0.0,0.0,0.0,0.9995610043406487,66
2025-02-15 01:00:00,SACSI Full,0.22621868599653377,0.018209517002105713,0.0,0.0,0.0,0.0,0.9996023952960968,66
2025-02-15 02:00:00,SACSI Full,0.22627616374890144,0.01724332571029663,0.0,0.0,0.0,0.0,0.999645471572876,66
2025-02-15 03:00:00,SACSI Full,0.22635288436412945,0.02301618456840515,0.0,0.0,0.0,0.0,0.9994819477200508,66
2025-02-15 04:00:00,SACSI Full,0.22643461276292934,0.024518519639968872,0.0,0.0,0.0,0.0,0.9994946062564849,66
2025-02-15 05:00:00,SACSI Full,0.22653295545975502,0.029502809047698975,0.0,0.0,0.0,0.0,0.9993601009249687,66
2025-02-15 06:00:00,SACSI Full,0.22662307817936078,0.027036815881729126,0.0,0.0,0.0,0.0,0.9994346037507057,66
2025-02-15 07:00:00,SACSI Full,0.22699580912113318,0.04581928253173828,0.0,0.0,0.0,0.0,0.9988957896828651,66
2025-02-15 08:00:00,SACSI Full,0.2273215078194949,0.1337096095085144,0.0,0.0,0.0,0.0,0.9964469045400619,66
2025-02-15 09:00:00,SACSI Full,0.22770620098511504,0.3279079496860504,0.0,0.0,0.0,0.0,0.9914998576045037,66
2025-02-15 10:00:00,SACSI Full,0.2283225720667852,0.5079113245010376,0.0,0.0,0.0,0.0,0.9880417397618294,66
2025-02-15 11:00:00,SACSI Full,0.22841455343405537,0.41009441018104553,0.0,0.0,0.0,0.0,0.9908199426531792,66
2025-02-15 12:00:00,SACSI Full,0.22795754257281753,0.33039674162864685,0.0,0.0,0.0,0.0,0.992595088481903,66
2025-02-15 13:00:00,SACSI Full,0.2273726895538979,0.23254409432411194,0.0,0.0,0.0,0.0,0.9943705916404725,66
2025-02-15 14:00:00,SACSI Full,0.22713670507272218,0.30320465564727783,0.0,0.0,0.0,0.0,0.9932293012738228,66
2025-02-15 15:00:00,SACSI Full,0.22694801101923123,0.266391783952713,0.0,0.0,0.0,0.0,0.994304035604,66
2025-02-15 16:00:00,SACSI Full,0.2271038516203576,0.2762521803379059,0.0,0.0,0.0,0.0,0.9943763524293899,66
2025-02-15 17:00:00,SACSI Full,0.2271274071025862,0.1430666446685791,0.0,0.0,0.0,0.0,0.9958068117499352,66
2025-02-15 18:00:00,SACSI Full,0.227092942566873,0.05766063928604126,0.0,0.0,0.0,0.0,0.9979927271604538,66
2025-02-15 19:00:00,SACSI Full,0.22711875750144458,0.05024448037147522,0.0,0.0,0.0,0.0,0.9989209488034249,66
2025-02-15 20:00:00,SACSI Full,0.2274197574647281,0.032799988985061646,0.0,0.0,0.0,0.0,0.9991695553064347,66
2025-02-15 21:00:00,SACSI Full,0.2277181072735799,0.023504942655563354,0.0,0.0,0.0,0.0,0.9994369506835938,66
2025-02-15 22:00:00,SACSI Full,0.22802771143277611,0.026881247758865356,0.0,0.0,0.0,0.0,0.9994286119937897,66
2025-02-15 23:00:00,SACSI Full,0.22836047176520155,0.025328099727630615,0.0,0.0,0.0,0.0,0.9994779065251351,66
2025-02-16 00:00:00,SACSI Full,0.2286964865112317,0.026304423809051514,0.0,0.0,0.0,0.0,0.9994641482830047,66
2025-02-16 01:00:00,SACSI Full,0.22871175294796753,0.030079931020736694,0.0,0.0,0.0,0.0,0.9993606463074683,66
2025-02-16 02:00:00,SACSI Full,0.22905346391121673,0.028013288974761963,0.0,0.0,0.0,0.0,0.9994190678000451,66
2025-02-16 03:00:00,SACSI Full,0.22935077212890112,0.02319246530532837,0.0,0.0,0.0,0.0,0.9994879424571991,66
2025-02-16 04:00:00,SACSI Full,0.23625358668724813,0.004844367504119873,0.0,0.0,0.0,0.0,0.9997196316719055,66
2025-02-16 05:00:00,SACSI Full,0.24049244957049803,0.005658864974975586,0.0,0.0,0.0,0.0,0.9998786777257919,66
2025-02-16 06:00:00,SACSI Full,0.24076194377740337,0.014848262071609497,0.0,0.0,0.0,0.0,0.9996111407876015,66
2025-02-16 07:00:00,SACSI Full,0.2410000511376074,0.02243220806121826,0.0,0.0,0.0,0.0,0.9994755163788795,66
2025-02-16 08:00:00,SACSI Full,0.24391988343159468,0.011949688196182251,0.0,0.0,0.0,0.0,0.9996561810374259,66
2025-02-16 09:00:00,SACSI Full,0.2453926703039816,0.020336061716079712,0.0,0.0,0.0,0.0,0.9995094150304794,66
2025-02-16 10:00:00,SACSI Full,0.24605177521705737,0.06973147392272949,0.0,0.0,0.0,0.0,0.9981114163994789,66
2025-02-16 11:00:00,SACSI Full,0.2465172928508134,0.05415529012680054,0.0,0.0,0.0,0.0,0.9987611323595047,66
2025-02-16 12:00:00,SACSI Full,0.24617490449667087,0.15428349375724792,0.0,0.0,0.0,0.0,0.9959130480885506,66
2025-02-16 13:00:00,SACSI Full,0.24519218825578798,0.10468512773513794,0.0,0.0,0.0,0.0,0.9974103137850762,66
2025-02-16 14:00:00,SACSI Full,0.24478906677643564,0.11906355619430542,0.0,0.0,0.0,0.0,0.9974749445915222,66
2025-02-16 15:00:00,SACSI Full,0.24443051564534612,0.20693466067314148,0.0,0.0,0.0,0.0,0.9949825957417489,66
2025-02-16 16:00:00,SACSI Full,0.24427343854983755,0.19087687134742737,0.0,0.0,0.0,0.0,0.9960218846797942,66
2025-02-16 17:00:00,SACSI Full,0.24407780268669238,0.06880924105644226,0.0,0.0,0.0,0.0,0.9974031388759612,66
2025-02-16 18:00:00,SACSI Full,0.24394127463420343,0.027041584253311157,0.0,0.0,0.0,0.0,0.9990414917469025,66
2025-02-16 19:00:00,SACSI Full,0.2438543173154206,0.02491280436515808,0.0,0.0,0.0,0.0,0.9994804561138153,66
2025-02-16 20:00:00,SACSI Full,0.24379342017491765,0.015730857849121094,0.0,0.0,0.0,0.0,0.9995935633778572,66
2025-02-16 21:00:00,SACSI Full,0.24372315964142588,0.012921839952468872,0.0,0.0,0.0,0.0,0.9997134730219841,66
2025-02-16 22:00:00,SACSI Full,0.243687854517302,0.014908462762832642,0.0,0.0,0.0,0.0,0.9996819645166397,66
2025-02-16 23:00:00,SACSI Full,0.2436627551984798,0.01797020435333252,0.0,0.0,0.0,0.0,0.9996099784970283,66
2025-02-17 00:00:00,SACSI Full,0.243608612754346,0.017757266759872437,0.0,0.0,0.0,0.0,0.999642725288868,66
2025-02-17 01:00:00,SACSI Full,0.2435594490536065,0.010750889778137207,0.0,0.0,0.0,0.0,0.9997149184346199,66
2025-02-17 02:00:00,SACSI Full,0.24385780260483533,0.015006065368652344,0.0,0.0,0.0,0.0,0.9996573269367218,66
2025-02-17 03:00:00,SACSI Full,0.24381656284491332,0.013128072023391724,0.0,0.0,0.0,0.0,0.9997186586260796,66
2025-02-17 04:00:00,SACSI Full,0.24409665551980447,0.009527802467346191,0.0,0.0,0.0,0.0,0.9997734412550926,66
2025-02-17 05:00:00,SACSI Full,0.24406498180866354,0.015997886657714844,0.0,0.0,0.0,0.0,0.999615341424942,66
2025-02-17 06:00:00,SACSI Full,0.24437773610750949,0.010826289653778076,0.0,0.0,0.0,0.0,0.9997317582368851,66
2025-02-17 07:00:00,SACSI Full,0.24462734246254078,0.017381906509399414,0.0,0.0,0.0,0.0,0.9995868057012558,66
2025-02-17 08:00:00,SACSI Full,0.24446417076587787,0.07854849100112915,0.0,0.0,0.0,0.0,0.9978173643350601,66
2025-02-17 09:00:00,SACSI Full,0.2443830404527993,0.19666090607643127,0.0,0.0,0.0,0.0,0.9948856577277184,66
2025-02-17 10:00:00,SACSI Full,0.2439649574613582,0.18057510256767273,0.0,0.0,0.0,0.0,0.996227639913559,66
2025-02-17 11:00:00,SACSI Full,0.24307056143045538,0.11418119072914124,0.0,0.0,0.0,0.0,0.9970524370670318,66
2025-02-17 12:00:00,SACSI Full,0.2419609185544661,0.08360713720321655,0.0,0.0,0.0,0.0,0.9980221167206764,66
2025-02-17 13:00:00,SACSI Full,0.24086515014966442,0.08776947855949402,0.0,0.0,0.0,0.0,0.9982029870152473,66
2025-02-17 14:00:00,SACSI Full,0.2399061563261361,0.10330185294151306,0.0,0.0,0.0,0.0,0.9977786391973495,66
2025-02-17 15:00:00,SACSI Full,0.2392964095981927,0.14007598161697388,0.0,0.0,0.0,0.0,0.9968307390809059,66
2025-02-17 16:00:00,SACSI Full,0.23958784670035158,0.1084311306476593,0.0,0.0,0.0,0.0,0.9975149288773537,66
2025-02-17 17:00:00,SACSI Full,0.23945097727457798,0.09493917226791382,0.0,0.0,0.0,0.0,0.9979662969708443,66
2025-02-17 18:00:00,SACSI Full,0.2396583258891117,0.02170458436012268,0.0,0.0,0.0,0.0,0.9988335624337197,66
2025-02-17 19:00:00,SACSI Full,0.23995002557516212,0.013009905815124512,0.0,0.0,0.0,0.0,0.9996528550982475,66
2025-02-17 20:00:00,SACSI Full,0.2399069057854028,0.01256406307220459,0.0,0.0,0.0,0.0,0.9997442603111266,66
2025-02-17 21:00:00,SACSI Full,0.2398741134937616,0.015662312507629395,0.0,0.0,0.0,0.0,0.9996557712554931,66
2025-02-17 22:00:00,SACSI Full,0.23984247504870215,0.016008466482162476,0.0,0.0,0.0,0.0,0.9996763691306114,66
2025-02-17 23:00:00,SACSI Full,0.23981944997151813,0.018592476844787598,0.0,0.0,0.0,0.0,0.999602310359478,66
2025-02-18 00:00:00,SACSI Full,0.23979623068253322,0.018534213304519653,0.0,0.0,0.0,0.0,0.9996287330985069,66
2025-02-18 01:00:00,SACSI Full,0.23979954218308255,0.017993450164794922,0.0,0.0,0.0,0.0,0.9996347233653069,66
2025-02-18 02:00:00,SACSI Full,0.23980168096224594,0.01764163374900818,0.0,0.0,0.0,0.0,0.9996436491608619,66
2025-02-18 03:00:00,SACSI Full,0.2398108257706973,0.01974344253540039,0.0,0.0,0.0,0.0,0.999584113061428,66
2025-02-18 04:00:00,SACSI Full,0.23979875430584083,0.013378560543060303,0.0,0.0,0.0,0.0,0.9996687799692154,66
2025-02-18 05:00:00,SACSI Full,0.23980342975934477,0.01840263605117798,0.0,0.0,0.0,0.0,0.9995817065238952,66
2025-02-18 06:00:00,SACSI Full,0.2397981688531253,0.023921728134155273,0.0,0.0,0.0,0.0,0.9994663745164871,66
2025-02-18 07:00:00,SACSI Full,0.2397583918563538,0.030566900968551636,0.0,0.0,0.0,0.0,0.999322210252285,66
2025-02-18 08:00:00,SACSI Full,0.23965428044955067,0.07926657795906067,0.0,0.0,0.0,0.0,0.9979276716709138,66
2025-02-18 09:00:00,SACSI Full,0.23978356618801883,0.26828572154045105,0.0,0.0,0.0,0.0,0.992744094133377,66
2025-02-18 10:00:00,SACSI Full,0.23937424282709888,0.19170299172401428,0.0,0.0,0.0,0.0,0.9954001128673554,66
2025-02-18 11:00:00,SACSI Full,0.2389416502594961,0.144222229719162,0.0,0.0,0.0,0.0,0.9966407477855683,66
2025-02-18 12:00:00,SACSI Full,0.2379422325317078,0.10817468166351318,0.0,0.0,0.0,0.0,0.9974760308861732,66
2025-02-18 13:00:00,SACSI Full,0.23722056558132298,0.08299991488456726,0.0,0.0,0.0,0.0,0.9980882540345192,66
2025-02-18 14:00:00,SACSI Full,0.23682188981215285,0.1458972692489624,0.0,0.0,0.0,0.0,0.9964530810713768,66
2025-02-18 15:00:00,SACSI Full,0.23677871118227767,0.18454641103744507,0.0,0.0,0.0,0.0,0.9959225803613663,66
2025-02-18 16:00:00,SACSI Full,0.2367942673190447,0.21716684103012085,0.0,0.0,0.0,0.0,0.9953304588794708,66
2025-02-18 17:00:00,SACSI Full,0.23667431693712995,0.09151488542556763,0.0,0.0,0.0,0.0,0.996913182735443,66
2025-02-18 18:00:00,SACSI Full,0.23661296378692115,0.03259405493736267,0.0,0.0,0.0,0.0,0.9987589105963707,66
2025-02-18 19:00:00,SACSI Full,0.2366013922389361,0.02202853560447693,0.0,0.0,0.0,0.0,0.9994537740945816,66
2025-02-18 20:00:00,SACSI Full,0.2365875050505015,0.02133384346961975,0.0,0.0,0.0,0.0,0.999566376209259,66
2025-02-18 21:00:00,SACSI Full,0.2365722151660932,0.020913034677505493,0.0,0.0,0.0,0.0,0.9995775312185288,66
2025-02-18 22:00:00,SACSI Full,0.23657977200746666,0.01926705241203308,0.0,0.0,0.0,0.0,0.9995981991291046,66
2025-02-18 23:00:00,SACSI Full,0.23658854875723653,0.01963302493095398,0.0,0.0,0.0,0.0,0.9996036797761917,66
2025-02-19 00:00:00,SACSI Full,0.23659348895470433,0.018482059240341187,0.0,0.0,0.0,0.0,0.999618849158287,66
2025-02-19 01:00:00,SACSI Full,0.2366190220602367,0.024659931659698486,0.0,0.0,0.0,0.0,0.9994450226426125,66
2025-02-19 02:00:00,SACSI Full,0.23692015368461744,0.015839487314224243,0.0,0.0,0.0,0.0,0.9995950058102608,66
2025-02-19 03:00:00,SACSI Full,0.23689708887100355,0.01858055591583252,0.0,0.0,0.0,0.0,0.9996009781956673,66
2025-02-19 04:00:00,SACSI Full,0.2368918704160068,0.03243446350097656,0.0,0.0,0.0,0.0,0.999212771654129,66
2025-02-19 05:00:00,SACSI Full,0.23747706862370307,0.018059462308883667,0.0,0.0,0.0,0.0,0.9994950607419014,66
2025-02-19 06:00:00,SACSI Full,0.23746913494587082,0.02311989665031433,0.0,0.0,0.0,0.0,0.9994869977235794,66
2025-02-19 07:00:00,SACSI Full,0.23744155057589347,0.03422468900680542,0.0,0.0,0.0,0.0,0.999204458296299,66
2025-02-19 08:00:00,SACSI Full,0.2374547023328159,0.1314455270767212,0.0,0.0,0.0,0.0,0.9963988810777664,66
2025-02-19 09:00:00,SACSI Full,0.2375836195158972,0.2681751549243927,0.0,0.0,0.0,0.0,0.9932692006230354,66
2025-02-19 10:00:00,SACSI Full,0.23732514034430324,0.2454562485218048,0.0,0.0,0.0,0.0,0.9948636859655381,66
2025-02-19 11:00:00,SACSI Full,0.23673056484858332,0.2126273512840271,0.0,0.0,0.0,0.0,0.9954191640019416,66
2025-02-19 12:00:00,SACSI Full,0.23574409371217228,0.12905865907669067,0.0,0.0,0.0,0.0,0.9965831398963928,66
2025-02-19 13:00:00,SACSI Full,0.23479762126604853,0.14105826616287231,0.0,0.0,0.0,0.0,0.9970588386058807,66
2025-02-19 14:00:00,SACSI Full,0.234067600175541,0.1719936728477478,0.0,0.0,0.0,0.0,0.9962507724761963,66
2025-02-19 15:00:00,SACSI Full,0.23365705962101757,0.1998378336429596,0.0,0.0,0.0,0.0,0.9957248017191888,66
2025-02-19 16:00:00,SACSI Full,0.23363200807253656,0.22198453545570374,0.0,0.0,0.0,0.0,0.9953388422727585,66
2025-02-19 17:00:00,SACSI Full,0.23381908971230325,0.09212449193000793,0.0,0.0,0.0,0.0,0.9968589097261429,66
2025-02-19 18:00:00,SACSI Full,0.23372017245610693,0.029824823141098022,0.0,0.0,0.0,0.0,0.9987805068492889,66
2025-02-19 19:00:00,SACSI Full,0.2336935315950725,0.026007741689682007,0.0,0.0,0.0,0.0,0.9994416743516922,66
2025-02-19 20:00:00,SACSI Full,0.23367450002908843,0.01979053020477295,0.0,0.0,0.0,0.0,0.9995420172810555,66
2025-02-19 21:00:00,SACSI Full,0.2336613588921243,0.021557658910751343,0.0,0.0,0.0,0.0,0.9995511755347252,66
2025-02-19 22:00:00,SACSI Full,0.2336728983171795,0.020461827516555786,0.0,0.0,0.0,0.0,0.999579805135727,66
2025-02-19 23:00:00,SACSI Full,0.23367272367398087,0.025447607040405273,0.0,0.0,0.0,0.0,0.9994411900639534,66
2025-02-20 00:00:00,SACSI Full,0.2336751291839296,0.01772165298461914,0.0,0.0,0.0,0.0,0.9995683073997498,66
2025-02-20 01:00:00,SACSI Full,0.23370853904326902,0.027022957801818848,0.0,0.0,0.0,0.0,0.9993665277957916,66
2025-02-20 02:00:00,SACSI Full,0.2336963739323631,0.02185046672821045,0.0,0.0,0.0,0.0,0.9995112657546996,66
2025-02-20 03:00:00,SACSI Full,0.23369605474790087,0.025404244661331177,0.0,0.0,0.0,0.0,0.9994563773274422,66
2025-02-20 04:00:00,SACSI Full,0.23369881414334132,0.026327818632125854,0.0,0.0,0.0,0.0,0.9994642078876496,66
2025-02-20 05:00:00,SACSI Full,0.23371888372103528,0.03152087330818176,0.0,0.0,0.0,0.0,0.9993176519870758,66
2025-02-20 06:00:00,SACSI Full,0.23371404501438298,0.02404838800430298,0.0,0.0,0.0,0.0,0.9994443073868751,66
2025-02-20 07:00:00,SACSI Full,0.23401199792146835,0.04038587212562561,0.0,0.0,0.0,0.0,0.9990289077162743,66
2025-02-20 08:00:00,SACSI Full,0.23430373515208713,0.11502116918563843,0.0,0.0,0.0,0.0,0.9969532236456872,66
2025-02-20 09:00:00,SACSI Full,0.23449841990312095,0.2624054253101349,0.0,0.0,0.0,0.0,0.9932780489325523,66
2025-02-20 10:00:00,SACSI Full,0.2348845579346036,0.28784140944480896,0.0,0.0,0.0,0.0,0.9939888119697571,66
2025-02-20 11:00:00,SACSI Full,0.23488242492914352,0.322360098361969,0.0,0.0,0.0,0.0,0.993207611143589,66
2025-02-20 12:00:00,SACSI Full,0.23500105401913476,0.1755887269973755,0.0,0.0,0.0,0.0,0.9950205117464065,66
2025-02-20 13:00:00,SACSI Full,0.23478798042535934,0.1930779218673706,0.0,0.0,0.0,0.0,0.9959635496139527,66
2025-02-20 14:00:00,SACSI Full,0.23415113709211502,0.17444700002670288,0.0,0.0,0.0,0.0,0.9963247507810593,66
2025-02-20 15:00:00,SACSI Full,0.23400301920016758,0.2530646324157715,0.0,0.0,0.0,0.0,0.9941525310277939,66
2025-02-20 16:00:00,SACSI Full,0.23402547033548507,0.22773534059524536,0.0,0.0,0.0,0.0,0.9951920002698897,66
2025-02-20 17:00:00,SACSI Full,0.23390693357706221,0.09193897247314453,0.0,0.0,0.0,0.0,0.9968032568693161,66
2025-02-20 18:00:00,SACSI Full,0.23382324653228276,0.04289388656616211,0.0,0.0,0.0,0.0,0.9986516714096069,66
2025-02-20 19:00:00,SACSI Full,0.23377393676599018,0.027707070112228394,0.0,0.0,0.0,0.0,0.9992939904332161,66
2025-02-20 20:00:00,SACSI Full,0.23374898198843155,0.018013566732406616,0.0,0.0,0.0,0.0,0.9995427936315536,66
2025-02-20 21:00:00,SACSI Full,0.23373507145484443,0.021326839923858643,0.0,0.0,0.0,0.0,0.9995403304696083,66
2025-02-20 22:00:00,SACSI Full,0.23374217877785522,0.01913219690322876,0.0,0.0,0.0,0.0,0.9995954096317292,66
2025-02-20 23:00:00,SACSI Full,0.23375530590454896,0.029438138008117676,0.0,0.0,0.0,0.0,0.9993081778287887,66
2025-02-21 00:00:00,SACSI Full,0.2343932507801072,0.01688346266746521,0.0,0.0,0.0,0.0,0.9995367839932442,66
2025-02-21 01:00:00,SACSI Full,0.23503439692179526,0.01784384250640869,0.0,0.0,0.0,0.0,0.9996335193514824,66
2025-02-21 02:00:00,SACSI Full,0.23501688726107445,0.02024710178375244,0.0,0.0,0.0,0.0,0.9995710253715515,66
2025-02-21 03:00:00,SACSI Full,0.2350188556361215,0.03459051251411438,0.0,0.0,0.0,0.0,0.999164755642414,66
2025-02-21 04:00:00,SACSI Full,0.23563110418717229,0.017674565315246582,0.0,0.0,0.0,0.0,0.9994773492217064,66
2025-02-21 05:00:00,SACSI Full,0.237215417531333,0.009294003248214722,0.0,0.0,0.0,0.0,0.9997303143143653,66
2025-02-21 06:00:00,SACSI Full,0.23847280404806298,0.011215955018997192,0.0,0.0,0.0,0.0,0.9997564613819123,66
2025-02-21 07:00:00,SACSI Full,0.23901628294388616,0.022543668746948242,0.0,0.0,0.0,0.0,0.9994358494877815,66
2025-02-21 08:00:00,SACSI Full,0.2394064938227352,0.04456326365470886,0.0,0.0,0.0,0.0,0.9988885387778282,66
2025-02-21 09:00:00,SACSI Full,0.24713370092153714,0.013662129640579224,0.0,0.0,0.0,0.0,0.9994177460670471,66
2025-02-21 10:00:00,SACSI Full,0.24706720005591876,0.14354974031448364,0.0,0.0,0.0,0.0,0.9958301290869712,66
2025-02-21 11:00:00,SACSI Full,0.24681909222126175,0.30806764960289,0.0,0.0,0.0,0.0,0.9921934679150581,66
2025-02-21 12:00:00,SACSI Full,0.24589338603337774,0.14728814363479614,0.0,0.0,0.0,0.0,0.9954464420676232,66
2025-02-21 13:00:00,SACSI Full,0.24480716678937445,0.09063422679901123,0.0,0.0,0.0,0.0,0.9976207762956619,66
2025-02-21 14:00:00,SACSI Full,0.2442678295222935,0.10369881987571716,0.0,0.0,0.0,0.0,0.9977953776717186,66
2025-02-21 15:00:00,SACSI Full,0.24415665169557102,0.1556466519832611,0.0,0.0,0.0,0.0,0.9963675886392593,66
2025-02-21 16:00:00,SACSI Full,0.2440231460531569,0.1724483072757721,0.0,0.0,0.0,0.0,0.9963830173015594,66
2025-02-21 17:00:00,SACSI Full,0.2438218474833187,0.07561042904853821,0.0,0.0,0.0,0.0,0.9975194126367569,66
2025-02-21 18:00:00,SACSI Full,0.24369118926366334,0.020302534103393555,0.0,0.0,0.0,0.0,0.9990408703684807,66
2025-02-21 19:00:00,SACSI Full,0.24362402916511064,0.013851970434188843,0.0,0.0,0.0,0.0,0.9996584549546242,66
2025-02-21 20:00:00,SACSI Full,0.24358279089530474,0.013128519058227539,0.0,0.0,0.0,0.0,0.9997301951050759,66
2025-02-21 21:00:00,SACSI Full,0.24354263643662302,0.013453662395477295,0.0,0.0,0.0,0.0,0.9997276753187179,66
2025-02-21 22:00:00,SACSI Full,0.2435015094288207,0.013161897659301758,0.0,0.0,0.0,0.0,0.9997338443994522,66
2025-02-21 23:00:00,SACSI Full,0.24347537050565254,0.017658323049545288,0.0,0.0,0.0,0.0,0.9996018692851066,66
2025-02-22 00:00:00,SACSI Full,0.2434277490750966,0.011213570833206177,0.0,0.0,0.0,0.0,0.9997112810611725,66
2025-02-22 01:00:00,SACSI Full,0.2433863503694552,0.013080388307571411,0.0,0.0,0.0,0.0,0.9997197240591049,66
2025-02-22 02:00:00,SACSI Full,0.2433526610279101,0.015393197536468506,0.0,0.0,0.0,0.0,0.9996690079569817,66
2025-02-22 03:00:00,SACSI Full,0.24331573018709998,0.014420747756958008,0.0,0.0,0.0,0.0,0.9997018605470657,66
2025-02-22 04:00:00,SACSI Full,0.24356084334532596,0.016033947467803955,0.0,0.0,0.0,0.0,0.9996631890535355,66
2025-02-22 05:00:00,SACSI Full,0.2451302172819791,0.004812180995941162,0.0,0.0,0.0,0.0,0.9997915387153626,66
2025-02-22 06:00:00,SACSI Full,0.24540811425368161,0.017369091510772705,0.0,0.0,0.0,0.0,0.9995270490646363,66
2025-02-22 07:00:00,SACSI Full,0.2459392842936533,0.018851011991500854,0.0,0.0,0.0,0.0,0.9996081605553627,66
2025-02-22 08:00:00,SACSI Full,0.24579510267098917,0.06724551320075989,0.0,0.0,0.0,0.0,0.9981711447238922,66
2025-02-22 09:00:00,SACSI Full,0.24564843784729812,0.15150055289268494,0.0,0.0,0.0,0.0,0.996127438545227,66
2025-02-22 10:00:00,SACSI Full,0.24537889165163213,0.20813614130020142,0.0,0.0,0.0,0.0,0.9952709212899208,66
2025-02-22 11:00:00,SACSI Full,0.2451771260682759,0.25397032499313354,0.0,0.0,0.0,0.0,0.994462251663208,66
2025-02-22 12:00:00,SACSI Full,0.24479535144329242,0.2169676125049591,0.0,0.0,0.0,0.0,0.995290620625019,66
2025-02-22 13:00:00,SACSI Full,0.24430813722928538,0.16833573579788208,0.0,0.0,0.0,0.0,0.9961469665169717,66
2025-02-22 14:00:00,SACSI Full,0.24410066185474566,0.20975738763809204,0.0,0.0,0.0,0.0,0.995390635728836,66
2025-02-22 15:00:00,SACSI Full,0.24377934932470496,0.1671062409877777,0.0,0.0,0.0,0.0,0.9962313637137412,66
2025-02-22 16:00:00,SACSI Full,0.24560986001650667,0.019153207540512085,0.0,0.0,0.0,0.0,0.9981374055147171,66
2025-02-22 17:00:00,SACSI Full,0.24603276460806703,0.02037137746810913,0.0,0.0,0.0,0.0,0.9995803907513618,66
2025-02-22 18:00:00,SACSI Full,0.2462389874569592,0.012866854667663574,0.0,0.0,0.0,0.0,0.9996676176786422,66
2025-02-22 19:00:00,SACSI Full,0.2461869229968406,0.009880661964416504,0.0,0.0,0.0,0.0,0.9997725248336792,66
2025-02-22 20:00:00,SACSI Full,0.24617173172553555,0.012442618608474731,0.0,0.0,0.0,0.0,0.9997255280613899,66
2025-02-22 21:00:00,SACSI Full,0.24615539455493465,0.012098848819732666,0.0,0.0,0.0,0.0,0.9997545853257179,66
2025-02-22 22:00:00,SACSI Full,0.24611031029542466,0.011974722146987915,0.0,0.0,0.0,0.0,0.9997592642903328,66
2025-02-22 23:00:00,SACSI Full,0.24609247456471303,0.011649280786514282,0.0,0.0,0.0,0.0,0.999763759970665,66
2025-02-23 00:00:00,SACSI Full,0.24607255366484504,0.011023730039596558,0.0,0.0,0.0,0.0,0.999773269891739,66
2025-02-23 01:00:00,SACSI Full,0.24605338477691197,0.011249333620071411,0.0,0.0,0.0,0.0,0.9997727572917938,66
2025-02-23 02:00:00,SACSI Full,0.24603711118459884,0.012117922306060791,0.0,0.0,0.0,0.0,0.9997489556670189,66
2025-02-23 03:00:00,SACSI Full,0.24963287285963878,0.004228502511978149,0.0,0.0,0.0,0.0,0.9998365357518196,66
2025-02-23 04:00:00,SACSI Full,0.2499359523312269,0.00792384147644043,0.0,0.0,0.0,0.0,0.9998045697808265,66
2025-02-23 05:00:00,SACSI Full,0.25153213918606626,0.004356056451797485,0.0,0.0,0.0,0.0,0.9998772010207176,66
2025-02-23 06:00:00,SACSI Full,0.2517780900549907,0.0077852606773376465,0.0,0.0,0.0,0.0,0.9998100027441978,66
2025-02-23 07:00:00,SACSI Full,0.2516799499114372,0.02155795693397522,0.0,0.0,0.0,0.0,0.999431113898754,66
2025-02-23 08:00:00,SACSI Full,0.2514312860139229,0.06140083074569702,0.0,0.0,0.0,0.0,0.9983735546469689,66
2025-02-23 09:00:00,SACSI Full,0.2512440241328893,0.18182143568992615,0.0,0.0,0.0,0.0,0.9951593652367592,66
2025-02-23 10:00:00,SACSI Full,0.250869036789737,0.19350379705429077,0.0,0.0,0.0,0.0,0.9960131004452706,66
2025-02-23 11:00:00,SACSI Full,0.2502437627522169,0.16091778874397278,0.0,0.0,0.0,0.0,0.9964557841420173,66
2025-02-23 12:00:00,SACSI Full,0.24936199075381144,0.10946840047836304,0.0,0.0,0.0,0.0,0.9972961381077766,66
2025-02-23 13:00:00,SACSI Full,0.2484856266522426,0.10259076952934265,0.0,0.0,0.0,0.0,0.9978794082999229,66
2025-02-23 14:00:00,SACSI Full,0.24787954536279225,0.07517561316490173,0.0,0.0,0.0,0.0,0.9982223361730576,66
2025-02-23 15:00:00,SACSI Full,0.24740040814320427,0.13675883412361145,0.0,0.0,0.0,0.0,0.9966489911079407,66
2025-02-23 16:00:00,SACSI Full,0.24705895603418532,0.11856436729431152,0.0,0.0,0.0,0.0,0.9974467679858208,66
2025-02-23 17:00:00,SACSI Full,0.246801322631043,0.05870997905731201,0.0,0.0,0.0,0.0,0.9982272565364837,66
2025-02-23 18:00:00,SACSI Full,0.2466592719769496,0.016884803771972656,0.0,0.0,0.0,0.0,0.9992440521717072,66
2025-02-23 19:00:00,SACSI Full,0.24658953546762646,0.013079047203063965,0.0,0.0,0.0,0.0,0.9997003614902497,66
2025-02-23 20:00:00,SACSI Full,0.24654035736243113,0.010746568441390991,0.0,0.0,0.0,0.0,0.9997617438435555,66
2025-02-23 21:00:00,SACSI Full,0.24647516769409358,0.01444309949874878,0.0,0.0,0.0,0.0,0.9996741726994514,66
2025-02-23 22:00:00,SACSI Full,0.2480434697405515,0.00449061393737793,0.0,0.0,0.0,0.0,0.9998106628656387,66
2025-02-23 23:00:00,SACSI Full,0.24961110222816643,0.004289746284484863,0.0,0.0,0.0,0.0,0.9999121963977814,66
2025-02-24 00:00:00,SACSI Full,0.24954182616472417,0.013217180967330933,0.0,0.0,0.0,0.0,0.9996463820338249,66
2025-02-24 01:00:00,SACSI Full,0.25041943216324025,0.005781799554824829,0.0,0.0,0.0,0.0,0.9998100101947784,66
2025-02-24 02:00:00,SACSI Full,0.25065281115373145,0.012513697147369385,0.0,0.0,0.0,0.0,0.9996824070811271,66
2025-02-24 03:00:00,SACSI Full,0.250904134884677,0.009397119283676147,0.0,0.0,0.0,0.0,0.9997808918356895,66
2025-02-24 04:00:00,SACSI Full,0.2511615293486929,0.011218339204788208,0.0,0.0,0.0,0.0,0.9997574210166931,66
2025-02-24 05:00:00,SACSI Full,0.2510919771170632,0.01313433051109314,0.0,0.0,0.0,0.0,0.9997181534767151,66
2025-02-24 06:00:00,SACSI Full,0.2510261029887215,0.014237761497497559,0.0,0.0,0.0,0.0,0.999704210460186,66
2025-02-24 07:00:00,SACSI Full,0.251533472397329,0.011710822582244873,0.0,0.0,0.0,0.0,0.9997405141592026,66
2025-02-24 08:00:00,SACSI Full,0.2519229119269069,0.02733185887336731,0.0,0.0,0.0,0.0,0.9992971524596214,66
2025-02-24 09:00:00,SACSI Full,0.2516860513679202,0.12444183230400085,0.0,0.0,0.0,0.0,0.9965400636196137,66
2025-02-24 10:00:00,SACSI Full,0.25130609972000284,0.18351450562477112,0.0,0.0,0.0,0.0,0.9957389831542969,66
2025-02-24 11:00:00,SACSI Full,0.2504943034116443,0.0879611074924469,0.0,0.0,0.0,0.0,0.9972852438688279,66
2025-02-24 12:00:00,SACSI Full,0.24945711604436396,0.05434378981590271,0.0,0.0,0.0,0.0,0.9985769510269165,66
2025-02-24 13:00:00,SACSI Full,0.2484253370706256,0.04746630787849426,0.0,0.0,0.0,0.0,0.998981899023056,66
2025-02-24 14:00:00,SACSI Full,0.24762729456822238,0.07508724927902222,0.0,0.0,0.0,0.0,0.9982220456004143,66
2025-02-24 15:00:00,SACSI Full,0.24703487027724744,0.10277271270751953,0.0,0.0,0.0,0.0,0.9976676911115646,66
2025-02-24 16:00:00,SACSI Full,0.2467112310163196,0.12390822172164917,0.0,0.0,0.0,0.0,0.9973104804754258,66
2025-02-24 17:00:00,SACSI Full,0.2464549233198182,0.059107691049575806,0.0,0.0,0.0,0.0,0.9981698408722878,66
2025-02-24 18:00:00,SACSI Full,0.24631984889269035,0.01897767186164856,0.0,0.0,0.0,0.0,0.9992191463708878,66
2025-02-24 19:00:00,SACSI Full,0.24625402493159135,0.014252811670303345,0.0,0.0,0.0,0.0,0.9996676951646806,66
2025-02-24 20:00:00,SACSI Full,0.2461558507808065,0.013047754764556885,0.0,0.0,0.0,0.0,0.9997269943356514,66
2025-02-24 21:00:00,SACSI Full,0.24605980103890257,0.013685077428817749,0.0,0.0,0.0,0.0,0.999719925224781,66
2025-02-24 22:00:00,SACSI Full,0.2459741935340579,0.016817748546600342,0.0,0.0,0.0,0.0,0.9996323183178902,66
2025-02-24 23:00:00,SACSI Full,0.24588333982706223,0.015243887901306152,0.0,0.0,0.0,0.0,0.9996793836355209,66
2025-02-25 00:00:00,SACSI Full,0.2458226875623082,0.015804320573806763,0.0,0.0,0.0,0.0,0.9996783092617988,66
2025-02-25 01:00:00,SACSI Full,0.24611005796432645,0.01171112060546875,0.0,0.0,0.0,0.0,0.9997248455882073,66
2025-02-25 02:00:00,SACSI Full,0.24637246964931633,0.01272350549697876,0.0,0.0,0.0,0.0,0.9997354060411453,66
2025-02-25 03:00:00,SACSI Full,0.24627754494508253,0.014022588729858398,0.0,0.0,0.0,0.0,0.9997065573930741,66
2025-02-25 04:00:00,SACSI Full,0.24623923276662973,0.014006346464157104,0.0,0.0,0.0,0.0,0.9997197106480599,66
2025-02-25 05:00:00,SACSI Full,0.24619967137416354,0.013631582260131836,0.0,0.0,0.0,0.0,0.9997236207127571,66
2025-02-25 06:00:00,SACSI Full,0.24616999640544407,0.016597509384155273,0.0,0.0,0.0,0.0,0.9996383905410767,66
2025-02-25 07:00:00,SACSI Full,0.24638512094259413,0.02403736114501953,0.0,0.0,0.0,0.0,0.999444854259491,66
2025-02-25 08:00:00,SACSI Full,0.2462145033669487,0.08481472730636597,0.0,0.0,0.0,0.0,0.9976959317922592,66
2025-02-25 09:00:00,SACSI Full,0.2461212203947718,0.2015151083469391,0.0,0.0,0.0,0.0,0.9948026940226555,66
2025-02-25 10:00:00,SACSI Full,0.24564434533437246,0.179937481880188,0.0,0.0,0.0,0.0,0.9961854740977287,66
2025-02-25 11:00:00,SACSI Full,0.24472720890681102,0.09885907173156738,0.0,0.0,0.0,0.0,0.9972120344638825,66
2025-02-25 12:00:00,SACSI Full,0.24366257055203272,0.08010849356651306,0.0,0.0,0.0,0.0,0.9982103243470193,66
2025-02-25 13:00:00,SACSI Full,0.24266954002698418,0.07609084248542786,0.0,0.0,0.0,0.0,0.9984380066394806,66
2025-02-25 14:00:00,SACSI Full,0.24182075903654252,0.07686570286750793,0.0,0.0,0.0,0.0,0.9984549373388291,66
2025-02-25 15:00:00,SACSI Full,0.24125523206949387,0.1193419098854065,0.0,0.0,0.0,0.0,0.9971883997321129,66
2025-02-25 16:00:00,SACSI Full,0.24116475349585367,0.20235642790794373,0.0,0.0,0.0,0.0,0.9951227262616157,66
2025-02-25 17:00:00,SACSI Full,0.24095072486400756,0.07179141044616699,0.0,0.0,0.0,0.0,0.9972585216164589,66
2025-02-25 18:00:00,SACSI Full,0.24082371196508562,0.021396130323410034,0.0,0.0,0.0,0.0,0.9990681245923042,66
2025-02-25 19:00:00,SACSI Full,0.2407659306573883,0.016665607690811157,0.0,0.0,0.0,0.0,0.9996193826198577,66
2025-02-25 20:00:00,SACSI Full,0.24072999968449427,0.014720708131790161,0.0,0.0,0.0,0.0,0.999686136841774,66
2025-02-25 21:00:00,SACSI Full,0.24070228968223092,0.017186999320983887,0.0,0.0,0.0,0.0,0.9996315971016884,66
2025-02-25 22:00:00,SACSI Full,0.24096517721096825,0.01286625862121582,0.0,0.0,0.0,0.0,0.999699467420578,66
2025-02-25 23:00:00,SACSI Full,0.24122979575793096,0.013385564088821411,0.0,0.0,0.0,0.0,0.9997270956635476,66
2025-02-26 00:00:00,SACSI Full,0.24117751695235715,0.0183163583278656,0.0,0.0,0.0,0.0,0.9995843648910523,66
2025-02-26 01:00:00,SACSI Full,0.2411148150157943,0.02368941903114319,0.0,0.0,0.0,0.0,0.9994724810123444,66
2025-02-26 02:00:00,SACSI Full,0.24106577522595865,0.019288063049316406,0.0,0.0,0.0,0.0,0.9995702251791954,66
2025-02-26 03:00:00,SACSI Full,0.24102422674656054,0.02153545618057251,0.0,0.0,0.0,0.0,0.999546816945076,66
2025-02-26 04:00:00,SACSI Full,0.2409971130220109,0.025865882635116577,0.0,0.0,0.0,0.0,0.9994393780827522,66
2025-02-26 05:00:00,SACSI Full,0.24096310304006077,0.02379700541496277,0.0,0.0,0.0,0.0,0.9995033711194993,66
2025-02-26 06:00:00,SACSI Full,0.24092790218989188,0.03193974494934082,0.0,0.0,0.0,0.0,0.9992797777056694,66
2025-02-26 07:00:00,SACSI Full,0.24088251139481998,0.04588276147842407,0.0,0.0,0.0,0.0,0.9989429146051407,66
2025-02-26 08:00:00,SACSI Full,0.2408635312811547,0.12180596590042114,0.0,0.0,0.0,0.0,0.9968046486377715,66
2025-02-26 09:00:00,SACSI Full,0.24104991562287148,0.2429153025150299,0.0,0.0,0.0,0.0,0.9939306005835533,66
2025-02-26 10:00:00,SACSI Full,0.24139802842458224,0.31693384051322937,0.0,0.0,0.0,0.0,0.9929211378097534,66
2025-02-26 11:00:00,SACSI Full,0.24159408970912433,0.3053183853626251,0.0,0.0,0.0,0.0,0.9937774777412415,66
2025-02-26 12:00:00,SACSI Full,0.2417331378579153,0.3137144446372986,0.0,0.0,0.0,0.0,0.9936417505145073,66
2025-02-26 13:00:00,SACSI Full,0.24168219692945614,0.26521772146224976,0.0,0.0,0.0,0.0,0.9942106783390044,66
2025-02-26 14:00:00,SACSI Full,0.2415142084415767,0.19610345363616943,0.0,0.0,0.0,0.0,0.9953867882490158,66
2025-02-26 15:00:00,SACSI Full,0.24138735441208017,0.18294379115104675,0.0,0.0,0.0,0.0,0.9962095275521279,66
2025-02-26 16:00:00,SACSI Full,0.24122081356287134,0.07753774523735046,0.0,0.0,0.0,0.0,0.9973951846361161,66
2025-02-26 17:00:00,SACSI Full,0.24108814957857264,0.053700804710388184,0.0,0.0,0.0,0.0,0.9986876145005226,66
2025-02-26 18:00:00,SACSI Full,0.24098917371114226,0.029807239770889282,0.0,0.0,0.0,0.0,0.9991649195551872,66
2025-02-26 19:00:00,SACSI Full,0.24093914498090874,0.0189913809299469,0.0,0.0,0.0,0.0,0.9995120137929917,66
2025-02-26 20:00:00,SACSI Full,0.24088861457824834,0.018840879201889038,0.0,0.0,0.0,0.0,0.9996216773986817,66
2025-02-26 21:00:00,SACSI Full,0.24083552961985394,0.018074512481689453,0.0,0.0,0.0,0.0,0.9996308460831642,66
2025-02-26 22:00:00,SACSI Full,0.24079712131182476,0.02247750759124756,0.0,0.0,0.0,0.0,0.9995064198970796,66
2025-02-26 23:00:00,SACSI Full,0.24074902625560882,0.01957148313522339,0.0,0.0,0.0,0.0,0.9995795100927353,66
2025-02-27 00:00:00,SACSI Full,0.24069623087644695,0.018161386251449585,0.0,0.0,0.0,0.0,0.9996226713061334,66
2025-02-27 01:00:00,SACSI Full,0.24065248497247813,0.02087622880935669,0.0,0.0,0.0,0.0,0.9995553269982338,66
2025-02-27 02:00:00,SACSI Full,0.24061219117085253,0.0219118595123291,0.0,0.0,0.0,0.0,0.9995514065027237,66
2025-02-27 03:00:00,SACSI Full,0.24057235731840246,0.02204984426498413,0.0,0.0,0.0,0.0,0.9995576232671738,66
2025-02-27 04:00:00,SACSI Full,0.24054932479063784,0.01859024167060852,0.0,0.0,0.0,0.0,0.999593599140644,66
2025-02-27 05:00:00,SACSI Full,0.24054130865971365,0.023095160722732544,0.0,0.0,0.0,0.0,0.9994930475950241,66
2025-02-27 06:00:00,SACSI Full,0.24052228676239765,0.0282934308052063,0.0,0.0,0.0,0.0,0.9993821486830712,66
2025-02-27 07:00:00,SACSI Full,0.24051042185862972,0.047440528869628906,0.0,0.0,0.0,0.0,0.9988597184419632,66
2025-02-27 08:00:00,SACSI Full,0.24054790197928863,0.14724403619766235,0.0,0.0,0.0,0.0,0.9960570842027664,66
2025-02-27 09:00:00,SACSI Full,0.24076409450133757,0.30285775661468506,0.0,0.0,0.0,0.0,0.9923867076635361,66
2025-02-27 10:00:00,SACSI Full,0.24035874080975966,0.1928938925266266,0.0,0.0,0.0,0.0,0.9950424835085869,66
2025-02-27 11:00:00,SACSI Full,0.2395118928941103,0.12844562530517578,0.0,0.0,0.0,0.0,0.996786604821682,66
2025-02-27 12:00:00,SACSI Full,0.23841892964999,0.08011102676391602,0.0,0.0,0.0,0.0,0.9979144334793091,66
2025-02-27 13:00:00,SACSI Full,0.23729539144118747,0.07943853735923767,0.0,0.0,0.0,0.0,0.9984045043587685,66
2025-02-27 14:00:00,SACSI Full,0.23635115698655568,0.09922966361045837,0.0,0.0,0.0,0.0,0.9978174954652786,66
2025-02-27 15:00:00,SACSI Full,0.23573740807215496,0.13037532567977905,0.0,0.0,0.0,0.0,0.9970810368657113,66
2025-02-27 16:00:00,SACSI Full,0.23570761474291604,0.21206200122833252,0.0,0.0,0.0,0.0,0.9949418932199479,66
2025-02-27 17:00:00,SACSI Full,0.23556913350820666,0.09445562958717346,0.0,0.0,0.0,0.0,0.9969348236918449,66
2025-02-27 18:00:00,SACSI Full,0.23547878789663437,0.03239631652832031,0.0,0.0,0.0,0.0,0.9987314805388451,66
2025-02-27 19:00:00,SACSI Full,0.23542817007382832,0.018814653158187866,0.0,0.0,0.0,0.0,0.9994878903031349,66
2025-02-27 20:00:00,SACSI Full,0.2354013079476369,0.017441362142562866,0.0,0.0,0.0,0.0,0.9996374398469925,66
2025-02-27 21:00:00,SACSI Full,0.2353822490628573,0.019782334566116333,0.0,0.0,0.0,0.0,0.9995809435844422,66
2025-02-27 22:00:00,SACSI Full,0.23536026458342998,0.018904656171798706,0.0,0.0,0.0,0.0,0.9996131300926209,66
2025-02-27 23:00:00,SACSI Full,0.23532964041074247,0.016312748193740845,0.0,0.0,0.0,0.0,0.9996478259563446,66
2025-02-28 00:00:00,SACSI Full,0.2353204903014514,0.022754967212677002,0.0,0.0,0.0,0.0,0.9994804784655571,66
2025-02-28 01:00:00,SACSI Full,0.2353331701620433,0.02080395817756653,0.0,0.0,0.0,0.0,0.9995644107460976,66
2025-02-28 02:00:00,SACSI Full,0.23534867577950294,0.02165168523788452,0.0,0.0,0.0,0.0,0.9995584890246392,66
2025-02-28 03:00:00,SACSI Full,0.23536991983413832,0.02337321639060974,0.0,0.0,0.0,0.0,0.9995153203606606,66
2025-02-28 04:00:00,SACSI Full,0.23538181688706217,0.02056911587715149,0.0,0.0,0.0,0.0,0.9995605766773225,66
2025-02-28 05:00:00,SACSI Full,0.2353747335688287,0.023375004529953003,0.0,0.0,0.0,0.0,0.999504441022873,66
2025-02-28 06:00:00,SACSI Full,0.23539393318414828,0.02275988459587097,0.0,0.0,0.0,0.0,0.9995386511087418,66
2025-02-28 07:00:00,SACSI Full,0.23539993030230344,0.05279913544654846,0.0,0.0,0.0,0.0,0.9986436247825623,66
2025-02-28 08:00:00,SACSI Full,0.2355103915747021,0.17763838171958923,0.0,0.0,0.0,0.0,0.9951988399028777,66
2025-02-28 09:00:00,SACSI Full,0.23579105767885986,0.3306998312473297,0.0,0.0,0.0,0.0,0.9918553888797761,66
2025-02-28 10:00:00,SACSI Full,0.23551535028139894,0.24028778076171875,0.0,0.0,0.0,0.0,0.9942901238799096,66
2025-02-28 11:00:00,SACSI Full,0.23489096925179312,0.19518569111824036,0.0,0.0,0.0,0.0,0.9956452652812005,66
2025-02-28 12:00:00,SACSI Full,0.233838019796214,0.11761516332626343,0.0,0.0,0.0,0.0,0.9968719914555549,66
2025-02-28 13:00:00,SACSI Full,0.2327070247809107,0.08570149540901184,0.0,0.0,0.0,0.0,0.9979668334126472,66
2025-02-28 14:00:00,SACSI Full,0.23176667926391115,0.10889634490013123,0.0,0.0,0.0,0.0,0.9975901246070862,66
2025-02-28 15:00:00,SACSI Full,0.23140068993568566,0.2217032015323639,0.0,0.0,0.0,0.0,0.9944378674030304,66
2025-02-28 16:00:00,SACSI Full,0.23155860646565904,0.3023749589920044,0.0,0.0,0.0,0.0,0.9931457832455636,66
2025-02-28 17:00:00,SACSI Full,0.2316714665595705,0.18685802817344666,0.0,0.0,0.0,0.0,0.9951076701283454,66
2025-02-28 18:00:00,SACSI Full,0.23160840493997084,0.05758151412010193,0.0,0.0,0.0,0.0,0.9975556045770645,66
2025-02-28 19:00:00,SACSI Full,0.23153849206606694,0.030026137828826904,0.0,0.0,0.0,0.0,0.9991239234805107,66
2025-02-28 20:00:00,SACSI Full,0.23154205662091723,0.026569366455078125,0.0,0.0,0.0,0.0,0.999434044957161,66
2025-02-28 21:00:00,SACSI Full,0.23154654703458302,0.026847124099731445,0.0,0.0,0.0,0.0,0.9994602799415588,66
2025-02-28 22:00:00,SACSI Full,0.23153272762934515,0.029854178428649902,0.0,0.0,0.0,0.0,0.9993728458881378,66
2025-02-28 23:00:00,SACSI Full,0.23150978523651905,0.027117282152175903,0.0,0.0,0.0,0.0,0.9994302853941917,66
2025-03-01 00:00:00,SACSI Full,0.23152728337049633,0.03074944019317627,0.0,0.0,0.0,0.0,0.9993486896157264,66
2025-03-01 01:00:00,SACSI Full,0.23153639662106984,0.028233975172042847,0.0,0.0,0.0,0.0,0.9994101658463478,66
2025-03-01 02:00:00,SACSI Full,0.23154902753909581,0.029289275407791138,0.0,0.0,0.0,0.0,0.9994036614894867,66
2025-03-01 03:00:00,SACSI Full,0.2315360873023684,0.030117928981781006,0.0,0.0,0.0,0.0,0.9993893548846244,66
2025-03-01 04:00:00,SACSI Full,0.23153579417785158,0.033912062644958496,0.0,0.0,0.0,0.0,0.999283817410469,66
2025-03-01 05:00:00,SACSI Full,0.23153644330342757,0.034194737672805786,0.0,0.0,0.0,0.0,0.9993132784962654,66
2025-03-01 06:00:00,SACSI Full,0.23154443274100767,0.03639683127403259,0.0,0.0,0.0,0.0,0.9992500424385071,66
2025-03-01 07:00:00,SACSI Full,0.23161005013307082,0.07918521761894226,0.0,0.0,0.0,0.0,0.9979884117841721,66
2025-03-01 08:00:00,SACSI Full,0.23196711118459845,0.26861831545829773,0.0,0.0,0.0,0.0,0.9927333027124405,66
2025-03-01 09:00:00,SACSI Full,0.23264411734660612,0.4666018486022949,0.0,0.0,0.0,0.0,0.9886881276965142,66
2025-03-01 10:00:00,SACSI Full,0.23260523254553622,0.34533455967903137,0.0,0.0,0.0,0.0,0.9918806359171867,66
2025-03-01 11:00:00,SACSI Full,0.23185669146140564,0.20893767476081848,0.0,0.0,0.0,0.0,0.9944572776556015,66
2025-03-01 12:00:00,SACSI Full,0.23079922489881663,0.15026003122329712,0.0,0.0,0.0,0.0,0.9964080229401588,66
2025-03-01 13:00:00,SACSI Full,0.22962791919390507,0.10760828852653503,0.0,0.0,0.0,0.0,0.9974213168025017,66
2025-03-01 14:00:00,SACSI Full,0.2286820899812395,0.14125123620033264,0.0,0.0,0.0,0.0,0.9968385457992553,66
2025-03-01 15:00:00,SACSI Full,0.22836697738806555,0.2624662220478058,0.0,0.0,0.0,0.0,0.9935385257005691,66
2025-03-01 16:00:00,SACSI Full,0.2285493089397763,0.32669946551322937,0.0,0.0,0.0,0.0,0.9928236782550811,66
2025-03-01 17:00:00,SACSI Full,0.22854146114985294,0.167645663022995,0.0,0.0,0.0,0.0,0.9950565487146377,66
2025-03-01 18:00:00,SACSI Full,0.228518316264154,0.06955653429031372,0.0,0.0,0.0,0.0,0.9976279780268669,66
2025-03-01 19:00:00,SACSI Full,0.2285226856788014,0.052310824394226074,0.0,0.0,0.0,0.0,0.9987813264131546,66
2025-03-01 20:00:00,SACSI Full,0.22853194744428146,0.02827852964401245,0.0,0.0,0.0,0.0,0.9991941064596177,66
2025-03-01 21:00:00,SACSI Full,0.22853018433729957,0.024971067905426025,0.0,0.0,0.0,0.0,0.9994675040245056,66
2025-03-01 22:00:00,SACSI Full,0.22854582628329748,0.030192583799362183,0.0,0.0,0.0,0.0,0.9993439331650734,66
2025-03-01 23:00:00,SACSI Full,0.228565840726695,0.03150433301925659,0.0,0.0,0.0,0.0,0.999356795847416,66
2025-03-02 00:00:00,SACSI Full,0.22855344289223506,0.030280649662017822,0.0,0.0,0.0,0.0,0.9993821501731872,66
2025-03-02 01:00:00,SACSI Full,0.22857347472032066,0.03150954842567444,0.0,0.0,0.0,0.0,0.9993575200438499,66
2025-03-02 02:00:00,SACSI Full,0.22862499419212498,0.04095584154129028,0.0,0.0,0.0,0.0,0.9990864202380181,66
2025-03-02 03:00:00,SACSI Full,0.2286776076404269,0.04978403449058533,0.0,0.0,0.0,0.0,0.9989160373806953,66
2025-03-02 04:00:00,SACSI Full,0.22872034062544658,0.04681989550590515,0.0,0.0,0.0,0.0,0.999033960700035,66
2025-03-02 05:00:00,SACSI Full,0.22874993277311476,0.042877644300460815,0.0,0.0,0.0,0.0,0.9991030246019363,66
2025-03-02 06:00:00,SACSI Full,0.2288409842634216,0.061315447092056274,0.0,0.0,0.0,0.0,0.9985893130302429,66
2025-03-02 07:00:00,SACSI Full,0.22891517204125872,0.09025633335113525,0.0,0.0,0.0,0.0,0.9979054644703865,66
2025-03-02 08:00:00,SACSI Full,0.2293748506673192,0.30790358781814575,0.0,0.0,0.0,0.0,0.9916654556989669,66
2025-03-02 09:00:00,SACSI Full,0.23062154954592534,0.6545096635818481,0.0,0.0,0.0,0.0,0.983443745970726,66
2025-03-02 10:00:00,SACSI Full,0.23137918826739137,0.6182916164398193,0.0,0.0,0.0,0.0,0.9872719871997833,66
2025-03-02 11:00:00,SACSI Full,0.23104869177580023,0.3513510525226593,0.0,0.0,0.0,0.0,0.9903035733103752,66
2025-03-02 12:00:00,SACSI Full,0.22992577676137435,0.16462549567222595,0.0,0.0,0.0,0.0,0.9948402345180511,66
2025-03-02 13:00:00,SACSI Full,0.22888347832203057,0.1633104681968689,0.0,0.0,0.0,0.0,0.996720640361309,66
2025-03-02 14:00:00,SACSI Full,0.22808526914994065,0.21103724837303162,0.0,0.0,0.0,0.0,0.9953019872307778,66
2025-03-02 15:00:00,SACSI Full,0.2278986368179336,0.3180103003978729,0.0,0.0,0.0,0.0,0.9925700634717941,66
2025-03-02 16:00:00,SACSI Full,0.22866476768493796,0.5103392601013184,0.0,0.0,0.0,0.0,0.9878699252009392,66
2025-03-02 17:00:00,SACSI Full,0.22901613771756635,0.2754110097885132,0.0,0.0,0.0,0.0,0.9921424973011017,66
2025-03-02 18:00:00,SACSI Full,0.22906611431996174,0.09149298071861267,0.0,0.0,0.0,0.0,0.9963309600949288,66
2025-03-02 19:00:00,SACSI Full,0.22912459259987022,0.06004348397254944,0.0,0.0,0.0,0.0,0.9984846353530884,66
2025-03-02 20:00:00,SACSI Full,0.22912779532194283,0.017960816621780396,0.0,0.0,0.0,0.0,0.9992199569940566,66
2025-03-02 21:00:00,SACSI Full,0.22914570350329228,0.022372454404830933,0.0,0.0,0.0,0.0,0.9995084345340729,66
2025-03-02 22:00:00,SACSI Full,0.2291619412644719,0.021871328353881836,0.0,0.0,0.0,0.0,0.9995575621724129,66
2025-03-02 23:00:00,SACSI Full,0.22916576834519853,0.01814812421798706,0.0,0.0,0.0,0.0,0.9995998054742813,66
2025-03-03 00:00:00,SACSI Full,0.22919753708998514,0.02653062343597412,0.0,0.0,0.0,0.0,0.9993855625391007,66
2025-03-03 01:00:00,SACSI Full,0.22921327417214865,0.02172112464904785,0.0,0.0,0.0,0.0,0.9995174825191497,66
2025-03-03 02:00:00,SACSI Full,0.22926926154295757,0.02529621124267578,0.0,0.0,0.0,0.0,0.9994583249092102,66
2025-03-03 03:00:00,SACSI Full,0.22933575770934578,0.02844884991645813,0.0,0.0,0.0,0.0,0.999399496614933,66
2025-03-03 04:00:00,SACSI Full,0.229394253442289,0.026048719882965088,0.0,0.0,0.0,0.0,0.9994550243020057,66
2025-03-03 05:00:00,SACSI Full,0.2294615423504527,0.02868667244911194,0.0,0.0,0.0,0.0,0.9993998870253563,66
2025-03-03 06:00:00,SACSI Full,0.2295200018239037,0.02603784203529358,0.0,0.0,0.0,0.0,0.999452754855156,66
2025-03-03 07:00:00,SACSI Full,0.2295771529070552,0.05964532494544983,0.0,0.0,0.0,0.0,0.9984710186719894,66
2025-03-03 08:00:00,SACSI Full,0.22990217699289478,0.24200722575187683,0.0,0.0,0.0,0.0,0.9933362364768982,66
2025-03-03 09:00:00,SACSI Full,0.23063334318081696,0.47434985637664795,0.0,0.0,0.0,0.0,0.9881895765662193,66
2025-03-03 10:00:00,SACSI Full,0.23089491324186484,0.4269710183143616,0.0,0.0,0.0,0.0,0.99098679125309,66
2025-03-03 11:00:00,SACSI Full,0.23020669431050778,0.21853432059288025,0.0,0.0,0.0,0.0,0.9935449466109276,66
2025-03-03 12:00:00,SACSI Full,0.22943866022110143,0.22858977317810059,0.0,0.0,0.0,0.0,0.9953276500105858,66
2025-03-03 13:00:00,SACSI Full,0.22842529689073718,0.1549910008907318,0.0,0.0,0.0,0.0,0.9961641922593117,66
2025-03-03 14:00:00,SACSI Full,0.22763711252610047,0.18854469060897827,0.0,0.0,0.0,0.0,0.995893569290638,66
2025-03-03 15:00:00,SACSI Full,0.22732198999881903,0.262463241815567,0.0,0.0,0.0,0.0,0.9940115496516228,66
2025-03-03 16:00:00,SACSI Full,0.2278990515891727,0.43661847710609436,0.0,0.0,0.0,0.0,0.9895260781049728,66
2025-03-03 17:00:00,SACSI Full,0.22800780343294302,0.18562555313110352,0.0,0.0,0.0,0.0,0.993777559697628,66
2025-03-03 18:00:00,SACSI Full,0.22799784809589543,0.05651339888572693,0.0,0.0,0.0,0.0,0.9975786104798317,66
2025-03-03 19:00:00,SACSI Full,0.22799930910349053,0.025938302278518677,0.0,0.0,0.0,0.0,0.9991754829883576,66
2025-03-03 20:00:00,SACSI Full,0.2280565208530442,0.025663524866104126,0.0,0.0,0.0,0.0,0.9994839817285538,66
2025-03-03 21:00:00,SACSI Full,0.2281020043953276,0.022145062685012817,0.0,0.0,0.0,0.0,0.9995219141244888,66
2025-03-03 22:00:00,SACSI Full,0.2281568736823416,0.02496078610420227,0.0,0.0,0.0,0.0,0.9994726270437241,66
2025-03-03 23:00:00,SACSI Full,0.22823022464831833,0.022005289793014526,0.0,0.0,0.0,0.0,0.9995303392410279,66
2025-03-04 00:00:00,SACSI Full,0.2283022598417616,0.021610558032989502,0.0,0.0,0.0,0.0,0.9995638415217399,66
2025-03-04 01:00:00,SACSI Full,0.2283813561987893,0.023728907108306885,0.0,0.0,0.0,0.0,0.9995042383670807,66
2025-03-04 02:00:00,SACSI Full,0.22846057424863342,0.02376541495323181,0.0,0.0,0.0,0.0,0.9995243266224861,66
2025-03-04 03:00:00,SACSI Full,0.22852923134883407,0.020597130060195923,0.0,0.0,0.0,0.0,0.9995563745498657,66
2025-03-04 04:00:00,SACSI Full,0.2286128040146844,0.025071799755096436,0.0,0.0,0.0,0.0,0.9994538173079491,66
2025-03-04 05:00:00,SACSI Full,0.22868631640990736,0.02205371856689453,0.0,0.0,0.0,0.0,0.9995287448167801,66
2025-03-04 06:00:00,SACSI Full,0.2287631626915948,0.023053884506225586,0.0,0.0,0.0,0.0,0.9995289206504822,66
2025-03-04 07:00:00,SACSI Full,0.22883796645244123,0.05644112825393677,0.0,0.0,0.0,0.0,0.9985373049974442,66
2025-03-04 08:00:00,SACSI Full,0.2288844044915851,0.10743141174316406,0.0,0.0,0.0,0.0,0.9973414689302444,66
2025-03-04 09:00:00,SACSI Full,0.22961659710407417,0.48315778374671936,0.0,0.0,0.0,0.0,0.98657958060503,66
2025-03-04 10:00:00,SACSI Full,0.23004102797985235,0.5183292627334595,0.0,0.0,0.0,0.0,0.9892816999554634,66
2025-03-04 11:00:00,SACSI Full,0.23016653493404549,0.5136520862579346,0.0,0.0,0.0,0.0,0.9896801865100862,66
2025-03-04 12:00:00,SACSI Full,0.2306634564479208,0.5570764541625977,0.0,0.0,0.0,0.0,0.9884242272377014,66
2025-03-04 13:00:00,SACSI Full,0.23124757180690925,0.6087346076965332,0.0,0.0,0.0,0.0,0.98730872631073,66
2025-03-04 14:00:00,SACSI Full,0.23095867038250129,0.3808295726776123,0.0,0.0,0.0,0.0,0.9901043581962586,66
2025-03-04 15:00:00,SACSI Full,0.23094755184014795,0.38766443729400635,0.0,0.0,0.0,0.0,0.992178362607956,66
2025-03-04 16:00:00,SACSI Full,0.2313324425578133,0.3959672152996063,0.0,0.0,0.0,0.0,0.9919976279139519,66
2025-03-04 17:00:00,SACSI Full,0.23145744683265843,0.199001282453537,0.0,0.0,0.0,0.0,0.9940503150224685,66
2025-03-04 18:00:00,SACSI Full,0.23143547672351356,0.03590896725654602,0.0,0.0,0.0,0.0,0.9976508975028991,66
2025-03-04 19:00:00,SACSI Full,0.23151008084297336,0.0393812358379364,0.0,0.0,0.0,0.0,0.9991776525974273,66
2025-03-04 20:00:00,SACSI Full,0.23157596831401345,0.019766241312026978,0.0,0.0,0.0,0.0,0.9994085252285004,66
2025-03-04 21:00:00,SACSI Full,0.23163131967067874,0.016605406999588013,0.0,0.0,0.0,0.0,0.9996362835168838,66
2025-03-04 22:00:00,SACSI Full,0.23168748612086135,0.016849935054779053,0.0,0.0,0.0,0.0,0.9996605560183525,66
2025-03-04 23:00:00,SACSI Full,0.23175318881750262,0.019710808992385864,0.0,0.0,0.0,0.0,0.9995771750807763,66
2025-03-05 00:00:00,SACSI Full,0.23181042318423745,0.017170310020446777,0.0,0.0,0.0,0.0,0.9996311888098717,66
2025-03-05 01:00:00,SACSI Full,0.23187249347448505,0.018621087074279785,0.0,0.0,0.0,0.0,0.9996130704879761,66
2025-03-05 02:00:00,SACSI Full,0.23194219613949613,0.020910799503326416,0.0,0.0,0.0,0.0,0.999558886885643,66
2025-03-05 03:00:00,SACSI Full,0.23201337749640302,0.02135440707206726,0.0,0.0,0.0,0.0,0.9995684757828712,66
2025-03-05 04:00:00,SACSI Full,0.23206882074356236,0.01663297414779663,0.0,0.0,0.0,0.0,0.9996201261878014,66
2025-03-05 05:00:00,SACSI Full,0.232141588577431,0.021830350160598755,0.0,0.0,0.0,0.0,0.99951141923666,66
2025-03-05 06:00:00,SACSI Full,0.23221152866761044,0.020982027053833008,0.0,0.0,0.0,0.0,0.9995718762278557,66
2025-03-05 07:00:00,SACSI Full,0.23226187266906256,0.04910320043563843,0.0,0.0,0.0,0.0,0.9987367242574692,66
2025-03-05 08:00:00,SACSI Full,0.23229393774191692,0.12861952185630798,0.0,0.0,0.0,0.0,0.9966324463486671,66
2025-03-05 09:00:00,SACSI Full,0.23305757190704499,0.44159024953842163,0.0,0.0,0.0,0.0,0.9880384877324104,66
2025-03-05 10:00:00,SACSI Full,0.23399460551262052,0.6211100816726685,0.0,0.0,0.0,0.0,0.9857826000452041,66
2025-03-05 11:00:00,SACSI Full,0.233329163665773,0.26786744594573975,0.0,0.0,0.0,0.0,0.9911102247238159,66
2025-03-05 12:00:00,SACSI Full,0.2324012820029274,0.22313550114631653,0.0,0.0,0.0,0.0,0.9950899705290794,66
2025-03-05 13:00:00,SACSI Full,0.2314519528333361,0.22520124912261963,0.0,0.0,0.0,0.0,0.9954753175377846,66
2025-03-05 14:00:00,SACSI Full,0.23059446654240442,0.2187541127204895,0.0,0.0,0.0,0.0,0.9955604463815689,66
2025-03-05 15:00:00,SACSI Full,0.23049739585002413,0.3703787922859192,0.0,0.0,0.0,0.0,0.9910761773586273,66
2025-03-05 16:00:00,SACSI Full,0.23088248869260303,0.4130278527736664,0.0,0.0,0.0,0.0,0.9913129523396492,66
2025-03-05 17:00:00,SACSI Full,0.2310711442708984,0.21809667348861694,0.0,0.0,0.0,0.0,0.9936887547373772,66
2025-03-05 18:00:00,SACSI Full,0.2311492706910784,0.08293792605400085,0.0,0.0,0.0,0.0,0.9969896540045738,66
2025-03-05 19:00:00,SACSI Full,0.23135475763559488,0.09564608335494995,0.0,0.0,0.0,0.0,0.9979599967598916,66
2025-03-05 20:00:00,SACSI Full,0.2314073726423596,0.015784502029418945,0.0,0.0,0.0,0.0,0.9988856941461562,66
2025-03-05 21:00:00,SACSI Full,0.23178763618946222,0.014079064130783081,0.0,0.0,0.0,0.0,0.999701364338398,66
2025-03-05 22:00:00,SACSI Full,0.23217054022232836,0.014871209859848022,0.0,0.0,0.0,0.0,0.9996946543455124,66
2025-03-05 23:00:00,SACSI Full,0.23255386695146701,0.014998018741607666,0.0,0.0,0.0,0.0,0.9996987715363502,66
2025-03-06 00:00:00,SACSI Full,0.2326122352965687,0.01751050353050232,0.0,0.0,0.0,0.0,0.9996246650815009,66
2025-03-06 01:00:00,SACSI Full,0.23299539165576438,0.014946907758712769,0.0,0.0,0.0,0.0,0.9996754258871079,66
2025-03-06 02:00:00,SACSI Full,0.23305929478883883,0.019170939922332764,0.0,0.0,0.0,0.0,0.9995743408799171,66
2025-03-06 03:00:00,SACSI Full,0.23374161237637342,0.013195276260375977,0.0,0.0,0.0,0.0,0.9996763378381729,66
2025-03-06 04:00:00,SACSI Full,0.23377986041148646,0.01997441053390503,0.0,0.0,0.0,0.0,0.9995327204465866,66
2025-03-06 05:00:00,SACSI Full,0.23380977969090286,0.017475783824920654,0.0,0.0,0.0,0.0,0.9996254980564118,66
2025-03-06 06:00:00,SACSI Full,0.23385556324323162,0.022235065698623657,0.0,0.0,0.0,0.0,0.9995077058672905,66
2025-03-06 07:00:00,SACSI Full,0.23387388014475646,0.056495070457458496,0.0,0.0,0.0,0.0,0.9985274985432625,66
2025-03-06 08:00:00,SACSI Full,0.23418555947860223,0.2465038001537323,0.0,0.0,0.0,0.0,0.9931698366999626,66
2025-03-06 09:00:00,SACSI Full,0.23523894301017265,0.5965150594711304,0.0,0.0,0.0,0.0,0.9845695862174034,66
2025-03-06 10:00:00,SACSI Full,0.2354093933614109,0.4506351053714752,0.0,0.0,0.0,0.0,0.9895284983515739,66
2025-03-06 11:00:00,SACSI Full,0.23490423108498396,0.3414513170719147,0.0,0.0,0.0,0.0,0.9920791357755661,66
2025-03-06 12:00:00,SACSI Full,0.23372870848020055,0.16584321856498718,0.0,0.0,0.0,0.0,0.994927054643631,66
2025-03-06 13:00:00,SACSI Full,0.23246853290955366,0.12344732880592346,0.0,0.0,0.0,0.0,0.9971070945262909,66
2025-03-06 14:00:00,SACSI Full,0.23159236582915127,0.18764987587928772,0.0,0.0,0.0,0.0,0.9956049770116806,66
2025-03-06 15:00:00,SACSI Full,0.23178148965597292,0.41373714804649353,0.0,0.0,0.0,0.0,0.989464384317398,66
2025-03-06 16:00:00,SACSI Full,0.23293105588038904,0.5913698673248291,0.0,0.0,0.0,0.0,0.9863962754607201,66
2025-03-06 17:00:00,SACSI Full,0.23347178443988303,0.31521856784820557,0.0,0.0,0.0,0.0,0.9909341156482696,66
2025-03-06 18:00:00,SACSI Full,0.23347478738387564,0.06890088319778442,0.0,0.0,0.0,0.0,0.9961588054895401,66
2025-03-06 19:00:00,SACSI Full,0.2338307137894644,0.04077792167663574,0.0,0.0,0.0,0.0,0.9989032119512558,66
2025-03-06 20:00:00,SACSI Full,0.23386149283170837,0.034733712673187256,0.0,0.0,0.0,0.0,0.9992448836565018,66
2025-03-06 21:00:00,SACSI Full,0.23388427392403424,0.032334327697753906,0.0,0.0,0.0,0.0,0.9993293195962906,66
2025-03-06 22:00:00,SACSI Full,0.23386434977849466,0.019522756338119507,0.0,0.0,0.0,0.0,0.9994814291596412,66
2025-03-06 23:00:00,SACSI Full,0.23419322166999323,0.015661567449569702,0.0,0.0,0.0,0.0,0.999648156762123,66
2025-03-07 00:00:00,SACSI Full,0.23517180668036283,0.01057550311088562,0.0,0.0,0.0,0.0,0.9997376292943954,66
2025-03-07 01:00:00,SACSI Full,0.23580508848587817,0.015484541654586792,0.0,0.0,0.0,0.0,0.9996412187814713,66
2025-03-07 02:00:00,SACSI Full,0.23613655715306744,0.016440600156784058,0.0,0.0,0.0,0.0,0.9996616274118423,66
2025-03-07 03:00:00,SACSI Full,0.23615307952642586,0.021956712007522583,0.0,0.0,0.0,0.0,0.9995057046413423,66
2025-03-07 04:00:00,SACSI Full,0.2377655622911468,0.009244829416275024,0.0,0.0,0.0,0.0,0.999687984585762,66
2025-03-07 05:00:00,SACSI Full,0.2380925332911824,0.015091300010681152,0.0,0.0,0.0,0.0,0.9996397092938423,66
2025-03-07 06:00:00,SACSI Full,0.23872205503702312,0.014356523752212524,0.0,0.0,0.0,0.0,0.999705521762371,66
2025-03-07 07:00:00,SACSI Full,0.2396291327834144,0.023123323917388916,0.0,0.0,0.0,0.0,0.9994498655200005,66
2025-03-07 08:00:00,SACSI Full,0.23992022578716424,0.11482790112495422,0.0,0.0,0.0,0.0,0.9967863962054253,66
2025-03-07 09:00:00,SACSI Full,0.24086484614213458,0.5383861064910889,0.0,0.0,0.0,0.0,0.9849966958165168,66
2025-03-07 10:00:00,SACSI Full,0.2410116760897651,0.2925489842891693,0.0,0.0,0.0,0.0,0.9916906490921974,66
2025-03-07 11:00:00,SACSI Full,0.24060668283542141,0.2780020236968994,0.0,0.0,0.0,0.0,0.9942944899201394,66
2025-03-07 12:00:00,SACSI Full,0.2402922626860951,0.11367395520210266,0.0,0.0,0.0,0.0,0.9960832402110099,66
2025-03-07 13:00:00,SACSI Full,0.24297262341181583,0.05060821771621704,0.0,0.0,0.0,0.0,0.9983571782708167,66
2025-03-07 14:00:00,SACSI Full,0.24361963106552906,0.0661022961139679,0.0,0.0,0.0,0.0,0.9985230132937432,66
2025-03-07 15:00:00,SACSI Full,0.2524367448854461,0.006634145975112915,0.0,0.0,0.0,0.0,0.9992726355791092,66
2025-03-07 16:00:00,SACSI Full,0.26119917278687305,0.005228370428085327,0.0,0.0,0.0,0.0,0.9998813748359681,66
2025-03-07 17:00:00,SACSI Full,0.26232610006570967,0.006078183650970459,0.0,0.0,0.0,0.0,0.9998699381947518,66
2025-03-07 18:00:00,SACSI Full,0.2641719469539339,0.004754066467285156,0.0,0.0,0.0,0.0,0.9998916774988175,66
2025-03-07 19:00:00,SACSI Full,0.2647975559202845,0.004682689905166626,0.0,0.0,0.0,0.0,0.9999056324362755,66
2025-03-07 20:00:00,SACSI Full,0.26575194790204515,0.003317594528198242,0.0,0.0,0.0,0.0,0.9999199971556664,66
2025-03-07 21:00:00,SACSI Full,0.2663457957712824,0.0036543607711791992,0.0,0.0,0.0,0.0,0.9999235451221467,66
2025-03-07 22:00:00,SACSI Full,0.26726962967634355,0.0026501715183258057,0.0,0.0,0.0,0.0,0.999936954677105,66
2025-03-07 23:00:00,SACSI Full,0.2741960231041924,0.0034180283546447754,0.0,0.0,0.0,0.0,0.9999239608645439,66
2025-03-08 00:00:00,SACSI Full,0.2771221542716042,0.0033393502235412598,0.0,0.0,0.0,0.0,0.9999324262142182,66
2025-03-08 01:00:00,SACSI Full,0.2774100345587746,0.003364086151123047,0.0,0.0,0.0,0.0,0.9999324709177017,66
2025-03-08 02:00:00,SACSI Full,0.27766873612006665,0.0031104683876037598,0.0,0.0,0.0,0.0,0.9999352544546127,66
2025-03-08 03:00:00,SACSI Full,0.27793170537392453,0.00439077615737915,0.0,0.0,0.0,0.0,0.9998993813991546,66
2025-03-08 04:00:00,SACSI Full,0.2788283846275027,0.0030037760734558105,0.0,0.0,0.0,0.0,0.9999260544776917,66
2025-03-08 05:00:00,SACSI Full,0.28039372630993675,0.0036025047302246094,0.0,0.0,0.0,0.0,0.9999219626188278,66
2025-03-08 06:00:00,SACSI Full,0.28265876781861143,0.005012452602386475,0.0,0.0,0.0,0.0,0.9998856514692306,66
2025-03-08 07:00:00,SACSI Full,0.28611553261836525,0.005029439926147461,0.0,0.0,0.0,0.0,0.9998992413282395,66
2025-03-08 08:00:00,SACSI Full,0.2936030283482885,0.005748718976974487,0.0,0.0,0.0,0.0,0.9998778328299522,66
2025-03-08 09:00:00,SACSI Full,0.2936202005592997,0.007151663303375244,0.0,0.0,0.0,0.0,0.9998429372906685,66
2025-03-08 10:00:00,SACSI Full,0.29288728845437517,0.018126368522644043,0.0,0.0,0.0,0.0,0.9995277255773545,66
2025-03-08 11:00:00,SACSI Full,0.292131447170577,0.019747614860534668,0.0,0.0,0.0,0.0,0.9995888352394104,66
2025-03-08 12:00:00,SACSI Full,0.29298851409673843,0.020620077848434448,0.0,0.0,0.0,0.0,0.9995788738131524,66
2025-03-08 13:00:00,SACSI Full,0.29496529170354363,0.007533282041549683,0.0,0.0,0.0,0.0,0.9997184664011002,66
2025-03-08 14:00:00,SACSI Full,0.296131731776398,0.011432021856307983,0.0,0.0,0.0,0.0,0.9997323721647263,66
2025-03-08 15:00:00,SACSI Full,0.2994796981628751,0.006389915943145752,0.0,0.0,0.0,0.0,0.9998217806220054,66
2025-03-08 16:00:00,SACSI Full,0.30485564869880827,0.006285160779953003,0.0,0.0,0.0,0.0,0.9998732492327691,66
2025-03-08 17:00:00,SACSI Full,0.3086462470142062,0.005179494619369507,0.0,0.0,0.0,0.0,0.9998853534460068,66
2025-03-08 18:00:00,SACSI Full,0.3104577479505554,0.0029502809047698975,0.0,0.0,0.0,0.0,0.9999187022447587,66
2025-03-08 19:00:00,SACSI Full,0.31399546509822357,0.0038151443004608154,0.0,0.0,0.0,0.0,0.9999150484800339,66
2025-03-08 20:00:00,SACSI Full,0.31380336144368004,0.001868903636932373,0.0,0.0,0.0,0.0,0.9999431595206261,66
2025-03-08 21:00:00,SACSI Full,0.3136114072974538,0.0019137561321258545,0.0,0.0,0.0,0.0,0.9999612763524055,66
2025-03-08 22:00:00,SACSI Full,0.31375436253070976,0.0023865699768066406,0.0,0.0,0.0,0.0,0.9999475404620171,66
2025-03-08 23:00:00,SACSI Full,0.3139252929727251,0.002279132604598999,0.0,0.0,0.0,0.0,0.9999533429741859,66
2025-03-09 00:00:00,SACSI Full,0.3151000525164619,0.003427863121032715,0.0,0.0,0.0,0.0,0.9999199554324151,66
2025-03-09 01:00:00,SACSI Full,0.31593935729821665,0.0027914345264434814,0.0,0.0,0.0,0.0,0.9999378070235252,66
2025-03-09 02:00:00,SACSI Full,0.3178058152413382,0.002437382936477661,0.0,0.0,0.0,0.0,0.9999477118253708,66
2025-03-09 03:00:00,SACSI Full,0.3193389557456984,0.0024421513080596924,0.0,0.0,0.0,0.0,0.999951109290123,66
2025-03-09 04:00:00,SACSI Full,0.3282436051336938,0.0053948163986206055,0.0,0.0,0.0,0.0,-0.8244979363482601,66
2025-03-09 05:00:00,SACSI Full,0.3291367771506323,0.0019516050815582275,0.0,0.0,0.0,0.0,-0.9137511792780287,66
2025-03-09 06:00:00,SACSI Full,0.33167386397918197,0.0036260485649108887,0.0,0.0,0.0,0.0,-1.1674756633243282,66
2025-03-09 07:00:00,SACSI Full,0.3324582455301298,0.003314465284347534,0.0,0.0,0.0,0.0,-1.2458939581514732,66
2025-03-09 08:00:00,SACSI Full,0.33332238695224264,0.003742426633834839,0.0,0.0,0.0,0.0,-1.3323178233704354,66
2025-03-09 09:00:00,SACSI Full,0.3330473725533499,0.004495680332183838,0.0,0.0,0.0,0.0,-1.304834701478614,66
2025-03-09 10:00:00,SACSI Full,0.3326825332713141,0.005048215389251709,0.0,0.0,0.0,0.0,-1.2683598167897634,66
2025-03-09 11:00:00,SACSI Full,0.33326306331793604,0.005659013986587524,0.0,0.0,0.0,0.0,-1.3264256200593083,66
2025-03-09 12:00:00,SACSI Full,0.3320858455340081,0.003834664821624756,0.0,0.0,0.0,0.0,-1.208679490188892,66
2025-03-09 13:00:00,SACSI Full,0.33061803208748636,0.00165596604347229,0.0,0.0,0.0,0.0,-1.061858115057286,66
2025-03-09 14:00:00,SACSI Full,0.32980211440165974,0.00372469425201416,0.0,0.0,0.0,0.0,-0.9803066213330991,66
2025-03-09 15:00:00,SACSI Full,0.32916066855430737,0.005066245794296265,0.0,0.0,0.0,0.0,-0.9161815958620447,66
2025-03-09 16:00:00,SACSI Full,0.328466335358621,0.0042000412940979,0.0,0.0,0.0,0.0,-0.8467261987329853,66
2025-03-09 17:00:00,SACSI Full,0.3283805859430644,0.0017751753330230713,0.0,0.0,0.0,0.0,-0.8381183464727112,66
2025-03-09 18:00:00,SACSI Full,0.3351731512117399,0.005769580602645874,0.0,0.0,0.0,0.0,-1.517470456838739,66
2025-03-09 19:00:00,SACSI Full,0.33573309370676807,0.001982748508453369,0.0,0.0,0.0,0.0,-1.5733868939679174,66
2025-03-09 20:00:00,SACSI Full,0.3356261033010495,0.0019028782844543457,0.0,0.0,0.0,0.0,-1.562649186372881,66
2025-03-09 21:00:00,SACSI Full,0.335519312570891,0.0019627809524536133,0.0,0.0,0.0,0.0,-1.55197111173483,66
2025-03-09 22:00:00,SACSI Full,0.335717461242677,0.0019446015357971191,0.0,0.0,0.0,0.0,-1.5717851980925803,66
2025-03-09 23:00:00,SACSI Full,0.33594470916748165,0.00217437744140625,0.0,0.0,0.0,0.0,-1.5945167020560485,66
2025-03-10 00:00:00,SACSI Full,0.3361721329259884,0.0022271275520324707,0.0,0.0,0.0,0.0,-1.6172583626509873,66
2025-03-10 01:00:00,SACSI Full,0.3363705378977469,0.002021491527557373,0.0,0.0,0.0,0.0,-1.6370962759654855,66
2025-03-10 02:00:00,SACSI Full,0.33626448129812986,0.0021830201148986816,0.0,0.0,0.0,0.0,-1.6264934055011566,66
2025-03-10 03:00:00,SACSI Full,0.3361591518751791,0.0024011731147766113,0.0,0.0,0.0,0.0,-1.6159653925102022,66
2025-03-10 04:00:00,SACSI Full,0.33605267953316476,0.0020582973957061768,0.0,0.0,0.0,0.0,-1.6053125480215795,66
2025-03-10 05:00:00,SACSI Full,0.3359470803991964,0.0023202598094940186,0.0,0.0,0.0,0.0,-1.5947570647399678,66
2025-03-10 06:00:00,SACSI Full,0.3357873383585622,0.003077387809753418,0.0,0.0,0.0,0.0,-1.5788029548924196,66
2025-03-10 07:00:00,SACSI Full,0.33557173133373364,0.003317892551422119,0.0,0.0,0.0,0.0,-1.5572418962718082,66
2025-03-10 08:00:00,SACSI Full,0.3351043126606952,0.0042743980884552,0.0,0.0,0.0,0.0,-1.510526319086657,66
2025-03-10 09:00:00,SACSI Full,0.3344130873505285,0.005132406949996948,0.0,0.0,0.0,0.0,-1.4414199632804638,66
2025-03-10 10:00:00,SACSI Full,0.3334387904707601,0.005210936069488525,0.0,0.0,0.0,0.0,-1.3439840510885923,66
2025-03-10 11:00:00,SACSI Full,0.3322045031921079,0.0037138164043426514,0.0,0.0,0.0,0.0,-1.22053956673553,66
2025-03-10 12:00:00,SACSI Full,0.3308832295886686,0.0031179189682006836,0.0,0.0,0.0,0.0,-1.0883912762205863,66
2025-03-10 13:00:00,SACSI Full,0.3296185004623742,0.0030812621116638184,0.0,0.0,0.0,0.0,-0.9619120380482156,66
2025-03-10 14:00:00,SACSI Full,0.32900832844416406,0.005948394536972046,0.0,0.0,0.0,0.0,-0.9009804836313974,66
2025-03-10 15:00:00,SACSI Full,0.3294028238534938,0.005348622798919678,0.0,0.0,0.0,0.0,-0.9403953555227369,66
2025-03-10 16:00:00,SACSI Full,0.3291001127847046,0.0026866793632507324,0.0,0.0,0.0,0.0,-0.910091631492079,66
2025-03-10 17:00:00,SACSI Full,0.3287663896505048,0.0018830597400665283,0.0,0.0,0.0,0.0,-0.8766846624415133,66
2025-03-10 18:00:00,SACSI Full,0.32890880248149335,0.0022238492965698242,0.0,0.0,0.0,0.0,-0.8909281330308303,66
2025-03-10 19:00:00,SACSI Full,0.3287741532683382,0.002105236053466797,0.0,0.0,0.0,0.0,-0.8774586176873196,66
2025-03-10 20:00:00,SACSI Full,0.32933514679193593,0.0022980570793151855,0.0,0.0,0.0,0.0,-0.933562568545437,66
2025-03-10 21:00:00,SACSI Full,0.3295613814377794,0.0018703937530517578,0.0,0.0,0.0,0.0,-0.956179828286264,66
2025-03-10 22:00:00,SACSI Full,0.32942701534668695,0.0021901726722717285,0.0,0.0,0.0,0.0,-0.9427485359113317,66
2025-03-10 23:00:00,SACSI Full,0.3293204928374299,0.0020432472229003906,0.0,0.0,0.0,0.0,-0.9320916179419434,66
2025-03-11 00:00:00,SACSI Full,0.3292422202150036,0.0020182132720947266,0.0,0.0,0.0,0.0,-0.9242626361053092,66
2025-03-11 01:00:00,SACSI Full,0.3291648361984898,0.002284795045852661,0.0,0.0,0.0,0.0,-0.9165319815676336,66
2025-03-11 02:00:00,SACSI Full,0.32908702998240885,0.002158135175704956,0.0,0.0,0.0,0.0,-0.9087474275431001,66
2025-03-11 03:00:00,SACSI Full,0.32937184510072165,0.002444535493850708,0.0,0.0,0.0,0.0,-0.9372362647852228,66
2025-03-11 04:00:00,SACSI Full,0.32929556327343085,0.0026154518127441406,0.0,0.0,0.0,0.0,-0.9296103455425279,66
2025-03-11 05:00:00,SACSI Full,0.3292185398650179,0.002392977476119995,0.0,0.0,0.0,0.0,-0.9219040707946802,66
2025-03-11 06:00:00,SACSI Full,0.32908651524305443,0.002892613410949707,0.0,0.0,0.0,0.0,-0.9087143729330099,66
2025-03-11 07:00:00,SACSI Full,0.3289006174254427,0.0037306547164916992,0.0,0.0,0.0,0.0,-0.8901447360516533,66
2025-03-11 08:00:00,SACSI Full,0.32840696995973684,0.004905760288238525,0.0,0.0,0.0,0.0,-0.8408068622351654,66
2025-03-11 09:00:00,SACSI Full,0.3275830385478347,0.007820576429367065,0.0,0.0,0.0,0.0,-0.7584894144734695,66
2025-03-11 10:00:00,SACSI Full,0.32646647597471967,0.005031228065490723,0.0,0.0,0.0,0.0,-0.646776115516915,66
2025-03-11 11:00:00,SACSI Full,0.32506239284197586,0.0037750601768493652,0.0,0.0,0.0,0.0,-0.5063273470800083,66
2025-03-11 12:00:00,SACSI Full,0.3236844411476463,0.0031144917011260986,0.0,0.0,0.0,0.0,-0.36851301028340644,66
2025-03-11 13:00:00,SACSI Full,0.32278190072536567,0.0032378733158111572,0.0,0.0,0.0,0.0,-0.2782560638190291,66
2025-03-11 14:00:00,SACSI Full,0.3222424987077723,0.0036793947219848633,0.0,0.0,0.0,0.0,-0.22432787388572814,66
2025-03-11 15:00:00,SACSI Full,0.32120678864479163,0.0037869811058044434,0.0,0.0,0.0,0.0,-0.1207556799651166,66
2025-03-11 16:00:00,SACSI Full,0.3207575140039136,0.0032176077365875244,0.0,0.0,0.0,0.0,-0.07582144627978454,66
2025-03-11 17:00:00,SACSI Full,0.3202849087333689,0.002718418836593628,0.0,0.0,0.0,0.0,-0.02855023360262119,66
2025-03-11 18:00:00,SACSI Full,0.3200927623621633,0.001856088638305664,0.0,0.0,0.0,0.0,-0.009321981291075775,66
2025-03-11 19:00:00,SACSI Full,0.32001303141276144,0.0015807151794433594,0.0,0.0,0.0,0.0,-0.001337509314320773,66
2025-03-11 20:00:00,SACSI Full,0.31996184042612813,0.0016427040100097656,0.0,0.0,0.0,0.0,0.9999665260314942,66
2025-03-11 21:00:00,SACSI Full,0.319882666780155,0.00174790620803833,0.0,0.0,0.0,0.0,0.9999639898538589,66
2025-03-11 22:00:00,SACSI Full,0.3198320311101288,0.0018092989921569824,0.0,0.0,0.0,0.0,0.9999632000923157,66
2025-03-11 23:00:00,SACSI Full,0.31975338198502967,0.0019052624702453613,0.0,0.0,0.0,0.0,0.9999609351158142,66
2025-03-12 00:00:00,SACSI Full,0.3196747716029496,0.0019168853759765625,0.0,0.0,0.0,0.0,0.9999615460634232,66
2025-03-12 01:00:00,SACSI Full,0.3205964592440934,0.0020062923431396484,0.0,0.0,0.0,0.0,-0.059686944325875,66
2025-03-12 02:00:00,SACSI Full,0.3205180202253671,0.001968294382095337,0.0,0.0,0.0,0.0,-0.051841768403958974,66
2025-03-12 03:00:00,SACSI Full,0.3204400227777175,0.0021007657051086426,0.0,0.0,0.0,0.0,-0.044045617799080894,66
2025-03-12 04:00:00,SACSI Full,0.3203617228364956,0.0020100176334381104,0.0,0.0,0.0,0.0,-0.03621339148294584,66
2025-03-12 05:00:00,SACSI Full,0.32028497758309166,0.002476423978805542,0.0,0.0,0.0,0.0,-0.028551950852194797,66
2025-03-12 06:00:00,SACSI Full,0.32018070663929105,0.002718716859817505,0.0,0.0,0.0,0.0,-0.01812746119511042,66
2025-03-12 07:00:00,SACSI Full,0.3199946970629704,0.003697127103805542,0.0,0.0,0.0,0.0,0.9999162733554839,66
2025-03-12 08:00:00,SACSI Full,0.3194695487737667,0.00395551323890686,0.0,0.0,0.0,0.0,0.9999183058738709,66
2025-03-12 09:00:00,SACSI Full,0.3185809959586473,0.005434155464172363,0.0,0.0,0.0,0.0,0.9998765304684639,66
2025-03-12 10:00:00,SACSI Full,0.3174097689382247,0.005631893873214722,0.0,0.0,0.0,0.0,0.9998853847384452,66
2025-03-12 11:00:00,SACSI Full,0.3160044504992179,0.003404468297958374,0.0,0.0,0.0,0.0,0.9999096363782883,66
2025-03-12 12:00:00,SACSI Full,0.3144828274353357,0.0025130808353424072,0.0,0.0,0.0,0.0,0.999940824508667,66
2025-03-12 13:00:00,SACSI Full,0.3129884379990907,0.00218316912651062,0.0,0.0,0.0,0.0,0.9999530375003814,66
2025-03-12 14:00:00,SACSI Full,0.3116067595243465,0.001996457576751709,0.0,0.0,0.0,0.0,0.9999582037329674,66
2025-03-12 15:00:00,SACSI Full,0.31045800819079195,0.0038745999336242676,0.0,0.0,0.0,0.0,0.9999037265777588,66
2025-03-12 16:00:00,SACSI Full,0.30958866919835526,0.0026983022689819336,0.0,0.0,0.0,0.0,0.9999342709779739,66
2025-03-12 17:00:00,SACSI Full,0.30905724603017287,0.002073049545288086,0.0,0.0,0.0,0.0,0.9999522864818573,66
2025-03-12 18:00:00,SACSI Full,0.3088357301982255,0.001545250415802002,0.0,0.0,0.0,0.0,0.999963817000389,66
2025-03-12 19:00:00,SACSI Full,0.30869850010395167,0.0013309717178344727,0.0,0.0,0.0,0.0,0.9999712377786637,66
2025-03-12 20:00:00,SACSI Full,0.30864724255879833,0.0016227364540100098,0.0,0.0,0.0,0.0,0.9999646276235581,66
2025-03-12 21:00:00,SACSI Full,0.3085955126468352,0.0014810264110565186,0.0,0.0,0.0,0.0,0.9999689623713494,66
2025-03-12 22:00:00,SACSI Full,0.3085446365714085,0.0017371773719787598,0.0,0.0,0.0,0.0,0.9999626949429512,66
2025-03-12 23:00:00,SACSI Full,0.3084941906428349,0.0018662214279174805,0.0,0.0,0.0,0.0,0.9999613851308823,66
2025-03-13 00:00:00,SACSI Full,0.3084426544459673,0.0015391409397125244,0.0,0.0,0.0,0.0,0.9999659463763237,66
2025-03-13 01:00:00,SACSI Full,0.30839266051928327,0.002001821994781494,0.0,0.0,0.0,0.0,0.9999553367495537,66
2025-03-13 02:00:00,SACSI Full,0.30831562717676286,0.0023899972438812256,0.0,0.0,0.0,0.0,0.9999483183026314,66
2025-03-13 03:00:00,SACSI Full,0.3082391531244926,0.00255778431892395,0.0,0.0,0.0,0.0,0.9999471664428711,66
2025-03-13 04:00:00,SACSI Full,0.3081622062087072,0.0024159252643585205,0.0,0.0,0.0,0.0,0.9999502629041671,66
2025-03-13 05:00:00,SACSI Full,0.3080864801947289,0.002782195806503296,0.0,0.0,0.0,0.0,0.9999406933784485,66
2025-03-13 06:00:00,SACSI Full,0.30795376068194835,0.0026841461658477783,0.0,0.0,0.0,0.0,0.9999453365802765,66
2025-03-13 07:00:00,SACSI Full,0.30773618571043143,0.002727508544921875,0.0,0.0,0.0,0.0,0.9999450162053108,66
2025-03-13 08:00:00,SACSI Full,0.3071528960363083,0.0035130977630615234,0.0,0.0,0.0,0.0,0.9999218821525573,66
2025-03-13 09:00:00,SACSI Full,0.3062097637105001,0.006060302257537842,0.0,0.0,0.0,0.0,0.9998533219099045,66
2025-03-13 10:00:00,SACSI Full,0.3049547511347148,0.005996227264404297,0.0,0.0,0.0,0.0,0.9998794347047806,66
2025-03-13 11:00:00,SACSI Full,0.30346428815444443,0.0033611059188842773,0.0,0.0,0.0,0.0,0.9999064266681671,66
2025-03-13 12:00:00,SACSI Full,0.3018355435546252,0.004376620054244995,0.0,0.0,0.0,0.0,0.9999023124575614,66
2025-03-13 13:00:00,SACSI Full,0.30053417381048336,0.0025890767574310303,0.0,0.0,0.0,0.0,0.9999303430318832,66
2025-03-13 14:00:00,SACSI Full,0.29938219052791726,0.004905015230178833,0.0,0.0,0.0,0.0,0.9998787403106689,66
2025-03-13 15:00:00,SACSI Full,0.2991784802007688,0.00438690185546875,0.0,0.0,0.0,0.0,0.9999070808291435,66
2025-03-13 16:00:00,SACSI Full,0.2990623938552551,0.0031740963459014893,0.0,0.0,0.0,0.0,0.9999243900179863,66
2025-03-13 17:00:00,SACSI Full,0.29886492688894395,0.0022599101066589355,0.0,0.0,0.0,0.0,0.9999456599354744,66
2025-03-13 18:00:00,SACSI Full,0.29864351139148204,0.0015753507614135742,0.0,0.0,0.0,0.0,0.9999616473913193,66
2025-03-13 19:00:00,SACSI Full,0.29850573442459233,0.00116690993309021,0.0,0.0,0.0,0.0,0.9999725773930549,66
2025-03-13 20:00:00,SACSI Full,0.2984273078235003,0.001972019672393799,0.0,0.0,0.0,0.0,0.9999525085091592,66
2025-03-13 21:00:00,SACSI Full,0.29834934613863756,0.002111494541168213,0.0,0.0,0.0,0.0,0.9999563753604889,66
2025-03-13 22:00:00,SACSI Full,0.2982710471908265,0.0020103156566619873,0.0,0.0,0.0,0.0,0.9999587818980217,66
2025-03-13 23:00:00,SACSI Full,0.2982217133855833,0.0021998584270477295,0.0,0.0,0.0,0.0,0.9999541074037551,66
2025-03-14 00:00:00,SACSI Full,0.29814495621125037,0.0024728477001190186,0.0,0.0,0.0,0.0,0.9999478131532669,66
2025-03-14 01:00:00,SACSI Full,0.2980666453425103,0.002006739377975464,0.0,0.0,0.0,0.0,0.9999552041292191,66
2025-03-14 02:00:00,SACSI Full,0.29826400276263687,0.001707226037979126,0.0,0.0,0.0,0.0,0.9999628603458405,66
2025-03-14 03:00:00,SACSI Full,0.2985206787594173,0.0025027990341186523,0.0,0.0,0.0,0.0,0.9999419882893562,66
2025-03-14 04:00:00,SACSI Full,0.2984438227407151,0.0024431943893432617,0.0,0.0,0.0,0.0,0.9999505400657653,66
2025-03-14 05:00:00,SACSI Full,0.29836924957990785,0.0031280517578125,0.0,0.0,0.0,0.0,0.9999305903911591,66
2025-03-14 06:00:00,SACSI Full,0.2982389112726861,0.003398507833480835,0.0,0.0,0.0,0.0,0.9999293252825737,66
2025-03-14 07:00:00,SACSI Full,0.2979920338956529,0.0024367868900299072,0.0,0.0,0.0,0.0,0.9999416470527649,66
2025-03-14 08:00:00,SACSI Full,0.29748756742477556,0.010160058736801147,0.0,0.0,0.0,0.0,0.9997195661067962,66
2025-03-14 09:00:00,SACSI Full,0.2965832394782716,0.009201616048812866,0.0,0.0,0.0,0.0,0.9998063832521438,66
2025-03-14 10:00:00,SACSI Full,0.2953908902931227,0.007795244455337524,0.0,0.0,0.0,0.0,0.9998300313949585,66
2025-03-14 11:00:00,SACSI Full,0.2939099412075692,0.006215274333953857,0.0,0.0,0.0,0.0,0.9998598948121071,66
2025-03-14 12:00:00,SACSI Full,0.2923378364523265,0.004368573427200317,0.0,0.0,0.0,0.0,0.9998941615223885,66
2025-03-14 13:00:00,SACSI Full,0.29076235857089494,0.003356635570526123,0.0,0.0,0.0,0.0,0.9999227479100227,66
2025-03-14 14:00:00,SACSI Full,0.28933306638161477,0.004712343215942383,0.0,0.0,0.0,0.0,0.9998921960592271,66
2025-03-14 15:00:00,SACSI Full,0.2881075792320583,0.006353855133056641,0.0,0.0,0.0,0.0,0.9998565077781677,66
2025-03-14 16:00:00,SACSI Full,0.287197509371441,0.007479041814804077,0.0,0.0,0.0,0.0,0.9998391672968864,66
2025-03-14 17:00:00,SACSI Full,0.2866722254816705,0.003914833068847656,0.0,0.0,0.0,0.0,0.9998860612511635,66
2025-03-14 18:00:00,SACSI Full,0.286454793561301,0.0027704238891601562,0.0,0.0,0.0,0.0,0.9999331474304199,66
2025-03-14 19:00:00,SACSI Full,0.28632143031835694,0.0024910271167755127,0.0,0.0,0.0,0.0,0.9999473854899407,66
2025-03-14 20:00:00,SACSI Full,0.28624282192309836,0.0019174814224243164,0.0,0.0,0.0,0.0,0.999955914914608,66
2025-03-14 21:00:00,SACSI Full,0.28616504401922366,0.0021666288375854492,0.0,0.0,0.0,0.0,0.9999541759490966,66
2025-03-14 22:00:00,SACSI Full,0.28605902367909886,0.0021938979625701904,0.0,0.0,0.0,0.0,0.9999558493494988,66
2025-03-14 23:00:00,SACSI Full,0.28598155969301997,0.0022608041763305664,0.0,0.0,0.0,0.0,0.9999541148543358,66
2025-03-15 00:00:00,SACSI Full,0.28590375447034977,0.002158433198928833,0.0,0.0,0.0,0.0,0.9999558076262474,66
2025-03-15 01:00:00,SACSI Full,0.28582818640868013,0.0028295814990997314,0.0,0.0,0.0,0.0,0.9999366968870164,66
2025-03-15 02:00:00,SACSI Full,0.2857506066902493,0.0022260844707489014,0.0,0.0,0.0,0.0,0.9999494433403016,66
2025-03-15 03:00:00,SACSI Full,0.2856740635959322,0.002537071704864502,0.0,0.0,0.0,0.0,0.9999461486935615,66
2025-03-15 04:00:00,SACSI Full,0.2855998028628046,0.0032217800617218018,0.0,0.0,0.0,0.0,0.999928717315197,66
2025-03-15 05:00:00,SACSI Full,0.28552569461822663,0.003267526626586914,0.0,0.0,0.0,0.0,0.9999341920018195,66
2025-03-15 06:00:00,SACSI Full,0.28539983212312214,0.004741251468658447,0.0,0.0,0.0,0.0,0.9998904377222061,66
2025-03-15 07:00:00,SACSI Full,0.2851932850042994,0.006035864353179932,0.0,0.0,0.0,0.0,0.9998663365840912,66
2025-03-15 08:00:00,SACSI Full,0.2846845706748978,0.025885701179504395,0.0,0.0,0.0,0.0,0.9992837876081466,66
2025-03-15 09:00:00,SACSI Full,0.2839002795290962,0.04521265625953674,0.0,0.0,0.0,0.0,0.9989024773240089,66
2025-03-15 10:00:00,SACSI Full,0.28275415692329553,0.0471632182598114,0.0,0.0,0.0,0.0,0.999037230014801,66
2025-03-15 11:00:00,SACSI Full,0.2812793674127276,0.0420631468296051,0.0,0.0,0.0,0.0,0.9991077363491058,66
2025-03-15 12:00:00,SACSI Full,0.27953827838579964,0.0216732919216156,0.0,0.0,0.0,0.0,0.9993626356124878,66
2025-03-15 13:00:00,SACSI Full,0.2777669461933787,0.021100342273712158,0.0,0.0,0.0,0.0,0.9995722636580467,66
2025-03-15 14:00:00,SACSI Full,0.276182355455559,0.02612277865409851,0.0,0.0,0.0,0.0,0.9994273200631142,66
2025-03-15 15:00:00,SACSI Full,0.27510196038166834,0.06688147783279419,0.0,0.0,0.0,0.0,0.9982547834515572,66
2025-03-15 16:00:00,SACSI Full,0.27431636064847464,0.053320080041885376,0.0,0.0,0.0,0.0,0.9987979844212532,66
2025-03-15 17:00:00,SACSI Full,0.2738083809463198,0.0261060893535614,0.0,0.0,0.0,0.0,0.9992057383060455,66
2025-03-15 18:00:00,SACSI Full,0.2736444459501918,0.010319501161575317,0.0,0.0,0.0,0.0,0.9996357440948486,66
2025-03-15 19:00:00,SACSI Full,0.2735915475217517,0.009630471467971802,0.0,0.0,0.0,0.0,0.9998005002737046,66
2025-03-15 20:00:00,SACSI Full,0.2735700023611402,0.027536451816558838,0.0,0.0,0.0,0.0,0.999270211160183,66
2025-03-15 21:00:00,SACSI Full,0.2734937170227384,0.01961439847946167,0.0,0.0,0.0,0.0,0.9995284914970398,66
2025-03-15 22:00:00,SACSI Full,0.27340954449971666,0.0172482430934906,0.0,0.0,0.0,0.0,0.9996313735842705,66
2025-03-15 23:00:00,SACSI Full,0.2733252810796117,0.01722097396850586,0.0,0.0,0.0,0.0,0.9996553078293801,66
2025-03-16 00:00:00,SACSI Full,0.273255675700507,0.013118386268615723,0.0,0.0,0.0,0.0,0.9996966063976287,66
2025-03-16 01:00:00,SACSI Full,0.2731853307271018,0.012896507978439331,0.0,0.0,0.0,0.0,0.9997398510575295,66
2025-03-16 02:00:00,SACSI Full,0.2731322703727101,0.009581893682479858,0.0,0.0,0.0,0.0,0.9997752159833908,66
2025-03-16 03:00:00,SACSI Full,0.2730720400762573,0.007430911064147949,0.0,0.0,0.0,0.0,0.9998298719525337,66
2025-03-16 04:00:00,SACSI Full,0.27300817389647314,0.006340146064758301,0.0,0.0,0.0,0.0,0.9998622894287109,66
2025-03-16 05:00:00,SACSI Full,0.27294830271800513,0.007538646459579468,0.0,0.0,0.0,0.0,0.9998372420668602,66
2025-03-16 06:00:00,SACSI Full,0.27283329273859813,0.007997006177902222,0.0,0.0,0.0,0.0,0.9998354762792587,66
2025-03-16 07:00:00,SACSI Full,0.27264825842619095,0.01248970627784729,0.0,0.0,0.0,0.0,0.9997052788734436,66
2025-03-16 08:00:00,SACSI Full,0.27218806827227426,0.023442953824996948,0.0,0.0,0.0,0.0,0.9994216084480285,66
2025-03-16 09:00:00,SACSI Full,0.27206859333435846,0.0361575186252594,0.0,0.0,0.0,0.0,0.9991497039794922,66
2025-03-16 10:00:00,SACSI Full,0.27121354784568297,0.034486353397369385,0.0,0.0,0.0,0.0,0.9992935612797738,66
2025-03-16 11:00:00,SACSI Full,0.26983310109774417,0.05336597561836243,0.0,0.0,0.0,0.0,0.9987438842654228,66
2025-03-16 12:00:00,SACSI Full,0.2682020666178082,0.037689656019210815,0.0,0.0,0.0,0.0,0.9990894436836242,66
2025-03-16 13:00:00,SACSI Full,0.2666634560934717,0.0654168426990509,0.0,0.0,0.0,0.0,0.9984143912792206,66
2025-03-16 14:00:00,SACSI Full,0.26529418471972294,0.05671858787536621,0.0,0.0,0.0,0.0,0.9987786456942559,66
2025-03-16 15:00:00,SACSI Full,0.2644805340735132,0.15540480613708496,0.0,0.0,0.0,0.0,0.9959050416946411,66
2025-03-16 16:00:00,SACSI Full,0.26406325700362665,0.17231687903404236,0.0,0.0,0.0,0.0,0.9963845416903496,66
2025-03-16 17:00:00,SACSI Full,0.2637339730540926,0.06271481513977051,0.0,0.0,0.0,0.0,0.9976496830582618,66
2025-03-16 18:00:00,SACSI Full,0.26366303120374823,0.055217444896698,0.0,0.0,0.0,0.0,0.9988206773996353,66
2025-03-16 19:00:00,SACSI Full,0.26361764464775866,0.037384033203125,0.0,0.0,0.0,0.0,0.9990739852190018,66
2025-03-16 20:00:00,SACSI Full,0.2636059185902292,0.03898218274116516,0.0,0.0,0.0,0.0,0.9992043748497963,66
2025-03-16 21:00:00,SACSI Full,0.26369151771148186,0.07667973637580872,0.0,0.0,0.0,0.0,0.9980894297361375,66
2025-03-16 22:00:00,SACSI Full,0.2637595597879106,0.07141262292861938,0.0,0.0,0.0,0.0,0.9985190764069557,66
2025-03-16 23:00:00,SACSI Full,0.2637169592523589,0.038219839334487915,0.0,0.0,0.0,0.0,0.998903675377369,66
2025-03-17 00:00:00,SACSI Full,0.26372033873319767,0.05201384425163269,0.0,0.0,0.0,0.0,0.9988217830657959,66
2025-03-17 01:00:00,SACSI Full,0.2640603280472769,0.0614967942237854,0.0,0.0,0.0,0.0,0.9986752346158028,66
2025-03-17 02:00:00,SACSI Full,0.2640143826977426,0.037216395139694214,0.0,0.0,0.0,0.0,0.9990128681063652,66
2025-03-17 03:00:00,SACSI Full,0.26398661428133785,0.042669475078582764,0.0,0.0,0.0,0.0,0.9990920796990395,66
2025-03-17 04:00:00,SACSI Full,0.26391952815771236,0.030874162912368774,0.0,0.0,0.0,0.0,0.9992645636200904,66
2025-03-17 05:00:00,SACSI Full,0.26384069422404105,0.018849819898605347,0.0,0.0,0.0,0.0,0.9995027601718903,66
2025-03-17 06:00:00,SACSI Full,0.2637333503611896,0.027296841144561768,0.0,0.0,0.0,0.0,0.9993695929646491,66
2025-03-17 07:00:00,SACSI Full,0.2635389560985579,0.026681721210479736,0.0,0.0,0.0,0.0,0.9994602143764496,66
2025-03-17 08:00:00,SACSI Full,0.2639123815027886,0.3245276212692261,0.0,0.0,0.0,0.0,0.990530988574028,66
2025-03-17 09:00:00,SACSI Full,0.26459740614255406,0.5115073919296265,0.0,0.0,0.0,0.0,0.9879000544548034,66
2025-03-17 10:00:00,SACSI Full,0.2641005211695049,0.24193450808525085,0.0,0.0,0.0,0.0,0.9924655809998513,66
2025-03-17 11:00:00,SACSI Full,0.2631604112879449,0.13446703553199768,0.0,0.0,0.0,0.0,0.9962359845638274,66
2025-03-17 12:00:00,SACSI Full,0.26201961961587406,0.15076249837875366,0.0,0.0,0.0,0.0,0.9968217954039573,66
2025-03-17 13:00:00,SACSI Full,0.2610047730890923,0.17154604196548462,0.0,0.0,0.0,0.0,0.9963612437248229,66
2025-03-17 14:00:00,SACSI Full,0.26074805460135275,0.3139844536781311,0.0,0.0,0.0,0.0,0.992295926809311,66
2025-03-17 15:00:00,SACSI Full,0.26062173869292077,0.33610522747039795,0.0,0.0,0.0,0.0,0.9930566877126694,66
2025-03-17 16:00:00,SACSI Full,0.26050858561357,0.2720540761947632,0.0,0.0,0.0,0.0,0.9939184069633484,66
2025-03-17 17:00:00,SACSI Full,0.2603106342387213,0.1276145875453949,0.0,0.0,0.0,0.0,0.9960033133625984,66
2025-03-17 18:00:00,SACSI Full,0.26030527729749814,0.10889291763305664,0.0,0.0,0.0,0.0,0.9976349249482155,66
2025-03-17 19:00:00,SACSI Full,0.26036846771876154,0.11245712637901306,0.0,0.0,0.0,0.0,0.9977152153849602,66
2025-03-17 20:00:00,SACSI Full,0.2604076071691526,0.10524183511734009,0.0,0.0,0.0,0.0,0.9978230103850364,66
2025-03-17 21:00:00,SACSI Full,0.2604468526832276,0.0967736542224884,0.0,0.0,0.0,0.0,0.9979798451066018,66
2025-03-17 22:00:00,SACSI Full,0.260511207647325,0.10430648922920227,0.0,0.0,0.0,0.0,0.9978385418653488,66
2025-03-17 23:00:00,SACSI Full,0.26055670595407626,0.09014949202537537,0.0,0.0,0.0,0.0,0.9980554401874542,66
2025-03-18 00:00:00,SACSI Full,0.2605740599409753,0.08170619606971741,0.0,0.0,0.0,0.0,0.998281443119049,66
2025-03-18 01:00:00,SACSI Full,0.26056869015375916,0.07488906383514404,0.0,0.0,0.0,0.0,0.9984340474009514,66
2025-03-18 02:00:00,SACSI Full,0.26057549014489,0.07853999733924866,0.0,0.0,0.0,0.0,0.9983926907181739,66
2025-03-18 03:00:00,SACSI Full,0.2605050839742039,0.0638781487941742,0.0,0.0,0.0,0.0,0.9985758185386658,66
2025-03-18 04:00:00,SACSI Full,0.26071087683916233,0.05523785948753357,0.0,0.0,0.0,0.0,0.998808839917183,66
2025-03-18 05:00:00,SACSI Full,0.2605785741909359,0.062309205532073975,0.0,0.0,0.0,0.0,0.9986831024289131,66
2025-03-18 06:00:00,SACSI Full,0.26043658899943173,0.06790444254875183,0.0,0.0,0.0,0.0,0.9985859587788583,66
2025-03-18 07:00:00,SACSI Full,0.2603516061790798,0.10200515389442444,0.0,0.0,0.0,0.0,0.9976188898086548,66
2025-03-18 08:00:00,SACSI Full,0.2602389790503198,0.17871186137199402,0.0,0.0,0.0,0.0,0.9956586956977844,66
2025-03-18 09:00:00,SACSI Full,0.26008219139735045,0.2589637041091919,0.0,0.0,0.0,0.0,0.9940182074904441,66
2025-03-18 10:00:00,SACSI Full,0.2596206524753584,0.2525383234024048,0.0,0.0,0.0,0.0,0.994884979724884,66
2025-03-18 11:00:00,SACSI Full,0.25856244118849575,0.10753661394119263,0.0,0.0,0.0,0.0,0.996399250626564,66
2025-03-18 12:00:00,SACSI Full,0.2571857249291752,0.0629851222038269,0.0,0.0,0.0,0.0,0.9982947826385498,66
2025-03-18 13:00:00,SACSI Full,0.2557647634140664,0.04121154546737671,0.0,0.0,0.0,0.0,0.9989580333232879,66
2025-03-18 14:00:00,SACSI Full,0.2545826728137348,0.0703728199005127,0.0,0.0,0.0,0.0,0.9983009308576585,66
2025-03-18 15:00:00,SACSI Full,0.25398075757106287,0.17642542719841003,0.0,0.0,0.0,0.0,0.9954109653830527,66
2025-03-18 16:00:00,SACSI Full,0.25411309870720045,0.31170234084129333,0.0,0.0,0.0,0.0,0.9924131840467454,66
2025-03-18 17:00:00,SACSI Full,0.25406181896527746,0.1716160774230957,0.0,0.0,0.0,0.0,0.9951668158173561,66
2025-03-18 18:00:00,SACSI Full,0.25400961399793764,0.10333850979804993,0.0,0.0,0.0,0.0,0.9972504541277886,66
2025-03-18 19:00:00,SACSI Full,0.25398145953893797,0.09355366230010986,0.0,0.0,0.0,0.0,0.9980310782790184,66
2025-03-18 20:00:00,SACSI Full,0.2539988457775129,0.0987158715724945,0.0,0.0,0.0,0.0,0.9979740604758263,66
2025-03-18 21:00:00,SACSI Full,0.25394754362344873,0.07810935378074646,0.0,0.0,0.0,0.0,0.9982317477464676,66
2025-03-18 22:00:00,SACSI Full,0.25387559812863797,0.08041635155677795,0.0,0.0,0.0,0.0,0.9983686029911041,66
2025-03-18 23:00:00,SACSI Full,0.2537811881399168,0.07367700338363647,0.0,0.0,0.0,0.0,0.9984590664505958,66
2025-03-19 00:00:00,SACSI Full,0.25368287080129115,0.081004798412323,0.0,0.0,0.0,0.0,0.9983066260814667,66
2025-03-19 01:00:00,SACSI Full,0.25363502843141683,0.08764728903770447,0.0,0.0,0.0,0.0,0.998180629312992,66
2025-03-19 02:00:00,SACSI Full,0.25352248323281734,0.06823644042015076,0.0,0.0,0.0,0.0,0.9984411627054215,66
2025-03-19 03:00:00,SACSI Full,0.25337928757031886,0.06754130125045776,0.0,0.0,0.0,0.0,0.9986422225832939,66
2025-03-19 04:00:00,SACSI Full,0.25328512891451643,0.07375240325927734,0.0,0.0,0.0,0.0,0.9984628409147263,66
2025-03-19 05:00:00,SACSI Full,0.253241313103836,0.08035525679588318,0.0,0.0,0.0,0.0,0.9983268663287163,66
2025-03-19 06:00:00,SACSI Full,0.2532411013023071,0.1019364595413208,0.0,0.0,0.0,0.0,0.9977454587817193,66
2025-03-19 07:00:00,SACSI Full,0.2532049205470097,0.10814577341079712,0.0,0.0,0.0,0.0,0.9977749913930893,66
2025-03-19 08:00:00,SACSI Full,0.2533287343819948,0.24114415049552917,0.0,0.0,0.0,0.0,0.993847133219242,66
2025-03-19 09:00:00,SACSI Full,0.25322855779886366,0.2419470250606537,0.0,0.0,0.0,0.0,0.9951530307531358,66
2025-03-19 10:00:00,SACSI Full,0.2522730929040921,0.06186053156852722,0.0,0.0,0.0,0.0,0.9969619244337082,66
2025-03-19 11:00:00,SACSI Full,0.2511256408151003,0.07226437330245972,0.0,0.0,0.0,0.0,0.9984506741166115,66
2025-03-19 12:00:00,SACSI Full,0.24990345986525342,0.06684571504592896,0.0,0.0,0.0,0.0,0.9986088991165162,66
2025-03-19 13:00:00,SACSI Full,0.24891023876826093,0.1185336709022522,0.0,0.0,0.0,0.0,0.9971124470233916,66
2025-03-19 14:00:00,SACSI Full,0.2481848408142738,0.14788061380386353,0.0,0.0,0.0,0.0,0.9967489182949066,66
2025-03-19 15:00:00,SACSI Full,0.24763690665483598,0.1246197521686554,0.0,0.0,0.0,0.0,0.9972749963402748,66
2025-03-19 16:00:00,SACSI Full,0.24721446345488354,0.11976704001426697,0.0,0.0,0.0,0.0,0.9975561320781707,66
2025-03-19 17:00:00,SACSI Full,0.24710282682498422,0.14500901103019714,0.0,0.0,0.0,0.0,0.9968474000692368,66
2025-03-19 18:00:00,SACSI Full,0.24700313636144125,0.07209286093711853,0.0,0.0,0.0,0.0,0.9978289812803268,66
2025-03-19 19:00:00,SACSI Full,0.24689388014872993,0.04372313618659973,0.0,0.0,0.0,0.0,0.9988418400287628,66
2025-03-19 20:00:00,SACSI Full,0.2468028386187566,0.049187541007995605,0.0,0.0,0.0,0.0,0.9989616051316261,66
2025-03-19 21:00:00,SACSI Full,0.24698178161223855,0.03018289804458618,0.0,0.0,0.0,0.0,0.9992062956094743,66
2025-03-19 22:00:00,SACSI Full,0.2471362032548599,0.02282649278640747,0.0,0.0,0.0,0.0,0.9994699060916901,66
2025-03-19 23:00:00,SACSI Full,0.2473213560589167,0.032045841217041016,0.0,0.0,0.0,0.0,0.9992668896913528,66
2025-03-20 00:00:00,SACSI Full,0.24750746227185055,0.04083186388015747,0.0,0.0,0.0,0.0,0.9990955024957656,66
2025-03-20 01:00:00,SACSI Full,0.24740343957821656,0.05379319190979004,0.0,0.0,0.0,0.0,0.9987945228815078,66
2025-03-20 02:00:00,SACSI Full,0.24760484580675887,0.045421868562698364,0.0,0.0,0.0,0.0,0.9990078493952751,66
2025-03-20 03:00:00,SACSI Full,0.2474924558798485,0.04278302192687988,0.0,0.0,0.0,0.0,0.9991179510951043,66
2025-03-20 04:00:00,SACSI Full,0.24742109928051761,0.05509302020072937,0.0,0.0,0.0,0.0,0.9987750396132469,66
2025-03-20 05:00:00,SACSI Full,0.24741207695325348,0.082293301820755,0.0,0.0,0.0,0.0,0.9980821311473846,66
2025-03-20 06:00:00,SACSI Full,0.2473598539074275,0.07783308625221252,0.0,0.0,0.0,0.0,0.9983987361192703,66
2025-03-20 07:00:00,SACSI Full,0.2472507126649234,0.05225762724876404,0.0,0.0,0.0,0.0,0.9986990928649903,66
2025-03-20 08:00:00,SACSI Full,0.2472749769115461,0.1602792739868164,0.0,0.0,0.0,0.0,0.9957141980528831,66
2025-03-20 09:00:00,SACSI Full,0.24757028542757165,0.31809255480766296,0.0,0.0,0.0,0.0,0.9920600160956382,66
2025-03-20 10:00:00,SACSI Full,0.24768318609873585,0.19737020134925842,0.0,0.0,0.0,0.0,0.9948453724384309,66
2025-03-20 11:00:00,SACSI Full,0.24755322610457872,0.0840120017528534,0.0,0.0,0.0,0.0,0.9971861779689789,66
2025-03-20 12:00:00,SACSI Full,0.24701637988329064,0.07044613361358643,0.0,0.0,0.0,0.0,0.9984554186463356,66
2025-03-20 13:00:00,SACSI Full,0.24617405026515457,0.12130111455917358,0.0,0.0,0.0,0.0,0.9970654278993606,66
2025-03-20 14:00:00,SACSI Full,0.24594751219511163,0.2720385789871216,0.0,0.0,0.0,0.0,0.993051853775978,66
2025-03-20 15:00:00,SACSI Full,0.24623929598728944,0.36803513765335083,0.0,0.0,0.0,0.0,0.9916793316602707,66
2025-03-20 16:00:00,SACSI Full,0.24623008023659518,0.18423527479171753,0.0,0.0,0.0,0.0,0.9944772958755493,66
2025-03-20 17:00:00,SACSI Full,0.24635096369902423,0.08076503872871399,0.0,0.0,0.0,0.0,0.9973499968647956,66
2025-03-20 18:00:00,SACSI Full,0.24620943471431864,0.07654130458831787,0.0,0.0,0.0,0.0,0.9984269365668297,66
2025-03-20 19:00:00,SACSI Full,0.24671841016849017,0.037692636251449585,0.0,0.0,0.0,0.0,0.9988576605916023,66
2025-03-20 20:00:00,SACSI Full,0.24661278192599748,0.027811527252197266,0.0,0.0,0.0,0.0,0.9993449583649635,66
2025-03-20 21:00:00,SACSI Full,0.24649672382990653,0.04168257117271423,0.0,0.0,0.0,0.0,0.9990276381373405,66
2025-03-20 22:00:00,SACSI Full,0.24638544579506055,0.03461658954620361,0.0,0.0,0.0,0.0,0.9992370083928108,66
2025-03-20 23:00:00,SACSI Full,0.24630462298472858,0.052253156900405884,0.0,0.0,0.0,0.0,0.9987785711884498,66
2025-03-21 00:00:00,SACSI Full,0.24617809880972047,0.038542747497558594,0.0,0.0,0.0,0.0,0.9990920409560203,66
2025-03-21 01:00:00,SACSI Full,0.246433012393317,0.05297407507896423,0.0,0.0,0.0,0.0,0.9987962052226066,66
2025-03-21 02:00:00,SACSI Full,0.2466436476731314,0.03969058394432068,0.0,0.0,0.0,0.0,0.9990733534097672,66
2025-03-21 03:00:00,SACSI Full,0.24689536870002882,0.043516308069229126,0.0,0.0,0.0,0.0,0.9990914165973663,66
2025-03-21 04:00:00,SACSI Full,0.24744074570417543,0.04861310124397278,0.0,0.0,0.0,0.0,0.9989767700433732,66
2025-03-21 05:00:00,SACSI Full,0.24741287393887978,0.05963847041130066,0.0,0.0,0.0,0.0,0.9986969769001007,66
2025-03-21 06:00:00,SACSI Full,0.2474089284372344,0.08381634950637817,0.0,0.0,0.0,0.0,0.9980818942189217,66
2025-03-21 07:00:00,SACSI Full,0.2483115995423013,0.08130133152008057,0.0,0.0,0.0,0.0,0.9983488231897355,66
2025-03-21 08:00:00,SACSI Full,0.24848754717906454,0.20578429102897644,0.0,0.0,0.0,0.0,0.9946394845843315,66
2025-03-21 09:00:00,SACSI Full,0.24864707985957604,0.24335980415344238,0.0,0.0,0.0,0.0,0.9947570487856865,66
2025-03-21 10:00:00,SACSI Full,0.2488916009791706,0.3113563358783722,0.0,0.0,0.0,0.0,0.9930929079651832,66
2025-03-21 11:00:00,SACSI Full,0.24922589440981688,0.3297880291938782,0.0,0.0,0.0,0.0,0.9932199224829674,66
2025-03-21 12:00:00,SACSI Full,0.24921579296509563,0.21796956658363342,0.0,0.0,0.0,0.0,0.9945224240422249,66
2025-03-21 13:00:00,SACSI Full,0.2506130793277436,0.023185908794403076,0.0,0.0,0.0,0.0,0.9975884452462196,66
2025-03-21 14:00:00,SACSI Full,0.2528763002586379,0.01496627926826477,0.0,0.0,0.0,0.0,0.9996184781193733,66
2025-03-21 15:00:00,SACSI Full,0.25306134780566036,0.06801426410675049,0.0,0.0,0.0,0.0,0.9981092348694801,66
2025-03-21 16:00:00,SACSI Full,0.25310932687441645,0.041893720626831055,0.0,0.0,0.0,0.0,0.9989009201526642,66
2025-03-21 17:00:00,SACSI Full,0.2531623718754464,0.02641350030899048,0.0,0.0,0.0,0.0,0.9993169277906417,66
2025-03-21 18:00:00,SACSI Full,0.2529964353537573,0.035219043493270874,0.0,0.0,0.0,0.0,0.9992075636982918,66
2025-03-21 19:00:00,SACSI Full,0.25284747996409873,0.03181338310241699,0.0,0.0,0.0,0.0,0.9993296757340431,66
2025-03-21 20:00:00,SACSI Full,0.2527095226589852,0.01811280846595764,0.0,0.0,0.0,0.0,0.9995007380843163,66
2025-03-21 21:00:00,SACSI Full,0.25256348170519016,0.024187713861465454,0.0,0.0,0.0,0.0,0.9994554966688156,66
2025-03-21 22:00:00,SACSI Full,0.25244297985156516,0.031849443912506104,0.0,0.0,0.0,0.0,0.9992863938212394,66
2025-03-21 23:00:00,SACSI Full,0.25230450471401356,0.02645745873451233,0.0,0.0,0.0,0.0,0.9994169309735298,66
2025-03-22 00:00:00,SACSI Full,0.25248658814430375,0.02262502908706665,0.0,0.0,0.0,0.0,0.9995091751217843,66
2025-03-22 01:00:00,SACSI Full,0.25266809042930743,0.022450685501098633,0.0,0.0,0.0,0.0,0.9995492428541184,66
2025-03-22 02:00:00,SACSI Full,0.2525502392609928,0.024144649505615234,0.0,0.0,0.0,0.0,0.9995001673698426,66
2025-03-22 03:00:00,SACSI Full,0.25245042793512484,0.029556602239608765,0.0,0.0,0.0,0.0,0.9993547484278679,66
2025-03-22 04:00:00,SACSI Full,0.25233318569342433,0.041327327489852905,0.0,0.0,0.0,0.0,0.9990557461977004,66
2025-03-22 05:00:00,SACSI Full,0.25221408355554087,0.03226935863494873,0.0,0.0,0.0,0.0,0.9992640331387519,66
2025-03-22 06:00:00,SACSI Full,0.2521377824854865,0.062109678983688354,0.0,0.0,0.0,0.0,0.9984594032168388,66
2025-03-22 07:00:00,SACSI Full,0.2520548128803585,0.06860911846160889,0.0,0.0,0.0,0.0,0.9985628232359886,66
2025-03-22 08:00:00,SACSI Full,0.25196786807378274,0.10141655802726746,0.0,0.0,0.0,0.0,0.997643594443798,66
2025-03-22 09:00:00,SACSI Full,0.2520030076162035,0.19754186272621155,0.0,0.0,0.0,0.0,0.9950879096984863,66
2025-03-22 10:00:00,SACSI Full,0.25214801954349025,0.27300357818603516,0.0,0.0,0.0,0.0,0.993785311281681,66
2025-03-22 11:00:00,SACSI Full,0.2525420514138554,0.31570956110954285,0.0,0.0,0.0,0.0,0.993258748948574,66
2025-03-22 12:00:00,SACSI Full,0.2520230359037731,0.15029534697532654,0.0,0.0,0.0,0.0,0.9953399509191513,66
2025-03-22 13:00:00,SACSI Full,0.25140634777069226,0.04649356007575989,0.0,0.0,0.0,0.0,0.9980321109294891,66
2025-03-22 14:00:00,SACSI Full,0.2509016523289694,0.06309136748313904,0.0,0.0,0.0,0.0,0.9985721945762634,66
2025-03-22 15:00:00,SACSI Full,0.2506870731107408,0.05862623453140259,0.0,0.0,0.0,0.0,0.9987828239798546,66
2025-03-22 16:00:00,SACSI Full,0.25043953278700654,0.17223790287971497,0.0,0.0,0.0,0.0,0.9954191252589226,66
2025-03-22 17:00:00,SACSI Full,0.25015101692438263,0.07494524121284485,0.0,0.0,0.0,0.0,0.9975281685590744,66
2025-03-22 18:00:00,SACSI Full,0.24996105151812373,0.03651037812232971,0.0,0.0,0.0,0.0,0.9988854438066482,66
2025-03-22 19:00:00,SACSI Full,0.25013725793043906,0.020861923694610596,0.0,0.0,0.0,0.0,0.9994262769818306,66
2025-03-22 20:00:00,SACSI Full,0.2500546785386417,0.04322618246078491,0.0,0.0,0.0,0.0,0.9989118337631225,66
2025-03-22 21:00:00,SACSI Full,0.24997038352648554,0.042711496353149414,0.0,0.0,0.0,0.0,0.9991406232118607,66
2025-03-22 22:00:00,SACSI Full,0.24993430767854194,0.05717724561691284,0.0,0.0,0.0,0.0,0.9987117975950242,66
2025-03-22 23:00:00,SACSI Full,0.2498871120874101,0.05384132266044617,0.0,0.0,0.0,0.0,0.9988898143172263,66
2025-03-23 00:00:00,SACSI Full,0.24978075342257958,0.036092400550842285,0.0,0.0,0.0,0.0,0.9991006627678871,66
2025-03-23 01:00:00,SACSI Full,0.24967800729592782,0.037176162004470825,0.0,0.0,0.0,0.0,0.9992456391453743,66
2025-03-23 02:00:00,SACSI Full,0.2495645922033006,0.02547547221183777,0.0,0.0,0.0,0.0,0.9993734836578368,66
2025-03-23 03:00:00,SACSI Full,0.24946140847921514,0.03704488277435303,0.0,0.0,0.0,0.0,0.9991434082388878,66
2025-03-23 04:00:00,SACSI Full,0.24934881566524647,0.034222155809402466,0.0,0.0,0.0,0.0,0.9992873296141624,66
2025-03-23 05:00:00,SACSI Full,0.24923860034863296,0.026435405015945435,0.0,0.0,0.0,0.0,0.9993934243917465,66
2025-03-23 06:00:00,SACSI Full,0.24916362826506439,0.0370083749294281,0.0,0.0,0.0,0.0,0.9991541028022767,66
2025-03-23 07:00:00,SACSI Full,0.24904543655395653,0.04954248666763306,0.0,0.0,0.0,0.0,0.9988838091492653,66
2025-03-23 08:00:00,SACSI Full,0.24910812513192637,0.1973065733909607,0.0,0.0,0.0,0.0,0.9945762276649476,66
2025-03-23 09:00:00,SACSI Full,0.24986752103885157,0.4998187720775604,0.0,0.0,0.0,0.0,0.9869785025715828,66
2025-03-23 10:00:00,SACSI Full,0.2496584694814696,0.27728453278541565,0.0,0.0,0.0,0.0,0.9922289669513702,66
2025-03-23 11:00:00,SACSI Full,0.24879787620385627,0.14132201671600342,0.0,0.0,0.0,0.0,0.9958139345049858,66
2025-03-23 12:00:00,SACSI Full,0.24769042300224448,0.10976403951644897,0.0,0.0,0.0,0.0,0.9974891394376755,66
2025-03-23 13:00:00,SACSI Full,0.24662421147902946,0.1306365430355072,0.0,0.0,0.0,0.0,0.9971785441040993,66
2025-03-23 14:00:00,SACSI Full,0.24577840531746686,0.17125815153121948,0.0,0.0,0.0,0.0,0.9961686208844185,66
2025-03-23 15:00:00,SACSI Full,0.24538958436171357,0.24885371327400208,0.0,0.0,0.0,0.0,0.9942469701170922,66
2025-03-23 16:00:00,SACSI Full,0.24580463327407978,0.4135146737098694,0.0,0.0,0.0,0.0,0.9900830969214439,66
2025-03-23 17:00:00,SACSI Full,0.24595273527383948,0.23993059992790222,0.0,0.0,0.0,0.0,0.9934655472636224,66
2025-03-23 18:00:00,SACSI Full,0.2458470634841933,0.0702984631061554,0.0,0.0,0.0,0.0,0.9968977093696594,66
2025-03-23 19:00:00,SACSI Full,0.24576530140400077,0.051971375942230225,0.0,0.0,0.0,0.0,0.9987773016095162,66
2025-03-23 20:00:00,SACSI Full,0.2456863879291231,0.05282595753669739,0.0,0.0,0.0,0.0,0.9989349350333214,66
2025-03-23 21:00:00,SACSI Full,0.24560453892549025,0.05194529891014099,0.0,0.0,0.0,0.0,0.9989522874355317,66
2025-03-23 22:00:00,SACSI Full,0.24553754416148016,0.04790157079696655,0.0,0.0,0.0,0.0,0.9990015313029289,66
2025-03-23 23:00:00,SACSI Full,0.24544650538047302,0.04068836569786072,0.0,0.0,0.0,0.0,0.9991141006350517,66
2025-03-24 00:00:00,SACSI Full,0.24537843352794794,0.03907844424247742,0.0,0.0,0.0,0.0,0.9992023319005966,66
2025-03-24 01:00:00,SACSI Full,0.24527235603253195,0.019176751375198364,0.0,0.0,0.0,0.0,0.9994174480438233,66
2025-03-24 02:00:00,SACSI Full,0.24517397101322957,0.02148449420928955,0.0,0.0,0.0,0.0,0.9995472326874733,66
2025-03-24 03:00:00,SACSI Full,0.24510244957606142,0.0210435688495636,0.0,0.0,0.0,0.0,0.9995747193694114,66
2025-03-24 04:00:00,SACSI Full,0.24535948962370696,0.019612014293670654,0.0,0.0,0.0,0.0,0.9995934441685677,66
2025-03-24 05:00:00,SACSI Full,0.24527747352997603,0.026395171880722046,0.0,0.0,0.0,0.0,0.999404264986515,66
2025-03-24 06:00:00,SACSI Full,0.24520486851294976,0.02921849489212036,0.0,0.0,0.0,0.0,0.9993873968720436,66
2025-03-24 07:00:00,SACSI Full,0.2451786942211801,0.06864771246910095,0.0,0.0,0.0,0.0,0.9982327535748482,66
2025-03-24 08:00:00,SACSI Full,0.24520485260248326,0.18634751439094543,0.0,0.0,0.0,0.0,0.9950960516929627,66
2025-03-24 09:00:00,SACSI Full,0.2457951443688089,0.4745875298976898,0.0,0.0,0.0,0.0,0.9876258492469787,66
2025-03-24 10:00:00,SACSI Full,0.24548586822668853,0.3067171573638916,0.0,0.0,0.0,0.0,0.9921869531273843,66
2025-03-24 11:00:00,SACSI Full,0.24457624330361824,0.18611252307891846,0.0,0.0,0.0,0.0,0.9950717031955719,66
2025-03-24 12:00:00,SACSI Full,0.24418030873060365,0.27221962809562683,0.0,0.0,0.0,0.0,0.9936945363879204,66
2025-03-24 13:00:00,SACSI Full,0.24322711162169913,0.1475408673286438,0.0,0.0,0.0,0.0,0.9958023950457573,66
2025-03-24 14:00:00,SACSI Full,0.2421105145708734,0.10702088475227356,0.0,0.0,0.0,0.0,0.9974543824791908,66
2025-03-24 15:00:00,SACSI Full,0.24148220013141777,0.19400566816329956,0.0,0.0,0.0,0.0,0.9952500388026237,66
2025-03-24 16:00:00,SACSI Full,0.2415519141364112,0.3099142014980316,0.0,0.0,0.0,0.0,0.9926426306366921,66
2025-03-24 17:00:00,SACSI Full,0.24149723990996824,0.17059773206710815,0.0,0.0,0.0,0.0,0.9951948806643486,66
2025-03-24 18:00:00,SACSI Full,0.241407377258938,0.07504120469093323,0.0,0.0,0.0,0.0,0.9975436106324196,66
2025-03-24 19:00:00,SACSI Full,0.2413742868415529,0.0665728747844696,0.0,0.0,0.0,0.0,0.998583859205246,66
2025-03-24 20:00:00,SACSI Full,0.24146860112110918,0.09629428386688232,0.0,0.0,0.0,0.0,0.9977769002318382,66
2025-03-24 21:00:00,SACSI Full,0.24152952239513545,0.08627638220787048,0.0,0.0,0.0,0.0,0.9981742933392524,66
2025-03-24 22:00:00,SACSI Full,0.24157171363751243,0.08915737271308899,0.0,0.0,0.0,0.0,0.9981880426406861,66
2025-03-24 23:00:00,SACSI Full,0.24157672300577313,0.07800281047821045,0.0,0.0,0.0,0.0,0.9983283981680869,66
2025-03-25 00:00:00,SACSI Full,0.24156198462724834,0.06357848644256592,0.0,0.0,0.0,0.0,0.9985841870307922,66
2025-03-25 01:00:00,SACSI Full,0.2415280662361796,0.049324482679367065,0.0,0.0,0.0,0.0,0.9988709703087806,66
2025-03-25 02:00:00,SACSI Full,0.2414695430477475,0.04194304347038269,0.0,0.0,0.0,0.0,0.9990873247385025,66
2025-03-25 03:00:00,SACSI Full,0.2414483569709475,0.044644176959991455,0.0,0.0,0.0,0.0,0.9990801051259041,66
2025-03-25 04:00:00,SACSI Full,0.24144878525972516,0.05962848663330078,0.0,0.0,0.0,0.0,0.9986575871706009,66
2025-03-25 05:00:00,SACSI Full,0.2414526013445869,0.05214482545852661,0.0,0.0,0.0,0.0,0.9988822668790817,66
2025-03-25 06:00:00,SACSI Full,0.24178091463963336,0.04099398851394653,0.0,0.0,0.0,0.0,0.9990686118602752,66
2025-03-25 07:00:00,SACSI Full,0.24172316501855998,0.06767511367797852,0.0,0.0,0.0,0.0,0.9983796864748001,66
2025-03-25 08:00:00,SACSI Full,0.24169707632303386,0.11117339134216309,0.0,0.0,0.0,0.0,0.9973415493965149,66
2025-03-25 09:00:00,SACSI Full,0.24174811483939634,0.23631155490875244,0.0,0.0,0.0,0.0,0.9940223872661591,66
2025-03-25 10:00:00,SACSI Full,0.2414277663381909,0.3288954496383667,0.0,0.0,0.0,0.0,0.9924962520599365,66
2025-03-25 11:00:00,SACSI Full,0.24081324000358728,0.29164209961891174,0.0,0.0,0.0,0.0,0.9937946245074273,66
2025-03-25 12:00:00,SACSI Full,0.23952114286581822,0.139370858669281,0.0,0.0,0.0,0.0,0.9956898704171181,66
2025-03-25 13:00:00,SACSI Full,0.23826277000188975,0.1664881408214569,0.0,0.0,0.0,0.0,0.9963990643620491,66
2025-03-25 14:00:00,SACSI Full,0.2375784732532516,0.24521097540855408,0.0,0.0,0.0,0.0,0.9943085521459579,66
2025-03-25 15:00:00,SACSI Full,0.23752293269634392,0.33183783292770386,0.0,0.0,0.0,0.0,0.9924969747662544,66
2025-03-25 16:00:00,SACSI Full,0.23812653100252296,0.453079491853714,0.0,0.0,0.0,0.0,0.9897259935736656,66
2025-03-25 17:00:00,SACSI Full,0.2380911297067021,0.1678796112537384,0.0,0.0,0.0,0.0,0.9937904089689255,66
2025-03-25 18:00:00,SACSI Full,0.23812189301729347,0.07722899317741394,0.0,0.0,0.0,0.0,0.9975489139556885,66
2025-03-25 19:00:00,SACSI Full,0.23819066078027235,0.0716303288936615,0.0,0.0,0.0,0.0,0.9985114067792892,66
2025-03-25 20:00:00,SACSI Full,0.2383879128122344,0.11017560958862305,0.0,0.0,0.0,0.0,0.9974110350012779,66
2025-03-25 21:00:00,SACSI Full,0.23854714055776738,0.09876832365989685,0.0,0.0,0.0,0.0,0.9979105606675148,66
2025-03-25 22:00:00,SACSI Full,0.23872902700901175,0.10556593537330627,0.0,0.0,0.0,0.0,0.9978207051753998,66
2025-03-25 23:00:00,SACSI Full,0.23885078131437443,0.08752629160881042,0.0,0.0,0.0,0.0,0.9980690777301788,66
2025-03-26 00:00:00,SACSI Full,0.23895146239757678,0.08120432496070862,0.0,0.0,0.0,0.0,0.9983126938343048,66
2025-03-26 01:00:00,SACSI Full,0.23905307086388408,0.06448253989219666,0.0,0.0,0.0,0.0,0.998543131351471,66
2025-03-26 02:00:00,SACSI Full,0.23912218188444911,0.05473330616950989,0.0,0.0,0.0,0.0,0.998807841539383,66
2025-03-26 03:00:00,SACSI Full,0.2391703908149415,0.03996267914772034,0.0,0.0,0.0,0.0,0.9990530401468277,66
2025-03-26 04:00:00,SACSI Full,0.23921045427402002,0.03751903772354126,0.0,0.0,0.0,0.0,0.9992251828312874,66
2025-03-26 05:00:00,SACSI Full,0.23923394787311694,0.0410480797290802,0.0,0.0,0.0,0.0,0.9991437479853631,66
2025-03-26 06:00:00,SACSI Full,0.23926030646880606,0.04190757870674133,0.0,0.0,0.0,0.0,0.9991532534360886,66
2025-03-26 07:00:00,SACSI Full,0.2392781866979613,0.09036406874656677,0.0,0.0,0.0,0.0,0.9977081537246704,66
2025-03-26 08:00:00,SACSI Full,0.23971737046400846,0.32725512981414795,0.0,0.0,0.0,0.0,0.9910859867930413,66
2025-03-26 09:00:00,SACSI Full,0.24014920619408428,0.46105071902275085,0.0,0.0,0.0,0.0,0.989441029727459,66
2025-03-26 10:00:00,SACSI Full,0.23962694841464502,0.2853226661682129,0.0,0.0,0.0,0.0,0.9925362661480903,66
2025-03-26 11:00:00,SACSI Full,0.23840349668741367,0.16846448183059692,0.0,0.0,0.0,0.0,0.9954621285200118,66
2025-03-26 12:00:00,SACSI Full,0.23708349155903002,0.18199846148490906,0.0,0.0,0.0,0.0,0.9962246909737587,66
2025-03-26 13:00:00,SACSI Full,0.23579512186130028,0.18298909068107605,0.0,0.0,0.0,0.0,0.9963303118944169,66
2025-03-26 14:00:00,SACSI Full,0.23474891524156075,0.21313801407814026,0.0,0.0,0.0,0.0,0.9954357504844665,66
2025-03-26 15:00:00,SACSI Full,0.23456847099383812,0.3793667256832123,0.0,0.0,0.0,0.0,0.990750378370285,66
2025-03-26 16:00:00,SACSI Full,0.23507440304756305,0.4577796161174774,0.0,0.0,0.0,0.0,0.9900602787733078,66
2025-03-26 17:00:00,SACSI Full,0.23488456538915775,0.11304870247840881,0.0,0.0,0.0,0.0,0.9942917168140412,66
2025-03-26 18:00:00,SACSI Full,0.23488922338962695,0.05239740014076233,0.0,0.0,0.0,0.0,0.9983455389738083,66
2025-03-26 19:00:00,SACSI Full,0.23498734624306503,0.05493685603141785,0.0,0.0,0.0,0.0,0.998875868320465,66
2025-03-26 20:00:00,SACSI Full,0.23519981342236343,0.08074015378952026,0.0,0.0,0.0,0.0,0.9981271639466286,66
2025-03-26 21:00:00,SACSI Full,0.23539556967735437,0.08422687649726868,0.0,0.0,0.0,0.0,0.9982805952429772,66
2025-03-26 22:00:00,SACSI Full,0.23556006726980358,0.07484927773475647,0.0,0.0,0.0,0.0,0.9984092384576797,66
2025-03-26 23:00:00,SACSI Full,0.23571780844450146,0.06432235240936279,0.0,0.0,0.0,0.0,0.9986082836985588,66
2025-03-27 00:00:00,SACSI Full,0.2358722713637367,0.06333887577056885,0.0,0.0,0.0,0.0,0.9987233877182007,66
2025-03-27 01:00:00,SACSI Full,0.23599329309702072,0.053306519985198975,0.0,0.0,0.0,0.0,0.9988335460424423,66
2025-03-27 02:00:00,SACSI Full,0.23611229621966834,0.052700936794281006,0.0,0.0,0.0,0.0,0.9989399254322052,66
2025-03-27 03:00:00,SACSI Full,0.23620152086178617,0.04376739263534546,0.0,0.0,0.0,0.0,0.9990353167057037,66
2025-03-27 04:00:00,SACSI Full,0.2363061401247994,0.05688577890396118,0.0,0.0,0.0,0.0,0.9987311005592346,66
2025-03-27 05:00:00,SACSI Full,0.23640034672180968,0.04526197910308838,0.0,0.0,0.0,0.0,0.9989785224199295,66
2025-03-27 06:00:00,SACSI Full,0.2365276393262561,0.07218778133392334,0.0,0.0,0.0,0.0,0.9982869863510132,66
2025-03-27 07:00:00,SACSI Full,0.23662295194943903,0.11359378695487976,0.0,0.0,0.0,0.0,0.9973140642046928,66
2025-03-27 08:00:00,SACSI Full,0.23750425985654355,0.46839237213134766,0.0,0.0,0.0,0.0,0.9870841667056084,66
2025-03-27 09:00:00,SACSI Full,0.23818472208976904,0.5441386699676514,0.0,0.0,0.0,0.0,0.988359763622284,66
2025-03-27 10:00:00,SACSI Full,0.23779775340875148,0.34290939569473267,0.0,0.0,0.0,0.0,0.9911295193433761,66
2025-03-27 11:00:00,SACSI Full,0.2369582531793928,0.29214993119239807,0.0,0.0,0.0,0.0,0.9936494067311287,66
2025-03-27 12:00:00,SACSI Full,0.23572778962532837,0.20886093378067017,0.0,0.0,0.0,0.0,0.9949898913502694,66
2025-03-27 13:00:00,SACSI Full,0.2344525175515826,0.18691837787628174,0.0,0.0,0.0,0.0,0.9960422068834305,66
2025-03-27 14:00:00,SACSI Full,0.2339513584208504,0.3681522607803345,0.0,0.0,0.0,0.0,0.9908246159553528,66
2025-03-27 15:00:00,SACSI Full,0.23417534907261686,0.5006971955299377,0.0,0.0,0.0,0.0,0.9886606067419053,66
2025-03-27 16:00:00,SACSI Full,0.23521932440678436,0.6191926002502441,0.0,0.0,0.0,0.0,0.986431193947792,66
2025-03-27 17:00:00,SACSI Full,0.23539016736825463,0.22125288844108582,0.0,0.0,0.0,0.0,0.9915955451130867,66
2025-03-27 18:00:00,SACSI Full,0.2355110961492872,0.08727863430976868,0.0,0.0,0.0,0.0,0.9969146847724915,66
2025-03-27 19:00:00,SACSI Full,0.23575483884493664,0.10712280869483948,0.0,0.0,0.0,0.0,0.9976591020822525,66
2025-03-27 20:00:00,SACSI Full,0.23622179722706632,0.16558751463890076,0.0,0.0,0.0,0.0,0.9961036026477814,66
2025-03-27 21:00:00,SACSI Full,0.23675985898335933,0.18691852688789368,0.0,0.0,0.0,0.0,0.9960483193397522,66
2025-03-27 22:00:00,SACSI Full,0.2371718573784844,0.16609951853752136,0.0,0.0,0.0,0.0,0.9964698195457459,66
2025-03-27 23:00:00,SACSI Full,0.2375062443343814,0.134316086769104,0.0,0.0,0.0,0.0,0.9969958439469337,66
2025-03-28 00:00:00,SACSI Full,0.2377655639759715,0.10329589247703552,0.0,0.0,0.0,0.0,0.9976238802075387,66
2025-03-28 01:00:00,SACSI Full,0.23787253563563188,0.05759149789810181,0.0,0.0,0.0,0.0,0.9983911260962486,66
2025-03-28 02:00:00,SACSI Full,0.23797461848974388,0.0476248562335968,0.0,0.0,0.0,0.0,0.998947836458683,66
2025-03-28 03:00:00,SACSI Full,0.23804261493762496,0.03739893436431885,0.0,0.0,0.0,0.0,0.9991497620940208,66
2025-03-28 04:00:00,SACSI Full,0.23806065573930904,0.022412240505218506,0.0,0.0,0.0,0.0,0.9994018882513046,66
2025-03-28 05:00:00,SACSI Full,0.23808528335094617,0.024388283491134644,0.0,0.0,0.0,0.0,0.9994924739003181,66
2025-03-28 06:00:00,SACSI Full,0.23812537661234703,0.03752797842025757,0.0,0.0,0.0,0.0,0.9991180434823036,66
2025-03-28 07:00:00,SACSI Full,0.23809276826461323,0.05821749567985535,0.0,0.0,0.0,0.0,0.9986287549138069,66
2025-03-28 08:00:00,SACSI Full,0.23868470307191383,0.3815804421901703,0.0,0.0,0.0,0.0,0.9891347616910934,66
2025-03-28 09:00:00,SACSI Full,0.23971220460732948,0.6482504606246948,0.0,0.0,0.0,0.0,0.9843682906031609,66
2025-03-28 10:00:00,SACSI Full,0.2394469734462119,0.3794306516647339,0.0,0.0,0.0,0.0,0.9897231888771056,66
2025-03-28 11:00:00,SACSI Full,0.2387077694559114,0.3222388029098511,0.0,0.0,0.0,0.0,0.9929833054542542,66
2025-03-28 12:00:00,SACSI Full,0.23768940926154622,0.28099194169044495,0.0,0.0,0.0,0.0,0.9939676925539971,66
2025-03-28 13:00:00,SACSI Full,0.2364555055260675,0.20782887935638428,0.0,0.0,0.0,0.0,0.9951117917895317,66
2025-03-28 14:00:00,SACSI Full,0.23571510152975886,0.3048788011074066,0.0,0.0,0.0,0.0,0.9929319247603416,66
2025-03-28 15:00:00,SACSI Full,0.23560020573457252,0.4075312614440918,0.0,0.0,0.0,0.0,0.9908228501677513,66
2025-03-28 16:00:00,SACSI Full,0.2360247622815785,0.4418669641017914,0.0,0.0,0.0,0.0,0.9908193036913873,66
2025-03-28 17:00:00,SACSI Full,0.23583433255036843,0.11287108063697815,0.0,0.0,0.0,0.0,0.9944526195526123,66
2025-03-28 18:00:00,SACSI Full,0.2358380033659952,0.04360124468803406,0.0,0.0,0.0,0.0,0.9984352767467498,66
2025-03-28 19:00:00,SACSI Full,0.23599767202298016,0.0564005970954895,0.0,0.0,0.0,0.0,0.9987439945340156,66
2025-03-28 20:00:00,SACSI Full,0.23644835462888253,0.15220478177070618,0.0,0.0,0.0,0.0,0.9959978625178337,66
2025-03-28 21:00:00,SACSI Full,0.23682646632751003,0.13893350958824158,0.0,0.0,0.0,0.0,0.9970886170864105,66
2025-03-28 22:00:00,SACSI Full,0.2371876855731028,0.13386577367782593,0.0,0.0,0.0,0.0,0.9972720071673393,66
2025-03-28 23:00:00,SACSI Full,0.2375352295263626,0.1297631859779358,0.0,0.0,0.0,0.0,0.9973637104034423,66
2025-03-29 00:00:00,SACSI Full,0.23779500365336914,0.10343223810195923,0.0,0.0,0.0,0.0,0.9976680457592011,66
2025-03-29 01:00:00,SACSI Full,0.2380217319719015,0.09351849555969238,0.0,0.0,0.0,0.0,0.9980304926633835,66
2025-03-29 02:00:00,SACSI Full,0.23820285379648393,0.07983654737472534,0.0,0.0,0.0,0.0,0.9982664495706559,66
2025-03-29 03:00:00,SACSI Full,0.23837689061562406,0.07771104574203491,0.0,0.0,0.0,0.0,0.9984245240688324,66
2025-03-29 04:00:00,SACSI Full,0.23853744810978758,0.06516724824905396,0.0,0.0,0.0,0.0,0.9985712170600891,66
2025-03-29 05:00:00,SACSI Full,0.23867195562521806,0.06585225462913513,0.0,0.0,0.0,0.0,0.9986761048436165,66
2025-03-29 06:00:00,SACSI Full,0.23882601319869545,0.08021727204322815,0.0,0.0,0.0,0.0,0.9982520043849945,66
2025-03-29 07:00:00,SACSI Full,0.23895844511111766,0.12472957372665405,0.0,0.0,0.0,0.0,0.9970602855086326,66
2025-03-29 08:00:00,SACSI Full,0.2397000349950809,0.4349769651889801,0.0,0.0,0.0,0.0,0.9881979867815971,66
2025-03-29 09:00:00,SACSI Full,0.2407364653062839,0.6509290933609009,0.0,0.0,0.0,0.0,0.9848218968510627,66
2025-03-29 10:00:00,SACSI Full,0.2405887126819311,0.4061742126941681,0.0,0.0,0.0,0.0,0.9894289669394494,66
2025-03-29 11:00:00,SACSI Full,0.2398760703110713,0.30470728874206543,0.0,0.0,0.0,0.0,0.9928911849856377,66
2025-03-29 12:00:00,SACSI Full,0.23911063577254793,0.33136963844299316,0.0,0.0,0.0,0.0,0.993105983734131,66
2025-03-29 13:00:00,SACSI Full,0.23887955687443593,0.49167633056640625,0.0,0.0,0.0,0.0,0.9885634064674378,66
2025-03-29 14:00:00,SACSI Full,0.23895626901388345,0.533013641834259,0.0,0.0,0.0,0.0,0.9889263540506363,66
2025-03-29 15:00:00,SACSI Full,0.23965363644361673,0.6342102289199829,0.0,0.0,0.0,0.0,0.986303829550743,66
2025-03-29 16:00:00,SACSI Full,0.24084145242134908,0.6708447933197021,0.0,0.0,0.0,0.0,0.9862167584896088,66
2025-03-29 17:00:00,SACSI Full,0.24148266788641792,0.37936463952064514,0.0,0.0,0.0,0.0,0.9894979056715965,66
2025-03-29 18:00:00,SACSI Full,0.24191221802552723,0.21386504173278809,0.0,0.0,0.0,0.0,0.9940677031874657,66
2025-03-29 19:00:00,SACSI Full,0.242532418656351,0.23706018924713135,0.0,0.0,0.0,0.0,0.995026844739914,66
2025-03-29 20:00:00,SACSI Full,0.24378768465678077,0.43607980012893677,0.0,0.0,0.0,0.0,0.9892882078886033,66
2025-03-29 21:00:00,SACSI Full,0.24498444671154204,0.41852861642837524,0.0,0.0,0.0,0.0,0.9914539158344269,66
2025-03-29 22:00:00,SACSI Full,0.2463337179462133,0.45578137040138245,0.0,0.0,0.0,0.0,0.9905118450522423,66
2025-03-29 23:00:00,SACSI Full,0.2473860450665174,0.3581981360912323,0.0,0.0,0.0,0.0,0.9918602049350739,66
2025-03-30 00:00:00,SACSI Full,0.24817096763769964,0.2694767713546753,0.0,0.0,0.0,0.0,0.9937232509255409,66
2025-03-30 01:00:00,SACSI Full,0.2488238261842745,0.22985756397247314,0.0,0.0,0.0,0.0,0.9950066566467285,66
2025-03-30 02:00:00,SACSI Full,0.24923377864996765,0.16548573970794678,0.0,0.0,0.0,0.0,0.9960465669631957,66
2025-03-30 03:00:00,SACSI Full,0.24949743674755268,0.1130974292755127,0.0,0.0,0.0,0.0,0.9972141683101654,66
2025-03-30 04:00:00,SACSI Full,0.2496569968231536,0.08186802268028259,0.0,0.0,0.0,0.0,0.998050345480442,66
2025-03-30 05:00:00,SACSI Full,0.24986471943855454,0.09631678462028503,0.0,0.0,0.0,0.0,0.9979291766881943,66
2025-03-30 06:00:00,SACSI Full,0.24995790076732802,0.07895439863204956,0.0,0.0,0.0,0.0,0.9982472881674767,66
2025-03-30 07:00:00,SACSI Full,0.2500098753500002,0.10059237480163574,0.0,0.0,0.0,0.0,0.9977717727422715,66
2025-03-30 08:00:00,SACSI Full,0.25022871938785085,0.25265321135520935,0.0,0.0,0.0,0.0,0.9934263274073601,66
2025-03-30 09:00:00,SACSI Full,0.25005930181026625,0.22967472672462463,0.0,0.0,0.0,0.0,0.9951767206192016,66
2025-03-30 10:00:00,SACSI Full,0.24923129515409637,0.1425980031490326,0.0,0.0,0.0,0.0,0.9962772727012634,66
2025-03-30 11:00:00,SACSI Full,0.247926758663656,0.0676390528678894,0.0,0.0,0.0,0.0,0.9978976294398307,66
2025-03-30 12:00:00,SACSI Full,0.24660869731426407,0.09758159518241882,0.0,0.0,0.0,0.0,0.9977489426732064,66
2025-03-30 13:00:00,SACSI Full,0.24534428557475574,0.1306764781475067,0.0,0.0,0.0,0.0,0.997055521607399,66
2025-03-30 14:00:00,SACSI Full,0.24436089937289723,0.18098413944244385,0.0,0.0,0.0,0.0,0.9958772405982018,66
2025-03-30 15:00:00,SACSI Full,0.24383159119447237,0.24070754647254944,0.0,0.0,0.0,0.0,0.9945886150002479,66
2025-03-30 16:00:00,SACSI Full,0.24403555671453642,0.3501896560192108,0.0,0.0,0.0,0.0,0.9919013857841491,66
2025-03-30 17:00:00,SACSI Full,0.2443303475348171,0.25843724608421326,0.0,0.0,0.0,0.0,0.9939137309789657,66
2025-03-30 18:00:00,SACSI Full,0.2452913715163883,0.26480719447135925,0.0,0.0,0.0,0.0,0.9946401566267014,66
2025-03-30 19:00:00,SACSI Full,0.24589062806844875,0.23077696561813354,0.0,0.0,0.0,0.0,0.9950441583991051,66
2025-03-30 20:00:00,SACSI Full,0.24650656077544056,0.22727981209754944,0.0,0.0,0.0,0.0,0.9954194322228432,66
2025-03-30 21:00:00,SACSI Full,0.24692315766891004,0.16747906804084778,0.0,0.0,0.0,0.0,0.996052411198616,66
2025-03-30 22:00:00,SACSI Full,0.247764720420839,0.09496882557868958,0.0,0.0,0.0,0.0,0.9973755210638047,66
2025-03-30 23:00:00,SACSI Full,0.24805640286684194,0.13000473380088806,0.0,0.0,0.0,0.0,0.9970495462417602,66
2025-03-31 00:00:00,SACSI Full,0.248421145030659,0.05192264914512634,0.0,0.0,0.0,0.0,0.9981807261705399,66
2025-03-31 01:00:00,SACSI Full,0.24842788078387731,0.03602072596549988,0.0,0.0,0.0,0.0,0.9991205662488937,66
2025-03-31 02:00:00,SACSI Full,0.24841415403127826,0.02138197422027588,0.0,0.0,0.0,0.0,0.9994259729981423,66
2025-03-31 03:00:00,SACSI Full,0.2484002534317986,0.021329820156097412,0.0,0.0,0.0,0.0,0.9995728820562363,66
2025-03-31 04:00:00,SACSI Full,0.24838094073057335,0.01970618963241577,0.0,0.0,0.0,0.0,0.9995896399021148,66
2025-03-31 05:00:00,SACSI Full,0.24835111078977745,0.01655101776123047,0.0,0.0,0.0,0.0,0.9996374279260636,66
2025-03-31 06:00:00,SACSI Full,0.24826785640955132,0.026023685932159424,0.0,0.0,0.0,0.0,0.9993847995996475,66
2025-03-31 07:00:00,SACSI Full,0.24815570837815765,0.04285559058189392,0.0,0.0,0.0,0.0,0.9989745691418648,66
2025-03-31 08:00:00,SACSI Full,0.24822759345611098,0.2000655233860016,0.0,0.0,0.0,0.0,0.994426590204239,66
2025-03-31 09:00:00,SACSI Full,0.24809810625473822,0.2501538395881653,0.0,0.0,0.0,0.0,0.9944960400462151,66
2025-03-31 10:00:00,SACSI Full,0.24756019827445508,0.09562760591506958,0.0,0.0,0.0,0.0,0.9965421855449677,66
2025-03-31 11:00:00,SACSI Full,0.24656731523672898,0.09313508868217468,0.0,0.0,0.0,0.0,0.9981123730540276,66
2025-03-31 12:00:00,SACSI Full,0.24528853944540183,0.04136726260185242,0.0,0.0,0.0,0.0,0.9986549764871597,66
2025-03-31 13:00:00,SACSI Full,0.2445500756748533,0.06946086883544922,0.0,0.0,0.0,0.0,0.9983298465609551,66
2025-03-31 14:00:00,SACSI Full,0.24357060474395908,0.06315872073173523,0.0,0.0,0.0,0.0,0.9986738041043282,66
2025-03-31 15:00:00,SACSI Full,0.24320869673331733,0.08892759680747986,0.0,0.0,0.0,0.0,0.9979637593030929,66
2025-03-31 16:00:00,SACSI Full,0.24298481995026425,0.17933696508407593,0.0,0.0,0.0,0.0,0.9955091670155525,66
2025-03-31 17:00:00,SACSI Full,0.24301949920177615,0.054903775453567505,0.0,0.0,0.0,0.0,0.9976575925946235,66
2025-03-31 18:00:00,SACSI Full,0.2428788477325455,0.03430455923080444,0.0,0.0,0.0,0.0,0.9991079166531563,66
2025-03-31 19:00:00,SACSI Full,0.24295765437364736,0.09164199233055115,0.0,0.0,0.0,0.0,0.9975937858223916,66
2025-03-31 20:00:00,SACSI Full,0.24302648644288538,0.08014962077140808,0.0,0.0,0.0,0.0,0.9982820838689804,66
2025-03-31 21:00:00,SACSI Full,0.24329322366953052,0.022521167993545532,0.0,0.0,0.0,0.0,0.9989732921123505,66
2025-03-31 22:00:00,SACSI Full,0.24452036056359763,0.01064106822013855,0.0,0.0,0.0,0.0,0.9996683776378631,66
2025-03-31 23:00:00,SACSI Full,0.24476779681285374,0.01673087477684021,0.0,0.0,0.0,0.0,0.9996044844388963,66
2025-04-01 00:00:00,SACSI Full,0.2450369244511937,0.014738291501998901,0.0,0.0,0.0,0.0,0.9996853083372116,66
2025-04-01 01:00:00,SACSI Full,0.24499707371076093,0.022044777870178223,0.0,0.0,0.0,0.0,0.9994860395789147,66
2025-04-01 02:00:00,SACSI Full,0.2449345548272147,0.015244334936141968,0.0,0.0,0.0,0.0,0.9996271088719367,66
2025-04-01 03:00:00,SACSI Full,0.2449114333891883,0.018563568592071533,0.0,0.0,0.0,0.0,0.9995955362915993,66
2025-04-01 04:00:00,SACSI Full,0.24489132546266068,0.01946762204170227,0.0,0.0,0.0,0.0,0.9996016070246696,66
2025-04-01 05:00:00,SACSI Full,0.2449224330584223,0.04333227872848511,0.0,0.0,0.0,0.0,0.9988947078585625,66
2025-04-01 06:00:00,SACSI Full,0.24493157236894117,0.036741793155670166,0.0,0.0,0.0,0.0,0.9991992592811585,66
2025-04-01 07:00:00,SACSI Full,0.2452259042255098,0.07329955697059631,0.0,0.0,0.0,0.0,0.9981684312224388,66
2025-04-01 08:00:00,SACSI Full,0.2452697905182853,0.1916658878326416,0.0,0.0,0.0,0.0,0.9949830189347267,66
2025-04-01 09:00:00,SACSI Full,0.24540623811483528,0.33843427896499634,0.0,0.0,0.0,0.0,0.9917636305093765,66
2025-04-01 10:00:00,SACSI Full,0.24534692027648433,0.37320464849472046,0.0,0.0,0.0,0.0,0.9921882033348084,66
2025-04-01 11:00:00,SACSI Full,0.24445303717136524,0.19933506846427917,0.0,0.0,0.0,0.0,0.99427460283041,66
2025-04-01 12:00:00,SACSI Full,0.24311680114110454,0.08362919092178345,0.0,0.0,0.0,0.0,0.9971703574061394,66
2025-04-01 13:00:00,SACSI Full,0.24442319236755514,0.008417367935180664,0.0,0.0,0.0,0.0,0.9990795344114304,66
2025-04-01 14:00:00,SACSI Full,0.24801909643888617,0.010271221399307251,0.0,0.0,0.0,0.0,0.9997760370373726,66
2025-04-01 15:00:00,SACSI Full,0.2519941366887107,0.013512074947357178,0.0,0.0,0.0,0.0,0.9996973499655724,66
2025-04-01 16:00:00,SACSI Full,0.25790479731798316,0.009198188781738281,0.0,0.0,0.0,0.0,0.999772897362709,66
2025-04-01 17:00:00,SACSI Full,0.26161943815469885,0.007892251014709473,0.0,0.0,0.0,0.0,0.9998290956020356,66
2025-04-01 18:00:00,SACSI Full,0.2614366107042645,0.013151764869689941,0.0,0.0,0.0,0.0,0.9996843695640564,66
2025-04-01 19:00:00,SACSI Full,0.26134798819780497,0.01591324806213379,0.0,0.0,0.0,0.0,0.9996541202068329,66
2025-04-01 20:00:00,SACSI Full,0.26154793616771843,0.0109843909740448,0.0,0.0,0.0,0.0,0.9997310236096382,66
2025-04-01 21:00:00,SACSI Full,0.2630634557835275,0.005655884742736816,0.0,0.0,0.0,0.0,0.9998335972428322,66
2025-04-01 22:00:00,SACSI Full,0.26728042561531207,0.007590949535369873,0.0,0.0,0.0,0.0,0.9998288303613663,66
2025-04-01 23:00:00,SACSI Full,0.2674961750419948,0.007224828004837036,0.0,0.0,0.0,0.0,0.9998518422245979,66
2025-04-02 00:00:00,SACSI Full,0.2673834633183493,0.008686482906341553,0.0,0.0,0.0,0.0,0.9998116537928582,66
2025-04-02 01:00:00,SACSI Full,0.26762349842627975,0.006010532379150391,0.0,0.0,0.0,0.0,0.9998530298471451,66
2025-04-02 02:00:00,SACSI Full,0.26751385534842936,0.009607076644897461,0.0,0.0,0.0,0.0,0.9997718930244446,66
2025-04-02 03:00:00,SACSI Full,0.26806580062151086,0.008083581924438477,0.0,0.0,0.0,0.0,0.9998230934143066,66
2025-04-02 04:00:00,SACSI Full,0.27261570393880336,0.007470995187759399,0.0,0.0,0.0,0.0,0.999844454228878,66
2025-04-02 05:00:00,SACSI Full,0.276163631858827,0.006878376007080078,0.0,0.0,0.0,0.0,0.9998565062880516,66
2025-04-02 06:00:00,SACSI Full,0.27602451501210656,0.009264945983886719,0.0,0.0,0.0,0.0,0.9997908353805541,66
2025-04-02 07:00:00,SACSI Full,0.2757656694849345,0.015846341848373413,0.0,0.0,0.0,0.0,0.9996172592043876,66
2025-04-02 08:00:00,SACSI Full,0.27528790612618254,0.026670992374420166,0.0,0.0,0.0,0.0,0.9993583336472511,66
2025-04-02 09:00:00,SACSI Full,0.27457775570790094,0.06745487451553345,0.0,0.0,0.0,0.0,0.9982430636882782,66
2025-04-02 10:00:00,SACSI Full,0.27345015753189844,0.027220547199249268,0.0,0.0,0.0,0.0,0.9990532457828523,66
2025-04-02 11:00:00,SACSI Full,0.2720724139229469,0.02017691731452942,0.0,0.0,0.0,0.0,0.9995260253548622,66
2025-04-02 12:00:00,SACSI Full,0.2706170416871719,0.013888329267501831,0.0,0.0,0.0,0.0,0.9996593475341796,66
2025-04-02 13:00:00,SACSI Full,0.2691446739149106,0.017289668321609497,0.0,0.0,0.0,0.0,0.9996201932430268,66
2025-04-02 14:00:00,SACSI Full,0.26787124393224837,0.03447100520133972,0.0,0.0,0.0,0.0,0.9991387665271758,66
2025-04-02 15:00:00,SACSI Full,0.2668420888217302,0.039753466844558716,0.0,0.0,0.0,0.0,0.9991521060466766,66
2025-04-02 16:00:00,SACSI Full,0.26660507400274397,0.07539555430412292,0.0,0.0,0.0,0.0,0.9981356680393219,66
2025-04-02 17:00:00,SACSI Full,0.26626918165365976,0.0522322952747345,0.0,0.0,0.0,0.0,0.9987237215042114,66
2025-04-02 18:00:00,SACSI Full,0.267027527364891,0.012503713369369507,0.0,0.0,0.0,0.0,0.9993526399135589,66
2025-04-02 19:00:00,SACSI Full,0.2688228592824948,0.0065995752811431885,0.0,0.0,0.0,0.0,0.9998089671134949,66
2025-04-02 20:00:00,SACSI Full,0.26870493314584215,0.007122159004211426,0.0,0.0,0.0,0.0,0.999852330982685,66
2025-04-02 21:00:00,SACSI Full,0.2685763618508986,0.012428611516952515,0.0,0.0,0.0,0.0,0.9996983632445335,66
2025-04-02 22:00:00,SACSI Full,0.26845638279676554,0.0235062837600708,0.0,0.0,0.0,0.0,0.9994190976023674,66
2025-04-02 23:00:00,SACSI Full,0.26837950260241944,0.04493594169616699,0.0,0.0,0.0,0.0,0.9988869845867157,66
2025-04-03 00:00:00,SACSI Full,0.2683138057295493,0.04829093813896179,0.0,0.0,0.0,0.0,0.9990006312727928,66
2025-04-03 01:00:00,SACSI Full,0.2682389622926724,0.037046968936920166,0.0,0.0,0.0,0.0,0.9991466209292411,66
2025-04-03 02:00:00,SACSI Full,0.2681336735653889,0.019413381814956665,0.0,0.0,0.0,0.0,0.9994353964924811,66
2025-04-03 03:00:00,SACSI Full,0.27000986047665393,0.0053560733795166016,0.0,0.0,0.0,0.0,0.9997523054480553,66
2025-04-03 04:00:00,SACSI Full,0.2722490144292525,0.005746185779571533,0.0,0.0,0.0,0.0,0.9998811751604081,66
2025-04-03 05:00:00,SACSI Full,0.27481799547195546,0.004694312810897827,0.0,0.0,0.0,0.0,0.9998955950140953,66
2025-04-03 06:00:00,SACSI Full,0.2786618411342314,0.004153698682785034,0.0,0.0,0.0,0.0,0.9999115198850632,66
2025-04-03 07:00:00,SACSI Full,0.290106412048341,0.00987127423286438,0.0,0.0,0.0,0.0,0.9997453987598419,66
2025-04-03 08:00:00,SACSI Full,0.2898687134027492,0.007190406322479248,0.0,0.0,0.0,0.0,0.9998293831944466,66
2025-04-03 09:00:00,SACSI Full,0.2900860684069009,0.011706501245498657,0.0,0.0,0.0,0.0,0.9997207090258597,66
2025-04-03 10:00:00,SACSI Full,0.28900353462219347,0.015239864587783813,0.0,0.0,0.0,0.0,0.9996598690748214,66
2025-04-03 11:00:00,SACSI Full,0.2876935923584313,0.006517320871353149,0.0,0.0,0.0,0.0,0.9997824281454086,66
2025-04-03 12:00:00,SACSI Full,0.2862389599823963,0.005610287189483643,0.0,0.0,0.0,0.0,0.9998787239193916,66
2025-04-03 13:00:00,SACSI Full,0.2852635197997104,0.006867945194244385,0.0,0.0,0.0,0.0,0.9998500645160675,66
2025-04-03 14:00:00,SACSI Full,0.28487734129270026,0.0071464478969573975,0.0,0.0,0.0,0.0,0.9998542860150338,66
2025-04-03 15:00:00,SACSI Full,0.2841024606768301,0.007535815238952637,0.0,0.0,0.0,0.0,0.9998453900218011,66
2025-04-03 16:00:00,SACSI Full,0.28405470513026027,0.006673336029052734,0.0,0.0,0.0,0.0,0.99985790848732,66
2025-04-03 17:00:00,SACSI Full,0.2841988833649964,0.004753470420837402,0.0,0.0,0.0,0.0,0.9998857319355011,66
2025-04-03 18:00:00,SACSI Full,0.28461980613629134,0.0027768313884735107,0.0,0.0,0.0,0.0,0.9999246969819069,66
2025-04-03 19:00:00,SACSI Full,0.2844626747790983,0.0038605928421020508,0.0,0.0,0.0,0.0,0.9999119505286217,66
2025-04-03 20:00:00,SACSI Full,0.2842548372197162,0.0056487321853637695,0.0,0.0,0.0,0.0,0.9998691439628601,66
2025-04-03 21:00:00,SACSI Full,0.28407162955840537,0.004537701606750488,0.0,0.0,0.0,0.0,0.9998981356620789,66
2025-04-03 22:00:00,SACSI Full,0.28389166786670794,0.005511492490768433,0.0,0.0,0.0,0.0,0.9998800322413445,66
2025-04-03 23:00:00,SACSI Full,0.28368449936946344,0.0058494508266448975,0.0,0.0,0.0,0.0,0.9998796314001084,66
2025-04-04 00:00:00,SACSI Full,0.2838342728773764,0.004432052373886108,0.0,0.0,0.0,0.0,0.9998971849679946,66
2025-04-04 01:00:00,SACSI Full,0.2836536689456315,0.005318820476531982,0.0,0.0,0.0,0.0,0.9998847559094429,66
2025-04-04 02:00:00,SACSI Full,0.2841627135101965,0.003713369369506836,0.0,0.0,0.0,0.0,0.9999096781015396,66
2025-04-04 03:00:00,SACSI Full,0.28431215223868794,0.004331618547439575,0.0,0.0,0.0,0.0,0.999907185137272,66
2025-04-04 04:00:00,SACSI Full,0.284186309115093,0.004747062921524048,0.0,0.0,0.0,0.0,0.9999009042978287,66
2025-04-04 05:00:00,SACSI Full,0.2840588328242312,0.004257112741470337,0.0,0.0,0.0,0.0,0.9999099582433701,66
2025-04-04 06:00:00,SACSI Full,0.283907202975751,0.005511045455932617,0.0,0.0,0.0,0.0,0.9998772397637368,66
2025-04-04 07:00:00,SACSI Full,0.28362261271238426,0.008122920989990234,0.0,0.0,0.0,0.0,0.9998114228248597,66
2025-04-04 08:00:00,SACSI Full,0.28337879141092404,0.013853609561920166,0.0,0.0,0.0,0.0,0.9996656209230423,66
2025-04-04 09:00:00,SACSI Full,0.2829054019212733,0.021483153104782104,0.0,0.0,0.0,0.0,0.9994940415024757,66
2025-04-04 10:00:00,SACSI Full,0.2818973406974485,0.02058163285255432,0.0,0.0,0.0,0.0,0.9995793521404266,66
2025-04-04 11:00:00,SACSI Full,0.28089130866209766,0.006190389394760132,0.0,0.0,0.0,0.0,0.9997322797775269,66
2025-04-04 12:00:00,SACSI Full,0.2797692427062998,0.005380213260650635,0.0,0.0,0.0,0.0,0.9998842939734458,66
2025-04-04 13:00:00,SACSI Full,0.27837574734528964,0.006951391696929932,0.0,0.0,0.0,0.0,0.9998452603816986,66
2025-04-04 14:00:00,SACSI Full,0.27706772733132146,0.007093995809555054,0.0,0.0,0.0,0.0,0.9998566940426826,66
2025-04-04 15:00:00,SACSI Full,0.27599454524994,0.02654537558555603,0.0,0.0,0.0,0.0,0.9992745786905288,66
2025-04-04 16:00:00,SACSI Full,0.2752327722764025,0.03496810793876648,0.0,0.0,0.0,0.0,0.9992164105176926,66
2025-04-04 17:00:00,SACSI Full,0.27473523507674635,0.020738840103149414,0.0,0.0,0.0,0.0,0.9994429305195808,66
2025-04-04 18:00:00,SACSI Full,0.2744876625434568,0.010728240013122559,0.0,0.0,0.0,0.0,0.9996853291988372,66
2025-04-04 19:00:00,SACSI Full,0.2743378801735253,0.01456528902053833,0.0,0.0,0.0,0.0,0.999670323729515,66
2025-04-04 20:00:00,SACSI Full,0.2742113950411489,0.013054460287094116,0.0,0.0,0.0,0.0,0.9997238025069237,66
2025-04-04 21:00:00,SACSI Full,0.2740745282697688,0.009939968585968018,0.0,0.0,0.0,0.0,0.9997700557112693,66
2025-04-04 22:00:00,SACSI Full,0.27392622436046704,0.006508827209472656,0.0,0.0,0.0,0.0,0.9998355120420456,66
2025-04-04 23:00:00,SACSI Full,0.2738037652905792,0.005762279033660889,0.0,0.0,0.0,0.0,0.9998772889375687,66
2025-04-05 00:00:00,SACSI Full,0.27403774158636823,0.0041928887367248535,0.0,0.0,0.0,0.0,0.9999004483222961,66
2025-04-05 01:00:00,SACSI Full,0.27460164331992565,0.003170520067214966,0.0,0.0,0.0,0.0,0.9999263659119606,66
2025-04-05 02:00:00,SACSI Full,0.27450513488769623,0.005047470331192017,0.0,0.0,0.0,0.0,0.9998802810907363,66
2025-04-05 03:00:00,SACSI Full,0.2744089408699681,0.005141794681549072,0.0,0.0,0.0,0.0,0.9998962208628654,66
2025-04-05 04:00:00,SACSI Full,0.27432149085362845,0.007764995098114014,0.0,0.0,0.0,0.0,0.9998184680938721,66
2025-04-05 05:00:00,SACSI Full,0.2742117966151246,0.009591728448867798,0.0,0.0,0.0,0.0,0.9997898980975152,66
2025-04-05 06:00:00,SACSI Full,0.2740723832352965,0.009175986051559448,0.0,0.0,0.0,0.0,0.9998123228549958,66
2025-04-05 07:00:00,SACSI Full,0.27381755108753925,0.017050355672836304,0.0,0.0,0.0,0.0,0.9995802491903305,66
2025-04-05 08:00:00,SACSI Full,0.2733133364121128,0.027235597372055054,0.0,0.0,0.0,0.0,0.9993534356355667,66
2025-04-05 09:00:00,SACSI Full,0.2724965858014433,0.04397481679916382,0.0,0.0,0.0,0.0,0.9989531114697456,66
2025-04-05 10:00:00,SACSI Full,0.27136196742296304,0.03361448645591736,0.0,0.0,0.0,0.0,0.9992241069674491,66
2025-04-05 11:00:00,SACSI Full,0.2699898306242634,0.021858960390090942,0.0,0.0,0.0,0.0,0.9994452655315399,66
2025-04-05 12:00:00,SACSI Full,0.2684866909265527,0.025058090686798096,0.0,0.0,0.0,0.0,0.999466846883297,66
2025-04-05 13:00:00,SACSI Full,0.2670302465351431,0.02206668257713318,0.0,0.0,0.0,0.0,0.9995287522673607,66
2025-04-05 14:00:00,SACSI Full,0.2657210467775672,0.04074007272720337,0.0,0.0,0.0,0.0,0.9989984646439553,66
2025-04-05 15:00:00,SACSI Full,0.2647266935602833,0.058694034814834595,0.0,0.0,0.0,0.0,0.998646579682827,66
2025-04-05 16:00:00,SACSI Full,0.2640254468512544,0.06162598729133606,0.0,0.0,0.0,0.0,0.9987381607294082,66
2025-04-05 17:00:00,SACSI Full,0.2635887652659425,0.030495524406433105,0.0,0.0,0.0,0.0,0.9990787848830224,66
2025-04-05 18:00:00,SACSI Full,0.2634735811400422,0.033444762229919434,0.0,0.0,0.0,0.0,0.9993016123771667,66
2025-04-05 19:00:00,SACSI Full,0.2634385203607886,0.03198176622390747,0.0,0.0,0.0,0.0,0.9993457347154617,66
2025-04-05 20:00:00,SACSI Full,0.26338414867003845,0.02618849277496338,0.0,0.0,0.0,0.0,0.9994182974100113,66
2025-04-05 21:00:00,SACSI Full,0.2633235025970149,0.024306178092956543,0.0,0.0,0.0,0.0,0.9994950532913207,66
2025-04-05 22:00:00,SACSI Full,0.26326186013301295,0.02400726079940796,0.0,0.0,0.0,0.0,0.9995168656110763,66
2025-04-05 23:00:00,SACSI Full,0.263199440325102,0.023774057626724243,0.0,0.0,0.0,0.0,0.9995221868157387,66
2025-04-06 00:00:00,SACSI Full,0.26315106585502707,0.027987658977508545,0.0,0.0,0.0,0.0,0.999398110806942,66
2025-04-06 01:00:00,SACSI Full,0.2631446056365975,0.03206193447113037,0.0,0.0,0.0,0.0,0.9993180185556412,66
2025-04-06 02:00:00,SACSI Full,0.26315333764871035,0.036619603633880615,0.0,0.0,0.0,0.0,0.9992220312356949,66
2025-04-06 03:00:00,SACSI Full,0.26316366779327466,0.04559904336929321,0.0,0.0,0.0,0.0,0.99899822473526,66
2025-04-06 04:00:00,SACSI Full,0.2631200058325139,0.020901411771774292,0.0,0.0,0.0,0.0,0.9993349954485894,66
2025-04-06 05:00:00,SACSI Full,0.2630501168346412,0.013033300638198853,0.0,0.0,0.0,0.0,0.9996606528759002,66
2025-04-06 06:00:00,SACSI Full,0.2633044327187545,0.01029476523399353,0.0,0.0,0.0,0.0,0.9997667193412781,66
2025-04-06 07:00:00,SACSI Full,0.263742050982317,0.016285479068756104,0.0,0.0,0.0,0.0,0.9996143832802773,66
2025-04-06 08:00:00,SACSI Full,0.2635238799222317,0.147048681974411,0.0,0.0,0.0,0.0,0.9957513943314552,66
2025-04-06 09:00:00,SACSI Full,0.2628687723724054,0.10096773505210876,0.0,0.0,0.0,0.0,0.9975198358297348,66
2025-04-06 10:00:00,SACSI Full,0.2618018834797548,0.062433332204818726,0.0,0.0,0.0,0.0,0.9983659893274307,66
2025-04-06 11:00:00,SACSI Full,0.2604056238849965,0.04012212157249451,0.0,0.0,0.0,0.0,0.9989744454622269,66
2025-04-06 12:00:00,SACSI Full,0.25890911593198845,0.035547614097595215,0.0,0.0,0.0,0.0,0.9992433026432991,66
2025-04-06 13:00:00,SACSI Full,0.2574168232862162,0.028312206268310547,0.0,0.0,0.0,0.0,0.9993614017963409,66
2025-04-06 14:00:00,SACSI Full,0.25606652188698525,0.03690958023071289,0.0,0.0,0.0,0.0,0.9991758346557617,66
2025-04-06 15:00:00,SACSI Full,0.25506257404327465,0.06431564688682556,0.0,0.0,0.0,0.0,0.9984396263957024,66
2025-04-06 16:00:00,SACSI Full,0.25447717939217956,0.09638160467147827,0.0,0.0,0.0,0.0,0.9977517083287238,66
2025-04-06 17:00:00,SACSI Full,0.254073316124281,0.04034101963043213,0.0,0.0,0.0,0.0,0.9986327737569809,66
2025-04-06 18:00:00,SACSI Full,0.25391198757251177,0.019601434469223022,0.0,0.0,0.0,0.0,0.9994005754590034,66
2025-04-06 19:00:00,SACSI Full,0.2538443262640642,0.03070160746574402,0.0,0.0,0.0,0.0,0.9992749661207199,66
2025-04-06 20:00:00,SACSI Full,0.2542280235775319,0.18310919404029846,0.0,0.0,0.0,0.0,0.9948137402534485,66
2025-04-06 21:00:00,SACSI Full,0.25457872276624116,0.1732097566127777,0.0,0.0,0.0,0.0,0.9964368104934692,66
2025-04-06 22:00:00,SACSI Full,0.25473475096702647,0.1063084602355957,0.0,0.0,0.0,0.0,0.9972048178315163,66
2025-04-06 23:00:00,SACSI Full,0.25476291478713425,0.06794914603233337,0.0,0.0,0.0,0.0,0.9982574239373208,66
2025-04-07 00:00:00,SACSI Full,0.2547017374706275,0.03264680504798889,0.0,0.0,0.0,0.0,0.9989940404891968,66
2025-04-07 01:00:00,SACSI Full,0.2546344020009048,0.03079935908317566,0.0,0.0,0.0,0.0,0.9993655383586884,66
2025-04-07 02:00:00,SACSI Full,0.25457711713314124,0.025314539670944214,0.0,0.0,0.0,0.0,0.9994388610124588,66
2025-04-07 03:00:00,SACSI Full,0.2545002347548809,0.01943528652191162,0.0,0.0,0.0,0.0,0.9995525017380714,66
2025-04-07 04:00:00,SACSI Full,0.25445107423146635,0.036251842975616455,0.0,0.0,0.0,0.0,0.9991067975759507,66
2025-04-07 05:00:00,SACSI Full,0.25442162993113265,0.042166709899902344,0.0,0.0,0.0,0.0,0.9990975171327591,66
2025-04-07 06:00:00,SACSI Full,0.2562716024200128,0.02299174666404724,0.0,0.0,0.0,0.0,0.9993484154343605,66
2025-04-07 07:00:00,SACSI Full,0.2570544938206679,0.019867420196533203,0.0,0.0,0.0,0.0,0.9995714083313941,66
2025-04-07 08:00:00,SACSI Full,0.25734494398514496,0.16563504934310913,0.0,0.0,0.0,0.0,0.995229622721672,66
2025-04-07 09:00:00,SACSI Full,0.2574447155086206,0.1849314570426941,0.0,0.0,0.0,0.0,0.9961084067821503,66
2025-04-07 10:00:00,SACSI Full,0.25690773658037247,0.17890632152557373,0.0,0.0,0.0,0.0,0.9963616222143173,66
2025-04-07 11:00:00,SACSI Full,0.2560950120242443,0.1641826331615448,0.0,0.0,0.0,0.0,0.9965691104531288,66
2025-04-07 12:00:00,SACSI Full,0.2548039700595544,0.05468741059303284,0.0,0.0,0.0,0.0,0.9978112995624542,66
2025-04-07 13:00:00,SACSI Full,0.2536785314901676,0.06186842918395996,0.0,0.0,0.0,0.0,0.9986908212304115,66
2025-04-07 14:00:00,SACSI Full,0.261596186222236,0.006796419620513916,0.0,0.0,0.0,0.0,0.9993133515119552,66
2025-04-07 15:00:00,SACSI Full,0.26425669209957187,0.008651763200759888,0.0,0.0,0.0,0.0,0.9998084113001823,66
2025-04-07 16:00:00,SACSI Full,0.26424254839023015,0.0657568871974945,0.0,0.0,0.0,0.0,0.9981138110160828,66
2025-04-07 17:00:00,SACSI Full,0.264060189162096,0.09829223155975342,0.0,0.0,0.0,0.0,0.9977088019251823,66
2025-04-07 18:00:00,SACSI Full,0.26398559576511443,0.06262198090553284,0.0,0.0,0.0,0.0,0.9983908578753472,66
2025-04-07 19:00:00,SACSI Full,0.26399528088649177,0.07090553641319275,0.0,0.0,0.0,0.0,0.9984990537166596,66
2025-04-07 20:00:00,SACSI Full,0.2639870503417657,0.06553083658218384,0.0,0.0,0.0,0.0,0.9986356362700463,66
2025-04-07 21:00:00,SACSI Full,0.26397827593882944,0.04836767911911011,0.0,0.0,0.0,0.0,0.9988610148429871,66
2025-04-07 22:00:00,SACSI Full,0.26403389862537446,0.07618680596351624,0.0,0.0,0.0,0.0,0.9981980726122855,66
2025-04-07 23:00:00,SACSI Full,0.26417069836775525,0.1005399227142334,0.0,0.0,0.0,0.0,0.9977456703782082,66
2025-04-08 00:00:00,SACSI Full,0.26429003593603834,0.09530127048492432,0.0,0.0,0.0,0.0,0.9980415880680084,66
2025-04-08 01:00:00,SACSI Full,0.26419814186255197,0.023431777954101562,0.0,0.0,0.0,0.0,0.9988126695156098,66
2025-04-08 02:00:00,SACSI Full,0.26411892596244874,0.018735229969024658,0.0,0.0,0.0,0.0,0.9995783299207688,66
2025-04-08 03:00:00,SACSI Full,0.2640360076204942,0.017624497413635254,0.0,0.0,0.0,0.0,0.9996364027261734,66
2025-04-08 04:00:00,SACSI Full,0.26394061949014724,0.0138835608959198,0.0,0.0,0.0,0.0,0.9996849194169044,66
2025-04-08 05:00:00,SACSI Full,0.2638635751859353,0.019386708736419678,0.0,0.0,0.0,0.0,0.9995572343468666,66
2025-04-08 06:00:00,SACSI Full,0.26376674409230605,0.030450671911239624,0.0,0.0,0.0,0.0,0.999280346930027,66
2025-04-08 07:00:00,SACSI Full,0.26452861912647935,0.0220625102519989,0.0,0.0,0.0,0.0,0.9994748681783676,66
2025-04-08 08:00:00,SACSI Full,0.26429143001397504,0.115843266248703,0.0,0.0,0.0,0.0,0.9967453271150588,66
2025-04-08 09:00:00,SACSI Full,0.2671900481001542,0.024585425853729248,0.0,0.0,0.0,0.0,0.9985957130789757,66
2025-04-08 10:00:00,SACSI Full,0.2666236486713097,0.05308017134666443,0.0,0.0,0.0,0.0,0.9986534491181374,66
2025-04-08 11:00:00,SACSI Full,0.26997445035934503,0.004740506410598755,0.0,0.0,0.0,0.0,0.9994217932224273,66
2025-04-08 12:00:00,SACSI Full,0.28988693190495224,0.005244463682174683,0.0,0.0,0.0,0.0,0.9998900711536407,66
2025-04-08 13:00:00,SACSI Full,0.29951373876651183,0.01104205846786499,0.0,0.0,0.0,0.0,0.9997211828827858,66
2025-04-08 14:00:00,SACSI Full,0.2983460686532662,0.006698966026306152,0.0,0.0,0.0,0.0,0.9998225897550582,66
2025-04-08 15:00:00,SACSI Full,0.29718794223705985,0.009562075138092041,0.0,0.0,0.0,0.0,0.9997801274061203,66
2025-04-08 16:00:00,SACSI Full,0.29797858983914116,0.0071942806243896484,0.0,0.0,0.0,0.0,0.9998324364423752,66
2025-04-08 17:00:00,SACSI Full,0.2983176299333578,0.0037120282649993896,0.0,0.0,0.0,0.0,0.9998909369111061,66
2025-04-08 18:00:00,SACSI Full,0.29812623954773004,0.0020828843116760254,0.0,0.0,0.0,0.0,0.9999420508742333,66
2025-04-08 19:00:00,SACSI Full,0.29838257232109766,0.002399832010269165,0.0,0.0,0.0,0.0,0.9999488338828086,66
2025-04-08 20:00:00,SACSI Full,0.30027920637448685,0.002990216016769409,0.0,0.0,0.0,0.0,0.9999342918395996,66
2025-04-08 21:00:00,SACSI Full,0.3011739892069504,0.002434849739074707,0.0,0.0,0.0,0.0,0.9999457493424415,66
2025-04-08 22:00:00,SACSI Full,0.3014025106843317,0.002556443214416504,0.0,0.0,0.0,0.0,0.9999476552009582,66
2025-04-08 23:00:00,SACSI Full,0.30162975513219875,0.0021733343601226807,0.0,0.0,0.0,0.0,0.9999527022242546,66
2025-04-09 00:00:00,SACSI Full,0.30152340249617937,0.0020942091941833496,0.0,0.0,0.0,0.0,0.999957324564457,66
2025-04-09 01:00:00,SACSI Full,0.3014189139954253,0.002653449773788452,0.0,0.0,0.0,0.0,0.9999413385987282,66
2025-04-09 02:00:00,SACSI Full,0.3013135413591071,0.002388209104537964,0.0,0.0,0.0,0.0,0.9999495834112168,66
2025-04-09 03:00:00,SACSI Full,0.30120860383669573,0.0025187432765960693,0.0,0.0,0.0,0.0,0.9999483197927475,66
2025-04-09 04:00:00,SACSI Full,0.30180080165068346,0.00315934419631958,0.0,0.0,0.0,0.0,0.9999304071068764,66
2025-04-09 05:00:00,SACSI Full,0.3030611249550188,0.0035969913005828857,0.0,0.0,0.0,0.0,0.9999236837029457,66
2025-04-09 06:00:00,SACSI Full,0.3052643281006817,0.0034609436988830566,0.0,0.0,0.0,0.0,0.9999294206500053,66
2025-04-09 07:00:00,SACSI Full,0.3061053564500813,0.003308504819869995,0.0,0.0,0.0,0.0,0.9999323055148125,66
2025-04-09 08:00:00,SACSI Full,0.3107263446791971,0.005296468734741211,0.0,0.0,0.0,0.0,0.9998741909861565,66
2025-04-09 09:00:00,SACSI Full,0.3184978301159545,0.00994563102722168,0.0,0.0,0.0,0.0,0.9997545957565308,66
2025-04-09 10:00:00,SACSI Full,0.3179192586461707,0.004928559064865112,0.0,0.0,0.0,0.0,0.9998512580990792,66
2025-04-09 11:00:00,SACSI Full,0.3169666031010949,0.005203336477279663,0.0,0.0,0.0,0.0,0.9998931854963303,66
2025-04-09 12:00:00,SACSI Full,0.3157541305073106,0.0037582218647003174,0.0,0.0,0.0,0.0,0.9999103844165802,66
2025-04-09 13:00:00,SACSI Full,0.31581671972513237,0.0032767653465270996,0.0,0.0,0.0,0.0,0.9999296501278877,66
2025-04-09 14:00:00,SACSI Full,0.31875822999159537,0.00545307993888855,0.0,0.0,0.0,0.0,0.9998691752552986,66
2025-04-09 15:00:00,SACSI Full,0.32015535010496815,0.00813603401184082,0.0,0.0,0.0,0.0,-0.015724560717780722,66
2025-04-09 16:00:00,SACSI Full,0.32076845225572626,0.004930645227432251,0.0,0.0,0.0,0.0,-0.07697589236501758,66
2025-04-09 17:00:00,SACSI Full,0.32029353482166967,0.0020247697830200195,0.0,0.0,0.0,0.0,-0.02942303631707062,66
2025-04-09 18:00:00,SACSI Full,0.32015754251718564,0.0017023086547851562,0.0,0.0,0.0,0.0,-0.015791522502941868,66
2025-04-09 19:00:00,SACSI Full,0.32013451995770176,0.0015932321548461914,0.0,0.0,0.0,0.0,-0.013484951178271398,66
2025-04-09 20:00:00,SACSI Full,0.32011355077823045,0.0022092461585998535,0.0,0.0,0.0,0.0,-0.011405422886253768,66
2025-04-09 21:00:00,SACSI Full,0.32012126411596975,0.0023140013217926025,0.0,0.0,0.0,0.0,-0.012173739175042143,66
2025-04-09 22:00:00,SACSI Full,0.32013039803107624,0.0027401745319366455,0.0,0.0,0.0,0.0,-0.013098868330363046,66
2025-04-09 23:00:00,SACSI Full,0.32010974227269534,0.0023032724857330322,0.0,0.0,0.0,0.0,-0.01102466173971015,66
2025-04-10 00:00:00,SACSI Full,0.3200897729611401,0.002509206533432007,0.0,0.0,0.0,0.0,-0.009029539585155621,66
2025-04-10 01:00:00,SACSI Full,0.32006874020338105,0.0021901726722717285,0.0,0.0,0.0,0.0,-0.006921014130161617,66
2025-04-10 02:00:00,SACSI Full,0.32007523512284003,0.0019484758377075195,0.0,0.0,0.0,0.0,-0.007564898769102069,66
2025-04-10 03:00:00,SACSI Full,0.320081683351994,0.0019344687461853027,0.0,0.0,0.0,0.0,-0.008207164645237786,66
2025-04-10 04:00:00,SACSI Full,0.3200887827618921,0.0021298229694366455,0.0,0.0,0.0,0.0,-0.008922826190832688,66
2025-04-10 05:00:00,SACSI Full,0.3200960808539395,0.002189427614212036,0.0,0.0,0.0,0.0,-0.009652469992679302,66
2025-04-10 06:00:00,SACSI Full,0.32007616021951085,0.0025238096714019775,0.0,0.0,0.0,0.0,-0.0076698419650845125,66
2025-04-10 07:00:00,SACSI Full,0.3198597986992205,0.0030915439128875732,0.0,0.0,0.0,0.0,0.9999324917793274,66
2025-04-10 08:00:00,SACSI Full,0.3191933289535845,0.0040590763092041016,0.0,0.0,0.0,0.0,0.9999091431498528,66
2025-04-10 09:00:00,SACSI Full,0.3180472782071436,0.004684776067733765,0.0,0.0,0.0,0.0,0.9999000474810601,66
2025-04-10 10:00:00,SACSI Full,0.31647302023410845,0.0037226080894470215,0.0,0.0,0.0,0.0,0.9999159261584282,66
2025-04-10 11:00:00,SACSI Full,0.31464439655383475,0.003912895917892456,0.0,0.0,0.0,0.0,0.9999198392033577,66
2025-04-10 12:00:00,SACSI Full,0.3127265876340871,0.0026573240756988525,0.0,0.0,0.0,0.0,0.999934297800064,66
2025-04-10 13:00:00,SACSI Full,0.31083458630085037,0.0018996000289916992,0.0,0.0,0.0,0.0,0.9999544307589531,66
2025-04-10 14:00:00,SACSI Full,0.3095589973211293,0.0018233060836791992,0.0,0.0,0.0,0.0,0.9999627709388732,66
2025-04-10 15:00:00,SACSI Full,0.30820752426226977,0.002558082342147827,0.0,0.0,0.0,0.0,0.9999414905905724,66
2025-04-10 16:00:00,SACSI Full,0.3072518123761817,0.0022864341735839844,0.0,0.0,0.0,0.0,0.9999515548348428,66
2025-04-10 17:00:00,SACSI Full,0.30677474122762727,0.0013786554336547852,0.0,0.0,0.0,0.0,0.9999633491039276,66
2025-04-10 18:00:00,SACSI Full,0.3066367243520423,0.0010949373245239258,0.0,0.0,0.0,0.0,0.9999752640724182,66
2025-04-10 19:00:00,SACSI Full,0.3065558529671038,0.0012385845184326172,0.0,0.0,0.0,0.0,0.9999737918376923,66
2025-04-10 20:00:00,SACSI Full,0.3065042437545463,0.0015172362327575684,0.0,0.0,0.0,0.0,0.9999668687582016,66
2025-04-10 21:00:00,SACSI Full,0.3064814506729449,0.0016620755195617676,0.0,0.0,0.0,0.0,0.9999653100967407,66
2025-04-10 22:00:00,SACSI Full,0.3064868771791463,0.0016279518604278564,0.0,0.0,0.0,0.0,0.9999670997262001,66
2025-04-10 23:00:00,SACSI Full,0.3064653015224144,0.0020273029804229736,0.0,0.0,0.0,0.0,0.9999554604291916,66
2025-04-11 00:00:00,SACSI Full,0.30641547895908405,0.0020532310009002686,0.0,0.0,0.0,0.0,0.9999586760997773,66
2025-04-11 01:00:00,SACSI Full,0.3063947025012975,0.0022670626640319824,0.0,0.0,0.0,0.0,0.9999525204300881,66
2025-04-11 02:00:00,SACSI Full,0.30640182177941055,0.0021357834339141846,0.0,0.0,0.0,0.0,0.9999559715390205,66
2025-04-11 03:00:00,SACSI Full,0.3063811729749049,0.002305358648300171,0.0,0.0,0.0,0.0,0.9999521970748901,66
2025-04-11 04:00:00,SACSI Full,0.3063604993351306,0.002297908067703247,0.0,0.0,0.0,0.0,0.9999539673328399,66
2025-04-11 05:00:00,SACSI Full,0.30634096315066073,0.0026391446590423584,0.0,0.0,0.0,0.0,0.9999438047409057,66
2025-04-11 06:00:00,SACSI Full,0.3062948688578611,0.0031717121601104736,0.0,0.0,0.0,0.0,0.9999312400817871,66
2025-04-11 07:00:00,SACSI Full,0.3060239178927745,0.0037147104740142822,0.0,0.0,0.0,0.0,0.9999202758073807,66
2025-04-11 08:00:00,SACSI Full,0.3053462481689459,0.009199082851409912,0.0,0.0,0.0,0.0,0.9997611746191979,66
2025-04-11 09:00:00,SACSI Full,0.3042095416752503,0.015988051891326904,0.0,0.0,0.0,0.0,0.9996123492717743,66
2025-04-11 10:00:00,SACSI Full,0.3027399427700048,0.026620328426361084,0.0,0.0,0.0,0.0,0.9993612706661223,66
2025-04-11 11:00:00,SACSI Full,0.30098640878995314,0.01793980598449707,0.0,0.0,0.0,0.0,0.9995543986558915,66
2025-04-11 12:00:00,SACSI Full,0.299118150204818,0.017522424459457397,0.0,0.0,0.0,0.0,0.9996453776955604,66
2025-04-11 13:00:00,SACSI Full,0.29726761929988915,0.014340728521347046,0.0,0.0,0.0,0.0,0.999681368470192,66
2025-04-11 14:00:00,SACSI Full,0.295646801090241,0.023754537105560303,0.0,0.0,0.0,0.0,0.9994307711720467,66
2025-04-11 15:00:00,SACSI Full,0.29430705597321244,0.014576464891433716,0.0,0.0,0.0,0.0,0.9996166899800301,66
2025-04-11 16:00:00,SACSI Full,0.2933500210952764,0.010389536619186401,0.0,0.0,0.0,0.0,0.9997503399848938,66
2025-04-11 17:00:00,SACSI Full,0.293158184781075,0.003949105739593506,0.0,0.0,0.0,0.0,0.9998566135764122,66
2025-04-11 18:00:00,SACSI Full,0.29302661961158166,0.003030449151992798,0.0,0.0,0.0,0.0,0.9999302044510842,66
2025-04-11 19:00:00,SACSI Full,0.2933123069445297,0.002706199884414673,0.0,0.0,0.0,0.0,0.9999426335096359,66
2025-04-11 20:00:00,SACSI Full,0.29332128191391676,0.002692490816116333,0.0,0.0,0.0,0.0,0.9999460130929947,66
2025-04-11 21:00:00,SACSI Full,0.2933307575623199,0.0028426945209503174,0.0,0.0,0.0,0.0,0.9999416440725327,66
2025-04-11 22:00:00,SACSI Full,0.2933424937168762,0.0035208463668823242,0.0,0.0,0.0,0.0,0.999922801554203,66
2025-04-11 23:00:00,SACSI Full,0.2933532399376238,0.0032238662242889404,0.0,0.0,0.0,0.0,0.9999325528740883,66
2025-04-12 00:00:00,SACSI Full,0.29336412175893833,0.0032645463943481445,0.0,0.0,0.0,0.0,0.9999343022704125,66
2025-04-12 01:00:00,SACSI Full,0.2933733863075579,0.002779364585876465,0.0,0.0,0.0,0.0,0.9999395608901978,66
2025-04-12 02:00:00,SACSI Full,0.2933547218410179,0.0029006600379943848,0.0,0.0,0.0,0.0,0.9999407738447189,66
2025-04-12 03:00:00,SACSI Full,0.2933651427197461,0.0031262636184692383,0.0,0.0,0.0,0.0,0.9999352186918259,66
2025-04-12 04:00:00,SACSI Full,0.29337724792639464,0.0036315619945526123,0.0,0.0,0.0,0.0,0.999922315776348,66
2025-04-12 05:00:00,SACSI Full,0.2933900817998255,0.0038501620292663574,0.0,0.0,0.0,0.0,0.9999208107590675,66
2025-04-12 06:00:00,SACSI Full,0.29340415743668924,0.004222691059112549,0.0,0.0,0.0,0.0,0.9999118208885193,66
2025-04-12 07:00:00,SACSI Full,0.29316920446554867,0.006014108657836914,0.0,0.0,0.0,0.0,0.999861803650856,66
2025-04-12 08:00:00,SACSI Full,0.29254928369522143,0.02652376890182495,0.0,0.0,0.0,0.0,0.9992644280195236,66
2025-04-12 09:00:00,SACSI Full,0.29154165304660845,0.05471080541610718,0.0,0.0,0.0,0.0,0.998623913526535,66
2025-04-12 10:00:00,SACSI Full,0.2901495823653544,0.0668787956237793,0.0,0.0,0.0,0.0,0.9985407441854477,66
2025-04-12 11:00:00,SACSI Full,0.2883991356062894,0.04436597228050232,0.0,0.0,0.0,0.0,0.9988875523209572,66
2025-04-12 12:00:00,SACSI Full,0.28658221423625996,0.04142358899116516,0.0,0.0,0.0,0.0,0.9991421043872833,66
2025-04-12 13:00:00,SACSI Full,0.28473154819329627,0.03130018711090088,0.0,0.0,0.0,0.0,0.9992727622389793,66
2025-04-12 14:00:00,SACSI Full,0.28319784015099253,0.06688758730888367,0.0,0.0,0.0,0.0,0.9983063742518425,66
2025-04-12 15:00:00,SACSI Full,0.28201918251276065,0.07990270853042603,0.0,0.0,0.0,0.0,0.9982717946171761,66
2025-04-12 16:00:00,SACSI Full,0.28116022035519334,0.04831135272979736,0.0,0.0,0.0,0.0,0.9987178593873978,66
2025-04-12 17:00:00,SACSI Full,0.28074420171340353,0.03669440746307373,0.0,0.0,0.0,0.0,0.9991499423980713,66
2025-04-12 18:00:00,SACSI Full,0.2807253310799604,0.019838809967041016,0.0,0.0,0.0,0.0,0.9994346678256988,66
2025-04-12 19:00:00,SACSI Full,0.28079054054816616,0.019562840461730957,0.0,0.0,0.0,0.0,0.9996059834957123,66
2025-04-12 20:00:00,SACSI Full,0.2808580763189003,0.02876073122024536,0.0,0.0,0.0,0.0,0.9993328064680099,66
2025-04-12 21:00:00,SACSI Full,0.2809326096749311,0.03086000680923462,0.0,0.0,0.0,0.0,0.9993618071079254,66
2025-04-12 22:00:00,SACSI Full,0.2809965830747292,0.027692019939422607,0.0,0.0,0.0,0.0,0.9994144797325134,66
2025-04-12 23:00:00,SACSI Full,0.2810843340261782,0.0263252854347229,0.0,0.0,0.0,0.0,0.9994598269462585,66
2025-04-13 00:00:00,SACSI Full,0.28117099768956555,0.025999099016189575,0.0,0.0,0.0,0.0,0.9994767561554909,66
2025-04-13 01:00:00,SACSI Full,0.2812476035658524,0.022981762886047363,0.0,0.0,0.0,0.0,0.9995101913809776,66
2025-04-13 02:00:00,SACSI Full,0.2813317469461764,0.025243014097213745,0.0,0.0,0.0,0.0,0.999472527205944,66
2025-04-13 03:00:00,SACSI Full,0.2814102636480337,0.023555010557174683,0.0,0.0,0.0,0.0,0.9995120197534562,66
2025-04-13 04:00:00,SACSI Full,0.2814923938814804,0.0246390700340271,0.0,0.0,0.0,0.0,0.9994963780045509,66
2025-04-13 05:00:00,SACSI Full,0.281528968250752,0.027972310781478882,0.0,0.0,0.0,0.0,0.999407221376896,66
2025-04-13 06:00:00,SACSI Full,0.28152243650674874,0.03204047679901123,0.0,0.0,0.0,0.0,0.9993185088038444,66
2025-04-13 07:00:00,SACSI Full,0.28134843471447674,0.04129946231842041,0.0,0.0,0.0,0.0,0.9990814208984374,66
2025-04-13 08:00:00,SACSI Full,0.2809482819644615,0.10095417499542236,0.0,0.0,0.0,0.0,0.9973843693733215,66
2025-04-13 09:00:00,SACSI Full,0.2801422002172475,0.10667547583580017,0.0,0.0,0.0,0.0,0.9978092774748802,66
2025-04-13 10:00:00,SACSI Full,0.2791707029581075,0.1590508222579956,0.0,0.0,0.0,0.0,0.9962952300906182,66
2025-04-13 11:00:00,SACSI Full,0.2776012003739679,0.03914922475814819,0.0,0.0,0.0,0.0,0.9980179995298385,66
2025-04-13 12:00:00,SACSI Full,0.2758507256023094,0.018857568502426147,0.0,0.0,0.0,0.0,0.9994199320673942,66
2025-04-13 13:00:00,SACSI Full,0.27416643109242167,0.047211647033691406,0.0,0.0,0.0,0.0,0.9987722262740135,66
2025-04-13 14:00:00,SACSI Full,0.2728174249982839,0.08829817175865173,0.0,0.0,0.0,0.0,0.9978231713175774,66
2025-04-13 15:00:00,SACSI Full,0.2719869109392171,0.15884578227996826,0.0,0.0,0.0,0.0,0.9961176082491874,66
2025-04-13 16:00:00,SACSI Full,0.27137439912080813,0.10524645447731018,0.0,0.0,0.0,0.0,0.9973590776324273,66
2025-04-13 17:00:00,SACSI Full,0.27108874004205114,0.08430227637290955,0.0,0.0,0.0,0.0,0.9981045126914978,66
2025-04-13 18:00:00,SACSI Full,0.2711052459216123,0.07295176386833191,0.0,0.0,0.0,0.0,0.9984274595975875,66
2025-04-13 19:00:00,SACSI Full,0.2711969066039726,0.06999820470809937,0.0,0.0,0.0,0.0,0.9985705003142357,66
2025-04-13 20:00:00,SACSI Full,0.27142766194423085,0.10322660207748413,0.0,0.0,0.0,0.0,0.9976031839847564,66
2025-04-13 21:00:00,SACSI Full,0.27163710885524794,0.10533407330513,0.0,0.0,0.0,0.0,0.997872243821621,66
2025-04-13 22:00:00,SACSI Full,0.2718929611937209,0.12775570154190063,0.0,0.0,0.0,0.0,0.9972206696867943,66
2025-04-13 23:00:00,SACSI Full,0.27209527885834417,0.12019529938697815,0.0,0.0,0.0,0.0,0.9975204899907112,66
2025-04-14 00:00:00,SACSI Full,0.272188106301626,0.07034823298454285,0.0,0.0,0.0,0.0,0.9980945646762849,66
2025-04-14 01:00:00,SACSI Full,0.2722783804480239,0.06108224391937256,0.0,0.0,0.0,0.0,0.9986856952309608,66
2025-04-14 02:00:00,SACSI Full,0.27234612277984654,0.06282269954681396,0.0,0.0,0.0,0.0,0.9987261414527893,66
2025-04-14 03:00:00,SACSI Full,0.27239903299252227,0.058373063802719116,0.0,0.0,0.0,0.0,0.9987880423665046,66
2025-04-14 04:00:00,SACSI Full,0.27278184056202603,0.06584227085113525,0.0,0.0,0.0,0.0,0.9986084625124931,66
2025-04-14 05:00:00,SACSI Full,0.2734143742950761,0.032260119915008545,0.0,0.0,0.0,0.0,0.9990189760923386,66
2025-04-14 06:00:00,SACSI Full,0.27363865562995304,0.009784400463104248,0.0,0.0,0.0,0.0,0.9995795547962188,66
2025-04-14 07:00:00,SACSI Full,0.28175244130929344,0.010635703802108765,0.0,0.0,0.0,0.0,0.9997787728905678,66
2025-04-14 08:00:00,SACSI Full,0.2822920937339468,0.0063957273960113525,0.0,0.0,0.0,0.0,0.9998296856880188,66
2025-04-14 09:00:00,SACSI Full,0.28170035491466555,0.028478354215621948,0.0,0.0,0.0,0.0,0.9992096066474915,66
2025-04-14 10:00:00,SACSI Full,0.28487263536214863,0.015184134244918823,0.0,0.0,0.0,0.0,0.9995633751153946,66
2025-04-14 11:00:00,SACSI Full,0.285347911756039,0.004082918167114258,0.0,0.0,0.0,0.0,0.9998073294758797,66
2025-04-14 12:00:00,SACSI Full,0.2952543678871794,0.00993683934211731,0.0,0.0,0.0,0.0,0.9997427240014076,66
2025-04-14 13:00:00,SACSI Full,0.29673667017857264,0.006190687417984009,0.0,0.0,0.0,0.0,0.999838724732399,66
2025-04-14 14:00:00,SACSI Full,0.30216834921757413,0.008003711700439453,0.0,0.0,0.0,0.0,0.9998217955231666,66
2025-04-14 15:00:00,SACSI Full,0.3079902756158514,0.008077919483184814,0.0,0.0,0.0,0.0,0.9998376995325089,66
2025-04-14 16:00:00,SACSI Full,0.3117220694446567,0.004538148641586304,0.0,0.0,0.0,0.0,0.9998738393187523,66
2025-04-14 17:00:00,SACSI Full,0.3165095385162039,0.0042407214641571045,0.0,0.0,0.0,0.0,0.9999122112989426,66
2025-04-14 18:00:00,SACSI Full,0.32132754629294114,0.00490233302116394,0.0,0.0,0.0,0.0,-0.13285929207010622,66
2025-04-14 19:00:00,SACSI Full,0.32252745032151575,0.0024712085723876953,0.0,0.0,0.0,0.0,-0.25281876756751004,66
2025-04-14 20:00:00,SACSI Full,0.3223943488423033,0.00256955623626709,0.0,0.0,0.0,0.0,-0.23948725883169147,66
2025-04-14 21:00:00,SACSI Full,0.32226159505685203,0.0026738643646240234,0.0,0.0,0.0,0.0,-0.22621402605377888,66
2025-04-14 22:00:00,SACSI Full,0.3221007210246725,0.00273779034614563,0.0,0.0,0.0,0.0,-0.21012749753398952,66
2025-04-14 23:00:00,SACSI Full,0.32230083515961994,0.002534240484237671,0.0,0.0,0.0,0.0,-0.23013623627029678,66
2025-04-15 00:00:00,SACSI Full,0.322500637363593,0.0024406611919403076,0.0,0.0,0.0,0.0,-0.2501134853760635,66
2025-04-15 01:00:00,SACSI Full,0.32236858045578026,0.002882927656173706,0.0,0.0,0.0,0.0,-0.2369201267957914,66
2025-04-15 02:00:00,SACSI Full,0.32223474583943706,0.0023496150970458984,0.0,0.0,0.0,0.0,-0.22352690937123798,66
2025-04-15 03:00:00,SACSI Full,0.32210175661563895,0.0026032328605651855,0.0,0.0,0.0,0.0,-0.21023026239874038,66
2025-04-15 04:00:00,SACSI Full,0.32497362517039,0.004060566425323486,0.0,0.0,0.0,0.0,-0.49745830170315575,66
2025-04-15 05:00:00,SACSI Full,0.3301835646343233,0.005481839179992676,0.0,0.0,0.0,0.0,-1.0184803129434759,66
2025-04-15 06:00:00,SACSI Full,0.3336911930918695,0.0032885372638702393,0.0,0.0,0.0,0.0,-1.369207012951389,66
2025-04-15 07:00:00,SACSI Full,0.3484888041249913,0.015783309936523438,0.0,0.0,0.0,0.0,-2.8493210264245845,66
2025-04-15 08:00:00,SACSI Full,0.34787974262714405,0.004281550645828247,0.0,0.0,0.0,0.0,-2.7881749113202274,66
2025-04-15 09:00:00,SACSI Full,0.3469901566648485,0.005124211311340332,0.0,0.0,0.0,0.0,-2.6991265773177315,66
2025-04-15 10:00:00,SACSI Full,0.3458737152878445,0.005067586898803711,0.0,0.0,0.0,0.0,-2.5874734467665506,66
2025-04-15 11:00:00,SACSI Full,0.34455143088897083,0.002814680337905884,0.0,0.0,0.0,0.0,-2.45522191156945,66
2025-04-15 12:00:00,SACSI Full,0.343420489801566,0.0027176737785339355,0.0,0.0,0.0,0.0,-2.342104303697761,66
2025-04-15 13:00:00,SACSI Full,0.34234472625811907,0.002270936965942383,0.0,0.0,0.0,0.0,-2.2345225119193515,66
2025-04-15 14:00:00,SACSI Full,0.3411631091547014,0.002514868974685669,0.0,0.0,0.0,0.0,-2.1163636521697184,66
2025-04-15 15:00:00,SACSI Full,0.3406302044272424,0.0036285817623138428,0.0,0.0,0.0,0.0,-2.063104151487362,66
2025-04-15 16:00:00,SACSI Full,0.3407140935230257,0.0036667287349700928,0.0,0.0,0.0,0.0,-2.0714830683469927,66
2025-04-15 17:00:00,SACSI Full,0.3406337124991418,0.003385692834854126,0.0,0.0,0.0,0.0,-2.063441774129879,66
2025-04-15 18:00:00,SACSI Full,0.3410296184388798,0.0037717819213867188,0.0,0.0,0.0,0.0,-2.1030411404172726,66
2025-04-15 19:00:00,SACSI Full,0.341204736603896,0.003535449504852295,0.0,0.0,0.0,0.0,-2.120546732703861,66
2025-04-15 20:00:00,SACSI Full,0.3414074182089171,0.0033044815063476562,0.0,0.0,0.0,0.0,-2.1408102202018235,66
2025-04-15 21:00:00,SACSI Full,0.3416669184724491,0.00335007905960083,0.0,0.0,0.0,0.0,-2.1667593048016363,66
2025-04-15 22:00:00,SACSI Full,0.3418968009225528,0.0029647350311279297,0.0,0.0,0.0,0.0,-2.189743240396188,66
2025-04-15 23:00:00,SACSI Full,0.34179461117426563,0.0033430755138397217,0.0,0.0,0.0,0.0,-2.179531762341666,66
2025-04-16 00:00:00,SACSI Full,0.3416919555163384,0.0032033026218414307,0.0,0.0,0.0,0.0,-2.1692610154151972,66
2025-04-16 01:00:00,SACSI Full,0.34222905029217404,0.0036284327507019043,0.0,0.0,0.0,0.0,-2.2229818491737063,66
2025-04-16 02:00:00,SACSI Full,0.3421531365235647,0.0027258694171905518,0.0,0.0,0.0,0.0,-2.21537719537815,66
2025-04-16 03:00:00,SACSI Full,0.34207756250143057,0.0028277933597564697,0.0,0.0,0.0,0.0,-2.207813825249677,66
2025-04-16 04:00:00,SACSI Full,0.34197248391469326,0.002476423978805542,0.0,0.0,0.0,0.0,-2.1973014336427115,66
2025-04-16 05:00:00,SACSI Full,0.34186820701042814,0.002716928720474243,0.0,0.0,0.0,0.0,-2.1868774446646393,66
2025-04-16 06:00:00,SACSI Full,0.3420713406173388,0.00344008207321167,0.0,0.0,0.0,0.0,-2.20721009490887,66
2025-04-16 07:00:00,SACSI Full,0.34210734915494917,0.004302561283111572,0.0,0.0,0.0,0.0,-2.210829591512678,66
2025-04-16 08:00:00,SACSI Full,0.3414466243036588,0.0057825446128845215,0.0,0.0,0.0,0.0,-2.1447928810914343,66
2025-04-16 09:00:00,SACSI Full,0.34041496636311214,0.005002617835998535,0.0,0.0,0.0,0.0,-2.041604487935702,66
2025-04-16 10:00:00,SACSI Full,0.3389829696130753,0.003900974988937378,0.0,0.0,0.0,0.0,-1.8983859972357766,66
2025-04-16 11:00:00,SACSI Full,0.33738048162142437,0.0037536025047302246,0.0,0.0,0.0,0.0,-1.7381247079173727,66
2025-04-16 12:00:00,SACSI Full,0.33574719862461094,0.0030151009559631348,0.0,0.0,0.0,0.0,-1.5747875494957004,66
2025-04-16 13:00:00,SACSI Full,0.33529706280946736,0.0049592554569244385,0.0,0.0,0.0,0.0,-1.5298249076008836,66
2025-04-16 14:00:00,SACSI Full,0.33507459700584413,0.005260258913040161,0.0,0.0,0.0,0.0,-1.5075679157972346,66
2025-04-16 15:00:00,SACSI Full,0.3347666234564782,0.0031079351902008057,0.0,0.0,0.0,0.0,-1.4767460275888493,66
2025-04-16 16:00:00,SACSI Full,0.33454545543114345,0.003649592399597168,0.0,0.0,0.0,0.0,-1.45462395153443,66
2025-04-16 17:00:00,SACSI Full,0.33424119017124176,0.0022204220294952393,0.0,0.0,0.0,0.0,-1.4241777172684666,66
2025-04-16 18:00:00,SACSI Full,0.33410574175914126,0.001865476369857788,0.0,0.0,0.0,0.0,-1.410615034898119,66
2025-04-16 19:00:00,SACSI Full,0.3340285196685791,0.0023333728313446045,0.0,0.0,0.0,0.0,-1.4029033132791515,66
2025-04-16 20:00:00,SACSI Full,0.33395200190623603,0.0025446712970733643,0.0,0.0,0.0,0.0,-1.395253197034201,66
2025-04-16 21:00:00,SACSI Full,0.33384706835746764,0.002519935369491577,0.0,0.0,0.0,0.0,-1.3847574818134285,66
2025-04-16 22:00:00,SACSI Full,0.3337697295411428,0.0022983551025390625,0.0,0.0,0.0,0.0,-1.3770211370190009,66
2025-04-16 23:00:00,SACSI Full,0.3336916968274117,0.0020901858806610107,0.0,0.0,0.0,0.0,-1.3692135681509991,66
2025-04-17 00:00:00,SACSI Full,0.33364295012791956,0.002375990152359009,0.0,0.0,0.0,0.0,-1.3643453906377192,66
2025-04-17 01:00:00,SACSI Full,0.3335954481720925,0.002749413251876831,0.0,0.0,0.0,0.0,-1.3596035397052844,66
2025-04-17 02:00:00,SACSI Full,0.333548073372841,0.002787560224533081,0.0,0.0,0.0,0.0,-1.3548634699583146,66
2025-04-17 03:00:00,SACSI Full,0.3335002500486375,0.0026530027389526367,0.0,0.0,0.0,0.0,-1.3500794104933822,66
2025-04-17 04:00:00,SACSI Full,0.33345266762653997,0.002725273370742798,0.0,0.0,0.0,0.0,-1.3453219908277287,66
2025-04-17 05:00:00,SACSI Full,0.33343243903478,0.002431422472000122,0.0,0.0,0.0,0.0,-1.343295470436425,66
2025-04-17 06:00:00,SACSI Full,0.3333562004208566,0.002628415822982788,0.0,0.0,0.0,0.0,-1.3356745803356307,66
2025-04-17 07:00:00,SACSI Full,0.3337525072018307,0.0038920342922210693,0.0,0.0,0.0,0.0,-1.3753411970536056,66
2025-04-17 08:00:00,SACSI Full,0.3338128710722925,0.005109161138534546,0.0,0.0,0.0,0.0,-1.3814014617204848,66
2025-04-17 09:00:00,SACSI Full,0.3327810055088999,0.004940330982208252,0.0,0.0,0.0,0.0,-1.2782010458111952,66
2025-04-17 10:00:00,SACSI Full,0.33221804896036805,0.005113035440444946,0.0,0.0,0.0,0.0,-1.2219088837901957,66
2025-04-17 11:00:00,SACSI Full,0.33058523783365906,0.0031566619873046875,0.0,0.0,0.0,0.0,-1.0586064803401831,66
2025-04-17 12:00:00,SACSI Full,0.3287227306342127,0.002247840166091919,0.0,0.0,0.0,0.0,-0.8723271084428034,66
2025-04-17 13:00:00,SACSI Full,0.32819566031535485,0.002878904342651367,0.0,0.0,0.0,0.0,-0.8196299202641033,66
2025-04-17 14:00:00,SACSI Full,0.3265607674964271,0.0025321543216705322,0.0,0.0,0.0,0.0,-0.6561308602293522,66
2025-04-17 15:00:00,SACSI Full,0.3253510669024788,0.0025898218154907227,0.0,0.0,0.0,0.0,-0.5351590633591254,66
2025-04-17 16:00:00,SACSI Full,0.3247870145090423,0.0027842819690704346,0.0,0.0,0.0,0.0,-0.47875908114514587,66
2025-04-17 17:00:00,SACSI Full,0.32428458678245564,0.002271682024002075,0.0,0.0,0.0,0.0,-0.4285092378854942,66
2025-04-17 18:00:00,SACSI Full,0.32412159976561883,0.0021038949489593506,0.0,0.0,0.0,0.0,-0.41220373233161184,66
2025-04-17 19:00:00,SACSI Full,0.324015450282097,0.0021551549434661865,0.0,0.0,0.0,0.0,-0.40158864390851323,66
2025-04-17 20:00:00,SACSI Full,0.32393844624519363,0.0023987889289855957,0.0,0.0,0.0,0.0,-0.3938950366377977,66
2025-04-17 21:00:00,SACSI Full,0.32386159022649147,0.0024431943893432617,0.0,0.0,0.0,0.0,-0.3862083305915367,66
2025-04-17 22:00:00,SACSI Full,0.32381415085554144,0.002768188714981079,0.0,0.0,0.0,0.0,-0.38147369927169916,66
2025-04-17 23:00:00,SACSI Full,0.3237946434799832,0.00264778733253479,0.0,0.0,0.0,0.0,-0.3795185077587958,66
2025-04-18 00:00:00,SACSI Full,0.3237741506409647,0.0023521482944488525,0.0,0.0,0.0,0.0,-0.37746506345274,66
2025-04-18 01:00:00,SACSI Full,0.3244206612348559,0.0024531781673431396,0.0,0.0,0.0,0.0,-0.44211619734766633,66
2025-04-18 02:00:00,SACSI Full,0.32440005415360157,0.002317875623703003,0.0,0.0,0.0,0.0,-0.4400531258980667,66
2025-04-18 03:00:00,SACSI Full,0.32638021398544337,0.0025479495525360107,0.0,0.0,0.0,0.0,-0.6380746582746751,66
2025-04-18 04:00:00,SACSI Full,0.32902981408675536,0.003380030393600464,0.0,0.0,0.0,0.0,-0.9030573300918177,66
2025-04-18 05:00:00,SACSI Full,0.3290371196293833,0.0021916627883911133,0.0,0.0,0.0,0.0,-0.9037676798701505,66
2025-04-18 06:00:00,SACSI Full,0.3289887548963231,0.0024905800819396973,0.0,0.0,0.0,0.0,-0.8989282904068857,66
2025-04-18 07:00:00,SACSI Full,0.3287159949302676,0.0031720101833343506,0.0,0.0,0.0,0.0,-0.8716697475314396,66
2025-04-18 08:00:00,SACSI Full,0.32802194982369764,0.004286468029022217,0.0,0.0,0.0,0.0,-0.8022918563088012,66
2025-04-18 09:00:00,SACSI Full,0.326903931407134,0.004594475030899048,0.0,0.0,0.0,0.0,-0.6904881102840336,66
2025-04-18 10:00:00,SACSI Full,0.3254412762459122,0.003203451633453369,0.0,0.0,0.0,0.0,-0.544205603857861,66
2025-04-18 11:00:00,SACSI Full,0.323720226103465,0.002184957265853882,0.0,0.0,0.0,0.0,-0.37207649443549384,66
2025-04-18 12:00:00,SACSI Full,0.32185567595481895,0.0016349554061889648,0.0,0.0,0.0,0.0,-0.18560579460861515,66
2025-04-18 13:00:00,SACSI Full,0.3200196334830922,0.0016872584819793701,0.0,0.0,0.0,0.0,-0.0019976165096171174,66
2025-04-18 14:00:00,SACSI Full,0.318381992393335,0.0017076730728149414,0.0,0.0,0.0,0.0,0.9999656423926353,66
2025-04-18 15:00:00,SACSI Full,0.31702759274641695,0.0016801059246063232,0.0,0.0,0.0,0.0,0.9999661222100258,66
2025-04-18 16:00:00,SACSI Full,0.31604243937730814,0.001953989267349243,0.0,0.0,0.0,0.0,0.9999581813812256,66
2025-04-18 17:00:00,SACSI Full,0.3154816318472229,0.0017577409744262695,0.0,0.0,0.0,0.0,0.9999628826975822,66
2025-04-18 18:00:00,SACSI Full,0.3152596217934293,0.0013969838619232178,0.0,0.0,0.0,0.0,0.9999684527516365,66
2025-04-18 19:00:00,SACSI Full,0.3151234397474927,0.0016453862190246582,0.0,0.0,0.0,0.0,0.9999646082520485,66
2025-04-18 20:00:00,SACSI Full,0.3150442904400828,0.0017552077770233154,0.0,0.0,0.0,0.0,0.9999637976288795,66
2025-04-18 21:00:00,SACSI Full,0.31496591350952813,0.0019869208335876465,0.0,0.0,0.0,0.0,0.9999579444527626,66
2025-04-18 22:00:00,SACSI Full,0.31491584010998436,0.001977980136871338,0.0,0.0,0.0,0.0,0.9999603509902955,66
2025-04-18 23:00:00,SACSI Full,0.3148664144142472,0.0021722912788391113,0.0,0.0,0.0,0.0,0.9999546110630035,66
2025-04-19 00:00:00,SACSI Full,0.3148189358035727,0.0027564167976379395,0.0,0.0,0.0,0.0,0.9999390304088592,66
2025-04-19 01:00:00,SACSI Full,0.31474342585643167,0.002847015857696533,0.0,0.0,0.0,0.0,0.9999421536922455,66
2025-04-19 02:00:00,SACSI Full,0.3146688690869017,0.0031329691410064697,0.0,0.0,0.0,0.0,0.9999344810843468,66
2025-04-19 03:00:00,SACSI Full,0.3145951080393795,0.003371685743331909,0.0,0.0,0.0,0.0,0.9999301791191101,66
2025-04-19 04:00:00,SACSI Full,0.31452135096550027,0.003372877836227417,0.0,0.0,0.0,0.0,0.9999325305223465,66
2025-04-19 05:00:00,SACSI Full,0.3144761467687293,0.0034387409687042236,0.0,0.0,0.0,0.0,0.9999305665493011,66
2025-04-19 06:00:00,SACSI Full,0.31440257695277574,0.0034290552139282227,0.0,0.0,0.0,0.0,0.9999313220381737,66
2025-04-19 07:00:00,SACSI Full,0.3141052427196507,0.004299730062484741,0.0,0.0,0.0,0.0,0.9999052986502648,66
2025-04-19 08:00:00,SACSI Full,0.3133685415148739,0.008489638566970825,0.0,0.0,0.0,0.0,0.9997883081436157,66
2025-04-19 09:00:00,SACSI Full,0.31221294034878455,0.010319650173187256,0.0,0.0,0.0,0.0,0.9997753068804741,66
2025-04-19 10:00:00,SACSI Full,0.31068253228823384,0.00837758183479309,0.0,0.0,0.0,0.0,0.9998130276799202,66
2025-04-19 11:00:00,SACSI Full,0.3089301062266036,0.009772181510925293,0.0,0.0,0.0,0.0,0.9997906103730202,66
2025-04-19 12:00:00,SACSI Full,0.3070596281305953,0.008356571197509766,0.0,0.0,0.0,0.0,0.9998187124729156,66
2025-04-19 13:00:00,SACSI Full,0.3052498807446166,0.00957578420639038,0.0,0.0,0.0,0.0,0.9997962921857834,66
2025-04-19 14:00:00,SACSI Full,0.3036128115940098,0.010379254817962646,0.0,0.0,0.0,0.0,0.999784380197525,66
2025-04-19 15:00:00,SACSI Full,0.3022582825382555,0.0101412832736969,0.0,0.0,0.0,0.0,0.9997947946190834,66
2025-04-19 16:00:00,SACSI Full,0.3012607688872024,0.0067459046840667725,0.0,0.0,0.0,0.0,0.9998311281204223,66
2025-04-19 17:00:00,SACSI Full,0.30068686148087226,0.006327778100967407,0.0,0.0,0.0,0.0,0.9998692631721496,66
2025-04-19 18:00:00,SACSI Full,0.300446647903125,0.004435926675796509,0.0,0.0,0.0,0.0,0.9998923629522324,66
2025-04-19 19:00:00,SACSI Full,0.30029132803042774,0.004404038190841675,0.0,0.0,0.0,0.0,0.9999116003513336,66
2025-04-19 20:00:00,SACSI Full,0.30013985116720243,0.005556941032409668,0.0,0.0,0.0,0.0,0.9998773321509361,66
2025-04-19 21:00:00,SACSI Full,0.29998850344737416,0.005595684051513672,0.0,0.0,0.0,0.0,0.9998876988887787,66
2025-04-19 22:00:00,SACSI Full,0.29983723967075393,0.005620867013931274,0.0,0.0,0.0,0.0,0.9998873308300972,66
2025-04-19 23:00:00,SACSI Full,0.2997102521379793,0.004403740167617798,0.0,0.0,0.0,0.0,0.9998997539281845,66
2025-04-20 00:00:00,SACSI Full,0.29961055833419203,0.004091858863830566,0.0,0.0,0.0,0.0,0.9999150440096856,66
2025-04-20 01:00:00,SACSI Full,0.29953873046398205,0.00395163893699646,0.0,0.0,0.0,0.0,0.9999195650219918,66
2025-04-20 02:00:00,SACSI Full,0.29949531639337584,0.003975778818130493,0.0,0.0,0.0,0.0,0.999920243024826,66
2025-04-20 03:00:00,SACSI Full,0.29942484353542376,0.004358142614364624,0.0,0.0,0.0,0.0,0.9999090135097504,66
2025-04-20 04:00:00,SACSI Full,0.2993561622937525,0.004895627498626709,0.0,0.0,0.0,0.0,0.9998967126011848,66
2025-04-20 05:00:00,SACSI Full,0.29925973085085594,0.0050705671310424805,0.0,0.0,0.0,0.0,0.999896839261055,66
2025-04-20 06:00:00,SACSI Full,0.29913782858769145,0.005929321050643921,0.0,0.0,0.0,0.0,0.9998728260397911,66
2025-04-20 07:00:00,SACSI Full,0.2988222784129783,0.00733494758605957,0.0,0.0,0.0,0.0,0.9998392447829247,66
2025-04-20 08:00:00,SACSI Full,0.29914831858158153,0.010312050580978394,0.0,0.0,0.0,0.0,0.9997639879584312,66
2025-04-20 09:00:00,SACSI Full,0.2981692954818412,0.03779307007789612,0.0,0.0,0.0,0.0,0.9989693284034729,66
2025-04-20 10:00:00,SACSI Full,0.2968117941069607,0.026249587535858154,0.0,0.0,0.0,0.0,0.9993595734238624,66
2025-04-20 11:00:00,SACSI Full,0.2951695410736406,0.017324090003967285,0.0,0.0,0.0,0.0,0.9995642632246018,66
2025-04-20 12:00:00,SACSI Full,0.2933842852362001,0.016923248767852783,0.0,0.0,0.0,0.0,0.9996575266122818,66
2025-04-20 13:00:00,SACSI Full,0.2916220099695528,0.02381742000579834,0.0,0.0,0.0,0.0,0.9994547098875045,66
2025-04-20 14:00:00,SACSI Full,0.2900706947835291,0.027605444192886353,0.0,0.0,0.0,0.0,0.9994100108742714,66
2025-04-20 15:00:00,SACSI Full,0.2888090762233739,0.029514431953430176,0.0,0.0,0.0,0.0,0.9993906214833259,66
2025-04-20 16:00:00,SACSI Full,0.2879258460688595,0.024030953645706177,0.0,0.0,0.0,0.0,0.9994645461440087,66
2025-04-20 17:00:00,SACSI Full,0.28741790709654536,0.026118308305740356,0.0,0.0,0.0,0.0,0.9994567602872849,66
2025-04-20 18:00:00,SACSI Full,0.2872499467659001,0.026111900806427002,0.0,0.0,0.0,0.0,0.9994776979088784,66
2025-04-20 19:00:00,SACSI Full,0.2871964984504386,0.026465505361557007,0.0,0.0,0.0,0.0,0.9994671538472176,66
2025-04-20 20:00:00,SACSI Full,0.2871011395915354,0.03089234232902527,0.0,0.0,0.0,0.0,0.9993378847837449,66
2025-04-20 21:00:00,SACSI Full,0.2870086084763213,0.031740665435791016,0.0,0.0,0.0,0.0,0.9993567034602165,66
2025-04-20 22:00:00,SACSI Full,0.28691412878592853,0.031156092882156372,0.0,0.0,0.0,0.0,0.9993710324168206,66
2025-04-20 23:00:00,SACSI Full,0.28684141300360405,0.02918526530265808,0.0,0.0,0.0,0.0,0.9993965864181519,66
2025-04-21 00:00:00,SACSI Full,0.286775542814732,0.031238943338394165,0.0,0.0,0.0,0.0,0.9993546843528747,66
2025-04-21 01:00:00,SACSI Full,0.28671307853460354,0.0322607159614563,0.0,0.0,0.0,0.0,0.9993445679545402,66
2025-04-21 02:00:00,SACSI Full,0.2866484431552891,0.03160938620567322,0.0,0.0,0.0,0.0,0.9993612989783287,66
2025-04-21 03:00:00,SACSI Full,0.28658193297863044,0.02254694700241089,0.0,0.0,0.0,0.0,0.9994584366679191,66
2025-04-21 04:00:00,SACSI Full,0.28649488155126607,0.01638457179069519,0.0,0.0,0.0,0.0,0.9996106848120689,66
2025-04-21 05:00:00,SACSI Full,0.28645041267554,0.029159337282180786,0.0,0.0,0.0,0.0,0.9992890655994415,66
2025-04-21 06:00:00,SACSI Full,0.2863968652502699,0.03493577241897583,0.0,0.0,0.0,0.0,0.9992435202002525,66
2025-04-21 07:00:00,SACSI Full,0.2861603749076529,0.039552897214889526,0.0,0.0,0.0,0.0,0.9991627708077431,66
2025-04-21 08:00:00,SACSI Full,0.2856172323362036,0.06655722856521606,0.0,0.0,0.0,0.0,0.9983988121151924,66
2025-04-21 09:00:00,SACSI Full,0.2850416515398029,0.05882576107978821,0.0,0.0,0.0,0.0,0.9987461701035499,66
2025-04-21 10:00:00,SACSI Full,0.2892326271311445,0.005792677402496338,0.0,0.0,0.0,0.0,0.9993538156151772,66
2025-04-21 11:00:00,SACSI Full,0.2886964839975042,0.004657059907913208,0.0,0.0,0.0,0.0,0.9998955026268959,66
2025-04-21 12:00:00,SACSI Full,0.28718730588674574,0.0062465667724609375,0.0,0.0,0.0,0.0,0.9998591735959053,66
2025-04-21 13:00:00,SACSI Full,0.28574270993948014,0.0086212158203125,0.0,0.0,0.0,0.0,0.9998038291931152,66
2025-04-21 14:00:00,SACSI Full,0.2843898222295447,0.019133687019348145,0.0,0.0,0.0,0.0,0.9995122015476228,66
2025-04-21 15:00:00,SACSI Full,0.28328188265879983,0.03311812877655029,0.0,0.0,0.0,0.0,0.999197793006897,66
2025-04-21 16:00:00,SACSI Full,0.28252839300950405,0.028953105211257935,0.0,0.0,0.0,0.0,0.9993792876601219,66
2025-04-21 17:00:00,SACSI Full,0.28207199049949677,0.016079246997833252,0.0,0.0,0.0,0.0,0.999549676477909,66
2025-04-21 18:00:00,SACSI Full,0.2818955697862311,0.02357378602027893,0.0,0.0,0.0,0.0,0.9994535788893699,66
2025-04-21 19:00:00,SACSI Full,0.28182101248582236,0.02013280987739563,0.0,0.0,0.0,0.0,0.9995629340410233,66
2025-04-21 20:00:00,SACSI Full,0.28187907376448346,0.06841838359832764,0.0,0.0,0.0,0.0,0.9981487765908241,66
2025-04-21 21:00:00,SACSI Full,0.2819306825749083,0.0749826431274414,0.0,0.0,0.0,0.0,0.99843470454216,66
2025-04-21 22:00:00,SACSI Full,0.28200112125476234,0.07213160395622253,0.0,0.0,0.0,0.0,0.9985288575291634,66
2025-04-21 23:00:00,SACSI Full,0.28203324928045304,0.06913840770721436,0.0,0.0,0.0,0.0,0.9985872998833656,66
2025-04-22 00:00:00,SACSI Full,0.2820922756576541,0.0687079131603241,0.0,0.0,0.0,0.0,0.9986215367913246,66
2025-04-22 01:00:00,SACSI Full,0.2821199400575959,0.059299319982528687,0.0,0.0,0.0,0.0,0.9987199276685714,66
2025-04-22 02:00:00,SACSI Full,0.2823683645192785,0.00852733850479126,0.0,0.0,0.0,0.0,0.9993217334151268,66
2025-04-22 03:00:00,SACSI Full,0.28864353683074345,0.008051693439483643,0.0,0.0,0.0,0.0,0.9998342096805573,66
2025-04-22 04:00:00,SACSI Full,0.29123838456789686,0.0039543211460113525,0.0,0.0,0.0,0.0,0.999879939854145,66
2025-04-22 05:00:00,SACSI Full,0.29283270728747085,0.003796815872192383,0.0,0.0,0.0,0.0,0.9999224886298179,66
2025-04-22 06:00:00,SACSI Full,0.29336995256503456,0.0036735832691192627,0.0,0.0,0.0,0.0,0.9999252960085868,66
2025-04-22 07:00:00,SACSI Full,0.2934637170441949,0.004629343748092651,0.0,0.0,0.0,0.0,0.9998978555202485,66
2025-04-22 08:00:00,SACSI Full,0.2929352944048249,0.03697320818901062,0.0,0.0,0.0,0.0,0.9989370971918106,66
2025-04-22 09:00:00,SACSI Full,0.2920684236701333,0.06293877959251404,0.0,0.0,0.0,0.0,0.9984815686941146,66
2025-04-22 10:00:00,SACSI Full,0.2910113950045907,0.12489140033721924,0.0,0.0,0.0,0.0,0.9968826457858085,66
2025-04-22 11:00:00,SACSI Full,0.28980613726933835,0.08892267942428589,0.0,0.0,0.0,0.0,0.9978618592023849,66
2025-04-22 12:00:00,SACSI Full,0.288417320667903,0.11035501956939697,0.0,0.0,0.0,0.0,0.997578576207161,66
2025-04-22 13:00:00,SACSI Full,0.28692072522640266,0.06952136754989624,0.0,0.0,0.0,0.0,0.9982012361288071,66
2025-04-22 14:00:00,SACSI Full,0.2855892488241199,0.11055707931518555,0.0,0.0,0.0,0.0,0.9973785012960433,66
2025-04-22 15:00:00,SACSI Full,0.2845690012598041,0.10192573070526123,0.0,0.0,0.0,0.0,0.9978751718997956,66
2025-04-22 16:00:00,SACSI Full,0.2838424873455369,0.07954582571983337,0.0,0.0,0.0,0.0,0.998185284435749,66
2025-04-22 17:00:00,SACSI Full,0.28353702293634453,0.05286067724227905,0.0,0.0,0.0,0.0,0.9986759349703789,66
2025-04-22 18:00:00,SACSI Full,0.28349108778635695,0.028719455003738403,0.0,0.0,0.0,0.0,0.9991841986775398,66
2025-04-22 19:00:00,SACSI Full,0.2835670372494065,0.031284838914871216,0.0,0.0,0.0,0.0,0.9993486493825913,66
2025-04-22 20:00:00,SACSI Full,0.2838166734226548,0.0748908519744873,0.0,0.0,0.0,0.0,0.9980661228299141,66
2025-04-22 21:00:00,SACSI Full,0.28409045914570524,0.09063571691513062,0.0,0.0,0.0,0.0,0.9980298370122909,66
2025-04-22 22:00:00,SACSI Full,0.28435466835498846,0.10476276278495789,0.0,0.0,0.0,0.0,0.9977634742856025,66
2025-04-22 23:00:00,SACSI Full,0.28454914261341135,0.08384227752685547,0.0,0.0,0.0,0.0,0.9981139495968818,66
2025-04-23 00:00:00,SACSI Full,0.2846599242345496,0.06723448634147644,0.0,0.0,0.0,0.0,0.9984892323613167,66
2025-04-23 01:00:00,SACSI Full,0.2850088366635644,0.038673728704452515,0.0,0.0,0.0,0.0,0.9989409178495408,66
2025-04-23 02:00:00,SACSI Full,0.285363283649286,0.03183409571647644,0.0,0.0,0.0,0.0,0.9992949217557907,66
2025-04-23 03:00:00,SACSI Full,0.2853632776204748,0.033998191356658936,0.0,0.0,0.0,0.0,0.999298395216465,66
2025-04-23 04:00:00,SACSI Full,0.28535316761096347,0.030966997146606445,0.0,0.0,0.0,0.0,0.9993503481149673,66
2025-04-23 05:00:00,SACSI Full,0.2853186383064591,0.03214120864868164,0.0,0.0,0.0,0.0,0.9993454337120056,66
2025-04-23 06:00:00,SACSI Full,0.2852720482333504,0.03702297806739807,0.0,0.0,0.0,0.0,0.9992107227444649,66
2025-04-23 07:00:00,SACSI Full,0.285038519248168,0.040441304445266724,0.0,0.0,0.0,0.0,0.999156990647316,66
2025-04-23 08:00:00,SACSI Full,0.2846448922133448,0.10291188955307007,0.0,0.0,0.0,0.0,0.9973170563578606,66
2025-04-23 09:00:00,SACSI Full,0.2838922328845662,0.11420220136642456,0.0,0.0,0.0,0.0,0.997603052854538,66
2025-04-23 10:00:00,SACSI Full,0.28277052794694923,0.11398851871490479,0.0,0.0,0.0,0.0,0.9977180927991868,66
2025-04-23 11:00:00,SACSI Full,0.281505118857225,0.11337727308273315,0.0,0.0,0.0,0.0,0.9977263420820236,66
2025-04-23 12:00:00,SACSI Full,0.28028245530684814,0.09220093488693237,0.0,0.0,0.0,0.0,0.9979442179203033,66
2025-04-23 13:00:00,SACSI Full,0.2789291646321617,0.08701279759407043,0.0,0.0,0.0,0.0,0.9982078626751899,66
2025-04-23 14:00:00,SACSI Full,0.2778707559219999,0.09897738695144653,0.0,0.0,0.0,0.0,0.9979008063673973,66
2025-04-23 15:00:00,SACSI Full,0.2770170987065636,0.10940283536911011,0.0,0.0,0.0,0.0,0.9977076888084412,66
2025-04-23 16:00:00,SACSI Full,0.2763300805513067,0.09989455342292786,0.0,0.0,0.0,0.0,0.9979070261120796,66
2025-04-23 17:00:00,SACSI Full,0.2760375845543546,0.09075120091438293,0.0,0.0,0.0,0.0,0.9980935424566268,66
2025-04-23 18:00:00,SACSI Full,0.2760022460826241,0.04889845848083496,0.0,0.0,0.0,0.0,0.9986035034060479,66
2025-04-23 19:00:00,SACSI Full,0.27609547787825295,0.05346953868865967,0.0,0.0,0.0,0.0,0.9988848984241485,66
2025-04-23 20:00:00,SACSI Full,0.2763057791566852,0.08859038352966309,0.0,0.0,0.0,0.0,0.9978769838809967,66
2025-04-23 21:00:00,SACSI Full,0.27652848912874894,0.09231299161911011,0.0,0.0,0.0,0.0,0.9981165140867233,66
2025-04-23 22:00:00,SACSI Full,0.2767496881230676,0.09185969829559326,0.0,0.0,0.0,0.0,0.9981582731008529,66
2025-04-23 23:00:00,SACSI Full,0.2769855369456613,0.09625464677810669,0.0,0.0,0.0,0.0,0.9980309575796128,66
2025-04-24 00:00:00,SACSI Full,0.2771898457050327,0.09529262781143188,0.0,0.0,0.0,0.0,0.9980845272541046,66
2025-04-24 01:00:00,SACSI Full,0.27738440364122424,0.09236738085746765,0.0,0.0,0.0,0.0,0.998123399913311,66
2025-04-24 02:00:00,SACSI Full,0.2775773502651854,0.09188398718833923,0.0,0.0,0.0,0.0,0.9981574863195419,66
2025-04-24 03:00:00,SACSI Full,0.27778138659874635,0.08671090006828308,0.0,0.0,0.0,0.0,0.9982140511274338,66
2025-04-24 04:00:00,SACSI Full,0.27799245876391765,0.0888216495513916,0.0,0.0,0.0,0.0,0.9982024595141411,66
2025-04-24 05:00:00,SACSI Full,0.27818724866151845,0.09243696928024292,0.0,0.0,0.0,0.0,0.9981151074171066,66
2025-04-24 06:00:00,SACSI Full,0.2783487277412418,0.09094372391700745,0.0,0.0,0.0,0.0,0.9981661930680275,66
2025-04-24 07:00:00,SACSI Full,0.27835718020280237,0.11303573846817017,0.0,0.0,0.0,0.0,0.9975183650851249,66
2025-04-24 08:00:00,SACSI Full,0.2781163804364208,0.1657600700855255,0.0,0.0,0.0,0.0,0.9961575552821159,66
2025-04-24 09:00:00,SACSI Full,0.277681471679211,0.23502737283706665,0.0,0.0,0.0,0.0,0.9946067795157433,66
2025-04-24 10:00:00,SACSI Full,0.2769105194457375,0.22771432995796204,0.0,0.0,0.0,0.0,0.9953725829720497,66
2025-04-24 11:00:00,SACSI Full,0.27581756937344903,0.19911497831344604,0.0,0.0,0.0,0.0,0.9957317069172859,66
2025-04-24 12:00:00,SACSI Full,0.274430667006175,0.14492928981781006,0.0,0.0,0.0,0.0,0.9965595573186875,66
2025-04-24 13:00:00,SACSI Full,0.2732583292078975,0.2007986605167389,0.0,0.0,0.0,0.0,0.995425333082676,66
2025-04-24 14:00:00,SACSI Full,0.27227160087267593,0.20548149943351746,0.0,0.0,0.0,0.0,0.9958435416221618,66
2025-04-24 15:00:00,SACSI Full,0.27155527639865906,0.1931026577949524,0.0,0.0,0.0,0.0,0.9960141584277153,66
2025-04-24 16:00:00,SACSI Full,0.2710023441243175,0.13162031769752502,0.0,0.0,0.0,0.0,0.9967527702450752,66
2025-04-24 17:00:00,SACSI Full,0.27082598281065656,0.12559160590171814,0.0,0.0,0.0,0.0,0.9974278807640076,66
2025-04-24 18:00:00,SACSI Full,0.2708950853188836,0.08873075246810913,0.0,0.0,0.0,0.0,0.9978567764163018,66
2025-04-24 19:00:00,SACSI Full,0.2710937087543809,0.11058703064918518,0.0,0.0,0.0,0.0,0.9975696966052056,66
2025-04-24 20:00:00,SACSI Full,0.27136008184353544,0.11391192674636841,0.0,0.0,0.0,0.0,0.9976885125041008,66
2025-04-24 21:00:00,SACSI Full,0.27164580260038407,0.11971622705459595,0.0,0.0,0.0,0.0,0.9975476324558258,66
2025-04-24 22:00:00,SACSI Full,0.27194361737092365,0.1318444311618805,0.0,0.0,0.0,0.0,0.9972418293356895,66
2025-04-24 23:00:00,SACSI Full,0.27221443001270323,0.11524379253387451,0.0,0.0,0.0,0.0,0.9975291177630424,66
2025-04-25 00:00:00,SACSI Full,0.2725156909592949,0.11587828397750854,0.0,0.0,0.0,0.0,0.9976760894060135,66
2025-04-25 01:00:00,SACSI Full,0.27280948715209985,0.1221388578414917,0.0,0.0,0.0,0.0,0.9974946171045304,66
2025-04-25 02:00:00,SACSI Full,0.27302268544753416,0.0979594886302948,0.0,0.0,0.0,0.0,0.9977990165352821,66
2025-04-25 03:00:00,SACSI Full,0.27322032818953224,0.08479282259941101,0.0,0.0,0.0,0.0,0.9981724768877029,66
2025-04-25 04:00:00,SACSI Full,0.2734027464151385,0.08022546768188477,0.0,0.0,0.0,0.0,0.9983498170971871,66
2025-04-25 05:00:00,SACSI Full,0.2735584354345007,0.07220670580863953,0.0,0.0,0.0,0.0,0.9984756782650948,66
2025-04-25 06:00:00,SACSI Full,0.2737261300539973,0.08430838584899902,0.0,0.0,0.0,0.0,0.9981928154826165,66
2025-04-25 07:00:00,SACSI Full,0.27369098546028164,0.09145662188529968,0.0,0.0,0.0,0.0,0.998099385201931,66
2025-04-25 08:00:00,SACSI Full,0.27334348546663945,0.11675000190734863,0.0,0.0,0.0,0.0,0.9974120661616325,66
2025-04-25 09:00:00,SACSI Full,0.272649374787013,0.13176679611206055,0.0,0.0,0.0,0.0,0.9972144961357117,66
2025-04-25 10:00:00,SACSI Full,0.2719582923150065,0.23467525839805603,0.0,0.0,0.0,0.0,0.9942774102091789,66
2025-04-25 11:00:00,SACSI Full,0.27086240247488047,0.20673304796218872,0.0,0.0,0.0,0.0,0.9955859169363975,66
2025-04-25 12:00:00,SACSI Full,0.2695963408088687,0.1896815001964569,0.0,0.0,0.0,0.0,0.9960358545184135,66
2025-04-25 13:00:00,SACSI Full,0.26822467189868315,0.1494993269443512,0.0,0.0,0.0,0.0,0.9966081917285919,66
2025-04-25 14:00:00,SACSI Full,0.26719484268267973,0.2010512351989746,0.0,0.0,0.0,0.0,0.9954634562134743,66
2025-04-25 15:00:00,SACSI Full,0.26647294143199945,0.1999296247959137,0.0,0.0,0.0,0.0,0.9959901914000511,66
2025-04-25 16:00:00,SACSI Full,0.265930512489478,0.13477131724357605,0.0,0.0,0.0,0.0,0.9966529905796051,66
2025-04-25 17:00:00,SACSI Full,0.2659271844871841,0.1605015993118286,0.0,0.0,0.0,0.0,0.9965326651930809,66
2025-04-25 18:00:00,SACSI Full,0.2663143448646865,0.16714811325073242,0.0,0.0,0.0,0.0,0.9965905725955964,66
2025-04-25 19:00:00,SACSI Full,0.26671085923194904,0.1529543101787567,0.0,0.0,0.0,0.0,0.9967989757657052,66
2025-04-25 20:00:00,SACSI Full,0.26722930360953034,0.18103331327438354,0.0,0.0,0.0,0.0,0.9960985437035561,66
2025-04-25 21:00:00,SACSI Full,0.267836118561427,0.21604448556900024,0.0,0.0,0.0,0.0,0.9953289985656738,66
2025-04-25 22:00:00,SACSI Full,0.2684345347221694,0.21352484822273254,0.0,0.0,0.0,0.0,0.9957043066620826,66
2025-04-25 23:00:00,SACSI Full,0.2689355727879208,0.1843114197254181,0.0,0.0,0.0,0.0,0.9960216373205185,66
2025-04-26 00:00:00,SACSI Full,0.26947915764252356,0.19707545638084412,0.0,0.0,0.0,0.0,0.9959308505058289,66
2025-04-26 01:00:00,SACSI Full,0.26997865194797527,0.1838482916355133,0.0,0.0,0.0,0.0,0.9961907625198364,66
2025-04-26 02:00:00,SACSI Full,0.270456911105315,0.17747774720191956,0.0,0.0,0.0,0.0,0.9963867396116256,66
2025-04-26 03:00:00,SACSI Full,0.2709557549579939,0.19215315580368042,0.0,0.0,0.0,0.0,0.9960101827979088,66
2025-04-26 04:00:00,SACSI Full,0.27143490295251216,0.186244398355484,0.0,0.0,0.0,0.0,0.9962160244584084,66
2025-04-26 05:00:00,SACSI Full,0.2718941146834692,0.18026351928710938,0.0,0.0,0.0,0.0,0.996334920823574,66
2025-04-26 06:00:00,SACSI Full,0.27239225046555204,0.20044073462486267,0.0,0.0,0.0,0.0,0.9957894131541252,66
2025-04-26 07:00:00,SACSI Full,0.27269192896922434,0.20890355110168457,0.0,0.0,0.0,0.0,0.9957373008131981,66
2025-04-26 08:00:00,SACSI Full,0.2726887468274435,0.24554535746574402,0.0,0.0,0.0,0.0,0.9947226747870446,66
2025-04-26 09:00:00,SACSI Full,0.27231982835928603,0.2548244595527649,0.0,0.0,0.0,0.0,0.9948107197880744,66
2025-04-26 10:00:00,SACSI Full,0.27177878835996,0.30518800020217896,0.0,0.0,0.0,0.0,0.9933926045894623,66
2025-04-26 11:00:00,SACSI Full,0.2709589807772637,0.28955772519111633,0.0,0.0,0.0,0.0,0.9940525427460671,66
2025-04-26 12:00:00,SACSI Full,0.2698924108902614,0.24952903389930725,0.0,0.0,0.0,0.0,0.9946091324090958,66
2025-04-26 13:00:00,SACSI Full,0.26886121834675475,0.2601422369480133,0.0,0.0,0.0,0.0,0.9946910232305527,66
2025-04-26 14:00:00,SACSI Full,0.26806485280831654,0.27959033846855164,0.0,0.0,0.0,0.0,0.9942137122154237,66
2025-04-26 15:00:00,SACSI Full,0.2674736943459511,0.2391524612903595,0.0,0.0,0.0,0.0,0.9948125720024109,66
2025-04-26 16:00:00,SACSI Full,0.26702058246692023,0.16156643629074097,0.0,0.0,0.0,0.0,0.995992811024189,66
2025-04-26 17:00:00,SACSI Full,0.26704348719676335,0.1768714189529419,0.0,0.0,0.0,0.0,0.9963095217943192,66
2025-04-26 18:00:00,SACSI Full,0.2674417489051819,0.18747851252555847,0.0,0.0,0.0,0.0,0.9961443588137627,66
2025-04-26 19:00:00,SACSI Full,0.26815874733448025,0.14909952878952026,0.0,0.0,0.0,0.0,0.9966342195868492,66
2025-04-26 20:00:00,SACSI Full,0.2688778127336502,0.24971961975097656,0.0,0.0,0.0,0.0,0.9939994066953659,66
2025-04-26 21:00:00,SACSI Full,0.26964836512168244,0.2651657164096832,0.0,0.0,0.0,0.0,0.9945422247052192,66
2025-04-26 22:00:00,SACSI Full,0.27028605080922435,0.2253057062625885,0.0,0.0,0.0,0.0,0.9950952857732772,66
2025-04-26 23:00:00,SACSI Full,0.27083991001447033,0.2001577615737915,0.0,0.0,0.0,0.0,0.9957453653216362,66
2025-04-27 00:00:00,SACSI Full,0.27119750380754465,0.132778137922287,0.0,0.0,0.0,0.0,0.9966706410050392,66
2025-04-27 01:00:00,SACSI Full,0.2715586358984311,0.12533962726593018,0.0,0.0,0.0,0.0,0.9974188223481179,66
2025-04-27 02:00:00,SACSI Full,0.2718328380918502,0.09926065802574158,0.0,0.0,0.0,0.0,0.9977539971470833,66
2025-04-27 03:00:00,SACSI Full,0.2721114942423502,0.1005968451499939,0.0,0.0,0.0,0.0,0.9979747012257576,66
2025-04-27 04:00:00,SACSI Full,0.2723837982590993,0.10719120502471924,0.0,0.0,0.0,0.0,0.9977902323007584,66
2025-04-27 05:00:00,SACSI Full,0.27260628643512724,0.10074645280838013,0.0,0.0,0.0,0.0,0.997920623421669,66
2025-04-27 06:00:00,SACSI Full,0.2727185586349169,0.08468165993690491,0.0,0.0,0.0,0.0,0.9981457188725472,66
2025-04-27 07:00:00,SACSI Full,0.27244075906197224,0.018660128116607666,0.0,0.0,0.0,0.0,0.9989665821194649,66
2025-04-27 08:00:00,SACSI Full,0.27210523115793855,0.12034162878990173,0.0,0.0,0.0,0.0,0.9965763524174691,66
2025-04-27 09:00:00,SACSI Full,0.2718051275110244,0.26696890592575073,0.0,0.0,0.0,0.0,0.9931943491101265,66
2025-04-27 10:00:00,SACSI Full,0.27098893412748964,0.2056419849395752,0.0,0.0,0.0,0.0,0.9952738910913468,66
2025-04-27 11:00:00,SACSI Full,0.26971052049477884,0.13497591018676758,0.0,0.0,0.0,0.0,0.9965938210487365,66
2025-04-27 12:00:00,SACSI Full,0.26829234337329855,0.1100468635559082,0.0,0.0,0.0,0.0,0.9975497722625732,66
2025-04-27 13:00:00,SACSI Full,0.2668768894561131,0.10236382484436035,0.0,0.0,0.0,0.0,0.9978758931159973,66
2025-04-27 14:00:00,SACSI Full,0.26581560445388147,0.15761449933052063,0.0,0.0,0.0,0.0,0.9962952032685279,66
2025-04-27 15:00:00,SACSI Full,0.2652691760659217,0.24407148361206055,0.0,0.0,0.0,0.0,0.9942540004849434,66
2025-04-27 16:00:00,SACSI Full,0.2648892810424168,0.1835314929485321,0.0,0.0,0.0,0.0,0.9957239702343941,66
2025-04-27 17:00:00,SACSI Full,0.264929523504575,0.19057273864746094,0.0,0.0,0.0,0.0,0.9961181327700616,66
2025-04-27 18:00:00,SACSI Full,0.26527462925990414,0.18853172659873962,0.0,0.0,0.0,0.0,0.996208955347538,66
2025-04-27 19:00:00,SACSI Full,0.2656720373972256,0.17872244119644165,0.0,0.0,0.0,0.0,0.9963274583220482,66
2025-04-27 20:00:00,SACSI Full,0.26623739973386124,0.23760870099067688,0.0,0.0,0.0,0.0,0.9946589633822441,66
2025-04-27 21:00:00,SACSI Full,0.26680551928202306,0.23843586444854736,0.0,0.0,0.0,0.0,0.9952230110764503,66
2025-04-27 22:00:00,SACSI Full,0.2674061894234021,0.24820104241371155,0.0,0.0,0.0,0.0,0.9949383273720742,66
2025-04-27 23:00:00,SACSI Full,0.26805538794517514,0.25425955653190613,0.0,0.0,0.0,0.0,0.99485422372818,66
2025-04-28 00:00:00,SACSI Full,0.2686058960763613,0.22465243935585022,0.0,0.0,0.0,0.0,0.9952108800411225,66
2025-04-28 01:00:00,SACSI Full,0.2691312073373794,0.21709337830543518,0.0,0.0,0.0,0.0,0.9955825418233872,66
2025-04-28 02:00:00,SACSI Full,0.2706707991957664,0.12137755751609802,0.0,0.0,0.0,0.0,0.9966152906417847,66
2025-04-28 03:00:00,SACSI Full,0.2726961382524172,0.06710171699523926,0.0,0.0,0.0,0.0,0.9981152072548867,66
2025-04-28 04:00:00,SACSI Full,0.2728312335332234,0.10852858424186707,0.0,0.0,0.0,0.0,0.9974151596426963,66
2025-04-28 05:00:00,SACSI Full,0.2732810870695114,0.18595606088638306,0.0,0.0,0.0,0.0,0.9955066040158271,66
2025-04-28 06:00:00,SACSI Full,0.27360807457129155,0.14909625053405762,0.0,0.0,0.0,0.0,0.9966494768857955,66
2025-04-28 07:00:00,SACSI Full,0.2739865986824035,0.12405723333358765,0.0,0.0,0.0,0.0,0.9972684651613236,66
2025-04-28 08:00:00,SACSI Full,0.2737050651017824,0.15353992581367493,0.0,0.0,0.0,0.0,0.9966343745589257,66
2025-04-28 09:00:00,SACSI Full,0.2730597979450225,0.14641985297203064,0.0,0.0,0.0,0.0,0.9970004022121429,66
2025-04-28 10:00:00,SACSI Full,0.27228160825173053,0.2085430920124054,0.0,0.0,0.0,0.0,0.9952079057693481,66
2025-04-28 11:00:00,SACSI Full,0.2713632752188046,0.2430000901222229,0.0,0.0,0.0,0.0,0.9947954282164573,66
2025-04-28 12:00:00,SACSI Full,0.27016999857425683,0.1860170066356659,0.0,0.0,0.0,0.0,0.9957098290324211,66
2025-04-28 13:00:00,SACSI Full,0.26895584275643025,0.13725325465202332,0.0,0.0,0.0,0.0,0.9967672973871231,66
2025-04-28 14:00:00,SACSI Full,0.26884041518131885,0.11587172746658325,0.0,0.0,0.0,0.0,0.997468750178814,66
2025-04-28 15:00:00,SACSI Full,0.26882072111765537,0.0170917809009552,0.0,0.0,0.0,0.0,0.9986703649163245,66
2025-04-28 16:00:00,SACSI Full,0.2681518991382916,0.04585340619087219,0.0,0.0,0.0,0.0,0.9987953156232834,66
2025-04-28 17:00:00,SACSI Full,0.2678995218372344,0.07728680968284607,0.0,0.0,0.0,0.0,0.9981399297714233,66
2025-04-28 18:00:00,SACSI Full,0.2680666963378588,0.11815235018730164,0.0,0.0,0.0,0.0,0.9972282975912095,66
2025-04-28 19:00:00,SACSI Full,0.2683365108331044,0.12344434857368469,0.0,0.0,0.0,0.0,0.9974781930446625,66
2025-04-28 20:00:00,SACSI Full,0.268645971092383,0.1438380777835846,0.0,0.0,0.0,0.0,0.9969193011522293,66
2025-04-28 21:00:00,SACSI Full,0.2688819825347264,0.12180343270301819,0.0,0.0,0.0,0.0,0.997343584895134,66
2025-04-28 22:00:00,SACSI Full,0.27050871872266125,0.030520856380462646,0.0,0.0,0.0,0.0,0.9984767571091652,66
2025-04-28 23:00:00,SACSI Full,0.27143730609814315,0.004076212644577026,0.0,0.0,0.0,0.0,0.9996540293097496,66
2025-04-29 00:00:00,SACSI Full,0.2713997402366002,0.005730241537094116,0.0,0.0,0.0,0.0,0.999868854880333,66
2025-04-29 01:00:00,SACSI Full,0.27136354428847625,0.006141215562820435,0.0,0.0,0.0,0.0,0.9998730659484864,66
2025-04-29 02:00:00,SACSI Full,0.27132782567421593,0.0062844157218933105,0.0,0.0,0.0,0.0,0.9998728796839714,66
2025-04-29 03:00:00,SACSI Full,0.27326177101055776,0.005683600902557373,0.0,0.0,0.0,0.0,0.9998803198337555,66
2025-04-29 04:00:00,SACSI Full,0.2751979773497581,0.006361901760101318,0.0,0.0,0.0,0.0,0.9998659789562225,66
2025-04-29 05:00:00,SACSI Full,0.277747977027893,0.007499903440475464,0.0,0.0,0.0,0.0,0.9998386219143867,66
2025-04-29 06:00:00,SACSI Full,0.2786246323323249,0.005496591329574585,0.0,0.0,0.0,0.0,0.9998700350522995,66
2025-04-29 07:00:00,SACSI Full,0.2791077982815106,0.004449784755706787,0.0,0.0,0.0,0.0,0.9999005362391472,66
2025-04-29 08:00:00,SACSI Full,0.28388477965037023,0.00959441065788269,0.0,0.0,0.0,0.0,0.9997566655278206,66
2025-04-29 09:00:00,SACSI Full,0.28691987795829765,0.012529492378234863,0.0,0.0,0.0,0.0,0.9997200593352318,66
2025-04-29 10:00:00,SACSI Full,0.28667307252963375,0.03195837140083313,0.0,0.0,0.0,0.0,0.9991665437817574,66
2025-04-29 11:00:00,SACSI Full,0.2860920461551348,0.03169208765029907,0.0,0.0,0.0,0.0,0.9993634954094887,66
2025-04-29 12:00:00,SACSI Full,0.28708625017325073,0.012761205434799194,0.0,0.0,0.0,0.0,0.9995554670691491,66
2025-04-29 13:00:00,SACSI Full,0.2940619916582107,0.011722445487976074,0.0,0.0,0.0,0.0,0.9997551634907722,66
2025-04-29 14:00:00,SACSI Full,0.30075733870267857,0.010604113340377808,0.0,0.0,0.0,0.0,0.9997767344117164,66
2025-04-29 15:00:00,SACSI Full,0.3063363026428222,0.009689182043075562,0.0,0.0,0.0,0.0,0.9997970670461654,66
2025-04-29 16:00:00,SACSI Full,0.3123683248543738,0.011606663465499878,0.0,0.0,0.0,0.0,0.9997486919164658,66
2025-04-29 17:00:00,SACSI Full,0.31541002513885485,0.006010085344314575,0.0,0.0,0.0,0.0,0.9998238325119019,66
2025-04-29 18:00:00,SACSI Full,0.3158328726434707,0.0033542513847351074,0.0,0.0,0.0,0.0,0.9999063566327095,66
2025-04-29 19:00:00,SACSI Full,0.3159232247567176,0.0036056339740753174,0.0,0.0,0.0,0.0,0.9999253734946251,66
2025-04-29 20:00:00,SACSI Full,0.31573650042136503,0.0034826993942260742,0.0,0.0,0.0,0.0,0.999929116666317,66
2025-04-29 21:00:00,SACSI Full,0.31554998072862617,0.0035440921783447266,0.0,0.0,0.0,0.0,0.9999285042285919,66
2025-04-29 22:00:00,SACSI Full,0.315334928026994,0.003484189510345459,0.0,0.0,0.0,0.0,0.9999297171831131,66
2025-04-29 23:00:00,SACSI Full,0.31512138133605316,0.00393599271774292,0.0,0.0,0.0,0.0,0.9999167621135712,66
2025-04-30 00:00:00,SACSI Full,0.31493568518082293,0.0037911534309387207,0.0,0.0,0.0,0.0,0.9999227285385132,66
2025-04-30 01:00:00,SACSI Full,0.31472228899161014,0.003981143236160278,0.0,0.0,0.0,0.0,0.9999184772372246,66
2025-04-30 02:00:00,SACSI Full,0.31450778117577227,0.0036476552486419678,0.0,0.0,0.0,0.0,0.9999237120151521,66
2025-04-30 03:00:00,SACSI Full,0.3146555460071563,0.003829449415206909,0.0,0.0,0.0,0.0,0.9999215930700303,66
2025-04-30 04:00:00,SACSI Full,0.31485919519424427,0.0035947561264038086,0.0,0.0,0.0,0.0,0.9999257579445839,66
2025-04-30 05:00:00,SACSI Full,0.31531308655341456,0.004167407751083374,0.0,0.0,0.0,0.0,0.9999109253287316,66
2025-04-30 06:00:00,SACSI Full,0.31504374441703153,0.004197359085083008,0.0,0.0,0.0,0.0,0.9999157533049583,66
2025-04-30 07:00:00,SACSI Full,0.3146346603473027,0.0047747790813446045,0.0,0.0,0.0,0.0,0.9998987302184105,66
2025-04-30 08:00:00,SACSI Full,0.3153409789983431,0.00739559531211853,0.0,0.0,0.0,0.0,0.9998258799314499,66
2025-04-30 09:00:00,SACSI Full,0.3147302218612035,0.0057728588581085205,0.0,0.0,0.0,0.0,0.9998683154582977,66
2025-04-30 10:00:00,SACSI Full,0.3137473509661356,0.004638731479644775,0.0,0.0,0.0,0.0,0.9998958840966224,66
2025-04-30 11:00:00,SACSI Full,0.31259539400895425,0.004912912845611572,0.0,0.0,0.0,0.0,0.9998989999294281,66
2025-04-30 12:00:00,SACSI Full,0.3109967798225084,0.004915744066238403,0.0,0.0,0.0,0.0,0.999901656806469,66
2025-04-30 13:00:00,SACSI Full,0.31016699920256924,0.0015658140182495117,0.0,0.0,0.0,0.0,0.9999351844191551,66
2025-04-30 14:00:00,SACSI Full,0.3092613196023304,0.0022961199283599854,0.0,0.0,0.0,0.0,0.9999467745423317,66
2025-04-30 15:00:00,SACSI Full,0.31106375340779613,0.004230141639709473,0.0,0.0,0.0,0.0,0.9998960569500923,66
2025-04-30 16:00:00,SACSI Full,0.310923094669183,0.0023023784160614014,0.0,0.0,0.0,0.0,0.9999346747994422,66
2025-04-30 17:00:00,SACSI Full,0.31050324749072383,0.0015458464622497559,0.0,0.0,0.0,0.0,0.9999615177512169,66
2025-04-30 18:00:00,SACSI Full,0.31025318424542736,0.0014810264110565186,0.0,0.0,0.0,0.0,0.999969731271267,66
2025-04-30 19:00:00,SACSI Full,0.3100888312888145,0.00169411301612854,0.0,0.0,0.0,0.0,0.9999639868736268,66
2025-04-30 20:00:00,SACSI Full,0.30998177879492433,0.0018842518329620361,0.0,0.0,0.0,0.0,0.9999604135751724,66
2025-04-30 21:00:00,SACSI Full,0.3098470262670516,0.0020742416381835938,0.0,0.0,0.0,0.0,0.9999566152691841,66
2025-04-30 22:00:00,SACSI Full,0.3107132279102006,0.0023604929447174072,0.0,0.0,0.0,0.0,0.9999499276280402,66
2025-04-30 23:00:00,SACSI Full,0.3112751731212932,0.0025835633277893066,0.0,0.0,0.0,0.0,0.9999460980296134,66
2025-05-01 00:00:00,SACSI Full,0.311808262465,0.0024268031120300293,0.0,0.0,0.0,0.0,0.9999498963356017,66
2025-05-01 01:00:00,SACSI Full,0.31367679067611676,0.0030584633350372314,0.0,0.0,0.0,0.0,0.9999325141310692,66
2025-05-01 02:00:00,SACSI Full,0.31827406928936625,0.004683583974838257,0.0,0.0,0.0,0.0,0.9998900771141052,66
2025-05-01 03:00:00,SACSI Full,0.3201978669349351,0.002639293670654297,0.0,0.0,0.0,0.0,-0.019859922269966954,66
2025-05-01 04:00:00,SACSI Full,0.32312390621185294,0.0033117830753326416,0.0,0.0,0.0,0.0,-0.3124635817408468,66
2025-05-01 05:00:00,SACSI Full,0.3230754923049608,0.002475827932357788,0.0,0.0,0.0,0.0,-0.3076071066061561,66
2025-05-01 06:00:00,SACSI Full,0.3229722952381769,0.003040879964828491,0.0,0.0,0.0,0.0,-0.2972959919373093,66
2025-05-01 07:00:00,SACSI Full,0.32300685438950844,0.0038677453994750977,0.0,0.0,0.0,0.0,-0.3007710625131788,66
2025-05-01 08:00:00,SACSI Full,0.32228877294778807,0.0055755674839019775,0.0,0.0,0.0,0.0,-0.22900588434932878,66
2025-05-01 09:00:00,SACSI Full,0.32156535104274736,0.00597342848777771,0.0,0.0,0.0,0.0,-0.1566585514545297,66
2025-05-01 10:00:00,SACSI Full,0.32432236271063475,0.009603500366210938,0.0,0.0,0.0,0.0,-0.43246464178958277,66
2025-05-01 11:00:00,SACSI Full,0.32887200150410323,0.0068916380405426025,0.0,0.0,0.0,0.0,-0.8873651017943897,66
2025-05-01 12:00:00,SACSI Full,0.33612658731937395,0.009875744581222534,0.0,0.0,0.0,0.0,-1.6128860878944253,66
2025-05-01 13:00:00,SACSI Full,0.33888590557416265,0.00829547643661499,0.0,0.0,0.0,0.0,-1.8887722696264426,66
2025-05-01 14:00:00,SACSI Full,0.33812885446310026,0.004384666681289673,0.0,0.0,0.0,0.0,-1.8130122477412043,66
2025-05-01 15:00:00,SACSI Full,0.33901359673500037,0.005422681570053101,0.0,0.0,0.0,0.0,-1.9014785072803246,66
2025-05-01 16:00:00,SACSI Full,0.33929209001302696,0.004547983407974243,0.0,0.0,0.0,0.0,-1.9293087079524756,66
2025-05-01 17:00:00,SACSI Full,0.34116148856480893,0.005319565534591675,0.0,0.0,0.0,0.0,-2.116262963612851,66
2025-05-01 18:00:00,SACSI Full,0.34303210343519824,0.0036844611167907715,0.0,0.0,0.0,0.0,-2.3033003837863375,66
2025-05-01 19:00:00,SACSI Full,0.3436221549852687,0.002515465021133423,0.0,0.0,0.0,0.0,-2.3622774977882495,66
2025-05-01 20:00:00,SACSI Full,0.3489163399537402,0.00525549054145813,0.0,0.0,0.0,0.0,-2.891766505440054,66
2025-05-01 21:00:00,SACSI Full,0.3504583004519938,0.0033648312091827393,0.0,0.015276681733125486,0.0,0.0,-3.0459162484168836,66
2025-05-01 22:00:00,SACSI Full,0.35061980672934034,0.003112107515335083,0.0,0.020660224311345135,0.0,0.0,-3.062045442321279,66
2025-05-01 23:00:00,SACSI Full,0.3513919502863143,0.003541409969329834,0.0,0.04639834287714422,0.0,0.0,-3.139270149855357,66
2025-05-02 00:00:00,SACSI Full,0.3545179423890878,0.005395710468292236,0.0,0.1505980796362593,0.0,0.0,-3.451920696123134,66
2025-05-02 01:00:00,SACSI Full,0.3564287791363927,0.004543662071228027,0.0,0.21429263787975686,0.0,0.0,-3.642977307364665,66
2025-05-02 02:00:00,SACSI Full,0.355742839220333,0.0026459991931915283,0.0,0.19142797401110132,0.0,0.0,-3.574355818645944,66
2025-05-02 03:00:00,SACSI Full,0.35512593049594876,0.0027917325496673584,0.0,0.1708643498649579,0.0,0.0,-3.512650341579434,66
2025-05-02 04:00:00,SACSI Full,0.3545960132664661,0.002725273370742798,0.0,0.15320044221553675,0.0,0.0,-3.459656496705815,66
2025-05-02 05:00:00,SACSI Full,0.3540945484377939,0.003045499324798584,0.0,0.13648494792646346,0.0,0.0,-3.409518956025428,66
2025-05-02 06:00:00,SACSI Full,0.35361943552988756,0.003613978624343872,0.0,0.12064785099625226,0.0,0.0,-3.3620215173542376,66
2025-05-02 07:00:00,SACSI Full,0.3541703215312182,0.006276518106460571,0.0,0.13901071770727355,0.0,0.0,-3.4171843088787686,66
2025-05-02 08:00:00,SACSI Full,0.35408650361435584,0.006571412086486816,0.0,0.13621678714519447,0.0,0.0,-3.4087847386171135,66
2025-05-02 09:00:00,SACSI Full,0.3544960647950498,0.010737180709838867,0.0,0.14986882650165967,0.0,0.0,-3.44986288080541,66
2025-05-02 10:00:00,SACSI Full,0.3532747351197536,0.006258934736251831,0.0,0.10915783732511955,0.0,0.0,-3.3276434731298203,66
2025-05-02 11:00:00,SACSI Full,0.3517099281078698,0.004055500030517578,0.0,0.05699760359566,0.0,0.0,-3.171095955134644,66
2025-05-02 12:00:00,SACSI Full,0.3502251397951354,0.004068166017532349,0.0,0.007504659837847783,0.0,0.0,-3.022595469493762,66
2025-05-02 13:00:00,SACSI Full,0.3497412705786933,0.005339235067367554,0.0,0.0,0.0,0.0,-2.9742465532611755,66
2025-05-02 14:00:00,SACSI Full,0.3485665472491492,0.004583001136779785,0.0,0.0,0.0,0.0,-2.856753947276961,66
2025-05-02 15:00:00,SACSI Full,0.34753446810244615,0.004876255989074707,0.0,0.0,0.0,0.0,-2.7535472679129187,66
2025-05-02 16:00:00,SACSI Full,0.34670079927840924,0.004899352788925171,0.0,0.0,0.0,0.0,-2.6701781458647007,66
2025-05-02 17:00:00,SACSI Full,0.34623379585106273,0.004398971796035767,0.0,0.0,0.0,0.0,-2.6234725683521223,66
2025-05-02 18:00:00,SACSI Full,0.3460474788141161,0.003604888916015625,0.0,0.0,0.0,0.0,-2.6048279200187325,66
2025-05-02 19:00:00,SACSI Full,0.3459485991104354,0.0043360888957977295,0.0,0.0,0.0,0.0,-2.5949539448212535,66
2025-05-02 20:00:00,SACSI Full,0.34584896640140905,0.004110187292098999,0.0,0.0,0.0,0.0,-2.584981102902783,66
2025-05-02 21:00:00,SACSI Full,0.34574978966791525,0.0042469799518585205,0.0,0.0,0.0,0.0,-2.5750652743171596,66
2025-05-02 22:00:00,SACSI Full,0.345652384185782,0.004778355360031128,0.0,0.0,0.0,0.0,-2.5653392994394797,66
2025-05-02 23:00:00,SACSI Full,0.3455833338920185,0.004784911870956421,0.0,0.0,0.0,0.0,-2.5584291530043783,66
2025-05-03 00:00:00,SACSI Full,0.34554291743833915,0.004875063896179199,0.0,0.0,0.0,0.0,-2.5543901466320897,66
2025-05-03 01:00:00,SACSI Full,0.34550428664047617,0.0054107606410980225,0.0,0.0,0.0,0.0,-2.550542236227887,66
2025-05-03 02:00:00,SACSI Full,0.3454643187117487,0.0050096213817596436,0.0,0.0,0.0,0.0,-2.5465360749950987,66
2025-05-03 03:00:00,SACSI Full,0.3454246781118621,0.0051078200340271,0.0,0.0,0.0,0.0,-2.542570949573414,66
2025-05-03 04:00:00,SACSI Full,0.34538592164753973,0.005373060703277588,0.0,0.0,0.0,0.0,-2.53870227837473,66
2025-05-03 05:00:00,SACSI Full,0.34531929577270254,0.005512237548828125,0.0,0.0,0.0,0.0,-2.5320412137896855,66
2025-05-03 06:00:00,SACSI Full,0.34519714863378903,0.005855858325958252,0.0,0.0,0.0,0.0,-2.5198354167531924,66
2025-05-03 07:00:00,SACSI Full,0.34487775296607714,0.006181299686431885,0.0,0.0,0.0,0.0,-2.487902177015047,66
2025-05-03 08:00:00,SACSI Full,0.3441688133867492,0.008318126201629639,0.0,0.0,0.0,0.0,-2.417069069464105,66
2025-05-03 09:00:00,SACSI Full,0.3430877928320477,0.007193833589553833,0.0,0.0,0.0,0.0,-2.308934402802682,66
2025-05-03 10:00:00,SACSI Full,0.3415769204592615,0.005738288164138794,0.0,0.0,0.0,0.0,-2.157821367143689,66
2025-05-03 11:00:00,SACSI Full,0.3397514632757415,0.004862844944000244,0.0,0.0,0.0,0.0,-1.9752523389052323,66
2025-05-03 12:00:00,SACSI Full,0.3378943741385052,0.0038732588291168213,0.0,0.0,0.0,0.0,-1.7895247748882508,66
2025-05-03 13:00:00,SACSI Full,0.33600812465348934,0.003625154495239258,0.0,0.0,0.0,0.0,-1.6008874494821765,66
2025-05-03 14:00:00,SACSI Full,0.33432195243437185,0.004148334264755249,0.0,0.0,0.0,0.0,-1.4322834419201744,66
2025-05-03 15:00:00,SACSI Full,0.3329199480136145,0.00439867377281189,0.0,0.0,0.0,0.0,-1.292085278231988,66
2025-05-03 16:00:00,SACSI Full,0.3319416521588871,0.004011243581771851,0.0,0.0,0.0,0.0,-1.1942493150622553,66
2025-05-03 17:00:00,SACSI Full,0.33144778564611166,0.004840046167373657,0.0,0.0,0.0,0.0,-1.1448836535603688,66
2025-05-03 18:00:00,SACSI Full,0.33132204385041286,0.004777461290359497,0.0,0.0,0.0,0.0,-1.1323005601158629,66
2025-05-03 19:00:00,SACSI Full,0.3312560070681482,0.005688965320587158,0.0,0.0,0.0,0.0,-1.1257236011615306,66
2025-05-03 20:00:00,SACSI Full,0.33122883178630563,0.008847415447235107,0.0,0.0,0.0,0.0,-1.1230917114407737,66
2025-05-03 21:00:00,SACSI Full,0.3311724966533889,0.008599460124969482,0.0,0.0,0.0,0.0,-1.1174241340946096,66
2025-05-03 22:00:00,SACSI Full,0.33111105340241487,0.0070670247077941895,0.0,0.0,0.0,0.0,-1.1112620050898139,66
2025-05-03 23:00:00,SACSI Full,0.33107773387510675,0.007004141807556152,0.0,0.0,0.0,0.0,-1.1079140991758278,66
2025-05-04 00:00:00,SACSI Full,0.33104197055736284,0.006271004676818848,0.0,0.0,0.0,0.0,-1.1043298072011272,66
2025-05-04 01:00:00,SACSI Full,0.331001884909462,0.004974305629730225,0.0,0.0,0.0,0.0,-1.1003009440492624,66
2025-05-04 02:00:00,SACSI Full,0.3309614232555936,0.004861503839492798,0.0,0.0,0.0,0.0,-1.0962406836540495,66
2025-05-04 03:00:00,SACSI Full,0.33091842244385783,0.004099756479263306,0.0,0.0,0.0,0.0,-1.0919318569889698,66
2025-05-04 04:00:00,SACSI Full,0.3309043962120921,0.004292130470275879,0.0,0.0,0.0,0.0,-1.090527387558526,66
2025-05-04 05:00:00,SACSI Full,0.3308609607831548,0.003969371318817139,0.0,0.0,0.0,0.0,-1.0861786933333701,66
2025-05-04 06:00:00,SACSI Full,0.33081858234325157,0.004286468029022217,0.0,0.0,0.0,0.0,-1.0819471346528384,66
2025-05-04 07:00:00,SACSI Full,0.3305250762184372,0.00544816255569458,0.0,0.0,0.0,0.0,-1.0526282020400985,66
2025-05-04 08:00:00,SACSI Full,0.3297596915030391,0.0083845853805542,0.0,0.0,0.0,0.0,-0.9761662062397667,66
2025-05-04 09:00:00,SACSI Full,0.3285503984387627,0.011212080717086792,0.0,0.0,0.0,0.0,-0.8552923604439778,66
2025-05-04 10:00:00,SACSI Full,0.326996183520944,0.009735524654388428,0.0,0.0,0.0,0.0,-0.6998278281481146,66
2025-05-04 11:00:00,SACSI Full,0.32518940742650737,0.010467171669006348,0.0,0.0,0.0,0.0,-0.5191574025542627,66
2025-05-04 12:00:00,SACSI Full,0.32329235383748123,0.008883923292160034,0.0,0.0,0.0,0.0,-0.3294288946977338,66
2025-05-04 13:00:00,SACSI Full,0.3214285832508316,0.010368824005126953,0.0,0.0,0.0,0.0,-0.14308055057039387,66
2025-05-04 14:00:00,SACSI Full,0.31976066098053363,0.009623318910598755,0.0,0.0,0.0,0.0,0.9998000785708427,66
2025-05-04 15:00:00,SACSI Full,0.31837554503916804,0.009465217590332031,0.0,0.0,0.0,0.0,0.9998091146349907,66
2025-05-04 16:00:00,SACSI Full,0.3173782926551412,0.006824284791946411,0.0,0.0,0.0,0.0,0.9998371049761773,66
2025-05-04 17:00:00,SACSI Full,0.31680351601440815,0.006067007780075073,0.0,0.0,0.0,0.0,0.9998710870742797,66
2025-05-04 18:00:00,SACSI Full,0.3166219166850955,0.005020201206207275,0.0,0.0,0.0,0.0,0.9998891279101372,66
2025-05-04 19:00:00,SACSI Full,0.3165538051644873,0.005066543817520142,0.0,0.0,0.0,0.0,0.9998982056975364,66
2025-05-04 20:00:00,SACSI Full,0.3165318651572775,0.01041799783706665,0.0,0.0,0.0,0.0,0.9997381255030633,66
2025-05-04 21:00:00,SACSI Full,0.31648286487260574,0.010799914598464966,0.0,0.0,0.0,0.0,0.9997801825404168,66
2025-05-04 22:00:00,SACSI Full,0.31646517467656843,0.011692941188812256,0.0,0.0,0.0,0.0,0.9997572109103203,66
2025-05-04 23:00:00,SACSI Full,0.31645042249281324,0.012574344873428345,0.0,0.0,0.0,0.0,0.9997396990656853,66
2025-05-05 00:00:00,SACSI Full,0.31646233421563225,0.012073516845703125,0.0,0.0,0.0,0.0,0.9997535213828087,66
2025-05-05 01:00:00,SACSI Full,0.3164414313292416,0.01072913408279419,0.0,0.0,0.0,0.0,0.999771973490715,66
2025-05-05 02:00:00,SACSI Full,0.3164427095834327,0.008883476257324219,0.0,0.0,0.0,0.0,0.9998038738965987,66
2025-05-05 03:00:00,SACSI Full,0.31641661364236595,0.009171217679977417,0.0,0.0,0.0,0.0,0.9998136982321739,66
2025-05-05 04:00:00,SACSI Full,0.3166554487101149,0.005650520324707031,0.0,0.0,0.0,0.0,0.9998517826199531,66
2025-05-05 05:00:00,SACSI Full,0.316638553508114,0.0034314393997192383,0.0,0.0,0.0,0.0,0.9999091804027557,66
2025-05-05 06:00:00,SACSI Full,0.3165923673248203,0.0031441450119018555,0.0,0.0,0.0,0.0,0.9999342441558838,66
2025-05-05 07:00:00,SACSI Full,0.3163200663145296,0.003309696912765503,0.0,0.0,0.0,0.0,0.999932150542736,66
2025-05-05 08:00:00,SACSI Full,0.31559753886301434,0.004241764545440674,0.0,0.0,0.0,0.0,0.9999058440327644,66
2025-05-05 09:00:00,SACSI Full,0.3145305023201219,0.0028890371322631836,0.0,0.0,0.0,0.0,0.999928691983223,66
2025-05-05 10:00:00,SACSI Full,0.31312353283245487,0.002909153699874878,0.0,0.0,0.0,0.0,0.9999416157603264,66
2025-05-05 11:00:00,SACSI Full,0.31146110190549614,0.002770721912384033,0.0,0.0,0.0,0.0,0.9999432012438775,66
2025-05-05 12:00:00,SACSI Full,0.3096545823764714,0.0020441412925720215,0.0,0.0,0.0,0.0,0.9999518513679504,66
2025-05-05 13:00:00,SACSI Full,0.307905286817542,0.002211332321166992,0.0,0.0,0.0,0.0,0.9999541014432907,66
2025-05-05 14:00:00,SACSI Full,0.3066599986211372,0.002413541078567505,0.0,0.0,0.0,0.0,0.9999497070908546,66
2025-05-05 15:00:00,SACSI Full,0.30572681965588655,0.0025463104248046875,0.0,0.0,0.0,0.0,0.9999477460980415,66
2025-05-05 16:00:00,SACSI Full,0.3048008328715873,0.0027039647102355957,0.0,0.0,0.0,0.0,0.999944344162941,66
2025-05-05 17:00:00,SACSI Full,0.3042429837187044,0.002645254135131836,0.0,0.0,0.0,0.0,0.9999465078115464,66
2025-05-05 18:00:00,SACSI Full,0.304051568497808,0.0020754337310791016,0.0,0.0,0.0,0.0,0.9999527931213379,66
2025-05-05 19:00:00,SACSI Full,0.30394597582100946,0.0023221969604492188,0.0,0.0,0.0,0.0,0.9999510884284973,66
2025-05-05 20:00:00,SACSI Full,0.30384454752205925,0.0035715103149414062,0.0,0.0,0.0,0.0,0.9999160766601562,66
2025-05-05 21:00:00,SACSI Full,0.30377523546456414,0.004706382751464844,0.0,0.0,0.0,0.0,0.9998945236206055,66
2025-05-05 22:00:00,SACSI Full,0.30367804406244675,0.004842579364776611,0.0,0.0,0.0,0.0,0.9999017864465714,66
2025-05-05 23:00:00,SACSI Full,0.30355389718770104,0.005255937576293945,0.0,0.0,0.0,0.0,0.999890747666359,66
2025-05-06 00:00:00,SACSI Full,0.3034575819738618,0.005105435848236084,0.0,0.0,0.0,0.0,0.9998963862657547,66
2025-05-06 01:00:00,SACSI Full,0.3033607556501936,0.004952102899551392,0.0,0.0,0.0,0.0,0.9998994246125221,66
2025-05-06 02:00:00,SACSI Full,0.3032640996964684,0.005003213882446289,0.0,0.0,0.0,0.0,0.9998994246125221,66
2025-05-06 03:00:00,SACSI Full,0.30313985248723735,0.005225837230682373,0.0,0.0,0.0,0.0,0.999893257021904,66
2025-05-06 04:00:00,SACSI Full,0.30301793184597403,0.005923807621002197,0.0,0.0,0.0,0.0,0.9998745441436768,66
2025-05-06 05:00:00,SACSI Full,0.3028960718027662,0.005941987037658691,0.0,0.0,0.0,0.0,0.9998809784650802,66
2025-05-06 06:00:00,SACSI Full,0.30274714651504264,0.006322413682937622,0.0,0.0,0.0,0.0,0.9998697474598885,66
2025-05-06 07:00:00,SACSI Full,0.30237536081392674,0.007464289665222168,0.0,0.0,0.0,0.0,0.9998392954468728,66
2025-05-06 08:00:00,SACSI Full,0.3016280790225576,0.013815462589263916,0.0,0.0,0.0,0.0,0.9996601790189743,66
2025-05-06 09:00:00,SACSI Full,0.30049845107713447,0.018111616373062134,0.0,0.0,0.0,0.0,0.9995948061347008,66
2025-05-06 10:00:00,SACSI Full,0.29908778729199476,0.027300864458084106,0.0,0.0,0.0,0.0,0.9993620902299881,66
2025-05-06 11:00:00,SACSI Full,0.2974612197176526,0.022029727697372437,0.0,0.0,0.0,0.0,0.9995066940784455,66
2025-05-06 12:00:00,SACSI Full,0.29571494856356684,0.020118653774261475,0.0,0.0,0.0,0.0,0.9995785161852837,66
2025-05-06 13:00:00,SACSI Full,0.2940244654043426,0.01985505223274231,0.0,0.0,0.0,0.0,0.99960026293993,66
2025-05-06 14:00:00,SACSI Full,0.29247722495793405,0.020327866077423096,0.0,0.0,0.0,0.0,0.9995887145400048,66
2025-05-06 15:00:00,SACSI Full,0.2911896376474609,0.021723806858062744,0.0,0.0,0.0,0.0,0.9995515644550323,66
2025-05-06 16:00:00,SACSI Full,0.29026736668188474,0.020818710327148438,0.0,0.0,0.0,0.0,0.9995745748281479,66
2025-05-06 17:00:00,SACSI Full,0.2897754072181295,0.030912160873413086,0.0,0.0,0.0,0.0,0.999280822277069,66
2025-05-06 18:00:00,SACSI Full,0.28965745544989013,0.03261446952819824,0.0,0.0,0.0,0.0,0.9993306875228882,66
2025-05-06 19:00:00,SACSI Full,0.28965871029058204,0.04287645220756531,0.0,0.0,0.0,0.0,0.999039851129055,66
2025-05-06 20:00:00,SACSI Full,0.2896774335312754,0.03961697220802307,0.0,0.0,0.0,0.0,0.9991750657558441,66
2025-05-06 21:00:00,SACSI Full,0.28968635799963377,0.045177340507507324,0.0,0.0,0.0,0.0,0.999040849506855,66
2025-05-06 22:00:00,SACSI Full,0.2896851526586125,0.04213839769363403,0.0,0.0,0.0,0.0,0.9991268426179886,66
2025-05-06 23:00:00,SACSI Full,0.2896703167287419,0.03804922103881836,0.0,0.0,0.0,0.0,0.9991981238126755,66
2025-05-07 00:00:00,SACSI Full,0.2896415134437789,0.0338590145111084,0.0,0.0,0.0,0.0,0.9992809176445008,66
2025-05-07 01:00:00,SACSI Full,0.28964021747111374,0.03361120820045471,0.0,0.0,0.0,0.0,0.9993252977728844,66
2025-05-07 02:00:00,SACSI Full,0.2896323634974072,0.031643807888031006,0.0,0.0,0.0,0.0,0.9993474498391152,66
2025-05-07 03:00:00,SACSI Full,0.28963792950947176,0.035669803619384766,0.0,0.0,0.0,0.0,0.9992463439702988,66
2025-05-07 04:00:00,SACSI Full,0.28964977487086346,0.037553608417510986,0.0,0.0,0.0,0.0,0.9992300897836685,66
2025-05-07 05:00:00,SACSI Full,0.2896448201664198,0.032513588666915894,0.0,0.0,0.0,0.0,0.9992993280291558,66
2025-05-07 06:00:00,SACSI Full,0.289633759197385,0.03918170928955078,0.0,0.0,0.0,0.0,0.9991496846079827,66
2025-05-07 07:00:00,SACSI Full,0.2893728073398181,0.04071444272994995,0.0,0.0,0.0,0.0,0.999170383810997,66
2025-05-07 08:00:00,SACSI Full,0.2887899501593817,0.07164284586906433,0.0,0.0,0.0,0.0,0.9982578590512275,66
2025-05-07 09:00:00,SACSI Full,0.2878281060433297,0.07694676518440247,0.0,0.0,0.0,0.0,0.9984080255031585,66
2025-05-07 10:00:00,SACSI Full,0.2865335083619663,0.0791206955909729,0.0,0.0,0.0,0.0,0.9983958467841149,66
2025-05-07 11:00:00,SACSI Full,0.28501154465277084,0.07891088724136353,0.0,0.0,0.0,0.0,0.9984196841716767,66
2025-05-07 12:00:00,SACSI Full,0.2834614072497595,0.1044587790966034,0.0,0.0,0.0,0.0,0.9976553454995155,66
2025-05-07 13:00:00,SACSI Full,0.28192498341956823,0.0915728509426117,0.0,0.0,0.0,0.0,0.9980396836996078,66
2025-05-07 14:00:00,SACSI Full,0.28053447110016233,0.09284630417823792,0.0,0.0,0.0,0.0,0.9981303393840789,66
2025-05-07 15:00:00,SACSI Full,0.2793508330313274,0.06140857934951782,0.0,0.0,0.0,0.0,0.9984574511647224,66
2025-05-07 16:00:00,SACSI Full,0.2785090886688142,0.053476691246032715,0.0,0.0,0.0,0.0,0.9988511472940445,66
2025-05-07 17:00:00,SACSI Full,0.2782070442732084,0.07938668131828308,0.0,0.0,0.0,0.0,0.9981531664729119,66
2025-05-07 18:00:00,SACSI Full,0.2783595667274702,0.10525673627853394,0.0,0.0,0.0,0.0,0.9976361647248267,66
2025-05-07 19:00:00,SACSI Full,0.27865306267896384,0.11354878544807434,0.0,0.0,0.0,0.0,0.997646103799343,66
2025-05-07 20:00:00,SACSI Full,0.279007967309148,0.13197138905525208,0.0,0.0,0.0,0.0,0.9971763461828231,66
2025-05-07 21:00:00,SACSI Full,0.279377027545761,0.13621807098388672,0.0,0.0,0.0,0.0,0.997233171761036,66
2025-05-07 22:00:00,SACSI Full,0.27977653307278044,0.15385165810585022,0.0,0.0,0.0,0.0,0.9967466309666633,66
2025-05-07 23:00:00,SACSI Full,0.2801222960718382,0.13772889971733093,0.0,0.0,0.0,0.0,0.9970841944217682,66
2025-05-08 00:00:00,SACSI Full,0.28045655984480267,0.13427913188934326,0.0,0.0,0.0,0.0,0.9972799196839333,66
2025-05-08 01:00:00,SACSI Full,0.2807460625163623,0.12085080146789551,0.0,0.0,0.0,0.0,0.9974487006664275,66
2025-05-08 02:00:00,SACSI Full,0.2810026659075328,0.11098101735115051,0.0,0.0,0.0,0.0,0.9976816818118095,66
2025-05-08 03:00:00,SACSI Full,0.28124220922469184,0.09736299514770508,0.0,0.0,0.0,0.0,0.9979165598750115,66
2025-05-08 04:00:00,SACSI Full,0.28145774875798907,0.09016185998916626,0.0,0.0,0.0,0.0,0.9981247514486312,66
2025-05-08 05:00:00,SACSI Full,0.2816884194270679,0.09470120072364807,0.0,0.0,0.0,0.0,0.9980605825781823,66
2025-05-08 06:00:00,SACSI Full,0.28192820685783115,0.10593622922897339,0.0,0.0,0.0,0.0,0.9977689251303672,66
2025-05-08 07:00:00,SACSI Full,0.28188917776265826,0.09879127144813538,0.0,0.0,0.0,0.0,0.997952724993229,66
2025-05-08 08:00:00,SACSI Full,0.2814228022313027,0.09808734059333801,0.0,0.0,0.0,0.0,0.9980312138795853,66
2025-05-08 09:00:00,SACSI Full,0.2805039638598669,0.08984848856925964,0.0,0.0,0.0,0.0,0.998120641708374,66
2025-05-08 10:00:00,SACSI Full,0.2793306680877913,0.11551126837730408,0.0,0.0,0.0,0.0,0.9974331468343735,66
2025-05-08 11:00:00,SACSI Full,0.27796670211870556,0.134810209274292,0.0,0.0,0.0,0.0,0.9971108064055443,66
2025-05-08 12:00:00,SACSI Full,0.27651607887505575,0.14281302690505981,0.0,0.0,0.0,0.0,0.9970637112855911,66
2025-05-08 13:00:00,SACSI Full,0.2751249579890478,0.14366373419761658,0.0,0.0,0.0,0.0,0.9971182182431221,66
2025-05-08 14:00:00,SACSI Full,0.27379221376338686,0.10167673230171204,0.0,0.0,0.0,0.0,0.9975465953350067,66
2025-05-08 15:00:00,SACSI Full,0.27268931141057695,0.0941292941570282,0.0,0.0,0.0,0.0,0.9980419397354126,66
2025-05-08 16:00:00,SACSI Full,0.2719877889617193,0.0955432653427124,0.0,0.0,0.0,0.0,0.9980749949812889,66
2025-05-08 17:00:00,SACSI Full,0.27198515310127624,0.16920924186706543,0.0,0.0,0.0,0.0,0.9958791553974152,66
2025-05-08 18:00:00,SACSI Full,0.2725704368344852,0.22658511996269226,0.0,0.0,0.0,0.0,0.99489453881979,66
2025-05-08 19:00:00,SACSI Full,0.2732558072654316,0.22261112928390503,0.0,0.0,0.0,0.0,0.995508037507534,66
2025-05-08 20:00:00,SACSI Full,0.273971263902973,0.2231369912624359,0.0,0.0,0.0,0.0,0.995532001554966,66
2025-05-08 21:00:00,SACSI Full,0.27464327047585535,0.21860197186470032,0.0,0.0,0.0,0.0,0.9955826103687286,66
2025-05-08 22:00:00,SACSI Full,0.27526420480886193,0.20328029990196228,0.0,0.0,0.0,0.0,0.9957811772823333,66
2025-05-08 23:00:00,SACSI Full,0.2758255523784865,0.18540427088737488,0.0,0.0,0.0,0.0,0.9961131542921067,66
2025-05-09 00:00:00,SACSI Full,0.2763462885546594,0.18172085285186768,0.0,0.0,0.0,0.0,0.9963287487626076,66
2025-05-09 01:00:00,SACSI Full,0.2768306454984257,0.1878070831298828,0.0,0.0,0.0,0.0,0.9961829960346222,66
2025-05-09 02:00:00,SACSI Full,0.27731515393733075,0.18785253167152405,0.0,0.0,0.0,0.0,0.9962424948811531,66
2025-05-09 03:00:00,SACSI Full,0.27775237900494626,0.1736675202846527,0.0,0.0,0.0,0.0,0.9963847994804382,66
2025-05-09 04:00:00,SACSI Full,0.2781958876609712,0.16705259680747986,0.0,0.0,0.0,0.0,0.9965927988290786,66
2025-05-09 05:00:00,SACSI Full,0.27860880598862064,0.14937549829483032,0.0,0.0,0.0,0.0,0.9968357190489769,66
2025-05-09 06:00:00,SACSI Full,0.2790771692848115,0.1745089888572693,0.0,0.0,0.0,0.0,0.9962584853172303,66
2025-05-09 07:00:00,SACSI Full,0.2792122160514105,0.1510140299797058,0.0,0.0,0.0,0.0,0.9967447698116302,66
2025-05-09 08:00:00,SACSI Full,0.27888893587429414,0.1410159468650818,0.0,0.0,0.0,0.0,0.9970797002315521,66
2025-05-09 09:00:00,SACSI Full,0.27799888157923114,0.09848371148109436,0.0,0.0,0.0,0.0,0.9976050034165382,66
2025-05-09 10:00:00,SACSI Full,0.27682406042495455,0.11505365371704102,0.0,0.0,0.0,0.0,0.9975332275032998,66
2025-05-09 11:00:00,SACSI Full,0.2758349317622094,0.13876140117645264,0.0,0.0,0.0,0.0,0.9969876945018769,66
2025-05-09 12:00:00,SACSI Full,0.2744968523216157,0.15107616782188416,0.0,0.0,0.0,0.0,0.996855328977108,66
2025-05-09 13:00:00,SACSI Full,0.2733356249316443,0.15313178300857544,0.0,0.0,0.0,0.0,0.9969168081879616,66
2025-05-09 14:00:00,SACSI Full,0.2722318266510873,0.153360515832901,0.0,0.0,0.0,0.0,0.9969305023550987,66
2025-05-09 15:00:00,SACSI Full,0.2713194764081547,0.13429492712020874,0.0,0.0,0.0,0.0,0.9971234455704688,66
2025-05-09 16:00:00,SACSI Full,0.27078516313472484,0.13720601797103882,0.0,0.0,0.0,0.0,0.997226768732071,66
2025-05-09 17:00:00,SACSI Full,0.27087437551418037,0.21376371383666992,0.0,0.0,0.0,0.0,0.9949591487646103,66
2025-05-09 18:00:00,SACSI Full,0.27156849951266343,0.2847371995449066,0.0,0.0,0.0,0.0,0.9935955211520195,66
2025-05-09 19:00:00,SACSI Full,0.27237287876128247,0.2838137745857239,0.0,0.0,0.0,0.0,0.9943144902586937,66
2025-05-09 20:00:00,SACSI Full,0.27322189814646136,0.30570581555366516,0.0,0.0,0.0,0.0,0.9936669632792473,66
2025-05-09 21:00:00,SACSI Full,0.27416260066826237,0.32471075654029846,0.0,0.0,0.0,0.0,0.9933157354593277,66
2025-05-09 22:00:00,SACSI Full,0.2750066840608824,0.295725017786026,0.0,0.0,0.0,0.0,0.9937956422567368,66
2025-05-09 23:00:00,SACSI Full,0.2758070149294445,0.2740992605686188,0.0,0.0,0.0,0.0,0.9943017572164536,66
2025-05-10 00:00:00,SACSI Full,0.2765088625335603,0.2445542812347412,0.0,0.0,0.0,0.0,0.9948134645819664,66
2025-05-10 01:00:00,SACSI Full,0.2771343791707266,0.23015499114990234,0.0,0.0,0.0,0.0,0.9952529072761536,66
2025-05-10 02:00:00,SACSI Full,0.2776848689579873,0.2076469361782074,0.0,0.0,0.0,0.0,0.9956219807267189,66
2025-05-10 03:00:00,SACSI Full,0.27819224918920876,0.19471406936645508,0.0,0.0,0.0,0.0,0.9959763899445534,66
2025-05-10 04:00:00,SACSI Full,0.2786222340480395,0.16299545764923096,0.0,0.0,0.0,0.0,0.9964229047298432,66
2025-05-10 05:00:00,SACSI Full,0.27901177417515793,0.15086203813552856,0.0,0.0,0.0,0.0,0.9968614250421524,66
2025-05-10 06:00:00,SACSI Full,0.27932741944391604,0.1286935806274414,0.0,0.0,0.0,0.0,0.9972044438123703,66
2025-05-10 07:00:00,SACSI Full,0.2794799862678754,0.14777004718780518,0.0,0.0,0.0,0.0,0.9968538343906402,66
2025-05-10 08:00:00,SACSI Full,0.2791294257728167,0.14133185148239136,0.0,0.0,0.0,0.0,0.997108981013298,66
2025-05-10 09:00:00,SACSI Full,0.27829625070014674,0.11554747819900513,0.0,0.0,0.0,0.0,0.997431206703186,66
2025-05-10 10:00:00,SACSI Full,0.2772572630675542,0.15580371022224426,0.0,0.0,0.0,0.0,0.9964813634753227,66
2025-05-10 11:00:00,SACSI Full,0.27615248942056375,0.19556790590286255,0.0,0.0,0.0,0.0,0.9956909999251367,66
2025-05-10 12:00:00,SACSI Full,0.2749068222117332,0.20429983735084534,0.0,0.0,0.0,0.0,0.9958266839385033,66
2025-05-10 13:00:00,SACSI Full,0.27371037582476015,0.19356608390808105,0.0,0.0,0.0,0.0,0.9960213407874108,66
2025-05-10 14:00:00,SACSI Full,0.2726388966385432,0.18005624413490295,0.0,0.0,0.0,0.0,0.9962637767195702,66
2025-05-10 15:00:00,SACSI Full,0.2717682430561292,0.1553039252758026,0.0,0.0,0.0,0.0,0.996646398305893,66
2025-05-10 16:00:00,SACSI Full,0.27132776411611914,0.17385631799697876,0.0,0.0,0.0,0.0,0.9963373497128487,66
2025-05-10 17:00:00,SACSI Full,0.2713667570988246,0.19869789481163025,0.0,0.0,0.0,0.0,0.995777626335621,66
2025-05-10 18:00:00,SACSI Full,0.27188448787370406,0.22331923246383667,0.0,0.0,0.0,0.0,0.9952874019742012,66
2025-05-10 19:00:00,SACSI Full,0.272524832390935,0.24310335516929626,0.0,0.0,0.0,0.0,0.9949400916695595,66
2025-05-10 20:00:00,SACSI Full,0.27330078495978394,0.26678577065467834,0.0,0.0,0.0,0.0,0.9944274604320527,66
2025-05-10 21:00:00,SACSI Full,0.2742149219568479,0.3082410991191864,0.0,0.0,0.0,0.0,0.9934206247329711,66
2025-05-10 22:00:00,SACSI Full,0.27521456800857264,0.34239381551742554,0.0,0.0,0.0,0.0,0.992810596525669,66
2025-05-10 23:00:00,SACSI Full,0.2760959571862129,0.31541675329208374,0.0,0.0,0.0,0.0,0.9934218943119049,66
2025-05-11 00:00:00,SACSI Full,0.27689319950659147,0.2901726961135864,0.0,0.0,0.0,0.0,0.9939441055059433,66
2025-05-11 01:00:00,SACSI Full,0.2775615224965321,0.159996896982193,0.0,0.0,0.0,0.0,0.9954983040690422,66
2025-05-11 02:00:00,SACSI Full,0.27771597713469537,0.10583639144897461,0.0,0.0,0.0,0.0,0.9973416671156883,66
2025-05-11 03:00:00,SACSI Full,0.27784142348526986,0.07163390517234802,0.0,0.0,0.0,0.0,0.9982252970337868,66
2025-05-11 04:00:00,SACSI Full,0.27796964694975884,0.055467039346694946,0.0,0.0,0.0,0.0,0.9987289905548096,66
2025-05-11 05:00:00,SACSI Full,0.2780826866276967,0.050911903381347656,0.0,0.0,0.0,0.0,0.9989362105727196,66
2025-05-11 06:00:00,SACSI Full,0.2782526877156801,0.07650032639503479,0.0,0.0,0.0,0.0,0.9982141092419624,66
2025-05-11 07:00:00,SACSI Full,0.2782743061153002,0.10848551988601685,0.0,0.0,0.0,0.0,0.9975104376673699,66
2025-05-11 08:00:00,SACSI Full,0.27783740882316305,0.0984308123588562,0.0,0.0,0.0,0.0,0.9979308366775512,66
2025-05-11 09:00:00,SACSI Full,0.2774884595560935,0.11831521987915039,0.0,0.0,0.0,0.0,0.997434851527214,66
2025-05-11 10:00:00,SACSI Full,0.27660857215244644,0.18653377890586853,0.0,0.0,0.0,0.0,0.9955871388316154,66
2025-05-11 11:00:00,SACSI Full,0.275611186738005,0.21078437566757202,0.0,0.0,0.0,0.0,0.9955418065190316,66
2025-05-11 12:00:00,SACSI Full,0.2751751827740577,0.21319881081581116,0.0,0.0,0.0,0.0,0.9957118794322014,66
2025-05-11 13:00:00,SACSI Full,0.2743901829163141,0.24900004267692566,0.0,0.0,0.0,0.0,0.9946619868278503,66
2025-05-11 14:00:00,SACSI Full,0.273605042722216,0.2574579417705536,0.0,0.0,0.0,0.0,0.9947662621736526,66
2025-05-11 15:00:00,SACSI Full,0.2729440850369043,0.1927126944065094,0.0,0.0,0.0,0.0,0.9954982936382294,66
2025-05-11 16:00:00,SACSI Full,0.2725961445601689,0.19311785697937012,0.0,0.0,0.0,0.0,0.996133591234684,66
2025-05-11 17:00:00,SACSI Full,0.2726441050616808,0.2013881504535675,0.0,0.0,0.0,0.0,0.9958895340561866,66
2025-05-11 18:00:00,SACSI Full,0.27307877871671393,0.21540209650993347,0.0,0.0,0.0,0.0,0.9955518186092377,66
2025-05-11 19:00:00,SACSI Full,0.27374668568053917,0.24287208914756775,0.0,0.0,0.0,0.0,0.9948678582906724,66
2025-05-11 20:00:00,SACSI Full,0.2748421032166389,0.37962526082992554,0.0,0.0,0.0,0.0,0.9910399630665779,66
2025-05-11 21:00:00,SACSI Full,0.27597355424403225,0.3904353082180023,0.0,0.0,0.0,0.0,0.9920831933617592,66
2025-05-11 22:00:00,SACSI Full,0.2774083518258639,0.28143927454948425,0.0,0.0,0.0,0.0,0.9932812541723252,66
2025-05-11 23:00:00,SACSI Full,0.27868735031683317,0.234699547290802,0.0,0.0,0.0,0.0,0.9948386117815972,66
2025-05-12 00:00:00,SACSI Full,0.28005838667868643,0.1453109085559845,0.0,0.0,0.0,0.0,0.9961998954415321,66
2025-05-12 01:00:00,SACSI Full,0.28059878241935443,0.20461872220039368,0.0,0.0,0.0,0.0,0.9953145474195481,66
2025-05-12 02:00:00,SACSI Full,0.2811424745281445,0.21410763263702393,0.0,0.0,0.0,0.0,0.9956229582428933,66
2025-05-12 03:00:00,SACSI Full,0.28303222497303354,0.009425133466720581,0.0,0.0,0.0,0.0,0.9977646723389625,66
2025-05-12 04:00:00,SACSI Full,0.29904841806490284,0.004857927560806274,0.0,0.0,0.0,0.0,0.9998571693897247,66
2025-05-12 05:00:00,SACSI Full,0.3000317111142383,0.003487914800643921,0.0,0.0,0.0,0.0,0.9999165415763855,66
2025-05-12 06:00:00,SACSI Full,0.30029142943142917,0.0034154951572418213,0.0,0.0,0.0,0.0,0.9999309659004211,66
2025-05-12 07:00:00,SACSI Full,0.2999917080322808,0.003583580255508423,0.0,0.0,0.0,0.0,0.9999266475439073,66
2025-05-12 08:00:00,SACSI Full,0.29928677881796223,0.026521235704421997,0.0,0.0,0.0,0.0,0.9992401987314223,66
2025-05-12 09:00:00,SACSI Full,0.2981986747137612,0.022068768739700317,0.0,0.0,0.0,0.0,0.9995140999555587,66
2025-05-12 10:00:00,SACSI Full,0.2978539315160022,0.004577040672302246,0.0,0.0,0.0,0.0,0.9997335419058799,66
2025-05-12 11:00:00,SACSI Full,0.3037997994915551,0.008760392665863037,0.0,0.0,0.0,0.0,0.9997829586267472,66
2025-05-12 12:00:00,SACSI Full,0.302618038953136,0.004471838474273682,0.0,0.0,0.0,0.0,0.9998676776885986,66
2025-05-12 13:00:00,SACSI Full,0.30132979961553275,0.006528198719024658,0.0,0.0,0.0,0.0,0.999848872423172,66
2025-05-12 14:00:00,SACSI Full,0.2998179258847143,0.005437880754470825,0.0,0.0,0.0,0.0,0.999880339205265,66
2025-05-12 15:00:00,SACSI Full,0.2985323060583975,0.005314052104949951,0.0,0.0,0.0,0.0,0.9998924806714058,66
2025-05-12 16:00:00,SACSI Full,0.297616730218719,0.0058272480964660645,0.0,0.0,0.0,0.0,0.9998783230781555,66
2025-05-12 17:00:00,SACSI Full,0.29713561860322013,0.008666515350341797,0.0,0.0,0.0,0.0,0.9997982770204544,66
2025-05-12 18:00:00,SACSI Full,0.2969654514447754,0.008449852466583252,0.0,0.0,0.0,0.0,0.9998288363218307,66
2025-05-12 19:00:00,SACSI Full,0.29692068060635585,0.012068748474121094,0.0,0.0,0.0,0.0,0.9997224360704422,66
2025-05-12 20:00:00,SACSI Full,0.29692876839159976,0.03642633557319641,0.0,0.0,0.0,0.0,0.9990278974175453,66
2025-05-12 21:00:00,SACSI Full,0.2969607539311951,0.035095661878585815,0.0,0.0,0.0,0.0,0.9992847800254822,66
2025-05-12 22:00:00,SACSI Full,0.29730228906074224,0.027960538864135742,0.0,0.0,0.0,0.0,0.9993694379925728,66
2025-05-12 23:00:00,SACSI Full,0.29826078455685634,0.013048648834228516,0.0,0.0,0.0,0.0,0.9995899081230163,66
2025-05-13 00:00:00,SACSI Full,0.2988692335772421,0.008034706115722656,0.0,0.0,0.0,0.0,0.9997891664505005,66
2025-05-13 01:00:00,SACSI Full,0.29881377463260356,0.008862316608428955,0.0,0.0,0.0,0.0,0.9998144775629044,66
2025-05-13 02:00:00,SACSI Full,0.29879322540043857,0.010835230350494385,0.0,0.0,0.0,0.0,0.9997635662555695,66
2025-05-13 03:00:00,SACSI Full,0.2988015374994185,0.010993629693984985,0.0,0.0,0.0,0.0,0.9997785434126855,66
2025-05-13 04:00:00,SACSI Full,0.30175663082916604,0.003527998924255371,0.0,0.0,0.0,0.0,0.9998547837138175,66
2025-05-13 05:00:00,SACSI Full,0.31344153403360714,0.005470961332321167,0.0,0.0,0.0,0.0,0.9998711511492729,66
2025-05-13 06:00:00,SACSI Full,0.313728388624182,0.0030563771724700928,0.0,0.0,0.0,0.0,0.9999147266149521,66
2025-05-13 07:00:00,SACSI Full,0.3134828434109595,0.0028364360332489014,0.0,0.0,0.0,0.0,0.9999410718679428,66
2025-05-13 08:00:00,SACSI Full,0.31281686739046444,0.004207193851470947,0.0,0.0,0.0,0.0,0.9999021485447884,66
2025-05-13 09:00:00,SACSI Full,0.3117525602435974,0.0037078559398651123,0.0,0.0,0.0,0.0,0.9999208495020866,66
2025-05-13 10:00:00,SACSI Full,0.31040779370068583,0.004570037126541138,0.0,0.0,0.0,0.0,0.9998999774456024,66
2025-05-13 11:00:00,SACSI Full,0.30878196029105853,0.005249977111816406,0.0,0.0,0.0,0.0,0.999888201057911,66
2025-05-13 12:00:00,SACSI Full,0.30698491641043696,0.004886835813522339,0.0,0.0,0.0,0.0,0.9998986318707466,66
2025-05-13 13:00:00,SACSI Full,0.30522121414342596,0.006389319896697998,0.0,0.0,0.0,0.0,0.9998571887612343,66
2025-05-13 14:00:00,SACSI Full,0.3036303063408442,0.007227659225463867,0.0,0.0,0.0,0.0,0.9998470634222031,66
2025-05-13 15:00:00,SACSI Full,0.30231859878618594,0.005987733602523804,0.0,0.0,0.0,0.0,0.9998678460717201,66
2025-05-13 16:00:00,SACSI Full,0.3013997983352251,0.004859864711761475,0.0,0.0,0.0,0.0,0.9998915240168572,66
2025-05-13 17:00:00,SACSI Full,0.30088015155473424,0.005605965852737427,0.0,0.0,0.0,0.0,0.9998804196715354,66
2025-05-13 18:00:00,SACSI Full,0.3006996241156168,0.005341768264770508,0.0,0.0,0.0,0.0,0.9998905226588249,66
2025-05-13 19:00:00,SACSI Full,0.3006112715856142,0.007494240999221802,0.0,0.0,0.0,0.0,0.999828590452671,66
2025-05-13 20:00:00,SACSI Full,0.30053182349283564,0.010165572166442871,0.0,0.0,0.0,0.0,0.9997699752449989,66
2025-05-13 21:00:00,SACSI Full,0.3004362098582493,0.013815909624099731,0.0,0.0,0.0,0.0,0.9996871784329414,66
2025-05-13 22:00:00,SACSI Full,0.3003375588703063,0.012904703617095947,0.0,0.0,0.0,0.0,0.9997327938675881,66
2025-05-13 23:00:00,SACSI Full,0.3002319892732209,0.010829120874404907,0.0,0.0,0.0,0.0,0.999762661755085,66
2025-05-14 00:00:00,SACSI Full,0.3001574749549137,0.011645704507827759,0.0,0.0,0.0,0.0,0.9997589200735092,66
2025-05-14 01:00:00,SACSI Full,0.3000864420445667,0.012690126895904541,0.0,0.0,0.0,0.0,0.9997357532382012,66
2025-05-14 02:00:00,SACSI Full,0.3000108712339308,0.01132875680923462,0.0,0.0,0.0,0.0,0.9997598111629485,66
2025-05-14 03:00:00,SACSI Full,0.3009273074404305,0.008930861949920654,0.0,0.0,0.0,0.0,0.9997974038124084,66
2025-05-14 04:00:00,SACSI Full,0.3018691225767042,0.008044540882110596,0.0,0.0,0.0,0.0,0.9998302459716797,66
2025-05-14 05:00:00,SACSI Full,0.3018123031560486,0.008454173803329468,0.0,0.0,0.0,0.0,0.9998268201947212,66
2025-05-14 06:00:00,SACSI Full,0.3016803279391831,0.011407434940338135,0.0,0.0,0.0,0.0,0.9997423186898232,66
2025-05-14 07:00:00,SACSI Full,0.3013208396696951,0.01115351915359497,0.0,0.0,0.0,0.0,0.9997743904590607,66
2025-05-14 08:00:00,SACSI Full,0.3006293433896607,0.013551115989685059,0.0,0.0,0.0,0.0,0.9997050017118454,66
2025-05-14 09:00:00,SACSI Full,0.29951528295277613,0.014281868934631348,0.0,0.0,0.0,0.0,0.999707055091858,66
2025-05-14 10:00:00,SACSI Full,0.2981260517732209,0.02523064613342285,0.0,0.0,0.0,0.0,0.9993858993053436,66
2025-05-14 11:00:00,SACSI Full,0.2965618781097637,0.03224790096282959,0.0,0.0,0.0,0.0,0.9992848694324493,66
2025-05-14 12:00:00,SACSI Full,0.2949229616777009,0.02682507038116455,0.0,0.0,0.0,0.0,0.99940927028656,66
2025-05-14 13:00:00,SACSI Full,0.29332819493690193,0.02306997776031494,0.0,0.0,0.0,0.0,0.9995010495185852,66
2025-05-14 14:00:00,SACSI Full,0.2919360788925396,0.02436518669128418,0.0,0.0,0.0,0.0,0.9994997441768646,66
2025-05-14 15:00:00,SACSI Full,0.29074472159384757,0.02509281039237976,0.0,0.0,0.0,0.0,0.9994908675551415,66
2025-05-14 16:00:00,SACSI Full,0.28989094832022055,0.02436801791191101,0.0,0.0,0.0,0.0,0.9995053917169571,66
2025-05-14 17:00:00,SACSI Full,0.28939747936883636,0.030459314584732056,0.0,0.0,0.0,0.0,0.9993299007415772,66
2025-05-14 18:00:00,SACSI Full,0.28924676686683365,0.03978624939918518,0.0,0.0,0.0,0.0,0.9991110056638717,66
2025-05-14 19:00:00,SACSI Full,0.2892023019305772,0.04616051912307739,0.0,0.0,0.0,0.0,0.9990130469202995,66
2025-05-14 20:00:00,SACSI Full,0.28925677600303357,0.06734222173690796,0.0,0.0,0.0,0.0,0.9984413385391235,66
2025-05-14 21:00:00,SACSI Full,0.289346636094243,0.08645802736282349,0.0,0.0,0.0,0.0,0.9980796813964844,66
2025-05-14 22:00:00,SACSI Full,0.2894560045544214,0.08381053805351257,0.0,0.0,0.0,0.0,0.9982973143458366,66
2025-05-14 23:00:00,SACSI Full,0.2894867907476332,0.06023585796356201,0.0,0.0,0.0,0.0,0.9985595360398292,66
2025-05-15 00:00:00,SACSI Full,0.29011590069054627,0.031232982873916626,0.0,0.0,0.0,0.0,0.9990853115916252,66
2025-05-15 01:00:00,SACSI Full,0.2901038388601846,0.03888145089149475,0.0,0.0,0.0,0.0,0.9991458863019944,66
2025-05-15 02:00:00,SACSI Full,0.2901150668167975,0.03736838698387146,0.0,0.0,0.0,0.0,0.9992375016212464,66
2025-05-15 03:00:00,SACSI Full,0.2904173649366603,0.024689435958862305,0.0,0.0,0.0,0.0,0.9993794217705726,66
2025-05-15 04:00:00,SACSI Full,0.29071004038332954,0.021802634000778198,0.0,0.0,0.0,0.0,0.9995350793004036,66
2025-05-15 05:00:00,SACSI Full,0.2926570073477333,0.009590089321136475,0.0,0.0,0.0,0.0,0.9996860727667808,66
2025-05-15 06:00:00,SACSI Full,0.29721445810317054,0.00973522663116455,0.0,0.0,0.0,0.0,0.9998038440942765,66
2025-05-15 07:00:00,SACSI Full,0.2969324253757701,0.00889018177986145,0.0,0.0,0.0,0.0,0.9998137459158897,66
2025-05-15 08:00:00,SACSI Full,0.29723715115466764,0.012417733669281006,0.0,0.0,0.0,0.0,0.9997163698077203,66
2025-05-15 09:00:00,SACSI Full,0.29694331196625084,0.009348243474960327,0.0,0.0,0.0,0.0,0.9997823402285576,66
2025-05-15 10:00:00,SACSI Full,0.3016755977590785,0.00868573784828186,0.0,0.0,0.0,0.0,0.9998196601867676,66
2025-05-15 11:00:00,SACSI Full,0.30180903645593976,0.005531609058380127,0.0,0.0,0.0,0.0,0.9998578265309334,66
2025-05-15 12:00:00,SACSI Full,0.3008217086235588,0.003301650285720825,0.0,0.0,0.0,0.0,0.999911667406559,66
2025-05-15 13:00:00,SACSI Full,0.30289342667658187,0.004015415906906128,0.0,0.0,0.0,0.0,0.99991255402565,66
2025-05-15 14:00:00,SACSI Full,0.30289073338189776,0.005192011594772339,0.0,0.0,0.0,0.0,0.9998843938112258,66
2025-05-15 15:00:00,SACSI Full,0.3022187835987315,0.004415065050125122,0.0,0.0,0.0,0.0,0.9999039292335511,66
2025-05-15 16:00:00,SACSI Full,0.30163518050351795,0.0034190714359283447,0.0,0.0,0.0,0.0,0.9999216586351395,66
2025-05-15 17:00:00,SACSI Full,0.3013338686537648,0.003106445074081421,0.0,0.0,0.0,0.0,0.9999347448349,66
2025-05-15 18:00:00,SACSI Full,0.3011507300345009,0.0045584142208099365,0.0,0.0,0.0,0.0,0.9998943120241165,66
2025-05-15 19:00:00,SACSI Full,0.3010310882774894,0.006607472896575928,0.0,0.0,0.0,0.0,0.9998473599553108,66
2025-05-15 20:00:00,SACSI Full,0.3010006198390231,0.007859468460083008,0.0,0.0,0.0,0.0,0.9998302906751633,66
2025-05-15 21:00:00,SACSI Full,0.30094573458909046,0.009034425020217896,0.0,0.0,0.0,0.0,0.9998075619339943,66
2025-05-15 22:00:00,SACSI Full,0.30089053989171044,0.008941590785980225,0.0,0.0,0.0,0.0,0.999820239841938,66
2025-05-15 23:00:00,SACSI Full,0.3008599870133306,0.007834136486053467,0.0,0.0,0.0,0.0,0.9998322427272797,66
2025-05-16 00:00:00,SACSI Full,0.3008303316815601,0.008103400468826294,0.0,0.0,0.0,0.0,0.9998352393507957,66
2025-05-16 01:00:00,SACSI Full,0.3008044061104363,0.009222328662872314,0.0,0.0,0.0,0.0,0.9998043641448021,66
2025-05-16 02:00:00,SACSI Full,0.3007828187640415,0.010523796081542969,0.0,0.0,0.0,0.0,0.9997765094041825,66
2025-05-16 03:00:00,SACSI Full,0.30172523839075427,0.008225888013839722,0.0,0.0,0.0,0.0,0.9998125031590461,66
2025-05-16 04:00:00,SACSI Full,0.30163560634771047,0.007110387086868286,0.0,0.0,0.0,0.0,0.9998466372489929,66
2025-05-16 05:00:00,SACSI Full,0.3029013362900323,0.005218982696533203,0.0,0.0,0.0,0.0,0.9998767063021661,66
2025-05-16 06:00:00,SACSI Full,0.303135067213367,0.004119277000427246,0.0,0.0,0.0,0.0,0.9999066174030304,66
2025-05-16 07:00:00,SACSI Full,0.30280963409184475,0.004370063543319702,0.0,0.0,0.0,0.0,0.9999100908637047,66
2025-05-16 08:00:00,SACSI Full,0.302107411955983,0.010333359241485596,0.0,0.0,0.0,0.0,0.9997336998581886,66
2025-05-16 09:00:00,SACSI Full,0.30106013011375127,0.017315447330474854,0.0,0.0,0.0,0.0,0.9995838701725006,66
2025-05-16 10:00:00,SACSI Full,0.29972176232654907,0.03198966383934021,0.0,0.0,0.0,0.0,0.9992134645581245,66
2025-05-16 11:00:00,SACSI Full,0.29886156714358986,0.017941445112228394,0.0,0.0,0.0,0.0,0.9995006889104843,66
2025-05-16 12:00:00,SACSI Full,0.29774916233856535,0.016778558492660522,0.0,0.0,0.0,0.0,0.9996527999639512,66
2025-05-16 13:00:00,SACSI Full,0.2962301119430766,0.011784881353378296,0.0,0.0,0.0,0.0,0.9997143656015396,66
2025-05-16 14:00:00,SACSI Full,0.2950079121025309,0.009340047836303711,0.0,0.0,0.0,0.0,0.9997887507081031,66
2025-05-16 15:00:00,SACSI Full,0.294103004613708,0.011027753353118896,0.0,0.0,0.0,0.0,0.9997625678777694,66
2025-05-16 16:00:00,SACSI Full,0.29361637272754365,0.0090104341506958,0.0,0.0,0.0,0.0,0.9997996181249619,66
2025-05-16 17:00:00,SACSI Full,0.29310033176262235,0.015187710523605347,0.0,0.0,0.0,0.0,0.9996344730257988,66
2025-05-16 18:00:00,SACSI Full,0.29289844248134944,0.015933215618133545,0.0,0.0,0.0,0.0,0.999673880636692,66
2025-05-16 19:00:00,SACSI Full,0.2927949071240331,0.019939392805099487,0.0,0.0,0.0,0.0,0.9995611503720283,66
2025-05-16 20:00:00,SACSI Full,0.2928103173398877,0.03862306475639343,0.0,0.0,0.0,0.0,0.9990407019853592,66
2025-05-16 21:00:00,SACSI Full,0.2927725167337959,0.031159818172454834,0.0,0.0,0.0,0.0,0.9993021711707115,66
2025-05-16 22:00:00,SACSI Full,0.29274229787269285,0.01643434166908264,0.0,0.0,0.0,0.0,0.9995240584015846,66
2025-05-16 23:00:00,SACSI Full,0.296672231319736,0.004480034112930298,0.0,0.0,0.0,0.0,0.9997908562421799,66
2025-05-17 00:00:00,SACSI Full,0.3093033025550749,0.006321370601654053,0.0,0.0,0.0,0.0,0.9998551592230797,66
2025-05-17 01:00:00,SACSI Full,0.3165656082105543,0.004191696643829346,0.0,0.0,0.0,0.0,0.9998948693275451,66
2025-05-17 02:00:00,SACSI Full,0.31684609007119197,0.0011445581912994385,0.0,0.0,0.0,0.0,0.9999466374516487,66
2025-05-17 03:00:00,SACSI Full,0.33714389751194973,0.0063422322273254395,0.0,0.0,0.0,0.0,-1.7145685725798792,66
2025-05-17 04:00:00,SACSI Full,0.33848333436090805,0.0018310546875,0.0,0.0,0.0,0.0,-1.8484151689599526,66
2025-05-17 05:00:00,SACSI Full,0.3388232997043834,0.001989603042602539,0.0,0.0,0.0,0.0,-1.8823713479827433,66
2025-05-17 06:00:00,SACSI Full,0.3387747650980856,0.0024396181106567383,0.0,0.0,0.0,0.0,-1.8775298023214504,66
2025-05-17 07:00:00,SACSI Full,0.33850188691615124,0.003136545419692993,0.0,0.0,0.0,0.0,-1.8502583917966076,66
2025-05-17 08:00:00,SACSI Full,0.3378940791026658,0.004657655954360962,0.0,0.0,0.0,0.0,-1.7895162744910111,66
2025-05-17 09:00:00,SACSI Full,0.3368101856040861,0.006331950426101685,0.0,0.0,0.0,0.0,-1.6811619423618485,66
2025-05-17 10:00:00,SACSI Full,0.33549965772468904,0.0063416361808776855,0.0,0.0,0.0,0.0,-1.5500927020500683,66
2025-05-17 11:00:00,SACSI Full,0.3338141868535584,0.004358738660812378,0.0,0.0,0.0,0.0,-1.3815256891042567,66
2025-05-17 12:00:00,SACSI Full,0.3321304137213931,0.004868060350418091,0.0,0.0,0.0,0.0,-1.2131438265632162,66
2025-05-17 13:00:00,SACSI Full,0.33038690825699824,0.0039483606815338135,0.0,0.0,0.0,0.0,-1.0387789899101425,66
2025-05-17 14:00:00,SACSI Full,0.32886897919097596,0.0036212801933288574,0.0,0.0,0.0,0.0,-0.8869736155063442,66
2025-05-17 15:00:00,SACSI Full,0.32757850059269916,0.0038564205169677734,0.0,0.0,0.0,0.0,-0.7579295390834913,66
2025-05-17 16:00:00,SACSI Full,0.3266256561867302,0.0031466782093048096,0.0,0.0,0.0,0.0,-0.6626356496602793,66
2025-05-17 17:00:00,SACSI Full,0.32606961156446784,0.0031866133213043213,0.0,0.0,0.0,0.0,-0.6070252880643296,66
2025-05-17 18:00:00,SACSI Full,0.32588028846660305,0.002703070640563965,0.0,0.0,0.0,0.0,-0.5880877434999232,66
2025-05-17 19:00:00,SACSI Full,0.32575026805082014,0.00349387526512146,0.0,0.0,0.0,0.0,-0.5751045906335609,66
2025-05-17 20:00:00,SACSI Full,0.32565332003433556,0.004915595054626465,0.0,0.0,0.0,0.0,-0.5654445325325428,66
2025-05-17 21:00:00,SACSI Full,0.32552873407203997,0.005124211311340332,0.0,0.0,0.0,0.0,-0.5529779775927904,66
2025-05-17 22:00:00,SACSI Full,0.32543405848263746,0.005597323179244995,0.0,0.0,0.0,0.0,-0.5435225258460089,66
2025-05-17 23:00:00,SACSI Full,0.3253383601768716,0.005290508270263672,0.0,0.0,0.0,0.0,-0.5339448960016565,66
2025-05-18 00:00:00,SACSI Full,0.3252100002471511,0.003992021083831787,0.0,0.0,0.0,0.0,-0.5210928500086479,66
2025-05-18 01:00:00,SACSI Full,0.32510847409724236,0.0035421550273895264,0.0,0.0,0.0,0.0,-0.5109227514853477,66
2025-05-18 02:00:00,SACSI Full,0.3250362404187425,0.0038298964500427246,0.0,0.0,0.0,0.0,-0.5037035172174784,66
2025-05-18 03:00:00,SACSI Full,0.3256311860068544,0.003983676433563232,0.0,0.0,0.0,0.0,-0.5631998120139481,66
2025-05-18 04:00:00,SACSI Full,0.3255585241683229,0.003701448440551758,0.0,0.0,0.0,0.0,-0.5559292680810332,66
2025-05-18 05:00:00,SACSI Full,0.3255135668341224,0.0035127997398376465,0.0,0.0,0.0,0.0,-0.5514288258940446,66
2025-05-18 06:00:00,SACSI Full,0.32805872115134244,0.006046295166015625,0.0,0.0,0.0,0.0,-0.8060183759918251,66
2025-05-18 07:00:00,SACSI Full,0.3280945205759907,0.004239827394485474,0.0,0.0,0.0,0.0,-0.8095549188246743,66
2025-05-18 08:00:00,SACSI Full,0.3280435621603235,0.003712475299835205,0.0,0.0,0.0,0.0,-0.8044357390592912,66
2025-05-18 09:00:00,SACSI Full,0.3274317604517841,0.005459487438201904,0.0,0.0,0.0,0.0,-0.7433027050485597,66
2025-05-18 10:00:00,SACSI Full,0.32633982429980274,0.003919154405593872,0.0,0.0,0.0,0.0,-0.6340762163987113,66
2025-05-18 11:00:00,SACSI Full,0.3250769647725328,0.003642141819000244,0.0,0.0,0.0,0.0,-0.5077720902155236,66
2025-05-18 12:00:00,SACSI Full,0.3235010582343642,0.0032280385494232178,0.0,0.0,0.0,0.0,-0.35017452524010384,66
2025-05-18 13:00:00,SACSI Full,0.32189581849494614,0.0029280781745910645,0.0,0.0,0.0,0.0,-0.18964341066185347,66
2025-05-18 14:00:00,SACSI Full,0.3204024026012325,0.002475231885910034,0.0,0.0,0.0,0.0,-0.040294293223852674,66
2025-05-18 15:00:00,SACSI Full,0.3193039079515044,0.0019516050815582275,0.0,0.0,0.0,0.0,0.9999557316303254,66
2025-05-18 16:00:00,SACSI Full,0.3184324683920447,0.002068132162094116,0.0,0.0,0.0,0.0,0.9999574720859528,66
2025-05-18 17:00:00,SACSI Full,0.31801321030615803,0.001722574234008789,0.0,0.0,0.0,0.0,0.999962092936039,66
2025-05-18 18:00:00,SACSI Full,0.31784857025383945,0.0016079843044281006,0.0,0.0,0.0,0.0,0.9999666944146156,66
2025-05-18 19:00:00,SACSI Full,0.3177705837337081,0.002104043960571289,0.0,0.0,0.0,0.0,0.9999529585242272,66
2025-05-18 20:00:00,SACSI Full,0.31762552927095733,0.00748366117477417,0.0,0.0,0.0,0.0,0.9997965306043625,66
2025-05-18 21:00:00,SACSI Full,0.317461420924654,0.010267496109008789,0.0,0.0,0.0,0.0,0.9997668117284775,66
2025-05-18 22:00:00,SACSI Full,0.3173235294500891,0.00963255763053894,0.0,0.0,0.0,0.0,0.9998009994626045,66
2025-05-18 23:00:00,SACSI Full,0.31720868586698214,0.008046925067901611,0.0,0.0,0.0,0.0,0.9998232051730156,66
2025-05-19 00:00:00,SACSI Full,0.31712335181553203,0.008399784564971924,0.0,0.0,0.0,0.0,0.9998284757137299,66
2025-05-19 01:00:00,SACSI Full,0.3170111631226444,0.008843392133712769,0.0,0.0,0.0,0.0,0.9998186960816383,66
2025-05-19 02:00:00,SACSI Full,0.3168684064189497,0.008172988891601562,0.0,0.0,0.0,0.0,0.9998298361897469,66
2025-05-19 03:00:00,SACSI Full,0.31774359892605775,0.0050577521324157715,0.0,0.0,0.0,0.0,0.9998676925897598,66
2025-05-19 04:00:00,SACSI Full,0.3186161936640643,0.004278421401977539,0.0,0.0,0.0,0.0,0.9999066382646561,66
2025-05-19 05:00:00,SACSI Full,0.3205171113045914,0.004275292158126831,0.0,0.0,0.0,0.0,-0.051796667594737715,66
2025-05-19 06:00:00,SACSI Full,0.32108032112756396,0.002962946891784668,0.0,0.0,0.0,0.0,-0.10810449514689457,66
2025-05-19 07:00:00,SACSI Full,0.32850872550645493,0.013521313667297363,0.0,0.0,0.0,0.0,-0.8512485605865939,66
2025-05-19 08:00:00,SACSI Full,0.3285418408481183,0.005434602499008179,0.0,0.0,0.0,0.0,-0.8543736439734951,66
2025-05-19 09:00:00,SACSI Full,0.32952287510711975,0.006810277700424194,0.0,0.0,0.0,0.0,-0.9524374730179971,66
2025-05-19 10:00:00,SACSI Full,0.32918090192237526,0.0034080445766448975,0.0,0.0,0.0,0.0,-0.9181923754602959,66
2025-05-19 11:00:00,SACSI Full,0.3302298114959302,0.005672872066497803,0.0,0.0,0.0,0.0,-1.0231172553092505,66
2025-05-19 12:00:00,SACSI Full,0.32882584757247596,0.0038108229637145996,0.0,0.0,0.0,0.0,-0.8826795941978974,66
2025-05-19 13:00:00,SACSI Full,0.3272757535878721,0.0024718046188354492,0.0,0.0,0.0,0.0,-0.7276381850630336,66
2025-05-19 14:00:00,SACSI Full,0.3263138041885597,0.002415180206298828,0.0,0.0,0.0,0.0,-0.6314292887042215,66
2025-05-19 15:00:00,SACSI Full,0.32546583433627113,0.002609044313430786,0.0,0.0,0.0,0.0,-0.5466375531544524,66
2025-05-19 16:00:00,SACSI Full,0.32459667217094723,0.0027513504028320312,0.0,0.0,0.0,0.0,-0.45972366716367313,66
2025-05-19 17:00:00,SACSI Full,0.32412276155868197,0.0023268163204193115,0.0,0.0,0.0,0.0,-0.41232693753542893,66
2025-05-19 18:00:00,SACSI Full,0.3239596836447619,0.0020766258239746094,0.0,0.0,0.0,0.0,-0.3960123988976341,66
2025-05-19 19:00:00,SACSI Full,0.32391126228728917,0.002473592758178711,0.0,0.0,0.0,0.0,-0.39117967025342193,66
2025-05-19 20:00:00,SACSI Full,0.3238349198619428,0.0025972723960876465,0.0,0.0,0.0,0.0,-0.38354516843857955,66
2025-05-19 21:00:00,SACSI Full,0.32381684548138606,0.003077685832977295,0.0,0.0,0.0,0.0,-0.38175090598963396,66
2025-05-19 22:00:00,SACSI Full,0.3237713531954987,0.0033523142337799072,0.0,0.0,0.0,0.0,-0.3772051121185542,66
2025-05-19 23:00:00,SACSI Full,0.3237538838020864,0.0032591819763183594,0.0,0.0,0.0,0.0,-0.37545449517074203,66
2025-05-20 00:00:00,SACSI Full,0.3237664797536436,0.003778785467147827,0.0,0.0,0.0,0.0,-0.3767287471086094,66
2025-05-20 01:00:00,SACSI Full,0.3237524460712973,0.004289895296096802,0.0,0.0,0.0,0.0,-0.37533551613393806,66
2025-05-20 02:00:00,SACSI Full,0.32370832618235584,0.003764033317565918,0.0,0.0,0.0,0.0,-0.37091315752172027,66
2025-05-20 03:00:00,SACSI Full,0.32363645758230525,0.003939419984817505,0.0,0.0,0.0,0.0,-0.363726300496893,66
2025-05-20 04:00:00,SACSI Full,0.3235349503072007,0.0035478174686431885,0.0,0.0,0.0,0.0,-0.3535699030946037,66
2025-05-20 05:00:00,SACSI Full,0.32343505682785345,0.004031956195831299,0.0,0.0,0.0,0.0,-0.34359116329653294,66
2025-05-20 06:00:00,SACSI Full,0.32364090691644976,0.004255026578903198,0.0,0.0,0.0,0.0,-0.36417802288038364,66
2025-05-20 07:00:00,SACSI Full,0.32328851583877233,0.004782676696777344,0.0,0.0,0.0,0.0,-0.3289525139123464,66
2025-05-20 08:00:00,SACSI Full,0.3224627957908216,0.007283985614776611,0.0,0.0,0.0,0.0,-0.24645027188363477,66
2025-05-20 09:00:00,SACSI Full,0.32160144741057384,0.0070954859256744385,0.0,0.0,0.0,0.0,-0.1602885357727876,66
2025-05-20 10:00:00,SACSI Full,0.3254633166313075,0.0070607662200927734,0.0,0.0,0.0,0.0,-0.5464732256522078,66
2025-05-20 11:00:00,SACSI Full,0.3248385053284866,0.0035566091537475586,0.0,0.0,0.0,0.0,-0.4839567066024004,66
2025-05-20 12:00:00,SACSI Full,0.3249859291434191,0.003227144479751587,0.0,0.0,0.0,0.0,-0.498660751878246,66
2025-05-20 13:00:00,SACSI Full,0.32374825334071144,0.0026972591876983643,0.0,0.0,0.0,0.0,-0.37488457810781833,66
2025-05-20 14:00:00,SACSI Full,0.3234345160221957,0.0013788044452667236,0.0,0.0,0.0,0.0,-0.3434923628558985,66
2025-05-20 15:00:00,SACSI Full,0.33150891529638593,0.009319782257080078,0.0,0.0,0.0,0.0,-1.151157335061852,66
2025-05-20 16:00:00,SACSI Full,0.3331517488932513,0.00335007905960083,0.0,0.0,0.0,0.0,-1.3153015879382939,66
2025-05-20 17:00:00,SACSI Full,0.3331804806971453,0.0021195411682128906,0.0,0.0,0.0,0.0,-1.318102765916806,66
2025-05-20 18:00:00,SACSI Full,0.333379387838036,0.002172142267227173,0.0,0.0,0.0,0.0,-1.3379827526599342,66
2025-05-20 19:00:00,SACSI Full,0.3333587440005841,0.0023068487644195557,0.0,0.0,0.0,0.0,-1.335921884098667,66
2025-05-20 20:00:00,SACSI Full,0.3370102137009205,0.00394091010093689,0.0,0.0,0.0,0.0,-1.7011165289074324,66
2025-05-20 21:00:00,SACSI Full,0.33965966330050446,0.0033348798751831055,0.0,0.0,0.0,0.0,-1.966039087950206,66
2025-05-20 22:00:00,SACSI Full,0.3423109755452376,0.0038936734199523926,0.0,0.0,0.0,0.0,-2.2311810159276053,66
2025-05-20 23:00:00,SACSI Full,0.3476357702477675,0.005938410758972168,0.0,0.0,0.0,0.0,-2.763716240365317,66
2025-05-21 00:00:00,SACSI Full,0.35083650818943096,0.0051049888134002686,0.0,0.02788360631436575,0.0,0.0,-3.0837612529388196,66
2025-05-21 01:00:00,SACSI Full,0.35401795375382106,0.005365461111068726,0.0,0.13393179179403633,0.0,0.0,-3.401905289327303,66
2025-05-21 02:00:00,SACSI Full,0.35660754958971025,0.005630403757095337,0.0,0.220251652990342,0.0,0.0,-3.6608702164726266,66
2025-05-21 03:00:00,SACSI Full,0.358638116551611,0.005607306957244873,0.0,0.28793721838703307,0.0,0.0,-3.8639240322682413,66
2025-05-21 04:00:00,SACSI Full,0.3592620930069445,0.004429370164871216,0.0,0.3087364335648175,0.0,0.0,-3.926309667465671,66
2025-05-21 05:00:00,SACSI Full,0.3613265882720135,0.005401521921157837,0.0,0.3775529424004518,0.0,0.0,-4.132776579157338,66
2025-05-21 06:00:00,SACSI Full,0.3628319974160418,0.004855990409851074,0.0,0.42773324720139244,0.0,0.0,-4.283302316727488,66
2025-05-21 07:00:00,SACSI Full,0.3623371691992484,0.005290508270263672,0.0,0.4112389733082793,0.0,0.0,-4.2338270752688505,66
2025-05-21 08:00:00,SACSI Full,0.3606122719988765,0.006273239850997925,0.0,0.35374239996255175,0.0,0.0,-4.061362492000479,66
2025-05-21 09:00:00,SACSI Full,0.3589608828977533,0.0072793662548065186,0.0,0.2986960965917774,0.0,0.0,-3.8962439383644627,66
2025-05-21 10:00:00,SACSI Full,0.35732024823985586,0.006817877292633057,0.0,0.24400827466186287,0.0,0.0,-3.73216579642106,66
2025-05-21 11:00:00,SACSI Full,0.3550753569200226,0.005711168050765991,0.0,0.16917856400075237,0.0,0.0,-3.5076609824556955,66
2025-05-21 12:00:00,SACSI Full,0.35297700186895625,0.005226880311965942,0.0,0.09923339563187455,0.0,0.0,-3.297809567379252,66
2025-05-21 13:00:00,SACSI Full,0.35108616578847734,0.004454702138900757,0.0,0.03620552628257769,0.0,0.0,-3.1087133946722423,66
2025-05-21 14:00:00,SACSI Full,0.3495124611452278,0.0038886070251464844,0.0,0.0,0.0,0.0,-2.951329547614422,66
2025-05-21 15:00:00,SACSI Full,0.35033763270167023,0.007305890321731567,0.0,0.011254423389007685,0.0,0.0,-3.0339435608064234,66
2025-05-21 16:00:00,SACSI Full,0.3511876876287536,0.00710606575012207,0.0,0.03958958762511884,0.0,0.0,-3.1189128824360752,66
2025-05-21 17:00:00,SACSI Full,0.35067567235656466,0.004917830228805542,0.0,0.022522411885488227,0.0,0.0,-3.0676874746162546,66
2025-05-21 18:00:00,SACSI Full,0.3513953639760126,0.004919618368148804,0.0,0.04651213253375346,0.0,0.0,-3.1396348078500176,66
2025-05-21 19:00:00,SACSI Full,0.35156908037315393,0.004417598247528076,0.0,0.052302679105130784,0.0,0.0,-3.157001409481549,66
2025-05-21 20:00:00,SACSI Full,0.3513496157994025,0.0046478211879730225,0.0,0.04498719331341619,0.0,0.0,-3.135056838593412,66
2025-05-21 21:00:00,SACSI Full,0.35115135247595486,0.004399418830871582,0.0,0.0383784158651622,0.0,0.0,-3.1152257199956734,66
2025-05-21 22:00:00,SACSI Full,0.3509735046767656,0.004595816135406494,0.0,0.03245015589218667,0.0,0.0,-3.0974443479723113,66
2025-05-21 23:00:00,SACSI Full,0.3508392210542677,0.004688948392868042,0.0,0.02797403514225465,0.0,0.0,-3.084016815717199,66
2025-05-22 00:00:00,SACSI Full,0.35066633671982744,0.004345923662185669,0.0,0.022211223994247575,0.0,0.0,-3.066724020703294,66
2025-05-22 01:00:00,SACSI Full,0.3504581744087666,0.003823786973953247,0.0,0.01527248029221795,0.0,0.0,-3.0458991379830196,66
2025-05-22 02:00:00,SACSI Full,0.3560337632648584,0.007802098989486694,0.0,0.2011254421619455,0.0,0.0,-3.6035721515857864,66
2025-05-22 03:00:00,SACSI Full,0.36196925531009766,0.013622790575027466,0.0,0.39897517700325413,0.0,0.0,-4.197256193737121,66
2025-05-22 04:00:00,SACSI Full,0.36098500548571283,0.004891902208328247,0.0,0.36616684952376066,0.0,0.0,-4.098685695499116,66
2025-05-22 05:00:00,SACSI Full,0.3597991623153382,0.0048857927322387695,0.0,0.32663874384460745,0.0,0.0,-3.9800140084832254,66
2025-05-22 06:00:00,SACSI Full,0.35953146763689164,0.005407184362411499,0.0,0.3177155878963873,0.0,0.0,-3.953260121292714,66
2025-05-22 07:00:00,SACSI Full,0.35926945018977086,0.006876438856124878,0.0,0.30898167299236123,0.0,0.0,-3.9270972402991444,66
2025-05-22 08:00:00,SACSI Full,0.35860507277962705,0.006522536277770996,0.0,0.28683575932090266,0.0,0.0,-3.8606412677140436,66
2025-05-22 09:00:00,SACSI Full,0.35793238906333275,0.007107853889465332,0.0,0.26441296877775927,0.0,0.0,-3.7933869165871803,66
2025-05-22 10:00:00,SACSI Full,0.35660083012392607,0.009559988975524902,0.0,0.22002767079753482,0.0,0.0,-3.660298733522977,66
2025-05-22 11:00:00,SACSI Full,0.35481975895950635,0.008837282657623291,0.0,0.16065863198354435,-1.4210854715202004e-14,0.0,-3.4821598686669653,66
2025-05-22 12:00:00,SACSI Full,0.3533424446343431,0.008220523595809937,0.0,0.11141482114477129,0.0,0.0,-3.334415041496845,66
2025-05-22 13:00:00,SACSI Full,0.35206251080242246,0.00777021050453186,0.0,0.06875036008074745,0.0,0.0,-3.206410987583248,66
2025-05-22 14:00:00,SACSI Full,0.35070580145377617,0.007513910531997681,0.0,0.0235267151258725,0.0,0.0,-3.0707329865879816,66
2025-05-22 15:00:00,SACSI Full,0.34959599308032496,0.007057487964630127,0.0,0.0,0.0,0.0,-2.959745022017462,66
2025-05-22 16:00:00,SACSI Full,0.34885195603389246,0.006288886070251465,0.0,0.0,0.0,0.0,-2.885329067129595,66
2025-05-22 17:00:00,SACSI Full,0.3483335266782711,0.005971193313598633,0.0,0.0,0.0,0.0,-2.833475268620949,66
2025-05-22 18:00:00,SACSI Full,0.3480655291233331,0.004600733518600464,0.0,0.0,0.0,0.0,-2.806658631601632,66
2025-05-22 19:00:00,SACSI Full,0.34791103328484996,0.004651248455047607,0.0,0.0,0.0,0.0,-2.791196858603461,66
2025-05-22 20:00:00,SACSI Full,0.3477557938784232,0.004428178071975708,0.0,0.0,0.0,0.0,-2.7756701821075898,66
2025-05-22 21:00:00,SACSI Full,0.3476007640816639,0.004491060972213745,0.0,0.0,0.0,0.0,-2.7601668582148364,66
2025-05-22 22:00:00,SACSI Full,0.34811480947592555,0.005213618278503418,0.0,0.0,0.0,0.0,-2.811592445531187,66
2025-05-22 23:00:00,SACSI Full,0.3482951301330199,0.0050961971282958984,0.0,0.0,0.0,0.0,-2.8296161114560556,66
2025-05-23 00:00:00,SACSI Full,0.3481691394879291,0.00470280647277832,0.0,0.0,0.0,0.0,-2.8170119388289203,66
2025-05-23 01:00:00,SACSI Full,0.348712115752088,0.005392879247665405,0.0,0.0,0.0,0.0,-2.8713263335215005,66
2025-05-23 02:00:00,SACSI Full,0.34956174455502326,0.005888640880584717,0.0,0.0,0.0,0.0,-2.9562971859362657,66
2025-05-23 03:00:00,SACSI Full,0.3507218028623345,0.006077587604522705,0.0,0.024060095411149975,0.0,0.0,-3.07230372745278,66
2025-05-23 04:00:00,SACSI Full,0.3505876740070417,0.004850476980209351,0.0,0.019589133568057096,0.0,0.0,-3.058876681350018,66
2025-05-23 05:00:00,SACSI Full,0.35164193591751763,0.005009770393371582,0.0,0.05473119725058809,0.0,0.0,-3.164295380093762,66
2025-05-23 06:00:00,SACSI Full,0.36133316216228695,0.01913994550704956,0.0,0.3777720720762332,0.0,0.0,-4.133840316889972,66
2025-05-23 07:00:00,SACSI Full,0.3618200881981697,0.008080750703811646,0.0,0.39400293993899,0.0,0.0,-4.182281026779076,66
2025-05-23 08:00:00,SACSI Full,0.3604226382784706,0.006686300039291382,0.0,0.34742127594902006,0.0,0.0,-4.04241149835449,66
2025-05-23 09:00:00,SACSI Full,0.3585569789144392,0.006034821271896362,0.0,0.2852326304813076,0.0,0.0,-3.855825102657033,66
2025-05-23 10:00:00,SACSI Full,0.35659658395335037,0.005767643451690674,0.0,0.21988613177834682,0.0,0.0,-3.659776419982272,66
2025-05-23 11:00:00,SACSI Full,0.35457371702973506,0.00459715723991394,0.0,0.15245723432450264,0.0,0.0,-3.4574753509804212,66
2025-05-23 12:00:00,SACSI Full,0.3527284732006591,0.00487595796585083,0.0,0.09094910668863748,0.0,0.0,-3.2729476272324844,66
2025-05-23 13:00:00,SACSI Full,0.35111732056080713,0.004398226737976074,0.0,0.037244018693570524,0.0,0.0,-3.1118247979277505,66
2025-05-23 14:00:00,SACSI Full,0.3498592880163532,0.005090236663818359,0.0,0.0,0.0,0.0,-2.986037526467853,66
2025-05-23 15:00:00,SACSI Full,0.34899053822934045,0.004875063896179199,0.0,0.0,0.0,0.0,-2.8991534759396447,66
2025-05-23 16:00:00,SACSI Full,0.3488538984467528,0.005508065223693848,0.0,0.0,0.0,0.0,-2.8855063359930284,66
2025-05-23 17:00:00,SACSI Full,0.3491114716062885,0.0047719478607177734,0.0,0.0,0.0,0.0,-2.9112499607596964,66
2025-05-23 18:00:00,SACSI Full,0.3488985264255545,0.004116445779800415,0.0,0.0,0.0,0.0,-2.889941526491857,66
2025-05-23 19:00:00,SACSI Full,0.3487697403226238,0.0038641691207885742,0.0,0.0,0.0,0.0,-2.8770538384113866,66
2025-05-23 20:00:00,SACSI Full,0.3499781573845885,0.005025118589401245,0.0,0.0,0.0,0.0,-2.997927850325322,66
2025-05-23 21:00:00,SACSI Full,0.3531981953572578,0.006617903709411621,0.0,0.10660651190859483,0.0,0.0,-3.3199678216511703,66
2025-05-23 22:00:00,SACSI Full,0.36030263151854397,0.008751899003982544,0.0,0.343421050618133,0.0,0.0,-4.030459529787422,66
2025-05-23 23:00:00,SACSI Full,0.3633865309111785,0.00538751482963562,0.0,0.44621769703928327,0.0,0.0,-4.338794485256186,66
2025-05-24 00:00:00,SACSI Full,0.37368691248874464,0.013678222894668579,0.0,0.7895637496248213,0.0,0.0,-5.369047720413008,66
2025-05-24 01:00:00,SACSI Full,0.37541745884043515,0.008912533521652222,0.0,0.8472486280145048,0.0,0.0,-5.541971791607677,66
2025-05-24 02:00:00,SACSI Full,0.3754446860596765,0.0073243677616119385,0.0,0.8481562019892167,0.0,0.0,-5.544630974980484,66
2025-05-24 03:00:00,SACSI Full,0.3781810083699133,0.011263638734817505,0.0,0.9393669456637768,0.0,0.0,-5.818365502475759,66
2025-05-24 04:00:00,SACSI Full,0.377951297386161,0.005296617746353149,0.0,0.9317099128720344,0.0,0.0,-5.795295341180912,66
2025-05-24 05:00:00,SACSI Full,0.3858929295911236,0.012920647859573364,0.0,1.196430986370787,0.0,0.0,-6.589627612370681,66
2025-05-24 06:00:00,SACSI Full,0.38878800159172805,0.012454986572265625,0.0,1.292933386390935,0.0,0.0,-6.879053915517123,66
2025-05-24 07:00:00,SACSI Full,0.38805775195750525,0.009016841650009155,0.0,1.2685917319168412,0.0,0.0,-6.805989914032747,66
2025-05-24 08:00:00,SACSI Full,0.3888099441093766,0.012822449207305908,0.0,1.2936648036458864,0.0,0.0,-6.881288915997376,66
2025-05-24 09:00:00,SACSI Full,0.38886475326704056,0.013934522867202759,0.0,1.2954917755680186,0.0,0.0,-6.886765137897999,66
2025-05-24 10:00:00,SACSI Full,0.3882635808468497,0.014100968837738037,0.0,1.2754526948949902,0.0,0.0,-6.826641768521429,66
2025-05-24 11:00:00,SACSI Full,0.3866395240278813,0.012600421905517578,0.0,1.2213174675960432,0.0,0.0,-6.664219416695564,66
2025-05-24 12:00:00,SACSI Full,0.3842213980551755,0.010775476694107056,0.0,1.14071326850585,0.0,0.0,-6.422373564503548,66
2025-05-24 13:00:00,SACSI Full,0.3807875968631681,0.008612871170043945,0.0,1.0262532287722692,-1.4210854715202004e-14,0.0,-6.078953569795451,66
2025-05-24 14:00:00,SACSI Full,0.3780743092387238,0.008824020624160767,0.0,0.9358103079574591,0.0,0.0,-5.807609515779405,66
2025-05-24 15:00:00,SACSI Full,0.3764359909607159,0.008704215288162231,0.0,0.8811996986905299,1.4210854715202004e-14,0.0,-5.643774378430712,66
2025-05-24 16:00:00,SACSI Full,0.3761938696244824,0.010992586612701416,0.0,0.8731289874827468,0.0,0.0,-5.619629697893741,66
2025-05-24 17:00:00,SACSI Full,0.37544320322449226,0.007906854152679443,0.0,0.8481067741497412,0.0,0.0,-5.544509316856879,66
2025-05-24 18:00:00,SACSI Full,0.37546887926806705,0.007665455341339111,0.0,0.8489626422689014,0.0,0.0,-5.547043649901644,66
2025-05-24 19:00:00,SACSI Full,0.37556720784654946,0.007238835096359253,0.0,0.8522402615516484,0.0,0.0,-5.556869827559322,66
2025-05-24 20:00:00,SACSI Full,0.372921966056264,0.004492998123168945,0.0,0.7640655352088004,0.0,0.0,-5.292313923958592,66
2025-05-24 21:00:00,SACSI Full,0.37056729025122814,0.004673600196838379,0.0,0.6855763417076048,0.0,0.0,-5.056824303147487,66
2025-05-24 22:00:00,SACSI Full,0.3684471732048747,0.004370659589767456,0.0,0.614905773495822,0.0,0.0,-4.844807763085335,66
2025-05-24 23:00:00,SACSI Full,0.3665666014246246,0.005048513412475586,0.0,0.5522200474874879,1.4210854715202004e-14,0.0,-4.656767891268936,66
2025-05-25 00:00:00,SACSI Full,0.3648734699143262,0.004842877388000488,0.0,0.49578233047753884,0.0,0.0,-4.487445905340621,66
2025-05-25 01:00:00,SACSI Full,0.3633771220846138,0.005499720573425293,0.0,0.4459040694871277,0.0,0.0,-4.337828771304704,66
2025-05-25 02:00:00,SACSI Full,0.36205536142019884,0.005317181348800659,0.0,0.401845380673295,0.0,0.0,-4.205644311039106,66
2025-05-25 03:00:00,SACSI Full,0.3608641111704271,0.0047619640827178955,0.0,0.36213703901423744,0.0,0.0,-4.086511908497025,66
2025-05-25 04:00:00,SACSI Full,0.3618501018800045,0.00780060887336731,0.0,0.39500339600015055,0.0,0.0,-4.185196586625823,66
2025-05-25 05:00:00,SACSI Full,0.36090296833232394,0.004792213439941406,0.0,0.36343227774412984,0.0,0.0,-4.0904227614555255,66
2025-05-25 06:00:00,SACSI Full,0.360051594647962,0.00514104962348938,0.0,0.3350531549320664,0.0,0.0,-4.005265774150504,66
2025-05-25 07:00:00,SACSI Full,0.3597403307512982,0.007798522710800171,0.0,0.32467769170993965,0.0,0.0,-3.9742156203149075,66
2025-05-25 08:00:00,SACSI Full,0.3582023733824119,0.007525235414505005,0.0,0.2734124460803969,0.0,0.0,-3.8203905758224423,66
2025-05-25 09:00:00,SACSI Full,0.3564148801352046,0.009081363677978516,0.0,0.21382933784015423,0.0,0.0,-3.6416852020766557,66
2025-05-25 10:00:00,SACSI Full,0.3544946564597007,0.00725477933883667,0.0,0.14982188199002308,0.0,0.0,-3.449629007400236,66
2025-05-25 11:00:00,SACSI Full,0.3525322076417908,0.005672276020050049,0.0,0.08440692139302541,0.0,0.0,-3.2533500347326654,66
2025-05-25 12:00:00,SACSI Full,0.35063424748700006,0.0042535364627838135,0.0,0.021141582900001767,0.0,0.0,-3.0635240068248337,66
2025-05-25 13:00:00,SACSI Full,0.3491387112709,0.00383913516998291,0.0,0.0,0.0,0.0,-2.913952053806329,66
2025-05-25 14:00:00,SACSI Full,0.3475924950651441,0.0036351382732391357,0.0,0.0,0.0,0.0,-2.759324249248843,66
2025-05-25 15:00:00,SACSI Full,0.34633052811742965,0.0039099156856536865,0.0,0.0,0.0,0.0,-2.6331337578308016,66
2025-05-25 16:00:00,SACSI Full,0.34571385323247456,0.003997534513473511,0.0,0.0,0.0,0.0,-2.5714661501260028,66
2025-05-25 17:00:00,SACSI Full,0.34524630988638744,0.004236996173858643,0.0,0.0,0.0,0.0,-2.524718123178824,66
2025-05-25 18:00:00,SACSI Full,0.34517479245703564,0.004044771194458008,0.0,0.0,0.0,0.0,-2.5175620633772464,66
2025-05-25 19:00:00,SACSI Full,0.3451611114355042,0.00439569354057312,0.0,0.0,0.0,0.0,-2.5162025666446928,66
2025-05-25 20:00:00,SACSI Full,0.3450935418204581,0.0052291154861450195,0.0,0.0,0.0,0.0,-2.5094670985749876,66
2025-05-25 21:00:00,SACSI Full,0.3450248650491352,0.004896968603134155,0.0,0.0,0.0,0.0,-2.502587765754413,66
2025-05-25 22:00:00,SACSI Full,0.3449551238381977,0.00457763671875,0.0,0.0,0.0,0.0,-2.4956071298729894,66
2025-05-25 23:00:00,SACSI Full,0.3449141088545437,0.004695504903793335,0.0,0.0,0.0,0.0,-2.4915059742342964,66
2025-05-26 00:00:00,SACSI Full,0.3448727466738339,0.00459134578704834,0.0,0.0,0.0,0.0,-2.4873675358902965,66
2025-05-26 01:00:00,SACSI Full,0.3461391287903106,0.005414634943008423,0.0,0.0,0.0,0.0,-2.6140294046214803,66
2025-05-26 02:00:00,SACSI Full,0.34740499731343155,0.005260556936264038,0.0,0.0,0.0,0.0,-2.7406064832619474,66
2025-05-26 03:00:00,SACSI Full,0.35391931505454627,0.010439157485961914,0.0,0.1306438351515425,0.0,0.0,-3.3921920746098424,66
2025-05-26 04:00:00,SACSI Full,0.35616945337617145,0.006189942359924316,0.0,0.20564844587238157,0.0,0.0,-3.617111628615603,66
2025-05-26 05:00:00,SACSI Full,0.3590998408067561,0.007944256067276001,0.0,0.30332802689187166,0.0,0.0,-3.9101605089340294,66
2025-05-26 06:00:00,SACSI Full,0.35840135136666923,0.004498213529586792,0.0,0.2800450455556415,0.0,0.0,-3.840259561362891,66
2025-05-26 07:00:00,SACSI Full,0.35732124241193863,0.005008727312088013,0.0,0.2440414137312871,0.0,0.0,-3.7322295208779295,66
2025-05-26 08:00:00,SACSI Full,0.35594655705047307,0.006812959909439087,0.0,0.1982185683491025,0.0,0.0,-3.5948100065714685,66
2025-05-26 09:00:00,SACSI Full,0.35437827697818863,0.0069585442543029785,0.0,0.1459425659396217,0.0,0.0,-3.437968324547397,66
2025-05-26 10:00:00,SACSI Full,0.35270711808334637,0.005389600992202759,0.0,0.09023726944488004,0.0,0.0,-3.270835289787102,66
2025-05-26 11:00:00,SACSI Full,0.35099600886604954,0.004367530345916748,0.0,0.03320029553498358,0.0,0.0,-3.099698457918334,66
2025-05-26 12:00:00,SACSI Full,0.3491392574884669,0.003974586725234985,0.0,0.0,0.0,0.0,-2.914009170017402,66
2025-05-26 13:00:00,SACSI Full,0.3473366266658084,0.0032107532024383545,0.0,0.0,0.0,0.0,-2.733734519980115,66
2025-05-26 14:00:00,SACSI Full,0.34578863175811136,0.003101527690887451,0.0,0.0,0.0,0.0,-2.578926298620069,66
2025-05-26 15:00:00,SACSI Full,0.34449576351028444,0.0031395256519317627,0.0,0.0,0.0,0.0,-2.4496395215210924,66
2025-05-26 16:00:00,SACSI Full,0.3442107932617442,0.003508925437927246,0.0,0.0,0.0,0.0,-2.4211531986810373,66
2025-05-26 17:00:00,SACSI Full,0.3440173058988826,0.0034537911415100098,0.0,0.0,0.0,0.0,-2.4018002170540513,66
2025-05-26 18:00:00,SACSI Full,0.34380047548871995,0.0029508769512176514,0.0,0.0,0.0,0.0,-2.3801115955529215,66
2025-05-26 19:00:00,SACSI Full,0.34369808904510496,0.003284066915512085,0.0,0.0,0.0,0.0,-2.3698779177484486,66
2025-05-26 20:00:00,SACSI Full,0.34356742638927457,0.0033012032508850098,0.0,0.0,0.0,0.0,-2.3568088343558276,66
2025-05-26 21:00:00,SACSI Full,0.3434946254732386,0.0036597251892089844,0.0,0.0,0.0,0.0,-2.349539327047028,66
2025-05-26 22:00:00,SACSI Full,0.3433942884359932,0.0038988888263702393,0.0,0.0,0.0,0.0,-2.3395092130122164,66
2025-05-26 23:00:00,SACSI Full,0.3433237226941363,0.004330277442932129,0.0,0.0,0.0,0.0,-2.332463188848654,66
2025-05-27 00:00:00,SACSI Full,0.343309207207578,0.0041453540325164795,0.0,0.0,0.0,0.0,-2.3310054770725555,66
2025-05-27 01:00:00,SACSI Full,0.3433239335284805,0.004417896270751953,0.0,0.0,0.0,0.0,-2.3324844361958474,66
2025-05-27 02:00:00,SACSI Full,0.34333804939847945,0.004234760999679565,0.0,0.0,0.0,0.0,-2.3338914664206487,66
2025-05-27 03:00:00,SACSI Full,0.34335333649974825,0.004586130380630493,0.0,0.0,0.0,0.0,-2.335428886276247,66
2025-05-27 04:00:00,SACSI Full,0.3433386968368467,0.00410810112953186,0.0,0.0,0.0,0.0,-2.3339566259997717,66
2025-05-27 05:00:00,SACSI Full,0.3433263762913323,0.004803836345672607,0.0,0.0,0.0,0.0,-2.3327406632123022,66
2025-05-27 06:00:00,SACSI Full,0.3432866358536657,0.005077868700027466,0.0,0.0,0.0,0.0,-2.3287678830641134,66
2025-05-27 07:00:00,SACSI Full,0.3429953256633059,0.006106942892074585,0.0,0.0,0.0,0.0,-2.299664995930354,66
2025-05-27 08:00:00,SACSI Full,0.3422598841033554,0.008867532014846802,0.0,0.0,0.0,0.0,-2.2261933668670637,66
2025-05-27 09:00:00,SACSI Full,0.34112923271359763,0.009304583072662354,0.0,0.0,0.0,0.0,-2.113113733531794,66
2025-05-27 10:00:00,SACSI Full,0.3395829208749708,0.012106448411941528,0.0,0.0,0.0,0.0,-1.9585622351187082,66
2025-05-27 11:00:00,SACSI Full,0.3377836107589976,0.012706965208053589,0.0,0.0,0.0,0.0,-1.7786212203718814,66
2025-05-27 12:00:00,SACSI Full,0.3358678052832858,0.011758357286453247,0.0,0.0,0.0,0.0,-1.5870251815535246,66
2025-05-27 13:00:00,SACSI Full,0.3340660652846273,0.011978000402450562,0.0,0.0,0.0,0.0,-1.4068482849019373,66
2025-05-27 14:00:00,SACSI Full,0.33240294913551965,0.011065155267715454,0.0,0.0,0.0,0.0,-1.2405253451086664,66
2025-05-27 15:00:00,SACSI Full,0.3310223239074326,0.010812431573867798,0.0,0.0,0.0,0.0,-1.1024511666116732,66
2025-05-27 16:00:00,SACSI Full,0.33014250466288886,0.008054226636886597,0.0,0.0,0.0,0.0,-1.0144391328709927,66
2025-05-27 17:00:00,SACSI Full,0.32966127085786817,0.008629858493804932,0.0,0.0,0.0,0.0,-0.9663054392752617,66
2025-05-27 18:00:00,SACSI Full,0.3295198448278681,0.008572190999984741,0.0,0.0,0.0,0.0,-0.9521565032817486,66
2025-05-27 19:00:00,SACSI Full,0.32946702537558237,0.00965416431427002,0.0,0.0,0.0,0.0,-0.9469064405776644,66
2025-05-27 20:00:00,SACSI Full,0.3293091238596217,0.012129545211791992,0.0,0.0,0.0,0.0,-0.9311797306753793,66
2025-05-27 21:00:00,SACSI Full,0.32912705438158674,0.013379156589508057,0.0,0.0,0.0,0.0,-0.9129855174042404,66
2025-05-27 22:00:00,SACSI Full,0.3289143066241519,0.012675672769546509,0.0,0.0,0.0,0.0,-0.8916912107087785,66
2025-05-27 23:00:00,SACSI Full,0.32866578538359964,0.010443627834320068,0.0,0.0,0.0,0.0,-0.866809731366002,66
2025-05-28 00:00:00,SACSI Full,0.3287472337875939,0.009434521198272705,0.0,0.0,0.0,0.0,-0.8749221602497159,66
2025-05-28 01:00:00,SACSI Full,0.32881878186009095,0.00646442174911499,0.0,0.0,0.0,0.0,-0.882037175438568,66
2025-05-28 02:00:00,SACSI Full,0.32863080284696583,0.0031062960624694824,0.0,0.0,0.0,0.0,-0.8631759918746983,66
2025-05-28 03:00:00,SACSI Full,0.32850117482842767,0.0036115944385528564,0.0,0.0,0.0,0.0,-0.8501947677152979,66
2025-05-28 04:00:00,SACSI Full,0.3297062530368742,0.004023462533950806,0.0,0.0,0.0,0.0,-0.9707098916190499,66
2025-05-28 05:00:00,SACSI Full,0.32957543590567273,0.0032548606395721436,0.0,0.0,0.0,0.0,-0.9576163737990077,66
2025-05-28 06:00:00,SACSI Full,0.32941638776244486,0.0032855570316314697,0.0,0.0,0.0,0.0,-0.9417047943490388,66
2025-05-28 07:00:00,SACSI Full,0.3290600821497218,0.00360831618309021,0.0,0.0,0.0,0.0,-0.906083608887358,66
2025-05-28 08:00:00,SACSI Full,0.32939795410575234,0.005361586809158325,0.0,0.0,0.0,0.0,-0.9399201750176777,66
2025-05-28 09:00:00,SACSI Full,0.3318231408216731,0.008056014776229858,0.0,0.0,0.0,0.0,-1.1825021467425025,66
2025-05-28 10:00:00,SACSI Full,0.331933930865345,0.005237013101577759,0.0,0.0,0.0,0.0,-1.193526016813278,66
2025-05-28 11:00:00,SACSI Full,0.33151161479017893,0.004805177450180054,0.0,0.0,0.0,0.0,-1.1512619009234102,66
2025-05-28 12:00:00,SACSI Full,0.33129294668298714,0.0043995678424835205,0.0,0.0,0.0,0.0,-1.1293867157516404,66
2025-05-28 13:00:00,SACSI Full,0.33128770777326577,0.0044283270835876465,0.0,0.0,0.0,0.0,-1.1288596314606592,66
2025-05-28 14:00:00,SACSI Full,0.3323461444268798,0.004530996084213257,0.0,0.0,0.0,0.0,-1.234706089299672,66
2025-05-28 15:00:00,SACSI Full,0.3336029561370786,0.004543513059616089,0.0,0.0,0.0,0.0,-1.3603866091388035,66
2025-05-28 16:00:00,SACSI Full,0.334552662809906,0.003912001848220825,0.0,0.0,0.0,0.0,-1.4553508361396752,66
2025-05-28 17:00:00,SACSI Full,0.33533780034643174,0.0035412609577178955,0.0,0.0,0.0,0.0,-1.5338545672712323,66
2025-05-28 18:00:00,SACSI Full,0.33590117358547206,0.0030119717121124268,0.0,0.0,0.0,0.0,-1.5901828908739033,66
2025-05-28 19:00:00,SACSI Full,0.33621565370422357,0.0028440356254577637,0.0,0.0,0.0,0.0,-1.6216239304957323,66
2025-05-28 20:00:00,SACSI Full,0.3378664240433947,0.0037311017513275146,0.0,0.0,0.0,0.0,-1.786725897035752,66
2025-05-28 21:00:00,SACSI Full,0.3384885684897677,0.003643333911895752,0.0,0.0,0.0,0.0,-1.8489305933334033,66
2025-05-28 22:00:00,SACSI Full,0.3384436975823021,0.0035387277603149414,0.0,0.0,0.0,0.0,-1.8444415788469297,66
2025-05-28 23:00:00,SACSI Full,0.3383716342737452,0.003881007432937622,0.0,0.0,0.0,0.0,-1.837244470319907,66
2025-05-29 00:00:00,SACSI Full,0.33827270142258964,0.0043201446533203125,0.0,0.0,0.0,0.0,-1.8273609365242336,66
2025-05-29 01:00:00,SACSI Full,0.33811515233617784,0.003735274076461792,0.0,0.0,0.0,0.0,-1.811595787805081,66
2025-05-29 02:00:00,SACSI Full,0.3379588296153323,0.004103183746337891,0.0,0.0,0.0,0.0,-1.7959687043048551,66
2025-05-29 03:00:00,SACSI Full,0.33813905838193253,0.00506862998008728,0.0,0.0,0.0,0.0,-1.814016865255192,66
2025-05-29 04:00:00,SACSI Full,0.33795650984865183,0.004735440015792847,0.0,0.0,0.0,0.0,-1.7957490255651412,66
2025-05-29 05:00:00,SACSI Full,0.33777284174146016,0.0043995678424835205,0.0,0.0,0.0,0.0,-1.7773755242245983,66
2025-05-29 06:00:00,SACSI Full,0.3375607255619939,0.004365146160125732,0.0,0.0,0.0,0.0,-1.7561602033394155,66
2025-05-29 07:00:00,SACSI Full,0.3378695259676552,0.0031401216983795166,0.0,0.0,0.0,0.0,-1.7870276494441024,66
2025-05-29 08:00:00,SACSI Full,0.35173264584441566,0.018690824508666992,0.0,0.05775486148052096,0.0,0.0,-3.1737939079598414,66
2025-05-29 09:00:00,SACSI Full,0.35518336567455155,0.009994804859161377,0.0,0.17277885581838462,0.0,0.0,-3.518623423748833,66
2025-05-29 10:00:00,SACSI Full,0.35944025942468905,0.010743439197540283,0.0,0.31467531415630107,0.0,0.0,-3.9442482975962383,66
2025-05-29 11:00:00,SACSI Full,0.36171458171544313,0.008782744407653809,0.0,0.3904860571814368,0.0,0.0,-4.1716534333803645,66
2025-05-29 12:00:00,SACSI Full,0.36464396073667266,0.011445730924606323,0.0,0.48813202455575466,0.0,0.0,-4.464651618150927,66
2025-05-29 13:00:00,SACSI Full,0.366106830794168,0.011755377054214478,0.0,0.5368943598056006,0.0,0.0,-4.610921283419181,66
2025-05-29 14:00:00,SACSI Full,0.36797323191966336,0.01202806830406189,0.0,0.5991077306554459,0.0,0.0,-4.797566480244915,66
2025-05-29 15:00:00,SACSI Full,0.3706287888527428,0.011793375015258789,0.0,0.6876262950914267,-1.4210854715202004e-14,0.0,-5.0631170997074735,66
2025-05-29 16:00:00,SACSI Full,0.36937840338544686,0.006831139326095581,0.0,0.6459467795148953,0.0,0.0,-4.938026583688099,66
2025-05-29 17:00:00,SACSI Full,0.36777695515224307,0.005630701780319214,0.0,0.5925651717414369,0.0,0.0,-4.7778201336353705,66
2025-05-29 18:00:00,SACSI Full,0.36693726598515186,0.006168782711029053,0.0,0.5645755328383956,0.0,0.0,-4.693855354978714,66
2025-05-29 19:00:00,SACSI Full,0.36565713646591375,0.005865693092346191,0.0,0.5219045488637918,0.0,0.0,-4.5658339913494075,66
2025-05-29 20:00:00,SACSI Full,0.3642005271984995,0.004368126392364502,0.0,0.4733509066166491,0.0,0.0,-4.420155058044796,66
2025-05-29 21:00:00,SACSI Full,0.36477270302002374,0.006576180458068848,0.0,0.49242343400079136,0.0,0.0,-4.477423906152191,66
2025-05-29 22:00:00,SACSI Full,0.3637825686385459,0.004878640174865723,0.0,0.459418954618198,0.0,0.0,-4.378371412060919,66
2025-05-29 23:00:00,SACSI Full,0.36379369449230076,0.005627572536468506,0.0,0.45978981641002437,0.0,0.0,-4.379489490004421,66
2025-05-30 00:00:00,SACSI Full,0.36530880529891285,0.007326751947402954,0.0,0.510293509963762,0.0,0.0,-4.531044056724342,66
2025-05-30 01:00:00,SACSI Full,0.36428965052662043,0.004575252532958984,0.0,0.47632168422068166,0.0,0.0,-4.429084072706846,66
2025-05-30 02:00:00,SACSI Full,0.36306813623742235,0.003150254487991333,0.0,0.4356045412474117,0.0,0.0,-4.306890878812443,66
2025-05-30 03:00:00,SACSI Full,0.3716125566548941,0.009244680404663086,0.0,0.7204185551631369,0.0,0.0,-5.161501503356671,66
2025-05-30 04:00:00,SACSI Full,0.3750777981190834,0.009499043226242065,0.0,0.8359266039694475,0.0,0.0,-5.507972336401083,66
2025-05-30 05:00:00,SACSI Full,0.3755141373419423,0.006873011589050293,0.0,0.8504712447314091,0.0,0.0,-5.551577454742381,66
2025-05-30 06:00:00,SACSI Full,0.37312573237225344,0.005336254835128784,0.0,0.7708577457417803,0.0,0.0,-5.312695329889585,66
2025-05-30 07:00:00,SACSI Full,0.3705248263987743,0.005889087915420532,0.0,0.6841608799591441,1.4210854715202004e-14,0.0,-5.0526059499665426,66
2025-05-30 08:00:00,SACSI Full,0.3678569572311201,0.00737115740776062,0.0,0.5952319077040045,0.0,0.0,-4.7858579669550885,66
2025-05-30 09:00:00,SACSI Full,0.3651465606639587,0.006266385316848755,0.0,0.5048853554652893,0.0,0.0,-4.514792441823113,66
2025-05-30 10:00:00,SACSI Full,0.36242492008451843,0.005671828985214233,0.0,0.4141640028172816,0.0,0.0,-4.242611390594863,66
2025-05-30 11:00:00,SACSI Full,0.36108131808165517,0.008296668529510498,0.0,0.3693772693885052,0.0,0.0,-4.10832398993155,66
2025-05-30 12:00:00,SACSI Full,0.35929287570777957,0.006729811429977417,0.0,0.3097625235926529,0.0,0.0,-3.9294378355775508,66
2025-05-30 13:00:00,SACSI Full,0.35700010244712316,0.004504770040512085,0.0,0.2333367482374385,0.0,0.0,-3.7001225905270196,66
2025-05-30 14:00:00,SACSI Full,0.3578454063255645,0.006104707717895508,0.0,0.26151354418548467,0.0,0.0,-3.7846787260875803,66
2025-05-30 15:00:00,SACSI Full,0.35985677625027807,0.01247018575668335,0.0,0.3285592083426039,0.0,0.0,-3.9859906835233274,66
2025-05-30 16:00:00,SACSI Full,0.358669485445805,0.002795606851577759,0.0,0.28898284819349984,0.0,0.0,-3.867101202506583,66
2025-05-30 17:00:00,SACSI Full,0.3713797696621307,0.019244253635406494,0.0,0.7126589887376895,0.0,0.0,-5.138526337753617,66
2025-05-30 18:00:00,SACSI Full,0.37027868455234964,0.0051306188106536865,0.0,0.6759561517449868,0.0,0.0,-5.028112203959423,66
2025-05-30 19:00:00,SACSI Full,0.3687570831123334,0.002755671739578247,0.0,0.6252361037444459,0.0,0.0,-4.875787174138843,66
2025-05-30 20:00:00,SACSI Full,0.3838969090566046,0.014344751834869385,0.0,1.1298969685534885,0.0,0.0,-6.3900936914981115,66
2025-05-30 21:00:00,SACSI Full,0.38936599459776344,0.012425482273101807,0.0,1.3121998199254492,0.0,0.0,-6.936867162117423,66
2025-05-30 22:00:00,SACSI Full,0.39515999092503545,0.02003192901611328,0.0,1.5053330308345154,0.0,0.0,-7.5164757955512975,66
2025-05-30 23:00:00,SACSI Full,0.39916037524918463,0.023794472217559814,0.0,1.6386791749728205,0.0,0.0,-7.916551039794827,66
2025-05-31 00:00:00,SACSI Full,0.39423417514401443,0.007112473249435425,0.0,1.474472504800481,1.4210854715202004e-14,0.0,-7.423726583856113,66
2025-05-31 01:00:00,SACSI Full,0.3895080770714083,0.009606480598449707,0.0,1.3169359023802771,0.0,0.0,-6.951024776826286,66
2025-05-31 02:00:00,SACSI Full,0.3853347603031694,0.010830312967300415,0.0,1.1778253434389796,0.0,0.0,-6.533704874899971,66
2025-05-31 03:00:00,SACSI Full,0.3816343577658563,0.012357831001281738,0.0,1.0544785921952098,0.0,0.0,-6.163698208385995,66
2025-05-31 04:00:00,SACSI Full,0.37830463250691554,0.012570172548294067,0.0,0.9434877502305185,0.0,0.0,-5.8307167775579885,66
2025-05-31 05:00:00,SACSI Full,0.3752882699048656,0.014533549547195435,0.0,0.8429423301621868,0.0,0.0,-5.529137295247491,66
2025-05-31 06:00:00,SACSI Full,0.37249901498664656,0.015190690755844116,0.0,0.7499671662215519,0.0,0.0,-5.250211883891859,66
2025-05-31 07:00:00,SACSI Full,0.36989299724509633,0.017294585704803467,0.0,0.6630999081698775,0.0,0.0,-4.989666655173218,66
2025-05-31 08:00:00,SACSI Full,0.3671719935692279,0.011098682880401611,0.0,0.5723997856409299,0.0,0.0,-4.7174832896086425,66
2025-05-31 09:00:00,SACSI Full,0.36456084781571585,0.008017867803573608,0.0,0.4853615938571949,0.0,0.0,-4.4562759470784234,66
2025-05-31 10:00:00,SACSI Full,0.36177151770166477,0.00608488917350769,0.0,0.39238392338882594,0.0,0.0,-4.177292797736247,66
2025-05-31 11:00:00,SACSI Full,0.35910271103047064,0.0042816996574401855,0.0,0.3034237010156886,0.0,0.0,-3.9103747689353736,66
2025-05-31 12:00:00,SACSI Full,0.3566977554713136,0.00327184796333313,0.0,0.22325851571045377,0.0,0.0,-3.6698510826075674,66
2025-05-31 13:00:00,SACSI Full,0.35450544451187066,0.0024881958961486816,0.0,0.15018148372902262,0.0,0.0,-3.45060205162566,66
2025-05-31 14:00:00,SACSI Full,0.35265928618529446,0.002295374870300293,0.0,0.0886428728431497,0.0,0.0,-3.2659764542371104,66
2025-05-31 15:00:00,SACSI Full,0.3513047142040045,0.0026188790798187256,0.0,0.04349047346681659,0.0,0.0,-3.1305270330241406,66
2025-05-31 16:00:00,SACSI Full,0.35039253372365037,0.0029303133487701416,0.0,0.013084457455012456,0.0,0.0,-3.039315092974701,66
2025-05-31 17:00:00,SACSI Full,0.3498371149501582,0.0033743679523468018,0.0,0.0,0.0,0.0,-2.9837834229209,66
2025-05-31 18:00:00,SACSI Full,0.34956415232831045,0.003111213445663452,0.0,0.0,0.0,0.0,-2.9564800886450247,66
2025-05-31 19:00:00,SACSI Full,0.34940603401754106,0.003564506769180298,0.0,0.0,0.0,0.0,-2.9406792248227234,66
2025-05-31 20:00:00,SACSI Full,0.34924600736472805,0.002992004156112671,0.0,0.0,0.0,0.0,-2.9246663015820573,66
2025-05-31 21:00:00,SACSI Full,0.3491153869288544,0.0033138692378997803,0.0,0.0,0.0,0.0,-2.9116081889210164,66
2025-05-31 22:00:00,SACSI Full,0.34898454148544666,0.0032463669776916504,0.0,0.0,0.0,0.0,-2.8985197509068215,66
2025-05-31 23:00:00,SACSI Full,0.3488541634417951,0.003386586904525757,0.0,0.0,0.0,0.0,-2.885485478116868,66
2025-06-01 00:00:00,SACSI Full,0.34872392099871036,0.003427267074584961,0.0,0.0,0.0,0.0,-2.8724610520142275,66
2025-06-01 01:00:00,SACSI Full,0.34856582702650424,0.003571808338165283,0.0,0.0,0.0,0.0,-2.8566555842298222,66
2025-06-01 02:00:00,SACSI Full,0.34840796501570737,0.0036413967609405518,0.0,0.0,0.0,0.0,-2.8408700253901826,66
2025-06-01 03:00:00,SACSI Full,0.3482501804909487,0.003664642572402954,0.0,0.0,0.0,0.0,-2.825091574404431,66
2025-06-01 04:00:00,SACSI Full,0.3480932969897369,0.003934949636459351,0.0,0.0,0.0,0.0,-2.8094111010370595,66
2025-06-01 05:00:00,SACSI Full,0.3479076490149279,0.003805607557296753,0.0,0.0,0.0,0.0,-2.7908423070647252,66
2025-06-01 06:00:00,SACSI Full,0.3476942414014915,0.003977715969085693,0.0,0.0,0.0,0.0,-2.7695054155526515,66
2025-06-01 07:00:00,SACSI Full,0.34731598114583684,0.005521923303604126,0.0,0.0,0.0,0.0,-2.7317239951231005,66
2025-06-01 08:00:00,SACSI Full,0.3468211420839408,0.00454828143119812,0.0,0.0,0.0,0.0,-2.68221491044143,66
2025-06-01 09:00:00,SACSI Full,0.34564650766465854,0.0046096742153167725,0.0,0.0,0.0,0.0,-2.564743573878001,66
2025-06-01 10:00:00,SACSI Full,0.34418864769710894,0.004642009735107422,0.0,0.0,0.0,0.0,-2.4189579332607933,66
2025-06-01 11:00:00,SACSI Full,0.3425014597155034,0.0038436055183410645,0.0,0.0,0.0,0.0,-2.2502308277028726,66
2025-06-01 12:00:00,SACSI Full,0.3407262433212379,0.002935081720352173,0.0,0.0,0.0,0.0,-2.072692118996177,66
2025-06-01 13:00:00,SACSI Full,0.3390340823254366,0.002351701259613037,0.0,0.0,0.0,0.0,-1.9034611003734572,66
2025-06-01 14:00:00,SACSI Full,0.33748276197526644,0.0021038949489593506,0.0,0.0,0.0,0.0,-1.7483207534887293,66
2025-06-01 15:00:00,SACSI Full,0.3361580645816901,0.0020907819271087646,0.0,0.0,0.0,0.0,-1.615848404937772,66
2025-06-01 16:00:00,SACSI Full,0.33511830984685614,0.0025735795497894287,0.0,0.0,0.0,0.0,-1.5118872842528364,66
2025-06-01 17:00:00,SACSI Full,0.33444633213533753,0.002406686544418335,0.0,0.0,0.0,0.0,-1.4446830161946946,66
2025-06-01 18:00:00,SACSI Full,0.33402969963405327,0.002510249614715576,0.0,0.0,0.0,0.0,-1.4030212040283234,66
2025-06-01 19:00:00,SACSI Full,0.3337281344645599,0.003030449151992798,0.0,0.0,0.0,0.0,-1.372879257434402,66
2025-06-01 20:00:00,SACSI Full,0.3334588275942583,0.00420793890953064,0.0,0.0,0.0,0.0,-1.3459786931015976,66
2025-06-01 21:00:00,SACSI Full,0.3331887299690028,0.003970712423324585,0.0,0.0,0.0,0.0,-1.3189547834136064,66
2025-06-01 22:00:00,SACSI Full,0.33291783612503406,0.003731846809387207,0.0,0.0,0.0,0.0,-1.2918606380957325,66
2025-06-01 23:00:00,SACSI Full,0.33264655485087435,0.0036156177520751953,0.0,0.0,0.0,0.0,-1.2647289597330493,66
2025-06-02 00:00:00,SACSI Full,0.33232073777609866,0.00425487756729126,0.0,0.0,0.0,0.0,-1.2321652677593635,66
2025-06-02 01:00:00,SACSI Full,0.3320216670609891,0.003778785467147827,0.0,0.0,0.0,0.0,-1.202247042729256,66
2025-06-02 02:00:00,SACSI Full,0.3317500544843455,0.0035162270069122314,0.0,0.0,0.0,0.0,-1.1750783985592925,66
2025-06-02 03:00:00,SACSI Full,0.33250866073463164,0.0040818750858306885,0.0,0.0,0.0,0.0,-1.2509533674456694,66
2025-06-02 04:00:00,SACSI Full,0.33466154610170723,0.005365610122680664,0.0,0.0,0.0,0.0,-1.4662747597235444,66
2025-06-02 05:00:00,SACSI Full,0.3347804620195806,0.0036747753620147705,0.0,0.0,0.0,0.0,-1.478136605812908,66
2025-06-02 06:00:00,SACSI Full,0.33450804428352715,0.003274679183959961,0.0,0.0,0.0,0.0,-1.4508739228981742,66
2025-06-02 07:00:00,SACSI Full,0.3350741485215605,0.005831271409988403,0.0,0.0,0.0,0.0,-1.507557043506507,66
2025-06-02 08:00:00,SACSI Full,0.33511005336059935,0.006271451711654663,0.0,0.0,0.0,0.0,-1.511135166897184,66
2025-06-02 09:00:00,SACSI Full,0.334076984776793,0.004579424858093262,0.0,0.0,0.0,0.0,-1.4078069864449954,66
2025-06-02 10:00:00,SACSI Full,0.33270070499274934,0.0036160647869110107,0.0,0.0,0.0,0.0,-1.2701524541713836,66
2025-06-02 11:00:00,SACSI Full,0.3311541266887765,0.0035265088081359863,0.0,0.0,0.0,0.0,-1.115484094613597,66
2025-06-02 12:00:00,SACSI Full,0.3295199923389535,0.002759695053100586,0.0,0.0,0.0,0.0,-0.9520620959339633,66
2025-06-02 13:00:00,SACSI Full,0.3279989072069904,0.0026744604110717773,0.0,0.0,0.0,0.0,-0.7999450622536787,66
2025-06-02 14:00:00,SACSI Full,0.32656084717446376,0.0020819902420043945,0.0,0.0,0.0,0.0,-0.6561322819529065,66
2025-06-02 15:00:00,SACSI Full,0.3253201002424341,0.0017759203910827637,0.0,0.0,0.0,0.0,-0.5320486033497376,66
2025-06-02 16:00:00,SACSI Full,0.32439117792937966,0.0018233060836791992,0.0,0.0,0.0,0.0,-0.4391547329165648,66
2025-06-02 17:00:00,SACSI Full,0.3238313513924063,0.0020520389080047607,0.0,0.0,0.0,0.0,-0.3831784673470346,66
2025-06-02 18:00:00,SACSI Full,0.32355455321166726,0.001960545778274536,0.0,0.0,0.0,0.0,-0.35549544701358826,66
2025-06-02 19:00:00,SACSI Full,0.3233633759126446,0.002146810293197632,0.0,0.0,0.0,0.0,-0.33638239011547044,66
2025-06-02 20:00:00,SACSI Full,0.3231728016139449,0.0023277103900909424,0.0,0.0,0.0,0.0,-0.3173285246032605,66
2025-06-02 21:00:00,SACSI Full,0.3229548049395662,0.0026009976863861084,0.0,0.0,0.0,0.0,-0.29553524678330867,66
2025-06-02 22:00:00,SACSI Full,0.32273809473210385,0.0029869377613067627,0.0,0.0,0.0,0.0,-0.27387307136635997,66
2025-06-02 23:00:00,SACSI Full,0.32249652614209867,0.004029422998428345,0.0,0.0,0.0,0.0,-0.24974362752220627,66
2025-06-03 00:00:00,SACSI Full,0.32225566287372326,0.0042410194873809814,0.0,0.0,0.0,0.0,-0.22565322372696234,66
2025-06-03 01:00:00,SACSI Full,0.3220124581362189,0.003538578748703003,0.0,0.0,0.0,0.0,-0.20132360960425283,66
2025-06-03 02:00:00,SACSI Full,0.32176927873068867,0.0035461783409118652,0.0,0.0,0.0,0.0,-0.17699887263160646,66
2025-06-03 03:00:00,SACSI Full,0.3215274598011754,0.0039543211460113525,0.0,0.0,0.0,0.0,-0.1528291479685125,66
2025-06-03 04:00:00,SACSI Full,0.3212874781848373,0.004505515098571777,0.0,0.0,0.0,0.0,-0.1288434407252291,66
2025-06-03 05:00:00,SACSI Full,0.32101803819749575,0.004168003797531128,0.0,0.0,0.0,0.0,-0.10189055493853512,66
2025-06-03 06:00:00,SACSI Full,0.3210532276679458,0.004056841135025024,0.0,0.0,0.0,0.0,-0.10540501524390553,66
2025-06-03 07:00:00,SACSI Full,0.32195081749532445,0.0052769482135772705,0.0,0.0,0.0,0.0,-0.19519948956750124,66
2025-06-03 08:00:00,SACSI Full,0.3214943329105161,0.009554624557495117,0.0,0.0,0.0,0.0,-0.14966716030619848,66
2025-06-03 09:00:00,SACSI Full,0.32137452857269666,0.012558698654174805,0.0,0.0,0.0,0.0,-0.13773407198371568,66
2025-06-03 10:00:00,SACSI Full,0.3201163911892356,0.02205878496170044,0.0,0.0,0.0,0.0,-0.01217529548587133,66
2025-06-03 11:00:00,SACSI Full,0.3185693280666453,0.020381063222885132,0.0,0.0,0.0,0.0,0.9995756015181542,66
2025-06-03 12:00:00,SACSI Full,0.3172578364262364,0.016552507877349854,0.0,0.0,0.0,0.0,0.9996306642889977,66
2025-06-03 13:00:00,SACSI Full,0.3164442940983555,0.0064373016357421875,0.0,0.0,0.0,0.0,0.999770101904869,66
2025-06-03 14:00:00,SACSI Full,0.3153507616481564,0.005440264940261841,0.0,0.0,0.0,0.0,0.99988122433424,66
2025-06-03 15:00:00,SACSI Full,0.31564615322126766,0.003117471933364868,0.0,0.0,0.0,0.0,0.9999144226312637,66
2025-06-03 16:00:00,SACSI Full,0.31577858249995927,0.00322878360748291,0.0,0.0,0.0,0.0,0.9999343112111091,66
2025-06-03 17:00:00,SACSI Full,0.3152509998577219,0.0032252073287963867,0.0,0.0,0.0,0.0,0.9999354600906373,66
2025-06-03 18:00:00,SACSI Full,0.3149758110023918,0.0024433434009552,0.0,0.0,0.0,0.0,0.9999433144927025,66
2025-06-03 19:00:00,SACSI Full,0.31478715348972697,0.0029027462005615234,0.0,0.0,0.0,0.0,0.9999373510479928,66
2025-06-03 20:00:00,SACSI Full,0.3146276185752334,0.0031395256519317627,0.0,0.0,0.0,0.0,0.9999348416924477,66
2025-06-03 21:00:00,SACSI Full,0.31446975259079357,0.003640204668045044,0.0,0.0,0.0,0.0,0.999922189116478,66
2025-06-03 22:00:00,SACSI Full,0.3142842690254631,0.0038549304008483887,0.0,0.0,0.0,0.0,0.999920754134655,66
2025-06-03 23:00:00,SACSI Full,0.3140711842705192,0.004074573516845703,0.0,0.0,0.0,0.0,0.9999163120985032,66
2025-06-04 00:00:00,SACSI Full,0.31385814272894286,0.004087537527084351,0.0,0.0,0.0,0.0,0.9999181196093558,66
2025-06-04 01:00:00,SACSI Full,0.3136460652924957,0.004376769065856934,0.0,0.0,0.0,0.0,0.9999095723032951,66
2025-06-04 02:00:00,SACSI Full,0.3137950535092137,0.004196465015411377,0.0,0.0,0.0,0.0,0.9999142676591873,66
2025-06-04 03:00:00,SACSI Full,0.313944310940244,0.004277229309082031,0.0,0.0,0.0,0.0,0.9999136477708817,66
2025-06-04 04:00:00,SACSI Full,0.31512595134351473,0.005492120981216431,0.0,0.0,0.0,0.0,0.9998780086636544,66
2025-06-04 05:00:00,SACSI Full,0.314941255552906,0.0040912628173828125,0.0,0.0,0.0,0.0,0.9999041661620139,66
2025-06-04 06:00:00,SACSI Full,0.31472868439131796,0.004228651523590088,0.0,0.0,0.0,0.0,0.9999140530824661,66
2025-06-04 07:00:00,SACSI Full,0.3143206816491864,0.005099177360534668,0.0,0.0,0.0,0.0,0.9998893111944198,66
2025-06-04 08:00:00,SACSI Full,0.31352462163462064,0.007681995630264282,0.0,0.0,0.0,0.0,0.9998205319046974,66
2025-06-04 09:00:00,SACSI Full,0.3123903974431139,0.008232742547988892,0.0,0.0,0.0,0.0,0.999829837679863,66
2025-06-04 10:00:00,SACSI Full,0.3109976014432691,0.007161200046539307,0.0,0.0,0.0,0.0,0.9998460605740547,66
2025-06-04 11:00:00,SACSI Full,0.3100707983010394,0.006459057331085205,0.0,0.0,0.0,0.0,0.9998637974262237,66
2025-06-04 12:00:00,SACSI Full,0.3105785859244448,0.002836287021636963,0.0,0.0,0.0,0.0,0.9999070465564728,66
2025-06-04 13:00:00,SACSI Full,0.30976125262830473,0.003300011157989502,0.0,0.0,0.0,0.0,0.9999293625354766,66
2025-06-04 14:00:00,SACSI Full,0.3090047167135658,0.0065392255783081055,0.0,0.0,0.0,0.0,0.9998368233442307,66
2025-06-04 15:00:00,SACSI Full,0.30787507760935845,0.009608268737792969,0.0,0.0,0.0,0.0,0.9997771441936493,66
2025-06-04 16:00:00,SACSI Full,0.3069743661746762,0.010286569595336914,0.0,0.0,0.0,0.0,0.9997874855995178,66
2025-06-04 17:00:00,SACSI Full,0.30635900171691,0.010890662670135498,0.0,0.0,0.0,0.0,0.9997761458158493,66
2025-06-04 18:00:00,SACSI Full,0.3060382490501187,0.005774199962615967,0.0,0.0,0.0,0.0,0.9998333513736725,66
2025-06-04 19:00:00,SACSI Full,0.30643162103030896,0.01151159405708313,0.0,0.0,0.0,0.0,0.9997123941779137,66
2025-06-04 20:00:00,SACSI Full,0.3062243318336588,0.005813241004943848,0.0,0.0,0.0,0.0,0.9998267516493797,66
2025-06-04 21:00:00,SACSI Full,0.305991247468132,0.006574690341949463,0.0,0.0,0.0,0.0,0.999860891699791,66
2025-06-04 22:00:00,SACSI Full,0.30575946248386127,0.006964504718780518,0.0,0.0,0.0,0.0,0.999856811761856,66
2025-06-04 23:00:00,SACSI Full,0.3055291070176544,0.007393360137939453,0.0,0.0,0.0,0.0,0.9998478442430496,66
2025-06-05 00:00:00,SACSI Full,0.30530077910278064,0.008001625537872314,0.0,0.0,0.0,0.0,0.9998338848352432,66
2025-06-05 01:00:00,SACSI Full,0.30505921471768443,0.012530684471130371,0.0,0.0,0.0,0.0,0.9997040957212449,66
2025-06-05 02:00:00,SACSI Full,0.30483764149917986,0.010028034448623657,0.0,0.0,0.0,0.0,0.9997744128108025,66
2025-06-05 03:00:00,SACSI Full,0.3059267654913051,0.011737197637557983,0.0,0.0,0.0,0.0,0.9997481644153595,66
2025-06-05 04:00:00,SACSI Full,0.305684282697974,0.012255162000656128,0.0,0.0,0.0,0.0,0.9997497171163559,66
2025-06-05 05:00:00,SACSI Full,0.30545192971402246,0.015294104814529419,0.0,0.0,0.0,0.0,0.9996637284755707,66
2025-06-05 06:00:00,SACSI Full,0.30520900905781817,0.02062380313873291,0.0,0.0,0.0,0.0,0.9995342269539833,66
2025-06-05 07:00:00,SACSI Full,0.30478708657596343,0.034923255443573,0.0,0.0,0.0,0.0,0.99915854036808,66
2025-06-05 08:00:00,SACSI Full,0.3040902998186532,0.04596397280693054,0.0,0.0,0.0,0.0,0.9989703133702279,66
2025-06-05 09:00:00,SACSI Full,0.30308258896920914,0.046186745166778564,0.0,0.0,0.0,0.0,0.999074037373066,66
2025-06-05 10:00:00,SACSI Full,0.30178909278327065,0.053951144218444824,0.0,0.0,0.0,0.0,0.9988433331251144,66
2025-06-05 11:00:00,SACSI Full,0.30031081139975624,0.05801558494567871,0.0,0.0,0.0,0.0,0.998799043893814,66
2025-06-05 12:00:00,SACSI Full,0.29879990090940234,0.06522685289382935,0.0,0.0,0.0,0.0,0.9986233502626419,66
2025-06-05 13:00:00,SACSI Full,0.2973969131749256,0.04660367965698242,0.0,0.0,0.0,0.0,0.998881694674492,66
2025-06-05 14:00:00,SACSI Full,0.29619488263700244,0.038890838623046875,0.0,0.0,0.0,0.0,0.9991450548171997,66
2025-06-05 15:00:00,SACSI Full,0.2951263303464039,0.02793431282043457,0.0,0.0,0.0,0.0,0.9993317484855653,66
2025-06-05 16:00:00,SACSI Full,0.29504680797352234,0.014143288135528564,0.0,0.0,0.0,0.0,0.9995792239904404,66
2025-06-05 17:00:00,SACSI Full,0.2946399309970323,0.013936907052993774,0.0,0.0,0.0,0.0,0.9997191980481148,66
2025-06-05 18:00:00,SACSI Full,0.2950164142323915,0.014944970607757568,0.0,0.0,0.0,0.0,0.9996910199522973,66
2025-06-05 19:00:00,SACSI Full,0.2948228574150189,0.026932954788208008,0.0,0.0,0.0,0.0,0.9993414610624314,66
2025-06-05 20:00:00,SACSI Full,0.2946738260294382,0.031790584325790405,0.0,0.0,0.0,0.0,0.9993156120181084,66
2025-06-05 21:00:00,SACSI Full,0.29454203157915515,0.02846166491508484,0.0,0.0,0.0,0.0,0.9993974775075912,66
2025-06-05 22:00:00,SACSI Full,0.29444661708925013,0.03087565302848816,0.0,0.0,0.0,0.0,0.9993583470582962,66
2025-06-05 23:00:00,SACSI Full,0.2943766694459701,0.03001570701599121,0.0,0.0,0.0,0.0,0.9993910863995552,66
2025-06-06 00:00:00,SACSI Full,0.29425306666070067,0.030919164419174194,0.0,0.0,0.0,0.0,0.9993725821375847,66
2025-06-06 01:00:00,SACSI Full,0.29509742465748234,0.012807399034500122,0.0,0.0,0.0,0.0,0.9995627343654633,66
2025-06-06 02:00:00,SACSI Full,0.2966059268197799,0.0035506486892700195,0.0,0.0,0.0,0.0,0.9998364195227623,66
2025-06-06 03:00:00,SACSI Full,0.3105298925830309,0.01118972897529602,0.0,0.0,0.0,0.0,0.9996998146176338,66
2025-06-06 04:00:00,SACSI Full,0.3111218842642888,0.0030975043773651123,0.0,0.0,0.0,0.0,0.9998571276664734,66
2025-06-06 05:00:00,SACSI Full,0.3112659352295979,0.00271528959274292,0.0,0.0,0.0,0.0,0.9999418720602989,66
2025-06-06 06:00:00,SACSI Full,0.3151388985229913,0.004388988018035889,0.0,0.0,0.0,0.0,0.9998954832553864,66
2025-06-06 07:00:00,SACSI Full,0.32057992743108515,0.008808672428131104,0.0,0.0,0.0,0.0,-0.05821311340117834,66
2025-06-06 08:00:00,SACSI Full,0.3199175291793927,0.005280524492263794,0.0,0.0,0.0,0.0,0.999859108030796,66
2025-06-06 09:00:00,SACSI Full,0.3199205251480524,0.006898790597915649,0.0,0.0,0.0,0.0,0.9998458415269852,66
2025-06-06 10:00:00,SACSI Full,0.3198126276001716,0.007630735635757446,0.0,0.0,0.0,0.0,0.9998400658369064,66
2025-06-06 11:00:00,SACSI Full,0.3184232702916249,0.00819280743598938,0.0,0.0,0.0,0.0,0.9998305231332778,66
2025-06-06 12:00:00,SACSI Full,0.3178853936562324,0.004137009382247925,0.0,0.0,0.0,0.0,0.9998767018318176,66
2025-06-06 13:00:00,SACSI Full,0.31712518647922916,0.0034378468990325928,0.0,0.0,0.0,0.0,0.9999242514371871,66
2025-06-06 14:00:00,SACSI Full,0.3161137794821843,0.0025779008865356445,0.0,0.0,0.0,0.0,0.9999398425221443,66
2025-06-06 15:00:00,SACSI Full,0.32003293415162803,0.005246400833129883,0.0,0.0,0.0,0.0,-0.003425028178931333,66
2025-06-06 16:00:00,SACSI Full,0.3288895830044532,0.009994655847549438,0.0,0.0,0.0,0.0,-0.8892056761124146,66
2025-06-06 17:00:00,SACSI Full,0.32928148748570524,0.0025713443756103516,0.0,0.0,0.0,0.0,-0.9282744085727548,66
2025-06-06 18:00:00,SACSI Full,0.3297871415393933,0.002696216106414795,0.0,0.0,0.0,0.0,-0.978769326978767,66
2025-06-06 19:00:00,SACSI Full,0.32996175753527723,0.003384798765182495,0.0,0.0,0.0,0.0,-0.996250335329614,66
2025-06-06 20:00:00,SACSI Full,0.3298018366807087,0.0030237436294555664,0.0,0.0,0.0,0.0,-0.9802477534948183,66
2025-06-06 21:00:00,SACSI Full,0.3295585822726671,0.0035236775875091553,0.0,0.0,0.0,0.0,-0.95593370015804,66
2025-06-06 22:00:00,SACSI Full,0.32934513194256865,0.003964900970458984,0.0,0.0,0.0,0.0,-0.9345969045101028,66
2025-06-06 23:00:00,SACSI Full,0.32915904388679906,0.0036735832691192627,0.0,0.0,0.0,0.0,-0.9159807735223015,66
2025-06-07 00:00:00,SACSI Full,0.3292508811491116,0.004051178693771362,0.0,0.0,0.0,0.0,-0.925172914439282,66
2025-06-07 01:00:00,SACSI Full,0.32903714422001284,0.0038789212703704834,0.0,0.0,0.0,0.0,-0.9037937230009253,66
2025-06-07 02:00:00,SACSI Full,0.3301827647743011,0.003186166286468506,0.0,0.0,0.0,0.0,-1.0183471283056764,66
2025-06-07 03:00:00,SACSI Full,0.3454341955281679,0.01792922616004944,0.0,0.0,0.0,0.0,-2.5439255679387256,66
2025-06-07 04:00:00,SACSI Full,0.3456107918883745,0.003978908061981201,0.0,0.0,0.0,0.0,-2.5612982701796714,66
2025-06-07 05:00:00,SACSI Full,0.34542690970116696,0.004335343837738037,0.0,0.0,0.0,0.0,-2.542781241351208,66
2025-06-07 06:00:00,SACSI Full,0.3455506759470089,0.005129873752593994,0.0,0.0,0.0,0.0,-2.5551781374750884,66
2025-06-07 07:00:00,SACSI Full,0.34517294964963036,0.005682110786437988,0.0,0.0,0.0,0.0,-2.517414129549102,66
2025-06-07 08:00:00,SACSI Full,0.34446053114586905,0.007274448871612549,0.0,0.0,0.0,0.0,-2.4462145269451883,66
2025-06-07 09:00:00,SACSI Full,0.3437414847184602,0.00728607177734375,0.0,0.0,0.0,0.0,-2.374294309510626,66
2025-06-07 10:00:00,SACSI Full,0.34257012110406,0.005590915679931641,0.0,0.0,0.0,0.0,-2.257140880280571,66
2025-06-07 11:00:00,SACSI Full,0.3418923584907635,0.004671216011047363,0.0,0.0,0.0,0.0,-2.1893384703932584,66
2025-06-07 12:00:00,SACSI Full,0.34170970824016966,0.0022049248218536377,0.0,0.0,0.0,0.0,-2.1710395854252944,66
2025-06-07 13:00:00,SACSI Full,0.3512520760008142,0.012446194887161255,0.0,0.04173586669380569,0.0,0.0,-3.125558936679816,66
2025-06-07 14:00:00,SACSI Full,0.3530101073085468,0.008246302604675293,0.0,0.10033691028489358,0.0,0.0,-3.3012176558295994,66
2025-06-07 15:00:00,SACSI Full,0.3529354171236039,0.0049401819705963135,0.0,0.09784723745346327,0.0,0.0,-3.2936735772061394,66
2025-06-07 16:00:00,SACSI Full,0.3559193325109196,0.013485699892044067,0.0,0.19731108369732056,0.0,0.0,-3.5922884202690164,66
2025-06-07 17:00:00,SACSI Full,0.35528213079502396,0.00391051173210144,0.0,0.17607102650079867,0.0,0.0,-3.5283870416186374,66
2025-06-07 18:00:00,SACSI Full,0.35722249477979734,0.007859021425247192,0.0,0.2407498259932453,0.0,0.0,-3.7224461435051697,66
2025-06-07 19:00:00,SACSI Full,0.3572343007222163,0.004185140132904053,0.0,0.2411433574072106,0.0,0.0,-3.7235505138372096,66
2025-06-07 20:00:00,SACSI Full,0.35637055034607773,0.004226565361022949,0.0,0.21235167820259165,0.0,0.0,-3.6371399801672744,66
2025-06-07 21:00:00,SACSI Full,0.3555439680642795,0.004824250936508179,0.0,0.18479893547598325,0.0,0.0,-3.5544992683024357,66
2025-06-07 22:00:00,SACSI Full,0.3547995947406511,0.00467449426651001,0.0,0.1599864913550363,0.0,0.0,-3.4800544615171387,66
2025-06-07 23:00:00,SACSI Full,0.3541052307389218,0.0050318241119384766,0.0,0.13684102463072634,0.0,0.0,-3.410627283672873,66
2025-06-08 00:00:00,SACSI Full,0.35347984760886775,0.004879981279373169,0.0,0.11599492029559144,0.0,0.0,-3.3480838789406877,66
2025-06-08 01:00:00,SACSI Full,0.3529179299420686,0.005189031362533569,0.0,0.09726433140228607,0.0,0.0,-3.2918998653349423,66
2025-06-08 02:00:00,SACSI Full,0.3524093877224837,0.004250258207321167,0.0,0.08031292408279,0.0,0.0,-3.241033165144068,66
2025-06-08 03:00:00,SACSI Full,0.3535340970084114,0.00621601939201355,0.0,0.11780323361371217,0.0,0.0,-3.353553678840824,66
2025-06-08 04:00:00,SACSI Full,0.35361693632790825,0.004916340112686157,0.0,0.12056454426360973,0.0,0.0,-3.3618049563858707,66
2025-06-08 05:00:00,SACSI Full,0.3533915145142321,0.0049239397048950195,0.0,0.11305048380773713,0.0,0.0,-3.339250006213231,66
2025-06-08 06:00:00,SACSI Full,0.3546687536627749,0.0067968666553497314,0.0,0.15562512209249776,0.0,0.0,-3.4670300328801003,66
2025-06-08 07:00:00,SACSI Full,0.35448655738127527,0.005393028259277344,0.0,0.1495519127091754,0.0,0.0,-3.4487776370766725,66
2025-06-08 08:00:00,SACSI Full,0.3547478925939706,0.006663650274276733,0.0,0.15826308646568635,0.0,0.0,-3.4749352386226953,66
2025-06-08 09:00:00,SACSI Full,0.35478800492921236,0.007633864879608154,0.0,0.15960016430707924,0.0,0.0,-3.4789628723648813,66
2025-06-08 10:00:00,SACSI Full,0.3557013539540657,0.00854983925819397,0.0,0.1900451318021908,0.0,0.0,-3.5703155519355203,66
2025-06-08 11:00:00,SACSI Full,0.35455596113931137,0.0057475268840789795,0.0,0.1518653713103788,0.0,0.0,-3.455739087592559,66
2025-06-08 12:00:00,SACSI Full,0.35291793592772774,0.005356967449188232,0.0,0.09726453092425942,0.0,0.0,-3.2919046377161063,66
2025-06-08 13:00:00,SACSI Full,0.35213018156554005,0.006679743528366089,0.0,0.07100605218466853,0.0,0.0,-3.213164979185363,66
2025-06-08 14:00:00,SACSI Full,0.3522779693212423,0.007268637418746948,0.0,0.07593231070807605,0.0,0.0,-3.227948193811506,66
2025-06-08 15:00:00,SACSI Full,0.3518320548916739,0.005794167518615723,0.0,0.06106849638913019,0.0,0.0,-3.183336117216764,66
2025-06-08 16:00:00,SACSI Full,0.35155872230227725,0.0059576332569122314,0.0,0.051957410075908685,0.0,0.0,-3.1559930175502453,66
2025-06-08 17:00:00,SACSI Full,0.3510875702840322,0.005406737327575684,0.0,0.03625234280107464,0.0,0.0,-3.1088706721090644,66
2025-06-08 18:00:00,SACSI Full,0.35073857479294246,0.004920512437820435,0.0,0.024619159764749557,0.0,0.0,-3.0739607517918994,66
2025-06-08 19:00:00,SACSI Full,0.35047463484919167,0.004639178514480591,0.0,0.01582116163972245,0.0,0.0,-3.0475590818286893,66
2025-06-08 20:00:00,SACSI Full,0.35026218969770756,0.004506111145019531,0.0,0.008739656590252309,0.0,0.0,-3.0263104226673505,66
2025-06-08 21:00:00,SACSI Full,0.35001936947108947,0.004299581050872803,0.0,0.0006456490363149214,0.0,0.0,-3.0020250040309056,66
2025-06-08 22:00:00,SACSI Full,0.3497789035670126,0.004360228776931763,0.0,0.0,0.0,0.0,-2.977978167754056,66
2025-06-08 23:00:00,SACSI Full,0.34956910849175493,0.005061477422714233,0.0,0.0,0.0,0.0,-2.9570190912104044,66
2025-06-09 00:00:00,SACSI Full,0.34938734177273156,0.004969984292984009,0.0,0.0,0.0,0.0,-2.9388344918903124,66
2025-06-09 01:00:00,SACSI Full,0.3491762964900498,0.004686415195465088,0.0,0.0,0.0,0.0,-2.9177262129998613,66
2025-06-09 02:00:00,SACSI Full,0.34896451111636206,0.004464387893676758,0.0,0.0,0.0,0.0,-2.8965426196670974,66
2025-06-09 03:00:00,SACSI Full,0.34875294826668146,0.004531145095825195,0.0,0.0,0.0,0.0,-2.875386117142084,66
2025-06-09 04:00:00,SACSI Full,0.34982228003980365,0.005799531936645508,0.0,0.0,0.0,0.0,-2.9823566784875046,66
2025-06-09 05:00:00,SACSI Full,0.35233365211392925,0.007700026035308838,0.0,0.07778840379764206,0.0,0.0,-3.2335382168546176,66
2025-06-09 06:00:00,SACSI Full,0.3540446116071834,0.007608234882354736,0.0,0.13482038690611375,0.0,0.0,-3.404614243327518,66
2025-06-09 07:00:00,SACSI Full,0.3536282658880258,0.006538480520248413,0.0,0.12094219626752648,0.0,0.0,-3.3629680559566073,66
2025-06-09 08:00:00,SACSI Full,0.3534501341656421,0.008064955472946167,0.0,0.11500447218806897,-1.4210854715202004e-14,0.0,-3.3451899804231937,66
2025-06-09 09:00:00,SACSI Full,0.35269166778238786,0.010682344436645508,0.0,0.0897222594129275,0.0,0.0,-3.2694065990171555,66
2025-06-09 10:00:00,SACSI Full,0.3517785264612929,0.008341819047927856,0.0,0.05928421537642806,0.0,0.0,-3.178042887764132,66
2025-06-09 11:00:00,SACSI Full,0.35059504742780584,0.006791204214096069,0.0,0.019834914260195548,0.0,0.0,-3.0596560730132034,66
2025-06-09 12:00:00,SACSI Full,0.34939555959303437,0.005653649568557739,0.0,0.0,0.0,0.0,-2.9396804078412626,66
2025-06-09 13:00:00,SACSI Full,0.34813454780975245,0.004196465015411377,0.0,0.0,0.0,0.0,-2.813553282121084,66
2025-06-09 14:00:00,SACSI Full,0.3470148023486064,0.004076361656188965,0.0,0.0,0.0,0.0,-2.7015629631273526,66
2025-06-09 15:00:00,SACSI Full,0.34615191655237737,0.004634261131286621,0.0,0.0,0.0,0.0,-2.615289919455113,66
2025-06-09 16:00:00,SACSI Full,0.3455734488940166,0.004959702491760254,0.0,0.0,0.0,0.0,-2.5574473378650984,66
2025-06-09 17:00:00,SACSI Full,0.3451645133391943,0.004819333553314209,0.0,0.0,0.0,0.0,-2.5165491242798788,66
2025-06-09 18:00:00,SACSI Full,0.3462324036733237,0.005367100238800049,0.0,0.0,0.0,0.0,-2.6233531870039997,66
2025-06-09 19:00:00,SACSI Full,0.3460492049527096,0.004540383815765381,0.0,0.0,0.0,0.0,-2.605019570111503,66
2025-06-09 20:00:00,SACSI Full,0.34589175868431,0.0037661194801330566,0.0,0.0,0.0,0.0,-2.5892589334639573,66
2025-06-09 21:00:00,SACSI Full,0.3457350798257119,0.003996342420578003,0.0,0.0,0.0,0.0,-2.5735902116490044,66
2025-06-09 22:00:00,SACSI Full,0.34557916440327235,0.004225373268127441,0.0,0.0,0.0,0.0,-2.5580032381010724,66
2025-06-09 23:00:00,SACSI Full,0.34542290675083065,0.004122704267501831,0.0,0.0,0.0,0.0,-2.542374155858421,66
2025-06-10 00:00:00,SACSI Full,0.34526758091766896,0.004402250051498413,0.0,0.0,0.0,0.0,-2.5268489322257652,66
2025-06-10 01:00:00,SACSI Full,0.34508370220739903,0.0043363869190216064,0.0,0.0,0.0,0.0,-2.508457607109608,66
2025-06-10 02:00:00,SACSI Full,0.3448993794425256,0.004203170537948608,0.0,0.0,0.0,0.0,-2.490023339827127,66
2025-06-10 03:00:00,SACSI Full,0.344714769085241,0.0041168928146362305,0.0,0.0,0.0,0.0,-2.4715601091576263,66
2025-06-10 04:00:00,SACSI Full,0.3445030865295655,0.0044952332973480225,0.0,0.0,0.0,0.0,-2.450402341027325,66
2025-06-10 05:00:00,SACSI Full,0.34429094551483064,0.004357695579528809,0.0,0.0,0.0,0.0,-2.429183080771832,66
2025-06-10 06:00:00,SACSI Full,0.34402143201509383,0.004145950078964233,0.0,0.0,0.0,0.0,-2.402228237965967,66
2025-06-10 07:00:00,SACSI Full,0.3442859163331913,0.006845295429229736,0.0,0.0,0.0,0.0,-2.428755532681214,66
2025-06-10 08:00:00,SACSI Full,0.34357110817987985,0.006557554006576538,0.0,0.0,0.0,0.0,-2.357244846482342,66
2025-06-10 09:00:00,SACSI Full,0.34260124836920963,0.0065420567989349365,0.0,0.0,0.0,0.0,-2.2602558330290177,66
2025-06-10 10:00:00,SACSI Full,0.34242990809996193,0.005597919225692749,0.0,0.0,0.0,0.0,-2.243112209756439,66
2025-06-10 11:00:00,SACSI Full,0.3434246166523225,0.0064125657081604,0.0,0.0,0.0,0.0,-2.342598063011236,66
2025-06-10 12:00:00,SACSI Full,0.34322262045541674,0.004901140928268433,0.0,0.0,0.0,0.0,-2.322375182608037,66
2025-06-10 13:00:00,SACSI Full,0.3422678037452625,0.0045549869537353516,0.0,0.0,0.0,0.0,-2.2268749358050695,66
2025-06-10 14:00:00,SACSI Full,0.3414272427503195,0.0048317015171051025,0.0,0.0,0.0,0.0,-2.1428236762079242,66
2025-06-10 15:00:00,SACSI Full,0.3409495027653303,0.005178004503250122,0.0,0.0,0.0,0.0,-2.0950572996529577,66
2025-06-10 16:00:00,SACSI Full,0.3408954470078077,0.004783272743225098,0.0,0.0,0.0,0.0,-2.089644313553236,66
2025-06-10 17:00:00,SACSI Full,0.34209523988723023,0.004437863826751709,0.0,0.0,0.0,0.0,-2.2096162000887225,66
2025-06-10 18:00:00,SACSI Full,0.3531752428033287,0.014842301607131958,0.0,0.10584142677762146,0.0,0.0,-3.3179251707428143,66
2025-06-10 19:00:00,SACSI Full,0.35266576745292555,0.004016309976577759,0.0,0.08885891509751787,0.0,0.0,-3.2667653314083913,66
2025-06-10 20:00:00,SACSI Full,0.3524577832488508,0.004530847072601318,0.0,0.08192610829502628,0.0,0.0,-3.2458740871974916,66
2025-06-10 21:00:00,SACSI Full,0.3540261720065139,0.006722360849380493,0.0,0.13420573355046203,0.0,0.0,-3.4027735630061415,66
2025-06-10 22:00:00,SACSI Full,0.35397967524443824,0.003706812858581543,0.0,0.13265584148127516,0.0,0.0,-3.3980718161809027,66
2025-06-10 23:00:00,SACSI Full,0.3615240115882882,0.015434622764587402,0.0,0.38413371960960635,0.0,0.0,-4.1528271293831684,66
2025-06-11 00:00:00,SACSI Full,0.3707838710488613,0.013253539800643921,0.0,0.6927957016287096,0.0,0.0,-5.078673986511781,66
2025-06-11 01:00:00,SACSI Full,0.37004442903140805,0.005815029144287109,0.0,0.6681476343802673,0.0,0.0,-5.004633588830253,66
2025-06-11 02:00:00,SACSI Full,0.36877763213246717,0.0053820013999938965,0.0,0.6259210710822402,0.0,0.0,-4.87787518355216,66
2025-06-11 03:00:00,SACSI Full,0.36670983518156103,0.004655420780181885,0.0,0.5569945060520339,0.0,0.0,-4.671083892377904,66
2025-06-11 04:00:00,SACSI Full,0.3648483606091084,0.004502981901168823,0.0,0.4949453536369475,0.0,0.0,-4.484927644937654,66
2025-06-11 05:00:00,SACSI Full,0.3634501808341988,0.0053854286670684814,0.0,0.4483393611399592,0.0,0.0,-4.345134616460877,66
2025-06-11 06:00:00,SACSI Full,0.36276451480418276,0.00478401780128479,0.0,0.42548382680609226,0.0,0.0,-4.2765531748829595,66
2025-06-11 07:00:00,SACSI Full,0.37113887251069994,0.0189363956451416,0.0,0.7046290836899971,0.0,0.0,-5.114407502761335,66
2025-06-11 08:00:00,SACSI Full,0.36848418631682556,0.006733685731887817,0.0,0.6161395438941867,0.0,0.0,-4.848675332496326,66
2025-06-11 09:00:00,SACSI Full,0.3658434891416707,0.00790715217590332,0.0,0.5281163047223573,0.0,0.0,-4.584518791875028,66
2025-06-11 10:00:00,SACSI Full,0.36326327742642867,0.008045732975006104,0.0,0.4421092475476215,0.0,0.0,-4.326490043110357,66
2025-06-11 11:00:00,SACSI Full,0.36063523172199763,0.00809401273727417,0.0,0.3545077240665876,0.0,0.0,-4.06368553525213,66
2025-06-11 12:00:00,SACSI Full,0.35861739508682516,0.006895512342453003,0.0,0.28724650289417325,0.0,0.0,-3.861889403933313,66
2025-06-11 13:00:00,SACSI Full,0.35641951614213613,0.005120187997817993,0.0,0.21398387140453679,0.0,0.0,-3.6420717712170148,66
2025-06-11 14:00:00,SACSI Full,0.3545706788095769,0.005704760551452637,0.0,0.15235596031922827,0.0,0.0,-3.457187821894253,66
2025-06-11 15:00:00,SACSI Full,0.3529861300426367,0.006673038005828857,0.0,0.09953766808788914,0.0,0.0,-3.298756147798328,66
2025-06-11 16:00:00,SACSI Full,0.35178773594310664,0.006072968244552612,0.0,0.0595911981035556,0.0,0.0,-3.178901054373167,66
2025-06-11 17:00:00,SACSI Full,0.3510401761041652,0.005904585123062134,0.0,0.03467253680550613,0.0,0.0,-3.104137385950197,66
2025-06-11 18:00:00,SACSI Full,0.35056823764084916,0.004859715700149536,0.0,0.018941254694971123,0.0,0.0,-3.056931407093147,66
2025-06-11 19:00:00,SACSI Full,0.35024434325026693,0.004476457834243774,0.0,0.008144775008898365,0.0,0.0,-3.024527686762036,66
2025-06-11 20:00:00,SACSI Full,0.350082472890084,0.00518798828125,0.0,0.00274909633613305,0.0,0.0,-3.0083581640784924,66
2025-06-11 21:00:00,SACSI Full,0.34992783946421246,0.004609972238540649,0.0,0.0,0.0,0.0,-2.9928819260264437,66
2025-06-11 22:00:00,SACSI Full,0.34980130641685425,0.004540085792541504,0.0,0.0,0.0,0.0,-2.9802221422657356,66
2025-06-11 23:00:00,SACSI Full,0.349703164817358,0.004557520151138306,0.0,0.0,0.0,0.0,-2.9704078064824104,66
2025-06-12 00:00:00,SACSI Full,0.3495777558142592,0.004877299070358276,0.0,0.0,0.0,0.0,-2.9578763251965188,66
2025-06-12 01:00:00,SACSI Full,0.3494236483993778,0.004767775535583496,0.0,0.0,0.0,0.0,-2.9424612906838368,66
2025-06-12 02:00:00,SACSI Full,0.34915483326739566,0.0043554604053497314,0.0,0.0,0.0,0.0,-2.9155745590989746,66
2025-06-12 03:00:00,SACSI Full,0.3488591828654855,0.004804879426956177,0.0,0.0,0.0,0.0,-2.886018878327305,66
2025-06-12 04:00:00,SACSI Full,0.348562862408027,0.004603862762451172,0.0,0.0,0.0,0.0,-2.8563803282245908,66
2025-06-12 05:00:00,SACSI Full,0.34826921323206517,0.005405247211456299,0.0,0.0,0.0,0.0,-2.8270374419952358,66
2025-06-12 06:00:00,SACSI Full,0.34794599144286403,0.0050334632396698,0.0,0.0,0.0,0.0,-2.794703531390914,66
2025-06-12 07:00:00,SACSI Full,0.3474561348325659,0.0060430169105529785,0.0,0.0,0.0,0.0,-2.7457444391315073,66
2025-06-12 08:00:00,SACSI Full,0.34662786767946174,0.0065198540687561035,0.0,0.0,0.0,0.0,-2.662921933399131,66
2025-06-12 09:00:00,SACSI Full,0.3454865033482163,0.006090700626373291,0.0,0.0,0.0,0.0,-2.54877644036858,66
2025-06-12 10:00:00,SACSI Full,0.3441716302902151,0.005038082599639893,0.0,0.0,0.0,0.0,-2.4172743168537676,66
2025-06-12 11:00:00,SACSI Full,0.3427124759084631,0.004253685474395752,0.0,0.0,0.0,0.0,-2.2713405085270497,66
2025-06-12 12:00:00,SACSI Full,0.3410795435856431,0.0031203031539916992,0.0,0.0,0.0,0.0,-2.1080280984505904,66
2025-06-12 13:00:00,SACSI Full,0.339445803123181,0.002877861261367798,0.0,0.0,0.0,0.0,-1.944640293962254,66
2025-06-12 14:00:00,SACSI Full,0.3379531054654369,0.0026907026767730713,0.0,0.0,0.0,0.0,-1.7953662321830695,66
2025-06-12 15:00:00,SACSI Full,0.33671605054444564,0.00288352370262146,0.0,0.0,0.0,0.0,-1.6716646531288748,66
2025-06-12 16:00:00,SACSI Full,0.3357335903118699,0.002761930227279663,0.0,0.0,0.0,0.0,-1.5734154857262872,66
2025-06-12 17:00:00,SACSI Full,0.33503528844025227,0.0030094385147094727,0.0,0.0,0.0,0.0,-1.5035915078783944,66
2025-06-12 18:00:00,SACSI Full,0.33492661232934884,0.0033971667289733887,0.0,0.0,0.0,0.0,-1.4927330535516052,66
2025-06-12 19:00:00,SACSI Full,0.33501621739771453,0.0033815205097198486,0.0,0.0,0.0,0.0,-1.5016895266438395,66
2025-06-12 20:00:00,SACSI Full,0.3351369805628706,0.004228949546813965,0.0,0.0,0.0,0.0,-1.5137911095683678,66
2025-06-12 21:00:00,SACSI Full,0.33492110482043513,0.0032372772693634033,0.0,0.0,0.0,0.0,-1.4921851443116745,66
2025-06-12 22:00:00,SACSI Full,0.33473555817352224,0.003836005926132202,0.0,0.0,0.0,0.0,-1.4736385247573136,66
2025-06-12 23:00:00,SACSI Full,0.3345787183823833,0.0039480626583099365,0.0,0.0,0.0,0.0,-1.4579519200588162,66
2025-06-13 00:00:00,SACSI Full,0.33442143900698906,0.0038161873817443848,0.0,0.0,0.0,0.0,-1.4422215431993062,66
2025-06-13 01:00:00,SACSI Full,0.33423511948651563,0.0036041438579559326,0.0,0.0,0.0,0.0,-1.4235861519639594,66
2025-06-13 02:00:00,SACSI Full,0.33407731261001516,0.0036579370498657227,0.0,0.0,0.0,0.0,-1.407804957674432,66
2025-06-13 03:00:00,SACSI Full,0.3339477009827543,0.003616511821746826,0.0,0.0,0.0,0.0,-1.3948428427641435,66
2025-06-13 04:00:00,SACSI Full,0.3338182214791227,0.003656148910522461,0.0,0.0,0.0,0.0,-1.3818956672613687,66
2025-06-13 05:00:00,SACSI Full,0.33368853733287734,0.0035947561264038086,0.0,0.0,0.0,0.0,-1.368926242338103,66
2025-06-13 06:00:00,SACSI Full,0.33350295094953464,0.003824084997177124,0.0,0.0,0.0,0.0,-1.3503738699421144,66
2025-06-13 07:00:00,SACSI Full,0.33312171741551644,0.004629939794540405,0.0,0.0,0.0,0.0,-1.3122723988955076,66
2025-06-13 08:00:00,SACSI Full,0.332402029131914,0.005093514919281006,0.0,0.0,0.0,0.0,-1.2403094192410347,66
2025-06-13 09:00:00,SACSI Full,0.3313396189028669,0.004276931285858154,0.0,0.0,0.0,0.0,-1.1340555947487403,66
2025-06-13 10:00:00,SACSI Full,0.32999047390209124,0.003256499767303467,0.0,0.0,0.0,0.0,-0.999122724519655,66
2025-06-13 11:00:00,SACSI Full,0.32841215834286297,0.0025053322315216064,0.0,0.0,0.0,0.0,-0.8412734526062846,66
2025-06-13 12:00:00,SACSI Full,0.32674802371647443,0.0022596120834350586,0.0,0.0,0.0,0.0,-0.6748500210905922,66
2025-06-13 13:00:00,SACSI Full,0.3251114053430805,0.0020144879817962646,0.0,0.0,0.0,0.0,-0.5111832753086989,66
2025-06-13 14:00:00,SACSI Full,0.3235872004046687,0.001738518476486206,0.0,0.0,0.0,0.0,-0.3587575705314528,66
2025-06-13 15:00:00,SACSI Full,0.32231736763066543,0.0015501677989959717,0.0,0.0,0.0,0.0,-0.23176964992929716,66
2025-06-13 16:00:00,SACSI Full,0.32138823570794356,0.0017604231834411621,0.0,0.0,0.0,0.0,-0.13886088181186854,66
2025-06-13 17:00:00,SACSI Full,0.32079956423110256,0.0018985569477081299,0.0,0.0,0.0,0.0,-0.07999577558685247,66
2025-06-13 18:00:00,SACSI Full,0.32049283084220176,0.0014799833297729492,0.0,0.0,0.0,0.0,-0.04931686962295005,66
2025-06-13 19:00:00,SACSI Full,0.3203289671403814,0.0018408894538879395,0.0,0.0,0.0,0.0,-0.03293714088845756,66
2025-06-13 20:00:00,SACSI Full,0.320165019495353,0.001815706491470337,0.0,0.0,0.0,0.0,-0.016538515494750515,66
2025-06-13 21:00:00,SACSI Full,0.3200307214528966,0.0022105872631073,0.0,0.0,0.0,0.0,-0.0031203058426405583,66
2025-06-13 22:00:00,SACSI Full,0.3198972275764394,0.0024518370628356934,0.0,0.0,0.0,0.0,0.9999485507607461,66
2025-06-13 23:00:00,SACSI Full,0.3197648885399747,0.0027982890605926514,0.0,0.0,0.0,0.0,0.9999405696988106,66
2025-06-14 00:00:00,SACSI Full,0.31963325283831834,0.003009289503097534,0.0,0.0,0.0,0.0,0.999937704205513,66
2025-06-14 01:00:00,SACSI Full,0.3195303090912747,0.0031168758869171143,0.0,0.0,0.0,0.0,0.9999365866184234,66
2025-06-14 02:00:00,SACSI Full,0.3194274731292971,0.0031492114067077637,0.0,0.0,0.0,0.0,0.9999366924166679,66
2025-06-14 03:00:00,SACSI Full,0.3193527961570668,0.0030969083309173584,0.0,0.0,0.0,0.0,0.9999375388026237,66
2025-06-14 04:00:00,SACSI Full,0.31930660997377314,0.0031441450119018555,0.0,0.0,0.0,0.0,0.9999366447329521,66
2025-06-14 05:00:00,SACSI Full,0.319288525659109,0.0030747056007385254,0.0,0.0,0.0,0.0,0.9999378114938736,66
2025-06-14 06:00:00,SACSI Full,0.3192149657772629,0.003432035446166992,0.0,0.0,0.0,0.0,0.9999277859926224,66
2025-06-14 07:00:00,SACSI Full,0.31888839470373076,0.004028677940368652,0.0,0.0,0.0,0.0,0.9999134600162506,66
2025-06-14 08:00:00,SACSI Full,0.31813954259541116,0.004844367504119873,0.0,0.0,0.0,0.0,0.9998949557542801,66
2025-06-14 09:00:00,SACSI Full,0.31705412470804134,0.0058746337890625,0.0,0.0,0.0,0.0,0.9998722046613694,66
2025-06-14 10:00:00,SACSI Full,0.3156613396357147,0.007164478302001953,0.0,0.0,0.0,0.0,0.9998438119888305,66
2025-06-14 11:00:00,SACSI Full,0.31401217223233463,0.006749778985977173,0.0,0.0,0.0,0.0,0.9998608574271203,66
2025-06-14 12:00:00,SACSI Full,0.31227152828759436,0.004806816577911377,0.0,0.0,0.0,0.0,0.9998844340443611,66
2025-06-14 13:00:00,SACSI Full,0.31064492299781726,0.005018413066864014,0.0,0.0,0.0,0.0,0.9998975157737732,66
2025-06-14 14:00:00,SACSI Full,0.3090800487826912,0.006537735462188721,0.0,0.0,0.0,0.0,0.999854052066803,66
2025-06-14 15:00:00,SACSI Full,0.3077458566004682,0.007742345333099365,0.0,0.0,0.0,0.0,0.9998331069946289,66
2025-06-14 16:00:00,SACSI Full,0.30677325944648665,0.005720853805541992,0.0,0.0,0.0,0.0,0.9998653680086136,66
2025-06-14 17:00:00,SACSI Full,0.3061998343410739,0.006472468376159668,0.0,0.0,0.0,0.0,0.9998630344867706,66
2025-06-14 18:00:00,SACSI Full,0.3059906278616834,0.005238056182861328,0.0,0.0,0.0,0.0,0.9998828947544098,66
2025-06-14 19:00:00,SACSI Full,0.30586950939959767,0.006164461374282837,0.0,0.0,0.0,0.0,0.9998674467206001,66
2025-06-14 20:00:00,SACSI Full,0.30583082793778665,0.005395561456680298,0.0,0.0,0.0,0.0,0.9998843997716904,66
2025-06-14 21:00:00,SACSI Full,0.3057926893749484,0.005558431148529053,0.0,0.0,0.0,0.0,0.999887202680111,66
2025-06-14 22:00:00,SACSI Full,0.3057818514949728,0.00524863600730896,0.0,0.0,0.0,0.0,0.9998919293284416,66
2025-06-14 23:00:00,SACSI Full,0.3057711854750563,0.005300194025039673,0.0,0.0,0.0,0.0,0.9998934805393219,66
2025-06-15 00:00:00,SACSI Full,0.3057604444526284,0.005277693271636963,0.0,0.0,0.0,0.0,0.9998942211270332,66
2025-06-15 01:00:00,SACSI Full,0.3057478626400877,0.004725456237792969,0.0,0.0,0.0,0.0,0.9998999685049057,66
2025-06-15 02:00:00,SACSI Full,0.30573432466970374,0.004438608884811401,0.0,0.0,0.0,0.0,0.999908359348774,66
2025-06-15 03:00:00,SACSI Full,0.30571978434787683,0.004137903451919556,0.0,0.0,0.0,0.0,0.9999142348766328,66
2025-06-15 04:00:00,SACSI Full,0.3056772742810497,0.0042469799518585205,0.0,0.0,0.0,0.0,0.9999139696359634,66
2025-06-15 05:00:00,SACSI Full,0.30566262468404065,0.004105120897293091,0.0,0.0,0.0,0.0,0.9999164789915085,66
2025-06-15 06:00:00,SACSI Full,0.30562071910765265,0.0044283270835876465,0.0,0.0,0.0,0.0,0.9999082013964653,66
2025-06-15 07:00:00,SACSI Full,0.3053538649684836,0.004943758249282837,0.0,0.0,0.0,0.0,0.9998959705233574,66
2025-06-15 08:00:00,SACSI Full,0.30467166380153593,0.00783964991569519,0.0,0.0,0.0,0.0,0.999814248085022,66
2025-06-15 09:00:00,SACSI Full,0.3035610378510405,0.0068122148513793945,0.0,0.0,0.0,0.0,0.9998534813523292,66
2025-06-15 10:00:00,SACSI Full,0.3020829875380446,0.007084906101226807,0.0,0.0,0.0,0.0,0.999855574965477,66
2025-06-15 11:00:00,SACSI Full,0.30038395882831503,0.00879138708114624,0.0,0.0,0.0,0.0,0.9998071074485778,66
2025-06-15 12:00:00,SACSI Full,0.2985721744536012,0.008964687585830688,0.0,0.0,0.0,0.0,0.9998189732432365,66
2025-06-15 13:00:00,SACSI Full,0.29680450970238936,0.01370057463645935,0.0,0.0,0.0,0.0,0.9996786296367645,66
2025-06-15 14:00:00,SACSI Full,0.29520188038097317,0.012211203575134277,0.0,0.0,0.0,0.0,0.999740882217884,66
2025-06-15 15:00:00,SACSI Full,0.2939162389308859,0.013807564973831177,0.0,0.0,0.0,0.0,0.9997078850865364,66
2025-06-15 16:00:00,SACSI Full,0.29296173923717433,0.011150091886520386,0.0,0.0,0.0,0.0,0.9997504234313965,66
2025-06-15 17:00:00,SACSI Full,0.2924416471432298,0.013972371816635132,0.0,0.0,0.0,0.0,0.9996923297643662,66
2025-06-15 18:00:00,SACSI Full,0.2923015326466808,0.017465651035308838,0.0,0.0,0.0,0.0,0.9996157541871071,66
2025-06-15 19:00:00,SACSI Full,0.29224808333780855,0.02646520733833313,0.0,0.0,0.0,0.0,0.9993807002902031,66
2025-06-15 20:00:00,SACSI Full,0.29230081030037497,0.04131808876991272,0.0,0.0,0.0,0.0,0.9990251094102859,66
2025-06-15 21:00:00,SACSI Full,0.2923670799349397,0.04538089036941528,0.0,0.0,0.0,0.0,0.9990517541766166,66
2025-06-15 22:00:00,SACSI Full,0.2924115325139611,0.04733577370643616,0.0,0.0,0.0,0.0,0.9990337356925011,66
2025-06-15 23:00:00,SACSI Full,0.2924579753914127,0.04793286323547363,0.0,0.0,0.0,0.0,0.9990353718400001,66
2025-06-16 00:00:00,SACSI Full,0.29247797539618103,0.048500001430511475,0.0,0.0,0.0,0.0,0.9990243285894393,66
2025-06-16 01:00:00,SACSI Full,0.29246069193349766,0.045814961194992065,0.0,0.0,0.0,0.0,0.999056850373745,66
2025-06-16 02:00:00,SACSI Full,0.2924228458617776,0.03964617848396301,0.0,0.0,0.0,0.0,0.9991453886032104,66
2025-06-16 03:00:00,SACSI Full,0.29240323930806406,0.04511803388595581,0.0,0.0,0.0,0.0,0.999042920768261,66
2025-06-16 04:00:00,SACSI Full,0.2927132597063629,0.0270061194896698,0.0,0.0,0.0,0.0,0.9992787584662437,66
2025-06-16 05:00:00,SACSI Full,0.2927369554987201,0.02410873770713806,0.0,0.0,0.0,0.0,0.9994888514280319,66
2025-06-16 06:00:00,SACSI Full,0.29299524227685214,0.01998603343963623,0.0,0.0,0.0,0.0,0.9995590522885323,66
2025-06-16 07:00:00,SACSI Full,0.293724767386779,0.012357532978057861,0.0,0.0,0.0,0.0,0.9996765643358231,66
2025-06-16 08:00:00,SACSI Full,0.2958429604457466,0.0139579176902771,0.0,0.0,0.0,0.0,0.9997048377990723,66
2025-06-16 09:00:00,SACSI Full,0.2994356621446856,0.00731050968170166,0.0,0.0,0.0,0.0,0.9997873157262802,66
2025-06-16 10:00:00,SACSI Full,0.29870615583008997,0.01264810562133789,0.0,0.0,0.0,0.0,0.9996936619281769,66
2025-06-16 11:00:00,SACSI Full,0.2971140375565139,0.0068645179271698,0.0,0.0,0.0,0.0,0.999804873764515,66
2025-06-16 12:00:00,SACSI Full,0.2954102409719077,0.007361024618148804,0.0,0.0,0.0,0.0,0.9998478144407272,66
2025-06-16 13:00:00,SACSI Full,0.2937732150346684,0.010392218828201294,0.0,0.0,0.0,0.0,0.9997618436813354,66
2025-06-16 14:00:00,SACSI Full,0.292190899241631,0.009805262088775635,0.0,0.0,0.0,0.0,0.9997980251908303,66
2025-06-16 15:00:00,SACSI Full,0.29090970131781174,0.015140622854232788,0.0,0.0,0.0,0.0,0.9996438339352608,66
2025-06-16 16:00:00,SACSI Full,0.2899899687821316,0.013080239295959473,0.0,0.0,0.0,0.0,0.999717791378498,66
2025-06-16 17:00:00,SACSI Full,0.289505943492914,0.007792413234710693,0.0,0.0,0.0,0.0,0.9997912734746933,66
2025-06-16 18:00:00,SACSI Full,0.28936713957057864,0.009358823299407959,0.0,0.0,0.0,0.0,0.9997971594333648,66
2025-06-16 19:00:00,SACSI Full,0.290216161399548,0.0057065486907958984,0.0,0.0,0.0,0.0,0.9998493462800979,66
2025-06-16 20:00:00,SACSI Full,0.29016996624138425,0.02014145255088806,0.0,0.0,0.0,0.0,0.9994528219103813,66
2025-06-16 21:00:00,SACSI Full,0.2904215440200415,0.017973333597183228,0.0,0.0,0.0,0.0,0.9996188521385193,66
2025-06-16 22:00:00,SACSI Full,0.29101951378173097,0.013390928506851196,0.0,0.0,0.0,0.0,0.9996863573789596,66
2025-06-16 23:00:00,SACSI Full,0.2916155458957599,0.0128096342086792,0.0,0.0,0.0,0.0,0.9997379943728447,66
2025-06-17 00:00:00,SACSI Full,0.2942131255124655,0.004773885011672974,0.0,0.0,0.0,0.0,0.9998241648077965,66
2025-06-17 01:00:00,SACSI Full,0.29514383779353365,0.004713684320449829,0.0,0.0,0.0,0.0,0.9999051243066788,66
2025-06-17 02:00:00,SACSI Full,0.2950747760755466,0.004781484603881836,0.0,0.0,0.0,0.0,0.999903692305088,66
2025-06-17 03:00:00,SACSI Full,0.2963382167028037,0.004532188177108765,0.0,0.0,0.0,0.0,0.9999068632721901,66
2025-06-17 04:00:00,SACSI Full,0.3036964230544018,0.007461905479431152,0.0,0.0,0.0,0.0,0.9998214647173881,66
2025-06-17 05:00:00,SACSI Full,0.30428464722540455,0.0019672513008117676,0.0,0.0,0.0,0.0,0.9999057084321976,66
2025-06-17 06:00:00,SACSI Full,0.31555667191492004,0.007107406854629517,0.0,0.0,0.0,0.0,0.9998064503073693,66
2025-06-17 07:00:00,SACSI Full,0.32305459647085744,0.008877366781234741,0.0,0.0,0.0,0.0,-0.30565489402063367,66
2025-06-17 08:00:00,SACSI Full,0.32255326149609165,0.0025995075702667236,0.0,0.0,0.0,0.0,-0.2554409183526791,66
2025-06-17 09:00:00,SACSI Full,0.3215777104352561,0.004834681749343872,0.0,0.0,0.0,0.0,-0.15789008890238954,66
2025-06-17 10:00:00,SACSI Full,0.3202594995171475,0.00403672456741333,0.0,0.0,0.0,0.0,-0.02603866577791636,66
2025-06-17 11:00:00,SACSI Full,0.3194062815887379,0.003034621477127075,0.0,0.0,0.0,0.0,0.9999292865395546,66
2025-06-17 12:00:00,SACSI Full,0.32094474699483794,0.0035396218299865723,0.0,0.0,0.0,0.0,-0.09455054192392139,66
2025-06-17 13:00:00,SACSI Full,0.3227722995693135,0.005265772342681885,0.0,0.0,0.0,0.0,-0.2773525338833325,66
2025-06-17 14:00:00,SACSI Full,0.32271531584646784,0.005904883146286011,0.0,0.0,0.0,0.0,-0.27165607341774534,66
2025-06-17 15:00:00,SACSI Full,0.3216238376568405,0.0040565431118011475,0.0,0.0,0.0,0.0,-0.16248337994662965,66
2025-06-17 16:00:00,SACSI Full,0.32078348814553503,0.002895146608352661,0.0,0.0,0.0,0.0,-0.07841833145070427,66
2025-06-17 17:00:00,SACSI Full,0.3202823568199722,0.002660602331161499,0.0,0.0,0.0,0.0,-0.028291239486613627,66
2025-06-17 18:00:00,SACSI Full,0.3204253473193097,0.0023971498012542725,0.0,0.0,0.0,0.0,-0.04258530945229517,66
2025-06-17 19:00:00,SACSI Full,0.32093082951293866,0.002644658088684082,0.0,0.0,0.0,0.0,-0.09313831953851376,66
2025-06-17 20:00:00,SACSI Full,0.3207975487230865,0.0025157630443573,0.0,0.0,0.0,0.0,-0.07980647651998204,66
2025-06-17 21:00:00,SACSI Full,0.3229983959951647,0.0027541816234588623,0.0,0.0,0.0,0.0,-0.29989706733473176,66
2025-06-17 22:00:00,SACSI Full,0.33165488440659124,0.005446523427963257,0.0,0.0,0.0,0.0,-1.165624294545728,66
2025-06-17 23:00:00,SACSI Full,0.3366118602497029,0.004092752933502197,0.0,0.0,0.0,0.0,-1.661281417733905,66
2025-06-18 00:00:00,SACSI Full,0.3405708308615931,0.004691183567047119,0.0,0.0,0.0,0.0,-2.0571828941369876,66
2025-06-18 01:00:00,SACSI Full,0.34046528984215335,0.0023376941680908203,0.0,0.0,0.0,0.0,-2.046599272992686,66
2025-06-18 02:00:00,SACSI Full,0.34036072882241486,0.0026316940784454346,0.0,0.0,0.0,0.0,-2.0361284561221575,66
2025-06-18 03:00:00,SACSI Full,0.3415606403015701,0.0024734437465667725,0.0,0.0,0.0,0.0,-2.1561150815352566,66
2025-06-18 04:00:00,SACSI Full,0.36305029792606663,0.0074072182178497314,0.0,0.4350099308688883,0.0,0.0,-4.305227274715732,66
2025-06-18 05:00:00,SACSI Full,0.37039722905331707,0.009486973285675049,0.0,0.6799076351105683,0.0,0.0,-5.039933442348097,66
2025-06-18 06:00:00,SACSI Full,0.37243101039636606,0.008834749460220337,0.0,0.7477003465455341,0.0,0.0,-5.243284256864064,66
2025-06-18 07:00:00,SACSI Full,0.37398889933385077,0.00949665904045105,0.0,0.7996299777950256,0.0,0.0,-5.399086485661687,66
2025-06-18 08:00:00,SACSI Full,0.37169747907481454,0.005823224782943726,0.0,0.723249302493818,0.0,0.0,-5.169901106319688,66
2025-06-18 09:00:00,SACSI Full,0.3691091868193316,0.006985217332839966,0.0,0.6369728939777204,1.4210854715202004e-14,0.0,-4.911070006205313,66
2025-06-18 10:00:00,SACSI Full,0.36632629642409387,0.006842762231826782,0.0,0.5442098808031304,0.0,0.0,-4.632767922205033,66
2025-06-18 11:00:00,SACSI Full,0.3640279722638336,0.007601827383041382,0.0,0.4675990754611206,0.0,0.0,-4.402956853582532,66
2025-06-18 12:00:00,SACSI Full,0.3622847167690462,0.007513910531997681,0.0,0.40949055896820713,0.0,0.0,-4.228622834283772,66
2025-06-18 13:00:00,SACSI Full,0.3607592213077426,0.006992071866989136,0.0,0.3586407102580864,0.0,0.0,-4.076067190598247,66
2025-06-18 14:00:00,SACSI Full,0.359127532369889,0.0057443976402282715,0.0,0.3042510789963004,0.0,0.0,-3.9128806016839697,66
2025-06-18 15:00:00,SACSI Full,0.3572641562879657,0.006125718355178833,0.0,0.24213854293218873,0.0,0.0,-3.726541956370823,66
2025-06-18 16:00:00,SACSI Full,0.3557667488123693,0.006502717733383179,0.0,0.19222496041230955,0.0,0.0,-3.5768087055853797,66
2025-06-18 17:00:00,SACSI Full,0.35469678677550415,0.005570948123931885,0.0,0.1565595591834722,0.0,0.0,-3.469799414208987,66
2025-06-18 18:00:00,SACSI Full,0.354608765193386,0.003719031810760498,0.0,0.15362550644620115,0.0,0.0,-3.4609694191379483,66
2025-06-18 19:00:00,SACSI Full,0.3630492069828777,0.01810610294342041,0.0,0.43497356609592264,0.0,0.0,-4.305426691057963,66
2025-06-18 20:00:00,SACSI Full,0.36157834706940667,0.0041869282722473145,0.0,0.3859449023135554,0.0,0.0,-4.158057637252823,66
2025-06-18 21:00:00,SACSI Full,0.36028072939442174,0.004405677318572998,0.0,0.3426909798140571,0.0,0.0,-4.028163240479008,66
2025-06-18 22:00:00,SACSI Full,0.35913924520486507,0.004696249961853027,0.0,0.30464150682883684,0.0,0.0,-3.9140213512121758,66
2025-06-18 23:00:00,SACSI Full,0.3581127489656858,0.004976093769073486,0.0,0.2704249655228594,0.0,0.0,-3.8113772168820326,66
2025-06-19 00:00:00,SACSI Full,0.357164138616799,0.005221515893936157,0.0,0.23880462055996646,0.0,0.0,-3.7165207462190284,66
2025-06-19 01:00:00,SACSI Full,0.3563345365753877,0.004770606756210327,0.0,0.211151219179591,0.0,0.0,-3.6335535787652726,66
2025-06-19 02:00:00,SACSI Full,0.3555584304331936,0.003449171781539917,0.0,0.185281014439785,0.0,0.0,-3.555925241104734,66
2025-06-19 03:00:00,SACSI Full,0.36155769051759223,0.0105343759059906,0.0,0.3852563505864069,0.0,0.0,-4.1560505913185875,66
2025-06-19 04:00:00,SACSI Full,0.36299744554801683,0.007674694061279297,0.0,0.4332481849338947,0.0,0.0,-4.299926645501356,66
2025-06-19 05:00:00,SACSI Full,0.3640420118059269,0.006936937570571899,0.0,0.46806706019756206,-1.4210854715202004e-14,0.0,-4.404347296909006,66
2025-06-19 06:00:00,SACSI Full,0.36247406366898577,0.0049176812171936035,0.0,0.41580212229952596,0.0,0.0,-4.247524913086454,66
2025-06-19 07:00:00,SACSI Full,0.36121370164818134,0.006181448698043823,0.0,0.3737900549393771,0.0,0.0,-4.121506431466903,66
2025-06-19 08:00:00,SACSI Full,0.3604308506820193,0.008339732885360718,0.0,0.3476950227339757,0.0,0.0,-4.043273445701509,66
2025-06-19 09:00:00,SACSI Full,0.35897215694358264,0.007963776588439941,0.0,0.29907189811942203,0.0,0.0,-3.897378729453002,66
2025-06-19 10:00:00,SACSI Full,0.3568743846500842,0.007814466953277588,0.0,0.22914615500280747,0.0,0.0,-3.687596247443836,66
2025-06-19 11:00:00,SACSI Full,0.35500742728420454,0.006327033042907715,0.0,0.16691424280681702,0.0,0.0,-3.5008841434204143,66
2025-06-19 12:00:00,SACSI Full,0.3535242617504748,0.006025731563568115,0.0,0.11747539168249262,0.0,0.0,-3.3525497026935436,66
2025-06-19 13:00:00,SACSI Full,0.3539570507903951,0.008238404989242554,0.0,0.13190169301316815,0.0,0.0,-3.3958919738735487,66
2025-06-19 14:00:00,SACSI Full,0.3531194510523132,0.005701780319213867,0.0,0.1039817017437727,0.0,0.0,-3.3120845070844025,66
2025-06-19 15:00:00,SACSI Full,0.35263745421454173,0.006816089153289795,0.0,0.08791514048472493,0.0,0.0,-3.26389288632558,66
2025-06-19 16:00:00,SACSI Full,0.35250539692012844,0.007396042346954346,0.0,0.08351323067094825,0.0,0.0,-3.2506934123917195,66
2025-06-19 17:00:00,SACSI Full,0.3517373928485666,0.006011873483657837,0.0,0.057913094952219524,0.0,0.0,-3.1738733640149643,66
2025-06-19 18:00:00,SACSI Full,0.35132337799713204,0.004908144474029541,0.0,0.04411259990440186,0.0,0.0,-3.1324469998927795,66
2025-06-19 19:00:00,SACSI Full,0.3509745770743357,0.004345625638961792,0.0,0.03248590247785756,0.0,0.0,-3.0975502451347006,66
2025-06-19 20:00:00,SACSI Full,0.3507890681948841,0.004649609327316284,0.0,0.026302273162802692,0.0,0.0,-3.0790028515118384,66
2025-06-19 21:00:00,SACSI Full,0.35420469751059236,0.007345378398895264,0.0,0.14015658368641226,0.0,0.0,-3.420643616317929,66
2025-06-19 22:00:00,SACSI Full,0.35941072712438604,0.009499788284301758,0.0,0.3136909041462005,0.0,0.0,-3.9412842523031437,66
2025-06-19 23:00:00,SACSI Full,0.35898061082259386,0.004318803548812866,0.0,0.29935369408646156,0.0,0.0,-3.8981992681777164,66
2025-06-20 00:00:00,SACSI Full,0.35829294691040126,0.004132390022277832,0.0,0.27643156368004185,0.0,0.0,-3.8293792029758356,66
2025-06-20 01:00:00,SACSI Full,0.3573490987952411,0.00431552529335022,0.0,0.2449699598413716,0.0,0.0,-3.73499802138269,66
2025-06-20 02:00:00,SACSI Full,0.3564995031692857,0.004271417856216431,0.0,0.2166501056428558,0.0,0.0,-3.650036186360064,66
2025-06-20 03:00:00,SACSI Full,0.35575676624032326,0.003071129322052002,0.0,0.19189220801077483,0.0,0.0,-3.5757500495041086,66
2025-06-20 04:00:00,SACSI Full,0.36083297811650455,0.009462833404541016,0.0,0.36109927055015306,0.0,0.0,-4.083550985359371,66
2025-06-20 05:00:00,SACSI Full,0.36266393806776304,0.005419254302978516,0.0,0.42213126892543473,0.0,0.0,-4.266542627653379,66
2025-06-20 06:00:00,SACSI Full,0.36792354607606736,0.009333938360214233,0.0,0.5974515358689118,0.0,0.0,-4.792580433214513,66
2025-06-20 07:00:00,SACSI Full,0.3686820786444975,0.009795725345611572,0.0,0.6227359548165823,0.0,0.0,-4.8684083968265135,66
2025-06-20 08:00:00,SACSI Full,0.36624549133711753,0.0060401856899261475,0.0,0.5415163779039176,0.0,0.0,-4.624707492822108,66
2025-06-20 09:00:00,SACSI Full,0.36380538408196295,0.008647292852401733,0.0,0.4601794693987657,0.0,0.0,-4.380737425124967,66
2025-06-20 10:00:00,SACSI Full,0.36238795171567495,0.010702013969421387,0.0,0.4129317238558315,0.0,0.0,-4.239029759058052,66
2025-06-20 11:00:00,SACSI Full,0.3605555378240528,0.008127093315124512,0.0,0.3518512608017602,0.0,0.0,-4.055742073478125,66
2025-06-20 12:00:00,SACSI Full,0.36236166039844,0.00889211893081665,0.0,0.41205534661466603,0.0,0.0,-4.23635153247877,66
2025-06-20 13:00:00,SACSI Full,0.3744351925724117,0.025566071271896362,0.0,0.8145064190803893,0.0,0.0,-5.444197318190017,66
2025-06-20 14:00:00,SACSI Full,0.3728580760358603,0.0078009068965911865,0.0,0.7619358678620103,0.0,0.0,-5.286141273367714,66
2025-06-20 15:00:00,SACSI Full,0.3708543664394764,0.0065326690673828125,0.0,0.695145547982547,0.0,0.0,-5.085579979707278,66
2025-06-20 16:00:00,SACSI Full,0.3692542709727539,0.006280392408370972,0.0,0.6418090324251295,0.0,0.0,-4.925555227890144,66
2025-06-20 17:00:00,SACSI Full,0.368541692205261,0.006282776594161987,0.0,0.6180564068420324,0.0,0.0,-4.854294899899842,66
2025-06-20 18:00:00,SACSI Full,0.36827635186003815,0.0061096251010894775,0.0,0.6092117286679383,0.0,0.0,-4.827759110020767,66
2025-06-20 19:00:00,SACSI Full,0.3719916200160429,0.0156344473361969,0.0,0.7330540005347643,0.0,0.0,-5.199569938773365,66
2025-06-20 20:00:00,SACSI Full,0.3720082044372063,0.006582140922546387,0.0,0.7336068145735425,0.0,0.0,-5.201042609603214,66
2025-06-20 21:00:00,SACSI Full,0.37021871371207543,0.005109906196594238,0.0,0.6739571237358476,0.0,0.0,-5.021988291678733,66
2025-06-20 22:00:00,SACSI Full,0.3680335625359229,0.0050733983516693115,0.0,0.60111875119743,0.0,0.0,-4.803458086637772,66
2025-06-20 23:00:00,SACSI Full,0.36666742000384434,0.00523790717124939,0.0,0.5555806667948119,0.0,0.0,-4.666848403616053,66
2025-06-21 00:00:00,SACSI Full,0.36756870115771867,0.007007718086242676,0.0,0.5856233719239555,0.0,0.0,-4.757027968242741,66
2025-06-21 01:00:00,SACSI Full,0.36962963960255657,0.006602853536605835,0.0,0.6543213200852194,0.0,0.0,-4.963100065971885,66
2025-06-21 02:00:00,SACSI Full,0.3714426269593728,0.009650439023971558,0.0,0.7147542319790944,0.0,0.0,-5.144486180572633,66
2025-06-21 03:00:00,SACSI Full,0.3751871074823343,0.013914406299591064,0.0,0.8395702494111433,0.0,0.0,-5.519031676032178,66
2025-06-21 04:00:00,SACSI Full,0.3737323585768762,0.005653947591781616,0.0,0.791078619229208,0.0,0.0,-5.373431541226534,66
2025-06-21 05:00:00,SACSI Full,0.3729479524885615,0.0061099231243133545,0.0,0.764931749618718,0.0,0.0,-5.294922007073961,66
2025-06-21 06:00:00,SACSI Full,0.3707653144197762,0.005385726690292358,0.0,0.6921771473258744,0.0,0.0,-5.076646398475768,66
2025-06-21 07:00:00,SACSI Full,0.3693000899314672,0.00576898455619812,0.0,0.6433363310489058,0.0,0.0,-4.9301282054165005,66
2025-06-21 08:00:00,SACSI Full,0.3691428248481563,0.009914636611938477,0.0,0.6380941616052098,0.0,0.0,-4.914522234068426,66
2025-06-21 09:00:00,SACSI Full,0.3676909781307528,0.00714525580406189,0.0,0.5896992710250942,0.0,0.0,-4.769268411999439,66
2025-06-21 10:00:00,SACSI Full,0.36555468555091764,0.0071017444133758545,0.0,0.5184895183639213,0.0,0.0,-4.5556110250939374,66
2025-06-21 11:00:00,SACSI Full,0.36353401559125437,0.008432865142822266,0.0,0.45113385304181153,0.0,0.0,-4.353583527635586,66
2025-06-21 12:00:00,SACSI Full,0.36151162631020883,0.008504092693328857,0.0,0.3837208770069623,0.0,0.0,-4.151333425150255,66
2025-06-21 13:00:00,SACSI Full,0.35949779699599094,0.009944438934326172,0.0,0.31659323319969845,0.0,0.0,-3.949992991840189,66
2025-06-21 14:00:00,SACSI Full,0.3576812803610147,0.008587688207626343,0.0,0.2560426787004914,0.0,0.0,-3.7683133573728895,66
2025-06-21 15:00:00,SACSI Full,0.3577289364678843,0.00992804765701294,0.0,0.2576312155961432,0.0,0.0,-3.773105611336062,66
2025-06-21 16:00:00,SACSI Full,0.3597897784742578,0.014578551054000854,0.0,0.3263259491419277,0.0,0.0,-3.9793159234808297,66
2025-06-21 17:00:00,SACSI Full,0.3603272645743666,0.007487982511520386,0.0,0.34424215247888557,0.0,0.0,-4.032947122772313,66
2025-06-21 18:00:00,SACSI Full,0.36117622292852203,0.0037282705307006836,0.0,0.3725407642840679,0.0,0.0,-4.1177344553826245,66
2025-06-21 19:00:00,SACSI Full,0.37230291925611314,0.015439540147781372,0.0,0.7434306418704382,0.0,0.0,-5.23071782911044,66
2025-06-21 20:00:00,SACSI Full,0.3708531095845301,0.0026607513427734375,0.0,0.6951036528176715,0.0,0.0,-5.085491961367915,66
2025-06-21 21:00:00,SACSI Full,0.38521710615528815,0.01710250973701477,0.0,1.1739035385096046,0.0,0.0,-6.522197083307497,66
2025-06-21 22:00:00,SACSI Full,0.3825337093801486,0.004937946796417236,0.0,1.084456979338286,0.0,0.0,-6.253591342580192,66
2025-06-21 23:00:00,SACSI Full,0.3792171310229767,0.004430860280990601,0.0,0.9739043674325573,0.0,0.0,-5.9218067903684455,66
2025-06-22 00:00:00,SACSI Full,0.3761815435424747,0.004541873931884766,0.0,0.87271811808249,0.0,0.0,-5.618246301862614,66
2025-06-22 01:00:00,SACSI Full,0.37340076875966505,0.0052931904792785645,0.0,0.780025625322169,0.0,0.0,-5.3401902529415635,66
2025-06-22 02:00:00,SACSI Full,0.3708979726604377,0.005260258913040161,0.0,0.6965990886812563,0.0,0.0,-5.089902800537695,66
2025-06-22 03:00:00,SACSI Full,0.36864796761284063,0.0060974061489105225,0.0,0.621598920428022,0.0,0.0,-4.8649270808794,66
2025-06-22 04:00:00,SACSI Full,0.36667551249274427,0.006613880395889282,0.0,0.5558504164248078,0.0,0.0,-4.667688691624814,66
2025-06-22 05:00:00,SACSI Full,0.364848405685742,0.00631481409072876,0.0,0.49494685619140033,0.0,0.0,-4.484969855519066,66
2025-06-22 06:00:00,SACSI Full,0.36315179943613946,0.005911439657211304,0.0,0.4383933145379814,0.0,0.0,-4.315302206151424,66
2025-06-22 07:00:00,SACSI Full,0.3615240996975846,0.006326735019683838,0.0,0.38413665658615204,0.0,0.0,-4.152540657412477,66
2025-06-22 08:00:00,SACSI Full,0.35973599595670225,0.009102076292037964,0.0,0.3245331985567404,0.0,0.0,-3.9738093906087886,66
2025-06-22 09:00:00,SACSI Full,0.3578213981761127,0.009333938360214233,0.0,0.26071327253708887,0.0,0.0,-3.7823288149991545,66
2025-06-22 10:00:00,SACSI Full,0.35591668815019034,0.008309930562973022,0.0,0.19722293833967797,0.0,0.0,-3.5918452537082652,66
2025-06-22 11:00:00,SACSI Full,0.35455681261696487,0.00943109393119812,0.0,0.1518937538988297,0.0,0.0,-3.455881095208792,66
2025-06-22 12:00:00,SACSI Full,0.3529768150288886,0.007727891206741333,0.0,0.09922716762962125,0.0,0.0,-3.29785309274024,66
2025-06-22 13:00:00,SACSI Full,0.3513161431507194,0.004669874906539917,0.0,0.0438714383573128,0.0,0.0,-3.131738292733073,66
2025-06-22 14:00:00,SACSI Full,0.34991756351350983,0.0054261088371276855,0.0,0.0,0.0,0.0,-2.991872435867031,66
2025-06-22 15:00:00,SACSI Full,0.34880268874525266,0.005537569522857666,0.0,0.0,0.0,0.0,-2.8803807405225803,66
2025-06-22 16:00:00,SACSI Full,0.34794347608525794,0.005736202001571655,0.0,0.0,0.0,0.0,-2.794464318890612,66
2025-06-22 17:00:00,SACSI Full,0.34739285449225943,0.004813522100448608,0.0,0.0,0.0,0.0,-2.7393909464669624,66
2025-06-22 18:00:00,SACSI Full,0.34712570878703636,0.004856288433074951,0.0,0.0,0.0,0.0,-2.7126684321356227,66
2025-06-22 19:00:00,SACSI Full,0.3469147037374898,0.0046984851360321045,0.0,0.0,0.0,0.0,-2.6915659214846683,66
2025-06-22 20:00:00,SACSI Full,0.3466770342846636,0.005199164152145386,0.0,0.0,0.0,0.0,-2.6678124185395653,66
2025-06-22 21:00:00,SACSI Full,0.3464959932521904,0.005187690258026123,0.0,0.0,0.0,0.0,-2.6497031937631395,66
2025-06-22 22:00:00,SACSI Full,0.34634324382979914,0.005175173282623291,0.0,0.0,0.0,0.0,-2.63442801161532,66
2025-06-22 23:00:00,SACSI Full,0.34621876118222117,0.005155205726623535,0.0,0.0,0.0,0.0,-2.6219794220122083,66
2025-06-23 00:00:00,SACSI Full,0.34612318953632554,0.005328506231307983,0.0,0.0,0.0,0.0,-2.6124272567622264,66
2025-06-23 01:00:00,SACSI Full,0.3459984476085428,0.00507742166519165,0.0,0.0,0.0,0.0,-2.599948820133246,66
2025-06-23 02:00:00,SACSI Full,0.34621028101006385,0.006050020456314087,0.0,0.0,0.0,0.0,-2.621158827403421,66
2025-06-23 03:00:00,SACSI Full,0.34605889256039496,0.005583465099334717,0.0,0.0,0.0,0.0,-2.6060055908950517,66
2025-06-23 04:00:00,SACSI Full,0.345904861638141,0.0047907233238220215,0.0,0.0,0.0,0.0,-2.59058990569833,66
2025-06-23 05:00:00,SACSI Full,0.345781164281758,0.005390793085098267,0.0,0.0,0.0,0.0,-2.578230244735112,66
2025-06-23 06:00:00,SACSI Full,0.34562892845272253,0.005329251289367676,0.0,0.0,0.0,0.0,-2.563000045715997,66
2025-06-23 07:00:00,SACSI Full,0.34530921688039334,0.006086528301239014,0.0,0.0,0.0,0.0,-2.531050991375477,66
2025-06-23 08:00:00,SACSI Full,0.3445705869686527,0.00791102647781372,0.0,0.0,0.0,0.0,-2.4572351623765942,66
2025-06-23 09:00:00,SACSI Full,0.3434607145202083,0.0070382654666900635,0.0,0.0,0.0,0.0,-2.3462209449402764,66
2025-06-23 10:00:00,SACSI Full,0.3420310199995759,0.004591643810272217,0.0,0.0,0.0,0.0,-2.2032182990503606,66
2025-06-23 11:00:00,SACSI Full,0.34036908577799035,0.0029197335243225098,0.0,0.0,0.0,0.0,-2.036983691572381,66
2025-06-23 12:00:00,SACSI Full,0.33859346655566724,0.0028142333030700684,0.0,0.0,0.0,0.0,-1.8594039952349977,66
2025-06-23 13:00:00,SACSI Full,0.3368732384606126,0.0024315714836120605,0.0,0.0,0.0,0.0,-1.6873763041091283,66
2025-06-23 14:00:00,SACSI Full,0.3353250170552654,0.003033578395843506,0.0,0.0,0.0,0.0,-1.532568397163579,66
2025-06-23 15:00:00,SACSI Full,0.33397692407647006,0.00357210636138916,0.0,0.0,0.0,0.0,-1.3977692350538888,66
2025-06-23 16:00:00,SACSI Full,0.33296741399724517,0.0031469762325286865,0.0,0.0,0.0,0.0,-1.296808590550455,66
2025-06-23 17:00:00,SACSI Full,0.3322980181602561,0.003181248903274536,0.0,0.0,0.0,0.0,-1.2298657837303837,66
2025-06-23 18:00:00,SACSI Full,0.331968606428695,0.003176480531692505,0.0,0.0,0.0,0.0,-1.1969242201638515,66
2025-06-23 19:00:00,SACSI Full,0.33172396869618925,0.003108680248260498,0.0,0.0,0.0,0.0,-1.1724597212267243,66
2025-06-23 20:00:00,SACSI Full,0.3315656934265219,0.0035174190998077393,0.0,0.0,0.0,0.0,-1.1566437784227033,66
2025-06-23 21:00:00,SACSI Full,0.33137950006921324,0.0036419928073883057,0.0,0.0,0.0,0.0,-1.1380240925145468,66
2025-06-23 22:00:00,SACSI Full,0.3311934239343726,0.003677159547805786,0.0,0.0,0.0,0.0,-1.1194162882956218,66
2025-06-23 23:00:00,SACSI Full,0.3310081137192173,0.003906935453414917,0.0,0.0,0.0,0.0,-1.1008918083898527,66
2025-06-24 00:00:00,SACSI Full,0.33082379393457606,0.004204064607620239,0.0,0.0,0.0,0.0,-1.0824664460412998,66
2025-06-24 01:00:00,SACSI Full,0.33061078616896505,0.004097670316696167,0.0,0.0,0.0,0.0,-1.061161634245748,66
2025-06-24 02:00:00,SACSI Full,0.3303975886619015,0.004040747880935669,0.0,0.0,0.0,0.0,-1.0398402503721256,66
2025-06-24 03:00:00,SACSI Full,0.33015587205369507,0.003985017538070679,0.0,0.0,0.0,0.0,-1.015667463023696,66
2025-06-24 04:00:00,SACSI Full,0.3325905446231289,0.006901770830154419,0.0,0.0,0.0,0.0,-1.259221665262416,66
2025-06-24 05:00:00,SACSI Full,0.3323788993203564,0.004506409168243408,0.0,0.0,0.0,0.0,-1.2380040138356248,66
2025-06-24 06:00:00,SACSI Full,0.3321063728058263,0.0032420456409454346,0.0,0.0,0.0,0.0,-1.210714765130719,66
2025-06-24 07:00:00,SACSI Full,0.3362480288890922,0.010496824979782104,0.0,0.0,0.0,0.0,-1.6250853732022053,66
2025-06-24 08:00:00,SACSI Full,0.3370318552362843,0.00514790415763855,0.0,0.0,0.0,0.0,-1.7033419709198052,66
2025-06-24 09:00:00,SACSI Full,0.3365295806078041,0.004317611455917358,0.0,0.0,0.0,0.0,-1.653052715936543,66
2025-06-24 10:00:00,SACSI Full,0.3358850253848159,0.004133433103561401,0.0,0.0,0.0,0.0,-1.5885870489271845,66
2025-06-24 11:00:00,SACSI Full,0.3362709244271044,0.004769712686538696,0.0,0.0,0.0,0.0,-1.6271941997599977,66
2025-06-24 12:00:00,SACSI Full,0.3349207472725634,0.0029468536376953125,0.0,0.0,0.0,0.0,-1.4921518929195796,66
2025-06-24 13:00:00,SACSI Full,0.33348292714873196,0.0021539628505706787,0.0,0.0,0.0,0.0,-1.3483437230380775,66
2025-06-24 14:00:00,SACSI Full,0.3320738595775688,0.002279728651046753,0.0,0.0,0.0,0.0,-1.2074328099879048,66
2025-06-24 15:00:00,SACSI Full,0.3308369551583056,0.0029286742210388184,0.0,0.0,0.0,0.0,-1.0837605787706779,66
2025-06-24 16:00:00,SACSI Full,0.32988249447305246,0.002661794424057007,0.0,0.0,0.0,0.0,-0.988305351991696,66
2025-06-24 17:00:00,SACSI Full,0.3292678162308459,0.002596527338027954,0.0,0.0,0.0,0.0,-0.926834206302209,66
2025-06-24 18:00:00,SACSI Full,0.32893512475370607,0.002192556858062744,0.0,0.0,0.0,0.0,-0.8935603662125667,66
2025-06-24 19:00:00,SACSI Full,0.3286307820077662,0.002197176218032837,0.0,0.0,0.0,0.0,-0.8631221904945784,66
2025-06-24 20:00:00,SACSI Full,0.3283554774200841,0.002408623695373535,0.0,0.0,0.0,0.0,-0.8355980289570887,66
2025-06-24 21:00:00,SACSI Full,0.32805496526598177,0.003346353769302368,0.0,0.0,0.0,0.0,-0.8055728309743014,66
2025-06-24 22:00:00,SACSI Full,0.3280639244536483,0.004687756299972534,0.0,0.0,0.0,0.0,-0.8064996145161347,66
2025-06-24 23:00:00,SACSI Full,0.3277416136221015,0.005306750535964966,0.0,0.0,0.0,0.0,-0.774273687163231,66
2025-06-25 00:00:00,SACSI Full,0.32744504878559944,0.004530549049377441,0.0,0.0,0.0,0.0,-0.7446032515557962,66
2025-06-25 01:00:00,SACSI Full,0.3271747023109519,0.003896057605743408,0.0,0.0,0.0,0.0,-0.717554497161742,66
2025-06-25 02:00:00,SACSI Full,0.326904404513431,0.003910660743713379,0.0,0.0,0.0,0.0,-0.6905188105893534,66
2025-06-25 03:00:00,SACSI Full,0.3266626541292592,0.003974884748458862,0.0,0.0,0.0,0.0,-0.6663455528609371,66
2025-06-25 04:00:00,SACSI Full,0.3264481324056709,0.0036434829235076904,0.0,0.0,0.0,0.0,-0.6448894242438078,66
2025-06-25 05:00:00,SACSI Full,0.32623425043860316,0.0038354098796844482,0.0,0.0,0.0,0.0,-0.6235036713274704,66
2025-06-25 06:00:00,SACSI Full,0.3259638711814011,0.0038862228393554688,0.0,0.0,0.0,0.0,-0.5964653507264909,66
2025-06-25 07:00:00,SACSI Full,0.3255829843477333,0.004733949899673462,0.0,0.0,0.0,0.0,-0.5584015910419265,66
2025-06-25 08:00:00,SACSI Full,0.3250333114619975,0.005098134279251099,0.0,0.0,0.0,0.0,-0.5034367507291289,66
2025-06-25 09:00:00,SACSI Full,0.32428606867908677,0.005327165126800537,0.0,0.0,0.0,0.0,-0.4287157015196878,66
2025-06-25 10:00:00,SACSI Full,0.32456221563378224,0.005844086408615112,0.0,0.0,0.0,0.0,-0.4563436143192134,66
2025-06-25 11:00:00,SACSI Full,0.323805104918075,0.004366785287857056,0.0,0.0,0.0,0.0,-0.38061260052446555,66
2025-06-25 12:00:00,SACSI Full,0.3242649722468778,0.0034601986408233643,0.0,0.0,0.0,0.0,-0.42657549452706417,66
2025-06-25 13:00:00,SACSI Full,0.3248693627949481,0.004317164421081543,0.0,0.0,0.0,0.0,-0.48703119244103377,66
2025-06-25 14:00:00,SACSI Full,0.324470474094145,0.0033333897590637207,0.0,0.0,0.0,0.0,-0.4471239149562986,66
2025-06-25 15:00:00,SACSI Full,0.32360225616573546,0.003034621477127075,0.0,0.0,0.0,0.0,-0.36028929668590703,66
2025-06-25 16:00:00,SACSI Full,0.3238784541682328,0.003859400749206543,0.0,0.0,0.0,0.0,-0.38793085263098415,66
2025-06-25 17:00:00,SACSI Full,0.32376845433750995,0.0030000507831573486,0.0,0.0,0.0,0.0,-0.37691402826631776,66
2025-06-25 18:00:00,SACSI Full,0.32413390104491757,0.003134012222290039,0.0,0.0,0.0,0.0,-0.4134541243505936,66
2025-06-25 19:00:00,SACSI Full,0.3238609756759728,0.003122389316558838,0.0,0.0,0.0,0.0,-0.38616013161266516,66
2025-06-25 20:00:00,SACSI Full,0.3235573742457156,0.010919570922851562,0.0,0.0,0.0,0.0,-0.35603378780608164,66
2025-06-25 21:00:00,SACSI Full,0.3232494763139809,0.00963062047958374,0.0,0.0,0.0,0.0,-0.3251531333121114,66
2025-06-25 22:00:00,SACSI Full,0.3229599686674202,0.006647706031799316,0.0,0.0,0.0,0.0,-0.2961596500071348,66
2025-06-25 23:00:00,SACSI Full,0.3226930931699201,0.004937350749969482,0.0,0.0,0.0,0.0,-0.26942516755982904,66
2025-06-26 00:00:00,SACSI Full,0.32240191361307347,0.006146132946014404,0.0,0.0,0.0,0.0,-0.24032637178822658,66
2025-06-26 01:00:00,SACSI Full,0.3220702460769737,0.010999739170074463,0.0,0.0,0.0,0.0,-0.20729313854301237,66
2025-06-26 02:00:00,SACSI Full,0.3221068640720769,0.004485398530960083,0.0,0.0,0.0,0.0,-0.21084125858469893,66
2025-06-26 03:00:00,SACSI Full,0.32189317283987245,0.0038926303386688232,0.0,0.0,0.0,0.0,-0.18940106427594108,66
2025-06-26 04:00:00,SACSI Full,0.32167903059918923,0.0037573277950286865,0.0,0.0,0.0,0.0,-0.1679795595002594,66
2025-06-26 05:00:00,SACSI Full,0.3214359142752413,0.0035651028156280518,0.0,0.0,0.0,0.0,-0.1436646518302378,66
2025-06-26 06:00:00,SACSI Full,0.3211645346534177,0.003586113452911377,0.0,0.0,0.0,0.0,-0.11652539771720143,66
2025-06-26 07:00:00,SACSI Full,0.3208378418870692,0.003992170095443726,0.0,0.0,0.0,0.0,-0.08386809267525437,66
2025-06-26 08:00:00,SACSI Full,0.3201465450513288,0.005110949277877808,0.0,0.0,0.0,0.0,-0.014767911910259147,66
2025-06-26 09:00:00,SACSI Full,0.31919748653371377,0.004282444715499878,0.0,0.0,0.0,0.0,0.9999060660600663,66
2025-06-26 10:00:00,SACSI Full,0.31854588367103776,0.00401914119720459,0.0,0.0,0.0,0.0,0.9999169841408729,66
2025-06-26 11:00:00,SACSI Full,0.31719900364676357,0.00393599271774292,0.0,0.0,0.0,0.0,0.9999204486608506,66
2025-06-26 12:00:00,SACSI Full,0.3158771166121884,0.002933889627456665,0.0,0.0,0.0,0.0,0.999931301176548,66
2025-06-26 13:00:00,SACSI Full,0.3142471878667597,0.004021376371383667,0.0,0.0,0.0,0.0,0.9999086976051331,66
2025-06-26 14:00:00,SACSI Full,0.3128418714145744,0.003405064344406128,0.0,0.0,0.0,0.0,0.999925735592842,66
2025-06-26 15:00:00,SACSI Full,0.3127443532876098,0.0022445619106292725,0.0,0.0,0.0,0.0,0.9999435037374497,66
2025-06-26 16:00:00,SACSI Full,0.31538224527556935,0.003867596387863159,0.0,0.0,0.0,0.0,0.9999064177274704,66
2025-06-26 17:00:00,SACSI Full,0.31802458316047233,0.0032013654708862305,0.0,0.0,0.0,0.0,0.9999293103814125,66
2025-06-26 18:00:00,SACSI Full,0.31919441240667545,0.0019487738609313965,0.0,0.0,0.0,0.0,0.9999484986066818,66
2025-06-26 19:00:00,SACSI Full,0.3190317452680989,0.0021998584270477295,0.0,0.0,0.0,0.0,0.9999534919857979,66
2025-06-26 20:00:00,SACSI Full,0.3188689782917424,0.0021699070930480957,0.0,0.0,0.0,0.0,0.999956302344799,66
2025-06-26 21:00:00,SACSI Full,0.31873587681252996,0.00256955623626709,0.0,0.0,0.0,0.0,0.9999446123838425,66
2025-06-26 22:00:00,SACSI Full,0.31863233304539557,0.0029368698596954346,0.0,0.0,0.0,0.0,0.9999375894665719,66
2025-06-26 23:00:00,SACSI Full,0.3185296947721564,0.0032085180282592773,0.0,0.0,0.0,0.0,0.9999331131577492,66
2025-06-27 00:00:00,SACSI Full,0.3197027451527043,0.002915114164352417,0.0,0.0,0.0,0.0,0.9999387636780739,66
2025-06-27 01:00:00,SACSI Full,0.3216286195234382,0.0032623112201690674,0.0,0.0,0.0,0.0,-0.1629306705387795,66
2025-06-27 02:00:00,SACSI Full,0.32152407141803935,0.002635568380355835,0.0,0.0,0.0,0.0,-0.15246612059993936,66
2025-06-27 03:00:00,SACSI Full,0.3234209806462052,0.003072768449783325,0.0,0.0,0.0,0.0,-0.34216389199021174,66
2025-06-27 04:00:00,SACSI Full,0.3233171204777482,0.002841949462890625,0.0,0.0,0.0,0.0,-0.3317711949539448,66
2025-06-27 05:00:00,SACSI Full,0.3232408932880484,0.002631843090057373,0.0,0.0,0.0,0.0,-0.324144066730368,66
2025-06-27 06:00:00,SACSI Full,0.3231361176915887,0.0025673210620880127,0.0,0.0,0.0,0.0,-0.3136637608003884,66
2025-06-27 07:00:00,SACSI Full,0.3235322461553338,0.0038385391235351562,0.0,0.0,0.0,0.0,-0.353314098496467,66
2025-06-27 08:00:00,SACSI Full,0.32420756504574644,0.004595667123794556,0.0,0.0,0.0,0.0,-0.4208559891971216,66
2025-06-27 09:00:00,SACSI Full,0.3237654553798758,0.005367100238800049,0.0,0.0,0.0,0.0,-0.37666059432350313,66
2025-06-27 10:00:00,SACSI Full,0.32284693556745075,0.004944056272506714,0.0,0.0,0.0,0.0,-0.28479666831018785,66
2025-06-27 11:00:00,SACSI Full,0.32234751947839285,0.005175173282623291,0.0,0.0,0.0,0.0,-0.23485776247503817,66
2025-06-27 12:00:00,SACSI Full,0.3211149026199105,0.004214942455291748,0.0,0.0,0.0,0.0,-0.11158416314842766,66
2025-06-27 13:00:00,SACSI Full,0.32025080833950864,0.004271715879440308,0.0,0.0,0.0,0.0,-0.02516683600269376,66
2025-06-27 14:00:00,SACSI Full,0.31927047549604604,0.003400146961212158,0.0,0.0,0.0,0.0,0.9999232813715935,66
2025-06-27 15:00:00,SACSI Full,0.31837538603821625,0.0034731626510620117,0.0,0.0,0.0,0.0,0.9999298065900802,66
2025-06-27 16:00:00,SACSI Full,0.3177907820816758,0.0031188130378723145,0.0,0.0,0.0,0.0,0.9999340802431107,66
2025-06-27 17:00:00,SACSI Full,0.3173471856637719,0.002921074628829956,0.0,0.0,0.0,0.0,0.9999396011233329,66
2025-06-27 18:00:00,SACSI Full,0.31776927271246147,0.0031261146068573,0.0,0.0,0.0,0.0,0.9999354273080826,66
2025-06-27 19:00:00,SACSI Full,0.31755219494302306,0.00287666916847229,0.0,0.0,0.0,0.0,0.9999399721622467,66
2025-06-27 20:00:00,SACSI Full,0.31739368622183034,0.0034473836421966553,0.0,0.0,0.0,0.0,0.9999253451824188,66
2025-06-27 21:00:00,SACSI Full,0.3172635326890074,0.0034539401531219482,0.0,0.0,0.0,0.0,0.9999308556318284,66
2025-06-27 22:00:00,SACSI Full,0.31713351773698356,0.003495514392852783,0.0,0.0,0.0,0.0,0.9999296739697456,66
2025-06-27 23:00:00,SACSI Full,0.316974989147576,0.003441423177719116,0.0,0.0,0.0,0.0,0.9999306306242943,66
2025-06-28 00:00:00,SACSI Full,0.3181528113766435,0.004346668720245361,0.0,0.0,0.0,0.0,0.9999040141701698,66
2025-06-28 01:00:00,SACSI Full,0.31796685544450315,0.0037132203578948975,0.0,0.0,0.0,0.0,0.9999194011092186,66
2025-06-28 02:00:00,SACSI Full,0.3178095254051609,0.00380098819732666,0.0,0.0,0.0,0.0,0.9999231025576591,66
2025-06-28 03:00:00,SACSI Full,0.3176519187009258,0.0037179887294769287,0.0,0.0,0.0,0.0,0.9999248102307319,66
2025-06-28 04:00:00,SACSI Full,0.3175239531552715,0.0041103363037109375,0.0,0.0,0.0,0.0,0.9999138697981835,66
2025-06-28 05:00:00,SACSI Full,0.3173670249505761,0.003921538591384888,0.0,0.0,0.0,0.0,0.999919681251049,66
2025-06-28 06:00:00,SACSI Full,0.317178022227677,0.0027991831302642822,0.0,0.0,0.0,0.0,0.9999327927827835,66
2025-06-28 07:00:00,SACSI Full,0.3196176385056896,0.008384883403778076,0.0,0.0,0.0,0.0,0.9997764453291893,66
2025-06-28 08:00:00,SACSI Full,0.31900853578129634,0.0042691826820373535,0.0,0.0,0.0,0.0,0.9998734593391418,66
2025-06-28 09:00:00,SACSI Full,0.31806302423675087,0.005346536636352539,0.0,0.0,0.0,0.0,0.9998822957277298,66
2025-06-28 10:00:00,SACSI Full,0.31721923068323954,0.003861933946609497,0.0,0.0,0.0,0.0,0.9999079152941704,66
2025-06-28 11:00:00,SACSI Full,0.31572739083567486,0.0029480457305908203,0.0,0.0,0.0,0.0,0.9999319002032281,66
2025-06-28 12:00:00,SACSI Full,0.3141755802373014,0.0019568204879760742,0.0,0.0,0.0,0.0,0.9999509513378143,66
2025-06-28 13:00:00,SACSI Full,0.31256721026062195,0.001989006996154785,0.0,0.0,0.0,0.0,0.9999598979949951,66
2025-06-28 14:00:00,SACSI Full,0.3111011288257363,0.002175569534301758,0.0,0.0,0.0,0.0,0.9999546229839325,66
2025-06-28 15:00:00,SACSI Full,0.30986088604966033,0.0019271671772003174,0.0,0.0,0.0,0.0,0.9999589726328849,66
2025-06-28 16:00:00,SACSI Full,0.30898907346446547,0.0019562244415283203,0.0,0.0,0.0,0.0,0.9999605849385261,66
2025-06-28 17:00:00,SACSI Full,0.3084290199331366,0.001983940601348877,0.0,0.0,0.0,0.0,0.9999600440263748,66
2025-06-28 18:00:00,SACSI Full,0.3081795939608339,0.001672208309173584,0.0,0.0,0.0,0.0,0.9999634385108948,66
2025-06-28 19:00:00,SACSI Full,0.30798785041768584,0.0019769370555877686,0.0,0.0,0.0,0.0,0.9999574139714241,66
2025-06-28 20:00:00,SACSI Full,0.307827326066089,0.0028426945209503174,0.0,0.0,0.0,0.0,0.9999344885349274,66
2025-06-28 21:00:00,SACSI Full,0.30766850243368976,0.003352910280227661,0.0,0.0,0.0,0.0,0.9999278396368027,66
2025-06-28 22:00:00,SACSI Full,0.30753842042644053,0.003475397825241089,0.0,0.0,0.0,0.0,0.999929267168045,66
2025-06-28 23:00:00,SACSI Full,0.3073798242851022,0.0034211575984954834,0.0,0.0,0.0,0.0,0.9999310344457627,66
2025-06-29 00:00:00,SACSI Full,0.30722187038381127,0.0036138296127319336,0.0,0.0,0.0,0.0,0.9999257966876031,66
2025-06-29 01:00:00,SACSI Full,0.3070085621114495,0.004007518291473389,0.0,0.0,0.0,0.0,0.9999159127473831,66
2025-06-29 02:00:00,SACSI Full,0.3071024209646307,0.004657655954360962,0.0,0.0,0.0,0.0,0.999900345504284,66
2025-06-29 03:00:00,SACSI Full,0.30722217432776316,0.003926008939743042,0.0,0.0,0.0,0.0,0.999914163351059,66
2025-06-29 04:00:00,SACSI Full,0.307621573099685,0.004819631576538086,0.0,0.0,0.0,0.0,0.9998946711421013,66
2025-06-29 05:00:00,SACSI Full,0.30740884895284204,0.004182755947113037,0.0,0.0,0.0,0.0,0.9999099761247635,66
2025-06-29 06:00:00,SACSI Full,0.30752869122623633,0.003952682018280029,0.0,0.0,0.0,0.0,0.999918645620346,66
2025-06-29 07:00:00,SACSI Full,0.30712461692690085,0.006277710199356079,0.0,0.0,0.0,0.0,0.9998511955142022,66
2025-06-29 08:00:00,SACSI Full,0.3086906479966564,0.01630932092666626,0.0,0.0,0.0,0.0,0.9995734974741936,66
2025-06-29 09:00:00,SACSI Full,0.3077476976962808,0.014614909887313843,0.0,0.0,0.0,0.0,0.9996907576918602,66
2025-06-29 10:00:00,SACSI Full,0.3068968176130377,0.01873597502708435,0.0,0.0,0.0,0.0,0.9995840698480606,66
2025-06-29 11:00:00,SACSI Full,0.30543629106560577,0.01234203577041626,0.0,0.0,0.0,0.0,0.999689219892025,66
2025-06-29 12:00:00,SACSI Full,0.3055914798756364,0.005556643009185791,0.0,0.0,0.0,0.0,0.999821013212204,66
2025-06-29 13:00:00,SACSI Full,0.3051709287075125,0.007334649562835693,0.0,0.0,0.0,0.0,0.9998355269432068,66
2025-06-29 14:00:00,SACSI Full,0.30536227296709245,0.00790327787399292,0.0,0.0,0.0,0.0,0.9998362481594085,66
2025-06-29 15:00:00,SACSI Full,0.30417152042427886,0.016774237155914307,0.0,0.0,0.0,0.0,0.9995758056640625,66
2025-06-29 16:00:00,SACSI Full,0.30319339119711747,0.012561231851577759,0.0,0.0,0.0,0.0,0.9997066453099251,66
2025-06-29 17:00:00,SACSI Full,0.3025214425257765,0.010915398597717285,0.0,0.0,0.0,0.0,0.9997652336955071,66
2025-06-29 18:00:00,SACSI Full,0.30217818486650017,0.007522702217102051,0.0,0.0,0.0,0.0,0.9998156189918519,66
2025-06-29 19:00:00,SACSI Full,0.3019237240230961,0.008661746978759766,0.0,0.0,0.0,0.0,0.9998153746128082,66
2025-06-29 20:00:00,SACSI Full,0.3017162778333747,0.022766143083572388,0.0,0.0,0.0,0.0,0.9994036331772804,66
2025-06-29 21:00:00,SACSI Full,0.3015320091752135,0.021219402551651,0.0,0.0,0.0,0.0,0.9995601445436477,66
2025-06-29 22:00:00,SACSI Full,0.3013907110297604,0.017110556364059448,0.0,0.0,0.0,0.0,0.9996167004108429,66
2025-06-29 23:00:00,SACSI Full,0.30123419432837995,0.012544989585876465,0.0,0.0,0.0,0.0,0.9997034445405006,66
2025-06-30 00:00:00,SACSI Full,0.30107819668411445,0.012700706720352173,0.0,0.0,0.0,0.0,0.9997444286942482,66
2025-06-30 01:00:00,SACSI Full,0.3009213402362588,0.012443065643310547,0.0,0.0,0.0,0.0,0.9997485622763634,66
2025-06-30 02:00:00,SACSI Full,0.3007347805416508,0.012032091617584229,0.0,0.0,0.0,0.0,0.999755248427391,66
2025-06-30 03:00:00,SACSI Full,0.300545407011104,0.011187940835952759,0.0,0.0,0.0,0.0,0.9997677996754646,66
2025-06-30 04:00:00,SACSI Full,0.3003562525276267,0.011253654956817627,0.0,0.0,0.0,0.0,0.999774269759655,66
2025-06-30 05:00:00,SACSI Full,0.30019388414024545,0.010789483785629272,0.0,0.0,0.0,0.0,0.9997795686125756,66
2025-06-30 06:00:00,SACSI Full,0.3000297082420114,0.010247230529785156,0.0,0.0,0.0,0.0,0.9997896328568459,66
2025-06-30 07:00:00,SACSI Full,0.29966942772745325,0.0109158456325531,0.0,0.0,0.0,0.0,0.9997749969363212,66
2025-06-30 08:00:00,SACSI Full,0.29903511316338416,0.030705630779266357,0.0,0.0,0.0,0.0,0.9991879895329475,66
2025-06-30 09:00:00,SACSI Full,0.29805754392027095,0.03822922706604004,0.0,0.0,0.0,0.0,0.9991601794958115,66
2025-06-30 10:00:00,SACSI Full,0.29679969531972444,0.04764541983604431,0.0,0.0,0.0,0.0,0.998952929675579,66
2025-06-30 11:00:00,SACSI Full,0.29570022690653036,0.04615947604179382,0.0,0.0,0.0,0.0,0.9990619510412215,66
2025-06-30 12:00:00,SACSI Full,0.2945567359244747,0.06695270538330078,0.0,0.0,0.0,0.0,0.9984530135989189,66
2025-06-30 13:00:00,SACSI Full,0.2938632416244271,0.016951709985733032,0.0,0.0,0.0,0.0,0.9991609558463096,66
2025-06-30 14:00:00,SACSI Full,0.30058165752926697,0.006524771451950073,0.0,0.0,0.0,0.0,0.9997652351856232,66
2025-06-30 15:00:00,SACSI Full,0.29957451822478803,0.003858208656311035,0.0,0.0,0.0,0.0,0.9998961701989174,66
2025-06-30 16:00:00,SACSI Full,0.30180089813430344,0.005913972854614258,0.0,0.0,0.0,0.0,0.9998611629009246,66
2025-06-30 17:00:00,SACSI Full,0.30165965576687687,0.0021272897720336914,0.0,0.0,0.0,0.0,0.9999195873737334,66
2025-06-30 18:00:00,SACSI Full,0.30141132006286814,0.00199928879737854,0.0,0.0,0.0,0.0,0.9999587342143059,66
2025-06-30 19:00:00,SACSI Full,0.3015264843650583,0.002549290657043457,0.0,0.0,0.0,0.0,0.9999435141682624,66
2025-06-30 20:00:00,SACSI Full,0.30130136367677884,0.008963793516159058,0.0,0.0,0.0,0.0,0.9997565791010856,66
2025-06-30 21:00:00,SACSI Full,0.3027239342510624,0.011771172285079956,0.0,0.0,0.0,0.0,0.9997365027666092,66
2025-06-30 22:00:00,SACSI Full,0.30252651608029246,0.008774548768997192,0.0,0.0,0.0,0.0,0.9997945427894592,66
2025-06-30 23:00:00,SACSI Full,0.30235177178183437,0.00707671046257019,0.0,0.0,0.0,0.0,0.9998414874076843,66
2025-07-01 00:00:00,SACSI Full,0.3022061123319391,0.0073021650314331055,0.0,0.0,0.0,0.0,0.9998517021536828,66
2025-07-01 01:00:00,SACSI Full,0.30206072855352595,0.00738486647605896,0.0,0.0,0.0,0.0,0.9998514756560326,66
2025-07-01 02:00:00,SACSI Full,0.3019125562711481,0.0065483152866363525,0.0,0.0,0.0,0.0,0.9998606681823731,66
2025-07-01 03:00:00,SACSI Full,0.3017619322510484,0.005812793970108032,0.0,0.0,0.0,0.0,0.9998763889074326,66
2025-07-01 04:00:00,SACSI Full,0.30161495057144994,0.006905496120452881,0.0,0.0,0.0,0.0,0.9998509630560876,66
2025-07-01 05:00:00,SACSI Full,0.30146895038166877,0.0071999430656433105,0.0,0.0,0.0,0.0,0.9998530566692352,66
2025-07-01 06:00:00,SACSI Full,0.3013001407190088,0.008857101202011108,0.0,0.0,0.0,0.0,0.9998062863945961,66
2025-07-01 07:00:00,SACSI Full,0.3009400236205184,0.01096487045288086,0.0,0.0,0.0,0.0,0.9997596248984337,66
2025-07-01 08:00:00,SACSI Full,0.30025889381288723,0.025161057710647583,0.0,0.0,0.0,0.0,0.9993548169732094,66
2025-07-01 09:00:00,SACSI Full,0.29925399209776754,0.03852948546409607,0.0,0.0,0.0,0.0,0.9990957260131836,66
2025-07-01 10:00:00,SACSI Full,0.2980690228927059,0.044009238481521606,0.0,0.0,0.0,0.0,0.9990650177001953,66
2025-07-01 11:00:00,SACSI Full,0.29665836526512335,0.052802711725234985,0.0,0.0,0.0,0.0,0.9988560110330581,66
2025-07-01 12:00:00,SACSI Full,0.2964838989293499,0.030160099267959595,0.0,0.0,0.0,0.0,0.999170371890068,66
2025-07-01 13:00:00,SACSI Full,0.2952265384272658,0.005291849374771118,0.0,0.0,0.0,0.0,0.9996454805135727,66
2025-07-01 14:00:00,SACSI Full,0.2938574246116403,0.005765855312347412,0.0,0.0,0.0,0.0,0.9998799428343773,66
2025-07-01 15:00:00,SACSI Full,0.2940685587592844,0.0033402442932128906,0.0,0.0,0.0,0.0,0.9999089390039444,66
2025-07-01 16:00:00,SACSI Full,0.29329295234401265,0.00531807541847229,0.0,0.0,0.0,0.0,0.999873860180378,66
2025-07-01 17:00:00,SACSI Full,0.2930911975514813,0.009473562240600586,0.0,0.0,0.0,0.0,0.9997689738869666,66
2025-07-01 18:00:00,SACSI Full,0.2931133760559482,0.00865355134010315,0.0,0.0,0.0,0.0,0.999818728864193,66
2025-07-01 19:00:00,SACSI Full,0.2938767392535928,0.0055089592933654785,0.0,0.0,0.0,0.0,0.9998583748936654,66
2025-07-01 20:00:00,SACSI Full,0.29772529864985975,0.005567818880081177,0.0,0.0,0.0,0.0,0.9998880550265312,66
2025-07-01 21:00:00,SACSI Full,0.30327144886135293,0.0063450634479522705,0.0,0.0,0.0,0.0,0.9998653262853622,66
2025-07-01 22:00:00,SACSI Full,0.30547395214914513,0.003250986337661743,0.0,0.0,0.0,0.0,0.9999040395021439,66
2025-07-01 23:00:00,SACSI Full,0.3103239569580479,0.0060014426708221436,0.0,0.0,0.0,0.0,0.999852466583252,66
2025-07-02 00:00:00,SACSI Full,0.31748660606264306,0.008294731378555298,0.0,0.0,0.0,0.0,0.9998111724853516,66
2025-07-02 01:00:00,SACSI Full,0.31726902314384015,0.0027251243591308594,0.0,0.0,0.0,0.0,0.9998898014426231,66
2025-07-02 02:00:00,SACSI Full,0.3174135598870042,0.00286102294921875,0.0,0.0,0.0,0.0,0.9999414205551147,66
2025-07-02 03:00:00,SACSI Full,0.3222607051630738,0.005143582820892334,0.0,0.0,0.0,0.0,-0.2261962135625152,66
2025-07-02 04:00:00,SACSI Full,0.3274646036962591,0.003669559955596924,0.0,0.0,0.0,0.0,-0.746548501053677,66
2025-07-02 05:00:00,SACSI Full,0.35034627079235814,0.01004248857498169,0.0,0.011542359745271825,0.0,0.0,-3.034891658293507,66
2025-07-02 06:00:00,SACSI Full,0.3528480733355341,0.004976540803909302,0.0,0.09493577785113559,0.0,0.0,-3.2849575238471966,66
2025-07-02 07:00:00,SACSI Full,0.3628766366427354,0.014290213584899902,0.0,0.4292212214245126,0.0,0.0,-4.288042605273047,66
2025-07-02 08:00:00,SACSI Full,0.36647204201804506,0.012689679861068726,0.0,0.5490680672681691,0.0,0.0,-4.647474000738966,66
2025-07-02 09:00:00,SACSI Full,0.3668645701997302,0.007410794496536255,0.0,0.5621523399910061,0.0,0.0,-4.686658024716594,66
2025-07-02 10:00:00,SACSI Full,0.36708783054526045,0.006572455167770386,0.0,0.5695943515086824,0.0,0.0,-4.708922887022688,66
2025-07-02 11:00:00,SACSI Full,0.3717891419147437,0.01519814133644104,0.0,0.7263047304914579,0.0,0.0,-5.1793044111627875,66
2025-07-02 12:00:00,SACSI Full,0.3778855859266804,0.011452734470367432,0.0,0.9295195308893484,0.0,0.0,-5.78882510142611,66
2025-07-02 13:00:00,SACSI Full,0.38351609099725664,0.016854554414749146,0.0,1.1172030332418885,0.0,0.0,-6.352000209013403,66
2025-07-02 14:00:00,SACSI Full,0.38554324826067493,0.011922121047973633,0.0,1.1847749420224971,0.0,0.0,-6.554612592822121,66
2025-07-02 15:00:00,SACSI Full,0.38675661918818177,0.01673191785812378,0.0,1.22522063960606,0.0,0.0,-6.676044655143441,66
2025-07-02 16:00:00,SACSI Full,0.3848041272203257,0.010389983654022217,0.0,1.1601375740108566,0.0,0.0,-6.48068394104769,66
2025-07-02 17:00:00,SACSI Full,0.3824653391802427,0.008041560649871826,0.0,1.082177972674758,0.0,0.0,-6.246718233467311,66
2025-07-02 18:00:00,SACSI Full,0.3792815141002045,0.0059029459953308105,0.0,0.9760504700068154,0.0,0.0,-5.928290855086901,66
2025-07-02 19:00:00,SACSI Full,0.3764398710076546,0.005336105823516846,0.0,0.8813290335884858,0.0,0.0,-5.6440994912836455,66
2025-07-02 20:00:00,SACSI Full,0.37363251916532536,0.005045086145401001,0.0,0.7877506388441774,0.0,0.0,-5.363355728452224,66
2025-07-02 21:00:00,SACSI Full,0.37110578180782333,0.005004853010177612,0.0,0.7035260602607778,0.0,0.0,-5.110678680173888,66
2025-07-02 22:00:00,SACSI Full,0.3688071694762021,0.00532194972038269,0.0,0.6269056492067379,0.0,0.0,-4.880826557581721,66
2025-07-02 23:00:00,SACSI Full,0.36666153616295843,0.005194544792175293,0.0,0.5553845387652814,0.0,0.0,-4.666258781240968,66
2025-07-03 00:00:00,SACSI Full,0.3646809673240178,0.005694925785064697,0.0,0.48936557746725956,0.0,0.0,-4.468215634727408,66
2025-07-03 01:00:00,SACSI Full,0.3638274476051086,0.006859004497528076,0.0,0.4609149201702863,0.0,0.0,-4.382893581387934,66
2025-07-03 02:00:00,SACSI Full,0.3622334351603765,0.006077438592910767,0.0,0.4077811720125496,0.0,0.0,-4.223472880468552,66
2025-07-03 03:00:00,SACSI Full,0.36195131261997626,0.007240325212478638,0.0,0.3983770873325426,0.0,0.0,-4.19528769736807,66
2025-07-03 04:00:00,SACSI Full,0.36046636714827895,0.005395263433456421,0.0,0.3488789049426331,0.0,0.0,-4.046763070714354,66
2025-07-03 05:00:00,SACSI Full,0.3592072204394211,0.00566333532333374,0.0,0.3069073479807031,0.0,0.0,-3.9208379913674754,66
2025-07-03 06:00:00,SACSI Full,0.3592558546414736,0.008118748664855957,0.0,0.30852848804912014,0.0,0.0,-3.9257723932540705,66
2025-07-03 07:00:00,SACSI Full,0.3583442865032044,0.0066724419593811035,0.0,0.2781428834401453,0.0,0.0,-3.8345765622266796,66
2025-07-03 08:00:00,SACSI Full,0.3572731926412064,0.00811159610748291,0.0,0.24243975470687928,0.0,0.0,-3.7274958875842685,66
2025-07-03 09:00:00,SACSI Full,0.3558281877830039,0.007271468639373779,0.0,0.194272926100129,0.0,0.0,-3.582972608947858,66
2025-07-03 10:00:00,SACSI Full,0.3573944781131515,0.013869702816009521,0.0,0.24648260377171738,0.0,0.0,-3.739791187713236,66
2025-07-03 11:00:00,SACSI Full,0.3578214706750186,0.009813457727432251,0.0,0.2607156891672872,0.0,0.0,-3.7823838991072964,66
2025-07-03 12:00:00,SACSI Full,0.3576978013623481,0.006492584943771362,0.0,0.25659337874493676,0.0,0.0,-3.769943196661519,66
2025-07-03 13:00:00,SACSI Full,0.3616768072688036,0.020928680896759033,0.0,0.3892269089601186,-1.4210854715202004e-14,0.0,-4.168243661457822,66
2025-07-03 14:00:00,SACSI Full,0.3609677817357289,0.005885064601898193,0.0,0.3655927245242964,0.0,0.0,-4.097046311027877,66
2025-07-03 15:00:00,SACSI Full,0.35972751745909815,0.005171298980712891,0.0,0.3242505819699375,0.0,0.0,-3.97286230954564,66
2025-07-03 16:00:00,SACSI Full,0.3583370344199869,0.005256235599517822,0.0,0.27790114733289645,0.0,0.0,-3.833809416076866,66
2025-07-03 17:00:00,SACSI Full,0.35706108316142554,0.005584061145782471,0.0,0.2353694387141843,0.0,0.0,-3.706223275620932,66
2025-07-03 18:00:00,SACSI Full,0.35611522677981133,0.005083978176116943,0.0,0.20384089266037791,0.0,0.0,-3.6116293583743513,66
2025-07-03 19:00:00,SACSI Full,0.3552343084471518,0.003701448440551758,0.0,0.17447694823839444,0.0,0.0,-3.5235186989813476,66
2025-07-03 20:00:00,SACSI Full,0.3545730727635409,0.005065053701400757,0.0,0.152435758784695,0.0,0.0,-3.4574222134807244,66
2025-07-03 21:00:00,SACSI Full,0.3540290509493278,0.005095154047012329,0.0,0.13430169831092656,0.0,0.0,-3.4030072990171747,66
2025-07-03 22:00:00,SACSI Full,0.35351319862644015,0.004850924015045166,0.0,0.1171066208813386,0.0,0.0,-3.351419323424635,66
2025-07-03 23:00:00,SACSI Full,0.3530485685435546,0.004729926586151123,0.0,0.10161895145181887,0.0,0.0,-3.304952662861471,66
2025-07-04 00:00:00,SACSI Full,0.35260583755990377,0.005041956901550293,0.0,0.08686125199679254,0.0,0.0,-3.260687715431561,66
2025-07-04 01:00:00,SACSI Full,0.35218129495305284,0.004847049713134766,0.0,0.07270983176842663,0.0,0.0,-3.21822838537143,66
2025-07-04 02:00:00,SACSI Full,0.35182516839387235,0.005000978708267212,0.0,0.06083894646241106,0.0,0.0,-3.1826183982513507,66
2025-07-04 03:00:00,SACSI Full,0.35150481631722047,0.00505492091178894,0.0,0.050160543907348656,0.0,0.0,-3.150583269562317,66
2025-07-04 04:00:00,SACSI Full,0.35121627861302485,0.004981309175491333,0.0,0.040542620434162305,0.0,0.0,-3.1217282236033568,66
2025-07-04 05:00:00,SACSI Full,0.35095572609056286,0.004691779613494873,0.0,0.03185753635209494,0.0,0.0,-3.095669339944175,66
2025-07-04 06:00:00,SACSI Full,0.35069675118901655,0.005032569169998169,0.0,0.023225039633885558,0.0,0.0,-3.0697791781806196,66
2025-07-04 07:00:00,SACSI Full,0.35031398272947956,0.0061355531215667725,0.0,0.010466090982653498,1.4210854715202004e-14,0.0,-3.031532013849902,66
2025-07-04 08:00:00,SACSI Full,0.34954401093996057,0.007008463144302368,0.0,0.0,0.0,0.0,-2.9545499923591696,66
2025-07-04 09:00:00,SACSI Full,0.3484380574969102,0.008213967084884644,0.0,0.0,0.0,0.0,-2.843982084072123,66
2025-07-04 10:00:00,SACSI Full,0.3470746697008261,0.00748366117477417,0.0,0.0,0.0,0.0,-2.7076239463652083,66
2025-07-04 11:00:00,SACSI Full,0.34547555533206953,0.004765689373016357,0.0,0.0,0.0,0.0,-2.5476780267124304,66
2025-07-04 12:00:00,SACSI Full,0.34379172408537556,0.004850625991821289,0.0,0.0,0.0,0.0,-2.37927027042358,66
2025-07-04 13:00:00,SACSI Full,0.34210365196820586,0.003578364849090576,0.0,0.0,0.0,0.0,-2.2104494867289946,66
2025-07-04 14:00:00,SACSI Full,0.34058789797501254,0.004273802042007446,0.0,0.0,0.0,0.0,-2.0588822279140224,66
2025-07-04 15:00:00,SACSI Full,0.3393555975178529,0.004309862852096558,0.0,0.0,0.0,0.0,-1.9356463096504302,66
2025-07-04 16:00:00,SACSI Full,0.33840587788538623,0.004084110260009766,0.0,0.0,0.0,0.0,-1.8406717282697433,66
2025-07-04 17:00:00,SACSI Full,0.33774097723202395,0.004529803991317749,0.0,0.0,0.0,0.0,-1.774192776219534,66
2025-07-04 18:00:00,SACSI Full,0.3380252748961895,0.004289299249649048,0.0,0.0,0.0,0.0,-1.802615680651359,66
2025-07-04 19:00:00,SACSI Full,0.3377256106181591,0.0036007165908813477,0.0,0.0,0.0,0.0,-1.7726399619743134,66
2025-07-04 20:00:00,SACSI Full,0.33781794011549643,0.004198849201202393,0.0,0.0,0.0,0.0,-1.7818839698597695,66
2025-07-04 21:00:00,SACSI Full,0.3376054240882048,0.004245191812515259,0.0,0.0,0.0,0.0,-1.7606277760828446,66
2025-07-04 22:00:00,SACSI Full,0.33742121655897783,0.004237741231918335,0.0,0.0,0.0,0.0,-1.7422064852282269,66
2025-07-04 23:00:00,SACSI Full,0.337208268894717,0.004115700721740723,0.0,0.0,0.0,0.0,-1.720910423891236,66
2025-07-05 00:00:00,SACSI Full,0.33699477386113497,0.0039514899253845215,0.0,0.0,0.0,0.0,-1.6995580580199672,66
2025-07-05 01:00:00,SACSI Full,0.336753566375936,0.004137754440307617,0.0,0.0,0.0,0.0,-1.6754412553275555,66
2025-07-05 02:00:00,SACSI Full,0.33645577666398374,0.004163086414337158,0.0,0.0,0.0,0.0,-1.6456611814464004,66
2025-07-05 03:00:00,SACSI Full,0.33615876131570827,0.004395395517349243,0.0,0.0,0.0,0.0,-1.6159663625722032,66
2025-07-05 04:00:00,SACSI Full,0.3358626797735342,0.004675537347793579,0.0,0.0,0.0,0.0,-1.5863642895186776,66
2025-07-05 05:00:00,SACSI Full,0.33556557452158614,0.004368424415588379,0.0,0.0,0.0,0.0,-1.5566478917762472,66
2025-07-05 06:00:00,SACSI Full,0.3352686441099294,0.004420876502990723,0.0,0.0,0.0,0.0,-1.5269533530438735,66
2025-07-05 07:00:00,SACSI Full,0.3348317412936338,0.004929155111312866,0.0,0.0,0.0,0.0,-1.4832777952516887,66
2025-07-05 08:00:00,SACSI Full,0.3340573677010982,0.005687922239303589,0.0,0.0,0.0,0.0,-1.4058581162258827,66
2025-07-05 09:00:00,SACSI Full,0.33294183926856996,0.005341470241546631,0.0,0.0,0.0,0.0,-1.294294220781804,66
2025-07-05 10:00:00,SACSI Full,0.3316283097986031,0.005441159009933472,0.0,0.0,0.0,0.0,-1.1629407999281902,66
2025-07-05 11:00:00,SACSI Full,0.33005646432356517,0.004446357488632202,0.0,0.0,0.0,0.0,-1.0057453075215017,66
2025-07-05 12:00:00,SACSI Full,0.3284237748896726,0.0031931698322296143,0.0,0.0,0.0,0.0,-0.8424538842404694,66
2025-07-05 13:00:00,SACSI Full,0.3267613538968214,0.0027737021446228027,0.0,0.0,0.0,0.0,-0.6761950584019105,66
2025-07-05 14:00:00,SACSI Full,0.3252139346706518,0.0032742321491241455,0.0,0.0,0.0,0.0,-0.5214639570082062,66
2025-07-05 15:00:00,SACSI Full,0.3238939693891653,0.003510415554046631,0.0,0.0,0.0,0.0,-0.389469509061661,66
2025-07-05 16:00:00,SACSI Full,0.3228833968571473,0.002828240394592285,0.0,0.0,0.0,0.0,-0.2884030722742144,66
2025-07-05 17:00:00,SACSI Full,0.3222124721610197,0.0027225911617279053,0.0,0.0,0.0,0.0,-0.22130272441753504,66
2025-07-05 18:00:00,SACSI Full,0.32321774827834454,0.0035828351974487305,0.0,0.0,0.0,0.0,-0.32185508697875964,66
2025-07-05 19:00:00,SACSI Full,0.3236113226830611,0.0030723214149475098,0.0,0.0,0.0,0.0,-0.361198819872232,66
2025-07-05 20:00:00,SACSI Full,0.32342149592594793,0.0025519728660583496,0.0,0.0,0.0,0.0,-0.34220583553760264,66
2025-07-05 21:00:00,SACSI Full,0.3238716783860971,0.0030547380447387695,0.0,0.0,0.0,0.0,-0.3872339610223904,66
2025-07-05 22:00:00,SACSI Full,0.32440669941699996,0.0030063092708587646,0.0,0.0,0.0,0.0,-0.4407305521731508,66
2025-07-05 23:00:00,SACSI Full,0.3242764331320573,0.003420114517211914,0.0,0.0,0.0,0.0,-0.42771585354853553,66
2025-07-06 00:00:00,SACSI Full,0.32742954201655083,0.0054326653480529785,0.0,0.0,0.0,0.0,-0.7430829804703523,66
2025-07-06 01:00:00,SACSI Full,0.3292186278640875,0.004725754261016846,0.0,0.0,0.0,0.0,-0.9219643706048409,66
2025-07-06 02:00:00,SACSI Full,0.33301881209648143,0.008055269718170166,0.0,0.0,0.0,0.0,-1.3020756101970774,66
2025-07-06 03:00:00,SACSI Full,0.3328070808636794,0.004480630159378052,0.0,0.0,0.0,0.0,-1.2808334453667132,66
2025-07-06 04:00:00,SACSI Full,0.3339308277380118,0.0051240622997283936,0.0,0.0,0.0,0.0,-1.3931916893685778,66
2025-07-06 05:00:00,SACSI Full,0.3337477586575001,0.004579275846481323,0.0,0.0,0.0,0.0,-1.374872899131473,66
2025-07-06 06:00:00,SACSI Full,0.3335059511522104,0.0039577484130859375,0.0,0.0,0.0,0.0,-1.3506804854636327,66
2025-07-06 07:00:00,SACSI Full,0.33312468135869994,0.0046190619468688965,0.0,0.0,0.0,0.0,-1.312567130244268,66
2025-07-06 08:00:00,SACSI Full,0.33257958908991514,0.0064723193645477295,0.0,0.0,0.0,0.0,-1.258106887952981,66
2025-07-06 09:00:00,SACSI Full,0.3316962710527231,0.007004588842391968,0.0,0.0,0.0,0.0,-1.1697725197439348,66
2025-07-06 10:00:00,SACSI Full,0.3304482416577786,0.008091181516647339,0.0,0.0,0.0,0.0,-1.0449968553349334,66
2025-07-06 11:00:00,SACSI Full,0.3289640441190848,0.005240738391876221,0.0,0.0,0.0,0.0,-0.8965377311075654,66
2025-07-06 12:00:00,SACSI Full,0.3275296448051581,0.003180205821990967,0.0,0.0,0.0,0.0,-0.7530486899579495,66
2025-07-06 13:00:00,SACSI Full,0.33097445424513516,0.007442831993103027,0.0,0.0,0.0,0.0,-1.0976369074150887,66
2025-07-06 14:00:00,SACSI Full,0.33047208623604474,0.004289597272872925,0.0,0.0,0.0,0.0,-1.0473259478971328,66
2025-07-06 15:00:00,SACSI Full,0.3293510284793029,0.0036826729774475098,0.0,0.0,0.0,0.0,-0.9351825706327945,66
2025-07-06 16:00:00,SACSI Full,0.32842817739602426,0.0036446750164031982,0.0,0.0,0.0,0.0,-0.8428910130823635,66
2025-07-06 17:00:00,SACSI Full,0.3278167913170308,0.0035841763019561768,0.0,0.0,0.0,0.0,-0.7817514202162616,66
2025-07-06 18:00:00,SACSI Full,0.3275150920370866,0.002990216016769409,0.0,0.0,0.0,0.0,-0.7515749476318485,66
2025-07-06 19:00:00,SACSI Full,0.3272427021165341,0.0032830238342285156,0.0,0.0,0.0,0.0,-0.7243388002082697,66
2025-07-06 20:00:00,SACSI Full,0.3270257316354563,0.002908855676651001,0.0,0.0,0.0,0.0,-0.7026350823407367,66
2025-07-06 21:00:00,SACSI Full,0.3268098509259671,0.0032357871532440186,0.0,0.0,0.0,0.0,-0.6810530776545395,66
2025-07-06 22:00:00,SACSI Full,0.32656625726815564,0.0034219026565551758,0.0,0.0,0.0,0.0,-0.656696026023727,66
2025-07-06 23:00:00,SACSI Full,0.32632419097936655,0.003880113363265991,0.0,0.0,0.0,0.0,-0.6325012823109863,66
2025-07-07 00:00:00,SACSI Full,0.32675285291708017,0.005098581314086914,0.0,0.0,0.0,0.0,-0.6753994480138066,66
2025-07-07 01:00:00,SACSI Full,0.3264846338315458,0.004534274339675903,0.0,0.0,0.0,0.0,-0.648559711711117,66
2025-07-07 02:00:00,SACSI Full,0.3262428496714086,0.003964751958847046,0.0,0.0,0.0,0.0,-0.6243699574038443,66
2025-07-07 03:00:00,SACSI Full,0.3260288082619161,0.0037875771522521973,0.0,0.0,0.0,0.0,-0.6029583494827206,66
2025-07-07 04:00:00,SACSI Full,0.32648352713223805,0.004415661096572876,0.0,0.0,0.0,0.0,-0.648447307285179,66
2025-07-07 05:00:00,SACSI Full,0.3262994378188899,0.004273205995559692,0.0,0.0,0.0,0.0,-0.6300306705599132,66
2025-07-07 06:00:00,SACSI Full,0.32775667448874823,0.005171000957489014,0.0,0.0,0.0,0.0,-0.7757798468435918,66
2025-07-07 07:00:00,SACSI Full,0.32743044614192357,0.004131495952606201,0.0,0.0,0.0,0.0,-0.7431376391614574,66
2025-07-07 08:00:00,SACSI Full,0.32673978459235536,0.005301535129547119,0.0,0.0,0.0,0.0,-0.6740961903298962,66
2025-07-07 09:00:00,SACSI Full,0.3257083303010117,0.0050637125968933105,0.0,0.0,0.0,0.0,-0.5709366825784343,66
2025-07-07 10:00:00,SACSI Full,0.32436836391882606,0.006010085344314575,0.0,0.0,0.0,0.0,-0.43696605731696625,66
2025-07-07 11:00:00,SACSI Full,0.3230470451151978,0.0031043589115142822,0.0,0.0,0.0,0.0,-0.30479565596233493,66
2025-07-07 12:00:00,SACSI Full,0.32324936881578475,0.0026971101760864258,0.0,0.0,0.0,0.0,-0.3249948962693508,66
2025-07-07 13:00:00,SACSI Full,0.32284200097040844,0.0027896463871002197,0.0,0.0,0.0,0.0,-0.2842568153306953,66
2025-07-07 14:00:00,SACSI Full,0.3237209660621137,0.0036895275115966797,0.0,0.0,0.0,0.0,-0.3721793955728464,66
2025-07-07 15:00:00,SACSI Full,0.32365412224090606,0.0029468536376953125,0.0,0.0,0.0,0.0,-0.36547858790209836,66
2025-07-07 16:00:00,SACSI Full,0.32303516797499365,0.003313720226287842,0.0,0.0,0.0,0.0,-0.30358674056977636,66
2025-07-07 17:00:00,SACSI Full,0.32409135455326743,0.003855973482131958,0.0,0.0,0.0,0.0,-0.4092179973289434,66
2025-07-07 18:00:00,SACSI Full,0.3291626989765615,0.006403326988220215,0.0,0.0,0.0,0.0,-0.916423437730972,66
2025-07-07 19:00:00,SACSI Full,0.3296135852682244,0.003265887498855591,0.0,0.0,0.0,0.0,-0.9614552189673075,66
2025-07-07 20:00:00,SACSI Full,0.3330180111952276,0.006327778100967407,0.0,0.0,0.0,0.0,-1.3019582939908012,66
2025-07-07 21:00:00,SACSI Full,0.3344165009963166,0.004546940326690674,0.0,0.0,0.0,0.0,-1.4417588468159348,66
2025-07-07 22:00:00,SACSI Full,0.3342320331934741,0.004159659147262573,0.0,0.0,0.0,0.0,-1.42329038534215,66
2025-07-07 23:00:00,SACSI Full,0.33471528755621627,0.004476308822631836,0.0,0.0,0.0,0.0,-1.4716214482948324,66
2025-07-08 00:00:00,SACSI Full,0.33985318059957537,0.009367913007736206,0.0,0.0,0.0,0.0,-1.9855543342595419,66
2025-07-08 01:00:00,SACSI Full,0.34504925377087303,0.009821951389312744,0.0,0.0,0.0,0.0,-2.505126356498905,66
2025-07-08 02:00:00,SACSI Full,0.34658973409053195,0.0046440958976745605,0.0,0.0,0.0,0.0,-2.6591180695260643,66
2025-07-08 03:00:00,SACSI Full,0.347157301509743,0.004270225763320923,0.0,0.0,0.0,0.0,-2.7158192941909096,66
2025-07-08 04:00:00,SACSI Full,0.34739133095300695,0.0042088329792022705,0.0,0.0,0.0,0.0,-2.7392178858881193,66
2025-07-08 05:00:00,SACSI Full,0.3472909362979382,0.003881603479385376,0.0,0.0,0.0,0.0,-2.7291745341584077,66
2025-07-08 06:00:00,SACSI Full,0.3471635975944648,0.004298388957977295,0.0,0.0,0.0,0.0,-2.716449895080425,66
2025-07-08 07:00:00,SACSI Full,0.3468418048266222,0.005462169647216797,0.0,0.0,0.0,0.0,-2.6843013638620548,66
2025-07-08 08:00:00,SACSI Full,0.34632678535338735,0.006994158029556274,0.0,0.0,0.0,0.0,-2.632833738383148,66
2025-07-08 09:00:00,SACSI Full,0.3452772253890484,0.008132010698318481,0.0,0.0,0.0,0.0,-2.5278965576454957,66
2025-07-08 10:00:00,SACSI Full,0.34393872627453503,0.006450265645980835,0.0,0.0,0.0,0.0,-2.3940184502169455,66
2025-07-08 11:00:00,SACSI Full,0.3423464411079536,0.006814450025558472,0.0,0.0,0.0,0.0,-2.2347840416396654,66
2025-07-08 12:00:00,SACSI Full,0.34066422862407064,0.005336254835128784,0.0,0.0,0.0,0.0,-2.06654436945567,66
2025-07-08 13:00:00,SACSI Full,0.33897892414924,0.004408657550811768,0.0,0.0,0.0,0.0,-1.8979898640478612,66
2025-07-08 14:00:00,SACSI Full,0.3374321988204767,0.0034824013710021973,0.0,0.0,0.0,0.0,-1.7432987926368877,66
2025-07-08 15:00:00,SACSI Full,0.33614289046005896,0.004207491874694824,0.0,0.0,0.0,0.0,-1.6143804467484264,66
2025-07-08 16:00:00,SACSI Full,0.33549944388346364,0.004466027021408081,0.0,0.0,0.0,0.0,-1.550036294238259,66
2025-07-08 17:00:00,SACSI Full,0.33561502255078646,0.004673600196838379,0.0,0.0,0.0,0.0,-1.561597802814336,66
2025-07-08 18:00:00,SACSI Full,0.3352863906466612,0.003410428762435913,0.0,0.0,0.0,0.0,-1.5287199049557136,66
2025-07-08 19:00:00,SACSI Full,0.3350438619251698,0.0037413835525512695,0.0,0.0,0.0,0.0,-1.5044643297359286,66
2025-07-08 20:00:00,SACSI Full,0.3348301488379289,0.0038860738277435303,0.0,0.0,0.0,0.0,-1.4830940521721947,66
2025-07-08 21:00:00,SACSI Full,0.3346168206973522,0.00400155782699585,0.0,0.0,0.0,0.0,-1.461763255731753,66
2025-07-08 22:00:00,SACSI Full,0.3344051033723006,0.004484802484512329,0.0,0.0,0.0,0.0,-1.4406048657263264,66
2025-07-08 23:00:00,SACSI Full,0.3341921884905944,0.004125535488128662,0.0,0.0,0.0,0.0,-1.4193049524391657,66
2025-07-09 00:00:00,SACSI Full,0.3339795999443183,0.004223436117172241,0.0,0.0,0.0,0.0,-1.3980454421604638,66
2025-07-09 01:00:00,SACSI Full,0.3337393729555259,0.00443190336227417,0.0,0.0,0.0,0.0,-1.3740280182922875,66
2025-07-09 02:00:00,SACSI Full,0.333526296147868,0.004076957702636719,0.0,0.0,0.0,0.0,-1.352714703397448,66
2025-07-09 03:00:00,SACSI Full,0.3333135496492833,0.004176050424575806,0.0,0.0,0.0,0.0,-1.3314394768640383,66
2025-07-09 04:00:00,SACSI Full,0.3331003864148905,0.004051029682159424,0.0,0.0,0.0,0.0,-1.310120912290115,66
2025-07-09 05:00:00,SACSI Full,0.33288674087958037,0.003906339406967163,0.0,0.0,0.0,0.0,-1.2887536616489272,66
2025-07-09 06:00:00,SACSI Full,0.3326457693294337,0.0042085349559783936,0.0,0.0,0.0,0.0,-1.2646641255979771,66
2025-07-09 07:00:00,SACSI Full,0.33226467785315217,0.00467255711555481,0.0,0.0,0.0,0.0,-1.2265658766791232,66
2025-07-09 08:00:00,SACSI Full,0.33151239622549716,0.012315511703491211,0.0,0.0,0.0,0.0,-1.1515623623296647,66
2025-07-09 09:00:00,SACSI Full,0.3304324900122136,0.016028136014938354,0.0,0.0,0.0,0.0,-1.0436066901847711,66
2025-07-09 10:00:00,SACSI Full,0.32922878836032254,0.012889504432678223,0.0,0.0,0.0,0.0,-0.9231680124367299,66
2025-07-09 11:00:00,SACSI Full,0.3278610859159281,0.014689266681671143,0.0,0.0,0.0,0.0,-0.7864203745489334,66
2025-07-09 12:00:00,SACSI Full,0.3261996670090805,0.011574327945709229,0.0,0.0,0.0,0.0,-0.6202293368543216,66
2025-07-09 13:00:00,SACSI Full,0.32507336614327137,0.004109740257263184,0.0,0.0,0.0,0.0,-0.507493455009166,66
2025-07-09 14:00:00,SACSI Full,0.32511545843558015,0.003627687692642212,0.0,0.0,0.0,0.0,-0.5116232178375135,66
2025-07-09 15:00:00,SACSI Full,0.32446359170949957,0.0019399821758270264,0.0,0.0,0.0,0.0,-0.44641484764864064,66
2025-07-09 16:00:00,SACSI Full,0.32780368344184263,0.006027519702911377,0.0,0.0,0.0,0.0,-0.7805297699535915,66
2025-07-09 17:00:00,SACSI Full,0.3283316409384857,0.002887248992919922,0.0,0.0,0.0,0.0,-0.833253241535529,66
2025-07-09 18:00:00,SACSI Full,0.32800171611027423,0.0030225515365600586,0.0,0.0,0.0,0.0,-0.8002334150835901,66
2025-07-09 19:00:00,SACSI Full,0.3277560576482267,0.0028024613857269287,0.0,0.0,0.0,0.0,-0.7756640149518906,66
2025-07-09 20:00:00,SACSI Full,0.3275678268054774,0.003030747175216675,0.0,0.0,0.0,0.0,-0.7568455783491399,66
2025-07-09 21:00:00,SACSI Full,0.3274084230212023,0.0031788647174835205,0.0,0.0,0.0,0.0,-0.7409073605900038,66
2025-07-09 22:00:00,SACSI Full,0.3272779307353149,0.0033523142337799072,0.0,0.0,0.0,0.0,-0.7278618543113293,66
2025-07-09 23:00:00,SACSI Full,0.32742529422875744,0.00370904803276062,0.0,0.0,0.0,0.0,-0.7426071711743879,66
2025-07-10 00:00:00,SACSI Full,0.32723926826115945,0.0036922097206115723,0.0,0.0,0.0,0.0,-0.7240008386934785,66
2025-07-10 01:00:00,SACSI Full,0.32708053304231666,0.00337943434715271,0.0,0.0,0.0,0.0,-0.7081240206723426,66
2025-07-10 02:00:00,SACSI Full,0.326950666108494,0.0035399198532104492,0.0,0.0,0.0,0.0,-0.6951390141015235,66
2025-07-10 03:00:00,SACSI Full,0.326821493568783,0.0037482380867004395,0.0,0.0,0.0,0.0,-0.6822264048223665,66
2025-07-10 04:00:00,SACSI Full,0.3266921591031203,0.003699660301208496,0.0,0.0,0.0,0.0,-0.6692903892959112,66
2025-07-10 05:00:00,SACSI Full,0.3265622837253063,0.003537386655807495,0.0,0.0,0.0,0.0,-0.6563007430002018,66
2025-07-10 06:00:00,SACSI Full,0.3263768875801215,0.0038811564445495605,0.0,0.0,0.0,0.0,-0.6377698188389289,66
2025-07-10 07:00:00,SACSI Full,0.3260255311397363,0.00509306788444519,0.0,0.0,0.0,0.0,-0.6026670944457184,66
2025-07-10 08:00:00,SACSI Full,0.3269751813010026,0.005895048379898071,0.0,0.0,0.0,0.0,-0.6976440508728134,66
2025-07-10 09:00:00,SACSI Full,0.3276747920588304,0.007383227348327637,0.0,0.0,0.0,0.0,-0.767641752219688,66
2025-07-10 10:00:00,SACSI Full,0.32650706085082387,0.00668063759803772,0.0,0.0,0.0,0.0,-0.6508467237318502,66
2025-07-10 11:00:00,SACSI Full,0.32510915673292173,0.005628764629364014,0.0,0.0,0.0,0.0,-0.5110387673144466,66
2025-07-10 12:00:00,SACSI Full,0.32522632099108395,0.002649277448654175,0.0,0.0,0.0,0.0,-0.5227148795291745,66
2025-07-10 13:00:00,SACSI Full,0.330807085482642,0.005729347467422485,0.0,0.0,0.0,0.0,-1.0808539359137337,66
2025-07-10 14:00:00,SACSI Full,0.32988249841408424,0.0031238794326782227,0.0,0.0,0.0,0.0,-0.9883383736774238,66
2025-07-10 15:00:00,SACSI Full,0.32884481345054,0.0031945109367370605,0.0,0.0,0.0,0.0,-0.8845459415877754,66
2025-07-10 16:00:00,SACSI Full,0.3280925256311545,0.0038136541843414307,0.0,0.0,0.0,0.0,-0.8093350276316108,66
2025-07-10 17:00:00,SACSI Full,0.3275935544772594,0.0033086538314819336,0.0,0.0,0.0,0.0,-0.7594266708060983,66
2025-07-10 18:00:00,SACSI Full,0.32723586355325074,0.003192722797393799,0.0,0.0,0.0,0.0,-0.723651369091362,66
2025-07-10 19:00:00,SACSI Full,0.3269339223777899,0.002917647361755371,0.0,0.0,0.0,0.0,-0.6934533414805807,66
2025-07-10 20:00:00,SACSI Full,0.326771720652148,0.002339482307434082,0.0,0.0,0.0,0.0,-0.6772246365114902,66
2025-07-10 21:00:00,SACSI Full,0.3266392812811979,0.002768188714981079,0.0,0.0,0.0,0.0,-0.6639877789581646,66
2025-07-10 22:00:00,SACSI Full,0.32639464950915664,0.0031104683876037598,0.0,0.0,0.0,0.0,-0.6395305830801419,66
2025-07-10 23:00:00,SACSI Full,0.32617893420255667,0.0032854080200195312,0.0,0.0,0.0,0.0,-0.6179608778123908,66
2025-07-11 00:00:00,SACSI Full,0.3259925853764662,0.0035953521728515625,0.0,0.0,0.0,0.0,-0.599333544131604,66
2025-07-11 01:00:00,SACSI Full,0.3258057413351187,0.0034467875957489014,0.0,0.0,0.0,0.0,-0.5806445549095547,66
2025-07-11 02:00:00,SACSI Full,0.3256478937287776,0.0036457180976867676,0.0,0.0,0.0,0.0,-0.564864276544734,66
2025-07-11 03:00:00,SACSI Full,0.32543290609554937,0.0035037100315093994,0.0,0.0,0.0,0.0,-0.5433621038362281,66
2025-07-11 04:00:00,SACSI Full,0.3252177441187351,0.003451406955718994,0.0,0.0,0.0,0.0,-0.5218439630433824,66
2025-07-11 05:00:00,SACSI Full,0.32503130886590964,0.0035694241523742676,0.0,0.0,0.0,0.0,-0.5032034552459774,66
2025-07-11 06:00:00,SACSI Full,0.32478842947042474,0.003636181354522705,0.0,0.0,0.0,0.0,-0.4789163382415857,66
2025-07-11 07:00:00,SACSI Full,0.3244349242825954,0.004448443651199341,0.0,0.0,0.0,0.0,-0.4435895197555306,66
2025-07-11 08:00:00,SACSI Full,0.32374430296616247,0.005313605070114136,0.0,0.0,0.0,0.0,-0.3745452203318375,66
2025-07-11 09:00:00,SACSI Full,0.3226870525125314,0.005824863910675049,0.0,0.0,0.0,0.0,-0.2688268611197565,66
2025-07-11 10:00:00,SACSI Full,0.32148146016872414,0.0038222968578338623,0.0,0.0,0.0,0.0,-0.14824248848009866,66
2025-07-11 11:00:00,SACSI Full,0.3221589522524326,0.0027476251125335693,0.0,0.0,0.0,0.0,-0.21596092446296034,66
2025-07-11 12:00:00,SACSI Full,0.32144576583660134,0.0025440752506256104,0.0,0.0,0.0,0.0,-0.14462950066376473,66
2025-07-11 13:00:00,SACSI Full,0.3216841783153662,0.0030237436294555664,0.0,0.0,0.0,0.0,-0.1684831030929988,66
2025-07-11 14:00:00,SACSI Full,0.32058596927122757,0.0020372867584228516,0.0,0.0,0.0,0.0,-0.058647537426634776,66
2025-07-11 15:00:00,SACSI Full,0.3220554581669618,0.004346668720245361,0.0,0.0,0.0,0.0,-0.20565584389020192,66
2025-07-11 16:00:00,SACSI Full,0.3219102641244381,0.0029417872428894043,0.0,0.0,0.0,0.0,-0.19109929700343795,66
2025-07-11 17:00:00,SACSI Full,0.3216867963532258,0.0029596686363220215,0.0,0.0,0.0,0.0,-0.168739007509238,66
2025-07-11 18:00:00,SACSI Full,0.321688153961862,0.002407282590866089,0.0,0.0,0.0,0.0,-0.16886906569847232,66
2025-07-11 19:00:00,SACSI Full,0.32138408937093105,0.002280622720718384,0.0,0.0,0.0,0.0,-0.13845581614621993,66
2025-07-11 20:00:00,SACSI Full,0.32116593722777054,0.0025543570518493652,0.0,0.0,0.0,0.0,-0.11664754726140135,66
2025-07-11 21:00:00,SACSI Full,0.3212830600392469,0.00313684344291687,0.0,0.0,0.0,0.0,-0.1283745656574576,66
2025-07-11 22:00:00,SACSI Full,0.3210955747512627,0.003254413604736328,0.0,0.0,0.0,0.0,-0.1096237390999836,66
2025-07-11 23:00:00,SACSI Full,0.3209091578765361,0.003574937582015991,0.0,0.0,0.0,0.0,-0.09099049164502464,66
2025-07-12 00:00:00,SACSI Full,0.32072245142257694,0.0034880638122558594,0.0,0.0,0.0,0.0,-0.07231577227163578,66
2025-07-12 01:00:00,SACSI Full,0.3205364368792026,0.0036956369876861572,0.0,0.0,0.0,0.0,-0.053719676391765336,66
2025-07-12 02:00:00,SACSI Full,0.3203504412106324,0.0037012994289398193,0.0,0.0,0.0,0.0,-0.03511820367622928,66
2025-07-12 03:00:00,SACSI Full,0.3201920869648107,0.0034937262535095215,0.0,0.0,0.0,0.0,-0.019280646737895646,66
2025-07-12 04:00:00,SACSI Full,0.32000614196018856,0.003716498613357544,0.0,0.0,0.0,0.0,-0.0006907537147211151,66
2025-07-12 05:00:00,SACSI Full,0.31982020241932557,0.003718137741088867,0.0,0.0,0.0,0.0,0.9999256208539009,66
2025-07-12 06:00:00,SACSI Full,0.3219436184878795,0.005024820566177368,0.0,0.0,0.0,0.0,-0.19447541202752391,66
2025-07-12 07:00:00,SACSI Full,0.3236511152112134,0.005749017000198364,0.0,0.0,0.0,0.0,-0.365233743425686,66
2025-07-12 08:00:00,SACSI Full,0.3229905731475004,0.005837380886077881,0.0,0.0,0.0,0.0,-0.2991749460066201,66
2025-07-12 09:00:00,SACSI Full,0.3219851772788811,0.004381239414215088,0.0,0.0,0.0,0.0,-0.19861991409111188,66
2025-07-12 10:00:00,SACSI Full,0.3213625147235044,0.004201233386993408,0.0,0.0,0.0,0.0,-0.13633729707845255,66
2025-07-12 11:00:00,SACSI Full,0.31995712624904,0.003383457660675049,0.0,0.0,0.0,0.0,0.9999241530895233,66
2025-07-12 12:00:00,SACSI Full,0.32049385964350385,0.0030200183391571045,0.0,0.0,0.0,0.0,-0.04944999911038299,66
2025-07-12 13:00:00,SACSI Full,0.3215032769008128,0.0023251771926879883,0.0,0.0,0.0,0.0,-0.15038114203659958,66
2025-07-12 14:00:00,SACSI Full,0.3388342489699174,0.01379162073135376,0.0,0.0,0.0,0.0,-1.8838153938417503,66
2025-07-12 15:00:00,SACSI Full,0.3418666824479549,0.007230043411254883,0.0,0.0,0.0,0.0,-2.186878461436913,66
2025-07-12 16:00:00,SACSI Full,0.3414495518640328,0.004360824823379517,0.0,0.0,0.0,0.0,-2.145071095085626,66
2025-07-12 17:00:00,SACSI Full,0.3420089322014301,0.003814101219177246,0.0,0.0,0.0,0.0,-2.200974969403433,66
2025-07-12 18:00:00,SACSI Full,0.3431309008705267,0.0045906007289886475,0.0,0.0,0.0,0.0,-2.3131896640623495,66
2025-07-12 19:00:00,SACSI Full,0.34324967721419025,0.0036329030990600586,0.0,0.0,0.0,0.0,-2.325049956457305,66
2025-07-12 20:00:00,SACSI Full,0.34312125271277116,0.003972649574279785,0.0,0.0,0.0,0.0,-2.312208121733353,66
2025-07-12 21:00:00,SACSI Full,0.34299334677176163,0.004128217697143555,0.0,0.0,0.0,0.0,-2.299418797211334,66
2025-07-12 22:00:00,SACSI Full,0.3428366376141358,0.003987252712249756,0.0,0.0,0.0,0.0,-2.283744916117673,66
2025-07-12 23:00:00,SACSI Full,0.34268099488294607,0.004307180643081665,0.0,0.0,0.0,0.0,-2.2681888311867757,66
2025-07-13 00:00:00,SACSI Full,0.3424970684889603,0.004322081804275513,0.0,0.0,0.0,0.0,-2.2497934395437245,66
2025-07-13 01:00:00,SACSI Full,0.34234096431847894,0.00416874885559082,0.0,0.0,0.0,0.0,-2.234181340154491,66
2025-07-13 02:00:00,SACSI Full,0.3421575241990535,0.004467964172363281,0.0,0.0,0.0,0.0,-2.2158447713419633,66
2025-07-13 03:00:00,SACSI Full,0.34194485170956934,0.004198253154754639,0.0,0.0,0.0,0.0,-2.1945718331302047,66
2025-07-13 04:00:00,SACSI Full,0.3417326029097685,0.004325360059738159,0.0,0.0,0.0,0.0,-2.173348069247092,66
2025-07-13 05:00:00,SACSI Full,0.3424956204004733,0.005405247211456299,0.0,0.0,0.0,0.0,-2.249680943863078,66
2025-07-13 06:00:00,SACSI Full,0.34261450949625655,0.0036667287349700928,0.0,0.0,0.0,0.0,-2.2615416693851182,66
2025-07-13 07:00:00,SACSI Full,0.34907221479054773,0.013811588287353516,0.0,0.0,0.0,0.0,-2.9075991594160433,66
2025-07-13 08:00:00,SACSI Full,0.34835687118884406,0.00639691948890686,0.0,0.0,0.0,0.0,-2.8358892039621684,66
2025-07-13 09:00:00,SACSI Full,0.3481446047333527,0.008320063352584839,0.0,0.0,0.0,0.0,-2.8146461060409558,66
2025-07-13 10:00:00,SACSI Full,0.3480319606689262,0.006206780672073364,0.0,0.0,0.0,0.0,-2.803341335332868,66
2025-07-13 11:00:00,SACSI Full,0.3467422325924682,0.0040815770626068115,0.0,0.0,0.0,0.0,-2.6743261428241683,66
2025-07-13 12:00:00,SACSI Full,0.3452752839100011,0.0019153952598571777,0.0,0.0,0.0,0.0,-2.527588360723336,66
2025-07-13 13:00:00,SACSI Full,0.35124474913510517,0.006331205368041992,0.0,0.041491637836838895,0.0,0.0,-3.124645695718959,66
2025-07-13 14:00:00,SACSI Full,0.3540535601188496,0.00926196575164795,0.0,0.1351186706283187,0.0,0.0,-3.405570558803827,66
2025-07-13 15:00:00,SACSI Full,0.3555577007388253,0.00849887728691101,0.0,0.1852566912941782,0.0,0.0,-3.5559476823129157,66
2025-07-13 16:00:00,SACSI Full,0.35460363768093395,0.0052356719970703125,0.0,0.1534545893644662,0.0,0.0,-3.460501113586234,66
2025-07-13 17:00:00,SACSI Full,0.3546011338316733,0.0056199729442596436,0.0,0.1533711277224441,0.0,0.0,-3.4602296256356864,66
2025-07-13 18:00:00,SACSI Full,0.353899797615111,0.004592388868331909,0.0,0.1299932538370328,0.0,0.0,-3.390081885129223,66
2025-07-13 19:00:00,SACSI Full,0.353318440329224,0.004207491874694824,0.0,0.11061467764079964,0.0,0.0,-3.3319320317298287,66
2025-07-13 20:00:00,SACSI Full,0.35284699571847034,0.0044664740562438965,0.0,0.09489985728234417,0.0,0.0,-3.2847914911499734,66
2025-07-13 21:00:00,SACSI Full,0.3523967816145341,0.004328489303588867,0.0,0.07989272048446878,0.0,0.0,-3.2397661110870057,66
2025-07-13 22:00:00,SACSI Full,0.35201689267269853,0.004263073205947876,0.0,0.06722975575661679,0.0,0.0,-3.201775182894948,66
2025-07-13 23:00:00,SACSI Full,0.35165050560598443,0.004600733518600464,0.0,0.05501685353281545,0.0,0.0,-3.1651459518719407,66
2025-07-14 00:00:00,SACSI Full,0.35132184309355796,0.0049626827239990234,0.0,0.04406143645193339,0.0,0.0,-3.13228718250233,66
2025-07-14 01:00:00,SACSI Full,0.3510257710118805,0.004870742559432983,0.0,0.03419236706268265,0.0,0.0,-3.1026754354408816,66
2025-07-14 02:00:00,SACSI Full,0.3507336371592028,0.004814416170120239,0.0,0.0244545719734262,0.0,0.0,-3.073460567507576,66
2025-07-14 03:00:00,SACSI Full,0.3504961679649958,0.004798173904418945,0.0,0.01653893216652591,0.0,0.0,-3.0497129224003223,66
2025-07-14 04:00:00,SACSI Full,0.35028257890659054,0.004842579364776611,0.0,0.009419296886350993,0.0,0.0,-3.0283551863009524,66
2025-07-14 05:00:00,SACSI Full,0.35009038049349916,0.004853159189224243,0.0,0.0030126831166384705,0.0,0.0,-3.0091352183319446,66
2025-07-14 06:00:00,SACSI Full,0.34985096859822407,0.00467643141746521,0.0,0.0,0.0,0.0,-2.9851921557284724,66
2025-07-14 07:00:00,SACSI Full,0.3494444559722119,0.005546212196350098,0.0,0.0,0.0,0.0,-2.944565219272906,66
2025-07-14 08:00:00,SACSI Full,0.3493715653782063,0.007632821798324585,0.0,0.0,0.0,0.0,-2.937330060352615,66
2025-07-14 09:00:00,SACSI Full,0.3498787062967791,0.00714227557182312,0.0,0.0,0.0,0.0,-2.988018380651609,66
2025-07-14 10:00:00,SACSI Full,0.35654897955772047,0.02538129687309265,0.0,0.2182993185906824,0.0,0.0,-3.655587971922521,66
2025-07-14 11:00:00,SACSI Full,0.3592526110754916,0.017009824514389038,0.0,0.3084203691830538,0.0,0.0,-3.925685018763035,66
2025-07-14 12:00:00,SACSI Full,0.35759868217061536,0.005610734224319458,0.0,0.25328940568717967,0.0,0.0,-3.760094422648922,66
2025-07-14 13:00:00,SACSI Full,0.35565099406281625,0.0035600364208221436,0.0,0.1883664687605432,0.0,0.0,-3.5651911139880754,66
2025-07-14 14:00:00,SACSI Full,0.353949649652596,0.0037516653537750244,0.0,0.13165498841986648,0.0,0.0,-3.395041914856005,66
2025-07-14 15:00:00,SACSI Full,0.35254648059554905,0.003931969404220581,0.0,0.0848826865183014,0.0,0.0,-3.2547285019834935,66
2025-07-14 16:00:00,SACSI Full,0.3515415887088896,0.004918724298477173,0.0,0.05138629029631972,0.0,0.0,-3.154267112923869,66
2025-07-14 17:00:00,SACSI Full,0.3508419710040677,0.005180388689041138,0.0,0.028065700135591953,0.0,0.0,-3.084303324824458,66
2025-07-14 18:00:00,SACSI Full,0.35046494265585443,0.004389584064483643,0.0,0.015498088528480026,0.0,0.0,-3.046589965312977,66
2025-07-14 19:00:00,SACSI Full,0.35020144927241775,0.004166960716247559,0.0,0.006714975747257768,0.0,0.0,-3.020230492689582,66
2025-07-14 20:00:00,SACSI Full,0.35001560339956017,0.0042663514614105225,0.0,0.0005201133186730544,0.0,0.0,-3.001646660892696,66
2025-07-14 21:00:00,SACSI Full,0.3498028807428334,0.0041832029819488525,0.0,0.0,0.0,0.0,-2.980372569827772,66
2025-07-14 22:00:00,SACSI Full,0.3495917967171325,0.004674792289733887,0.0,0.0,0.0,0.0,-2.9592780834521193,66
2025-07-14 23:00:00,SACSI Full,0.3493808095489794,0.00470384955406189,0.0,0.0,0.0,0.0,-2.9381753224616616,66
2025-07-15 00:00:00,SACSI Full,0.34977972850351075,0.004675686359405518,0.0,0.0,0.0,0.0,-2.9780666457102085,66
2025-07-15 01:00:00,SACSI Full,0.34984562506227235,0.004768967628479004,0.0,0.0,0.0,0.0,-2.9846588183924943,66
2025-07-15 02:00:00,SACSI Full,0.3502488073718716,0.005748271942138672,0.0,0.008293579062384994,0.0,0.0,-3.025005495669137,66
2025-07-15 03:00:00,SACSI Full,0.35000827175058447,0.004615038633346558,0.0,0.0002757250194818539,0.0,0.0,-3.0009308081642008,66
2025-07-15 04:00:00,SACSI Full,0.3500911960291641,0.004417151212692261,0.0,0.0030398676388031735,0.0,0.0,-3.0092099248148707,66
2025-07-15 05:00:00,SACSI Full,0.35418346113512905,0.009628236293792725,0.0,0.13944870450430216,0.0,0.0,-3.4185907890895915,66
2025-07-15 06:00:00,SACSI Full,0.35448065893760317,0.006514638662338257,0.0,0.14935529792010557,0.0,0.0,-3.4482273225098776,66
2025-07-15 07:00:00,SACSI Full,0.354069387480536,0.005764812231063843,0.0,0.13564624935119982,0.0,0.0,-3.4070615425625346,66
2025-07-15 08:00:00,SACSI Full,0.35314527403150703,0.00610843300819397,0.0,0.10484246771689953,0.0,0.0,-3.314653008018637,66
2025-07-15 09:00:00,SACSI Full,0.35197887562830477,0.005042999982833862,0.0,0.06596252094349353,0.0,0.0,-3.1979990771603863,66
2025-07-15 10:00:00,SACSI Full,0.35958081220769195,0.022941380739212036,0.0,0.31936040692306594,0.0,0.0,-3.958719032191542,66
2025-07-15 11:00:00,SACSI Full,0.36096166427525855,0.011144429445266724,0.0,0.36538880917528477,0.0,0.0,-4.0965072856277,66
2025-07-15 12:00:00,SACSI Full,0.36000888074654025,0.004794299602508545,0.0,0.33362935821800765,0.0,0.0,-4.001047461944502,66
2025-07-15 13:00:00,SACSI Full,0.36032706155411315,0.005189627408981323,0.0,0.3442353851371053,0.0,0.0,-4.032813901237558,66
2025-07-15 14:00:00,SACSI Full,0.3664831556618683,0.019266754388809204,0.0,0.5494385220622761,0.0,0.0,-4.648841672544402,66
2025-07-15 15:00:00,SACSI Full,0.36494238442484783,0.005848109722137451,0.0,0.4980794808282625,0.0,0.0,-4.494489591125892,66
2025-07-15 16:00:00,SACSI Full,0.3632803521212123,0.005568712949752808,0.0,0.44267840404041015,0.0,0.0,-4.328149380347948,66
2025-07-15 17:00:00,SACSI Full,0.36155907934047427,0.0049208104610443115,0.0,0.38530264468247427,0.0,0.0,-4.156012829281535,66
2025-07-15 18:00:00,SACSI Full,0.3601381330002932,0.005153864622116089,0.0,0.33793776667643843,0.0,0.0,-4.01391870786337,66
2025-07-15 19:00:00,SACSI Full,0.358881386511587,0.004022270441055298,0.0,0.2960462170529013,0.0,0.0,-3.888230412509333,66
2025-07-15 20:00:00,SACSI Full,0.35877936543559696,0.004539191722869873,0.0,0.2926455145198972,0.0,0.0,-3.8780324966069717,66
2025-07-15 21:00:00,SACSI Full,0.3596147688924282,0.005113333463668823,0.0,0.3204922964142739,0.0,0.0,-3.9615848973295025,66
2025-07-15 22:00:00,SACSI Full,0.35886330606439787,0.004004687070846558,0.0,0.29544353547993013,0.0,0.0,-3.8864217866451316,66
2025-07-15 23:00:00,SACSI Full,0.3581638601449049,0.004794895648956299,0.0,0.2721286714968315,0.0,0.0,-3.816489814489252,66
2025-07-16 00:00:00,SACSI Full,0.3580839117994532,0.004979223012924194,0.0,0.26946372664844065,0.0,0.0,-3.8084926076792174,66
2025-07-16 01:00:00,SACSI Full,0.3580385280429088,0.005335807800292969,0.0,0.2679509347636255,0.0,0.0,-3.8039630862947598,66
2025-07-16 02:00:00,SACSI Full,0.3595248228328314,0.005882531404495239,0.0,0.31749409442771254,0.0,0.0,-3.9526054011472693,66
2025-07-16 03:00:00,SACSI Full,0.36020968167599016,0.0052803754806518555,0.0,0.34032272253300566,0.0,0.0,-4.021079796667867,66
2025-07-16 04:00:00,SACSI Full,0.36291389549543834,0.009727329015731812,0.0,0.43046318318127846,0.0,0.0,-4.291628565659499,66
2025-07-16 05:00:00,SACSI Full,0.36418541725680575,0.005303770303726196,0.0,0.47284724189352406,0.0,0.0,-4.41869203667377,66
2025-07-16 06:00:00,SACSI Full,0.362601246558118,0.004290342330932617,0.0,0.4200415519372655,0.0,0.0,-4.260220596938145,66
2025-07-16 07:00:00,SACSI Full,0.3610725823193384,0.00398680567741394,0.0,0.3690860773112803,0.0,0.0,-4.107341003413924,66
2025-07-16 08:00:00,SACSI Full,0.3652604546416038,0.01804351806640625,0.0,0.5086818213867929,0.0,0.0,-4.526546901645596,66
2025-07-16 09:00:00,SACSI Full,0.3633163300911397,0.0051403045654296875,0.0,0.4438776697046578,0.0,0.0,-4.33186484734029,66
2025-07-16 10:00:00,SACSI Full,0.3616595791544745,0.006127357482910156,0.0,0.3886526384824833,0.0,0.0,-4.166090333126282,66
2025-07-16 11:00:00,SACSI Full,0.35959212844737437,0.0055024027824401855,0.0,0.3197376149124793,0.0,0.0,-3.95932914234009,66
2025-07-16 12:00:00,SACSI Full,0.35907727706070003,0.00512048602104187,0.0,0.3025759020233352,0.0,0.0,-3.907833934958037,66
2025-07-16 13:00:00,SACSI Full,0.35872308572180805,0.007512122392654419,0.0,0.2907695240602678,0.0,0.0,-3.872482730992374,66
2025-07-16 14:00:00,SACSI Full,0.35715623478789094,0.006485879421234131,0.0,0.2385411595963646,0.0,0.0,-3.7157634588072312,66
2025-07-16 15:00:00,SACSI Full,0.35626781031232146,0.005899667739868164,0.0,0.20892701041071576,0.0,0.0,-3.626904886703757,66
2025-07-16 16:00:00,SACSI Full,0.35499445199985263,0.0054742395877838135,0.0,0.16648173332842192,0.0,0.0,-3.4995589390585393,66
2025-07-16 17:00:00,SACSI Full,0.354403480480602,0.0054912269115448,0.0,0.14678268268673378,0.0,0.0,-3.440458042471667,66
2025-07-16 18:00:00,SACSI Full,0.354272509983859,0.005125850439071655,0.0,0.14241699946196748,0.0,0.0,-3.4273571691594062,66
2025-07-16 19:00:00,SACSI Full,0.3557348589958682,0.00636667013168335,0.0,0.19116196652893935,0.0,0.0,-3.5736256411863794,66
2025-07-16 20:00:00,SACSI Full,0.3574520705433429,0.006065815687179565,0.0,0.24840235144476283,0.0,0.0,-3.7453313791924763,66
2025-07-16 21:00:00,SACSI Full,0.35686909754214347,0.005078017711639404,0.0,0.22896991807144929,0.0,0.0,-3.6870211925483343,66
2025-07-16 22:00:00,SACSI Full,0.3563171703585773,0.004494190216064453,0.0,0.21057234528590954,0.0,0.0,-3.631812757937006,66
2025-07-16 23:00:00,SACSI Full,0.35586794365723035,0.0033301115036010742,0.0,0.19559812190767759,0.0,0.0,-3.5868726087402303,66
2025-07-17 00:00:00,SACSI Full,0.3554668605120101,0.004403740167617798,0.0,0.18222868373367052,0.0,0.0,-3.5467848622910014,66
2025-07-17 01:00:00,SACSI Full,0.35508013444773423,0.004319995641708374,0.0,0.16933781492447367,0.0,0.0,-3.5081006821315155,66
2025-07-17 02:00:00,SACSI Full,0.35473176940660534,0.004216134548187256,0.0,0.15772564688684412,0.0,0.0,-3.473262301962432,66
2025-07-17 03:00:00,SACSI Full,0.35444294246537256,0.003949999809265137,0.0,0.14809808217908513,0.0,0.0,-3.444375907880829,66
2025-07-17 04:00:00,SACSI Full,0.3556376429271349,0.00583156943321228,0.0,0.18792143090449687,0.0,0.0,-3.563899739798393,66
2025-07-17 05:00:00,SACSI Full,0.3561387072777434,0.005942881107330322,0.0,0.20462357592478073,0.0,0.0,-3.6139906985132253,66
2025-07-17 06:00:00,SACSI Full,0.3558854724874214,0.005211979150772095,0.0,0.19618241624738034,0.0,0.0,-3.588658797344722,66
2025-07-17 07:00:00,SACSI Full,0.35503292842371303,0.005501061677932739,0.0,0.16776428079043484,0.0,0.0,-3.503405754430133,66
2025-07-17 08:00:00,SACSI Full,0.3587886820710573,0.01318216323852539,0.0,0.2929560690352432,0.0,0.0,-3.879208661386105,66
2025-07-17 09:00:00,SACSI Full,0.3596314728371686,0.009886324405670166,0.0,0.32104909457228675,0.0,0.0,-3.9633779685933033,66
2025-07-17 10:00:00,SACSI Full,0.3586796066806662,0.007760375738143921,0.0,0.28932022268887325,0.0,0.0,-3.868137135068055,66
2025-07-17 11:00:00,SACSI Full,0.35724668102174534,0.0071783363819122314,0.0,0.24155603405817772,0.0,0.0,-3.7248174892957335,66
2025-07-17 12:00:00,SACSI Full,0.3559330897518653,0.007692277431488037,0.0,0.19776965839550942,0.0,0.0,-3.5934679601456523,66
2025-07-17 13:00:00,SACSI Full,0.35459752099174185,0.007580071687698364,0.0,0.15325069972472818,0.0,0.0,-3.459904822665377,66
2025-07-17 14:00:00,SACSI Full,0.3537204932294302,0.007408112287521362,0.0,0.12401644098100775,0.0,0.0,-3.3721992047827736,66
2025-07-17 15:00:00,SACSI Full,0.35275915104097244,0.007569044828414917,0.0,0.09197170136574898,0.0,0.0,-3.2760680943192204,66
2025-07-17 16:00:00,SACSI Full,0.3518687640423726,0.007676035165786743,0.0,0.06229213474575204,0.0,0.0,-3.1870309948439495,66
2025-07-17 17:00:00,SACSI Full,0.3513156936808065,0.005435347557067871,0.0,0.04385645602688442,0.0,0.0,-3.1317004819078784,66
2025-07-17 18:00:00,SACSI Full,0.3509445952943238,0.005156993865966797,0.0,0.031486509810793,0.0,0.0,-3.094565452846611,66
2025-07-17 19:00:00,SACSI Full,0.3506347276440208,0.004697293043136597,0.0,0.02115758813402806,0.0,0.0,-3.063571307271172,66
2025-07-17 20:00:00,SACSI Full,0.35093211478152386,0.0052866339683532715,0.0,0.031070492717461207,0.0,0.0,-3.0933231042410045,66
2025-07-17 21:00:00,SACSI Full,0.350924570301281,0.005055665969848633,0.0,0.030819010042699803,0.0,0.0,-3.0925604531274806,66
2025-07-17 22:00:00,SACSI Full,0.3506171132930874,0.004833340644836426,0.0,0.020570443102913318,0.0,0.0,-3.0618102193748884,66
2025-07-17 23:00:00,SACSI Full,0.3503907421622955,0.004613399505615234,0.0,0.013024738743183661,0.0,0.0,-3.0391686836310527,66
2025-07-18 00:00:00,SACSI Full,0.3502121697392121,0.004500597715377808,0.0,0.007072324640402883,0.0,0.0,-3.021308113893419,66
2025-07-18 01:00:00,SACSI Full,0.350050885483091,0.004310905933380127,0.0,0.001696182769700272,0.0,0.0,-3.005176663345586,66
2025-07-18 02:00:00,SACSI Full,0.34986673507498195,0.00425487756729126,0.0,0.0,0.0,0.0,-2.986759165333201,66
2025-07-18 03:00:00,SACSI Full,0.34968217240141325,0.004131197929382324,0.0,0.0,0.0,0.0,-2.968301100896291,66
2025-07-18 04:00:00,SACSI Full,0.3494979996415624,0.004248172044754028,0.0,0.0,0.0,0.0,-2.94988609733829,66
2025-07-18 05:00:00,SACSI Full,0.3493146509159256,0.004495382308959961,0.0,0.0,0.0,0.0,-2.9315574713413826,66
2025-07-18 06:00:00,SACSI Full,0.3490740196089595,0.00431060791015625,0.0,0.0,0.0,0.0,-2.907490020798141,66
2025-07-18 07:00:00,SACSI Full,0.3487505305922676,0.004953294992446899,0.0,0.0,0.0,0.0,-2.875158551997434,66
2025-07-18 08:00:00,SACSI Full,0.3481194310049861,0.006170123815536499,0.0,0.0,0.0,0.0,-2.8120786712631514,66
2025-07-18 09:00:00,SACSI Full,0.3471530193230161,0.007576495409011841,0.0,0.0,0.0,0.0,-2.7154675259257264,66
2025-07-18 10:00:00,SACSI Full,0.3460107629089206,0.005823075771331787,0.0,0.0,0.0,0.0,-2.6012102866038602,66
2025-07-18 11:00:00,SACSI Full,0.3451814318129072,0.006200671195983887,0.0,0.0,0.0,0.0,-2.518270970668888,66
2025-07-18 12:00:00,SACSI Full,0.34425663922117644,0.005062222480773926,0.0,0.0,0.0,0.0,-2.4257765510544114,66
2025-07-18 13:00:00,SACSI Full,0.3429393566454102,0.004315227270126343,0.0,0.0,0.0,0.0,-2.2940294390385283,66
2025-07-18 14:00:00,SACSI Full,0.34187537980761623,0.0038069486618041992,0.0,0.0,0.0,0.0,-2.1876192025209416,66
2025-07-18 15:00:00,SACSI Full,0.3409822831317434,0.00407099723815918,0.0,0.0,0.0,0.0,-2.098312373604865,66
2025-07-18 16:00:00,SACSI Full,0.34003171313967795,0.0038290023803710938,0.0,0.0,0.0,0.0,-2.0032503139639792,66
2025-07-18 17:00:00,SACSI Full,0.3393934719225416,0.004027634859085083,0.0,0.0,0.0,0.0,-1.9394297312761282,66
2025-07-18 18:00:00,SACSI Full,0.3390086854549894,0.0035640597343444824,0.0,0.0,0.0,0.0,-1.9009444624448746,66
2025-07-18 19:00:00,SACSI Full,0.3386789439110606,0.0030775368213653564,0.0,0.0,0.0,0.0,-1.867960807071619,66
2025-07-18 20:00:00,SACSI Full,0.33849450690395133,0.004168897867202759,0.0,0.0,0.0,0.0,-1.849544981962935,66
2025-07-18 21:00:00,SACSI Full,0.3396457695345729,0.004878789186477661,0.0,0.0,0.0,0.0,-1.9646816281542145,66
2025-07-18 22:00:00,SACSI Full,0.3394303542380184,0.003375411033630371,0.0,0.0,0.0,0.0,-1.9431179658040378,66
2025-07-18 23:00:00,SACSI Full,0.33921533829258377,0.0034952163696289062,0.0,0.0,0.0,0.0,-1.9216049316391288,66
2025-07-19 00:00:00,SACSI Full,0.3393359226438055,0.004175305366516113,0.0,0.0,0.0,0.0,-1.9336825713778507,66
2025-07-19 01:00:00,SACSI Full,0.33945626907315346,0.004103928804397583,0.0,0.0,0.0,0.0,-1.9457096996570546,66
2025-07-19 02:00:00,SACSI Full,0.33921341451293724,0.003643631935119629,0.0,0.0,0.0,0.0,-1.9214189269011186,66
2025-07-19 03:00:00,SACSI Full,0.3389429761477957,0.00386849045753479,0.0,0.0,0.0,0.0,-1.894377233173947,66
2025-07-19 04:00:00,SACSI Full,0.33867356447266045,0.004176497459411621,0.0,0.0,0.0,0.0,-1.8674430572852512,66
2025-07-19 05:00:00,SACSI Full,0.3384033302534272,0.003929734230041504,0.0,0.0,0.0,0.0,-1.8404140876596164,66
2025-07-19 06:00:00,SACSI Full,0.3381044517632971,0.0038364529609680176,0.0,0.0,0.0,0.0,-1.8105228382016214,66
2025-07-19 07:00:00,SACSI Full,0.3376954968369653,0.004813522100448608,0.0,0.0,0.0,0.0,-1.7696557248299345,66
2025-07-19 08:00:00,SACSI Full,0.336977677655682,0.005654245615005493,0.0,0.0,0.0,0.0,-1.6978892577156435,66
2025-07-19 09:00:00,SACSI Full,0.3361721628543387,0.004845559597015381,0.0,0.0,0.0,0.0,-1.6173212834859902,66
2025-07-19 10:00:00,SACSI Full,0.3351100054483265,0.004352778196334839,0.0,0.0,0.0,0.0,-1.5110925282105805,66
2025-07-19 11:00:00,SACSI Full,0.3337336506617715,0.0035935640335083008,0.0,0.0,0.0,0.0,-1.3734445295994497,66
2025-07-19 12:00:00,SACSI Full,0.33357647780146704,0.00334814190864563,0.0,0.0,0.0,0.0,-1.357717197206125,66
2025-07-19 13:00:00,SACSI Full,0.33216809071666503,0.002483874559402466,0.0,0.0,0.0,0.0,-1.216867391831183,66
2025-07-19 14:00:00,SACSI Full,0.3309020324067921,0.002682507038116455,0.0,0.0,0.0,0.0,-1.09025887714476,66
2025-07-19 15:00:00,SACSI Full,0.32986201590822645,0.0024950504302978516,0.0,0.0,0.0,0.0,-0.9862533663973281,66
2025-07-19 16:00:00,SACSI Full,0.32996597923325005,0.003188997507095337,0.0,0.0,0.0,0.0,-0.9966686427459144,66
2025-07-19 17:00:00,SACSI Full,0.32968697827703264,0.003299713134765625,0.0,0.0,0.0,0.0,-0.9687649291222351,66
2025-07-19 18:00:00,SACSI Full,0.32993736907687293,0.0026172399520874023,0.0,0.0,0.0,0.0,-0.9937960772181611,66
2025-07-19 19:00:00,SACSI Full,0.32952041173027463,0.0024127960205078125,0.0,0.0,0.0,0.0,-0.9520914733871885,66
2025-07-19 20:00:00,SACSI Full,0.3336724323332956,0.005106180906295776,0.0,0.0,0.0,0.0,-1.3673722907965409,66
2025-07-19 21:00:00,SACSI Full,0.3412227866590669,0.007606297731399536,0.0,0.0,0.0,0.0,-2.1224557930295695,66
2025-07-19 22:00:00,SACSI Full,0.34237155632542077,0.004130899906158447,0.0,0.0,0.0,0.0,-2.237273004518452,66
2025-07-19 23:00:00,SACSI Full,0.34204197968767586,0.0031270086765289307,0.0,0.0,0.0,0.0,-2.2042705478534117,66
2025-07-20 00:00:00,SACSI Full,0.3417426154196908,0.0036907196044921875,0.0,0.0,0.0,0.0,-2.17434099347045,66
2025-07-20 01:00:00,SACSI Full,0.3414719997307311,0.003815293312072754,0.0,0.0,0.0,0.0,-2.147277524676428,66
2025-07-20 02:00:00,SACSI Full,0.3412028801183552,0.004264116287231445,0.0,0.0,0.0,0.0,-2.1203777823910155,66
2025-07-20 03:00:00,SACSI Full,0.34096141782329986,0.004061311483383179,0.0,0.0,0.0,0.0,-2.0962250366076915,66
2025-07-20 04:00:00,SACSI Full,0.34074784282015275,0.003927499055862427,0.0,0.0,0.0,0.0,-2.0748641701206667,66
2025-07-20 05:00:00,SACSI Full,0.3405058341491869,0.0038973987102508545,0.0,0.0,0.0,0.0,-2.0506616638963493,66
2025-07-20 06:00:00,SACSI Full,0.3402080176151445,0.0041550397872924805,0.0,0.0,0.0,0.0,-2.0208874387209677,66
2025-07-20 07:00:00,SACSI Full,0.33974207962082337,0.004718601703643799,0.0,0.0,0.0,0.0,-1.9743079697355725,66
2025-07-20 08:00:00,SACSI Full,0.3390827649160873,0.0062055885791778564,0.0,0.0,0.0,0.0,-1.9084154732490681,66
2025-07-20 09:00:00,SACSI Full,0.33816614698853603,0.005514621734619141,0.0,0.0,0.0,0.0,-1.8167319009567404,66
2025-07-20 10:00:00,SACSI Full,0.3369968715235244,0.006217360496520996,0.0,0.0,0.0,0.0,-1.6998185269499908,66
2025-07-20 11:00:00,SACSI Full,0.3365530797422579,0.008862465620040894,0.0,0.0,0.0,0.0,-1.6555116745894252,66
2025-07-20 12:00:00,SACSI Full,0.3361577803473325,0.006410181522369385,0.0,0.0,0.0,0.0,-1.6159307612046747,66
2025-07-20 13:00:00,SACSI Full,0.3357869712762685,0.005257278680801392,0.0,0.0,0.0,0.0,-1.578813802228881,66
2025-07-20 14:00:00,SACSI Full,0.3344679626493306,0.0037974119186401367,0.0,0.0,0.0,0.0,-1.4468868118390534,66
2025-07-20 15:00:00,SACSI Full,0.3332624169958285,0.003836303949356079,0.0,0.0,0.0,0.0,-1.3263188145821416,66
2025-07-20 16:00:00,SACSI Full,0.3323962087373586,0.0036375224590301514,0.0,0.0,0.0,0.0,-1.2396956119999423,66
2025-07-20 17:00:00,SACSI Full,0.3316719120213043,0.0037109851837158203,0.0,0.0,0.0,0.0,-1.167266156461351,66
2025-07-20 18:00:00,SACSI Full,0.331257546483343,0.003190338611602783,0.0,0.0,0.0,0.0,-1.1258236615722517,66
2025-07-20 19:00:00,SACSI Full,0.3309278436824333,0.0030891597270965576,0.0,0.0,0.0,0.0,-1.092847163226714,66
2025-07-20 20:00:00,SACSI Full,0.330655378262664,0.003260374069213867,0.0,0.0,0.0,0.0,-1.065604745891205,66
2025-07-20 21:00:00,SACSI Full,0.3303549018713485,0.0033570826053619385,0.0,0.0,0.0,0.0,-1.0355582958723208,66
2025-07-20 22:00:00,SACSI Full,0.3300546430369865,0.003422349691390991,0.0,0.0,0.0,0.0,-1.005533403363338,66
2025-07-20 23:00:00,SACSI Full,0.3297272563732317,0.003784000873565674,0.0,0.0,0.0,0.0,-0.9728049338524616,66
2025-07-21 00:00:00,SACSI Full,0.32940020001855,0.0038830935955047607,0.0,0.0,0.0,0.0,-0.9400986546541314,66
2025-07-21 01:00:00,SACSI Full,0.3291011347671996,0.0037804245948791504,0.0,0.0,0.0,0.0,-0.910190111901863,66
2025-07-21 02:00:00,SACSI Full,0.32872238873369003,0.005376189947128296,0.0,0.0,0.0,0.0,-0.8723623548214673,66
2025-07-21 03:00:00,SACSI Full,0.3283668912606091,0.0038507580757141113,0.0,0.0,0.0,0.0,-0.8367813955411362,66
2025-07-21 04:00:00,SACSI Full,0.33007393796887496,0.0056140124797821045,0.0,0.0,0.0,0.0,-1.007523709681132,66
2025-07-21 05:00:00,SACSI Full,0.33759219813949365,0.01497805118560791,0.0,0.0,0.0,0.0,-1.7596130153601346,66
2025-07-21 06:00:00,SACSI Full,0.33835165872302153,0.004338175058364868,0.0,0.0,0.0,0.0,-1.835359034564592,66
2025-07-21 07:00:00,SACSI Full,0.3393910026372125,0.005303174257278442,0.0,0.0,0.0,0.0,-1.9392159771983841,66
2025-07-21 08:00:00,SACSI Full,0.3400385589087655,0.004766881465911865,0.0,0.0,0.0,0.0,-2.003956591433781,66
2025-07-21 09:00:00,SACSI Full,0.33957103692100943,0.004243403673171997,0.0,0.0,0.0,0.0,-1.957193794952333,66
2025-07-21 10:00:00,SACSI Full,0.33882255585160354,0.004955679178237915,0.0,0.0,0.0,0.0,-1.8823618214989684,66
2025-07-21 11:00:00,SACSI Full,0.3376783071522564,0.005225390195846558,0.0,0.0,0.0,0.0,-1.767937920139731,66
2025-07-21 12:00:00,SACSI Full,0.3362791399125904,0.005249828100204468,0.0,0.0,0.0,0.0,-1.6280192322000868,66
2025-07-21 13:00:00,SACSI Full,0.33516425421681506,0.0055342912673950195,0.0,0.0,0.0,0.0,-1.5165389521385253,66
2025-07-21 14:00:00,SACSI Full,0.33390514332499605,0.004766732454299927,0.0,0.0,0.0,0.0,-1.3906173427368207,66
2025-07-21 15:00:00,SACSI Full,0.3326734061317295,0.00447884202003479,0.0,0.0,0.0,0.0,-1.267433068917695,66
2025-07-21 16:00:00,SACSI Full,0.3316391648265372,0.0042276084423065186,0.0,0.0,0.0,0.0,-1.164003547158344,66
2025-07-21 17:00:00,SACSI Full,0.3316131543132316,0.004696846008300781,0.0,0.0,0.0,0.0,-1.1614140606189827,66
2025-07-21 18:00:00,SACSI Full,0.33114470447983846,0.003965049982070923,0.0,0.0,0.0,0.0,-1.1145570669437488,66
2025-07-21 19:00:00,SACSI Full,0.33078681437697516,0.0031329691410064697,0.0,0.0,0.0,0.0,-1.078752417888746,66
2025-07-21 20:00:00,SACSI Full,0.33048751368727786,0.0037097930908203125,0.0,0.0,0.0,0.0,-1.0488313328290995,66
2025-07-21 21:00:00,SACSI Full,0.33024467154469594,0.003647357225418091,0.0,0.0,0.0,0.0,-1.0245407259727564,66
2025-07-21 22:00:00,SACSI Full,0.3300325648026318,0.0043679773807525635,0.0,0.0,0.0,0.0,-1.0033510460123498,66
2025-07-21 23:00:00,SACSI Full,0.3297905546415499,0.003896951675415039,0.0,0.0,0.0,0.0,-0.9791381134455492,66
2025-07-22 00:00:00,SACSI Full,0.32951909356004505,0.003561675548553467,0.0,0.0,0.0,0.0,-0.9519839422767441,66
2025-07-22 01:00:00,SACSI Full,0.3292198683695645,0.003732442855834961,0.0,0.0,0.0,0.0,-0.9220631934866406,66
2025-07-22 02:00:00,SACSI Full,0.3289491021788767,0.0037701427936553955,0.0,0.0,0.0,0.0,-0.8949859977429191,66
2025-07-22 03:00:00,SACSI Full,0.3286498218540997,0.00371590256690979,0.0,0.0,0.0,0.0,-0.8650570458635738,66
2025-07-22 04:00:00,SACSI Full,0.328350407418872,0.0036756694316864014,0.0,0.0,0.0,0.0,-0.8351146576071856,66
2025-07-22 05:00:00,SACSI Full,0.3280510610322804,0.0036960840225219727,0.0,0.0,0.0,0.0,-0.8051802290543959,66
2025-07-22 06:00:00,SACSI Full,0.32772329538232586,0.003670305013656616,0.0,0.0,0.0,0.0,-0.7724032021229474,66
2025-07-22 07:00:00,SACSI Full,0.32723075954324504,0.005239248275756836,0.0,0.0,0.0,0.0,-0.7231964287226397,66
2025-07-22 08:00:00,SACSI Full,0.32676858420497673,0.007847398519515991,0.0,0.0,0.0,0.0,-0.6770414499705003,66
2025-07-22 09:00:00,SACSI Full,0.32570962111121915,0.005311071872711182,0.0,0.0,0.0,0.0,-0.5710936958258366,66
2025-07-22 10:00:00,SACSI Full,0.32437564151889586,0.007806122303009033,0.0,0.0,0.0,0.0,-0.43774522483994877,66
2025-07-22 11:00:00,SACSI Full,0.32298114082621043,0.006649792194366455,0.0,0.0,0.0,0.0,-0.2982586417660164,66
2025-07-22 12:00:00,SACSI Full,0.3213909318880886,0.007437318563461304,0.0,0.0,0.0,0.0,-0.13924981044381884,66
2025-07-22 13:00:00,SACSI Full,0.3204883280003717,0.005218833684921265,0.0,0.0,0.0,0.0,-0.048959361559652324,66
2025-07-22 14:00:00,SACSI Full,0.319292278360193,0.006685107946395874,0.0,0.0,0.0,0.0,0.9998516350984573,66
2025-07-22 15:00:00,SACSI Full,0.31850873768614235,0.004937797784805298,0.0,0.0,0.0,0.0,0.999883770942688,66
2025-07-22 16:00:00,SACSI Full,0.31761831676211455,0.004873722791671753,0.0,0.0,0.0,0.0,0.9999018847942353,66
2025-07-22 17:00:00,SACSI Full,0.3170108233631303,0.004751980304718018,0.0,0.0,0.0,0.0,0.9999037429690361,66
2025-07-22 18:00:00,SACSI Full,0.31665172477609416,0.0027704238891601562,0.0,0.0,0.0,0.0,0.9999247759580613,66
2025-07-22 19:00:00,SACSI Full,0.3163220939974636,0.0031107664108276367,0.0,0.0,0.0,0.0,0.9999343812465668,66
2025-07-22 20:00:00,SACSI Full,0.31610591675486666,0.003146827220916748,0.0,0.0,0.0,0.0,0.9999367028474807,66
2025-07-22 21:00:00,SACSI Full,0.3158907393801858,0.0034467875957489014,0.0,0.0,0.0,0.0,0.9999280646443367,66
2025-07-22 22:00:00,SACSI Full,0.31567543137199183,0.003407597541809082,0.0,0.0,0.0,0.0,0.9999314561486244,66
2025-07-22 23:00:00,SACSI Full,0.31548941186156376,0.0036941468715667725,0.0,0.0,0.0,0.0,0.9999232515692711,66
2025-07-23 00:00:00,SACSI Full,0.3153028693203777,0.0035372376441955566,0.0,0.0,0.0,0.0,0.9999276861548424,66
2025-07-23 01:00:00,SACSI Full,0.31514461342221994,0.00352323055267334,0.0,0.0,0.0,0.0,0.9999293953180314,66
2025-07-23 02:00:00,SACSI Full,0.31495860086566707,0.003696233034133911,0.0,0.0,0.0,0.0,0.9999243453145027,66
2025-07-23 03:00:00,SACSI Full,0.31510722748087344,0.004087984561920166,0.0,0.0,0.0,0.0,0.9999143227934838,66
2025-07-23 04:00:00,SACSI Full,0.31486546815600497,0.00397220253944397,0.0,0.0,0.0,0.0,0.9999193981289863,66
2025-07-23 05:00:00,SACSI Full,0.3146239914564938,0.004056990146636963,0.0,0.0,0.0,0.0,0.9999180123209953,66
2025-07-23 06:00:00,SACSI Full,0.3143829235455046,0.004179626703262329,0.0,0.0,0.0,0.0,0.9999151811003686,66
2025-07-23 07:00:00,SACSI Full,0.3139759703418265,0.005414038896560669,0.0,0.0,0.0,0.0,0.9998793751001358,66
2025-07-23 08:00:00,SACSI Full,0.31326218540158374,0.0068645179271698,0.0,0.0,0.0,0.0,0.9998482048511506,66
2025-07-23 09:00:00,SACSI Full,0.31226400020486617,0.006544440984725952,0.0,0.0,0.0,0.0,0.9998659104108811,66
2025-07-23 10:00:00,SACSI Full,0.3109347755730798,0.00923261046409607,0.0,0.0,0.0,0.0,0.9997884660959244,66
2025-07-23 11:00:00,SACSI Full,0.30937503878162803,0.008078962564468384,0.0,0.0,0.0,0.0,0.9998268842697143,66
2025-07-23 12:00:00,SACSI Full,0.30770737330800796,0.009700357913970947,0.0,0.0,0.0,0.0,0.9997897788882255,66
2025-07-23 13:00:00,SACSI Full,0.30611769832816227,0.007597506046295166,0.0,0.0,0.0,0.0,0.9998270213603973,66
2025-07-23 14:00:00,SACSI Full,0.3046423287340651,0.007889121770858765,0.0,0.0,0.0,0.0,0.9998393014073371,66
2025-07-23 15:00:00,SACSI Full,0.3033644972479989,0.007650554180145264,0.0,0.0,0.0,0.0,0.99984460324049,66
2025-07-23 16:00:00,SACSI Full,0.3023906255480299,0.005338490009307861,0.0,0.0,0.0,0.0,0.9998701095581054,66
2025-07-23 17:00:00,SACSI Full,0.3017305101542324,0.005965381860733032,0.0,0.0,0.0,0.0,0.999874423444271,66
2025-07-23 18:00:00,SACSI Full,0.3013815696887821,0.00581786036491394,0.0,0.0,0.0,0.0,0.9998821675777435,66
2025-07-23 19:00:00,SACSI Full,0.3010937483569632,0.007153600454330444,0.0,0.0,0.0,0.0,0.9998435705900193,66
2025-07-23 20:00:00,SACSI Full,0.300866338353619,0.00827699899673462,0.0,0.0,0.0,0.0,0.9998232260346412,66
2025-07-23 21:00:00,SACSI Full,0.30067064375049374,0.009291619062423706,0.0,0.0,0.0,0.0,0.9998040214180947,66
2025-07-23 22:00:00,SACSI Full,0.3004737515907139,0.008932352066040039,0.0,0.0,0.0,0.0,0.9998177602887154,66
2025-07-23 23:00:00,SACSI Full,0.300279817311431,0.009819716215133667,0.0,0.0,0.0,0.0,0.9997947320342064,66
2025-07-24 00:00:00,SACSI Full,0.30011649375961724,0.010502934455871582,0.0,0.0,0.0,0.0,0.9997831091284752,66
2025-07-24 01:00:00,SACSI Full,0.29992835652874417,0.011558830738067627,0.0,0.0,0.0,0.0,0.9997582644224167,66
2025-07-24 02:00:00,SACSI Full,0.299715883946086,0.012758225202560425,0.0,0.0,0.0,0.0,0.9997328415513039,66
2025-07-24 03:00:00,SACSI Full,0.29948341125613953,0.015258193016052246,0.0,0.0,0.0,0.0,0.999669836461544,66
2025-07-24 04:00:00,SACSI Full,0.29925487843321275,0.016440153121948242,0.0,0.0,0.0,0.0,0.999659377336502,66
2025-07-24 05:00:00,SACSI Full,0.29905719972338785,0.01719638705253601,0.0,0.0,0.0,0.0,0.9996485099196434,66
2025-07-24 06:00:00,SACSI Full,0.2988298068392924,0.016782134771347046,0.0,0.0,0.0,0.0,0.9996602147817611,66
2025-07-24 07:00:00,SACSI Full,0.29848793422586234,0.016438215970993042,0.0,0.0,0.0,0.0,0.9996677964925766,66
2025-07-24 08:00:00,SACSI Full,0.2978730910432986,0.01954704523086548,0.0,0.0,0.0,0.0,0.999577970802784,66
2025-07-24 09:00:00,SACSI Full,0.29694079209294433,0.017810314893722534,0.0,0.0,0.0,0.0,0.9996264263987541,66
2025-07-24 10:00:00,SACSI Full,0.2957140763255608,0.014485269784927368,0.0,0.0,0.0,0.0,0.9996770441532136,66
2025-07-24 11:00:00,SACSI Full,0.2942261673701457,0.021127313375473022,0.0,0.0,0.0,0.0,0.9995110332965851,66
2025-07-24 12:00:00,SACSI Full,0.29273519844419277,0.028709322214126587,0.0,0.0,0.0,0.0,0.9993499934673309,66
2025-07-24 13:00:00,SACSI Full,0.29134891345547154,0.034614503383636475,0.0,0.0,0.0,0.0,0.9992486581206322,66
2025-07-24 14:00:00,SACSI Full,0.2899240317102921,0.03153547644615173,0.0,0.0,0.0,0.0,0.9993385002017021,66
2025-07-24 15:00:00,SACSI Full,0.2886958709928047,0.03105178475379944,0.0,0.0,0.0,0.0,0.9993741273880005,66
2025-07-24 16:00:00,SACSI Full,0.28779969742423805,0.028647929430007935,0.0,0.0,0.0,0.0,0.9994030028581619,66
2025-07-24 17:00:00,SACSI Full,0.2872555185282878,0.040746331214904785,0.0,0.0,0.0,0.0,0.999064089357853,66
2025-07-24 18:00:00,SACSI Full,0.2869922150362185,0.031508952379226685,0.0,0.0,0.0,0.0,0.9992774471640586,66
2025-07-24 19:00:00,SACSI Full,0.2868301811286461,0.036389827728271484,0.0,0.0,0.0,0.0,0.9992233946919441,66
2025-07-24 20:00:00,SACSI Full,0.2867557300206673,0.07116466760635376,0.0,0.0,0.0,0.0,0.9982289582490921,66
2025-07-24 21:00:00,SACSI Full,0.2866726844196172,0.0685863196849823,0.0,0.0,0.0,0.0,0.9986024901270867,66
2025-07-24 22:00:00,SACSI Full,0.2866141107643298,0.06742790341377258,0.0,0.0,0.0,0.0,0.9986398577690124,66
2025-07-24 23:00:00,SACSI Full,0.2865306266066086,0.051454752683639526,0.0,0.0,0.0,0.0,0.9988111734390259,66
2025-07-25 00:00:00,SACSI Full,0.28643951775597054,0.05766734480857849,0.0,0.0,0.0,0.0,0.998784527182579,66
2025-07-25 01:00:00,SACSI Full,0.28636504731065554,0.05415886640548706,0.0,0.0,0.0,0.0,0.9988817378878594,66
2025-07-25 02:00:00,SACSI Full,0.28630112837758187,0.05732432007789612,0.0,0.0,0.0,0.0,0.998821859061718,66
2025-07-25 03:00:00,SACSI Full,0.2862461496445191,0.06000638008117676,0.0,0.0,0.0,0.0,0.9987730517983436,66
2025-07-25 04:00:00,SACSI Full,0.28620336155142906,0.06366357207298279,0.0,0.0,0.0,0.0,0.9986901566386224,66
2025-07-25 05:00:00,SACSI Full,0.28618002990450986,0.06950050592422485,0.0,0.0,0.0,0.0,0.9985516205430031,66
2025-07-25 06:00:00,SACSI Full,0.2861736229964746,0.0745779275894165,0.0,0.0,0.0,0.0,0.9984576672315598,66
2025-07-25 07:00:00,SACSI Full,0.2860264926652762,0.07486090064048767,0.0,0.0,0.0,0.0,0.9984999522566795,66
2025-07-25 08:00:00,SACSI Full,0.28561511189030137,0.0975857675075531,0.0,0.0,0.0,0.0,0.9978210359811783,66
2025-07-25 09:00:00,SACSI Full,0.2848141524343344,0.09971216320991516,0.0,0.0,0.0,0.0,0.9979844927787781,66
2025-07-25 10:00:00,SACSI Full,0.2837611299972388,0.10059326887130737,0.0,0.0,0.0,0.0,0.99797932356596,66
2025-07-25 11:00:00,SACSI Full,0.2824824986104819,0.10941058397293091,0.0,0.0,0.0,0.0,0.9977236151695251,66
2025-07-25 12:00:00,SACSI Full,0.281186472139026,0.08719205856323242,0.0,0.0,0.0,0.0,0.9980339735746383,66
2025-07-25 13:00:00,SACSI Full,0.2798291136785997,0.09429246187210083,0.0,0.0,0.0,0.0,0.9980431467294693,66
2025-07-25 14:00:00,SACSI Full,0.27852019025213054,0.08332297205924988,0.0,0.0,0.0,0.0,0.9982238456606864,66
2025-07-25 15:00:00,SACSI Full,0.27743601872728796,0.06574854254722595,0.0,0.0,0.0,0.0,0.9985092848539352,66
2025-07-25 16:00:00,SACSI Full,0.2766361625223014,0.06604313850402832,0.0,0.0,0.0,0.0,0.9986761912703513,66
2025-07-25 17:00:00,SACSI Full,0.276300488124356,0.10329768061637878,0.0,0.0,0.0,0.0,0.9975615009665489,66
2025-07-25 18:00:00,SACSI Full,0.27645076487110587,0.15558302402496338,0.0,0.0,0.0,0.0,0.9963654860854149,66
2025-07-25 19:00:00,SACSI Full,0.2766938947610709,0.1664389669895172,0.0,0.0,0.0,0.0,0.9965626612305641,66
2025-07-25 20:00:00,SACSI Full,0.2770096129429989,0.17971545457839966,0.0,0.0,0.0,0.0,0.9962729260325431,66
2025-07-25 21:00:00,SACSI Full,0.27737285788184934,0.19397348165512085,0.0,0.0,0.0,0.0,0.9959779500961304,66
2025-07-25 22:00:00,SACSI Full,0.2777463565751566,0.18854960799217224,0.0,0.0,0.0,0.0,0.9961747691035271,66
2025-07-25 23:00:00,SACSI Full,0.27808623973892665,0.17846494913101196,0.0,0.0,0.0,0.0,0.9963298544287681,66
2025-07-26 00:00:00,SACSI Full,0.27838815176374254,0.16707360744476318,0.0,0.0,0.0,0.0,0.9965446144342422,66
2025-07-26 01:00:00,SACSI Full,0.27865972999142147,0.15797346830368042,0.0,0.0,0.0,0.0,0.9967495292425156,66
2025-07-26 02:00:00,SACSI Full,0.2789065834844762,0.14205604791641235,0.0,0.0,0.0,0.0,0.9969997048377991,66
2025-07-26 03:00:00,SACSI Full,0.2791624499277924,0.15325993299484253,0.0,0.0,0.0,0.0,0.9968227624893189,66
2025-07-26 04:00:00,SACSI Full,0.2794635486146464,0.15832960605621338,0.0,0.0,0.0,0.0,0.996782711148262,66
2025-07-26 05:00:00,SACSI Full,0.2797470740966652,0.1615576446056366,0.0,0.0,0.0,0.0,0.9967365667223931,66
2025-07-26 06:00:00,SACSI Full,0.2800325700088992,0.16214877367019653,0.0,0.0,0.0,0.0,0.9967511132359504,66
2025-07-26 07:00:00,SACSI Full,0.28015635692722146,0.16463607549667358,0.0,0.0,0.0,0.0,0.9966824054718018,66
2025-07-26 08:00:00,SACSI Full,0.27989603640840993,0.15140384435653687,0.0,0.0,0.0,0.0,0.9968396008014679,66
2025-07-26 09:00:00,SACSI Full,0.2791889053595716,0.11936068534851074,0.0,0.0,0.0,0.0,0.9972923547029495,66
2025-07-26 10:00:00,SACSI Full,0.27816510161605024,0.10935887694358826,0.0,0.0,0.0,0.0,0.997712804377079,66
2025-07-26 11:00:00,SACSI Full,0.27699700240976155,0.10007023811340332,0.0,0.0,0.0,0.0,0.9979057088494301,66
2025-07-26 12:00:00,SACSI Full,0.2757551389444524,0.09494096040725708,0.0,0.0,0.0,0.0,0.9980498880147933,66
2025-07-26 13:00:00,SACSI Full,0.27453883891787667,0.10260999202728271,0.0,0.0,0.0,0.0,0.9978711098432541,66
2025-07-26 14:00:00,SACSI Full,0.2736139680255109,0.10503873229026794,0.0,0.0,0.0,0.0,0.9978749379515648,66
2025-07-26 15:00:00,SACSI Full,0.27353832272973205,0.1173064112663269,0.0,0.0,0.0,0.0,0.9975311949849128,66
2025-07-26 16:00:00,SACSI Full,0.2739876043054118,0.11528447270393372,0.0,0.0,0.0,0.0,0.9976740911602974,66
2025-07-26 17:00:00,SACSI Full,0.2739664427563205,0.19765153527259827,0.0,0.0,0.0,0.0,0.9952232986688614,66
2025-07-26 18:00:00,SACSI Full,0.27436508357968475,0.24709224700927734,0.0,0.0,0.0,0.0,0.9945637479424476,66
2025-07-26 19:00:00,SACSI Full,0.2748000835359746,0.23249998688697815,0.0,0.0,0.0,0.0,0.9952040776610374,66
2025-07-26 20:00:00,SACSI Full,0.27522320183720733,0.21193549036979675,0.0,0.0,0.0,0.0,0.9955556452274322,66
2025-07-26 21:00:00,SACSI Full,0.275716446227695,0.24147331714630127,0.0,0.0,0.0,0.0,0.9948751553893089,66
2025-07-26 22:00:00,SACSI Full,0.2761738332260305,0.22221609950065613,0.0,0.0,0.0,0.0,0.9953631058335305,66
2025-07-26 23:00:00,SACSI Full,0.27661537704434536,0.22596314549446106,0.0,0.0,0.0,0.0,0.9954432666301727,66
2025-07-27 00:00:00,SACSI Full,0.2770431273886218,0.20482510328292847,0.0,0.0,0.0,0.0,0.9956921175122261,66
2025-07-27 01:00:00,SACSI Full,0.27751806470917206,0.23598119616508484,0.0,0.0,0.0,0.0,0.9949688151478767,66
2025-07-27 02:00:00,SACSI Full,0.27795358077651805,0.21565482020378113,0.0,0.0,0.0,0.0,0.9954836398363114,66
2025-07-27 03:00:00,SACSI Full,0.27837439138458714,0.2112431824207306,0.0,0.0,0.0,0.0,0.9957310199737549,66
2025-07-27 04:00:00,SACSI Full,0.27876346102919725,0.20172089338302612,0.0,0.0,0.0,0.0,0.9958703592419624,66
2025-07-27 05:00:00,SACSI Full,0.2791954279053862,0.2060900628566742,0.0,0.0,0.0,0.0,0.99583450704813,66
2025-07-27 06:00:00,SACSI Full,0.27960389167672944,0.19903913140296936,0.0,0.0,0.0,0.0,0.9959487080574037,66
2025-07-27 07:00:00,SACSI Full,0.27972293880111526,0.15471413731575012,0.0,0.0,0.0,0.0,0.9964624673128128,66
2025-07-27 08:00:00,SACSI Full,0.2794443522076463,0.1374240219593048,0.0,0.0,0.0,0.0,0.9970786184072494,66
2025-07-27 09:00:00,SACSI Full,0.2786958602711216,0.09845241904258728,0.0,0.0,0.0,0.0,0.9976412355899811,66
2025-07-27 10:00:00,SACSI Full,0.27764139020330264,0.09165897965431213,0.0,0.0,0.0,0.0,0.998098886013031,66
2025-07-27 11:00:00,SACSI Full,0.27642407789117646,0.1023063063621521,0.0,0.0,0.0,0.0,0.9978474006056786,66
2025-07-27 12:00:00,SACSI Full,0.2751519704982296,0.10286778211593628,0.0,0.0,0.0,0.0,0.9979370296001435,66
2025-07-27 13:00:00,SACSI Full,0.273810772115852,0.09064048528671265,0.0,0.0,0.0,0.0,0.9980649173259735,66
2025-07-27 14:00:00,SACSI Full,0.27256863874243253,0.06935998797416687,0.0,0.0,0.0,0.0,0.9983999952673912,66
2025-07-27 15:00:00,SACSI Full,0.27149906886544384,0.07012903690338135,0.0,0.0,0.0,0.0,0.9985897287726402,66
2025-07-27 16:00:00,SACSI Full,0.2707683975272035,0.07829859852790833,0.0,0.0,0.0,0.0,0.9983523324131965,66
2025-07-27 17:00:00,SACSI Full,0.27056436644441445,0.14279067516326904,0.0,0.0,0.0,0.0,0.9964992657303811,66
2025-07-27 18:00:00,SACSI Full,0.2712501822674926,0.23324474692344666,0.0,0.0,0.0,0.0,0.9944305643439293,66
2025-07-27 19:00:00,SACSI Full,0.27242470691170845,0.1713573932647705,0.0,0.0,0.0,0.0,0.9959539785981179,66
2025-07-27 20:00:00,SACSI Full,0.2730890101755316,0.2927909791469574,0.0,0.0,0.0,0.0,0.992929844558239,66
2025-07-27 21:00:00,SACSI Full,0.2737098949325735,0.27976542711257935,0.0,0.0,0.0,0.0,0.9942744359374047,66
2025-07-27 22:00:00,SACSI Full,0.2743069991919056,0.2641312777996063,0.0,0.0,0.0,0.0,0.9945610329508782,66
2025-07-27 23:00:00,SACSI Full,0.2748470334939813,0.24701029062271118,0.0,0.0,0.0,0.0,0.9948885843157768,66
2025-07-28 00:00:00,SACSI Full,0.27535800308114844,0.23829087615013123,0.0,0.0,0.0,0.0,0.9951469883322716,66
2025-07-28 01:00:00,SACSI Full,0.27579832828409034,0.20009756088256836,0.0,0.0,0.0,0.0,0.995616115629673,66
2025-07-28 02:00:00,SACSI Full,0.27685583073503334,0.08525073528289795,0.0,0.0,0.0,0.0,0.9971465170383453,66
2025-07-28 03:00:00,SACSI Full,0.2771905138902521,0.17690494656562805,0.0,0.0,0.0,0.0,0.9955453589558602,66
2025-07-28 04:00:00,SACSI Full,0.2782402717110173,0.08292734622955322,0.0,0.0,0.0,0.0,0.9974016770720482,66
2025-07-28 05:00:00,SACSI Full,0.2786481067399835,0.09035050868988037,0.0,0.0,0.0,0.0,0.9981187582015991,66
2025-07-28 06:00:00,SACSI Full,0.27998510956174694,0.08610084652900696,0.0,0.0,0.0,0.0,0.9982354864478111,66
2025-07-28 07:00:00,SACSI Full,0.2800990818473355,0.1531916856765747,0.0,0.0,0.0,0.0,0.9962652578949929,66
2025-07-28 08:00:00,SACSI Full,0.2798625370904462,0.17553657293319702,0.0,0.0,0.0,0.0,0.9962658196687698,66
2025-07-28 09:00:00,SACSI Full,0.27914896105812553,0.10892719030380249,0.0,0.0,0.0,0.0,0.99715536236763,66
2025-07-28 10:00:00,SACSI Full,0.27810157278425063,0.08528351783752441,0.0,0.0,0.0,0.0,0.9980578929185867,66
2025-07-28 11:00:00,SACSI Full,0.276815377370979,0.08164137601852417,0.0,0.0,0.0,0.0,0.9983307510614394,66
2025-07-28 12:00:00,SACSI Full,0.27533023575829035,0.04745751619338989,0.0,0.0,0.0,0.0,0.9987090110778809,66
2025-07-28 13:00:00,SACSI Full,0.2739268717182335,0.07199078798294067,0.0,0.0,0.0,0.0,0.9983148515224457,66
2025-07-28 14:00:00,SACSI Full,0.2727137511369245,0.0865638256072998,0.0,0.0,0.0,0.0,0.9981229931116105,66
2025-07-28 15:00:00,SACSI Full,0.2716641026223358,0.07610544562339783,0.0,0.0,0.0,0.0,0.998373307287693,66
2025-07-28 16:00:00,SACSI Full,0.2709626353077746,0.09555980563163757,0.0,0.0,0.0,0.0,0.9978942602872848,66
2025-07-28 17:00:00,SACSI Full,0.2706946359893338,0.14060020446777344,0.0,0.0,0.0,0.0,0.9967375919222832,66
2025-07-28 18:00:00,SACSI Full,0.2711144513627545,0.2534446120262146,0.0,0.0,0.0,0.0,0.9938026636838913,66
2025-07-28 19:00:00,SACSI Full,0.2717385512595034,0.2977299690246582,0.0,0.0,0.0,0.0,0.9936025470495224,66
2025-07-28 20:00:00,SACSI Full,0.27243674969798887,0.30295953154563904,0.0,0.0,0.0,0.0,0.9938885137438774,66
2025-07-28 21:00:00,SACSI Full,0.27312551868167084,0.300130695104599,0.0,0.0,0.0,0.0,0.9939690977334976,66
2025-07-28 22:00:00,SACSI Full,0.27379205860978917,0.29346197843551636,0.0,0.0,0.0,0.0,0.9940640732645989,66
2025-07-28 23:00:00,SACSI Full,0.27446575480348423,0.3041088581085205,0.0,0.0,0.0,0.0,0.9938113540410995,66
2025-07-29 00:00:00,SACSI Full,0.27509171588943954,0.2812883257865906,0.0,0.0,0.0,0.0,0.9941460281610489,66
2025-07-29 01:00:00,SACSI Full,0.2756452831606721,0.2595701813697815,0.0,0.0,0.0,0.0,0.9945914149284363,66
2025-07-29 02:00:00,SACSI Full,0.2761691717891549,0.2506665885448456,0.0,0.0,0.0,0.0,0.9948976323008537,66
2025-07-29 03:00:00,SACSI Full,0.2766641869342978,0.24200454354286194,0.0,0.0,0.0,0.0,0.9950732886791229,66
2025-07-29 04:00:00,SACSI Full,0.2770852910952424,0.21133124828338623,0.0,0.0,0.0,0.0,0.9954666420817375,66
2025-07-29 05:00:00,SACSI Full,0.2773260465364312,0.14022663235664368,0.0,0.0,0.0,0.0,0.9964844211935997,66
2025-07-29 06:00:00,SACSI Full,0.2775761996432796,0.14304593205451965,0.0,0.0,0.0,0.0,0.9971108883619308,66
2025-07-29 07:00:00,SACSI Full,0.2776810017542695,0.15044063329696655,0.0,0.0,0.0,0.0,0.9969172403216362,66
2025-07-29 08:00:00,SACSI Full,0.2773513225560044,0.1220962405204773,0.0,0.0,0.0,0.0,0.9972746312618256,66
2025-07-29 09:00:00,SACSI Full,0.2765692923447147,0.07989093661308289,0.0,0.0,0.0,0.0,0.9979801282286644,66
2025-07-29 10:00:00,SACSI Full,0.27546494885252465,0.06819695234298706,0.0,0.0,0.0,0.0,0.9985191211104393,66
2025-07-29 11:00:00,SACSI Full,0.2741162708835458,0.06289660930633545,0.0,0.0,0.0,0.0,0.9986890643835068,66
2025-07-29 12:00:00,SACSI Full,0.27266014553990514,0.0646623969078064,0.0,0.0,0.0,0.0,0.9986890941858292,66
2025-07-29 13:00:00,SACSI Full,0.27119944282498515,0.054789185523986816,0.0,0.0,0.0,0.0,0.9988054841756822,66
2025-07-29 14:00:00,SACSI Full,0.26990991057919017,0.06364032626152039,0.0,0.0,0.0,0.0,0.9986386820673943,66
2025-07-29 15:00:00,SACSI Full,0.26888639671451403,0.08394584059715271,0.0,0.0,0.0,0.0,0.9981180280447006,66
2025-07-29 16:00:00,SACSI Full,0.26817905089186184,0.0937962532043457,0.0,0.0,0.0,0.0,0.9980255708098411,66
2025-07-29 17:00:00,SACSI Full,0.2680280686708942,0.1672053337097168,0.0,0.0,0.0,0.0,0.9959218025207519,66
2025-07-29 18:00:00,SACSI Full,0.26864770441101543,0.3048907220363617,0.0,0.0,0.0,0.0,0.9925253316760063,66
2025-07-29 19:00:00,SACSI Full,0.26949893876837244,0.34887030720710754,0.0,0.0,0.0,0.0,0.9925827980041504,66
2025-07-29 20:00:00,SACSI Full,0.2704403236608361,0.3759154677391052,0.0,0.0,0.0,0.0,0.9922112390398978,66
2025-07-29 21:00:00,SACSI Full,0.2712756244719679,0.3355902433395386,0.0,0.0,0.0,0.0,0.9928849428892136,66
2025-07-29 22:00:00,SACSI Full,0.2720674352507447,0.3225432336330414,0.0,0.0,0.0,0.0,0.9934186652302741,66
2025-07-29 23:00:00,SACSI Full,0.27280700282381526,0.29837027192115784,0.0,0.0,0.0,0.0,0.993790864944458,66
2025-07-30 00:00:00,SACSI Full,0.27351834213382553,0.2899017930030823,0.0,0.0,0.0,0.0,0.9941172793507576,66
2025-07-30 01:00:00,SACSI Full,0.27413646054155183,0.25343552231788635,0.0,0.0,0.0,0.0,0.9945666268467903,66
2025-07-30 02:00:00,SACSI Full,0.27474026936418366,0.24914264678955078,0.0,0.0,0.0,0.0,0.9949742183089256,66
2025-07-30 03:00:00,SACSI Full,0.2752385384945726,0.2089807391166687,0.0,0.0,0.0,0.0,0.9954187661409377,66
2025-07-30 04:00:00,SACSI Full,0.27563231869584875,0.17763406038284302,0.0,0.0,0.0,0.0,0.9961338520050049,66
2025-07-30 05:00:00,SACSI Full,0.27703787746873054,0.20666763186454773,0.0,0.0,0.0,0.0,0.995576311647892,66
2025-07-30 06:00:00,SACSI Full,0.2775826923287566,0.2399444580078125,0.0,0.0,0.0,0.0,0.9948683425784111,66
2025-07-30 07:00:00,SACSI Full,0.27864445690598644,0.1375293731689453,0.0,0.0,0.0,0.0,0.9962252616882324,66
2025-07-30 08:00:00,SACSI Full,0.278548920184439,0.1753389835357666,0.0,0.0,0.0,0.0,0.9961151242256164,66
2025-07-30 09:00:00,SACSI Full,0.27779433493183614,0.08812442421913147,0.0,0.0,0.0,0.0,0.997365365922451,66
2025-07-30 10:00:00,SACSI Full,0.27670495121207395,0.0726848840713501,0.0,0.0,0.0,0.0,0.9983919069170952,66
2025-07-30 11:00:00,SACSI Full,0.27534099187102473,0.0498121976852417,0.0,0.0,0.0,0.0,0.9987750291824341,66
2025-07-30 12:00:00,SACSI Full,0.27392193740493614,0.06728366017341614,0.0,0.0,0.0,0.0,0.9984796121716499,66
2025-07-30 13:00:00,SACSI Full,0.2724660979323244,0.05624815821647644,0.0,0.0,0.0,0.0,0.9987646818161011,66
2025-07-30 14:00:00,SACSI Full,0.271168072024649,0.061092227697372437,0.0,0.0,0.0,0.0,0.9987297147512436,66
2025-07-30 15:00:00,SACSI Full,0.27102448658989425,0.04792436957359314,0.0,0.0,0.0,0.0,0.9989098340272904,66
2025-07-30 16:00:00,SACSI Full,0.270368297284112,0.06664320826530457,0.0,0.0,0.0,0.0,0.9984799474477768,66
2025-07-30 17:00:00,SACSI Full,0.27011460636026224,0.11939272284507751,0.0,0.0,0.0,0.0,0.9970846503973007,66
2025-07-30 18:00:00,SACSI Full,0.2704875901671902,0.21389514207839966,0.0,0.0,0.0,0.0,0.9947770729660987,66
2025-07-30 19:00:00,SACSI Full,0.27090968502408824,0.20312845706939697,0.0,0.0,0.0,0.0,0.9958297640085221,66
2025-07-30 20:00:00,SACSI Full,0.27118560723986784,0.13377666473388672,0.0,0.0,0.0,0.0,0.9966309487819671,66
2025-07-30 21:00:00,SACSI Full,0.2719297343369977,0.29123812913894653,0.0,0.0,0.0,0.0,0.9926006227731704,66
2025-07-30 22:00:00,SACSI Full,0.2726339255941566,0.27075737714767456,0.0,0.0,0.0,0.0,0.9943800449371338,66
2025-07-30 23:00:00,SACSI Full,0.27299583545731065,0.15957295894622803,0.0,0.0,0.0,0.0,0.9956966966390609,66
2025-07-31 00:00:00,SACSI Full,0.27335859418994746,0.15982761979103088,0.0,0.0,0.0,0.0,0.9968009009957314,66
2025-07-31 01:00:00,SACSI Full,0.27373947147574584,0.1737631857395172,0.0,0.0,0.0,0.0,0.9963853806257248,66
2025-07-31 02:00:00,SACSI Full,0.27448254903442226,0.29092326760292053,0.0,0.0,0.0,0.0,0.9930099338293076,66
2025-07-31 03:00:00,SACSI Full,0.2752042123997863,0.2759990096092224,0.0,0.0,0.0,0.0,0.9943307772278785,66
2025-07-31 04:00:00,SACSI Full,0.2758887847881174,0.2648717164993286,0.0,0.0,0.0,0.0,0.9945912927389146,66
2025-07-31 05:00:00,SACSI Full,0.27641728589104175,0.21805033087730408,0.0,0.0,0.0,0.0,0.9951707795262337,66
2025-07-31 06:00:00,SACSI Full,0.2771208485504643,0.27906879782676697,0.0,0.0,0.0,0.0,0.9938084393739701,66
2025-07-31 07:00:00,SACSI Full,0.277625613722469,0.2704295516014099,0.0,0.0,0.0,0.0,0.9945050165057182,66
2025-07-31 08:00:00,SACSI Full,0.2776078284768915,0.2241644263267517,0.0,0.0,0.0,0.0,0.9950540602207184,66
2025-07-31 09:00:00,SACSI Full,0.27718959044502733,0.21452859044075012,0.0,0.0,0.0,0.0,0.995613069832325,66
2025-07-31 10:00:00,SACSI Full,0.2764027638416147,0.18045201897621155,0.0,0.0,0.0,0.0,0.9960501939058304,66
2025-07-31 11:00:00,SACSI Full,0.27534827449685895,0.16815319657325745,0.0,0.0,0.0,0.0,0.9965139478445053,66
2025-07-31 12:00:00,SACSI Full,0.2742385189291493,0.17707332968711853,0.0,0.0,0.0,0.0,0.996369332075119,66
2025-07-31 13:00:00,SACSI Full,0.2730050583915567,0.139961838722229,0.0,0.0,0.0,0.0,0.9968296483159065,66
2025-07-31 14:00:00,SACSI Full,0.27183999127195835,0.1264798641204834,0.0,0.0,0.0,0.0,0.9973355829715729,66
2025-07-31 15:00:00,SACSI Full,0.2708565361989196,0.0959634780883789,0.0,0.0,0.0,0.0,0.9977755665779113,66
2025-07-31 16:00:00,SACSI Full,0.2701506387691354,0.0942307710647583,0.0,0.0,0.0,0.0,0.9980980575084687,66
2025-07-31 17:00:00,SACSI Full,0.2700424445045646,0.1715417206287384,0.0,0.0,0.0,0.0,0.9957960560917855,66
2025-07-31 18:00:00,SACSI Full,0.27114427725838186,0.24104982614517212,0.0,0.0,0.0,0.0,0.9944839224219322,66
2025-07-31 19:00:00,SACSI Full,0.2719041963065322,0.32147571444511414,0.0,0.0,0.0,0.0,0.9927662268280983,66
2025-07-31 20:00:00,SACSI Full,0.2727858706113354,0.24100229144096375,0.0,0.0,0.0,0.0,0.9943752199411393,66
2025-07-31 21:00:00,SACSI Full,0.27365134849197226,0.3531433641910553,0.0,0.0,0.0,0.0,0.991815721988678,66
2025-07-31 22:00:00,SACSI Full,0.27439300272431527,0.2989962697029114,0.0,0.0,0.0,0.0,0.9934786036610603,66
2025-07-31 23:00:00,SACSI Full,0.27510453127907275,0.28995856642723083,0.0,0.0,0.0,0.0,0.9941104516386986,66
2025-08-01 00:00:00,SACSI Full,0.27581104608979384,0.28845444321632385,0.0,0.0,0.0,0.0,0.9942158699035645,66
2025-08-01 01:00:00,SACSI Full,0.27653173240151563,0.2927058935165405,0.0,0.0,0.0,0.0,0.994103367626667,66
2025-08-01 02:00:00,SACSI Full,0.2771832549735562,0.27195677161216736,0.0,0.0,0.0,0.0,0.9943533733487129,66
2025-08-01 03:00:00,SACSI Full,0.27772960889226755,0.23190617561340332,0.0,0.0,0.0,0.0,0.9949613705277442,66
2025-08-01 04:00:00,SACSI Full,0.2782185022120333,0.20616799592971802,0.0,0.0,0.0,0.0,0.9956192582845688,66
2025-08-01 05:00:00,SACSI Full,0.27862941802071095,0.174274742603302,0.0,0.0,0.0,0.0,0.9961955726146697,66
2025-08-01 06:00:00,SACSI Full,0.2788954734155194,0.1393166184425354,0.0,0.0,0.0,0.0,0.9968640863895416,66
2025-08-01 07:00:00,SACSI Full,0.2791286264471865,0.18044590950012207,0.0,0.0,0.0,0.0,0.9959797888994217,66
2025-08-01 08:00:00,SACSI Full,0.27894067689465046,0.17311513423919678,0.0,0.0,0.0,0.0,0.9964643895626067,66
2025-08-01 09:00:00,SACSI Full,0.278915071684982,0.1323184370994568,0.0,0.0,0.0,0.0,0.9969456642866135,66
2025-08-01 10:00:00,SACSI Full,0.2782692376165247,0.23124977946281433,0.0,0.0,0.0,0.0,0.99438569098711,66
2025-08-01 11:00:00,SACSI Full,0.27721057942357225,0.1669025421142578,0.0,0.0,0.0,0.0,0.9960184767842293,66
2025-08-01 12:00:00,SACSI Full,0.2758680791422383,0.107249915599823,0.0,0.0,0.0,0.0,0.9972584754228592,66
2025-08-01 13:00:00,SACSI Full,0.2745229997011677,0.11497616767883301,0.0,0.0,0.0,0.0,0.9976232141256333,66
2025-08-01 14:00:00,SACSI Full,0.2732493716618077,0.09391158819198608,0.0,0.0,0.0,0.0,0.9979111224412918,66
2025-08-01 15:00:00,SACSI Full,0.2721817264839665,0.08770644664764404,0.0,0.0,0.0,0.0,0.9981838196516036,66
2025-08-01 16:00:00,SACSI Full,0.27142310401009084,0.08691325783729553,0.0,0.0,0.0,0.0,0.9982538029551506,66
2025-08-01 17:00:00,SACSI Full,0.27127909480459056,0.16079723834991455,0.0,0.0,0.0,0.0,0.9960452154278755,66
2025-08-01 18:00:00,SACSI Full,0.27178248138791883,0.2615159749984741,0.0,0.0,0.0,0.0,0.9937624931335449,66
2025-08-01 19:00:00,SACSI Full,0.2725359246568537,0.3110329806804657,0.0,0.0,0.0,0.0,0.9932841703295708,66
2025-08-01 20:00:00,SACSI Full,0.2732982674301323,0.2967028319835663,0.0,0.0,0.0,0.0,0.9939226418733598,66
2025-08-01 21:00:00,SACSI Full,0.2740489408728139,0.28470203280448914,0.0,0.0,0.0,0.0,0.9941859513521194,66
2025-08-01 22:00:00,SACSI Full,0.2747993915602224,0.2761352062225342,0.0,0.0,0.0,0.0,0.9943916276097298,66
2025-08-01 23:00:00,SACSI Full,0.2755396001828369,0.2730625867843628,0.0,0.0,0.0,0.0,0.994508022069931,66
2025-08-02 00:00:00,SACSI Full,0.27617746465013987,0.24235934019088745,0.0,0.0,0.0,0.0,0.9948457807302474,66
2025-08-02 01:00:00,SACSI Full,0.27667795905477366,0.19264832139015198,0.0,0.0,0.0,0.0,0.9956499233841896,66
2025-08-02 02:00:00,SACSI Full,0.27702379927443027,0.14625206589698792,0.0,0.0,0.0,0.0,0.9966109961271286,66
2025-08-02 03:00:00,SACSI Full,0.27714986375775497,0.080319344997406,0.0,0.0,0.0,0.0,0.9977342858910561,66
2025-08-02 04:00:00,SACSI Full,0.27727048931724385,0.07868766784667969,0.0,0.0,0.0,0.0,0.9984099298715592,66
2025-08-02 05:00:00,SACSI Full,0.2774107546071863,0.08457958698272705,0.0,0.0,0.0,0.0,0.998249489068985,66
2025-08-02 06:00:00,SACSI Full,0.2775553052056487,0.0943651795387268,0.0,0.0,0.0,0.0,0.9980148404836655,66
2025-08-02 07:00:00,SACSI Full,0.27790785925514055,0.2162662148475647,0.0,0.0,0.0,0.0,0.9944556653499603,66
2025-08-02 08:00:00,SACSI Full,0.2778852855385001,0.21422788500785828,0.0,0.0,0.0,0.0,0.9956950590014458,66
2025-08-02 09:00:00,SACSI Full,0.27731551935401116,0.1605701446533203,0.0,0.0,0.0,0.0,0.9962520197033882,66
2025-08-02 10:00:00,SACSI Full,0.2763514824124828,0.1357889175415039,0.0,0.0,0.0,0.0,0.9970364093780518,66
2025-08-02 11:00:00,SACSI Full,0.2752244470298941,0.13788938522338867,0.0,0.0,0.0,0.0,0.9972212076187134,66
2025-08-02 12:00:00,SACSI Full,0.27382372390395954,0.10678306221961975,0.0,0.0,0.0,0.0,0.9975532755255699,66
2025-08-02 13:00:00,SACSI Full,0.27245382757233133,0.1075311005115509,0.0,0.0,0.0,0.0,0.9978418976068497,66
2025-08-02 14:00:00,SACSI Full,0.2711588528574164,0.0960075855255127,0.0,0.0,0.0,0.0,0.9979646131396294,66
2025-08-02 15:00:00,SACSI Full,0.270138976066575,0.11053696274757385,0.0,0.0,0.0,0.0,0.9976439669728279,66
2025-08-02 16:00:00,SACSI Full,0.2694739880534664,0.09800359606742859,0.0,0.0,0.0,0.0,0.9979145944118499,66
2025-08-02 17:00:00,SACSI Full,0.26946310088919156,0.18373385071754456,0.0,0.0,0.0,0.0,0.995468020439148,66
2025-08-02 18:00:00,SACSI Full,0.27016568944103075,0.3127765655517578,0.0,0.0,0.0,0.0,0.9924540415406227,66
2025-08-02 19:00:00,SACSI Full,0.27100168987876727,0.32730013132095337,0.0,0.0,0.0,0.0,0.993308761715889,66
2025-08-02 20:00:00,SACSI Full,0.2718928562049722,0.3183498978614807,0.0,0.0,0.0,0.0,0.9935434997081757,66
2025-08-02 21:00:00,SACSI Full,0.2727192263218418,0.29891103506088257,0.0,0.0,0.0,0.0,0.9938273906707763,66
2025-08-02 22:00:00,SACSI Full,0.2735028574248806,0.28608933091163635,0.0,0.0,0.0,0.0,0.9941499963402748,66
2025-08-02 23:00:00,SACSI Full,0.2742734137523825,0.28216689825057983,0.0,0.0,0.0,0.0,0.9943174377083779,66
2025-08-03 00:00:00,SACSI Full,0.27499547325736834,0.2676178514957428,0.0,0.0,0.0,0.0,0.9945021525025367,66
2025-08-03 01:00:00,SACSI Full,0.275653100372618,0.25678813457489014,0.0,0.0,0.0,0.0,0.9947559401392936,66
2025-08-03 02:00:00,SACSI Full,0.2762668018449004,0.2436104416847229,0.0,0.0,0.0,0.0,0.9949960142374039,66
2025-08-03 03:00:00,SACSI Full,0.2768076448516702,0.21325290203094482,0.0,0.0,0.0,0.0,0.9954313665628433,66
2025-08-03 04:00:00,SACSI Full,0.2773515480602438,0.21417096257209778,0.0,0.0,0.0,0.0,0.9957074001431465,66
2025-08-03 05:00:00,SACSI Full,0.277732409982349,0.15675857663154602,0.0,0.0,0.0,0.0,0.9962907046079637,66
2025-08-03 06:00:00,SACSI Full,0.27799736047314155,0.1304851472377777,0.0,0.0,0.0,0.0,0.9971275627613068,66
2025-08-03 07:00:00,SACSI Full,0.2781008001554663,0.1330319046974182,0.0,0.0,0.0,0.0,0.9973138943314552,66
2025-08-03 08:00:00,SACSI Full,0.2778557208097631,0.1474761962890625,0.0,0.0,0.0,0.0,0.9969060331583023,66
2025-08-03 09:00:00,SACSI Full,0.2770739488510941,0.09696841239929199,0.0,0.0,0.0,0.0,0.9975555539131165,66
2025-08-03 10:00:00,SACSI Full,0.2760172217198863,0.1079818606376648,0.0,0.0,0.0,0.0,0.997730228304863,66
2025-08-03 11:00:00,SACSI Full,0.2748306968939955,0.1370425522327423,0.0,0.0,0.0,0.0,0.9969685420393944,66
2025-08-03 12:00:00,SACSI Full,0.27350956136670257,0.1306593418121338,0.0,0.0,0.0,0.0,0.9973229810595512,66
2025-08-03 13:00:00,SACSI Full,0.27235577664421545,0.13836458325386047,0.0,0.0,0.0,0.0,0.9971556559205056,66
2025-08-03 14:00:00,SACSI Full,0.2712723331869299,0.11696696281433105,0.0,0.0,0.0,0.0,0.9974466845393181,66
2025-08-03 15:00:00,SACSI Full,0.27036271542277485,0.084114670753479,0.0,0.0,0.0,0.0,0.997989183664322,66
2025-08-03 16:00:00,SACSI Full,0.26970160022146056,0.09916543960571289,0.0,0.0,0.0,0.0,0.9978661835193634,66
2025-08-03 17:00:00,SACSI Full,0.2696448157251532,0.17846465110778809,0.0,0.0,0.0,0.0,0.9956377148628235,66
2025-08-03 18:00:00,SACSI Full,0.2703081978659486,0.28401464223861694,0.0,0.0,0.0,0.0,0.9932642072439194,66
2025-08-03 19:00:00,SACSI Full,0.27106554255849674,0.2867034077644348,0.0,0.0,0.0,0.0,0.9942390441894532,66
2025-08-03 20:00:00,SACSI Full,0.2718790159857924,0.28654202818870544,0.0,0.0,0.0,0.0,0.9942675456404686,66
2025-08-03 21:00:00,SACSI Full,0.27269129831360334,0.286184698343277,0.0,0.0,0.0,0.0,0.9942727327346802,66
2025-08-03 22:00:00,SACSI Full,0.2735382454439655,0.30508413910865784,0.0,0.0,0.0,0.0,0.993709322810173,66
2025-08-03 23:00:00,SACSI Full,0.2743590934217627,0.3057543933391571,0.0,0.0,0.0,0.0,0.9938782095909119,66
2025-08-04 00:00:00,SACSI Full,0.2750429247256771,0.2646493911743164,0.0,0.0,0.0,0.0,0.9942959621548653,66
2025-08-04 01:00:00,SACSI Full,0.275726579699184,0.26459649205207825,0.0,0.0,0.0,0.0,0.9947075411677361,66
2025-08-04 02:00:00,SACSI Full,0.27631145288831543,0.23496195673942566,0.0,0.0,0.0,0.0,0.995004415512085,66
2025-08-04 03:00:00,SACSI Full,0.2768096010880326,0.20044445991516113,0.0,0.0,0.0,0.0,0.9956459358334542,66
2025-08-04 04:00:00,SACSI Full,0.27725728577739545,0.17680540680885315,0.0,0.0,0.0,0.0,0.9962275013327598,66
2025-08-04 05:00:00,SACSI Full,0.2777240933923577,0.17404228448867798,0.0,0.0,0.0,0.0,0.9964915230870247,66
2025-08-04 06:00:00,SACSI Full,0.278136427560315,0.16620025038719177,0.0,0.0,0.0,0.0,0.9965975746512412,66
2025-08-04 07:00:00,SACSI Full,0.27831310770875756,0.14650404453277588,0.0,0.0,0.0,0.0,0.9968729570508004,66
2025-08-04 08:00:00,SACSI Full,0.27821799494233274,0.16696617007255554,0.0,0.0,0.0,0.0,0.9964560553431511,66
2025-08-04 09:00:00,SACSI Full,0.2774720982572093,0.11623099446296692,0.0,0.0,0.0,0.0,0.9971680283546448,66
2025-08-04 10:00:00,SACSI Full,0.2764637244006648,0.12248784303665161,0.0,0.0,0.0,0.0,0.9974876746535302,66
2025-08-04 11:00:00,SACSI Full,0.2753416451101159,0.1563762128353119,0.0,0.0,0.0,0.0,0.9965335920453071,66
2025-08-04 12:00:00,SACSI Full,0.2741293972663735,0.19732564687728882,0.0,0.0,0.0,0.0,0.9956439927220344,66
2025-08-04 13:00:00,SACSI Full,0.27302133420513613,0.18608108162879944,0.0,0.0,0.0,0.0,0.9961659327149391,66
2025-08-04 14:00:00,SACSI Full,0.27201360967126037,0.18218263983726501,0.0,0.0,0.0,0.0,0.9963173627853393,66
2025-08-04 15:00:00,SACSI Full,0.271168796457912,0.1545560359954834,0.0,0.0,0.0,0.0,0.9966326132416725,66
2025-08-04 16:00:00,SACSI Full,0.2704288665656899,0.05852103233337402,0.0,0.0,0.0,0.0,0.9978692293167114,66
2025-08-04 17:00:00,SACSI Full,0.27002975971427107,0.05876794457435608,0.0,0.0,0.0,0.0,0.998822171986103,66
2025-08-04 18:00:00,SACSI Full,0.2699960272881045,0.07488027215003967,0.0,0.0,0.0,0.0,0.9983412712812424,66
2025-08-04 19:00:00,SACSI Full,0.27002598967836844,0.0684887170791626,0.0,0.0,0.0,0.0,0.998566310107708,66
2025-08-04 20:00:00,SACSI Full,0.27113213551964904,0.3998437523841858,0.0,0.0,0.0,0.0,0.988689574599266,66
2025-08-04 21:00:00,SACSI Full,0.27221408608005987,0.40108516812324524,0.0,0.0,0.0,0.0,0.9919658824801445,66
2025-08-04 22:00:00,SACSI Full,0.272945398409829,0.29589369893074036,0.0,0.0,0.0,0.0,0.9930302113294602,66
2025-08-04 23:00:00,SACSI Full,0.27312300177064086,0.10428100824356079,0.0,0.0,0.0,0.0,0.9959982529282569,66
2025-08-05 00:00:00,SACSI Full,0.27536734725362605,0.02430364489555359,0.0,0.0,0.0,0.0,0.9987141534686089,66
2025-08-05 01:00:00,SACSI Full,0.2756063379347975,0.12269720435142517,0.0,0.0,0.0,0.0,0.9965621203184128,66
2025-08-05 02:00:00,SACSI Full,0.2801233911113595,0.014615952968597412,0.0,0.0,0.0,0.0,0.9986268684267997,66
2025-08-05 03:00:00,SACSI Full,0.2847287506243244,0.007107853889465332,0.0,0.0,0.0,0.0,0.9997827619314194,66
2025-08-05 04:00:00,SACSI Full,0.2849303819287474,0.011489391326904297,0.0,0.0,0.0,0.0,0.9997263967990876,66
2025-08-05 05:00:00,SACSI Full,0.2848500873816664,0.043911635875701904,0.0,0.0,0.0,0.0,0.9987975448369979,66
2025-08-05 06:00:00,SACSI Full,0.2847414654617166,0.043913424015045166,0.0,0.0,0.0,0.0,0.9991217136383056,66
2025-08-05 07:00:00,SACSI Full,0.2844987081874068,0.03767281770706177,0.0,0.0,0.0,0.0,0.9991841375827789,66
2025-08-05 08:00:00,SACSI Full,0.29773694308247717,0.015970468521118164,0.0,0.0,0.0,0.0,0.9994635671377181,66
2025-08-05 09:00:00,SACSI Full,0.29913798109498174,0.007311403751373291,0.0,0.0,0.0,0.0,0.999767181277275,66
2025-08-05 10:00:00,SACSI Full,0.2993568211297845,0.005652010440826416,0.0,0.0,0.0,0.0,0.999870365858078,66
2025-08-05 11:00:00,SACSI Full,0.30752904086079746,0.008665919303894043,0.0,0.0,0.0,0.0,0.9997965425252914,66
2025-08-05 12:00:00,SACSI Full,0.30976357021536977,0.008358806371688843,0.0,0.0,0.0,0.0,0.9998297527432441,66
2025-08-05 13:00:00,SACSI Full,0.30870365046706355,0.005024075508117676,0.0,0.0,0.0,0.0,0.9998661711812019,66
2025-08-05 14:00:00,SACSI Full,0.30775640641417656,0.004826784133911133,0.0,0.0,0.0,0.0,0.9999014914035798,66
2025-08-05 15:00:00,SACSI Full,0.30692762517101124,0.00636562705039978,0.0,0.0,0.0,0.0,0.9998572990298271,66
2025-08-05 16:00:00,SACSI Full,0.3062142430588261,0.006985366344451904,0.0,0.0,0.0,0.0,0.9998540952801704,66
2025-08-05 17:00:00,SACSI Full,0.30569723279045574,0.00639691948890686,0.0,0.0,0.0,0.0,0.9998661771416665,66
2025-08-05 18:00:00,SACSI Full,0.30538143277293994,0.007259994745254517,0.0,0.0,0.0,0.0,0.9998461693525313,66
2025-08-05 19:00:00,SACSI Full,0.30512538892951163,0.00818684697151184,0.0,0.0,0.0,0.0,0.9998269945383071,66
2025-08-05 20:00:00,SACSI Full,0.304938130867149,0.01182258129119873,0.0,0.0,0.0,0.0,0.9997271910309792,66
2025-08-05 21:00:00,SACSI Full,0.3047274349996105,0.013291239738464355,0.0,0.0,0.0,0.0,0.999719488620758,66
2025-08-05 22:00:00,SACSI Full,0.30456926228251613,0.012048184871673584,0.0,0.0,0.0,0.0,0.9997466057538986,66
2025-08-05 23:00:00,SACSI Full,0.3050921947293138,0.00787973403930664,0.0,0.0,0.0,0.0,0.9998007208108902,66
2025-08-06 00:00:00,SACSI Full,0.304952190766797,0.0089988112449646,0.0,0.0,0.0,0.0,0.9998088330030441,66
2025-08-06 01:00:00,SACSI Full,0.30481831714199537,0.010837912559509277,0.0,0.0,0.0,0.0,0.9997648507356643,66
2025-08-06 02:00:00,SACSI Full,0.3046867174343919,0.011520087718963623,0.0,0.0,0.0,0.0,0.9997627764940262,66
2025-08-06 03:00:00,SACSI Full,0.3044988206089194,0.01163095235824585,0.0,0.0,0.0,0.0,0.9997662723064423,66
2025-08-06 04:00:00,SACSI Full,0.3043122787957048,0.012037456035614014,0.0,0.0,0.0,0.0,0.9997551858425141,66
2025-08-06 05:00:00,SACSI Full,0.30414455791122275,0.009183734655380249,0.0,0.0,0.0,0.0,0.99978778809309,66
2025-08-06 06:00:00,SACSI Full,0.3052814396624422,0.009064525365829468,0.0,0.0,0.0,0.0,0.9998175173997879,66
2025-08-06 07:00:00,SACSI Full,0.3066639839622036,0.00826328992843628,0.0,0.0,0.0,0.0,0.9998267218470573,66
2025-08-06 08:00:00,SACSI Full,0.3072649661235666,0.0077946484088897705,0.0,0.0,0.0,0.0,0.9998394206166268,66
2025-08-06 09:00:00,SACSI Full,0.30666811513390696,0.007944703102111816,0.0,0.0,0.0,0.0,0.9998396053910255,66
2025-08-06 10:00:00,SACSI Full,0.3054800907624419,0.00909268856048584,0.0,0.0,0.0,0.0,0.9998066663742066,66
2025-08-06 11:00:00,SACSI Full,0.30400610896315733,0.008305460214614868,0.0,0.0,0.0,0.0,0.9998260185122491,66
2025-08-06 12:00:00,SACSI Full,0.3022879031869427,0.011538267135620117,0.0,0.0,0.0,0.0,0.9997369065880776,66
2025-08-06 13:00:00,SACSI Full,0.3005756901610549,0.013336092233657837,0.0,0.0,0.0,0.0,0.9997152999043465,66
2025-08-06 14:00:00,SACSI Full,0.29940610857294553,0.016625523567199707,0.0,0.0,0.0,0.0,0.9996345952153206,66
2025-08-06 15:00:00,SACSI Full,0.30028930857466213,0.004960000514984131,0.0,0.0,0.0,0.0,0.9997841447591781,66
2025-08-06 16:00:00,SACSI Full,0.3012611691821272,0.004058182239532471,0.0,0.0,0.0,0.0,0.9999098181724548,66
2025-08-06 17:00:00,SACSI Full,0.3007319896321152,0.0027461349964141846,0.0,0.0,0.0,0.0,0.9999319568276406,66
2025-08-06 18:00:00,SACSI Full,0.3004836420071776,0.0019957125186920166,0.0,0.0,0.0,0.0,0.9999525815248489,66
2025-08-06 19:00:00,SACSI Full,0.300626756186153,0.002434253692626953,0.0,0.0,0.0,0.0,0.9999469295144081,66
2025-08-06 20:00:00,SACSI Full,0.30044107344196785,0.0037951767444610596,0.0,0.0,0.0,0.0,0.9999104872345925,66
2025-08-06 21:00:00,SACSI Full,0.3003124209527825,0.0039042532444000244,0.0,0.0,0.0,0.0,0.9999208241701125,66
2025-08-06 22:00:00,SACSI Full,0.3002136728760257,0.004375576972961426,0.0,0.0,0.0,0.0,0.9999077752232552,66
2025-08-06 23:00:00,SACSI Full,0.30011618792103273,0.004754513502120972,0.0,0.0,0.0,0.0,0.999901120364666,66
2025-08-07 00:00:00,SACSI Full,0.30002179942733587,0.005683451890945435,0.0,0.0,0.0,0.0,0.9998770415782928,66
2025-08-07 01:00:00,SACSI Full,0.29993188078529176,0.007024407386779785,0.0,0.0,0.0,0.0,0.9998461022973061,66
2025-08-07 02:00:00,SACSI Full,0.2998713782942945,0.007349252700805664,0.0,0.0,0.0,0.0,0.9998497664928436,66
2025-08-07 03:00:00,SACSI Full,0.2997812639503334,0.006965696811676025,0.0,0.0,0.0,0.0,0.9998568505048752,66
2025-08-07 04:00:00,SACSI Full,0.29969054213570095,0.0067834556102752686,0.0,0.0,0.0,0.0,0.9998625084757805,66
2025-08-07 05:00:00,SACSI Full,0.29959708744810554,0.0059635937213897705,0.0,0.0,0.0,0.0,0.9998725295066833,66
2025-08-07 06:00:00,SACSI Full,0.29950622854279013,0.006742328405380249,0.0,0.0,0.0,0.0,0.9998573660850525,66
2025-08-07 07:00:00,SACSI Full,0.2992266401025308,0.009623467922210693,0.0,0.0,0.0,0.0,0.9997787192463875,66
2025-08-07 08:00:00,SACSI Full,0.29868266233808327,0.05780667066574097,0.0,0.0,0.0,0.0,0.9983620345592499,66
2025-08-07 09:00:00,SACSI Full,0.29782815926756984,0.09214907884597778,0.0,0.0,0.0,0.0,0.9978135943412781,66
2025-08-07 10:00:00,SACSI Full,0.2965889931778761,0.08725017309188843,0.0,0.0,0.0,0.0,0.9982060074806213,66
2025-08-07 11:00:00,SACSI Full,0.29520255827870495,0.11106953024864197,0.0,0.0,0.0,0.0,0.9975404158234596,66
2025-08-07 12:00:00,SACSI Full,0.2936978366347802,0.11808350682258606,0.0,0.0,0.0,0.0,0.9975681900978088,66
2025-08-07 13:00:00,SACSI Full,0.29220197277194787,0.10374084115028381,0.0,0.0,0.0,0.0,0.9977817565202712,66
2025-08-07 14:00:00,SACSI Full,0.2908393132063401,0.10120213031768799,0.0,0.0,0.0,0.0,0.9979505702853202,66
2025-08-07 15:00:00,SACSI Full,0.28969262677159435,0.08099406957626343,0.0,0.0,0.0,0.0,0.9981780380010605,66
2025-08-07 16:00:00,SACSI Full,0.2888885483054969,0.07327646017074585,0.0,0.0,0.0,0.0,0.9984572947025299,66
2025-08-07 17:00:00,SACSI Full,0.28850455914464124,0.08030325174331665,0.0,0.0,0.0,0.0,0.9983236670494079,66
2025-08-07 18:00:00,SACSI Full,0.2885147307718449,0.07955148816108704,0.0,0.0,0.0,0.0,0.9984014526009559,66
2025-08-07 19:00:00,SACSI Full,0.288627519810662,0.07633671164512634,0.0,0.0,0.0,0.0,0.9984411180019379,66
2025-08-07 20:00:00,SACSI Full,0.2887761005136026,0.05307421088218689,0.0,0.0,0.0,0.0,0.9987058907747268,66
2025-08-07 21:00:00,SACSI Full,0.2889467433791015,0.0596928596496582,0.0,0.0,0.0,0.0,0.9987399563193321,66
2025-08-07 22:00:00,SACSI Full,0.28913944320883883,0.05780994892120361,0.0,0.0,0.0,0.0,0.9988249719142913,66
2025-08-07 23:00:00,SACSI Full,0.28931623803582324,0.053038448095321655,0.0,0.0,0.0,0.0,0.9988915160298347,66
2025-08-08 00:00:00,SACSI Full,0.28945732643491556,0.05082651972770691,0.0,0.0,0.0,0.0,0.9989613503217697,66
2025-08-08 01:00:00,SACSI Full,0.2896028144189371,0.043646395206451416,0.0,0.0,0.0,0.0,0.9990552708506584,66
2025-08-08 02:00:00,SACSI Full,0.28971363508270714,0.04174619913101196,0.0,0.0,0.0,0.0,0.9991460740566254,66
2025-08-08 03:00:00,SACSI Full,0.289768959814375,0.04209741950035095,0.0,0.0,0.0,0.0,0.9991545394062995,66
2025-08-08 04:00:00,SACSI Full,0.28984282930658795,0.039160847663879395,0.0,0.0,0.0,0.0,0.9991874173283577,66
2025-08-08 05:00:00,SACSI Full,0.2899047540279879,0.03557741641998291,0.0,0.0,0.0,0.0,0.9992526173591614,66
2025-08-08 06:00:00,SACSI Full,0.2899655124851717,0.03522753715515137,0.0,0.0,0.0,0.0,0.9992919504642487,66
2025-08-08 07:00:00,SACSI Full,0.2898479682466044,0.04123672842979431,0.0,0.0,0.0,0.0,0.9991151735186576,66
2025-08-08 08:00:00,SACSI Full,0.289498435006604,0.10764002799987793,0.0,0.0,0.0,0.0,0.9971831664443016,66
2025-08-08 09:00:00,SACSI Full,0.28876231818483805,0.1276649534702301,0.0,0.0,0.0,0.0,0.9972464516758919,66
2025-08-08 10:00:00,SACSI Full,0.28770521696613766,0.14186963438987732,0.0,0.0,0.0,0.0,0.9970205605030059,66
2025-08-08 11:00:00,SACSI Full,0.2864592441205833,0.16170814633369446,0.0,0.0,0.0,0.0,0.996567451953888,66
2025-08-08 12:00:00,SACSI Full,0.28556273240056174,0.15804648399353027,0.0,0.0,0.0,0.0,0.9968024536967278,66
2025-08-08 13:00:00,SACSI Full,0.2844457875534548,0.15791654586791992,0.0,0.0,0.0,0.0,0.9968403697013855,66
2025-08-08 14:00:00,SACSI Full,0.28349106728043694,0.155583918094635,0.0,0.0,0.0,0.0,0.9968649953603744,66
2025-08-08 15:00:00,SACSI Full,0.28273107055153984,0.14600098133087158,0.0,0.0,0.0,0.0,0.9969841510057449,66
2025-08-08 16:00:00,SACSI Full,0.2820942099361275,0.12344181537628174,0.0,0.0,0.0,0.0,0.9973055720329285,66
2025-08-08 17:00:00,SACSI Full,0.2818964095255389,0.1446598768234253,0.0,0.0,0.0,0.0,0.99689462184906,66
2025-08-08 18:00:00,SACSI Full,0.2820708000934774,0.15431717038154602,0.0,0.0,0.0,0.0,0.9968170836567879,66
2025-08-08 19:00:00,SACSI Full,0.28237764241582697,0.1685526967048645,0.0,0.0,0.0,0.0,0.9964865908026695,66
2025-08-08 20:00:00,SACSI Full,0.2826407838714773,0.14694243669509888,0.0,0.0,0.0,0.0,0.9968450486660004,66
2025-08-08 21:00:00,SACSI Full,0.2829628656455531,0.1561245322227478,0.0,0.0,0.0,0.0,0.9967856884002686,66
2025-08-08 22:00:00,SACSI Full,0.28329519223338906,0.1506979763507843,0.0,0.0,0.0,0.0,0.9969317749142647,66
2025-08-08 23:00:00,SACSI Full,0.28359066427594964,0.13964161276817322,0.0,0.0,0.0,0.0,0.9970966041088105,66
2025-08-09 00:00:00,SACSI Full,0.28386929128375193,0.14308810234069824,0.0,0.0,0.0,0.0,0.9971037730574608,66
2025-08-09 01:00:00,SACSI Full,0.2841141994472995,0.13297244906425476,0.0,0.0,0.0,0.0,0.9972393944859504,66
2025-08-09 02:00:00,SACSI Full,0.2843228384157672,0.13059169054031372,0.0,0.0,0.0,0.0,0.9973643586039542,66
2025-08-09 03:00:00,SACSI Full,0.28452037055538637,0.12725964188575745,0.0,0.0,0.0,0.0,0.9974214866757393,66
2025-08-09 04:00:00,SACSI Full,0.2846939679531907,0.12007921934127808,0.0,0.0,0.0,0.0,0.9975266113877296,66
2025-08-09 05:00:00,SACSI Full,0.28481231631563647,0.10350450873374939,0.0,0.0,0.0,0.0,0.9977641627192497,66
2025-08-09 06:00:00,SACSI Full,0.28497085582461507,0.12406185269355774,0.0,0.0,0.0,0.0,0.9973131895065308,66
2025-08-09 07:00:00,SACSI Full,0.2849945196227883,0.1260991394519806,0.0,0.0,0.0,0.0,0.9974576443433761,66
2025-08-09 08:00:00,SACSI Full,0.2847491231477911,0.13888105750083923,0.0,0.0,0.0,0.0,0.9970945596694947,66
2025-08-09 09:00:00,SACSI Full,0.2840373990985408,0.10098278522491455,0.0,0.0,0.0,0.0,0.9976013615727425,66
2025-08-09 10:00:00,SACSI Full,0.2830877601556634,0.14010831713676453,0.0,0.0,0.0,0.0,0.9968065783381461,66
2025-08-09 11:00:00,SACSI Full,0.2827082139345661,0.053636133670806885,0.0,0.0,0.0,0.0,0.9980625554919242,66
2025-08-09 12:00:00,SACSI Full,0.28139707814819165,0.099659264087677,0.0,0.0,0.0,0.0,0.9975465834140778,66
2025-08-09 13:00:00,SACSI Full,0.28120150462753124,0.05132794380187988,0.0,0.0,0.0,0.0,0.9984901279211044,66
2025-08-09 14:00:00,SACSI Full,0.28126306353138436,0.017967671155929565,0.0,0.0,0.0,0.0,0.9993070438504219,66
2025-08-09 15:00:00,SACSI Full,0.28198962999310645,0.015469938516616821,0.0,0.0,0.0,0.0,0.9996656239032745,66
2025-08-09 16:00:00,SACSI Full,0.2811637447393591,0.032734423875808716,0.0,0.0,0.0,0.0,0.9991726666688919,66
2025-08-09 17:00:00,SACSI Full,0.28067928002880566,0.05016058683395386,0.0,0.0,0.0,0.0,0.9988225266337395,66
2025-08-09 18:00:00,SACSI Full,0.2807988877889171,0.037882328033447266,0.0,0.0,0.0,0.0,0.9991195708513261,66
2025-08-09 19:00:00,SACSI Full,0.28074543520019996,0.05196422338485718,0.0,0.0,0.0,0.0,0.9988198965787887,66
2025-08-09 20:00:00,SACSI Full,0.28065613733735234,0.05821064114570618,0.0,0.0,0.0,0.0,0.9987733229994774,66
2025-08-09 21:00:00,SACSI Full,0.28753619507359013,0.006517320871353149,0.0,0.0,0.0,0.0,0.9993527203798295,66
2025-08-09 22:00:00,SACSI Full,0.2938048222983534,0.006088167428970337,0.0,0.0,0.0,0.0,0.9998739451169968,66
2025-08-09 23:00:00,SACSI Full,0.2936857308908954,0.00677257776260376,0.0,0.0,0.0,0.0,0.9998577043414116,66
2025-08-10 00:00:00,SACSI Full,0.29482000096526295,0.008281022310256958,0.0,0.0,0.0,0.0,0.9998192951083184,66
2025-08-10 01:00:00,SACSI Full,0.29764763638224756,0.007790625095367432,0.0,0.0,0.0,0.0,0.9998392835259438,66
2025-08-10 02:00:00,SACSI Full,0.29779621332691664,0.004073083400726318,0.0,0.0,0.0,0.0,0.9998813629150392,66
2025-08-10 03:00:00,SACSI Full,0.30270769489731936,0.007444471120834351,0.0,0.0,0.0,0.0,0.9998173967003823,66
2025-08-10 04:00:00,SACSI Full,0.30352538726614464,0.004807710647583008,0.0,0.0,0.0,0.0,0.9998774781823159,66
2025-08-10 05:00:00,SACSI Full,0.3063752480304892,0.005958229303359985,0.0,0.0,0.0,0.0,0.999869330227375,66
2025-08-10 06:00:00,SACSI Full,0.3095267778886015,0.0049589574337005615,0.0,0.0,0.0,0.0,0.9998908281326294,66
2025-08-10 07:00:00,SACSI Full,0.3180028575734948,0.01082390546798706,0.0,0.0,0.0,0.0,0.9997248724102974,66
2025-08-10 08:00:00,SACSI Full,0.3173982718877648,0.005624294281005859,0.0,0.0,0.0,0.0,0.9998355180025101,66
2025-08-10 09:00:00,SACSI Full,0.31646527185486306,0.009099990129470825,0.0,0.0,0.0,0.0,0.999783243238926,66
2025-08-10 10:00:00,SACSI Full,0.31831444750434706,0.011752694845199585,0.0,0.0,0.0,0.0,0.9997384190559386,66
2025-08-10 11:00:00,SACSI Full,0.3173084596757745,0.006203651428222656,0.0,0.0,0.0,0.0,0.9998204365372658,66
2025-08-10 12:00:00,SACSI Full,0.31757592234657755,0.0052388012409210205,0.0,0.0,0.0,0.0,0.9998855754733086,66
2025-08-10 13:00:00,SACSI Full,0.3234184262494897,0.009751170873641968,0.0,0.0,0.0,0.0,-0.34208277206276816,66
2025-08-10 14:00:00,SACSI Full,0.3230461314198032,0.0028115510940551758,0.0,0.0,0.0,0.0,-0.304738769199997,66
2025-08-10 15:00:00,SACSI Full,0.33030181942986003,0.014706403017044067,0.0,0.0,0.0,0.0,-1.0305950195655733,66
2025-08-10 16:00:00,SACSI Full,0.3314678092563803,0.002796947956085205,0.0,0.0,0.0,0.0,-1.1469559591477614,66
2025-08-10 17:00:00,SACSI Full,0.3324449631401554,0.003646165132522583,0.0,0.0,0.0,0.0,-1.2445777294899567,66
2025-08-10 18:00:00,SACSI Full,0.33286622714804165,0.002879202365875244,0.0,0.0,0.0,0.0,-1.2866879684791483,66
2025-08-10 19:00:00,SACSI Full,0.33334423034157906,0.0029009580612182617,0.0,0.0,0.0,0.0,-1.3344812708760831,66
2025-08-10 20:00:00,SACSI Full,0.338193459296689,0.005768686532974243,0.0,0.0,0.0,0.0,-1.8194899806842744,66
2025-08-10 21:00:00,SACSI Full,0.3430722509309307,0.006137490272521973,0.0,0.0,0.0,0.0,-2.307351530935914,66
2025-08-10 22:00:00,SACSI Full,0.3482315755864635,0.007297396659851074,0.0,0.0,0.0,0.0,-2.8233151056434203,66
2025-08-10 23:00:00,SACSI Full,0.358109835404097,0.010305792093276978,0.0,0.27032784680323374,0.0,0.0,-3.811219740205901,66
2025-08-11 00:00:00,SACSI Full,0.36764882619458944,0.009491443634033203,0.0,0.5882942064863145,0.0,0.0,-4.765080591816216,66
2025-08-11 01:00:00,SACSI Full,0.3720461449947224,0.0050671398639678955,0.0,0.7348714998240795,0.0,0.0,-5.204760085307218,66
2025-08-11 02:00:00,SACSI Full,0.39436176600798356,0.007411837577819824,0.0,1.4787255335994531,0.0,0.0,-7.4363482845270505,66
2025-08-11 03:00:00,SACSI Full,0.4135397928399836,0.01390114426612854,0.0,2.11799309466612,0.0,0.0,-9.354322199950564,66
2025-08-11 04:00:00,SACSI Full,0.4130909417345817,0.010876059532165527,0.0,2.1030313911527245,0.0,0.0,-9.309341945496154,66
2025-08-11 05:00:00,SACSI Full,0.41362293546080847,0.014362633228302002,0.0,2.1207645153602814,0.0,0.0,-9.362615664482373,66
2025-08-11 06:00:00,SACSI Full,0.419177916446092,0.03192484378814697,0.0,2.305930548203065,0.0,0.0,-9.918605763590557,66
2025-08-11 07:00:00,SACSI Full,0.41559258544358213,0.012820214033126831,0.0,2.1864195147860714,0.0,0.0,-9.559705994936424,66
2025-08-11 08:00:00,SACSI Full,0.4084249950281912,0.009722709655761719,0.0,1.9474998342730403,0.0,0.0,-8.842724932056008,66
2025-08-11 09:00:00,SACSI Full,0.4017230358700872,0.011013448238372803,0.0,1.724101195669573,0.0,0.0,-8.172536763359311,66
2025-08-11 10:00:00,SACSI Full,0.39659473078271035,0.005666166543960571,0.0,1.5531576927570114,0.0,0.0,-7.659639874418858,66
2025-08-11 11:00:00,SACSI Full,0.40487118840331093,0.03497689962387085,0.0,1.8290396134436975,0.0,0.0,-8.48811148565437,66
2025-08-11 12:00:00,SACSI Full,0.39885837582070455,0.005268752574920654,0.0,1.628612527356819,0.0,0.0,-7.886240038592443,66
2025-08-11 13:00:00,SACSI Full,0.3957345435742035,0.0038351118564605713,0.0,1.524484785806783,0.0,0.0,-7.573545396064665,66
2025-08-11 14:00:00,SACSI Full,0.4107990036142612,0.026471465826034546,0.0,2.026633453808708,0.0,0.0,-9.080656154282336,66
2025-08-11 15:00:00,SACSI Full,0.40559072386569484,0.011540204286575317,0.0,1.853024128856494,0.0,0.0,-8.55945250327061,66
2025-08-11 16:00:00,SACSI Full,0.40342960598623784,0.01965150237083435,0.0,1.7809868662079282,0.0,0.0,-8.343434741652041,66
2025-08-11 17:00:00,SACSI Full,0.39979971771570477,0.007024109363555908,0.0,1.659990590523492,0.0,0.0,-7.980238527687821,66
2025-08-11 18:00:00,SACSI Full,0.3988595035020033,0.01458585262298584,0.0,1.6286501167334422,0.0,0.0,-7.886317684685381,66
2025-08-11 19:00:00,SACSI Full,0.39498589272208684,0.005446523427963257,0.0,1.4995297574028954,0.0,0.0,-7.498789595969193,66
2025-08-11 20:00:00,SACSI Full,0.3955016937432379,0.013963431119918823,0.0,1.5167231247745976,0.0,0.0,-7.550533812023108,66
2025-08-11 21:00:00,SACSI Full,0.3926140995096288,0.005191713571548462,0.0,1.4204699836542916,0.0,0.0,-7.261601502409792,66
2025-08-11 22:00:00,SACSI Full,0.39090079215471046,0.008867532014846802,0.0,1.3633597384903482,0.0,0.0,-7.090293324295776,66
2025-08-11 23:00:00,SACSI Full,0.3896612764620551,0.009687840938568115,0.0,1.3220425487351706,0.0,0.0,-6.966329606113519,66
2025-08-12 00:00:00,SACSI Full,0.3924556427705081,0.012997984886169434,0.0,1.4151880923502702,0.0,0.0,-7.245857338188008,66
2025-08-12 01:00:00,SACSI Full,0.396200578112226,0.014499872922897339,0.0,1.5400192704075324,0.0,0.0,-7.620362827561421,66
2025-08-12 02:00:00,SACSI Full,0.3944276528314542,0.008544176816940308,0.0,1.4809217610484737,0.0,0.0,-7.442995723642818,66
2025-08-12 03:00:00,SACSI Full,0.39039821104226635,0.005774497985839844,0.0,1.3466070347422106,0.0,0.0,-7.039964290974662,66
2025-08-12 04:00:00,SACSI Full,0.3864709776126575,0.005529224872589111,0.0,1.2156992537552485,0.0,0.0,-6.647210798494331,66
2025-08-12 05:00:00,SACSI Full,0.38291279142813955,0.006137192249298096,0.0,1.0970930476046534,0.0,0.0,-6.291407966332708,66
2025-08-12 06:00:00,SACSI Full,0.3793534340423084,0.004140585660934448,0.0,0.9784478014102803,0.0,0.0,-5.935446182009944,66
2025-08-12 07:00:00,SACSI Full,0.38131517466679843,0.017361342906951904,0.0,1.043839155559948,0.0,0.0,-6.131996901110441,66
2025-08-12 08:00:00,SACSI Full,0.3808721615619865,0.006668120622634888,0.0,1.0290720520662162,0.0,0.0,-6.087456450833946,66
2025-08-12 09:00:00,SACSI Full,0.3863892455385393,0.02110004425048828,0.0,1.2129748512846434,0.0,0.0,-6.63949087397522,66
2025-08-12 10:00:00,SACSI Full,0.38664135989674325,0.018012970685958862,0.0,1.2213786632247747,0.0,0.0,-6.664527119823689,66
2025-08-12 11:00:00,SACSI Full,0.3837555481816089,0.00794142484664917,0.0,1.125184939386962,-1.4210854715202004e-14,0.0,-6.375814362116215,66
2025-08-12 12:00:00,SACSI Full,0.38195018710882267,0.012397915124893188,0.0,1.0650062369607554,0.0,0.0,-6.195311234087546,66
2025-08-12 13:00:00,SACSI Full,0.38844872315744283,0.03518491983413696,0.0,1.2816241052480948,0.0,0.0,-6.845803884188058,66
2025-08-12 14:00:00,SACSI Full,0.3850544668707227,0.013705343008041382,0.0,1.1684822290240902,0.0,0.0,-6.505935589700691,66
2025-08-12 15:00:00,SACSI Full,0.3809956115919031,0.013030469417572021,0.0,1.0331870530634377,0.0,0.0,-6.099828517314564,66
2025-08-12 16:00:00,SACSI Full,0.3772937830362627,0.011744201183319092,0.0,0.9097927678754246,0.0,0.0,-5.729626050332279,66
2025-08-12 17:00:00,SACSI Full,0.3741790027906218,0.007532685995101929,0.0,0.8059667596873923,0.0,0.0,-5.418093047933961,66
2025-08-12 18:00:00,SACSI Full,0.37150188449898824,0.007093995809555054,0.0,0.7167294832996078,0.0,0.0,-5.15033471671687,66
2025-08-12 19:00:00,SACSI Full,0.36911900442850115,0.007436126470565796,0.0,0.6373001476167048,0.0,0.0,-4.912052586686137,66
2025-08-12 20:00:00,SACSI Full,0.36700728531060983,0.00989377498626709,0.0,0.566909510353662,0.0,0.0,-4.700950983045865,66
2025-08-12 21:00:00,SACSI Full,0.3650832511023734,0.01056477427482605,0.0,0.5027750367457785,0.0,0.0,-4.50854311571572,66
2025-08-12 22:00:00,SACSI Full,0.36332783737576485,0.011137127876281738,0.0,0.44426124585882865,0.0,0.0,-4.333012203670025,66
2025-08-12 23:00:00,SACSI Full,0.3617249192430658,0.011955201625823975,0.0,0.39083064143552804,0.0,0.0,-4.172739209076593,66
2025-08-13 00:00:00,SACSI Full,0.36027553554505853,0.009702742099761963,0.0,0.3425178515019511,0.0,0.0,-4.027770133943109,66
2025-08-13 01:00:00,SACSI Full,0.3590417027680643,0.0077402591705322266,0.0,0.3013900922688095,0.0,0.0,-3.904344706819132,66
2025-08-13 02:00:00,SACSI Full,0.35820583015876123,0.0077658891677856445,0.0,0.2735276719587077,0.0,0.0,-3.82073858995945,66
2025-08-13 03:00:00,SACSI Full,0.35710250144800937,0.007751435041427612,0.0,0.23675004826697973,0.0,0.0,-3.710405318043028,66
2025-08-13 04:00:00,SACSI Full,0.35613164435340217,0.006631016731262207,0.0,0.20438814511340697,0.0,0.0,-3.6133082598579427,66
2025-08-13 05:00:00,SACSI Full,0.35533312708216835,0.006215721368789673,0.0,0.17777090273894489,0.0,0.0,-3.533441175597835,66
2025-08-13 06:00:00,SACSI Full,0.3551663596648985,0.007181763648986816,0.0,0.17221198882995026,0.0,0.0,-3.5167892621856325,66
2025-08-13 07:00:00,SACSI Full,0.35432856003788243,0.003445446491241455,0.0,0.14428533459607992,0.0,0.0,-3.432962275889645,66
2025-08-13 08:00:00,SACSI Full,0.36292327786875184,0.03669127821922302,0.0,0.43077592895839417,0.0,0.0,-4.293394070756847,66
2025-08-13 09:00:00,SACSI Full,0.36179105948000323,0.006369799375534058,0.0,0.3930353160001076,0.0,0.0,-4.179536558776269,66
2025-08-13 10:00:00,SACSI Full,0.3606162493944392,0.0074319541454315186,0.0,0.35387497981463983,0.0,0.0,-4.061784200074528,66
2025-08-13 11:00:00,SACSI Full,0.35904574448039167,0.004373341798782349,0.0,0.3015248160130554,0.0,0.0,-3.9046925009986087,66
2025-08-13 12:00:00,SACSI Full,0.35885961306580927,0.004981011152267456,0.0,0.2953204355269762,0.0,0.0,-3.8860670034975064,66
2025-08-13 13:00:00,SACSI Full,0.3602904297622057,0.012259334325790405,0.0,0.34301432540685683,0.0,0.0,-4.029360946138821,66
2025-08-13 14:00:00,SACSI Full,0.35921250995755305,0.00470772385597229,0.0,0.30708366525176845,0.0,0.0,-3.9214206663371223,66
2025-08-13 15:00:00,SACSI Full,0.35731715045583345,0.006797164678573608,0.0,0.24390501519444854,0.0,0.0,-3.731871883285142,66
2025-08-13 16:00:00,SACSI Full,0.35594186175607534,0.0064754486083984375,0.0,0.19806205853584374,0.0,0.0,-3.594318901740403,66
2025-08-13 17:00:00,SACSI Full,0.35543616704603637,0.00799715518951416,0.0,0.18120556820121153,0.0,0.0,-3.543791864773237,66
2025-08-13 18:00:00,SACSI Full,0.3545773733714277,0.005441009998321533,0.0,0.15257911238092278,0.0,0.0,-3.4578717187946473,66
2025-08-13 19:00:00,SACSI Full,0.3538812952344765,0.005553066730499268,0.0,0.12937650781588134,0.0,0.0,-3.3882417053495786,66
2025-08-13 20:00:00,SACSI Full,0.35315650803123255,0.006780773401260376,0.0,0.10521693437441969,0.0,0.0,-3.3157986956579877,66
2025-08-13 21:00:00,SACSI Full,0.35250698591644475,0.0077095627784729,0.0,0.08356619721482446,0.0,0.0,-3.250862070793816,66
2025-08-13 22:00:00,SACSI Full,0.3518977023474119,0.00797167420387268,0.0,0.06325674491372979,0.0,0.0,-3.189932289339522,66
2025-08-13 23:00:00,SACSI Full,0.3513983618535765,0.007309913635253906,0.0,0.04661206178588202,0.0,0.0,-3.1399890012360383,66
2025-08-14 00:00:00,SACSI Full,0.3515773454893381,0.008273273706436157,0.0,0.05257818297793762,0.0,0.0,-3.157909648008651,66
2025-08-14 01:00:00,SACSI Full,0.3517374973527864,0.007962137460708618,0.0,0.05791657842621448,0.0,0.0,-3.173912089390313,66
2025-08-14 02:00:00,SACSI Full,0.3512679283888586,0.0033935904502868652,0.0,0.042264279628621185,0.0,0.0,-3.1269063961649715,66
2025-08-14 03:00:00,SACSI Full,0.36218966479153464,0.016843080520629883,0.0,0.4063221597178213,0.0,0.0,-4.219437835664579,66
2025-08-14 04:00:00,SACSI Full,0.3614525149653944,0.00310555100440979,0.0,0.3817504988464805,0.0,0.0,-4.145450982854688,66
2025-08-14 05:00:00,SACSI Full,0.37583967129313284,0.011469274759292603,0.0,0.8613223764377609,0.0,0.0,-5.584280152046018,66
2025-08-14 06:00:00,SACSI Full,0.387258135589391,0.018477141857147217,0.0,1.2419378529797003,0.0,0.0,-6.72625318044722,66
2025-08-14 07:00:00,SACSI Full,0.38514327445164026,0.004984140396118164,0.0,1.1714424817213414,0.0,0.0,-6.514562057986558,66
2025-08-14 08:00:00,SACSI Full,0.3924650587902191,0.022537261247634888,0.0,1.4155019596739706,0.0,0.0,-7.247132155455376,66
2025-08-14 09:00:00,SACSI Full,0.39196137165704875,0.009106248617172241,0.0,1.3987123885682906,0.0,0.0,-7.196453600803522,66
2025-08-14 10:00:00,SACSI Full,0.39524842144465006,0.02389565110206604,0.0,1.5082807148216688,0.0,0.0,-7.525467951511895,66
2025-08-14 11:00:00,SACSI Full,0.39113331052376826,0.0065770745277404785,0.0,1.371110350792276,0.0,0.0,-7.113635779633124,66
2025-08-14 12:00:00,SACSI Full,0.39557910167927146,0.016540735960006714,0.0,1.5193033893090488,0.0,0.0,-7.558340619260669,66
2025-08-14 13:00:00,SACSI Full,0.3943368761398309,0.017728209495544434,0.0,1.477895871327698,0.0,0.0,-7.434054052908357,66
2025-08-14 14:00:00,SACSI Full,0.3907422799629492,0.009197145700454712,0.0,1.3580759987649729,0.0,0.0,-7.074497249846878,66
2025-08-14 15:00:00,SACSI Full,0.387251575120913,0.007007718086242676,0.0,1.2417191706970998,0.0,0.0,-6.725319560729169,66
2025-08-14 16:00:00,SACSI Full,0.38790365157040385,0.01207798719406128,0.0,1.2634550523467951,0.0,0.0,-6.790657419475345,66
2025-08-14 17:00:00,SACSI Full,0.39258564983194255,0.026121139526367188,0.0,1.419521661064752,0.0,0.0,-7.259227837508105,66
2025-08-14 18:00:00,SACSI Full,0.3890190384975539,0.007151216268539429,0.0,1.3006346165851312,0.0,0.0,-6.902236573313341,66
2025-08-14 19:00:00,SACSI Full,0.3852829539203167,0.006273090839385986,0.0,1.1760984640105563,0.0,0.0,-6.528429635102749,66
2025-08-14 20:00:00,SACSI Full,0.38214368991036896,0.006177127361297607,0.0,1.0714563303456317,0.0,0.0,-6.214493493218901,66
2025-08-14 21:00:00,SACSI Full,0.381372544611034,0.007907897233963013,0.0,1.0457514870344653,0.0,0.0,-6.137429926746804,66
2025-08-14 22:00:00,SACSI Full,0.37955007813001024,0.006262660026550293,0.0,0.985002604333674,0.0,0.0,-5.955149518573629,66
2025-08-14 23:00:00,SACSI Full,0.37673405921385594,0.00582963228225708,0.0,0.891135307128532,0.0,0.0,-5.6735268443086815,66
2025-08-15 00:00:00,SACSI Full,0.3744238476102881,0.006064772605895996,0.0,0.8141282536762688,0.0,0.0,-5.442508407884161,66
2025-08-15 01:00:00,SACSI Full,0.37234248636591427,0.005341172218322754,0.0,0.7447495455304747,0.0,0.0,-5.234362696039669,66
2025-08-15 02:00:00,SACSI Full,0.3702159326076626,0.0038982927799224854,0.0,0.6738644202554198,0.0,0.0,-5.021685655416243,66
2025-08-15 03:00:00,SACSI Full,0.38278709133530736,0.023750662803649902,0.0,1.0929030445102441,0.0,0.0,-6.279382670487046,66
2025-08-15 04:00:00,SACSI Full,0.38653408385144244,0.01840054988861084,0.0,1.2178027950480825,0.0,0.0,-6.653829897271167,66
2025-08-15 05:00:00,SACSI Full,0.3866319989483348,0.009941160678863525,0.0,1.22106663161116,0.0,0.0,-6.663483311939152,66
2025-08-15 06:00:00,SACSI Full,0.38907799662406367,0.012899190187454224,0.0,1.3025998874687887,0.0,0.0,-6.908087226505202,66
2025-08-15 07:00:00,SACSI Full,0.39607775477768586,0.02935260534286499,0.0,1.5359251592561962,0.0,0.0,-7.608527064026997,66
2025-08-15 08:00:00,SACSI Full,0.39251240912546165,0.008976608514785767,0.0,1.417080304182055,0.0,0.0,-7.251624204684741,66
2025-08-15 09:00:00,SACSI Full,0.3878468589713822,0.00639691948890686,0.0,1.2615619657127413,0.0,0.0,-6.784839632418258,66
2025-08-15 10:00:00,SACSI Full,0.38358194827151154,0.005425065755844116,0.0,1.1193982757170517,0.0,0.0,-6.358313047003601,66
2025-08-15 11:00:00,SACSI Full,0.3826860213636624,0.011755973100662231,0.0,1.089534045455413,0.0,0.0,-6.2689005649017036,66
2025-08-15 12:00:00,SACSI Full,0.3786136814944089,0.0060874223709106445,0.0,0.9537893831469632,0.0,0.0,-5.8615465833956035,66
2025-08-15 13:00:00,SACSI Full,0.37516348136736216,0.0032226741313934326,0.0,0.8387827122454056,0.0,0.0,-5.516441237701239,66
2025-08-15 14:00:00,SACSI Full,0.3840929083532685,0.012758374214172363,0.0,1.136430278442282,0.0,0.0,-6.409641359811959,66
2025-08-15 15:00:00,SACSI Full,0.3938149565527374,0.030113011598587036,0.0,1.4604985517579125,0.0,0.0,-7.382271461879556,66
2025-08-15 16:00:00,SACSI Full,0.3908737645914734,0.007601231336593628,0.0,1.3624588197157808,0.0,0.0,-7.087753601576689,66
2025-08-15 17:00:00,SACSI Full,0.3886101320421619,0.009914636611938477,0.0,1.287004401405396,0.0,0.0,-6.86123463100118,66
2025-08-15 18:00:00,SACSI Full,0.38543501829396987,0.005133152008056641,0.0,1.181167276465662,0.0,0.0,-6.543652307283186,66
2025-08-15 19:00:00,SACSI Full,0.3898752213619766,0.020734965801239014,0.0,1.3291740453992205,0.0,0.0,-6.988092853651617,66
2025-08-15 20:00:00,SACSI Full,0.3887348465083793,0.008549094200134277,0.0,1.2911615502793112,0.0,0.0,-6.873777491437943,66
2025-08-15 21:00:00,SACSI Full,0.38554142974413236,0.003189295530319214,0.0,1.184714324804412,0.0,0.0,-6.55426035831054,66
2025-08-15 22:00:00,SACSI Full,0.39541838499006743,0.019532740116119385,0.0,1.5139461663355818,0.0,0.0,-7.542392588254922,66
2025-08-15 23:00:00,SACSI Full,0.3940765386864285,0.00916406512260437,0.0,1.4692179562142826,0.0,0.0,-7.4079408366952375,66
2025-08-16 00:00:00,SACSI Full,0.3922673311666912,0.008648782968521118,0.0,1.408911038889707,0.0,0.0,-7.226911245150032,66
2025-08-16 01:00:00,SACSI Full,0.39031188455858223,0.008095502853393555,0.0,1.3437294852860746,0.0,0.0,-7.031355898716442,66
2025-08-16 02:00:00,SACSI Full,0.39154795682369226,0.015253573656082153,0.0,1.384931894123075,0.0,0.0,-7.1551723345503735,66
2025-08-16 03:00:00,SACSI Full,0.3890053308383693,0.005389899015426636,0.0,1.3001776946123103,0.0,0.0,-6.900739518563644,66
2025-08-16 04:00:00,SACSI Full,0.3912834169755044,0.010539740324020386,0.0,1.3761138991834798,0.0,0.0,-7.128603990770005,66
2025-08-16 05:00:00,SACSI Full,0.39785671545186596,0.018213391304016113,0.0,1.5952238483955328,0.0,0.0,-7.786112549522476,66
2025-08-16 06:00:00,SACSI Full,0.3958892865719702,0.00741422176361084,0.0,1.5296428857323408,0.0,0.0,-7.5891849333276955,66
2025-08-16 07:00:00,SACSI Full,0.39710989478477593,0.013012290000915527,0.0,1.5703298261591982,0.0,0.0,-7.711305704959984,66
2025-08-16 08:00:00,SACSI Full,0.39753935088463505,0.0154818594455719,0.0,1.5846450294878354,0.0,0.0,-7.754269421346861,66
2025-08-16 09:00:00,SACSI Full,0.3999644110411514,0.011998414993286133,0.0,1.6654803680383807,1.4210854715202004e-14,0.0,-7.996715906859525,66
2025-08-16 10:00:00,SACSI Full,0.4064068070840337,0.01494571566581726,0.0,1.880226902801124,0.0,0.0,-8.64100909572341,66
2025-08-16 11:00:00,SACSI Full,0.4193859312226324,0.01710161566734314,0.0,2.3128643740877464,0.0,0.0,-9.9389567135766,66
2025-08-16 12:00:00,SACSI Full,0.4223597916676356,0.02315118908882141,0.0,2.411993055587854,0.0,0.0,-10.23650268627955,66
2025-08-16 13:00:00,SACSI Full,0.4211282458161491,0.020477771759033203,0.0,2.370941527204971,0.0,0.0,-10.113260871223387,66
2025-08-16 14:00:00,SACSI Full,0.4197619715205888,0.017516762018203735,0.0,2.3253990506862947,0.0,0.0,-9.976577097396653,66
2025-08-16 15:00:00,SACSI Full,0.41539004210663383,0.012589246034622192,0.0,2.1796680702211275,0.0,0.0,-9.53930527074391,66
2025-08-16 16:00:00,SACSI Full,0.4096431185703804,0.008526891469955444,0.0,1.9881039523460118,0.0,0.0,-8.964523018413084,66
2025-08-16 17:00:00,SACSI Full,0.4045729812650677,0.008558183908462524,0.0,1.8190993755022575,0.0,0.0,-8.457469603109322,66
2025-08-16 18:00:00,SACSI Full,0.3997560462543484,0.006954371929168701,0.0,1.6585348751449474,0.0,0.0,-7.975759750993217,66
2025-08-16 19:00:00,SACSI Full,0.3948689039356515,0.005987435579299927,0.0,1.4956301311883822,0.0,0.0,-7.487019811640233,66
2025-08-16 20:00:00,SACSI Full,0.39134823875609087,0.007075071334838867,0.0,1.3782746252030293,0.0,0.0,-7.134976253393338,66
2025-08-16 21:00:00,SACSI Full,0.3872760888497506,0.005891323089599609,0.0,1.242536294991686,0.0,0.0,-6.727738548919305,66
2025-08-16 22:00:00,SACSI Full,0.38333841838054133,0.006479471921920776,0.0,1.1112806126847106,0.0,0.0,-6.333977308980894,66
2025-08-16 23:00:00,SACSI Full,0.3797181642678881,0.0065292418003082275,0.0,0.99060547559627,0.0,0.0,-5.971947509323601,66
2025-08-17 00:00:00,SACSI Full,0.3764621568825994,0.007269680500030518,0.0,0.8820718960866458,0.0,0.0,-5.646368486256934,66
2025-08-17 01:00:00,SACSI Full,0.3735563977404076,0.006985515356063843,0.0,0.7852132580135873,0.0,0.0,-5.355782325999321,66
2025-08-17 02:00:00,SACSI Full,0.3709668821504985,0.0070413947105407715,0.0,0.6988960716832836,0.0,0.0,-5.096829601737605,66
2025-08-17 03:00:00,SACSI Full,0.368636471452529,0.007092505693435669,0.0,0.6212157150842998,0.0,0.0,-4.863789506476595,66
2025-08-17 04:00:00,SACSI Full,0.36653876163084637,0.006979107856750488,0.0,0.551292054361545,0.0,0.0,-4.654016879220138,66
2025-08-17 05:00:00,SACSI Full,0.36467564553355575,0.006753355264663696,0.0,0.48918818445185797,0.0,0.0,-4.467701877986788,66
2025-08-17 06:00:00,SACSI Full,0.3629995107041782,0.006976574659347534,0.0,0.4333170234726069,0.0,0.0,-4.300092834104952,66
2025-08-17 07:00:00,SACSI Full,0.3614148027291583,0.007081031799316406,0.0,0.38049342430527705,0.0,0.0,-4.141622938123218,66
2025-08-17 08:00:00,SACSI Full,0.3602130299073476,0.009402483701705933,0.0,0.34043433024492065,0.0,0.0,-4.021514254927817,66
2025-08-17 09:00:00,SACSI Full,0.35855952235394883,0.012265145778656006,0.0,0.28531741179829456,0.0,0.0,-3.856226164931225,66
2025-08-17 10:00:00,SACSI Full,0.35645242121518406,0.007950365543365479,0.0,0.21508070717280248,0.0,0.0,-3.645444276631625,66
2025-08-17 11:00:00,SACSI Full,0.3547039461646744,0.008255690336227417,0.0,0.1567982054891445,0.0,0.0,-3.47056278352209,66
2025-08-17 12:00:00,SACSI Full,0.35304806975122704,0.006339401006698608,0.0,0.10160232504090061,0.0,0.0,-3.3049529260361328,66
2025-08-17 13:00:00,SACSI Full,0.3515083464951194,0.006861239671707153,0.0,0.05027821650398039,0.0,0.0,-3.150977092692025,66
2025-08-17 14:00:00,SACSI Full,0.35127776320268606,0.006917119026184082,0.0,0.042592106756201537,0.0,0.0,-3.1279152214426733,66
2025-08-17 15:00:00,SACSI Full,0.35072937197062276,0.008295029401779175,0.0,0.024312399020759302,0.0,0.0,-3.073116876754067,66
2025-08-17 16:00:00,SACSI Full,0.3508684106267652,0.008658617734909058,0.0,0.028947020892174182,0.0,0.0,-3.08701787091455,66
2025-08-17 17:00:00,SACSI Full,0.35086800869272605,0.007313042879104614,0.0,0.028933623090867402,0.0,0.0,-3.0869605858787446,66
2025-08-17 18:00:00,SACSI Full,0.3514182829980235,0.005858391523361206,0.0,0.04727609993411619,-1.4210854715202004e-14,0.0,-3.141960014146376,66
2025-08-17 19:00:00,SACSI Full,0.35113866237630076,0.005069226026535034,0.0,0.037955412543358595,0.0,0.0,-3.1139755138055745,66
2025-08-17 20:00:00,SACSI Full,0.3508884969131019,0.005566924810409546,0.0,0.02961656377006392,0.0,0.0,-3.0889660067942386,66
2025-08-17 21:00:00,SACSI Full,0.3506640900740504,0.005814284086227417,0.0,0.02213633580168022,0.0,0.0,-3.066527766679524,66
2025-08-17 22:00:00,SACSI Full,0.3504611395481956,0.005486160516738892,0.0,0.01537131827318632,0.0,0.0,-3.0462269592655864,66
2025-08-17 23:00:00,SACSI Full,0.35030422860298144,0.005567669868469238,0.0,0.01014095343271464,0.0,0.0,-3.03053502878903,66
2025-08-18 00:00:00,SACSI Full,0.3501639068452738,0.005867034196853638,0.0,0.005463561509128568,0.0,0.0,-3.0165110188546023,66
2025-08-18 01:00:00,SACSI Full,0.3500370043785771,0.005662739276885986,0.0,0.0012334792859036272,0.0,0.0,-3.003815735592447,66
2025-08-18 02:00:00,SACSI Full,0.34991256345425054,0.005167722702026367,0.0,0.0,0.0,0.0,-2.991364650044842,66
2025-08-18 03:00:00,SACSI Full,0.3498174254321456,0.0054585933685302734,0.0,0.0,0.0,0.0,-2.981854623788596,66
2025-08-18 04:00:00,SACSI Full,0.3497224682107965,0.005512833595275879,0.0,0.0,0.0,0.0,-2.972357620153822,66
2025-08-18 05:00:00,SACSI Full,0.3496279600111047,0.005647540092468262,0.0,0.0,0.0,0.0,-2.9629102989772895,66
2025-08-18 06:00:00,SACSI Full,0.3495053141799966,0.0057062506675720215,0.0,0.0,0.0,0.0,-2.9506461301187605,66
2025-08-18 07:00:00,SACSI Full,0.3492157707706491,0.006636977195739746,0.0,0.0,0.0,0.0,-2.921719123874104,66
2025-08-18 08:00:00,SACSI Full,0.34854058606380217,0.00994458794593811,0.0,0.0,0.0,0.0,-2.854290574246637,66
2025-08-18 09:00:00,SACSI Full,0.34743973428163916,0.009744465351104736,0.0,0.0,0.0,0.0,-2.7441703186968858,66
2025-08-18 10:00:00,SACSI Full,0.3459683482646345,0.009084194898605347,0.0,0.0,0.0,0.0,-2.597023113065948,66
2025-08-18 11:00:00,SACSI Full,0.34421198332939534,0.008590519428253174,0.0,0.0,0.0,0.0,-2.4213750800828024,66
2025-08-18 12:00:00,SACSI Full,0.3422841317549744,0.008144527673721313,0.0,0.0,0.0,0.0,-2.2285805259684603,66
2025-08-18 13:00:00,SACSI Full,0.3405518324605027,0.007310211658477783,0.0,0.0,0.0,0.0,-2.0553377934435906,66
2025-08-18 14:00:00,SACSI Full,0.3389064007782339,0.007870495319366455,0.0,0.0,0.0,0.0,-1.8908030905663873,66
2025-08-18 15:00:00,SACSI Full,0.3376560800814032,0.0074037909507751465,0.0,0.0,0.0,0.0,-1.7657607510030195,66
2025-08-18 16:00:00,SACSI Full,0.3366579708806077,0.006567239761352539,0.0,0.0,0.0,0.0,-1.6659367983678934,66
2025-08-18 17:00:00,SACSI Full,0.33608526599798594,0.006688535213470459,0.0,0.0,0.0,0.0,-1.6086615834573839,66
2025-08-18 18:00:00,SACSI Full,0.3358536866497397,0.007026195526123047,0.0,0.0,0.0,0.0,-1.5855125654876174,66
2025-08-18 19:00:00,SACSI Full,0.33570311428699884,0.005828291177749634,0.0,0.0,0.0,0.0,-1.5704399735669219,66
2025-08-18 20:00:00,SACSI Full,0.3355560357498526,0.006876438856124878,0.0,0.0,0.0,0.0,-1.5557515852391657,66
2025-08-18 21:00:00,SACSI Full,0.335408657202661,0.006786435842514038,0.0,0.0,0.0,0.0,-1.5410023490130855,66
2025-08-18 22:00:00,SACSI Full,0.33528927373244355,0.0066849589347839355,0.0,0.0,0.0,0.0,-1.5290620871921272,66
2025-08-18 23:00:00,SACSI Full,0.33517055088037245,0.006883144378662109,0.0,0.0,0.0,0.0,-1.5171947327792568,66
2025-08-19 00:00:00,SACSI Full,0.33502229862842947,0.006524324417114258,0.0,0.0,0.0,0.0,-1.5023639375309041,66
2025-08-19 01:00:00,SACSI Full,0.3348443759122887,0.006123185157775879,0.0,0.0,0.0,0.0,-1.48456406632462,66
2025-08-19 02:00:00,SACSI Full,0.3346635742918053,0.005259513854980469,0.0,0.0,0.0,0.0,-1.466471256170659,66
2025-08-19 03:00:00,SACSI Full,0.3344823315969506,0.0051271915435791016,0.0,0.0,0.0,0.0,-1.448337026749047,66
2025-08-19 04:00:00,SACSI Full,0.33429915423466755,0.004546791315078735,0.0,0.0,0.0,0.0,-1.4300121632953409,66
2025-08-19 05:00:00,SACSI Full,0.3341429532066384,0.004139691591262817,0.0,0.0,0.0,0.0,-1.4143821854929022,66
2025-08-19 06:00:00,SACSI Full,0.33398648445441315,0.0040593743324279785,0.0,0.0,0.0,0.0,-1.398730436100551,66
2025-08-19 07:00:00,SACSI Full,0.3336641661722858,0.005304515361785889,0.0,0.0,0.0,0.0,-1.3665351589461066,66
2025-08-19 08:00:00,SACSI Full,0.332947045358757,0.005863755941390991,0.0,0.0,0.0,0.0,-1.2948274034003253,66
2025-08-19 09:00:00,SACSI Full,0.33180916144206113,0.007134824991226196,0.0,0.0,0.0,0.0,-1.1810715513964352,66
2025-08-19 10:00:00,SACSI Full,0.3303054778861402,0.007894933223724365,0.0,0.0,0.0,0.0,-1.0307132883608163,66
2025-08-19 11:00:00,SACSI Full,0.328517891275823,0.007724016904830933,0.0,0.0,0.0,0.0,-0.8519453170835831,66
2025-08-19 12:00:00,SACSI Full,0.32661648704443363,0.007578730583190918,0.0,0.0,0.0,0.0,-0.661801731918243,66
2025-08-19 13:00:00,SACSI Full,0.32472172972434743,0.009572803974151611,0.0,0.0,0.0,0.0,-0.4723843692481349,66
2025-08-19 14:00:00,SACSI Full,0.3230221168890991,0.008616149425506592,0.0,0.0,0.0,0.0,-0.3023935784439057,66
2025-08-19 15:00:00,SACSI Full,0.32160662665202205,0.008852928876876831,0.0,0.0,0.0,0.0,-0.16084209157425597,66
2025-08-19 16:00:00,SACSI Full,0.32058466042671585,0.00791013240814209,0.0,0.0,0.0,0.0,-0.058633673284434584,66
2025-08-19 17:00:00,SACSI Full,0.32001527800633495,0.007685273885726929,0.0,0.0,0.0,0.0,-0.0016837546964326932,66
2025-08-19 18:00:00,SACSI Full,0.31981601358169304,0.008220672607421875,0.0,0.0,0.0,0.0,0.9998302325606346,66
2025-08-19 19:00:00,SACSI Full,0.31972727809184776,0.007379353046417236,0.0,0.0,0.0,0.0,0.9998439997434616,66
2025-08-19 20:00:00,SACSI Full,0.3196596689716377,0.01371726393699646,0.0,0.0,0.0,0.0,0.9996622756123543,66
2025-08-19 21:00:00,SACSI Full,0.31962083326572166,0.01384928822517395,0.0,0.0,0.0,0.0,0.9997216939926147,66
2025-08-19 22:00:00,SACSI Full,0.3195552651078898,0.01432955265045166,0.0,0.0,0.0,0.0,0.9997086063027383,66
2025-08-19 23:00:00,SACSI Full,0.3194849400026995,0.01290246844291687,0.0,0.0,0.0,0.0,0.9997276797890663,66
2025-08-20 00:00:00,SACSI Full,0.3193845863087374,0.01239389181137085,0.0,0.0,0.0,0.0,0.9997470363974572,66
2025-08-20 01:00:00,SACSI Full,0.31927837993536373,0.01063808798789978,0.0,0.0,0.0,0.0,0.9997696802020073,66
2025-08-20 02:00:00,SACSI Full,0.3191677643083928,0.009315311908721924,0.0,0.0,0.0,0.0,0.9998004660010338,66
2025-08-20 03:00:00,SACSI Full,0.3190258584610023,0.008428245782852173,0.0,0.0,0.0,0.0,0.9998225644230843,66
2025-08-20 04:00:00,SACSI Full,0.31887849878861485,0.0067920982837677,0.0,0.0,0.0,0.0,0.9998477965593338,66
2025-08-20 05:00:00,SACSI Full,0.31873331716928854,0.00744551420211792,0.0,0.0,0.0,0.0,0.9998445555567741,66
2025-08-20 06:00:00,SACSI Full,0.31855795049899793,0.006889998912811279,0.0,0.0,0.0,0.0,0.9998566448688507,66
2025-08-20 07:00:00,SACSI Full,0.3182486508647002,0.00921010971069336,0.0,0.0,0.0,0.0,0.9997925966978073,66
2025-08-20 08:00:00,SACSI Full,0.3175819295207061,0.012483596801757812,0.0,0.0,0.0,0.0,0.9997175931930542,66
2025-08-20 09:00:00,SACSI Full,0.3164826455719667,0.018714815378189087,0.0,0.0,0.0,0.0,0.9995633915066718,66
2025-08-20 10:00:00,SACSI Full,0.3150227247396506,0.02102375030517578,0.0,0.0,0.0,0.0,0.9995564356446266,66
2025-08-20 11:00:00,SACSI Full,0.31402081967665724,0.017928481101989746,0.0,0.0,0.0,0.0,0.9996104776859283,66
2025-08-20 12:00:00,SACSI Full,0.3123203768125571,0.025367140769958496,0.0,0.0,0.0,0.0,0.9994182705879211,66
2025-08-20 13:00:00,SACSI Full,0.3106887947320339,0.029025375843048096,0.0,0.0,0.0,0.0,0.9993829101324081,66
2025-08-20 14:00:00,SACSI Full,0.3093371703751283,0.02801269292831421,0.0,0.0,0.0,0.0,0.9994296193122864,66
2025-08-20 15:00:00,SACSI Full,0.30989257034136825,0.00661998987197876,0.0,0.0,0.0,0.0,0.999653673171997,66
2025-08-20 16:00:00,SACSI Full,0.31105706558142077,0.002348572015762329,0.0,0.0,0.0,0.0,0.9999103143811225,66
2025-08-20 17:00:00,SACSI Full,0.3170937397042311,0.004502236843109131,0.0,0.0,0.0,0.0,0.9998884186148644,66
2025-08-20 18:00:00,SACSI Full,0.32864379054301945,0.007515251636505127,0.0,0.0,0.0,0.0,-0.8645594894826087,66
2025-08-20 19:00:00,SACSI Full,0.33162317005072006,0.002313852310180664,0.0,0.0,0.0,0.0,-1.1624152961114722,66
2025-08-20 20:00:00,SACSI Full,0.3385570349207915,0.00565946102142334,0.0,0.0,0.0,0.0,-1.855850137386688,66
2025-08-20 21:00:00,SACSI Full,0.3441207672778166,0.0031197071075439453,0.0,0.0,0.0,0.0,-2.4121645194629484,66
2025-08-20 22:00:00,SACSI Full,0.3533519825703559,0.006597340106964111,0.0,0.11173275234519622,0.0,0.0,-3.3353649801677214,66
2025-08-20 23:00:00,SACSI Full,0.357753879983782,0.004531890153884888,0.0,0.2584626661260657,0.0,0.0,-3.7754992906808074,66
2025-08-21 00:00:00,SACSI Full,0.3614158107262485,0.0046062469482421875,0.0,0.3805270242082841,1.4210854715202004e-14,0.0,-4.141673941131758,66
2025-08-21 01:00:00,SACSI Full,0.36288610516789255,0.004625171422958374,0.0,0.4295368389297508,0.0,0.0,-4.288703209462461,66
2025-08-21 02:00:00,SACSI Full,0.36358549513700034,0.005166828632354736,0.0,0.4528498379000112,0.0,0.0,-4.358658266844774,66
2025-08-21 03:00:00,SACSI Full,0.3642158750475861,0.005476474761962891,0.0,0.4738625015862056,0.0,0.0,-4.421700130715147,66
2025-08-21 04:00:00,SACSI Full,0.36508451292110244,0.005908459424972534,0.0,0.5028170973700811,0.0,0.0,-4.5085737811453725,66
2025-08-21 05:00:00,SACSI Full,0.36556555208199704,0.005663484334945679,0.0,0.5188517360665671,0.0,0.0,-4.556670927637302,66
2025-08-21 06:00:00,SACSI Full,0.3656480917179002,0.005864948034286499,0.0,0.5216030572633387,0.0,0.0,-4.564928485387698,66
2025-08-21 07:00:00,SACSI Full,0.3644709522600842,0.005723237991333008,0.0,0.4823650753361392,0.0,0.0,-4.447211107868675,66
2025-08-21 08:00:00,SACSI Full,0.3625341917546874,0.006778240203857422,0.0,0.4178063918229114,0.0,0.0,-4.253565290294939,66
2025-08-21 09:00:00,SACSI Full,0.3617195018503921,0.007743090391159058,0.0,0.3906500616797359,0.0,0.0,-4.172114695348904,66
2025-08-21 10:00:00,SACSI Full,0.3613363922312728,0.007446855306625366,0.0,0.3778797410424261,0.0,0.0,-4.133791122584256,66
2025-08-21 11:00:00,SACSI Full,0.36039413049675867,0.00829249620437622,0.0,0.3464710165586226,0.0,0.0,-4.039587356008932,66
2025-08-21 12:00:00,SACSI Full,0.358626346140425,0.012209564447402954,0.0,0.28754487134750095,0.0,0.0,-3.8629179760138768,66
2025-08-21 13:00:00,SACSI Full,0.3564055285637265,0.006272345781326294,0.0,0.2135176187908826,0.0,0.0,-3.6407376754749348,66
2025-08-21 14:00:00,SACSI Full,0.3544530859149115,0.004703402519226074,0.0,0.14843619716371706,0.0,0.0,-3.445418348974153,66
2025-08-21 15:00:00,SACSI Full,0.3558230455543354,0.009089410305023193,0.0,0.1941015184778479,0.0,0.0,-3.582530203717499,66
2025-08-21 16:00:00,SACSI Full,0.35700526036182834,0.007173120975494385,0.0,0.23350867872761258,0.0,0.0,-3.700688661495638,66
2025-08-21 17:00:00,SACSI Full,0.35872353179502303,0.008265823125839233,0.0,0.290784393167435,1.4210854715202004e-14,0.0,-3.8725294229863225,66
2025-08-21 18:00:00,SACSI Full,0.3594884330172045,0.005251467227935791,0.0,0.3162811005734838,0.0,0.0,-3.9489784746239884,66
2025-08-21 19:00:00,SACSI Full,0.35844712049818367,0.0031769275665283203,0.0,0.2815706832727884,0.0,0.0,-3.8447963337663107,66
2025-08-21 20:00:00,SACSI Full,0.35758651656809143,0.0032027065753936768,0.0,0.252883885603049,0.0,0.0,-3.7587159687307388,66
2025-08-21 21:00:00,SACSI Full,0.3567881292950752,0.0037547945976257324,0.0,0.2262709765025065,0.0,0.0,-3.6788935462796934,66
2025-08-21 22:00:00,SACSI Full,0.3560968255263247,0.0043363869190216064,0.0,0.20322751754415835,0.0,0.0,-3.609775096294065,66
2025-08-21 23:00:00,SACSI Full,0.3554494512007545,0.004436075687408447,0.0,0.1816483733584832,0.0,0.0,-3.545034838476881,66
2025-08-22 00:00:00,SACSI Full,0.3548670145793477,0.004502832889556885,0.0,0.16223381931159084,0.0,0.0,-3.4867921821645838,66
2025-08-22 01:00:00,SACSI Full,0.35436821164951204,0.0044661760330200195,0.0,0.14560705498373352,0.0,0.0,-3.4369108550404297,66
2025-08-22 02:00:00,SACSI Full,0.35392124389599694,0.0051178038120269775,0.0,0.13070812986656363,0.0,0.0,-3.392233261953724,66
2025-08-22 03:00:00,SACSI Full,0.35349426729873656,0.00538259744644165,0.0,0.11647557662455199,0.0,0.0,-3.349537029758929,66
2025-08-22 04:00:00,SACSI Full,0.353085673450552,0.005777627229690552,0.0,0.10285578168506647,0.0,0.0,-3.308686847897623,66
2025-08-22 05:00:00,SACSI Full,0.3526919888231062,0.005627572536468506,0.0,0.0897329607702062,0.0,0.0,-3.269312934308281,66
2025-08-22 06:00:00,SACSI Full,0.35226879683752976,0.008168965578079224,0.0,0.07562656125099353,0.0,0.0,-3.227068476994953,66
2025-08-22 07:00:00,SACSI Full,0.3517410153471838,0.010199397802352905,0.0,0.05803384490612871,0.0,0.0,-3.1743258269966717,66
2025-08-22 08:00:00,SACSI Full,0.3509703845551679,0.013656914234161377,0.0,0.03234615183893084,0.0,0.0,-3.097346168965789,66
2025-08-22 09:00:00,SACSI Full,0.3498165024863749,0.010835379362106323,0.0,0.0,0.0,0.0,-2.9818951715734534,66
2025-08-22 10:00:00,SACSI Full,0.3483112900713155,0.007436275482177734,0.0,0.0,0.0,0.0,-2.8313117236799927,66
2025-08-22 11:00:00,SACSI Full,0.34654690880805944,0.006185621023178101,0.0,0.0,0.0,0.0,-2.654827099770997,66
2025-08-22 12:00:00,SACSI Full,0.3447235358002851,0.005488097667694092,0.0,0.0,0.0,0.0,-2.4724703172154165,66
2025-08-22 13:00:00,SACSI Full,0.34289907749127047,0.0051625072956085205,0.0,0.0,0.0,0.0,-2.290014255176679,66
2025-08-22 14:00:00,SACSI Full,0.3412151657783061,0.004826486110687256,0.0,0.0,0.0,0.0,-2.1216164677646696,66
2025-08-22 15:00:00,SACSI Full,0.33981415377488433,0.004696398973464966,0.0,0.0,0.0,0.0,-1.981510606339274,66
2025-08-22 16:00:00,SACSI Full,0.33878198571791945,0.00484958291053772,0.0,0.0,0.0,0.0,-1.8782970952895262,66
2025-08-22 17:00:00,SACSI Full,0.338147771291243,0.0052356719970703125,0.0,0.0,0.0,0.0,-1.8148857034551076,66
2025-08-22 18:00:00,SACSI Full,0.3378842008712958,0.0059288740158081055,0.0,0.0,0.0,0.0,-1.788545596630081,66
2025-08-22 19:00:00,SACSI Full,0.3377344550262958,0.006076246500015259,0.0,0.0,0.0,0.0,-1.7735685012844207,66
2025-08-22 20:00:00,SACSI Full,0.33759237632543543,0.008376389741897583,0.0,0.0,0.0,0.0,-1.7594281617707987,66
2025-08-22 21:00:00,SACSI Full,0.33742502747327785,0.009295344352722168,0.0,0.0,0.0,0.0,-1.742697843760947,66
2025-08-22 22:00:00,SACSI Full,0.3372605580221683,0.010159164667129517,0.0,0.0,0.0,0.0,-1.7262676237133172,66
2025-08-22 23:00:00,SACSI Full,0.33708987727036777,0.008295774459838867,0.0,0.0,0.0,0.0,-1.7091722764280457,66
2025-08-23 00:00:00,SACSI Full,0.336916431359755,0.007466226816177368,0.0,0.0,0.0,0.0,-1.6918007559882615,66
2025-08-23 01:00:00,SACSI Full,0.33673836062541307,0.006078779697418213,0.0,0.0,0.0,0.0,-1.673971512606442,66
2025-08-23 02:00:00,SACSI Full,0.3365876958754728,0.005800575017929077,0.0,0.0,0.0,0.0,-1.6588883810944355,66
2025-08-23 03:00:00,SACSI Full,0.336435301100718,0.005281567573547363,0.0,0.0,0.0,0.0,-1.643640931497715,66
2025-08-23 04:00:00,SACSI Full,0.33628027428419094,0.004491955041885376,0.0,0.0,0.0,0.0,-1.6281251636452476,66
2025-08-23 05:00:00,SACSI Full,0.3361547872983485,0.0048539042472839355,0.0,0.0,0.0,0.0,-1.6155794274118513,66
2025-08-23 06:00:00,SACSI Full,0.33597183395018876,0.004613995552062988,0.0,0.0,0.0,0.0,-1.5972780740168686,66
2025-08-23 07:00:00,SACSI Full,0.33562430561811424,0.006241500377655029,0.0,0.0,0.0,0.0,-1.5625716668672323,66
2025-08-23 08:00:00,SACSI Full,0.3348352372283806,0.009779483079910278,0.0,0.0,0.0,0.0,-1.48375469232668,66
2025-08-23 09:00:00,SACSI Full,0.3336521669963072,0.010578930377960205,0.0,0.0,0.0,0.0,-1.3654362727112566,66
2025-08-23 10:00:00,SACSI Full,0.3321306663532128,0.011049807071685791,0.0,0.0,0.0,0.0,-1.2132923402296514,66
2025-08-23 11:00:00,SACSI Full,0.33043694692721665,0.010384172201156616,0.0,0.0,0.0,0.0,-1.0439090325143925,66
2025-08-23 12:00:00,SACSI Full,0.3285998481944272,0.009870380163192749,0.0,0.0,0.0,0.0,-0.8601873649663652,66
2025-08-23 13:00:00,SACSI Full,0.32684897980084715,0.010239481925964355,0.0,0.0,0.0,0.0,-0.6851064607408615,66
2025-08-23 14:00:00,SACSI Full,0.32518446691623026,0.010646134614944458,0.0,0.0,0.0,0.0,-0.5186636808422144,66
2025-08-23 15:00:00,SACSI Full,0.3237801416225304,0.012202411890029907,0.0,0.0,0.0,0.0,-0.37827377326358896,66
2025-08-23 16:00:00,SACSI Full,0.32271065754682515,0.01065477728843689,0.0,0.0,0.0,0.0,-0.2712943265742993,66
2025-08-23 17:00:00,SACSI Full,0.3220384928086469,0.010850578546524048,0.0,0.0,0.0,0.0,-0.20406825044819882,66
2025-08-23 18:00:00,SACSI Full,0.32170298673342357,0.009848177433013916,0.0,0.0,0.0,0.0,-0.17050566090215152,66
2025-08-23 19:00:00,SACSI Full,0.32150849465400666,0.009652376174926758,0.0,0.0,0.0,0.0,-0.15104447093674475,66
2025-08-23 20:00:00,SACSI Full,0.3213450156334111,0.010456293821334839,0.0,0.0,0.0,0.0,-0.1347187283940014,66
2025-08-23 21:00:00,SACSI Full,0.3211845784365206,0.01136884093284607,0.0,0.0,0.0,0.0,-0.11869434594183095,66
2025-08-23 22:00:00,SACSI Full,0.3209969110889305,0.011699795722961426,0.0,0.0,0.0,0.0,-0.09992841435541226,66
2025-08-23 23:00:00,SACSI Full,0.3207767062937289,0.01043856143951416,0.0,0.0,0.0,0.0,-0.07789201294451381,66
2025-08-24 00:00:00,SACSI Full,0.32052831966033274,0.010484009981155396,0.0,0.0,0.0,0.0,-0.053042100718312744,66
2025-08-24 01:00:00,SACSI Full,0.32027365367760957,0.008600205183029175,0.0,0.0,0.0,0.0,-0.027556209912598283,66
2025-08-24 02:00:00,SACSI Full,0.3200169959063401,0.008002668619155884,0.0,0.0,0.0,0.0,-0.0018656193720296699,66
2025-08-24 03:00:00,SACSI Full,0.31975735988965337,0.007109194993972778,0.0,0.0,0.0,0.0,0.9998488813638687,66
2025-08-24 04:00:00,SACSI Full,0.31949327935328786,0.00577583909034729,0.0,0.0,0.0,0.0,0.9998711496591568,66
2025-08-24 05:00:00,SACSI Full,0.31925418087910323,0.004770457744598389,0.0,0.0,0.0,0.0,0.9998945370316505,66
2025-08-24 06:00:00,SACSI Full,0.31898782245189655,0.0050924718379974365,0.0,0.0,0.0,0.0,0.999894930422306,66
2025-08-24 07:00:00,SACSI Full,0.3185525741611988,0.005425512790679932,0.0,0.0,0.0,0.0,0.9998881593346596,66
2025-08-24 08:00:00,SACSI Full,0.3180383562178483,0.017734616994857788,0.0,0.0,0.0,0.0,0.9995222166180611,66
2025-08-24 09:00:00,SACSI Full,0.3172919825167527,0.016087889671325684,0.0,0.0,0.0,0.0,0.9996617749333382,66
2025-08-24 10:00:00,SACSI Full,0.315895930844453,0.014684498310089111,0.0,0.0,0.0,0.0,0.9996922761201859,66
2025-08-24 11:00:00,SACSI Full,0.3149928252843093,0.005068331956863403,0.0,0.0,0.0,0.0,0.9998024716973305,66
2025-08-24 12:00:00,SACSI Full,0.3160036482178242,0.002746880054473877,0.0,0.0,0.0,0.0,0.9999218478798867,66
2025-08-24 13:00:00,SACSI Full,0.3149833721624881,0.0019171833992004395,0.0,0.0,0.0,0.0,0.9999533593654633,66
2025-08-24 14:00:00,SACSI Full,0.31432722444564803,0.0026556849479675293,0.0,0.0,0.0,0.0,0.999939501285553,66
2025-08-24 15:00:00,SACSI Full,0.31320608920286797,0.0036594271659851074,0.0,0.0,0.0,0.0,0.9999167740345001,66
2025-08-24 16:00:00,SACSI Full,0.31233994303256973,0.003656148910522461,0.0,0.0,0.0,0.0,0.9999268442392348,66
2025-08-24 17:00:00,SACSI Full,0.31303374421150193,0.0036403536796569824,0.0,0.0,0.0,0.0,0.9999270349740982,66
2025-08-24 18:00:00,SACSI Full,0.3136745890000533,0.00275343656539917,0.0,0.0,0.0,0.0,0.9999360620975494,66
2025-08-24 19:00:00,SACSI Full,0.31345681633979783,0.0026682019233703613,0.0,0.0,0.0,0.0,0.9999457836151122,66
2025-08-24 20:00:00,SACSI Full,0.31413620821427013,0.0058175623416900635,0.0,0.0,0.0,0.0,0.999852155148983,66
2025-08-24 21:00:00,SACSI Full,0.3138433155205916,0.005632191896438599,0.0,0.0,0.0,0.0,0.9998855024576188,66
2025-08-24 22:00:00,SACSI Full,0.31355918023934665,0.008259415626525879,0.0,0.0,0.0,0.0,0.9998085394501686,66
2025-08-24 23:00:00,SACSI Full,0.3136000306609342,0.005755126476287842,0.0,0.0,0.0,0.0,0.9998598545789719,66
2025-08-25 00:00:00,SACSI Full,0.31363909294317854,0.005218684673309326,0.0,0.0,0.0,0.0,0.999890261888504,66
2025-08-25 01:00:00,SACSI Full,0.3133747263045181,0.0056900084018707275,0.0,0.0,0.0,0.0,0.999881486594677,66
2025-08-25 02:00:00,SACSI Full,0.31375533891708346,0.007683783769607544,0.0,0.0,0.0,0.0,0.9998263865709305,66
2025-08-25 03:00:00,SACSI Full,0.31344379914155296,0.00853806734085083,0.0,0.0,0.0,0.0,0.9998206958174706,66
2025-08-25 04:00:00,SACSI Full,0.31313361686180724,0.008945316076278687,0.0,0.0,0.0,0.0,0.9998170211911201,66
2025-08-25 05:00:00,SACSI Full,0.31280152811955103,0.010873377323150635,0.0,0.0,0.0,0.0,0.9997632518410683,66
2025-08-25 06:00:00,SACSI Full,0.3124357138104309,0.009255707263946533,0.0,0.0,0.0,0.0,0.999798709154129,66
2025-08-25 07:00:00,SACSI Full,0.3143459542269577,0.00907212495803833,0.0,0.0,0.0,0.0,0.9998167216777801,66
2025-08-25 08:00:00,SACSI Full,0.3152042269224991,0.01248180866241455,0.0,0.0,0.0,0.0,0.999716266989708,66
2025-08-25 09:00:00,SACSI Full,0.31425236225079195,0.011940598487854004,0.0,0.0,0.0,0.0,0.9997557759284973,66
2025-08-25 10:00:00,SACSI Full,0.3129484139620333,0.016815513372421265,0.0,0.0,0.0,0.0,0.9996149405837059,66
2025-08-25 11:00:00,SACSI Full,0.31194901493023525,0.008180290460586548,0.0,0.0,0.0,0.0,0.9997500419616699,66
2025-08-25 12:00:00,SACSI Full,0.3103317377673655,0.007816851139068604,0.0,0.0,0.0,0.0,0.9998400285840034,66
2025-08-25 13:00:00,SACSI Full,0.3086970403849154,0.011090785264968872,0.0,0.0,0.0,0.0,0.9997454449534416,66
2025-08-25 14:00:00,SACSI Full,0.3072444248639613,0.014715343713760376,0.0,0.0,0.0,0.0,0.9996694475412369,66
2025-08-25 15:00:00,SACSI Full,0.3059644371798703,0.007003694772720337,0.0,0.0,0.0,0.0,0.9997828096151351,66
2025-08-25 16:00:00,SACSI Full,0.30501687026849084,0.004729926586151123,0.0,0.0,0.0,0.0,0.9998826637864113,66
2025-08-25 17:00:00,SACSI Full,0.30440711735676423,0.004074126482009888,0.0,0.0,0.0,0.0,0.9999119594693183,66
2025-08-25 18:00:00,SACSI Full,0.3040018564282923,0.005921721458435059,0.0,0.0,0.0,0.0,0.9998630896210671,66
2025-08-25 19:00:00,SACSI Full,0.3036860886966258,0.007269680500030518,0.0,0.0,0.0,0.0,0.9998411267995834,66
2025-08-25 20:00:00,SACSI Full,0.30339190476606975,0.030744820833206177,0.0,0.0,0.0,0.0,0.9991503521800041,66
2025-08-25 21:00:00,SACSI Full,0.30311644265443777,0.036361366510391235,0.0,0.0,0.0,0.0,0.9992166072130203,66
2025-08-25 22:00:00,SACSI Full,0.3028610757520864,0.04238992929458618,0.0,0.0,0.0,0.0,0.9990919157862663,66
2025-08-25 23:00:00,SACSI Full,0.3026321641400525,0.0418265163898468,0.0,0.0,0.0,0.0,0.9991578355431556,66
2025-08-26 00:00:00,SACSI Full,0.3023937873104283,0.03898695111274719,0.0,0.0,0.0,0.0,0.9991918653249741,66
2025-08-26 01:00:00,SACSI Full,0.3021187394852508,0.019485652446746826,0.0,0.0,0.0,0.0,0.999415273964405,66
2025-08-26 02:00:00,SACSI Full,0.3018807180995811,0.013593584299087524,0.0,0.0,0.0,0.0,0.9996692076325416,66
2025-08-26 03:00:00,SACSI Full,0.30162743941496506,0.00901639461517334,0.0,0.0,0.0,0.0,0.9997739002108573,66
2025-08-26 04:00:00,SACSI Full,0.30136943110178604,0.007597506046295166,0.0,0.0,0.0,0.0,0.9998338609933852,66
2025-08-26 05:00:00,SACSI Full,0.30620448729704514,0.010016858577728271,0.0,0.0,0.0,0.0,0.9997754693031311,66
2025-08-26 06:00:00,SACSI Full,0.310315092075176,0.00968143343925476,0.0,0.0,0.0,0.0,0.9998030170798301,66
2025-08-26 07:00:00,SACSI Full,0.3106274513748357,0.004207789897918701,0.0,0.0,0.0,0.0,0.9998611077666283,66
2025-08-26 08:00:00,SACSI Full,0.3100734553967982,0.012301206588745117,0.0,0.0,0.0,0.0,0.9996730417013169,66
2025-08-26 09:00:00,SACSI Full,0.30972458358954086,0.007838457822799683,0.0,0.0,0.0,0.0,0.9997986033558846,66
2025-08-26 10:00:00,SACSI Full,0.30881468161533965,0.007529407739639282,0.0,0.0,0.0,0.0,0.9998463213443757,66
2025-08-26 11:00:00,SACSI Full,0.30828305452695187,0.006011873483657837,0.0,0.0,0.0,0.0,0.999864587187767,66
2025-08-26 12:00:00,SACSI Full,0.30742453687062554,0.007944703102111816,0.0,0.0,0.0,0.0,0.9998217776417732,66
2025-08-26 13:00:00,SACSI Full,0.3060847122807373,0.01455262303352356,0.0,0.0,0.0,0.0,0.9996428683400154,66
2025-08-26 14:00:00,SACSI Full,0.3046261988801826,0.012945979833602905,0.0,0.0,0.0,0.0,0.9997250139713287,66
2025-08-26 15:00:00,SACSI Full,0.3034962185393839,0.009505897760391235,0.0,0.0,0.0,0.0,0.99977548122406,66
2025-08-26 16:00:00,SACSI Full,0.3025696255090901,0.011022090911865234,0.0,0.0,0.0,0.0,0.9997643962502479,66
2025-08-26 17:00:00,SACSI Full,0.301981908434537,0.010684877634048462,0.0,0.0,0.0,0.0,0.9997829303145409,66
2025-08-26 18:00:00,SACSI Full,0.3016678145999778,0.007771849632263184,0.0,0.0,0.0,0.0,0.9998154327273369,66
2025-08-26 19:00:00,SACSI Full,0.30144595279565145,0.009941458702087402,0.0,0.0,0.0,0.0,0.99977947473526,66
2025-08-26 20:00:00,SACSI Full,0.30120151768476455,0.020169466733932495,0.0,0.0,0.0,0.0,0.9994943305850029,66
2025-08-26 21:00:00,SACSI Full,0.3012652679454355,0.021125078201293945,0.0,0.0,0.0,0.0,0.9995679423213005,66
2025-08-26 22:00:00,SACSI Full,0.3010036323900092,0.03200933337211609,0.0,0.0,0.0,0.0,0.9992509707808495,66
2025-08-26 23:00:00,SACSI Full,0.3020853808040489,0.009524524211883545,0.0,0.0,0.0,0.0,0.99958466142416,66
2025-08-27 00:00:00,SACSI Full,0.30522690923403395,0.010458528995513916,0.0,0.0,0.0,0.0,0.9997814893722534,66
2025-08-27 01:00:00,SACSI Full,0.3174313960976471,0.012346059083938599,0.0,0.0,0.0,0.0,0.9997342035174369,66
2025-08-27 02:00:00,SACSI Full,0.32801929019084264,0.0103682279586792,0.0,0.0,0.0,0.0,-0.8021561619546893,66
2025-08-27 03:00:00,SACSI Full,0.3305319070604512,0.004785060882568359,0.0,0.0,0.0,0.0,-1.0533422389335332,66
2025-08-27 04:00:00,SACSI Full,0.330707279041913,0.0036115944385528564,0.0,0.0,0.0,0.0,-1.07081187074451,66
2025-08-27 05:00:00,SACSI Full,0.33152468183150574,0.004720836877822876,0.0,0.0,0.0,0.0,-1.1525736923125227,66
2025-08-27 06:00:00,SACSI Full,0.3316168191038637,0.004141181707382202,0.0,0.0,0.0,0.0,-1.1617705305722217,66
2025-08-27 07:00:00,SACSI Full,0.33168245787253664,0.004691630601882935,0.0,0.0,0.0,0.0,-1.168345124354646,66
2025-08-27 08:00:00,SACSI Full,0.3312449734142491,0.00475466251373291,0.0,0.0,0.0,0.0,-1.1245930649943001,66
2025-08-27 09:00:00,SACSI Full,0.33067063387424434,0.006198137998580933,0.0,0.0,0.0,0.0,-1.067201784939253,66
2025-08-27 10:00:00,SACSI Full,0.32970084012538875,0.006561875343322754,0.0,0.0,0.0,0.0,-0.9702188874191883,66
2025-08-27 11:00:00,SACSI Full,0.3285914966681668,0.007196962833404541,0.0,0.0,0.0,0.0,-0.8592999569482466,66
2025-08-27 12:00:00,SACSI Full,0.32719439075579926,0.0058682262897491455,0.0,0.0,0.0,0.0,-0.7195697274711568,66
2025-08-27 13:00:00,SACSI Full,0.326850284831034,0.0047682225704193115,0.0,0.0,0.0,0.0,-0.685134847592002,66
2025-08-27 14:00:00,SACSI Full,0.3262575142704515,0.004668831825256348,0.0,0.0,0.0,0.0,-0.6258457975891082,66
2025-08-27 15:00:00,SACSI Full,0.32516531337450627,0.003839731216430664,0.0,0.0,0.0,0.0,-0.5166164230810433,66
2025-08-27 16:00:00,SACSI Full,0.32432558772514947,0.0030823051929473877,0.0,0.0,0.0,0.0,-0.4326279928790398,66
2025-08-27 17:00:00,SACSI Full,0.32482815139085736,0.003769099712371826,0.0,0.0,0.0,0.0,-0.4828973890251766,66
2025-08-27 18:00:00,SACSI Full,0.32558311033358855,0.002987682819366455,0.0,0.0,0.0,0.0,-0.5583786011841722,66
2025-08-27 19:00:00,SACSI Full,0.3254494436036615,0.0023999810218811035,0.0,0.0,0.0,0.0,-0.5449982370045633,66
2025-08-27 20:00:00,SACSI Full,0.3253178814144004,0.0030313432216644287,0.0,0.0,0.0,0.0,-0.5318550819264684,66
2025-08-27 21:00:00,SACSI Full,0.32518653529197655,0.003096163272857666,0.0,0.0,0.0,0.0,-0.5187161006636237,66
2025-08-27 22:00:00,SACSI Full,0.32505506698003095,0.0030595064163208008,0.0,0.0,0.0,0.0,-0.505568254699986,66
2025-08-27 23:00:00,SACSI Full,0.32492461492727875,0.003364384174346924,0.0,0.0,0.0,0.0,-0.492531829188942,66
2025-08-28 00:00:00,SACSI Full,0.32507127756943976,0.0034987926483154297,0.0,0.0,0.0,0.0,-0.5071990768816819,66
2025-08-28 01:00:00,SACSI Full,0.3255243975451656,0.00393599271774292,0.0,0.0,0.0,0.0,-0.5525228463716084,66
2025-08-28 02:00:00,SACSI Full,0.32666585570842704,0.0019374489784240723,0.0,0.0,0.0,0.0,-0.6666443052596654,66
2025-08-28 03:00:00,SACSI Full,0.3435977056760656,0.013554990291595459,0.0,0.0,0.0,0.0,-2.3601578428255254,66
2025-08-28 04:00:00,SACSI Full,0.34341027750919934,0.003271549940109253,0.0,0.0,0.0,0.0,-2.34119601632225,66
2025-08-28 05:00:00,SACSI Full,0.34389419199338234,0.004674345254898071,0.0,0.0,0.0,0.0,-2.3895267141964793,66
2025-08-28 06:00:00,SACSI Full,0.34365372906953773,0.0043611228466033936,0.0,0.0,0.0,0.0,-2.3654632616347873,66
2025-08-28 07:00:00,SACSI Full,0.34494427528729715,0.006163865327835083,0.0,0.0,0.0,0.0,-2.494568833461084,66
2025-08-28 08:00:00,SACSI Full,0.34551085983942625,0.00597536563873291,0.0,0.0,0.0,0.0,-2.5512073762522904,66
2025-08-28 09:00:00,SACSI Full,0.3450412036215333,0.005603134632110596,0.0,0.0,0.0,0.0,-2.504236147156037,66
2025-08-28 10:00:00,SACSI Full,0.3442029329350658,0.005518794059753418,0.0,0.0,0.0,0.0,-2.4204045127934997,66
2025-08-28 11:00:00,SACSI Full,0.34289081808200156,0.005865544080734253,0.0,0.0,0.0,0.0,-2.2892025865819794,66
2025-08-28 12:00:00,SACSI Full,0.3424655566568243,0.00592157244682312,0.0,0.0,0.0,0.0,-2.246674657415029,66
2025-08-28 13:00:00,SACSI Full,0.345386706207898,0.007844865322113037,0.0,0.0,0.0,0.0,-2.5388467510249964,66
2025-08-28 14:00:00,SACSI Full,0.34592137430698355,0.006900429725646973,0.0,0.0,0.0,0.0,-2.592284883648832,66
2025-08-28 15:00:00,SACSI Full,0.3465925374892421,0.007348954677581787,0.0,0.0,0.0,0.0,-2.659405213267283,66
2025-08-28 16:00:00,SACSI Full,0.349308031281935,0.01014813780784607,0.0,0.0,0.0,0.0,-2.931034082780958,66
2025-08-28 17:00:00,SACSI Full,0.3526783084996105,0.01086011528968811,0.0,0.08927694998701839,0.0,0.0,-3.268055172041663,66
2025-08-28 18:00:00,SACSI Full,0.3524698180801476,0.00478014349937439,0.0,0.08232726933825348,0.0,0.0,-3.24713821060265,66
2025-08-28 19:00:00,SACSI Full,0.3520327283266907,0.004630684852600098,0.0,0.06775761088968864,0.0,0.0,-3.2033669409525882,66
2025-08-28 20:00:00,SACSI Full,0.3515108475316517,0.004297345876693726,0.0,0.05036158438838925,0.0,0.0,-3.1511740334724605,66
2025-08-28 21:00:00,SACSI Full,0.3510677451340812,0.00466078519821167,0.0,0.03559150446937167,0.0,0.0,-3.1068713635052965,66
2025-08-28 22:00:00,SACSI Full,0.3506684290514401,0.004486143589019775,0.0,0.022280968381336665,0.0,0.0,-3.066934374431879,66
2025-08-28 23:00:00,SACSI Full,0.35033732111042837,0.005411654710769653,0.0,0.011244037014279229,0.0,0.0,-3.033849599248269,66
2025-08-29 00:00:00,SACSI Full,0.3508921693571755,0.006693452596664429,0.0,0.029738978572517283,1.4210854715202004e-14,0.0,-3.0893636227483405,66
2025-08-29 01:00:00,SACSI Full,0.3519905738895251,0.0063738226890563965,0.0,0.0663524629841703,0.0,0.0,-3.199188061705366,66
2025-08-29 02:00:00,SACSI Full,0.35253359485516966,0.006859451532363892,0.0,0.08445316183898939,0.0,0.0,-3.253501530836046,66
2025-08-29 03:00:00,SACSI Full,0.3532950626887979,0.006275773048400879,0.0,0.1098354229599309,0.0,0.0,-3.3296376211255967,66
2025-08-29 04:00:00,SACSI Full,0.3537041251040192,0.005689561367034912,0.0,0.12347083680064089,0.0,0.0,-3.3705321637460757,66
2025-08-29 05:00:00,SACSI Full,0.3555756729310177,0.006820112466812134,0.0,0.1858557643672583,0.0,0.0,-3.557715000862105,66
2025-08-29 06:00:00,SACSI Full,0.35929937312711085,0.012089163064956665,0.0,0.3099791042370285,0.0,0.0,-3.9302317864783656,66
2025-08-29 07:00:00,SACSI Full,0.3602426937804413,0.00941932201385498,0.0,0.3414231260147119,0.0,0.0,-4.024484462894919,66
2025-08-29 08:00:00,SACSI Full,0.3605293746899777,0.006983429193496704,0.0,0.3509791563325891,0.0,0.0,-4.053101496509843,66
2025-08-29 09:00:00,SACSI Full,0.35986223977201104,0.007100850343704224,0.0,0.3287413257337008,0.0,0.0,-3.9863671684194792,66
2025-08-29 10:00:00,SACSI Full,0.35815878036480775,0.007421523332595825,0.0,0.2719593454935904,0.0,0.0,-3.816029673677315,66
2025-08-29 11:00:00,SACSI Full,0.35626934057982235,0.007646083831787109,0.0,0.2089780193274109,-1.4210854715202004e-14,0.0,-3.6270892252638616,66
2025-08-29 12:00:00,SACSI Full,0.35438745022277357,0.006681233644485474,0.0,0.14624834075911936,0.0,0.0,-3.438888295452119,66
2025-08-29 13:00:00,SACSI Full,0.3554544544747501,0.009916424751281738,0.0,0.18181514915833646,0.0,0.0,-3.5456761278811033,66
2025-08-29 14:00:00,SACSI Full,0.35606863132670785,0.009540766477584839,0.0,0.20228771089026198,0.0,0.0,-3.607057704583073,66
2025-08-29 15:00:00,SACSI Full,0.35551744314201417,0.007558315992355347,0.0,0.18391477140047102,0.0,0.0,-3.5519153050261156,66
2025-08-29 16:00:00,SACSI Full,0.3556041049266554,0.008302032947540283,0.0,0.1868034975551794,0.0,0.0,-3.5605839704940414,66
2025-08-29 17:00:00,SACSI Full,0.35500054491430794,0.004616826772689819,0.0,0.1666848304769303,0.0,0.0,-3.500183680027995,66
2025-08-29 18:00:00,SACSI Full,0.35428564780107386,0.0048857927322387695,0.0,0.14285492670246214,0.0,0.0,-3.428665185621625,66
2025-08-29 19:00:00,SACSI Full,0.3544935743680409,0.005663782358169556,0.0,0.1497858122680313,0.0,0.0,-3.449478492347513,66
2025-08-29 20:00:00,SACSI Full,0.35363215851010193,0.00714719295501709,0.0,0.12107195033673009,0.0,0.0,-3.363373628975262,66
2025-08-29 21:00:00,SACSI Full,0.3528586205212591,0.007725954055786133,0.0,0.09528735070863661,0.0,0.0,-3.286022358818033,66
2025-08-29 22:00:00,SACSI Full,0.3522109490294741,0.006896853446960449,0.0,0.0736983009824698,0.0,0.0,-3.2212411310224356,66
2025-08-29 23:00:00,SACSI Full,0.35162740274484333,0.006682872772216797,0.0,0.05424675816144458,0.0,0.0,-3.162876071746524,66
2025-08-30 00:00:00,SACSI Full,0.35107969594027444,0.007677823305130005,0.0,0.03598986467581398,0.0,0.0,-3.1081330999988745,66
2025-08-30 01:00:00,SACSI Full,0.3508427518880293,0.010008513927459717,0.0,0.028091729600977545,0.0,0.0,-3.084498665987704,66
2025-08-30 02:00:00,SACSI Full,0.35077193925487327,0.006487518548965454,0.0,0.025731308495775807,0.0,0.0,-3.0773588858120906,66
2025-08-30 03:00:00,SACSI Full,0.35063406107640854,0.007271915674209595,0.0,0.02113536921361856,0.0,0.0,-3.06355938992559,66
2025-08-30 04:00:00,SACSI Full,0.350207635405808,0.006493479013442993,0.0,0.006921180193600662,0.0,0.0,-3.020901194527678,66
2025-08-30 05:00:00,SACSI Full,0.3498304261787229,0.005837231874465942,0.0,0.0,0.0,0.0,-2.983165924981168,66
2025-08-30 06:00:00,SACSI Full,0.3494249496801191,0.00585705041885376,0.0,0.0,0.0,0.0,-2.9426123072057315,66
2025-08-30 07:00:00,SACSI Full,0.3505268568553472,0.009634047746658325,0.0,0.017561895178238276,0.0,0.0,-3.0529161364629283,66
2025-08-30 08:00:00,SACSI Full,0.34972684356271666,0.006496012210845947,0.0,0.0,0.0,0.0,-2.972845656871241,66
2025-08-30 09:00:00,SACSI Full,0.34864361664274773,0.00653192400932312,0.0,0.0,0.0,0.0,-2.864492661872944,66
2025-08-30 10:00:00,SACSI Full,0.34758609846492056,0.00574454665184021,0.0,0.0,0.0,0.0,-2.7587326111986665,66
2025-08-30 11:00:00,SACSI Full,0.3463278876032377,0.005036741495132446,0.0,0.0,0.0,0.0,-2.632896573205237,66
2025-08-30 12:00:00,SACSI Full,0.34565051402309976,0.006787925958633423,0.0,0.0,0.0,0.0,-2.5652046726737834,66
2025-08-30 13:00:00,SACSI Full,0.3451077166404271,0.00466078519821167,0.0,0.0,0.0,0.0,-2.5108861511542786,66
2025-08-30 14:00:00,SACSI Full,0.34350469220697327,0.00359266996383667,0.0,0.0,0.0,0.0,-2.350551755248947,66
2025-08-30 15:00:00,SACSI Full,0.3421286294831777,0.003681182861328125,0.0,0.0,0.0,0.0,-2.2129374571039695,66
2025-08-30 16:00:00,SACSI Full,0.3414547465226992,0.0038351118564605713,0.0,0.0,0.0,0.0,-2.1455528937969994,66
2025-08-30 17:00:00,SACSI Full,0.34114990668753226,0.004048049449920654,0.0,0.0,0.0,0.0,-2.115073759118158,66
2025-08-30 18:00:00,SACSI Full,0.3407066420688176,0.0030206143856048584,0.0,0.0,0.0,0.0,-2.0707348935201164,66
2025-08-30 19:00:00,SACSI Full,0.3421973360846385,0.006708204746246338,0.0,0.0,0.0,0.0,-2.2199046484623786,66
2025-08-30 20:00:00,SACSI Full,0.34290185257573363,0.004854947328567505,0.0,0.0,0.0,0.0,-2.2903008890941106,66
2025-08-30 21:00:00,SACSI Full,0.34400075149833603,0.006169676780700684,0.0,0.0,0.0,0.0,-2.4002116906637383,66
2025-08-30 22:00:00,SACSI Full,0.3437910075837318,0.0050768256187438965,0.0,0.0,0.0,0.0,-2.379213223397176,66
2025-08-30 23:00:00,SACSI Full,0.3436094201753482,0.005023777484893799,0.0,0.0,0.0,0.0,-2.3610430235658537,66
2025-08-31 00:00:00,SACSI Full,0.3454343063280924,0.006965845823287964,0.0,0.0,0.0,0.0,-2.5435893704090904,66
2025-08-31 01:00:00,SACSI Full,0.34553095418194374,0.005494356155395508,0.0,0.0,0.0,0.0,-2.55322002021416,66
2025-08-31 02:00:00,SACSI Full,0.3456824562245552,0.004950612783432007,0.0,0.0,0.0,0.0,-2.5683500721449057,66
2025-08-31 03:00:00,SACSI Full,0.3491230053152585,0.008664727210998535,0.0,0.0,0.0,0.0,-2.912510967214342,66
2025-08-31 04:00:00,SACSI Full,0.3505220380786011,0.005111098289489746,0.0,0.01740126928670378,0.0,0.0,-3.052341566115115,66
2025-08-31 05:00:00,SACSI Full,0.35123375498631143,0.005640238523483276,0.0,0.04112516621038083,0.0,0.0,-3.1234935948039517,66
2025-08-31 06:00:00,SACSI Full,0.3509395894974936,0.0025700032711029053,0.0,0.03131964991645333,0.0,0.0,-3.094041052167305,66
2025-08-31 07:00:00,SACSI Full,0.3641471766700568,0.010348707437515259,0.0,0.4715725556685598,0.0,0.0,-4.415002428196094,66
2025-08-31 08:00:00,SACSI Full,0.37744541637857754,0.023319125175476074,0.0,0.9148472126192516,0.0,0.0,-5.745137724538642,66
2025-08-31 09:00:00,SACSI Full,0.37601148796403405,0.006871074438095093,0.0,0.8670495988011354,0.0,0.0,-5.601450698399541,66
2025-08-31 10:00:00,SACSI Full,0.374297764936006,0.008308589458465576,0.0,0.8099254978668683,0.0,0.0,-5.429957040539976,66
2025-08-31 11:00:00,SACSI Full,0.3748838496496522,0.017787069082260132,0.0,0.8294616549884068,0.0,0.0,-5.488835491143103,66
2025-08-31 12:00:00,SACSI Full,0.3721548056637863,0.0067803263664245605,0.0,0.7384935221262083,0.0,0.0,-5.2157262403331135,66
2025-08-31 13:00:00,SACSI Full,0.37260970529016435,0.013126730918884277,0.0,0.7536568430054772,0.0,0.0,-5.2612965276803365,66
2025-08-31 14:00:00,SACSI Full,0.37020798818913025,0.008084475994110107,0.0,0.6735996063043417,0.0,0.0,-5.021010930982155,66
2025-08-31 15:00:00,SACSI Full,0.3680943542345189,0.007054954767227173,0.0,0.6031451411506311,0.0,0.0,-4.809586817759504,66
2025-08-31 16:00:00,SACSI Full,0.36692362710545867,0.008402764797210693,0.0,0.5641209035152898,0.0,0.0,-4.692544243942111,66
2025-08-31 17:00:00,SACSI Full,0.36508924635425577,0.005660653114318848,0.0,0.5029748784751916,0.0,0.0,-4.509065269604692,66
2025-08-31 18:00:00,SACSI Full,0.36394443782247937,0.006372034549713135,0.0,0.4648145940826453,0.0,0.0,-4.394578336753284,66
2025-08-31 19:00:00,SACSI Full,0.3623375435018346,0.005683153867721558,0.0,0.41125145006115393,0.0,0.0,-4.233874902067635,66
2025-08-31 20:00:00,SACSI Full,0.3611147147846048,0.0056418776512146,0.0,0.3704904928201586,0.0,0.0,-4.111584728775665,66
2025-08-31 21:00:00,SACSI Full,0.3606940784737907,0.00677838921546936,0.0,0.3564692824596904,0.0,0.0,-4.069554780279022,66
2025-08-31 22:00:00,SACSI Full,0.359712524518738,0.00578463077545166,0.0,0.3237508172912669,0.0,0.0,-3.971378082073706,66
2025-08-31 23:00:00,SACSI Full,0.3588255881254999,0.004605352878570557,0.0,0.2941862708499969,0.0,0.0,-3.8826627123865314,66
2025-09-01 00:00:00,SACSI Full,0.3638784416583593,0.012470781803131104,0.0,0.4626147219453103,0.0,0.0,-4.388172235761238,66
2025-09-01 01:00:00,SACSI Full,0.36538916096455587,0.008687824010848999,0.0,0.5129720321518633,0.0,0.0,-4.539127682513726,66
2025-09-01 02:00:00,SACSI Full,0.36400653067570987,0.003095269203186035,0.0,0.46688435585699467,0.0,0.0,-4.400770898503127,66
2025-09-01 03:00:00,SACSI Full,0.3781326784826105,0.01810029149055481,0.0,0.937755949420351,0.0,0.0,-5.813779904313735,66
2025-09-01 04:00:00,SACSI Full,0.38122317312152254,0.010420829057693481,0.0,1.040772437384085,0.0,0.0,-6.122602523357736,66
2025-09-01 05:00:00,SACSI Full,0.38249241782180426,0.006354004144668579,0.0,1.0830805940601422,0.0,0.0,-6.249409530512449,66
2025-09-01 06:00:00,SACSI Full,0.3881004989372965,0.0204409658908844,0.0,1.270016631243216,0.0,0.0,-6.810599582664927,66
2025-09-01 07:00:00,SACSI Full,0.3865085651979991,0.007372051477432251,0.0,1.2169521732666368,0.0,0.0,-6.651134649973591,66
2025-09-01 08:00:00,SACSI Full,0.3883257211374774,0.0076708197593688965,0.0,1.2775240379159116,0.0,0.0,-6.832728517825744,66
2025-09-01 09:00:00,SACSI Full,0.39828622944231634,0.016693472862243652,0.0,1.6095409814105452,0.0,0.0,-7.8290470402199075,66
2025-09-01 10:00:00,SACSI Full,0.40782862482269827,0.026339441537857056,0.0,1.9276208274232773,0.0,0.0,-8.78348573078734,66
2025-09-01 11:00:00,SACSI Full,0.4035172724341174,0.009503364562988281,0.0,1.7839090811372473,0.0,0.0,-8.352085671472748,66
2025-09-01 12:00:00,SACSI Full,0.3987797195273775,0.008724778890609741,0.0,1.625990650912584,0.0,0.0,-7.878154234172286,66
2025-09-01 13:00:00,SACSI Full,0.39341037248857064,0.008208304643630981,0.0,1.4470124162856877,0.0,0.0,-7.341206579692406,66
2025-09-01 14:00:00,SACSI Full,0.38809977084285535,0.008311867713928223,0.0,1.2699923614285114,0.0,0.0,-6.8101443572705165,66
2025-09-01 15:00:00,SACSI Full,0.3835502447928773,0.008483678102493286,0.0,1.1183414930959104,0.0,0.0,-6.355195870953666,66
2025-09-01 16:00:00,SACSI Full,0.3796826241434026,0.007634609937667847,0.0,0.989420804780086,0.0,0.0,-5.96842359722066,66
2025-09-01 17:00:00,SACSI Full,0.3763280679525502,0.007235407829284668,0.0,0.8776022650850067,0.0,0.0,-5.632955495432688,66
2025-09-01 18:00:00,SACSI Full,0.37403457329418366,0.006604045629501343,0.0,0.8011524431394563,0.0,0.0,-5.403595723952953,66
2025-09-01 19:00:00,SACSI Full,0.3714705782715032,0.005987435579299927,0.0,0.7156859423834405,0.0,0.0,-5.147183741962408,66
2025-09-01 20:00:00,SACSI Full,0.36910937117357995,0.005116909742355347,0.0,0.636979039119332,0.0,0.0,-4.911048160811211,66
2025-09-01 21:00:00,SACSI Full,0.36698513728088095,0.0054010748863220215,0.0,0.5661712426960307,0.0,0.0,-4.69862459123726,66
2025-09-01 22:00:00,SACSI Full,0.3650749289503034,0.0059351325035095215,0.0,0.5024976316767792,0.0,0.0,-4.507616938256582,66
2025-09-01 23:00:00,SACSI Full,0.36338120792517087,0.005923956632614136,0.0,0.4460402641723633,0.0,0.0,-4.338239383408448,66
2025-09-02 00:00:00,SACSI Full,0.36185626891656836,0.005727261304855347,0.0,0.3952089638856123,0.0,0.0,-4.185743403836209,66
2025-09-02 01:00:00,SACSI Full,0.36048510903397907,0.006155669689178467,0.0,0.34950363446596955,0.0,0.0,-4.048638300875533,66
2025-09-02 02:00:00,SACSI Full,0.359578965716717,0.006955862045288086,0.0,0.3192988572239003,0.0,0.0,-3.958043690836165,66
2025-09-02 03:00:00,SACSI Full,0.35968904401954177,0.00699162483215332,0.0,0.3229681339847261,0.0,0.0,-3.969044592078688,66
2025-09-02 04:00:00,SACSI Full,0.3591862816492572,0.006380677223205566,0.0,0.3062093883085737,0.0,0.0,-3.918761887946273,66
2025-09-02 05:00:00,SACSI Full,0.35875895934580454,0.006268620491027832,0.0,0.291965311526819,0.0,0.0,-3.8760224275575954,66
2025-09-02 06:00:00,SACSI Full,0.3583493547525289,0.006430447101593018,0.0,0.2783118250842961,0.0,0.0,-3.835065702461025,66
2025-09-02 07:00:00,SACSI Full,0.35815707791694534,0.007719546556472778,0.0,0.2719025972315123,0.0,0.0,-3.815875073620212,66
2025-09-02 08:00:00,SACSI Full,0.35697192990251064,0.006353259086608887,0.0,0.2323976634170208,0.0,0.0,-3.6973337183074944,66
2025-09-02 09:00:00,SACSI Full,0.365340220119247,0.025827735662460327,0.0,0.511340670641566,0.0,0.0,-4.5347333114037065,66
2025-09-02 10:00:00,SACSI Full,0.3717828484495483,0.020383447408676147,0.0,0.726094948318277,0.0,0.0,-5.178746956785539,66
2025-09-02 11:00:00,SACSI Full,0.3689250786106588,0.005005002021789551,0.0,0.6308359536886272,0.0,0.0,-4.892761745560186,66
2025-09-02 12:00:00,SACSI Full,0.36608128137571827,0.0059035420417785645,0.0,0.5360427125239425,0.0,0.0,-4.608255193812862,66
2025-09-02 13:00:00,SACSI Full,0.363415664866059,0.004503875970840454,0.0,0.447188828868633,0.0,0.0,-4.3416705607860235,66
2025-09-02 14:00:00,SACSI Full,0.36120050124748554,0.0063009560108184814,0.0,0.3733500415828516,0.0,0.0,-4.12019411466917,66
2025-09-02 15:00:00,SACSI Full,0.3625112386150122,0.014262497425079346,0.0,0.4170412871670749,0.0,0.0,-4.251488726863865,66
2025-09-02 16:00:00,SACSI Full,0.3610662741687561,0.005386471748352051,0.0,0.3688758056252013,0.0,0.0,-4.106823906567342,66
2025-09-02 17:00:00,SACSI Full,0.35981676459288575,0.0053726136684417725,0.0,0.3272254864295249,0.0,0.0,-3.9817840501427426,66
2025-09-02 18:00:00,SACSI Full,0.35859553631641844,0.005149394273757935,0.0,0.28651787721394867,0.0,0.0,-3.8596588517212655,66
2025-09-02 19:00:00,SACSI Full,0.3575482346362327,0.005417317152023315,0.0,0.25160782120775593,0.0,0.0,-3.7549344891950924,66
2025-09-02 20:00:00,SACSI Full,0.3572572621507455,0.005616992712020874,0.0,0.24190873835818252,0.0,0.0,-3.7258405516843887,66
2025-09-02 21:00:00,SACSI Full,0.35669458716848573,0.0053504109382629395,0.0,0.2231529056161904,0.0,0.0,-3.6695683908850754,66
2025-09-02 22:00:00,SACSI Full,0.3559119004858054,0.004757344722747803,0.0,0.19706334952684587,0.0,0.0,-3.591291126137149,66
2025-09-02 23:00:00,SACSI Full,0.3558090417289004,0.005277097225189209,0.0,0.19363472429668038,0.0,0.0,-3.5810149123595654,66
2025-09-03 00:00:00,SACSI Full,0.35506453096860036,0.004964470863342285,0.0,0.168817698953346,0.0,0.0,-3.5065555125409205,66
2025-09-03 01:00:00,SACSI Full,0.35442069279855537,0.005204975605010986,0.0,0.14735642661851217,0.0,0.0,-3.442175784415053,66
2025-09-03 02:00:00,SACSI Full,0.35383870733427447,0.004361271858215332,0.0,0.127956911142482,0.0,0.0,-3.3839663959020787,66
2025-09-03 03:00:00,SACSI Full,0.3539161859720419,0.004783123731613159,0.0,0.1305395324013958,0.0,0.0,-3.391718478197554,66
2025-09-03 04:00:00,SACSI Full,0.35639097092188626,0.006467849016189575,0.0,0.21303236406287454,0.0,0.0,-3.639243296421795,66
2025-09-03 05:00:00,SACSI Full,0.36378272820792107,0.010951459407806396,0.0,0.459424273597368,0.0,0.0,-4.378536686084178,66
2025-09-03 06:00:00,SACSI Full,0.36256629739071283,0.00494733452796936,0.0,0.4188765796904278,0.0,0.0,-4.25678872701064,66
2025-09-03 07:00:00,SACSI Full,0.36139480491327064,0.004879087209701538,0.0,0.37982683044235444,0.0,0.0,-4.1395787555444405,66
2025-09-03 08:00:00,SACSI Full,0.362642278019966,0.0061511993408203125,0.0,0.4214092673322014,1.4210854715202004e-14,0.0,-4.264363547104728,66
2025-09-03 09:00:00,SACSI Full,0.36655813629565953,0.013695359230041504,0.0,0.5519378765219856,0.0,0.0,-4.656162978349446,66
2025-09-03 10:00:00,SACSI Full,0.3685570576063841,0.013744980096817017,0.0,0.6185685868794693,0.0,0.0,-4.855981156449011,66
2025-09-03 11:00:00,SACSI Full,0.3719882065455957,0.017284899950027466,0.0,0.7329402181865249,0.0,0.0,-5.199201751757104,66
2025-09-03 12:00:00,SACSI Full,0.3698703820250789,0.007498711347579956,0.0,0.6623460675026295,0.0,0.0,-4.987286038620864,66
2025-09-03 13:00:00,SACSI Full,0.36876919478878617,0.009783655405044556,0.0,0.6256398262928713,0.0,0.0,-4.877138001427291,66
2025-09-03 14:00:00,SACSI Full,0.3662432582141033,0.006660968065261841,0.0,0.5414419404701107,0.0,0.0,-4.624490267645033,66
2025-09-03 15:00:00,SACSI Full,0.36409926602110904,0.007277876138687134,0.0,0.46997553403696773,0.0,0.0,-4.410078328714411,66
2025-09-03 16:00:00,SACSI Full,0.36234735139738594,0.007003992795944214,0.0,0.411578379912865,0.0,0.0,-4.234877958427941,66
2025-09-03 17:00:00,SACSI Full,0.3612719621202744,0.00611528754234314,0.0,0.37573207067581227,0.0,0.0,-4.127327404830822,66
2025-09-03 18:00:00,SACSI Full,0.35995558958340257,0.004941225051879883,0.0,0.3318529861134195,0.0,0.0,-3.9956695234661983,66
2025-09-03 19:00:00,SACSI Full,0.3588202087649873,0.004392713308334351,0.0,0.29400695883291095,0.0,0.0,-3.8821142158823343,66
2025-09-03 20:00:00,SACSI Full,0.35779811926518423,0.0043104588985443115,0.0,0.25993730883947425,0.0,0.0,-3.779898958240491,66
2025-09-03 21:00:00,SACSI Full,0.3568795310930718,0.004741251468658447,0.0,0.22931770310239302,0.0,0.0,-3.6880522422622537,66
2025-09-03 22:00:00,SACSI Full,0.3560531338850536,0.004851967096328735,0.0,0.2017711295017861,0.0,0.0,-3.6054115350035634,66
2025-09-03 23:00:00,SACSI Full,0.3553085659236799,0.004581809043884277,0.0,0.17695219745599644,0.0,0.0,-3.530950930129389,66
2025-09-04 00:00:00,SACSI Full,0.3546390922301194,0.004794299602508545,0.0,0.15463640767064676,0.0,0.0,-3.464007233909577,66
2025-09-04 01:00:00,SACSI Full,0.3540360236526591,0.004613548517227173,0.0,0.1345341217553042,0.0,0.0,-3.4036964437471093,66
2025-09-04 02:00:00,SACSI Full,0.35349347650966606,0.004685074090957642,0.0,0.1164492169888689,0.0,0.0,-3.3494420677041616,66
2025-09-04 03:00:00,SACSI Full,0.3530062448946377,0.0050386786460876465,0.0,0.10020816315459058,0.0,0.0,-3.300728799082245,66
2025-09-04 04:00:00,SACSI Full,0.35256839313528604,0.0052575767040252686,0.0,0.08561310450953385,0.0,0.0,-3.2569466540432632,66
2025-09-04 05:00:00,SACSI Full,0.3527753064522296,0.005584210157394409,0.0,0.09251021507432,0.0,0.0,-3.2776455957606405,66
2025-09-04 06:00:00,SACSI Full,0.3523325867162779,0.004436969757080078,0.0,0.07775289054259674,0.0,0.0,-3.233358883426931,66
2025-09-04 07:00:00,SACSI Full,0.3527164044299097,0.007692128419876099,0.0,0.09054681433032385,0.0,0.0,-3.271826837145995,66
2025-09-04 08:00:00,SACSI Full,0.35185350550923095,0.0069138407707214355,0.0,0.061783516974364266,0.0,0.0,-3.185496610615,66
2025-09-04 09:00:00,SACSI Full,0.3507467653012873,0.007370114326477051,0.0,0.024892176709576577,0.0,0.0,-3.074828495150815,66
2025-09-04 10:00:00,SACSI Full,0.35046586641865385,0.005259215831756592,0.0,0.01552888062179534,0.0,0.0,-3.046712935166967,66
2025-09-04 11:00:00,SACSI Full,0.3524586219954259,0.0047807395458221436,0.0,0.08195406651419718,0.0,0.0,-3.245962599096363,66
2025-09-04 12:00:00,SACSI Full,0.36010957614729705,0.014772117137908936,0.0,0.3369858715765688,0.0,0.0,-4.011352970848384,66
2025-09-04 13:00:00,SACSI Full,0.358133794386535,0.003391951322555542,0.0,0.2711264795511667,0.0,0.0,-3.8135610793381014,66
2025-09-04 14:00:00,SACSI Full,0.35610708477534275,0.0035566091537475586,0.0,0.20356949251142425,0.0,0.0,-3.6107812562956614,66
2025-09-04 15:00:00,SACSI Full,0.3544629261218079,0.004016607999801636,0.0,0.14876420406026228,0.0,0.0,-3.4463775443292466,66
2025-09-04 16:00:00,SACSI Full,0.3532659520354183,0.004772841930389404,0.0,0.10886506784727601,0.0,0.0,-3.3266982227197404,66
2025-09-04 17:00:00,SACSI Full,0.35281761653026744,0.0039198994636535645,0.0,0.09392055100891383,-1.4210854715202004e-14,0.0,-3.2818485804406836,66
2025-09-04 18:00:00,SACSI Full,0.35234146210289724,0.0032024085521698,0.0,0.07804873676324037,0.0,0.0,-3.2342174333698814,66
2025-09-04 19:00:00,SACSI Full,0.35194121976819687,0.004134625196456909,0.0,0.06470732560656245,0.0,0.0,-3.194213991490058,66
2025-09-04 20:00:00,SACSI Full,0.35152848666590797,0.003629624843597412,0.0,0.050949555530266366,0.0,0.0,-3.152926309091197,66
2025-09-04 21:00:00,SACSI Full,0.35118505619694906,0.0044727325439453125,0.0,0.03950187323163448,0.0,0.0,-3.1186035054227883,66
2025-09-04 22:00:00,SACSI Full,0.3508774708119343,0.004973411560058594,0.0,0.029249027064477674,0.0,0.0,-3.087851556214794,66
2025-09-04 23:00:00,SACSI Full,0.35060035518091714,0.004877150058746338,0.0,0.020011839363904473,0.0,0.0,-3.0601340237079016,66
2025-09-05 00:00:00,SACSI Full,0.3503516024427574,0.005094259977340698,0.0,0.011720081425248453,0.0,0.0,-3.035264300574475,66
2025-09-05 01:00:00,SACSI Full,0.3501498516535427,0.003969818353652954,0.0,0.004995055118088488,0.0,0.0,-3.0150758061375766,66
2025-09-05 02:00:00,SACSI Full,0.3548522901518046,0.006474554538726807,0.0,0.1617430050601513,0.0,0.0,-3.485383553633083,66
2025-09-05 03:00:00,SACSI Full,0.36450068444862055,0.01187443733215332,0.0,0.48335614828735207,0.0,0.0,-4.4503599324366325,66
2025-09-05 04:00:00,SACSI Full,0.36323506926823335,0.003984421491622925,0.0,0.44116897560777774,0.0,0.0,-4.323665515411571,66
2025-09-05 05:00:00,SACSI Full,0.3657086389755786,0.008192211389541626,0.0,0.5236212991859531,0.0,0.0,-4.571069819684628,66
2025-09-05 06:00:00,SACSI Full,0.36727270400448864,0.004476308822631836,0.0,0.575756800149621,0.0,0.0,-4.727397085650985,66
2025-09-05 07:00:00,SACSI Full,0.3827747886612793,0.01111835241317749,0.0,1.0924929553759768,0.0,0.0,-6.277767653612097,66
2025-09-05 08:00:00,SACSI Full,0.3920959139843089,0.027034729719161987,0.0,1.4031971328102957,0.0,0.0,-7.21029125679833,66
2025-09-05 09:00:00,SACSI Full,0.3875682708364101,0.006482750177383423,0.0,1.2522756945470037,0.0,0.0,-6.757162258439974,66
2025-09-05 10:00:00,SACSI Full,0.3834346834361587,0.005913227796554565,0.0,1.1144894478719578,0.0,0.0,-6.343592303395611,66
2025-09-05 11:00:00,SACSI Full,0.3803451604965956,0.007648468017578125,0.0,1.011505349886521,0.0,0.0,-6.034686371422123,66
2025-09-05 12:00:00,SACSI Full,0.37773584083565753,0.0072321295738220215,0.0,0.9245280278552515,0.0,0.0,-5.773732889541667,66
2025-09-05 13:00:00,SACSI Full,0.37458990688117166,0.007383376359939575,0.0,0.8196635627057205,-1.4210854715202004e-14,0.0,-5.459139868112226,66
2025-09-05 14:00:00,SACSI Full,0.3718613168936237,0.007633566856384277,0.0,0.728710563120788,0.0,0.0,-5.186286862604459,66
2025-09-05 15:00:00,SACSI Full,0.36920907363676403,0.008129477500915527,0.0,0.6403024545588011,0.0,0.0,-4.921074912332866,66
2025-09-05 16:00:00,SACSI Full,0.36664448577758707,0.006439834833145142,0.0,0.5548161925862346,0.0,0.0,-4.664594270882047,66
2025-09-05 17:00:00,SACSI Full,0.3661463563250038,0.007773041725158691,0.0,0.5382118775001274,0.0,0.0,-4.614804425403803,66
2025-09-05 18:00:00,SACSI Full,0.36522280843483207,0.0068625807762146,0.0,0.5074269478277359,0.0,0.0,-4.52242719970822,66
2025-09-05 19:00:00,SACSI Full,0.3635102685481322,0.004580318927764893,0.0,0.4503422849377387,0.0,0.0,-4.351141283810257,66
2025-09-05 20:00:00,SACSI Full,0.36204560066729885,0.00461965799331665,0.0,0.40152002224329664,0.0,0.0,-4.204652853280406,66
2025-09-05 21:00:00,SACSI Full,0.36130610259607526,0.006020665168762207,0.0,0.3768700865358426,0.0,0.0,-4.130744682982655,66
2025-09-05 22:00:00,SACSI Full,0.3600380889348545,0.005198866128921509,0.0,0.33460296449515003,0.0,0.0,-4.003921088798427,66
2025-09-05 23:00:00,SACSI Full,0.35889570272627697,0.004807561635971069,0.0,0.2965234242092322,0.0,0.0,-3.8896703369053447,66
2025-09-06 00:00:00,SACSI Full,0.3578673195511987,0.004729032516479492,0.0,0.26224398503995733,0.0,0.0,-3.786827321061395,66
2025-09-06 01:00:00,SACSI Full,0.35694196155418967,0.004791319370269775,0.0,0.2313987184729882,0.0,0.0,-3.69429260467491,66
2025-09-06 02:00:00,SACSI Full,0.35726209561517847,0.006110072135925293,0.0,0.2420698538392827,0.0,0.0,-3.726344950488221,66
2025-09-06 03:00:00,SACSI Full,0.3575240318597348,0.005881935358047485,0.0,0.2508010619911602,0.0,0.0,-3.752523106048419,66
2025-09-06 04:00:00,SACSI Full,0.3599207335219078,0.009201616048812866,0.0,0.33069111739692547,0.0,0.0,-3.992290581318662,66
2025-09-06 05:00:00,SACSI Full,0.35936765487801664,0.00583156943321228,0.0,0.3122551626005546,0.0,0.0,-3.9369158196564835,66
2025-09-06 06:00:00,SACSI Full,0.3609665751466599,0.004728585481643677,0.0,0.36555250488866453,0.0,0.0,-4.09676311621514,66
2025-09-06 07:00:00,SACSI Full,0.3720134906321866,0.015857666730880737,0.0,0.7337830210728854,0.0,0.0,-5.201777507365768,66
2025-09-06 08:00:00,SACSI Full,0.3743828004744741,0.008552968502044678,0.0,0.8127600158158018,0.0,0.0,-5.438524153799738,66
2025-09-06 09:00:00,SACSI Full,0.3870994160271071,0.021631866693496704,0.0,1.2366472009035718,0.0,0.0,-6.710505029026497,66
2025-09-06 10:00:00,SACSI Full,0.384985649524723,0.010558366775512695,0.0,1.166188317490766,0.0,0.0,-6.498886854806987,66
2025-09-06 11:00:00,SACSI Full,0.38186298237555727,0.007799267768859863,0.0,1.062099412518576,0.0,0.0,-6.18648181390117,66
2025-09-06 12:00:00,SACSI Full,0.37746996516364967,0.0057603418827056885,0.0,0.9156655054549887,0.0,0.0,-5.747132112461482,66
2025-09-06 13:00:00,SACSI Full,0.37449532235841293,0.006617903709411621,0.0,0.8165107452804321,1.4210854715202004e-14,0.0,-5.449673169533748,66
2025-09-06 14:00:00,SACSI Full,0.3711478458934457,0.0066852569580078125,0.0,0.7049281964481893,0.0,0.0,-5.114918968016214,66
2025-09-06 15:00:00,SACSI Full,0.36854176837087543,0.006235688924789429,0.0,0.6180589456958487,0.0,0.0,-4.8543060465463705,66
2025-09-06 16:00:00,SACSI Full,0.36622223669470133,0.006381720304489136,0.0,0.5407412231567122,0.0,0.0,-4.622352764190019,66
2025-09-06 17:00:00,SACSI Full,0.36420962798590173,0.0058716535568237305,0.0,0.4736542661967235,0.0,0.0,-4.4210853323287855,66
2025-09-06 18:00:00,SACSI Full,0.36254917595500985,0.005170255899429321,0.0,0.4183058651669953,0.0,0.0,-4.255028014595546,66
2025-09-06 19:00:00,SACSI Full,0.36110578745563543,0.005176365375518799,0.0,0.3701929151878474,0.0,0.0,-4.110682333965814,66
2025-09-06 20:00:00,SACSI Full,0.35980845531403766,0.005748867988586426,0.0,0.32694851046792195,0.0,0.0,-3.980966233789667,66
2025-09-06 21:00:00,SACSI Full,0.35858902758401406,0.00547260046005249,0.0,0.28630091946713637,0.0,0.0,-3.859014973085892,66
2025-09-06 22:00:00,SACSI Full,0.3574665178250233,0.005630999803543091,0.0,0.2488839275007763,0.0,0.0,-3.7467659864918366,66
2025-09-06 23:00:00,SACSI Full,0.35648446628489733,0.006533414125442505,0.0,0.2161488761632441,0.0,0.0,-3.64858632091546,66
2025-09-07 00:00:00,SACSI Full,0.35560088499044157,0.0066217780113220215,0.0,0.1866961663480524,0.0,0.0,-3.5602218182432415,66
2025-09-07 01:00:00,SACSI Full,0.3548297648415695,0.006156116724014282,0.0,0.16099216138564856,0.0,0.0,-3.4831042631042997,66
2025-09-07 02:00:00,SACSI Full,0.3541110707580206,0.006427466869354248,0.0,0.13703569193401963,0.0,0.0,-3.4112383386409015,66
2025-09-07 03:00:00,SACSI Full,0.3535142138793907,0.006083399057388306,0.0,0.11714046264635698,0.0,0.0,-3.351546496598336,66
2025-09-07 04:00:00,SACSI Full,0.35357154639531746,0.004251301288604736,0.0,0.11905154651058183,0.0,0.0,-3.3572579865352052,66
2025-09-07 05:00:00,SACSI Full,0.36399743590184663,0.0198480486869812,0.0,0.4665811967282224,0.0,0.0,-4.400296518632387,66
2025-09-07 06:00:00,SACSI Full,0.3639136439234193,0.0066505372524261475,0.0,0.4637881307806424,0.0,0.0,-4.391629378201323,66
2025-09-07 07:00:00,SACSI Full,0.363137234736041,0.006985068321228027,0.0,0.43790782453470034,0.0,0.0,-4.31386652028121,66
2025-09-07 08:00:00,SACSI Full,0.3620882380495272,0.007242262363433838,0.0,0.40294126831757354,0.0,0.0,-4.208971222140413,66
2025-09-07 09:00:00,SACSI Full,0.36038530186263934,0.005295872688293457,0.0,0.3461767287546451,0.0,0.0,-4.038655567614451,66
2025-09-07 10:00:00,SACSI Full,0.35847241726739604,0.006048530340194702,0.0,0.2824139089132004,0.0,0.0,-3.8473702239229257,66
2025-09-07 11:00:00,SACSI Full,0.35669970579668936,0.006010085344314575,0.0,0.2233235265563124,0.0,0.0,-3.6700911658257804,66
2025-09-07 12:00:00,SACSI Full,0.3551526360141491,0.005133599042892456,0.0,0.17175453380497033,0.0,0.0,-3.5153750382587803,66
2025-09-07 13:00:00,SACSI Full,0.35428642502050894,0.006017535924911499,0.0,0.14288083401696525,0.0,0.0,-3.428771692138212,66
2025-09-07 14:00:00,SACSI Full,0.3532347330210921,0.006816834211349487,0.0,0.10782443403640372,0.0,0.0,-3.3236176317763,66
2025-09-07 15:00:00,SACSI Full,0.35241275755652635,0.00583261251449585,0.0,0.08042525188421196,0.0,0.0,-3.2414022501198922,66
2025-09-07 16:00:00,SACSI Full,0.35184789039572045,0.004636198282241821,0.0,0.061596346524014224,0.0,0.0,-3.184893727680012,66
2025-09-07 17:00:00,SACSI Full,0.35156715833270513,0.004018992185592651,0.0,0.052238611090172075,0.0,0.0,-3.1568023851751903,66
2025-09-07 18:00:00,SACSI Full,0.352397362535989,0.005473345518112183,0.0,0.07991208453296679,0.0,0.0,-3.239860264042589,66
2025-09-07 19:00:00,SACSI Full,0.3553277661465964,0.007713288068771362,0.0,0.17759220488654678,0.0,0.0,-3.53295327984652,66
2025-09-07 20:00:00,SACSI Full,0.35492938425177584,0.0042982399463653564,0.0,0.16431280839252765,0.0,0.0,-3.4930585404577346,66
2025-09-07 21:00:00,SACSI Full,0.35454561234361753,0.00438883900642395,0.0,0.15152041145391737,0.0,0.0,-3.454649917132482,66
2025-09-07 22:00:00,SACSI Full,0.35394998157495405,0.0039768218994140625,0.0,0.13166605249846697,0.0,0.0,-3.3950818141044627,66
2025-09-07 23:00:00,SACSI Full,0.3540148875250293,0.0043013691902160645,0.0,0.13382958416764268,0.0,0.0,-3.4015780253596413,66
2025-09-08 00:00:00,SACSI Full,0.35613105537514744,0.007218867540359497,0.0,0.20436851250491517,0.0,0.0,-3.6132790898490525,66
2025-09-08 01:00:00,SACSI Full,0.35595563875717695,0.00539630651473999,0.0,0.19852129190589807,0.0,0.0,-3.5956900274582453,66
2025-09-08 02:00:00,SACSI Full,0.35514551612677675,0.004980415105819702,0.0,0.17151720422589137,0.0,0.0,-3.5146553798938798,66
2025-09-08 03:00:00,SACSI Full,0.354416012368761,0.004849284887313843,0.0,0.1472004122920339,0.0,0.0,-3.441699533876033,66
2025-09-08 04:00:00,SACSI Full,0.35373378151371704,0.004790127277374268,0.0,0.12445938379056827,0.0,0.0,-3.37347454549335,66
2025-09-08 05:00:00,SACSI Full,0.3531459147921321,0.005003809928894043,0.0,0.10486382640440156,0.0,0.0,-3.314693692238301,66
2025-09-08 06:00:00,SACSI Full,0.35266966445628856,0.0056137144565582275,0.0,0.08898881520961766,0.0,0.0,-3.2670848189632626,66
2025-09-08 07:00:00,SACSI Full,0.35219160198781535,0.006134659051895142,0.0,0.07305339959384582,0.0,0.0,-3.2192881014085257,66
2025-09-08 08:00:00,SACSI Full,0.3514095778619079,0.007878690958023071,0.0,0.046985928730264,0.0,0.0,-3.1411328003290118,66
2025-09-08 09:00:00,SACSI Full,0.3504011088760044,0.008329600095748901,0.0,0.013370295866812399,0.0,0.0,-3.040281988693731,66
2025-09-08 10:00:00,SACSI Full,0.34898082344525516,0.007414370775222778,0.0,0.0,0.0,0.0,-2.898239784234225,66
2025-09-08 11:00:00,SACSI Full,0.34749948593609986,0.006098747253417969,0.0,0.0,0.0,0.0,-2.750083724790272,66
2025-09-08 12:00:00,SACSI Full,0.3461231753563231,0.003606826066970825,0.0,0.0,0.0,0.0,-2.6124145913655124,66
2025-09-08 13:00:00,SACSI Full,0.35152227989930024,0.010474026203155518,0.0,0.050742663310008145,0.0,0.0,-3.152506142455448,66
2025-09-08 14:00:00,SACSI Full,0.3528815252615641,0.007824450731277466,0.0,0.09605084205213643,0.0,0.0,-3.2883355109257515,66
2025-09-08 15:00:00,SACSI Full,0.35207069737234387,0.006274878978729248,0.0,0.06902324574479479,0.0,0.0,-3.2072107305314863,66
2025-09-08 16:00:00,SACSI Full,0.3522667834232927,0.004385262727737427,0.0,0.07555944744308932,0.0,0.0,-3.2267849437463347,66
2025-09-08 17:00:00,SACSI Full,0.3532487946456683,0.00489652156829834,0.0,0.1082931548556104,0.0,0.0,-3.3249825075865984,66
2025-09-08 18:00:00,SACSI Full,0.35280586147421705,0.0031487643718719482,0.0,0.0935287158072356,0.0,0.0,-3.2806666002811062,66
2025-09-08 19:00:00,SACSI Full,0.3524845544458101,0.00342637300491333,0.0,0.0828184815270035,0.0,0.0,-3.24852674812744,66
2025-09-08 20:00:00,SACSI Full,0.35212200468188554,0.004468560218811035,0.0,0.07073348939618428,0.0,0.0,-3.212300261265068,66
2025-09-08 21:00:00,SACSI Full,0.3518221200572791,0.0047719478607177734,0.0,0.06073733524263645,0.0,0.0,-3.1823104785615413,66
2025-09-08 22:00:00,SACSI Full,0.35157667828065237,0.004423409700393677,0.0,0.05255594268841293,0.0,0.0,-3.157759781640847,66
2025-09-08 23:00:00,SACSI Full,0.35138152342160417,0.0045043230056762695,0.0,0.04605078072013953,0.0,0.0,-3.1382432377535827,66
2025-09-09 00:00:00,SACSI Full,0.35123301349043734,0.005047470331192017,0.0,0.041100449681245266,1.4210854715202004e-14,0.0,-3.123407729923612,66
2025-09-09 01:00:00,SACSI Full,0.35109876983082194,0.004852563142776489,0.0,0.036625661027397886,0.0,0.0,-3.1099759834169336,66
2025-09-09 02:00:00,SACSI Full,0.35098003461357263,0.005547255277633667,0.0,0.032667820452421385,0.0,0.0,-3.098121353384164,66
2025-09-09 03:00:00,SACSI Full,0.3508722037465243,0.00522419810295105,0.0,0.02907345821747498,-1.4210854715202004e-14,0.0,-3.087328089186234,66
2025-09-09 04:00:00,SACSI Full,0.3507748913215579,0.005135983228683472,0.0,0.025829710718596743,0.0,0.0,-3.0775927339691083,66
2025-09-09 05:00:00,SACSI Full,0.3506868081189676,0.0049686431884765625,0.0,0.02289360396558493,0.0,0.0,-3.0687818581609285,66
2025-09-09 06:00:00,SACSI Full,0.35055705894960315,0.005143880844116211,0.0,0.018568631653438673,0.0,0.0,-3.055810524953753,66
2025-09-09 07:00:00,SACSI Full,0.3511657677775623,0.006471574306488037,0.0,0.0388589259187441,0.0,0.0,-3.116719486176984,66
2025-09-09 08:00:00,SACSI Full,0.3509027084222437,0.004172474145889282,0.0,0.030090280741457323,0.0,0.0,-3.0903772827088924,66
2025-09-09 09:00:00,SACSI Full,0.3537645506948532,0.013537704944610596,0.0,0.12548502316177235,0.0,0.0,-3.3768194758921974,66
2025-09-09 10:00:00,SACSI Full,0.35327006412788936,0.00915616750717163,0.0,0.10900213759631186,0.0,0.0,-3.327233351513453,66
2025-09-09 11:00:00,SACSI Full,0.3517883181940738,0.006086826324462891,0.0,0.059610606469127,0.0,0.0,-3.178984249345696,66
2025-09-09 12:00:00,SACSI Full,0.35047809616904474,0.00536993145942688,0.0,0.01593653896815823,0.0,0.0,-3.047924184482312,66
2025-09-09 13:00:00,SACSI Full,0.34904962652386246,0.0049591064453125,0.0,0.0,0.0,0.0,-2.905065942765292,66
2025-09-09 14:00:00,SACSI Full,0.3482354443266095,0.004245340824127197,0.0,0.0,0.0,0.0,-2.823636477133646,66
2025-09-09 15:00:00,SACSI Full,0.347230282406221,0.00445142388343811,0.0,0.0,0.0,0.0,-2.7231193299303613,66
2025-09-09 16:00:00,SACSI Full,0.3464786830204826,0.004020184278488159,0.0,0.0,0.0,0.0,-2.6479530181298814,66
2025-09-09 17:00:00,SACSI Full,0.3470387602355184,0.004023164510726929,0.0,0.0,0.0,0.0,-2.703956516644375,66
2025-09-09 18:00:00,SACSI Full,0.3475208110811414,0.004115253686904907,0.0,0.0,0.0,0.0,-2.7521643340796405,66
2025-09-09 19:00:00,SACSI Full,0.34744603973489024,0.003068596124649048,0.0,0.0,0.0,0.0,-2.7446758119871393,66
2025-09-09 20:00:00,SACSI Full,0.3474591318951152,0.003927648067474365,0.0,0.0,0.0,0.0,-2.746000332992295,66
2025-09-09 21:00:00,SACSI Full,0.3484735676433744,0.004330724477767944,0.0,0.0,0.0,0.0,-2.847447409591097,66
2025-09-09 22:00:00,SACSI Full,0.34845954488854625,0.004293173551559448,0.0,0.0,0.0,0.0,-2.846040727834917,66
2025-09-09 23:00:00,SACSI Full,0.3484754181021553,0.0047619640827178955,0.0,0.0,0.0,0.0,-2.8476417374024976,66
2025-09-10 00:00:00,SACSI Full,0.348462981824289,0.004769116640090942,0.0,0.0,0.0,0.0,-2.8463936362872726,66
2025-09-10 01:00:00,SACSI Full,0.3490892921386264,0.004893094301223755,0.0,0.0,0.0,0.0,-2.909028315525273,66
2025-09-10 02:00:00,SACSI Full,0.3490749470220111,0.004196465015411377,0.0,0.0,0.0,0.0,-2.907585597794274,66
2025-09-10 03:00:00,SACSI Full,0.34906335762680596,0.005023181438446045,0.0,0.0,0.0,0.0,-2.906444493473595,66
2025-09-10 04:00:00,SACSI Full,0.3490500545980635,0.004509091377258301,0.0,0.0,0.0,0.0,-2.9051007825345048,66
2025-09-10 05:00:00,SACSI Full,0.34903856951098666,0.005054473876953125,0.0,0.0,0.0,0.0,-2.903963494401202,66
2025-09-10 06:00:00,SACSI Full,0.34902855914216263,0.005496889352798462,0.0,0.0,0.0,0.0,-2.902970276158077,66
2025-09-10 07:00:00,SACSI Full,0.3487963733166558,0.006844252347946167,0.0,0.0,0.0,0.0,-2.87978769034249,66
2025-09-10 08:00:00,SACSI Full,0.34881715768199195,0.010235309600830078,0.0,0.0,0.0,0.0,-2.88195438496374,66
2025-09-10 09:00:00,SACSI Full,0.3477417330100241,0.00887259840965271,0.0,0.0,0.0,0.0,-2.774364380082513,66
2025-09-10 10:00:00,SACSI Full,0.346233986404151,0.006676018238067627,0.0,0.0,0.0,0.0,-2.623554126581575,66
2025-09-10 11:00:00,SACSI Full,0.34455184047878806,0.00535622239112854,0.0,0.0,0.0,0.0,-2.4553043702850976,66
2025-09-10 12:00:00,SACSI Full,0.34280772207996274,0.0037644803524017334,0.0,0.0,0.0,0.0,-2.2808634150237084,66
2025-09-10 13:00:00,SACSI Full,0.34114741854211716,0.0034089386463165283,0.0,0.0,0.0,0.0,-2.114813588401703,66
2025-09-10 14:00:00,SACSI Full,0.3396572615323566,0.003452897071838379,0.0,0.0,0.0,0.0,-1.9657956507613505,66
2025-09-10 15:00:00,SACSI Full,0.3383669165478252,0.0038965046405792236,0.0,0.0,0.0,0.0,-1.8367740209510175,66
2025-09-10 16:00:00,SACSI Full,0.33744484578868766,0.003878772258758545,0.0,0.0,0.0,0.0,-1.7445623316377592,66
2025-09-10 17:00:00,SACSI Full,0.3369190661869548,0.0037661194801330566,0.0,0.0,0.0,0.0,-1.6919830676128655,66
2025-09-10 18:00:00,SACSI Full,0.3367039250717662,0.00345766544342041,0.0,0.0,0.0,0.0,-1.6704647450258567,66
2025-09-10 19:00:00,SACSI Full,0.3365747465715907,0.0037464499473571777,0.0,0.0,0.0,0.0,-1.6575524740030558,66
2025-09-10 20:00:00,SACSI Full,0.33640085710307976,0.007333159446716309,0.0,0.0,0.0,0.0,-1.6402682405919038,66
2025-09-10 21:00:00,SACSI Full,0.3362509920487903,0.006040483713150024,0.0,0.0,0.0,0.0,-1.6252329413106257,66
2025-09-10 22:00:00,SACSI Full,0.33612523584863563,0.004773139953613281,0.0,0.0,0.0,0.0,-1.61263172110023,66
2025-09-10 23:00:00,SACSI Full,0.33599875396193085,0.004555433988571167,0.0,0.0,0.0,0.0,-1.5999686819325063,66
2025-09-11 00:00:00,SACSI Full,0.33587293815713143,0.004755258560180664,0.0,0.0,0.0,0.0,-1.587390919130062,66
2025-09-11 01:00:00,SACSI Full,0.3357468049575986,0.0046600401401519775,0.0,0.0,0.0,0.0,-1.5747746487468648,66
2025-09-11 02:00:00,SACSI Full,0.3359819872540336,0.004554688930511475,0.0,0.0,0.0,0.0,-1.598290872694067,66
2025-09-11 03:00:00,SACSI Full,0.3359110812689961,0.0042282044887542725,0.0,0.0,0.0,0.0,-1.5911959558338022,66
2025-09-11 04:00:00,SACSI Full,0.3358404827445846,0.0043204426765441895,0.0,0.0,0.0,0.0,-1.5841356056938694,66
2025-09-11 05:00:00,SACSI Full,0.3363802696635427,0.004436075687408447,0.0,0.0,0.0,0.0,-1.6381168441981235,66
2025-09-11 06:00:00,SACSI Full,0.33628227906247987,0.0046028196811676025,0.0,0.0,0.0,0.0,-1.6283216300815475,66
2025-09-11 07:00:00,SACSI Full,0.3359879041999679,0.005187541246414185,0.0,0.0,0.0,0.0,-1.598900018037368,66
2025-09-11 08:00:00,SACSI Full,0.3352484159813425,0.007653534412384033,0.0,0.0,0.0,0.0,-1.5250193287541542,66
2025-09-11 09:00:00,SACSI Full,0.33410500075361144,0.005475431680679321,0.0,0.0,0.0,0.0,-1.4106313650220736,66
2025-09-11 10:00:00,SACSI Full,0.3329255980755985,0.00517919659614563,0.0,0.0,0.0,0.0,-1.2926663538426193,66
2025-09-11 11:00:00,SACSI Full,0.33160202136219546,0.0044269859790802,0.0,0.0,0.0,0.0,-1.160298198045298,66
2025-09-11 12:00:00,SACSI Full,0.3303548218435149,0.001840144395828247,0.0,0.0,0.0,0.0,-1.0355448556552374,66
2025-09-11 13:00:00,SACSI Full,0.3331154126519065,0.0041772425174713135,0.0,0.0,0.0,0.0,-1.3116481810222125,66
2025-09-11 14:00:00,SACSI Full,0.3321759132236342,0.0026501715183258057,0.0,0.0,0.0,0.0,-1.2176595965037784,66
2025-09-11 15:00:00,SACSI Full,0.3316913981773556,0.0031454861164093018,0.0,0.0,0.0,0.0,-1.1692076806038685,66
2025-09-11 16:00:00,SACSI Full,0.3312974153226714,0.0028051435947418213,0.0,0.0,0.0,0.0,-1.1298010385642483,66
2025-09-11 17:00:00,SACSI Full,0.33087725372971105,0.0014515221118927002,0.0,0.0,0.0,0.0,-1.087767939628171,66
2025-09-11 18:00:00,SACSI Full,0.3307689132787884,0.0014978647232055664,0.0,0.0,0.0,0.0,-1.0769217485994145,66
2025-09-11 19:00:00,SACSI Full,0.33071910511991387,0.0020575523376464844,0.0,0.0,0.0,0.0,-1.0719572599142835,66
2025-09-11 20:00:00,SACSI Full,0.3306700653642516,0.0022880733013153076,0.0,0.0,0.0,0.0,-1.067054603100821,66
2025-09-11 21:00:00,SACSI Full,0.33059376714568345,0.002610534429550171,0.0,0.0,0.0,0.0,-1.0594321498682175,66
2025-09-11 22:00:00,SACSI Full,0.33054663722218086,0.00286102294921875,0.0,0.0,0.0,0.0,-1.0547234475622664,66
2025-09-11 23:00:00,SACSI Full,0.3308060475820403,0.003323107957839966,0.0,0.0,0.0,0.0,-1.080675841213272,66
2025-09-12 00:00:00,SACSI Full,0.332119368390451,0.0024962425231933594,0.0,0.0,0.0,0.0,-1.2119950325499074,66
2025-09-12 01:00:00,SACSI Full,0.340133110241304,0.004122555255889893,0.0,0.0,0.0,0.0,-2.0134097383628435,66
2025-09-12 02:00:00,SACSI Full,0.3411405364833376,0.002227872610092163,0.0,0.0,0.0,0.0,-2.1141171526124176,66
2025-09-12 03:00:00,SACSI Full,0.34148192637782304,0.00241696834564209,0.0,0.0,0.0,0.0,-2.1482428681065717,66
2025-09-12 04:00:00,SACSI Full,0.3447729070999326,0.004294216632843018,0.0,0.0,0.0,0.0,-2.477395366808786,66
2025-09-12 05:00:00,SACSI Full,0.34675279920757823,0.002467632293701172,0.0,0.0,0.0,0.0,-2.6753475392470882,66
2025-09-12 06:00:00,SACSI Full,0.35392476264805506,0.007914453744888306,0.0,0.1308254216018355,0.0,0.0,-3.3926890220949146,66
2025-09-12 07:00:00,SACSI Full,0.35548669509158354,0.002469569444656372,0.0,0.1828898363861171,0.0,0.0,-3.5487733493902485,66
2025-09-12 08:00:00,SACSI Full,0.36358081544529636,0.016929954290390015,0.0,0.45269384817654557,0.0,0.0,-4.3585647474639,66
2025-09-12 09:00:00,SACSI Full,0.36243089018676794,0.0053854286670684814,0.0,0.414363006225598,0.0,0.0,-4.243312172506367,66
2025-09-12 10:00:00,SACSI Full,0.36054085642421946,0.005351752042770386,0.0,0.35136188080731473,0.0,0.0,-4.054193014229044,66
2025-09-12 11:00:00,SACSI Full,0.3581759131927911,0.005047470331192017,0.0,0.27253043975970287,0.0,0.0,-3.817695311502846,66
2025-09-12 12:00:00,SACSI Full,0.35812845254811254,0.007210224866867065,0.0,0.27094841827041877,0.0,0.0,-3.8130110868539475,66
2025-09-12 13:00:00,SACSI Full,0.356845469831639,0.00878751277923584,0.0,0.22818232772130076,0.0,0.0,-3.684738506298608,66
2025-09-12 14:00:00,SACSI Full,0.35495181760216965,0.004964917898178101,0.0,0.1650605867389885,0.0,0.0,-3.495319284523739,66
2025-09-12 15:00:00,SACSI Full,0.3540504836400617,0.0046159327030181885,0.0,0.1350161213353914,0.0,0.0,-3.405144172512181,66
2025-09-12 16:00:00,SACSI Full,0.3554861789200547,0.009081214666366577,0.0,0.18287263066848852,0.0,0.0,-3.5488441691184285,66
2025-09-12 17:00:00,SACSI Full,0.35531898298315784,0.0036406517028808594,0.0,0.1772994327719289,0.0,0.0,-3.5320255169794756,66
2025-09-12 18:00:00,SACSI Full,0.35527079587148946,0.0037370622158050537,0.0,0.17569319571631611,0.0,0.0,-3.5271552924983913,66
2025-09-12 19:00:00,SACSI Full,0.3546777417195498,0.0035084784030914307,0.0,0.15592472398499382,0.0,0.0,-3.4678466273611686,66
2025-09-12 20:00:00,SACSI Full,0.35416971426504784,0.0035822391510009766,0.0,0.1389904755015948,0.0,0.0,-3.417043808895283,66
2025-09-12 21:00:00,SACSI Full,0.35371247838012515,0.0035785138607025146,0.0,0.12374927933750542,0.0,0.0,-3.3713194455426314,66
2025-09-12 22:00:00,SACSI Full,0.35327745315354,0.004240870475769043,0.0,0.10924843845133268,0.0,0.0,-3.3278367563296634,66
2025-09-12 23:00:00,SACSI Full,0.35288686832869887,0.004553496837615967,0.0,0.09622894428996176,0.0,0.0,-3.288781029070257,66
2025-09-13 00:00:00,SACSI Full,0.3528120279866889,0.005282163619995117,0.0,0.09373426622296394,0.0,0.0,-3.2813157286091155,66
2025-09-13 01:00:00,SACSI Full,0.35244446112547234,0.005211979150772095,0.0,0.08148203751574386,0.0,0.0,-3.2445510539749414,66
2025-09-13 02:00:00,SACSI Full,0.3520879515728406,0.005145519971847534,0.0,0.06959838576135412,0.0,0.0,-3.208898732275287,66
2025-09-13 03:00:00,SACSI Full,0.3520450798471914,0.006307810544967651,0.0,0.06816932823971485,0.0,0.0,-3.204645763835771,66
2025-09-13 04:00:00,SACSI Full,0.3520008827717435,0.004436969757080078,0.0,0.06669609239145018,0.0,0.0,-3.2001957249773714,66
2025-09-13 05:00:00,SACSI Full,0.3565443010916112,0.00666886568069458,0.0,0.2181433697203744,0.0,0.0,-3.6545858054339724,66
2025-09-13 06:00:00,SACSI Full,0.3684538761229931,0.022001713514328003,0.0,0.6151292040997689,0.0,0.0,-4.8459809750479295,66
2025-09-13 07:00:00,SACSI Full,0.368527552378978,0.007687956094741821,0.0,0.6175850792992663,0.0,0.0,-4.853052134593891,66
2025-09-13 08:00:00,SACSI Full,0.36955336416054274,0.012522339820861816,0.0,0.6517788053514253,0.0,0.0,-4.955635206687952,66
2025-09-13 09:00:00,SACSI Full,0.3667733796166942,0.005617290735244751,0.0,0.5591126538898067,0.0,0.0,-4.6775193579749805,66
2025-09-13 10:00:00,SACSI Full,0.36391438682170796,0.005615055561065674,0.0,0.4638128940569317,0.0,0.0,-4.391551005633758,66
2025-09-13 11:00:00,SACSI Full,0.362082110814441,0.003554224967956543,0.0,0.40273702714803367,0.0,0.0,-4.2083027742493915,66
2025-09-13 12:00:00,SACSI Full,0.36547136686556525,0.012989044189453125,0.0,0.5157122288521748,0.0,0.0,-4.547490815632529,66
2025-09-13 13:00:00,SACSI Full,0.36564901715653825,0.012928992509841919,0.0,0.5216339052179407,0.0,0.0,-4.565160896020817,66
2025-09-13 14:00:00,SACSI Full,0.36393846981410105,0.006451457738876343,0.0,0.46461566047003516,0.0,0.0,-4.394040785912591,66
2025-09-13 15:00:00,SACSI Full,0.3619990818459146,0.00715300440788269,0.0,0.39996939486381966,0.0,0.0,-4.200058260146309,66
2025-09-13 16:00:00,SACSI Full,0.36017594524845653,0.004757195711135864,0.0,0.339198174948551,0.0,0.0,-4.0177136268468425,66
2025-09-13 17:00:00,SACSI Full,0.35881594954024415,0.004866272211074829,0.0,0.29386498467480354,0.0,0.0,-3.881693370233635,66
2025-09-13 18:00:00,SACSI Full,0.3577442886620521,0.0046446919441223145,0.0,0.2581429554017362,0.0,0.0,-3.774523975846761,66
2025-09-13 19:00:00,SACSI Full,0.35682958508948315,0.004241764545440674,0.0,0.2276528363161063,0.0,0.0,-3.6830473735132094,66
2025-09-13 20:00:00,SACSI Full,0.35600662769466485,0.004333704710006714,0.0,0.20022092315549572,0.0,0.0,-3.6007503629623296,66
2025-09-13 21:00:00,SACSI Full,0.3552675691062496,0.004868060350418091,0.0,0.1755856368749875,0.0,0.0,-3.5268596153883744,66
2025-09-13 22:00:00,SACSI Full,0.3545520708356756,0.0050862133502960205,0.0,0.15173569452251884,0.0,0.0,-3.455310989364562,66
2025-09-13 23:00:00,SACSI Full,0.35393401399467506,0.005216747522354126,0.0,0.1311337998225028,0.0,0.0,-3.393507039759673,66
2025-09-14 00:00:00,SACSI Full,0.35335255475152244,0.005314052104949951,0.0,0.11175182505074731,0.0,0.0,-3.3353627292401686,66
2025-09-14 01:00:00,SACSI Full,0.35283190173699297,0.006200820207595825,0.0,0.09439672456643251,0.0,0.0,-3.2833230577844743,66
2025-09-14 02:00:00,SACSI Full,0.3523341671137259,0.004985183477401733,0.0,0.07780557045752944,0.0,0.0,-3.2335285714094386,66
2025-09-14 03:00:00,SACSI Full,0.3519093406914692,0.004196763038635254,0.0,0.06364468971564037,0.0,0.0,-3.1910258886120775,66
2025-09-14 04:00:00,SACSI Full,0.35794721000471896,0.010267794132232666,0.0,0.264907000157298,0.0,0.0,-3.7949870666654757,66
2025-09-14 05:00:00,SACSI Full,0.3590902485552953,0.0054198503494262695,0.0,0.30300828517651157,0.0,0.0,-3.909181731974347,66
2025-09-14 06:00:00,SACSI Full,0.36434089600439606,0.012724101543426514,0.0,0.4780298668132019,0.0,0.0,-4.4344171249824145,66
2025-09-14 07:00:00,SACSI Full,0.36359778149350647,0.0068250298500061035,0.0,0.4532593831168825,0.0,0.0,-4.35997364066458,66
2025-09-14 08:00:00,SACSI Full,0.3620975494783893,0.006182044744491577,0.0,0.40325164927964186,0.0,0.0,-4.209885018584873,66
2025-09-14 09:00:00,SACSI Full,0.36003892581645613,0.006043761968612671,0.0,0.3346308605485391,0.0,0.0,-4.004014839712744,66
2025-09-14 10:00:00,SACSI Full,0.35793592454764817,0.007630437612533569,0.0,0.26453081825493857,0.0,0.0,-3.793760930273506,66
2025-09-14 11:00:00,SACSI Full,0.35578311692679143,0.0059282779693603516,0.0,0.19277056422638028,0.0,0.0,-3.578447279834962,66
2025-09-14 12:00:00,SACSI Full,0.35371930510870414,0.006333291530609131,0.0,0.123976836956804,0.0,0.0,-3.3720612268366383,66
2025-09-14 13:00:00,SACSI Full,0.35188501412849243,0.005546510219573975,0.0,0.06283380428308193,0.0,0.0,-3.1886202108667447,66
2025-09-14 14:00:00,SACSI Full,0.35046551057011444,0.006165951490402222,0.0,0.01551701900381346,0.0,0.0,-3.046680570453959,66
2025-09-14 15:00:00,SACSI Full,0.34929689025948996,0.006413906812667847,0.0,0.0,0.0,0.0,-2.9298197836384707,66
2025-09-14 16:00:00,SACSI Full,0.3483839563956912,0.006619840860366821,0.0,0.0,0.0,0.0,-2.838530095726803,66
2025-09-14 17:00:00,SACSI Full,0.34776074498644033,0.008536577224731445,0.0,0.0,0.0,0.0,-2.7762643975521706,66
2025-09-14 18:00:00,SACSI Full,0.3474734829448715,0.007321387529373169,0.0,0.0,0.0,0.0,-2.7475068741346917,66
2025-09-14 19:00:00,SACSI Full,0.34724412684987543,0.007693171501159668,0.0,0.0,0.0,0.0,-2.7245702662572837,66
2025-09-14 20:00:00,SACSI Full,0.3469991928155279,0.011519789695739746,0.0,0.0,0.0,0.0,-2.7001879435286478,66
2025-09-14 21:00:00,SACSI Full,0.3467572032506323,0.012403130531311035,0.0,0.0,0.0,0.0,-2.6759772210822117,66
2025-09-14 22:00:00,SACSI Full,0.34651021931320986,0.010904818773269653,0.0,0.0,0.0,0.0,-2.6512550108140305,66
2025-09-14 23:00:00,SACSI Full,0.3462875538395898,0.009700357913970947,0.0,0.0,0.0,0.0,-2.628961435725853,66
2025-09-15 00:00:00,SACSI Full,0.3460617819705662,0.008768439292907715,0.0,0.0,0.0,0.0,-2.606362885028688,66
2025-09-15 01:00:00,SACSI Full,0.34580515996208355,0.008013397455215454,0.0,0.0,0.0,0.0,-2.5806838145758357,66
2025-09-15 02:00:00,SACSI Full,0.34552115134070877,0.00829741358757019,0.0,0.0,0.0,0.0,-2.5522839225039506,66
2025-09-15 03:00:00,SACSI Full,0.3452346010779397,0.007534921169281006,0.0,0.0,0.0,0.0,-2.5236184311415357,66
2025-09-15 04:00:00,SACSI Full,0.34494406674137273,0.006339699029922485,0.0,0.0,0.0,0.0,-2.4945454203392647,66
2025-09-15 05:00:00,SACSI Full,0.34467980441084073,0.005721300840377808,0.0,0.0,0.0,0.0,-2.468101051082775,66
2025-09-15 06:00:00,SACSI Full,0.344416586155003,0.006034523248672485,0.0,0.0,0.0,0.0,-2.4417824381893536,66
2025-09-15 07:00:00,SACSI Full,0.34398659300715295,0.007002055644989014,0.0,0.0,0.0,0.0,-2.398809017152158,66
2025-09-15 08:00:00,SACSI Full,0.34313097649405966,0.006815046072006226,0.0,0.0,0.0,0.0,-2.3132358204231354,66
2025-09-15 09:00:00,SACSI Full,0.3418768038470603,0.006248205900192261,0.0,0.0,0.0,0.0,-2.1878110172257528,66
2025-09-15 10:00:00,SACSI Full,0.34033638965676793,0.0053757429122924805,0.0,0.0,0.0,0.0,-2.0337552051649173,66
2025-09-15 11:00:00,SACSI Full,0.3385648354712185,0.0040337443351745605,0.0,0.0,0.0,0.0,-1.8565776419943256,66
2025-09-15 12:00:00,SACSI Full,0.33668265599003006,0.004846155643463135,0.0,0.0,0.0,0.0,-1.6683706462289571,66
2025-09-15 13:00:00,SACSI Full,0.335190610122587,0.004886239767074585,0.0,0.0,0.0,0.0,-1.5191591378952767,66
2025-09-15 14:00:00,SACSI Full,0.3339576446897841,0.00611037015914917,0.0,0.0,0.0,0.0,-1.3958989176855148,66
2025-09-15 15:00:00,SACSI Full,0.33272762808393014,0.004995018243789673,0.0,0.0,0.0,0.0,-1.2728738622770426,66
2025-09-15 16:00:00,SACSI Full,0.33206022414833875,0.00577881932258606,0.0,0.0,0.0,0.0,-1.2061458292311136,66
2025-09-15 17:00:00,SACSI Full,0.3318945803673125,0.003306865692138672,0.0,0.0,0.0,0.0,-1.1895488935813976,66
2025-09-15 18:00:00,SACSI Full,0.3316512658579207,0.0035056471824645996,0.0,0.0,0.0,0.0,-1.1651986865506228,66
2025-09-15 19:00:00,SACSI Full,0.33146502779712844,0.0036285817623138428,0.0,0.0,0.0,0.0,-1.1465765806938883,66
2025-09-15 20:00:00,SACSI Full,0.33124923748801716,0.0032629072666168213,0.0,0.0,0.0,0.0,-1.1249926636920045,66
2025-09-15 21:00:00,SACSI Full,0.3360819388031022,0.009310394525527954,0.0,0.0,0.0,0.0,-1.6084405630733212,66
2025-09-15 22:00:00,SACSI Full,0.3363131678214725,0.0033687055110931396,0.0,0.0,0.0,0.0,-1.6314435731476182,66
2025-09-15 23:00:00,SACSI Full,0.3375184720308638,0.0040912628173828125,0.0,0.0,0.0,0.0,-1.7519362539157926,66
2025-09-16 00:00:00,SACSI Full,0.3390600316912985,0.00496789813041687,0.0,0.0,0.0,0.0,-1.9061112934455882,66
2025-09-16 01:00:00,SACSI Full,0.33962744612525464,0.004224330186843872,0.0,0.0,0.0,0.0,-1.9628365348086358,66
2025-09-16 02:00:00,SACSI Full,0.33947122721583206,0.004134327173233032,0.0,0.0,0.0,0.0,-1.9472063081568063,66
2025-09-16 03:00:00,SACSI Full,0.33964757373323595,0.0039039552211761475,0.0,0.0,0.0,0.0,-1.9648377561475385,66
2025-09-16 04:00:00,SACSI Full,0.339824675242807,0.004130452871322632,0.0,0.0,0.0,0.0,-1.982552398314629,66
2025-09-16 05:00:00,SACSI Full,0.3400314864563003,0.00454336404800415,0.0,0.0,0.0,0.0,-2.0032436420227584,66
2025-09-16 06:00:00,SACSI Full,0.3401827068669652,0.004866123199462891,0.0,0.0,0.0,0.0,-2.0183712367520252,66
2025-09-16 07:00:00,SACSI Full,0.3398341319766695,0.005927532911300659,0.0,0.0,0.0,0.0,-1.9835423624222943,66
2025-09-16 08:00:00,SACSI Full,0.3393464331673637,0.008690357208251953,0.0,0.0,0.0,0.0,-1.934844752123502,66
2025-09-16 09:00:00,SACSI Full,0.33860615530004645,0.009416639804840088,0.0,0.0,0.0,0.0,-1.8608111256267073,66
2025-09-16 10:00:00,SACSI Full,0.33765764327119335,0.006446391344070435,0.0,0.0,0.0,0.0,-1.7659229574308237,66
2025-09-16 11:00:00,SACSI Full,0.3360567402663881,0.004229098558425903,0.0,0.0,0.0,0.0,-1.6057807815378342,66
2025-09-16 12:00:00,SACSI Full,0.3343676623208378,0.003276616334915161,0.0,0.0,0.0,0.0,-1.4368412892327138,66
2025-09-16 13:00:00,SACSI Full,0.333430294752027,0.003289729356765747,0.0,0.0,0.0,0.0,-1.3430954009200544,66
2025-09-16 14:00:00,SACSI Full,0.332138024040764,0.00331878662109375,0.0,0.0,0.0,0.0,-1.2138690703814625,66
2025-09-16 15:00:00,SACSI Full,0.33123593711048904,0.0033739209175109863,0.0,0.0,0.0,0.0,-1.123661740810218,66
2025-09-16 16:00:00,SACSI Full,0.3303398070549025,0.0031609833240509033,0.0,0.0,0.0,0.0,-1.0340460545326662,66
2025-09-16 17:00:00,SACSI Full,0.32978400333474617,0.0032588839530944824,0.0,0.0,0.0,0.0,-0.9784664901599684,66
2025-09-16 18:00:00,SACSI Full,0.32948229114046235,0.002986341714859009,0.0,0.0,0.0,0.0,-0.9482915663029136,66
2025-09-16 19:00:00,SACSI Full,0.3292683783776615,0.0038261711597442627,0.0,0.0,0.0,0.0,-0.9269227594837917,66
2025-09-16 20:00:00,SACSI Full,0.32902857160161475,0.004557967185974121,0.0,0.0,0.0,0.0,-0.9029556374654562,66
2025-09-16 21:00:00,SACSI Full,0.32876966127147816,0.007326900959014893,0.0,0.0,0.0,0.0,-0.8771403545047265,66
2025-09-16 22:00:00,SACSI Full,0.3284829480893467,0.0074860453605651855,0.0,0.0,0.0,0.0,-0.8484461212858955,66
2025-09-16 23:00:00,SACSI Full,0.32819549580962,0.007264316082000732,0.0,0.0,0.0,0.0,-0.8196970845764235,66
2025-09-17 00:00:00,SACSI Full,0.3282340281072312,0.005059689283370972,0.0,0.0,0.0,0.0,-0.823526050776771,66
2025-09-17 01:00:00,SACSI Full,0.33134414661080175,0.009535551071166992,0.0,0.0,0.0,0.0,-1.1346501307194756,66
2025-09-17 02:00:00,SACSI Full,0.3334216640884731,0.008255243301391602,0.0,0.0,0.0,0.0,-1.3423443167910374,66
2025-09-17 03:00:00,SACSI Full,0.33379627650013105,0.005883723497390747,0.0,0.0,0.0,0.0,-1.3797690396810922,66
2025-09-17 04:00:00,SACSI Full,0.33352866389185726,0.004716217517852783,0.0,0.0,0.0,0.0,-1.3529723885958775,66
2025-09-17 05:00:00,SACSI Full,0.33331676328252297,0.004429817199707031,0.0,0.0,0.0,0.0,-1.3317677885994714,66
2025-09-17 06:00:00,SACSI Full,0.3337760250201875,0.005778521299362183,0.0,0.0,0.0,0.0,-1.3777315594857324,66
2025-09-17 07:00:00,SACSI Full,0.33476179922571325,0.006232261657714844,0.0,0.0,0.0,0.0,-1.4763091052080624,66
2025-09-17 08:00:00,SACSI Full,0.3341295850315744,0.005835741758346558,0.0,0.0,0.0,0.0,-1.4130791831916014,66
2025-09-17 09:00:00,SACSI Full,0.33385121401062157,0.005488693714141846,0.0,0.0,0.0,0.0,-1.385234645416881,66
2025-09-17 10:00:00,SACSI Full,0.3352349638087605,0.004124939441680908,0.0,0.0,0.0,0.0,-1.5235925172076077,66
2025-09-17 11:00:00,SACSI Full,0.34223399182946035,0.014208406209945679,0.0,0.0,0.0,0.0,-2.2237841857379155,66
2025-09-17 12:00:00,SACSI Full,0.34091252153069324,0.003058910369873047,0.0,0.0,0.0,0.0,-2.091424826235121,66
2025-09-17 13:00:00,SACSI Full,0.33953070546856073,0.001955181360244751,0.0,0.0,0.0,0.0,-1.953120687773374,66
2025-09-17 14:00:00,SACSI Full,0.338235072558627,0.002310127019882202,0.0,0.0,0.0,0.0,-1.8235570078596937,66
2025-09-17 15:00:00,SACSI Full,0.337134711786812,0.001391768455505371,0.0,0.0,0.0,0.0,-1.7135081976359512,66
2025-09-17 16:00:00,SACSI Full,0.34789981081714777,0.016529709100723267,0.0,0.0,0.0,0.0,-2.7904630553032432,66
2025-09-17 17:00:00,SACSI Full,0.3485709464549079,0.003340691328048706,0.0,0.0,0.0,0.0,-2.8572933494950754,66
2025-09-17 18:00:00,SACSI Full,0.34871557856550356,0.0028896331787109375,0.0,0.0,0.0,0.0,-2.8716201597954227,66
2025-09-17 19:00:00,SACSI Full,0.3488884014549905,0.0028468668460845947,0.0,0.0,0.0,0.0,-2.8888975104992975,66
2025-09-17 20:00:00,SACSI Full,0.3528137359239209,0.005391538143157959,0.0,0.09379119746403007,0.0,0.0,-3.2815068698679233,66
2025-09-17 21:00:00,SACSI Full,0.3539161253742172,0.003754347562789917,0.0,0.1305375124739058,0.0,0.0,-3.391703996278777,66
2025-09-17 22:00:00,SACSI Full,0.35581186601625026,0.004951059818267822,0.0,0.19372886720834118,0.0,0.0,-3.581297589943945,66
2025-09-17 23:00:00,SACSI Full,0.35752181361472135,0.006211400032043457,0.0,0.2507271204907113,0.0,0.0,-3.752318192874913,66
2025-09-18 00:00:00,SACSI Full,0.3566518355913954,0.0032344460487365723,0.0,0.2217278530465137,0.0,0.0,-3.6652780176003477,66
2025-09-18 01:00:00,SACSI Full,0.3567207602027652,0.004202723503112793,0.0,0.22402534009217306,0.0,0.0,-3.672169757521128,66
2025-09-18 02:00:00,SACSI Full,0.3567858152025578,0.0052103400230407715,0.0,0.22619384008526,0.0,0.0,-3.67869580322144,66
2025-09-18 03:00:00,SACSI Full,0.35867488266840314,0.006882995367050171,0.0,0.2891627556134395,0.0,0.0,-3.867642653301094,66
2025-09-18 04:00:00,SACSI Full,0.3582191581909782,0.005254596471786499,0.0,0.273971939699274,0.0,0.0,-3.8220371950162093,66
2025-09-18 05:00:00,SACSI Full,0.3575103360899323,0.005697906017303467,0.0,0.25034453633107606,0.0,0.0,-3.7511520002090326,66
2025-09-18 06:00:00,SACSI Full,0.3565211905629665,0.005629360675811768,0.0,0.21737301876555082,0.0,0.0,-3.65223232896358,66
2025-09-18 07:00:00,SACSI Full,0.3555530679692534,0.00516548752784729,0.0,0.1851022656417797,0.0,0.0,-3.555414745407376,66
2025-09-18 08:00:00,SACSI Full,0.3551085125294066,0.006917119026184082,0.0,0.17028375098022083,0.0,0.0,-3.511007111636168,66
2025-09-18 09:00:00,SACSI Full,0.3543438157235447,0.004384815692901611,0.0,0.14479385745148932,0.0,0.0,-3.434494591701658,66
2025-09-18 10:00:00,SACSI Full,0.35958602166153764,0.006695836782455444,0.0,0.3195340553845867,0.0,0.0,-3.9587591931003074,66
2025-09-18 11:00:00,SACSI Full,0.3766396060762802,0.016562193632125854,0.0,0.8879868692093411,0.0,0.0,-5.66439051506916,66
2025-09-18 12:00:00,SACSI Full,0.376853838766992,0.01239776611328125,0.0,0.8951279588997338,0.0,0.0,-5.685673476296656,66
2025-09-18 13:00:00,SACSI Full,0.3789795614350258,0.016202181577682495,0.0,0.9659853811675276,0.0,0.0,-5.898318231288779,66
2025-09-18 14:00:00,SACSI Full,0.38110288830844335,0.009761005640029907,0.0,1.036762943614778,0.0,0.0,-6.110548462716512,66
2025-09-18 15:00:00,SACSI Full,0.39088729971153535,0.02573341131210327,0.0,1.3629099903845117,0.0,0.0,-7.089404363436497,66
2025-09-18 16:00:00,SACSI Full,0.38858452466258103,0.005818307399749756,0.0,1.2861508220860358,1.4210854715202004e-14,0.0,-6.858767983445221,66
2025-09-18 17:00:00,SACSI Full,0.39409836343415405,0.017597079277038574,0.0,1.4699454478051353,0.0,0.0,-7.4103060727197185,66
2025-09-18 18:00:00,SACSI Full,0.393413136873196,0.009536594152450562,0.0,1.447104562439867,0.0,0.0,-7.341585024053896,66
2025-09-18 19:00:00,SACSI Full,0.39558694169898373,0.014206171035766602,0.0,1.5195647232994576,0.0,0.0,-7.55902498908792,66
2025-09-18 20:00:00,SACSI Full,0.3934971035430987,0.007952004671096802,0.0,1.4499034514366231,0.0,0.0,-7.3499319360669375,66
2025-09-18 21:00:00,SACSI Full,0.3913169877043509,0.008198171854019165,0.0,1.3772329234783627,0.0,0.0,-7.131865195544,66
2025-09-18 22:00:00,SACSI Full,0.387622999758167,0.005403608083724976,0.0,1.2540999919388995,0.0,0.0,-6.7624359936160765,66
2025-09-18 23:00:00,SACSI Full,0.38429753575942777,0.005111992359161377,0.0,1.1432511919809258,0.0,0.0,-6.4298587319472045,66
2025-09-19 00:00:00,SACSI Full,0.3825111086593437,0.007275491952896118,0.0,1.0837036219781226,0.0,0.0,-6.251278010769362,66
2025-09-19 01:00:00,SACSI Full,0.3809029769232005,0.007159709930419922,0.0,1.0300992307733523,0.0,0.0,-6.090442044338885,66
2025-09-19 02:00:00,SACSI Full,0.3776509922110555,0.0056043267250061035,0.0,0.921699740368517,0.0,0.0,-5.765226861472106,66
2025-09-19 03:00:00,SACSI Full,0.37474822404964425,0.005110353231430054,0.0,0.8249408016548089,0.0,0.0,-5.474929551763989,66
2025-09-19 04:00:00,SACSI Full,0.37213623874780827,0.005279034376144409,0.0,0.7378746249269427,0.0,0.0,-5.213731142279795,66
2025-09-19 05:00:00,SACSI Full,0.36976135477147065,0.005746632814407349,0.0,0.6587118257156889,0.0,0.0,-4.976255085787735,66
2025-09-19 06:00:00,SACSI Full,0.36757240352846593,0.005561411380767822,0.0,0.5857467842821976,0.0,0.0,-4.757353433288544,66
2025-09-19 07:00:00,SACSI Full,0.3655028096776373,0.006382167339324951,0.0,0.5167603225879106,0.0,0.0,-4.5504168186701035,66
2025-09-19 08:00:00,SACSI Full,0.3634396048631519,0.007525384426116943,0.0,0.44798682877173096,0.0,0.0,-4.34412242617458,66
2025-09-19 09:00:00,SACSI Full,0.3614589090145454,0.008754879236221313,0.0,0.3819636338181795,0.0,0.0,-4.146078293987367,66
2025-09-19 10:00:00,SACSI Full,0.35971718165321576,0.0073878467082977295,0.0,0.32390605510719156,0.0,0.0,-3.9718795925810206,66
2025-09-19 11:00:00,SACSI Full,0.3584233746683904,0.0071370601654052734,0.0,0.2807791556130141,0.0,0.0,-3.842482715907778,66
2025-09-19 12:00:00,SACSI Full,0.356555436063198,0.006632953882217407,0.0,0.21851453543993388,0.0,0.0,-3.6556813064602762,66
2025-09-19 13:00:00,SACSI Full,0.3549253713377604,0.0066596269607543945,0.0,0.1641790445920151,0.0,0.0,-3.492670593046042,66
2025-09-19 14:00:00,SACSI Full,0.35322929409435,0.006819963455200195,0.0,0.10764313647833319,0.0,0.0,-3.3230674120690473,66
2025-09-19 15:00:00,SACSI Full,0.3518817993262762,0.006978213787078857,0.0,0.06272664420920791,0.0,0.0,-3.188321079406682,66
2025-09-19 16:00:00,SACSI Full,0.3509218841279168,0.006254911422729492,0.0,0.030729470930560866,0.0,0.0,-3.092320744043778,66
2025-09-19 17:00:00,SACSI Full,0.3504133538061934,0.005719363689422607,0.0,0.013778460206447109,0.0,0.0,-3.0414551233704583,66
2025-09-19 18:00:00,SACSI Full,0.35020753028546786,0.004670619964599609,0.0,0.0069176761822618005,0.0,0.0,-3.020856928383326,66
2025-09-19 19:00:00,SACSI Full,0.35009907834835363,0.004767030477523804,0.0,0.003302611611788109,0.0,0.0,-3.010004139550042,66
2025-09-19 20:00:00,SACSI Full,0.3499707760364564,0.00400930643081665,0.0,0.0,0.0,0.0,-2.9971653670147202,66
2025-09-19 21:00:00,SACSI Full,0.34984354412463814,0.004330426454544067,0.0,0.0,0.0,0.0,-2.984444232193141,66
2025-09-19 22:00:00,SACSI Full,0.3497167180211098,0.004452168941497803,0.0,0.0,0.0,0.0,-2.97176206291468,66
2025-09-19 23:00:00,SACSI Full,0.3495917500923823,0.0050096213817596436,0.0,0.0,0.0,0.0,-2.9592807761902677,66
2025-09-20 00:00:00,SACSI Full,0.34946740652230884,0.005196928977966309,0.0,0.0,0.0,0.0,-2.9468464638864047,66
2025-09-20 01:00:00,SACSI Full,0.3493150206882507,0.005284249782562256,0.0,0.0,0.0,0.0,-2.9316086270287673,66
2025-09-20 02:00:00,SACSI Full,0.3491643941846242,0.00581204891204834,0.0,0.0,0.0,0.0,-2.9165609374319548,66
2025-09-20 03:00:00,SACSI Full,0.34904068838424984,0.0053882598876953125,0.0,0.0,0.0,0.0,-2.904180841512981,66
2025-09-20 04:00:00,SACSI Full,0.3489161823915194,0.005148202180862427,0.0,0.0,0.0,0.0,-2.891723603772624,66
2025-09-20 05:00:00,SACSI Full,0.3487916798757265,0.005149245262145996,0.0,0.0,0.0,0.0,-2.879270982908706,66
2025-09-20 06:00:00,SACSI Full,0.3486416057084749,0.005977749824523926,0.0,0.0,0.0,0.0,-2.8642884108896043,66
2025-09-20 07:00:00,SACSI Full,0.3482966711718589,0.007019639015197754,0.0,0.0,0.0,0.0,-2.8298179288581014,66
2025-09-20 08:00:00,SACSI Full,0.3474981554459284,0.006945282220840454,0.0,0.0,0.0,0.0,-2.749955193805198,66
2025-09-20 09:00:00,SACSI Full,0.34627846037772797,0.008091479539871216,0.0,0.0,0.0,0.0,-2.6280193293367837,66
2025-09-20 10:00:00,SACSI Full,0.34473872369356456,0.0055789947509765625,0.0,0.0,0.0,0.0,-2.474009074099364,66
2025-09-20 11:00:00,SACSI Full,0.3429708361870796,0.0051337480545043945,0.0,0.0,0.0,0.0,-2.2971907461360117,66
2025-09-20 12:00:00,SACSI Full,0.3410877775373807,0.004582405090332031,0.0,0.0,0.0,0.0,-2.1088749152695154,66
2025-09-20 13:00:00,SACSI Full,0.3392888297850639,0.004315674304962158,0.0,0.0,0.0,0.0,-1.928971959300344,66
2025-09-20 14:00:00,SACSI Full,0.33763395225671433,0.005036741495132446,0.0,0.0,0.0,0.0,-1.763503171173237,66
2025-09-20 15:00:00,SACSI Full,0.3362599498668065,0.004299283027648926,0.0,0.0,0.0,0.0,-1.6260883469258791,66
2025-09-20 16:00:00,SACSI Full,0.3352533251490941,0.004012584686279297,0.0,0.0,0.0,0.0,-1.5254156335865503,66
2025-09-20 17:00:00,SACSI Full,0.3346436333321284,0.00409245491027832,0.0,0.0,0.0,0.0,-1.4644459810132824,66
2025-09-20 18:00:00,SACSI Full,0.33434645407107977,0.004346221685409546,0.0,0.0,0.0,0.0,-1.4347348692094357,66
2025-09-20 19:00:00,SACSI Full,0.3340789517313988,0.004749298095703125,0.0,0.0,0.0,0.0,-1.4079941898658952,66
2025-09-20 20:00:00,SACSI Full,0.33384029135135324,0.004901885986328125,0.0,0.0,0.0,0.0,-1.3841286987339558,66
2025-09-20 21:00:00,SACSI Full,0.3336018162424118,0.004957467317581177,0.0,0.0,0.0,0.0,-1.3602813294008442,66
2025-09-20 22:00:00,SACSI Full,0.33339115590639423,0.004801899194717407,0.0,0.0,0.0,0.0,-1.3392131843045456,66
2025-09-20 23:00:00,SACSI Full,0.33317890412636114,0.004324465990066528,0.0,0.0,0.0,0.0,-1.3179816762879615,66
2025-09-21 00:00:00,SACSI Full,0.332966593735094,0.004306882619857788,0.0,0.0,0.0,0.0,-1.2967456869955003,66
2025-09-21 01:00:00,SACSI Full,0.3327536709061018,0.0041231513023376465,0.0,0.0,0.0,0.0,-1.2754513909494019,66
2025-09-21 02:00:00,SACSI Full,0.33256936155227335,0.004207193851470947,0.0,0.0,0.0,0.0,-1.2570211395298547,66
2025-09-21 03:00:00,SACSI Full,0.3323567849269262,0.004227012395858765,0.0,0.0,0.0,0.0,-1.2357632311259823,66
2025-09-21 04:00:00,SACSI Full,0.33214363311675704,0.004054456949234009,0.0,0.0,0.0,0.0,-1.2144461263691544,66
2025-09-21 05:00:00,SACSI Full,0.33193026921339347,0.003990828990936279,0.0,0.0,0.0,0.0,-1.1931073741987481,66
2025-09-21 06:00:00,SACSI Full,0.3316880494426441,0.003834068775177002,0.0,0.0,0.0,0.0,-1.1688831932420678,66
2025-09-21 07:00:00,SACSI Full,0.331250678729887,0.004788786172866821,0.0,0.0,0.0,0.0,-1.1251731958861342,66
2025-09-21 08:00:00,SACSI Full,0.33044548331009865,0.004941374063491821,0.0,0.0,0.0,0.0,-1.0446486843700409,66
2025-09-21 09:00:00,SACSI Full,0.3292704982168229,0.004504472017288208,0.0,0.0,0.0,0.0,-0.9271442801430987,66
2025-09-21 10:00:00,SACSI Full,0.3278094364864381,0.003681480884552002,0.0,0.0,0.0,0.0,-0.7810255081728299,66
2025-09-21 11:00:00,SACSI Full,0.32614813705431944,0.003110170364379883,0.0,0.0,0.0,0.0,-0.6148816219444329,66
2025-09-21 12:00:00,SACSI Full,0.32506720143067364,0.002719312906265259,0.0,0.0,0.0,0.0,-0.5067784379000693,66
2025-09-21 13:00:00,SACSI Full,0.32340794643787074,0.0037235021591186523,0.0,0.0,0.0,0.0,-0.3408791557227844,66
2025-09-21 14:00:00,SACSI Full,0.3218619676572832,0.0037063658237457275,0.0,0.0,0.0,0.0,-0.18627106440814786,66
2025-09-21 15:00:00,SACSI Full,0.32069039045957254,0.005526840686798096,0.0,0.0,0.0,0.0,-0.06916778751961968,66
2025-09-21 16:00:00,SACSI Full,0.3197447592090321,0.005310624837875366,0.0,0.0,0.0,0.0,0.9998916253447533,66
2025-09-21 17:00:00,SACSI Full,0.3198003045406692,0.0036635994911193848,0.0,0.0,0.0,0.0,0.99991025775671,66
2025-09-21 18:00:00,SACSI Full,0.3201358602466934,0.0026667118072509766,0.0,0.0,0.0,0.0,-0.013649327782321263,66
2025-09-21 19:00:00,SACSI Full,0.3205568416292223,0.002794414758682251,0.0,0.0,0.0,0.0,-0.05574132824691951,66
2025-09-21 20:00:00,SACSI Full,0.3206181600545598,0.0033955276012420654,0.0,0.0,0.0,0.0,-0.06188992713642842,66
2025-09-21 21:00:00,SACSI Full,0.3203740870760633,0.003278106451034546,0.0,0.0,0.0,0.0,-0.03747544394685173,66
2025-09-21 22:00:00,SACSI Full,0.3201588456263893,0.003427565097808838,0.0,0.0,0.0,0.0,-0.015954608527353153,66
2025-09-21 23:00:00,SACSI Full,0.3199166705591235,0.003847479820251465,0.0,0.0,0.0,0.0,0.9999188512563706,66
2025-09-22 00:00:00,SACSI Full,0.3196744011178368,0.0038191676139831543,0.0,0.0,0.0,0.0,0.9999233335256577,66
2025-09-22 01:00:00,SACSI Full,0.3194030741467827,0.0036019086837768555,0.0,0.0,0.0,0.0,0.9999257892370225,66
2025-09-22 02:00:00,SACSI Full,0.3191891867159559,0.003833770751953125,0.0,0.0,0.0,0.0,0.9999210059642791,66
2025-09-22 03:00:00,SACSI Full,0.31900317564951913,0.0036966800689697266,0.0,0.0,0.0,0.0,0.9999246954917907,66
2025-09-22 04:00:00,SACSI Full,0.3187888620454822,0.003705918788909912,0.0,0.0,0.0,0.0,0.9999257892370224,66
2025-09-22 05:00:00,SACSI Full,0.31857364046402314,0.003433525562286377,0.0,0.0,0.0,0.0,0.9999286055564881,66
2025-09-22 06:00:00,SACSI Full,0.31833123740899105,0.003779083490371704,0.0,0.0,0.0,0.0,0.9999209627509117,66
2025-09-22 07:00:00,SACSI Full,0.31794775081940035,0.003954023122787476,0.0,0.0,0.0,0.0,0.9999191701412201,66
2025-09-22 08:00:00,SACSI Full,0.31721873215662977,0.010794401168823242,0.0,0.0,0.0,0.0,0.9997157081961632,66
2025-09-22 09:00:00,SACSI Full,0.31624102661915166,0.01268833875656128,0.0,0.0,0.0,0.0,0.9997272938489914,66
2025-09-22 10:00:00,SACSI Full,0.3151088262366011,0.017339885234832764,0.0,0.0,0.0,0.0,0.9996066868305206,66
2025-09-22 11:00:00,SACSI Full,0.31397077516146044,0.015584677457809448,0.0,0.0,0.0,0.0,0.9996707543730736,66
2025-09-22 12:00:00,SACSI Full,0.3126853537518535,0.013873577117919922,0.0,0.0,0.0,0.0,0.9997054174542428,66
2025-09-22 13:00:00,SACSI Full,0.31129212187595706,0.015530437231063843,0.0,0.0,0.0,0.0,0.9996728226542473,66
2025-09-22 14:00:00,SACSI Full,0.31020090866155964,0.012636035680770874,0.0,0.0,0.0,0.0,0.9997183352708817,66
2025-09-22 15:00:00,SACSI Full,0.3094294425168389,0.01506015658378601,0.0,0.0,0.0,0.0,0.9996745556592942,66
2025-09-22 16:00:00,SACSI Full,0.30876826688833575,0.014147311449050903,0.0,0.0,0.0,0.0,0.9997079253196716,66
2025-09-22 17:00:00,SACSI Full,0.30827010383990944,0.020551085472106934,0.0,0.0,0.0,0.0,0.9995249405503273,66
2025-09-22 18:00:00,SACSI Full,0.30791430334237757,0.02075985074043274,0.0,0.0,0.0,0.0,0.9995827153325081,66
2025-09-22 19:00:00,SACSI Full,0.307598418850775,0.024234652519226074,0.0,0.0,0.0,0.0,0.9994805589318275,66
2025-09-22 20:00:00,SACSI Full,0.3073204330133154,0.018604248762130737,0.0,0.0,0.0,0.0,0.9995716109871864,66
2025-09-22 21:00:00,SACSI Full,0.3070493488970154,0.02067476511001587,0.0,0.0,0.0,0.0,0.9995657995343208,66
2025-09-22 22:00:00,SACSI Full,0.30679480831531225,0.01713782548904419,0.0,0.0,0.0,0.0,0.9996218740940094,66
2025-09-22 23:00:00,SACSI Full,0.30652257260469135,0.011829286813735962,0.0,0.0,0.0,0.0,0.9997103288769722,66
2025-09-23 00:00:00,SACSI Full,0.30624404115346604,0.009940564632415771,0.0,0.0,0.0,0.0,0.9997823014855385,66
2025-09-23 01:00:00,SACSI Full,0.30598897730973895,0.008480846881866455,0.0,0.0,0.0,0.0,0.9998157858848572,66
2025-09-23 02:00:00,SACSI Full,0.3057563668011381,0.0067168474197387695,0.0,0.0,0.0,0.0,0.999848023056984,66
2025-09-23 03:00:00,SACSI Full,0.30555123181569116,0.0064595043659210205,0.0,0.0,0.0,0.0,0.9998682364821434,66
2025-09-23 04:00:00,SACSI Full,0.30534411497580544,0.005864948034286499,0.0,0.0,0.0,0.0,0.999876755475998,66
2025-09-23 05:00:00,SACSI Full,0.3051356351763759,0.005456060171127319,0.0,0.0,0.0,0.0,0.9998867899179459,66
2025-09-23 06:00:00,SACSI Full,0.30489988896675446,0.005776137113571167,0.0,0.0,0.0,0.0,0.9998812764883042,66
2025-09-23 07:00:00,SACSI Full,0.3044725954126074,0.007811933755874634,0.0,0.0,0.0,0.0,0.9998234033584594,66
2025-09-23 08:00:00,SACSI Full,0.30380134855178537,0.02812594175338745,0.0,0.0,0.0,0.0,0.9992343410849571,66
2025-09-23 09:00:00,SACSI Full,0.3028478111734742,0.03693878650665283,0.0,0.0,0.0,0.0,0.9991730958223343,66
2025-09-23 10:00:00,SACSI Full,0.3016958205245688,0.02840280532836914,0.0,0.0,0.0,0.0,0.9993465840816498,66
2025-09-23 11:00:00,SACSI Full,0.3004573856877043,0.03646954894065857,0.0,0.0,0.0,0.0,0.9991899415850639,66
2025-09-23 12:00:00,SACSI Full,0.2992847097093616,0.03919720649719238,0.0,0.0,0.0,0.0,0.9991887792944908,66
2025-09-23 13:00:00,SACSI Full,0.29809779812085174,0.05192652344703674,0.0,0.0,0.0,0.0,0.9988341763615608,66
2025-09-23 14:00:00,SACSI Full,0.2968870389452332,0.053272247314453125,0.0,0.0,0.0,0.0,0.9989210978150368,66
2025-09-23 15:00:00,SACSI Full,0.29584725854463917,0.045065879821777344,0.0,0.0,0.0,0.0,0.9990166187286377,66
2025-09-23 16:00:00,SACSI Full,0.2950418373209987,0.03037363290786743,0.0,0.0,0.0,0.0,0.9992456048727036,66
2025-09-23 17:00:00,SACSI Full,0.29459402678636254,0.03565683960914612,0.0,0.0,0.0,0.0,0.9992340311408043,66
2025-09-23 18:00:00,SACSI Full,0.29433533149547914,0.02439141273498535,0.0,0.0,0.0,0.0,0.9993995174765586,66
2025-09-23 19:00:00,SACSI Full,0.29413973172890684,0.026320070028305054,0.0,0.0,0.0,0.0,0.9994543120265007,66
2025-09-23 20:00:00,SACSI Full,0.2939279780760163,0.03847390413284302,0.0,0.0,0.0,0.0,0.9991089835762978,66
2025-09-23 21:00:00,SACSI Full,0.2937489069087062,0.03977864980697632,0.0,0.0,0.0,0.0,0.9991913795471191,66
2025-09-23 22:00:00,SACSI Full,0.29358460206416787,0.03570854663848877,0.0,0.0,0.0,0.0,0.9992451280355453,66
2025-09-23 23:00:00,SACSI Full,0.2934156505408639,0.03431454300880432,0.0,0.0,0.0,0.0,0.999299769103527,66
2025-09-24 00:00:00,SACSI Full,0.2932417955421164,0.03284350037574768,0.0,0.0,0.0,0.0,0.9993284195661545,66
2025-09-24 01:00:00,SACSI Full,0.29306432055460957,0.031757503747940063,0.0,0.0,0.0,0.0,0.9993539899587631,66
2025-09-24 02:00:00,SACSI Full,0.2928813932322219,0.030121803283691406,0.0,0.0,0.0,0.0,0.9993812069296837,66
2025-09-24 03:00:00,SACSI Full,0.2926943551761662,0.028888583183288574,0.0,0.0,0.0,0.0,0.9994098961353302,66
2025-09-24 04:00:00,SACSI Full,0.29250293419189805,0.027573704719543457,0.0,0.0,0.0,0.0,0.9994353771209717,66
2025-09-24 05:00:00,SACSI Full,0.2923392852638915,0.02740532159805298,0.0,0.0,0.0,0.0,0.9994502097368241,66
2025-09-24 06:00:00,SACSI Full,0.29217318956521704,0.026671290397644043,0.0,0.0,0.0,0.0,0.999459233880043,66
2025-09-24 07:00:00,SACSI Full,0.2918175095016515,0.02929598093032837,0.0,0.0,0.0,0.0,0.9993878334760666,66
2025-09-24 08:00:00,SACSI Full,0.29114764420973815,0.03704041242599487,0.0,0.0,0.0,0.0,0.9991817474365234,66
2025-09-24 09:00:00,SACSI Full,0.292437409832354,0.009929686784744263,0.0,0.0,0.0,0.0,0.9995302990078926,66
2025-09-24 10:00:00,SACSI Full,0.29107714081513447,0.025419294834136963,0.0,0.0,0.0,0.0,0.9993367180228233,66
2025-09-24 11:00:00,SACSI Full,0.28951130769319894,0.014750063419342041,0.0,0.0,0.0,0.0,0.9995983064174652,66
2025-09-24 12:00:00,SACSI Full,0.28787878832963665,0.02874419093132019,0.0,0.0,0.0,0.0,0.9992851749062539,66
2025-09-24 13:00:00,SACSI Full,0.28631522038129525,0.04092961549758911,0.0,0.0,0.0,0.0,0.9990595534443856,66
2025-09-24 14:00:00,SACSI Full,0.2849939049520846,0.05410537123680115,0.0,0.0,0.0,0.0,0.9987861350178718,66
2025-09-24 15:00:00,SACSI Full,0.28391202850567854,0.040937066078186035,0.0,0.0,0.0,0.0,0.9990495756268502,66
2025-09-24 16:00:00,SACSI Full,0.2830984066421544,0.04491344094276428,0.0,0.0,0.0,0.0,0.999061967432499,66
2025-09-24 17:00:00,SACSI Full,0.28266779499359485,0.057816505432128906,0.0,0.0,0.0,0.0,0.9987146392464638,66
2025-09-24 18:00:00,SACSI Full,0.28246381871926346,0.05780711770057678,0.0,0.0,0.0,0.0,0.998843763768673,66
2025-09-24 19:00:00,SACSI Full,0.2823991924435651,0.07411211729049683,0.0,0.0,0.0,0.0,0.9983547076582908,66
2025-09-24 20:00:00,SACSI Full,0.2823429698919014,0.09363323450088501,0.0,0.0,0.0,0.0,0.9979321241378785,66
2025-09-24 21:00:00,SACSI Full,0.28227052146581366,0.0887654721736908,0.0,0.0,0.0,0.0,0.9981760129332542,66
2025-09-24 22:00:00,SACSI Full,0.282188238273338,0.08581504225730896,0.0,0.0,0.0,0.0,0.99825419485569,66
2025-09-24 23:00:00,SACSI Full,0.28219537274427764,0.10414034128189087,0.0,0.0,0.0,0.0,0.9977339401841164,66
2025-09-25 00:00:00,SACSI Full,0.2827258050742502,0.06962969899177551,0.0,0.0,0.0,0.0,0.9982622995972633,66
2025-09-25 01:00:00,SACSI Full,0.2836410011361793,0.06805881857872009,0.0,0.0,0.0,0.0,0.998623114824295,66
2025-09-25 02:00:00,SACSI Full,0.28483142524309507,0.02512723207473755,0.0,0.0,0.0,0.0,0.9990681394934654,66
2025-09-25 03:00:00,SACSI Full,0.28509895338761365,0.0652584433555603,0.0,0.0,0.0,0.0,0.9982935190200806,66
2025-09-25 04:00:00,SACSI Full,0.284885900353467,0.03808408975601196,0.0,0.0,0.0,0.0,0.9989665746688843,66
2025-09-25 05:00:00,SACSI Full,0.2869895075463012,0.007582157850265503,0.0,0.0,0.0,0.0,0.9995433375239372,66
2025-09-25 06:00:00,SACSI Full,0.28709731786000287,0.008843094110488892,0.0,0.0,0.0,0.0,0.9998105287551879,66
2025-09-25 07:00:00,SACSI Full,0.28676549237159443,0.010952353477478027,0.0,0.0,0.0,0.0,0.9997598603367805,66
2025-09-25 08:00:00,SACSI Full,0.2865859212031717,0.007628649473190308,0.0,0.0,0.0,0.0,0.9998141899704933,66
2025-09-25 09:00:00,SACSI Full,0.29168523261693663,0.010293424129486084,0.0,0.0,0.0,0.0,0.9997674837708473,66
2025-09-25 10:00:00,SACSI Full,0.2925564536935841,0.007866322994232178,0.0,0.0,0.0,0.0,0.9998184025287629,66
2025-09-25 11:00:00,SACSI Full,0.29251816986627927,0.045514851808547974,0.0,0.0,0.0,0.0,0.9987132176756859,66
2025-09-25 12:00:00,SACSI Full,0.29188473748512617,0.013970285654067993,0.0,0.0,0.0,0.0,0.9994051486253738,66
2025-09-25 13:00:00,SACSI Full,0.29108769594656975,0.02438753843307495,0.0,0.0,0.0,0.0,0.9994080767035485,66
2025-09-25 14:00:00,SACSI Full,0.290435562111413,0.008359849452972412,0.0,0.0,0.0,0.0,0.9996725261211395,66
2025-09-25 15:00:00,SACSI Full,0.2899750541002309,0.006347596645355225,0.0,0.0,0.0,0.0,0.9998529255390167,66
2025-09-25 16:00:00,SACSI Full,0.28957796993561147,0.00837475061416626,0.0,0.0,0.0,0.0,0.9998122334480286,66
2025-09-25 17:00:00,SACSI Full,0.2893262007386243,0.00946924090385437,0.0,0.0,0.0,0.0,0.999799670279026,66
2025-09-25 18:00:00,SACSI Full,0.28919350625820517,0.02819165587425232,0.0,0.0,0.0,0.0,0.999248942732811,66
2025-09-25 19:00:00,SACSI Full,0.28908630816129405,0.03584057092666626,0.0,0.0,0.0,0.0,0.9992066994309425,66
2025-09-25 20:00:00,SACSI Full,0.2890178322218613,0.047457218170166016,0.0,0.0,0.0,0.0,0.9989346891641617,66
2025-09-25 21:00:00,SACSI Full,0.28898692906367346,0.05872905254364014,0.0,0.0,0.0,0.0,0.9987127006053925,66
2025-09-25 22:00:00,SACSI Full,0.2890055982580539,0.11610075831413269,0.0,0.0,0.0,0.0,0.9971042677760125,66
2025-09-25 23:00:00,SACSI Full,0.2889226214336113,0.07710695266723633,0.0,0.0,0.0,0.0,0.9980679228901863,66
2025-09-26 00:00:00,SACSI Full,0.28921466046400424,0.0896117091178894,0.0,0.0,0.0,0.0,0.9980827182531358,66
2025-09-26 01:00:00,SACSI Full,0.28944371874320063,0.07071748375892639,0.0,0.0,0.0,0.0,0.9983967080712318,66
2025-09-26 02:00:00,SACSI Full,0.29000034834213606,0.060488879680633545,0.0,0.0,0.0,0.0,0.9986879363656045,66
2025-09-26 03:00:00,SACSI Full,0.2898707222078994,0.054612159729003906,0.0,0.0,0.0,0.0,0.9988489896059036,66
2025-09-26 04:00:00,SACSI Full,0.28969021208512336,0.03934696316719055,0.0,0.0,0.0,0.0,0.9990604087710381,66
2025-09-26 05:00:00,SACSI Full,0.28988226482061097,0.05961582064628601,0.0,0.0,0.0,0.0,0.9986049950122833,66
2025-09-26 06:00:00,SACSI Full,0.29002872049955075,0.0459367036819458,0.0,0.0,0.0,0.0,0.9989444747567177,66
2025-09-26 07:00:00,SACSI Full,0.29010441599356673,0.04170864820480347,0.0,0.0,0.0,0.0,0.9991235464811326,66
2025-09-26 08:00:00,SACSI Full,0.2897534980073327,0.07322460412979126,0.0,0.0,0.0,0.0,0.9982203483581543,66
2025-09-26 09:00:00,SACSI Full,0.28918300008125647,0.08385062217712402,0.0,0.0,0.0,0.0,0.9982167273759842,66
2025-09-26 10:00:00,SACSI Full,0.28846828328756036,0.023584961891174316,0.0,0.0,0.0,0.0,0.998925644159317,66
2025-09-26 11:00:00,SACSI Full,0.287608239374037,0.013986825942993164,0.0,0.0,0.0,0.0,0.9996242821216583,66
2025-09-26 12:00:00,SACSI Full,0.28692734763530436,0.010232478380203247,0.0,0.0,0.0,0.0,0.9997578069567681,66
2025-09-26 13:00:00,SACSI Full,0.28619244908717806,0.011030435562133789,0.0,0.0,0.0,0.0,0.9997714117169381,66
2025-09-26 14:00:00,SACSI Full,0.2857876941488935,0.01657351851463318,0.0,0.0,0.0,0.0,0.9996130988001823,66
2025-09-26 15:00:00,SACSI Full,0.2855333685222023,0.010702311992645264,0.0,0.0,0.0,0.0,0.9997272416949272,66
2025-09-26 16:00:00,SACSI Full,0.2860949281373375,0.012967884540557861,0.0,0.0,0.0,0.0,0.9997179865837097,66
2025-09-26 17:00:00,SACSI Full,0.2881179594849302,0.008909404277801514,0.0,0.0,0.0,0.0,0.9997812271118164,66
2025-09-26 18:00:00,SACSI Full,0.2892426550665253,0.005408674478530884,0.0,0.0,0.0,0.0,0.9998568192124367,66
2025-09-26 19:00:00,SACSI Full,0.28943293764658307,0.008084774017333984,0.0,0.0,0.0,0.0,0.9998115435242653,66
2025-09-26 20:00:00,SACSI Full,0.2893086769579603,0.03922179341316223,0.0,0.0,0.0,0.0,0.9989041939377784,66
2025-09-26 21:00:00,SACSI Full,0.2892477049778654,0.0582084059715271,0.0,0.0,0.0,0.0,0.9986459657549858,66
2025-09-26 22:00:00,SACSI Full,0.2892351923019443,0.08124619722366333,0.0,0.0,0.0,0.0,0.9981446981430054,66
2025-09-26 23:00:00,SACSI Full,0.28920319261538524,0.0839000940322876,0.0,0.0,0.0,0.0,0.998295459151268,66
2025-09-27 00:00:00,SACSI Full,0.28914128331807787,0.07492721080780029,0.0,0.0,0.0,0.0,0.9984117269515991,66
2025-09-27 01:00:00,SACSI Full,0.28906590612001754,0.06238684058189392,0.0,0.0,0.0,0.0,0.998626859486103,66
2025-09-27 02:00:00,SACSI Full,0.28899317785171214,0.06318151950836182,0.0,0.0,0.0,0.0,0.9987284228205682,66
2025-09-27 03:00:00,SACSI Full,0.28890996436424593,0.0685359537601471,0.0,0.0,0.0,0.0,0.9985757365822793,66
2025-09-27 04:00:00,SACSI Full,0.2890795809180293,0.052884966135025024,0.0,0.0,0.0,0.0,0.9987857908010482,66
2025-09-27 05:00:00,SACSI Full,0.2892734596108152,0.026163607835769653,0.0,0.0,0.0,0.0,0.999209514260292,66
2025-09-27 06:00:00,SACSI Full,0.2900288320436829,0.011611729860305786,0.0,0.0,0.0,0.0,0.9996222466230392,66
2025-09-27 07:00:00,SACSI Full,0.28975321227935485,0.010814070701599121,0.0,0.0,0.0,0.0,0.999775741994381,66
2025-09-27 08:00:00,SACSI Full,0.29524631665376355,0.017931312322616577,0.0,0.0,0.0,0.0,0.9995702013373375,66
2025-09-27 09:00:00,SACSI Full,0.2948761538019531,0.009951144456863403,0.0,0.0,0.0,0.0,0.9997211754322052,66
2025-09-27 10:00:00,SACSI Full,0.29544853750216493,0.009715110063552856,0.0,0.0,0.0,0.0,0.9998033374547959,66
2025-09-27 11:00:00,SACSI Full,0.2952050754315409,0.015961378812789917,0.0,0.0,0.0,0.0,0.9996183097362519,66
2025-09-27 12:00:00,SACSI Full,0.2943176754354192,0.022780001163482666,0.0,0.0,0.0,0.0,0.9994762137532235,66
2025-09-27 13:00:00,SACSI Full,0.2943531328557683,0.008137226104736328,0.0,0.0,0.0,0.0,0.9996908277273178,66
2025-09-27 14:00:00,SACSI Full,0.29758953180936504,0.008919686079025269,0.0,0.0,0.0,0.0,0.9998137816786766,66
2025-09-27 15:00:00,SACSI Full,0.29753732876288425,0.005339086055755615,0.0,0.0,0.0,0.0,0.9998574122786522,66
2025-09-27 16:00:00,SACSI Full,0.296911828535274,0.007849931716918945,0.0,0.0,0.0,0.0,0.99981789290905,66
2025-09-27 17:00:00,SACSI Full,0.2995660217840228,0.006757974624633789,0.0,0.0,0.0,0.0,0.9998539209365845,66
2025-09-27 18:00:00,SACSI Full,0.2996328814545029,0.00505790114402771,0.0,0.0,0.0,0.0,0.9998818412423134,66
2025-09-27 19:00:00,SACSI Full,0.3000331683356319,0.005086064338684082,0.0,0.0,0.0,0.0,0.9998979970812798,66
2025-09-27 20:00:00,SACSI Full,0.29975496470995283,0.010038912296295166,0.0,0.0,0.0,0.0,0.999749693274498,66
2025-09-27 21:00:00,SACSI Full,0.29953624903745985,0.010885298252105713,0.0,0.0,0.0,0.0,0.9997738301753998,66
2025-09-27 22:00:00,SACSI Full,0.2992758036222809,0.01536637544631958,0.0,0.0,0.0,0.0,0.9996478617191314,66
2025-09-27 23:00:00,SACSI Full,0.29905729805616077,0.010948330163955688,0.0,0.0,0.0,0.0,0.9997368529438972,66
2025-09-28 00:00:00,SACSI Full,0.29883724872974093,0.010485202074050903,0.0,0.0,0.0,0.0,0.99978566467762,66
2025-09-28 01:00:00,SACSI Full,0.29960650732345917,0.007277578115463257,0.0,0.0,0.0,0.0,0.9998223721981049,66
2025-09-28 02:00:00,SACSI Full,0.3019961470594757,0.010391920804977417,0.0,0.0,0.0,0.0,0.9997610181570054,66
2025-09-28 03:00:00,SACSI Full,0.3054851254549377,0.00619351863861084,0.0,0.0,0.0,0.0,0.9998341456055642,66
2025-09-28 04:00:00,SACSI Full,0.31337396593558325,0.009152144193649292,0.0,0.0,0.0,0.0,0.9997873708605767,66
2025-09-28 05:00:00,SACSI Full,0.3138795886968328,0.002686828374862671,0.0,0.0,0.0,0.0,0.9998816102743149,66
2025-09-28 06:00:00,SACSI Full,0.3136899869472537,0.0026194751262664795,0.0,0.0,0.0,0.0,0.9999469369649887,66
2025-09-28 07:00:00,SACSI Full,0.31338940277087224,0.003324747085571289,0.0,0.0,0.0,0.0,0.9999264523386956,66
2025-09-28 08:00:00,SACSI Full,0.3127027501303706,0.0065042078495025635,0.0,0.0,0.0,0.0,0.9998381212353706,66
2025-09-28 09:00:00,SACSI Full,0.3124296094169967,0.007057785987854004,0.0,0.0,0.0,0.0,0.9998533084988594,66
2025-09-28 10:00:00,SACSI Full,0.3123199599892649,0.0071051716804504395,0.0,0.0,0.0,0.0,0.9998574227094651,66
2025-09-28 11:00:00,SACSI Full,0.3125374236534787,0.0052390992641448975,0.0,0.0,0.0,0.0,0.9998765572905541,66
2025-09-28 12:00:00,SACSI Full,0.311335677796081,0.004976242780685425,0.0,0.0,0.0,0.0,0.9998978465795517,66
2025-09-28 13:00:00,SACSI Full,0.31010457638569205,0.00466957688331604,0.0,0.0,0.0,0.0,0.99990354180336,66
2025-09-28 14:00:00,SACSI Full,0.3100393423865987,0.003429800271987915,0.0,0.0,0.0,0.0,0.999919006228447,66
2025-09-28 15:00:00,SACSI Full,0.30936399364856415,0.003395378589630127,0.0,0.0,0.0,0.0,0.9999317482113838,66
2025-09-28 16:00:00,SACSI Full,0.30952576258567505,0.0035306811332702637,0.0,0.0,0.0,0.0,0.9999280333518983,66
2025-09-28 17:00:00,SACSI Full,0.3106966568810496,0.004268288612365723,0.0,0.0,0.0,0.0,0.9999072581529618,66
2025-09-28 18:00:00,SACSI Full,0.31042308331159285,0.002927929162979126,0.0,0.0,0.0,0.0,0.9999280378222466,66
2025-09-28 19:00:00,SACSI Full,0.3101795830343915,0.0034499168395996094,0.0,0.0,0.0,0.0,0.9999257817864419,66
2025-09-28 20:00:00,SACSI Full,0.3099694834787402,0.004970133304595947,0.0,0.0,0.0,0.0,0.9998853951692581,66
2025-09-28 21:00:00,SACSI Full,0.3097567568483704,0.004182010889053345,0.0,0.0,0.0,0.0,0.9999084785580635,66
2025-09-28 22:00:00,SACSI Full,0.3095721181788796,0.004108399152755737,0.0,0.0,0.0,0.0,0.9999170958995819,66
2025-09-28 23:00:00,SACSI Full,0.30941550885903374,0.00401720404624939,0.0,0.0,0.0,0.0,0.99991874396801,66
2025-09-29 00:00:00,SACSI Full,0.30925849919465714,0.0038971006870269775,0.0,0.0,0.0,0.0,0.9999208569526672,66
2025-09-29 01:00:00,SACSI Full,0.30910227333135937,0.0041322410106658936,0.0,0.0,0.0,0.0,0.9999150037765503,66
2025-09-29 02:00:00,SACSI Full,0.3089466738135371,0.0043201446533203125,0.0,0.0,0.0,0.0,0.999911718070507,66
2025-09-29 03:00:00,SACSI Full,0.30879097147770257,0.004289299249649048,0.0,0.0,0.0,0.0,0.9999139055609703,66
2025-09-29 04:00:00,SACSI Full,0.30863487575121257,0.004171282052993774,0.0,0.0,0.0,0.0,0.9999153941869735,66
2025-09-29 05:00:00,SACSI Full,0.30847866081543296,0.00413551926612854,0.0,0.0,0.0,0.0,0.9999169319868088,66
2025-09-29 06:00:00,SACSI Full,0.3083224697215113,0.004142671823501587,0.0,0.0,0.0,0.0,0.9999170750379562,66
2025-09-29 07:00:00,SACSI Full,0.3093076006935788,0.006039291620254517,0.0,0.0,0.0,0.0,0.9998602479696275,66
2025-09-29 08:00:00,SACSI Full,0.3102355127754562,0.007873624563217163,0.0,0.0,0.0,0.0,0.9998241841793061,66
2025-09-29 09:00:00,SACSI Full,0.30924428940124843,0.00863298773765564,0.0,0.0,0.0,0.0,0.9998197466135025,66
2025-09-29 10:00:00,SACSI Full,0.30849061301934255,0.007397085428237915,0.0,0.0,0.0,0.0,0.999839699268341,66
2025-09-29 11:00:00,SACSI Full,0.3076683381142967,0.003817528486251831,0.0,0.0,0.0,0.0,0.9998878538608551,66
2025-09-29 12:00:00,SACSI Full,0.3111740251706792,0.0022061169147491455,0.0,0.0,0.0,0.0,0.99993976354599,66
2025-09-29 13:00:00,SACSI Full,0.31260145886329344,0.0022301077842712402,0.0,0.0,0.0,0.0,0.9999551579356193,66
2025-09-29 14:00:00,SACSI Full,0.31818390966959326,0.006235241889953613,0.0,0.0,0.0,0.0,0.9998352438211442,66
2025-09-29 15:00:00,SACSI Full,0.32162296218144426,0.0037157535552978516,0.0,0.0,0.0,0.0,-0.16239572809887792,66
2025-09-29 16:00:00,SACSI Full,0.33002727000542015,0.008292347192764282,0.0,0.0,0.0,0.0,-1.002938613422244,66
2025-09-29 17:00:00,SACSI Full,0.3320329658387853,0.003708750009536743,0.0,0.0,0.0,0.0,-1.20341659485055,66
2025-09-29 18:00:00,SACSI Full,0.33287141529388753,0.002534836530685425,0.0,0.0,0.0,0.0,-1.2872039652541545,66
2025-09-29 19:00:00,SACSI Full,0.3330682869361592,0.001561492681503296,0.0,0.0,0.0,0.0,-1.306869656908041,66
2025-09-29 20:00:00,SACSI Full,0.34334472783314707,0.008432269096374512,0.0,0.0,0.0,0.0,-2.3347101364607825,66
2025-09-29 21:00:00,SACSI Full,0.34326721566664703,0.002246350049972534,0.0,0.0,0.0,0.0,-2.326828352856166,66
2025-09-29 22:00:00,SACSI Full,0.3432174353232734,0.002065896987915039,0.0,0.0,0.0,0.0,-2.321786654797721,66
2025-09-29 23:00:00,SACSI Full,0.3431700267480565,0.0027774274349212646,0.0,0.0,0.0,0.0,-2.3170653386588205,66
2025-09-30 00:00:00,SACSI Full,0.34309464495090175,0.00288546085357666,0.0,0.0,0.0,0.0,-2.3095232846414326,66
2025-09-30 01:00:00,SACSI Full,0.343047662548895,0.0029052793979644775,0.0,0.0,0.0,0.0,-2.3048245586629044,66
2025-09-30 02:00:00,SACSI Full,0.3440022104961428,0.003364384174346924,0.0,0.0,0.0,0.0,-2.4002929283455323,66
2025-09-30 03:00:00,SACSI Full,0.34523391635167133,0.003511756658554077,0.0,0.0,0.0,0.0,-2.5234633440251457,66
2025-09-30 04:00:00,SACSI Full,0.34513163322277396,0.003315061330795288,0.0,0.0,0.0,0.0,-2.513231590457289,66
2025-09-30 05:00:00,SACSI Full,0.34700753154821723,0.005269497632980347,0.0,0.0,0.0,0.0,-2.7008780891374036,66
2025-09-30 06:00:00,SACSI Full,0.3468771435704582,0.0033836066722869873,0.0,0.0,0.0,0.0,-2.68780088808887,66
2025-09-30 07:00:00,SACSI Full,0.3472219841900222,0.005452185869216919,0.0,0.0,0.0,0.0,-2.7223281485115733,66
2025-09-30 08:00:00,SACSI Full,0.3465859637426091,0.004693865776062012,0.0,0.0,0.0,0.0,-2.6586978347773607,66
2025-09-30 09:00:00,SACSI Full,0.3490540104372057,0.012414008378982544,0.0,0.0,0.0,0.0,-2.905726525314177,66
2025-09-30 10:00:00,SACSI Full,0.3479377498609575,0.005121827125549316,0.0,0.0,0.0,0.0,-2.7939503444507934,66
2025-09-30 11:00:00,SACSI Full,0.34678114125795684,0.0035174190998077393,0.0,0.0,0.0,0.0,-2.6782005182579365,66
2025-09-30 12:00:00,SACSI Full,0.34598837588456793,0.0041703879833221436,0.0,0.0,0.0,0.0,-2.598927525905294,66
2025-09-30 13:00:00,SACSI Full,0.34645036773510296,0.006097555160522461,0.0,0.0,0.0,0.0,-2.6451779962852777,66
2025-09-30 14:00:00,SACSI Full,0.3453257144410165,0.00460401177406311,0.0,0.0,0.0,0.0,-2.532678459770996,66
2025-09-30 15:00:00,SACSI Full,0.34415151811587336,0.004741102457046509,0.0,0.0,0.0,0.0,-2.415248004543306,66
2025-09-30 16:00:00,SACSI Full,0.3432908436519655,0.005297660827636719,0.0,0.0,0.0,0.0,-2.329195883996807,66
2025-09-30 17:00:00,SACSI Full,0.34287676173277226,0.0032754242420196533,0.0,0.0,0.0,0.0,-2.287761904127922,66
2025-09-30 18:00:00,SACSI Full,0.34280264206397065,0.003264099359512329,0.0,0.0,0.0,0.0,-2.28032960163308,66
2025-09-30 19:00:00,SACSI Full,0.34275722726412144,0.0033755600452423096,0.0,0.0,0.0,0.0,-2.275791352219906,66
2025-09-30 20:00:00,SACSI Full,0.34268358095554047,0.0034061074256896973,0.0,0.0,0.0,0.0,-2.2684265231763643,66
2025-09-30 21:00:00,SACSI Full,0.34261092160053586,0.00370219349861145,0.0,0.0,0.0,0.0,-2.2611691647842864,66
2025-09-30 22:00:00,SACSI Full,0.34253920995938314,0.0039865076541900635,0.0,0.0,0.0,0.0,-2.2540035692329528,66
2025-09-30 23:00:00,SACSI Full,0.342467163538809,0.0038860738277435303,0.0,0.0,0.0,0.0,-2.2467950796957203,66
2025-10-01 00:00:00,SACSI Full,0.34239636633224824,0.004260838031768799,0.0,0.0,0.0,0.0,-2.2397255976274986,66
2025-10-01 01:00:00,SACSI Full,0.34232416940994603,0.003840923309326172,0.0,0.0,0.0,0.0,-2.232497958608014,66
2025-10-01 02:00:00,SACSI Full,0.342280304330861,0.0038404762744903564,0.0,0.0,0.0,0.0,-2.2281072470819363,66
2025-10-01 03:00:00,SACSI Full,0.3422373949129139,0.004127174615859985,0.0,0.0,0.0,0.0,-2.2238249017671188,66
2025-10-01 04:00:00,SACSI Full,0.3422233637140944,0.004290640354156494,0.0,0.0,0.0,0.0,-2.222423818873905,66
2025-10-01 05:00:00,SACSI Full,0.34218225137618724,0.0046662986278533936,0.0,0.0,0.0,0.0,-2.2183222201740174,66
2025-10-01 06:00:00,SACSI Full,0.342086139811551,0.005166530609130859,0.0,0.0,0.0,0.0,-2.2087223140870953,66
2025-10-01 07:00:00,SACSI Full,0.3417391424575204,0.006400793790817261,0.0,0.0,0.0,0.0,-2.1740546042596733,66
2025-10-01 08:00:00,SACSI Full,0.34100044847078664,0.007891803979873657,0.0,0.0,0.0,0.0,-2.1002175932601514,66
2025-10-01 09:00:00,SACSI Full,0.3398323765228941,0.006578415632247925,0.0,0.0,0.0,0.0,-1.9833823544855316,66
2025-10-01 10:00:00,SACSI Full,0.3383168217085554,0.004333555698394775,0.0,0.0,0.0,0.0,-1.8317912905688485,66
2025-10-01 11:00:00,SACSI Full,0.3366007058372849,0.003665238618850708,0.0,0.0,0.0,0.0,-1.6601505716716627,66
2025-10-01 12:00:00,SACSI Full,0.33479596948054974,0.0025790929794311523,0.0,0.0,0.0,0.0,-1.479659391370956,66
2025-10-01 13:00:00,SACSI Full,0.33371924492505733,0.003982633352279663,0.0,0.0,0.0,0.0,-1.372018180576507,66
2025-10-01 14:00:00,SACSI Full,0.3322891902930294,0.004483610391616821,0.0,0.0,0.0,0.0,-1.229013711281164,66
2025-10-01 15:00:00,SACSI Full,0.33100176941302956,0.004773736000061035,0.0,0.0,0.0,0.0,-1.1002753172790407,66
2025-10-01 16:00:00,SACSI Full,0.3301676212683076,0.004755556583404541,0.0,0.0,0.0,0.0,-1.016857419756596,66
2025-10-01 17:00:00,SACSI Full,0.3297007743031536,0.004445910453796387,0.0,0.0,0.0,0.0,-0.9701694449857301,66
2025-10-01 18:00:00,SACSI Full,0.3295131246056909,0.0032050907611846924,0.0,0.0,0.0,0.0,-0.9513889705812368,66
2025-10-01 19:00:00,SACSI Full,0.32946698312588085,0.0031575560569763184,0.0,0.0,0.0,0.0,-0.9467619390562662,66
2025-10-01 20:00:00,SACSI Full,0.32947909478969917,0.0036334991455078125,0.0,0.0,0.0,0.0,-0.9479869083837115,66
2025-10-01 21:00:00,SACSI Full,0.329824625220175,0.0036591291427612305,0.0,0.0,0.0,0.0,-0.9825359609003299,66
2025-10-01 22:00:00,SACSI Full,0.32983773774532027,0.003933757543563843,0.0,0.0,0.0,0.0,-0.9838551959669055,66
2025-10-01 23:00:00,SACSI Full,0.32985117908942246,0.004032403230667114,0.0,0.0,0.0,0.0,-0.9851995434637302,66
2025-10-02 00:00:00,SACSI Full,0.32986001100766205,0.0026495754718780518,0.0,0.0,0.0,0.0,-0.9860679205532294,66
2025-10-02 01:00:00,SACSI Full,0.33853238356021587,0.010211765766143799,0.0,0.0,0.0,0.0,-1.8535182132398516,66
2025-10-02 02:00:00,SACSI Full,0.33887472861913387,0.0027035176753997803,0.0,0.0,0.0,0.0,-1.8876020147478016,66
2025-10-02 03:00:00,SACSI Full,0.33888310406513555,0.002512633800506592,0.0,0.0,0.0,0.0,-1.8883625680283138,66
2025-10-02 04:00:00,SACSI Full,0.345179109955505,0.005801767110824585,0.0,0.0,0.0,0.0,-2.5180599222258184,66
2025-10-02 05:00:00,SACSI Full,0.35074976222885446,0.004687756299972534,0.0,0.024992074295147406,0.0,0.0,-3.0750811181195528,66
2025-10-02 06:00:00,SACSI Full,0.35090577115725985,0.0024950504302978516,0.0,0.030192371908663064,0.0,0.0,-3.090648943793287,66
2025-10-02 07:00:00,SACSI Full,0.35601839419273895,0.010900050401687622,0.0,0.2006131397579651,0.0,0.0,-3.6021414702816426,66
2025-10-02 08:00:00,SACSI Full,0.3558998279675397,0.005591064691543579,0.0,0.19666093225132358,0.0,0.0,-3.5901477079049036,66
2025-10-02 09:00:00,SACSI Full,0.35491413560109314,0.0060968101024627686,0.0,0.16380452003643742,0.0,0.0,-3.491540553765472,66
2025-10-02 10:00:00,SACSI Full,0.35354118433079396,0.005654096603393555,0.0,0.11803947769313226,0.0,0.0,-3.354235942146454,66
2025-10-02 11:00:00,SACSI Full,0.35234564612008284,0.004026740789413452,0.0,0.07818820400276111,0.0,0.0,-3.2346614203822117,66
2025-10-02 12:00:00,SACSI Full,0.3511048762106045,0.006598234176635742,0.0,0.036829207020149114,0.0,0.0,-3.110645300677853,66
2025-10-02 13:00:00,SACSI Full,0.3493932450921479,0.005010664463043213,0.0,0.0,0.0,0.0,-2.939440598201188,66
2025-10-02 14:00:00,SACSI Full,0.3477370334131662,0.004636496305465698,0.0,0.0,0.0,0.0,-2.7737998129243038,66
2025-10-02 15:00:00,SACSI Full,0.3464771963380917,0.004548877477645874,0.0,0.0,0.0,0.0,-2.6478114875470014,66
2025-10-02 16:00:00,SACSI Full,0.3456418104035799,0.004384219646453857,0.0,0.0,0.0,0.0,-2.5642703713292287,66
2025-10-02 17:00:00,SACSI Full,0.3452551404292528,0.0029990077018737793,0.0,0.0,0.0,0.0,-2.525587875198764,66
2025-10-02 18:00:00,SACSI Full,0.34515385170451246,0.003613382577896118,0.0,0.0,0.0,0.0,-2.515463581851564,66
2025-10-02 19:00:00,SACSI Full,0.34510812298686744,0.0032813847064971924,0.0,0.0,0.0,0.0,-2.5108812463595873,66
2025-10-02 20:00:00,SACSI Full,0.3450649945218508,0.004061460494995117,0.0,0.0,0.0,0.0,-2.506588482152864,66
2025-10-02 21:00:00,SACSI Full,0.3449941461546366,0.004245489835739136,0.0,0.0,0.0,0.0,-2.4995013655537797,66
2025-10-02 22:00:00,SACSI Full,0.3449255106098597,0.004909336566925049,0.0,0.0,0.0,0.0,-2.4926558861846204,66
2025-10-02 23:00:00,SACSI Full,0.3448852997922048,0.0049367547035217285,0.0,0.0,0.0,0.0,-2.488628988495914,66
2025-10-03 00:00:00,SACSI Full,0.3448454620002851,0.005048662424087524,0.0,0.0,0.0,0.0,-2.4846482923541964,66
2025-10-03 01:00:00,SACSI Full,0.34483358153573124,0.004935860633850098,0.0,0.0,0.0,0.0,-2.4834579988037024,66
2025-10-03 02:00:00,SACSI Full,0.34479464476735844,0.005318969488143921,0.0,0.0,0.0,0.0,-2.4795746872141486,66
2025-10-03 03:00:00,SACSI Full,0.3447821776937589,0.004759877920150757,0.0,0.0,0.0,0.0,-2.4783185578499727,66
2025-10-03 04:00:00,SACSI Full,0.34613227831037297,0.005030184984207153,0.0,0.0,0.0,0.0,-2.613331137807621,66
2025-10-03 05:00:00,SACSI Full,0.34714982989143783,0.005265474319458008,0.0,0.0,0.0,0.0,-2.7150906515235245,66
2025-10-03 06:00:00,SACSI Full,0.34711316107979867,0.005999356508255005,0.0,0.0,0.0,0.0,-2.7114434339319193,66
2025-10-03 07:00:00,SACSI Full,0.3468581757155205,0.008504390716552734,0.0,0.0,0.0,0.0,-2.6860127097084656,66
2025-10-03 08:00:00,SACSI Full,0.34612742901475685,0.010275989770889282,0.0,0.0,0.0,0.0,-2.6129661372616453,66
2025-10-03 09:00:00,SACSI Full,0.3449077066277609,0.0080832839012146,0.0,0.0,0.0,0.0,-2.490954255512808,66
2025-10-03 10:00:00,SACSI Full,0.34328208034427427,0.005312114953994751,0.0,0.0,0.0,0.0,-2.328341988415978,66
2025-10-03 11:00:00,SACSI Full,0.34515289224298257,0.005243569612503052,0.0,0.0,0.0,0.0,-2.5153947811439212,66
2025-10-03 12:00:00,SACSI Full,0.3453346356844053,0.0050230324268341064,0.0,0.0,0.0,0.0,-2.533566234460924,66
2025-10-03 13:00:00,SACSI Full,0.3453446585384156,0.004506856203079224,0.0,0.0,0.0,0.0,-2.53456115272786,66
2025-10-03 14:00:00,SACSI Full,0.343790644555007,0.0012958049774169922,0.0,0.0,0.0,0.0,-2.379122482112506,66
2025-10-03 15:00:00,SACSI Full,0.3553825290610027,0.02048298716545105,0.0,0.17941763536675667,0.0,0.0,-3.5388544376654596,66
2025-10-03 16:00:00,SACSI Full,0.35529984904351514,0.0048576295375823975,0.0,0.17666163478383795,0.0,0.0,-3.5302383105185435,66
2025-10-03 17:00:00,SACSI Full,0.35442278205403105,0.003305971622467041,0.0,0.1474260684677006,0.0,0.0,-3.4423598414147047,66
2025-10-03 18:00:00,SACSI Full,0.35391256322462933,0.0028531253337860107,0.0,0.13041877415431033,0.0,0.0,-3.391317913432495,66
2025-10-03 19:00:00,SACSI Full,0.35348092666172604,0.0035399198532104492,0.0,0.11603088872420103,0.0,0.0,-3.348170332514861,66
2025-10-03 20:00:00,SACSI Full,0.3530686135954585,0.004093199968338013,0.0,0.10228711984861577,0.0,0.0,-3.306948756346367,66
2025-10-03 21:00:00,SACSI Full,0.35269649829127725,0.003748685121536255,0.0,0.08988327637590886,0.0,0.0,-3.2697282479786227,66
2025-10-03 22:00:00,SACSI Full,0.3523633746102304,0.0043420493602752686,0.0,0.07877915367434554,0.0,0.0,-3.2364302356526293,66
2025-10-03 23:00:00,SACSI Full,0.3520623831253216,0.00394865870475769,0.0,0.06874610417738723,0.0,0.0,-3.206321219612812,66
2025-10-04 00:00:00,SACSI Full,0.35179345550700714,0.004603564739227295,0.0,0.05978185023357128,0.0,0.0,-3.1794441710558425,66
2025-10-04 01:00:00,SACSI Full,0.3515505489325943,0.004312992095947266,0.0,0.051684964419808924,0.0,0.0,-3.155144058827781,66
2025-10-04 02:00:00,SACSI Full,0.3513343590736767,0.005121678113937378,0.0,0.04447863578922267,0.0,0.0,-3.1335464277901295,66
2025-10-04 03:00:00,SACSI Full,0.3511406187913758,0.005398541688919067,0.0,0.038020626379193345,0.0,0.0,-3.1141726186071095,66
2025-10-04 04:00:00,SACSI Full,0.35094113475208955,0.005525946617126465,0.0,0.03137115840298606,0.0,0.0,-3.094225268190579,66
2025-10-04 05:00:00,SACSI Full,0.35076200591843254,0.0056615471839904785,0.0,0.02540019728108547,0.0,0.0,-3.076315178792602,66
2025-10-04 06:00:00,SACSI Full,0.3511292967583024,0.007330477237701416,0.0,0.03764322527674722,0.0,0.0,-3.1130929746755305,66
2025-10-04 07:00:00,SACSI Full,0.358592322425957,0.027318447828292847,0.0,0.28641074753190027,0.0,0.0,-3.859978491258172,66
2025-10-04 08:00:00,SACSI Full,0.3570274258030493,0.011278539896011353,0.0,0.23424752676831134,0.0,0.0,-3.7031285501821727,66
2025-10-04 09:00:00,SACSI Full,0.35530832229444737,0.009713023900985718,0.0,0.17694407648157837,0.0,0.0,-3.5310421450827056,66
2025-10-04 10:00:00,SACSI Full,0.3534711466337683,0.006552189588546753,0.0,0.11570488779227617,0.0,0.0,-3.3472773155117217,66
2025-10-04 11:00:00,SACSI Full,0.351936354338298,0.0056074559688568115,0.0,0.06454514460993437,0.0,0.0,-3.193757030285374,66
2025-10-04 12:00:00,SACSI Full,0.3522118173756329,0.006866157054901123,0.0,0.07372724585442968,0.0,0.0,-3.2213316477152474,66
2025-10-04 13:00:00,SACSI Full,0.3516066258590932,0.0054967403411865234,0.0,0.053554195303105706,0.0,0.0,-3.1607862148832795,66
2025-10-04 14:00:00,SACSI Full,0.3511659807971878,0.006172508001327515,0.0,0.03886602657292713,0.0,0.0,-3.1167282875554077,66
2025-10-04 15:00:00,SACSI Full,0.3509005838085201,0.0074003636837005615,0.0,0.030019460284003686,0.0,0.0,-3.0902186666825044,66
2025-10-04 16:00:00,SACSI Full,0.3501396506701398,0.005875080823898315,0.0,0.0046550223379924205,-1.4210854715202004e-14,0.0,-3.0140978214590555,66
2025-10-04 17:00:00,SACSI Full,0.3497002936325956,0.0041928887367248535,0.0,0.0,0.0,0.0,-2.970130042955164,66
2025-10-04 18:00:00,SACSI Full,0.34951770883982264,0.004724562168121338,0.0,0.0,0.0,0.0,-2.9518706919599396,66
2025-10-04 19:00:00,SACSI Full,0.34936205418770394,0.004303604364395142,0.0,0.0,0.0,0.0,-2.9362957004357186,66
2025-10-04 20:00:00,SACSI Full,0.3492071013802775,0.004514157772064209,0.0,0.0,0.0,0.0,-2.9208025267172673,66
2025-10-04 21:00:00,SACSI Full,0.3490810257985679,0.004677325487136841,0.0,0.0,0.0,0.0,-2.908197758043685,66
2025-10-04 22:00:00,SACSI Full,0.3489836600528645,0.004790276288986206,0.0,0.0,0.0,0.0,-2.89846294032025,66
2025-10-04 23:00:00,SACSI Full,0.3488595390067982,0.005263686180114746,0.0,0.0,0.0,0.0,-2.8860639085023356,66
2025-10-05 00:00:00,SACSI Full,0.34870694853012635,0.0052228569984436035,0.0,0.0,0.0,0.0,-2.87079971844442,66
2025-10-05 01:00:00,SACSI Full,0.3485541012567766,0.005145817995071411,0.0,0.0,0.0,0.0,-2.8555138124275947,66
2025-10-05 02:00:00,SACSI Full,0.34843109283074614,0.005597472190856934,0.0,0.0,0.0,0.0,-2.843225749060388,66
2025-10-05 03:00:00,SACSI Full,0.3482803222825614,0.005768835544586182,0.0,0.0,0.0,0.0,-2.828149318600568,66
2025-10-05 04:00:00,SACSI Full,0.34812843762422474,0.005434602499008179,0.0,0.0,0.0,0.0,-2.8129557968029095,66
2025-10-05 05:00:00,SACSI Full,0.3479777326411493,0.0057885050773620605,0.0,0.0,0.0,0.0,-2.797892573242258,66
2025-10-05 06:00:00,SACSI Full,0.34779921636208766,0.005945116281509399,0.0,0.0,0.0,0.0,-2.780042104646437,66
2025-10-05 07:00:00,SACSI Full,0.34745024559760956,0.005808770656585693,0.0,0.0,0.0,0.0,-2.7451420986303368,66
2025-10-05 08:00:00,SACSI Full,0.34676930258537203,0.008217096328735352,0.0,0.0,0.0,0.0,-2.6771186837204985,66
2025-10-05 09:00:00,SACSI Full,0.3458320855238524,0.00783488154411316,0.0,0.0,0.0,0.0,-2.5833690721639697,66
2025-10-05 10:00:00,SACSI Full,0.34473833203976223,0.005373954772949219,0.0,0.0,0.0,0.0,-2.4739652923393933,66
2025-10-05 11:00:00,SACSI Full,0.3431676657432801,0.0048001110553741455,0.0,0.0,0.0,0.0,-2.316868314986294,66
2025-10-05 12:00:00,SACSI Full,0.3421187544705954,0.003826618194580078,0.0,0.0,0.0,0.0,-2.211961714352041,66
2025-10-05 13:00:00,SACSI Full,0.34140968872253963,0.003780275583267212,0.0,0.0,0.0,0.0,-2.141044941191741,66
2025-10-05 14:00:00,SACSI Full,0.3401177269620187,0.0034114718437194824,0.0,0.0,0.0,0.0,-2.011844613676139,66
2025-10-05 15:00:00,SACSI Full,0.33891050194765,0.00333249568939209,0.0,0.0,0.0,0.0,-1.8911176344403293,66
2025-10-05 16:00:00,SACSI Full,0.3380716624206788,0.00334814190864563,0.0,0.0,0.0,0.0,-1.8072333613682467,66
2025-10-05 17:00:00,SACSI Full,0.3376279219582167,0.002877861261367798,0.0,0.0,0.0,0.0,-1.7628544558533719,66
2025-10-05 18:00:00,SACSI Full,0.3374974068238822,0.0033454596996307373,0.0,0.0,0.0,0.0,-1.749812267566593,66
2025-10-05 19:00:00,SACSI Full,0.3373121537298448,0.003924071788787842,0.0,0.0,0.0,0.0,-1.7312996405411465,66
2025-10-05 20:00:00,SACSI Full,0.3371601667502013,0.0054039061069488525,0.0,0.0,0.0,0.0,-1.7161395514854472,66
2025-10-05 21:00:00,SACSI Full,0.33706519015734265,0.005507022142410278,0.0,0.0,0.0,0.0,-1.7066301873374676,66
2025-10-05 22:00:00,SACSI Full,0.3369710579636183,0.0057603418827056885,0.0,0.0,0.0,0.0,-1.697223536396888,66
2025-10-05 23:00:00,SACSI Full,0.3368748589788364,0.0051403045654296875,0.0,0.0,0.0,0.0,-1.6875949043481207,66
2025-10-06 00:00:00,SACSI Full,0.33677953667903804,0.005403310060501099,0.0,0.0,0.0,0.0,-1.678064364159964,66
2025-10-06 01:00:00,SACSI Full,0.336710545493214,0.0048026442527771,0.0,0.0,0.0,0.0,-1.6711566088645318,66
2025-10-06 02:00:00,SACSI Full,0.336613455915698,0.004873126745223999,0.0,0.0,0.0,0.0,-1.6614437589296305,66
2025-10-06 03:00:00,SACSI Full,0.33651416046962,0.004211366176605225,0.0,0.0,0.0,0.0,-1.6515068918912192,66
2025-10-06 04:00:00,SACSI Full,0.33638655255183436,0.004217624664306641,0.0,0.0,0.0,0.0,-1.6387396702615986,66
2025-10-06 05:00:00,SACSI Full,0.336259468161512,0.004374682903289795,0.0,0.0,0.0,0.0,-1.6260358803916526,66
2025-10-06 06:00:00,SACSI Full,0.3361347237502024,0.005076676607131958,0.0,0.0,0.0,0.0,-1.6135809284894227,66
2025-10-06 07:00:00,SACSI Full,0.33581379475300366,0.005721300840377808,0.0,0.0,0.0,0.0,-1.581500347559505,66
2025-10-06 08:00:00,SACSI Full,0.33501283523663733,0.006212145090103149,0.0,0.0,0.0,0.0,-1.5014126750080317,66
2025-10-06 09:00:00,SACSI Full,0.33375777150019864,0.005980879068374634,0.0,0.0,0.0,0.0,-1.3758990802614484,66
2025-10-06 10:00:00,SACSI Full,0.33215979508345184,0.005107074975967407,0.0,0.0,0.0,0.0,-1.2160903878856264,66
2025-10-06 11:00:00,SACSI Full,0.3303394648927933,0.006400942802429199,0.0,0.0,0.0,0.0,-1.0340874468136436,66
2025-10-06 12:00:00,SACSI Full,0.3284320987068103,0.005790144205093384,0.0,0.0,0.0,0.0,-0.8433317815511028,66
2025-10-06 13:00:00,SACSI Full,0.3265838429779297,0.0065232813358306885,0.0,0.0,0.0,0.0,-0.6585220947909928,66
2025-10-06 14:00:00,SACSI Full,0.324966870792159,0.007908344268798828,0.0,0.0,0.0,0.0,-0.49685909673060735,66
2025-10-06 15:00:00,SACSI Full,0.32368576750780004,0.0066690146923065186,0.0,0.0,0.0,0.0,-0.3687225243696141,66
2025-10-06 16:00:00,SACSI Full,0.3227436966413742,0.006378740072250366,0.0,0.0,0.0,0.0,-0.2745001416850649,66
2025-10-06 17:00:00,SACSI Full,0.32225006109659726,0.004909336566925049,0.0,0.0,0.0,0.0,-0.2251189904261173,66
2025-10-06 18:00:00,SACSI Full,0.3221010210699325,0.006287992000579834,0.0,0.0,0.0,0.0,-0.21024165338759662,66
2025-10-06 19:00:00,SACSI Full,0.32197781992221725,0.005539655685424805,0.0,0.0,0.0,0.0,-0.1979002686985839,66
2025-10-06 20:00:00,SACSI Full,0.32185617842937364,0.006007552146911621,0.0,0.0,0.0,0.0,-0.18574267294491648,66
2025-10-06 21:00:00,SACSI Full,0.32173524871532966,0.006221085786819458,0.0,0.0,0.0,0.0,-0.17365142858510063,66
2025-10-06 22:00:00,SACSI Full,0.32161507399345285,0.006447583436965942,0.0,0.0,0.0,0.0,-0.16163861599052504,66
2025-10-06 23:00:00,SACSI Full,0.3214389319660748,0.006657391786575317,0.0,0.0,0.0,0.0,-0.1440284425267084,66
2025-10-07 00:00:00,SACSI Full,0.3212327717807377,0.006151944398880005,0.0,0.0,0.0,0.0,-0.12340527143562637,66
2025-10-07 01:00:00,SACSI Full,0.3210582077863301,0.007130801677703857,0.0,0.0,0.0,0.0,-0.1059731832393513,66
2025-10-07 02:00:00,SACSI Full,0.32088190085276813,0.006607919931411743,0.0,0.0,0.0,0.0,-0.08832747249290365,66
2025-10-07 03:00:00,SACSI Full,0.3206759631914382,0.006218701601028442,0.0,0.0,0.0,0.0,-0.06772458535914443,66
2025-10-07 04:00:00,SACSI Full,0.3204643327898269,0.0045108795166015625,0.0,0.0,0.0,0.0,-0.04654057479386453,66
2025-10-07 05:00:00,SACSI Full,0.3202509867678568,0.0039961934089660645,0.0,0.0,0.0,0.0,-0.02518374751493435,66
2025-10-07 06:00:00,SACSI Full,0.32004361412470395,0.005788207054138184,0.0,0.0,0.0,0.0,-0.004495096747928384,66
2025-10-07 07:00:00,SACSI Full,0.31961611791476463,0.007751137018203735,0.0,0.0,0.0,0.0,0.9998253479599953,66
2025-10-07 08:00:00,SACSI Full,0.31882433105652386,0.008963942527770996,0.0,0.0,0.0,0.0,0.9998085930943489,66
2025-10-07 09:00:00,SACSI Full,0.31764489571437093,0.011669397354125977,0.0,0.0,0.0,0.0,0.9997395575046539,66
2025-10-07 10:00:00,SACSI Full,0.3161488137374804,0.01017540693283081,0.0,0.0,0.0,0.0,0.9997815519571304,66
2025-10-07 11:00:00,SACSI Full,0.3144823214819516,0.010052323341369629,0.0,0.0,0.0,0.0,0.999797722697258,66
2025-10-07 12:00:00,SACSI Full,0.3130930134600883,0.010207593441009521,0.0,0.0,0.0,0.0,0.9997942954301834,66
2025-10-07 13:00:00,SACSI Full,0.31193466238046536,0.019994676113128662,0.0,0.0,0.0,0.0,0.9995022356510163,66
2025-10-07 14:00:00,SACSI Full,0.3104099607025072,0.018589496612548828,0.0,0.0,0.0,0.0,0.9996141582727432,66
2025-10-07 15:00:00,SACSI Full,0.3091414133678361,0.018935799598693848,0.0,0.0,0.0,0.0,0.9996178209781647,66
2025-10-07 16:00:00,SACSI Full,0.3083334401061619,0.01260802149772644,0.0,0.0,0.0,0.0,0.9996845617890358,66
2025-10-07 17:00:00,SACSI Full,0.30850306704069025,0.012388080358505249,0.0,0.0,0.0,0.0,0.9997500389814377,66
2025-10-07 18:00:00,SACSI Full,0.30845199908440163,0.01217961311340332,0.0,0.0,0.0,0.0,0.9997543230652809,66
2025-10-07 19:00:00,SACSI Full,0.31026961843753703,0.004785805940628052,0.0,0.0,0.0,0.0,0.9998303458094597,66
2025-10-07 20:00:00,SACSI Full,0.3100815013403182,0.003064870834350586,0.0,0.0,0.0,0.0,0.9999214932322502,66
2025-10-07 21:00:00,SACSI Full,0.30989463047688054,0.0034387409687042236,0.0,0.0,0.0,0.0,0.9999274864792824,66
2025-10-07 22:00:00,SACSI Full,0.3107114590750619,0.004548579454421997,0.0,0.0,0.0,0.0,0.9998979300260544,66
2025-10-07 23:00:00,SACSI Full,0.3105264026763523,0.0039830803871154785,0.0,0.0,0.0,0.0,0.9999146834015846,66
2025-10-08 00:00:00,SACSI Full,0.31195916044657274,0.006327331066131592,0.0,0.0,0.0,0.0,0.9998500108718872,66
2025-10-08 01:00:00,SACSI Full,0.3117725409160539,0.0035141408443450928,0.0,0.0,0.0,0.0,0.9999015852808952,66
2025-10-08 02:00:00,SACSI Full,0.31194797697250887,0.00363081693649292,0.0,0.0,0.0,0.0,0.9999262169003487,66
2025-10-08 03:00:00,SACSI Full,0.3117350908997143,0.004134178161621094,0.0,0.0,0.0,0.0,0.9999122828245164,66
2025-10-08 04:00:00,SACSI Full,0.31147635491316367,0.007379204034805298,0.0,0.0,0.0,0.0,0.999819965660572,66
2025-10-08 05:00:00,SACSI Full,0.31122160101358937,0.008573830127716064,0.0,0.0,0.0,0.0,0.9998165771365165,66
2025-10-08 06:00:00,SACSI Full,0.31097187377239116,0.010081827640533447,0.0,0.0,0.0,0.0,0.9997832834720611,66
2025-10-08 07:00:00,SACSI Full,0.3105306048475191,0.037619322538375854,0.0,0.0,0.0,0.0,0.9989722386002541,66
2025-10-08 08:00:00,SACSI Full,0.3098471566846455,0.015965551137924194,0.0,0.0,0.0,0.0,0.999464151263237,66
2025-10-08 09:00:00,SACSI Full,0.30896542065406685,0.007479190826416016,0.0,0.0,0.0,0.0,0.9997655525803566,66
2025-10-08 10:00:00,SACSI Full,0.3120912265978738,0.009741783142089844,0.0,0.0,0.0,0.0,0.9997825384140014,66
2025-10-08 11:00:00,SACSI Full,0.3154331393649662,0.008573830127716064,0.0,0.0,0.0,0.0,0.999816843867302,66
2025-10-08 12:00:00,SACSI Full,0.31695853546485153,0.004118829965591431,0.0,0.0,0.0,0.0,0.9998730733990668,66
2025-10-08 13:00:00,SACSI Full,0.32039653148437386,0.003398805856704712,0.0,0.0,0.0,0.0,-0.03972832479560817,66
2025-10-08 14:00:00,SACSI Full,0.32976043901468166,0.004672259092330933,0.0,0.0,0.0,0.0,-0.9761500811823683,66
2025-10-08 15:00:00,SACSI Full,0.3534195815656022,0.005228817462921143,0.0,0.1139860521867405,0.0,0.0,-3.342068298493185,66
2025-10-08 16:00:00,SACSI Full,0.36759160270310365,0.005993098020553589,0.0,0.5863867567701221,0.0,0.0,-4.759287775076351,66
2025-10-08 17:00:00,SACSI Full,0.37562689899578916,0.007318854331970215,0.0,0.8542299665263059,0.0,0.0,-5.562849534228668,66
2025-10-08 18:00:00,SACSI Full,0.38078930745388767,0.009032785892486572,0.0,1.026310248462923,0.0,0.0,-6.0791285404222215,66
2025-10-08 19:00:00,SACSI Full,0.3802704310197744,0.004351437091827393,0.0,1.009014367325814,0.0,0.0,-6.027176944207285,66
2025-10-08 20:00:00,SACSI Full,0.38008350155429066,0.006204545497894287,0.0,1.0027833851430217,0.0,0.0,-6.0084927774230845,66
2025-10-08 21:00:00,SACSI Full,0.38051786364885587,0.007070749998092651,0.0,1.0172621216285294,0.0,0.0,-6.05193644193055,66
2025-10-08 22:00:00,SACSI Full,0.38182061092316283,0.011011213064193726,0.0,1.0606870307720955,0.0,0.0,-6.182320721208226,66
2025-10-08 23:00:00,SACSI Full,0.38175930125563595,0.00825047492980957,0.0,1.0586433751878659,0.0,0.0,-6.1761227424435345,66
2025-10-09 00:00:00,SACSI Full,0.38381647815068887,0.012369006872177124,0.0,1.1272159383562965,0.0,0.0,-6.381936380525753,66
2025-10-09 01:00:00,SACSI Full,0.38630228417563733,0.015317946672439575,0.0,1.2100761391879105,0.0,0.0,-6.630564265895184,66
2025-10-09 02:00:00,SACSI Full,0.38491546091206336,0.00730171799659729,0.0,1.1638486970687794,0.0,0.0,-6.491772287853025,66
2025-10-09 03:00:00,SACSI Full,0.38185991171354766,0.0048322975635528564,0.0,1.0619970571182564,0.0,0.0,-6.186112511510367,66
2025-10-09 04:00:00,SACSI Full,0.3797128700999742,0.005816519260406494,0.0,0.9904290033324714,0.0,0.0,-5.971413182599593,66
2025-10-09 05:00:00,SACSI Full,0.37748224613228365,0.006387680768966675,0.0,0.9160748710761212,0.0,0.0,-5.748358078458829,66
2025-10-09 06:00:00,SACSI Full,0.37725433172046174,0.008103400468826294,0.0,0.9084777240153926,0.0,0.0,-5.725612397252548,66
2025-10-09 07:00:00,SACSI Full,0.3841918876464876,0.022996366024017334,0.0,1.139729588216254,0.0,0.0,-6.419797621624791,66
2025-10-09 08:00:00,SACSI Full,0.38014853437802604,0.004445165395736694,0.0,1.0049511459342015,0.0,0.0,-6.015127853116801,66
2025-10-09 09:00:00,SACSI Full,0.3807747340338952,0.011184364557266235,0.0,1.025824467796508,0.0,0.0,-6.077764482672283,66
2025-10-09 10:00:00,SACSI Full,0.3852805343762809,0.025257915258407593,0.0,1.1760178125426977,0.0,0.0,-6.52869933144027,66
2025-10-09 11:00:00,SACSI Full,0.38207014695785413,0.0033886730670928955,0.0,1.069004898595138,0.0,0.0,-6.207301161668667,66
2025-10-09 12:00:00,SACSI Full,0.39804517335851763,0.01701369881629944,0.0,1.6015057786172548,0.0,0.0,-7.804993860085581,66
2025-10-09 13:00:00,SACSI Full,0.39426194096314704,0.012428313493728638,0.0,1.4753980321049014,0.0,0.0,-7.426488516437804,66
2025-10-09 14:00:00,SACSI Full,0.3891203281864029,0.008027106523513794,0.0,1.3040109395467625,0.0,0.0,-6.912237372840463,66
2025-10-09 15:00:00,SACSI Full,0.3847172984731646,0.008334368467330933,0.0,1.1572432824388188,0.0,0.0,-6.471899607305244,66
2025-10-09 16:00:00,SACSI Full,0.3810290993458436,0.006343573331832886,0.0,1.0343033115281202,0.0,0.0,-6.103056714002352,66
2025-10-09 17:00:00,SACSI Full,0.37758503545508443,0.005282014608383179,0.0,0.9195011818361465,-1.4210854715202004e-14,0.0,-5.758619801387844,66
2025-10-09 18:00:00,SACSI Full,0.3746386434920936,0.005370527505874634,0.0,0.8212881164031203,0.0,0.0,-5.463972644888449,66
2025-10-09 19:00:00,SACSI Full,0.37201027893283745,0.0046665966510772705,0.0,0.7336759644279156,0.0,0.0,-5.2011282645253125,66
2025-10-09 20:00:00,SACSI Full,0.3706017263441573,0.006658434867858887,0.0,0.6867242114719091,0.0,0.0,-5.060325721495252,66
2025-10-09 21:00:00,SACSI Full,0.36867961366819946,0.005519986152648926,0.0,0.6226537889399822,0.0,0.0,-4.8680831510301505,66
2025-10-09 22:00:00,SACSI Full,0.36667631554181224,0.005887746810913086,0.0,0.5558771847270748,0.0,0.0,-4.6677529867240235,66
2025-10-09 23:00:00,SACSI Full,0.3657509192514555,0.006911754608154297,0.0,0.5250306417151819,0.0,0.0,-4.575240400315682,66
2025-10-10 00:00:00,SACSI Full,0.3643145931527736,0.00575527548789978,0.0,0.47715310509245373,0.0,0.0,-4.4315859855783195,66
2025-10-10 01:00:00,SACSI Full,0.366081525201117,0.008630454540252686,0.0,0.5360508400372325,0.0,0.0,-4.608353880993025,66
2025-10-10 02:00:00,SACSI Full,0.36523862556038644,0.0060842931270599365,0.0,0.5079541853462146,0.0,0.0,-4.524009703515317,66
2025-10-10 03:00:00,SACSI Full,0.3638518587086649,0.005198568105697632,0.0,0.4617286236221631,0.0,0.0,-4.385298699478814,66
2025-10-10 04:00:00,SACSI Full,0.363498664745395,0.003497302532196045,0.0,0.4499554915131668,0.0,0.0,-4.349953433245878,66
2025-10-10 05:00:00,SACSI Full,0.3680828650414091,0.012022256851196289,0.0,0.6027621680469694,0.0,0.0,-4.8086121988211215,66
2025-10-10 06:00:00,SACSI Full,0.3669912874260373,0.006902962923049927,0.0,0.5663762475345777,0.0,0.0,-4.699317994801474,66
2025-10-10 07:00:00,SACSI Full,0.36537476304568295,0.00403478741645813,0.0,0.5124921015227656,0.0,0.0,-4.537585682071689,66
2025-10-10 08:00:00,SACSI Full,0.370377139793254,0.024451017379760742,0.0,0.6792379931084653,-1.4210854715202004e-14,0.0,-5.038407161972627,66
2025-10-10 09:00:00,SACSI Full,0.36811943881680104,0.005171000957489014,0.0,0.603981293893368,0.0,0.0,-4.812240101863475,66
2025-10-10 10:00:00,SACSI Full,0.36593627785047467,0.007760971784591675,0.0,0.5312092616824898,0.0,0.0,-4.593808904191429,66
2025-10-10 11:00:00,SACSI Full,0.3638081069231085,0.004318952560424805,0.0,0.46027023077028417,1.4210854715202004e-14,0.0,-4.380931491554299,66
2025-10-10 12:00:00,SACSI Full,0.3639473334243344,0.006179064512252808,0.0,0.4649111141444806,0.0,0.0,-4.394875524843201,66
2025-10-10 13:00:00,SACSI Full,0.36483408902261677,0.015496313571929932,0.0,0.49446963408722555,0.0,0.0,-4.483812001023711,66
2025-10-10 14:00:00,SACSI Full,0.3623489759150805,0.00609859824180603,0.0,0.4116325305026834,0.0,0.0,-4.235113540626183,66
2025-10-10 15:00:00,SACSI Full,0.36066791279527505,0.0062781572341918945,0.0,0.3555970931758339,0.0,0.0,-4.066918638262111,66
2025-10-10 16:00:00,SACSI Full,0.35908013181948323,0.004836767911911011,0.0,0.3026710606494419,0.0,0.0,-3.9081243311997835,66
2025-10-10 17:00:00,SACSI Full,0.3578297366766661,0.004872679710388184,0.0,0.26099122255553625,0.0,0.0,-3.783071480378804,66
2025-10-10 18:00:00,SACSI Full,0.3568827594546553,0.004832148551940918,0.0,0.22942531515517717,0.0,0.0,-3.688372993748153,66
2025-10-10 19:00:00,SACSI Full,0.35603031142271246,0.004775971174240112,0.0,0.20101038075708288,0.0,0.0,-3.6031272234685074,66
2025-10-10 20:00:00,SACSI Full,0.3552654242814483,0.005548000335693359,0.0,0.17551414271494395,0.0,0.0,-3.5266611084431583,66
2025-10-10 21:00:00,SACSI Full,0.3545491221479984,0.004746764898300171,0.0,0.15163740493327965,0.0,0.0,-3.4550151624521774,66
2025-10-10 22:00:00,SACSI Full,0.3539070846041809,0.005624890327453613,0.0,0.13023615347269699,0.0,0.0,-3.390829739478931,66
2025-10-10 23:00:00,SACSI Full,0.35332672283274863,0.004782229661941528,0.0,0.11089076109162194,0.0,0.0,-3.332776354474756,66
2025-10-11 00:00:00,SACSI Full,0.35406046661349777,0.0064720213413238525,0.0,0.1353488871165922,0.0,0.0,-3.406192999693397,66
2025-10-11 01:00:00,SACSI Full,0.35381869963669155,0.005759894847869873,0.0,0.1272899878897192,0.0,0.0,-3.3819922828310465,66
2025-10-11 02:00:00,SACSI Full,0.3532451052496139,0.004091858863830566,0.0,0.10817017498713,0.0,0.0,-3.3246090424985053,66
2025-10-11 03:00:00,SACSI Full,0.35639943835711213,0.010614544153213501,0.0,0.21331461190373774,0.0,0.0,-3.6402213534471706,66
2025-10-11 04:00:00,SACSI Full,0.3570757411761498,0.006748884916305542,0.0,0.23585803920499446,0.0,0.0,-3.707747751905676,66
2025-10-11 05:00:00,SACSI Full,0.35705537990290664,0.005570948123931885,0.0,0.2351793300968879,0.0,0.0,-3.705661188621066,66
2025-10-11 06:00:00,SACSI Full,0.3564313523806221,0.0036701560020446777,0.0,0.21437841268740387,0.0,0.0,-3.6432276491034714,66
2025-10-11 07:00:00,SACSI Full,0.3558761421134251,0.005808323621749878,0.0,0.19587140378083776,0.0,0.0,-3.5877517594911423,66
2025-10-11 08:00:00,SACSI Full,0.3559535277936022,0.006666630506515503,0.0,0.19845092645340545,0.0,0.0,-3.595494695039195,66
2025-10-11 09:00:00,SACSI Full,0.35604500038097747,0.007441788911819458,0.0,0.20150001269924758,0.0,0.0,-3.6046566254600356,66
2025-10-11 10:00:00,SACSI Full,0.3554224330487589,0.008477568626403809,0.0,0.18074776829196396,0.0,0.0,-3.5424232140455656,66
2025-10-11 11:00:00,SACSI Full,0.35409995108307063,0.0054204463958740234,0.0,0.13666503610235453,0.0,0.0,-3.410134088457285,66
2025-10-11 12:00:00,SACSI Full,0.35248316636890764,0.005736798048019409,0.0,0.08277221229692061,0.0,0.0,-3.2484345363682454,66
2025-10-11 13:00:00,SACSI Full,0.3512535091980451,0.006386488676071167,0.0,0.041783639934836005,0.0,0.0,-3.125485146484311,66
2025-10-11 14:00:00,SACSI Full,0.3517597042820591,0.008015334606170654,0.0,0.05865680940196967,0.0,0.0,-3.176147023357334,66
2025-10-11 15:00:00,SACSI Full,0.35443519388464734,0.013986676931381226,0.0,0.14783979615491205,0.0,0.0,-3.443858835426613,66
2025-10-11 16:00:00,SACSI Full,0.35409735647822305,0.005227327346801758,0.0,0.13657854927410115,0.0,0.0,-3.4099277878650858,66
2025-10-11 17:00:00,SACSI Full,0.35462245993672203,0.005113035440444946,0.0,0.15408199789073507,1.4210854715202004e-14,0.0,-3.4623493973000747,66
2025-10-11 18:00:00,SACSI Full,0.35404491128854504,0.004065781831741333,0.0,0.1348303762848346,0.0,0.0,-3.4045829170272253,66
2025-10-11 19:00:00,SACSI Full,0.35352580191551936,0.004293918609619141,0.0,0.11752673051731222,0.0,0.0,-3.3526683512919058,66
2025-10-11 20:00:00,SACSI Full,0.3539625655495461,0.005614608526229858,0.0,0.1320855183182033,0.0,0.0,-3.396382054024299,66
2025-10-11 21:00:00,SACSI Full,0.3534266574547889,0.00444948673248291,0.0,0.11422191515963079,0.0,0.0,-3.342766386431477,66
2025-10-11 22:00:00,SACSI Full,0.35292005699833057,0.004855096340179443,0.0,0.09733523327768552,0.0,0.0,-3.2921068578559365,66
2025-10-11 23:00:00,SACSI Full,0.35339218659078914,0.005711764097213745,0.0,0.11307288635963744,0.0,0.0,-3.3393414610384275,66
2025-10-12 00:00:00,SACSI Full,0.35379488714190577,0.006806403398513794,0.0,0.12649623806352536,0.0,0.0,-3.3796357886515596,66
2025-10-12 01:00:00,SACSI Full,0.35355527513574586,0.0061255693435668945,0.0,0.11850917119152911,0.0,0.0,-3.3556568333020063,66
2025-10-12 02:00:00,SACSI Full,0.35301271974674786,0.005657374858856201,0.0,0.10042399155826161,0.0,0.0,-3.301389804116809,66
2025-10-12 03:00:00,SACSI Full,0.3528517031186097,0.006251782178878784,0.0,0.09505677062032306,0.0,0.0,-3.285301291577747,66
2025-10-12 04:00:00,SACSI Full,0.3542094904788679,0.007152557373046875,0.0,0.14031634929559544,0.0,0.0,-3.4211011067861925,66
2025-10-12 05:00:00,SACSI Full,0.35365413495090714,0.006197839975357056,0.0,0.12180449836357213,0.0,0.0,-3.3655469990641973,66
2025-10-12 06:00:00,SACSI Full,0.35310263727093144,0.005971938371658325,0.0,0.10342124236438083,0.0,0.0,-3.3103854248766136,66
2025-10-12 07:00:00,SACSI Full,0.3523819146133459,0.007680356502532959,0.0,0.0793971537781971,0.0,0.0,-3.2383621526459483,66
2025-10-12 08:00:00,SACSI Full,0.3514553208137449,0.008532553911209106,0.0,0.04851069379149778,0.0,0.0,-3.145711254426802,66
2025-10-12 09:00:00,SACSI Full,0.350595362123808,0.010357797145843506,0.0,0.0198454041269315,0.0,0.0,-3.059761620756061,66
2025-10-12 10:00:00,SACSI Full,0.3491801589824366,0.00893905758857727,0.0,0.0,0.0,0.0,-2.918208866791003,66
2025-10-12 11:00:00,SACSI Full,0.34744721099074755,0.007115602493286133,0.0,0.0,0.0,0.0,-2.7448816456755725,66
2025-10-12 12:00:00,SACSI Full,0.3457098611960418,0.0057950615882873535,0.0,0.0,0.0,0.0,-2.571115226244995,66
2025-10-12 13:00:00,SACSI Full,0.34403547827895553,0.00768512487411499,0.0,0.0,0.0,0.0,-2.4037204310258935,66
2025-10-12 14:00:00,SACSI Full,0.34243988207435677,0.005821138620376587,0.0,0.0,0.0,0.0,-2.2441232700706215,66
2025-10-12 15:00:00,SACSI Full,0.34112563337500956,0.005225390195846558,0.0,0.0,0.0,0.0,-2.1126738027891183,66
2025-10-12 16:00:00,SACSI Full,0.34020719253873893,0.004967749118804932,0.0,0.0,0.0,0.0,-2.0208211852670392,66
2025-10-12 17:00:00,SACSI Full,0.33968897825654415,0.006035715341567993,0.0,0.0,0.0,0.0,-1.9690292196234733,66
2025-10-12 18:00:00,SACSI Full,0.33942585735495956,0.006063729524612427,0.0,0.0,0.0,0.0,-1.9427072902282778,66
2025-10-12 19:00:00,SACSI Full,0.3391882276385632,0.005211085081100464,0.0,0.0,0.0,0.0,-1.9189355120023777,66
2025-10-12 20:00:00,SACSI Full,0.3389769459241238,0.004615485668182373,0.0,0.0,0.0,0.0,-1.8977928581198729,66
2025-10-12 21:00:00,SACSI Full,0.33879456627067,0.004786103963851929,0.0,0.0,0.0,0.0,-1.8795540553292336,66
2025-10-12 22:00:00,SACSI Full,0.33863919424390865,0.004388391971588135,0.0,0.0,0.0,0.0,-1.8640111693502186,66
2025-10-12 23:00:00,SACSI Full,0.3398227862025904,0.006077587604522705,0.0,0.0,0.0,0.0,-1.9824170639674568,66
2025-10-13 00:00:00,SACSI Full,0.33966757957871824,0.0044380128383636475,0.0,0.0,0.0,0.0,-1.9668631138762518,66
2025-10-13 01:00:00,SACSI Full,0.33984744922733373,0.004960894584655762,0.0,0.0,0.0,0.0,-1.9848493694425287,66
2025-10-13 02:00:00,SACSI Full,0.34005487238184673,0.0047269463539123535,0.0,0.0,0.0,0.0,-2.005584116594058,66
2025-10-13 03:00:00,SACSI Full,0.33992763152933186,0.004327744245529175,0.0,0.0,0.0,0.0,-1.9928536998391801,66
2025-10-13 04:00:00,SACSI Full,0.33980090774711036,0.004482865333557129,0.0,0.0,0.0,0.0,-1.9801819832285865,66
2025-10-13 05:00:00,SACSI Full,0.3397031694723771,0.004678517580032349,0.0,0.0,0.0,0.0,-1.9704124741117757,66
2025-10-13 06:00:00,SACSI Full,0.33960552557166473,0.004706829786300659,0.0,0.0,0.0,0.0,-1.9606469768842616,66
2025-10-13 07:00:00,SACSI Full,0.33929049793100413,0.007491707801818848,0.0,0.0,0.0,0.0,-1.9292274760366042,66
2025-10-13 08:00:00,SACSI Full,0.3384925424887345,0.007113367319107056,0.0,0.0,0.0,0.0,-1.8494002996246592,66
2025-10-13 09:00:00,SACSI Full,0.33724073316590053,0.006957203149795532,0.0,0.0,0.0,0.0,-1.7242140222947413,66
2025-10-13 10:00:00,SACSI Full,0.33564754300212923,0.006542950868606567,0.0,0.0,0.0,0.0,-1.5648893017531067,66
2025-10-13 11:00:00,SACSI Full,0.3338032355842596,0.007707774639129639,0.0,0.0,0.0,0.0,-1.380489362156449,66
2025-10-13 12:00:00,SACSI Full,0.33190162472343504,0.007516741752624512,0.0,0.0,0.0,0.0,-1.190314717507421,66
2025-10-13 13:00:00,SACSI Full,0.3300458525834089,0.012768357992172241,0.0,0.0,0.0,0.0,-1.0048931416631288,66
2025-10-13 14:00:00,SACSI Full,0.32841167276795763,0.011246055364608765,0.0,0.0,0.0,0.0,-0.8414074209293302,66
2025-10-13 15:00:00,SACSI Full,0.3271184188113218,0.011523813009262085,0.0,0.0,0.0,0.0,-0.712075134968812,66
2025-10-13 16:00:00,SACSI Full,0.3262421256782219,0.009112060070037842,0.0,0.0,0.0,0.0,-0.624418926552984,66
2025-10-13 17:00:00,SACSI Full,0.3258149145771668,0.007836669683456421,0.0,0.0,0.0,0.0,-0.5816609450142168,66
2025-10-13 18:00:00,SACSI Full,0.3256998658547407,0.00798538327217102,0.0,0.0,0.0,0.0,-0.5701477802753998,66
2025-10-13 19:00:00,SACSI Full,0.3256628535542494,0.014396309852600098,0.0,0.0,0.0,0.0,-0.5666373908877954,66
2025-10-13 20:00:00,SACSI Full,0.32559490419085874,0.013615190982818604,0.0,0.0,0.0,0.0,-0.5597705340942272,66
2025-10-13 21:00:00,SACSI Full,0.325471247298877,0.013902932405471802,0.0,0.0,0.0,0.0,-0.5474056659500351,66
2025-10-13 22:00:00,SACSI Full,0.32534632927195284,0.01352459192276001,0.0,0.0,0.0,0.0,-0.5349072024385655,66
2025-10-13 23:00:00,SACSI Full,0.32521458104944284,0.011475533246994019,0.0,0.0,0.0,0.0,-0.5217081061959811,66
2025-10-14 00:00:00,SACSI Full,0.3251035670647626,0.009195804595947266,0.0,0.0,0.0,0.0,-0.5105634198546909,66
2025-10-14 01:00:00,SACSI Full,0.32498395361995747,0.006615966558456421,0.0,0.0,0.0,0.0,-0.49855347970729,66
2025-10-14 02:00:00,SACSI Full,0.3248926064532603,0.0065958499908447266,0.0,0.0,0.0,0.0,-0.48939276349152144,66
2025-10-14 03:00:00,SACSI Full,0.32480072731510845,0.006436258554458618,0.0,0.0,0.0,0.0,-0.4802030525962975,66
2025-10-14 04:00:00,SACSI Full,0.3246800429735188,0.006294697523117065,0.0,0.0,0.0,0.0,-0.4681316069126574,66
2025-10-14 05:00:00,SACSI Full,0.3245329023482009,0.006857812404632568,0.0,0.0,0.0,0.0,-0.45343302221699955,66
2025-10-14 06:00:00,SACSI Full,0.32432927238003456,0.0069110095500946045,0.0,0.0,0.0,0.0,-0.43306599016591196,66
2025-10-14 07:00:00,SACSI Full,0.32389502468522435,0.014225691556930542,0.0,0.0,0.0,0.0,-0.3898601291736416,66
2025-10-14 08:00:00,SACSI Full,0.3230681197295194,0.015428513288497925,0.0,0.0,0.0,0.0,-0.3071325714350226,66
2025-10-14 09:00:00,SACSI Full,0.32182517881568323,0.01811772584915161,0.0,0.0,0.0,0.0,-0.18290712821091215,66
2025-10-14 10:00:00,SACSI Full,0.32027265292739915,0.018742233514785767,0.0,0.0,0.0,0.0,-0.02764638248686624,66
2025-10-14 11:00:00,SACSI Full,0.3184797423634534,0.014626830816268921,0.0,0.0,0.0,0.0,0.9996663093566895,66
2025-10-14 12:00:00,SACSI Full,0.31660273133293837,0.014896690845489502,0.0,0.0,0.0,0.0,0.999699367582798,66
2025-10-14 13:00:00,SACSI Full,0.31484564193582587,0.016873180866241455,0.0,0.0,0.0,0.0,0.9996427714824677,66
2025-10-14 14:00:00,SACSI Full,0.31330247175868403,0.013048946857452393,0.0,0.0,0.0,0.0,0.9997007787227631,66
2025-10-14 15:00:00,SACSI Full,0.3120975457280482,0.012522190809249878,0.0,0.0,0.0,0.0,0.999744288623333,66
2025-10-14 16:00:00,SACSI Full,0.3112451538262373,0.007782429456710815,0.0,0.0,0.0,0.0,0.9997969537973405,66
2025-10-14 17:00:00,SACSI Full,0.31078773631588674,0.007274746894836426,0.0,0.0,0.0,0.0,0.9998494282364845,66
2025-10-14 18:00:00,SACSI Full,0.3105781597909933,0.005127042531967163,0.0,0.0,0.0,0.0,0.999875982105732,66
2025-10-14 19:00:00,SACSI Full,0.31072960173225456,0.004932582378387451,0.0,0.0,0.0,0.0,0.9998994037508965,66
2025-10-14 20:00:00,SACSI Full,0.3105557226945565,0.007336288690567017,0.0,0.0,0.0,0.0,0.9998292371630668,66
2025-10-14 21:00:00,SACSI Full,0.3103522601161009,0.006961226463317871,0.0,0.0,0.0,0.0,0.9998570248484611,66
2025-10-14 22:00:00,SACSI Full,0.31014719268258467,0.006479769945144653,0.0,0.0,0.0,0.0,0.9998655900359154,66
2025-10-14 23:00:00,SACSI Full,0.30993830757157065,0.0053344666957855225,0.0,0.0,0.0,0.0,0.9998818576335907,66
2025-10-15 00:00:00,SACSI Full,0.30975864241298096,0.005600452423095703,0.0,0.0,0.0,0.0,0.999885331094265,66
2025-10-15 01:00:00,SACSI Full,0.3095520798962917,0.006031244993209839,0.0,0.0,0.0,0.0,0.9998750671744346,66
2025-10-15 02:00:00,SACSI Full,0.30934365274763165,0.005471855401992798,0.0,0.0,0.0,0.0,0.999884968996048,66
2025-10-15 03:00:00,SACSI Full,0.30913581916189253,0.005649924278259277,0.0,0.0,0.0,0.0,0.9998852208256721,66
2025-10-15 04:00:00,SACSI Full,0.3089251185927397,0.004789829254150391,0.0,0.0,0.0,0.0,0.9998956024646759,66
2025-10-15 05:00:00,SACSI Full,0.30874170976575277,0.004477351903915405,0.0,0.0,0.0,0.0,0.9999073281884193,66
2025-10-15 06:00:00,SACSI Full,0.30853073203500175,0.004706680774688721,0.0,0.0,0.0,0.0,0.9999035730957985,66
2025-10-15 07:00:00,SACSI Full,0.3080985143750515,0.014834702014923096,0.0,0.0,0.0,0.0,0.9996020257472993,66
2025-10-15 08:00:00,SACSI Full,0.30727834772443835,0.017450004816055298,0.0,0.0,0.0,0.0,0.9996248468756675,66
2025-10-15 09:00:00,SACSI Full,0.3061150488497423,0.016510337591171265,0.0,0.0,0.0,0.0,0.9996603965759278,66
2025-10-15 10:00:00,SACSI Full,0.30465557405885124,0.021157562732696533,0.0,0.0,0.0,0.0,0.9995303764939307,66
2025-10-15 11:00:00,SACSI Full,0.30302808559274735,0.0217534601688385,0.0,0.0,0.0,0.0,0.9995589718222618,66
2025-10-15 12:00:00,SACSI Full,0.30207031459188527,0.005668699741363525,0.0,0.0,0.0,0.0,0.999725778400898,66
2025-10-15 13:00:00,SACSI Full,0.3013876440327969,0.0031988322734832764,0.0,0.0,0.0,0.0,0.9999113246798516,66
2025-10-15 14:00:00,SACSI Full,0.3008990967322992,0.001935809850692749,0.0,0.0,0.0,0.0,0.9999486535787582,66
2025-10-15 15:00:00,SACSI Full,0.3090712974756566,0.0066602230072021484,0.0,0.0,0.0,0.0,0.9998195514082908,66
2025-10-15 16:00:00,SACSI Full,0.30929180075105106,0.002150982618331909,0.0,0.0,0.0,0.0,0.9999118879437446,66
2025-10-15 17:00:00,SACSI Full,0.3092909370932586,0.0017409026622772217,0.0,0.0,0.0,0.0,0.9999610811471938,66
2025-10-15 18:00:00,SACSI Full,0.3094334169794725,0.0022439658641815186,0.0,0.0,0.0,0.0,0.9999500900506973,66
2025-10-15 19:00:00,SACSI Full,0.30957791746314434,0.002850145101547241,0.0,0.0,0.0,0.0,0.9999369353055955,66
2025-10-15 20:00:00,SACSI Full,0.3093930403750744,0.0040368735790252686,0.0,0.0,0.0,0.0,0.9999073952436447,66
2025-10-15 21:00:00,SACSI Full,0.3092079968907045,0.003986954689025879,0.0,0.0,0.0,0.0,0.9999197617173194,66
2025-10-15 22:00:00,SACSI Full,0.3100513160452849,0.003995746374130249,0.0,0.0,0.0,0.0,0.9999199971556664,66
2025-10-15 23:00:00,SACSI Full,0.3109200414484348,0.0031176209449768066,0.0,0.0,0.0,0.0,0.999928866326809,66
2025-10-16 00:00:00,SACSI Full,0.31883110777314566,0.007319897413253784,0.0,0.0,0.0,0.0,0.9998115792870521,66
2025-10-16 01:00:00,SACSI Full,0.32371095341618916,0.00645369291305542,0.0,0.0,0.0,0.0,-0.37123307752217866,66
2025-10-16 02:00:00,SACSI Full,0.3249392722377783,0.0024956464767456055,0.0,0.0,0.0,0.0,-0.4940167171717272,66
2025-10-16 03:00:00,SACSI Full,0.3288678879254665,0.0040847063064575195,0.0,0.0,0.0,0.0,-0.8868863772710762,66
2025-10-16 04:00:00,SACSI Full,0.32915263449843785,0.0024239718914031982,0.0,0.0,0.0,0.0,-0.9153285366257625,66
2025-10-16 05:00:00,SACSI Full,0.3290719677561131,0.0012999773025512695,0.0,0.0,0.0,0.0,-0.907234015103247,66
2025-10-16 06:00:00,SACSI Full,0.34064229311482175,0.013597607612609863,0.0,0.0,0.0,0.0,-2.0646242399375274,66
2025-10-16 07:00:00,SACSI Full,0.34335158443466884,0.00628739595413208,0.0,0.0,0.0,0.0,-2.3353572935025513,66
2025-10-16 08:00:00,SACSI Full,0.3426323516298936,0.005230158567428589,0.0,0.0,0.0,0.0,-2.2633503385345737,66
2025-10-16 09:00:00,SACSI Full,0.34299190217351977,0.005365163087844849,0.0,0.0,0.0,0.0,-2.2992988706589372,66
2025-10-16 10:00:00,SACSI Full,0.34396583067830466,0.006678551435470581,0.0,0.0,0.0,0.0,-2.3967297727426513,66
2025-10-16 11:00:00,SACSI Full,0.3428672010375665,0.003911107778549194,0.0,0.0,0.0,0.0,-2.2868260003487912,66
2025-10-16 12:00:00,SACSI Full,0.3418563608942038,0.004747956991195679,0.0,0.0,0.0,0.0,-2.1857394170523285,66
2025-10-16 13:00:00,SACSI Full,0.34265017112668417,0.005643069744110107,0.0,0.0,0.0,0.0,-2.2651389251908274,66
2025-10-16 14:00:00,SACSI Full,0.3420560117778785,0.004252195358276367,0.0,0.0,0.0,0.0,-2.205700130438871,66
2025-10-16 15:00:00,SACSI Full,0.3420541822538382,0.00545114278793335,0.0,0.0,0.0,0.0,-2.205539237713876,66
2025-10-16 16:00:00,SACSI Full,0.3416666898482647,0.0047522783279418945,0.0,0.0,0.0,0.0,-2.1667710190376286,66
2025-10-16 17:00:00,SACSI Full,0.3412262763183918,0.003875941038131714,0.0,0.0,0.0,0.0,-2.1227139140328406,66
2025-10-16 18:00:00,SACSI Full,0.3409834793759988,0.003660917282104492,0.0,0.0,0.0,0.0,-2.098423306183084,66
2025-10-16 19:00:00,SACSI Full,0.34073967908875213,0.0033599138259887695,0.0,0.0,0.0,0.0,-2.074038117186294,66
2025-10-16 20:00:00,SACSI Full,0.3404743259932207,0.005394071340560913,0.0,0.0,0.0,0.0,-2.047560822324026,66
2025-10-16 21:00:00,SACSI Full,0.3401902175340659,0.008267462253570557,0.0,0.0,0.0,0.0,-2.019215836560793,66
2025-10-16 22:00:00,SACSI Full,0.33990300516303446,0.007336288690567017,0.0,0.0,0.0,0.0,-1.9904565538128862,66
2025-10-16 23:00:00,SACSI Full,0.3396449759882298,0.00759124755859375,0.0,0.0,0.0,0.0,-1.9646519733628305,66
2025-10-17 00:00:00,SACSI Full,0.3393799174389846,0.00548243522644043,0.0,0.0,0.0,0.0,-1.93812248072631,66
2025-10-17 01:00:00,SACSI Full,0.33917073331133596,0.00524476170539856,0.0,0.0,0.0,0.0,-1.9171806031029137,66
2025-10-17 02:00:00,SACSI Full,0.3389595857073473,0.004655718803405762,0.0,0.0,0.0,0.0,-1.8960575755398172,66
2025-10-17 03:00:00,SACSI Full,0.33874776407416735,0.004453510046005249,0.0,0.0,0.0,0.0,-1.8748674997052281,66
2025-10-17 04:00:00,SACSI Full,0.33853613416926137,0.004511028528213501,0.0,0.0,0.0,0.0,-1.8537042126815226,66
2025-10-17 05:00:00,SACSI Full,0.3383241277616826,0.004398077726364136,0.0,0.0,0.0,0.0,-1.832501867230803,66
2025-10-17 06:00:00,SACSI Full,0.33808433986044,0.004563629627227783,0.0,0.0,0.0,0.0,-1.8085269141555533,66
2025-10-17 07:00:00,SACSI Full,0.3376754400684046,0.004830062389373779,0.0,0.0,0.0,0.0,-1.767643272415869,66
2025-10-17 08:00:00,SACSI Full,0.33687281907256517,0.005713701248168945,0.0,0.0,0.0,0.0,-1.6874050176700672,66
2025-10-17 09:00:00,SACSI Full,0.335701613907179,0.005638450384140015,0.0,0.0,0.0,0.0,-1.5702749122342232,66
2025-10-17 10:00:00,SACSI Full,0.3353887733675646,0.005647838115692139,0.0,0.0,0.0,0.0,-1.5389903873960906,66
2025-10-17 11:00:00,SACSI Full,0.333869179841837,0.0031219422817230225,0.0,0.0,0.0,0.0,-1.387005681987674,66
2025-10-17 12:00:00,SACSI Full,0.33292942560370836,0.002573728561401367,0.0,0.0,0.0,0.0,-1.292999517079267,66
2025-10-17 13:00:00,SACSI Full,0.3327412809111285,0.0025565922260284424,0.0,0.0,0.0,0.0,-1.2741793943207216,66
2025-10-17 14:00:00,SACSI Full,0.33295059065993704,0.002792924642562866,0.0,0.0,0.0,0.0,-1.2951172878107198,66
2025-10-17 15:00:00,SACSI Full,0.33215877835130764,0.0024563074111938477,0.0,0.0,0.0,0.0,-1.2159303274513007,66
2025-10-17 16:00:00,SACSI Full,0.33318506101385825,0.003384798765182495,0.0,0.0,0.0,0.0,-1.318583082274668,66
2025-10-17 17:00:00,SACSI Full,0.3328238241101908,0.0021289288997650146,0.0,0.0,0.0,0.0,-1.282437548295728,66
2025-10-17 18:00:00,SACSI Full,0.33327130051946713,0.0022429227828979492,0.0,0.0,0.0,0.0,-1.3271760503412016,66
2025-10-17 19:00:00,SACSI Full,0.3338347666424123,0.003039836883544922,0.0,0.0,0.0,0.0,-1.3835454301199062,66
2025-10-17 20:00:00,SACSI Full,0.33470391921218307,0.0032457709312438965,0.0,0.0,0.0,0.0,-1.4704588959774079,66
2025-10-17 21:00:00,SACSI Full,0.33462837449566596,0.00283658504486084,0.0,0.0,0.0,0.0,-1.4628982731263562,66
2025-10-17 22:00:00,SACSI Full,0.3355799700261759,0.002478659152984619,0.0,0.0,0.0,0.0,-1.5580501550595678,66
2025-10-17 23:00:00,SACSI Full,0.3395666222939499,0.004495680332183838,0.0,0.0,0.0,0.0,-1.9567723132134254,66
2025-10-18 00:00:00,SACSI Full,0.3398798015413292,0.0024537742137908936,0.0,0.0,0.0,0.0,-1.9880496486783776,66
2025-10-18 01:00:00,SACSI Full,0.3398617803082474,0.003093630075454712,0.0,0.0,0.0,0.0,-1.9862463019848626,66
2025-10-18 02:00:00,SACSI Full,0.3398151783825564,0.0030194222927093506,0.0,0.0,0.0,0.0,-1.9815789687793235,66
2025-10-18 03:00:00,SACSI Full,0.34043510056909004,0.002976655960083008,0.0,0.0,0.0,0.0,-2.0435700176915312,66
2025-10-18 04:00:00,SACSI Full,0.3457310160590815,0.005774646997451782,0.0,0.0,0.0,0.0,-2.573245078758474,66
2025-10-18 05:00:00,SACSI Full,0.34941580750481366,0.00543743371963501,0.0,0.0,0.0,0.0,-2.941692871288536,66
2025-10-18 06:00:00,SACSI Full,0.3496764382697749,0.0036892294883728027,0.0,0.0,0.0,0.0,-2.9677350936095697,66
2025-10-18 07:00:00,SACSI Full,0.3494361904193568,0.004425644874572754,0.0,0.0,0.0,0.0,-2.943714918987033,66
2025-10-18 08:00:00,SACSI Full,0.3487765682539948,0.0061133503913879395,0.0,0.0,0.0,0.0,-2.877795969462473,66
2025-10-18 09:00:00,SACSI Full,0.3476972260667491,0.007697343826293945,0.0,0.0,0.0,0.0,-2.7698923934857818,66
2025-10-18 10:00:00,SACSI Full,0.3464226251524297,0.008619725704193115,0.0,0.0,0.0,0.0,-2.642444133575834,66
2025-10-18 11:00:00,SACSI Full,0.3447423741580653,0.005924701690673828,0.0,0.0,0.0,0.0,-2.474382860080478,66
2025-10-18 12:00:00,SACSI Full,0.3429385115060814,0.0028412044048309326,0.0,0.0,0.0,0.0,-2.2939388096690947,66
2025-10-18 13:00:00,SACSI Full,0.34116724242941615,0.004119277000427246,0.0,0.0,0.0,0.0,-2.116819409207579,66
2025-10-18 14:00:00,SACSI Full,0.33956424779828465,0.0036016106605529785,0.0,0.0,0.0,0.0,-1.9565019887050739,66
2025-10-18 15:00:00,SACSI Full,0.33911289207474465,0.00459328293800354,0.0,0.0,0.0,0.0,-1.9113909898559993,66
2025-10-18 16:00:00,SACSI Full,0.3385282026848801,0.0030931830406188965,0.0,0.0,0.0,0.0,-1.8528971331477952,66
2025-10-18 17:00:00,SACSI Full,0.33861481410996197,0.0024834275245666504,0.0,0.0,0.0,0.0,-1.8615371771018483,66
2025-10-18 18:00:00,SACSI Full,0.33848042914406534,0.0021845102310180664,0.0,0.0,0.0,0.0,-1.8480895937840893,66
2025-10-18 19:00:00,SACSI Full,0.33840291995779753,0.002247244119644165,0.0,0.0,0.0,0.0,-1.8403375680010317,66
2025-10-18 20:00:00,SACSI Full,0.3383258776745804,0.002387315034866333,0.0,0.0,0.0,0.0,-1.8326369144678878,66
2025-10-18 21:00:00,SACSI Full,0.33824945676978513,0.002573728561401367,0.0,0.0,0.0,0.0,-1.8249990156850056,66
2025-10-18 22:00:00,SACSI Full,0.338174440547785,0.002995133399963379,0.0,0.0,0.0,0.0,-1.8175081714948846,66
2025-10-18 23:00:00,SACSI Full,0.33809891917642043,0.0028435885906219482,0.0,0.0,0.0,0.0,-1.8099503048619483,66
2025-10-19 00:00:00,SACSI Full,0.3380258301712681,0.003573298454284668,0.0,0.0,0.0,0.0,-1.80266178019453,66
2025-10-19 01:00:00,SACSI Full,0.3379254027336447,0.0038717687129974365,0.0,0.0,0.0,0.0,-1.792620693441315,66
2025-10-19 02:00:00,SACSI Full,0.3378251347384461,0.0039196014404296875,0.0,0.0,0.0,0.0,-1.782592344200693,66
2025-10-19 03:00:00,SACSI Full,0.33839089315668824,0.003727525472640991,0.0,0.0,0.0,0.0,-1.8391657869379545,66
2025-10-19 04:00:00,SACSI Full,0.34168294129864457,0.004614442586898804,0.0,0.0,0.0,0.0,-2.168395287887337,66
2025-10-19 05:00:00,SACSI Full,0.34197026577250245,0.0031973421573638916,0.0,0.0,0.0,0.0,-2.197104695097687,66
2025-10-19 06:00:00,SACSI Full,0.3431797611818322,0.005348622798919678,0.0,0.0,0.0,0.0,-2.318104603445612,66
2025-10-19 07:00:00,SACSI Full,0.3428867999428121,0.005611628293991089,0.0,0.0,0.0,0.0,-2.288794856902043,66
2025-10-19 08:00:00,SACSI Full,0.34226007285293025,0.007481873035430908,0.0,0.0,0.0,0.0,-2.2261756252011478,66
2025-10-19 09:00:00,SACSI Full,0.34109941721296394,0.008803308010101318,0.0,0.0,0.0,0.0,-2.110131001806342,66
2025-10-19 10:00:00,SACSI Full,0.339620642703534,0.006867647171020508,0.0,0.0,0.0,0.0,-1.9622209799052086,66
2025-10-19 11:00:00,SACSI Full,0.33838936805582126,0.006617605686187744,0.0,0.0,0.0,0.0,-1.8390716581106974,66
2025-10-19 12:00:00,SACSI Full,0.33729736843840363,0.0059001147747039795,0.0,0.0,0.0,0.0,-1.7298620210449716,66
2025-10-19 13:00:00,SACSI Full,0.33564781161801105,0.006632953882217407,0.0,0.0,0.0,0.0,-1.5649211492698236,66
2025-10-19 14:00:00,SACSI Full,0.3342780784107852,0.005580037832260132,0.0,0.0,0.0,0.0,-1.4279299709956659,66
2025-10-19 15:00:00,SACSI Full,0.3330486399699855,0.00516846776008606,0.0,0.0,0.0,0.0,-1.3049714820544744,66
2025-10-19 16:00:00,SACSI Full,0.33221320933199017,0.0043708086013793945,0.0,0.0,0.0,0.0,-1.2214163259626307,66
2025-10-19 17:00:00,SACSI Full,0.3317445811813681,0.00391155481338501,0.0,0.0,0.0,0.0,-1.1745409417709596,66
2025-10-19 18:00:00,SACSI Full,0.3315301170756031,0.0036607682704925537,0.0,0.0,0.0,0.0,-1.1530874307911474,66
2025-10-19 19:00:00,SACSI Full,0.3323733284451176,0.0039634108543396,0.0,0.0,0.0,0.0,-1.2374151391546822,66
2025-10-19 20:00:00,SACSI Full,0.332244723639648,0.003918558359146118,0.0,0.0,0.0,0.0,-1.2245511836569363,66
2025-10-19 21:00:00,SACSI Full,0.33214390430148527,0.0037541985511779785,0.0,0.0,0.0,0.0,-1.2144671577176296,66
2025-10-19 22:00:00,SACSI Full,0.33270982166544677,0.0037752091884613037,0.0,0.0,0.0,0.0,-1.2710578808348183,66
2025-10-19 23:00:00,SACSI Full,0.3329668945298203,0.002621859312057495,0.0,0.0,0.0,0.0,-1.2967534236670357,66
2025-10-20 00:00:00,SACSI Full,0.33826537351624253,0.00654369592666626,0.0,0.0,0.0,0.0,-1.8267074439089317,66
2025-10-20 01:00:00,SACSI Full,0.3388312804493912,0.0037720799446105957,0.0,0.0,0.0,0.0,-1.8832312026978324,66
2025-10-20 02:00:00,SACSI Full,0.33875996567583166,0.004105567932128906,0.0,0.0,0.0,0.0,-1.8760820138216836,66
2025-10-20 03:00:00,SACSI Full,0.33899564765787205,0.004704594612121582,0.0,0.0,0.0,0.0,-1.8996648479462463,66
2025-10-20 04:00:00,SACSI Full,0.33956367303943713,0.004407614469528198,0.0,0.0,0.0,0.0,-1.9564584260345288,66
2025-10-20 05:00:00,SACSI Full,0.339798292071979,0.004385709762573242,0.0,0.0,0.0,0.0,-1.9799171404402185,66
2025-10-20 06:00:00,SACSI Full,0.34167660239871417,0.005993098020553589,0.0,0.0,0.0,0.0,-2.167796175714407,66
2025-10-20 07:00:00,SACSI Full,0.34238644257799855,0.006452053785324097,0.0,0.0,0.0,0.0,-2.2387778884332086,66
2025-10-20 08:00:00,SACSI Full,0.3417232307229049,0.005036443471908569,0.0,0.0,0.0,0.0,-2.172437957263061,66
2025-10-20 09:00:00,SACSI Full,0.34060655390755407,0.004996955394744873,0.0,0.0,0.0,0.0,-2.0607557247440726,66
2025-10-20 10:00:00,SACSI Full,0.3390911038980491,0.004364997148513794,0.0,0.0,0.0,0.0,-1.9092040093303402,66
2025-10-20 11:00:00,SACSI Full,0.33800685077921616,0.0017240643501281738,0.0,0.0,0.0,0.0,-1.8007459685366018,66
2025-10-20 12:00:00,SACSI Full,0.3476283976437258,0.011464059352874756,0.0,0.0,0.0,0.0,-2.7631664455096616,66
2025-10-20 13:00:00,SACSI Full,0.35003792634263103,0.006622821092605591,0.0,0.0012642114210336787,0.0,0.0,-3.0039735030675576,66
2025-10-20 14:00:00,SACSI Full,0.34877464113885626,0.0035144388675689697,0.0,0.0,0.0,0.0,-2.877565486485227,66
2025-10-20 15:00:00,SACSI Full,0.3476539782628861,0.0038011372089385986,0.0,0.0,0.0,0.0,-2.7654767160161997,66
2025-10-20 16:00:00,SACSI Full,0.3469025368294563,0.004067569971084595,0.0,0.0,0.0,0.0,-2.690337698672675,66
2025-10-20 17:00:00,SACSI Full,0.346517948547348,0.0036235153675079346,0.0,0.0,0.0,0.0,-2.6518717655881874,66
2025-10-20 18:00:00,SACSI Full,0.3466940039954033,0.0038166344165802,0.0,0.0,0.0,0.0,-2.6694786634191505,66
2025-10-20 19:00:00,SACSI Full,0.346925334838375,0.0033992528915405273,0.0,0.0,0.0,0.0,-2.6926056427105816,66
2025-10-20 20:00:00,SACSI Full,0.3468235479181454,0.003463923931121826,0.0,0.0,0.0,0.0,-2.6824247170035576,66
2025-10-20 21:00:00,SACSI Full,0.3477254281736856,0.004564076662063599,0.0,0.0,0.0,0.0,-2.772645100429113,66
2025-10-20 22:00:00,SACSI Full,0.3476835161401277,0.004426389932632446,0.0,0.0,0.0,0.0,-2.7684415186787175,66
2025-10-20 23:00:00,SACSI Full,0.3486406012584215,0.004125535488128662,0.0,0.0,0.0,0.0,-2.864145645096357,66
2025-10-21 00:00:00,SACSI Full,0.34926386875564314,0.0039802491664886475,0.0,0.0,0.0,0.0,-2.926467933410859,66
2025-10-21 01:00:00,SACSI Full,0.3501758180722099,0.00494539737701416,0.0,0.005860602406995952,0.0,0.0,-3.017690366650632,66
2025-10-21 02:00:00,SACSI Full,0.3512714466252775,0.005070120096206665,0.0,0.04238155417591685,0.0,0.0,-3.1272473121568636,66
2025-10-21 03:00:00,SACSI Full,0.35285936125911926,0.005686432123184204,0.0,0.09531204197064228,0.0,0.0,-3.286056017674659,66
2025-10-21 04:00:00,SACSI Full,0.35612055226538475,0.007875710725784302,0.0,0.20401840884615724,0.0,0.0,-3.6122346335390154,66
2025-10-21 05:00:00,SACSI Full,0.35631434562945863,0.002616196870803833,0.0,0.21047818764862145,0.0,0.0,-3.631539482021828,66
2025-10-21 06:00:00,SACSI Full,0.37509756958077406,0.01405283808708191,0.0,0.8365856526924674,0.0,0.0,-5.510152381251309,66
2025-10-21 07:00:00,SACSI Full,0.3730286956061427,0.006460994482040405,0.0,0.7676231868714254,0.0,0.0,-5.303074698939962,66
2025-10-21 08:00:00,SACSI Full,0.3702852948427353,0.006156265735626221,0.0,0.6761764947578442,0.0,0.0,-5.028655656875707,66
2025-10-21 09:00:00,SACSI Full,0.36743605918384975,0.006931275129318237,0.0,0.5812019727949916,0.0,0.0,-4.743752293981498,66
2025-10-21 10:00:00,SACSI Full,0.3646584474251633,0.0038313865661621094,0.0,0.48861491417210917,0.0,0.0,-4.465952369133283,66
2025-10-21 11:00:00,SACSI Full,0.3671189551373093,0.008284151554107666,0.0,0.5706318379103096,0.0,0.0,-4.712105724411891,66
2025-10-21 12:00:00,SACSI Full,0.36874474878011065,0.0100630521774292,0.0,0.6248249593370219,0.0,0.0,-4.874693928060847,66
2025-10-21 13:00:00,SACSI Full,0.37217156514493754,0.022097080945968628,0.0,0.7390521714979172,0.0,0.0,-5.217718796400358,66
2025-10-21 14:00:00,SACSI Full,0.3694640684300195,0.008553266525268555,0.0,0.6488022810006513,0.0,0.0,-4.9467133464766615,66
2025-10-21 15:00:00,SACSI Full,0.36669739618875363,0.007078200578689575,0.0,0.5565798729584543,0.0,0.0,-4.669895933546401,66
2025-10-21 16:00:00,SACSI Full,0.36440537900010744,0.005074143409729004,0.0,0.4801793000035815,0.0,0.0,-4.440659423450628,66
2025-10-21 17:00:00,SACSI Full,0.36267455705678464,0.005238652229309082,0.0,0.4224852352261536,0.0,0.0,-4.267562123811245,66
2025-10-21 18:00:00,SACSI Full,0.3612946874357104,0.0050286948680877686,0.0,0.3764895811903472,0.0,0.0,-4.129571417042014,66
2025-10-21 19:00:00,SACSI Full,0.3603518320289409,0.0047044456005096436,0.0,0.345061067631363,0.0,0.0,-4.035280534298774,66
2025-10-21 20:00:00,SACSI Full,0.359502846420451,0.00456586480140686,0.0,0.3167615473483665,0.0,0.0,-3.9503773451491178,66
2025-10-21 21:00:00,SACSI Full,0.35846407295928356,0.004503726959228516,0.0,0.28213576530945234,0.0,0.0,-3.846497991845962,66
2025-10-21 22:00:00,SACSI Full,0.3577764870525535,0.003940463066101074,0.0,0.2592162350851169,0.0,0.0,-3.777733147155602,66
2025-10-21 23:00:00,SACSI Full,0.3668338488083901,0.012336820363998413,0.0,0.5611282936130039,0.0,0.0,-4.683715580819268,66
2025-10-22 00:00:00,SACSI Full,0.3683680199134786,0.006518661975860596,0.0,0.6122673304492878,0.0,0.0,-4.8369905461712595,66
2025-10-22 01:00:00,SACSI Full,0.3738908164660132,0.012699514627456665,0.0,0.7963605488671051,0.0,0.0,-5.389397445420383,66
2025-10-22 02:00:00,SACSI Full,0.37621233068108517,0.012698620557785034,0.0,0.8737443560361726,0.0,0.0,-5.621487049460369,66
2025-10-22 03:00:00,SACSI Full,0.374051007979035,0.004303455352783203,0.0,0.8017002659678341,0.0,0.0,-5.405270818662606,66
2025-10-22 04:00:00,SACSI Full,0.37183447361313066,0.005355477333068848,0.0,0.7278157871043561,0.0,0.0,-5.183564991079529,66
2025-10-22 05:00:00,SACSI Full,0.36956213286616885,0.004368871450424194,0.0,0.6520710955389618,0.0,0.0,-4.9563105301047194,66
2025-10-22 06:00:00,SACSI Full,0.36776795157294107,0.005010664463043213,0.0,0.5922650524313696,0.0,0.0,-4.776901788513492,66
2025-10-22 07:00:00,SACSI Full,0.36873972485584583,0.009689480066299438,0.0,0.6246574951948617,0.0,0.0,-4.874213063341941,66
2025-10-22 08:00:00,SACSI Full,0.36858786731901083,0.010038316249847412,0.0,0.6195955773003604,0.0,0.0,-4.858990986587915,66
2025-10-22 09:00:00,SACSI Full,0.3668149461700527,0.007121860980987549,0.0,0.5604982056684236,0.0,0.0,-4.68166621877758,66
2025-10-22 10:00:00,SACSI Full,0.36488793291801286,0.007160454988479614,0.0,0.49626443060042935,0.0,0.0,-4.488936886841129,66
2025-10-22 11:00:00,SACSI Full,0.3623432811431355,0.00504717230796814,0.0,0.41144270477118283,-1.4210854715202004e-14,0.0,-4.234450190586515,66
2025-10-22 12:00:00,SACSI Full,0.36046090197529795,0.006982982158660889,0.0,0.3486967325099315,0.0,0.0,-4.046249215271475,66
2025-10-22 13:00:00,SACSI Full,0.3645780091890669,0.01856580376625061,0.0,0.485933639635563,0.0,0.0,-4.458288063198092,66
2025-10-22 14:00:00,SACSI Full,0.3626164338804164,0.0060752034187316895,0.0,0.4205477960138808,0.0,0.0,-4.261889798113492,66
2025-10-22 15:00:00,SACSI Full,0.3608072154970955,0.006475001573562622,0.0,0.36024051656984857,0.0,0.0,-4.080855047722569,66
2025-10-22 16:00:00,SACSI Full,0.35940832373368653,0.0064432621002197266,0.0,0.3136107911228848,0.0,0.0,-3.9409615560053903,66
2025-10-22 17:00:00,SACSI Full,0.3593549755886905,0.006328076124191284,0.0,0.311832519623016,0.0,0.0,-3.9356252722512943,66
2025-10-22 18:00:00,SACSI Full,0.3582037140692215,0.004578679800033569,0.0,0.2734571356407187,0.0,0.0,-3.820480474481394,66
2025-10-22 19:00:00,SACSI Full,0.3590246212715752,0.006592869758605957,0.0,0.3008207090525062,0.0,0.0,-3.902614126452277,66
2025-10-22 20:00:00,SACSI Full,0.3582344915621442,0.005444139242172241,0.0,0.2744830520714729,0.0,0.0,-3.823569526304428,66
2025-10-22 21:00:00,SACSI Full,0.35724755383571644,0.005003809928894043,0.0,0.24158512785721487,0.0,0.0,-3.7248598630633536,66
2025-10-22 22:00:00,SACSI Full,0.35666010470986953,0.005268752574920654,0.0,0.2220034903289843,0.0,0.0,-3.6661184954649113,66
2025-10-22 23:00:00,SACSI Full,0.35825907666218804,0.005994141101837158,0.0,0.27530255540626886,0.0,0.0,-3.8260348029261086,66
2025-10-23 00:00:00,SACSI Full,0.35974922294484846,0.0060179829597473145,0.0,0.32497409816161565,0.0,0.0,-3.9750428925626187,66
2025-10-23 01:00:00,SACSI Full,0.3595845650510842,0.0040881335735321045,0.0,0.31948550170280615,0.0,0.0,-3.9585575662737535,66
2025-10-23 02:00:00,SACSI Full,0.36304708703060634,0.007659494876861572,0.0,0.4349029010202117,0.0,0.0,-4.3048976065712035,66
2025-10-23 03:00:00,SACSI Full,0.36194695063370186,0.0021907687187194824,0.0,0.3982316877900616,0.0,0.0,-4.19479356600614,66
2025-10-23 04:00:00,SACSI Full,0.372428234569708,0.008992999792098999,0.0,0.7476078189902666,0.0,0.0,-5.243071339277377,66
2025-10-23 05:00:00,SACSI Full,0.37311920364279705,0.0034308433532714844,0.0,0.7706401214265682,0.0,0.0,-5.312044602711158,66
2025-10-23 06:00:00,SACSI Full,0.38576526396947347,0.011493563652038574,0.0,1.1921754656491161,0.0,0.0,-6.576836895423375,66
2025-10-23 07:00:00,SACSI Full,0.38234543867549814,0.00323370099067688,0.0,1.0781812891832716,0.0,0.0,-6.234691140196241,66
2025-10-23 08:00:00,SACSI Full,0.38634472069443626,0.013275295495986938,0.0,1.211490689814542,0.0,0.0,-6.634837991298599,66
2025-10-23 09:00:00,SACSI Full,0.3857972427320006,0.015998035669326782,0.0,1.1932414244000213,0.0,0.0,-6.58007146131518,66
2025-10-23 10:00:00,SACSI Full,0.38148961911435625,0.005866885185241699,0.0,1.049653970478542,0.0,0.0,-6.149180560644169,66
2025-10-23 11:00:00,SACSI Full,0.38088305415101975,0.012965649366378784,0.0,1.029435138367326,1.4210854715202004e-14,0.0,-6.088635715731113,66
2025-10-23 12:00:00,SACSI Full,0.3769187077660691,0.0074863433837890625,0.0,0.8972902588689706,0.0,0.0,-5.692075296534413,66
2025-10-23 13:00:00,SACSI Full,0.3733342388499377,0.008467286825180054,0.0,0.7778079616645912,0.0,0.0,-5.333603040164689,66
2025-10-23 14:00:00,SACSI Full,0.37056592544334516,0.010036826133728027,0.0,0.6855308481115046,-1.4210854715202004e-14,0.0,-5.0568089762502755,66
2025-10-23 15:00:00,SACSI Full,0.36789167498723313,0.006614029407501221,0.0,0.5963891662411044,0.0,0.0,-4.7893340072787245,66
2025-10-23 16:00:00,SACSI Full,0.36560741475917974,0.004969090223312378,0.0,0.5202471586393245,0.0,0.0,-4.560857307114281,66
2025-10-23 17:00:00,SACSI Full,0.36380719343869167,0.005173385143280029,0.0,0.46023978128972093,0.0,0.0,-4.380824854521232,66
2025-10-23 18:00:00,SACSI Full,0.362288096604302,0.004874169826507568,0.0,0.40960322014339995,0.0,0.0,-4.2289101359798975,66
2025-10-23 19:00:00,SACSI Full,0.3609459874524663,0.0047335028648376465,0.0,0.36486624841554377,0.0,0.0,-4.094694821973543,66
2025-10-23 20:00:00,SACSI Full,0.35971342114764365,0.005010813474655151,0.0,0.3237807049214553,0.0,0.0,-3.971445104139956,66
2025-10-23 21:00:00,SACSI Full,0.3586518534834198,0.003924816846847534,0.0,0.2883951161139933,0.0,0.0,-3.865274704645197,66
2025-10-23 22:00:00,SACSI Full,0.3580227745174478,0.004202127456665039,0.0,0.267425817248261,0.0,0.0,-3.80236426740001,66
2025-10-23 23:00:00,SACSI Full,0.35863470565478,0.005402863025665283,0.0,0.28782352182600024,0.0,0.0,-3.8635906300942033,66
2025-10-24 00:00:00,SACSI Full,0.36008961049008364,0.006791800260543823,0.0,0.33632034966945384,0.0,0.0,-4.009110774385924,66
2025-10-24 01:00:00,SACSI Full,0.3599186731558561,0.004841238260269165,0.0,0.3306224385285361,0.0,0.0,-3.991983645970815,66
2025-10-24 02:00:00,SACSI Full,0.35946342452456237,0.004372894763946533,0.0,0.3154474841520781,0.0,0.0,-3.9464345937864787,66
2025-10-24 03:00:00,SACSI Full,0.36055878890689924,0.0060689449310302734,0.0,0.3519596302299746,0.0,0.0,-4.056017230090215,66
2025-10-24 04:00:00,SACSI Full,0.36214550779143023,0.006365925073623657,0.0,0.40485025971434113,0.0,0.0,-4.214681067445921,66
2025-10-24 05:00:00,SACSI Full,0.3614696378682767,0.005060285329818726,0.0,0.38232126227589025,0.0,0.0,-4.147078048931702,66
2025-10-24 06:00:00,SACSI Full,0.3608358325856967,0.005052834749221802,0.0,0.3611944195232226,0.0,0.0,-4.0836843897704584,66
2025-10-24 07:00:00,SACSI Full,0.3595134735624233,0.00540807843208313,0.0,0.31711578541411,0.0,0.0,-3.9514590702478,66
2025-10-24 08:00:00,SACSI Full,0.3586641165745472,0.003996789455413818,0.0,0.2888038858182398,0.0,0.0,-3.866505706133596,66
2025-10-24 09:00:00,SACSI Full,0.367383451800008,0.033248960971832275,0.0,0.5794483933335997,1.4210854715202004e-14,0.0,-4.739302680935398,66
2025-10-24 10:00:00,SACSI Full,0.36522780279367506,0.007398724555969238,0.0,0.5075934264558356,0.0,0.0,-4.523186756222783,66
2025-10-24 11:00:00,SACSI Full,0.3628739662437082,0.005481243133544922,0.0,0.4291322081236061,0.0,0.0,-4.2875254240477165,66
2025-10-24 12:00:00,SACSI Full,0.36089780830709106,0.003912895917892456,0.0,0.36326027690303564,0.0,0.0,-4.08987477209962,66
2025-10-24 13:00:00,SACSI Full,0.3601041507495162,0.0067077577114105225,0.0,0.33680502498387316,0.0,0.0,-4.010577178723781,66
2025-10-24 14:00:00,SACSI Full,0.35909933598465177,0.007866770029067993,0.0,0.30331119948839247,0.0,0.0,-3.910102523988934,66
2025-10-24 15:00:00,SACSI Full,0.357923302820919,0.006800144910812378,0.0,0.26411009403063446,0.0,0.0,-3.792476951241298,66
2025-10-24 16:00:00,SACSI Full,0.3572350277611,0.004685074090957642,0.0,0.24116759203666618,0.0,0.0,-3.723617628300017,66
2025-10-24 17:00:00,SACSI Full,0.356892322432433,0.0034324824810028076,0.0,0.22974408108110111,0.0,0.0,-3.6893134188090206,66
2025-10-24 18:00:00,SACSI Full,0.35701002015706995,0.002976655960083008,0.0,0.2336673385689977,0.0,0.0,-3.7010661070914055,66
2025-10-24 19:00:00,SACSI Full,0.356590096258972,0.0021927058696746826,0.0,0.21966987529906562,0.0,0.0,-3.659061319515495,66
2025-10-24 20:00:00,SACSI Full,0.3574403518770819,0.0030884146690368652,0.0,0.24801172923606318,0.0,0.0,-3.744105913089563,66
2025-10-24 21:00:00,SACSI Full,0.3579050200105922,0.0029011070728302,0.0,0.2635006670197399,0.0,0.0,-3.790561896276639,66
2025-10-24 22:00:00,SACSI Full,0.357422234277834,0.002572089433670044,0.0,0.24740780926113218,0.0,0.0,-3.7422781597484627,66
2025-10-24 23:00:00,SACSI Full,0.3566887222178961,0.0029037892818450928,0.0,0.22295740726320334,0.0,0.0,-3.6689336145737284,66
2025-10-25 00:00:00,SACSI Full,0.35600355265523653,0.0030675530433654785,0.0,0.2001184218412192,0.0,0.0,-3.600418254222135,66
2025-10-25 01:00:00,SACSI Full,0.3554138278781086,0.0035434961318969727,0.0,0.1804609292702864,0.0,0.0,-3.541458417164383,66
2025-10-25 02:00:00,SACSI Full,0.35488261245060354,0.003389120101928711,0.0,0.16275374835345105,0.0,0.0,-3.4883305712226917,66
2025-10-25 03:00:00,SACSI Full,0.3561820910362755,0.00441327691078186,0.0,0.20606970120918364,0.0,0.0,-3.6183076107338557,66
2025-10-25 04:00:00,SACSI Full,0.3570485796913226,0.0033992528915405273,0.0,0.2349526563774191,0.0,0.0,-3.7049360944302814,66
2025-10-25 05:00:00,SACSI Full,0.35690256900555367,0.0032824277877807617,0.0,0.23008563351845623,0.0,0.0,-3.6903237173621597,66
2025-10-25 06:00:00,SACSI Full,0.35640003319412294,0.0050736963748931885,0.0,0.21333443980409897,0.0,0.0,-3.640122706025663,66
2025-10-25 07:00:00,SACSI Full,0.3558450535894915,0.004841238260269165,0.0,0.1948351196497157,0.0,0.0,-3.5846045082954987,66
2025-10-25 08:00:00,SACSI Full,0.3565731816042797,0.007544457912445068,0.0,0.21910605347598847,0.0,0.0,-3.6574960817827398,66
2025-10-25 09:00:00,SACSI Full,0.3568075181617739,0.009718239307403564,0.0,0.22691727205912998,0.0,0.0,-3.680967918777489,66
2025-10-25 10:00:00,SACSI Full,0.3555543681610586,0.006700605154037476,0.0,0.18514560536862065,0.0,0.0,-3.555601004550476,66
2025-10-25 11:00:00,SACSI Full,0.3536388006515171,0.0056231021881103516,0.0,0.12129335505056958,0.0,0.0,-3.36400330222513,66
2025-10-25 12:00:00,SACSI Full,0.35369373734094495,0.0051055848598480225,0.0,0.12312457803149784,0.0,0.0,-3.3694810209649737,66
2025-10-25 13:00:00,SACSI Full,0.3643573249260586,0.026153773069381714,0.0,0.47857749753528656,0.0,0.0,-4.436466049949343,66
2025-10-25 14:00:00,SACSI Full,0.3630283853986264,0.0075976550579071045,0.0,0.43427951328754805,0.0,0.0,-4.303176054143914,66
2025-10-25 15:00:00,SACSI Full,0.3619583081810237,0.005087107419967651,0.0,0.39861027270079036,0.0,0.0,-4.195957665727149,66
2025-10-25 16:00:00,SACSI Full,0.361676161200812,0.006561279296875,0.0,0.38920537336039873,0.0,0.0,-4.167762087385904,66
2025-10-25 17:00:00,SACSI Full,0.36031622788913,0.0038942694664001465,0.0,0.3438742629709992,0.0,0.0,-4.031727344400631,66
2025-10-25 18:00:00,SACSI Full,0.3594690400362635,0.003978312015533447,0.0,0.3156346678754517,0.0,0.0,-3.9469844102921523,66
2025-10-25 19:00:00,SACSI Full,0.3583567614224516,0.00437512993812561,0.0,0.2785587140817185,0.0,0.0,-3.8357676130231475,66
2025-10-25 20:00:00,SACSI Full,0.35860942953589225,0.005281418561935425,0.0,0.2869809845297411,0.0,0.0,-3.8610576448467016,66
2025-10-25 21:00:00,SACSI Full,0.35790860258438584,0.004372000694274902,0.0,0.2636200861461944,0.0,0.0,-3.790956792631145,66
2025-10-25 22:00:00,SACSI Full,0.35700298013655896,0.004245936870574951,0.0,0.2334326712186325,0.0,0.0,-3.7003841930315438,66
2025-10-25 23:00:00,SACSI Full,0.3576667257730533,0.005681216716766357,0.0,0.25555752576844526,0.0,0.0,-3.766800554438127,66
2025-10-26 00:00:00,SACSI Full,0.35886641159227817,0.006452798843383789,0.0,0.2955470530759385,0.0,0.0,-3.88677793102595,66
2025-10-26 01:00:00,SACSI Full,0.3590410138569891,0.00474780797958374,0.0,0.3013671285663037,0.0,0.0,-3.90421339176714,66
2025-10-26 02:00:00,SACSI Full,0.3579965237710434,0.004203766584396362,0.0,0.26655079236811335,0.0,0.0,-3.7997418928499793,66
2025-10-26 03:00:00,SACSI Full,0.3576590678961478,0.005065500736236572,0.0,0.2553022632049263,0.0,0.0,-3.766016716971025,66
2025-10-26 04:00:00,SACSI Full,0.35705325743908306,0.004365444183349609,0.0,0.23510858130276802,0.0,0.0,-3.7054200533575012,66
2025-10-26 05:00:00,SACSI Full,0.3565095300647731,0.004866123199462891,0.0,0.21698433549243676,0.0,0.0,-3.651055335731459,66
2025-10-26 06:00:00,SACSI Full,0.3556943960311218,0.004772990942001343,0.0,0.1898132010373928,0.0,0.0,-3.5695359942535934,66
2025-10-26 07:00:00,SACSI Full,0.35488684138079324,0.005628317594528198,0.0,0.16289471269310668,0.0,0.0,-3.488805257697739,66
2025-10-26 08:00:00,SACSI Full,0.3539297965413913,0.005379766225814819,0.0,0.13099321804637754,0.0,0.0,-3.3930897349773312,66
2025-10-26 09:00:00,SACSI Full,0.3530392306991742,0.006137937307357788,0.0,0.10130768997247373,0.0,0.0,-3.304053410374382,66
2025-10-26 10:00:00,SACSI Full,0.35165640113225516,0.005864500999450684,0.0,0.05521337107517184,0.0,0.0,-3.165760137608583,66
2025-10-26 11:00:00,SACSI Full,0.3502784330985928,0.003890693187713623,0.0,0.009281103286426173,0.0,0.0,-3.027940861801151,66
2025-10-26 12:00:00,SACSI Full,0.3487297125043456,0.002883821725845337,0.0,0.0,0.0,0.0,-2.8730389955836935,66
2025-10-26 13:00:00,SACSI Full,0.34718348090072315,0.003630518913269043,0.0,0.0,0.0,0.0,-2.7184281674224544,66
2025-10-26 14:00:00,SACSI Full,0.34580960616409623,0.004337579011917114,0.0,0.0,0.0,0.0,-2.581054438590847,66
2025-10-26 15:00:00,SACSI Full,0.34469094997783345,0.004403144121170044,0.0,0.0,0.0,0.0,-2.46918371631686,66
2025-10-26 16:00:00,SACSI Full,0.34393903121054015,0.003924369812011719,0.0,0.0,0.0,0.0,-2.3939863961933456,66
2025-10-26 17:00:00,SACSI Full,0.3436374585904662,0.0030282139778137207,0.0,0.0,0.0,0.0,-2.363815384884516,66
2025-10-26 18:00:00,SACSI Full,0.34362122500002223,0.003629922866821289,0.0,0.0,0.0,0.0,-2.3622011155484497,66
2025-10-26 19:00:00,SACSI Full,0.3435491274187946,0.003870725631713867,0.0,0.0,0.0,0.0,-2.3549925644197445,66
2025-10-26 20:00:00,SACSI Full,0.34414575286447846,0.00448763370513916,0.0,0.0,0.0,0.0,-2.414671208202682,66
2025-10-26 21:00:00,SACSI Full,0.3457748323112711,0.005723834037780762,0.0,0.0,0.0,0.0,-2.577610069811191,66
2025-10-26 22:00:00,SACSI Full,0.3455915615683779,0.004518777132034302,0.0,0.0,0.0,0.0,-2.5592585829494867,66
2025-10-26 23:00:00,SACSI Full,0.34535167829970365,0.004535019397735596,0.0,0.0,0.0,0.0,-2.535258692780976,66
2025-10-27 00:00:00,SACSI Full,0.34588921067297307,0.003759711980819702,0.0,0.0,0.0,0.0,-2.589004014611092,66
2025-10-27 01:00:00,SACSI Full,0.352854204961835,0.010138452053070068,0.0,0.09514016539449983,0.0,0.0,-3.2856870526252835,66
2025-10-27 02:00:00,SACSI Full,0.3531038845726061,0.0038667023181915283,0.0,0.10346281908687019,0.0,0.0,-3.3105285088043233,66
2025-10-27 03:00:00,SACSI Full,0.35390547489466145,0.004659593105316162,0.0,0.1301824964887146,0.0,0.0,-3.390648610236122,66
2025-10-27 04:00:00,SACSI Full,0.354027350537138,0.004807710647583008,0.0,0.13424501790460114,0.0,0.0,-3.402832689102176,66
2025-10-27 05:00:00,SACSI Full,0.353810024508378,0.004303008317947388,0.0,0.1270008169459345,0.0,0.0,-3.3810935580274553,66
2025-10-27 06:00:00,SACSI Full,0.35354063206697206,0.005203336477279663,0.0,0.11802106889906838,0.0,0.0,-3.354176276708344,66
2025-10-27 07:00:00,SACSI Full,0.35287231322906637,0.005748122930526733,0.0,0.09574377430221404,1.4210854715202004e-14,0.0,-3.2873517332297792,66
2025-10-27 08:00:00,SACSI Full,0.3522634583483537,0.005292147397994995,0.0,0.07544861161179028,0.0,0.0,-3.226456237538655,66
2025-10-27 09:00:00,SACSI Full,0.35279635476562976,0.008080750703811646,0.0,0.09321182552099289,0.0,0.0,-3.2798249776101103,66
2025-10-27 10:00:00,SACSI Full,0.3541367404620671,0.012007057666778564,0.0,0.13789134873557032,0.0,0.0,-3.413953450429676,66
2025-10-27 11:00:00,SACSI Full,0.3529755003274224,0.0058113038539886475,0.0,0.09918334424741318,0.0,0.0,-3.297728216357449,66
2025-10-27 12:00:00,SACSI Full,0.35674113202590424,0.01789391040802002,0.0,0.22470440086347454,0.0,0.0,-3.674591906864124,66
2025-10-27 13:00:00,SACSI Full,0.3583329755386592,0.010318905115127563,0.0,0.27776585128864045,0.0,0.0,-3.8335796820211536,66
2025-10-27 14:00:00,SACSI Full,0.3587325029552771,0.008441656827926636,0.0,0.29108343184256996,0.0,0.0,-3.8734379011471387,66
2025-10-27 15:00:00,SACSI Full,0.3578626650797838,0.0051374733448028564,0.0,0.2620888359927946,0.0,0.0,-3.786402299280108,66
2025-10-27 16:00:00,SACSI Full,0.3568808319855494,0.004811137914657593,0.0,0.22936106618497976,0.0,0.0,-3.6881826846675314,66
2025-10-27 17:00:00,SACSI Full,0.3565520740183082,0.0047750771045684814,0.0,0.21840246727693968,0.0,0.0,-3.65530326398101,66
2025-10-27 18:00:00,SACSI Full,0.3557796971444982,0.003443509340286255,0.0,0.19265657148327336,0.0,0.0,-3.5780519003142675,66
2025-10-27 19:00:00,SACSI Full,0.3557123588463692,0.004210472106933594,0.0,0.1904119615456395,0.0,0.0,-3.5713277637067247,66
2025-10-27 20:00:00,SACSI Full,0.3550508848952974,0.003920644521713257,0.0,0.1683628298432467,0.0,0.0,-3.505169800696026,66
2025-10-27 21:00:00,SACSI Full,0.35565747522470875,0.004559606313705444,0.0,0.18858250749029254,0.0,0.0,-3.565845104215069,66
2025-10-27 22:00:00,SACSI Full,0.3564809901674765,0.005587488412857056,0.0,0.21603300558254832,0.0,0.0,-3.648221045336896,66
2025-10-27 23:00:00,SACSI Full,0.35571765465737976,0.0040878355503082275,0.0,0.1905884885793242,0.0,0.0,-3.5718622189776066,66
2025-10-28 00:00:00,SACSI Full,0.35652684843183985,0.002819746732711792,0.0,0.2175616143946627,0.0,0.0,-3.6527539190068143,66
2025-10-28 01:00:00,SACSI Full,0.37139773642457813,0.01702427864074707,0.0,0.7132578808192704,0.0,0.0,-5.140256173349708,66
2025-10-28 02:00:00,SACSI Full,0.36977077438733535,0.004937201738357544,0.0,0.6590258129111789,0.0,0.0,-4.977297053537326,66
2025-10-28 03:00:00,SACSI Full,0.36797872018249234,0.004174411296844482,0.0,0.5992906727497441,0.0,0.0,-4.797963134379585,66
2025-10-28 04:00:00,SACSI Full,0.3672944291164106,0.005193650722503662,0.0,0.57648097054702,0.0,0.0,-4.729556977049764,66
2025-10-28 05:00:00,SACSI Full,0.3660501743945145,0.00422939658164978,0.0,0.5350058131504823,0.0,0.0,-4.60511166992449,66
2025-10-28 06:00:00,SACSI Full,0.3649282995133993,0.0035475194454193115,0.0,0.49760998377997656,0.0,0.0,-4.492907720500198,66
2025-10-28 07:00:00,SACSI Full,0.3631917223229465,0.003750920295715332,0.0,0.4397240774315506,0.0,0.0,-4.319249284709066,66
2025-10-28 08:00:00,SACSI Full,0.36680334191785374,0.011597275733947754,0.0,0.5601113972617909,0.0,0.0,-4.680644600854436,66
2025-10-28 09:00:00,SACSI Full,0.3680957033561419,0.009898543357849121,0.0,0.6031901118713962,0.0,0.0,-4.809785293805106,66
2025-10-28 10:00:00,SACSI Full,0.3681312217415646,0.008529573678970337,0.0,0.6043740580521529,0.0,0.0,-4.813306455326827,66
2025-10-28 11:00:00,SACSI Full,0.3680605910499044,0.008330494165420532,0.0,0.6020197016634796,0.0,0.0,-4.806227705668884,66
2025-10-28 12:00:00,SACSI Full,0.36787296112529766,0.009476393461227417,0.0,0.5957653708432545,0.0,0.0,-4.787497099391948,66
2025-10-28 13:00:00,SACSI Full,0.36797794107525644,0.009258687496185303,0.0,0.5992647025085475,0.0,0.0,-4.797981458335218,66
2025-10-28 14:00:00,SACSI Full,0.36918177582534334,0.011042952537536621,0.0,0.6393925275114456,0.0,0.0,-4.918416284235498,66
2025-10-28 15:00:00,SACSI Full,0.3705433771398561,0.012259632349014282,0.0,0.6847792379952026,0.0,0.0,-5.054595073430702,66
2025-10-28 16:00:00,SACSI Full,0.37033283576919707,0.008098781108856201,0.0,0.6777611923065678,0.0,0.0,-5.033487161054285,66
2025-10-28 17:00:00,SACSI Full,0.36866138618308963,0.005611330270767212,0.0,0.6220462061029892,0.0,0.0,-4.866275719422759,66
2025-10-28 18:00:00,SACSI Full,0.3666816999690413,0.004650801420211792,0.0,0.5560566656347107,0.0,0.0,-4.6682726182210414,66
2025-10-28 19:00:00,SACSI Full,0.3652001401796948,0.004703402519226074,0.0,0.5066713393231609,0.0,0.0,-4.520108612030857,66
2025-10-28 20:00:00,SACSI Full,0.3635662745822976,0.004549473524093628,0.0,0.4522091527432537,0.0,0.0,-4.3567199869901945,66
2025-10-28 21:00:00,SACSI Full,0.36209536370898876,0.00440552830696106,0.0,0.4031787902996243,0.0,0.0,-4.209625920917186,66
2025-10-28 22:00:00,SACSI Full,0.3607960675989293,0.004080086946487427,0.0,0.3598689199643104,0.0,0.0,-4.079691616045463,66
2025-10-28 23:00:00,SACSI Full,0.3596484790878328,0.002839416265487671,0.0,0.3216159695944285,0.0,0.0,-3.964917103815401,66
2025-10-29 00:00:00,SACSI Full,0.3586169798035174,0.003282874822616577,0.0,0.28723266011724746,1.4210854715202004e-14,0.0,-3.861768072433765,66
2025-10-29 01:00:00,SACSI Full,0.3576898173251226,0.0036785006523132324,0.0,0.256327244170754,0.0,0.0,-3.769059258783604,66
2025-10-29 02:00:00,SACSI Full,0.35685518468104077,0.0036163628101348877,0.0,0.22850615603469324,0.0,0.0,-3.685591416738701,66
2025-10-29 03:00:00,SACSI Full,0.35608011121573097,0.004148334264755249,0.0,0.2026703738576984,0.0,0.0,-3.6080994079729374,66
2025-10-29 04:00:00,SACSI Full,0.3556332648399655,0.004721581935882568,0.0,0.1877754946655159,0.0,0.0,-3.563426648111977,66
2025-10-29 05:00:00,SACSI Full,0.35794340952377174,0.00882372260093689,0.0,0.26478031745905783,0.0,0.0,-3.7945584482358425,66
2025-10-29 06:00:00,SACSI Full,0.35786168127996315,0.005537569522857666,0.0,0.26205604266543786,0.0,0.0,-3.7863117409175526,66
2025-10-29 07:00:00,SACSI Full,0.36376014055498773,0.013209134340286255,0.0,0.45867135183292335,0.0,0.0,-4.3763549538337525,66
2025-10-29 08:00:00,SACSI Full,0.3632346738901883,0.004515796899795532,0.0,0.44115579633961066,0.0,0.0,-4.323644638331232,66
2025-10-29 09:00:00,SACSI Full,0.37277236354391124,0.01588568091392517,0.0,0.7590787847970418,0.0,0.0,-5.277667766849543,66
2025-10-29 10:00:00,SACSI Full,0.37483213916099384,0.01567065715789795,0.0,0.8277379720331268,0.0,0.0,-5.483529479480102,66
2025-10-29 11:00:00,SACSI Full,0.37341554848918,0.010541081428527832,0.0,0.7805182829726676,0.0,0.0,-5.341816966303865,66
2025-10-29 12:00:00,SACSI Full,0.3711235459991278,0.005517452955245972,0.0,0.7041181999709253,0.0,0.0,-5.112515185256615,66
2025-10-29 13:00:00,SACSI Full,0.36952116543042496,0.00799134373664856,0.0,0.6507055143474987,0.0,0.0,-4.952301108825042,66
2025-10-29 14:00:00,SACSI Full,0.37075931738413426,0.009922832250595093,0.0,0.6919772461378089,0.0,0.0,-5.076149509943576,66
2025-10-29 15:00:00,SACSI Full,0.3703710241349672,0.007046163082122803,0.0,0.679034137832241,0.0,0.0,-5.037272103450046,66
2025-10-29 16:00:00,SACSI Full,0.3717331021354319,0.00956013798713684,0.0,0.7244367378477308,0.0,0.0,-5.173526556051985,66
2025-10-29 17:00:00,SACSI Full,0.3702739321484913,0.00604674220085144,0.0,0.6757977382830433,0.0,0.0,-5.02754928365101,66
2025-10-29 18:00:00,SACSI Full,0.3680809390178993,0.004300028085708618,0.0,0.6026979672633104,0.0,0.0,-4.8081973694927935,66
2025-10-29 19:00:00,SACSI Full,0.36615867077753017,0.004441887140274048,0.0,0.5386223592510063,0.0,0.0,-4.615957334086367,66
2025-10-29 20:00:00,SACSI Full,0.3644286186323619,0.004438310861587524,0.0,0.48095395441206396,0.0,0.0,-4.44295066521621,66
2025-10-29 21:00:00,SACSI Full,0.3628721872686794,0.004643499851226807,0.0,0.4290729089559804,0.0,0.0,-4.287313648754862,66
2025-10-29 22:00:00,SACSI Full,0.3614474524874196,0.005161315202713013,0.0,0.38158174958065416,0.0,0.0,-4.144853653199529,66
2025-10-29 23:00:00,SACSI Full,0.36044198134374966,0.005924701690673828,0.0,0.34806604479165487,0.0,0.0,-4.044324262273659,66
2025-10-30 00:00:00,SACSI Full,0.35922876750045135,0.0031614303588867188,0.0,0.30762558334837853,0.0,0.0,-3.92296761136563,66
2025-10-30 01:00:00,SACSI Full,0.36064461496877476,0.005074739456176758,0.0,0.35482049895915824,0.0,0.0,-4.064582124757571,66
2025-10-30 02:00:00,SACSI Full,0.35951394287271327,0.003429800271987915,0.0,0.31713142909044195,0.0,0.0,-3.9514793326686077,66
2025-10-30 03:00:00,SACSI Full,0.3584980478945049,0.003999769687652588,0.0,0.28326826315016407,0.0,0.0,-3.8498904845383994,66
2025-10-30 04:00:00,SACSI Full,0.35783302672827294,0.004094541072845459,0.0,0.2611008909424314,0.0,0.0,-3.783385511362602,66
2025-10-30 05:00:00,SACSI Full,0.3575610358587865,0.004437267780303955,0.0,0.25203452862621845,0.0,0.0,-3.7561957585013315,66
2025-10-30 06:00:00,SACSI Full,0.35729295287537255,0.005173534154891968,0.0,0.24309842917908497,0.0,0.0,-3.729406120884098,66
2025-10-30 07:00:00,SACSI Full,0.35637717464787677,0.005839020013809204,0.0,0.21257248826255762,0.0,0.0,-3.6378409000465415,66
2025-10-30 08:00:00,SACSI Full,0.3551475549752377,0.006699264049530029,0.0,0.17158516584125608,0.0,0.0,-3.5148980852451173,66
2025-10-30 09:00:00,SACSI Full,0.3537319034775671,0.005701333284378052,0.0,0.1243967825855691,0.0,0.0,-3.3733143537300494,66
2025-10-30 10:00:00,SACSI Full,0.3523048144474545,0.005700439214706421,0.0,0.07682714824848347,0.0,0.0,-3.2305954624704385,66
2025-10-30 11:00:00,SACSI Full,0.35096669533791414,0.004787445068359375,0.0,0.03222317793047154,0.0,0.0,-3.0967744126342436,66
2025-10-30 12:00:00,SACSI Full,0.3494770067213204,0.0035934150218963623,0.0,0.0,0.0,0.0,-2.9477844807329445,66
2025-10-30 13:00:00,SACSI Full,0.3486436935383307,0.00500604510307312,0.0,0.0,0.0,0.0,-2.864483601035942,66
2025-10-30 14:00:00,SACSI Full,0.3477731233261254,0.004328936338424683,0.0,0.0,0.0,0.0,-2.777405682426956,66
2025-10-30 15:00:00,SACSI Full,0.3466837889168885,0.004699677228927612,0.0,0.0,0.0,0.0,-2.6684765926423335,66
2025-10-30 16:00:00,SACSI Full,0.3459575292211996,0.003122091293334961,0.0,0.0,0.0,0.0,-2.5958311398051817,66
2025-10-30 17:00:00,SACSI Full,0.34571053263487683,0.002401024103164673,0.0,0.0,0.0,0.0,-2.5711084946416474,66
2025-10-30 18:00:00,SACSI Full,0.34566157284877963,0.0023120641708374023,0.0,0.0,0.0,0.0,-2.5662044157607022,66
2025-10-30 19:00:00,SACSI Full,0.34561562806429735,0.003216564655303955,0.0,0.0,0.0,0.0,-2.5616361827276855,66
2025-10-30 20:00:00,SACSI Full,0.3455979063445555,0.0031834840774536133,0.0,0.0,0.0,0.0,-2.5598546349428775,66
2025-10-30 21:00:00,SACSI Full,0.34558087504528234,0.0033906102180480957,0.0,0.0,0.0,0.0,-2.558157387994001,66
2025-10-30 22:00:00,SACSI Full,0.3455626625806319,0.0030362606048583984,0.0,0.0,0.0,0.0,-2.556330526771418,66
2025-10-30 23:00:00,SACSI Full,0.34554578178308676,0.003435760736465454,0.0,0.0,0.0,0.0,-2.5546508885247206,66
2025-10-31 00:00:00,SACSI Full,0.3455298005189724,0.003705620765686035,0.0,0.0,0.0,0.0,-2.5530568629128467,66
2025-10-31 01:00:00,SACSI Full,0.3454298951186962,0.004028379917144775,0.0,0.0,0.0,0.0,-2.5430733070594775,66
2025-10-31 02:00:00,SACSI Full,0.34533037764531643,0.004144757986068726,0.0,0.0,0.0,0.0,-2.533121823472053,66
2025-10-31 03:00:00,SACSI Full,0.34523177510323394,0.004419237375259399,0.0,0.0,0.0,0.0,-2.5232686398647903,66
2025-10-31 04:00:00,SACSI Full,0.3451345837011165,0.004842579364776611,0.0,0.0,0.0,0.0,-2.5135594551188394,66
2025-10-31 05:00:00,SACSI Full,0.3450384527649707,0.005160719156265259,0.0,0.0,0.0,0.0,-2.503951672278109,66
2025-10-31 06:00:00,SACSI Full,0.3449142447954641,0.005237609148025513,0.0,0.0,0.0,0.0,-2.4915300006292895,66
2025-10-31 07:00:00,SACSI Full,0.3445666687796738,0.0062271952629089355,0.0,0.0,0.0,0.0,-2.456801317733785,66
2025-10-31 08:00:00,SACSI Full,0.3438271080420639,0.007631778717041016,0.0,0.0,0.0,0.0,-2.3828774856152712,66
2025-10-31 09:00:00,SACSI Full,0.3426604730628159,0.0070095062255859375,0.0,0.0,0.0,0.0,-2.266193719131014,66
2025-10-31 10:00:00,SACSI Full,0.34114678834420703,0.00489458441734314,0.0,0.0,0.0,0.0,-2.114797875327132,66
2025-10-31 11:00:00,SACSI Full,0.3394900307860202,0.0044727325439453125,0.0,0.0,0.0,0.0,-1.9490967517716313,66
2025-10-31 12:00:00,SACSI Full,0.33774200430931905,0.0025920569896698,0.0,0.0,0.0,0.0,-1.7742710788272409,66
2025-10-31 13:00:00,SACSI Full,0.3360787637526022,0.0025278329849243164,0.0,0.0,0.0,0.0,-1.6079275741599657,66
2025-10-31 14:00:00,SACSI Full,0.33461452509465084,0.002728402614593506,0.0,0.0,0.0,0.0,-1.4615090832136717,66
2025-10-31 15:00:00,SACSI Full,0.3334349092171815,0.003115236759185791,0.0,0.0,0.0,0.0,-1.3435570947947786,66
2025-10-31 16:00:00,SACSI Full,0.33293335370523003,0.00253334641456604,0.0,0.0,0.0,0.0,-1.2933918563547397,66
2025-10-31 17:00:00,SACSI Full,0.3326578459650503,0.0023476779460906982,0.0,0.0,0.0,0.0,-1.2658334067486383,66
2025-10-31 18:00:00,SACSI Full,0.3325812238945789,0.002513378858566284,0.0,0.0,0.0,0.0,-1.2581743140441848,66
2025-10-31 19:00:00,SACSI Full,0.33256322948358724,0.0031016767024993896,0.0,0.0,0.0,0.0,-1.2563908648712128,66
2025-10-31 20:00:00,SACSI Full,0.3325456835975475,0.003236234188079834,0.0,0.0,0.0,0.0,-1.2546344300133658,66
2025-10-31 21:00:00,SACSI Full,0.33250091749491567,0.00357016921043396,0.0,0.0,0.0,0.0,-1.2501664922259985,66
2025-10-31 22:00:00,SACSI Full,0.33245653435212646,0.0036850571632385254,0.0,0.0,0.0,0.0,-1.2457282852354385,66
2025-10-31 23:00:00,SACSI Full,0.33241369894327993,0.004149377346038818,0.0,0.0,0.0,0.0,-1.2414575250767415,66
2025-11-01 00:00:00,SACSI Full,0.3323693883194752,0.003706812858581543,0.0,0.0,0.0,0.0,-1.2370173938495668,66
2025-11-01 01:00:00,SACSI Full,0.3322991210975476,0.004419833421707153,0.0,0.0,0.0,0.0,-1.230007636628826,66
2025-11-01 02:00:00,SACSI Full,0.33222882059636,0.004409849643707275,0.0,0.0,0.0,0.0,-1.2229703564666532,66
2025-11-01 03:00:00,SACSI Full,0.33215730912747266,0.0040465593338012695,0.0,0.0,0.0,0.0,-1.21581547683704,66
2025-11-01 04:00:00,SACSI Full,0.3320862799595027,0.00419124960899353,0.0,0.0,0.0,0.0,-1.2087132678451995,66
2025-11-01 05:00:00,SACSI Full,0.3320168472026019,0.004670172929763794,0.0,0.0,0.0,0.0,-1.2017829129519908,66
2025-11-01 06:00:00,SACSI Full,0.33192029704712117,0.005034953355789185,0.0,0.0,0.0,0.0,-1.1921340515834924,66
2025-11-01 07:00:00,SACSI Full,0.3316536614583163,0.005009323358535767,0.0,0.0,0.0,0.0,-1.1654665885987745,66
2025-11-01 08:00:00,SACSI Full,0.3309105696422089,0.006572455167770386,0.0,0.0,0.0,0.0,-1.0912040446423357,66
2025-11-01 09:00:00,SACSI Full,0.3297119858112165,0.005924850702285767,0.0,0.0,0.0,0.0,-0.9713235541803523,66
2025-11-01 10:00:00,SACSI Full,0.3281730155434438,0.005808919668197632,0.0,0.0,0.0,0.0,-0.8174188920480844,66
2025-11-01 11:00:00,SACSI Full,0.3265146004794269,0.003975480794906616,0.0,0.0,0.0,0.0,-0.6515578919473178,66
2025-11-01 12:00:00,SACSI Full,0.3247425312104055,0.0038792192935943604,0.0,0.0,0.0,0.0,-0.4743316680414371,66
2025-11-01 13:00:00,SACSI Full,0.3229748165573904,0.005185604095458984,0.0,0.0,0.0,0.0,-0.2975984316689681,66
2025-11-01 14:00:00,SACSI Full,0.32140245649558596,0.00429198145866394,0.0,0.0,0.0,0.0,-0.14034042541413697,66
2025-11-01 15:00:00,SACSI Full,0.32019691928607513,0.003838837146759033,0.0,0.0,0.0,0.0,-0.019773236793566795,66
2025-11-01 16:00:00,SACSI Full,0.31944270325643115,0.0032351911067962646,0.0,0.0,0.0,0.0,0.9999292597174644,66
2025-11-01 17:00:00,SACSI Full,0.3191662776047219,0.0020723044872283936,0.0,0.0,0.0,0.0,0.9999469250440598,66
2025-11-01 18:00:00,SACSI Full,0.3191450983188778,0.002146214246749878,0.0,0.0,0.0,0.0,0.9999563366174697,66
2025-11-01 19:00:00,SACSI Full,0.3191253604720264,0.002578645944595337,0.0,0.0,0.0,0.0,0.9999441027641296,66
2025-11-01 20:00:00,SACSI Full,0.31907811928652025,0.0028276443481445312,0.0,0.0,0.0,0.0,0.9999409571290016,66
2025-11-01 21:00:00,SACSI Full,0.3190310107213487,0.0028674304485321045,0.0,0.0,0.0,0.0,0.9999422535300254,66
2025-11-01 22:00:00,SACSI Full,0.31898451807083983,0.0030522048473358154,0.0,0.0,0.0,0.0,0.9999371081590652,66
2025-11-01 23:00:00,SACSI Full,0.3189396084203551,0.0035271048545837402,0.0,0.0,0.0,0.0,0.9999247089028358,66
2025-11-02 00:00:00,SACSI Full,0.31889370784265103,0.0032298266887664795,0.0,0.0,0.0,0.0,0.9999324306845665,66
2025-11-02 01:00:00,SACSI Full,0.31884829453291796,0.003376007080078125,0.0,0.0,0.0,0.0,0.9999310180544853,66
2025-11-02 02:00:00,SACSI Full,0.3188038314205637,0.0036610662937164307,0.0,0.0,0.0,0.0,0.9999239280819894,66
2025-11-02 03:00:00,SACSI Full,0.31875882441582587,0.003497898578643799,0.0,0.0,0.0,0.0,0.9999284103512764,66
2025-11-02 04:00:00,SACSI Full,0.31871362071576026,0.003438889980316162,0.0,0.0,0.0,0.0,0.9999306321144104,66
2025-11-02 05:00:00,SACSI Full,0.3186697134167185,0.003827810287475586,0.0,0.0,0.0,0.0,0.9999195545911789,66
2025-11-02 06:00:00,SACSI Full,0.3185998996867966,0.004555881023406982,0.0,0.0,0.0,0.0,0.9999016016721726,66
2025-11-02 07:00:00,SACSI Full,0.31830721660278544,0.005695074796676636,0.0,0.0,0.0,0.0,0.9998747065663338,66
2025-11-02 08:00:00,SACSI Full,0.31762653535427954,0.008295625448226929,0.0,0.0,0.0,0.0,0.9998080819845199,66
2025-11-02 09:00:00,SACSI Full,0.3165027990967264,0.011379122734069824,0.0,0.0,0.0,0.0,0.9997415825724603,66
2025-11-02 10:00:00,SACSI Full,0.3151033439992101,0.01366347074508667,0.0,0.0,0.0,0.0,0.9997038871049881,66
2025-11-02 11:00:00,SACSI Full,0.31353015814763613,0.012544244527816772,0.0,0.0,0.0,0.0,0.9997379228472709,66
2025-11-02 12:00:00,SACSI Full,0.3119219746667376,0.010544955730438232,0.0,0.0,0.0,0.0,0.9997691079974174,66
2025-11-02 13:00:00,SACSI Full,0.31024944965901285,0.01674249768257141,0.0,0.0,0.0,0.0,0.9996031746268272,66
2025-11-02 14:00:00,SACSI Full,0.30876554739457673,0.013829320669174194,0.0,0.0,0.0,0.0,0.9996942818164826,66
2025-11-02 15:00:00,SACSI Full,0.30761228720091094,0.011021941900253296,0.0,0.0,0.0,0.0,0.9997514873743057,66
2025-11-02 16:00:00,SACSI Full,0.3068244148777158,0.01013830304145813,0.0,0.0,0.0,0.0,0.9997883975505829,66
2025-11-02 17:00:00,SACSI Full,0.3064263760453692,0.008088350296020508,0.0,0.0,0.0,0.0,0.9998177334666252,66
2025-11-02 18:00:00,SACSI Full,0.30624637064359894,0.005498379468917847,0.0,0.0,0.0,0.0,0.9998641327023506,66
2025-11-02 19:00:00,SACSI Full,0.30611877415003685,0.004221051931381226,0.0,0.0,0.0,0.0,0.999902805685997,66
2025-11-02 20:00:00,SACSI Full,0.30598851481896944,0.0034222006797790527,0.0,0.0,0.0,0.0,0.9999235674738883,66
2025-11-02 21:00:00,SACSI Full,0.3059142868683965,0.003231614828109741,0.0,0.0,0.0,0.0,0.9999334618449212,66
2025-11-02 22:00:00,SACSI Full,0.305868094227933,0.0031422078609466553,0.0,0.0,0.0,0.0,0.9999362617731095,66
2025-11-02 23:00:00,SACSI Full,0.3058221340455841,0.0032119452953338623,0.0,0.0,0.0,0.0,0.9999350637197495,66
2025-11-03 00:00:00,SACSI Full,0.3057481842500201,0.003315061330795288,0.0,0.0,0.0,0.0,0.9999326676130295,66
2025-11-03 01:00:00,SACSI Full,0.3056218474012843,0.004598945379257202,0.0,0.0,0.0,0.0,0.9998951822519302,66
2025-11-03 02:00:00,SACSI Full,0.3054948260925443,0.0043936073780059814,0.0,0.0,0.0,0.0,0.9999100744724274,66
2025-11-03 03:00:00,SACSI Full,0.3056981052341293,0.0034837424755096436,0.0,0.0,0.0,0.0,0.9999212265014649,66
2025-11-03 04:00:00,SACSI Full,0.30695852241578014,0.003625154495239258,0.0,0.0,0.0,0.0,0.9999260827898979,66
2025-11-03 05:00:00,SACSI Full,0.3069113408349187,0.0028455257415771484,0.0,0.0,0.0,0.0,0.9999352931976317,66
2025-11-03 06:00:00,SACSI Full,0.3068671186246705,0.003733336925506592,0.0,0.0,0.0,0.0,0.9999164551496507,66
2025-11-03 07:00:00,SACSI Full,0.30655498280269217,0.008359253406524658,0.0,0.0,0.0,0.0,0.9997865557670593,66
2025-11-03 08:00:00,SACSI Full,0.30599865876657084,0.011602789163589478,0.0,0.0,0.0,0.0,0.9997355088591575,66
2025-11-03 09:00:00,SACSI Full,0.30537562479398955,0.010589808225631714,0.0,0.0,0.0,0.0,0.9997780740261079,66
2025-11-03 10:00:00,SACSI Full,0.30428868003430276,0.005416572093963623,0.0,0.0,0.0,0.0,0.999839936196804,66
2025-11-03 11:00:00,SACSI Full,0.3029747189273666,0.0053116679191589355,0.0,0.0,0.0,0.0,0.9998927175998688,66
2025-11-03 12:00:00,SACSI Full,0.3028177055094869,0.003395974636077881,0.0,0.0,0.0,0.0,0.9999129235744476,66
2025-11-03 13:00:00,SACSI Full,0.3028087215541036,0.005304813385009766,0.0,0.0,0.0,0.0,0.9998748153448105,66
2025-11-03 14:00:00,SACSI Full,0.30160153279922713,0.0033433735370635986,0.0,0.0,0.0,0.0,0.9999135181307793,66
2025-11-03 15:00:00,SACSI Full,0.30059375026129,0.003665238618850708,0.0,0.0,0.0,0.0,0.9999234765768051,66
2025-11-03 16:00:00,SACSI Full,0.29992223150553615,0.0025443732738494873,0.0,0.0,0.0,0.0,0.999937903881073,66
2025-11-03 17:00:00,SACSI Full,0.2995878095068764,0.0016734004020690918,0.0,0.0,0.0,0.0,0.9999578222632408,66
2025-11-03 18:00:00,SACSI Full,0.2994521350938311,0.0017976760864257812,0.0,0.0,0.0,0.0,0.999962803721428,66
2025-11-03 19:00:00,SACSI Full,0.2992937435951065,0.0034825503826141357,0.0,0.0,0.0,0.0,0.9999135002493857,66
2025-11-03 20:00:00,SACSI Full,0.29913893731576513,0.00455811619758606,0.0,0.0,0.0,0.0,0.9998980820178986,66
2025-11-03 21:00:00,SACSI Full,0.2990137160672974,0.0049336254596710205,0.0,0.0,0.0,0.0,0.9998975723981858,66
2025-11-03 22:00:00,SACSI Full,0.2988894922032188,0.0052328407764434814,0.0,0.0,0.0,0.0,0.9998923510313035,66
2025-11-03 23:00:00,SACSI Full,0.2987632025414934,0.004613101482391357,0.0,0.0,0.0,0.0,0.9999015405774117,66
2025-11-04 00:00:00,SACSI Full,0.29866511756640973,0.004574507474899292,0.0,0.0,0.0,0.0,0.9999081239104272,66
2025-11-04 01:00:00,SACSI Full,0.29857060340625347,0.005645751953125,0.0,0.0,0.0,0.0,0.9998763725161552,66
2025-11-04 02:00:00,SACSI Full,0.298448011716031,0.005722492933273315,0.0,0.0,0.0,0.0,0.999884782731533,66
2025-11-04 03:00:00,SACSI Full,0.2983266513584286,0.006091892719268799,0.0,0.0,0.0,0.0,0.9998744681477547,66
2025-11-04 04:00:00,SACSI Full,0.2982046045540005,0.005885958671569824,0.0,0.0,0.0,0.0,0.9998802214860916,66
2025-11-04 05:00:00,SACSI Full,0.2987187949862311,0.005257129669189453,0.0,0.0,0.0,0.0,0.9998885691165924,66
2025-11-04 06:00:00,SACSI Full,0.2985491871180365,0.008617639541625977,0.0,0.0,0.0,0.0,0.9997940421104431,66
2025-11-04 07:00:00,SACSI Full,0.29952560362559855,0.011924952268600464,0.0,0.0,0.0,0.0,0.9997284278273583,66
2025-11-04 08:00:00,SACSI Full,0.29887010484280485,0.015850365161895752,0.0,0.0,0.0,0.0,0.9996437385678292,66
2025-11-04 09:00:00,SACSI Full,0.297822521765851,0.008725076913833618,0.0,0.0,0.0,0.0,0.9997542455792426,66
2025-11-04 10:00:00,SACSI Full,0.3055556410302947,0.008935779333114624,0.0,0.0,0.0,0.0,0.9998191773891449,66
2025-11-04 11:00:00,SACSI Full,0.3064669662457932,0.004897564649581909,0.0,0.0,0.0,0.0,0.9998616665601731,66
2025-11-04 12:00:00,SACSI Full,0.3090152802131801,0.004494190216064453,0.0,0.0,0.0,0.0,0.9999060824513435,66
2025-11-04 13:00:00,SACSI Full,0.3077221194058884,0.0030517578125,0.0,0.0,0.0,0.0,0.9999245405197144,66
2025-11-04 14:00:00,SACSI Full,0.30651470564347794,0.0032758712768554688,0.0,0.0,0.0,0.0,0.9999322414398194,66
2025-11-04 15:00:00,SACSI Full,0.30879975096208145,0.0065135955810546875,0.0,0.0,0.0,0.0,0.999837350845337,66
2025-11-04 16:00:00,SACSI Full,0.3086047272895007,0.0029928982257843018,0.0,0.0,0.0,0.0,0.9999049350619316,66
2025-11-04 17:00:00,SACSI Full,0.30829831129533336,0.0015752017498016357,0.0,0.0,0.0,0.0,0.9999543190002441,66
2025-11-04 18:00:00,SACSI Full,0.30813254968228226,0.0012715160846710205,0.0,0.0,0.0,0.0,0.9999715328216553,66
2025-11-04 19:00:00,SACSI Full,0.3080533050074407,0.001726597547531128,0.0,0.0,0.0,0.0,0.9999609172344208,66
2025-11-04 20:00:00,SACSI Full,0.3079464139427968,0.001932680606842041,0.0,0.0,0.0,0.0,0.9999592855572701,66
2025-11-04 21:00:00,SACSI Full,0.3078396833139885,0.001980811357498169,0.0,0.0,0.0,0.0,0.9999599024653435,66
2025-11-04 22:00:00,SACSI Full,0.30773371761145474,0.002210289239883423,0.0,0.0,0.0,0.0,0.9999534994363785,66
2025-11-04 23:00:00,SACSI Full,0.3119914034102587,0.002805739641189575,0.0,0.0,0.0,0.0,0.9999379307031632,66
2025-11-05 00:00:00,SACSI Full,0.3283187477014689,0.006703287363052368,0.0,0.0,0.0,0.0,-0.8320478113713695,66
2025-11-05 01:00:00,SACSI Full,0.3302428239987521,0.0027228891849517822,0.0,0.0,0.0,0.0,-1.0243766616406893,66
2025-11-05 02:00:00,SACSI Full,0.3321381676115819,0.002603083848953247,0.0,0.0,0.0,0.0,-1.2138700208885265,66
2025-11-05 03:00:00,SACSI Full,0.3323932481907038,0.0020241737365722656,0.0,0.0,0.0,0.0,-1.2393710916462362,66
2025-11-05 04:00:00,SACSI Full,0.3326502316481102,0.0025950372219085693,0.0,0.0,0.0,0.0,-1.2650807741903103,66
2025-11-05 05:00:00,SACSI Full,0.332879790743016,0.0028677284717559814,0.0,0.0,0.0,0.0,-1.288039155783532,66
2025-11-05 06:00:00,SACSI Full,0.3330509764915931,0.002355724573135376,0.0,0.0,0.0,0.0,-1.305149883689758,66
2025-11-05 07:00:00,SACSI Full,0.33316545385025215,0.002343207597732544,0.0,0.0,0.0,0.0,-1.3165923743469228,66
2025-11-05 08:00:00,SACSI Full,0.33495498772603544,0.0048601627349853516,0.0,0.0,0.0,0.0,-1.495621145409615,66
2025-11-05 09:00:00,SACSI Full,0.3379982769710051,0.006486773490905762,0.0,0.0,0.0,0.0,-1.7999736986778863,66
2025-11-05 10:00:00,SACSI Full,0.34096196639679144,0.008106827735900879,0.0,0.0,0.0,0.0,-2.0963749767763113,66
2025-11-05 11:00:00,SACSI Full,0.34280026645642786,0.004490017890930176,0.0,0.0,0.0,0.0,-2.2801526140990536,66
2025-11-05 12:00:00,SACSI Full,0.34763598536950613,0.012215673923492432,0.0,0.0,0.0,0.0,-2.7639201069894073,66
2025-11-05 13:00:00,SACSI Full,0.3484787766391264,0.005837380886077881,0.0,0.0,0.0,0.0,-2.848058194460736,66
2025-11-05 14:00:00,SACSI Full,0.3480945773901767,0.005740225315093994,0.0,0.0,0.0,0.0,-2.8095735150796792,66
2025-11-05 15:00:00,SACSI Full,0.3484093933946119,0.004944801330566406,0.0,0.0,0.0,0.0,-2.8410461897276473,66
2025-11-05 16:00:00,SACSI Full,0.3504304185801351,0.005654841661453247,0.0,0.014347286004503702,0.0,0.0,-3.0431620552500447,66
2025-11-05 17:00:00,SACSI Full,0.3541316120198015,0.007578432559967041,0.0,0.13772040066004934,0.0,0.0,-3.4133320065403314,66
2025-11-05 18:00:00,SACSI Full,0.3580873734061697,0.007307529449462891,0.0,0.26957911353899106,0.0,0.0,-3.8088862002370636,66
2025-11-05 19:00:00,SACSI Full,0.3607968916609984,0.0067518651485443115,0.0,0.35989638869994567,0.0,0.0,-4.079829760045817,66
2025-11-05 20:00:00,SACSI Full,0.36411430416301793,0.00820055603981018,0.0,0.47047680543393117,0.0,0.0,-4.411608914331501,66
2025-11-05 21:00:00,SACSI Full,0.36526083593496,0.0036540627479553223,0.0,0.5086945311653338,0.0,0.0,-4.526202139683877,66
2025-11-05 22:00:00,SACSI Full,0.37081228973813346,0.010179132223129272,0.0,0.6937429912711139,0.0,0.0,-5.08149780715256,66
2025-11-05 23:00:00,SACSI Full,0.37671459245110295,0.012177228927612305,0.0,0.8904864150367644,0.0,0.0,-5.671722770655891,66
2025-11-06 00:00:00,SACSI Full,0.37868653657184304,0.007301121950149536,0.0,0.9562178857281026,0.0,0.0,-5.86884844069308,66
2025-11-06 01:00:00,SACSI Full,0.3820172188628876,0.008945316076278687,0.0,1.0672406287629188,0.0,0.0,-6.201917234551544,66
2025-11-06 02:00:00,SACSI Full,0.3841159996857491,0.00933423638343811,0.0,1.13719998952497,0.0,0.0,-6.41179054250565,66
2025-11-06 03:00:00,SACSI Full,0.38512318773110926,0.006929337978363037,0.0,1.1707729243703084,0.0,0.0,-6.512481408854542,66
2025-11-06 04:00:00,SACSI Full,0.38781198499894337,0.0095386803150177,0.0,1.2603994999647783,0.0,0.0,-6.781415366924004,66
2025-11-06 05:00:00,SACSI Full,0.39023575195696525,0.010821819305419922,0.0,1.3411917318988416,0.0,0.0,-7.023804463472537,66
2025-11-06 06:00:00,SACSI Full,0.3890582936285726,0.008205622434616089,0.0,1.3019431209524186,0.0,0.0,-6.906019637274658,66
2025-11-06 07:00:00,SACSI Full,0.386466321072232,0.005952268838882446,0.0,1.2155440357410656,0.0,0.0,-6.646773686135934,66
2025-11-06 08:00:00,SACSI Full,0.3824567789255839,0.00652998685836792,0.0,1.0818926308527963,0.0,0.0,-6.2458142694757495,66
2025-11-06 09:00:00,SACSI Full,0.3787218930702741,0.006930679082870483,0.0,0.957396435675804,0.0,0.0,-5.87233192753131,66
2025-11-06 10:00:00,SACSI Full,0.37520786996865285,0.007055401802062988,0.0,0.8402623322884296,0.0,0.0,-5.520929352128518,66
2025-11-06 11:00:00,SACSI Full,0.37179495108959687,0.008622705936431885,0.0,0.7264983696532298,0.0,0.0,-5.179683236119759,66
2025-11-06 12:00:00,SACSI Full,0.3688241850536848,0.008243024349212646,0.0,0.6274728351228277,0.0,0.0,-4.882587162671337,66
2025-11-06 13:00:00,SACSI Full,0.36601893967429866,0.006891041994094849,0.0,0.5339646558099546,0.0,0.0,-4.602045308093299,66
2025-11-06 14:00:00,SACSI Full,0.3637227805067307,0.006578266620635986,0.0,0.4574260168910229,0.0,0.0,-4.372412743759214,66
2025-11-06 15:00:00,SACSI Full,0.36160554928623495,0.006682276725769043,0.0,0.38685164287449825,0.0,0.0,-4.160689614259061,66
2025-11-06 16:00:00,SACSI Full,0.35992663724949525,0.005714297294616699,0.0,0.33088790831650955,0.0,0.0,-3.9927876906897284,66
2025-11-06 17:00:00,SACSI Full,0.35859189688846976,0.004974454641342163,0.0,0.2863965629489926,0.0,0.0,-3.859296576366335,66
2025-11-06 18:00:00,SACSI Full,0.35751811357622304,0.004968792200088501,0.0,0.2506037858741024,0.0,0.0,-3.751910790090718,66
2025-11-06 19:00:00,SACSI Full,0.35695107421891353,0.004090666770935059,0.0,0.23170247396378443,0.0,0.0,-3.695198016481063,66
2025-11-06 20:00:00,SACSI Full,0.3561392845930141,0.0036059319972991943,0.0,0.20464281976713608,0.0,0.0,-3.6140054252890903,66
2025-11-06 21:00:00,SACSI Full,0.35543457089663877,0.0037382543087005615,0.0,0.1811523632212925,0.0,0.0,-3.5435331779731647,66
2025-11-06 22:00:00,SACSI Full,0.35472484915043123,0.0040784478187561035,0.0,0.15749497168103943,0.0,0.0,-3.4725698859345986,66
2025-11-06 23:00:00,SACSI Full,0.355312343891846,0.004326552152633667,0.0,0.17707812972819995,0.0,0.0,-3.5313234012709924,66
2025-11-07 00:00:00,SACSI Full,0.3546910346039416,0.003975033760070801,0.0,0.15636782013138628,0.0,0.0,-3.469186476253284,66
2025-11-07 01:00:00,SACSI Full,0.3544074358339561,0.004334896802902222,0.0,0.1469145277985362,0.0,0.0,-3.4408338799620974,66
2025-11-07 02:00:00,SACSI Full,0.3550270585921514,0.004455447196960449,0.0,0.16756861973837972,0.0,0.0,-3.502796173663018,66
2025-11-07 03:00:00,SACSI Full,0.35648207888678685,0.0035753846168518066,0.0,0.21606929622622745,0.0,0.0,-3.648288196996822,66
2025-11-07 04:00:00,SACSI Full,0.3653613931786654,0.009840726852416992,0.0,0.5120464392888465,0.0,0.0,-4.536398785825943,66
2025-11-07 05:00:00,SACSI Full,0.3661400860634718,0.005610734224319458,0.0,0.5380028687823923,0.0,0.0,-4.614163120957948,66
2025-11-07 06:00:00,SACSI Full,0.36468467845814884,0.0038670003414154053,0.0,0.4894892819382946,0.0,0.0,-4.46856262316054,66
2025-11-07 07:00:00,SACSI Full,0.3672039590044391,0.00574946403503418,0.0,0.57346530014797,0.0,0.0,-4.720529714361545,66
2025-11-07 08:00:00,SACSI Full,0.3916722967301224,0.02307787537574768,0.0,1.3890765576707467,0.0,0.0,-7.16786451463316,66
2025-11-07 09:00:00,SACSI Full,0.38807158377168305,0.007838904857635498,0.0,1.2690527923894352,0.0,0.0,-6.807467544970637,66
2025-11-07 10:00:00,SACSI Full,0.38448024698684574,0.007940530776977539,0.0,1.1493415662281905,0.0,0.0,-6.448184525559307,66
2025-11-07 11:00:00,SACSI Full,0.3804157762878235,0.007017999887466431,0.0,1.013859209594118,0.0,0.0,-6.041727214088996,66
2025-11-07 12:00:00,SACSI Full,0.37650382554230954,0.007375627756118774,0.0,0.8834608514103182,0.0,0.0,-5.650533643064763,66
2025-11-07 13:00:00,SACSI Full,0.37264546158735035,0.005339533090591431,0.0,0.7548487195783452,0.0,0.0,-5.264673310343501,66
2025-11-07 14:00:00,SACSI Full,0.37041476455590794,0.008783042430877686,0.0,0.6804921518635979,0.0,0.0,-5.041686551532813,66
2025-11-07 15:00:00,SACSI Full,0.3675020513122827,0.007087737321853638,0.0,0.583401710409423,0.0,0.0,-4.750363839025796,66
2025-11-07 16:00:00,SACSI Full,0.365181749230285,0.0054676830768585205,0.0,0.5060583076761674,0.0,0.0,-4.518300477232488,66
2025-11-07 17:00:00,SACSI Full,0.36341882034569345,0.003415346145629883,0.0,0.447294011523114,0.0,0.0,-4.34197086486157,66
2025-11-07 18:00:00,SACSI Full,0.36203606767346885,0.0033764541149139404,0.0,0.4012022557822945,0.0,0.0,-4.20367468534949,66
2025-11-07 19:00:00,SACSI Full,0.3608170098021963,0.0033496320247650146,0.0,0.3605669934065418,0.0,0.0,-4.081768241081024,66
2025-11-07 20:00:00,SACSI Full,0.3597200901761656,0.0034271180629730225,0.0,0.32400300587218567,0.0,0.0,-3.9720783348381987,66
2025-11-07 21:00:00,SACSI Full,0.3587082132200305,0.0037106871604919434,0.0,0.2902737740010167,0.0,0.0,-3.870898371437234,66
2025-11-07 22:00:00,SACSI Full,0.3578212966169033,0.00313490629196167,0.0,0.26070988723011085,0.0,0.0,-3.782198117624856,66
2025-11-07 23:00:00,SACSI Full,0.35702247711775725,0.002936720848083496,0.0,0.23408257059190873,0.0,0.0,-3.702308428047125,66
2025-11-08 00:00:00,SACSI Full,0.3563030791226449,0.0027832388877868652,0.0,0.21010263742149676,0.0,0.0,-3.6303651118618494,66
2025-11-08 01:00:00,SACSI Full,0.35565676891250214,0.003165900707244873,0.0,0.1885589637500715,0.0,0.0,-3.565744035882553,66
2025-11-08 02:00:00,SACSI Full,0.35509975779154423,0.002888590097427368,0.0,0.16999192638480737,0.0,0.0,-3.5100363240624692,66
2025-11-08 03:00:00,SACSI Full,0.3545993007251488,0.0031729042530059814,0.0,0.15331002417162695,0.0,0.0,-3.4599963737414936,66
2025-11-08 04:00:00,SACSI Full,0.3541474248792708,0.0026847422122955322,0.0,0.13824749597569339,0.0,0.0,-3.4148010643917335,66
2025-11-08 05:00:00,SACSI Full,0.35374201916092457,0.0031122565269470215,0.0,0.12473397203081903,0.0,0.0,-3.3742684363661417,66
2025-11-08 06:00:00,SACSI Full,0.3533539861951514,0.0038896501064300537,0.0,0.11179953983837976,-1.4210854715202004e-14,0.0,-3.335484186453063,66
2025-11-08 07:00:00,SACSI Full,0.35275557602544816,0.005829483270645142,0.0,0.09185253418160642,0.0,0.0,-3.27569359054187,66
2025-11-08 08:00:00,SACSI Full,0.35191429257875856,0.006924718618392944,0.0,0.06380975262528495,0.0,0.0,-3.1915787046017003,66
2025-11-08 09:00:00,SACSI Full,0.3507005890157775,0.00774189829826355,0.0,0.023352967192582244,0.0,0.0,-3.070221911340513,66
2025-11-08 10:00:00,SACSI Full,0.34925237556327937,0.007535964250564575,0.0,0.0,0.0,0.0,-2.9253903349534247,66
2025-11-08 11:00:00,SACSI Full,0.34756768054594156,0.004591494798660278,0.0,0.0,0.0,0.0,-2.7568893291846472,66
2025-11-08 12:00:00,SACSI Full,0.3457975325333035,0.004455596208572388,0.0,0.0,0.0,0.0,-2.579843724240419,66
2025-11-08 13:00:00,SACSI Full,0.3440553875449256,0.004356503486633301,0.0,0.0,0.0,0.0,-2.405626875489511,66
2025-11-08 14:00:00,SACSI Full,0.3425394482806281,0.0042182207107543945,0.0,0.0,0.0,0.0,-2.254030575304783,66
2025-11-08 15:00:00,SACSI Full,0.3413639436335321,0.0043486058712005615,0.0,0.0,0.0,0.0,-2.1364826393222396,66
2025-11-08 16:00:00,SACSI Full,0.3406139883425788,0.004513412714004517,0.0,0.0,0.0,0.0,-2.0614907505805853,66
2025-11-08 17:00:00,SACSI Full,0.340284871157304,0.0032648444175720215,0.0,0.0,0.0,0.0,-2.0285648983017146,66
2025-11-08 18:00:00,SACSI Full,0.3402406792460835,0.003742426633834839,0.0,0.0,0.0,0.0,-2.024147548963186,66
2025-11-08 19:00:00,SACSI Full,0.34022406468261834,0.0035156309604644775,0.0,0.0,0.0,0.0,-2.0224790488377766,66
2025-11-08 20:00:00,SACSI Full,0.3401804211341297,0.003906935453414917,0.0,0.0,0.0,0.0,-2.018124165166969,66
2025-11-08 21:00:00,SACSI Full,0.3401906135283863,0.003057718276977539,0.0,0.0,0.0,0.0,-2.019130999375934,66
2025-11-08 22:00:00,SACSI Full,0.34020064449339665,0.003009289503097534,0.0,0.0,0.0,0.0,-2.0201251194174654,66
2025-11-08 23:00:00,SACSI Full,0.34021235978632725,0.003514587879180908,0.0,0.0,0.0,0.0,-2.0213113233740683,66
2025-11-09 00:00:00,SACSI Full,0.3402224011821504,0.003012418746948242,0.0,0.0,0.0,0.0,-2.0223053882813016,66
2025-11-09 01:00:00,SACSI Full,0.3402066076726671,0.0037619471549987793,0.0,0.0,0.0,0.0,-2.0207435014938877,66
2025-11-09 02:00:00,SACSI Full,0.3401894099770939,0.003340691328048706,0.0,0.0,0.0,0.0,-2.01901202409422,66
2025-11-09 03:00:00,SACSI Full,0.3401440185223973,0.003382563591003418,0.0,0.0,0.0,0.0,-2.0144699222341775,66
2025-11-09 04:00:00,SACSI Full,0.34009935722459916,0.0036016106605529785,0.0,0.0,0.0,0.0,-2.010009945143822,66
2025-11-09 05:00:00,SACSI Full,0.340026508128142,0.003645271062850952,0.0,0.0,0.0,0.0,-2.0027241548394796,66
2025-11-09 06:00:00,SACSI Full,0.3399548903643048,0.0040146708488464355,0.0,0.0,0.0,0.0,-1.9955730238453182,66
2025-11-09 07:00:00,SACSI Full,0.33971400524089307,0.0042344629764556885,0.0,0.0,0.0,0.0,-1.9714874112701115,66
2025-11-09 08:00:00,SACSI Full,0.33905109587937166,0.0051271915435791016,0.0,0.0,0.0,0.0,-1.9052210590537075,66
2025-11-09 09:00:00,SACSI Full,0.33798686472842665,0.0037306547164916992,0.0,0.0,0.0,0.0,-1.7987750513052652,66
2025-11-09 10:00:00,SACSI Full,0.3365845513569273,0.004305988550186157,0.0,0.0,0.0,0.0,-1.6585470088020675,66
2025-11-09 11:00:00,SACSI Full,0.3348953641361949,0.0032438337802886963,0.0,0.0,0.0,0.0,-1.4896119118427957,66
2025-11-09 12:00:00,SACSI Full,0.33320354338357416,0.0024537742137908936,0.0,0.0,0.0,0.0,-1.3204113144373566,66
2025-11-09 13:00:00,SACSI Full,0.33151376955379613,0.0030678510665893555,0.0,0.0,0.0,0.0,-1.1514444531694723,66
2025-11-09 14:00:00,SACSI Full,0.3300776685272611,0.002669692039489746,0.0,0.0,0.0,0.0,-1.0078242281571717,66
2025-11-09 15:00:00,SACSI Full,0.32903866083730826,0.0027976930141448975,0.0,0.0,0.0,0.0,-0.9039233176008549,66
2025-11-09 16:00:00,SACSI Full,0.3283661561213888,0.0022485852241516113,0.0,0.0,0.0,0.0,-0.8366660749212631,66
2025-11-09 17:00:00,SACSI Full,0.3280317604481138,0.001681298017501831,0.0,0.0,0.0,0.0,-0.8032153436437933,66
2025-11-09 18:00:00,SACSI Full,0.3278972423651772,0.0021445751190185547,0.0,0.0,0.0,0.0,-0.7897717607911148,66
2025-11-09 19:00:00,SACSI Full,0.3278195548616804,0.002193748950958252,0.0,0.0,0.0,0.0,-0.7819998528853785,66
2025-11-09 20:00:00,SACSI Full,0.32777186018416854,0.002691596746444702,0.0,0.0,0.0,0.0,-0.7772448288297371,66
2025-11-09 21:00:00,SACSI Full,0.3277532890982387,0.0029286742210388184,0.0,0.0,0.0,0.0,-0.7753898540830358,66
2025-11-09 22:00:00,SACSI Full,0.3277067060473519,0.0030250847339630127,0.0,0.0,0.0,0.0,-0.7707320705349994,66
2025-11-09 23:00:00,SACSI Full,0.3276594171781299,0.0028133392333984375,0.0,0.0,0.0,0.0,-0.7660001020526638,66
2025-11-10 00:00:00,SACSI Full,0.3276395477043547,0.0025391578674316406,0.0,0.0,0.0,0.0,-0.7640082954064793,66
2025-11-10 01:00:00,SACSI Full,0.32764746518800236,0.0023752450942993164,0.0,0.0,0.0,0.0,-0.7647956628298529,66
2025-11-10 02:00:00,SACSI Full,0.3279895067599374,0.002612471580505371,0.0,0.0,0.0,0.0,-0.7990052976902092,66
2025-11-10 03:00:00,SACSI Full,0.3279972906298397,0.002335160970687866,0.0,0.0,0.0,0.0,-0.7997785393094791,66
2025-11-10 04:00:00,SACSI Full,0.32797578451186,0.0020481646060943604,0.0,0.0,0.0,0.0,-0.7976222844417663,66
2025-11-10 05:00:00,SACSI Full,0.32795379211932,0.0019022822380065918,0.0,0.0,0.0,0.0,-0.7954187164004424,66
2025-11-10 06:00:00,SACSI Full,0.32790623850613415,0.0027339160442352295,0.0,0.0,0.0,0.0,-0.7906868452723614,66
2025-11-10 07:00:00,SACSI Full,0.3276338510691085,0.003283768892288208,0.0,0.0,0.0,0.0,-0.7634562808171729,66
2025-11-10 08:00:00,SACSI Full,0.32696809210886146,0.0042723119258880615,0.0,0.0,0.0,0.0,-0.6969045425549995,66
2025-11-10 09:00:00,SACSI Full,0.325934448340233,0.004406869411468506,0.0,0.0,0.0,0.0,-0.593534316986384,66
2025-11-10 10:00:00,SACSI Full,0.32447661469806816,0.004649907350540161,0.0,0.0,0.0,0.0,-0.4477568983332164,66
2025-11-10 11:00:00,SACSI Full,0.32275833666830844,0.0030165910720825195,0.0,0.0,0.0,0.0,-0.2759103318150699,66
2025-11-10 12:00:00,SACSI Full,0.3209858769888638,0.0037620961666107178,0.0,0.0,0.0,0.0,-0.09867039586065958,66
2025-11-10 13:00:00,SACSI Full,0.31924768925219366,0.0055436789989471436,0.0,0.0,0.0,0.0,0.9998713105916976,66
2025-11-10 14:00:00,SACSI Full,0.31781891313979616,0.00486716628074646,0.0,0.0,0.0,0.0,0.999895891547203,66
2025-11-10 15:00:00,SACSI Full,0.3166412036175488,0.003687143325805664,0.0,0.0,0.0,0.0,0.9999144569039345,66
2025-11-10 16:00:00,SACSI Full,0.31588688675671406,0.003204941749572754,0.0,0.0,0.0,0.0,0.9999310791492462,66
2025-11-10 17:00:00,SACSI Full,0.31558137824326343,0.0018474459648132324,0.0,0.0,0.0,0.0,0.9999494761228561,66
2025-11-10 18:00:00,SACSI Full,0.3155024509631553,0.0018218159675598145,0.0,0.0,0.0,0.0,0.9999633073806762,66
2025-11-10 19:00:00,SACSI Full,0.3154803338975667,0.0018648803234100342,0.0,0.0,0.0,0.0,0.9999622717499733,66
2025-11-10 20:00:00,SACSI Full,0.31612688472459305,0.0024652481079101562,0.0,0.0,0.0,0.0,0.9999446913599969,66
2025-11-10 21:00:00,SACSI Full,0.316106963593459,0.002523660659790039,0.0,0.0,0.0,0.0,0.9999489426612853,66
2025-11-10 22:00:00,SACSI Full,0.3160875565523862,0.0026778876781463623,0.0,0.0,0.0,0.0,0.9999448999762535,66
2025-11-10 23:00:00,SACSI Full,0.31606979807644675,0.003172457218170166,0.0,0.0,0.0,0.0,0.9999316051602364,66
2025-11-11 00:00:00,SACSI Full,0.3160523753733396,0.003273189067840576,0.0,0.0,0.0,0.0,0.9999335289001464,66
2025-11-11 01:00:00,SACSI Full,0.31606295668790335,0.003174394369125366,0.0,0.0,0.0,0.0,0.9999355241656304,66
2025-11-11 02:00:00,SACSI Full,0.3160462134777466,0.003477036952972412,0.0,0.0,0.0,0.0,0.9999274328351021,66
2025-11-11 03:00:00,SACSI Full,0.3160300027357498,0.003636777400970459,0.0,0.0,0.0,0.0,0.9999256670475005,66
2025-11-11 04:00:00,SACSI Full,0.31601338221182024,0.003513842821121216,0.0,0.0,0.0,0.0,0.999928493797779,66
2025-11-11 05:00:00,SACSI Full,0.3159960394782781,0.003297179937362671,0.0,0.0,0.0,0.0,0.9999318897724152,66
2025-11-11 06:00:00,SACSI Full,0.3159239905741771,0.003885328769683838,0.0,0.0,0.0,0.0,0.9999164119362831,66
2025-11-11 07:00:00,SACSI Full,0.3156546106881857,0.004186034202575684,0.0,0.0,0.0,0.0,0.9999132722616196,66
2025-11-11 08:00:00,SACSI Full,0.31493024045973617,0.0036889314651489258,0.0,0.0,0.0,0.0,0.9999212503433227,66
2025-11-11 09:00:00,SACSI Full,0.3137855333013296,0.005087852478027344,0.0,0.0,0.0,0.0,0.9998842537403108,66
2025-11-11 10:00:00,SACSI Full,0.312465346985952,0.003444105386734009,0.0,0.0,0.0,0.0,0.9999146804213523,66
2025-11-11 11:00:00,SACSI Full,0.3108902381566127,0.003467351198196411,0.0,0.0,0.0,0.0,0.9999304205179215,66
2025-11-11 12:00:00,SACSI Full,0.3092285224853913,0.0029852986335754395,0.0,0.0,0.0,0.0,0.9999354735016823,66
2025-11-11 13:00:00,SACSI Full,0.3075560841698408,0.008268505334854126,0.0,0.0,0.0,0.0,0.9997817978262902,66
2025-11-11 14:00:00,SACSI Full,0.30610968170513314,0.00807926058769226,0.0,0.0,0.0,0.0,0.9998365223407746,66
2025-11-11 15:00:00,SACSI Full,0.3050510648150206,0.0054149329662323,0.0,0.0,0.0,0.0,0.9998650580644608,66
2025-11-11 16:00:00,SACSI Full,0.3044097231629452,0.0030975043773651123,0.0,0.0,0.0,0.0,0.999914875626564,66
2025-11-11 17:00:00,SACSI Full,0.3041318098786434,0.0016260147094726562,0.0,0.0,0.0,0.0,0.9999527648091316,66
2025-11-11 18:00:00,SACSI Full,0.30399553445209665,0.0016173720359802246,0.0,0.0,0.0,0.0,0.9999675661325456,66
2025-11-11 19:00:00,SACSI Full,0.30391783949801926,0.002191513776779175,0.0,0.0,0.0,0.0,0.9999504283070565,66
2025-11-11 20:00:00,SACSI Full,0.3038127549508175,0.0024746358394622803,0.0,0.0,0.0,0.0,0.999947676062584,66
2025-11-11 21:00:00,SACSI Full,0.3037078611384789,0.0025318562984466553,0.0,0.0,0.0,0.0,0.9999487906694412,66
2025-11-11 22:00:00,SACSI Full,0.3036044460180362,0.0029754638671875,0.0,0.0,0.0,0.0,0.9999360546469688,66
2025-11-11 23:00:00,SACSI Full,0.3035296091066758,0.003048926591873169,0.0,0.0,0.0,0.0,0.9999382868409157,66
2025-11-12 00:00:00,SACSI Full,0.3034542163820029,0.0028821825981140137,0.0,0.0,0.0,0.0,0.9999406889081002,66
2025-11-12 01:00:00,SACSI Full,0.303355110180672,0.004268139600753784,0.0,0.0,0.0,0.0,0.9999007776379585,66
2025-11-12 02:00:00,SACSI Full,0.30325664472927255,0.004460364580154419,0.0,0.0,0.0,0.0,0.9999088704586029,66
2025-11-12 03:00:00,SACSI Full,0.3031862016736428,0.004367083311080933,0.0,0.0,0.0,0.0,0.9999117255210876,66
2025-11-12 04:00:00,SACSI Full,0.303115944882528,0.004422962665557861,0.0,0.0,0.0,0.0,0.9999109819531441,66
2025-11-12 05:00:00,SACSI Full,0.30304622950026994,0.004585385322570801,0.0,0.0,0.0,0.0,0.9999066680669785,66
2025-11-12 06:00:00,SACSI Full,0.30295050884276237,0.00528380274772644,0.0,0.0,0.0,0.0,0.9998873397707939,66
2025-11-12 07:00:00,SACSI Full,0.30265245908846067,0.012585073709487915,0.0,0.0,0.0,0.0,0.9996752858161927,66
2025-11-12 08:00:00,SACSI Full,0.30198854336767994,0.021825283765792847,0.0,0.0,0.0,0.0,0.9994710922241211,66
2025-11-12 09:00:00,SACSI Full,0.30097345869570574,0.03547459840774536,0.0,0.0,0.0,0.0,0.9991540148854255,66
2025-11-12 10:00:00,SACSI Full,0.299656868458883,0.038522928953170776,0.0,0.0,0.0,0.0,0.9991990581154823,66
2025-11-12 11:00:00,SACSI Full,0.29814270832488543,0.038751959800720215,0.0,0.0,0.0,0.0,0.9992226704955101,66
2025-11-12 12:00:00,SACSI Full,0.29654557673563164,0.03936052322387695,0.0,0.0,0.0,0.0,0.999206703901291,66
2025-11-12 13:00:00,SACSI Full,0.2950932539028883,0.07430315017700195,0.0,0.0,0.0,0.0,0.9981645107269287,66
2025-11-12 14:00:00,SACSI Full,0.2938132776088476,0.02400711178779602,0.0,0.0,0.0,0.0,0.999016897380352,66
2025-11-12 15:00:00,SACSI Full,0.29285381380746367,0.02666085958480835,0.0,0.0,0.0,0.0,0.9994402453303337,66
2025-11-12 16:00:00,SACSI Full,0.2922066276203553,0.026844143867492676,0.0,0.0,0.0,0.0,0.9994612842798233,66
2025-11-12 17:00:00,SACSI Full,0.2918332636208296,0.015490800142288208,0.0,0.0,0.0,0.0,0.9995766505599022,66
2025-11-12 18:00:00,SACSI Full,0.2916461908295711,0.011878162622451782,0.0,0.0,0.0,0.0,0.9997263103723526,66
2025-11-12 19:00:00,SACSI Full,0.29153636297732194,0.009551644325256348,0.0,0.0,0.0,0.0,0.999785701930523,66
2025-11-12 20:00:00,SACSI Full,0.2914032761338314,0.011073946952819824,0.0,0.0,0.0,0.0,0.9997632980346679,66
2025-11-12 21:00:00,SACSI Full,0.2912996431909958,0.011410117149353027,0.0,0.0,0.0,0.0,0.9997684359550476,66
2025-11-12 22:00:00,SACSI Full,0.29118711922198137,0.008742809295654297,0.0,0.0,0.0,0.0,0.99979847073555,66
2025-11-12 23:00:00,SACSI Full,0.2910583485169172,0.003868788480758667,0.0,0.0,0.0,0.0,0.9998738840222359,66
2025-11-13 00:00:00,SACSI Full,0.29098258972038427,0.0027723610401153564,0.0,0.0,0.0,0.0,0.9999335885047913,66
2025-11-13 01:00:00,SACSI Full,0.29190879340678055,0.0033611059188842773,0.0,0.0,0.0,0.0,0.9999268904328346,66
2025-11-13 02:00:00,SACSI Full,0.2928638956772248,0.0035306811332702637,0.0,0.0,0.0,0.0,0.9999276906251908,66
2025-11-13 03:00:00,SACSI Full,0.29509524042794705,0.0034034252166748047,0.0,0.0,0.0,0.0,0.9999306589365006,66
2025-11-13 04:00:00,SACSI Full,0.29999511647730664,0.003962814807891846,0.0,0.0,0.0,0.0,0.9999151498079301,66
2025-11-13 05:00:00,SACSI Full,0.3005563141468127,0.0023593008518218994,0.0,0.0,0.0,0.0,0.9999367788434028,66
2025-11-13 06:00:00,SACSI Full,0.30412633082021867,0.005005002021789551,0.0,0.0,0.0,0.0,0.9998734429478645,66
2025-11-13 07:00:00,SACSI Full,0.30491063687194975,0.0032918155193328857,0.0,0.0,0.0,0.0,0.9999170318245887,66
2025-11-13 08:00:00,SACSI Full,0.30510895254959264,0.00399470329284668,0.0,0.0,0.0,0.0,0.9999130770564079,66
2025-11-13 09:00:00,SACSI Full,0.3057769406782548,0.0043964385986328125,0.0,0.0,0.0,0.0,0.9999080538749695,66
2025-11-13 10:00:00,SACSI Full,0.312742795355614,0.01075640320777893,0.0,0.0,0.0,0.0,0.9997212722897529,66
2025-11-13 11:00:00,SACSI Full,0.3172336976038376,0.008770674467086792,0.0,0.0,0.0,0.0,0.9998047292232514,66
2025-11-13 12:00:00,SACSI Full,0.316875898510909,0.005160272121429443,0.0,0.0,0.0,0.0,0.9998606905341149,66
2025-11-13 13:00:00,SACSI Full,0.3167922141252914,0.006394684314727783,0.0,0.0,0.0,0.0,0.9998597621917725,66
2025-11-13 14:00:00,SACSI Full,0.31669405536681006,0.008552372455596924,0.0,0.0,0.0,0.0,0.9998073756694794,66
2025-11-13 15:00:00,SACSI Full,0.3163310075882036,0.0035856664180755615,0.0,0.0,0.0,0.0,0.9998786196112632,66
2025-11-13 16:00:00,SACSI Full,0.3178313162115175,0.0030925869941711426,0.0,0.0,0.0,0.0,0.9999332174658776,66
2025-11-13 17:00:00,SACSI Full,0.32365391950636685,0.006280988454818726,0.0,0.0,0.0,0.0,-0.3655494544203871,66
2025-11-13 18:00:00,SACSI Full,0.3237931996165671,0.0012840330600738525,0.0,0.0,0.0,0.0,-0.3793956118718589,66
2025-11-13 19:00:00,SACSI Full,0.323688419549759,0.0025659799575805664,0.0,0.0,0.0,0.0,-0.36890609404402813,66
2025-11-13 20:00:00,SACSI Full,0.32422098784952935,0.0022704899311065674,0.0,0.0,0.0,0.0,-0.4221471496518214,66
2025-11-13 21:00:00,SACSI Full,0.32408591345657484,0.001977682113647461,0.0,0.0,0.0,0.0,-0.4086338273779305,66
2025-11-13 22:00:00,SACSI Full,0.3239515995195466,0.0022058188915252686,0.0,0.0,0.0,0.0,-0.39520634970026935,66
2025-11-13 23:00:00,SACSI Full,0.32379099966873304,0.002820044755935669,0.0,0.0,0.0,0.0,-0.37916251002706586,66
2025-11-14 00:00:00,SACSI Full,0.32379575821905904,0.003427565097808838,0.0,0.0,0.0,0.0,-0.379650448411278,66
2025-11-14 01:00:00,SACSI Full,0.32344152734467957,0.0042307376861572266,0.0,0.0,0.0,0.0,-0.34424538094756285,66
2025-11-14 02:00:00,SACSI Full,0.32311730966120533,0.004734694957733154,0.0,0.0,0.0,0.0,-0.31183069959240295,66
2025-11-14 03:00:00,SACSI Full,0.322793851936952,0.0049626827239990234,0.0,0.0,0.0,0.0,-0.2794867272273401,66
2025-11-14 04:00:00,SACSI Full,0.3224716732290344,0.005346387624740601,0.0,0.0,0.0,0.0,-0.24727808770494325,66
2025-11-14 05:00:00,SACSI Full,0.3221494408769366,0.005330294370651245,0.0,0.0,0.0,0.0,-0.21505085451361206,66
2025-11-14 06:00:00,SACSI Full,0.3217702125425097,0.005231499671936035,0.0,0.0,0.0,0.0,-0.17712687219139558,66
2025-11-14 07:00:00,SACSI Full,0.32128129073172373,0.006323456764221191,0.0,0.0,0.0,0.0,-0.12826646187858004,66
2025-11-14 08:00:00,SACSI Full,0.32054969019442364,0.010019838809967041,0.0,0.0,0.0,0.0,-0.05520638003902034,66
2025-11-14 09:00:00,SACSI Full,0.3194817920989748,0.011130571365356445,0.0,0.0,0.0,0.0,0.999766281247139,66
2025-11-14 10:00:00,SACSI Full,0.3181781679275588,0.008412748575210571,0.0,0.0,0.0,0.0,0.9998045668005944,66
2025-11-14 11:00:00,SACSI Full,0.31670705658862547,0.009166598320007324,0.0,0.0,0.0,0.0,0.9998091295361519,66
2025-11-14 12:00:00,SACSI Full,0.31518163246978875,0.009872764348983765,0.0,0.0,0.0,0.0,0.9997954830527306,66
2025-11-14 13:00:00,SACSI Full,0.3137348748607393,0.00797271728515625,0.0,0.0,0.0,0.0,0.9998215451836586,66
2025-11-14 14:00:00,SACSI Full,0.3124312655904845,0.008417218923568726,0.0,0.0,0.0,0.0,0.9998272106051446,66
2025-11-14 15:00:00,SACSI Full,0.3116922816406643,0.00980481505393982,0.0,0.0,0.0,0.0,0.9997900277376175,66
2025-11-14 16:00:00,SACSI Full,0.3108733167857881,0.009310543537139893,0.0,0.0,0.0,0.0,0.9998088464140892,66
2025-11-14 17:00:00,SACSI Full,0.31029800867030577,0.005907565355300903,0.0,0.0,0.0,0.0,0.9998478189110755,66
2025-11-14 18:00:00,SACSI Full,0.30983337353417834,0.005109459161758423,0.0,0.0,0.0,0.0,0.9998898297548294,66
2025-11-14 19:00:00,SACSI Full,0.30940104487766384,0.006301403045654297,0.0,0.0,0.0,0.0,0.999862052500248,66
2025-11-14 20:00:00,SACSI Full,0.30894339192896647,0.007204115390777588,0.0,0.0,0.0,0.0,0.9998468905687332,66
2025-11-14 21:00:00,SACSI Full,0.3084866698061383,0.007483363151550293,0.0,0.0,0.0,0.0,0.9998475402593613,66
2025-11-14 22:00:00,SACSI Full,0.3080576755327937,0.00730171799659729,0.0,0.0,0.0,0.0,0.9998521491885185,66
2025-11-14 23:00:00,SACSI Full,0.3076288660338478,0.007357150316238403,0.0,0.0,0.0,0.0,0.9998523026704788,66
2025-11-15 00:00:00,SACSI Full,0.3072003828703321,0.007455050945281982,0.0,0.0,0.0,0.0,0.9998499199748039,66
2025-11-15 01:00:00,SACSI Full,0.3067706589367943,0.007082819938659668,0.0,0.0,0.0,0.0,0.9998546212911607,66
2025-11-15 02:00:00,SACSI Full,0.30633992122758996,0.006778687238693237,0.0,0.0,0.0,0.0,0.9998613849282264,66
2025-11-15 03:00:00,SACSI Full,0.3059362383320885,0.006395131349563599,0.0,0.0,0.0,0.0,0.9998682618141175,66
2025-11-15 04:00:00,SACSI Full,0.30555979154775115,0.006065964698791504,0.0,0.0,0.0,0.0,0.9998753890395164,66
2025-11-15 05:00:00,SACSI Full,0.3051810211756783,0.0053688883781433105,0.0,0.0,0.0,0.0,0.9998856514692307,66
2025-11-15 06:00:00,SACSI Full,0.30483070433963905,0.005404949188232422,0.0,0.0,0.0,0.0,0.9998915404081344,66
2025-11-15 07:00:00,SACSI Full,0.30437352574457305,0.007346421480178833,0.0,0.0,0.0,0.0,0.9998336568474769,66
2025-11-15 08:00:00,SACSI Full,0.30377780177940505,0.00828281044960022,0.0,0.0,0.0,0.0,0.9998249799013138,66
2025-11-15 09:00:00,SACSI Full,0.30298288143823127,0.016523897647857666,0.0,0.0,0.0,0.0,0.9995871111750603,66
2025-11-15 10:00:00,SACSI Full,0.3019192189807651,0.020901262760162354,0.0,0.0,0.0,0.0,0.9995382010936736,66
2025-11-15 11:00:00,SACSI Full,0.30051224873095334,0.01140892505645752,0.0,0.0,0.0,0.0,0.9996768981218338,66
2025-11-15 12:00:00,SACSI Full,0.29929914295623283,0.010068267583847046,0.0,0.0,0.0,0.0,0.9997852280735969,66
2025-11-15 13:00:00,SACSI Full,0.29846882574746586,0.016404837369918823,0.0,0.0,0.0,0.0,0.9996085375547409,66
2025-11-15 14:00:00,SACSI Full,0.2974863798851726,0.019766241312026978,0.0,0.0,0.0,0.0,0.9995710611343385,66
2025-11-15 15:00:00,SACSI Full,0.296748715071972,0.00820055603981018,0.0,0.0,0.0,0.0,0.9997203320264816,66
2025-11-15 16:00:00,SACSI Full,0.2961972376556156,0.004556775093078613,0.0,0.0,0.0,0.0,0.9998724266886712,66
2025-11-15 17:00:00,SACSI Full,0.29614316787749106,0.002779066562652588,0.0,0.0,0.0,0.0,0.9999266415834427,66
2025-11-15 18:00:00,SACSI Full,0.2961734265537021,0.0025776028633117676,0.0,0.0,0.0,0.0,0.9999464333057403,66
2025-11-15 19:00:00,SACSI Full,0.29595463415731565,0.002362281084060669,0.0,0.0,0.0,0.0,0.9999506011605263,66
2025-11-15 20:00:00,SACSI Full,0.29579225113421254,0.002285093069076538,0.0,0.0,0.0,0.0,0.9999535262584687,66
2025-11-15 21:00:00,SACSI Full,0.29562993516633485,0.0023052096366882324,0.0,0.0,0.0,0.0,0.9999536946415901,66
2025-11-15 22:00:00,SACSI Full,0.2954410874155121,0.002845674753189087,0.0,0.0,0.0,0.0,0.9999376818537712,66
2025-11-15 23:00:00,SACSI Full,0.295642767662501,0.0030040740966796875,0.0,0.0,0.0,0.0,0.9999383345246315,66
2025-11-16 00:00:00,SACSI Full,0.2958467516290105,0.003695189952850342,0.0,0.0,0.0,0.0,0.9999191850423813,66
2025-11-16 01:00:00,SACSI Full,0.2959895742419319,0.0023467838764190674,0.0,0.0,0.0,0.0,0.9999395802617074,66
2025-11-16 02:00:00,SACSI Full,0.2968583155396537,0.003122389316558838,0.0,0.0,0.0,0.0,0.9999297961592675,66
2025-11-16 03:00:00,SACSI Full,0.29672736082106393,0.0032135844230651855,0.0,0.0,0.0,0.0,0.9999348163604735,66
2025-11-16 04:00:00,SACSI Full,0.2999092470934943,0.0055658817291259766,0.0,0.0,0.0,0.0,0.9998651593923569,66
2025-11-16 05:00:00,SACSI Full,0.3034515657197392,0.005195587873458862,0.0,0.0,0.0,0.0,0.9998923853039742,66
2025-11-16 06:00:00,SACSI Full,0.3039291988677736,0.0027899444103240967,0.0,0.0,0.0,0.0,0.9999201446771622,66
2025-11-16 07:00:00,SACSI Full,0.3039879562802072,0.0026272237300872803,0.0,0.0,0.0,0.0,0.9999458283185958,66
2025-11-16 08:00:00,SACSI Full,0.3041391708432591,0.006864368915557861,0.0,0.0,0.0,0.0,0.9998203411698341,66
2025-11-16 09:00:00,SACSI Full,0.3036143038021481,0.0060398876667022705,0.0,0.0,0.0,0.0,0.9998709574341774,66
2025-11-16 10:00:00,SACSI Full,0.3055325918335672,0.006986409425735474,0.0,0.0,0.0,0.0,0.9998508065938949,66
2025-11-16 11:00:00,SACSI Full,0.3073450014697468,0.007222890853881836,0.0,0.0,0.0,0.0,0.9998531773686409,66
2025-11-16 12:00:00,SACSI Full,0.30606679993817765,0.007539540529251099,0.0,0.0,0.0,0.0,0.9998460426926613,66
2025-11-16 13:00:00,SACSI Full,0.30463744367390433,0.004693120718002319,0.0,0.0,0.0,0.0,0.9998776733875274,66
2025-11-16 14:00:00,SACSI Full,0.30449406917601385,0.005487650632858276,0.0,0.0,0.0,0.0,0.9998823016881943,66
2025-11-16 15:00:00,SACSI Full,0.3060939691292202,0.009469985961914062,0.0,0.0,0.0,0.0,0.9997707769274712,66
2025-11-16 16:00:00,SACSI Full,0.30595370179444115,0.002419799566268921,0.0,0.0,0.0,0.0,0.9998811021447183,66
2025-11-16 17:00:00,SACSI Full,0.3060370975489374,0.0015187263488769531,0.0,0.0,0.0,0.0,0.9999606147408485,66
2025-11-16 18:00:00,SACSI Full,0.3059277408388213,0.0011929869651794434,0.0,0.0,0.0,0.0,0.9999728828668594,66
2025-11-16 19:00:00,SACSI Full,0.30587675548821247,0.001704394817352295,0.0,0.0,0.0,0.0,0.9999607980251312,66
2025-11-16 20:00:00,SACSI Full,0.3068267352361436,0.001993924379348755,0.0,0.0,0.0,0.0,0.9999572262167931,66
2025-11-16 21:00:00,SACSI Full,0.3147856825028813,0.004684180021286011,0.0,0.0,0.0,0.0,0.9998794138431549,66
2025-11-16 22:00:00,SACSI Full,0.3160406046329892,0.0019766390323638916,0.0,0.0,0.0,0.0,0.9999333918094635,66
2025-11-16 23:00:00,SACSI Full,0.3176566490406748,0.0018133223056793213,0.0,0.0,0.0,0.0,0.9999621003866196,66
2025-11-17 00:00:00,SACSI Full,0.3182719310056127,0.0015845894813537598,0.0,0.0,0.0,0.0,0.9999660208821297,66
2025-11-17 01:00:00,SACSI Full,0.3188898445156174,0.0023740530014038086,0.0,0.0,0.0,0.0,0.9999446243047715,66
2025-11-17 02:00:00,SACSI Full,0.319173816724912,0.0021916627883911133,0.0,0.0,0.0,0.0,0.999954342842102,66
2025-11-17 03:00:00,SACSI Full,0.3200958475894687,0.0021092593669891357,0.0,0.0,0.0,0.0,-0.009627768168421636,66
2025-11-17 04:00:00,SACSI Full,0.3203511601299998,0.002093762159347534,0.0,0.0,0.0,0.0,-0.03515804321524394,66
2025-11-17 05:00:00,SACSI Full,0.32027229692488485,0.001841038465499878,0.0,0.0,0.0,0.0,-0.027269040494732534,66
2025-11-17 06:00:00,SACSI Full,0.32946116290121846,0.007659792900085449,0.0,0.0,0.0,0.0,-0.9463276735241931,66
2025-11-17 07:00:00,SACSI Full,0.329967359357174,0.0028589367866516113,0.0,0.0,0.0,0.0,-0.996841123014264,66
2025-11-17 08:00:00,SACSI Full,0.3294973155962385,0.0034868717193603516,0.0,0.0,0.0,0.0,-0.9498075764075652,66
2025-11-17 09:00:00,SACSI Full,0.3286578025367814,0.0031460821628570557,0.0,0.0,0.0,0.0,-0.8658465832169612,66
2025-11-17 10:00:00,SACSI Full,0.3359440733403919,0.008881241083145142,0.0,0.0,0.0,0.0,-1.5946423104500542,66
2025-11-17 11:00:00,SACSI Full,0.34512871518164456,0.016892552375793457,0.0,0.0,0.0,0.0,-2.5132894823248986,66
2025-11-17 12:00:00,SACSI Full,0.34527185828238305,0.004442930221557617,0.0,0.0,0.0,0.0,-2.5273991830642775,66
2025-11-17 13:00:00,SACSI Full,0.34527407033711255,0.004663616418838501,0.0,0.0,0.0,0.0,-2.527502512901604,66
2025-11-17 14:00:00,SACSI Full,0.34566718738903185,0.004935115575790405,0.0,0.0,0.0,0.0,-2.5668201562062696,66
2025-11-17 15:00:00,SACSI Full,0.348743521217799,0.007900148630142212,0.0,0.0,0.0,0.0,-2.874539775083046,66
2025-11-17 16:00:00,SACSI Full,0.3497227498399177,0.0042685866355896,0.0,0.0,0.0,0.0,-2.9723966713444256,66
2025-11-17 17:00:00,SACSI Full,0.34984139555006805,0.0035937130451202393,0.0,0.0,0.0,0.0,-2.984218178003611,66
2025-11-17 18:00:00,SACSI Full,0.3499877417909064,0.00340387225151062,0.0,0.0,0.0,0.0,-2.9988441549436073,66
2025-11-17 19:00:00,SACSI Full,0.3511235598871969,0.003697425127029419,0.0,0.03745199623989635,0.0,0.0,-3.112432872750985,66
2025-11-17 20:00:00,SACSI Full,0.3515431215644356,0.0028058886528015137,0.0,0.051437385481187904,0.0,0.0,-3.15437718958136,66
2025-11-17 21:00:00,SACSI Full,0.354627638679547,0.0051097571849823,0.0,0.15425462265156684,0.0,0.0,-3.4628891017837202,66
2025-11-17 22:00:00,SACSI Full,0.3580035999240305,0.005075037479400635,0.0,0.2667866641343508,1.4210854715202004e-14,0.0,-3.8004618403496955,66
2025-11-17 23:00:00,SACSI Full,0.35805885783533686,0.002205967903137207,0.0,0.2686285945112289,0.0,0.0,-3.8059585935875115,66
2025-11-18 00:00:00,SACSI Full,0.36716594634384303,0.004324764013290405,0.0,0.5721982114614349,0.0,0.0,-4.7167023176256695,66
2025-11-18 01:00:00,SACSI Full,0.38160028847250693,0.009145587682723999,0.0,1.0533429490835644,-1.4210854715202004e-14,0.0,-6.160259967241041,66
2025-11-18 02:00:00,SACSI Full,0.3831606833396556,0.007474571466445923,0.0,1.1053561113218522,0.0,0.0,-6.316234535557049,66
2025-11-18 03:00:00,SACSI Full,0.3821861407913746,0.00600859522819519,0.0,1.0728713597124866,1.4210854715202004e-14,0.0,-6.218748910804405,66
2025-11-18 04:00:00,SACSI Full,0.37917883181005546,0.004435032606124878,0.0,0.9726277270018486,0.0,0.0,-5.917987617283889,66
2025-11-18 05:00:00,SACSI Full,0.3773502267405077,0.005592703819274902,0.0,0.9116742246835913,0.0,0.0,-5.735146104839288,66
2025-11-18 06:00:00,SACSI Full,0.37475085540121955,0.004717111587524414,0.0,0.8250285133739838,0.0,0.0,-5.475188638276022,66
2025-11-18 07:00:00,SACSI Full,0.3726894174553111,0.005882531404495239,0.0,0.7563139151770358,0.0,0.0,-5.269071050357368,66
2025-11-18 08:00:00,SACSI Full,0.3748836385301192,0.015220940113067627,0.0,0.8294546176706391,0.0,0.0,-5.488761655901265,66
2025-11-18 09:00:00,SACSI Full,0.371776968117783,0.006397813558578491,0.0,0.7258989372594329,0.0,0.0,-5.177912999315016,66
2025-11-18 10:00:00,SACSI Full,0.36864601006146924,0.005246251821517944,0.0,0.6215336687156423,0.0,0.0,-4.864717446800724,66
2025-11-18 11:00:00,SACSI Full,0.36909441095504153,0.011000633239746094,0.0,0.6364803651680518,0.0,0.0,-4.9097186519831295,66
2025-11-18 12:00:00,SACSI Full,0.36770256091731485,0.010530352592468262,0.0,0.5900853639104938,0.0,0.0,-4.770471401589807,66
2025-11-18 13:00:00,SACSI Full,0.3655293046663197,0.005666613578796387,0.0,0.5176434888773244,0.0,0.0,-4.553092436293684,66
2025-11-18 14:00:00,SACSI Full,0.36449571261006525,0.0046128034591674805,0.0,0.483190420335508,0.0,0.0,-4.449674055176903,66
2025-11-18 15:00:00,SACSI Full,0.3712599168660456,0.024925172328948975,0.0,0.7086638955348534,0.0,0.0,-5.126693313739835,66
2025-11-18 16:00:00,SACSI Full,0.36912005936260944,0.005878061056137085,0.0,0.6373353120869809,0.0,0.0,-4.912313968594794,66
2025-11-18 17:00:00,SACSI Full,0.3672648386057251,0.003928393125534058,0.0,0.5754946201908367,0.0,0.0,-4.726581925114328,66
2025-11-18 18:00:00,SACSI Full,0.3653988699493438,0.004505068063735962,0.0,0.5132956649781264,0.0,0.0,-4.539982863045035,66
2025-11-18 19:00:00,SACSI Full,0.3637183412324455,0.004119426012039185,0.0,0.45727804108151704,0.0,0.0,-4.371920368185308,66
2025-11-18 20:00:00,SACSI Full,0.3622076857130885,0.004726201295852661,0.0,0.40692285710294984,0.0,0.0,-4.220869163087602,66
2025-11-18 21:00:00,SACSI Full,0.3608479102262103,0.004664361476898193,0.0,0.3615970075403439,0.0,0.0,-4.0848849282487585,66
2025-11-18 22:00:00,SACSI Full,0.3596495792074421,0.004653334617614746,0.0,0.32165264024807105,0.0,0.0,-3.965051097705156,66
2025-11-18 23:00:00,SACSI Full,0.35947320470602084,0.00536113977432251,0.0,0.31577349020069506,0.0,0.0,-3.9474347714491373,66
2025-11-19 00:00:00,SACSI Full,0.35873724834183546,0.004454702138900757,0.0,0.29124161139451415,0.0,0.0,-3.8738229926026775,66
2025-11-19 01:00:00,SACSI Full,0.3586520604353519,0.005345642566680908,0.0,0.2884020145117305,0.0,0.0,-3.865321865790803,66
2025-11-19 02:00:00,SACSI Full,0.3579736402840648,0.0047619640827178955,0.0,0.2657880094688281,0.0,0.0,-3.797465104472974,66
2025-11-19 03:00:00,SACSI Full,0.3570587911770851,0.0033383071422576904,0.0,0.23529303923616995,0.0,0.0,-3.70596012042076,66
2025-11-19 04:00:00,SACSI Full,0.35804119194204603,0.005259960889816284,0.0,0.26803973140153375,0.0,0.0,-3.8042436099598747,66
2025-11-19 05:00:00,SACSI Full,0.3580743624314218,0.0045965611934661865,0.0,0.26914541438072775,0.0,0.0,-3.8075348083630143,66
2025-11-19 06:00:00,SACSI Full,0.3574530920432105,0.0045552849769592285,0.0,0.24843640144034965,0.0,0.0,-3.7454007227827555,66
2025-11-19 07:00:00,SACSI Full,0.35676814608509194,0.005121082067489624,0.0,0.22560486950306427,0.0,0.0,-3.6769226881214485,66
2025-11-19 08:00:00,SACSI Full,0.3558702684666054,0.004812330007553101,0.0,0.1956756155535132,0.0,0.0,-3.587126180781291,66
2025-11-19 09:00:00,SACSI Full,0.35494276368200806,0.007507354021072388,0.0,0.16475878940026834,0.0,0.0,-3.4944534655213615,66
2025-11-19 10:00:00,SACSI Full,0.3538784222040775,0.007478296756744385,0.0,0.12928074013591556,0.0,0.0,-3.387992076915528,66
2025-11-19 11:00:00,SACSI Full,0.35303928259702344,0.006567537784576416,0.0,0.10130941990078242,0.0,0.0,-3.3040687180477564,66
2025-11-19 12:00:00,SACSI Full,0.352229241955386,0.005295872688293457,0.0,0.07430806517953385,0.0,0.0,-3.22304282964333,66
2025-11-19 13:00:00,SACSI Full,0.35124273853812193,0.002473592758178711,0.0,0.04142461793739756,0.0,0.0,-3.1243515484666577,66
2025-11-19 14:00:00,SACSI Full,0.3602296880794189,0.024074465036392212,0.0,0.34098960264729783,0.0,0.0,-4.0236663059654,66
2025-11-19 15:00:00,SACSI Full,0.3601616015251239,0.005294084548950195,0.0,0.3387200508374633,0.0,0.0,-4.016453838008242,66
2025-11-19 16:00:00,SACSI Full,0.35902234879062417,0.003469139337539673,0.0,0.3007449596874707,-1.4210854715202004e-14,0.0,-3.9023225113012807,66
2025-11-19 17:00:00,SACSI Full,0.35819939501684167,0.002927035093307495,0.0,0.273313167228055,0.0,0.0,-3.820003463428475,66
2025-11-19 18:00:00,SACSI Full,0.35753750711036847,0.0036838650703430176,0.0,0.25125023701228316,0.0,0.0,-3.753831956638024,66
2025-11-19 19:00:00,SACSI Full,0.3566657478429657,0.0031638145446777344,0.0,0.22219159476552194,0.0,0.0,-3.6666432610927173,66
2025-11-19 20:00:00,SACSI Full,0.35588309301058485,0.0038066506385803223,0.0,0.19610310035282766,0.0,0.0,-3.588391862432195,66
2025-11-19 21:00:00,SACSI Full,0.3551528952074054,0.0037038326263427734,0.0,0.17176317358017884,0.0,0.0,-3.515364625573188,66
2025-11-19 22:00:00,SACSI Full,0.35449462731361414,0.0033405423164367676,0.0,0.14982091045380486,0.0,0.0,-3.4495331751108416,66
2025-11-19 23:00:00,SACSI Full,0.3539283353037836,0.0035569071769714355,0.0,0.1309445101261204,0.0,0.0,-3.392906832170503,66
2025-11-20 00:00:00,SACSI Full,0.35344302719168674,0.0031751394271850586,0.0,0.11476757305622556,0.0,0.0,-3.344370039634715,66
2025-11-20 01:00:00,SACSI Full,0.3529808553910209,0.003210306167602539,0.0,0.09936184636736273,0.0,0.0,-3.2981500968928477,66
2025-11-20 02:00:00,SACSI Full,0.3525389568648296,0.003062337636947632,0.0,0.08463189549432144,0.0,0.0,-3.2539584129210057,66
2025-11-20 03:00:00,SACSI Full,0.35244287539805985,0.0036047399044036865,0.0,0.08142917993532849,0.0,0.0,-3.244365058626747,66
2025-11-20 04:00:00,SACSI Full,0.35476731911569254,0.007243752479553223,0.0,0.15891063718975149,0.0,0.0,-3.4769131767445955,66
2025-11-20 05:00:00,SACSI Full,0.354775435647393,0.004116147756576538,0.0,0.15918118824643415,0.0,0.0,-3.477657163741661,66
2025-11-20 06:00:00,SACSI Full,0.35470332943507266,0.0031457841396331787,0.0,0.15677764783575443,0.0,0.0,-3.470405562826227,66
2025-11-20 07:00:00,SACSI Full,0.3549428653003117,0.004622936248779297,0.0,0.16476217667705698,0.0,0.0,-3.494393760277238,66
2025-11-20 08:00:00,SACSI Full,0.3543803463341004,0.004755854606628418,0.0,0.14601154447001363,0.0,0.0,-3.4381310796857525,66
2025-11-20 09:00:00,SACSI Full,0.35387309052501975,0.00642627477645874,0.0,0.12910301750065828,0.0,0.0,-3.3874542821992017,66
2025-11-20 10:00:00,SACSI Full,0.3531340245002049,0.005747675895690918,0.0,0.10446748334016293,0.0,0.0,-3.3135241895272136,66
2025-11-20 11:00:00,SACSI Full,0.3533159401458685,0.005106031894683838,0.0,0.1105313381956151,0.0,0.0,-3.3317025516647507,66
2025-11-20 12:00:00,SACSI Full,0.3554002433402107,0.00929906964302063,0.0,0.18000811134035644,0.0,0.0,-3.540252245791413,66
2025-11-20 13:00:00,SACSI Full,0.3582228966533034,0.00789254903793335,0.0,0.2740965551101141,0.0,0.0,-3.822461581517151,66
2025-11-20 14:00:00,SACSI Full,0.35867127404167254,0.010555684566497803,0.0,0.28904246805575157,0.0,0.0,-3.8673651492138688,66
2025-11-20 15:00:00,SACSI Full,0.3581861605683028,0.005837976932525635,0.0,0.27287201894342844,0.0,0.0,-3.818779993445272,66
2025-11-20 16:00:00,SACSI Full,0.35694661513105574,0.004190206527709961,0.0,0.23155383770185695,0.0,0.0,-3.6947617949401765,66
2025-11-20 17:00:00,SACSI Full,0.35630753225030487,0.0035262107849121094,0.0,0.21025107501016294,0.0,0.0,-3.6308303892036125,66
2025-11-20 18:00:00,SACSI Full,0.3603714041204034,0.0073750317096710205,0.0,0.3457134706801128,0.0,0.0,-4.0373264008837815,66
2025-11-20 19:00:00,SACSI Full,0.3592151956794362,0.002810657024383545,0.0,0.30717318931453974,0.0,0.0,-3.9216214248309615,66
2025-11-20 20:00:00,SACSI Full,0.3591041524067253,0.004158765077590942,0.0,0.303471746890844,0.0,0.0,-3.9105118970546107,66
2025-11-20 21:00:00,SACSI Full,0.35870086382926075,0.0030422210693359375,0.0,0.2900287943086923,0.0,0.0,-3.870158392787544,66
2025-11-20 22:00:00,SACSI Full,0.35801394325048236,0.0035552680492401123,0.0,0.26713144168274566,0.0,0.0,-3.8014705608790194,66
2025-11-20 23:00:00,SACSI Full,0.3576959302003727,0.003627091646194458,0.0,0.25653100667909,0.0,0.0,-3.769666280106164,66
2025-11-21 00:00:00,SACSI Full,0.35713393501826035,0.003199279308319092,0.0,0.23779783394201248,0.0,0.0,-3.7134617655355795,66
2025-11-21 01:00:00,SACSI Full,0.35632958327687897,0.003680586814880371,0.0,0.2109861092292988,0.0,0.0,-3.6330367524992595,66
2025-11-21 02:00:00,SACSI Full,0.3555808555903177,0.0039102137088775635,0.0,0.18602851967725656,0.0,0.0,-3.5581660595748876,66
2025-11-21 03:00:00,SACSI Full,0.3549049188311822,0.003216266632080078,0.0,0.16349729437273908,0.0,0.0,-3.490563147921628,66
2025-11-21 04:00:00,SACSI Full,0.3543238308067256,0.003801286220550537,0.0,0.14412769355752034,0.0,0.0,-3.432464956592853,66
2025-11-21 05:00:00,SACSI Full,0.35437908790187245,0.005046725273132324,0.0,0.14596959672908127,0.0,0.0,-3.4380221790832324,66
2025-11-21 06:00:00,SACSI Full,0.3537504555992741,0.004425495862960815,0.0,0.12501518664247016,0.0,0.0,-3.3751402821387697,66
2025-11-21 07:00:00,SACSI Full,0.35371104844395446,0.005379468202590942,0.0,0.1237016147984818,0.0,0.0,-3.3712219734828928,66
2025-11-21 08:00:00,SACSI Full,0.3547052654238712,0.008107274770736694,0.0,0.15684218079570655,0.0,0.0,-3.4707159659482163,66
2025-11-21 09:00:00,SACSI Full,0.3539677166363154,0.006492584943771362,0.0,0.13225722121051292,0.0,0.0,-3.396917662228682,66
2025-11-21 10:00:00,SACSI Full,0.3528237262303133,0.005927085876464844,0.0,0.094124207677109,0.0,0.0,-3.282496819739529,66
2025-11-21 11:00:00,SACSI Full,0.3516427459784596,0.006464123725891113,0.0,0.05475819928198718,0.0,0.0,-3.164409250698974,66
2025-11-21 12:00:00,SACSI Full,0.3508799920507892,0.006506890058517456,0.0,0.02933306835963947,0.0,0.0,-3.088129770543414,66
2025-11-21 13:00:00,SACSI Full,0.35071054089849807,0.004349350929260254,0.0,0.02368469661660129,0.0,0.0,-3.0711626522596838,66
2025-11-21 14:00:00,SACSI Full,0.34970634208982804,0.004740357398986816,0.0,0.0,0.0,0.0,-2.9707329261954802,66
2025-11-21 15:00:00,SACSI Full,0.3489567826730571,0.004632174968719482,0.0,0.0,0.0,0.0,-2.8957719926293835,66
2025-11-21 16:00:00,SACSI Full,0.34840141853715595,0.003390759229660034,0.0,0.0,0.0,0.0,-2.840222083057578,66
2025-11-21 17:00:00,SACSI Full,0.35157433288442147,0.006352066993713379,0.0,0.052477762814048395,0.0,0.0,-3.157589942859661,66
2025-11-21 18:00:00,SACSI Full,0.3612008716120754,0.012324005365371704,0.0,0.3733623870691801,0.0,0.0,-4.120393360698565,66
2025-11-21 19:00:00,SACSI Full,0.3599631031240017,0.0032728910446166992,0.0,0.33210343746672355,0.0,0.0,-3.99646628136427,66
2025-11-21 20:00:00,SACSI Full,0.35885123937055385,0.003982186317443848,0.0,0.2950413123517947,0.0,0.0,-3.885210673734462,66
2025-11-21 21:00:00,SACSI Full,0.35812461808685875,0.0038342177867889404,0.0,0.270820602895293,0.0,0.0,-3.8125399727269165,66
2025-11-21 22:00:00,SACSI Full,0.35749646470336094,0.003936141729354858,0.0,0.24988215677869763,0.0,0.0,-3.749726212410106,66
2025-11-21 23:00:00,SACSI Full,0.3611394517879603,0.006711184978485107,0.0,0.3713150595986761,0.0,0.0,-4.114107152928091,66
2025-11-22 00:00:00,SACSI Full,0.363236944029294,0.004479140043258667,0.0,0.44123146764313365,0.0,0.0,-4.323806306179619,66
2025-11-22 01:00:00,SACSI Full,0.3726090316476487,0.007760673761367798,0.0,0.753634388254956,0.0,0.0,-5.261091193577276,66
2025-11-22 02:00:00,SACSI Full,0.3855774379087146,0.010436475276947021,0.0,1.1859145969571543,0.0,0.0,-6.557979278392157,66
2025-11-22 03:00:00,SACSI Full,0.3900492145441165,0.010506808757781982,0.0,1.3349738181372175,0.0,0.0,-7.005132293921614,66
2025-11-22 04:00:00,SACSI Full,0.3883626000941566,0.006769001483917236,0.0,1.2787533364718868,0.0,0.0,-6.836432767518073,66
2025-11-22 05:00:00,SACSI Full,0.3868174152762387,0.006191730499267578,0.0,1.2272471758746235,0.0,0.0,-6.6818711349437,66
2025-11-22 06:00:00,SACSI Full,0.3839002994381213,0.005875229835510254,0.0,1.1300099812707118,0.0,0.0,-6.390150613415479,66
2025-11-22 07:00:00,SACSI Full,0.38271910833479383,0.004279613494873047,0.0,1.0906369444931272,0.0,0.0,-6.2720123819126865,66
2025-11-22 08:00:00,SACSI Full,0.3954188090380557,0.008870512247085571,0.0,1.5139603012685243,0.0,0.0,-7.5421042230380335,66
2025-11-22 09:00:00,SACSI Full,0.40505698371200516,0.011685192584991455,0.0,1.8352327904001713,0.0,0.0,-8.505960221855593,66
2025-11-22 10:00:00,SACSI Full,0.41099584140445666,0.01685202121734619,0.0,2.033194713481889,0.0,0.0,-9.099972849156336,66
2025-11-22 11:00:00,SACSI Full,0.4095560186301399,0.014753788709640503,0.0,1.985200621004664,0.0,0.0,-8.955917921113262,66
2025-11-22 12:00:00,SACSI Full,0.40937093382526,0.019005686044692993,0.0,1.9790311275086667,0.0,0.0,-8.937516015220245,66
2025-11-22 13:00:00,SACSI Full,0.4076046743808558,0.017777979373931885,0.0,1.9201558126951939,0.0,0.0,-8.760835274739765,66
2025-11-22 14:00:00,SACSI Full,0.40120889717457026,0.009230077266693115,0.0,1.7069632391523428,0.0,0.0,-8.121159798023431,66
2025-11-22 15:00:00,SACSI Full,0.39595724620065686,0.009412914514541626,0.0,1.5319082066885614,0.0,0.0,-7.595914706728455,66
2025-11-22 16:00:00,SACSI Full,0.3913005069688701,0.0071617960929870605,0.0,1.3766835656290042,0.0,0.0,-7.130216443993083,66
2025-11-22 17:00:00,SACSI Full,0.3875861959892282,0.00657990574836731,0.0,1.2528731996409406,0.0,0.0,-6.758757015941235,66
2025-11-22 18:00:00,SACSI Full,0.3839641946614178,0.005039423704147339,0.0,1.1321398220472603,0.0,0.0,-6.396535659436304,66
2025-11-22 19:00:00,SACSI Full,0.3810807879661672,0.005004256963729858,0.0,1.0360262655389065,0.0,0.0,-6.108179233423397,66
2025-11-22 20:00:00,SACSI Full,0.37786173113004734,0.005507320165634155,0.0,0.9287243710015787,0.0,0.0,-5.786288290040066,66
2025-11-22 21:00:00,SACSI Full,0.3752622862417969,0.004742741584777832,0.0,0.8420762080598977,0.0,0.0,-5.526331124797196,66
2025-11-22 22:00:00,SACSI Full,0.3741204536616331,0.0039653480052948,0.0,0.8040151220544374,0.0,0.0,-5.41213244705921,66
2025-11-22 23:00:00,SACSI Full,0.37673536765916876,0.00965312123298645,0.0,0.891178921972292,0.0,0.0,-5.673786706073812,66
2025-11-23 00:00:00,SACSI Full,0.37485076568195574,0.005478262901306152,0.0,0.8283588560651922,0.0,0.0,-5.4852278820369165,66
2025-11-23 01:00:00,SACSI Full,0.37282793970718403,0.005083531141281128,0.0,0.760931323572801,0.0,0.0,-5.282899588658828,66
2025-11-23 02:00:00,SACSI Full,0.3740441906650163,0.008848309516906738,0.0,0.8014730221672111,0.0,0.0,-5.404633680475726,66
2025-11-23 03:00:00,SACSI Full,0.37180164981192027,0.004959404468536377,0.0,0.7267216603973424,0.0,0.0,-5.18030305833188,66
2025-11-23 04:00:00,SACSI Full,0.36948337600814407,0.004963725805282593,0.0,0.649445866938136,0.0,0.0,-4.948436918543879,66
2025-11-23 05:00:00,SACSI Full,0.36739534126997386,0.0044342875480651855,0.0,0.5798447089991285,0.0,0.0,-4.73962810713092,66
2025-11-23 06:00:00,SACSI Full,0.3660958157262837,0.006169527769088745,0.0,0.5365271908761244,0.0,0.0,-4.609722315585961,66
2025-11-23 07:00:00,SACSI Full,0.3663341315945657,0.009465813636779785,0.0,0.5444710531521892,0.0,0.0,-4.633635438587981,66
2025-11-23 08:00:00,SACSI Full,0.364180479757369,0.005087107419967651,0.0,0.4726826585789667,0.0,0.0,-4.418193504947467,66
2025-11-23 09:00:00,SACSI Full,0.36352007588420554,0.007548034191131592,0.0,0.4506691961401842,0.0,0.0,-4.352183158372088,66
2025-11-23 10:00:00,SACSI Full,0.3641746819661341,0.006871223449707031,0.0,0.4724893988711372,0.0,0.0,-4.417612389189819,66
2025-11-23 11:00:00,SACSI Full,0.36940477624400997,0.01985415816307068,0.0,0.6468258748003323,0.0,0.0,-4.941004536911391,66
2025-11-23 12:00:00,SACSI Full,0.3670989223905612,0.007707923650741577,0.0,0.5699640796853729,0.0,0.0,-4.710167859874256,66
2025-11-23 13:00:00,SACSI Full,0.3652870943821855,0.006021410226821899,0.0,0.5095698127395167,0.0,0.0,-4.528846731557324,66
2025-11-23 14:00:00,SACSI Full,0.3627028103280116,0.005141794681549072,0.0,0.4234270109337203,0.0,0.0,-4.2703926648502435,66
2025-11-23 15:00:00,SACSI Full,0.36058488009214834,0.006450265645980835,0.0,0.35282933640494607,0.0,0.0,-4.058630099237398,66
2025-11-23 16:00:00,SACSI Full,0.35895561787438784,0.0052419304847717285,0.0,0.2985205958129285,0.0,0.0,-3.8956787094000913,66
2025-11-23 17:00:00,SACSI Full,0.3577418455385482,0.004429817199707031,0.0,0.25806151795160587,0.0,0.0,-3.774281271331665,66
2025-11-23 18:00:00,SACSI Full,0.35682517211478787,0.0035037100315093994,0.0,0.22750573715959632,0.0,0.0,-3.6825965467510984,66
2025-11-23 19:00:00,SACSI Full,0.3560498016830847,0.003048926591873169,0.0,0.2016600561028227,0.0,0.0,-3.6050456946747027,66
2025-11-23 20:00:00,SACSI Full,0.35535167772190857,0.002952069044113159,0.0,0.178389257396951,0.0,0.0,-3.5352277821472153,66
2025-11-23 21:00:00,SACSI Full,0.3550497928600647,0.003260970115661621,0.0,0.16832642866882283,0.0,0.0,-3.5050475944195,66
2025-11-23 22:00:00,SACSI Full,0.3544526782917801,0.0032882392406463623,0.0,0.14842260972600485,0.0,0.0,-3.4453338666540745,66
2025-11-23 23:00:00,SACSI Full,0.35421502260564175,0.003204047679901123,0.0,0.1405007535213926,0.0,0.0,-3.4215671834333796,66
2025-11-24 00:00:00,SACSI Full,0.35487886186777123,0.004280507564544678,0.0,0.16262872892570784,0.0,0.0,-3.48798256152726,66
2025-11-24 01:00:00,SACSI Full,0.3557740176564923,0.0035139918327331543,0.0,0.1924672552164097,0.0,0.0,-3.5774797106432024,66
2025-11-24 02:00:00,SACSI Full,0.3551043447099749,0.0032429397106170654,0.0,0.1701448236658294,0.0,0.0,-3.51050204031292,66
2025-11-24 03:00:00,SACSI Full,0.3550523449430427,0.003811568021774292,0.0,0.16841149810142328,0.0,0.0,-3.505316411947818,66
2025-11-24 04:00:00,SACSI Full,0.355305862994572,0.003917515277862549,0.0,0.176862099819067,0.0,0.0,-3.530665709235318,66
2025-11-24 05:00:00,SACSI Full,0.3591668396016185,0.006354302167892456,0.0,0.30556132005394976,0.0,0.0,-3.916835414074107,66
2025-11-24 06:00:00,SACSI Full,0.3659122258409462,0.013523399829864502,0.0,0.5304075280315402,0.0,0.0,-4.591564743067835,66
2025-11-24 07:00:00,SACSI Full,0.36470727464585917,0.005257129669189453,0.0,0.4902424881953053,0.0,0.0,-4.470915269880907,66
2025-11-24 08:00:00,SACSI Full,0.36306719048633646,0.0050477683544158936,0.0,0.43557301621121525,0.0,0.0,-4.306822097613881,66
2025-11-24 09:00:00,SACSI Full,0.3610359873378378,0.005005300045013428,0.0,0.3678662445945946,0.0,0.0,-4.103699264467775,66
2025-11-24 10:00:00,SACSI Full,0.3589248237720819,0.0041450560092926025,0.0,0.2974941257360641,0.0,0.0,-3.8925738807687327,66
2025-11-24 11:00:00,SACSI Full,0.35697082255670654,0.0031603872776031494,0.0,0.2323607518902179,0.0,0.0,-3.697155310103522,66
2025-11-24 12:00:00,SACSI Full,0.3583937251914968,0.006161630153656006,0.0,0.2797908397165614,0.0,0.0,-3.839525764181514,66
2025-11-24 13:00:00,SACSI Full,0.3580482393624869,0.004628896713256836,0.0,0.26827464541622986,0.0,0.0,-3.8049318415173605,66
2025-11-24 14:00:00,SACSI Full,0.3590089383773643,0.003007650375366211,0.0,0.30029794591214487,0.0,0.0,-3.9009702032073164,66
2025-11-24 15:00:00,SACSI Full,0.3678801945821618,0.018883347511291504,0.0,0.5960064860720593,0.0,0.0,-4.788555882137766,66
2025-11-24 16:00:00,SACSI Full,0.37051229853250156,0.009374469518661499,0.0,0.6837432844167197,0.0,0.0,-5.051512431420455,66
2025-11-24 17:00:00,SACSI Full,0.3757923638676784,0.011765062808990479,0.0,0.8597454622559468,0.0,0.0,-5.579495593956922,66
2025-11-24 18:00:00,SACSI Full,0.3730499925152524,0.005121678113937378,0.0,0.7683330838417461,0.0,0.0,-5.305168118934468,66
2025-11-24 19:00:00,SACSI Full,0.37366006060672374,0.005689114332199097,0.0,0.7886686868907916,0.0,0.0,-5.3661255173212,66
2025-11-24 20:00:00,SACSI Full,0.3726818158683113,0.005087107419967651,0.0,0.7560605289437092,0.0,0.0,-5.26828934904865,66
2025-11-24 21:00:00,SACSI Full,0.3754025820341943,0.005482584238052368,0.0,0.8467527344731437,0.0,0.0,-5.540371809872371,66
2025-11-24 22:00:00,SACSI Full,0.3863147898999964,0.009655356407165527,0.0,1.2104929966665468,0.0,0.0,-6.631713824849474,66
2025-11-24 23:00:00,SACSI Full,0.3831896677792175,0.002785623073577881,0.0,1.1063222593072497,0.0,0.0,-6.3190911877165545,66
2025-11-25 00:00:00,SACSI Full,0.3849392829152438,0.006527304649353027,0.0,1.1646427638414607,0.0,0.0,-6.494096254433126,66
2025-11-25 01:00:00,SACSI Full,0.3867614488057339,0.006031394004821777,0.0,1.2253816268577964,0.0,0.0,-6.676270467559929,66
2025-11-25 02:00:00,SACSI Full,0.38780543617284685,0.007377415895462036,0.0,1.2601812057615618,0.0,0.0,-6.7807046258215005,66
2025-11-25 03:00:00,SACSI Full,0.3908279384458934,0.010181963443756104,0.0,1.3609312815297814,0.0,0.0,-7.0830255293337,66
2025-11-25 04:00:00,SACSI Full,0.39116643243404103,0.007762610912322998,0.0,1.3722144144680344,0.0,0.0,-7.116822689147664,66
2025-11-25 05:00:00,SACSI Full,0.3914497661868203,0.009158998727798462,0.0,1.3816588728940105,0.0,0.0,-7.145173762534742,66
2025-11-25 06:00:00,SACSI Full,0.38892206082673086,0.00709041953086853,0.0,1.2974020275576963,0.0,0.0,-6.892368576855673,66
2025-11-25 07:00:00,SACSI Full,0.3860253202985336,0.0083218514919281,0.0,1.2008440099511206,0.0,0.0,-6.602710781202807,66
2025-11-25 08:00:00,SACSI Full,0.3847966305431077,0.010280758142471313,0.0,1.1598876847702557,0.0,0.0,-6.479888258540125,66
2025-11-25 09:00:00,SACSI Full,0.38196935886433864,0.004463791847229004,0.0,1.0656452954779538,0.0,0.0,-6.19708333193376,66
2025-11-25 10:00:00,SACSI Full,0.38509441416571566,0.011330395936965942,0.0,1.1698138055238558,0.0,0.0,-6.509736690531202,66
2025-11-25 11:00:00,SACSI Full,0.39540929587879803,0.020607709884643555,0.0,1.5136431959599337,0.0,0.0,-7.541434515216971,66
2025-11-25 12:00:00,SACSI Full,0.3927899877470644,0.010540485382080078,0.0,1.4263329249021481,0.0,0.0,-7.279310256659108,66
2025-11-25 13:00:00,SACSI Full,0.39383661390130925,0.021708309650421143,0.0,1.461220463376975,0.0,0.0,-7.384207234566617,66
2025-11-25 14:00:00,SACSI Full,0.38913307462440616,0.005874037742614746,0.0,1.3044358208135378,0.0,0.0,-6.913583285914545,66
2025-11-25 15:00:00,SACSI Full,0.38749508468520655,0.01143917441368103,0.0,1.2498361561735523,0.0,0.0,-6.749792903375638,66
2025-11-25 16:00:00,SACSI Full,0.3850165042371632,0.00864267349243164,0.0,1.1672168079054401,0.0,0.0,-6.501851242195381,66
2025-11-25 17:00:00,SACSI Full,0.3833846146259679,0.008253604173660278,0.0,1.1128204875322638,0.0,0.0,-6.338630425373451,66
2025-11-25 18:00:00,SACSI Full,0.3813150248236037,0.007957220077514648,0.0,1.0438341607867898,0.0,0.0,-6.131664590602879,66
2025-11-25 19:00:00,SACSI Full,0.3807079014537254,0.009459704160690308,0.0,1.023596715124181,0.0,0.0,-6.070994364296586,66
2025-11-25 20:00:00,SACSI Full,0.37802791250135176,0.006767064332962036,0.0,0.9342637500450593,0.0,0.0,-5.802953517820113,66
2025-11-25 21:00:00,SACSI Full,0.3752333029843479,0.0047272443771362305,0.0,0.8411100994782658,0.0,0.0,-5.523445241521893,66
2025-11-25 22:00:00,SACSI Full,0.372418844640831,0.004957318305969238,0.0,0.7472948213610352,0.0,0.0,-5.241985911188509,66
2025-11-25 23:00:00,SACSI Full,0.36991141528014526,0.004985034465789795,0.0,0.6637138426715098,0.0,0.0,-4.99124150586544,66
2025-11-26 00:00:00,SACSI Full,0.36762859406606124,0.004773437976837158,0.0,0.5876198022020418,0.0,0.0,-4.76295699133055,66
2025-11-26 01:00:00,SACSI Full,0.36554855407931597,0.004773139953613281,0.0,0.5182851359771988,0.0,0.0,-4.5549508737109,66
2025-11-26 02:00:00,SACSI Full,0.36373135409717133,0.006051808595657349,0.0,0.4577118032390445,0.0,0.0,-4.373269232575467,66
2025-11-26 03:00:00,SACSI Full,0.3620689851760063,0.005588829517364502,0.0,0.4022995058668755,0.0,0.0,-4.207014923981757,66
2025-11-26 04:00:00,SACSI Full,0.36057292020218307,0.0056111812591552734,0.0,0.35243067340610285,0.0,0.0,-4.057404467360906,66
2025-11-26 05:00:00,SACSI Full,0.35922452114751996,0.004964321851730347,0.0,0.30748403825066506,0.0,0.0,-3.922557869783104,66
2025-11-26 06:00:00,SACSI Full,0.35801475419483536,0.006228387355804443,0.0,0.26715847316117874,0.0,0.0,-3.8016126278856923,66
2025-11-26 07:00:00,SACSI Full,0.3567993968991216,0.006539374589920044,0.0,0.22664656330405394,0.0,0.0,-3.680073587276299,66
2025-11-26 08:00:00,SACSI Full,0.355505828869442,0.007957220077514648,0.0,0.18352762898139902,0.0,0.0,-3.5507562098006242,66
2025-11-26 09:00:00,SACSI Full,0.354141974891275,0.00940963625907898,0.0,0.1380658297091671,0.0,0.0,-3.414400206014499,66
2025-11-26 10:00:00,SACSI Full,0.352729631594166,0.007284730672836304,0.0,0.09098771980553409,0.0,0.0,-3.273130103085917,66
2025-11-26 11:00:00,SACSI Full,0.35140184707249245,0.005392879247665405,0.0,0.046728235749746716,-1.4210854715202004e-14,0.0,-3.1403114833484485,66
2025-11-26 12:00:00,SACSI Full,0.35020718656091426,0.005508065223693848,0.0,0.006906218697142208,0.0,0.0,-3.02082996925566,66
2025-11-26 13:00:00,SACSI Full,0.3490345608181609,0.005212277173995972,0.0,0.0,0.0,0.0,-2.9035632852400686,66
2025-11-26 14:00:00,SACSI Full,0.3480039454621925,0.0053153932094573975,0.0,0.0,0.0,0.0,-2.8005018852437917,66
2025-11-26 15:00:00,SACSI Full,0.34714170538294853,0.004827976226806641,0.0,0.0,0.0,0.0,-2.714271971989215,66
2025-11-26 16:00:00,SACSI Full,0.34653089846242013,0.0037579238414764404,0.0,0.0,0.0,0.0,-2.653175705242696,66
2025-11-26 17:00:00,SACSI Full,0.34611916993328473,0.003981441259384155,0.0,0.0,0.0,0.0,-2.6119988573278397,66
2025-11-26 18:00:00,SACSI Full,0.34579070740569173,0.0034612417221069336,0.0,0.0,0.0,0.0,-2.5791451673989876,66
2025-11-26 19:00:00,SACSI Full,0.34549177626479205,0.003820657730102539,0.0,0.0,0.0,0.0,-2.549257633793886,66
2025-11-26 20:00:00,SACSI Full,0.34589215702323656,0.005114227533340454,0.0,0.0,0.0,0.0,-2.589330922572354,66
2025-11-26 21:00:00,SACSI Full,0.34559596272894283,0.004641711711883545,0.0,0.0,0.0,0.0,-2.5596938322867344,66
2025-11-26 22:00:00,SACSI Full,0.34530061184037264,0.004894733428955078,0.0,0.0,0.0,0.0,-2.5301616089230134,66
2025-11-26 23:00:00,SACSI Full,0.3450336270676905,0.004904568195343018,0.0,0.0,0.0,0.0,-2.5034608964806178,66
2025-11-27 00:00:00,SACSI Full,0.34473633356440603,0.004311949014663696,0.0,0.0,0.0,0.0,-2.473725521612702,66
2025-11-27 01:00:00,SACSI Full,0.34446863701292413,0.004691034555435181,0.0,0.0,0.0,0.0,-2.4469613128389285,66
2025-11-27 02:00:00,SACSI Full,0.34420211467294437,0.005043298006057739,0.0,0.0,0.0,0.0,-2.4203158558890636,66
2025-11-27 03:00:00,SACSI Full,0.3439615295595779,0.004324465990066528,0.0,0.0,0.0,0.0,-2.396246633597753,66
2025-11-27 04:00:00,SACSI Full,0.3437218434829369,0.004594177007675171,0.0,0.0,0.0,0.0,-2.3722789289440174,66
2025-11-27 05:00:00,SACSI Full,0.3434825100671107,0.004699975252151489,0.0,0.0,0.0,0.0,-2.3483460641985596,66
2025-11-27 06:00:00,SACSI Full,0.3432162231654778,0.005113929510116577,0.0,0.0,0.0,0.0,-2.32172873468056,66
2025-11-27 07:00:00,SACSI Full,0.34283485055395513,0.004588216543197632,0.0,0.0,0.0,0.0,-2.283582076856045,66
2025-11-27 08:00:00,SACSI Full,0.34220090881852855,0.005317479372024536,0.0,0.0,0.0,0.0,-2.220204524068583,66
2025-11-27 09:00:00,SACSI Full,0.3413399408017452,0.005209594964981079,0.0,0.0,0.0,0.0,-2.134099350917887,66
2025-11-27 10:00:00,SACSI Full,0.3402818752545968,0.005580335855484009,0.0,0.0,0.0,0.0,-2.0283028395856944,66
2025-11-27 11:00:00,SACSI Full,0.33901775359897374,0.003263503313064575,0.0,0.0,0.0,0.0,-1.9018637982890585,66
2025-11-27 12:00:00,SACSI Full,0.33769610895662067,0.0030066072940826416,0.0,0.0,0.0,0.0,-1.7696735967681376,66
2025-11-27 13:00:00,SACSI Full,0.3364303849294638,0.00278279185295105,0.0,0.0,0.0,0.0,-1.6430963869378508,66
2025-11-27 14:00:00,SACSI Full,0.3353348769691443,0.002847611904144287,0.0,0.0,0.0,0.0,-1.5335452973530266,66
2025-11-27 15:00:00,SACSI Full,0.33438207279631055,0.003158748149871826,0.0,0.0,0.0,0.0,-1.4382735659565087,66
2025-11-27 16:00:00,SACSI Full,0.3337100717396394,0.0023996829986572266,0.0,0.0,0.0,0.0,-1.371062758275425,66
2025-11-27 17:00:00,SACSI Full,0.33326504828719855,0.002492964267730713,0.0,0.0,0.0,0.0,-1.3265556208178997,66
2025-11-27 18:00:00,SACSI Full,0.33296271968154667,0.0028014183044433594,0.0,0.0,0.0,0.0,-1.2963310810611224,66
2025-11-27 19:00:00,SACSI Full,0.3325749504982288,0.0026692450046539307,0.0,0.0,0.0,0.0,-1.257549756455973,66
2025-11-27 20:00:00,SACSI Full,0.33221734202731207,0.003217458724975586,0.0,0.0,0.0,0.0,-1.221804034042909,66
2025-11-27 21:00:00,SACSI Full,0.3318330254430429,0.0037050247192382812,0.0,0.0,0.0,0.0,-1.183381520458615,66
2025-11-27 22:00:00,SACSI Full,0.3314227835530893,0.004427433013916016,0.0,0.0,0.0,0.0,-1.142374128052154,66
2025-11-27 23:00:00,SACSI Full,0.3310980577400183,0.004582256078720093,0.0,0.0,0.0,0.0,-1.1098989673540545,66
2025-11-28 00:00:00,SACSI Full,0.33074285829016126,0.003940165042877197,0.0,0.0,0.0,0.0,-1.0743710532273412,66
2025-11-28 01:00:00,SACSI Full,0.3304154279163336,0.003770887851715088,0.0,0.0,0.0,0.0,-1.0416199021623056,66
2025-11-28 02:00:00,SACSI Full,0.3301157785394644,0.003605186939239502,0.0,0.0,0.0,0.0,-1.0116516146943477,66
2025-11-28 03:00:00,SACSI Full,0.3298177355077719,0.004087090492248535,0.0,0.0,0.0,0.0,-0.9818601116225625,66
2025-11-28 04:00:00,SACSI Full,0.3295463916487351,0.0035968422889709473,0.0,0.0,0.0,0.0,-0.9547160042013231,66
2025-11-28 05:00:00,SACSI Full,0.32927473486531333,0.003502964973449707,0.0,0.0,0.0,0.0,-0.927544484603957,66
2025-11-28 06:00:00,SACSI Full,0.32897535668957784,0.00368654727935791,0.0,0.0,0.0,0.0,-0.8976112357264292,66
2025-11-28 07:00:00,SACSI Full,0.32861990491339116,0.003864467144012451,0.0,0.0,0.0,0.0,-0.8620695598806419,66
2025-11-28 08:00:00,SACSI Full,0.3279595928242659,0.0059063732624053955,0.0,0.0,0.0,0.0,-0.7960978289530213,66
2025-11-28 09:00:00,SACSI Full,0.3270482886507963,0.007108747959136963,0.0,0.0,0.0,0.0,-0.704983063785782,66
2025-11-28 10:00:00,SACSI Full,0.32602199512827945,0.006611943244934082,0.0,0.0,0.0,0.0,-0.6023367197399851,66
2025-11-28 11:00:00,SACSI Full,0.3251623051344211,0.005593001842498779,0.0,0.0,0.0,0.0,-0.5163525628929861,66
2025-11-28 12:00:00,SACSI Full,0.32407817371396774,0.006260573863983154,0.0,0.0,0.0,0.0,-0.40794925859426817,66
2025-11-28 13:00:00,SACSI Full,0.32287798999496853,0.005444884300231934,0.0,0.0,0.0,0.0,-0.2879160540784943,66
2025-11-28 14:00:00,SACSI Full,0.3220171392006532,0.00524476170539856,0.0,0.0,0.0,0.0,-0.20182081652537806,66
2025-11-28 15:00:00,SACSI Full,0.3213488679046289,0.003518611192703247,0.0,0.0,0.0,0.0,-0.13497442419187133,66
2025-11-28 16:00:00,SACSI Full,0.3208192174779232,0.002604871988296509,0.0,0.0,0.0,0.0,-0.08198298262412843,66
2025-11-28 17:00:00,SACSI Full,0.32045793885100443,0.0021164119243621826,0.0,0.0,0.0,0.0,-0.04584109793956905,66
2025-11-28 18:00:00,SACSI Full,0.32020983461169955,0.00206872820854187,0.0,0.0,0.0,0.0,-0.021025312571283462,66
2025-11-28 19:00:00,SACSI Full,0.3200463250608102,0.0019471347332000732,0.0,0.0,0.0,0.0,-0.004672664710437813,66
2025-11-28 20:00:00,SACSI Full,0.319911991255567,0.0021998584270477295,0.0,0.0,0.0,0.0,0.9999534755945205,66
2025-11-28 21:00:00,SACSI Full,0.31977840449520506,0.0024239718914031982,0.0,0.0,0.0,0.0,0.9999492794275284,66
2025-11-28 22:00:00,SACSI Full,0.3196444834521269,0.0023236870765686035,0.0,0.0,0.0,0.0,0.9999525234103204,66
2025-11-28 23:00:00,SACSI Full,0.31956673137693165,0.00217437744140625,0.0,0.0,0.0,0.0,0.9999550193548202,66
2025-11-29 00:00:00,SACSI Full,0.3194884811062471,0.002024918794631958,0.0,0.0,0.0,0.0,0.9999580070376397,66
2025-11-29 01:00:00,SACSI Full,0.3194096765123661,0.0018586218357086182,0.0,0.0,0.0,0.0,0.9999611645936965,66
2025-11-29 02:00:00,SACSI Full,0.3193588376898424,0.0017483532428741455,0.0,0.0,0.0,0.0,0.9999639302492142,66
2025-11-29 03:00:00,SACSI Full,0.31933642558126213,0.001776367425918579,0.0,0.0,0.0,0.0,0.9999641925096512,66
2025-11-29 04:00:00,SACSI Full,0.3193131770208335,0.0015254318714141846,0.0,0.0,0.0,0.0,0.9999669820070267,66
2025-11-29 05:00:00,SACSI Full,0.31929141211935447,0.001970529556274414,0.0,0.0,0.0,0.0,0.9999561384320259,66
2025-11-29 06:00:00,SACSI Full,0.3192145486500717,0.0024409592151641846,0.0,0.0,0.0,0.0,0.9999464765191077,66
2025-11-29 07:00:00,SACSI Full,0.31899814590323533,0.0030791759490966797,0.0,0.0,0.0,0.0,0.9999320343136788,66
2025-11-29 08:00:00,SACSI Full,0.3185293280111608,0.0038546323776245117,0.0,0.0,0.0,0.0,0.9999151527881622,66
2025-11-29 09:00:00,SACSI Full,0.31778523632713723,0.006272494792938232,0.0,0.0,0.0,0.0,0.9998503714799881,66
2025-11-29 10:00:00,SACSI Full,0.3169027125218368,0.007242858409881592,0.0,0.0,0.0,0.0,0.9998454391956328,66
2025-11-29 11:00:00,SACSI Full,0.31558595297682845,0.004472136497497559,0.0,0.0,0.0,0.0,0.9998828500509263,66
2025-11-29 12:00:00,SACSI Full,0.3139805344234761,0.002874433994293213,0.0,0.0,0.0,0.0,0.999926534295082,66
2025-11-29 13:00:00,SACSI Full,0.3124877096091565,0.0026525557041168213,0.0,0.0,0.0,0.0,0.9999447301030159,66
2025-11-29 14:00:00,SACSI Full,0.31420850710340903,0.005239248275756836,0.0,0.0,0.0,0.0,0.9998693481087685,66
2025-11-29 15:00:00,SACSI Full,0.313902723911887,0.0017650425434112549,0.0,0.0,0.0,0.0,0.9999299570918083,66
2025-11-29 16:00:00,SACSI Full,0.31362307624527375,0.0031057000160217285,0.0,0.0,0.0,0.0,0.9999244794249534,66
2025-11-29 17:00:00,SACSI Full,0.313315777108953,0.0013102591037750244,0.0,0.0,0.0,0.0,0.999955840408802,66
2025-11-29 18:00:00,SACSI Full,0.31317871986814894,0.0013828277587890625,0.0,0.0,0.0,0.0,0.999971617758274,66
2025-11-29 19:00:00,SACSI Full,0.31412715088872667,0.001529306173324585,0.0,0.0,0.0,0.0,0.9999679490923882,66
2025-11-29 20:00:00,SACSI Full,0.3140482216217971,0.0018212199211120605,0.0,0.0,0.0,0.0,0.9999606564640999,66
2025-11-29 21:00:00,SACSI Full,0.313997278491145,0.0017170608043670654,0.0,0.0,0.0,0.0,0.9999646171927452,66
2025-11-29 22:00:00,SACSI Full,0.31397642951437393,0.002245306968688965,0.0,0.0,0.0,0.0,0.999949811398983,66
2025-11-29 23:00:00,SACSI Full,0.3139545901070889,0.0019481778144836426,0.0,0.0,0.0,0.0,0.9999580651521683,66
2025-11-30 00:00:00,SACSI Full,0.31457229649095303,0.002311915159225464,0.0,0.0,0.0,0.0,0.999950124323368,66
2025-11-30 01:00:00,SACSI Full,0.3155230093760149,0.0022138655185699463,0.0,0.0,0.0,0.0,0.9999547421932221,66
2025-11-30 02:00:00,SACSI Full,0.31744774430462286,0.002920478582382202,0.0,0.0,0.0,0.0,0.9999345242977142,66
2025-11-30 03:00:00,SACSI Full,0.31936875145940546,0.0018021464347839355,0.0,0.0,0.0,0.0,0.9999527737498284,66
2025-11-30 04:00:00,SACSI Full,0.32134744352686967,0.0021076202392578125,0.0,0.0,0.0,0.0,-0.13478955982979618,66
2025-11-30 05:00:00,SACSI Full,0.3216884082415557,0.002289414405822754,0.0,0.0,0.0,0.0,-0.16888843038535156,66
2025-11-30 06:00:00,SACSI Full,0.32161124724575446,0.002351701259613037,0.0,0.0,0.0,0.0,-0.16117238146917565,66
2025-11-30 07:00:00,SACSI Full,0.321447103898809,0.0017569959163665771,0.0,0.0,0.0,0.0,-0.14475147685265746,66
2025-11-30 08:00:00,SACSI Full,0.32895664367863103,0.003861933946609497,0.0,0.0,0.0,0.0,-0.8957626559223373,66
2025-11-30 09:00:00,SACSI Full,0.3414130473735786,0.0049211084842681885,0.0,0.0,0.0,0.0,-2.1414137512729194,66
2025-11-30 10:00:00,SACSI Full,0.35471883672167565,0.008531361818313599,0.0,0.1572945573891886,0.0,0.0,-3.4720904019372707,66
2025-11-30 11:00:00,SACSI Full,0.3561316794861231,0.004742145538330078,0.0,0.20438931620410303,0.0,0.0,-3.613300683685878,66
2025-11-30 12:00:00,SACSI Full,0.35672319164677324,0.0035600364208221436,0.0,0.22410638822577483,0.0,0.0,-3.6724021864969147,66
2025-11-30 13:00:00,SACSI Full,0.35627984920743583,0.003825575113296509,0.0,0.20932830691452722,0.0,0.0,-3.6280640876327728,66
2025-11-30 14:00:00,SACSI Full,0.3586468560180974,0.00883057713508606,0.0,0.2882285339365822,1.4210854715202004e-14,0.0,-3.864912263372662,66
2025-11-30 15:00:00,SACSI Full,0.3579395613955777,0.005463659763336182,0.0,0.2646520465192566,0.0,0.0,-3.7940990819267535,66
2025-11-30 16:00:00,SACSI Full,0.35670092378181106,0.004772841930389404,0.0,0.22336412606036904,0.0,0.0,-3.6701947431980426,66
2025-11-30 17:00:00,SACSI Full,0.35568632245101234,0.004163682460784912,0.0,0.18954408170041007,0.0,0.0,-3.568721610345145,66
2025-11-30 18:00:00,SACSI Full,0.3549524649053606,0.0044248998165130615,0.0,0.16508216351202096,0.0,0.0,-3.4953376007059456,66
2025-11-30 19:00:00,SACSI Full,0.3543154532943183,0.003744959831237793,0.0,0.14384844314394202,0.0,0.0,-3.4316270280283065,66
2025-11-30 20:00:00,SACSI Full,0.35374370389002685,0.004265308380126953,0.0,0.12479012966756074,0.0,0.0,-3.3744608986557756,66
2025-11-30 21:00:00,SACSI Full,0.3532303954288195,0.004687309265136719,0.0,0.10767984762731829,0.0,0.0,-3.323137509076103,66
2025-11-30 22:00:00,SACSI Full,0.35279414714260376,0.004763752222061157,0.0,0.09313823808679161,0.0,0.0,-3.2795107537343866,66
2025-11-30 23:00:00,SACSI Full,0.352424735313685,0.004000961780548096,0.0,0.08082451045616637,0.0,0.0,-3.242561178508527,66
2025-12-01 00:00:00,SACSI Full,0.35211750628152305,0.003914833068847656,0.0,0.07058354271743497,0.0,0.0,-3.211829786100799,66
2025-12-01 01:00:00,SACSI Full,0.3518663115038766,0.003851950168609619,0.0,0.06221038346255341,0.0,0.0,-3.1867088182200334,66
2025-12-01 02:00:00,SACSI Full,0.35163979587468147,0.0037051737308502197,0.0,0.05465986248938322,0.0,0.0,-3.164055158707141,66
2025-12-01 03:00:00,SACSI Full,0.3514355835682688,0.0035890936851501465,0.0,0.04785278560895989,-1.4210854715202004e-14,0.0,-3.143631299501041,66
2025-12-01 04:00:00,SACSI Full,0.35125252562962817,0.003833472728729248,0.0,0.04175085432093795,0.0,0.0,-3.125331676207826,66
2025-12-01 05:00:00,SACSI Full,0.35108701129045644,0.0035794079303741455,0.0,0.03623370968188198,0.0,0.0,-3.1087752578522343,66
2025-12-01 06:00:00,SACSI Full,0.35094209628564027,0.004928708076477051,0.0,0.03140320952134203,0.0,0.0,-3.0943216957270168,66
2025-12-01 07:00:00,SACSI Full,0.35063477763636625,0.005463659763336182,0.0,0.02115925454554173,0.0,0.0,-3.063592386348759,66
2025-12-01 08:00:00,SACSI Full,0.35000825579056494,0.007818639278411865,0.0,0.00027519301882961145,0.0,0.0,-3.0010055016372124,66
2025-12-01 09:00:00,SACSI Full,0.34896240671206863,0.00924527645111084,0.0,0.0,0.0,0.0,-2.8964398431076117,66
2025-12-01 10:00:00,SACSI Full,0.3475944507166679,0.006113201379776001,0.0,0.0,0.0,0.0,-2.7595986564450974,66
2025-12-01 11:00:00,SACSI Full,0.34602418277789504,0.004919618368148804,0.0,0.0,0.0,0.0,-2.6025286059869828,66
2025-12-01 12:00:00,SACSI Full,0.3443658064568972,0.003987103700637817,0.0,0.0,0.0,0.0,-2.436669712910406,66
2025-12-01 13:00:00,SACSI Full,0.34276380622992275,0.0038999319076538086,0.0,0.0,0.0,0.0,-2.2764594933483573,66
2025-12-01 14:00:00,SACSI Full,0.3413579622766312,0.003246814012527466,0.0,0.0,0.0,0.0,-2.135867695122319,66
2025-12-01 15:00:00,SACSI Full,0.34023963093568244,0.004500597715377808,0.0,0.0,0.0,0.0,-2.024065643359579,66
2025-12-01 16:00:00,SACSI Full,0.33951556667774274,0.0037807226181030273,0.0,0.0,0.0,0.0,-1.9516394809776083,66
2025-12-01 17:00:00,SACSI Full,0.3391833659455116,0.002339780330657959,0.0,0.0,0.0,0.0,-1.9183977995806443,66
2025-12-01 18:00:00,SACSI Full,0.33910696788916345,0.002580583095550537,0.0,0.0,0.0,0.0,-1.9107508086059037,66
2025-12-01 19:00:00,SACSI Full,0.3390610037331716,0.0032107532024383545,0.0,0.0,0.0,0.0,-1.9061708900822778,66
2025-12-01 20:00:00,SACSI Full,0.3390167576810654,0.003726184368133545,0.0,0.0,0.0,0.0,-1.9017554461055564,66
2025-12-01 21:00:00,SACSI Full,0.3390005941260791,0.0036509335041046143,0.0,0.0,0.0,0.0,-1.9001331837866298,66
2025-12-01 22:00:00,SACSI Full,0.3389841797348793,0.0035756826400756836,0.0,0.0,0.0,0.0,-1.8984902396493732,66
2025-12-01 23:00:00,SACSI Full,0.3389953208363986,0.0033423304557800293,0.0,0.0,0.0,0.0,-1.8996012637708184,66
2025-12-02 00:00:00,SACSI Full,0.3390052544471558,0.0029800832271575928,0.0,0.0,0.0,0.0,-1.9005886688524076,66
2025-12-02 01:00:00,SACSI Full,0.3390149928527013,0.0029215216636657715,0.0,0.0,0.0,0.0,-1.901558301319039,66
2025-12-02 02:00:00,SACSI Full,0.3390240915017263,0.0027295947074890137,0.0,0.0,0.0,0.0,-1.9024656613363407,66
2025-12-02 03:00:00,SACSI Full,0.339032525558962,0.002530217170715332,0.0,0.0,0.0,0.0,-1.903305154014983,66
2025-12-02 04:00:00,SACSI Full,0.3390404996670222,0.0023922324180603027,0.0,0.0,0.0,0.0,-1.904099191198108,66
2025-12-02 05:00:00,SACSI Full,0.3390488363700048,0.0025010108947753906,0.0,0.0,0.0,0.0,-1.9049347450031444,66
2025-12-02 06:00:00,SACSI Full,0.33905963573822734,0.0032398104667663574,0.0,0.0,0.0,0.0,-1.9060357580277885,66
2025-12-02 07:00:00,SACSI Full,0.3388763123445646,0.004502981901168823,0.0,0.0,0.0,0.0,-1.887733925808828,66
2025-12-02 08:00:00,SACSI Full,0.33824295274783533,0.005492120981216431,0.0,0.0,0.0,0.0,-1.8244150085939577,66
2025-12-02 09:00:00,SACSI Full,0.3371892472804523,0.006888359785079956,0.0,0.0,0.0,0.0,-1.7190764576289694,66
2025-12-02 10:00:00,SACSI Full,0.335786976625615,0.004318803548812866,0.0,0.0,0.0,0.0,-1.5788097341948402,66
2025-12-02 11:00:00,SACSI Full,0.3341533196096556,0.002902895212173462,0.0,0.0,0.0,0.0,-1.41540417795317,66
2025-12-02 12:00:00,SACSI Full,0.33243418178289497,0.0027586519718170166,0.0,0.0,0.0,0.0,-1.2434747937613357,66
2025-12-02 13:00:00,SACSI Full,0.3307705806180772,0.0024196505546569824,0.0,0.0,0.0,0.0,-1.077109844832982,66
2025-12-02 14:00:00,SACSI Full,0.3293051180780865,0.0023612380027770996,0.0,0.0,0.0,0.0,-0.9305596166942227,66
2025-12-02 15:00:00,SACSI Full,0.3281521452455657,0.0026081502437591553,0.0,0.0,0.0,0.0,-0.8152691566838529,66
2025-12-02 16:00:00,SACSI Full,0.3274227836248216,0.002191513776779175,0.0,0.0,0.0,0.0,-0.7423263591223626,66
2025-12-02 17:00:00,SACSI Full,0.32711652458955215,0.0016222894191741943,0.0,0.0,0.0,0.0,-0.7116905969871737,66
2025-12-02 18:00:00,SACSI Full,0.32703772098908196,0.0018589198589324951,0.0,0.0,0.0,0.0,-0.7038116436097714,66
2025-12-02 19:00:00,SACSI Full,0.3270164766348339,0.0021266937255859375,0.0,0.0,0.0,0.0,-0.7016928750965684,66
2025-12-02 20:00:00,SACSI Full,0.32699559288868674,0.0022348761558532715,0.0,0.0,0.0,0.0,-0.6996050682160928,66
2025-12-02 21:00:00,SACSI Full,0.3270029024049577,0.002192854881286621,0.0,0.0,0.0,0.0,-0.7003345178061426,66
2025-12-02 22:00:00,SACSI Full,0.327011435803268,0.0025600194931030273,0.0,0.0,0.0,0.0,-0.701198452362782,66
2025-12-02 23:00:00,SACSI Full,0.32702022897848854,0.0026379525661468506,0.0,0.0,0.0,0.0,-0.7020764362309063,66
2025-12-03 00:00:00,SACSI Full,0.32702862826634815,0.0025197863578796387,0.0,0.0,0.0,0.0,-0.7029144040240549,66
2025-12-03 01:00:00,SACSI Full,0.3270349279805955,0.0018899142742156982,0.0,0.0,0.0,0.0,-0.7035368950658728,66
2025-12-03 02:00:00,SACSI Full,0.3273751585647401,0.0020691752433776855,0.0,0.0,0.0,0.0,-0.7375590325885673,66
2025-12-03 03:00:00,SACSI Full,0.3273815317913827,0.0019119679927825928,0.0,0.0,0.0,0.0,-0.7381929905706295,66
2025-12-03 04:00:00,SACSI Full,0.32772116334884727,0.0018894672393798828,0.0,0.0,0.0,0.0,-0.7721543492370476,66
2025-12-03 05:00:00,SACSI Full,0.3277274123991466,0.0018747150897979736,0.0,0.0,0.0,0.0,-0.7727788817379512,66
2025-12-03 06:00:00,SACSI Full,0.32804527607489986,0.003859102725982666,0.0,0.0,0.0,0.0,-0.804624633420867,66
2025-12-03 07:00:00,SACSI Full,0.3278313032107489,0.003808140754699707,0.0,0.0,0.0,0.0,-0.7832069935096944,66
2025-12-03 08:00:00,SACSI Full,0.3272010957063175,0.006437748670578003,0.0,0.0,0.0,0.0,-0.7202646216843199,66
2025-12-03 09:00:00,SACSI Full,0.3261529995327132,0.008571147918701172,0.0,0.0,0.0,0.0,-0.6154927102221752,66
2025-12-03 10:00:00,SACSI Full,0.32476335314163934,0.008106082677841187,0.0,0.0,0.0,0.0,-0.47650208646989917,66
2025-12-03 11:00:00,SACSI Full,0.3231399704763231,0.00598520040512085,0.0,0.0,0.0,0.0,-0.314137960463138,66
2025-12-03 12:00:00,SACSI Full,0.3214277299003737,0.004827827215194702,0.0,0.0,0.0,0.0,-0.14288112031357403,66
2025-12-03 13:00:00,SACSI Full,0.31974369053412843,0.004788190126419067,0.0,0.0,0.0,0.0,0.9999038398265838,66
2025-12-03 14:00:00,SACSI Full,0.31828670625815164,0.004904717206954956,0.0,0.0,0.0,0.0,0.9999007403850555,66
2025-12-03 15:00:00,SACSI Full,0.3171434837521053,0.00553324818611145,0.0,0.0,0.0,0.0,0.9998830497264862,66
2025-12-03 16:00:00,SACSI Full,0.31642222786634533,0.004623234272003174,0.0,0.0,0.0,0.0,0.9998984351754188,66
2025-12-03 17:00:00,SACSI Full,0.31611790747214724,0.0022038817405700684,0.0,0.0,0.0,0.0,0.9999317288398742,66
2025-12-03 18:00:00,SACSI Full,0.3160681107374963,0.0020609796047210693,0.0,0.0,0.0,0.0,0.9999573513865471,66
2025-12-03 19:00:00,SACSI Full,0.31608332780330745,0.004565119743347168,0.0,0.0,0.0,0.0,0.9998836562037468,66
2025-12-03 20:00:00,SACSI Full,0.3161008813711938,0.005266070365905762,0.0,0.0,0.0,0.0,0.9998876690864563,66
2025-12-03 21:00:00,SACSI Full,0.31611681220262616,0.004779249429702759,0.0,0.0,0.0,0.0,0.9998995468020438,66
2025-12-03 22:00:00,SACSI Full,0.3161333510014352,0.004961639642715454,0.0,0.0,0.0,0.0,0.9998989433050156,66
2025-12-03 23:00:00,SACSI Full,0.3161489182445344,0.004670172929763794,0.0,0.0,0.0,0.0,0.9999036818742751,66
2025-12-04 00:00:00,SACSI Full,0.31616288659303754,0.004190504550933838,0.0,0.0,0.0,0.0,0.9999113932251931,66
2025-12-04 01:00:00,SACSI Full,0.3161186499783334,0.003729015588760376,0.0,0.0,0.0,0.0,0.999920804798603,66
2025-12-04 02:00:00,SACSI Full,0.3160156153342065,0.003089606761932373,0.0,0.0,0.0,0.0,0.9999318137764931,66
2025-12-04 03:00:00,SACSI Full,0.31590966254601244,0.0022141635417938232,0.0,0.0,0.0,0.0,0.9999469622969628,66
2025-12-04 04:00:00,SACSI Full,0.31580372763921183,0.0022195279598236084,0.0,0.0,0.0,0.0,0.9999555557966232,66
2025-12-04 05:00:00,SACSI Full,0.31569790548453097,0.0022533535957336426,0.0,0.0,0.0,0.0,0.9999545946717262,66
2025-12-04 06:00:00,SACSI Full,0.3155939032583372,0.0027993321418762207,0.0,0.0,0.0,0.0,0.999938553571701,66
2025-12-04 07:00:00,SACSI Full,0.31529586370358226,0.0040881335735321045,0.0,0.0,0.0,0.0,0.9999053493142128,66
2025-12-04 08:00:00,SACSI Full,0.3146633082728521,0.005733370780944824,0.0,0.0,0.0,0.0,0.9998688802123069,66
2025-12-04 09:00:00,SACSI Full,0.3136762284148669,0.009876042604446411,0.0,0.0,0.0,0.0,0.9997610524296761,66
2025-12-04 10:00:00,SACSI Full,0.31239398618508735,0.006327331066131592,0.0,0.0,0.0,0.0,0.9998379662632942,66
2025-12-04 11:00:00,SACSI Full,0.31091016216883416,0.005352795124053955,0.0,0.0,0.0,0.0,0.9998831987380982,66
2025-12-04 12:00:00,SACSI Full,0.3098424010456538,0.004671663045883179,0.0,0.0,0.0,0.0,0.9998997554183006,66
2025-12-04 13:00:00,SACSI Full,0.3087226725853419,0.0060814619064331055,0.0,0.0,0.0,0.0,0.9998642727732658,66
2025-12-04 14:00:00,SACSI Full,0.30810084101805446,0.0044505298137664795,0.0,0.0,0.0,0.0,0.999894680082798,66
2025-12-04 15:00:00,SACSI Full,0.3074310255778765,0.005055367946624756,0.0,0.0,0.0,0.0,0.9998928442597389,66
2025-12-04 16:00:00,SACSI Full,0.30678526424139096,0.0017715990543365479,0.0,0.0,0.0,0.0,0.9999317303299904,66
2025-12-04 17:00:00,SACSI Full,0.306754367027773,0.0012308359146118164,0.0,0.0,0.0,0.0,0.9999699756503105,66
2025-12-04 18:00:00,SACSI Full,0.30689410311350573,0.001420825719833374,0.0,0.0,0.0,0.0,0.9999696835875511,66
2025-12-04 19:00:00,SACSI Full,0.3066736417870656,0.0018616020679473877,0.0,0.0,0.0,0.0,0.9999583601951599,66
2025-12-04 20:00:00,SACSI Full,0.3064539250219797,0.002084970474243164,0.0,0.0,0.0,0.0,0.9999560669064522,66
2025-12-04 21:00:00,SACSI Full,0.3062079496619041,0.0027073919773101807,0.0,0.0,0.0,0.0,0.9999396279454231,66
2025-12-04 22:00:00,SACSI Full,0.30601612018872654,0.0019511580467224121,0.0,0.0,0.0,0.0,0.9999534144997597,66
2025-12-04 23:00:00,SACSI Full,0.3058255682417686,0.002334415912628174,0.0,0.0,0.0,0.0,0.9999494791030883,66
2025-12-05 00:00:00,SACSI Full,0.3056088118407066,0.0029730796813964844,0.0,0.0,0.0,0.0,0.9999341517686844,66
2025-12-05 01:00:00,SACSI Full,0.30536414430587844,0.0030997395515441895,0.0,0.0,0.0,0.0,0.9999367386102677,66
2025-12-05 02:00:00,SACSI Full,0.3051474092631475,0.002979487180709839,0.0,0.0,0.0,0.0,0.9999392077326774,66
2025-12-05 03:00:00,SACSI Full,0.3049293107641673,0.0025704503059387207,0.0,0.0,0.0,0.0,0.9999445006251335,66
2025-12-05 04:00:00,SACSI Full,0.308442183437043,0.004861801862716675,0.0,0.0,0.0,0.0,0.9998798504471779,66
2025-12-05 05:00:00,SACSI Full,0.3106742628150121,0.0036238133907318115,0.0,0.0,0.0,0.0,0.9999151438474656,66
2025-12-05 06:00:00,SACSI Full,0.32723865850497635,0.01181870698928833,0.0,0.0,0.0,0.0,-0.724184173573406,66
2025-12-05 07:00:00,SACSI Full,0.32793792581368836,0.0032801926136016846,0.0,0.0,0.0,0.0,-0.7939435703648641,66
2025-12-05 08:00:00,SACSI Full,0.32735412204950404,0.0033588707447052,0.0,0.0,0.0,0.0,-0.7354801691466082,66
2025-12-05 09:00:00,SACSI Full,0.32646263022869176,0.0045524537563323975,0.0,0.0,0.0,0.0,-0.6463660077744187,66
2025-12-05 10:00:00,SACSI Full,0.32534322600413706,0.004178732633590698,0.0,0.0,0.0,0.0,-0.534409912277605,66
2025-12-05 11:00:00,SACSI Full,0.3244140177016392,0.003737509250640869,0.0,0.0,0.0,0.0,-0.44148093258276067,66
2025-12-05 12:00:00,SACSI Full,0.3232070579279398,0.0034120678901672363,0.0,0.0,0.0,0.0,-0.32077728856538745,66
2025-12-05 13:00:00,SACSI Full,0.32196786171008496,0.0022411346435546875,0.0,0.0,0.0,0.0,-0.19684270303383228,66
2025-12-05 14:00:00,SACSI Full,0.3252970806746617,0.004765689373016357,0.0,0.0,0.0,0.0,-0.5298286268009219,66
2025-12-05 15:00:00,SACSI Full,0.32830048333217055,0.005020797252655029,0.0,0.0,0.0,0.0,-0.8301513002409033,66
2025-12-05 16:00:00,SACSI Full,0.3295531525195574,0.0033007562160491943,0.0,0.0,0.0,0.0,-0.9553984674904277,66
2025-12-05 17:00:00,SACSI Full,0.330251258531107,0.0029318034648895264,0.0,0.0,0.0,0.0,-1.025188178707507,66
2025-12-05 18:00:00,SACSI Full,0.33137124335894336,0.003995448350906372,0.0,0.0,0.0,0.0,-1.1372148813102132,66
2025-12-05 19:00:00,SACSI Full,0.3323751133033569,0.0031609833240509033,0.0,0.0,0.0,0.0,-1.2375828946524383,66
2025-12-05 20:00:00,SACSI Full,0.33201697037745864,0.003057122230529785,0.0,0.0,0.0,0.0,-1.2017592188014095,66
2025-12-05 21:00:00,SACSI Full,0.3316879818388755,0.003303438425064087,0.0,0.0,0.0,0.0,-1.1688667158179948,66
2025-12-05 22:00:00,SACSI Full,0.3313318838489984,0.003670603036880493,0.0,0.0,0.0,0.0,-1.1332654686066972,66
2025-12-05 23:00:00,SACSI Full,0.3310055864601269,0.004110783338546753,0.0,0.0,0.0,0.0,-1.100645263482477,66
2025-12-06 00:00:00,SACSI Full,0.3306526743385131,0.004626363515853882,0.0,0.0,0.0,0.0,-1.0653651169233982,66
2025-12-06 01:00:00,SACSI Full,0.33021760933209804,0.0054804980754852295,0.0,0.0,0.0,0.0,-1.0218790845169092,66
2025-12-06 02:00:00,SACSI Full,0.32978348707248123,0.005763322114944458,0.0,0.0,0.0,0.0,-0.9784668019308157,66
2025-12-06 03:00:00,SACSI Full,0.3293488541997408,0.005610138177871704,0.0,0.0,0.0,0.0,-0.9349991545770078,66
2025-12-06 04:00:00,SACSI Full,0.32894377705225697,0.005976855754852295,0.0,0.0,0.0,0.0,-0.8945009095165631,66
2025-12-06 05:00:00,SACSI Full,0.3285646550127799,0.005263388156890869,0.0,0.0,0.0,0.0,-0.8565779037171094,66
2025-12-06 06:00:00,SACSI Full,0.3281879623592829,0.005992203950881958,0.0,0.0,0.0,0.0,-0.818923368165245,66
2025-12-06 07:00:00,SACSI Full,0.32761596130817483,0.00689968466758728,0.0,0.0,0.0,0.0,-0.7617431993180012,66
2025-12-06 08:00:00,SACSI Full,0.326877070129408,0.007832646369934082,0.0,0.0,0.0,0.0,-0.6878729954852191,66
2025-12-06 09:00:00,SACSI Full,0.32585846510936173,0.00891849398612976,0.0,0.0,0.0,0.0,-0.5860357392920568,66
2025-12-06 10:00:00,SACSI Full,0.3245457552032605,0.005687028169631958,0.0,0.0,0.0,0.0,-0.45472157554760806,66
2025-12-06 11:00:00,SACSI Full,0.32308567098905,0.003974735736846924,0.0,0.0,0.0,0.0,-0.30866371654406416,66
2025-12-06 12:00:00,SACSI Full,0.3216224227616127,0.003025531768798828,0.0,0.0,0.0,0.0,-0.16231227883632388,66
2025-12-06 13:00:00,SACSI Full,0.3202712700777189,0.0026541948318481445,0.0,0.0,0.0,0.0,-0.02718380503789417,66
2025-12-06 14:00:00,SACSI Full,0.3191205254655019,0.003276616334915161,0.0,0.0,0.0,0.0,0.999928243458271,66
2025-12-06 15:00:00,SACSI Full,0.31809522088338293,0.006908625364303589,0.0,0.0,0.0,0.0,0.99982550740242,66
2025-12-06 16:00:00,SACSI Full,0.3173468644870257,0.004993081092834473,0.0,0.0,0.0,0.0,0.9998809829354286,66
2025-12-06 17:00:00,SACSI Full,0.31684687757064256,0.003003925085067749,0.0,0.0,0.0,0.0,0.999920029938221,66
2025-12-06 18:00:00,SACSI Full,0.3164594183314776,0.00276222825050354,0.0,0.0,0.0,0.0,0.9999423384666443,66
2025-12-06 19:00:00,SACSI Full,0.31612785338212407,0.002530515193939209,0.0,0.0,0.0,0.0,0.9999470725655556,66
2025-12-06 20:00:00,SACSI Full,0.3157976648033594,0.0029434263706207275,0.0,0.0,0.0,0.0,0.9999370023608207,66
2025-12-06 21:00:00,SACSI Full,0.3154683891690706,0.0032173097133636475,0.0,0.0,0.0,0.0,0.9999329149723053,66
2025-12-06 22:00:00,SACSI Full,0.31511177510231086,0.003515779972076416,0.0,0.0,0.0,0.0,0.9999266996979714,66
2025-12-06 23:00:00,SACSI Full,0.3148097559441065,0.0028942525386810303,0.0,0.0,0.0,0.0,0.9999358996748924,66
2025-12-07 00:00:00,SACSI Full,0.31453819452811627,0.0035315752029418945,0.0,0.0,0.0,0.0,0.9999229952692985,66
2025-12-07 01:00:00,SACSI Full,0.3142380544063384,0.003457963466644287,0.0,0.0,0.0,0.0,0.9999301046133041,66
2025-12-07 02:00:00,SACSI Full,0.3138815620323951,0.0035522878170013428,0.0,0.0,0.0,0.0,0.9999280110001565,66
2025-12-07 03:00:00,SACSI Full,0.3134977113577659,0.0038447976112365723,0.0,0.0,0.0,0.0,0.999920178949833,66
2025-12-07 04:00:00,SACSI Full,0.3131151575808659,0.004233866930007935,0.0,0.0,0.0,0.0,0.9999114319682121,66
2025-12-07 05:00:00,SACSI Full,0.31276034953484283,0.004057586193084717,0.0,0.0,0.0,0.0,0.9999170854687691,66
2025-12-07 06:00:00,SACSI Full,0.31237418669670175,0.003151148557662964,0.0,0.0,0.0,0.0,0.9999279126524926,66
2025-12-07 07:00:00,SACSI Full,0.3120448087411061,0.0031866133213043213,0.0,0.0,0.0,0.0,0.9999359130859375,66
2025-12-07 08:00:00,SACSI Full,0.311433373984986,0.003569573163986206,0.0,0.0,0.0,0.0,0.9999247789382935,66
2025-12-07 09:00:00,SACSI Full,0.3104665142747695,0.007442086935043335,0.0,0.0,0.0,0.0,0.9998124331235886,66
2025-12-07 10:00:00,SACSI Full,0.309186499271883,0.006995499134063721,0.0,0.0,0.0,0.0,0.9998556241393088,66
2025-12-07 11:00:00,SACSI Full,0.3077572413552736,0.004722625017166138,0.0,0.0,0.0,0.0,0.9998828187584877,66
2025-12-07 12:00:00,SACSI Full,0.3062428652227853,0.00468716025352478,0.0,0.0,0.0,0.0,0.9999059021472931,66
2025-12-07 13:00:00,SACSI Full,0.3047587779526844,0.0052738189697265625,0.0,0.0,0.0,0.0,0.9998886570334434,66
2025-12-07 14:00:00,SACSI Full,0.30353542812634854,0.006995052099227905,0.0,0.0,0.0,0.0,0.9998428866267204,66
2025-12-07 15:00:00,SACSI Full,0.30265293511678126,0.007252097129821777,0.0,0.0,0.0,0.0,0.9998523876070976,66
2025-12-07 16:00:00,SACSI Full,0.3019608644140695,0.004878789186477661,0.0,0.0,0.0,0.0,0.9998786911368369,66
2025-12-07 17:00:00,SACSI Full,0.3014352636262709,0.003819763660430908,0.0,0.0,0.0,0.0,0.9999130144715309,66
2025-12-07 18:00:00,SACSI Full,0.3009655332864259,0.0035808980464935303,0.0,0.0,0.0,0.0,0.9999259933829308,66
2025-12-07 19:00:00,SACSI Full,0.3004967516538436,0.0038655102252960205,0.0,0.0,0.0,0.0,0.999919843673706,66
2025-12-07 20:00:00,SACSI Full,0.3000310252560114,0.00478208065032959,0.0,0.0,0.0,0.0,0.9998951926827431,66
2025-12-07 21:00:00,SACSI Full,0.2995381362594102,0.005133301019668579,0.0,0.0,0.0,0.0,0.9998938217759132,66
2025-12-07 22:00:00,SACSI Full,0.2990727818939025,0.004893690347671509,0.0,0.0,0.0,0.0,0.9998997300863266,66
2025-12-07 23:00:00,SACSI Full,0.2986939255918001,0.005343109369277954,0.0,0.0,0.0,0.0,0.9998886436223984,66
2025-12-08 00:00:00,SACSI Full,0.298316512715512,0.005776137113571167,0.0,0.0,0.0,0.0,0.9998801469802856,66
2025-12-08 01:00:00,SACSI Full,0.2978795746331349,0.004918575286865234,0.0,0.0,0.0,0.0,0.9998930528759956,66
2025-12-08 02:00:00,SACSI Full,0.2974437248322303,0.0052450597286224365,0.0,0.0,0.0,0.0,0.99989183396101,66
2025-12-08 03:00:00,SACSI Full,0.29703652526268715,0.005340129137039185,0.0,0.0,0.0,0.0,0.9998922467231751,66
2025-12-08 04:00:00,SACSI Full,0.2966549981757934,0.004541873931884766,0.0,0.0,0.0,0.0,0.9999011799693107,66
2025-12-08 05:00:00,SACSI Full,0.29632898440568994,0.004195868968963623,0.0,0.0,0.0,0.0,0.9999126225709914,66
2025-12-08 06:00:00,SACSI Full,0.2960043638941581,0.00461384654045105,0.0,0.0,0.0,0.0,0.9999035432934761,66
2025-12-08 07:00:00,SACSI Full,0.29593013704984733,0.005231946706771851,0.0,0.0,0.0,0.0,0.9998891800642014,66
2025-12-08 08:00:00,SACSI Full,0.2953024090986386,0.007181614637374878,0.0,0.0,0.0,0.0,0.9998368710279465,66
2025-12-08 09:00:00,SACSI Full,0.2944332198457852,0.011243224143981934,0.0,0.0,0.0,0.0,0.9997345194220543,66
2025-12-08 10:00:00,SACSI Full,0.2933919250588551,0.010611563920974731,0.0,0.0,0.0,0.0,0.9997814521193504,66
2025-12-08 11:00:00,SACSI Full,0.2922005141501561,0.008076727390289307,0.0,0.0,0.0,0.0,0.9998131170868874,66
2025-12-08 12:00:00,SACSI Full,0.2909207435263132,0.007068812847137451,0.0,0.0,0.0,0.0,0.9998485445976257,66
2025-12-08 13:00:00,SACSI Full,0.2898597153628801,0.013191550970077515,0.0,0.0,0.0,0.0,0.9996749415993691,66
2025-12-08 14:00:00,SACSI Full,0.2888194512395993,0.01092076301574707,0.0,0.0,0.0,0.0,0.9997588768601418,66
2025-12-08 15:00:00,SACSI Full,0.287975213749899,0.010228753089904785,0.0,0.0,0.0,0.0,0.9997885048389435,66
2025-12-08 16:00:00,SACSI Full,0.2873185395309265,0.006997734308242798,0.0,0.0,0.0,0.0,0.9998277351260185,66
2025-12-08 17:00:00,SACSI Full,0.28693398850172114,0.0036346912384033203,0.0,0.0,0.0,0.0,0.9998936757445336,66
2025-12-08 18:00:00,SACSI Full,0.28663206123401075,0.0029218196868896484,0.0,0.0,0.0,0.0,0.9999344348907471,66
2025-12-08 19:00:00,SACSI Full,0.286356410939389,0.0023049116134643555,0.0,0.0,0.0,0.0,0.9999477326869964,66
2025-12-08 20:00:00,SACSI Full,0.2861094958127474,0.002425462007522583,0.0,0.0,0.0,0.0,0.999950285255909,66
2025-12-08 21:00:00,SACSI Full,0.28586431418785807,0.002945512533187866,0.0,0.0,0.0,0.0,0.9999358892440796,66
2025-12-08 22:00:00,SACSI Full,0.2859512355570928,0.0025764107704162598,0.0,0.0,0.0,0.0,0.9999447807669639,66
2025-12-08 23:00:00,SACSI Full,0.28568060496697184,0.0038108229637145996,0.0,0.0,0.0,0.0,0.9999114394187928,66
2025-12-09 00:00:00,SACSI Full,0.2857707847234543,0.003553926944732666,0.0,0.0,0.0,0.0,0.9999263525009155,66
2025-12-09 01:00:00,SACSI Full,0.2858602224021093,0.003331303596496582,0.0,0.0,0.0,0.0,0.9999311476945877,66
2025-12-09 02:00:00,SACSI Full,0.2859517253817057,0.003950893878936768,0.0,0.0,0.0,0.0,0.999914786219597,66
2025-12-09 03:00:00,SACSI Full,0.2856828744869367,0.004344731569290161,0.0,0.0,0.0,0.0,0.9999091669917107,66
2025-12-09 04:00:00,SACSI Full,0.28577355144549765,0.003703087568283081,0.0,0.0,0.0,0.0,0.9999195218086242,66
2025-12-09 05:00:00,SACSI Full,0.2861988253558612,0.004082173109054565,0.0,0.0,0.0,0.0,0.9999145656824112,66
2025-12-09 06:00:00,SACSI Full,0.28629398408700385,0.005047619342803955,0.0,0.0,0.0,0.0,0.9998893931508065,66
2025-12-09 07:00:00,SACSI Full,0.2873358537480172,0.006060898303985596,0.0,0.0,0.0,0.0,0.9998686492443085,66
2025-12-09 08:00:00,SACSI Full,0.29030119223564227,0.008601546287536621,0.0,0.0,0.0,0.0,0.9998025625944138,66
2025-12-09 09:00:00,SACSI Full,0.2897972085623876,0.010304898023605347,0.0,0.0,0.0,0.0,0.9997768685221672,66
2025-12-09 10:00:00,SACSI Full,0.28901370350409905,0.019948482513427734,0.0,0.0,0.0,0.0,0.9995045945048332,66
2025-12-09 11:00:00,SACSI Full,0.2880501672153608,0.02543911337852478,0.0,0.0,0.0,0.0,0.9994363114237785,66
2025-12-09 12:00:00,SACSI Full,0.2876747313393092,0.008369237184524536,0.0,0.0,0.0,0.0,0.9996619164943695,66
2025-12-09 13:00:00,SACSI Full,0.291864496961925,0.009929686784744263,0.0,0.0,0.0,0.0,0.9997858017683029,66
2025-12-09 14:00:00,SACSI Full,0.2912664285473959,0.00757947564125061,0.0,0.0,0.0,0.0,0.99982490837574,66
2025-12-09 15:00:00,SACSI Full,0.2910550679696536,0.006591826677322388,0.0,0.0,0.0,0.0,0.9998582869768143,66
2025-12-09 16:00:00,SACSI Full,0.29059010153104226,0.005010068416595459,0.0,0.0,0.0,0.0,0.9998839810490608,66
2025-12-09 17:00:00,SACSI Full,0.29026183718889315,0.0035206973552703857,0.0,0.0,0.0,0.0,0.9999146923422814,66
2025-12-09 18:00:00,SACSI Full,0.2900196904338336,0.003855973482131958,0.0,0.0,0.0,0.0,0.9999195277690888,66
2025-12-09 19:00:00,SACSI Full,0.2898324117752846,0.0033164024353027344,0.0,0.0,0.0,0.0,0.9999282762408256,66
2025-12-09 20:00:00,SACSI Full,0.28994953160652875,0.0031359493732452393,0.0,0.0,0.0,0.0,0.9999354764819145,66
2025-12-09 21:00:00,SACSI Full,0.28976310926804305,0.003573298454284668,0.0,0.0,0.0,0.0,0.9999241605401039,66
2025-12-09 22:00:00,SACSI Full,0.2896059798976715,0.0038611888885498047,0.0,0.0,0.0,0.0,0.9999198973178863,66
2025-12-09 23:00:00,SACSI Full,0.2894493238875206,0.004003196954727173,0.0,0.0,0.0,0.0,0.9999185159802437,66
2025-12-10 00:00:00,SACSI Full,0.28929110623567655,0.0035347044467926025,0.0,0.0,0.0,0.0,0.9999246209859848,66
2025-12-10 01:00:00,SACSI Full,0.2891630542632873,0.004084408283233643,0.0,0.0,0.0,0.0,0.9999128147959709,66
2025-12-10 02:00:00,SACSI Full,0.2900064792161122,0.0040274858474731445,0.0,0.0,0.0,0.0,0.9999188810586929,66
2025-12-10 03:00:00,SACSI Full,0.2928520976198649,0.004685521125793457,0.0,0.0,0.0,0.0,0.999899709224701,66
2025-12-10 04:00:00,SACSI Full,0.29435955123711977,0.0032360851764678955,0.0,0.0,0.0,0.0,0.9999207839369774,66
2025-12-10 05:00:00,SACSI Full,0.2942290529907679,0.0033505260944366455,0.0,0.0,0.0,0.0,0.9999318450689316,66
2025-12-10 06:00:00,SACSI Full,0.29413317587106774,0.00523686408996582,0.0,0.0,0.0,0.0,0.9998763993382455,66
2025-12-10 07:00:00,SACSI Full,0.2939159361756777,0.0028280913829803467,0.0,0.0,0.0,0.0,0.9999193504452706,66
2025-12-10 08:00:00,SACSI Full,0.29947813531606743,0.004659742116928101,0.0,0.0,0.0,0.0,0.9998884886503219,66
2025-12-10 09:00:00,SACSI Full,0.31165598448007653,0.0063547492027282715,0.0,0.0,0.0,0.0,0.9998559549450874,66
2025-12-10 10:00:00,SACSI Full,0.3147816805391445,0.007708817720413208,0.0,0.0,0.0,0.0,0.9998322829604148,66
2025-12-10 11:00:00,SACSI Full,0.31472485687384355,0.012452900409698486,0.0,0.0,0.0,0.0,0.9997035011649131,66
2025-12-10 12:00:00,SACSI Full,0.3156397072073752,0.005955100059509277,0.0,0.0,0.0,0.0,0.999815919995308,66
2025-12-10 13:00:00,SACSI Full,0.31514201144029047,0.014191269874572754,0.0,0.0,0.0,0.0,0.9996338129043578,66
2025-12-10 14:00:00,SACSI Full,0.31488461579053945,0.011781305074691772,0.0,0.0,0.0,0.0,0.9997402742505074,66
2025-12-10 15:00:00,SACSI Full,0.31400509456921954,0.008143633604049683,0.0,0.0,0.0,0.0,0.9998007506132125,66
2025-12-10 16:00:00,SACSI Full,0.3134815988187923,0.004451274871826172,0.0,0.0,0.0,0.0,0.9998740509152413,66
2025-12-10 17:00:00,SACSI Full,0.31323440007338266,0.002340376377105713,0.0,0.0,0.0,0.0,0.9999320834875106,66
2025-12-10 18:00:00,SACSI Full,0.31315677763828975,0.0022132694721221924,0.0,0.0,0.0,0.0,0.9999544635415077,66
2025-12-10 19:00:00,SACSI Full,0.3134402148958975,0.002031177282333374,0.0,0.0,0.0,0.0,0.9999575555324554,66
2025-12-10 20:00:00,SACSI Full,0.3133885172697837,0.0014907121658325195,0.0,0.0,0.0,0.0,0.9999647811055183,66
2025-12-10 21:00:00,SACSI Full,0.31333947453388916,0.0022871792316436768,0.0,0.0,0.0,0.0,0.9999462917447091,66
2025-12-10 22:00:00,SACSI Full,0.31326011859704406,0.0016932189464569092,0.0,0.0,0.0,0.0,0.999960196018219,66
2025-12-10 23:00:00,SACSI Full,0.31318047059743953,0.001605600118637085,0.0,0.0,0.0,0.0,0.9999670118093491,66
2025-12-11 00:00:00,SACSI Full,0.31310332599291557,0.002356618642807007,0.0,0.0,0.0,0.0,0.9999453574419022,66
2025-12-11 01:00:00,SACSI Full,0.31305440892348046,0.0023248791694641113,0.0,0.0,0.0,0.0,0.9999531850218774,66
2025-12-11 02:00:00,SACSI Full,0.3133395940872963,0.002555549144744873,0.0,0.0,0.0,0.0,0.9999465823173523,66
2025-12-11 03:00:00,SACSI Full,0.31362658179491115,0.0030963122844696045,0.0,0.0,0.0,0.0,0.9999326661229134,66
2025-12-11 04:00:00,SACSI Full,0.31357852750270915,0.002583712339401245,0.0,0.0,0.0,0.0,0.9999431997537613,66
2025-12-11 05:00:00,SACSI Full,0.3135316826880908,0.0029465556144714355,0.0,0.0,0.0,0.0,0.9999374404549599,66
2025-12-11 06:00:00,SACSI Full,0.3134554381137029,0.0026266276836395264,0.0,0.0,0.0,0.0,0.9999442681670189,66
2025-12-11 07:00:00,SACSI Full,0.3132676309606369,0.0031578540802001953,0.0,0.0,0.0,0.0,0.9999315306544304,66
2025-12-11 08:00:00,SACSI Full,0.3127452224982714,0.004777461290359497,0.0,0.0,0.0,0.0,0.9998882547020912,66
2025-12-11 09:00:00,SACSI Full,0.3118697976061638,0.009372532367706299,0.0,0.0,0.0,0.0,0.9997665986418723,66
2025-12-11 10:00:00,SACSI Full,0.3107029237116313,0.00693783164024353,0.0,0.0,0.0,0.0,0.9998368963599206,66
2025-12-11 11:00:00,SACSI Full,0.30938971561004075,0.005537569522857666,0.0,0.0,0.0,0.0,0.999875245988369,66
2025-12-11 12:00:00,SACSI Full,0.3079851228575841,0.0036221742630004883,0.0,0.0,0.0,0.0,0.9999084025621414,66
2025-12-11 13:00:00,SACSI Full,0.3065513747244016,0.0033755600452423096,0.0,0.0,0.0,0.0,0.9999300226569175,66
2025-12-11 14:00:00,SACSI Full,0.30532008853961384,0.004614144563674927,0.0,0.0,0.0,0.0,0.9998953312635421,66
2025-12-11 15:00:00,SACSI Full,0.3043164947180883,0.004921853542327881,0.0,0.0,0.0,0.0,0.9998984858393669,66
2025-12-11 16:00:00,SACSI Full,0.30401722245344875,0.005718320608139038,0.0,0.0,0.0,0.0,0.9998776689171791,66
2025-12-11 17:00:00,SACSI Full,0.3037136625151769,0.002432018518447876,0.0,0.0,0.0,0.0,0.9999184966087341,66
2025-12-11 18:00:00,SACSI Full,0.3042447099030947,0.0018142163753509521,0.0,0.0,0.0,0.0,0.999957537651062,66
2025-12-11 19:00:00,SACSI Full,0.30480376081197813,0.0017152726650238037,0.0,0.0,0.0,0.0,0.9999647051095962,66
2025-12-11 20:00:00,SACSI Full,0.3046954913899238,0.0015191733837127686,0.0,0.0,0.0,0.0,0.9999676555395126,66
2025-12-11 21:00:00,SACSI Full,0.3052278043831324,0.0021938979625701904,0.0,0.0,0.0,0.0,0.99994937479496,66
2025-12-11 22:00:00,SACSI Full,0.3054542039351597,0.001919865608215332,0.0,0.0,0.0,0.0,0.9999588623642922,66
2025-12-11 23:00:00,SACSI Full,0.30604370066532843,0.0023490190505981445,0.0,0.0,0.0,0.0,0.9999487280845643,66
2025-12-12 00:00:00,SACSI Full,0.3062407948316072,0.0016282498836517334,0.0,0.0,0.0,0.0,0.9999602273106575,66
2025-12-12 01:00:00,SACSI Full,0.3061342479837869,0.0020359456539154053,0.0,0.0,0.0,0.0,0.999955204129219,66
2025-12-12 02:00:00,SACSI Full,0.30602876706569737,0.002355724573135376,0.0,0.0,0.0,0.0,0.9999496877193451,66
2025-12-12 03:00:00,SACSI Full,0.3059529392271176,0.002751648426055908,0.0,0.0,0.0,0.0,0.9999410077929496,66
2025-12-12 04:00:00,SACSI Full,0.30584571586657905,0.0018329918384552002,0.0,0.0,0.0,0.0,0.9999541535973548,66
2025-12-12 05:00:00,SACSI Full,0.30576866265584374,0.0023840367794036865,0.0,0.0,0.0,0.0,0.9999468088150025,66
2025-12-12 06:00:00,SACSI Full,0.30597432846674666,0.0041997432708740234,0.0,0.0,0.0,0.0,0.9998978480696679,66
2025-12-12 07:00:00,SACSI Full,0.30609297069995944,0.00359266996383667,0.0,0.0,0.0,0.0,0.9999220758676529,66
2025-12-12 08:00:00,SACSI Full,0.3055405763654842,0.0042816996574401855,0.0,0.0,0.0,0.0,0.9999074757099152,66
2025-12-12 09:00:00,SACSI Full,0.30468298395841664,0.006222277879714966,0.0,0.0,0.0,0.0,0.999856148660183,66
2025-12-12 10:00:00,SACSI Full,0.3035457348311876,0.007325261831283569,0.0,0.0,0.0,0.0,0.9998424649238586,66
2025-12-12 11:00:00,SACSI Full,0.302234901477986,0.0062499940395355225,0.0,0.0,0.0,0.0,0.9998642474412918,66
2025-12-12 12:00:00,SACSI Full,0.30083185198912366,0.004085153341293335,0.0,0.0,0.0,0.0,0.9998966485261918,66
2025-12-12 13:00:00,SACSI Full,0.29946216298867606,0.005593299865722656,0.0,0.0,0.0,0.0,0.9998730525374412,66
2025-12-12 14:00:00,SACSI Full,0.2982312935396964,0.004739165306091309,0.0,0.0,0.0,0.0,0.9998966753482819,66
2025-12-12 15:00:00,SACSI Full,0.2972558636749719,0.00487104058265686,0.0,0.0,0.0,0.0,0.9999012604355813,66
2025-12-12 16:00:00,SACSI Full,0.29658812782733984,0.003679245710372925,0.0,0.0,0.0,0.0,0.9999144971370697,66
2025-12-12 17:00:00,SACSI Full,0.2962258756578897,0.0018243491649627686,0.0,0.0,0.0,0.0,0.9999449640512467,66
2025-12-12 18:00:00,SACSI Full,0.29606301331410156,0.002141296863555908,0.0,0.0,0.0,0.0,0.9999540045857429,66
2025-12-12 19:00:00,SACSI Full,0.29592855632592585,0.0021629035472869873,0.0,0.0,0.0,0.0,0.999956525862217,66
2025-12-12 20:00:00,SACSI Full,0.2957952362963492,0.00250399112701416,0.0,0.0,0.0,0.0,0.9999465093016625,66
2025-12-12 21:00:00,SACSI Full,0.2956325517730846,0.002194643020629883,0.0,0.0,0.0,0.0,0.9999530136585235,66
2025-12-12 22:00:00,SACSI Full,0.29550018641123516,0.002790391445159912,0.0,0.0,0.0,0.0,0.9999382346868515,66
2025-12-12 23:00:00,SACSI Full,0.2953382777417634,0.002427399158477783,0.0,0.0,0.0,0.0,0.9999478220939636,66
2025-12-13 00:00:00,SACSI Full,0.29517628264555673,0.0024014711380004883,0.0,0.0,0.0,0.0,0.9999517112970352,66
2025-12-13 01:00:00,SACSI Full,0.29504428285886186,0.002900063991546631,0.0,0.0,0.0,0.0,0.9999370127916336,66
2025-12-13 02:00:00,SACSI Full,0.29527398848185277,0.002911686897277832,0.0,0.0,0.0,0.0,0.9999416500329972,66
2025-12-13 03:00:00,SACSI Full,0.2951712945776118,0.003191828727722168,0.0,0.0,0.0,0.0,0.9999333620071411,66
2025-12-13 04:00:00,SACSI Full,0.2960397895094686,0.0030484795570373535,0.0,0.0,0.0,0.0,0.9999375969171523,66
2025-12-13 05:00:00,SACSI Full,0.2971865922225449,0.00354081392288208,0.0,0.0,0.0,0.0,0.999924260377884,66
2025-12-13 06:00:00,SACSI Full,0.2976400996284617,0.004052221775054932,0.0,0.0,0.0,0.0,0.9999138414859772,66
2025-12-13 07:00:00,SACSI Full,0.29873305000751554,0.004385113716125488,0.0,0.0,0.0,0.0,0.9999089688062668,66
2025-12-13 08:00:00,SACSI Full,0.2992423266463412,0.005782991647720337,0.0,0.0,0.0,0.0,0.9998703613877297,66
2025-12-13 09:00:00,SACSI Full,0.29881176985074415,0.008832961320877075,0.0,0.0,0.0,0.0,0.999792841076851,66
2025-12-13 10:00:00,SACSI Full,0.29779021539419226,0.008033663034439087,0.0,0.0,0.0,0.0,0.9998313337564468,66
2025-12-13 11:00:00,SACSI Full,0.29675603789855376,0.012746751308441162,0.0,0.0,0.0,0.0,0.9996979340910912,66
2025-12-13 12:00:00,SACSI Full,0.2959403998578522,0.0038085877895355225,0.0,0.0,0.0,0.0,0.9998344466090203,66
2025-12-13 13:00:00,SACSI Full,0.2953186287415955,0.01946866512298584,0.0,0.0,0.0,0.0,0.9994540259242058,66
2025-12-13 14:00:00,SACSI Full,0.29555648155181935,0.00935584306716919,0.0,0.0,0.0,0.0,0.9997117549180984,66
2025-12-13 15:00:00,SACSI Full,0.2952356172391706,0.007740706205368042,0.0,0.0,0.0,0.0,0.9998290345072747,66
2025-12-13 16:00:00,SACSI Full,0.29502394771068624,0.006499141454696655,0.0,0.0,0.0,0.0,0.9998576015233993,66
2025-12-13 17:00:00,SACSI Full,0.2950549574054214,0.002802908420562744,0.0,0.0,0.0,0.0,0.9999069795012474,66
2025-12-13 18:00:00,SACSI Full,0.2965338318201833,0.0031623244285583496,0.0,0.0,0.0,0.0,0.9999331593513489,66
2025-12-13 19:00:00,SACSI Full,0.2987360057923131,0.003152191638946533,0.0,0.0,0.0,0.0,0.999936854839325,66
2025-12-13 20:00:00,SACSI Full,0.29854545732229276,0.002335458993911743,0.0,0.0,0.0,0.0,0.9999451234936714,66
2025-12-13 21:00:00,SACSI Full,0.2983539680922958,0.0020532310009002686,0.0,0.0,0.0,0.0,0.999956113100052,66
2025-12-13 22:00:00,SACSI Full,0.2984973986725939,0.0025291740894317627,0.0,0.0,0.0,0.0,0.999944657087326,66
2025-12-13 23:00:00,SACSI Full,0.29830793550381385,0.0026610493659973145,0.0,0.0,0.0,0.0,0.9999454602599144,66
2025-12-14 00:00:00,SACSI Full,0.2981463631038797,0.002528280019760132,0.0,0.0,0.0,0.0,0.9999481067061424,66
2025-12-14 01:00:00,SACSI Full,0.2979862043274375,0.002952367067337036,0.0,0.0,0.0,0.0,0.9999367117881774,66
2025-12-14 02:00:00,SACSI Full,0.2981613140484623,0.003532916307449341,0.0,0.0,0.0,0.0,0.9999235361814499,66
2025-12-14 03:00:00,SACSI Full,0.2983375368862283,0.003866851329803467,0.0,0.0,0.0,0.0,0.9999193236231804,66
2025-12-14 04:00:00,SACSI Full,0.2985147690293125,0.004169642925262451,0.0,0.0,0.0,0.0,0.9999135792255401,66
2025-12-14 05:00:00,SACSI Full,0.2989706253549389,0.004756897687911987,0.0,0.0,0.0,0.0,0.9998989894986152,66
2025-12-14 06:00:00,SACSI Full,0.2997019602279794,0.004400461912155151,0.0,0.0,0.0,0.0,0.9999084264039992,66
2025-12-14 07:00:00,SACSI Full,0.29937341127365147,0.0034353137016296387,0.0,0.0,0.0,0.0,0.9999216422438622,66
2025-12-14 08:00:00,SACSI Full,0.29880179814943986,0.0070160627365112305,0.0,0.0,0.0,0.0,0.999823871254921,66
2025-12-14 09:00:00,SACSI Full,0.2980431144862306,0.010394901037216187,0.0,0.0,0.0,0.0,0.9997583135962487,66
2025-12-14 10:00:00,SACSI Full,0.29706403456498504,0.012276023626327515,0.0,0.0,0.0,0.0,0.9997356683015823,66
2025-12-14 11:00:00,SACSI Full,0.2959574051059218,0.008011162281036377,0.0,0.0,0.0,0.0,0.9997971281409264,66
2025-12-14 12:00:00,SACSI Full,0.2948098751708797,0.0042410194873809814,0.0,0.0,0.0,0.0,0.9998774781823158,66
2025-12-14 13:00:00,SACSI Full,0.294083949374053,0.00522226095199585,0.0,0.0,0.0,0.0,0.9998857423663139,66
2025-12-14 14:00:00,SACSI Full,0.293050114373856,0.004349499940872192,0.0,0.0,0.0,0.0,0.9999042823910713,66
2025-12-14 15:00:00,SACSI Full,0.2922746102798911,0.005348771810531616,0.0,0.0,0.0,0.0,0.9998830318450928,66
2025-12-14 16:00:00,SACSI Full,0.2930288406686914,0.004769116640090942,0.0,0.0,0.0,0.0,0.9998988211154938,66
2025-12-14 17:00:00,SACSI Full,0.2926411564219924,0.00269472599029541,0.0,0.0,0.0,0.0,0.9999253615736962,66
2025-12-14 18:00:00,SACSI Full,0.29272718272814474,0.002307891845703125,0.0,0.0,0.0,0.0,0.99994997382164,66
2025-12-14 19:00:00,SACSI Full,0.29253656372596143,0.0023142993450164795,0.0,0.0,0.0,0.0,0.9999536499381065,66
2025-12-14 20:00:00,SACSI Full,0.2923471402936113,0.0026729702949523926,0.0,0.0,0.0,0.0,0.9999429538846015,66
2025-12-14 21:00:00,SACSI Full,0.29215738208183967,0.0025725364685058594,0.0,0.0,0.0,0.0,0.9999475449323655,66
2025-12-14 22:00:00,SACSI Full,0.29194057203659735,0.002956986427307129,0.0,0.0,0.0,0.0,0.9999370157718659,66
2025-12-14 23:00:00,SACSI Full,0.2917253559188974,0.0034351646900177,0.0,0.0,0.0,0.0,0.9999265149235725,66
2025-12-15 00:00:00,SACSI Full,0.2918427002609702,0.0032033026218414307,0.0,0.0,0.0,0.0,0.9999336153268814,66
2025-12-15 01:00:00,SACSI Full,0.29165844852496503,0.0042244791984558105,0.0,0.0,0.0,0.0,0.9999052986502648,66
2025-12-15 02:00:00,SACSI Full,0.2921418484223815,0.00451996922492981,0.0,0.0,0.0,0.0,0.9999066457152367,66
2025-12-15 03:00:00,SACSI Full,0.29229311701346755,0.004880577325820923,0.0,0.0,0.0,0.0,0.9998987823724746,66
2025-12-15 04:00:00,SACSI Full,0.2924139040204815,0.004236102104187012,0.0,0.0,0.0,0.0,0.9999088332056999,66
2025-12-15 05:00:00,SACSI Full,0.29253432694245696,0.004126876592636108,0.0,0.0,0.0,0.0,0.9999163702130318,66
2025-12-15 06:00:00,SACSI Full,0.29296704795647976,0.0063163042068481445,0.0,0.0,0.0,0.0,0.9998517796397209,66
2025-12-15 07:00:00,SACSI Full,0.29294588616817513,0.004151463508605957,0.0,0.0,0.0,0.0,0.9998953223228455,66
2025-12-15 08:00:00,SACSI Full,0.29244094087331807,0.010016411542892456,0.0,0.0,0.0,0.0,0.9997410222887994,66
2025-12-15 09:00:00,SACSI Full,0.2916859280940822,0.019996166229248047,0.0,0.0,0.0,0.0,0.9995002791285515,66
2025-12-15 10:00:00,SACSI Full,0.2908415621889563,0.01869022846221924,0.0,0.0,0.0,0.0,0.9996131360530853,66
2025-12-15 11:00:00,SACSI Full,0.2897488111747236,0.01217469573020935,0.0,0.0,0.0,0.0,0.9996913507580757,66
2025-12-15 12:00:00,SACSI Full,0.2885602856275371,0.008942335844039917,0.0,0.0,0.0,0.0,0.9997888296842574,66
2025-12-15 13:00:00,SACSI Full,0.2873944384230109,0.007245838642120361,0.0,0.0,0.0,0.0,0.9998381182551384,66
2025-12-15 14:00:00,SACSI Full,0.2862859627100757,0.00745728611946106,0.0,0.0,0.0,0.0,0.9998487398028374,66
2025-12-15 15:00:00,SACSI Full,0.2854787414603364,0.012833625078201294,0.0,0.0,0.0,0.0,0.9996895641088486,66
2025-12-15 16:00:00,SACSI Full,0.2848820980935228,0.0080069899559021,0.0,0.0,0.0,0.0,0.999791593849659,66
2025-12-15 17:00:00,SACSI Full,0.28450092913120306,0.004649311304092407,0.0,0.0,0.0,0.0,0.9998734369874,66
2025-12-15 18:00:00,SACSI Full,0.2845898512296807,0.0031766295433044434,0.0,0.0,0.0,0.0,0.999921740591526,66
2025-12-15 19:00:00,SACSI Full,0.2844024588256013,0.0032822787761688232,0.0,0.0,0.0,0.0,0.999933297932148,66
2025-12-15 20:00:00,SACSI Full,0.28421691664903675,0.0038373470306396484,0.0,0.0,0.0,0.0,0.9999177023768425,66
2025-12-15 21:00:00,SACSI Full,0.2840598046633533,0.0038664042949676514,0.0,0.0,0.0,0.0,0.9999223813414574,66
2025-12-15 22:00:00,SACSI Full,0.28387262931952195,0.0033473968505859375,0.0,0.0,0.0,0.0,0.9999278619885446,66
2025-12-15 23:00:00,SACSI Full,0.28404667708445897,0.003214329481124878,0.0,0.0,0.0,0.0,0.9999343827366829,66
2025-12-16 00:00:00,SACSI Full,0.2838918295785716,0.004545748233795166,0.0,0.0,0.0,0.0,0.9998957708477973,66
2025-12-16 01:00:00,SACSI Full,0.2837080507060817,0.00436633825302124,0.0,0.0,0.0,0.0,0.9999108791351319,66
2025-12-16 02:00:00,SACSI Full,0.28352536657223415,0.004694759845733643,0.0,0.0,0.0,0.0,0.9999028205871582,66
2025-12-16 03:00:00,SACSI Full,0.283370392903182,0.004507899284362793,0.0,0.0,0.0,0.0,0.9999079734086991,66
2025-12-16 04:00:00,SACSI Full,0.2831871127228867,0.004515945911407471,0.0,0.0,0.0,0.0,0.9999096006155014,66
2025-12-16 05:00:00,SACSI Full,0.2830062957045367,0.005254894495010376,0.0,0.0,0.0,0.0,0.9998875126242638,66
2025-12-16 06:00:00,SACSI Full,0.28278158678501164,0.009087324142456055,0.0,0.0,0.0,0.0,0.9997799292206765,66
2025-12-16 07:00:00,SACSI Full,0.2824984324968786,0.00855371356010437,0.0,0.0,0.0,0.0,0.9998235896229744,66
2025-12-16 08:00:00,SACSI Full,0.28238721944619527,0.011136084794998169,0.0,0.0,0.0,0.0,0.9997514545917511,66
2025-12-16 09:00:00,SACSI Full,0.2818074506168496,0.030069351196289062,0.0,0.0,0.0,0.0,0.9992092803120614,66
2025-12-16 10:00:00,SACSI Full,0.28100690505315173,0.03183633089065552,0.0,0.0,0.0,0.0,0.9993456035852433,66
2025-12-16 11:00:00,SACSI Full,0.280632578286025,0.025701969861984253,0.0,0.0,0.0,0.0,0.9994246169924735,66
2025-12-16 12:00:00,SACSI Full,0.28032149853834815,0.02767607569694519,0.0,0.0,0.0,0.0,0.9994267374277115,66
2025-12-16 13:00:00,SACSI Full,0.2799901864907076,0.021606385707855225,0.0,0.0,0.0,0.0,0.999507175385952,66
2025-12-16 14:00:00,SACSI Full,0.27941561644523644,0.023128986358642578,0.0,0.0,0.0,0.0,0.9995221942663193,66
2025-12-16 15:00:00,SACSI Full,0.27881760412424117,0.024596303701400757,0.0,0.0,0.0,0.0,0.9994934007525443,66
2025-12-16 16:00:00,SACSI Full,0.2786995221349528,0.009075403213500977,0.0,0.0,0.0,0.0,0.999663282930851,66
2025-12-16 17:00:00,SACSI Full,0.27841177828917213,0.007176846265792847,0.0,0.0,0.0,0.0,0.999837477505207,66
2025-12-16 18:00:00,SACSI Full,0.27817805317371397,0.006382465362548828,0.0,0.0,0.0,0.0,0.9998644068837166,66
2025-12-16 19:00:00,SACSI Full,0.27835549343634947,0.004232078790664673,0.0,0.0,0.0,0.0,0.9998938545584678,66
2025-12-16 20:00:00,SACSI Full,0.27820311107922896,0.005285292863845825,0.0,0.0,0.0,0.0,0.9998837620019914,66
2025-12-16 21:00:00,SACSI Full,0.2780510977742007,0.005396008491516113,0.0,0.0,0.0,0.0,0.999890972673893,66
2025-12-16 22:00:00,SACSI Full,0.27789691287328105,0.004744529724121094,0.0,0.0,0.0,0.0,0.9998985946178436,66
2025-12-16 23:00:00,SACSI Full,0.27777155701765716,0.004893243312835693,0.0,0.0,0.0,0.0,0.9999006479978562,66
2025-12-17 00:00:00,SACSI Full,0.27800631264417663,0.004426687955856323,0.0,0.0,0.0,0.0,0.9999068006873131,66
2025-12-17 01:00:00,SACSI Full,0.27821243294049597,0.0043360888957977295,0.0,0.0,0.0,0.0,0.9999123722314835,66
2025-12-17 02:00:00,SACSI Full,0.2784483945676614,0.004788488149642944,0.0,0.0,0.0,0.0,0.9998997062444687,66
2025-12-17 03:00:00,SACSI Full,0.2786865123928516,0.005435347557067871,0.0,0.0,0.0,0.0,0.9998848244547843,66
2025-12-17 04:00:00,SACSI Full,0.27889548824836097,0.005192756652832031,0.0,0.0,0.0,0.0,0.999893718957901,66
2025-12-17 05:00:00,SACSI Full,0.27877364012608213,0.005945563316345215,0.0,0.0,0.0,0.0,0.9998735606670379,66
2025-12-17 06:00:00,SACSI Full,0.2792611795660782,0.005761831998825073,0.0,0.0,0.0,0.0,0.9998829260468484,66
2025-12-17 07:00:00,SACSI Full,0.2860583681683668,0.007156580686569214,0.0,0.0,0.0,0.0,0.9998429208993912,66
2025-12-17 08:00:00,SACSI Full,0.2857192719067065,0.008771121501922607,0.0,0.0,0.0,0.0,0.999808432161808,66
2025-12-17 09:00:00,SACSI Full,0.28530221147665663,0.010881870985031128,0.0,0.0,0.0,0.0,0.9997612550854683,66
2025-12-17 10:00:00,SACSI Full,0.28469836111197155,0.03134489059448242,0.0,0.0,0.0,0.0,0.9991684719920159,66
2025-12-17 11:00:00,SACSI Full,0.2840585385820198,0.02905324101448059,0.0,0.0,0.0,0.0,0.9993960186839104,66
2025-12-17 12:00:00,SACSI Full,0.2831862483633486,0.027312934398651123,0.0,0.0,0.0,0.0,0.9994363382458687,66
2025-12-17 13:00:00,SACSI Full,0.2825711461318461,0.027969330549240112,0.0,0.0,0.0,0.0,0.9994340494275094,66
2025-12-17 14:00:00,SACSI Full,0.2819082793343989,0.015639960765838623,0.0,0.0,0.0,0.0,0.9995639070868492,66
2025-12-17 15:00:00,SACSI Full,0.2814772079178619,0.025678575038909912,0.0,0.0,0.0,0.0,0.9993860423564911,66
2025-12-17 16:00:00,SACSI Full,0.28127388128409064,0.017502009868621826,0.0,0.0,0.0,0.0,0.9995681941509247,66
2025-12-17 17:00:00,SACSI Full,0.28095483629037216,0.006286501884460449,0.0,0.0,0.0,0.0,0.9997621148824691,66
2025-12-17 18:00:00,SACSI Full,0.2807998800060081,0.00451311469078064,0.0,0.0,0.0,0.0,0.9998920038342476,66
2025-12-17 19:00:00,SACSI Full,0.281004144114348,0.0037792325019836426,0.0,0.0,0.0,0.0,0.9999170765280724,66
2025-12-17 20:00:00,SACSI Full,0.28087565057088204,0.003951936960220337,0.0,0.0,0.0,0.0,0.9999192342162132,66
2025-12-17 21:00:00,SACSI Full,0.2807483640214728,0.004314035177230835,0.0,0.0,0.0,0.0,0.9999100983142852,66
2025-12-17 22:00:00,SACSI Full,0.2806214152317173,0.004415363073348999,0.0,0.0,0.0,0.0,0.9999106794595718,66
2025-12-17 23:00:00,SACSI Full,0.2804930860977298,0.004001259803771973,0.0,0.0,0.0,0.0,0.9999158337712288,66
2025-12-18 00:00:00,SACSI Full,0.280367551924877,0.00483974814414978,0.0,0.0,0.0,0.0,0.9998948201537132,66
2025-12-18 01:00:00,SACSI Full,0.28021686482319497,0.005793869495391846,0.0,0.0,0.0,0.0,0.9998745813965798,66
2025-12-18 02:00:00,SACSI Full,0.280064169044984,0.0051912665367126465,0.0,0.0,0.0,0.0,0.999890148639679,66
2025-12-18 03:00:00,SACSI Full,0.2802739739017612,0.005441457033157349,0.0,0.0,0.0,0.0,0.9998886689543725,66
2025-12-18 04:00:00,SACSI Full,0.28048374448586755,0.005431175231933594,0.0,0.0,0.0,0.0,0.9998912736773491,66
2025-12-18 05:00:00,SACSI Full,0.2803110327057963,0.0076864659786224365,0.0,0.0,0.0,0.0,0.9998237177729606,66
2025-12-18 06:00:00,SACSI Full,0.28009485668787615,0.011647194623947144,0.0,0.0,0.0,0.0,0.9997274488210678,66
2025-12-18 07:00:00,SACSI Full,0.2798675783114558,0.008316487073898315,0.0,0.0,0.0,0.0,0.9998003631830215,66
2025-12-18 08:00:00,SACSI Full,0.2794121394098724,0.016368329524993896,0.0,0.0,0.0,0.0,0.9995921149849891,66
2025-12-18 09:00:00,SACSI Full,0.27882611354876813,0.04519224166870117,0.0,0.0,0.0,0.0,0.9988079160451889,66
2025-12-18 10:00:00,SACSI Full,0.2780456602141187,0.03786399960517883,0.0,0.0,0.0,0.0,0.9991694375872612,66
2025-12-18 11:00:00,SACSI Full,0.27706933624554925,0.0216028094291687,0.0,0.0,0.0,0.0,0.9994053319096565,66
2025-12-18 12:00:00,SACSI Full,0.2759985728880689,0.018770992755889893,0.0,0.0,0.0,0.0,0.9995962619781494,66
2025-12-18 13:00:00,SACSI Full,0.27523875784287105,0.01205548644065857,0.0,0.0,0.0,0.0,0.9996917352080344,66
2025-12-18 14:00:00,SACSI Full,0.27428223778296756,0.01904398202896118,0.0,0.0,0.0,0.0,0.9995492354035378,66
2025-12-18 15:00:00,SACSI Full,0.27351797807106626,0.025722086429595947,0.0,0.0,0.0,0.0,0.9994187772274017,66
2025-12-18 16:00:00,SACSI Full,0.27299127009281765,0.020487606525421143,0.0,0.0,0.0,0.0,0.9995379030704499,66
2025-12-18 17:00:00,SACSI Full,0.2727032098457143,0.007081925868988037,0.0,0.0,0.0,0.0,0.9997243046760559,66
2025-12-18 18:00:00,SACSI Full,0.27252248074421537,0.005281269550323486,0.0,0.0,0.0,0.0,0.9998763680458069,66
2025-12-18 19:00:00,SACSI Full,0.2723972008845135,0.00491604208946228,0.0,0.0,0.0,0.0,0.9998980268836021,66
2025-12-18 20:00:00,SACSI Full,0.2722714804471458,0.0047838687896728516,0.0,0.0,0.0,0.0,0.9999030008912086,66
2025-12-18 21:00:00,SACSI Full,0.27212205597052225,0.006172657012939453,0.0,0.0,0.0,0.0,0.9998626589775086,66
2025-12-18 22:00:00,SACSI Full,0.2719665612575337,0.004351586103439331,0.0,0.0,0.0,0.0,0.9998947575688362,66
2025-12-18 23:00:00,SACSI Full,0.27184301986663784,0.005437582731246948,0.0,0.0,0.0,0.0,0.999880388379097,66
2025-12-19 00:00:00,SACSI Full,0.2717177315629447,0.004913508892059326,0.0,0.0,0.0,0.0,0.9998964890837669,66
2025-12-19 01:00:00,SACSI Full,0.27159848418999955,0.006725788116455078,0.0,0.0,0.0,0.0,0.9998473614454269,66
2025-12-19 02:00:00,SACSI Full,0.27147473070590933,0.005373954772949219,0.0,0.0,0.0,0.0,0.999879002571106,66
2025-12-19 03:00:00,SACSI Full,0.27137768980551996,0.00488772988319397,0.0,0.0,0.0,0.0,0.9998973831534386,66
2025-12-19 04:00:00,SACSI Full,0.27125468783665935,0.005599409341812134,0.0,0.0,0.0,0.0,0.9998808950185776,66
2025-12-19 05:00:00,SACSI Full,0.2711363305597428,0.006992816925048828,0.0,0.0,0.0,0.0,0.9998462095856666,66
2025-12-19 06:00:00,SACSI Full,0.27096917542268073,0.009353458881378174,0.0,0.0,0.0,0.0,0.9997893244028091,66
2025-12-19 07:00:00,SACSI Full,0.27077269900529816,0.009057074785232544,0.0,0.0,0.0,0.0,0.9998158946633339,66
2025-12-19 08:00:00,SACSI Full,0.2706696237100088,0.02207741141319275,0.0,0.0,0.0,0.0,0.9994282484054566,66
2025-12-19 09:00:00,SACSI Full,0.27039022356559067,0.045679956674575806,0.0,0.0,0.0,0.0,0.9988503754138947,66
2025-12-19 10:00:00,SACSI Full,0.27068942915806404,0.036261677742004395,0.0,0.0,0.0,0.0,0.9991805836558342,66
2025-12-19 11:00:00,SACSI Full,0.26979709978947275,0.05530118942260742,0.0,0.0,0.0,0.0,0.9987035810947418,66
2025-12-19 12:00:00,SACSI Full,0.268750891293379,0.034637451171875,0.0,0.0,0.0,0.0,0.9991006135940551,66
2025-12-19 13:00:00,SACSI Full,0.2675952434028112,0.027305632829666138,0.0,0.0,0.0,0.0,0.9993805691599846,66
2025-12-19 14:00:00,SACSI Full,0.2665758304402156,0.03417611122131348,0.0,0.0,0.0,0.0,0.9992477729916572,66
2025-12-19 15:00:00,SACSI Full,0.2658017416227781,0.04827335476875305,0.0,0.0,0.0,0.0,0.9988935604691506,66
2025-12-19 16:00:00,SACSI Full,0.26527333537468545,0.03697812557220459,0.0,0.0,0.0,0.0,0.9991474851965904,66
2025-12-19 17:00:00,SACSI Full,0.2649650187203212,0.009505003690719604,0.0,0.0,0.0,0.0,0.9995351687073708,66
2025-12-19 18:00:00,SACSI Full,0.26515009632477393,0.0065232813358306885,0.0,0.0,0.0,0.0,0.9998397171497345,66
2025-12-19 19:00:00,SACSI Full,0.2653577718056165,0.0048026442527771,0.0,0.0,0.0,0.0,0.9998867407441139,66
2025-12-19 20:00:00,SACSI Full,0.26523698514272,0.006264001131057739,0.0,0.0,0.0,0.0,0.999860106408596,66
2025-12-19 21:00:00,SACSI Full,0.2651417403289598,0.005426555871963501,0.0,0.0,0.0,0.0,0.9998830944299698,66
2025-12-19 22:00:00,SACSI Full,0.2650492835224591,0.00626295804977417,0.0,0.0,0.0,0.0,0.9998663768172265,66
2025-12-19 23:00:00,SACSI Full,0.26495714361398637,0.006358027458190918,0.0,0.0,0.0,0.0,0.999871888756752,66
2025-12-20 00:00:00,SACSI Full,0.2648645884598217,0.0062334537506103516,0.0,0.0,0.0,0.0,0.999874085187912,66
2025-12-20 01:00:00,SACSI Full,0.2647709450241845,0.005906969308853149,0.0,0.0,0.0,0.0,0.9998785957694053,66
2025-12-20 02:00:00,SACSI Full,0.2646770785678348,0.0058400630950927734,0.0,0.0,0.0,0.0,0.9998825296759606,66
2025-12-20 03:00:00,SACSI Full,0.2645829354465923,0.005757063627243042,0.0,0.0,0.0,0.0,0.9998840287327766,66
2025-12-20 04:00:00,SACSI Full,0.2645151070480467,0.005151480436325073,0.0,0.0,0.0,0.0,0.9998909145593643,66
2025-12-20 05:00:00,SACSI Full,0.26445244388867634,0.006701052188873291,0.0,0.0,0.0,0.0,0.9998504832386971,66
2025-12-20 06:00:00,SACSI Full,0.2646417698141854,0.0077977776527404785,0.0,0.0,0.0,0.0,0.9998330771923065,66
2025-12-20 07:00:00,SACSI Full,0.2644554813207111,0.012113451957702637,0.0,0.0,0.0,0.0,0.9997145742177963,66
2025-12-20 08:00:00,SACSI Full,0.26413921184827105,0.041119158267974854,0.0,0.0,0.0,0.0,0.9988875597715378,66
2025-12-20 09:00:00,SACSI Full,0.26374080077856,0.10997667908668518,0.0,0.0,0.0,0.0,0.9971118912100791,66
2025-12-20 10:00:00,SACSI Full,0.26301885208337716,0.08091539144515991,0.0,0.0,0.0,0.0,0.9980910792946815,66
2025-12-20 11:00:00,SACSI Full,0.2621551133415025,0.05537837743759155,0.0,0.0,0.0,0.0,0.9986370623111724,66
2025-12-20 12:00:00,SACSI Full,0.2610956336058102,0.03915607929229736,0.0,0.0,0.0,0.0,0.9990546554327011,66
2025-12-20 13:00:00,SACSI Full,0.25996013854234634,0.03335148096084595,0.0,0.0,0.0,0.0,0.9992749243974686,66
2025-12-20 14:00:00,SACSI Full,0.2597261068857632,0.03579050302505493,0.0,0.0,0.0,0.0,0.9992597997188568,66
2025-12-20 15:00:00,SACSI Full,0.25946256379494287,0.05893707275390625,0.0,0.0,0.0,0.0,0.9985897928476334,66
2025-12-20 16:00:00,SACSI Full,0.2589971959500434,0.03888964653015137,0.0,0.0,0.0,0.0,0.9990217328071594,66
2025-12-20 17:00:00,SACSI Full,0.2587361500180683,0.015186220407485962,0.0,0.0,0.0,0.0,0.9994592413306236,66
2025-12-20 18:00:00,SACSI Full,0.2586225169059556,0.008410066366195679,0.0,0.0,0.0,0.0,0.9997640371322633,66
2025-12-20 19:00:00,SACSI Full,0.25853413258680913,0.007484704256057739,0.0,0.0,0.0,0.0,0.9998410522937775,66
2025-12-20 20:00:00,SACSI Full,0.2584440147659104,0.006964653730392456,0.0,0.0,0.0,0.0,0.9998555064201355,66
2025-12-20 21:00:00,SACSI Full,0.25835761379131883,0.008079707622528076,0.0,0.0,0.0,0.0,0.9998272553086281,66
2025-12-20 22:00:00,SACSI Full,0.25827234778850483,0.008420199155807495,0.0,0.0,0.0,0.0,0.9998281911015511,66
2025-12-20 23:00:00,SACSI Full,0.2581848381675204,0.0077471137046813965,0.0,0.0,0.0,0.0,0.9998383268713951,66
2025-12-21 00:00:00,SACSI Full,0.2580986721345703,0.008150190114974976,0.0,0.0,0.0,0.0,0.9998329654335976,66
2025-12-21 01:00:00,SACSI Full,0.25798808034945725,0.00932246446609497,0.0,0.0,0.0,0.0,0.9998018279671669,66
2025-12-21 02:00:00,SACSI Full,0.2578795806873759,0.009950101375579834,0.0,0.0,0.0,0.0,0.9997947216033936,66
2025-12-21 03:00:00,SACSI Full,0.2577941969653884,0.008384883403778076,0.0,0.0,0.0,0.0,0.9998166501522064,66
2025-12-21 04:00:00,SACSI Full,0.2576880397658467,0.01065284013748169,0.0,0.0,0.0,0.0,0.9997642636299133,66
2025-12-21 05:00:00,SACSI Full,0.2576087516121983,0.01021355390548706,0.0,0.0,0.0,0.0,0.9997913360595704,66
2025-12-21 06:00:00,SACSI Full,0.25752287936338975,0.016738325357437134,0.0,0.0,0.0,0.0,0.9995999857783318,66
2025-12-21 07:00:00,SACSI Full,0.25735199171671463,0.01673370599746704,0.0,0.0,0.0,0.0,0.9996652796864509,66
2025-12-21 08:00:00,SACSI Full,0.25704598192502254,0.052697062492370605,0.0,0.0,0.0,0.0,0.9985864251852036,66
2025-12-21 09:00:00,SACSI Full,0.2566725588779568,0.10897308588027954,0.0,0.0,0.0,0.0,0.9972577780485152,66
2025-12-21 10:00:00,SACSI Full,0.2560699029530008,0.09970322251319885,0.0,0.0,0.0,0.0,0.9979132369160653,66
2025-12-21 11:00:00,SACSI Full,0.2552683608958045,0.08253738284111023,0.0,0.0,0.0,0.0,0.998177593946457,66
2025-12-21 12:00:00,SACSI Full,0.2544896695038596,0.09789258241653442,0.0,0.0,0.0,0.0,0.997888596355915,66
2025-12-21 13:00:00,SACSI Full,0.25352637057194305,0.05951032042503357,0.0,0.0,0.0,0.0,0.9984259709715844,66
2025-12-21 14:00:00,SACSI Full,0.2527567073310335,0.08360102772712708,0.0,0.0,0.0,0.0,0.9980870723724365,66
2025-12-21 15:00:00,SACSI Full,0.2521699909469405,0.09598508477210999,0.0,0.0,0.0,0.0,0.997956457734108,66
2025-12-21 16:00:00,SACSI Full,0.2517548735257903,0.062464773654937744,0.0,0.0,0.0,0.0,0.9984155014157295,66
2025-12-21 17:00:00,SACSI Full,0.2515274381562987,0.025269389152526855,0.0,0.0,0.0,0.0,0.9991226583719254,66
2025-12-21 18:00:00,SACSI Full,0.2514269975388963,0.012367814779281616,0.0,0.0,0.0,0.0,0.9996236279606819,66
2025-12-21 19:00:00,SACSI Full,0.2513529103872099,0.011773854494094849,0.0,0.0,0.0,0.0,0.9997585833072662,66
2025-12-21 20:00:00,SACSI Full,0.2512782932508904,0.011614859104156494,0.0,0.0,0.0,0.0,0.9997661128640174,66
2025-12-21 21:00:00,SACSI Full,0.2511826070973196,0.013794153928756714,0.0,0.0,0.0,0.0,0.9997023239731788,66
2025-12-21 22:00:00,SACSI Full,0.2510853001941163,0.013307929039001465,0.0,0.0,0.0,0.0,0.9997289791703224,66
2025-12-21 23:00:00,SACSI Full,0.2510126877606827,0.012216269969940186,0.0,0.0,0.0,0.0,0.9997447580099106,66
2025-12-22 00:00:00,SACSI Full,0.2509334120246686,0.010217279195785522,0.0,0.0,0.0,0.0,0.9997756645083428,66
2025-12-22 01:00:00,SACSI Full,0.2512035234050868,0.006533414125442505,0.0,0.0,0.0,0.0,0.9998324930667877,66
2025-12-22 02:00:00,SACSI Full,0.25115613691617233,0.011284053325653076,0.0,0.0,0.0,0.0,0.9997268125414848,66
2025-12-22 03:00:00,SACSI Full,0.2510838970117686,0.012328028678894043,0.0,0.0,0.0,0.0,0.9997429996728897,66
2025-12-22 04:00:00,SACSI Full,0.25133726170509235,0.010009407997131348,0.0,0.0,0.0,0.0,0.9997766256332398,66
2025-12-22 05:00:00,SACSI Full,0.252269444234065,0.00515475869178772,0.0,0.0,0.0,0.0,0.9998483583331108,66
2025-12-22 06:00:00,SACSI Full,0.2601489441701688,0.00634998083114624,0.0,0.0,0.0,0.0,0.9998610481619835,66
2025-12-22 07:00:00,SACSI Full,0.2612519225340007,0.007393509149551392,0.0,0.0,0.0,0.0,0.999841694533825,66
2025-12-22 08:00:00,SACSI Full,0.2618341927763738,0.01918107271194458,0.0,0.0,0.0,0.0,0.9994985029101372,66
2025-12-22 09:00:00,SACSI Full,0.2615478757942635,0.09260490536689758,0.0,0.0,0.0,0.0,0.9974136635661125,66
2025-12-22 10:00:00,SACSI Full,0.26109764961053117,0.1199321448802948,0.0,0.0,0.0,0.0,0.9973280847072601,66
2025-12-22 11:00:00,SACSI Full,0.2604655559449313,0.0908719003200531,0.0,0.0,0.0,0.0,0.9978919595479965,66
2025-12-22 12:00:00,SACSI Full,0.2595753569456854,0.05594030022621155,0.0,0.0,0.0,0.0,0.9985318779945374,66
2025-12-22 13:00:00,SACSI Full,0.25888198894311176,0.08098959922790527,0.0,0.0,0.0,0.0,0.998129715025425,66
2025-12-22 14:00:00,SACSI Full,0.2585539261266508,0.0715811550617218,0.0,0.0,0.0,0.0,0.9984742924571037,66
2025-12-22 15:00:00,SACSI Full,0.25823143230248674,0.1072518527507782,0.0,0.0,0.0,0.0,0.9974982559680938,66
2025-12-22 16:00:00,SACSI Full,0.257898632706495,0.04466012120246887,0.0,0.0,0.0,0.0,0.9984808802604676,66
2025-12-22 17:00:00,SACSI Full,0.25770027649054117,0.01699313521385193,0.0,0.0,0.0,0.0,0.9993834674358368,66
2025-12-22 18:00:00,SACSI Full,0.2575692996514756,0.011706948280334473,0.0,0.0,0.0,0.0,0.9997129991650582,66
2025-12-22 19:00:00,SACSI Full,0.2574378971359053,0.011579245328903198,0.0,0.0,0.0,0.0,0.9997671380639076,66
2025-12-22 20:00:00,SACSI Full,0.26231213249175933,0.004770606756210327,0.0,0.0,0.0,0.0,0.9998365014791488,66
2025-12-22 21:00:00,SACSI Full,0.26222512255638025,0.007897019386291504,0.0,0.0,0.0,0.0,0.9998107954859733,66
2025-12-22 22:00:00,SACSI Full,0.26213653160779854,0.007422715425491333,0.0,0.0,0.0,0.0,0.9998468026518822,66
2025-12-22 23:00:00,SACSI Full,0.26205133216350457,0.008440166711807251,0.0,0.0,0.0,0.0,0.9998210221529007,66
2025-12-23 00:00:00,SACSI Full,0.26196586499501445,0.008359849452972412,0.0,0.0,0.0,0.0,0.9998319998383522,66
2025-12-23 01:00:00,SACSI Full,0.26190373182027715,0.0068600475788116455,0.0,0.0,0.0,0.0,0.9998478010296822,66
2025-12-23 02:00:00,SACSI Full,0.2618459691561181,0.0081712007522583,0.0,0.0,0.0,0.0,0.9998234644532203,66
2025-12-23 03:00:00,SACSI Full,0.26178749819009683,0.007958710193634033,0.0,0.0,0.0,0.0,0.999838700890541,66
2025-12-23 04:00:00,SACSI Full,0.2617007291568238,0.007969290018081665,0.0,0.0,0.0,0.0,0.9998405084013938,66
2025-12-23 05:00:00,SACSI Full,0.26162339851905086,0.010800808668136597,0.0,0.0,0.0,0.0,0.9997556686401367,66
2025-12-23 06:00:00,SACSI Full,0.2614658407232084,0.012232661247253418,0.0,0.0,0.0,0.0,0.9997410282492638,66
2025-12-23 07:00:00,SACSI Full,0.26130765658189037,0.012044757604598999,0.0,0.0,0.0,0.0,0.9997572258114814,66
2025-12-23 08:00:00,SACSI Full,0.2676959497496404,0.009987950325012207,0.0,0.0,0.0,0.0,0.9997796729207039,66
2025-12-23 09:00:00,SACSI Full,0.2699651229664602,0.008251965045928955,0.0,0.0,0.0,0.0,0.9998176008462906,66
2025-12-23 10:00:00,SACSI Full,0.27124880865543266,0.021105706691741943,0.0,0.0,0.0,0.0,0.999449348449707,66
2025-12-23 11:00:00,SACSI Full,0.2724461648953873,0.02920687198638916,0.0,0.0,0.0,0.0,0.9993348509073258,66
2025-12-23 12:00:00,SACSI Full,0.27269611779818115,0.027985870838165283,0.0,0.0,0.0,0.0,0.9994280725717545,66
2025-12-23 13:00:00,SACSI Full,0.2729252974888601,0.021753907203674316,0.0,0.0,0.0,0.0,0.9995026022195815,66
2025-12-23 14:00:00,SACSI Full,0.2728504122103172,0.030534416437149048,0.0,0.0,0.0,0.0,0.9993015065789222,66
2025-12-23 15:00:00,SACSI Full,0.2723973859696505,0.05959212779998779,0.0,0.0,0.0,0.0,0.9985175803303719,66
2025-12-23 16:00:00,SACSI Full,0.27202217296728665,0.02343609929084778,0.0,0.0,0.0,0.0,0.9991697177290917,66
2025-12-23 17:00:00,SACSI Full,0.2717567470873314,0.013872236013412476,0.0,0.0,0.0,0.0,0.9996269166469574,66
2025-12-23 18:00:00,SACSI Full,0.2716106152706263,0.007160454988479614,0.0,0.0,0.0,0.0,0.999789673089981,66
2025-12-23 19:00:00,SACSI Full,0.27154707840650455,0.006438940763473511,0.0,0.0,0.0,0.0,0.9998640060424804,66
2025-12-23 20:00:00,SACSI Full,0.2718143118759908,0.005670040845870972,0.0,0.0,0.0,0.0,0.9998789101839065,66
2025-12-23 21:00:00,SACSI Full,0.2720797959491529,0.005145221948623657,0.0,0.0,0.0,0.0,0.999891847372055,66
2025-12-23 22:00:00,SACSI Full,0.27201312338401057,0.005498230457305908,0.0,0.0,0.0,0.0,0.9998865053057671,66
2025-12-23 23:00:00,SACSI Full,0.2719229956290044,0.0069616734981536865,0.0,0.0,0.0,0.0,0.9998461320996285,66
2025-12-24 00:00:00,SACSI Full,0.2718313464654403,0.006505250930786133,0.0,0.0,0.0,0.0,0.9998653307557106,66
2025-12-24 01:00:00,SACSI Full,0.27176812997628425,0.006535053253173828,0.0,0.0,0.0,0.0,0.9998690009117126,66
2025-12-24 02:00:00,SACSI Full,0.2717004406552432,0.005193203687667847,0.0,0.0,0.0,0.0,0.9998827174305915,66
2025-12-24 03:00:00,SACSI Full,0.2719673254375575,0.005565434694290161,0.0,0.0,0.0,0.0,0.9998849689960481,66
2025-12-24 04:00:00,SACSI Full,0.27190211368291756,0.005936473608016968,0.0,0.0,0.0,0.0,0.9998775601387024,66
2025-12-24 05:00:00,SACSI Full,0.27181410536973855,0.007597506046295166,0.0,0.0,0.0,0.0,0.9998314395546912,66
2025-12-24 06:00:00,SACSI Full,0.27230752381453094,0.007525533437728882,0.0,0.0,0.0,0.0,0.9998487696051598,66
2025-12-24 07:00:00,SACSI Full,0.27212135552375694,0.012149512767791748,0.0,0.0,0.0,0.0,0.9997107699513436,66
2025-12-24 08:00:00,SACSI Full,0.2737328400235293,0.010945349931716919,0.0,0.0,0.0,0.0,0.9997690513730049,66
2025-12-24 09:00:00,SACSI Full,0.2732945500720459,0.04701301455497742,0.0,0.0,0.0,0.0,0.9986990630626679,66
2025-12-24 10:00:00,SACSI Full,0.2726779633511025,0.07002398371696472,0.0,0.0,0.0,0.0,0.9983694106340408,66
2025-12-24 11:00:00,SACSI Full,0.2719896308975337,0.042000263929367065,0.0,0.0,0.0,0.0,0.9988797575235367,66
2025-12-24 12:00:00,SACSI Full,0.2710018625033814,0.06066948175430298,0.0,0.0,0.0,0.0,0.9985999181866645,66
2025-12-24 13:00:00,SACSI Full,0.269781294689667,0.02482965588569641,0.0,0.0,0.0,0.0,0.9991450086236,66
2025-12-24 14:00:00,SACSI Full,0.26914334408967866,0.04011482000350952,0.0,0.0,0.0,0.0,0.9990448519587516,66
2025-12-24 15:00:00,SACSI Full,0.268355669121436,0.05269750952720642,0.0,0.0,0.0,0.0,0.9988202229142189,66
2025-12-24 16:00:00,SACSI Full,0.26784306207785186,0.04171788692474365,0.0,0.0,0.0,0.0,0.9990558460354806,66
2025-12-24 17:00:00,SACSI Full,0.26756226664353583,0.009261369705200195,0.0,0.0,0.0,0.0,0.9994902074337005,66
2025-12-24 18:00:00,SACSI Full,0.2674661893515703,0.005176812410354614,0.0,0.0,0.0,0.0,0.9998556181788444,66
2025-12-24 19:00:00,SACSI Full,0.26742247676103487,0.0038862228393554688,0.0,0.0,0.0,0.0,0.9999093696475029,66
2025-12-24 20:00:00,SACSI Full,0.26737885109393966,0.003912299871444702,0.0,0.0,0.0,0.0,0.9999214932322502,66
2025-12-24 21:00:00,SACSI Full,0.2680004928744751,0.0034925341606140137,0.0,0.0,0.0,0.0,0.9999259516596793,66
2025-12-24 22:00:00,SACSI Full,0.2689259793183126,0.003145933151245117,0.0,0.0,0.0,0.0,0.9999336153268814,66
2025-12-24 23:00:00,SACSI Full,0.2688543675149399,0.004016458988189697,0.0,0.0,0.0,0.0,0.9999109655618668,66
2025-12-25 00:00:00,SACSI Full,0.2691439758401034,0.003882497549057007,0.0,0.0,0.0,0.0,0.9999210104346276,66
2025-12-25 01:00:00,SACSI Full,0.2700970326778211,0.002917051315307617,0.0,0.0,0.0,0.0,0.9999320045113563,66
2025-12-25 02:00:00,SACSI Full,0.281360154916934,0.004436671733856201,0.0,0.0,0.0,0.0,0.9998960703611375,66
2025-12-25 03:00:00,SACSI Full,0.2838955474834559,0.003117769956588745,0.0,0.0,0.0,0.0,0.9999244555830955,66
2025-12-25 04:00:00,SACSI Full,0.28381917823601943,0.0025892257690429688,0.0,0.0,0.0,0.0,0.9999429300427436,66
2025-12-25 05:00:00,SACSI Full,0.2837445539145587,0.003112703561782837,0.0,0.0,0.0,0.0,0.999932511150837,66
2025-12-25 06:00:00,SACSI Full,0.28361631369083307,0.00402793288230896,0.0,0.0,0.0,0.0,0.9999102890491485,66
2025-12-25 07:00:00,SACSI Full,0.2834658823924182,0.005870610475540161,0.0,0.0,0.0,0.0,0.9998641610145569,66
2025-12-25 08:00:00,SACSI Full,0.28304662106086,0.010221600532531738,0.0,0.0,0.0,0.0,0.9997520580887794,66
2025-12-25 09:00:00,SACSI Full,0.28235829150884534,0.023001134395599365,0.0,0.0,0.0,0.0,0.9994121819734573,66
2025-12-25 10:00:00,SACSI Full,0.2823933791149575,0.01652628183364868,0.0,0.0,0.0,0.0,0.9996047258377074,66
2025-12-25 11:00:00,SACSI Full,0.2813883415680049,0.029988735914230347,0.0,0.0,0.0,0.0,0.9992656007409095,66
2025-12-25 12:00:00,SACSI Full,0.2805626054728943,0.017779171466827393,0.0,0.0,0.0,0.0,0.9995223209261894,66
2025-12-25 13:00:00,SACSI Full,0.28041477675248366,0.012651383876800537,0.0,0.0,0.0,0.0,0.9996956944465637,66
2025-12-25 14:00:00,SACSI Full,0.2794542405641991,0.02633914351463318,0.0,0.0,0.0,0.0,0.999336339533329,66
2025-12-25 15:00:00,SACSI Full,0.2795865451356687,0.02019137144088745,0.0,0.0,0.0,0.0,0.9995346948504448,66
2025-12-25 16:00:00,SACSI Full,0.27900887243717093,0.013698190450668335,0.0,0.0,0.0,0.0,0.9996611043810845,66
2025-12-25 17:00:00,SACSI Full,0.2786883055381892,0.005829930305480957,0.0,0.0,0.0,0.0,0.9998047187924386,66
2025-12-25 18:00:00,SACSI Full,0.2792299595726448,0.004996210336685181,0.0,0.0,0.0,0.0,0.9998917385935784,66
2025-12-25 19:00:00,SACSI Full,0.2794600685203987,0.003032684326171875,0.0,0.0,0.0,0.0,0.9999197110533714,66
2025-12-25 20:00:00,SACSI Full,0.279357790358555,0.003316551446914673,0.0,0.0,0.0,0.0,0.9999308302998543,66
2025-12-25 21:00:00,SACSI Full,0.2835639836705642,0.0043579936027526855,0.0,0.0,0.0,0.0,0.9999024257063865,66
2025-12-25 22:00:00,SACSI Full,0.2844601051240083,0.0028364360332489014,0.0,0.0,0.0,0.0,0.99992805570364,66
2025-12-25 23:00:00,SACSI Full,0.28502495258459615,0.003454238176345825,0.0,0.0,0.0,0.0,0.999924737215042,66
2025-12-26 00:00:00,SACSI Full,0.2868675366152243,0.0037752091884613037,0.0,0.0,0.0,0.0,0.9999212861061096,66
2025-12-26 01:00:00,SACSI Full,0.29009714836089967,0.00288352370262146,0.0,0.0,0.0,0.0,0.9999334126710892,66
2025-12-26 02:00:00,SACSI Full,0.2996593136124726,0.0026495754718780518,0.0,0.0,0.0,0.0,0.999944669008255,66
2025-12-26 03:00:00,SACSI Full,0.3162031442098733,0.005649179220199585,0.0,0.0,0.0,0.0,0.9998570203781127,66
2025-12-26 04:00:00,SACSI Full,0.31773580986389677,0.002299696207046509,0.0,0.0,0.0,0.0,0.9999205112457276,66
2025-12-26 05:00:00,SACSI Full,0.31826776671935275,0.0020870566368103027,0.0,0.0,0.0,0.0,0.9999561324715613,66
2025-12-26 06:00:00,SACSI Full,0.31810528236835356,0.002254694700241089,0.0,0.0,0.0,0.0,0.9999532297253608,66
2025-12-26 07:00:00,SACSI Full,0.31782916368056496,0.002164393663406372,0.0,0.0,0.0,0.0,0.9999558091163635,66
2025-12-26 08:00:00,SACSI Full,0.3173560631947633,0.002569854259490967,0.0,0.0,0.0,0.0,0.9999445483088493,66
2025-12-26 09:00:00,SACSI Full,0.3166615417477405,0.004143565893173218,0.0,0.0,0.0,0.0,0.9999013915657997,66
2025-12-26 10:00:00,SACSI Full,0.31571538448620995,0.0051528215408325195,0.0,0.0,0.0,0.0,0.9998868510127068,66
2025-12-26 11:00:00,SACSI Full,0.3151044758539315,0.005727410316467285,0.0,0.0,0.0,0.0,0.9998797059059142,66
2025-12-26 12:00:00,SACSI Full,0.31418855530072404,0.005723834037780762,0.0,0.0,0.0,0.0,0.9998854875564576,66
2025-12-26 13:00:00,SACSI Full,0.3132200922255631,0.006961077451705933,0.0,0.0,0.0,0.0,0.9998484060168267,66
2025-12-26 14:00:00,SACSI Full,0.3128550746262983,0.004994720220565796,0.0,0.0,0.0,0.0,0.9998804420232773,66
2025-12-26 15:00:00,SACSI Full,0.31252141369312164,0.0039017200469970703,0.0,0.0,0.0,0.0,0.9999110355973244,66
2025-12-26 16:00:00,SACSI Full,0.31193602593550246,0.0028836727142333984,0.0,0.0,0.0,0.0,0.9999321460723877,66
2025-12-26 17:00:00,SACSI Full,0.3115196636419411,0.0025913119316101074,0.0,0.0,0.0,0.0,0.9999452501535415,66
2025-12-26 18:00:00,SACSI Full,0.3112148912458535,0.0020682811737060547,0.0,0.0,0.0,0.0,0.9999534040689468,66
2025-12-26 19:00:00,SACSI Full,0.3109399835257645,0.002527683973312378,0.0,0.0,0.0,0.0,0.9999448522925377,66
2025-12-26 20:00:00,SACSI Full,0.3109986957380092,0.002613663673400879,0.0,0.0,0.0,0.0,0.999946866929531,66
2025-12-26 21:00:00,SACSI Full,0.31072238184500894,0.0021058320999145508,0.0,0.0,0.0,0.0,0.9999528050422669,66
2025-12-26 22:00:00,SACSI Full,0.3107810940572536,0.002613663673400879,0.0,0.0,0.0,0.0,0.9999426484107972,66
2025-12-26 23:00:00,SACSI Full,0.3105064163117524,0.0025966763496398926,0.0,0.0,0.0,0.0,0.9999478965997696,66
2025-12-27 00:00:00,SACSI Full,0.31023094582447575,0.002358853816986084,0.0,0.0,0.0,0.0,0.9999504446983337,66
2025-12-27 01:00:00,SACSI Full,0.3099563962289608,0.0026351213455200195,0.0,0.0,0.0,0.0,0.9999445348978043,66
2025-12-27 02:00:00,SACSI Full,0.3096561503089385,0.0034262239933013916,0.0,0.0,0.0,0.0,0.9999235644936562,66
2025-12-27 03:00:00,SACSI Full,0.3093571377083576,0.003796219825744629,0.0,0.0,0.0,0.0,0.9999203756451607,66
2025-12-27 04:00:00,SACSI Full,0.30905966489443343,0.004258155822753906,0.0,0.0,0.0,0.0,0.9999102175235748,66
2025-12-27 05:00:00,SACSI Full,0.308758843789589,0.0032536685466766357,0.0,0.0,0.0,0.0,0.9999248817563057,66
2025-12-27 06:00:00,SACSI Full,0.30845783840705115,0.003198385238647461,0.0,0.0,0.0,0.0,0.9999354794621468,66
2025-12-27 07:00:00,SACSI Full,0.30804872999875904,0.004767477512359619,0.0,0.0,0.0,0.0,0.9998889595270157,66
2025-12-27 08:00:00,SACSI Full,0.30742361471781293,0.007965415716171265,0.0,0.0,0.0,0.0,0.9998087123036384,66
2025-12-27 09:00:00,SACSI Full,0.3066299418692704,0.0083981454372406,0.0,0.0,0.0,0.0,0.9998277097940446,66
2025-12-27 10:00:00,SACSI Full,0.30572077700584294,0.0077505409717559814,0.0,0.0,0.0,0.0,0.99983851313591,66
2025-12-27 11:00:00,SACSI Full,0.30502900382964965,0.004968047142028809,0.0,0.0,0.0,0.0,0.9998728141188622,66
2025-12-27 12:00:00,SACSI Full,0.30423675751893875,0.008826106786727905,0.0,0.0,0.0,0.0,0.9997848972678184,66
2025-12-27 13:00:00,SACSI Full,0.3031246220808144,0.006359368562698364,0.0,0.0,0.0,0.0,0.9998481452465058,66
2025-12-27 14:00:00,SACSI Full,0.3025048874907608,0.003079622983932495,0.0,0.0,0.0,0.0,0.9999056100845337,66
2025-12-27 15:00:00,SACSI Full,0.31789392284918977,0.012210607528686523,0.0,0.0,0.0,0.0,0.9996644780039787,66
2025-12-27 16:00:00,SACSI Full,0.3222379195663249,0.005199015140533447,0.0,0.0,0.0,0.0,-0.22396605285918306,66
2025-12-27 17:00:00,SACSI Full,0.32725237430223975,0.006336420774459839,0.0,0.0,0.0,0.0,-0.7253755326958023,66
2025-12-27 18:00:00,SACSI Full,0.32725592536180365,0.0030653178691864014,0.0,0.0,0.0,0.0,-0.7256865535668005,66
2025-12-27 19:00:00,SACSI Full,0.3270095094240621,0.002575218677520752,0.0,0.0,0.0,0.0,-0.7010073477716758,66
2025-12-27 20:00:00,SACSI Full,0.3267079298501129,0.003026127815246582,0.0,0.0,0.0,0.0,-0.6708580166589693,66
2025-12-27 21:00:00,SACSI Full,0.3263800847272987,0.00364646315574646,0.0,0.0,0.0,0.0,-0.6380876053463873,66
2025-12-27 22:00:00,SACSI Full,0.3261061599871432,0.002822577953338623,0.0,0.0,0.0,0.0,-0.6106806891254108,66
2025-12-27 23:00:00,SACSI Full,0.325834702382576,0.003562718629837036,0.0,0.0,0.0,0.0,-0.5835488940369613,66
2025-12-28 00:00:00,SACSI Full,0.32553523976692705,0.003661215305328369,0.0,0.0,0.0,0.0,-0.5535981859655662,66
2025-12-28 01:00:00,SACSI Full,0.32526623390008164,0.0042982399463653564,0.0,0.0,0.0,0.0,-0.5267157250535006,66
2025-12-28 02:00:00,SACSI Full,0.32499614024846907,0.003971904516220093,0.0,0.0,0.0,0.0,-0.49969672629153195,66
2025-12-28 03:00:00,SACSI Full,0.32469741623370996,0.003882795572280884,0.0,0.0,0.0,0.0,-0.46982017037188,66
2025-12-28 04:00:00,SACSI Full,0.32442924383848065,0.00454828143119812,0.0,0.0,0.0,0.0,-0.4430220043352777,66
2025-12-28 05:00:00,SACSI Full,0.3241587582863287,0.0038543343544006348,0.0,0.0,0.0,0.0,-0.4159598547907227,66
2025-12-28 06:00:00,SACSI Full,0.32394332361826456,0.0033695995807647705,0.0,0.0,0.0,0.0,-0.3944046011658066,66
2025-12-28 07:00:00,SACSI Full,0.3239498603738264,0.003961026668548584,0.0,0.0,0.0,0.0,-0.39507117218688736,66
2025-12-28 08:00:00,SACSI Full,0.3233942384478366,0.003313422203063965,0.0,0.0,0.0,0.0,-0.33949658927237564,66
2025-12-28 09:00:00,SACSI Full,0.3226135581871783,0.003795921802520752,0.0,0.0,0.0,0.0,-0.2614365621498739,66
2025-12-28 10:00:00,SACSI Full,0.32163475668638103,0.0038595497608184814,0.0,0.0,0.0,0.0,-0.16355349591290158,66
2025-12-28 11:00:00,SACSI Full,0.32062504196454245,0.003085583448410034,0.0,0.0,0.0,0.0,-0.06257364778633617,66
2025-12-28 12:00:00,SACSI Full,0.31944383017270916,0.002636462450027466,0.0,0.0,0.0,0.0,0.9999427795410156,66
2025-12-28 13:00:00,SACSI Full,0.3181175184866702,0.0016064941883087158,0.0,0.0,0.0,0.0,0.9999575704336165,66
2025-12-28 14:00:00,SACSI Full,0.3169067817653135,0.0022789835929870605,0.0,0.0,0.0,0.0,0.9999476954340936,66
2025-12-28 15:00:00,SACSI Full,0.31595072218546427,0.0021821260452270508,0.0,0.0,0.0,0.0,0.9999553889036179,66
2025-12-28 16:00:00,SACSI Full,0.3153046558718796,0.0016801059246063232,0.0,0.0,0.0,0.0,0.9999613776803017,66
2025-12-28 17:00:00,SACSI Full,0.31488380534856675,0.0012448430061340332,0.0,0.0,0.0,0.0,0.9999707505106926,66
2025-12-28 18:00:00,SACSI Full,0.3146321278108076,0.0009967386722564697,0.0,0.0,0.0,0.0,0.9999775841832161,66
2025-12-28 19:00:00,SACSI Full,0.3144381113438721,0.0012950599193572998,0.0,0.0,0.0,0.0,0.9999711155891418,66
2025-12-28 20:00:00,SACSI Full,0.31424452353367366,0.001423656940460205,0.0,0.0,0.0,0.0,0.9999702408909799,66
2025-12-28 21:00:00,SACSI Full,0.31405172945866144,0.0016617774963378906,0.0,0.0,0.0,0.0,0.9999643832445145,66
2025-12-28 22:00:00,SACSI Full,0.3138307058617389,0.0016929209232330322,0.0,0.0,0.0,0.0,0.9999658301472664,66
2025-12-28 23:00:00,SACSI Full,0.31355509778707386,0.002317577600479126,0.0,0.0,0.0,0.0,0.9999474018812179,66
2025-12-29 00:00:00,SACSI Full,0.31330755283801914,0.0022365152835845947,0.0,0.0,0.0,0.0,0.9999544590711594,66
2025-12-29 01:00:00,SACSI Full,0.3130597183097319,0.002149641513824463,0.0,0.0,0.0,0.0,0.9999561384320259,66
2025-12-29 02:00:00,SACSI Full,0.3128400844944434,0.0021098554134368896,0.0,0.0,0.0,0.0,0.9999574050307274,66
2025-12-29 03:00:00,SACSI Full,0.3126214291887399,0.0024034082889556885,0.0,0.0,0.0,0.0,0.9999489963054657,66
2025-12-29 04:00:00,SACSI Full,0.31237569175053803,0.002778768539428711,0.0,0.0,0.0,0.0,0.9999406710267067,66
2025-12-29 05:00:00,SACSI Full,0.3121307485442278,0.003017038106918335,0.0,0.0,0.0,0.0,0.9999372765421868,66
2025-12-29 06:00:00,SACSI Full,0.3118876078817166,0.0035578012466430664,0.0,0.0,0.0,0.0,0.9999234363436699,66
2025-12-29 07:00:00,SACSI Full,0.31155997783232897,0.0037109851837158203,0.0,0.0,0.0,0.0,0.999924248456955,66
2025-12-29 08:00:00,SACSI Full,0.31109232521105973,0.004204213619232178,0.0,0.0,0.0,0.0,0.9999109834432602,66
2025-12-29 09:00:00,SACSI Full,0.3104266496973154,0.004297345876693726,0.0,0.0,0.0,0.0,0.9999131217598916,66
2025-12-29 10:00:00,SACSI Full,0.30950652850676746,0.004463642835617065,0.0,0.0,0.0,0.0,0.9999090641736984,66
2025-12-29 11:00:00,SACSI Full,0.3083839925548352,0.0032392144203186035,0.0,0.0,0.0,0.0,0.9999229714274406,66
2025-12-29 12:00:00,SACSI Full,0.3074326730343617,0.0036041438579559326,0.0,0.0,0.0,0.0,0.9999242678284646,66
2025-12-29 13:00:00,SACSI Full,0.30642848515320986,0.004743635654449463,0.0,0.0,0.0,0.0,0.9998937323689461,66
2025-12-29 14:00:00,SACSI Full,0.3058140711582618,0.0026758015155792236,0.0,0.0,0.0,0.0,0.9999258056282997,66
2025-12-29 15:00:00,SACSI Full,0.3051709349096733,0.0025591254234313965,0.0,0.0,0.0,0.0,0.99994765073061,66
2025-12-29 16:00:00,SACSI Full,0.3046695318862713,0.0025790929794311523,0.0,0.0,0.0,0.0,0.9999482184648514,66
2025-12-29 17:00:00,SACSI Full,0.30427877899377714,0.001774132251739502,0.0,0.0,0.0,0.0,0.9999564677476882,66
2025-12-29 18:00:00,SACSI Full,0.30397378357697696,0.0020013749599456787,0.0,0.0,0.0,0.0,0.999957700073719,66
2025-12-29 19:00:00,SACSI Full,0.3037239607370811,0.0015531480312347412,0.0,0.0,0.0,0.0,0.9999644547700882,66
2025-12-29 20:00:00,SACSI Full,0.3034758619615353,0.0020703673362731934,0.0,0.0,0.0,0.0,0.9999534204602242,66
2025-12-29 21:00:00,SACSI Full,0.30322715968896125,0.0018893182277679443,0.0,0.0,0.0,0.0,0.9999604031443596,66
2025-12-29 22:00:00,SACSI Full,0.3030068861171521,0.0019179284572601318,0.0,0.0,0.0,0.0,0.9999613553285598,66
2025-12-29 23:00:00,SACSI Full,0.30278696719297943,0.002024322748184204,0.0,0.0,0.0,0.0,0.9999584496021271,66
2025-12-30 00:00:00,SACSI Full,0.30256654758979057,0.0018741190433502197,0.0,0.0,0.0,0.0,0.9999610155820847,66
2025-12-30 01:00:00,SACSI Full,0.30237500570902404,0.00203743577003479,0.0,0.0,0.0,0.0,0.9999576181173324,66
2025-12-30 02:00:00,SACSI Full,0.3021837245985784,0.0021156668663024902,0.0,0.0,0.0,0.0,0.9999569043517113,66
2025-12-30 03:00:00,SACSI Full,0.30196579299260357,0.002620518207550049,0.0,0.0,0.0,0.0,0.9999425411224365,66
2025-12-30 04:00:00,SACSI Full,0.3017203868568855,0.002878159284591675,0.0,0.0,0.0,0.0,0.9999398604035378,66
2025-12-30 05:00:00,SACSI Full,0.30147652199794034,0.0033405423164367676,0.0,0.0,0.0,0.0,0.9999285653233528,66
2025-12-30 06:00:00,SACSI Full,0.3012059569729287,0.0038304924964904785,0.0,0.0,0.0,0.0,0.9999184906482697,66
2025-12-30 07:00:00,SACSI Full,0.30090866744328715,0.004313141107559204,0.0,0.0,0.0,0.0,0.9999089106917382,66
2025-12-30 08:00:00,SACSI Full,0.3003366137414096,0.006883889436721802,0.0,0.0,0.0,0.0,0.9998366147279739,66
2025-12-30 09:00:00,SACSI Full,0.2995364136875588,0.00643998384475708,0.0,0.0,0.0,0.0,0.9998667612671852,66
2025-12-30 10:00:00,SACSI Full,0.2985563170104144,0.011970996856689453,0.0,0.0,0.0,0.0,0.9997052699327469,66
2025-12-30 11:00:00,SACSI Full,0.29724373326747794,0.005724877119064331,0.0,0.0,0.0,0.0,0.9998230412602425,66
2025-12-30 12:00:00,SACSI Full,0.29581408096680223,0.004604309797286987,0.0,0.0,0.0,0.0,0.9998967081308365,66
2025-12-30 13:00:00,SACSI Full,0.29443895254581354,0.003961473703384399,0.0,0.0,0.0,0.0,0.9999143421649933,66
2025-12-30 14:00:00,SACSI Full,0.2932141692277708,0.006565004587173462,0.0,0.0,0.0,0.0,0.9998426645994186,66
2025-12-30 15:00:00,SACSI Full,0.29222138073493226,0.0081634521484375,0.0,0.0,0.0,0.0,0.9998207464814186,66
2025-12-30 16:00:00,SACSI Full,0.2914727461835661,0.004909634590148926,0.0,0.0,0.0,0.0,0.9998692691326141,66
2025-12-30 17:00:00,SACSI Full,0.2909705479348618,0.0023405253887176514,0.0,0.0,0.0,0.0,0.9999274984002113,66
2025-12-30 18:00:00,SACSI Full,0.2906667619956452,0.002364218235015869,0.0,0.0,0.0,0.0,0.9999524787068367,66
2025-12-30 19:00:00,SACSI Full,0.2904187595809418,0.002099275588989258,0.0,0.0,0.0,0.0,0.99995536506176,66
2025-12-30 20:00:00,SACSI Full,0.29014275563209435,0.00219881534576416,0.0,0.0,0.0,0.0,0.999955028295517,66
2025-12-30 21:00:00,SACSI Full,0.28986823534219647,0.0026439130306243896,0.0,0.0,0.0,0.0,0.9999426707625388,66
2025-12-30 22:00:00,SACSI Full,0.2895938178703108,0.0026747584342956543,0.0,0.0,0.0,0.0,0.9999461963772773,66
2025-12-30 23:00:00,SACSI Full,0.28931942473698846,0.0026820600032806396,0.0,0.0,0.0,0.0,0.9999462857842446,66
2025-12-31 00:00:00,SACSI Full,0.289046341415735,0.0030750036239624023,0.0,0.0,0.0,0.0,0.9999345704913138,66
2025-12-31 01:00:00,SACSI Full,0.2888006154017567,0.002782195806503296,0.0,0.0,0.0,0.0,0.9999414280056953,66
2025-12-31 02:00:00,SACSI Full,0.2885544498035232,0.002650320529937744,0.0,0.0,0.0,0.0,0.9999456748366355,66
2025-12-31 03:00:00,SACSI Full,0.2883688698773503,0.0038260221481323242,0.0,0.0,0.0,0.0,0.9999117225408554,66
2025-12-31 04:00:00,SACSI Full,0.28815409781425394,0.0035683810710906982,0.0,0.0,0.0,0.0,0.9999260559678078,66
2025-12-31 05:00:00,SACSI Full,0.2879702409590204,0.004342943429946899,0.0,0.0,0.0,0.0,0.9999053955078125,66
2025-12-31 06:00:00,SACSI Full,0.2877868813058654,0.0044921040534973145,0.0,0.0,0.0,0.0,0.9999086663126945,66
2025-12-31 07:00:00,SACSI Full,0.28752020846415755,0.004998147487640381,0.0,0.0,0.0,0.0,0.9998949766159058,66
2025-12-31 08:00:00,SACSI Full,0.2870094104898889,0.008260607719421387,0.0,0.0,0.0,0.0,0.9998021632432937,66
2025-12-31 09:00:00,SACSI Full,0.2862008143596768,0.01242116093635559,0.0,0.0,0.0,0.0,0.9997099712491035,66
2025-12-31 10:00:00,SACSI Full,0.285190689590466,0.011462569236755371,0.0,0.0,0.0,0.0,0.999761162698269,66
2025-12-31 11:00:00,SACSI Full,0.28400840862323046,0.010815709829330444,0.0,0.0,0.0,0.0,0.9997772172093391,66
2025-12-31 12:00:00,SACSI Full,0.28273311331479944,0.008411407470703125,0.0,0.0,0.0,0.0,0.9998077288269996,66
2025-12-31 13:00:00,SACSI Full,0.2813768433067123,0.009618997573852539,0.0,0.0,0.0,0.0,0.9997955441474915,66
2025-12-31 14:00:00,SACSI Full,0.28007963458189566,0.010337382555007935,0.0,0.0,0.0,0.0,0.9997860684990882,66
2025-12-31 15:00:00,SACSI Full,0.2790297758321881,0.016542375087738037,0.0,0.0,0.0,0.0,0.999607102572918,66
2025-12-31 16:00:00,SACSI Full,0.27824226610391534,0.010247081518173218,0.0,0.0,0.0,0.0,0.9997321054339409,66
2025-12-31 17:00:00,SACSI Full,0.2777462468700528,0.0041942298412323,0.0,0.0,0.0,0.0,0.999855586886406,66
2025-12-31 18:00:00,SACSI Full,0.27741442611743206,0.0024537742137908936,0.0,0.0,0.0,0.0,0.9999335199594498,66
2025-12-31 19:00:00,SACSI Full,0.2771675437733451,0.0024352967739105225,0.0,0.0,0.0,0.0,0.999951109290123,66
2025-12-31 20:00:00,SACSI Full,0.27689298772066034,0.0026331841945648193,0.0,0.0,0.0,0.0,0.9999453574419022,66
2025-12-31 21:00:00,SACSI Full,0.27659075696596697,0.0028307735919952393,0.0,0.0,0.0,0.0,0.9999414086341858,66
2025-12-31 22:00:00,SACSI Full,0.2762887348275303,0.0028933584690093994,0.0,0.0,0.0,0.0,0.9999415069818497,66
2025-12-31 23:00:00,SACSI Full,0.27598554096111844,0.002541840076446533,0.0,0.0,0.0,0.0,0.9999456480145454,66
